channel,daypart,len_bin,len_min,straddle_qh,n_qh_windows,B_content,inbreak_tvr,billed_qh,dilution,dip_frac,n_content_minutes
כאן 11,overnight,1-2m,1.8,0,1,0.9733333333333332,0.8,0.9333333333333333,0.9589041095890413,0.17808219178082174,30
כאן 11,overnight,1-2m,1.3833333333333333,0,1,0.93,1.0,0.9466666666666667,1.0179211469534049,-0.07526881720430101,30
כאן 11,overnight,2-3m,2.316666666666667,0,1,0.48148148148148145,0.44999999999999996,0.47333333333333344,0.9830769230769234,0.06538461538461537,27
כאן 11,overnight,1-2m,1.3833333333333333,0,1,0.4807692307692308,0.5333333333333333,0.48666666666666664,1.0122666666666666,-0.10933333333333328,26
כאן 11,overnight,1-2m,1.7,0,1,0.2,0.0,0.0,0.0,1.0,30
כאן 11,overnight,2-3m,2.1666666666666665,0,1,0.006666666666666667,0.0,0.0,0.0,1.0,30
כאן 11,overnight,1-2m,1.7,0,1,0.043333333333333335,0.0,0.013333333333333334,0.3076923076923077,1.0,30
כאן 11,afternoon,2-3m,2.0166666666666666,0,1,1.1653846153846155,1.1666666666666667,1.2400000000000004,1.0640264026402644,-0.0011001100110010764,26
כאן 11,afternoon,2-3m,2.4833333333333334,0,1,1.2,1.2,1.1866666666666663,0.9888888888888886,0.0,27
כאן 11,afternoon,2-3m,2.0166666666666666,0,1,1.0266666666666668,0.9,1.0000000000000002,0.9740259740259741,0.12337662337662347,30
כאן 11,afternoon,<1m,0.65,0,1,1.4766666666666666,1.9,1.406666666666667,0.9525959367945827,-0.2866817155756207,30
כאן 11,afternoon,1-2m,1.3333333333333333,0,1,1.1666666666666667,1.0666666666666667,1.1800000000000002,1.0114285714285716,0.08571428571428574,30
כאן 11,afternoon,1-2m,1.85,0,1,1.2966666666666664,1.5333333333333332,1.36,1.0488431876606688,-0.18251928020565567,30
כאן 11,afternoon,1-2m,1.6833333333333331,0,1,1.8896551724137927,1.8333333333333333,1.7133333333333336,0.9066909975669103,0.029805352798053297,29
כאן 11,afternoon,2-3m,2.5,0,1,2.48,2.0,2.3,0.9274193548387096,0.19354838709677413,30
כאן 11,afternoon,1-2m,1.15,0,1,2.0,2.25,2.0733333333333333,1.0366666666666666,-0.125,30
כאן 11,early_evening,2-3m,2.6333333333333333,0,1,1.7466666666666666,1.5,1.566666666666667,0.8969465648854965,0.14122137404580148,30
כאן 11,early_evening,2-3m,2.283333333333333,1,2,1.9766666666666668,1.8666666666666665,1.891111111111111,0.9567172568858908,0.05564924114671177,30
כאן 11,early_evening,2-3m,2.25,0,1,2.2666666666666666,1.85,2.0933333333333333,0.9235294117647059,0.1838235294117646,27
כאן 11,early_evening,2-3m,2.1666666666666665,0,1,2.4153846153846157,2.3666666666666667,2.293333333333334,0.9494692144373674,0.02016985138004257,26
כאן 11,early_evening,1-2m,1.7833333333333334,0,1,2.156666666666667,2.0666666666666664,1.7733333333333328,0.8222565687789795,0.04173106646058766,30
כאן 11,late_evening,<1m,0.4166666666666667,0,1,4.234482758620689,4.9,3.893333333333333,0.9194353963083606,-0.15716612377850203,29
כאן 11,late_evening,<1m,0.8,0,1,4.220689655172413,4.0,4.593333333333334,1.0882897603485842,0.05228758169934633,29
כאן 11,late_evening,2-3m,2.933333333333333,0,1,4.596666666666667,5.6499999999999995,5.0600000000000005,1.1007976794778827,-0.22915155910079754,30
כאן 11,late_evening,2-3m,2.6666666666666665,0,1,4.5,4.875,4.5600000000000005,1.0133333333333334,-0.08333333333333326,30
כאן 11,late_evening,2-3m,2.3333333333333335,0,1,4.533333333333333,4.566666666666667,4.5,0.9926470588235294,-0.007352941176470784,30
כאן 11,late_evening,2-3m,2.533333333333333,0,1,3.9099999999999993,3.175,3.4266666666666667,0.8763853367433933,0.18797953964194358,30
כאן 11,overnight,2-3m,2.466666666666667,1,2,2.23,2.2750000000000004,2.2316666666666665,1.0007473841554557,-0.020179372197309586,30
כאן 11,overnight,1-2m,1.0166666666666666,0,1,1.7100000000000002,1.7,1.7533333333333332,1.0253411306042883,0.005847953216374435,30
כאן 11,overnight,2-3m,2.1166666666666667,0,1,1.3633333333333335,1.3666666666666665,1.1999999999999997,0.8801955990220046,-0.0024449877750607474,30
כאן 11,overnight,1-2m,1.1666666666666667,0,1,0.882758620689655,0.7,0.7199999999999999,0.8156249999999999,0.2070312499999999,29
כאן 11,overnight,<1m,0.9,0,1,0.3533333333333334,0.4,0.40000000000000013,1.1320754716981134,-0.13207547169811318,30
כאן 11,overnight,<1m,0.9666666666666668,0,1,0.40333333333333343,0.4,0.40666666666666684,1.0082644628099175,0.00826446280991755,30
כאן 11,overnight,<1m,0.9666666666666668,0,1,0.41666666666666674,0.4,0.40000000000000013,0.9600000000000002,0.04000000000000015,30
כאן 11,overnight,1-2m,1.0166666666666666,0,1,0.4071428571428572,0.5,0.45999999999999996,1.1298245614035085,-0.2280701754385963,28
כאן 11,overnight,1-2m,1.1666666666666667,0,1,0.26785714285714285,0.1,0.23333333333333334,0.8711111111111112,0.6266666666666667,28
כאן 11,overnight,1-2m,1.0166666666666666,0,1,0.3733333333333333,0.6,0.5399999999999998,1.4464285714285712,-0.6071428571428572,30
כאן 11,morning,1-2m,1.7166666666666666,0,1,0.7214285714285714,0.7999999999999999,0.7066666666666666,0.9795379537953794,-0.10891089108910879,28
כאן 11,morning,1-2m,1.1666666666666667,0,1,0.6925925925925925,0.6,0.7066666666666666,1.0203208556149732,0.1336898395721925,27
כאן 11,morning,1-2m,1.0333333333333334,0,1,1.0166666666666664,0.95,0.9333333333333335,0.9180327868852463,0.06557377049180302,30
כאן 11,morning,2-3m,2.2,0,1,1.5500000000000003,1.525,1.5733333333333335,1.01505376344086,0.016129032258064724,28
כאן 11,morning,<1m,0.8833333333333333,0,1,1.452,1.3,1.4266666666666667,0.982552800734619,0.10468319559228645,25
כאן 11,morning,1-2m,1.5666666666666669,0,1,1.467857142857143,1.3,1.4266666666666667,0.9719383617193836,0.1143552311435524,28
כאן 11,afternoon,2-3m,2.2,1,2,2.1066666666666665,1.8,2.1088888888888886,1.001054852320675,0.14556962025316444,30
כאן 11,afternoon,2-3m,2.3,0,1,2.43,2.533333333333333,2.613333333333334,1.0754458161865572,-0.04252400548696844,30
כאן 11,afternoon,1-2m,1.7166666666666666,0,1,1.8966666666666667,1.5,1.8133333333333332,0.9560632688927942,0.20913884007029881,30
כאן 11,afternoon,2-3m,2.1666666666666665,0,1,1.3633333333333335,1.3,1.3533333333333333,0.9926650366748164,0.04645476772616142,30
כאן 11,afternoon,1-2m,1.8833333333333333,0,1,2.124137931034483,1.6333333333333335,1.886666666666667,0.8882034632034632,0.23106060606060608,29
כאן 11,afternoon,2-3m,2.316666666666667,0,1,1.8827586206896552,1.6666666666666667,1.9733333333333334,1.0481074481074482,0.1147741147741147,29
כאן 11,afternoon,1-2m,1.9,0,1,2.196296296296296,2.1,2.1066666666666665,0.9591905564924115,0.04384485666104543,27
כאן 11,afternoon,1-2m,1.3833333333333333,0,1,2.137037037037037,1.5999999999999999,1.8800000000000001,0.8797227036395149,0.2512998266897747,27
כאן 11,afternoon,2-3m,2.45,0,1,2.3299999999999996,2.1,2.5666666666666673,1.1015736766809732,0.0987124463519311,30
כאן 11,early_evening,2-3m,2.066666666666667,1,2,2.6533333333333338,2.4333333333333336,2.395555555555555,0.9028475711892795,0.08291457286432169,30
כאן 11,early_evening,2-3m,2.433333333333333,0,1,6.296666666666667,5.766666666666666,6.179999999999999,0.98147167813658,0.08417151932239297,30
כאן 11,late_evening,<1m,0.8833333333333333,0,1,7.758620689655173,7.2,7.079999999999999,0.9125333333333332,0.07199999999999995,29
כאן 11,late_evening,<1m,0.7833333333333333,0,1,7.868965517241378,6.5,7.079999999999999,0.8997370727432078,0.17397020157756338,29
כאן 11,late_evening,2-3m,2.9833333333333334,1,2,8.975862068965515,7.625,8.796666666666667,0.9800358560635167,0.1504994237418361,29
כאן 11,late_evening,2-3m,2.8833333333333333,0,1,7.379310344827586,6.75,6.92,0.9377570093457944,0.08528037383177567,29
כאן 11,late_evening,3-4m,3.0166666666666666,0,1,3.446666666666666,3.0,3.2133333333333325,0.932301740812379,0.12959381044487406,30
כאן 11,late_evening,2-3m,2.3333333333333335,0,1,2.763333333333333,2.733333333333333,2.8266666666666667,1.02291917973462,0.010856453558504287,30
כאן 11,late_evening,<1m,0.6,0,1,1.9900000000000004,1.7000000000000002,2.186666666666667,1.0988274706867671,0.14572864321608048,30
כאן 11,overnight,2-3m,2.466666666666667,0,1,1.5233333333333337,1.525,1.326666666666667,0.8708971553610504,-0.001094091903719674,30
כאן 11,overnight,1-2m,1.7333333333333334,0,1,0.575,0.5,0.5266666666666666,0.9159420289855073,0.13043478260869557,28
כאן 11,overnight,1-2m,1.1666666666666667,1,2,0.5444444444444444,0.6,0.5433333333333333,0.9979591836734695,-0.10204081632653073,27
כאן 11,overnight,1-2m,1.4666666666666666,0,1,0.40333333333333327,0.25,0.2733333333333334,0.6776859504132233,0.3801652892561982,30
כאן 11,overnight,2-3m,2.75,0,1,0.20333333333333334,0.2,0.1866666666666667,0.918032786885246,0.016393442622950838,30
כאן 11,overnight,1-2m,1.65,0,1,0.6206896551724137,0.44999999999999996,0.6399999999999999,1.031111111111111,0.2749999999999999,29
כאן 11,overnight,2-3m,2.25,0,1,0.496551724137931,0.3,0.39333333333333337,0.7921296296296297,0.39583333333333337,29
כאן 11,overnight,2-3m,2.933333333333333,0,1,0.2733333333333333,0.27499999999999997,0.3066666666666666,1.121951219512195,-0.0060975609756097615,30
כאן 11,overnight,1-2m,1.3,0,1,0.4066666666666667,0.5,0.36666666666666664,0.901639344262295,-0.2295081967213115,30
כאן 11,overnight,1-2m,1.1833333333333331,0,1,0.40333333333333327,0.5,0.4933333333333334,1.223140495867769,-0.23966942148760362,30
כאן 11,overnight,1-2m,1.0166666666666666,1,2,0.1166666666666667,0.1,0.10666666666666669,0.9142857142857143,0.14285714285714302,30
כאן 11,morning,2-3m,2.066666666666667,0,1,0.3433333333333335,0.43333333333333335,0.4333333333333333,1.2621359223300963,-0.2621359223300965,30
כאן 11,morning,2-3m,2.1166666666666667,0,1,0.2433333333333333,0.1,0.12666666666666668,0.5205479452054795,0.5890410958904109,30
כאן 11,morning,<1m,0.9333333333333332,0,1,0.49333333333333335,0.3,0.4333333333333333,0.8783783783783783,0.3918918918918919,30
כאן 11,morning,<1m,0.4333333333333333,0,1,1.1066666666666667,1.3,1.2800000000000002,1.1566265060240966,-0.17469879518072284,30
כאן 11,morning,<1m,0.9333333333333332,0,1,0.8433333333333334,0.9,0.8800000000000003,1.0434782608695656,-0.06719367588932812,30
כאן 11,morning,1-2m,1.4,0,1,0.5800000000000001,0.6,0.5800000000000002,1.0000000000000002,-0.0344827586206895,30
כאן 11,morning,<1m,1.0,0,1,1.0310344827586206,1.0,1.0866666666666664,1.0539576365663321,0.030100334448160515,29
כאן 11,morning,<1m,0.7833333333333333,0,1,1.0413793103448277,1.05,1.0866666666666664,1.0434878587196466,-0.008278145695364225,29
כאן 11,afternoon,1-2m,1.65,0,1,0.8666666666666666,0.6999999999999998,0.7933333333333334,0.9153846153846156,0.1923076923076924,30
כאן 11,afternoon,2-3m,2.7,1,2,0.8933333333333333,0.875,0.8766666666666668,0.9813432835820898,0.020522388059701524,30
כאן 11,afternoon,2-3m,2.2,0,1,0.5259259259259259,0.575,0.5333333333333333,1.0140845070422535,-0.09330985915492951,27
כאן 11,afternoon,2-3m,2.466666666666667,0,1,0.5555555555555556,0.5666666666666667,0.5466666666666666,0.9839999999999999,-0.020000000000000018,27
כאן 11,afternoon,2-3m,2.566666666666667,0,1,0.6899999999999998,0.4000000000000001,0.6133333333333335,0.8888888888888894,0.4202898550724635,30
כאן 11,afternoon,2-3m,2.0833333333333335,0,1,0.5433333333333333,0.5,0.5199999999999999,0.9570552147239262,0.07975460122699385,30
כאן 11,afternoon,1-2m,1.6,1,2,0.5482758620689654,0.35,0.5233333333333333,0.9545073375262056,0.3616352201257861,29
כאן 11,afternoon,2-3m,2.4166666666666665,0,1,0.9074074074074076,1.0,0.9600000000000001,1.0579591836734692,-0.1020408163265305,27
כאן 11,afternoon,1-2m,1.8,0,1,0.8269230769230769,1.2666666666666666,1.0666666666666667,1.289922480620155,-0.531782945736434,26
כאן 11,afternoon,2-3m,2.35,0,1,0.8333333333333333,0.75,0.72,0.864,0.09999999999999987,30
כאן 11,early_evening,1-2m,1.9166666666666667,0,1,1.3433333333333335,1.3333333333333333,1.406666666666667,1.0471464019851118,0.007444168734491496,30
כאן 11,early_evening,2-3m,2.2333333333333334,0,1,1.2758620689655176,1.0,1.1866666666666665,0.9300900900900897,0.21621621621621645,29
כאן 11,early_evening,1-2m,1.6666666666666667,1,2,1.5444444444444445,1.5,1.7022222222222225,1.1021582733812951,0.02877697841726623,27
כאן 11,early_evening,2-3m,2.3333333333333335,0,1,1.9481481481481482,2.3000000000000003,1.906666666666667,0.9787072243346009,-0.18060836501901156,27
כאן 11,late_evening,<1m,0.55,0,1,4.314814814814815,4.3,4.586666666666667,1.0630042918454936,0.0034334763948498104,27
כאן 11,late_evening,<1m,0.9333333333333332,1,2,4.328,4.3,4.263333333333334,0.9850585335797906,0.0064695009242145,25
כאן 11,late_evening,2-3m,2.8,1,2,4.062962962962963,3.25,3.953333333333333,0.9730173199635368,0.20009115770282593,27
כאן 11,late_evening,3-4m,3.433333333333333,0,1,4.180000000000001,3.6199999999999997,4.18,0.9999999999999998,0.13397129186602896,30
כאן 11,late_evening,3-4m,3.5833333333333335,0,1,3.2481481481481476,2.375,2.973333333333334,0.9153933865450403,0.26881413911060426,27
כאן 11,late_evening,2-3m,2.2666666666666666,0,1,2.4153846153846152,1.6666666666666667,2.106666666666667,0.8721868365180468,0.3099787685774946,26
כאן 11,late_evening,2-3m,2.2333333333333334,0,1,1.803448275862069,1.4000000000000001,2.0333333333333337,1.1274697259400894,0.2237093690248565,29
כאן 11,late_evening,<1m,0.3,0,1,1.177777777777778,1.2,1.0666666666666667,0.9056603773584904,-0.01886792452830166,27
כאן 11,overnight,2-3m,2.6333333333333333,0,1,0.72,0.8000000000000002,0.6933333333333334,0.962962962962963,-0.11111111111111138,30
כאן 11,overnight,2-3m,2.433333333333333,0,1,0.3966666666666668,0.3,0.39999999999999997,1.0084033613445373,0.24369747899159688,30
כאן 11,overnight,2-3m,2.1166666666666667,0,1,0.18518518518518523,0.10000000000000002,0.14,0.7559999999999999,0.4600000000000001,27
כאן 11,overnight,1-2m,1.8333333333333333,0,1,0.1592592592592592,0.26666666666666666,0.20000000000000007,1.255813953488373,-0.6744186046511633,27
כאן 11,overnight,1-2m,1.9666666666666663,0,1,0.12333333333333335,0.20000000000000004,0.15333333333333335,1.2432432432432432,-0.6216216216216217,30
כאן 11,overnight,1-2m,1.1833333333333331,0,1,0.11071428571428574,0.10000000000000002,0.10000000000000003,0.903225806451613,0.09677419354838712,28
כאן 11,overnight,1-2m,1.4666666666666666,0,1,0.33666666666666684,0.1,0.2933333333333333,0.8712871287128707,0.7029702970297032,30
כאן 11,overnight,2-3m,2.3333333333333335,0,1,0.23666666666666672,0.26666666666666666,0.23333333333333342,0.9859154929577466,-0.12676056338028152,30
כאן 11,overnight,1-2m,1.8833333333333333,0,1,0.10000000000000002,0.10000000000000002,0.10000000000000003,1.0000000000000002,0.0,28
כאן 11,overnight,1-2m,1.8,0,1,0.08148148148148149,0.1,0.10000000000000003,1.2272727272727275,-0.2272727272727273,27
כאן 11,morning,2-3m,2.0166666666666666,0,1,0.31,0.2333333333333333,0.22000000000000006,0.7096774193548389,0.24731182795698936,30
כאן 11,morning,1-2m,1.9666666666666663,0,1,0.3733333333333333,0.2333333333333333,0.22666666666666666,0.6071428571428572,0.375,30
כאן 11,morning,1-2m,1.0666666666666669,0,1,0.45999999999999996,0.45,0.38000000000000006,0.8260869565217394,0.021739130434782483,30
כאן 11,morning,1-2m,1.25,0,1,1.15,1.2,1.1666666666666667,1.0144927536231885,-0.04347826086956519,30
כאן 11,morning,1-2m,1.1166666666666667,0,1,1.1166666666666665,1.2000000000000002,1.1466666666666667,1.0268656716417912,-0.07462686567164223,30
כאן 11,morning,<1m,0.9833333333333332,0,1,1.19,1.25,1.2333333333333332,1.0364145658263304,-0.050420168067226934,30
כאן 11,morning,1-2m,1.0666666666666669,0,1,1.153333333333333,1.2,1.153333333333333,1.0,-0.040462427745664886,30
כאן 11,afternoon,1-2m,1.8833333333333333,0,1,1.3533333333333328,1.2666666666666666,1.3066666666666664,0.9655172413793105,0.06403940886699477,30
כאן 11,afternoon,2-3m,2.45,1,2,1.0999999999999999,0.825,1.091666666666667,0.9924242424242429,0.25,30
כאן 11,afternoon,1-2m,1.8666666666666667,0,1,0.6269230769230769,0.7666666666666666,0.62,0.9889570552147239,-0.2229038854805725,26
כאן 11,afternoon,2-3m,2.433333333333333,0,1,0.6148148148148146,0.6,0.6199999999999998,1.008433734939759,0.024096385542168308,27
כאן 11,afternoon,2-3m,2.533333333333333,0,1,0.6466666666666666,0.7,0.74,1.1443298969072166,-0.08247422680412364,30
כאן 11,afternoon,1-2m,1.7666666666666666,0,1,0.6833333333333333,0.7000000000000001,0.7066666666666666,1.0341463414634144,-0.024390243902439046,30
כאן 11,afternoon,1-2m,1.9166666666666667,0,1,0.5499999999999999,0.4666666666666666,0.4666666666666666,0.8484848484848485,0.1515151515151515,30
כאן 11,afternoon,1-2m,2.0,0,1,0.7133333333333332,0.8000000000000002,0.7666666666666667,1.0747663551401874,-0.1214953271028043,30
כאן 11,afternoon,1-2m,1.8,0,1,0.6275862068965516,0.75,0.72,1.1472527472527474,-0.19505494505494525,29
כאן 11,afternoon,2-3m,2.5166666666666666,0,1,0.9766666666666667,1.0333333333333334,1.2066666666666668,1.2354948805460753,-0.058020477815699856,30
כאן 11,early_evening,2-3m,2.216666666666667,1,2,1.0730769230769233,0.9,1.0622222222222222,0.9898845081640778,0.16129032258064524,26
כאן 11,early_evening,2-3m,2.0833333333333335,1,2,1.3888888888888888,1.175,1.2283333333333335,0.8844000000000002,0.15399999999999991,27
כאן 11,early_evening,2-3m,2.4,0,1,1.8233333333333337,1.7333333333333334,1.8800000000000001,1.0310786106032905,0.04936014625228535,30
כאן 11,early_evening,2-3m,2.3333333333333335,1,2,2.0900000000000003,1.8999999999999997,2.097777777777778,1.0037214247740562,0.09090909090909116,30
כאן 11,late_evening,1-2m,1.1166666666666667,1,2,3.7678571428571423,2.9333333333333336,3.4488888888888893,0.915344918378094,0.22148499210110573,28
כאן 11,late_evening,<1m,0.8,0,1,3.8666666666666663,2.8499999999999996,4.04,1.0448275862068968,0.2629310344827587,27
כאן 11,late_evening,4-6m,4.016666666666667,1,2,4.226923076923077,3.2800000000000002,3.990666666666667,0.9441067637245981,0.22402183803457687,26
כאן 11,late_evening,3-4m,3.966666666666667,1,2,3.3999999999999995,3.0,3.3546666666666667,0.9866666666666668,0.11764705882352933,26
כאן 11,late_evening,3-4m,3.433333333333333,0,1,2.83,3.4,3.1,1.0954063604240283,-0.20141342756183733,30
כאן 11,late_evening,2-3m,2.15,0,1,1.8533333333333333,1.5,1.6866666666666665,0.9100719424460432,0.19064748201438841,30
כאן 11,late_evening,2-3m,2.5,0,1,1.1099999999999997,1.125,1.16,1.0450450450450453,-0.01351351351351382,30
כאן 11,overnight,2-3m,2.066666666666667,0,1,0.9413793103448278,1.5,1.0200000000000002,1.0835164835164834,-0.5934065934065931,29
כאן 11,overnight,2-3m,2.466666666666667,0,1,0.6066666666666669,0.6,0.5999999999999999,0.9890109890109884,0.010989010989011394,30
כאן 11,overnight,1-2m,1.8166666666666669,0,1,0.3666666666666668,0.3,0.3533333333333333,0.9636363636363631,0.1818181818181822,30
כאן 11,overnight,1-2m,1.8166666666666669,0,1,0.24074074074074078,0.2,0.2533333333333334,1.0523076923076924,0.1692307692307693,27
כאן 11,overnight,1-2m,1.95,0,1,0.21428571428571433,0.20000000000000004,0.20000000000000007,0.9333333333333335,0.06666666666666665,28
כאן 11,overnight,2-3m,2.1166666666666667,0,1,0.20000000000000007,0.20000000000000004,0.20000000000000007,1.0,1.1102230246251565e-16,30
כאן 11,overnight,2-3m,2.1166666666666667,1,2,0.11538461538461539,0.0,0.07555555555555556,0.6548148148148147,1.0,26
כאן 11,overnight,2-3m,2.1166666666666667,1,2,0.24444444444444444,0.0,0.12166666666666667,0.4977272727272728,1.0,27
כאן 11,overnight,1-2m,1.0666666666666669,0,1,0.39999999999999986,0.35,0.47333333333333333,1.1833333333333338,0.12499999999999978,30
כאן 11,overnight,1-2m,1.8833333333333333,0,1,0.006666666666666667,0.0,0.0,0.0,1.0,30
כאן 11,overnight,2-3m,2.05,0,1,0.11851851851851854,0.0,0.02666666666666667,0.22499999999999998,1.0,27
כאן 11,morning,2-3m,2.0166666666666666,0,1,0.24333333333333343,0.10000000000000002,0.12666666666666668,0.5205479452054793,0.5890410958904111,30
כאן 11,morning,2-3m,2.1166666666666667,0,1,0.20000000000000004,0.10000000000000002,0.07333333333333333,0.3666666666666666,0.5,30
כאן 11,morning,1-2m,1.0666666666666669,0,1,0.6766666666666666,0.9,0.7933333333333334,1.1724137931034484,-0.330049261083744,30
כאן 11,morning,<1m,1.0,0,1,0.9266666666666669,1.1,0.8866666666666664,0.9568345323741002,-0.18705035971223016,30
כאן 11,morning,1-2m,1.0666666666666669,0,1,0.9166666666666666,1.05,0.98,1.069090909090909,-0.1454545454545455,30
כאן 11,morning,<1m,0.7333333333333333,0,1,1.243333333333333,1.2999999999999998,1.2666666666666666,1.0187667560321718,-0.045576407506702665,30
כאן 11,morning,1-2m,1.0833333333333333,0,1,0.7833333333333332,0.9,0.7599999999999999,0.9702127659574469,-0.14893617021276606,30
כאן 11,afternoon,2-3m,2.0166666666666666,0,1,0.4933333333333333,0.4000000000000001,0.4666666666666668,0.9459459459459463,0.18918918918918892,30
כאן 11,afternoon,2-3m,2.7666666666666666,1,2,0.5800000000000001,0.6749999999999999,0.6,1.0344827586206895,-0.16379310344827558,30
כאן 11,afternoon,2-3m,2.5166666666666666,0,1,0.36153846153846153,0.3,0.3066666666666666,0.8482269503546097,0.17021276595744683,26
כאן 11,afternoon,2-3m,2.2666666666666666,1,2,0.2074074074074074,0.225,0.2133333333333333,1.0285714285714285,-0.0848214285714286,27
כאן 11,afternoon,2-3m,2.6333333333333333,0,1,0.12666666666666668,0.175,0.15333333333333335,1.2105263157894737,-0.3815789473684208,30
כאן 11,afternoon,1-2m,1.7166666666666666,0,1,0.18965517241379307,0.20000000000000004,0.22666666666666666,1.1951515151515153,-0.0545454545454549,29
כאן 11,afternoon,2-3m,2.5166666666666666,0,1,0.15517241379310345,0.3,0.22000000000000003,1.417777777777778,-0.9333333333333331,29
כאן 11,afternoon,2-3m,2.3,0,1,0.23666666666666664,0.5,0.2733333333333333,1.1549295774647887,-1.1126760563380285,30
כאן 11,afternoon,2-3m,2.3833333333333333,0,1,0.6758620689655171,0.8250000000000001,0.7933333333333332,1.1738095238095239,-0.22066326530612268,29
כאן 11,afternoon,1-2m,1.7666666666666666,0,1,0.6586206896551723,0.6333333333333333,0.6866666666666666,1.042582897033159,0.038394415357766,29
כאן 11,afternoon,2-3m,2.1333333333333333,0,1,0.38333333333333325,0.3333333333333333,0.3600000000000001,0.9391304347826092,0.13043478260869545,30
כאן 11,early_evening,2-3m,2.45,0,1,0.8666666666666667,0.7333333333333334,0.9333333333333332,1.0769230769230769,0.15384615384615385,27
כאן 11,early_evening,2-3m,2.3666666666666667,0,1,1.1888888888888889,1.2666666666666666,0.9333333333333332,0.7850467289719626,-0.06542056074766345,27
כאן 11,early_evening,2-3m,2.8,0,1,1.8933333333333333,1.7333333333333334,1.8333333333333337,0.9683098591549297,0.08450704225352113,30
כאן 11,early_evening,2-3m,2.6666666666666665,0,1,2.76,2.3000000000000003,2.586666666666667,0.9371980676328504,0.16666666666666652,30
כאן 11,late_evening,3-4m,3.2,0,1,6.959999999999998,4.45,7.006666666666666,1.006704980842912,0.36063218390804574,30
כאן 11,late_evening,2-3m,2.8333333333333335,0,1,5.423333333333333,5.625,6.073333333333333,1.1198524892440074,-0.037185003073140876,30
כאן 11,late_evening,2-3m,2.4,1,2,2.793333333333332,2.7,2.283333333333333,0.817422434367542,0.033412887828161764,30
כאן 11,late_evening,2-3m,2.183333333333333,0,1,1.8384615384615386,1.8,2.0466666666666664,1.113249651324965,0.02092050209205021,26
כאן 11,late_evening,<1m,0.9333333333333332,0,1,2.124,2.5,2.0466666666666664,0.9635907093534211,-0.17702448210922772,25
כאן 11,late_evening,<1m,0.3,1,2,2.2,2.3,2.19,0.9954545454545454,-0.04545454545454519,25
כאן 11,overnight,<1m,0.7666666666666667,0,1,1.4766666666666668,0.7,1.4,0.948081264108352,0.525959367945824,30
כאן 11,overnight,1-2m,1.9833333333333336,0,1,2.0300000000000002,2.4333333333333336,2.0533333333333332,1.011494252873563,-0.19868637110016407,30
כאן 11,overnight,2-3m,2.183333333333333,0,1,1.317857142857143,1.1,1.486666666666667,1.128093947606143,0.16531165311653118,28
כאן 11,overnight,1-2m,1.4333333333333331,0,1,0.7555555555555555,0.5,0.7666666666666665,1.014705882352941,0.3382352941176471,27
כאן 11,overnight,1-2m,1.8166666666666669,0,1,0.7566666666666664,0.7,0.7,0.9251101321585906,0.07488986784140939,30
כאן 11,overnight,2-3m,2.1333333333333333,0,1,0.6333333333333333,0.6999999999999998,0.6866666666666666,1.0842105263157895,-0.10526315789473673,30
כאן 11,morning,2-3m,2.15,1,2,1.3299999999999998,1.5666666666666664,1.2933333333333334,0.9724310776942358,-0.17794486215538852,30
כאן 11,morning,2-3m,2.0166666666666666,0,1,1.6599999999999997,1.4333333333333333,1.5533333333333335,0.9357429718875504,0.13654618473895563,30
כאן 11,morning,1-2m,1.4833333333333334,0,1,1.8166666666666667,1.7,1.7533333333333334,0.9651376146788991,0.06422018348623859,30
כאן 11,morning,<1m,0.9833333333333332,0,1,2.5099999999999993,2.6,2.4,0.9561752988047811,-0.035856573705179695,30
כאן 11,morning,<1m,1.0,0,1,1.35,1.3,1.3333333333333335,0.9876543209876544,0.03703703703703709,30
כאן 11,afternoon,2-3m,2.4,0,1,0.9413793103448277,0.8333333333333334,0.9133333333333332,0.97020757020757,0.11477411477411481,29
כאן 11,afternoon,2-3m,2.3333333333333335,0,1,0.6413793103448275,0.8000000000000002,0.7866666666666667,1.2265232974910396,-0.2473118279569897,29
כאן 11,afternoon,2-3m,2.433333333333333,0,1,0.4366666666666665,0.39999999999999997,0.44000000000000017,1.0076335877862603,0.08396946564885466,30
כאן 11,afternoon,2-3m,2.3666666666666667,0,1,0.32333333333333336,0.20000000000000004,0.20000000000000007,0.618556701030928,0.38144329896907214,30
כאן 11,afternoon,2-3m,2.4,0,1,0.43333333333333335,0.525,0.5199999999999999,1.1999999999999997,-0.21153846153846145,30
כאן 11,afternoon,2-3m,2.283333333333333,0,1,0.6033333333333335,0.6333333333333333,0.5599999999999999,0.9281767955801101,-0.04972375690607711,30
כאן 11,afternoon,2-3m,2.066666666666667,0,1,0.8766666666666666,0.9,0.8599999999999999,0.9809885931558935,-0.026615969581749166,30
כאן 11,afternoon,1-2m,1.4166666666666667,0,1,0.6107142857142857,0.5,0.68,1.113450292397661,0.18128654970760227,28
כאן 11,afternoon,2-3m,2.15,0,1,0.8137931034482759,0.55,0.7933333333333336,0.9748587570621471,0.3241525423728814,29
כאן 11,early_evening,1-2m,1.9,0,1,1.0933333333333333,0.7333333333333334,1.0733333333333335,0.9817073170731709,0.3292682926829268,30
כאן 11,early_evening,2-3m,2.183333333333333,0,1,1.38,1.0999999999999999,1.0799999999999998,0.7826086956521738,0.2028985507246377,30
כאן 11,early_evening,2-3m,2.1666666666666665,1,2,2.6599999999999997,2.725,2.6916666666666664,1.0119047619047619,-0.024436090225564033,30
כאן 11,early_evening,2-3m,2.316666666666667,0,1,3.696666666666667,2.766666666666667,3.6200000000000006,0.9792605951307485,0.25157799819657345,30
כאן 11,late_evening,1-2m,1.85,0,1,3.7230769230769236,3.1333333333333333,3.606666666666667,0.968732782369146,0.1584022038567494,26
כאן 11,late_evening,1-2m,1.1166666666666667,0,1,3.2960000000000003,2.95,3.6066666666666665,1.0942556634304206,0.10497572815533984,25
כאן 11,late_evening,<1m,0.8,1,2,2.968,2.4,2.9066666666666663,0.9793351302785264,0.19137466307277629,25
כאן 11,late_evening,3-4m,3.8666666666666663,0,1,1.7814814814814814,1.4,1.5599999999999998,0.8756756756756756,0.2141372141372142,27
כאן 11,late_evening,3-4m,3.5166666666666666,0,1,1.2518518518518518,1.1,1.3733333333333333,1.0970414201183432,0.12130177514792884,27
כאן 11,late_evening,2-3m,2.1166666666666667,0,1,1.19,0.8666666666666667,1.0000000000000002,0.8403361344537817,0.2717086834733893,30
כאן 11,late_evening,2-3m,2.2333333333333334,0,1,0.7655172413793104,0.8666666666666667,0.9,1.1756756756756757,-0.13213213213213204,29
כאן 11,overnight,1-2m,2.0,1,2,0.3464285714285714,0.4000000000000001,0.2933333333333334,0.8467353951890036,-0.1546391752577323,28
כאן 11,overnight,<1m,0.8666666666666667,0,1,0.18888888888888888,0.1,0.18000000000000005,0.9529411764705885,0.47058823529411764,27
כאן 11,overnight,1-2m,1.3166666666666669,0,1,0.049999999999999996,0.03333333333333333,0.05999999999999999,1.2,0.33333333333333326,28
כאן 11,overnight,1-2m,1.6,0,1,0.06666666666666668,0.0,0.05999999999999999,0.8999999999999997,1.0,27
כאן 11,overnight,1-2m,1.3666666666666667,1,2,0.04000000000000001,0.0,0.03666666666666667,0.9166666666666665,1.0,30
כאן 11,overnight,1-2m,1.65,0,1,0.006666666666666667,0.0,0.0,0.0,1.0,30
כאן 11,overnight,2-3m,2.8666666666666667,0,1,0.10666666666666667,0.0,0.03333333333333333,0.3125,1.0,30
כאן 11,overnight,2-3m,2.1666666666666665,0,1,0.2851851851851852,0.1,0.22666666666666666,0.7948051948051947,0.6493506493506493,27
כאן 11,overnight,2-3m,2.0833333333333335,0,1,0.262962962962963,0.3,0.2666666666666666,1.014084507042253,-0.14084507042253502,27
כאן 11,overnight,1-2m,1.9833333333333336,0,1,0.09285714285714286,0.20000000000000004,0.18666666666666668,2.01025641025641,-1.1538461538461542,28
כאן 11,overnight,1-2m,1.7166666666666666,0,1,0.05185185185185186,0.0,0.02666666666666667,0.5142857142857142,1.0,27
כאן 11,morning,2-3m,2.15,0,1,0.23666666666666675,0.4000000000000001,0.2733333333333333,1.1549295774647883,-0.6901408450704223,30
כאן 11,morning,1-2m,1.85,0,1,0.20999999999999994,0.10000000000000002,0.20666666666666664,0.9841269841269843,0.5238095238095235,30
כאן 11,morning,<1m,0.6666666666666666,0,1,0.2,0.1,0.16666666666666669,0.8333333333333334,0.5,29
כאן 11,morning,1-2m,1.0833333333333333,0,1,1.0,1.0,0.9933333333333335,0.9933333333333335,0.0,30
כאן 11,morning,<1m,0.45,0,1,0.8766666666666667,1.0,0.926666666666667,1.0570342205323198,-0.14068441064638781,30
כאן 11,morning,<1m,0.6666666666666666,0,1,0.8366666666666664,0.8,0.8333333333333336,0.9960159362549806,0.04382470119521886,30
כאן 11,morning,<1m,0.6,0,1,0.6517241379310345,0.8,0.6933333333333332,1.0638447971781304,-0.22751322751322767,29
כאן 11,afternoon,2-3m,2.2333333333333334,0,1,0.5551724137931033,0.3,0.39333333333333326,0.7084886128364389,0.45962732919254645,29
כאן 11,afternoon,2-3m,2.75,1,2,0.37333333333333324,0.4666666666666666,0.43999999999999995,1.1785714285714288,-0.2500000000000002,30
כאן 11,afternoon,2-3m,2.25,0,1,0.362962962962963,0.43333333333333335,0.4466666666666666,1.2306122448979588,-0.19387755102040805,27
כאן 11,afternoon,2-3m,2.0166666666666666,0,1,0.511111111111111,0.26666666666666666,0.4066666666666667,0.7956521739130438,0.4782608695652173,27
כאן 11,afternoon,1-2m,1.75,0,1,0.53,0.5,0.52,0.9811320754716981,0.05660377358490576,30
כאן 11,afternoon,2-3m,2.3333333333333335,1,2,0.3,0.2,0.2733333333333334,0.9111111111111113,0.33333333333333326,28
כאן 11,afternoon,1-2m,1.55,0,1,0.3928571428571429,0.45,0.5266666666666666,1.3406060606060604,-0.14545454545454528,28
כאן 11,afternoon,1-2m,1.8,0,1,0.32,0.25,0.29333333333333333,0.9166666666666666,0.21875,30
כאן 11,early_evening,1-2m,1.95,0,1,1.492592592592593,1.2,1.4800000000000004,0.9915632754342433,0.19602977667493815,27
כאן 11,early_evening,2-3m,2.466666666666667,0,1,1.4148148148148147,1.6000000000000003,1.4133333333333333,0.9989528795811519,-0.13089005235602125,27
כאן 11,early_evening,1-2m,1.75,0,1,1.4200000000000002,1.2,1.4866666666666666,1.0469483568075115,0.15492957746478886,30
כאן 11,early_evening,2-3m,2.283333333333333,0,1,1.7466666666666666,1.7333333333333334,1.66,0.950381679389313,0.007633587786259444,30
כאן 11,late_evening,<1m,0.7166666666666667,0,1,5.037931034482759,3.2,4.306666666666667,0.8548482774355464,0.3648186173853526,29
כאן 11,late_evening,<1m,0.8,0,1,5.179310344827588,4.5,4.306666666666667,0.8315135375055479,0.1311584553928099,29
כאן 11,late_evening,3-4m,3.45,1,2,5.326666666666666,4.72,5.2426666666666675,0.984230287859825,0.11389236545682102,30
כאן 11,late_evening,3-4m,3.6333333333333337,0,1,3.474074074074074,3.075,3.6133333333333337,1.0400852878464821,0.11487206823027707,27
כאן 11,late_evening,2-3m,2.2666666666666666,0,1,3.173076923076923,2.733333333333333,2.7066666666666657,0.8530101010101008,0.1385858585858587,26
כאן 11,late_evening,1-2m,1.95,0,1,2.479310344827587,2.5666666666666664,2.3066666666666666,0.9303662494204912,-0.03523412146499738,29
כאן 11,late_evening,<1m,0.4,0,1,1.5888888888888888,1.5,1.2600000000000002,0.7930069930069932,0.05594405594405594,27
כאן 11,late_evening,2-3m,2.066666666666667,0,1,1.0923076923076922,0.9333333333333332,0.9533333333333333,0.8727699530516432,0.14553990610328638,26
כאן 11,overnight,2-3m,2.5833333333333335,0,1,0.9740740740740741,1.275,1.1133333333333335,1.1429657794676809,-0.3089353612167298,27
כאן 11,overnight,2-3m,2.183333333333333,1,2,0.6166666666666665,0.7749999999999999,0.6333333333333334,1.0270270270270274,-0.256756756756757,30
כאן 11,overnight,3-4m,3.1,1,2,0.34074074074074084,0.3,0.32166666666666655,0.9440217391304342,0.11956521739130466,27
כאן 11,overnight,2-3m,2.4,0,1,0.3269230769230769,0.3,0.3066666666666666,0.9380392156862742,0.08235294117647063,26
כאן 11,overnight,1-2m,1.7333333333333334,0,1,0.3500000000000001,0.3,0.33333333333333326,0.9523809523809519,0.14285714285714313,28
כאן 11,overnight,1-2m,1.4666666666666666,0,1,0.4333333333333333,0.2,0.3266666666666666,0.7538461538461537,0.5384615384615383,27
כאן 11,overnight,1-2m,1.6333333333333333,0,1,1.1733333333333331,0.43333333333333335,0.7133333333333334,0.6079545454545456,0.6306818181818181,30
כאן 11,overnight,1-2m,1.8833333333333333,0,1,1.4433333333333338,1.1333333333333335,1.2399999999999998,0.8591224018475746,0.21478060046189384,30
כאן 11,afternoon,1-2m,2.0,0,1,0.45,0.3333333333333333,0.36666666666666653,0.8148148148148144,0.2592592592592593,28
כאן 11,afternoon,2-3m,2.0833333333333335,0,1,0.475,0.6666666666666666,0.6,1.263157894736842,-0.4035087719298245,28
כאן 11,afternoon,1-2m,1.8666666666666667,0,1,2.837037037037037,2.4,2.76,0.9728459530026109,0.15404699738903394,27
כאן 11,afternoon,1-2m,1.9666666666666663,0,1,3.1000000000000005,2.966666666666667,2.76,0.8903225806451611,0.043010752688172116,28
כאן 11,afternoon,1-2m,1.8833333333333333,0,1,5.403333333333334,5.033333333333333,5.586666666666665,1.033929673041332,0.06847624922887119,30
כאן 11,afternoon,1-2m,1.7333333333333334,1,2,5.386666666666667,5.8,5.613333333333333,1.0420792079207921,-0.0767326732673268,30
כאן 11,afternoon,2-3m,2.25,0,1,3.3466666666666667,3.05,2.893333333333333,0.8645418326693226,0.08864541832669326,30
כאן 11,afternoon,2-3m,2.25,0,1,2.866666666666667,3.3666666666666667,3.2933333333333326,1.1488372093023251,-0.17441860465116266,30
כאן 11,early_evening,2-3m,2.5,0,1,2.5433333333333334,2.4000000000000004,2.5266666666666664,0.9934469200524245,0.056356487549148016,30
כאן 11,early_evening,2-3m,2.6666666666666665,1,2,2.8299999999999996,2.8000000000000003,2.833333333333333,1.0011778563015312,0.010600706713780661,30
כאן 11,early_evening,2-3m,2.0166666666666666,0,1,2.7266666666666666,2.8666666666666667,2.7533333333333334,1.0097799511002445,-0.05134474327628369,30
כאן 11,early_evening,2-3m,2.2666666666666666,0,1,3.3966666666666665,2.966666666666667,3.1999999999999997,0.9421000981354268,0.1265947006869479,30
כאן 11,early_evening,2-3m,2.1333333333333333,0,1,3.6000000000000005,3.366666666666667,3.2000000000000006,0.888888888888889,0.06481481481481477,30
כאן 11,late_evening,<1m,0.7166666666666667,0,1,4.375,4.05,4.6,1.0514285714285714,0.07428571428571429,28
כאן 11,late_evening,<1m,0.5333333333333333,0,1,4.435714285714287,3.5,4.6,1.0370370370370368,0.21095008051529807,28
כאן 11,late_evening,3-4m,3.2666666666666666,0,1,5.1466666666666665,4.175,4.580000000000001,0.889896373056995,0.18879533678756477,30
כאן 11,late_evening,2-3m,2.183333333333333,0,1,5.523333333333332,5.866666666666667,5.913333333333333,1.070609535304768,-0.06216053108026598,30
כאן 11,late_evening,2-3m,2.3666666666666667,0,1,2.9500000000000006,3.125,3.04,1.030508474576271,-0.05932203389830493,30
כאן 11,late_evening,<1m,0.2,0,1,2.4400000000000004,3.2,2.486666666666667,1.0191256830601092,-0.3114754098360655,30
כאן 11,overnight,2-3m,2.55,0,1,1.7222222222222223,1.8499999999999999,1.773333333333333,1.0296774193548384,-0.07419354838709658,27
כאן 11,overnight,1-2m,1.6833333333333331,0,1,1.25,1.3,1.0533333333333332,0.8426666666666666,-0.040000000000000036,26
כאן 11,overnight,1-2m,1.2,0,1,0.7714285714285716,0.8,0.7333333333333332,0.9506172839506168,-0.03703703703703698,28
כאן 11,overnight,2-3m,2.466666666666667,0,1,0.46785714285714286,0.6333333333333333,0.4266666666666666,0.9119592875318064,-0.35368956743002533,28
כאן 11,overnight,1-2m,1.8166666666666669,0,1,0.24666666666666673,0.3333333333333333,0.29333333333333333,1.1891891891891888,-0.35135135135135087,30
כאן 11,overnight,1-2m,2.0,0,1,0.49666666666666676,0.6,0.66,1.3288590604026844,-0.2080536912751676,30
כאן 11,overnight,1-2m,1.4333333333333331,0,1,0.1666666666666666,0.10000000000000002,0.10000000000000003,0.6000000000000004,0.3999999999999997,30
כאן 11,overnight,1-2m,1.5166666666666666,0,1,0.1666666666666666,0.2333333333333333,0.12666666666666668,0.7600000000000003,-0.40000000000000036,30
כאן 11,overnight,2-3m,2.466666666666667,0,1,0.10000000000000003,0.10000000000000002,0.10000000000000003,1.0,1.1102230246251565e-16,30
כאן 11,overnight,2-3m,2.316666666666667,0,1,0.10000000000000003,0.10000000000000002,0.10000000000000003,1.0,1.1102230246251565e-16,30
כאן 11,overnight,1-2m,1.1666666666666667,0,1,0.19666666666666666,0.1,0.15333333333333332,0.7796610169491526,0.49152542372881347,30
כאן 11,overnight,1-2m,1.5833333333333333,0,1,0.30666666666666675,0.4000000000000001,0.3466666666666666,1.1304347826086951,-0.3043478260869563,30
כאן 11,overnight,2-3m,2.1333333333333333,0,1,0.5133333333333333,0.6,0.5399999999999998,1.0519480519480517,-0.16883116883116878,30
כאן 11,morning,2-3m,2.1,0,1,1.114814814814815,0.9666666666666667,1.1133333333333335,0.998671096345515,0.13289036544850508,27
כאן 11,morning,2-3m,2.4166666666666665,0,1,1.0481481481481483,1.0,1.0200000000000002,0.9731448763250885,0.04593639575971742,27
כאן 11,morning,1-2m,1.9333333333333331,1,2,0.8200000000000002,0.4666666666666666,0.8266666666666668,1.008130081300813,0.43089430894308955,30
כאן 11,morning,2-3m,2.4833333333333334,0,1,0.8366666666666667,0.8666666666666667,0.8133333333333334,0.9721115537848606,-0.03585657370517925,30
כאן 11,morning,2-3m,2.7,0,1,0.38148148148148153,0.2333333333333333,0.22,0.5766990291262135,0.38834951456310696,27
כאן 11,morning,2-3m,2.6333333333333333,0,1,0.4333333333333333,0.5333333333333333,0.52,1.2000000000000002,-0.23076923076923084,27
כאן 11,afternoon,3-4m,3.15,0,1,1.87,1.8499999999999999,1.8933333333333333,1.0124777183600713,0.010695187165775555,30
כאן 11,afternoon,1-2m,1.85,0,1,1.8666666666666663,1.7666666666666666,1.8866666666666667,1.010714285714286,0.05357142857142838,30
כאן 11,afternoon,2-3m,2.6333333333333333,0,1,0.9566666666666666,0.6333333333333333,0.6999999999999998,0.7317073170731706,0.33797909407665505,30
כאן 11,afternoon,1-2m,1.9333333333333331,0,1,0.8133333333333336,0.9,0.8800000000000002,1.081967213114754,-0.10655737704918011,30
כאן 11,afternoon,2-3m,2.2,0,1,0.7433333333333334,0.6666666666666666,0.7800000000000001,1.0493273542600898,0.10313901345291498,30
כאן 11,afternoon,2-3m,2.3666666666666667,0,1,1.9100000000000001,2.4333333333333336,2.146666666666667,1.1239092495637,-0.2739965095986039,30
כאן 11,afternoon,3-4m,3.4833333333333334,1,2,1.866666666666667,1.86,1.8306666666666664,0.9807142857142854,0.0035714285714286698,30
כאן 11,afternoon,2-3m,2.15,0,1,1.5866666666666667,1.5333333333333332,1.5799999999999998,0.995798319327731,0.03361344537815136,30
כאן 11,afternoon,2-3m,2.25,0,1,1.69,1.3666666666666665,1.3199999999999998,0.7810650887573963,0.1913214990138068,30
כאן 11,early_evening,2-3m,2.3333333333333335,0,1,1.8000000000000003,1.2666666666666666,1.3533333333333333,0.7518518518518517,0.2962962962962964,27
כאן 11,early_evening,2-3m,2.1333333333333333,0,1,1.6370370370370368,1.7333333333333334,1.9200000000000002,1.172850678733032,-0.05882352941176494,27
כאן 11,early_evening,2-3m,2.033333333333333,1,2,3.9100000000000006,3.6666666666666665,3.7777777777777772,0.9661835748792268,0.06223358908780918,30
כאן 11,late_evening,<1m,0.6,0,1,5.45,4.6,4.793333333333333,0.8795107033639142,0.15596330275229364,28
כאן 11,late_evening,<1m,0.8,1,2,5.606896551724137,5.1,5.553333333333333,0.9904469044690447,0.09040590405904059,29
כאן 11,late_evening,2-3m,2.7333333333333334,0,1,5.323333333333335,5.325,6.146666666666665,1.154664996869129,-0.0003130870381964357,30
כאן 11,late_evening,2-3m,2.35,0,1,2.296153846153846,2.6333333333333333,2.533333333333333,1.1032942490228923,-0.14684533780011177,26
כאן 11,late_evening,2-3m,2.533333333333333,0,1,1.8555555555555554,1.4749999999999999,1.56,0.8407185628742516,0.20508982035928147,27
כאן 11,late_evening,1-2m,1.05,0,1,1.5533333333333337,1.45,1.3333333333333333,0.8583690987124462,0.06652360515021483,30
כאן 11,late_evening,2-3m,2.183333333333333,0,1,1.0300000000000002,1.3,1.1066666666666667,1.0744336569579285,-0.26213592233009675,30
כאן 11,overnight,2-3m,2.4,0,1,0.6566666666666665,0.3,0.4199999999999999,0.6395939086294415,0.5431472081218274,30
כאן 11,overnight,1-2m,1.1833333333333331,0,1,0.5466666666666666,0.8000000000000002,0.6933333333333332,1.2682926829268293,-0.4634146341463419,30
כאן 11,overnight,1-2m,1.8333333333333333,0,1,0.2066666666666667,0.3,0.07333333333333333,0.3548387096774193,-0.4516129032258063,30
כאן 11,overnight,2-3m,2.1166666666666667,0,1,0.05333333333333333,0.0,0.02666666666666667,0.5000000000000001,1.0,30
כאן 11,overnight,1-2m,1.6833333333333331,0,1,0.18333333333333326,0.06666666666666667,0.20000000000000004,1.0909090909090915,0.6363636363636362,30
כאן 11,overnight,2-3m,2.3666666666666667,0,1,0.16666666666666666,0.03333333333333333,0.20000000000000004,1.2000000000000004,0.8,27
כאן 11,overnight,1-2m,1.95,0,1,0.17037037037037037,0.13333333333333333,0.11333333333333336,0.665217391304348,0.21739130434782605,27
כאן 11,overnight,1-2m,1.1833333333333331,1,2,0.006666666666666667,0.0,0.0033333333333333335,0.5,1.0,30
כאן 11,overnight,1-2m,1.85,0,1,0.006666666666666667,0.03333333333333333,0.013333333333333334,2.0,-4.0,30
כאן 11,overnight,1-2m,1.1833333333333331,1,2,0.16666666666666666,0.2,0.16666666666666669,1.0000000000000002,-0.20000000000000018,30
כאן 11,morning,1-2m,1.8166666666666669,0,1,0.33666666666666656,0.10000000000000002,0.3466666666666667,1.0297029702970302,0.7029702970297028,30
כאן 11,morning,2-3m,2.1,0,1,0.2700000000000001,0.3,0.3333333333333333,1.2345679012345674,-0.11111111111111072,30
כאן 11,afternoon,1-2m,1.7333333333333334,0,1,0.4600000000000001,0.3,0.3466666666666666,0.7536231884057969,0.34782608695652184,30
כאן 11,afternoon,2-3m,2.433333333333333,0,1,0.45000000000000007,0.43333333333333335,0.45999999999999996,1.022222222222222,0.0370370370370372,30
כאן 11,afternoon,1-2m,1.7166666666666666,0,1,0.17857142857142852,0.3,0.16000000000000003,0.8960000000000005,-0.6800000000000004,28
כאן 11,afternoon,1-2m,1.2833333333333334,0,1,0.12222222222222223,0.1,0.11333333333333336,0.9272727272727274,0.18181818181818188,27
כאן 11,afternoon,3-4m,3.033333333333333,0,1,0.2793103448275862,0.4,0.38666666666666677,1.3843621399176957,-0.4320987654320989,29
כאן 11,afternoon,2-3m,2.716666666666667,0,1,0.5299999999999999,0.30000000000000004,0.49333333333333323,0.9308176100628931,0.4339622641509432,30
כאן 11,afternoon,3-4m,3.05,0,1,0.6266666666666667,0.7000000000000001,0.6733333333333332,1.0744680851063828,-0.1170212765957448,30
כאן 11,afternoon,1-2m,1.4166666666666667,0,1,0.3966666666666666,0.35,0.5133333333333333,1.2941176470588236,0.11764705882352933,30
כאן 11,afternoon,2-3m,2.1666666666666665,0,1,0.5266666666666666,0.20000000000000004,0.49333333333333335,0.9367088607594938,0.6202531645569619,30
כאן 11,early_evening,1-2m,1.85,0,1,1.01,1.0,0.9466666666666668,0.9372937293729374,0.00990099009900991,30
כאן 11,early_evening,2-3m,2.1666666666666665,0,1,1.6035714285714284,1.55,1.6600000000000001,1.0351893095768376,0.03340757238307335,28
כאן 11,early_evening,2-3m,2.1333333333333333,1,2,1.9827586206896552,2.333333333333333,2.0911111111111116,1.0546473429951693,-0.17681159420289827,29
כאן 11,early_evening,2-3m,2.1,0,1,2.4966666666666666,2.033333333333333,2.333333333333333,0.9345794392523363,0.1855807743658211,30
כאן 11,late_evening,<1m,0.9,0,1,4.2785714285714285,4.0,4.246666666666667,0.9925431274346134,0.06510851419031716,28
כאן 11,late_evening,<1m,0.85,0,1,4.164285714285714,3.9,4.246666666666667,1.0197827329902804,0.0634648370497426,28
כאן 11,late_evening,1-2m,1.7666666666666666,0,1,3.0370370370370363,3.4,2.5133333333333336,0.8275609756097564,-0.11951219512195155,27
כאן 11,late_evening,1-2m,1.9166666666666667,0,1,2.3499999999999996,2.0666666666666664,2.5133333333333336,1.069503546099291,0.12056737588652477,26
כאן 11,late_evening,1-2m,1.3166666666666669,0,1,1.2814814814814812,1.4,1.5733333333333335,1.2277456647398848,-0.09248554913294815,27
כאן 11,late_evening,1-2m,1.5666666666666669,0,1,0.913793103448276,0.75,0.9133333333333333,0.9994968553459118,0.1792452830188681,29
כאן 11,late_evening,<1m,0.4,0,1,0.9964285714285717,1.6,0.9133333333333333,0.9166069295101551,-0.6057347670250892,28
כאן 11,late_evening,2-3m,2.966666666666667,0,1,0.676666666666667,0.6249999999999999,0.8599999999999999,1.2709359605911323,0.0763546798029563,30
כאן 11,overnight,<1m,0.8666666666666667,0,1,0.22068965517241373,0.3,0.1866666666666667,0.8458333333333338,-0.3593750000000002,29
כאן 11,overnight,1-2m,1.6,0,1,0.31666666666666676,0.16666666666666666,0.32666666666666655,1.0315789473684203,0.47368421052631593,30
כאן 11,overnight,1-2m,1.85,0,1,0.29,0.4000000000000001,0.36000000000000004,1.2413793103448278,-0.3793103448275865,30
כאן 11,overnight,1-2m,1.7666666666666666,0,1,0.3300000000000001,0.43333333333333335,0.36666666666666653,1.1111111111111103,-0.3131313131313127,30
כאן 11,overnight,<1m,0.8833333333333333,0,1,0.68,0.6,0.36666666666666653,0.5392156862745096,0.11764705882352955,30
כאן 11,overnight,1-2m,1.8333333333333333,0,1,0.5137931034482759,0.3,0.32,0.6228187919463087,0.41610738255033564,29
כאן 11,overnight,1-2m,1.85,0,1,0.5689655172413796,0.19999999999999998,0.86,1.5115151515151508,0.6484848484848487,29
כאן 11,overnight,1-2m,1.2,0,1,0.12000000000000002,0.3,0.15333333333333335,1.2777777777777777,-1.4999999999999996,30
כאן 11,overnight,1-2m,1.8333333333333333,1,2,0.10000000000000003,0.10000000000000002,0.10000000000000003,1.0,1.1102230246251565e-16,30
כאן 11,overnight,1-2m,1.95,0,1,0.29285714285714287,0.4000000000000001,0.28,0.9560975609756098,-0.36585365853658547,28
כאן 11,overnight,1-2m,1.85,0,1,0.4000000000000001,0.4,0.40000000000000013,1.0000000000000002,1.1102230246251565e-16,27
כאן 11,morning,2-3m,2.05,0,1,0.4233333333333333,0.3333333333333333,0.3133333333333333,0.7401574803149606,0.21259842519685035,30
כאן 11,morning,1-2m,1.7666666666666666,0,1,0.6633333333333332,0.6333333333333333,0.5933333333333334,0.8944723618090454,0.045226130653266194,30
כאן 11,afternoon,2-3m,2.466666666666667,0,1,0.4766666666666668,0.4,0.42666666666666675,0.895104895104895,0.16083916083916105,30
כאן 11,afternoon,2-3m,2.05,0,1,0.6466666666666667,0.7000000000000001,0.5933333333333335,0.9175257731958765,-0.08247422680412364,30
כאן 11,afternoon,2-3m,2.3666666666666667,1,2,0.3333333333333332,0.26666666666666666,0.3577777777777779,1.0733333333333341,0.19999999999999973,30
כאן 11,afternoon,1-2m,1.5666666666666669,0,1,0.6066666666666666,0.44999999999999996,0.5333333333333334,0.8791208791208794,0.2582417582417582,30
כאן 11,afternoon,1-2m,1.8333333333333333,0,1,1.0740740740740742,0.8333333333333334,1.18,1.0986206896551722,0.22413793103448276,27
כאן 11,afternoon,1-2m,1.8833333333333333,0,1,1.122222222222222,1.2,1.04,0.9267326732673269,-0.06930693069306937,27
כאן 11,early_evening,1-2m,1.9666666666666663,0,1,1.7518518518518522,2.0,1.7866666666666664,1.019873150105708,-0.14164904862579264,27
כאן 11,early_evening,2-3m,2.15,0,1,1.72,1.9333333333333333,1.7733333333333334,1.0310077519379846,-0.12403100775193798,25
כאן 11,early_evening,1-2m,1.8833333333333333,0,1,2.0407407407407407,2.2,2.22,1.0878402903811253,-0.07803992740471877,27
כאן 11,early_evening,2-3m,2.1333333333333333,0,1,2.2,1.8333333333333333,2.0733333333333333,0.9424242424242423,0.16666666666666674,28
כאן 11,late_evening,<1m,0.6333333333333333,0,1,3.7535714285714286,2.35,2.673333333333333,0.7122105930859498,0.373929590865842,28
כאן 11,late_evening,<1m,0.7666666666666667,0,1,3.769230769230769,2.0999999999999996,2.673333333333333,0.709251700680272,0.44285714285714295,26
כאן 11,late_evening,2-3m,2.2333333333333334,0,1,4.762962962962963,4.233333333333333,4.52,0.9489891135303266,0.11119751166407454,27
כאן 11,late_evening,2-3m,2.2,0,1,4.486666666666666,4.333333333333333,4.64,1.0341753343239228,0.034175334323922724,30
כאן 11,late_evening,2-3m,2.216666666666667,1,2,2.376666666666667,2.0,2.331111111111111,0.9808321645628797,0.15848527349228625,30
כאן 11,late_evening,1-2m,1.2833333333333334,0,1,2.396666666666667,1.65,2.3133333333333335,0.9652294853963838,0.31154381084840066,30
כאן 11,late_evening,1-2m,1.85,0,1,2.296551724137931,2.4666666666666663,2.4466666666666663,1.0653653653653652,-0.07407407407407396,29
כאן 11,late_evening,<1m,0.2,0,1,1.8629629629629625,2.1,1.8533333333333342,0.9948310139165017,-0.1272365805168989,27
כאן 11,late_evening,1-2m,1.2,1,2,1.7266666666666668,1.8333333333333333,1.7577777777777779,1.018018018018018,-0.06177606177606165,30
כאן 11,overnight,1-2m,1.95,0,1,1.7233333333333336,1.7,1.7133333333333332,0.9941972920696323,0.013539651837524369,30
כאן 11,overnight,1-2m,1.8166666666666669,0,1,1.4233333333333331,1.3,1.6066666666666662,1.1288056206088992,0.08665105386416849,30
כאן 11,overnight,1-2m,1.7333333333333334,0,1,0.7666666666666668,0.6,0.6133333333333332,0.7999999999999996,0.21739130434782628,30
כאן 11,overnight,2-3m,2.316666666666667,0,1,0.8689655172413794,1.1,1.0666666666666667,1.2275132275132274,-0.2658730158730158,29
כאן 11,overnight,<1m,0.8666666666666667,0,1,0.9629629629629629,0.8,0.8666666666666668,0.9000000000000002,0.16923076923076918,27
כאן 11,overnight,1-2m,1.7,0,1,0.8296296296296296,0.9333333333333332,0.8600000000000004,1.0366071428571435,-0.125,27
כאן 11,overnight,1-2m,1.8666666666666667,0,1,0.648148148148148,0.5333333333333333,0.8600000000000004,1.3268571428571438,0.17714285714285705,27
כאן 11,overnight,1-2m,1.0666666666666669,0,1,0.3,0.4,0.25333333333333335,0.8444444444444446,-0.3333333333333335,30
כאן 11,overnight,2-3m,2.3333333333333335,0,1,0.12962962962962965,0.10000000000000002,0.11333333333333336,0.8742857142857143,0.22857142857142854,27
כאן 11,overnight,1-2m,1.7333333333333334,0,1,0.1153846153846154,0.10000000000000002,0.11333333333333336,0.9822222222222222,0.1333333333333333,26
כאן 11,morning,2-3m,2.4833333333333334,0,1,0.23666666666666666,0.10000000000000002,0.14,0.591549295774648,0.5774647887323943,30
כאן 11,morning,1-2m,1.85,0,1,0.38333333333333336,0.5,0.32666666666666644,0.8521739130434776,-0.30434782608695654,30
כאן 11,afternoon,2-3m,2.966666666666667,0,1,0.6166666666666667,0.55,0.6066666666666667,0.9837837837837837,0.10810810810810811,30
כאן 11,afternoon,2-3m,2.3666666666666667,1,2,0.5566666666666666,0.4666666666666666,0.5599999999999999,1.0059880239520957,0.16167664670658688,30
כאן 11,afternoon,1-2m,1.7666666666666666,0,1,0.4703703703703703,0.3,0.40666666666666657,0.8645669291338581,0.36220472440944873,27
כאן 11,afternoon,1-2m,1.8,0,1,0.6666666666666665,0.5,0.68,1.0200000000000002,0.24999999999999978,27
כאן 11,afternoon,1-2m,1.2,0,1,0.8466666666666663,0.9,0.8333333333333335,0.9842519685039376,-0.0629921259842523,30
כאן 11,afternoon,1-2m,1.8666666666666667,0,1,0.9166666666666666,0.7999999999999999,0.8800000000000002,0.9600000000000003,0.12727272727272732,30
כאן 11,afternoon,1-2m,1.9666666666666663,0,1,0.5633333333333331,0.5,0.5533333333333333,0.9822485207100595,0.11242603550295827,30
כאן 11,afternoon,2-3m,2.066666666666667,0,1,0.4066666666666668,0.43333333333333335,0.42666666666666675,1.0491803278688523,-0.06557377049180291,30
כאן 11,afternoon,2-3m,2.1333333333333333,0,1,1.5933333333333337,1.5333333333333332,1.5000000000000002,0.9414225941422594,0.03765690376569064,30
כאן 11,early_evening,2-3m,2.066666666666667,0,1,1.6699999999999997,1.1666666666666667,1.2866666666666662,0.7704590818363272,0.3013972055888222,30
כאן 11,early_evening,2-3m,2.1333333333333333,1,2,1.6321428571428573,1.6666666666666667,1.7577777777777779,1.0769754437150498,-0.021152443471918136,28
כאן 11,early_evening,2-3m,2.0166666666666666,0,1,2.3714285714285714,2.266666666666667,2.1266666666666665,0.8967871485943775,0.04417670682730912,28
כאן 11,early_evening,2-3m,2.1333333333333333,0,1,2.52,2.1666666666666665,2.253333333333333,0.8941798941798941,0.14021164021164023,30
כאן 11,late_evening,<1m,0.8333333333333334,0,1,11.329629629629629,8.55,8.033333333333333,0.709055246812684,0.24534161490683215,27
כאן 11,late_evening,<1m,0.6333333333333333,0,1,12.326923076923075,9.4,8.033333333333333,0.6516900676027042,0.2374414976599062,26
כאן 11,late_evening,1-2m,1.1,0,1,12.88888888888889,11.6,16.153333333333332,1.2532758620689655,0.10000000000000009,27
כאן 11,late_evening,3-4m,3.533333333333333,1,2,6.9366666666666665,6.26,6.778666666666666,0.9772224891878903,0.09754925516578572,30
כאן 11,late_evening,2-3m,2.7333333333333334,0,1,5.466666666666667,5.475,6.159999999999999,1.1268292682926828,-0.0015243902439023849,30
כאן 11,late_evening,2-3m,2.3666666666666667,0,1,2.646428571428572,2.2333333333333334,2.533333333333333,0.9572649572649571,0.15609536662168255,28
כאן 11,late_evening,<1m,0.2,0,1,1.8370370370370368,2.0,1.5999999999999999,0.8709677419354839,-0.08870967741935498,27
כאן 11,late_evening,<1m,0.3,0,1,1.1933333333333336,1.3,1.153333333333333,0.9664804469273739,-0.0893854748603351,30
כאן 11,overnight,1-2m,1.3166666666666669,0,1,1.3400000000000003,1.15,1.4533333333333331,1.0845771144278602,0.1417910447761197,30
כאן 11,overnight,1-2m,1.6333333333333333,0,1,1.3066666666666669,1.6,1.4800000000000002,1.1326530612244898,-0.22448979591836715,30
כאן 11,overnight,1-2m,1.95,0,1,0.9206896551724139,0.9666666666666667,0.9200000000000003,0.9992509363295883,-0.04993757802746557,29
כאן 11,overnight,1-2m,1.6666666666666667,0,1,1.8034482758620691,0.5,0.52,0.2883365200764818,0.722753346080306,29
כאן 11,overnight,1-2m,1.2833333333333334,0,1,3.4466666666666663,3.0,3.0666666666666673,0.8897485493230177,0.12959381044487417,30
כאן 11,overnight,1-2m,1.7333333333333334,1,2,1.506666666666667,0.8666666666666667,1.4355555555555555,0.9528023598820056,0.424778761061947,30
כאן 11,overnight,1-2m,1.7833333333333334,0,1,1.2333333333333334,0.8666666666666667,1.2999999999999998,1.054054054054054,0.29729729729729726,30
כאן 11,overnight,1-2m,1.2833333333333334,0,1,0.21000000000000002,0.20000000000000004,0.20000000000000007,0.9523809523809527,0.04761904761904756,30
כאן 11,overnight,1-2m,1.8666666666666667,0,1,0.007407407407407408,0.0,0.0,0.0,1.0,27
כאן 11,overnight,1-2m,1.7,0,1,0.09259259259259259,0.06666666666666667,0.04000000000000001,0.4320000000000001,0.2799999999999999,27
כאן 11,morning,1-2m,1.9,0,1,0.19333333333333325,0.10000000000000002,0.11333333333333336,0.5862068965517245,0.4827586206896548,30
כאן 11,morning,2-3m,2.1333333333333333,0,1,0.23666666666666675,0.06666666666666667,0.20000000000000004,0.8450704225352111,0.7183098591549297,30
כאן 11,afternoon,1-2m,1.8333333333333333,0,1,1.2241379310344824,1.1,1.22,0.9966197183098594,0.101408450704225,29
כאן 11,afternoon,1-2m,1.5166666666666666,1,2,1.1896551724137934,1.3,1.191111111111111,1.0012238325281801,-0.09275362318840563,29
כאן 11,afternoon,2-3m,2.216666666666667,0,1,0.9535714285714288,0.9,0.8666666666666668,0.908863920099875,0.056179775280899125,28
כאן 11,afternoon,1-2m,1.5166666666666666,0,1,0.7107142857142857,0.6,0.6599999999999998,0.9286432160804017,0.15577889447236193,28
כאן 11,afternoon,1-2m,1.8166666666666669,1,2,0.7066666666666667,0.5666666666666667,0.6533333333333333,0.9245283018867925,0.19811320754716988,30
כאן 11,afternoon,1-2m,1.7666666666666666,0,1,1.0900000000000003,1.0333333333333334,1.0866666666666667,0.9969418960244646,0.051987767584098066,30
כאן 11,afternoon,1-2m,2.0,0,1,0.9033333333333335,0.6333333333333333,0.806666666666667,0.892988929889299,0.29889298892988947,30
כאן 11,afternoon,1-2m,1.8666666666666667,0,1,0.6166666666666665,0.5333333333333333,0.7266666666666666,1.1783783783783786,0.13513513513513487,30
כאן 11,afternoon,2-3m,2.0833333333333335,0,1,0.3899999999999999,0.13333333333333333,0.37999999999999995,0.9743589743589745,0.658119658119658,30
כאן 11,early_evening,2-3m,2.033333333333333,0,1,1.8366666666666667,2.0,1.9666666666666666,1.0707803992740472,-0.08892921960072586,30
כאן 11,early_evening,1-2m,1.9666666666666663,0,1,2.667857142857143,2.3,2.0800000000000005,0.7796519410977243,0.13788487282463202,28
כאן 11,early_evening,2-3m,2.55,0,1,2.231034482758621,2.1,2.3066666666666666,1.033900051519835,0.0587326120556414,29
כאן 11,early_evening,1-2m,1.9666666666666663,0,1,2.262068965517241,2.1999999999999997,2.266666666666667,1.0020325203252036,0.027439024390243816,29
כאן 11,late_evening,<1m,0.7,0,1,5.099999999999999,4.6,4.673333333333333,0.9163398692810459,0.09803921568627438,28
כאן 11,late_evening,<1m,0.4833333333333333,0,1,5.171428571428571,3.75,4.673333333333333,0.903683241252302,0.27486187845303856,28
כאן 11,late_evening,1-2m,1.05,0,1,4.732142857142857,4.699999999999999,4.793333333333334,1.012930817610063,0.0067924528301887,28
כאן 11,late_evening,<1m,0.85,0,1,3.867857142857143,2.85,4.793333333333334,1.2392736226531242,0.26315789473684204,28
כאן 11,late_evening,1-2m,2.0,0,1,2.3800000000000003,2.233333333333333,2.1799999999999997,0.9159663865546216,0.061624649859944314,30
כאן 11,late_evening,1-2m,1.85,0,1,2.1033333333333335,2.2333333333333334,2.253333333333333,1.0713153724247224,-0.06180665610142633,30
כאן 11,overnight,2-3m,2.15,0,1,1.3399999999999999,1.3999999999999997,1.3733333333333333,1.0248756218905473,-0.04477611940298498,30
כאן 11,overnight,1-2m,1.8,0,1,0.8333333333333333,0.6999999999999998,0.6999999999999998,0.8399999999999999,0.16000000000000014,30
כאן 11,overnight,1-2m,1.45,0,1,0.58,0.6,0.6266666666666665,1.0804597701149423,-0.034482758620689724,30
כאן 11,overnight,1-2m,1.7166666666666666,0,1,0.5933333333333334,0.5,0.5733333333333334,0.9662921348314606,0.1573033707865169,30
כאן 11,overnight,2-3m,2.533333333333333,0,1,0.9,0.5333333333333333,0.7933333333333334,0.8814814814814815,0.40740740740740744,30
כאן 11,overnight,1-2m,1.6666666666666667,0,1,0.8233333333333331,0.6666666666666666,0.7333333333333331,0.8906882591093116,0.1902834008097165,30
כאן 11,overnight,2-3m,2.533333333333333,0,1,0.5366666666666668,0.3333333333333333,0.5266666666666667,0.9813664596273289,0.37888198757764,30
כאן 11,overnight,1-2m,1.95,0,1,0.35000000000000003,0.3,0.31333333333333324,0.8952380952380949,0.14285714285714302,30
כאן 11,overnight,1-2m,1.1666666666666667,0,1,0.4066666666666666,0.5,0.44666666666666666,1.098360655737705,-0.2295081967213115,30
כאן 11,overnight,1-2m,1.3666666666666667,0,1,0.36,0.6,0.45999999999999996,1.2777777777777777,-0.6666666666666667,30
כאן 11,morning,2-3m,2.25,0,1,0.26666666666666666,0.3666666666666667,0.38000000000000006,1.4250000000000003,-0.3750000000000002,30
כאן 11,morning,1-2m,1.7333333333333334,0,1,0.25666666666666665,0.10000000000000002,0.18000000000000002,0.7012987012987014,0.6103896103896103,30
כאן 11,afternoon,1-2m,1.75,0,1,0.7033333333333334,0.6999999999999998,0.7466666666666665,1.0616113744075826,0.004739336492891266,30
כאן 11,afternoon,1-2m,1.7333333333333334,1,2,0.6833333333333335,0.5666666666666667,0.6955555555555556,1.0178861788617886,0.17073170731707332,30
כאן 11,afternoon,2-3m,2.3333333333333335,0,1,0.68,0.5,0.6466666666666667,0.9509803921568628,0.26470588235294124,30
כאן 11,afternoon,1-2m,1.7333333333333334,0,1,0.8466666666666666,1.0,1.0066666666666666,1.188976377952756,-0.18110236220472453,30
כאן 11,afternoon,2-3m,2.3333333333333335,0,1,0.48666666666666664,0.43333333333333335,0.37999999999999995,0.7808219178082191,0.1095890410958903,30
כאן 11,afternoon,2-3m,2.966666666666667,0,1,1.3464285714285718,1.3,1.3200000000000003,0.9803713527851459,0.034482758620689835,28
כאן 11,afternoon,2-3m,2.0833333333333335,0,1,1.243333333333333,1.1,1.1733333333333331,0.9436997319034853,0.1152815013404822,30
כאן 11,afternoon,1-2m,1.6166666666666667,0,1,1.1933333333333331,1.3666666666666665,1.36,1.139664804469274,-0.14525139664804465,30
כאן 11,afternoon,2-3m,2.25,0,1,0.7633333333333335,0.9666666666666668,0.8733333333333334,1.1441048034934496,-0.26637554585152823,30
כאן 11,early_evening,2-3m,2.25,0,1,0.9366666666666668,1.3,0.9333333333333332,0.9964412811387898,-0.3879003558718861,30
כאן 11,early_evening,2-3m,2.35,0,1,1.35,1.4000000000000001,1.3999999999999997,1.0370370370370368,-0.03703703703703698,30
כאן 11,early_evening,2-3m,2.3,0,1,1.7249999999999999,1.3666666666666665,1.74,1.0086956521739132,0.20772946859903385,28
כאן 11,early_evening,2-3m,2.316666666666667,0,1,2.256666666666667,2.2666666666666666,2.213333333333333,0.9807976366322007,-0.004431314623338123,30
כאן 11,late_evening,<1m,0.55,0,1,3.3413793103448275,3.0,2.426666666666667,0.72624699002408,0.10216718266253866,29
כאן 11,late_evening,<1m,0.4,0,1,3.3310344827586205,2.2,2.426666666666667,0.7285024154589375,0.3395445134575569,29
כאן 11,late_evening,2-3m,2.1333333333333333,0,1,3.543333333333334,2.6333333333333333,2.733333333333333,0.77140169332079,0.2568203198494827,30
כאן 11,late_evening,2-3m,2.75,0,1,3.3699999999999997,2.75,3.413333333333334,1.0128585558852625,0.18397626112759635,30
כאן 11,late_evening,2-3m,2.216666666666667,0,1,0.8517241379310344,0.6,0.82,0.962753036437247,0.29554655870445345,29
כאן 11,late_evening,2-3m,2.6666666666666665,0,1,0.796551724137931,0.7,0.7733333333333333,0.970851370851371,0.12121212121212122,29
כאן 11,overnight,2-3m,2.6333333333333333,0,1,0.7933333333333332,0.9249999999999999,0.9133333333333334,1.151260504201681,-0.16596638655462193,30
כאן 11,overnight,2-3m,2.65,1,2,0.8222222222222224,0.9,0.782222222222222,0.951351351351351,-0.0945945945945943,27
כאן 11,overnight,2-3m,2.466666666666667,1,2,0.5962962962962963,0.7,0.6249999999999998,1.0481366459627326,-0.17391304347826075,27
כאן 11,overnight,3-4m,3.3333333333333335,0,1,0.8233333333333336,0.8,0.5599999999999999,0.6801619433198378,0.028340080971660186,30
כאן 11,overnight,1-2m,1.5666666666666669,0,1,1.293333333333333,1.0,1.2866666666666668,0.9948453608247426,0.22680412371133996,30
כאן 11,overnight,2-3m,2.55,0,1,1.1366666666666667,1.15,1.02,0.8973607038123167,-0.011730205278592365,30
כאן 11,overnight,1-2m,1.6833333333333331,0,1,0.48000000000000015,0.6,0.5999999999999999,1.2499999999999993,-0.24999999999999956,30
כאן 11,overnight,1-2m,1.8333333333333333,0,1,0.23103448275862062,0.10000000000000002,0.23333333333333336,1.0099502487562193,0.5671641791044775,29
כאן 11,overnight,1-2m,1.3666666666666667,0,1,0.07586206896551725,0.1,0.10000000000000003,1.3181818181818183,-0.3181818181818181,29
כאן 11,morning,<1m,0.8666666666666667,1,2,0.006666666666666667,0.0,0.006666666666666667,1.0,1.0,30
כאן 11,afternoon,2-3m,2.15,0,1,1.0555555555555556,1.1,1.0933333333333333,1.0357894736842104,-0.04210526315789487,27
כאן 11,afternoon,2-3m,2.55,0,1,1.2222222222222223,1.0,1.0799999999999998,0.8836363636363634,0.18181818181818188,27
כאן 11,afternoon,2-3m,2.15,0,1,1.0566666666666664,1.1333333333333333,1.1133333333333333,1.053627760252366,-0.07255520504731883,30
כאן 11,afternoon,1-2m,1.7833333333333334,0,1,1.743333333333333,1.2,1.3133333333333332,0.7533460803059274,0.31166347992351806,30
כאן 11,afternoon,2-3m,2.15,0,1,1.9633333333333332,1.3333333333333333,1.8800000000000001,0.9575551782682514,0.3208828522920204,30
כאן 11,afternoon,1-2m,1.75,0,1,1.5233333333333334,1.3333333333333333,1.5599999999999998,1.024070021881838,0.12472647702407014,30
כאן 11,afternoon,1-2m,1.8833333333333333,0,1,1.6566666666666663,1.3666666666666665,1.7399999999999995,1.0503018108651911,0.17505030181086512,30
כאן 11,afternoon,2-3m,2.5,0,1,1.366666666666667,1.375,1.4466666666666668,1.0585365853658535,-0.0060975609756095395,30
כאן 11,afternoon,2-3m,2.316666666666667,0,1,1.57,1.5666666666666667,1.5533333333333335,0.9893842887473461,0.002123142250530785,30
כאן 11,early_evening,2-3m,2.5166666666666666,0,1,1.91,1.4999999999999998,1.68,0.8795811518324608,0.2146596858638744,30
כאן 11,early_evening,2-3m,2.55,1,2,1.7199999999999998,1.75,1.7033333333333327,0.9903100775193796,-0.017441860465116532,30
כאן 11,early_evening,2-3m,2.3,1,2,2.125,1.75,2.0766666666666667,0.9772549019607844,0.17647058823529416,28
כאן 11,early_evening,2-3m,2.4833333333333334,0,1,2.032142857142857,1.9999999999999998,1.8733333333333333,0.921851200937317,0.015817223198594133,28
כאן 11,late_evening,<1m,0.4833333333333333,0,1,4.825,5.1,4.666666666666666,0.9671848013816924,-0.05699481865284972,28
כאן 11,late_evening,<1m,0.6833333333333333,0,1,4.851724137931036,4.45,4.926666666666667,1.0154465766406062,0.08280028429282194,29
כאן 11,late_evening,2-3m,2.7666666666666666,0,1,4.643333333333333,3.9,4.346666666666667,0.9361091170136397,0.160086145010768,30
כאן 11,late_evening,2-3m,2.9166666666666665,0,1,4.176666666666667,4.3,4.446666666666667,1.0646448523543497,-0.029529130087789346,30
כאן 11,late_evening,1-2m,1.9666666666666663,0,1,2.303333333333333,1.5333333333333332,1.933333333333333,0.8393632416787264,0.33429811866859616,30
כאן 11,late_evening,2-3m,2.65,0,1,2.4733333333333336,2.35,2.3666666666666667,0.9568733153638813,0.049865229110512166,30
כאן 11,overnight,2-3m,2.716666666666667,0,1,1.3133333333333328,0.9,0.8933333333333336,0.6802030456852797,0.31472081218274084,30
כאן 11,overnight,2-3m,2.216666666666667,0,1,1.0100000000000002,0.9333333333333332,0.9600000000000001,0.9504950495049503,0.07590759075907616,30
כאן 11,overnight,1-2m,1.25,0,1,0.8000000000000003,0.8,0.8000000000000003,1.0,2.220446049250313e-16,30
כאן 11,overnight,2-3m,2.1666666666666665,0,1,0.936666666666667,0.8000000000000002,1.0066666666666666,1.074733096085409,0.14590747330960863,30
כאן 11,overnight,1-2m,1.35,0,1,0.5366666666666667,0.5666666666666667,0.46000000000000013,0.8571428571428573,-0.055900621118012195,30
כאן 11,overnight,2-3m,2.15,0,1,0.5900000000000001,0.5,0.5400000000000001,0.9152542372881357,0.15254237288135608,30
כאן 11,overnight,1-2m,1.35,0,1,0.5633333333333334,0.4,0.45999999999999996,0.8165680473372781,0.2899408284023669,30
כאן 11,overnight,1-2m,1.35,0,1,0.5066666666666666,0.44999999999999996,0.5399999999999999,1.0657894736842106,0.11184210526315785,30
כאן 11,overnight,1-2m,1.2666666666666666,0,1,0.40000000000000013,0.5,0.4200000000000001,1.0499999999999998,-0.24999999999999956,30
כאן 11,overnight,1-2m,1.25,0,1,0.21000000000000002,0.3,0.26000000000000006,1.2380952380952384,-0.4285714285714284,30
כאן 11,morning,1-2m,1.9833333333333336,0,1,0.22142857142857147,0.3,0.24000000000000007,1.0838709677419356,-0.35483870967741904,28
כאן 11,morning,2-3m,2.283333333333333,0,1,0.28888888888888886,0.2333333333333333,0.23333333333333328,0.8076923076923076,0.1923076923076923,27
כאן 11,morning,2-3m,2.066666666666667,0,1,0.3448275862068967,0.3,0.36666666666666664,1.0633333333333328,0.13000000000000034,29
כאן 11,morning,2-3m,2.3,0,1,0.43,0.43333333333333335,0.38000000000000006,0.8837209302325583,-0.007751937984496138,30
כאן 11,morning,2-3m,2.066666666666667,0,1,0.4300000000000001,0.4000000000000001,0.36000000000000004,0.8372093023255813,0.06976744186046513,30
כאן 11,morning,1-2m,1.95,0,1,0.3733333333333334,0.3,0.41333333333333333,1.107142857142857,0.19642857142857162,30
כאן 11,morning,1-2m,1.9833333333333336,0,1,0.9400000000000001,0.6999999999999998,0.7799999999999999,0.8297872340425531,0.25531914893617047,30
כאן 11,afternoon,1-2m,1.9333333333333331,0,1,1.9833333333333334,1.9666666666666668,1.9733333333333334,0.9949579831932773,0.008403361344537785,30
כאן 11,afternoon,1-2m,1.9833333333333336,0,1,2.076666666666666,2.1333333333333333,2.1733333333333333,1.0465489566613164,-0.027287319422151013,30
כאן 11,afternoon,1-2m,1.3666666666666667,1,2,1.7066666666666668,1.7,1.7066666666666666,0.9999999999999999,0.003906250000000111,30
כאן 11,afternoon,2-3m,2.6666666666666665,0,1,1.8933333333333335,1.625,1.8133333333333335,0.9577464788732394,0.14172535211267612,30
כאן 11,afternoon,1-2m,1.7166666666666666,0,1,2.0400000000000005,1.7666666666666666,1.9466666666666663,0.9542483660130715,0.13398692810457535,30
כאן 11,afternoon,1-2m,1.8833333333333333,0,1,1.68,0.6333333333333333,0.9333333333333332,0.5555555555555555,0.623015873015873,30
כאן 11,afternoon,2-3m,2.4,0,1,1.0833333333333333,1.0,1.0933333333333333,1.0092307692307692,0.07692307692307687,30
כאן 11,early_evening,2-3m,2.25,0,1,0.9444444444444445,1.1500000000000001,0.98,1.0376470588235294,-0.21764705882352953,27
כאן 11,early_evening,2-3m,2.216666666666667,0,1,1.3192307692307692,1.1666666666666667,1.28,0.970262390670554,0.11564625850340127,26
כאן 11,early_evening,2-3m,2.45,0,1,4.390000000000001,4.325,4.653333333333334,1.0599848139711465,0.014806378132118492,30
כאן 11,late_evening,<1m,0.8666666666666667,1,2,6.417241379310346,5.35,6.306666666666667,0.9827691205445098,0.16630843632455694,29
כאן 11,late_evening,<1m,0.8,0,1,6.513793103448276,5.7,7.739999999999999,1.188247750132345,0.12493382742191639,29
כאן 11,late_evening,2-3m,2.433333333333333,0,1,6.356666666666667,6.275,5.480000000000001,0.8620870477189304,0.012847404299947573,30
כאן 11,late_evening,1-2m,1.9666666666666663,0,1,2.5034482758620693,2.1333333333333333,2.4266666666666667,0.969329660238751,0.14784205693296615,29
כאן 11,late_evening,2-3m,2.3,0,1,2.2620689655172415,2.1333333333333333,2.3866666666666663,1.055081300813008,0.056910569105691144,29
כאן 11,late_evening,2-3m,2.033333333333333,0,1,1.8366666666666664,1.8333333333333333,1.8866666666666667,1.0272232304900184,0.001814882032667775,30
כאן 11,overnight,2-3m,2.15,0,1,1.323333333333333,1.2,1.2999999999999998,0.9823677581863981,0.09319899244332475,30
כאן 11,overnight,1-2m,1.95,0,1,1.1033333333333333,0.9333333333333332,1.0266666666666666,0.9305135951661632,0.15407854984894265,30
כאן 11,overnight,2-3m,2.15,0,1,0.943333333333333,1.0,0.9933333333333335,1.0530035335689052,-0.0600706713780923,30
כאן 11,overnight,1-2m,1.95,0,1,1.0533333333333335,1.1666666666666667,1.186666666666667,1.1265822784810129,-0.10759493670886067,30
כאן 11,overnight,2-3m,2.05,0,1,1.43,0.9333333333333332,1.3333333333333333,0.9324009324009324,0.3473193473193473,30
כאן 11,overnight,2-3m,2.05,0,1,0.6344827586206897,0.6,0.6399999999999999,1.0086956521739128,0.05434782608695665,29
כאן 11,overnight,1-2m,1.4833333333333334,0,1,0.4482758620689655,0.4,0.44666666666666666,0.9964102564102564,0.10769230769230764,29
כאן 11,overnight,1-2m,1.8,0,1,0.5766666666666667,0.8000000000000002,0.7266666666666666,1.260115606936416,-0.38728323699421985,30
כאן 11,overnight,2-3m,2.15,0,1,0.24000000000000002,0.10000000000000002,0.32666666666666655,1.3611111111111105,0.5833333333333333,30
כאן 11,afternoon,2-3m,2.05,0,1,0.5733333333333334,0.6333333333333333,0.5599999999999999,0.9767441860465115,-0.10465116279069764,30
כאן 11,afternoon,1-2m,1.85,0,1,0.53,0.5666666666666667,0.5466666666666667,1.0314465408805031,-0.0691823899371069,30
כאן 11,afternoon,2-3m,2.05,0,1,0.21333333333333332,0.20000000000000004,0.2066666666666667,0.9687500000000002,0.06249999999999978,30
כאן 11,afternoon,1-2m,1.85,0,1,0.2133333333333333,0.20000000000000004,0.20000000000000007,0.9375000000000004,0.06249999999999967,30
כאן 11,afternoon,2-3m,2.05,1,2,0.3566666666666668,0.5666666666666667,0.3799999999999999,1.0654205607476628,-0.5887850467289713,30
כאן 11,afternoon,2-3m,2.816666666666667,0,1,0.6933333333333332,0.525,0.5933333333333333,0.8557692307692308,0.24278846153846145,30
כאן 11,afternoon,1-2m,1.6166666666666667,0,1,1.366666666666667,1.3333333333333333,1.04,0.7609756097560975,0.024390243902439268,27
כאן 11,afternoon,2-3m,2.05,0,1,0.9148148148148146,0.9666666666666667,1.04,1.136842105263158,-0.05668016194332015,27
כאן 11,early_evening,2-3m,2.216666666666667,0,1,0.9566666666666667,0.8000000000000002,0.94,0.9825783972125435,0.16376306620209047,30
כאן 11,early_evening,2-3m,2.066666666666667,0,1,1.5714285714285714,1.8333333333333333,1.7733333333333332,1.1284848484848484,-0.16666666666666674,28
כאן 11,early_evening,2-3m,2.216666666666667,0,1,1.4758620689655173,1.5,1.3066666666666669,0.8853582554517135,-0.01635514018691575,29
כאן 11,early_evening,2-3m,2.4,1,2,1.8172413793103446,1.8999999999999997,1.8111111111111111,0.9966266076323004,-0.04554079696394675,29
כאן 11,late_evening,2-3m,2.7,0,1,3.9107142857142856,3.3499999999999996,4.153333333333333,1.0620395738203958,0.14337899543379007,28
כאן 11,late_evening,1-2m,1.15,0,1,3.0038461538461543,2.5999999999999996,3.253333333333332,1.0830559112249247,0.13444302176696565,26
כאן 11,late_evening,2-3m,2.15,0,1,1.5103448275862066,1.2666666666666668,1.82,1.2050228310502287,0.16133942161339399,29
כאן 11,late_evening,<1m,0.3,0,1,1.451851851851852,1.1,1.1066666666666667,0.7622448979591836,0.24234693877551017,27
כאן 11,late_evening,2-3m,2.1166666666666667,0,1,1.396666666666667,1.4333333333333336,1.7266666666666663,1.2362768496420042,-0.026252983293556076,30
כאן 11,overnight,2-3m,2.033333333333333,0,1,0.2933333333333332,0.20000000000000004,0.25333333333333347,0.8636363636363644,0.3181818181818178,30
כאן 11,overnight,1-2m,1.05,0,1,0.25666666666666677,0.2,0.23333333333333336,0.9090909090909088,0.22077922077922107,30
כאן 11,overnight,1-2m,1.85,0,1,0.2633333333333333,0.30000000000000004,0.24666666666666667,0.9367088607594938,-0.13924050632911422,30
כאן 11,overnight,2-3m,2.066666666666667,1,2,0.41999999999999993,0.3,0.41777777777777764,0.9947089947089945,0.2857142857142856,30
כאן 11,overnight,1-2m,1.7833333333333334,0,1,0.4733333333333335,0.3666666666666667,0.4533333333333333,0.957746478873239,0.2253521126760566,30
כאן 11,overnight,1-2m,1.95,0,1,0.3,0.26666666666666666,0.34,1.1333333333333335,0.11111111111111105,30
כאן 11,overnight,1-2m,1.45,1,2,0.013333333333333334,0.0,0.013333333333333334,1.0,1.0,30
כאן 11,afternoon,1-2m,1.5833333333333333,0,1,0.7833333333333331,0.6666666666666666,0.7066666666666667,0.9021276595744684,0.14893617021276573,30
כאן 11,afternoon,1-2m,1.7666666666666666,1,2,0.8366666666666666,0.8,0.8400000000000001,1.0039840637450201,0.043824701195218974,30
כאן 11,afternoon,1-2m,1.5833333333333333,0,1,0.3266666666666666,0.2333333333333333,0.3866666666666667,1.1836734693877555,0.2857142857142857,30
כאן 11,afternoon,2-3m,2.05,1,2,0.39,0.16666666666666666,0.2866666666666667,0.7350427350427351,0.5726495726495726,30
כאן 11,afternoon,2-3m,2.0166666666666666,1,2,0.3866666666666667,0.5,0.35333333333333333,0.9137931034482758,-0.2931034482758619,30
כאן 11,afternoon,1-2m,1.5666666666666669,0,1,0.7433333333333334,1.2,1.0066666666666664,1.3542600896860981,-0.6143497757847531,30
כאן 11,afternoon,1-2m,1.95,0,1,0.52,0.5333333333333333,0.5133333333333333,0.9871794871794871,-0.02564102564102555,30
כאן 11,afternoon,1-2m,1.8333333333333333,1,2,0.76,1.1666666666666667,0.8333333333333334,1.0964912280701755,-0.5350877192982457,30
כאן 11,early_evening,2-3m,2.1333333333333333,0,1,1.4785714285714282,1.5999999999999999,1.3999999999999997,0.9468599033816425,-0.08212560386473444,28
כאן 11,early_evening,1-2m,1.9333333333333331,0,1,1.7703703703703704,1.5999999999999999,1.633333333333333,0.922594142259414,0.09623430962343105,27
כאן 11,early_evening,2-3m,2.033333333333333,0,1,1.8464285714285713,1.8,1.906666666666667,1.0326241134751775,0.025145067698259083,28
כאן 11,early_evening,1-2m,1.85,0,1,1.5733333333333333,1.5666666666666667,1.6399999999999997,1.042372881355932,0.004237288135593209,30
כאן 11,late_evening,2-3m,2.716666666666667,0,1,4.2444444444444445,4.55,4.113333333333333,0.9691099476439791,-0.07198952879581144,27
כאן 11,late_evening,1-2m,1.3333333333333333,0,1,3.7760000000000002,3.55,4.113333333333333,1.0893361581920904,0.05985169491525433,25
כאן 11,late_evening,1-2m,1.7166666666666666,0,1,2.0035714285714286,2.1,1.8733333333333335,0.9349970291146763,-0.048128342245989275,28
כאן 11,late_evening,<1m,0.3,0,1,1.7535714285714288,1.3,1.8733333333333335,1.068295994568907,0.25865580448065184,28
כאן 11,late_evening,1-2m,1.6333333333333333,0,1,1.1333333333333333,1.4,1.2199999999999998,1.0764705882352938,-0.23529411764705888,30
כאן 11,overnight,1-2m,1.8666666666666667,0,1,1.3533333333333333,1.8,1.54,1.1379310344827587,-0.330049261083744,30
כאן 11,overnight,1-2m,1.6,0,1,0.9766666666666669,0.9,0.9600000000000001,0.9829351535836176,0.07849829351535853,30
כאן 11,overnight,1-2m,1.7166666666666666,0,1,0.6999999999999998,0.8000000000000002,0.7066666666666667,1.0095238095238097,-0.14285714285714324,30
כאן 11,overnight,1-2m,1.7,0,1,0.7499999999999999,0.6999999999999998,0.7400000000000001,0.9866666666666669,0.06666666666666676,30
כאן 11,overnight,1-2m,1.8666666666666667,0,1,1.0499999999999998,1.05,1.2333333333333332,1.1746031746031746,-2.220446049250313e-16,30
כאן 11,overnight,2-3m,2.066666666666667,0,1,0.13000000000000003,0.20000000000000004,0.12666666666666673,0.9743589743589747,-0.5384615384615383,30
כאן 11,overnight,1-2m,1.2,0,1,0.10000000000000003,0.10000000000000002,0.10000000000000003,1.0,1.1102230246251565e-16,30
כאן 11,overnight,1-2m,1.2,0,1,0.10000000000000003,0.1,0.10000000000000003,1.0,2.220446049250313e-16,30
כאן 11,overnight,1-2m,1.1833333333333331,0,1,0.13571428571428573,0.20000000000000004,0.10666666666666665,0.7859649122807015,-0.47368421052631593,28
כאן 11,overnight,1-2m,1.2,0,1,0.19259259259259262,0.2,0.2133333333333334,1.107692307692308,-0.038461538461538325,27
כאן 11,afternoon,1-2m,1.4666666666666666,0,1,0.5066666666666667,0.4,0.5400000000000001,1.0657894736842106,0.21052631578947367,30
כאן 11,afternoon,2-3m,2.05,1,2,0.45000000000000007,0.6,0.48222222222222233,1.071604938271605,-0.33333333333333304,30
כאן 11,afternoon,1-2m,1.1166666666666667,0,1,0.5862068965517241,0.8333333333333334,0.7200000000000001,1.2282352941176473,-0.42156862745098067,29
כאן 11,afternoon,1-2m,1.4666666666666666,1,2,0.41034482758620705,0.3,0.38444444444444437,0.9368814192343599,0.26890756302521035,29
כאן 11,afternoon,2-3m,2.65,1,2,0.46666666666666673,0.35,0.33166666666666667,0.7107142857142856,0.2500000000000001,30
כאן 11,afternoon,2-3m,2.8333333333333335,1,2,0.8500000000000001,0.8,0.9100000000000001,1.0705882352941176,0.05882352941176472,30
כאן 11,afternoon,2-3m,2.066666666666667,0,1,0.8500000000000001,1.0666666666666667,0.9933333333333335,1.1686274509803922,-0.2549019607843135,30
כאן 11,afternoon,2-3m,2.1666666666666665,0,1,0.7,1.366666666666667,0.7866666666666666,1.1238095238095238,-0.9523809523809528,30
כאן 11,early_evening,2-3m,2.4166666666666665,0,1,0.9866666666666667,1.1,1.0999999999999999,1.1148648648648647,-0.11486486486486491,30
כאן 11,early_evening,2-3m,2.0833333333333335,0,1,1.363333333333333,1.1666666666666667,1.4266666666666667,1.0464547677261615,0.1442542787286062,30
כאן 11,early_evening,2-3m,2.316666666666667,0,1,2.442857142857143,2.533333333333333,2.2466666666666666,0.9196881091617932,-0.03703703703703698,28
כאן 11,early_evening,2-3m,2.0833333333333335,0,1,2.730000000000001,2.6,2.713333333333333,0.9938949938949935,0.047619047619047894,30
כאן 11,late_evening,1-2m,1.3666666666666667,0,1,6.546666666666667,5.3999999999999995,5.193333333333333,0.7932790224032586,0.17515274949083515,30
כאן 11,late_evening,1-2m,1.9166666666666667,0,1,7.553333333333334,6.0,7.233333333333333,0.9576345984112974,0.205648720211827,30
כאן 11,late_evening,2-3m,2.2666666666666666,0,1,3.9066666666666663,3.2999999999999994,3.9933333333333336,1.0221843003412971,0.1552901023890786,30
כאן 11,late_evening,<1m,0.9833333333333332,0,1,3.0300000000000007,2.8,2.9066666666666667,0.9592959295929591,0.07590759075907616,30
כאן 11,late_evening,1-2m,1.7,0,1,1.9233333333333331,1.85,1.7933333333333332,0.9324090121317158,0.03812824956672434,30
כאן 11,late_evening,<1m,0.9666666666666668,0,1,1.1793103448275863,0.95,1.1466666666666663,0.9723196881091614,0.19444444444444453,29
כאן 11,late_evening,1-2m,1.8833333333333333,0,1,0.7999999999999999,0.7999999999999999,0.9400000000000001,1.1750000000000003,0.0,26
כאן 11,overnight,2-3m,2.5166666666666666,0,1,0.6407407407407406,0.575,0.5666666666666667,0.8843930635838152,0.10260115606936404,27
כאן 11,overnight,2-3m,2.466666666666667,0,1,0.32333333333333325,0.525,0.42666666666666664,1.3195876288659796,-0.623711340206186,30
כאן 11,overnight,1-2m,1.7166666666666666,0,1,1.863333333333333,0.20000000000000004,1.7866666666666664,0.9588550983899821,0.8926654740608229,30
כאן 11,overnight,1-2m,1.6,0,1,5.846666666666667,3.2,3.553333333333334,0.6077537058152795,0.4526795895096921,30
כאן 11,overnight,<1m,1.0,0,1,0.6366666666666667,0.5,0.6866666666666663,1.078534031413612,0.2146596858638744,30
כאן 11,overnight,1-2m,1.6,0,1,0.09666666666666669,0.0,0.06666666666666667,0.6896551724137929,1.0,30
כאן 11,overnight,1-2m,1.7,0,1,0.2733333333333333,0.25,0.2933333333333333,1.073170731707317,0.08536585365853655,30
כאן 11,overnight,1-2m,1.6,0,1,0.040740740740740744,0.0,0.05333333333333334,1.309090909090909,1.0,27
כאן 11,overnight,1-2m,1.2833333333333334,0,1,0.0035714285714285718,0.0,0.006666666666666667,1.8666666666666667,1.0,28
כאן 11,afternoon,2-3m,2.0166666666666666,0,1,0.9266666666666664,1.0,0.94,1.0143884892086332,-0.07913669064748241,30
כאן 11,afternoon,2-3m,2.1666666666666665,1,2,0.8599999999999999,0.6999999999999998,0.822222222222222,0.9560723514211885,0.18604651162790709,30
כאן 11,afternoon,1-2m,2.0,0,1,0.5466666666666667,0.4666666666666666,0.5933333333333334,1.0853658536585364,0.1463414634146344,30
כאן 11,afternoon,2-3m,2.183333333333333,0,1,0.33666666666666684,0.3666666666666667,0.31333333333333324,0.93069306930693,-0.08910891089108874,30
כאן 11,afternoon,2-3m,2.35,1,2,0.5428571428571428,0.675,0.6,1.105263157894737,-0.2434210526315792,28
כאן 11,afternoon,2-3m,2.216666666666667,0,1,0.7033333333333336,0.9,0.7600000000000001,1.0805687203791468,-0.2796208530805684,30
כאן 11,afternoon,2-3m,2.183333333333333,0,1,0.6566666666666665,0.43333333333333335,0.5066666666666667,0.7715736040609139,0.3401015228426394,30
כאן 11,afternoon,2-3m,2.3333333333333335,1,2,0.97,0.7249999999999999,1.0,1.0309278350515465,0.25257731958762897,30
כאן 11,early_evening,2-3m,2.2666666666666666,0,1,1.3300000000000003,1.425,1.3733333333333333,1.032581453634085,-0.07142857142857117,30
כאן 11,early_evening,2-3m,2.433333333333333,0,1,1.8733333333333335,2.1666666666666665,2.0933333333333333,1.1174377224199288,-0.15658362989323815,30
כאן 11,early_evening,2-3m,2.1666666666666665,0,1,1.4000000000000001,1.0750000000000002,1.1066666666666665,0.7904761904761902,0.2321428571428571,24
כאן 11,early_evening,2-3m,2.45,0,1,1.5230769230769234,1.375,1.5133333333333334,0.9936026936026934,0.09722222222222243,26
כאן 11,late_evening,<1m,0.75,0,1,3.3857142857142857,3.2,3.4,1.0042194092827004,0.05485232067510537,28
כאן 11,late_evening,3-4m,3.1333333333333333,1,2,3.044827586206897,2.6,2.725,0.8949603624009059,0.14609286523216314,29
כאן 11,late_evening,3-4m,3.3,0,1,2.789999999999999,2.675,3.0600000000000005,1.0967741935483877,0.04121863799283132,30
כאן 11,late_evening,1-2m,2.0,0,1,1.9866666666666666,2.0,2.02,1.016778523489933,-0.006711409395973256,30
כאן 11,late_evening,1-2m,1.1833333333333331,0,1,1.9133333333333336,1.7000000000000002,1.8866666666666667,0.9860627177700347,0.11149825783972123,30
כאן 11,late_evening,1-2m,1.9,0,1,1.4724137931034484,1.6333333333333335,1.6333333333333335,1.1092896174863387,-0.1092896174863387,29
כאן 11,overnight,2-3m,2.1666666666666665,1,2,0.7600000000000001,0.9666666666666668,0.8022222222222224,1.0555555555555556,-0.27192982456140347,30
כאן 11,overnight,2-3m,2.6,1,2,0.7633333333333335,0.7333333333333334,0.7688888888888891,1.007278020378457,0.039301310043668325,30
כאן 11,overnight,2-3m,2.216666666666667,0,1,0.5566666666666668,0.5,0.5399999999999998,0.9700598802395205,0.10179640718562888,30
כאן 11,overnight,2-3m,2.566666666666667,0,1,0.4533333333333335,0.4000000000000001,0.48666666666666675,1.0735294117647056,0.11764705882352955,30
כאן 11,overnight,2-3m,2.3666666666666667,0,1,0.44000000000000006,0.3,0.3533333333333333,0.8030303030303028,0.31818181818181834,30
כאן 11,overnight,1-2m,1.6166666666666667,0,1,0.7100000000000002,0.6499999999999999,0.7466666666666666,1.0516431924882625,0.08450704225352146,30
כאן 11,overnight,1-2m,1.7666666666666666,0,1,1.0172413793103448,0.7,0.9466666666666664,0.9306214689265535,0.311864406779661,29
כאן 11,overnight,1-2m,1.3166666666666669,0,1,0.873333333333333,0.9333333333333332,0.9333333333333336,1.0687022900763365,-0.06870229007633633,30
כאן 11,overnight,<1m,1.0,0,1,0.8000000000000002,0.8,0.8000000000000003,1.0000000000000002,1.1102230246251565e-16,28
כאן 11,overnight,1-2m,1.3,0,1,0.8071428571428573,0.8,0.8000000000000003,0.9911504424778763,0.008849557522124019,28
כאן 11,afternoon,2-3m,2.0833333333333335,0,1,0.4933333333333333,0.5,0.5066666666666668,1.0270270270270274,-0.013513513513513598,30
כאן 11,afternoon,1-2m,1.8,0,1,0.3233333333333332,0.16666666666666666,0.4399999999999999,1.3608247422680415,0.48453608247422664,30
כאן 11,afternoon,3-4m,3.55,0,1,0.47666666666666657,0.35000000000000003,0.3666666666666666,0.7692307692307692,0.2657342657342655,30
כאן 11,afternoon,1-2m,1.1833333333333331,0,1,0.4566666666666667,0.3,0.42,0.9197080291970802,0.34306569343065707,30
כאן 11,afternoon,2-3m,2.8333333333333335,0,1,0.5766666666666665,0.5333333333333333,0.49333333333333335,0.855491329479769,0.07514450867052003,30
כאן 11,afternoon,2-3m,2.3333333333333335,1,2,0.9666666666666666,1.15,1.01,1.0448275862068968,-0.18965517241379315,30
כאן 11,early_evening,2-3m,2.35,0,1,0.83,0.8333333333333334,0.8200000000000002,0.987951807228916,-0.004016064257028162,30
כאן 11,early_evening,2-3m,2.683333333333333,1,2,1.1344827586206896,0.9000000000000001,1.0733333333333333,0.9460992907801419,0.20668693009118522,29
כאן 11,early_evening,2-3m,2.75,0,1,1.5689655172413792,1.4,1.2333333333333332,0.7860805860805861,0.10769230769230775,29
כאן 11,early_evening,2-3m,2.6333333333333333,0,1,1.9133333333333333,1.7750000000000001,1.846666666666667,0.9651567944250873,0.07229965156794416,30
כאן 11,late_evening,<1m,0.8666666666666667,0,1,6.4,5.95,6.406666666666667,1.0010416666666666,0.0703125,30
כאן 11,late_evening,3-4m,3.1166666666666667,0,1,6.758620689655172,5.925,6.386666666666668,0.9449659863945581,0.12334183673469379,29
כאן 11,late_evening,3-4m,3.4833333333333334,0,1,5.8933333333333335,4.8,6.1000000000000005,1.0350678733031675,0.18552036199095023,30
כאן 11,late_evening,2-3m,2.15,0,1,2.2413793103448274,2.3,2.5066666666666664,1.1183589743589744,-0.026153846153846194,29
כאן 11,late_evening,2-3m,2.3666666666666667,0,1,1.456666666666667,1.2249999999999999,1.4333333333333333,0.9839816933638442,0.15903890160183098,30
כאן 11,overnight,2-3m,2.183333333333333,0,1,1.0366666666666666,0.975,0.9666666666666667,0.932475884244373,0.059485530546623755,30
כאן 11,overnight,2-3m,2.6333333333333333,1,2,1.0099999999999998,0.8999999999999999,0.9666666666666666,0.9570957095709572,0.10891089108910879,30
כאן 11,overnight,1-2m,2.0,0,1,0.8666666666666669,1.1333333333333333,0.7799999999999998,0.8999999999999995,-0.30769230769230727,30
כאן 11,overnight,2-3m,2.35,0,1,0.6433333333333333,0.7,0.6999999999999998,1.088082901554404,-0.08808290155440401,30
כאן 11,overnight,2-3m,2.4833333333333334,0,1,0.6344827586206897,0.4000000000000001,0.6533333333333335,1.0297101449275365,0.3695652173913043,29
כאן 11,overnight,3-4m,3.283333333333333,0,1,0.55,0.4,0.5533333333333333,1.006060606060606,0.2727272727272727,30
כאן 11,overnight,2-3m,2.5833333333333335,0,1,0.06333333333333332,0.2,0.07333333333333333,1.1578947368421055,-2.1578947368421058,30
כאן 11,overnight,2-3m,2.933333333333333,0,1,0.04,0.0,0.0,0.0,1.0,30
כאן 11,overnight,3-4m,3.033333333333333,1,2,0.03333333333333333,0.05,0.030000000000000006,0.9000000000000001,-0.5,30
כאן 11,overnight,2-3m,2.8666666666666667,0,1,0.13666666666666666,0.35,0.24000000000000005,1.7560975609756102,-1.5609756097560976,30
כאן 11,afternoon,2-3m,3.0,0,1,0.8307692307692309,0.9500000000000001,0.8533333333333336,1.0271604938271606,-0.14351851851851838,26
כאן 11,afternoon,3-4m,3.1166666666666667,0,1,0.7423076923076923,0.8,0.8533333333333336,1.149568221070812,-0.07772020725388606,26
כאן 11,afternoon,2-3m,2.8333333333333335,0,1,0.7199999999999999,0.875,0.9066666666666666,1.2592592592592595,-0.2152777777777779,30
כאן 11,afternoon,3-4m,3.05,0,1,2.4133333333333336,1.8250000000000002,2.0999999999999996,0.8701657458563533,0.2437845303867403,30
כאן 11,afternoon,1-2m,2.0,0,1,3.166666666666666,2.3333333333333335,3.0333333333333328,0.9578947368421052,0.2631578947368419,30
כאן 11,afternoon,2-3m,2.933333333333333,1,2,1.2366666666666668,1.55,1.3333333333333333,1.0781671159029649,-0.25336927223719674,30
כאן 11,afternoon,2-3m,2.3666666666666667,0,1,1.26551724137931,1.0666666666666667,1.1400000000000001,0.9008174386920984,0.15712988192552213,29
כאן 11,afternoon,2-3m,2.9,1,2,1.5033333333333336,1.375,1.4166666666666667,0.9423503325942348,0.08536585365853677,30
כאן 11,early_evening,2-3m,2.7666666666666666,0,1,1.8266666666666669,1.7999999999999998,1.6666666666666665,0.9124087591240874,0.014598540145985606,30
כאן 11,early_evening,2-3m,2.466666666666667,0,1,1.9259259259259258,1.7000000000000002,1.866666666666667,0.9692307692307695,0.11730769230769211,27
כאן 11,early_evening,2-3m,2.8666666666666667,0,1,1.7222222222222225,1.4,1.7466666666666664,1.0141935483870965,0.18709677419354864,27
כאן 11,early_evening,2-3m,2.5,0,1,1.2233333333333332,0.9666666666666667,0.8533333333333335,0.6975476839237059,0.209809264305177,30
כאן 11,early_evening,2-3m,2.7,1,2,1.6533333333333335,1.9666666666666668,1.7555555555555553,1.061827956989247,-0.189516129032258,30
כאן 11,late_evening,1-2m,1.4166666666666667,1,2,4.666666666666668,4.366666666666666,4.568888888888889,0.9790476190476188,0.06428571428571461,30
כאן 11,late_evening,3-4m,3.25,0,1,5.1033333333333335,4.3,4.926666666666667,0.9653821032005225,0.15741345525800132,30
כאן 11,late_evening,2-3m,2.816666666666667,0,1,5.22,4.15,4.426666666666667,0.8480204342273309,0.20498084291187724,30
כאן 11,late_evening,3-4m,3.1,0,1,4.876666666666666,3.675,4.826666666666666,0.9897470950102529,0.24641148325358841,30
כאן 11,late_evening,2-3m,2.8833333333333333,0,1,2.3699999999999997,2.1,2.18,0.9198312236286922,0.11392405063291122,30
כאן 11,overnight,1-2m,1.6833333333333331,1,2,1.3800000000000001,1.2666666666666666,1.3177777777777777,0.9549114331723026,0.08212560386473444,30
כאן 11,overnight,2-3m,2.2666666666666666,0,1,0.8899999999999999,0.6999999999999998,0.7866666666666665,0.8838951310861423,0.2134831460674158,30
כאן 11,overnight,2-3m,2.316666666666667,0,1,0.2766666666666666,0.2333333333333333,0.22000000000000008,0.7951807228915667,0.15662650602409633,30
כאן 11,overnight,2-3m,2.683333333333333,0,1,0.23999999999999996,0.20000000000000004,0.2133333333333334,0.8888888888888893,0.1666666666666664,30
כאן 11,overnight,1-2m,1.7666666666666666,0,1,0.27999999999999997,0.3,0.29999999999999993,1.0714285714285714,-0.0714285714285714,30
כאן 11,overnight,2-3m,2.5833333333333335,0,1,0.10000000000000003,0.10000000000000002,0.10000000000000003,1.0,1.1102230246251565e-16,30
כאן 11,overnight,2-3m,2.6666666666666665,0,1,0.10000000000000003,0.10000000000000002,0.10000000000000003,1.0,1.1102230246251565e-16,30
כאן 11,overnight,2-3m,2.566666666666667,0,1,0.07666666666666667,0.0,0.02666666666666667,0.34782608695652173,1.0,30
כאן 11,overnight,2-3m,2.1666666666666665,0,1,0.37333333333333346,0.20000000000000004,0.4133333333333333,1.1071428571428565,0.4642857142857144,30
כאן 11,overnight,2-3m,2.566666666666667,0,1,0.5899999999999999,0.27499999999999997,0.4533333333333335,0.7683615819209044,0.5338983050847457,30
כאן 11,overnight,1-2m,1.7666666666666666,0,1,0.4599999999999999,0.30000000000000004,0.4666666666666667,1.0144927536231887,0.3478260869565215,30
כאן 11,overnight,1-2m,1.85,0,1,0.5466666666666666,0.6,0.5999999999999999,1.097560975609756,-0.09756097560975618,30
כאן 11,morning,2-3m,3.0,0,1,0.4518518518518519,0.55,0.5066666666666667,1.1213114754098361,-0.21721311475409832,27
כאן 11,morning,2-3m,2.683333333333333,0,1,0.55,0.4666666666666666,0.5066666666666667,0.9212121212121213,0.1515151515151517,26
כאן 11,morning,2-3m,2.9,0,1,0.6866666666666669,0.9,0.8266666666666668,1.2038834951456308,-0.3106796116504851,30
כאן 11,morning,2-3m,2.683333333333333,0,1,0.8533333333333333,0.7,0.7866666666666665,0.9218749999999999,0.1796875,30
כאן 11,morning,2-3m,2.35,1,2,0.86,1.3333333333333333,0.9577777777777778,1.1136950904392766,-0.5503875968992247,30
כאן 11,morning,1-2m,1.9166666666666667,0,1,1.3166666666666667,1.0,1.1533333333333333,0.8759493670886076,0.240506329113924,30
כאן 11,afternoon,2-3m,2.9166666666666665,1,2,0.6200000000000002,0.35,0.6449999999999999,1.0403225806451608,0.4354838709677422,30
כאן 11,afternoon,2-3m,2.8666666666666667,1,2,0.44000000000000006,0.35,0.4716666666666666,1.0719696969696968,0.2045454545454547,30
כאן 11,afternoon,2-3m,2.566666666666667,0,1,0.44,0.2333333333333333,0.3400000000000001,0.7727272727272729,0.4696969696969697,30
כאן 11,afternoon,2-3m,2.466666666666667,0,1,0.5366666666666666,0.3666666666666667,0.4399999999999999,0.8198757763975154,0.31677018633540366,30
כאן 11,afternoon,3-4m,3.066666666666667,0,1,0.6666666666666666,0.5,0.5800000000000001,0.8700000000000001,0.25,30
כאן 11,afternoon,2-3m,2.8666666666666667,0,1,1.8199999999999998,1.4,1.333333333333333,0.7326007326007326,0.23076923076923073,30
כאן 11,afternoon,1-2m,1.9666666666666663,0,1,2.7566666666666655,2.5,3.1533333333333338,1.1438935912938337,0.0931076178960093,30
כאן 11,afternoon,2-3m,2.433333333333333,0,1,1.9366666666666668,2.233333333333333,2.326666666666666,1.201376936316695,-0.15318416523235778,30
כאן 11,afternoon,2-3m,2.9166666666666665,1,2,1.4900000000000004,1.025,1.356666666666667,0.9105145413870245,0.31208053691275195,30
כאן 11,early_evening,2-3m,2.566666666666667,0,1,1.8233333333333335,1.975,1.7333333333333334,0.9506398537477148,-0.083180987202925,30
כאן 11,early_evening,2-3m,2.5833333333333335,0,1,2.6100000000000008,2.5333333333333337,2.3466666666666662,0.899106002554278,0.029374201787995102,30
כאן 11,early_evening,2-3m,2.533333333333333,1,2,4.426666666666666,4.0,4.281666666666666,0.9672439759036146,0.09638554216867457,30
כאן 11,late_evening,<1m,0.8166666666666667,0,1,4.536666666666666,4.65,4.513333333333334,0.9948567229977959,-0.024981631153563777,30
כאן 11,late_evening,3-4m,3.5833333333333335,1,2,4.109999999999999,4.04,4.118666666666666,1.0021086780210868,0.01703163017031617,30
כאן 11,late_evening,3-4m,3.216666666666667,1,2,2.2666666666666666,1.95,2.21,0.975,0.13970588235294112,27
כאן 11,late_evening,1-2m,1.95,1,2,2.274074074074074,1.7,2.1355555555555554,0.9390879478827361,0.252442996742671,27
כאן 11,late_evening,2-3m,2.6,0,1,1.2533333333333334,1.2666666666666666,1.36,1.0851063829787233,-0.010638297872340274,30
כאן 11,overnight,1-2m,1.85,1,2,0.5266666666666666,0.3666666666666667,0.5022222222222222,0.9535864978902955,0.3037974683544302,30
כאן 11,overnight,2-3m,2.8333333333333335,0,1,0.8599999999999998,0.775,0.7599999999999999,0.8837209302325583,0.09883720930232531,30
כאן 11,overnight,1-2m,1.8166666666666669,0,1,0.7233333333333337,0.5666666666666667,0.6533333333333331,0.9032258064516121,0.21658986175115247,30
כאן 11,overnight,2-3m,2.4,0,1,0.7333333333333333,0.5333333333333333,0.7533333333333333,1.0272727272727273,0.2727272727272727,30
כאן 11,overnight,2-3m,2.1333333333333333,0,1,1.2166666666666666,0.8333333333333334,1.0666666666666667,0.8767123287671234,0.31506849315068486,30
כאן 11,overnight,2-3m,2.65,0,1,1.1206896551724135,0.7,1.0866666666666667,0.9696410256410259,0.3753846153846152,29
כאן 11,overnight,2-3m,2.066666666666667,0,1,0.4000000000000001,0.26666666666666666,0.37333333333333335,0.9333333333333332,0.3333333333333335,27
כאן 11,overnight,1-2m,1.85,0,1,0.4000000000000001,0.26666666666666666,0.37333333333333335,0.9333333333333332,0.3333333333333335,27
כאן 11,overnight,2-3m,2.066666666666667,0,1,0.10000000000000003,0.10000000000000002,0.10000000000000003,1.0,1.1102230246251565e-16,30
כאן 11,overnight,1-2m,1.85,1,2,0.09666666666666669,0.10000000000000002,0.10000000000000003,1.0344827586206897,-0.0344827586206895,30
כאן 11,afternoon,2-3m,2.4166666666666665,0,1,0.4633333333333333,0.42500000000000004,0.48666666666666664,1.0503597122302157,0.08273381294964022,30
כאן 11,afternoon,2-3m,2.3,0,1,0.5899999999999999,0.6333333333333333,0.5733333333333334,0.9717514124293788,-0.07344632768361592,30
כאן 11,afternoon,1-2m,1.8666666666666667,0,1,1.2066666666666666,1.3333333333333333,1.1,0.9116022099447515,-0.1049723756906078,30
כאן 11,afternoon,1-2m,1.8666666666666667,0,1,1.1766666666666665,0.9333333333333332,0.9933333333333335,0.8441926345609068,0.20679886685552407,30
כאן 11,afternoon,2-3m,2.7333333333333334,0,1,1.0884615384615386,1.15,1.0266666666666668,0.9432273262661955,-0.05653710247349797,26
כאן 11,afternoon,2-3m,2.6166666666666667,0,1,0.9538461538461539,0.9,1.0266666666666668,1.0763440860215054,0.05645161290322587,26
כאן 11,early_evening,2-3m,2.4833333333333334,0,1,0.9333333333333332,0.6499999999999999,1.0466666666666666,1.1214285714285714,0.3035714285714286,30
כאן 11,early_evening,2-3m,2.65,0,1,1.8571428571428572,1.9333333333333333,1.9733333333333336,1.0625641025641026,-0.0410256410256411,28
כאן 11,early_evening,1-2m,1.9833333333333336,0,1,1.916666666666667,1.5333333333333332,1.6266666666666667,0.848695652173913,0.20000000000000018,30
כאן 11,early_evening,1-2m,1.7833333333333334,0,1,3.23,2.95,3.2866666666666666,1.0175438596491229,0.08668730650154788,30
כאן 11,late_evening,<1m,0.8666666666666667,0,1,5.94642857142857,5.7,5.993333333333334,1.0078878878878883,0.04144144144144124,28
כאן 11,late_evening,<1m,0.9,1,2,5.937931034482758,6.05,5.936666666666667,0.9997870692992646,-0.018873403019744606,29
כאן 11,late_evening,3-4m,3.8333333333333335,0,1,4.823076923076924,3.5199999999999996,4.326666666666667,0.8970760233918128,0.2701754385964914,26
כאן 11,late_evening,2-3m,2.683333333333333,0,1,3.286363636363637,2.35,2.1600000000000006,0.6572614107883817,0.28492392807745515,22
כאן 11,late_evening,2-3m,2.216666666666667,0,1,2.562962962962963,1.9000000000000001,2.6600000000000006,1.037861271676301,0.25867052023121384,27
כאן 11,late_evening,2-3m,2.183333333333333,0,1,1.8793103448275865,1.7666666666666666,1.7333333333333336,0.9223241590214067,0.059938837920489485,29
כאן 11,late_evening,<1m,0.2,0,1,1.7000000000000002,1.6,1.7333333333333338,1.019607843137255,0.05882352941176472,27
כאן 11,late_evening,2-3m,2.566666666666667,0,1,1.182142857142857,1.1,1.1600000000000001,0.9812688821752269,0.06948640483383661,28
כאן 11,overnight,1-2m,1.15,0,1,1.2230769230769232,1.2,1.2800000000000002,1.0465408805031449,0.018867924528301994,26
כאן 11,overnight,2-3m,2.45,0,1,0.9899999999999999,1.3666666666666665,1.12,1.1313131313131315,-0.3804713804713804,30
כאן 11,overnight,1-2m,1.5,1,2,0.9199999999999998,1.0,0.93,1.0108695652173916,-0.0869565217391306,30
כאן 11,overnight,2-3m,2.8333333333333335,1,2,0.6099999999999998,0.65,0.6233333333333333,1.021857923497268,-0.0655737704918038,30
כאן 11,overnight,2-3m,2.05,0,1,0.3766666666666667,0.3333333333333333,0.3600000000000001,0.9557522123893807,0.1150442477876108,30
כאן 11,overnight,2-3m,2.183333333333333,0,1,0.4033333333333333,0.3,0.29333333333333333,0.7272727272727273,0.25619834710743805,30
כאן 11,overnight,1-2m,1.6166666666666667,0,1,0.5599999999999999,0.25,0.6133333333333333,1.0952380952380953,0.5535714285714286,30
כאן 11,overnight,1-2m,1.7833333333333334,0,1,0.08666666666666668,0.0,0.13333333333333333,1.538461538461538,1.0,30
כאן 11,overnight,1-2m,1.8666666666666667,0,1,0.08666666666666667,0.0,0.06666666666666667,0.7692307692307692,1.0,30
כאן 11,overnight,1-2m,1.5833333333333333,0,1,0.05333333333333334,0.1,0.12000000000000005,2.250000000000001,-0.875,30
כאן 11,overnight,2-3m,2.3833333333333333,0,1,0.006666666666666667,0.05,0.02666666666666667,4.0,-6.5,30
כאן 11,afternoon,2-3m,2.0833333333333335,0,1,0.5766666666666667,0.6333333333333333,0.6199999999999999,1.07514450867052,-0.09826589595375723,30
כאן 11,afternoon,2-3m,2.716666666666667,1,2,0.45,0.3666666666666667,0.4288888888888889,0.9530864197530864,0.18518518518518512,30
כאן 11,afternoon,2-3m,2.0833333333333335,1,2,0.6464285714285716,0.6999999999999998,0.6377777777777776,0.9866175567833021,-0.08287292817679504,28
כאן 11,afternoon,1-2m,1.9666666666666663,0,1,0.5964285714285713,0.6,0.5733333333333331,0.9612774451097803,-0.005988023952095967,28
כאן 11,afternoon,2-3m,2.7,0,1,0.7344827586206896,0.9,0.7799999999999998,1.0619718309859154,-0.22535211267605648,29
כאן 11,afternoon,1-2m,1.4833333333333334,1,2,0.42999999999999994,0.4666666666666666,0.4088888888888889,0.950904392764858,-0.08527131782945752,30
כאן 11,afternoon,<1m,0.6666666666666666,0,1,0.7233333333333334,0.95,0.7666666666666668,1.0599078341013826,-0.3133640552995389,30
כאן 11,afternoon,2-3m,2.4833333333333334,0,1,0.8066666666666666,0.8333333333333334,0.7933333333333334,0.9834710743801655,-0.03305785123966953,30
כאן 11,afternoon,2-3m,2.75,1,2,0.8699999999999999,0.675,0.8583333333333334,0.9865900383141765,0.22413793103448265,30
כאן 11,early_evening,2-3m,2.95,0,1,1.5899999999999999,1.5750000000000002,1.6733333333333331,1.0524109014675052,0.00943396226415072,30
כאן 11,early_evening,2-3m,2.45,0,1,2.0586206896551724,1.75,1.9400000000000004,0.9423785594639867,0.14991624790619762,29
כאן 11,early_evening,2-3m,2.566666666666667,0,1,1.8275862068965514,1.525,1.8933333333333338,1.0359748427672961,0.165566037735849,29
כאן 11,early_evening,2-3m,2.7,0,1,2.14,1.4249999999999998,2.04,0.9532710280373832,0.3341121495327104,30
כאן 11,late_evening,<1m,0.9666666666666668,0,1,4.871428571428573,4.75,5.299999999999999,1.0879765395894423,0.02492668621700911,28
כאן 11,late_evening,<1m,0.9166666666666666,0,1,4.8428571428571425,4.65,4.413333333333333,0.9113077679449361,0.03982300884955736,28
כאן 11,late_evening,3-4m,3.5833333333333335,0,1,4.026923076923077,3.525,3.9933333333333336,0.9916587074180199,0.12464183381088823,26
כאן 11,late_evening,2-3m,2.6666666666666665,0,1,3.7454545454545465,3.733333333333333,3.453333333333333,0.922006472491909,0.0032362459546929623,22
כאן 11,late_evening,2-3m,2.8333333333333335,0,1,3.0444444444444447,3.525,3.0933333333333337,1.016058394160584,-0.15784671532846706,27
כאן 11,late_evening,2-3m,2.3833333333333333,1,2,1.7066666666666668,1.8,1.5533333333333335,0.91015625,-0.0546875,30
כאן 11,late_evening,<1m,0.3,0,1,0.8999999999999998,0.8,0.8133333333333331,0.9037037037037037,0.11111111111111083,30
כאן 11,overnight,3-4m,3.1666666666666665,0,1,1.06,1.025,1.1333333333333333,1.069182389937107,0.03301886792452846,30
כאן 11,overnight,1-2m,1.8666666666666667,0,1,1.0566666666666666,1.0,1.0133333333333332,0.9589905362776024,0.05362776025236593,30
כאן 11,overnight,1-2m,2.0,1,2,1.0166666666666664,0.9333333333333332,0.9866666666666667,0.9704918032786888,0.08196721311475397,30
כאן 11,overnight,1-2m,1.8666666666666667,0,1,0.75,1.0,1.02,1.36,-0.33333333333333326,28
כאן 11,overnight,1-2m,1.4166666666666667,0,1,0.468,0.3,0.29999999999999993,0.6410256410256409,0.35897435897435903,25
כאן 11,overnight,2-3m,2.183333333333333,0,1,0.4,0.3666666666666667,0.40666666666666657,1.0166666666666664,0.08333333333333326,28
כאן 11,overnight,2-3m,2.2,0,1,0.41666666666666674,0.45,0.45999999999999996,1.1039999999999996,-0.07999999999999985,30
כאן 11,overnight,2-3m,2.183333333333333,0,1,0.3200000000000001,0.3333333333333333,0.3066666666666666,0.9583333333333327,-0.0416666666666663,30
כאן 11,overnight,2-3m,2.35,0,1,0.3,0.3,0.29999999999999993,0.9999999999999998,0.0,27
כאן 11,overnight,1-2m,1.2666666666666666,0,1,0.3,0.3,0.29999999999999993,0.9999999999999998,0.0,27
כאן 11,overnight,1-2m,1.4166666666666667,0,1,0.36000000000000004,0.3,0.3533333333333333,0.9814814814814812,0.16666666666666674,30
כאן 11,overnight,1-2m,1.2666666666666666,0,1,0.44000000000000006,0.4,0.44000000000000017,1.0000000000000002,0.09090909090909094,30
כאן 11,afternoon,2-3m,2.6166666666666667,0,1,0.2133333333333333,0.3,0.18,0.8437500000000001,-0.4062500000000002,30
כאן 11,afternoon,2-3m,2.433333333333333,0,1,0.41,0.43333333333333335,0.48666666666666664,1.1869918699186992,-0.056910569105691255,30
כאן 11,afternoon,2-3m,2.6333333333333333,0,1,0.2851851851851852,0.325,0.2733333333333334,0.9584415584415585,-0.13961038961038952,27
כאן 11,afternoon,2-3m,2.716666666666667,0,1,0.21153846153846154,0.43333333333333335,0.2733333333333334,1.2921212121212122,-1.0484848484848488,26
כאן 11,afternoon,2-3m,2.15,0,1,0.36666666666666664,0.4000000000000001,0.42,1.1454545454545455,-0.09090909090909127,30
כאן 11,afternoon,<1m,0.2,0,1,0.26,0.1,0.33999999999999997,1.3076923076923075,0.6153846153846154,30
כאן 11,afternoon,<1m,0.6666666666666666,0,1,0.5233333333333333,0.5,0.5466666666666666,1.0445859872611465,0.04458598726114649,30
כאן 11,afternoon,2-3m,2.6,0,1,0.5333333333333333,0.45000000000000007,0.6266666666666668,1.1750000000000003,0.1562499999999999,30
כאן 11,afternoon,2-3m,2.816666666666667,0,1,0.7666666666666665,0.625,0.6199999999999999,0.808695652173913,0.184782608695652,30
כאן 11,early_evening,2-3m,2.95,0,1,1.2,1.125,1.24,1.0333333333333334,0.0625,30
כאן 11,early_evening,2-3m,2.3666666666666667,0,1,1.6433333333333333,1.7333333333333334,1.7066666666666663,1.0385395537525353,-0.05476673427991896,30
כאן 11,early_evening,2-3m,2.5,1,2,1.3607142857142855,0.95,1.4083333333333332,1.0349956255468067,0.30183727034120733,28
כאן 11,early_evening,2-3m,2.55,0,1,1.4833333333333334,1.125,1.24,0.8359550561797753,0.2415730337078652,30
כאן 11,late_evening,<1m,0.9833333333333332,0,1,7.86896551724138,6.75,8.126666666666667,1.0327490505404615,0.14219982471516224,29
כאן 11,late_evening,1-2m,1.0833333333333333,0,1,7.958620689655173,6.1,8.126666666666667,1.021114962449451,0.2335355285961872,29
כאן 11,late_evening,4-6m,4.1,0,1,8.276666666666667,6.94,8.44,1.0197341925090615,0.16149818767619817,30
כאן 11,late_evening,2-3m,2.4166666666666665,0,1,4.6,4.1000000000000005,5.373333333333332,1.1681159420289853,0.10869565217391286,30
כאן 11,late_evening,<1m,0.3,0,1,1.8499999999999999,1.7,1.9999999999999998,1.0810810810810811,0.08108108108108103,30
כאן 11,late_evening,1-2m,1.7,0,1,1.5566666666666669,1.45,1.5800000000000003,1.0149892933618845,0.06852248394004301,30
כאן 11,overnight,2-3m,2.6166666666666667,0,1,1.2703703703703704,1.2333333333333334,1.1866666666666668,0.9341107871720117,0.029154518950437303,27
כאן 11,overnight,1-2m,1.9666666666666663,0,1,1.2481481481481482,1.5,1.406666666666667,1.1270029673590507,-0.20178041543026692,27
כאן 11,overnight,1-2m,1.9,0,1,1.057142857142857,1.1,1.0466666666666664,0.9900900900900901,-0.04054054054054079,28
כאן 11,overnight,2-3m,2.05,0,1,1.0571428571428572,1.1250000000000002,1.12,1.0594594594594595,-0.06418918918918948,28
כאן 11,overnight,1-2m,1.3833333333333333,0,1,8.293333333333335,7.633333333333333,8.76,1.0562700964630223,0.07958199356913209,30
כאן 11,overnight,1-2m,2.0,0,1,0.6766666666666664,0.8000000000000002,0.5533333333333333,0.8177339901477836,-0.18226600985221753,30
כאן 11,overnight,2-3m,2.0166666666666666,0,1,0.20000000000000007,0.20000000000000004,0.20000000000000007,1.0,1.1102230246251565e-16,30
כאן 11,overnight,2-3m,2.183333333333333,0,1,0.10000000000000003,0.10000000000000002,0.10000000000000003,1.0,1.1102230246251565e-16,30
כאן 11,overnight,1-2m,1.3833333333333333,0,1,0.10666666666666669,0.10000000000000002,0.10000000000000003,0.9375000000000001,0.0625,30
כאן 11,afternoon,2-3m,2.183333333333333,0,1,0.26999999999999996,0.2333333333333333,0.28,1.0370370370370372,0.1358024691358024,30
כאן 11,afternoon,1-2m,1.8666666666666667,0,1,0.1766666666666667,0.0,0.12000000000000001,0.6792452830188679,1.0,30
כאן 11,afternoon,2-3m,2.1666666666666665,0,1,0.6500000000000001,0.6333333333333333,0.6199999999999998,0.9538461538461533,0.025641025641025883,28
כאן 11,afternoon,1-2m,1.8666666666666667,0,1,0.5964285714285715,0.5,0.6,1.0059880239520955,0.161676646706587,28
כאן 11,afternoon,3-4m,3.066666666666667,1,2,0.57,0.4,0.5200000000000001,0.9122807017543862,0.29824561403508765,30
כאן 11,afternoon,2-3m,2.966666666666667,0,1,0.8799999999999998,0.7333333333333334,0.9666666666666668,1.0984848484848488,0.1666666666666664,30
כאן 11,afternoon,<1m,0.7666666666666667,0,1,0.6899999999999998,0.65,0.7,1.0144927536231887,0.057971014492753326,30
כאן 11,afternoon,2-3m,2.3666666666666667,0,1,0.7966666666666665,0.9,0.8266666666666665,1.0376569037656904,-0.12970711297071147,30
כאן 11,afternoon,2-3m,2.7,0,1,1.3399999999999999,1.4249999999999998,1.3066666666666664,0.9751243781094526,-0.06343283582089554,30
כאן 11,early_evening,2-3m,2.7666666666666666,1,2,1.43,1.35,1.48,1.034965034965035,0.055944055944055826,30
כאן 11,early_evening,2-3m,2.5,0,1,1.5857142857142856,2.05,1.84,1.1603603603603605,-0.2927927927927927,28
כאן 11,early_evening,2-3m,2.6166666666666667,0,1,1.4,1.1666666666666667,1.34,0.9571428571428573,0.16666666666666652,27
כאן 11,early_evening,2-3m,2.4833333333333334,0,1,1.688888888888889,1.1666666666666667,1.4933333333333332,0.8842105263157892,0.3092105263157895,27
כאן 11,late_evening,<1m,0.4333333333333333,0,1,3.7035714285714287,3.5,3.7933333333333334,1.0242365798778528,0.05496624879459988,28
כאן 11,late_evening,<1m,0.5833333333333334,0,1,3.6851851851851856,2.7,3.466666666666667,0.9407035175879397,0.2673366834170855,27
כאן 11,late_evening,3-4m,3.5833333333333335,1,2,3.646428571428572,2.325,3.296666666666667,0.9040809663728371,0.36238981390793346,28
כאן 11,late_evening,3-4m,3.3,0,1,3.0733333333333333,3.1800000000000006,3.593333333333333,1.1691973969631235,-0.03470715835141025,30
כאן 11,late_evening,3-4m,3.433333333333333,0,1,1.85,1.8,1.8266666666666667,0.9873873873873873,0.027027027027027084,30
כאן 11,late_evening,2-3m,2.25,0,1,1.1285714285714286,1.2333333333333334,1.2066666666666666,1.069198312236287,-0.09282700421940926,28
כאן 11,late_evening,<1m,0.5666666666666667,0,1,1.137037037037037,1.3,1.1133333333333333,0.9791530944625406,-0.14332247557003264,27
כאן 11,overnight,1-2m,1.8666666666666667,0,1,1.0133333333333332,1.1333333333333333,1.0599999999999998,1.0460526315789473,-0.11842105263157898,30
כאן 11,overnight,3-4m,3.55,0,1,0.5833333333333334,0.625,0.5466666666666666,0.937142857142857,-0.0714285714285714,30
כאן 11,overnight,1-2m,1.6,0,1,0.16333333333333327,0.1,0.19333333333333336,1.1836734693877558,0.3877551020408161,30
כאן 11,overnight,1-2m,1.9333333333333331,0,1,0.18965517241379318,0.1,0.24666666666666665,1.3006060606060599,0.4727272727272729,29
כאן 11,overnight,2-3m,2.283333333333333,0,1,0.37000000000000005,0.35,0.3933333333333334,1.063063063063063,0.05405405405405428,30
כאן 11,overnight,1-2m,1.6,1,2,0.6392857142857142,0.39999999999999997,0.6333333333333333,0.9906890130353818,0.3743016759776536,28
כאן 11,overnight,2-3m,2.6,0,1,0.6766666666666666,0.25,0.6133333333333334,0.9064039408866996,0.6305418719211823,30
כאן 11,overnight,1-2m,1.9833333333333336,0,1,0.05357142857142857,0.0,0.05999999999999999,1.1199999999999999,1.0,28
כאן 11,overnight,2-3m,2.966666666666667,0,1,0.125,0.3,0.24000000000000002,1.9200000000000002,-1.4,28
כאן 11,afternoon,2-3m,2.3,0,1,0.46551724137931033,0.4666666666666666,0.4466666666666667,0.9595061728395063,-0.0024691358024691024,29
כאן 11,afternoon,2-3m,2.216666666666667,0,1,0.3586206896551723,0.5333333333333333,0.49333333333333323,1.3756410256410259,-0.48717948717948767,29
כאן 11,afternoon,2-3m,2.3,0,1,0.2344827586206897,0.26666666666666666,0.2666666666666667,1.1372549019607843,-0.13725490196078405,29
כאן 11,afternoon,2-3m,2.216666666666667,0,1,0.2724137931034482,0.4666666666666666,0.38666666666666677,1.4194092827004228,-0.7130801687763715,29
כאן 11,afternoon,1-2m,1.4666666666666666,1,2,0.3966666666666666,0.20000000000000004,0.368888888888889,0.9299719887955186,0.4957983193277309,30
כאן 11,afternoon,<1m,0.2,0,1,0.6366666666666667,0.5,0.6133333333333333,0.963350785340314,0.2146596858638744,30
כאן 11,afternoon,2-3m,2.6666666666666665,0,1,0.9299999999999998,1.2,1.1199999999999997,1.204301075268817,-0.2903225806451615,30
כאן 11,afternoon,2-3m,2.35,1,2,0.9566666666666669,0.5333333333333333,0.7977777777777778,0.8339140534262484,0.44250871080139387,30
כאן 11,afternoon,1-2m,1.3833333333333333,0,1,0.9551724137931032,0.9,0.94,0.9841155234657041,0.05776173285198538,29
כאן 11,early_evening,1-2m,1.55,0,1,1.6620689655172414,1.7,1.4799999999999998,0.8904564315352695,-0.022821576763485396,29
כאן 11,early_evening,<1m,0.85,0,1,2.1785714285714284,2.05,2.3333333333333335,1.0710382513661203,0.059016393442622994,28
כאן 11,early_evening,<1m,0.9666666666666668,0,1,2.1785714285714284,2.0,2.3333333333333335,1.0710382513661203,0.08196721311475397,28
כאן 11,early_evening,2-3m,2.183333333333333,1,2,1.7896551724137932,1.45,1.8016666666666665,1.0067116249197172,0.18978805394990372,29
כאן 11,early_evening,1-2m,1.0166666666666666,0,1,1.8344827586206898,1.35,1.8,0.981203007518797,0.2640977443609023,29
כאן 11,early_evening,<1m,0.9833333333333332,0,1,1.8689655172413795,1.45,1.8,0.9630996309963099,0.2241697416974171,29
כאן 11,late_evening,<1m,0.2,0,1,3.8586206896551722,2.5,3.1000000000000005,0.8033958891867741,0.35210008936550485,29
כאן 11,late_evening,<1m,0.2,0,1,3.910344827586207,4.2,3.1000000000000005,0.7927689594356262,-0.07407407407407418,29
כאן 11,late_evening,2-3m,2.7666666666666666,1,2,4.568965517241379,3.8666666666666667,4.471111111111111,0.9785828092243187,0.1537106918238993,29
כאן 11,late_evening,<1m,0.55,0,1,4.62962962962963,4.0,4.56,0.9849599999999998,0.136,27
כאן 11,late_evening,3-4m,3.3666666666666667,0,1,4.806666666666668,4.32,4.406666666666666,0.9167822468793339,0.10124826629681027,30
כאן 11,late_evening,<1m,0.9833333333333332,0,1,3.4600000000000004,3.15,3.553333333333333,1.026974951830443,0.0895953757225435,30
כאן 11,late_evening,2-3m,2.0833333333333335,0,1,2.3896551724137933,2.1,1.8866666666666674,0.7895141895141897,0.12121212121212122,29
כאן 11,late_evening,1-2m,1.55,0,1,1.293103448275862,1.0,1.3133333333333332,1.0156444444444443,0.22666666666666668,29
כאן 11,late_evening,<1m,0.8833333333333333,0,1,1.275,1.05,1.3133333333333332,1.030065359477124,0.17647058823529405,28
כאן 11,overnight,1-2m,1.7166666666666666,0,1,0.8466666666666666,0.7999999999999999,0.8066666666666663,0.9527559055118107,0.055118110236220486,30
כאן 11,overnight,2-3m,2.45,0,1,0.37333333333333346,0.3,0.3666666666666666,0.9821428571428565,0.19642857142857173,30
כאן 11,overnight,1-2m,1.15,0,1,0.2592592592592593,0.2,0.24000000000000007,0.9257142857142858,0.22857142857142865,27
כאן 11,overnight,2-3m,2.15,0,1,0.3285714285714286,0.20000000000000004,0.2533333333333333,0.771014492753623,0.3913043478260869,28
כאן 11,overnight,1-2m,1.5833333333333333,1,2,1.4,1.0666666666666667,1.2422222222222221,0.8873015873015873,0.23809523809523803,30
כאן 11,overnight,2-3m,2.1,0,1,1.8533333333333328,1.1666666666666667,1.4000000000000001,0.7553956834532377,0.37050359712230196,30
כאן 11,overnight,1-2m,1.5833333333333333,1,2,0.20000000000000004,0.20000000000000004,0.20000000000000007,1.0000000000000002,0.0,28
כאן 11,overnight,1-2m,1.1333333333333333,0,1,0.29285714285714287,0.2,0.34666666666666673,1.183739837398374,0.31707317073170727,28
כאן 11,overnight,1-2m,1.7333333333333334,0,1,0.32000000000000006,0.4000000000000001,0.2933333333333333,0.9166666666666663,-0.25,30
כאן 11,overnight,1-2m,1.9166666666666667,0,1,0.3033333333333334,0.20000000000000004,0.20000000000000007,0.6593406593406594,0.34065934065934067,30
כאן 11,afternoon,1-2m,1.45,0,1,1.8433333333333333,1.6,1.8133333333333332,0.9837251356238698,0.13200723327305597,30
כאן 11,afternoon,1-2m,1.25,0,1,1.7615384615384615,1.4500000000000002,1.7733333333333334,1.0066957787481805,0.17685589519650646,26
כאן 11,afternoon,2-3m,2.15,0,1,2.1599999999999997,2.1,2.24,1.0370370370370372,0.027777777777777568,30
כאן 11,afternoon,1-2m,1.2,0,1,2.25,1.8666666666666665,2.086666666666667,0.9274074074074075,0.1703703703703705,30
כאן 11,afternoon,1-2m,1.8333333333333333,1,2,2.296666666666667,1.7333333333333334,2.208888888888889,0.9617803580067731,0.24528301886792458,30
כאן 11,early_evening,<1m,0.4,0,1,2.970370370370371,2.4,2.7,0.9089775561097255,0.19201995012468853,27
כאן 11,early_evening,1-2m,1.3833333333333333,0,1,2.720689655172414,2.733333333333333,2.86,1.0512040557667934,-0.004647232784114719,29
כאן 11,early_evening,2-3m,2.1666666666666665,0,1,1.6266666666666665,1.7,1.76,1.0819672131147542,-0.04508196721311486,30
כאן 11,early_evening,<1m,0.8833333333333333,0,1,2.066666666666667,2.3,2.1733333333333333,1.0516129032258064,-0.11290322580645151,30
כאן 11,early_evening,<1m,0.3,0,1,2.278571428571429,2.3,2.3533333333333335,1.0328108672936258,-0.009404388714733258,28
כאן 11,late_evening,<1m,0.2,0,1,4.875862068965517,5.2,4.573333333333334,0.937953795379538,-0.06647807637906644,29
כאן 11,late_evening,<1m,0.2,0,1,4.975862068965518,5.2,4.573333333333334,0.9191037191037191,-0.04504504504504503,29
כאן 11,late_evening,1-2m,1.9166666666666667,0,1,5.818518518518517,4.933333333333333,5.466666666666666,0.9395289624443031,0.15213239974538506,27
כאן 11,late_evening,1-2m,1.4166666666666667,0,1,5.611111111111111,4.15,5.333333333333334,0.9504950495049507,0.2603960396039603,27
כאן 11,late_evening,3-4m,3.0833333333333335,0,1,4.7250000000000005,3.225,3.7866666666666666,0.8014109347442679,0.31746031746031755,28
כאן 11,late_evening,<1m,0.2,0,1,3.0777777777777775,2.5,2.4066666666666667,0.7819494584837546,0.18772563176895296,27
כאן 11,overnight,2-3m,2.35,1,2,2.2066666666666666,2.6750000000000003,2.34,1.0604229607250755,-0.21223564954682805,30
כאן 11,overnight,2-3m,2.566666666666667,0,1,1.3689655172413797,1.6666666666666667,1.406666666666667,1.0275398824517212,-0.21746431570109115,29
כאן 11,overnight,<1m,1.0,0,1,0.8714285714285717,1.0,0.8266666666666669,0.9486338797814208,-0.1475409836065571,28
כאן 11,overnight,1-2m,1.15,1,2,0.7964285714285716,0.8,0.8133333333333336,1.0212257100149478,-0.004484304932735217,28
כאן 11,overnight,1-2m,1.95,0,1,0.3833333333333332,0.3,0.4400000000000001,1.1478260869565224,0.21739130434782583,30
כאן 11,overnight,2-3m,2.2333333333333334,1,2,0.20666666666666672,0.20000000000000004,0.20000000000000007,0.967741935483871,0.032258064516129115,30
כאן 11,overnight,2-3m,2.65,0,1,0.20666666666666672,0.2,0.2133333333333334,1.032258064516129,0.032258064516129226,30
כאן 11,overnight,2-3m,2.1166666666666667,0,1,0.20000000000000007,0.20000000000000004,0.20000000000000007,1.0,1.1102230246251565e-16,29
כאן 11,overnight,2-3m,2.0833333333333335,1,2,0.20000000000000007,0.26666666666666666,0.20888888888888893,1.0444444444444443,-0.3333333333333328,29
כאן 11,overnight,1-2m,1.9666666666666663,1,2,0.07407407407407407,0.0,0.05333333333333334,0.7200000000000001,1.0,27
כאן 11,overnight,1-2m,1.9166666666666667,0,1,0.152,0.20000000000000004,0.16,1.0526315789473684,-0.31578947368421084,25
כאן 11,overnight,1-2m,1.25,0,1,0.10370370370370371,0.4,0.18666666666666665,1.7999999999999996,-2.8571428571428568,27
כאן 11,morning,1-2m,1.2333333333333334,0,1,0.36999999999999994,0.55,0.35333333333333333,0.9549549549549551,-0.48648648648648685,30
כאן 11,afternoon,1-2m,1.15,0,1,1.0719999999999998,1.0,0.9666666666666668,0.9017412935323386,0.06716417910447747,25
כאן 11,afternoon,1-2m,1.2166666666666666,1,2,0.9900000000000002,1.0333333333333334,0.9644444444444445,0.9741863075196407,-0.04377104377104368,30
כאן 11,afternoon,1-2m,1.4166666666666667,0,1,1.6266666666666667,1.15,1.1400000000000001,0.7008196721311476,0.2930327868852459,30
כאן 11,afternoon,<1m,0.8666666666666667,0,1,1.8500000000000003,1.8,1.646666666666667,0.8900900900900901,0.027027027027027195,28
כאן 11,early_evening,1-2m,1.1333333333333333,0,1,2.1566666666666667,2.5,2.4799999999999995,1.149922720247295,-0.15919629057187024,30
כאן 11,early_evening,1-2m,1.6833333333333331,0,1,2.55,2.9333333333333336,2.6666666666666665,1.0457516339869282,-0.15032679738562105,30
כאן 11,early_evening,<1m,0.5,0,1,3.4533333333333336,3.2,3.9666666666666672,1.1486486486486487,0.07335907335907332,30
כאן 11,late_evening,1-2m,1.5166666666666666,0,1,6.87,5.5,5.646666666666666,0.8219311014070838,0.19941775836972342,30
כאן 11,late_evening,2-3m,2.15,0,1,7.489999999999999,6.566666666666666,6.926666666666667,0.9247886070315978,0.12327547841566533,30
כאן 11,late_evening,2-3m,2.5,1,2,5.346666666666667,3.7750000000000004,5.341666666666667,0.9990648379052369,0.2939526184538652,30
כאן 11,late_evening,2-3m,2.4833333333333334,0,1,2.043333333333334,1.8333333333333333,2.04,0.9983686786296898,0.10277324632952722,30
עכשיו 14,overnight,1-2m,1.6833333333333331,0,1,0.6066666666666668,0.5,0.5733333333333334,0.9450549450549449,0.17582417582417598,30
עכשיו 14,overnight,<1m,0.8666666666666667,0,1,0.30000000000000004,0.3,0.29999999999999993,0.9999999999999997,2.220446049250313e-16,30
עכשיו 14,morning,1-2m,1.35,0,1,1.2413793103448278,1.2000000000000002,0.9866666666666667,0.7948148148148146,0.03333333333333344,29
עכשיו 14,morning,1-2m,1.35,0,1,2.4103448275862065,2.3666666666666667,2.3400000000000003,0.9708154506437771,0.01812112541726263,29
עכשיו 14,morning,<1m,0.5833333333333334,0,1,2.4037037037037035,2.3,2.3400000000000003,0.9734976887519262,0.04314329738058553,27
עכשיו 14,morning,4-6m,4.25,0,1,3.314285714285714,3.0799999999999996,3.0733333333333337,0.9272988505747128,0.07068965517241388,28
עכשיו 14,morning,1-2m,1.5833333333333333,0,1,3.579310344827586,3.7,3.7000000000000015,1.0337186897880544,-0.033718689788054146,29
עכשיו 14,morning,<1m,0.8666666666666667,0,1,3.582142857142857,3.7,3.7000000000000015,1.0329012961116655,-0.032901296111665035,28
עכשיו 14,morning,1-2m,1.85,0,1,2.982142857142857,3.1333333333333333,2.926666666666667,0.9813972055888225,-0.050698602794411185,28
עכשיו 14,morning,2-3m,2.6333333333333333,0,1,2.925925925925926,2.95,2.9000000000000004,0.9911392405063292,-0.008227848101265867,27
עכשיו 14,morning,1-2m,1.3333333333333333,0,1,2.964,3.2,2.9000000000000004,0.9784075573549259,-0.07962213225371118,25
עכשיו 14,afternoon,1-2m,1.0833333333333333,0,1,2.055172413793103,1.7,1.7733333333333332,0.8628635346756153,0.17281879194630856,29
עכשיו 14,afternoon,1-2m,1.5833333333333333,0,1,2.667857142857143,2.733333333333333,2.7066666666666674,1.01454707719768,-0.0245426149040604,28
עכשיו 14,afternoon,<1m,0.8666666666666667,0,1,2.6370370370370373,2.7,2.7066666666666674,1.0264044943820227,-0.023876404494381998,27
עכשיו 14,afternoon,1-2m,1.7166666666666666,0,1,3.3172413793103446,3.366666666666667,3.3400000000000003,1.006860706860707,-0.01489951489951502,29
עכשיו 14,afternoon,<1m,0.6333333333333333,0,1,3.37037037037037,3.1,3.3400000000000003,0.9909890109890113,0.08021978021978005,27
עכשיו 14,afternoon,<1m,0.8,0,1,2.87,2.5,2.686666666666667,0.9361207897793264,0.12891986062717775,30
עכשיו 14,afternoon,<1m,0.7333333333333333,0,1,1.4400000000000002,1.95,1.1266666666666665,0.7824074074074072,-0.3541666666666665,30
עכשיו 14,early_evening,1-2m,1.3333333333333333,0,1,3.51,3.1500000000000004,3.7933333333333334,1.080721747388414,0.10256410256410242,30
עכשיו 14,late_evening,3-4m,3.8666666666666663,0,1,6.124999999999999,5.92,5.8133333333333335,0.9491156462585035,0.03346938775510189,28
עכשיו 14,late_evening,1-2m,1.2666666666666666,0,1,6.244,5.6,5.8133333333333335,0.9310271193679266,0.10313901345291487,25
עכשיו 14,late_evening,1-2m,1.45,0,1,7.693103448275862,7.3999999999999995,7.666666666666668,0.9965635738831617,0.03809950694755715,29
עכשיו 14,late_evening,4-6m,5.283333333333333,1,2,3.2900000000000005,3.15,3.2755555555555556,0.9956095913542721,0.042553191489361875,30
עכשיו 14,overnight,1-2m,1.1666666666666667,0,1,1.8814814814814813,1.5,1.586666666666667,0.8433070866141734,0.202755905511811,27
עכשיו 14,overnight,<1m,0.5666666666666667,0,1,1.8230769230769228,1.5,1.586666666666667,0.8703234880450073,0.17721518987341756,26
עכשיו 14,overnight,1-2m,1.6333333333333333,0,1,0.6999999999999997,0.7,0.6999999999999998,1.0000000000000002,-2.220446049250313e-16,30
עכשיו 14,overnight,<1m,1.0,0,1,0.6724137931034482,0.7,0.6799999999999999,1.0112820512820513,-0.0410256410256411,29
עכשיו 14,overnight,1-2m,1.2,0,1,0.3133333333333334,0.3,0.29999999999999993,0.9574468085106379,0.042553191489361986,30
עכשיו 14,overnight,1-2m,1.55,0,1,0.51,0.75,0.6333333333333334,1.2418300653594772,-0.47058823529411753,30
עכשיו 14,morning,1-2m,1.4666666666666666,0,1,1.4448275862068962,1.3,1.3133333333333335,0.9089896579156725,0.10023866348448662,29
עכשיו 14,morning,1-2m,1.3166666666666669,0,1,3.1821428571428574,3.3499999999999996,3.2466666666666657,1.0202768424990643,-0.052749719416385954,28
עכשיו 14,morning,<1m,1.0,0,1,3.1821428571428574,3.3,3.2466666666666657,1.0202768424990643,-0.03703703703703698,28
עכשיו 14,morning,3-4m,3.066666666666667,0,1,3.3500000000000005,3.4000000000000004,3.353333333333333,1.0009950248756216,-0.014925373134328401,28
עכשיו 14,morning,1-2m,1.85,0,1,2.9172413793103456,2.9,3.1733333333333325,1.0877856579984233,0.005910165484633856,29
עכשיו 14,morning,1-2m,1.05,0,1,2.0433333333333334,1.9,2.086666666666667,1.0212071778140295,0.07014681892332797,30
עכשיו 14,morning,1-2m,1.5666666666666669,0,1,1.2296296296296294,1.45,1.3066666666666664,1.0626506024096385,-0.17921686746987975,27
עכשיו 14,morning,2-3m,2.4166666666666665,1,2,1.1714285714285713,1.2,1.2266666666666666,1.0471544715447154,-0.024390243902439046,28
עכשיו 14,morning,1-2m,1.3666666666666667,0,1,1.207142857142857,1.2666666666666666,0.9866666666666665,0.8173570019723865,-0.04930966469428011,28
עכשיו 14,morning,1-2m,1.0166666666666666,1,2,1.2851851851851852,1.2,1.2699999999999998,0.9881844380403456,0.06628242074927959,27
עכשיו 14,afternoon,3-4m,3.15,1,2,2.3566666666666674,2.325,2.3333333333333335,0.9900990099009899,0.013437057991513623,30
עכשיו 14,afternoon,<1m,0.4333333333333333,0,1,3.4892857142857143,3.4,3.5733333333333324,1.0240873422040255,0.025588536335721668,28
עכשיו 14,afternoon,1-2m,1.7666666666666666,1,2,3.293103448275862,3.5,3.2311111111111113,0.9811751018033741,-0.06282722513089012,29
עכשיו 14,early_evening,1-2m,1.5,1,2,3.784,4.0,3.79,1.001585623678647,-0.05708245243128962,25
עכשיו 14,early_evening,1-2m,1.7833333333333334,0,1,3.903846153846154,3.5333333333333337,3.8200000000000003,0.9785221674876847,0.09490968801313626,26
עכשיו 14,early_evening,<1m,0.85,0,1,3.9916666666666667,3.7,3.8200000000000003,0.9569937369519833,0.07306889352818369,24
עכשיו 14,early_evening,<1m,0.75,0,1,5.045833333333333,5.75,5.300000000000001,1.050371593724195,-0.1395540875309662,24
עכשיו 14,early_evening,1-2m,1.5666666666666669,0,1,5.028,5.3999999999999995,5.300000000000001,1.0540970564836916,-0.07398568019093088,25
עכשיו 14,early_evening,1-2m,1.45,1,2,5.0360000000000005,4.800000000000001,5.09,1.0107227958697378,0.046862589356632234,25
עכשיו 14,early_evening,1-2m,1.5,0,1,6.325,6.35,6.426666666666666,1.0160737812911724,-0.0039525691699604515,28
עכשיו 14,early_evening,1-2m,1.4166666666666667,0,1,6.432142857142857,6.05,6.426666666666666,0.9991486211364056,0.059411438089949975,28
עכשיו 14,late_evening,2-3m,2.5833333333333335,0,1,9.267857142857142,8.8,9.120000000000001,0.9840462427745666,0.05048169556840065,28
עכשיו 14,late_evening,1-2m,1.6,0,1,9.25925925925926,8.6,9.120000000000001,0.9849600000000001,0.07120000000000004,27
עכשיו 14,late_evening,1-2m,1.4333333333333331,0,1,9.171428571428573,8.55,9.053333333333335,0.9871235721703011,0.06775700934579443,28
עכשיו 14,late_evening,1-2m,1.3666666666666667,0,1,9.064285714285713,7.85,9.053333333333335,0.9987916995009196,0.13396375098502755,28
עכשיו 14,late_evening,2-3m,2.283333333333333,0,1,4.766666666666666,4.566666666666666,5.113333333333332,1.0727272727272728,0.04195804195804187,30
עכשיו 14,late_evening,3-4m,3.216666666666667,0,1,2.6034482758620694,2.12,2.42,0.9295364238410594,0.1856953642384107,29
עכשיו 14,late_evening,1-2m,1.1833333333333331,0,1,2.4884615384615385,2.0,2.42,0.9724884080370942,0.19629057187017007,26
עכשיו 14,overnight,1-2m,1.8666666666666667,0,1,1.8703703703703705,2.2,2.0800000000000005,1.1120792079207924,-0.17623762376237617,27
עכשיו 14,overnight,1-2m,1.3,0,1,1.7692307692307692,2.1,2.0800000000000005,1.1756521739130439,-0.18695652173913047,26
עכשיו 14,overnight,1-2m,1.75,0,1,1.4214285714285713,1.3,1.3800000000000001,0.9708542713567841,0.08542713567839177,28
עכשיו 14,overnight,<1m,0.95,0,1,1.4222222222222223,1.3,1.3800000000000001,0.9703125,0.0859375,27
עכשיו 14,overnight,4-6m,4.016666666666667,1,2,1.1533333333333333,1.0,1.056,0.9156069364161851,0.1329479768786127,30
עכשיו 14,overnight,2-3m,2.6666666666666665,0,1,0.30000000000000004,0.3,0.29999999999999993,0.9999999999999997,2.220446049250313e-16,30
עכשיו 14,overnight,2-3m,2.3833333333333333,0,1,0.6533333333333337,0.8000000000000002,0.6933333333333332,1.0612244897959178,-0.22448979591836693,30
עכשיו 14,overnight,1-2m,1.65,0,1,0.5933333333333334,0.6,0.5799999999999998,0.9775280898876402,-0.01123595505617958,30
עכשיו 14,morning,1-2m,1.3166666666666669,0,1,1.28,1.1666666666666667,1.133333333333333,0.8854166666666664,0.08854166666666663,30
עכשיו 14,morning,1-2m,1.45,0,1,2.779999999999999,3.2000000000000006,3.026666666666666,1.0887290167865709,-0.1510791366906481,30
עכשיו 14,morning,3-4m,3.4166666666666665,1,2,2.8866666666666663,2.7249999999999996,2.986666666666667,1.0346420323325638,0.0560046189376443,30
עכשיו 14,morning,1-2m,1.0333333333333334,0,1,1.8928571428571428,1.5,1.6466666666666663,0.8699371069182388,0.2075471698113207,28
עכשיו 14,morning,1-2m,1.9,0,1,1.539285714285714,1.3999999999999997,1.5333333333333339,0.9961330239752519,0.09048723897911837,28
עכשיו 14,morning,<1m,0.8833333333333333,0,1,1.5037037037037035,1.6,1.5333333333333337,1.0197044334975374,-0.06403940886699533,27
עכשיו 14,morning,1-2m,1.3333333333333333,0,1,2.079310344827586,2.1500000000000004,2.213333333333333,1.0644555002763958,-0.03399668325041483,29
עכשיו 14,afternoon,1-2m,1.7833333333333334,0,1,1.9214285714285715,1.6666666666666667,1.7866666666666668,0.9298636926889715,0.13258983890954146,28
עכשיו 14,afternoon,<1m,0.9833333333333332,0,1,2.389285714285714,2.4,2.433333333333333,1.018435475834579,-0.004484304932735661,28
עכשיו 14,afternoon,<1m,0.8,0,1,2.367857142857143,2.25,2.433333333333333,1.0276520864756158,0.04977375565610864,28
עכשיו 14,afternoon,<1m,0.4833333333333333,0,1,2.1999999999999997,1.9,2.0866666666666664,0.9484848484848485,0.13636363636363635,27
עכשיו 14,afternoon,<1m,1.0,0,1,2.6250000000000004,2.65,2.506666666666667,0.9549206349206348,-0.009523809523809268,28
עכשיו 14,afternoon,<1m,0.5,0,1,2.6370370370370377,2.5,2.506666666666667,0.9505617977528088,0.051966292134831726,27
עכשיו 14,afternoon,1-2m,1.5333333333333334,0,1,3.315384615384616,3.1500000000000004,3.373333333333334,1.0174787316318639,0.04988399071925764,26
עכשיו 14,afternoon,1-2m,1.0833333333333333,0,1,3.3615384615384616,3.1,3.373333333333334,1.0035087719298248,0.0778032036613272,26
עכשיו 14,afternoon,1-2m,1.4666666666666666,1,2,3.3925925925925924,3.1333333333333333,3.3288888888888892,0.981222707423581,0.07641921397379903,27
עכשיו 14,early_evening,1-2m,1.3166666666666669,1,2,3.7576923076923077,3.9,3.7366666666666672,0.9944046400545891,-0.03787103377686796,26
עכשיו 14,early_evening,4-6m,4.316666666666666,0,1,5.736666666666666,5.360000000000001,5.573333333333334,0.9715281812899479,0.06565950029052847,30
עכשיו 14,early_evening,1-2m,1.9833333333333336,0,1,7.336666666666667,7.0,7.5666666666666655,1.031349386642435,0.04588823262153574,30
עכשיו 14,late_evening,4-6m,5.066666666666666,1,2,8.796666666666665,7.55,8.465555555555556,0.9623594796008591,0.1417203486169002,30
עכשיו 14,late_evening,2-3m,2.5,0,1,7.613793103448275,7.1,7.3999999999999995,0.9719202898550725,0.06748188405797095,29
עכשיו 14,late_evening,1-2m,1.2,0,1,7.485185185185186,6.949999999999999,7.3999999999999995,0.9886194952993566,0.0714992577931719,27
עכשיו 14,late_evening,1-2m,1.4166666666666667,0,1,4.982758620689655,4.866666666666666,5.286666666666667,1.0609919261822378,0.023298731257208827,29
עכשיו 14,late_evening,3-4m,3.45,0,1,2.1357142857142852,2.62,2.3200000000000003,1.0862876254180607,-0.22675585284280975,28
עכשיו 14,late_evening,1-2m,1.65,0,1,2.052,2.3499999999999996,2.3200000000000003,1.1306042884990255,-0.14522417153996092,25
עכשיו 14,overnight,<1m,0.8666666666666667,0,1,1.3896551724137927,1.3,1.3600000000000003,0.9786600496277921,0.06451612903225779,29
עכשיו 14,overnight,3-4m,3.3,0,1,0.6,0.7,0.6999999999999998,1.1666666666666665,-0.16666666666666674,30
עכשיו 14,overnight,3-4m,3.3,0,1,0.3066666666666667,0.3,0.29999999999999993,0.9782608695652171,0.021739130434782705,30
עכשיו 14,morning,2-3m,2.0833333333333335,0,1,1.33448275862069,1.2,1.1666666666666665,0.8742463393626181,0.1007751937984499,29
עכשיו 14,morning,2-3m,2.6,0,1,3.1035714285714278,3.05,3.173333333333333,1.0224779439969314,0.017261219792865212,28
עכשיו 14,morning,4-6m,4.666666666666667,0,1,2.9700000000000006,3.1799999999999997,3.2,1.0774410774410772,-0.07070707070707027,30
עכשיו 14,morning,1-2m,1.8333333333333333,1,2,2.644444444444444,2.566666666666667,2.5977777777777784,0.982352941176471,0.029411764705882137,27
עכשיו 14,morning,<1m,0.8666666666666667,0,1,2.5846153846153843,2.6,2.52,0.9750000000000001,-0.005952380952381153,26
עכשיו 14,morning,3-4m,3.7333333333333334,1,2,1.3964285714285716,1.3199999999999998,1.3440000000000003,0.962455242966752,0.054731457800511696,28
עכשיו 14,morning,<1m,0.8666666666666667,0,1,1.3039999999999998,1.3,1.28,0.98159509202454,0.0030674846625765584,25
עכשיו 14,morning,1-2m,1.4666666666666666,0,1,1.617857142857143,1.8,1.7133333333333338,1.0590139808682857,-0.11258278145695355,28
עכשיו 14,morning,<1m,0.9333333333333332,0,1,1.625,1.6,1.7133333333333338,1.0543589743589747,0.01538461538461533,28
עכשיו 14,afternoon,<1m,0.7833333333333333,0,1,2.237037037037037,2.4,2.4200000000000004,1.0817880794701988,-0.07284768211920523,27
עכשיו 14,afternoon,<1m,0.8666666666666667,1,2,2.2185185185185183,2.0,2.25,1.0141903171953257,0.09849749582637723,27
עכשיו 14,afternoon,1-2m,1.2833333333333334,0,1,2.2607142857142857,2.55,2.58,1.1412322274881517,-0.12796208530805675,28
עכשיו 14,afternoon,<1m,0.8666666666666667,0,1,2.3142857142857145,2.5,2.58,1.1148148148148147,-0.08024691358024683,28
עכשיו 14,afternoon,2-3m,2.1,0,1,2.2,2.2,2.2266666666666666,1.012121212121212,0.0,28
עכשיו 14,afternoon,<1m,0.9333333333333332,0,1,2.184615384615385,2.1,2.2266666666666666,1.0192488262910797,0.03873239436619724,26
עכשיו 14,afternoon,<1m,0.9166666666666666,0,1,1.671428571428571,1.5499999999999998,1.3733333333333333,0.8216524216524218,0.0726495726495725,28
עכשיו 14,afternoon,<1m,0.7666666666666667,0,1,1.6357142857142857,1.2999999999999998,1.3733333333333333,0.8395924308588064,0.20524017467248923,28
עכשיו 14,afternoon,1-2m,1.5833333333333333,0,1,2.403846153846154,2.3,2.3,0.9567999999999998,0.04320000000000024,26
עכשיו 14,afternoon,<1m,0.5666666666666667,0,1,2.434615384615385,2.3,2.3,0.9447077409162715,0.05529225908372848,26
עכשיו 14,afternoon,1-2m,1.3333333333333333,1,2,2.465384615384615,2.55,2.4533333333333336,0.9951118044721792,-0.03432137285491432,26
עכשיו 14,early_evening,2-3m,2.466666666666667,0,1,2.640740740740741,2.6999999999999997,2.7999999999999994,1.0603085553997191,-0.022440392706872148,27
עכשיו 14,early_evening,2-3m,2.1166666666666667,1,2,2.640740740740741,2.25,2.4699999999999998,0.9353436185133238,0.14796633941093973,27
עכשיו 14,early_evening,2-3m,2.216666666666667,0,1,4.054166666666666,4.3,4.1866666666666665,1.032682425488181,-0.060637204522096644,24
עכשיו 14,early_evening,1-2m,1.95,0,1,4.0346153846153845,3.9,3.9466666666666668,0.9782014617095647,0.03336510962821737,26
עכשיו 14,early_evening,4-6m,4.5,0,1,5.253333333333333,4.633333333333334,5.026666666666667,0.9568527918781727,0.11802030456852775,30
עכשיו 14,early_evening,1-2m,2.0,0,1,6.8,6.166666666666667,7.126666666666666,1.0480392156862743,0.09313725490196068,30
עכשיו 14,late_evening,2-3m,2.4,0,1,11.926666666666668,11.066666666666668,11.833333333333334,0.9921743991056455,0.07210732252655105,30
עכשיו 14,late_evening,1-2m,1.2666666666666666,0,1,12.083333333333332,11.3,12.106666666666666,1.0019310344827586,0.06482758620689644,30
עכשיו 14,late_evening,<1m,0.8333333333333334,0,1,8.239285714285712,8.4,8.993333333333334,1.0915185666811158,-0.019505851755526882,28
עכשיו 14,overnight,1-2m,1.6166666666666667,0,1,5.7620689655172415,5.933333333333334,5.813333333333335,1.008896868142829,-0.02972272092559347,29
עכשיו 14,overnight,1-2m,1.2333333333333334,0,1,5.689285714285714,5.85,5.813333333333334,1.0218037246285836,-0.02824858757062154,28
עכשיו 14,overnight,1-2m,1.0833333333333333,0,1,4.0285714285714285,3.8499999999999996,4.1,1.0177304964539007,0.04432624113475181,28
עכשיו 14,morning,1-2m,1.3333333333333333,0,1,3.8034482758620696,3.6666666666666665,3.6400000000000006,0.957026291931097,0.035962526443034326,29
עכשיו 14,morning,1-2m,1.25,0,1,4.158620689655172,4.050000000000001,4.260000000000001,1.0243781094527367,0.026119402985074425,29
עכשיו 14,morning,<1m,0.8333333333333334,0,1,5.125925925925926,4.85,4.866666666666666,0.949421965317919,0.05382947976878616,27
עכשיו 14,morning,2-3m,2.8,0,1,5.028571428571429,4.666666666666666,4.866666666666666,0.96780303030303,0.07196969696969724,28
עכשיו 14,morning,1-2m,1.9,0,1,4.403703703703704,4.366666666666666,4.54,1.0309503784693017,0.008410428931875713,27
עכשיו 14,morning,<1m,0.5333333333333333,0,1,4.4,4.5,4.54,1.0318181818181817,-0.022727272727272707,25
עכשיו 14,morning,<1m,0.95,0,1,3.525925925925926,3.65,3.5866666666666664,1.0172268907563025,-0.035189075630251976,27
עכשיו 14,morning,<1m,0.75,1,2,3.4740740740740743,3.3,3.49,1.004584221748401,0.05010660980810244,27
עכשיו 14,morning,<1m,0.9,0,1,3.444444444444445,3.45,3.393333333333334,0.9851612903225806,-0.001612903225806317,27
עכשיו 14,morning,2-3m,2.066666666666667,1,2,3.5310344827586215,3.3666666666666667,3.542222222222223,1.0031684027777779,0.04654947916666685,29
עכשיו 14,morning,<1m,0.8666666666666667,0,1,3.582142857142858,3.3,3.520000000000001,0.9826520438683948,0.07876370887338013,28
עכשיו 14,afternoon,1-2m,1.3333333333333333,0,1,3.6000000000000005,3.8,3.9666666666666672,1.1018518518518519,-0.05555555555555536,28
עכשיו 14,afternoon,<1m,1.0,0,1,3.7535714285714286,3.95,3.9666666666666672,1.0567713288931178,-0.05233111322549955,28
עכשיו 14,afternoon,2-3m,2.1666666666666665,0,1,4.278571428571428,3.966666666666667,3.9933333333333336,0.9333333333333336,0.0728992765720643,28
עכשיו 14,afternoon,<1m,1.0,0,1,4.17037037037037,3.9,3.9933333333333336,0.9575488454706929,0.06483126110124326,27
עכשיו 14,afternoon,1-2m,1.3,0,1,3.1111111111111116,3.05,3.106666666666667,0.9985714285714284,0.019642857142857406,27
עכשיו 14,afternoon,1-2m,1.3,1,2,3.0857142857142863,2.9333333333333336,3.06,0.9916666666666665,0.049382716049382824,28
עכשיו 14,afternoon,1-2m,1.5,0,1,3.3071428571428574,3.1,3.2800000000000002,0.991792656587473,0.06263498920086397,28
עכשיו 14,afternoon,<1m,0.5166666666666667,0,1,3.3037037037037043,2.9,3.2800000000000002,0.9928251121076233,0.12219730941704054,27
עכשיו 14,afternoon,2-3m,2.0166666666666666,0,1,4.0321428571428575,4.166666666666666,4.1066666666666665,1.0184824328314142,-0.03336285798641847,28
עכשיו 14,afternoon,1-2m,1.0666666666666669,0,1,4.044444444444444,4.1,3.9933333333333336,0.9873626373626375,-0.013736263736263687,27
עכשיו 14,early_evening,1-2m,1.95,0,1,4.770370370370371,4.533333333333333,4.613333333333333,0.9670807453416148,0.049689440993788914,27
עכשיו 14,early_evening,<1m,0.5833333333333334,0,1,4.896,4.2,4.613333333333333,0.9422657952069717,0.14215686274509798,25
עכשיו 14,early_evening,1-2m,1.0833333333333333,0,1,5.508333333333333,5.0,5.446666666666666,0.9888048411497731,0.09228441754916783,24
עכשיו 14,early_evening,<1m,0.85,0,1,5.4750000000000005,5.3,5.446666666666666,0.9948249619482494,0.03196347031963487,24
עכשיו 14,early_evening,1-2m,1.3333333333333333,0,1,5.496296296296297,5.266666666666667,5.406666666666667,0.9836927223719676,0.04177897574124001,27
עכשיו 14,early_evening,2-3m,2.783333333333333,0,1,6.426666666666665,7.025,7.1400000000000015,1.1109958506224071,-0.09310165975103768,30
עכשיו 14,early_evening,1-2m,2.0,0,1,9.373333333333333,8.9,9.406666666666666,1.003556187766714,0.050497866287339876,30
עכשיו 14,late_evening,1-2m,1.4166666666666667,0,1,10.616,9.649999999999999,9.813333333333333,0.9243908565687012,0.0909947249434816,25
עכשיו 14,late_evening,4-6m,4.316666666666666,0,1,10.685714285714285,9.120000000000001,9.813333333333333,0.9183600713012477,0.14652406417112285,28
עכשיו 14,late_evening,1-2m,1.6333333333333333,0,1,10.662068965517241,9.5,10.326666666666666,0.9685424752048296,0.1089909443725744,29
עכשיו 14,late_evening,<1m,0.7,0,1,10.62857142857143,8.850000000000001,10.326666666666666,0.9715949820788529,0.16733870967741937,28
עכשיו 14,late_evening,1-2m,1.1,0,1,4.776666666666666,4.75,4.96,1.0383810188415912,0.005582693649685888,30
עכשיו 14,late_evening,1-2m,1.2666666666666666,0,1,2.514814814814815,2.9,3.0066666666666664,1.1955817378497788,-0.15316642120765822,27
עכשיו 14,late_evening,1-2m,1.2,0,1,2.5000000000000004,2.9,3.0066666666666664,1.2026666666666663,-0.1599999999999997,25
עכשיו 14,overnight,1-2m,1.45,0,1,1.6925925925925924,1.5666666666666667,1.8933333333333335,1.1185995623632388,0.07439824945295392,27
עכשיו 14,overnight,<1m,0.5666666666666667,0,1,0.9033333333333331,0.8,0.7799999999999998,0.8634686346863468,0.11439114391143879,30
עכשיו 14,overnight,2-3m,2.6,0,1,0.8100000000000002,0.8,0.8066666666666669,0.9958847736625515,0.012345679012345845,30
עכשיו 14,overnight,3-4m,3.3333333333333335,0,1,0.3166666666666667,0.3,0.32,1.0105263157894735,0.052631578947368585,30
עכשיו 14,overnight,2-3m,2.816666666666667,0,1,0.3206896551724138,0.3,0.31333333333333324,0.9770609318996412,0.06451612903225823,29
עכשיו 14,morning,1-2m,1.3333333333333333,0,1,1.4535714285714285,0.85,1.1866666666666665,0.8163800163800163,0.41523341523341517,28
עכשיו 14,morning,1-2m,1.4666666666666666,0,1,2.5933333333333333,2.5,2.68,1.0334190231362468,0.03598971722365041,30
עכשיו 14,morning,1-2m,1.9166666666666667,0,1,3.360714285714286,3.2999999999999994,3.366666666666666,1.0017711654268504,0.01806588735387915,28
עכשיו 14,morning,2-3m,2.183333333333333,0,1,3.4035714285714285,3.2999999999999994,3.366666666666666,0.9891570479188525,0.030430220356768234,28
עכשיו 14,morning,2-3m,2.05,0,1,3.957142857142858,4.166666666666667,4.166666666666668,1.05294825511432,-0.052948255114319887,28
עכשיו 14,morning,1-2m,1.55,0,1,3.014814814814815,2.9,2.9333333333333322,0.9729729729729726,0.03808353808353815,27
עכשיו 14,morning,1-2m,1.2833333333333334,0,1,2.9571428571428564,2.8666666666666667,2.9333333333333322,0.9919484702093396,0.03059581320450866,28
עכשיו 14,morning,2-3m,2.1333333333333333,0,1,2.43448275862069,2.4,2.5333333333333328,1.0406043437204908,0.014164305949008638,29
עכשיו 14,afternoon,1-2m,1.25,0,1,2.1107142857142853,2.1333333333333333,2.1066666666666665,0.9980823463056967,-0.010716300056401673,28
עכשיו 14,afternoon,1-2m,1.2833333333333334,0,1,2.059259259259259,2.15,2.1066666666666665,1.023021582733813,-0.04406474820143891,27
עכשיו 14,afternoon,2-3m,2.15,0,1,1.7071428571428575,1.7666666666666666,1.7333333333333332,1.01534170153417,-0.03486750348675005,28
עכשיו 14,afternoon,<1m,0.9833333333333332,0,1,1.6962962962962966,1.7,1.673333333333333,0.9864628820960694,-0.0021834061135368454,27
עכשיו 14,afternoon,1-2m,1.0833333333333333,0,1,2.233333333333334,2.0,2.033333333333333,0.9104477611940296,0.1044776119402987,27
עכשיו 14,afternoon,1-2m,1.4666666666666666,0,1,2.32962962962963,2.2,2.033333333333333,0.8728139904610491,0.055643879173290944,27
עכשיו 14,afternoon,1-2m,1.5,0,1,2.9000000000000004,2.3666666666666667,2.7933333333333343,0.9632183908045979,0.1839080459770116,29
עכשיו 14,afternoon,<1m,0.6666666666666666,0,1,2.914814814814815,2.3,2.8533333333333335,0.9789072426937738,0.21092757306226184,27
עכשיו 14,afternoon,1-2m,1.8333333333333333,0,1,3.25925925925926,3.1333333333333333,3.2199999999999993,0.987954545454545,0.0386363636363638,27
עכשיו 14,afternoon,1-2m,1.3,0,1,3.255555555555556,3.0,3.2133333333333334,0.9870307167235494,0.07849829351535853,27
עכשיו 14,early_evening,1-2m,1.7833333333333334,0,1,3.0038461538461543,2.8000000000000003,2.813333333333333,0.9365770379854884,0.06786171574903976,26
עכשיו 14,early_evening,<1m,0.85,0,1,3.28,2.95,3.4066666666666667,1.038617886178862,0.10060975609756084,25
עכשיו 14,early_evening,<1m,0.4166666666666667,0,1,4.939130434782609,5.1,4.826666666666667,0.9772300469483569,-0.03257042253521125,23
עכשיו 14,early_evening,1-2m,1.2,0,1,4.952,4.7,4.826666666666667,0.9746903607969845,0.05088852988691428,25
עכשיו 14,early_evening,2-3m,2.05,1,2,4.988888888888888,4.466666666666667,4.9866666666666655,0.999554565701559,0.1046770601336301,27
עכשיו 14,early_evening,3-4m,3.1166666666666667,0,1,5.876666666666666,5.4,5.826666666666667,0.9914917753828703,0.08111174134997146,30
עכשיו 14,early_evening,1-2m,2.0,0,1,8.186666666666667,7.833333333333333,8.18,0.9991856677524429,0.0431596091205213,30
עכשיו 14,late_evening,3-4m,3.4166666666666665,0,1,9.896666666666668,9.360000000000001,9.613333333333335,0.9713708319299428,0.05422701246210848,30
עכשיו 14,late_evening,1-2m,1.0166666666666666,0,1,8.258620689655173,7.9,8.513333333333334,1.0308420320111342,0.04342379958246345,29
עכשיו 14,late_evening,1-2m,1.1666666666666667,0,1,8.196551724137931,7.85,8.513333333333334,1.0386481559388585,0.042280185107278156,29
עכשיו 14,late_evening,<1m,0.9666666666666668,0,1,5.255172413793104,4.7,5.1,0.9704724409448817,0.10564304461942253,29
עכשיו 14,late_evening,1-2m,1.6333333333333333,0,1,3.5928571428571425,3.55,3.9933333333333327,1.1114645460569914,0.011928429423459175,28
עכשיו 14,overnight,1-2m,1.2166666666666666,0,1,1.0733333333333337,1.0,1.0599999999999998,0.9875776397515523,0.06832298136645998,30
עכשיו 14,overnight,1-2m,1.2166666666666666,0,1,0.53,0.5,0.46000000000000013,0.867924528301887,0.05660377358490576,30
עכשיו 14,morning,1-2m,1.2,0,1,1.5000000000000002,1.7,1.6933333333333331,1.1288888888888886,-0.13333333333333308,29
עכשיו 14,morning,1-2m,1.5,0,1,2.7571428571428567,2.8,2.8333333333333335,1.0276338514680485,-0.015544041450777257,28
עכשיו 14,morning,1-2m,1.3833333333333333,0,1,5.521428571428571,4.966666666666667,5.286666666666667,0.957481673134972,0.10047434238896069,28
עכשיו 14,morning,<1m,0.9833333333333332,0,1,5.566666666666667,5.0,5.286666666666667,0.9497005988023952,0.10179640718562888,27
עכשיו 14,morning,1-2m,1.15,0,1,4.710714285714286,4.85,4.733333333333333,1.0048016173869092,-0.029567854435178065,28
עכשיו 14,morning,<1m,0.55,0,1,4.6000000000000005,4.65,4.733333333333333,1.0289855072463767,-0.010869565217391353,28
עכשיו 14,morning,1-2m,1.2666666666666666,0,1,3.962962962962963,4.05,3.88,0.9790654205607476,-0.021962616822429837,27
עכשיו 14,morning,1-2m,1.7166666666666666,1,2,3.946428571428572,3.4333333333333336,3.8911111111111114,0.9859829059829059,0.13001508295625952,28
עכשיו 14,morning,1-2m,1.3,0,1,4.082758620689655,3.8000000000000003,3.9199999999999995,0.9601351351351349,0.06925675675675669,29
עכשיו 14,morning,<1m,0.45,1,2,4.128571428571428,3.9,4.083333333333333,0.9890426758938871,0.05536332179930792,28
עכשיו 14,afternoon,1-2m,1.6333333333333333,0,1,4.1,4.050000000000001,3.9266666666666663,0.9577235772357724,0.012195121951219301,28
עכשיו 14,afternoon,1-2m,1.5333333333333334,0,1,4.0,3.8,3.9266666666666663,0.9816666666666666,0.050000000000000044,28
עכשיו 14,afternoon,1-2m,1.4166666666666667,0,1,3.771428571428572,3.6500000000000004,3.6333333333333337,0.9633838383838385,0.032196969696969724,28
עכשיו 14,afternoon,<1m,0.9833333333333332,0,1,3.8392857142857144,3.6500000000000004,3.6333333333333337,0.9463565891472869,0.049302325581395245,28
עכשיו 14,afternoon,<1m,0.7166666666666667,0,1,3.8,3.5,3.746666666666667,0.9859649122807019,0.07894736842105254,27
עכשיו 14,afternoon,1-2m,1.4166666666666667,0,1,3.727586206896551,3.4333333333333336,3.7466666666666675,1.0051187172371265,0.07893925377736644,29
עכשיו 14,afternoon,1-2m,1.1833333333333331,0,1,2.6379310344827585,2.6999999999999997,2.4,0.9098039215686274,-0.0235294117647058,29
עכשיו 14,afternoon,<1m,0.7166666666666667,0,1,2.628571428571429,2.5,2.4,0.9130434782608694,0.048913043478260976,28
עכשיו 14,afternoon,<1m,0.65,0,1,1.3266666666666667,2.3,2.4600000000000004,1.85427135678392,-0.7336683417085426,30
עכשיו 14,early_evening,1-2m,1.8333333333333333,0,1,3.6733333333333333,3.3,4.12,1.1215970961887478,0.10163339382940118,30
עכשיו 14,late_evening,<1m,0.85,0,1,7.962068965517242,7.55,7.860000000000001,0.9871805976613254,0.051754006063230884,29
עכשיו 14,late_evening,<1m,0.4166666666666667,0,1,7.965517241379311,7.699999999999999,7.860000000000001,0.9867532467532468,0.03333333333333355,29
עכשיו 14,late_evening,1-2m,1.1166666666666667,0,1,8.813793103448274,7.6,8.780000000000001,0.9961658841940535,0.13771517996870097,29
עכשיו 14,late_evening,1-2m,1.0166666666666666,0,1,8.803448275862069,7.25,8.780000000000001,0.9973364669016844,0.17645906776341558,29
עכשיו 14,late_evening,2-3m,2.316666666666667,0,1,4.016666666666667,3.7999999999999994,3.98,0.9908713692946058,0.05394190871369309,30
עכשיו 14,overnight,1-2m,1.1666666666666667,0,1,1.9428571428571426,1.9,1.9333333333333336,0.9950980392156865,0.022058823529411686,28
עכשיו 14,overnight,1-2m,1.4,0,1,1.9206896551724133,1.8333333333333333,1.9333333333333336,1.0065828845002995,0.0454817474566126,29
עכשיו 14,overnight,1-2m,1.1166666666666667,0,1,1.5586206896551724,1.6,1.5600000000000003,1.0008849557522126,-0.026548672566371723,29
עכשיו 14,overnight,<1m,0.7666666666666667,0,1,1.5607142857142857,1.6,1.5600000000000003,0.99954233409611,-0.02517162471395884,28
עכשיו 14,overnight,2-3m,2.6666666666666665,0,1,1.103333333333333,0.875,1.24,1.123867069486405,0.20694864048338346,30
עכשיו 14,overnight,2-3m,2.6666666666666665,0,1,0.8000000000000003,0.8000000000000002,0.8000000000000003,1.0,1.1102230246251565e-16,30
עכשיו 14,overnight,<1m,0.8833333333333333,0,1,0.6133333333333331,0.4,0.5866666666666668,0.9565217391304354,0.3478260869565214,30
עכשיו 14,morning,<1m,0.8666666666666667,0,1,1.6275862068965519,1.65,1.3933333333333335,0.8560734463276837,-0.013771186440677763,29
עכשיו 14,morning,<1m,0.9333333333333332,0,1,2.5620689655172413,2.7,2.52,0.9835800807537013,-0.053835800807537026,29
עכשיו 14,morning,1-2m,1.55,0,1,2.5448275862068974,2.6333333333333333,2.58,1.0138211382113818,-0.03477868112014426,29
עכשיו 14,morning,1-2m,1.0666666666666669,0,1,2.4857142857142853,2.2,2.513333333333333,1.0111111111111113,0.11494252873563193,28
עכשיו 14,morning,1-2m,1.2,0,1,2.5035714285714286,2.55,2.513333333333333,1.0038991916310034,-0.01854493580599148,28
עכשיו 14,morning,1-2m,1.35,1,2,1.6535714285714285,1.7666666666666666,1.7022222222222219,1.0294216462682984,-0.06839452843772498,28
עכשיו 14,morning,1-2m,1.2833333333333334,0,1,1.596296296296296,1.6,1.4799999999999995,0.9271461716937354,-0.0023201856148493682,27
עכשיו 14,morning,<1m,0.7333333333333333,0,1,1.4172413793103447,1.4,1.413333333333333,0.9972424979724249,0.012165450121654486,29
עכשיו 14,morning,<1m,0.7333333333333333,0,1,1.4137931034482756,1.4,1.413333333333333,0.9996747967479676,0.009756097560975507,29
עכשיו 14,afternoon,1-2m,1.7,0,1,1.721428571428571,1.7000000000000002,1.8133333333333335,1.0533886583679117,0.012448132780082721,28
עכשיו 14,afternoon,1-2m,1.3166666666666669,0,1,1.7785714285714287,1.7000000000000002,1.8133333333333335,1.0195448460508703,0.04417670682730923,28
עכשיו 14,afternoon,<1m,0.8,0,1,1.9107142857142858,1.9,1.9533333333333334,1.0223052959501557,0.005607476635514086,28
עכשיו 14,afternoon,<1m,0.75,0,1,1.907142857142857,2.0,1.9533333333333334,1.024219725343321,-0.048689138576779145,28
עכשיו 14,afternoon,<1m,0.6333333333333333,0,1,2.3518518518518525,2.0,2.1133333333333333,0.898582677165354,0.14960629921259871,27
עכשיו 14,afternoon,1-2m,1.2166666666666666,1,2,2.3724137931034486,2.5333333333333337,2.3044444444444445,0.9713501291989663,-0.06782945736434098,29
עכשיו 14,afternoon,<1m,0.7333333333333333,0,1,2.1464285714285714,2.1,2.2466666666666675,1.0466999445368834,0.02163061564059887,28
עכשיו 14,afternoon,1-2m,1.5833333333333333,0,1,2.1310344827586207,2.1,2.2466666666666675,1.0542610571736788,0.014563106796116498,29
עכשיו 14,afternoon,1-2m,1.95,0,1,2.4321428571428574,2.566666666666667,2.4999999999999996,1.027900146842878,-0.05531081742535493,28
עכשיו 14,afternoon,1-2m,1.8166666666666669,0,1,2.4178571428571436,2.6333333333333333,2.4999999999999996,1.0339734121122595,-0.08911866075824681,28
עכשיו 14,early_evening,<1m,0.4333333333333333,0,1,4.025925925925926,4.15,3.8400000000000003,0.9538178472861086,-0.030818767249310097,27
עכשיו 14,early_evening,<1m,0.5666666666666667,0,1,4.0851851851851855,4.0,3.8400000000000003,0.9399818676337262,0.020852221214868627,27
עכשיו 14,early_evening,1-2m,1.2166666666666666,1,2,4.207407407407408,4.4,4.216666666666667,1.002200704225352,-0.04577464788732377,27
עכשיו 14,early_evening,<1m,0.3666666666666666,0,1,4.884615384615385,4.6,4.7,0.9622047244094488,0.05826771653543317,26
עכשיו 14,early_evening,<1m,0.95,0,1,4.907407407407407,4.6,4.7,0.9577358490566038,0.0626415094339623,27
עכשיו 14,early_evening,1-2m,1.9,0,1,5.483333333333333,5.266666666666667,5.573333333333333,1.0164133738601824,0.03951367781155013,30
עכשיו 14,early_evening,1-2m,1.6666666666666667,0,1,8.256666666666666,7.766666666666667,8.326666666666666,1.008477997577715,0.059345983044004735,30
עכשיו 14,late_evening,1-2m,1.0666666666666669,0,1,8.410344827586208,8.65,8.56,1.0177941779417794,-0.028495284952849476,29
עכשיו 14,late_evening,<1m,0.45,0,1,8.357142857142858,8.0,8.56,1.0242735042735043,0.042735042735042805,28
עכשיו 14,late_evening,<1m,0.7666666666666667,0,1,7.906666666666666,7.15,8.073333333333332,1.021079258010118,0.09569983136593585,30
עכשיו 14,late_evening,1-2m,1.0333333333333334,0,1,4.056666666666667,4.05,4.260000000000001,1.0501232539030405,0.0016433853738702098,30
עכשיו 14,late_evening,<1m,0.9166666666666666,0,1,2.0206896551724145,2.1,2.1466666666666665,1.0623435722411827,-0.039249146757678766,29
עכשיו 14,late_evening,<1m,0.4333333333333333,1,2,2.0000000000000004,2.0,2.006666666666667,1.0033333333333332,2.220446049250313e-16,29
עכשיו 14,overnight,<1m,0.95,1,2,1.146666666666667,1.3,1.163333333333333,1.0145348837209298,-0.13372093023255793,30
עכשיו 14,overnight,1-2m,1.75,0,1,0.8399999999999999,0.7666666666666666,0.9,1.0714285714285716,0.08730158730158721,30
עכשיו 14,morning,<1m,0.75,0,1,1.331034482758621,1.4,1.2066666666666663,0.906563039723661,-0.051813471502590414,29
עכשיו 14,morning,1-2m,1.0333333333333334,0,1,2.817241379310345,2.8666666666666667,3.026666666666666,1.0743370053039571,-0.01754385964912264,29
עכשיו 14,morning,1-2m,1.1333333333333333,0,1,2.464285714285715,2.6,2.5600000000000005,1.038840579710145,-0.0550724637681157,28
עכשיו 14,morning,1-2m,1.4166666666666667,0,1,1.8000000000000003,1.7,1.6866666666666668,0.937037037037037,0.05555555555555569,29
עכשיו 14,morning,<1m,0.5333333333333333,0,1,1.7758620689655176,1.7,1.6866666666666668,0.9497734627831714,0.042718446601941906,29
עכשיו 14,morning,1-2m,1.45,0,1,1.4655172413793105,1.5333333333333332,1.5400000000000003,1.0508235294117647,-0.04627450980392145,29
עכשיו 14,morning,<1m,1.0,0,1,1.4964285714285714,1.5,1.5400000000000003,1.0291169451073987,-0.0023866348448686736,28
עכשיו 14,morning,1-2m,1.3,0,1,1.5428571428571425,1.35,1.473333333333333,0.9549382716049383,0.12499999999999978,28
עכשיו 14,morning,<1m,0.9833333333333332,1,2,1.5214285714285716,1.4,1.4866666666666666,0.9771517996870108,0.0798122065727701,28
עכשיו 14,afternoon,1-2m,1.5,0,1,2.1250000000000004,2.1,2.153333333333334,1.0133333333333336,0.011764705882353121,28
עכשיו 14,afternoon,1-2m,1.45,0,1,2.1357142857142857,2.1666666666666665,2.153333333333334,1.0082497212932,-0.014492753623188248,28
עכשיו 14,afternoon,<1m,0.95,0,1,1.8821428571428573,1.6,1.7133333333333332,0.9103099304237823,0.14990512333965844,28
עכשיו 14,afternoon,<1m,0.9833333333333332,0,1,1.8678571428571424,1.5,1.7133333333333332,0.9172721478648822,0.19694072657743766,28
עכשיו 14,afternoon,<1m,0.85,0,1,1.9535714285714287,2.1,2.226666666666666,1.1397928092626444,-0.07495429616087756,28
עכשיו 14,afternoon,<1m,0.75,1,2,1.9535714285714285,2.05,1.9733333333333332,1.0101157830591103,-0.04936014625228524,28
עכשיו 14,afternoon,<1m,0.7166666666666667,0,1,1.9535714285714287,2.05,1.72,0.8804387568555758,-0.04936014625228502,28
עכשיו 14,afternoon,1-2m,1.1333333333333333,0,1,2.513793103448276,2.05,2.333333333333334,0.9282121627800642,0.18449931412894383,29
עכשיו 14,afternoon,1-2m,1.0166666666666666,0,1,2.5103448275862066,2.0,2.333333333333334,0.9294871794871798,0.20329670329670324,29
עכשיו 14,afternoon,3-4m,3.033333333333333,0,1,3.172413793103449,3.3249999999999997,3.4799999999999995,1.0969565217391302,-0.04809782608695623,29
עכשיו 14,afternoon,<1m,0.4666666666666667,1,2,3.15925925925926,2.95,3.1866666666666665,1.008675263774912,0.0662368112543964,27
עכשיו 14,early_evening,<1m,0.9333333333333332,0,1,3.396428571428572,2.9,3.1399999999999997,0.9245005257623552,0.14616193480546802,28
עכשיו 14,early_evening,<1m,0.3833333333333333,0,1,3.3851851851851853,2.9,3.1399999999999997,0.9275711159737416,0.1433260393873086,27
עכשיו 14,early_evening,<1m,0.5833333333333334,0,1,3.3814814814814813,2.7,3.1399999999999997,0.9285870755750273,0.20153340635268335,27
עכשיו 14,early_evening,1-2m,1.15,0,1,4.056,3.9,3.9600000000000004,0.9763313609467457,0.03846153846153855,25
עכשיו 14,early_evening,<1m,0.95,0,1,4.084,3.6,3.9600000000000004,0.9696376101860923,0.11851126346718888,25
עכשיו 14,early_evening,2-3m,2.8833333333333333,0,1,5.2266666666666675,4.475,5.300000000000001,1.0140306122448979,0.14381377551020424,30
עכשיו 14,early_evening,1-2m,1.6833333333333331,0,1,6.376666666666667,5.833333333333333,6.413333333333333,1.0057501306847882,0.08520648196549929,30
עכשיו 14,late_evening,1-2m,1.2666666666666666,0,1,9.003333333333332,8.5,8.846666666666666,0.982599037393558,0.055905220288781754,30
עכשיו 14,late_evening,1-2m,1.4833333333333334,0,1,9.303333333333333,8.533333333333333,9.513333333333334,1.022572554639914,0.08276603367968471,30
עכשיו 14,late_evening,1-2m,1.05,1,2,4.35,3.75,4.296666666666667,0.9877394636015326,0.13793103448275856,30
עכשיו 14,late_evening,1-2m,1.6833333333333331,1,2,1.8100000000000003,1.6333333333333335,1.7888888888888888,0.9883364027010434,0.09760589318600377,30
עכשיו 14,overnight,<1m,0.7,0,1,1.117857142857143,1.1,1.1133333333333333,0.9959531416400423,0.015974440894568787,28
עכשיו 14,overnight,<1m,0.7,0,1,0.44,0.5,0.5199999999999999,1.1818181818181817,-0.13636363636363646,30
עכשיו 14,overnight,2-3m,2.966666666666667,0,1,0.3300000000000001,0.3,0.29999999999999993,0.9090909090909085,0.09090909090909127,30
עכשיו 14,overnight,2-3m,2.216666666666667,1,2,0.30000000000000004,0.3,0.29999999999999993,0.9999999999999997,2.220446049250313e-16,30
עכשיו 14,morning,<1m,0.3166666666666666,0,1,2.2517241379310344,2.3,2.3599999999999994,1.048085758039816,-0.021439509954058078,29
עכשיו 14,morning,1-2m,1.1833333333333331,0,1,2.3034482758620696,1.8,2.333333333333333,1.0129740518962072,0.21856287425149723,29
עכשיו 14,morning,<1m,0.95,0,1,1.9444444444444446,1.85,1.6066666666666667,0.8262857142857142,0.0485714285714286,27
עכשיו 14,morning,1-2m,1.2166666666666666,0,1,1.8821428571428576,1.6333333333333335,1.6066666666666667,0.8536369386464261,0.13219481340923478,28
עכשיו 14,morning,1-2m,1.7666666666666666,0,1,1.346428571428571,1.5,1.4333333333333333,1.0645446507515477,-0.11405835543766596,28
עכשיו 14,morning,1-2m,1.0333333333333334,0,1,1.3607142857142855,1.5,1.4333333333333333,1.0533683289588802,-0.10236220472440949,28
עכשיו 14,morning,<1m,0.3,0,1,0.8703703703703703,0.8,0.8600000000000001,0.9880851063829789,0.08085106382978713,27
עכשיו 14,morning,2-3m,2.3333333333333335,0,1,0.8862068965517242,0.8000000000000002,0.86,0.9704280155642022,0.09727626459143968,29
עכשיו 14,afternoon,<1m,0.7333333333333333,0,1,1.096428571428571,0.9,0.9400000000000001,0.8573289902280133,0.17915309446254046,28
עכשיו 14,afternoon,<1m,1.0,0,1,1.0535714285714284,0.9,0.9400000000000001,0.8922033898305087,0.1457627118644066,28
עכשיו 14,afternoon,<1m,0.9,0,1,0.7413793103448273,0.75,0.7399999999999999,0.9981395348837212,-0.01162790697674465,29
עכשיו 14,afternoon,1-2m,1.3,0,1,0.7586206896551724,0.7,0.7399999999999999,0.9754545454545454,0.07727272727272727,29
עכשיו 14,afternoon,<1m,0.9,0,1,0.8999999999999998,0.95,0.8933333333333332,0.9925925925925927,-0.0555555555555558,28
עכשיו 14,afternoon,<1m,0.7666666666666667,0,1,0.9142857142857143,0.8,0.8933333333333332,0.9770833333333332,0.12499999999999989,28
עכשיו 14,afternoon,<1m,0.7,0,1,0.9370370370370372,0.7,0.8933333333333332,0.9533596837944661,0.25296442687747056,27
עכשיו 14,afternoon,<1m,0.2166666666666666,0,1,1.7629629629629628,1.8,1.7600000000000007,0.9983193277310929,-0.021008403361344685,27
עכשיו 14,afternoon,<1m,0.4333333333333333,0,1,1.7851851851851852,1.8,1.7600000000000007,0.985892116182573,-0.008298755186721962,27
עכשיו 14,afternoon,1-2m,1.6,1,2,1.8142857142857147,1.8,1.8000000000000003,0.9921259842519684,0.007874015748031704,28
עכשיו 14,afternoon,<1m,0.7333333333333333,0,1,2.417857142857143,2.25,2.513333333333333,1.0394879369768586,0.06942392909896611,28
עכשיו 14,afternoon,<1m,0.75,0,1,2.442857142857143,2.3,2.513333333333333,1.028849902534113,0.0584795321637428,28
עכשיו 14,early_evening,<1m,0.1833333333333333,0,1,4.462962962962963,4.6,4.493333333333334,1.0068049792531122,-0.03070539419087126,27
עכשיו 14,early_evening,<1m,0.9666666666666668,0,1,4.446428571428572,4.4,4.426666666666667,0.9955555555555554,0.010441767068273156,28
עכשיו 14,early_evening,<1m,0.75,0,1,4.425,4.25,4.426666666666667,1.000376647834275,0.039548022598870025,28
עכשיו 14,early_evening,<1m,0.9666666666666668,0,1,4.818518518518518,4.6,4.693333333333333,0.97401998462721,0.04534973097617212,27
עכשיו 14,early_evening,<1m,0.75,0,1,4.819230769230769,4.5,4.693333333333333,0.9738760308592711,0.06624102154828404,26
עכשיו 14,early_evening,3-4m,3.183333333333333,0,1,6.096666666666665,6.199999999999999,6.113333333333333,1.002733734281028,-0.016949152542373058,30
עכשיו 14,early_evening,1-2m,2.0,0,1,6.3566666666666665,5.533333333333334,6.473333333333334,1.018353434714211,0.12952281069743032,30
עכשיו 14,late_evening,1-2m,1.4666666666666666,1,2,8.43103448275862,7.949999999999999,8.353333333333332,0.9907839127471029,0.05705521472392627,29
עכשיו 14,late_evening,<1m,0.6,0,1,8.492857142857142,7.9,8.44,0.9937762825904122,0.06980656013456676,28
עכשיו 14,late_evening,1-2m,1.2166666666666666,0,1,7.83448275862069,7.2,8.26,1.05431338028169,0.08098591549295775,29
עכשיו 14,late_evening,<1m,0.5833333333333334,0,1,7.732142857142857,6.6,8.26,1.0682678983833718,0.14642032332563515,28
עכשיו 14,late_evening,<1m,0.45,0,1,3.946666666666667,3.4,4.633333333333334,1.1739864864864864,0.1385135135135137,30
עכשיו 14,late_evening,1-2m,1.6333333333333333,0,1,1.7666666666666664,1.7,1.9999999999999998,1.1320754716981132,0.037735849056603654,30
עכשיו 14,overnight,<1m,0.5666666666666667,0,1,1.4137931034482754,1.3,1.4266666666666667,1.009105691056911,0.08048780487804841,29
עכשיו 14,overnight,1-2m,1.4166666666666667,0,1,0.85,0.9,0.7733333333333331,0.9098039215686272,-0.05882352941176472,30
עכשיו 14,morning,1-2m,1.2833333333333334,0,1,2.464285714285715,2.3,2.3,0.933333333333333,0.06666666666666698,28
עכשיו 14,morning,1-2m,1.5833333333333333,0,1,2.1785714285714284,2.2,2.0666666666666664,0.9486338797814208,-0.009836065573770592,28
עכשיו 14,morning,1-2m,1.55,0,1,1.6689655172413795,1.5333333333333332,1.7066666666666668,1.0225895316804408,0.0812672176308542,29
עכשיו 14,morning,<1m,0.6833333333333333,0,1,1.6428571428571428,1.4,1.7066666666666668,1.038840579710145,0.14782608695652177,28
עכשיו 14,morning,1-2m,1.6,0,1,1.0785714285714285,1.0,1.0133333333333332,0.9395143487858719,0.07284768211920523,28
עכשיו 14,morning,1-2m,1.7166666666666666,0,1,1.1037037037037036,1.0,1.0133333333333332,0.9181208053691274,0.09395973154362414,27
עכשיו 14,morning,1-2m,1.25,0,1,1.578571428571428,1.6333333333333335,1.566666666666667,0.9924585218702872,-0.03469079939668229,28
עכשיו 14,morning,1-2m,1.4666666666666666,1,2,1.6035714285714284,1.3666666666666665,1.568888888888889,0.9783716901756992,0.1477357089829251,28
עכשיו 14,afternoon,<1m,0.4666666666666667,0,1,1.9407407407407407,1.7,2.0,1.0305343511450382,0.12404580152671751,27
עכשיו 14,afternoon,1-2m,1.35,0,1,1.9482758620689653,1.8,2.0,1.0265486725663717,0.07610619469026536,29
עכשיו 14,afternoon,1-2m,1.3666666666666667,1,2,2.75,3.0,2.793333333333333,1.0157575757575756,-0.09090909090909083,30
עכשיו 14,afternoon,<1m,0.55,0,1,2.7714285714285714,3.1,2.7800000000000002,1.0030927835051549,-0.11855670103092786,28
עכשיו 14,afternoon,<1m,0.85,0,1,2.7666666666666666,2.8,2.8466666666666662,1.0289156626506022,-0.012048192771084265,27
עכשיו 14,afternoon,<1m,0.7666666666666667,0,1,2.777777777777778,2.8,2.8466666666666662,1.0247999999999997,-0.007999999999999785,27
עכשיו 14,afternoon,1-2m,1.5666666666666669,0,1,2.7925925925925927,2.5999999999999996,2.8466666666666662,1.019363395225464,0.06896551724137945,27
עכשיו 14,afternoon,1-2m,1.45,0,1,2.451724137931034,2.25,2.313333333333333,0.943553680262541,0.08227848101265811,29
עכשיו 14,afternoon,<1m,0.7666666666666667,0,1,2.4642857142857144,2.3,2.313333333333333,0.9387439613526568,0.06666666666666676,28
עכשיו 14,afternoon,<1m,0.3333333333333333,0,1,3.407407407407407,3.1,3.433333333333333,1.007608695652174,0.0902173913043477,27
עכשיו 14,afternoon,<1m,0.5833333333333334,0,1,3.396428571428571,3.1,3.433333333333333,1.0108657553452507,0.08727655099894827,28
עכשיו 14,afternoon,1-2m,1.6,1,2,3.3862068965517236,3.1666666666666665,3.3666666666666667,0.9942294636795657,0.0648336727766462,29
עכשיו 14,early_evening,<1m,0.3,0,1,3.7115384615384617,3.9,3.5466666666666664,0.9555785837651122,-0.050777202072538774,26
עכשיו 14,early_evening,<1m,0.8666666666666667,0,1,3.7111111111111104,3.3499999999999996,3.5466666666666664,0.9556886227544912,0.09730538922155685,27
עכשיו 14,early_evening,1-2m,1.0333333333333334,0,1,3.725925925925926,3.3,3.5466666666666664,0.9518886679920476,0.11431411530815117,27
עכשיו 14,early_evening,<1m,0.4833333333333333,0,1,4.724,4.55,4.573333333333332,0.9681061247530339,0.036833192209991594,25
עכשיו 14,early_evening,1-2m,1.2666666666666666,0,1,4.843999999999999,4.5,4.573333333333332,0.9441233140655105,0.07101568951279924,25
עכשיו 14,early_evening,<1m,0.9666666666666668,0,1,4.904,4.4,4.573333333333332,0.9325720500271885,0.10277324632952678,25
עכשיו 14,early_evening,2-3m,2.433333333333333,0,1,5.903333333333332,5.7,6.006666666666667,1.0175042348955394,0.03444381705251254,30
עכשיו 14,early_evening,1-2m,1.6666666666666667,0,1,5.943333333333334,5.6000000000000005,5.793333333333334,0.9747616376892877,0.05776780706674145,30
עכשיו 14,late_evening,1-2m,1.0333333333333334,0,1,8.756666666666666,7.75,8.573333333333332,0.9790635706128663,0.11496003045298808,30
עכשיו 14,late_evening,<1m,0.7,0,1,8.976666666666667,8.0,8.76666666666667,0.9766060155959899,0.10880059413293719,30
עכשיו 14,late_evening,1-2m,1.4833333333333334,0,1,2.775862068965518,2.7,2.8933333333333335,1.04231884057971,0.027329192546583947,29
עכשיו 14,overnight,<1m,0.3333333333333333,0,1,0.6999999999999997,0.7,0.6999999999999998,1.0000000000000002,-2.220446049250313e-16,30
עכשיו 14,morning,<1m,0.4666666666666667,0,1,1.78,1.9,1.54,0.8651685393258427,-0.0674157303370786,30
עכשיו 14,morning,<1m,0.7833333333333333,0,1,2.332142857142857,2.3,2.3,0.9862174578866769,0.013782542113323082,28
עכשיו 14,morning,<1m,0.3666666666666666,0,1,1.7214285714285713,1.4,1.653333333333333,0.9604426002766251,0.18672199170124482,28
עכשיו 14,morning,1-2m,1.0333333333333334,0,1,2.0241379310344825,2.0,2.0600000000000005,1.0177172061328794,0.011925042589437718,29
עכשיו 14,morning,<1m,0.9333333333333332,0,1,2.0172413793103448,2.05,2.0600000000000005,1.0211965811965815,-0.01623931623931618,29
עכשיו 14,morning,<1m,0.3,0,1,2.2535714285714286,2.05,2.0466666666666664,0.908188061278394,0.09033280507131547,28
עכשיו 14,morning,<1m,0.3833333333333333,0,1,2.2407407407407405,1.9,2.0466666666666664,0.9133884297520661,0.1520661157024793,27
עכשיו 14,morning,1-2m,1.2,0,1,2.239285714285714,1.9,2.0466666666666664,0.9139819245082403,0.15151515151515138,28
עכשיו 14,morning,<1m,0.9666666666666668,0,1,2.132142857142857,2.1,2.3,1.0787269681742042,0.015075376884422065,28
עכשיו 14,morning,<1m,1.0,1,2,2.0793103448275865,2.2,2.086666666666667,1.0035378662244334,-0.05804311774461013,29
עכשיו 14,afternoon,<1m,0.75,0,1,1.9892857142857143,1.9500000000000002,1.8400000000000003,0.924955116696589,0.019748653500897606,28
עכשיו 14,afternoon,<1m,0.55,0,1,2.032142857142857,2.0,2.1600000000000006,1.0629173989455187,0.01581722319859402,28
עכשיו 14,afternoon,1-2m,1.0833333333333333,0,1,2.1285714285714286,1.95,1.966666666666666,0.9239373601789705,0.08389261744966447,28
עכשיו 14,afternoon,1-2m,1.5,0,1,2.107142857142857,1.9,1.966666666666666,0.9333333333333329,0.09830508474576283,28
עכשיו 14,afternoon,<1m,1.0,0,1,2.221428571428571,2.3,2.2000000000000006,0.9903536977491966,-0.03536977491961424,28
עכשיו 14,afternoon,1-2m,1.4833333333333334,0,1,2.25,2.1,2.2000000000000006,0.9777777777777781,0.06666666666666665,28
עכשיו 14,afternoon,<1m,0.8166666666666667,0,1,2.7035714285714287,3.1,2.5600000000000005,0.9468956406869222,-0.1466314398943196,28
עכשיו 14,afternoon,1-2m,1.7333333333333334,1,2,2.7206896551724133,3.1333333333333333,2.857777777777778,1.0503872693986767,-0.15166877904520515,29
עכשיו 14,afternoon,1-2m,1.35,0,1,3.2714285714285714,3.4,3.1599999999999993,0.9659388646288207,-0.0393013100436681,28
עכשיו 14,afternoon,<1m,0.9,1,2,3.303571428571428,3.3,3.3,0.998918918918919,0.001081081081080959,28
עכשיו 14,early_evening,<1m,0.3833333333333333,0,1,4.3307692307692305,4.2,4.153333333333334,0.9590290112492602,0.03019538188277071,26
עכשיו 14,early_evening,<1m,0.5833333333333334,0,1,4.344444444444444,4.2,4.153333333333334,0.9560102301790284,0.03324808184143213,27
עכשיו 14,early_evening,<1m,0.3833333333333333,0,1,4.359259259259259,4.2,4.153333333333334,0.9527612574341549,0.03653355989804585,27
עכשיו 14,early_evening,<1m,0.8833333333333333,0,1,4.366666666666666,4.2,4.153333333333334,0.9511450381679393,0.03816793893129755,27
עכשיו 14,early_evening,1-2m,1.05,0,1,5.4479999999999995,5.5,5.453333333333333,1.0009789525208028,-0.00954478707782691,25
עכשיו 14,early_evening,1-2m,1.55,0,1,5.496153846153846,5.6000000000000005,5.453333333333333,0.992209003965477,-0.01889433170048993,26
עכשיו 14,early_evening,2-3m,2.433333333333333,0,1,6.35,6.099999999999999,5.919999999999998,0.9322834645669289,0.03937007874015763,30
עכשיו 14,early_evening,1-2m,1.6666666666666667,0,1,7.513333333333333,6.699999999999999,7.459999999999999,0.9929015084294587,0.10825199645075423,30
עכשיו 14,late_evening,1-2m,1.25,0,1,7.862068965517242,7.3,7.666666666666665,0.9751461988304091,0.0714912280701755,29
עכשיו 14,late_evening,1-2m,1.35,0,1,7.413793103448277,6.5,7.28,0.981953488372093,0.1232558139534885,29
עכשיו 14,late_evening,<1m,0.45,0,1,2.6620689655172405,3.2,2.94,1.1044041450777207,-0.20207253886010412,29
עכשיו 14,late_evening,<1m,0.7166666666666667,0,1,2.648275862068965,2.5,2.94,1.1101562500000002,0.05598958333333315,29
עכשיו 14,morning,<1m,0.3666666666666666,0,1,3.292857142857143,3.3,3.126666666666667,0.949530007230658,-0.002169197396963085,28
עכשיו 14,morning,<1m,0.85,0,1,4.058620689655172,4.1,4.1066666666666665,1.0118380062305294,-0.010195412064570863,29
עכשיו 14,morning,1-2m,1.3,0,1,4.26896551724138,4.300000000000001,4.180000000000001,0.9791599353796445,-0.007269789983844976,29
עכשיו 14,morning,<1m,0.35,0,1,4.257142857142858,4.2,4.180000000000001,0.9818791946308725,0.013422818791946511,28
עכשיו 14,morning,1-2m,1.35,0,1,3.2241379310344818,3.2999999999999994,3.2399999999999998,1.0049197860962569,-0.02352941176470602,29
עכשיו 14,morning,<1m,0.7333333333333333,0,1,3.218518518518519,3.3,3.2399999999999998,1.0066743383199077,-0.025316455696202445,27
עכשיו 14,morning,<1m,0.5,0,1,3.010714285714286,3.2,3.126666666666667,1.0385132463424278,-0.06287069988137595,28
עכשיו 14,morning,<1m,0.5833333333333334,0,1,3.0035714285714294,3.2,3.126666666666667,1.040982956797463,-0.06539833531510086,28
עכשיו 14,morning,<1m,1.0,0,1,2.9892857142857148,3.2,3.126666666666667,1.0459577857427318,-0.07048984468339303,28
עכשיו 14,afternoon,1-2m,1.0833333333333333,0,1,2.317241379310345,2.3,2.2266666666666666,0.9609126984126983,0.007440476190476386,29
עכשיו 14,afternoon,<1m,0.35,0,1,2.317857142857143,2.2,2.2266666666666666,0.9606574216743707,0.05084745762711862,28
עכשיו 14,afternoon,1-2m,1.3333333333333333,0,1,2.027586206896552,2.066666666666667,2.013333333333333,0.99297052154195,-0.01927437641723362,29
עכשיו 14,afternoon,<1m,0.75,0,1,2.032142857142857,2.2,2.013333333333333,0.9907439953134153,-0.08260105448154675,28
עכשיו 14,afternoon,1-2m,1.65,0,1,3.289285714285714,3.1,3.2599999999999993,0.9910966340933766,0.057546145494028145,28
עכשיו 14,afternoon,1-2m,1.1166666666666667,0,1,3.278571428571428,3.25,3.2599999999999993,0.9943355119825708,0.008714596949890852,28
עכשיו 14,afternoon,1-2m,1.0666666666666669,0,1,1.9620689655172419,1.95,2.0,1.0193321616871702,0.0061511423550090205,29
עכשיו 14,afternoon,<1m,0.4833333333333333,0,1,1.917857142857143,2.1,2.0,1.042830540037244,-0.0949720670391061,28
עכשיו 14,afternoon,<1m,0.9166666666666666,0,1,0.9,1.7000000000000002,0.9800000000000001,1.088888888888889,-0.8888888888888891,30
עכשיו 14,early_evening,1-2m,1.0333333333333334,0,1,3.113333333333334,3.25,3.1466666666666665,1.0107066381156313,-0.0438972162740896,30
עכשיו 14,late_evening,<1m,0.6,0,1,7.121428571428571,6.1,6.886666666666667,0.9670344366432632,0.14343029087261783,28
עכשיו 14,late_evening,<1m,0.2166666666666666,0,1,7.1499999999999995,6.4,6.886666666666667,0.9631701631701632,0.10489510489510478,28
עכשיו 14,late_evening,1-2m,1.3666666666666667,0,1,9.840000000000002,9.2,9.66,0.9817073170731706,0.06504065040650431,30
עכשיו 14,late_evening,<1m,0.7,0,1,3.8551724137931034,3.6,3.8600000000000003,1.0012522361359573,0.0661896243291592,29
עכשיו 14,late_evening,<1m,0.75,0,1,3.820689655172414,3.5,3.8600000000000003,1.01028880866426,0.08393501805054149,29
עכשיו 14,overnight,1-2m,1.65,0,1,2.2566666666666664,2.033333333333333,2.08,0.9217134416543576,0.09896602658788767,30
עכשיו 14,overnight,<1m,0.9333333333333332,0,1,1.4172413793103447,1.5,1.5,1.0583941605839418,-0.05839416058394176,29
עכשיו 14,overnight,1-2m,1.9166666666666667,0,1,0.6266666666666666,0.6999999999999998,0.6999999999999998,1.1170212765957446,-0.11702127659574457,30
עכשיו 14,morning,<1m,0.7,0,1,0.9933333333333333,0.9,0.9133333333333334,0.9194630872483223,0.09395973154362414,30
עכשיו 14,morning,<1m,0.6166666666666667,0,1,2.579310344827586,2.2,2.2800000000000002,0.8839572192513371,0.1470588235294117,29
עכשיו 14,morning,<1m,0.85,0,1,2.5862068965517238,2.1500000000000004,2.2800000000000002,0.8816000000000003,0.1686666666666664,29
עכשיו 14,morning,<1m,0.45,0,1,2.5714285714285716,2.5,2.56,0.9955555555555555,0.0277777777777779,28
עכשיו 14,morning,<1m,0.4166666666666667,0,1,2.5629629629629638,2.4,2.56,0.9988439306358379,0.06358381502890209,27
עכשיו 14,morning,1-2m,1.25,0,1,2.464285714285715,2.4,2.466666666666667,1.000966183574879,0.026086956521739424,28
עכשיו 14,morning,<1m,0.9166666666666666,0,1,2.467857142857143,2.4,2.466666666666667,0.9995176073323685,0.02749638205499283,28
עכשיו 14,morning,1-2m,1.7166666666666666,0,1,2.6499999999999995,2.6,2.1866666666666665,0.8251572327044027,0.01886792452830166,28
עכשיו 14,morning,1-2m,1.0333333333333334,0,1,2.564285714285713,2.5,2.1866666666666665,0.8527390900649957,0.025069637883007978,28
עכשיו 14,morning,1-2m,1.4333333333333331,0,1,2.475,2.1,2.373333333333334,0.9589225589225592,0.1515151515151515,28
עכשיו 14,morning,<1m,0.8166666666666667,1,2,2.475,2.1,2.416666666666667,0.9764309764309765,0.1515151515151515,28
עכשיו 14,afternoon,<1m,0.85,0,1,3.3785714285714286,3.4,3.4066666666666663,1.0083157152924593,-0.00634249471458781,28
עכשיו 14,afternoon,<1m,0.3833333333333333,0,1,3.4,3.4,3.4066666666666663,1.0019607843137255,0.0,27
עכשיו 14,afternoon,1-2m,1.1333333333333333,0,1,3.4035714285714285,3.4,3.4066666666666663,1.0009094088842252,0.0010493179433368471,28
עכשיו 14,afternoon,<1m,0.9833333333333332,0,1,2.892857142857143,2.6,2.9666666666666672,1.0255144032921812,0.10123456790123453,28
עכשיו 14,afternoon,1-2m,1.2333333333333334,1,2,2.871428571428571,2.6,2.83,0.9855721393034828,0.0945273631840794,28
עכשיו 14,afternoon,<1m,0.6,0,1,2.722222222222221,2.9,2.7733333333333325,1.0187755102040819,-0.06530612244898015,27
עכשיו 14,afternoon,<1m,0.75,0,1,2.740740740740741,2.4,2.7733333333333325,1.0118918918918915,0.12432432432432439,27
עכשיו 14,afternoon,<1m,0.7833333333333333,0,1,2.755555555555555,2.3,2.7733333333333325,1.0064516129032257,0.16532258064516125,27
עכשיו 14,afternoon,1-2m,1.3166666666666669,0,1,2.724999999999999,2.7,2.62,0.9614678899082572,0.009174311926605117,28
עכשיו 14,afternoon,1-2m,1.2,0,1,2.7535714285714286,2.7,2.62,0.9514915693904021,0.01945525291828787,28
עכשיו 14,afternoon,<1m,0.3166666666666666,0,1,2.9714285714285715,3.2,3.0133333333333336,1.0141025641025643,-0.07692307692307687,28
עכשיו 14,afternoon,<1m,0.5166666666666667,0,1,2.9964285714285723,2.9,3.0133333333333336,1.0056416368692886,0.032181168057211273,28
עכשיו 14,afternoon,<1m,0.5666666666666667,0,1,3.0107142857142857,2.7,3.0133333333333336,1.0008699090549626,0.10320284697508886,28
עכשיו 14,early_evening,<1m,0.6166666666666667,0,1,3.6518518518518523,3.5,3.666666666666666,1.0040567951318455,0.04158215010141997,27
עכשיו 14,early_evening,<1m,0.5166666666666667,0,1,3.644444444444444,3.7,3.666666666666666,1.0060975609756098,-0.015243902439024515,27
עכשיו 14,early_evening,<1m,0.4,0,1,3.67037037037037,3.65,3.666666666666666,0.9989909182643794,0.0055499495459131465,27
עכשיו 14,early_evening,1-2m,1.0666666666666669,0,1,3.692592592592592,3.5,3.666666666666666,0.9929789368104313,0.052156469408224604,27
עכשיו 14,early_evening,1-2m,1.6666666666666667,0,1,4.364285714285713,4.5,4.133333333333334,0.9470812875068197,-0.031096563011457024,28
עכשיו 14,early_evening,<1m,0.4333333333333333,0,1,4.808333333333334,5.0,4.8133333333333335,1.0010398613518197,-0.03986135181975725,24
עכשיו 14,early_evening,<1m,0.7333333333333333,0,1,4.803846153846154,4.300000000000001,4.8133333333333335,1.0019749132639446,0.10488390712570039,26
עכשיו 14,early_evening,1-2m,1.3333333333333333,1,2,4.796428571428571,4.233333333333333,4.728888888888889,0.9859187556879293,0.11739885827748808,28
עכשיו 14,early_evening,<1m,1.0,0,1,5.514285714285714,4.75,5.106666666666667,0.9260794473229708,0.13860103626943,28
עכשיו 14,early_evening,1-2m,1.5333333333333334,0,1,5.548275862068966,4.366666666666666,5.106666666666667,0.9204060493059872,0.21296871762999803,29
עכשיו 14,early_evening,1-2m,1.6666666666666667,0,1,7.403333333333332,7.066666666666666,7.673333333333335,1.036470058532193,0.0454750112561908,30
עכשיו 14,late_evening,1-2m,1.3,0,1,7.996551724137931,7.8,7.853333333333334,0.9820899813137848,0.02457956015523932,29
עכשיו 14,late_evening,<1m,0.75,0,1,7.9785714285714295,7.55,7.8533333333333335,0.9843031930766935,0.05371530886302611,28
עכשיו 14,late_evening,<1m,0.8666666666666667,0,1,9.660714285714286,9.35,9.813333333333333,1.0157979051139863,0.032162661737523246,28
עכשיו 14,late_evening,1-2m,1.4166666666666667,0,1,9.60714285714286,8.6,9.813333333333333,1.0214622057001237,0.10483271375464709,28
עכשיו 14,late_evening,<1m,0.45,0,1,3.85,3.4,4.526666666666667,1.175757575757576,0.11688311688311692,30
עכשיו 14,late_evening,1-2m,1.6166666666666667,0,1,2.3857142857142857,2.3499999999999996,2.4999999999999996,1.0479041916167664,0.014970059880239694,28
עכשיו 14,overnight,1-2m,1.4833333333333334,1,2,1.9740740740740739,1.7666666666666666,2.008888888888889,1.0176360225140715,0.10506566604127576,27
עכשיו 14,overnight,1-2m,1.5,0,1,1.0,1.05,1.0066666666666666,1.0066666666666666,-0.050000000000000044,29
עכשיו 14,overnight,1-2m,1.5666666666666669,1,2,0.9366666666666668,0.9,0.9155555555555557,0.977461447212337,0.039145907473309705,30
עכשיו 14,overnight,1-2m,1.15,0,1,0.8499999999999999,0.9666666666666667,0.8333333333333329,0.9803921568627447,-0.1372549019607845,30
עכשיו 14,morning,<1m,0.7166666666666667,0,1,1.1689655172413793,0.9,1.0933333333333335,0.9352999016715832,0.23008849557522126,29
עכשיו 14,morning,<1m,0.4166666666666667,0,1,1.1857142857142855,0.9,1.0933333333333335,0.9220883534136549,0.24096385542168663,28
עכשיו 14,morning,1-2m,1.6,0,1,2.646666666666667,2.6,2.673333333333334,1.0100755667506298,0.017632241813602123,30
עכשיו 14,morning,1-2m,1.0666666666666669,0,1,2.835714285714286,2.8,2.813333333333333,0.9921074727120066,0.012594458438287215,28
עכשיו 14,morning,1-2m,1.6,0,1,2.6533333333333333,2.6333333333333333,2.5533333333333337,0.9623115577889448,0.007537688442211032,30
עכשיו 14,morning,<1m,0.45,0,1,2.6357142857142852,2.5,2.5533333333333337,0.9687443541102081,0.05149051490514889,28
עכשיו 14,morning,<1m,1.0,0,1,2.1285714285714286,2.1,1.9933333333333334,0.9364653243847875,0.01342281879194629,28
עכשיו 14,morning,1-2m,1.3333333333333333,0,1,2.0785714285714283,2.1,1.9933333333333334,0.9589919816723942,-0.01030927835051565,28
עכשיו 14,morning,2-3m,2.033333333333333,0,1,1.710344827586207,1.6000000000000003,1.6600000000000004,0.9705645161290324,0.0645161290322579,29
עכשיו 14,morning,<1m,0.6,0,1,1.7296296296296296,1.4,1.6600000000000004,0.9597430406852251,0.1905781584582441,27
עכשיו 14,afternoon,1-2m,1.6,0,1,1.882142857142857,1.8999999999999997,1.8999999999999992,1.0094876660341554,-0.009487666034155628,28
עכשיו 14,afternoon,1-2m,1.4,0,1,1.8535714285714284,1.8999999999999997,1.8999999999999992,1.0250481695568399,-0.025048169556840083,28
עכשיו 14,afternoon,1-2m,1.9333333333333331,0,1,1.589655172413793,1.6666666666666667,1.74,1.0945770065075922,-0.048445408532176604,29
עכשיו 14,afternoon,<1m,0.4166666666666667,0,1,1.5607142857142855,1.8,1.74,1.1148741418764303,-0.15331807780320394,28
עכשיו 14,afternoon,2-3m,2.183333333333333,0,1,2.0689655172413794,1.6666666666666667,1.5599999999999998,0.7539999999999999,0.19444444444444442,29
עכשיו 14,afternoon,<1m,0.6333333333333333,0,1,2.162962962962963,1.8,2.6199999999999997,1.2113013698630135,0.1678082191780822,27
עכשיו 14,afternoon,<1m,0.85,0,1,2.860714285714285,2.5,2.7400000000000007,0.957802746566792,0.12609238451935056,28
עכשיו 14,afternoon,1-2m,1.5333333333333334,0,1,2.846428571428571,2.6,2.7400000000000007,0.9626097867001259,0.08657465495608518,28
עכשיו 14,afternoon,3-4m,3.0166666666666666,0,1,3.5535714285714284,3.625,3.6866666666666656,1.0374539363484085,-0.0201005025125629,28
עכשיו 14,afternoon,<1m,0.5333333333333333,0,1,3.556,3.5,3.6866666666666656,1.0367454068241466,0.015748031496062964,25
עכשיו 14,early_evening,<1m,0.2833333333333333,0,1,6.117391304347826,6.1,5.786666666666667,0.9459369817578774,0.002842928216062579,23
עכשיו 14,early_evening,<1m,0.8333333333333334,0,1,6.041666666666667,4.85,5.786666666666667,0.9577931034482758,0.1972413793103449,24
עכשיו 14,early_evening,1-2m,1.2666666666666666,0,1,5.995833333333333,4.6,5.786666666666667,0.9651146629603893,0.23280055594162608,24
עכשיו 14,early_evening,<1m,0.7833333333333333,0,1,5.908333333333332,5.15,5.786666666666667,0.9794076163610722,0.12834978843441447,24
עכשיו 14,early_evening,1-2m,1.6666666666666667,0,1,5.904347826086958,5.133333333333334,5.786666666666666,0.9800687285223364,0.13058419243986275,23
עכשיו 14,early_evening,<1m,0.5333333333333333,0,1,5.383333333333333,5.1,5.333333333333334,0.9907120743034058,0.05263157894736836,24
עכשיו 14,early_evening,1-2m,1.1333333333333333,0,1,5.423076923076923,4.7,5.24,0.9662411347517731,0.1333333333333333,26
עכשיו 14,early_evening,1-2m,1.2666666666666666,0,1,5.503703703703703,4.833333333333334,5.24,0.9520861372812922,0.12180349932705226,27
עכשיו 14,early_evening,3-4m,3.216666666666667,0,1,6.653333333333334,6.175,6.279999999999999,0.943887775551102,0.07189378757515041,30
עכשיו 14,early_evening,1-2m,1.6666666666666667,0,1,8.033333333333333,7.633333333333333,7.96,0.9908713692946058,0.049792531120331995,30
עכשיו 14,late_evening,2-3m,2.7333333333333334,1,2,9.775,8.700000000000001,9.63111111111111,0.9852799090650752,0.10997442455242956,28
עכשיו 14,late_evening,<1m,0.4666666666666667,0,1,10.427999999999999,9.8,10.166666666666666,0.9749392660785067,0.06022247794399682,25
עכשיו 14,late_evening,3-4m,3.033333333333333,0,1,10.37857142857143,9.475,10.166666666666666,0.979582473044276,0.08706125258086728,28
עכשיו 14,late_evening,1-2m,1.2,0,1,4.958620689655173,4.533333333333334,5.6333333333333355,1.1360686138154847,0.08576726935558643,29
עכשיו 14,late_evening,<1m,0.3166666666666666,0,1,1.7185185185185186,1.8,2.0333333333333337,1.183189655172414,-0.047413793103448176,27
עכשיו 14,late_evening,2-3m,2.3,0,1,1.637931034482759,1.5666666666666664,2.0333333333333337,1.2414035087719297,0.04350877192982483,29
עכשיו 14,overnight,1-2m,1.2333333333333334,0,1,1.446666666666666,1.3,1.3266666666666669,0.9170506912442401,0.10138248847926234,30
עכשיו 14,overnight,1-2m,1.4166666666666667,0,1,0.4566666666666668,0.4000000000000001,0.46000000000000013,1.0072992700729928,0.12408759124087598,30
עכשיו 14,morning,<1m,0.75,0,1,1.4000000000000006,1.4,1.2600000000000002,0.8999999999999998,4.440892098500626e-16,30
עכשיו 14,morning,<1m,0.7,0,1,2.6285714285714286,2.7,2.6399999999999997,1.0043478260869565,-0.02717391304347827,28
עכשיו 14,morning,1-2m,1.6333333333333333,0,1,2.720689655172414,2.7,2.646666666666667,0.9727925644275455,0.0076045627376425395,29
עכשיו 14,morning,<1m,0.9166666666666666,0,1,2.753571428571429,2.6,2.646666666666667,0.961175961954172,0.055771725032425556,28
עכשיו 14,morning,1-2m,1.6833333333333331,0,1,2.5214285714285714,2.5,2.7133333333333334,1.076109537299339,0.008498583569405027,28
עכשיו 14,morning,1-2m,1.2,1,2,2.492857142857143,2.433333333333333,2.5644444444444443,1.0287169691181153,0.02387774594078329,28
עכשיו 14,morning,<1m,0.6666666666666666,0,1,1.774074074074074,1.8,1.8066666666666664,1.0183716075156575,-0.014613778705636848,27
עכשיו 14,morning,1-2m,1.3666666666666667,1,2,1.7310344827586206,1.8666666666666665,1.764444444444444,1.0193005754758742,-0.07835325365205836,29
עכשיו 14,afternoon,1-2m,1.15,0,1,2.0555555555555554,2.05,2.126666666666667,1.034594594594595,0.002702702702702675,27
עכשיו 14,afternoon,1-2m,1.1,0,1,2.0703703703703704,2.5,2.126666666666667,1.027191413237925,-0.20751341681574242,27
עכשיו 14,afternoon,1-2m,1.45,0,1,2.182142857142857,1.9,2.026666666666666,0.928750681942171,0.12929623567921433,28
עכשיו 14,afternoon,<1m,0.6333333333333333,0,1,2.225,1.9,2.026666666666666,0.9108614232209734,0.1460674157303371,28
עכשיו 14,afternoon,2-3m,2.3333333333333335,0,1,3.206896551724139,2.9000000000000004,2.999999999999999,0.9354838709677414,0.09569892473118291,29
עכשיו 14,afternoon,1-2m,1.1,0,1,3.3333333333333335,2.8,2.999999999999999,0.8999999999999997,0.16000000000000014,27
עכשיו 14,afternoon,2-3m,2.5166666666666666,0,1,3.420689655172414,3.3,3.5199999999999987,1.0290322580645157,0.035282258064516236,29
עכשיו 14,afternoon,<1m,0.6666666666666666,0,1,3.388888888888889,3.3,3.5199999999999987,1.0386885245901636,0.02622950819672132,27
עכשיו 14,afternoon,<1m,0.3333333333333333,0,1,2.792307692307692,2.7,2.826666666666667,1.0123048668503216,0.03305785123966931,26
עכשיו 14,afternoon,1-2m,1.5666666666666669,0,1,2.8115384615384613,2.7,2.826666666666667,1.0053807569539446,0.03967168262653886,26
עכשיו 14,afternoon,<1m,1.0,0,1,2.8115384615384613,2.7,2.826666666666667,1.0053807569539446,0.03967168262653886,26
עכשיו 14,afternoon,1-2m,1.6666666666666667,0,1,2.953333333333333,2.9,3.0266666666666664,1.0248306997742664,0.018058690744920947,30
עכשיו 14,early_evening,2-3m,2.9166666666666665,0,1,3.860714285714285,3.975,3.853333333333333,0.9980881899475795,-0.029602220166512705,28
עכשיו 14,early_evening,1-2m,1.0333333333333334,0,1,3.9346153846153844,3.9,3.853333333333333,0.9793418051482567,0.008797653958944274,26
עכשיו 14,early_evening,1-2m,1.6833333333333331,1,2,4.723076923076923,4.633333333333333,4.67111111111111,0.9889974665218964,0.019001085776330195,26
עכשיו 14,early_evening,2-3m,2.716666666666667,1,2,4.9375,4.475,4.84,0.980253164556962,0.09367088607594942,24
עכשיו 14,early_evening,1-2m,1.45,0,1,4.988461538461538,4.466666666666667,4.773333333333334,0.9568748393729122,0.1046003598046773,26
עכשיו 14,early_evening,3-4m,3.45,0,1,6.036666666666667,5.499999999999999,5.873333333333332,0.972943125345113,0.08890115958034261,30
עכשיו 14,early_evening,1-2m,1.6666666666666667,0,1,6.666666666666668,5.8999999999999995,6.659999999999999,0.9989999999999997,0.11500000000000021,30
עכשיו 14,late_evening,2-3m,2.0833333333333335,0,1,8.814285714285715,8.533333333333333,8.706666666666669,0.9877903835764453,0.03187466234467862,28
עכשיו 14,late_evening,<1m,0.7166666666666667,0,1,8.834615384615384,8.0,8.706666666666669,0.9855173414598755,0.09447104919460159,26
עכשיו 14,late_evening,<1m,0.7,0,1,9.04814814814815,8.75,9.08,1.003520261972984,0.03295128939828096,27
עכשיו 14,late_evening,1-2m,1.05,0,1,8.966666666666667,7.75,9.08,1.012639405204461,0.13568773234200748,27
עכשיו 14,late_evening,<1m,0.7333333333333333,0,1,8.923076923076923,7.7,9.08,1.0175862068965518,0.13706896551724135,26
עכשיו 14,late_evening,<1m,0.9333333333333332,0,1,2.4107142857142856,2.4,2.7199999999999998,1.1282962962962964,0.004444444444444473,28
עכשיו 14,late_evening,<1m,1.0,0,1,2.389285714285714,2.4,2.7199999999999998,1.1384155455904337,-0.004484304932735661,28
עכשיו 14,overnight,1-2m,1.55,1,2,1.8925925925925926,1.8666666666666665,1.8955555555555554,1.0015655577299412,0.013698630136986356,27
עכשיו 14,overnight,1-2m,1.5666666666666669,0,1,1.832142857142857,1.8999999999999997,1.84,1.0042884990253411,-0.03703703703703698,28
עכשיו 14,overnight,1-2m,1.75,0,1,0.789655172413793,0.7333333333333334,0.7866666666666665,0.9962154294032023,0.07132459970887906,29
עכשיו 14,overnight,<1m,0.8333333333333334,0,1,0.7666666666666666,0.7,0.7866666666666665,1.026086956521739,0.08695652173913038,27
עכשיו 14,overnight,1-2m,1.95,0,1,0.10000000000000003,0.10000000000000002,0.10000000000000003,1.0,1.1102230246251565e-16,30
עכשיו 14,morning,<1m,0.9166666666666666,0,1,1.4931034482758618,1.2,1.2533333333333334,0.8394149345650502,0.19630484988452646,29
עכשיו 14,morning,<1m,0.5833333333333334,0,1,2.172413793103449,2.3,2.18,1.0034920634920632,-0.0587301587301583,29
עכשיו 14,morning,1-2m,1.65,0,1,2.235714285714286,2.2,2.3266666666666667,1.0406815761448347,0.015974440894568787,28
עכשיו 14,morning,<1m,0.7666666666666667,0,1,2.2259259259259263,2.1,2.1066666666666665,0.9464226289517468,0.05657237936772064,27
עכשיו 14,morning,1-2m,1.4333333333333331,0,1,1.8896551724137927,1.8999999999999997,1.8999999999999992,1.0054744525547443,-0.005474452554744547,29
עכשיו 14,morning,<1m,0.4166666666666667,0,1,1.8821428571428567,1.9,1.8999999999999992,1.0094876660341554,-0.00948766603415585,28
עכשיו 14,morning,1-2m,1.65,0,1,1.4344827586206903,1.45,1.4666666666666661,1.0224358974358967,-0.010817307692307265,29
עכשיו 14,morning,<1m,0.4333333333333333,0,1,1.421428571428572,1.4,1.4666666666666661,1.0318257956448904,0.015075376884422509,28
עכשיו 14,morning,<1m,0.9,0,1,1.2785714285714287,1.6,1.4266666666666667,1.115828677839851,-0.25139664804469275,28
עכשיו 14,morning,1-2m,1.1166666666666667,1,2,1.2758620689655176,1.5333333333333332,1.3533333333333335,1.0607207207207205,-0.2018018018018013,29
עכשיו 14,afternoon,1-2m,1.85,0,1,1.5035714285714286,1.4666666666666668,1.4533333333333334,0.9665874901029295,0.024544734758511377,28
עכשיו 14,afternoon,<1m,0.9166666666666666,0,1,1.5111111111111113,1.6,1.5600000000000003,1.0323529411764707,-0.05882352941176472,27
עכשיו 14,afternoon,1-2m,1.35,0,1,1.8482758620689657,1.9000000000000001,1.8133333333333335,0.981094527363184,-0.027985074626865725,29
עכשיו 14,afternoon,<1m,0.7333333333333333,0,1,1.8678571428571427,1.8,1.8133333333333335,0.9708094327597198,0.03632887189292533,28
עכשיו 14,afternoon,2-3m,2.1166666666666667,0,1,2.357142857142857,2.233333333333334,2.22,0.9418181818181819,0.05252525252525231,28
עכשיו 14,afternoon,<1m,0.9333333333333332,0,1,2.3814814814814818,1.9,2.433333333333334,1.021772939346812,0.2021772939346813,27
עכשיו 14,afternoon,1-2m,1.8833333333333333,0,1,2.396551724137931,2.566666666666667,2.3666666666666667,0.9875299760191847,-0.07098321342925673,29
עכשיו 14,afternoon,<1m,0.8666666666666667,0,1,2.4071428571428575,2.6,2.3666666666666667,0.9831849653808109,-0.0801186943620178,28
עכשיו 14,afternoon,2-3m,2.7666666666666666,1,2,3.160714285714285,3.45,3.21,1.0155932203389832,-0.09152542372881389,28
עכשיו 14,afternoon,1-2m,1.1333333333333333,0,1,3.1576923076923076,3.3499999999999996,3.186666666666667,1.0091758018676413,-0.06090133982947621,26
עכשיו 14,early_evening,2-3m,2.0166666666666666,0,1,4.177777777777778,3.766666666666666,3.9999999999999996,0.9574468085106381,0.09840425531914909,27
עכשיו 14,early_evening,<1m,0.8666666666666667,0,1,4.223076923076923,3.6,3.9999999999999996,0.9471766848816028,0.14754098360655743,26
עכשיו 14,early_evening,<1m,0.5833333333333334,0,1,4.3076923076923075,3.7,3.9999999999999996,0.9285714285714285,0.14107142857142851,26
עכשיו 14,early_evening,<1m,0.2,0,1,4.32,3.8,3.9999999999999996,0.9259259259259257,0.12037037037037046,25
עכשיו 14,early_evening,1-2m,1.6833333333333331,0,1,4.7137931034482765,5.033333333333333,4.859999999999999,1.0310168251645937,-0.06778834430626657,29
עכשיו 14,early_evening,1-2m,1.9,0,1,4.725,3.9,4.48,0.9481481481481483,0.17460317460317454,28
עכשיו 14,early_evening,4-6m,4.683333333333334,1,2,5.706666666666668,5.583333333333333,5.6244444444444435,0.9855919003115261,0.021612149532710512,30
עכשיו 14,early_evening,1-2m,1.8,0,1,7.1,6.233333333333334,6.993333333333335,0.9849765258215966,0.12206572769953039,30
עכשיו 14,late_evening,1-2m,1.3166666666666669,0,1,8.364285714285714,8.0,8.360000000000001,0.9994876174210079,0.04355251921434666,28
עכשיו 14,late_evening,1-2m,1.3833333333333333,0,1,9.360714285714286,8.65,9.566666666666665,1.0220017804909065,0.07592521938191532,28
עכשיו 14,late_evening,1-2m,1.55,0,1,9.260714285714286,8.6,9.566666666666665,1.0330376655097053,0.07134593135364453,28
עכשיו 14,late_evening,<1m,0.6833333333333333,0,1,5.343333333333334,4.4,5.766666666666666,1.0792264504054894,0.17654398003742977,30
עכשיו 14,late_evening,<1m,1.0,0,1,2.5037037037037035,2.1,2.6533333333333333,1.0597633136094675,0.16124260355029574,27
עכשיו 14,overnight,<1m,0.9166666666666666,0,1,1.01,0.9,0.9133333333333336,0.9042904290429045,0.1089108910891089,30
עכשיו 14,overnight,3-4m,3.1333333333333333,0,1,0.6433333333333334,0.5,0.7066666666666668,1.0984455958549222,0.22279792746114002,30
עכשיו 14,overnight,<1m,0.9833333333333332,0,1,0.6733333333333337,0.8,0.7600000000000002,1.1287128712871284,-0.18811881188118762,30
עכשיו 14,morning,1-2m,1.5833333333333333,0,1,1.7241379310344833,1.6666666666666667,1.486666666666667,0.8622666666666666,0.03333333333333366,29
עכשיו 14,morning,2-3m,2.35,0,1,3.4178571428571436,3.4333333333333336,3.42,1.0006269592476487,-0.004528039010797569,28
עכשיו 14,morning,1-2m,1.1333333333333333,0,1,3.4296296296296305,3.3,3.42,0.9971922246220299,0.037796976241900926,27
עכשיו 14,morning,<1m,0.9333333333333332,1,2,2.9840000000000004,2.95,2.956666666666666,0.9908400357462016,0.011394101876675666,25
עכשיו 14,morning,<1m,0.6666666666666666,0,1,2.9599999999999995,2.8,2.839999999999999,0.9594594594594593,0.054054054054053946,25
עכשיו 14,morning,<1m,0.5333333333333333,0,1,2.9359999999999995,2.8,2.839999999999999,0.9673024523160761,0.04632152588555849,25
עכשיו 14,morning,2-3m,2.716666666666667,0,1,2.5321428571428575,2.5,2.3999999999999995,0.947813822284908,0.012693935119887256,28
עכשיו 14,morning,1-2m,1.0666666666666669,0,1,2.503703703703704,2.4,2.3999999999999995,0.9585798816568044,0.04142011834319537,27
עכשיו 14,morning,2-3m,2.7,0,1,2.137931034482759,2.1,2.2066666666666674,1.032150537634409,0.01774193548387104,29
עכשיו 14,morning,<1m,0.4333333333333333,0,1,2.1500000000000004,2.1,2.2066666666666674,1.026356589147287,0.023255813953488524,26
עכשיו 14,morning,2-3m,2.2,0,1,1.9749999999999999,2.2,2.013333333333333,1.019409282700422,-0.11392405063291156,28
עכשיו 14,morning,1-2m,1.05,0,1,1.9777777777777776,2.2,2.013333333333333,1.0179775280898877,-0.11235955056179803,27
עכשיו 14,afternoon,1-2m,1.4166666666666667,0,1,2.3357142857142854,2.4,2.3999999999999995,1.0275229357798163,-0.02752293577981657,28
עכשיו 14,afternoon,<1m,0.7166666666666667,0,1,2.3714285714285714,2.4,2.3999999999999995,1.012048192771084,-0.012048192771084265,28
עכשיו 14,afternoon,2-3m,2.1,1,2,2.6464285714285722,2.566666666666667,2.52,0.952226720647773,0.030139451192082944,28
עכשיו 14,afternoon,1-2m,1.0666666666666669,0,1,2.5185185185185186,2.5,2.3333333333333335,0.9264705882352942,0.007352941176470673,27
עכשיו 14,afternoon,1-2m,1.7833333333333334,1,2,3.153571428571429,3.1333333333333333,3.0600000000000005,0.9703284258210646,0.006417516043790261,28
עכשיו 14,afternoon,1-2m,1.15,0,1,3.246428571428571,3.2000000000000006,3.5,1.0781078107810782,0.014301430143013993,28
עכשיו 14,afternoon,1-2m,1.9833333333333336,0,1,3.110714285714286,3.0,3.2533333333333325,1.0458476846536544,0.03559127439724474,28
עכשיו 14,afternoon,1-2m,1.65,1,2,3.0000000000000004,3.033333333333333,3.0933333333333333,1.0311111111111109,-0.01111111111111085,28
עכשיו 14,afternoon,3-4m,3.183333333333333,1,2,2.5785714285714283,2.425,2.553333333333333,0.9902123730378577,0.059556786703601095,28
עכשיו 14,afternoon,1-2m,1.65,0,1,2.7846153846153845,2.5,2.8533333333333326,1.0246777163904233,0.10220994475138112,26
עכשיו 14,early_evening,<1m,0.95,0,1,3.9,3.8,3.7933333333333334,0.9726495726495727,0.02564102564102566,25
עכשיו 14,early_evening,<1m,0.8666666666666667,0,1,3.912,3.7,3.7933333333333334,0.9696659850034084,0.05419222903885479,25
עכשיו 14,early_evening,1-2m,1.1666666666666667,0,1,3.952,3.7,3.7933333333333334,0.9598515519568152,0.06376518218623473,25
עכשיו 14,early_evening,<1m,0.5166666666666667,0,1,4.008,3.7,3.7933333333333334,0.9464404524284764,0.07684630738522946,25
עכשיו 14,early_evening,1-2m,1.6666666666666667,0,1,4.28888888888889,4.133333333333334,4.253333333333333,0.9917098445595852,0.03626943005181349,27
עכשיו 14,early_evening,<1m,0.4333333333333333,0,1,4.336363636363638,4.4,4.3133333333333335,0.9946890286512925,-0.014675052410901168,22
עכשיו 14,early_evening,1-2m,1.05,0,1,4.329166666666667,4.6,4.3133333333333335,0.9963426371511068,-0.0625601539942251,24
עכשיו 14,early_evening,<1m,0.6333333333333333,0,1,4.357692307692308,4.800000000000001,4.500000000000001,1.032656663724625,-0.10150044130626656,26
עכשיו 14,early_evening,4-6m,4.233333333333333,0,1,4.865517241379311,4.24,3.999999999999999,0.8221119773210487,0.12856130403968824,29
עכשיו 14,early_evening,1-2m,1.6666666666666667,0,1,6.679999999999999,6.566666666666666,6.780000000000001,1.0149700598802398,0.01696606786427135,30
עכשיו 14,late_evening,2-3m,2.9166666666666665,0,1,8.296428571428569,7.3,7.646666666666666,0.9216817333907306,0.1201033146792938,28
עכשיו 14,late_evening,<1m,0.5333333333333333,0,1,7.587999999999999,7.0,7.133333333333335,0.9400808293797226,0.07749077490774903,25
עכשיו 14,late_evening,2-3m,2.033333333333333,0,1,7.484615384615385,6.533333333333334,7.1333333333333355,0.9530661185337447,0.12709832134292554,26
עכשיו 14,late_evening,<1m,0.7,0,1,7.316666666666666,6.3,7.133333333333335,0.9749430523917998,0.1389521640091116,24
עכשיו 14,late_evening,<1m,0.7833333333333333,0,1,7.248000000000001,6.35,7.133333333333335,0.9841795437821929,0.12389624724061832,25
עכשיו 14,late_evening,1-2m,1.0833333333333333,0,1,2.4375,2.1500000000000004,2.420000000000001,0.9928205128205132,0.11794871794871775,24
עכשיו 14,late_evening,3-4m,3.75,0,1,2.3518518518518516,2.18,2.420000000000001,1.0289763779527563,0.07307086614173208,27
עכשיו 14,late_evening,1-2m,1.4,0,1,2.28,2.1,2.420000000000001,1.0614035087719302,0.07894736842105254,25
עכשיו 14,overnight,2-3m,2.3666666666666667,0,1,0.59,0.925,0.56,0.9491525423728815,-0.5677966101694918,30
עכשיו 14,overnight,<1m,0.9166666666666666,0,1,0.9266666666666669,1.0,0.8933333333333336,0.9640287769784174,-0.07913669064748174,30
עכשיו 14,overnight,<1m,0.9166666666666666,0,1,1.0066666666666668,1.0,1.0066666666666666,0.9999999999999998,0.006622516556291536,30
עכשיו 14,morning,1-2m,1.75,0,1,1.2699999999999998,1.3,1.3399999999999999,1.0551181102362206,-0.02362204724409467,30
עכשיו 14,morning,<1m,0.8,0,1,1.3999999999999992,1.4,1.4266666666666663,1.0190476190476194,-4.440892098500626e-16,29
עכשיו 14,morning,<1m,0.8166666666666667,0,1,1.3965517241379306,1.4,1.4266666666666663,1.0215637860082305,-0.0024691358024693244,29
עכשיו 14,morning,<1m,0.75,0,1,2.5222222222222226,2.6,2.5799999999999996,1.0229074889867837,-0.03083700440528614,27
עכשיו 14,morning,<1m,0.6833333333333333,0,1,2.5821428571428577,2.6500000000000004,2.5799999999999996,0.9991701244813275,-0.026279391424619547,28
עכשיו 14,morning,<1m,0.9666666666666668,0,1,2.6142857142857148,2.6,2.5799999999999996,0.9868852459016391,0.005464480874317057,28
עכשיו 14,morning,<1m,0.6,0,1,3.15,3.1,3.1333333333333337,0.9947089947089949,0.015873015873015817,24
עכשיו 14,morning,3-4m,3.1,1,2,3.1185185185185187,3.1,3.1333333333333333,1.004750593824228,0.005938242280285055,27
עכשיו 14,morning,1-2m,1.2333333333333334,0,1,3.103846153846154,3.1666666666666665,3.1333333333333333,1.0095002065262288,-0.020239570425443887,26
עכשיו 14,morning,<1m,0.7333333333333333,0,1,2.556,2.4,2.266666666666666,0.8868022952529993,0.06103286384976536,25
עכשיו 14,morning,2-3m,2.216666666666667,0,1,2.5000000000000004,2.3333333333333335,2.266666666666666,0.9066666666666663,0.06666666666666676,27
עכשיו 14,morning,1-2m,1.1666666666666667,0,1,2.4192307692307695,2.25,2.266666666666666,0.9369369369369366,0.06995230524642304,26
עכשיו 14,morning,<1m,0.75,0,1,3.003846153846154,3.1,3.1000000000000005,1.032010243277849,-0.03201024327784885,26
עכשיו 14,morning,1-2m,1.7166666666666666,0,1,3.0107142857142857,3.1,2.9399999999999995,0.9765124555160141,-0.029655990510083052,28
עכשיו 14,morning,1-2m,1.0166666666666666,0,1,3.0037037037037035,3.0,2.9399999999999995,0.9787916152897657,0.0012330456226880004,27
עכשיו 14,morning,<1m,0.5,0,1,2.1307692307692303,2.2,1.8600000000000003,0.8729241877256321,-0.03249097472924212,26
עכשיו 14,morning,<1m,0.6166666666666667,0,1,2.0846153846153843,2.0,1.8600000000000003,0.8922509225092253,0.040590405904058935,26
עכשיו 14,morning,1-2m,1.8333333333333333,0,1,2.022222222222222,2.0,1.8600000000000003,0.91978021978022,0.01098901098901095,27
עכשיו 14,afternoon,<1m,0.75,0,1,2.776923076923077,2.8,2.786666666666667,1.0035087719298248,-0.008310249307479145,26
עכשיו 14,afternoon,1-2m,1.6666666666666667,0,1,2.8000000000000003,2.6,2.786666666666667,0.9952380952380953,0.07142857142857151,26
עכשיו 14,afternoon,1-2m,1.4166666666666667,0,1,2.815384615384616,2.6,2.786666666666667,0.9897996357012749,0.07650273224043735,26
עכשיו 14,afternoon,<1m,0.85,0,1,3.2481481481481485,3.1,2.993333333333333,0.9215507411630557,0.04561003420752574,27
עכשיו 14,afternoon,<1m,0.9833333333333332,0,1,3.2961538461538455,2.8,2.993333333333333,0.9081291326332168,0.1505250875145857,26
עכשיו 14,afternoon,1-2m,1.5833333333333333,0,1,3.3333333333333335,3.1,2.993333333333333,0.8979999999999999,0.07000000000000006,27
עכשיו 14,afternoon,<1m,0.5,0,1,3.78,3.5,3.7466666666666666,0.9911816578483246,0.07407407407407407,25
עכשיו 14,afternoon,2-3m,2.6166666666666667,0,1,3.733333333333334,3.7000000000000006,3.7466666666666666,1.0035714285714283,0.008928571428571397,27
עכשיו 14,afternoon,1-2m,1.5,0,1,3.6115384615384616,3.8,3.7466666666666666,1.0374156904508343,-0.052183173588924214,26
עכשיו 14,afternoon,<1m,0.75,0,1,3.003703703703704,3.0,3.0399999999999996,1.0120838471023426,0.0012330456226881115,27
עכשיו 14,afternoon,1-2m,1.75,0,1,3.0464285714285717,3.233333333333333,3.0399999999999996,0.9978898007033995,-0.061352090660413916,28
עכשיו 14,afternoon,1-2m,1.0666666666666669,0,1,1.4800000000000002,2.3,1.3866666666666667,0.9369369369369368,-0.5540540540540537,30
עכשיו 14,early_evening,<1m,0.7333333333333333,0,1,2.203448275862069,2.6500000000000004,2.1733333333333333,0.9863328116849244,-0.20266040688575915,29
עכשיו 14,early_evening,<1m,0.7833333333333333,0,1,2.23448275862069,2.45,2.1733333333333333,0.9726337448559669,-0.09645061728395055,29
עכשיו 14,early_evening,3-4m,3.3833333333333333,0,1,3.213333333333333,3.3,3.3466666666666653,1.0414937759336096,-0.0269709543568466,30
עכשיו 14,late_evening,<1m,0.75,0,1,7.8076923076923075,8.0,7.199999999999999,0.922167487684729,-0.024630541871921263,26
עכשיו 14,late_evening,<1m,0.7333333333333333,0,1,7.774074074074075,6.95,7.199999999999999,0.9261553120533585,0.10600285850404956,27
עכשיו 14,late_evening,2-3m,2.1666666666666665,0,1,7.742857142857145,6.666666666666667,7.199999999999999,0.9298892988929887,0.13899138991389925,28
עכשיו 14,late_evening,<1m,0.85,0,1,6.411999999999999,5.95,6.0,0.9357454772301935,0.07205240174672467,25
עכשיו 14,late_evening,3-4m,3.4166666666666665,0,1,6.45357142857143,5.5,6.0,0.9297177642501382,0.14775871610404,28
עכשיו 14,late_evening,<1m,0.7833333333333333,0,1,6.324,4.8,6.0,0.9487666034155599,0.24098671726755216,25
עכשיו 14,late_evening,1-2m,1.3166666666666669,1,2,5.22,5.066666666666666,5.37111111111111,1.0289484887186033,0.02937420178799488,30
עכשיו 14,late_evening,<1m,0.6333333333333333,0,1,3.4565217391304355,3.5,3.6,1.041509433962264,-0.012578616352201033,23
עכשיו 14,late_evening,4-6m,5.816666666666666,1,2,3.224137931034482,3.0142857142857147,3.093333333333333,0.9594295900178254,0.06508785332314715,29
עכשיו 14,overnight,1-2m,1.3166666666666669,1,2,2.637931034482759,2.533333333333333,2.648888888888889,1.004153957879448,0.03965141612200451,29
עכשיו 14,overnight,1-2m,1.1166666666666667,0,1,2.628571428571429,2.5,2.56,0.9739130434782607,0.048913043478260976,28
עכשיו 14,overnight,1-2m,1.4666666666666666,0,1,0.9266666666666669,0.7,0.8466666666666666,0.9136690647482011,0.24460431654676285,30
עכשיו 14,overnight,2-3m,2.9166666666666665,0,1,0.8966666666666664,0.9,0.9000000000000001,1.0037174721189597,-0.003717472118959453,30
עכשיו 14,overnight,1-2m,1.2333333333333334,0,1,0.5266666666666666,0.5,0.5,0.949367088607595,0.050632911392405,30
עכשיו 14,morning,1-2m,1.7,0,1,1.4827586206896546,1.3999999999999997,1.4399999999999997,0.9711627906976746,0.055813953488371926,29
עכשיו 14,morning,<1m,0.3666666666666666,1,2,1.5178571428571428,1.4,1.51,0.9948235294117648,0.0776470588235294,28
עכשיו 14,morning,<1m,0.2,1,2,2.8407407407407415,2.8,2.8600000000000003,1.006779661016949,0.0143415906127774,27
עכשיו 14,morning,1-2m,1.55,0,1,2.8535714285714286,3.0,2.94,1.0302878598247809,-0.051314142678347885,28
עכשיו 14,morning,<1m,0.3666666666666666,0,1,2.877777777777778,3.1,2.9400000000000004,1.0216216216216216,-0.07722007722007707,27
עכשיו 14,morning,<1m,0.2,0,1,2.6039999999999996,2.7,2.5733333333333333,0.9882232462877625,-0.03686635944700489,25
עכשיו 14,morning,2-3m,2.6666666666666665,0,1,2.4857142857142853,2.575,2.5733333333333333,1.035249042145594,-0.035919540229885305,28
עכשיו 14,morning,<1m,0.2166666666666666,0,1,2.376,2.3,2.5733333333333333,1.0830527497194165,0.03198653198653201,25
עכשיו 14,morning,2-3m,2.8666666666666667,1,2,1.558620689655172,1.5,1.51,0.9688053097345135,0.03761061946902633,29
עכשיו 14,morning,<1m,0.6166666666666667,0,1,1.5629629629629624,1.5,1.5,0.9597156398104268,0.040284360189573154,27
עכשיו 14,morning,2-3m,2.816666666666667,1,2,1.7551724137931033,1.975,1.773333333333333,1.0103470857891288,-0.12524557956778004,29
עכשיו 14,morning,<1m,0.4166666666666667,0,1,1.7653846153846153,2.0,1.9266666666666663,1.091358024691358,-0.1328976034858389,26
עכשיו 14,morning,2-3m,2.3333333333333335,0,1,1.6068965517241383,1.5,1.4933333333333332,0.929327610872675,0.06652360515021483,29
עכשיו 14,morning,<1m,0.6333333333333333,1,2,1.6296296296296295,1.6,1.6099999999999999,0.9879545454545454,0.018181818181818077,27
עכשיו 14,afternoon,<1m,0.8166666666666667,0,1,2.257142857142857,2.2,2.0733333333333337,0.918565400843882,0.025316455696202445,28
עכשיו 14,afternoon,1-2m,1.3333333333333333,1,2,2.325,2.4,2.3100000000000005,0.9935483870967743,-0.032258064516129004,28
עכשיו 14,afternoon,<1m,0.9833333333333332,0,1,3.1538461538461537,3.4,3.2066666666666666,1.0167479674796749,-0.07804878048780495,26
עכשיו 14,afternoon,1-2m,1.8166666666666669,0,1,3.2346153846153842,3.05,3.2066666666666666,0.9913594926674595,0.057074910820451796,26
עכשיו 14,afternoon,<1m,0.7166666666666667,0,1,3.319230769230769,2.9,3.3200000000000003,1.000231749710313,0.1263035921205098,26
עכשיו 14,afternoon,1-2m,1.25,0,1,3.185185185185185,3.2,3.246666666666667,1.0193023255813956,-0.0046511627906977715,27
עכשיו 14,afternoon,2-3m,2.183333333333333,0,1,3.1862068965517243,3.225,3.246666666666667,1.018975468975469,-0.012175324675324672,29
עכשיו 14,afternoon,3-4m,3.2,1,2,2.617241379310345,2.3249999999999997,2.3933333333333335,0.9144488361879667,0.11166007905138353,29
עכשיו 14,afternoon,<1m,0.6,0,1,2.553846153846154,2.3,2.2533333333333334,0.8823293172690763,0.09939759036144591,26
עכשיו 14,early_evening,<1m,0.3833333333333333,0,1,2.9166666666666665,2.8,2.906666666666666,0.9965714285714283,0.040000000000000036,24
עכשיו 14,early_evening,1-2m,1.95,1,2,2.923076923076923,2.7999999999999994,2.875555555555555,0.9837426900584795,0.04210526315789487,26
עכשיו 14,early_evening,1-2m,1.4166666666666667,0,1,2.9159999999999995,2.8,2.8599999999999994,0.98079561042524,0.0397805212620026,25
עכשיו 14,early_evening,<1m,0.45,0,1,4.434782608695653,4.2,4.133333333333335,0.9320261437908497,0.05294117647058838,23
עכשיו 14,early_evening,1-2m,1.1,0,1,4.5125,4.2,4.133333333333335,0.9159741458910436,0.06925207756232687,24
עכשיו 14,early_evening,1-2m,1.1,0,1,4.5625,4.2,4.133333333333335,0.905936073059361,0.07945205479452055,24
עכשיו 14,early_evening,<1m,0.7166666666666667,0,1,4.596,4.5,4.886666666666667,1.0632434000580215,0.02088772845953002,25
עכשיו 14,early_evening,<1m,0.3666666666666666,0,1,4.66,4.5,4.886666666666667,1.0486409155937053,0.03433476394849788,25
עכשיו 14,early_evening,<1m,0.8166666666666667,0,1,6.151999999999999,5.95,6.039999999999998,0.9817945383615083,0.032834850455136344,25
עכשיו 14,early_evening,2-3m,2.4,0,1,6.114814814814816,6.025,6.039999999999998,0.9877649909145968,0.014688067837674179,27
עכשיו 14,early_evening,<1m,0.55,0,1,6.083333333333333,6.0,6.039999999999998,0.9928767123287668,0.013698630136986245,24
עכשיו 14,early_evening,1-2m,1.6666666666666667,0,1,7.7666666666666675,7.266666666666667,8.040000000000001,1.0351931330472104,0.06437768240343356,30
עכשיו 14,late_evening,3-4m,3.933333333333333,0,1,9.448275862068966,8.6,8.973333333333333,0.9497323600973234,0.08978102189781034,29
עכשיו 14,late_evening,1-2m,1.0166666666666666,0,1,10.139285714285716,10.399999999999999,10.52,1.037548432546671,-0.02571327932370515,28
עכשיו 14,late_evening,1-2m,1.7166666666666666,0,1,10.062068965517241,9.866666666666667,10.52,1.0455106237148732,0.01941969385423803,29
עכשיו 14,late_evening,<1m,0.8,0,1,4.848275862068966,4.6,5.04,1.0395448079658607,0.05120910384068289,29
עכשיו 14,late_evening,<1m,0.85,0,1,3.4666666666666663,3.45,3.4666666666666672,1.0000000000000002,0.00480769230769218,27
עכשיו 14,late_evening,2-3m,2.55,0,1,3.403571428571428,3.2000000000000006,3.4666666666666672,1.0185379503322844,0.059811122770199066,28
עכשיו 14,overnight,1-2m,1.0833333333333333,0,1,2.810344827586207,3.0,2.9600000000000004,1.0532515337423314,-0.06748466257668717,29
עכשיו 14,overnight,<1m,0.35,0,1,2.7857142857142856,3.0,2.9600000000000004,1.0625641025641028,-0.07692307692307687,28
עכשיו 14,overnight,<1m,0.8,0,1,1.5033333333333332,1.4,1.38,0.917960088691796,0.0687361419068736,30
עכשיו 14,overnight,1-2m,1.9166666666666667,0,1,0.49333333333333335,0.39999999999999997,0.45333333333333337,0.918918918918919,0.18918918918918926,30
עכשיו 14,overnight,1-2m,1.9,0,1,0.12666666666666668,0.1,0.10000000000000003,0.7894736842105265,0.21052631578947367,30
עכשיו 14,overnight,1-2m,1.9166666666666667,0,1,0.15666666666666665,0.20000000000000004,0.19333333333333338,1.2340425531914898,-0.27659574468085135,30
עכשיו 14,overnight,1-2m,1.9,0,1,0.12666666666666665,0.10000000000000002,0.10000000000000003,0.7894736842105267,0.21052631578947345,30
עכשיו 14,morning,1-2m,1.9333333333333331,0,1,1.2689655172413792,1.2333333333333334,1.2133333333333336,0.9561594202898553,0.028079710144927383,29
עכשיו 14,morning,<1m,0.35,0,1,1.3333333333333333,1.2,1.2133333333333336,0.9100000000000003,0.09999999999999998,27
עכשיו 14,morning,<1m,0.3166666666666666,0,1,2.592592592592593,2.3,2.4466666666666668,0.9437142857142856,0.1128571428571431,27
עכשיו 14,morning,<1m,0.2833333333333333,0,1,2.6148148148148156,2.2,2.4466666666666668,0.9356940509915012,0.15864022662889532,27
עכשיו 14,morning,<1m,0.4166666666666667,0,1,2.6392857142857147,2.6500000000000004,2.4466666666666668,0.92701849345963,-0.004059539918809252,28
עכשיו 14,morning,<1m,0.4,0,1,2.355555555555555,2.3,2.5,1.0613207547169814,0.023584905660377298,27
עכשיו 14,morning,1-2m,1.8333333333333333,0,1,2.307142857142857,2.0,2.5,1.08359133126935,0.13312693498452,28
עכשיו 14,morning,<1m,0.45,0,1,2.2576923076923077,2.1,1.9866666666666666,0.8799545712663259,0.06984667802385003,26
עכשיו 14,morning,1-2m,1.1833333333333331,0,1,1.4285714285714286,1.45,1.2333333333333332,0.8633333333333332,-0.014999999999999902,28
עכשיו 14,morning,1-2m,1.1666666666666667,0,1,1.3827586206896552,1.3333333333333333,1.2333333333333332,0.8919368246051537,0.03574397339983382,29
עכשיו 14,morning,<1m,0.5166666666666667,0,1,1.3444444444444446,1.2,1.2333333333333332,0.9173553719008263,0.1074380165289257,27
עכשיו 14,morning,<1m,0.9666666666666668,0,1,2.107142857142857,2.2,2.1600000000000006,1.0250847457627121,-0.04406779661016946,28
עכשיו 14,morning,<1m,0.3666666666666666,0,1,2.1037037037037036,2.3,2.1600000000000006,1.026760563380282,-0.09330985915492951,27
עכשיו 14,morning,<1m,0.4166666666666667,0,1,2.0925925925925926,2.3,2.0733333333333337,0.9907964601769913,-0.0991150442477875,27
עכשיו 14,morning,2-3m,2.316666666666667,0,1,1.3214285714285714,1.4666666666666668,1.2600000000000002,0.9535135135135138,-0.10990990990991012,28
עכשיו 14,morning,<1m,0.7333333333333333,1,2,1.3592592592592592,1.3,1.356666666666667,0.9980926430517714,0.043596730245231474,27
עכשיו 14,afternoon,1-2m,1.4666666666666666,0,1,1.8285714285714285,2.0,1.9600000000000006,1.0718750000000004,-0.09375,28
עכשיו 14,afternoon,<1m,0.5166666666666667,0,1,1.8714285714285712,2.1,1.9600000000000006,1.0473282442748095,-0.12213740458015288,28
עכשיו 14,afternoon,1-2m,1.75,0,1,2.2428571428571424,2.1333333333333333,2.1866666666666665,0.9749469214437368,0.048832271762207946,28
עכשיו 14,afternoon,1-2m,1.3333333333333333,0,1,2.237037037037037,1.9,2.1866666666666665,0.9774834437086093,0.1506622516556292,27
עכשיו 14,afternoon,1-2m,1.2166666666666666,0,1,2.407142857142858,2.466666666666667,2.426666666666667,1.0081107814045498,-0.02472799208704224,28
עכשיו 14,afternoon,<1m,0.6166666666666667,0,1,2.414814814814815,2.5,2.426666666666667,1.004907975460123,-0.03527607361963181,27
עכשיו 14,afternoon,<1m,0.5166666666666667,0,1,2.4185185185185185,2.6500000000000004,2.426666666666667,1.0033690658499237,-0.09571209800918856,27
עכשיו 14,afternoon,1-2m,1.8,0,1,2.075,2.1333333333333333,2.14,1.0313253012048194,-0.028112449799196693,28
עכשיו 14,afternoon,<1m,0.7666666666666667,0,1,2.1296296296296298,2.1,2.14,1.0048695652173913,0.013913043478260834,27
עכשיו 14,afternoon,1-2m,1.15,0,1,2.0461538461538464,1.8,2.0000000000000004,0.9774436090225564,0.12030075187969935,26
עכשיו 14,afternoon,<1m,0.9833333333333332,0,1,2.048,1.8,2.0000000000000004,0.9765625000000002,0.12109375,25
עכשיו 14,afternoon,1-2m,1.4,1,2,2.0615384615384618,1.9333333333333336,2.0,0.9701492537313432,0.062189054726368154,26
עכשיו 14,early_evening,<1m,0.4,0,1,3.812,3.8,4.000000000000001,1.0493179433368314,0.0031479538300105414,25
עכשיו 14,early_evening,1-2m,1.65,0,1,3.923076923076924,4.0,4.000000000000001,1.0196078431372548,-0.01960784313725461,26
עכשיו 14,early_evening,<1m,0.4333333333333333,0,1,3.988,4.0,4.000000000000001,1.003009027081244,-0.0030090270812437314,25
עכשיו 14,early_evening,<1m,0.5833333333333334,0,1,4.024,3.8,4.000000000000001,0.9940357852882706,0.055666003976143186,25
עכשיו 14,early_evening,1-2m,1.0333333333333334,0,1,4.8500000000000005,5.1,4.933333333333334,1.0171821305841924,-0.051546391752577136,24
עכשיו 14,early_evening,1-2m,1.0333333333333334,1,2,4.845833333333333,4.85,4.873333333333333,1.0056749785038692,-0.0008598452278589797,24
עכשיו 14,early_evening,<1m,0.5666666666666667,0,1,4.824,4.8,4.8133333333333335,0.9977888336097291,0.00497512437810943,25
עכשיו 14,early_evening,3-4m,3.0166666666666666,0,1,5.431034482758621,4.825,4.946666666666667,0.9108148148148149,0.11158730158730157,29
עכשיו 14,early_evening,1-2m,1.8,0,1,6.966666666666666,6.6,6.819999999999999,0.9789473684210527,0.05263157894736836,30
עכשיו 14,late_evening,1-2m,1.85,0,1,7.303448275862068,6.733333333333333,7.0666666666666655,0.9675794774944917,0.07806106389675782,29
עכשיו 14,late_evening,<1m,0.8833333333333333,0,1,9.384615384615385,8.75,9.413333333333334,1.0030601092896174,0.06762295081967218,26
עכשיו 14,late_evening,3-4m,3.3,1,2,9.228571428571428,8.450000000000001,9.190000000000001,0.9958204334365327,0.08436532507739913,28
עכשיו 14,late_evening,<1m,0.6666666666666666,0,1,5.4172413793103456,4.9,5.96,1.1001909611712284,0.09548058561425854,29
עכשיו 14,late_evening,<1m,0.6333333333333333,0,1,3.682142857142857,3.8,3.8399999999999994,1.0428709990300677,-0.03200775945683798,28
עכשיו 14,overnight,<1m,0.95,0,1,2.9586206896551723,2.8,3.0799999999999987,1.0410256410256407,0.053613053613053685,29
עכשיו 14,overnight,<1m,0.5,0,1,2.9499999999999997,2.8,3.0799999999999987,1.0440677966101692,0.05084745762711862,28
עכשיו 14,overnight,1-2m,1.2833333333333334,0,1,2.0928571428571425,1.85,1.9200000000000006,0.9174061433447104,0.11604095563139916,28
עכשיו 14,overnight,<1m,0.8333333333333334,0,1,2.0142857142857142,1.6,1.9200000000000006,0.9531914893617024,0.2056737588652482,28
עכשיו 14,overnight,1-2m,1.9,0,1,0.9333333333333333,0.9,0.8666666666666668,0.9285714285714287,0.0357142857142857,30
עכשיו 14,overnight,1-2m,1.9166666666666667,0,1,0.8099999999999999,0.8000000000000002,0.8533333333333336,1.0534979423868316,0.0123456790123454,30
עכשיו 14,morning,<1m,0.9333333333333332,0,1,1.1655172413793105,1.5,1.1333333333333333,0.972386587771203,-0.28698224852070986,29
עכשיו 14,morning,<1m,0.2166666666666666,0,1,1.1714285714285713,1.4,1.1333333333333333,0.9674796747967481,-0.19512195121951237,28
עכשיו 14,morning,<1m,0.3333333333333333,0,1,1.1857142857142855,1.4,1.1333333333333333,0.9558232931726909,-0.1807228915662653,28
עכשיו 14,morning,<1m,0.45,0,1,1.7518518518518518,1.0,1.6199999999999997,0.9247357293868921,0.42917547568710357,27
עכשיו 14,morning,1-2m,1.0833333333333333,1,2,1.7892857142857141,1.1,1.6766666666666663,0.9370592149035262,0.3852295409181635,28
עכשיו 14,morning,<1m,0.4333333333333333,0,1,1.811111111111111,1.4,1.733333333333333,0.9570552147239263,0.22699386503067476,27
עכשיו 14,morning,1-2m,1.7333333333333334,0,1,3.2392857142857143,3.0666666666666664,3.22,0.9940463065049615,0.05328923190003687,28
עכשיו 14,morning,<1m,0.7666666666666667,0,1,3.222222222222222,3.0,3.22,0.9993103448275864,0.06896551724137923,27
עכשיו 14,morning,<1m,0.65,0,1,3.1884615384615387,3.2,3.22,1.0098914354644148,-0.003618817852834688,26
עכשיו 14,morning,1-2m,1.7833333333333334,0,1,2.475,2.4,2.3666666666666663,0.956228956228956,0.030303030303030387,28
עכשיו 14,morning,<1m,0.7833333333333333,0,1,2.462962962962963,2.1,2.1333333333333337,0.8661654135338348,0.14736842105263148,27
עכשיו 14,morning,<1m,0.2666666666666666,0,1,2.488888888888889,2.0,2.1333333333333337,0.8571428571428573,0.1964285714285714,27
עכשיו 14,morning,<1m,0.9166666666666666,0,1,2.2214285714285715,1.9,2.073333333333333,0.933333333333333,0.144694533762058,28
עכשיו 14,morning,<1m,0.75,0,1,2.2,1.9,2.073333333333333,0.942424242424242,0.13636363636363646,28
עכשיו 14,morning,<1m,0.3,0,1,2.174074074074074,1.9,2.073333333333333,0.95366269165247,0.1260647359454855,27
עכשיו 14,afternoon,<1m,0.6166666666666667,0,1,1.3703703703703707,1.3,1.3866666666666667,1.0118918918918918,0.05135135135135149,27
עכשיו 14,afternoon,1-2m,1.3666666666666667,0,1,1.417857142857143,1.3,1.3866666666666667,0.9780016792611251,0.08312342569269526,28
עכשיו 14,afternoon,1-2m,1.9833333333333336,1,2,2.751724137931034,2.5,2.7533333333333334,1.0005847953216376,0.09147869674185449,29
עכשיו 14,afternoon,<1m,0.2833333333333333,0,1,2.792592592592592,2.5,2.853333333333333,1.0217506631299738,0.1047745358090183,27
עכשיו 14,afternoon,1-2m,1.7166666666666666,0,1,3.010714285714286,2.6333333333333333,2.9666666666666672,0.985369711348359,0.12534598655595108,28
עכשיו 14,afternoon,<1m,0.8166666666666667,0,1,3.0037037037037044,2.5,2.9666666666666672,0.9876695437731196,0.1676942046855736,27
עכשיו 14,afternoon,1-2m,1.0833333333333333,0,1,2.522222222222222,2.4,2.3933333333333326,0.9488986784140967,0.048458149779735726,27
עכשיו 14,afternoon,<1m,0.3666666666666666,0,1,2.5407407407407407,2.4,2.3933333333333326,0.9419825072886294,0.055393586005830886,27
עכשיו 14,afternoon,<1m,0.2,0,1,2.5629629629629624,2.5,2.6599999999999997,1.0378612716763007,0.02456647398843914,27
עכשיו 14,afternoon,1-2m,1.9,0,1,3.7269230769230766,3.9,3.7066666666666657,0.994564843481252,-0.04643962848297223,26
עכשיו 14,afternoon,1-2m,1.1166666666666667,1,2,3.776,3.9,3.806666666666666,1.0081214689265536,-0.03283898305084754,25
עכשיו 14,afternoon,<1m,0.3666666666666666,0,1,3.866666666666666,3.8,3.9066666666666663,1.010344827586207,0.01724137931034464,24
עכשיו 14,afternoon,<1m,0.2,0,1,3.9,3.9,3.9066666666666663,1.0017094017094017,0.0,24
עכשיו 14,early_evening,<1m,0.75,0,1,4.8999999999999995,5.0,4.646666666666666,0.948299319727891,-0.020408163265306145,26
עכשיו 14,early_evening,<1m,0.6,0,1,4.912,3.8,4.646666666666666,0.9459826275787185,0.2263843648208469,25
עכשיו 14,early_evening,<1m,0.35,0,1,4.946153846153846,3.8,4.646666666666666,0.9394504924831516,0.23172628304821152,26
עכשיו 14,early_evening,<1m,0.65,0,1,5.999999999999999,5.6,5.593333333333334,0.9322222222222224,0.06666666666666654,24
עכשיו 14,early_evening,<1m,0.65,0,1,6.041666666666665,5.6,5.593333333333334,0.9257931034482761,0.0731034482758619,24
עכשיו 14,early_evening,1-2m,1.9666666666666663,1,2,6.115999999999999,5.366666666666667,5.824444444444445,0.9523290458542261,0.12252016568563306,25
עכשיו 14,early_evening,<1m,0.1833333333333333,0,1,6.233333333333333,5.5,6.286666666666667,1.0085561497326203,0.11764705882352944,24
עכשיו 14,early_evening,1-2m,1.6666666666666667,0,1,6.538461538461537,5.75,6.28,0.9604705882352943,0.12058823529411755,26
עכשיו 14,early_evening,1-2m,1.0166666666666666,0,1,6.592307692307693,5.1,6.28,0.9526254375729287,0.22637106184364075,26
עכשיו 14,early_evening,<1m,0.7166666666666667,0,1,6.619230769230768,5.15,6.28,0.948750726321906,0.2219639744334687,26
עכשיו 14,early_evening,1-2m,1.6666666666666667,0,1,7.950000000000001,7.166666666666667,7.866666666666668,0.989517819706499,0.0985324947589099,30
עכשיו 14,late_evening,<1m,0.5833333333333334,0,1,8.644,8.0,8.806666666666667,1.0188184482492673,0.07450254511800092,25
עכשיו 14,late_evening,3-4m,3.95,1,2,8.755172413793105,7.780000000000001,8.450666666666669,0.9652199028488907,0.11138243402914527,29
עכשיו 14,late_evening,1-2m,1.4833333333333334,0,1,7.57142857142857,7.466666666666666,7.62,1.0064150943396228,0.01383647798742138,28
עכשיו 14,late_evening,2-3m,2.0833333333333335,0,1,7.560714285714285,7.2,7.62,1.0078412848370337,0.04770902220122808,28
עכשיו 14,late_evening,1-2m,1.4333333333333331,0,1,2.3115384615384613,2.566666666666667,2.5,1.0815307820299502,-0.11037160288408221,26
עכשיו 14,late_evening,<1m,0.85,0,1,2.2708333333333335,2.6,2.5,1.1009174311926604,-0.14495412844036704,24
עכשיו 14,overnight,1-2m,1.4666666666666666,0,1,2.084,2.0,2.0133333333333336,0.9660908509277032,0.040307101727447225,25
עכשיו 14,overnight,<1m,0.85,0,1,1.0931034482758624,0.95,1.086666666666667,0.9941114616193479,0.130914826498423,29
עכשיו 14,overnight,1-2m,1.1166666666666667,0,1,0.5066666666666666,0.5,0.5,0.9868421052631581,0.013157894736841924,30
עכשיו 14,overnight,<1m,0.9166666666666666,0,1,0.7766666666666668,0.8,0.7800000000000001,1.004291845493562,-0.03004291845493534,30
עכשיו 14,morning,2-3m,2.4,0,1,1.4551724137931032,1.25,1.1933333333333331,0.8200631911532386,0.14099526066350698,29
עכשיו 14,morning,<1m,0.3666666666666666,1,2,1.5407407407407407,1.4,1.503333333333333,0.9757211538461537,0.09134615384615385,27
עכשיו 14,morning,<1m,0.4166666666666667,0,1,2.160714285714286,2.4,2.2666666666666666,1.0490358126721762,-0.11074380165289233,28
עכשיו 14,morning,<1m,0.5166666666666667,0,1,2.171428571428572,2.4,2.2666666666666666,1.0438596491228067,-0.1052631578947365,28
עכשיו 14,morning,<1m,0.3166666666666666,0,1,2.177777777777778,2.1,2.1266666666666665,0.9765306122448978,0.03571428571428581,27
עכשיו 14,morning,<1m,0.4,0,1,3.0785714285714287,2.9,2.9733333333333336,0.965815931941222,0.058004640371229765,28
עכשיו 14,morning,<1m,0.75,0,1,3.096428571428571,2.8499999999999996,2.9733333333333336,0.9602460592079971,0.07958477508650519,28
עכשיו 14,morning,<1m,0.4333333333333333,0,1,3.1185185185185182,3.1,2.9733333333333336,0.9534441805225655,0.005938242280284944,27
עכשיו 14,morning,1-2m,1.9666666666666663,0,1,2.7666666666666675,2.9,2.7000000000000006,0.9759036144578312,-0.04819277108433706,27
עכשיו 14,morning,<1m,0.35,0,1,2.6884615384615387,2.6,2.7000000000000006,1.0042918454935623,0.03290414878397718,26
עכשיו 14,morning,<1m,0.3166666666666666,0,1,2.6653846153846157,2.6,2.7000000000000006,1.012987012987013,0.024531024531024626,26
עכשיו 14,morning,<1m,0.65,0,1,2.736666666666666,3.0,2.9733333333333336,1.0864799025578566,-0.09622411693057287,30
עכשיו 14,morning,1-2m,1.4833333333333334,0,1,2.4821428571428568,2.3333333333333335,2.566666666666667,1.0340527577937653,0.059952038369304406,28
עכשיו 14,morning,<1m,0.7833333333333333,1,2,2.440740740740741,2.1,2.4066666666666667,0.986039453717754,0.13960546282245834,27
עכשיו 14,morning,<1m,0.55,0,1,2.2076923076923074,2.1,2.0666666666666673,0.9361207897793268,0.04878048780487787,26
עכשיו 14,morning,1-2m,1.1,0,1,2.2407407407407405,2.1500000000000004,2.0666666666666673,0.9223140495867772,0.04049586776859482,27
עכשיו 14,afternoon,<1m,0.3,0,1,2.280769230769231,2.3,2.4466666666666663,1.0727374929735805,-0.00843170320404707,26
עכשיו 14,afternoon,<1m,0.8833333333333333,0,1,2.4214285714285717,2.55,2.4333333333333327,1.004916420845624,-0.05309734513274322,28
עכשיו 14,afternoon,<1m,1.0,0,1,2.4214285714285717,2.55,2.4333333333333327,1.004916420845624,-0.05309734513274322,28
עכשיו 14,afternoon,1-2m,1.2333333333333334,0,1,2.785714285714286,2.4,2.6600000000000006,0.954871794871795,0.13846153846153864,28
עכשיו 14,afternoon,<1m,0.8,0,1,2.825,2.4,2.6600000000000006,0.9415929203539825,0.15044247787610632,28
עכשיו 14,afternoon,<1m,0.3,0,1,2.892592592592593,2.8,2.6600000000000006,0.9195902688860437,0.03201024327784907,27
עכשיו 14,afternoon,<1m,0.6666666666666666,0,1,3.2269230769230766,3.4,3.4199999999999995,1.0598331346841479,-0.05363528009535168,26
עכשיו 14,afternoon,<1m,0.95,1,2,3.22962962962963,3.25,3.2333333333333334,1.0011467889908257,-0.006307339449541205,27
עכשיו 14,afternoon,<1m,0.4666666666666667,0,1,3.2192307692307693,3.5,3.046666666666667,0.9463958582238152,-0.08721624850657106,26
עכשיו 14,afternoon,1-2m,1.9333333333333331,0,1,3.307142857142857,2.966666666666667,3.14,0.9494600431965444,0.10295176385889115,28
עכשיו 14,afternoon,<1m,0.9666666666666668,0,1,3.255555555555555,2.9,3.14,0.9645051194539251,0.10921501706484626,27
עכשיו 14,afternoon,<1m,0.6,0,1,3.3,3.2,3.2866666666666675,0.9959595959595963,0.030303030303030165,26
עכשיו 14,afternoon,1-2m,1.0333333333333334,0,1,3.3730769230769226,3.1500000000000004,3.2866666666666675,0.9743823641201068,0.06613454960091203,26
עכשיו 14,afternoon,<1m,0.6166666666666667,0,1,3.4000000000000004,3.1500000000000004,3.2866666666666675,0.9666666666666668,0.07352941176470584,26
עכשיו 14,afternoon,<1m,0.3666666666666666,0,1,3.4192307692307695,3.1,3.2866666666666675,0.9612298462692165,0.09336332958380211,26
עכשיו 14,early_evening,<1m,0.3,0,1,4.4653846153846155,4.1,4.253333333333332,0.952512202124605,0.08182601205857032,26
עכשיו 14,early_evening,<1m,0.7333333333333333,0,1,4.492592592592593,4.199999999999999,4.606666666666667,1.025391591096455,0.06512778235779082,27
עכשיו 14,early_evening,<1m,0.3666666666666666,0,1,4.503846153846154,4.4,4.606666666666667,1.022829490463991,0.02305721605465405,26
עכשיו 14,early_evening,<1m,0.4666666666666667,0,1,5.483333333333333,4.95,5.1000000000000005,0.9300911854103344,0.09726443768996962,24
עכשיו 14,early_evening,1-2m,1.9333333333333331,1,2,5.6,4.966666666666667,5.335555555555556,0.9527777777777778,0.11309523809523803,25
עכשיו 14,early_evening,<1m,0.6666666666666666,0,1,6.661538461538462,6.4,6.700000000000001,1.0057736720554273,0.03926096997690531,26
עכשיו 14,early_evening,1-2m,1.4333333333333331,0,1,6.75925925925926,6.0,6.700000000000001,0.9912328767123287,0.11232876712328788,27
עכשיו 14,early_evening,1-2m,1.1666666666666667,0,1,6.848148148148148,6.1,6.700000000000001,0.9783666846944296,0.10924824229313146,27
עכשיו 14,early_evening,1-2m,1.6666666666666667,0,1,7.863333333333333,7.3,7.86,0.9995760915642222,0.0716405256464604,30
עכשיו 14,late_evening,2-3m,2.55,0,1,8.506666666666666,8.000000000000002,8.513333333333334,1.0007836990595613,0.059561128526645524,30
עכשיו 14,late_evening,<1m,0.7833333333333333,0,1,8.372,8.55,8.373333333333333,1.0001592610288261,-0.021261347348303872,25
עכשיו 14,late_evening,3-4m,3.8833333333333337,1,2,8.275,7.42,8.245333333333333,0.9964149043303121,0.10332326283987925,28
עכשיו 14,late_evening,<1m,0.55,0,1,1.8814814814814813,2.0,2.1133333333333333,1.123228346456693,-0.06299212598425208,27
עכשיו 14,late_evening,<1m,0.8333333333333334,0,1,1.8499999999999999,2.0,2.1133333333333333,1.1423423423423424,-0.08108108108108114,28
עכשיו 14,late_evening,1-2m,1.1666666666666667,0,1,1.832142857142857,2.0,2.1133333333333333,1.1534762833008447,-0.09161793372319682,28
עכשיו 14,overnight,1-2m,1.0833333333333333,0,1,1.4222222222222223,1.45,1.3533333333333337,0.9515625000000002,-0.01953125,27
עכשיו 14,overnight,1-2m,1.7166666666666666,0,1,1.4035714285714287,1.2666666666666666,1.3533333333333337,0.9642069550466499,0.09754028837998319,28
עכשיו 14,overnight,1-2m,1.6666666666666667,0,1,0.8034482758620689,0.9,0.8066666666666663,1.0040057224606578,-0.1201716738197427,29
עכשיו 14,overnight,1-2m,1.05,0,1,0.7928571428571427,0.9,0.8066666666666664,1.0174174174174173,-0.1351351351351353,28
עכשיו 14,overnight,1-2m,1.4166666666666667,0,1,0.7766666666666668,0.7,0.7866666666666668,1.0128755364806867,0.09871244635193155,30
עכשיו 14,overnight,1-2m,1.1166666666666667,0,1,0.30000000000000004,0.3,0.29999999999999993,0.9999999999999997,2.220446049250313e-16,30
עכשיו 14,overnight,1-2m,1.25,0,1,0.25666666666666665,0.20000000000000004,0.27333333333333326,1.0649350649350646,0.22077922077922063,30
עכשיו 14,morning,1-2m,1.2833333333333334,0,1,1.0482758620689654,1.0999999999999999,0.9266666666666664,0.8839912280701753,-0.049342105263157965,29
עכשיו 14,morning,<1m,0.4833333333333333,0,1,1.0928571428571427,1.2,0.9266666666666665,0.8479302832244008,-0.0980392156862746,28
עכשיו 14,morning,<1m,0.35,0,1,1.1111111111111112,1.2,0.9266666666666665,0.8339999999999999,-0.07999999999999985,27
עכשיו 14,morning,<1m,0.2833333333333333,0,1,2.6074074074074076,2.4,2.4599999999999995,0.9434659090909089,0.0795454545454547,27
עכשיו 14,morning,<1m,0.3166666666666666,0,1,2.6222222222222227,2.4,2.4599999999999995,0.9381355932203387,0.08474576271186463,27
עכשיו 14,morning,<1m,0.9333333333333332,0,1,2.65,2.2,2.6866666666666674,1.0138364779874216,0.16981132075471683,28
עכשיו 14,morning,1-2m,1.5333333333333334,0,1,2.921428571428572,3.0,3.0,1.0268948655256722,-0.026894865525672218,28
עכשיו 14,morning,<1m,0.3833333333333333,0,1,2.7851851851851848,2.6,3.0,1.0771276595744683,0.06648936170212749,27
עכשיו 14,morning,<1m,0.3333333333333333,0,1,2.7296296296296294,2.6,3.0,1.0990502035278156,0.04748982360922649,27
עכשיו 14,morning,1-2m,1.45,0,1,2.476923076923077,2.6,2.6400000000000006,1.0658385093167704,-0.049689440993788914,26
עכשיו 14,morning,<1m,0.6833333333333333,0,1,2.532,2.7,2.6400000000000006,1.042654028436019,-0.06635071090047395,25
עכשיו 14,morning,<1m,0.4666666666666667,0,1,2.592307692307692,2.6,2.6400000000000006,1.01839762611276,-0.0029673590504453173,26
עכשיו 14,morning,<1m,0.2166666666666666,0,1,2.623076923076923,2.6,2.6400000000000006,1.006451612903226,0.008797653958944274,26
עכשיו 14,morning,<1m,0.6666666666666666,0,1,2.755555555555556,3.0,3.04,1.1032258064516127,-0.08870967741935476,27
עכשיו 14,morning,<1m,0.9666666666666668,0,1,2.740740740740742,2.9,3.04,1.1091891891891887,-0.058108108108107626,27
עכשיו 14,morning,1-2m,1.05,0,1,2.7185185185185192,2.5999999999999996,2.4399999999999995,0.8975476839237053,0.04359673024523203,27
עכשיו 14,morning,1-2m,1.6,0,1,2.7185185185185183,3.0,2.773333333333333,1.0201634877384196,-0.10354223433242504,27
עכשיו 14,morning,<1m,0.6666666666666666,0,1,2.725925925925925,2.9,2.773333333333333,1.0173913043478262,-0.06385869565217428,27
עכשיו 14,afternoon,<1m,0.4833333333333333,0,1,3.242307692307693,3.3,3.2333333333333334,0.9972321075523921,-0.017793594306049654,26
עכשיו 14,afternoon,1-2m,1.2333333333333334,0,1,3.2703703703703715,3.2999999999999994,3.233333333333333,0.9886749716874288,-0.009060022650056121,27
עכשיו 14,afternoon,1-2m,1.0666666666666669,0,1,3.261538461538462,3.2,3.2333333333333334,0.9913522012578615,0.018867924528301994,26
עכשיו 14,afternoon,<1m,0.3,0,1,3.2653846153846158,3.1,3.2333333333333334,0.9901845308205731,0.050647820965842305,26
עכשיו 14,afternoon,1-2m,1.3,0,1,3.071428571428572,3.1,2.9933333333333327,0.9745736434108523,-0.009302325581395099,28
עכשיו 14,afternoon,<1m,0.2833333333333333,0,1,3.0846153846153848,2.9,2.9933333333333327,0.9704073150457188,0.05985037406483795,26
עכשיו 14,afternoon,<1m,0.7,1,2,3.0851851851851855,2.9,3.08,0.9983193277310923,0.06002400960384169,27
עכשיו 14,afternoon,<1m,0.7,0,1,3.469230769230769,3.5,3.4,0.9800443458980045,-0.008869179600887067,26
עכשיו 14,afternoon,1-2m,1.3,0,1,3.5,3.55,3.4,0.9714285714285714,-0.014285714285714235,26
עכשיו 14,afternoon,1-2m,1.0666666666666669,1,2,3.56923076923077,3.7,3.593333333333333,1.006752873563218,-0.03663793103448265,26
עכשיו 14,afternoon,<1m,0.3,0,1,3.611538461538461,3.75,3.7866666666666657,1.0484913028044016,-0.03833865814696491,26
עכשיו 14,afternoon,1-2m,1.3833333333333333,0,1,2.4740740740740743,2.1,2.473333333333334,0.9997005988023954,0.15119760479041922,27
עכשיו 14,afternoon,<1m,0.35,0,1,2.4461538461538463,2.3,2.473333333333334,1.0111111111111113,0.05974842767295607,26
עכשיו 14,afternoon,1-2m,1.2,0,1,2.4214285714285713,2.3333333333333335,2.473333333333334,1.0214355948869227,0.03638151425762037,28
עכשיו 14,afternoon,<1m,0.2,0,1,2.3923076923076922,2.1,2.473333333333334,1.033869239013934,0.12218649517684876,26
עכשיו 14,afternoon,<1m,0.8833333333333333,0,1,2.2076923076923074,2.2,2.266666666666666,1.0267131242740999,0.0034843205574910385,26
עכשיו 14,afternoon,1-2m,1.7333333333333334,1,2,2.233333333333333,2.1333333333333333,2.2311111111111104,0.9990049751243779,0.04477611940298487,27
עכשיו 14,afternoon,<1m,0.6666666666666666,0,1,2.28076923076923,1.9,2.1599999999999997,0.9470489038785835,0.16694772344013475,26
עכשיו 14,early_evening,1-2m,1.0833333333333333,0,1,3.2576923076923077,3.4,3.233333333333333,0.9925226288862652,-0.04368358913813464,26
עכשיו 14,early_evening,<1m,0.8833333333333333,0,1,3.3153846153846156,3.1,3.233333333333333,0.9752513534416085,0.06496519721577731,26
עכשיו 14,early_evening,<1m,0.85,0,1,3.3576923076923078,3.3,3.4199999999999995,1.0185567010309278,0.01718213058419249,26
עכשיו 14,early_evening,1-2m,1.35,0,1,4.804166666666666,4.433333333333334,4.44,0.9241977450130097,0.07718993928881168,24
עכשיו 14,early_evening,1-2m,1.0333333333333334,0,1,4.886956521739131,4.25,4.44,0.908540925266904,0.13033807829181498,23
עכשיו 14,early_evening,2-3m,2.1,0,1,5.869230769230768,5.5,5.573333333333333,0.9495849716033204,0.06290956749672327,26
עכשיו 14,early_evening,<1m,0.7,0,1,5.799999999999999,5.25,5.573333333333333,0.9609195402298852,0.09482758620689635,25
עכשיו 14,early_evening,<1m,0.95,0,1,5.768,5.2,5.573333333333333,0.9662505779010634,0.09847434119278775,25
עכשיו 14,early_evening,<1m,0.35,0,1,5.729166666666667,5.5,5.573333333333333,0.9727999999999999,0.040000000000000036,24
עכשיו 14,early_evening,2-3m,2.65,0,1,7.02,6.475,7.026666666666666,1.0009496676163343,0.07763532763532766,30
עכשיו 14,late_evening,2-3m,2.966666666666667,0,1,9.436666666666666,8.625,9.346666666666666,0.9904627340162487,0.08601200989049795,30
עכשיו 14,late_evening,2-3m,2.9833333333333334,0,1,8.003703703703703,7.499999999999999,7.720000000000001,0.9645534474780196,0.06293382693197602,27
עכשיו 14,late_evening,2-3m,2.1333333333333333,1,2,7.973076923076922,7.300000000000001,7.764444444444446,0.9738328777402586,0.08441871683550395,26
עכשיו 14,late_evening,1-2m,1.3333333333333333,0,1,5.365517241379311,5.4,5.946666666666668,1.1083119108826052,-0.006426735218509005,29
עכשיו 14,late_evening,<1m,0.9166666666666666,0,1,2.6357142857142852,2.8,2.7199999999999993,1.0319783197831978,-0.06233062330623329,28
עכשיו 14,late_evening,<1m,0.3666666666666666,0,1,2.585185185185185,2.3,2.7199999999999993,1.0521489971346702,0.11031518624641834,27
עכשיו 14,late_evening,<1m,0.65,0,1,2.5444444444444447,2.3,2.7199999999999993,1.0689956331877726,0.09606986899563341,27
עכשיו 14,overnight,1-2m,1.6,0,1,1.156666666666667,1.3,1.386666666666667,1.1988472622478386,-0.12391930835734843,30
עכשיו 14,overnight,1-2m,1.6,0,1,0.6999999999999997,0.6999999999999998,0.6999999999999998,1.0000000000000002,-2.220446049250313e-16,30
עכשיו 14,overnight,1-2m,1.6,0,1,0.5607142857142857,0.6666666666666666,0.5733333333333335,1.0225053078556265,-0.18895966029723987,28
עכשיו 14,overnight,1-2m,1.1833333333333331,0,1,0.46428571428571425,0.4,0.40000000000000013,0.8615384615384619,0.1384615384615383,28
עכשיו 14,morning,1-2m,1.1166666666666667,0,1,1.1481481481481484,1.3,1.1600000000000004,1.0103225806451614,-0.13225806451612887,27
עכשיו 14,morning,<1m,0.9666666666666668,0,1,1.1555555555555557,1.1,1.1600000000000004,1.003846153846154,0.04807692307692313,27
עכשיו 14,morning,1-2m,2.0,1,2,1.6444444444444442,1.6666666666666667,1.6266666666666671,0.9891891891891896,-0.01351351351351382,27
עכשיו 14,morning,<1m,0.7,0,1,1.6692307692307689,1.8,1.7600000000000005,1.0543778801843322,-0.07834101382488501,26
עכשיו 14,morning,1-2m,1.4333333333333331,1,2,2.6592592592592585,2.1,2.595555555555556,0.9760445682451258,0.21030640668523648,27
עכשיו 14,morning,<1m,0.9666666666666668,0,1,2.684615384615384,2.3,2.5733333333333333,0.9585482330468006,0.14326647564469897,26
עכשיו 14,morning,<1m,0.9,0,1,0.875,0.8,1.0400000000000003,1.1885714285714288,0.08571428571428563,28
עכשיו 14,morning,<1m,0.6833333333333333,0,1,0.8185185185185184,0.8,1.0400000000000003,1.270588235294118,0.02262443438914008,27
עכשיו 14,morning,<1m,0.3166666666666666,0,1,0.5555555555555556,0.6,0.5333333333333332,0.9599999999999997,-0.07999999999999985,27
עכשיו 14,morning,<1m,0.5833333333333334,0,1,0.5592592592592592,0.6,0.5333333333333332,0.9536423841059601,-0.07284768211920523,27
עכשיו 14,morning,1-2m,1.5666666666666669,0,1,0.8785714285714287,0.9333333333333332,0.7133333333333333,0.8119241192411922,-0.062330623306232846,28
עכשיו 14,afternoon,<1m,0.3166666666666666,0,1,0.9230769230769231,1.1,0.9133333333333337,0.9894444444444448,-0.19166666666666665,26
עכשיו 14,afternoon,<1m,0.5833333333333334,0,1,0.9777777777777779,1.0,0.9133333333333337,0.9340909090909093,-0.022727272727272707,27
עכשיו 14,afternoon,<1m,0.8666666666666667,0,1,1.0111111111111113,0.8500000000000001,0.9133333333333337,0.9032967032967034,0.15934065934065944,27
עכשיו 14,afternoon,<1m,0.5833333333333334,0,1,1.0785714285714285,1.2000000000000002,1.2133333333333338,1.1249448123620314,-0.11258278145695377,28
עכשיו 14,afternoon,<1m,0.7,0,1,1.0714285714285712,1.1,1.2133333333333338,1.1324444444444453,-0.02666666666666706,28
עכשיו 14,afternoon,<1m,0.7833333333333333,0,1,0.6185185185185186,0.65,0.6733333333333335,1.088622754491018,-0.05089820359281427,27
עכשיו 14,afternoon,<1m,0.5833333333333334,0,1,0.6074074074074074,0.8,0.6733333333333335,1.108536585365854,-0.3170731707317074,27
עכשיו 14,afternoon,<1m,0.7,0,1,0.5814814814814815,0.7,0.6133333333333333,1.0547770700636943,-0.20382165605095537,27
עכשיו 14,afternoon,<1m,0.8333333333333334,0,1,0.5925925925925926,0.7,0.6133333333333333,1.035,-0.1812499999999999,27
עכשיו 14,afternoon,<1m,0.2,0,1,0.5999999999999999,0.7,0.6133333333333333,1.0222222222222224,-0.16666666666666696,26
עכשיו 14,early_evening,1-2m,1.8166666666666669,0,1,1.9233333333333333,2.1333333333333333,1.633333333333333,0.849220103986135,-0.10918544194107449,30
עכשיו 14,early_evening,3-4m,3.5,0,1,3.923333333333333,3.4749999999999996,4.079999999999999,1.039932030586236,0.1142735768903993,30
עכשיו 14,late_evening,2-3m,2.1333333333333333,0,1,7.871428571428572,8.033333333333333,7.766666666666667,0.9866908650937688,-0.020568663036902635,28
עכשיו 14,late_evening,1-2m,1.0333333333333334,0,1,7.925925925925925,7.6,7.766666666666667,0.9799065420560749,0.04112149532710274,27
עכשיו 14,late_evening,2-3m,2.25,0,1,8.069999999999999,7.733333333333334,8.453333333333335,1.0475010326311445,0.041718298223874184,30
עכשיו 14,late_evening,2-3m,2.6666666666666665,1,2,4.416666666666666,4.125,4.496666666666665,1.0181132075471697,0.06603773584905648,30
עכשיו 14,late_evening,1-2m,1.75,0,1,3.641379310344827,3.4333333333333336,3.6199999999999997,0.994128787878788,0.05713383838383812,29
קשת 12,overnight,1-2m,1.1,0,1,0.9100000000000001,1.0,0.866666666666667,0.9523809523809527,-0.09890109890109877,30
קשת 12,overnight,2-3m,2.1666666666666665,0,1,0.3433333333333335,0.3,0.3066666666666666,0.893203883495145,0.1262135922330101,30
קשת 12,overnight,3-4m,3.533333333333333,0,1,0.4066666666666667,0.5,0.5,1.2295081967213115,-0.2295081967213115,30
קשת 12,morning,<1m,0.3,0,1,2.082758620689655,2.2,2.173333333333333,1.0434878587196468,-0.056291390728477,29
קשת 12,morning,<1m,0.3,0,1,2.124137931034483,2.2,2.173333333333333,1.023160173160173,-0.03571428571428559,29
קשת 12,morning,<1m,0.3,0,1,4.779310344827586,5.6,4.78,1.0001443001443002,-0.1717171717171717,29
קשת 12,morning,<1m,0.3,0,1,4.813793103448277,5.1,4.78,0.9929799426934095,-0.05945558739254975,29
קשת 12,morning,4-6m,5.716666666666667,1,2,5.364285714285714,5.442857142857142,5.387619047619046,1.0043497558810472,-0.01464713715046595,28
קשת 12,morning,1-2m,1.5666666666666669,0,1,5.821739130434783,5.0,5.4866666666666655,0.9424446104057752,0.1411501120238985,23
קשת 12,morning,4-6m,5.233333333333333,0,1,6.871428571428571,6.557142857142857,6.653333333333335,0.9682605682605686,0.04573804573804574,28
קשת 12,morning,<1m,0.3,0,1,7.66,8.3,7.879999999999999,1.0287206266318536,-0.08355091383812008,25
קשת 12,morning,<1m,0.3,0,1,7.653846153846154,8.05,7.879999999999999,1.029547738693467,-0.05175879396984939,26
קשת 12,morning,4-6m,5.533333333333333,1,2,7.15,6.183333333333333,6.762222222222221,0.9457653457653454,0.13519813519813528,28
קשת 12,morning,1-2m,1.0333333333333334,0,1,7.095652173913043,6.35,6.4399999999999995,0.9075980392156863,0.1050857843137255,23
קשת 12,morning,6-9m,6.15,0,1,6.859259259259259,6.771428571428572,6.833333333333335,0.9962203023758102,0.012804689910521305,27
קשת 12,morning,<1m,0.2,0,1,6.840909090909091,7.5,7.039999999999998,1.0291029900332223,-0.09634551495016619,22
קשת 12,morning,<1m,0.2,0,1,6.843478260869565,7.3,7.039999999999998,1.0287166454891992,-0.06670902160101644,23
קשת 12,morning,<1m,0.95,0,1,6.604166666666667,6.9,6.6,0.9993690851735014,-0.044794952681388,24
קשת 12,morning,4-6m,4.6,1,2,6.415384615384614,6.116666666666667,6.333333333333332,0.9872102318145484,0.04656274980015962,26
קשת 12,morning,4-6m,5.016666666666667,0,1,5.603571428571428,5.550000000000001,5.326666666666667,0.9505842362438923,0.009560229445506385,28
קשת 12,morning,6-9m,7.016666666666667,1,2,5.117241379310345,4.9375,4.994166666666666,0.9759490116801436,0.035124663072776285,29
קשת 12,morning,<1m,0.95,0,1,5.1863636363636365,4.7,5.006666666666666,0.965352030382705,0.09377738825591586,22
קשת 12,morning,1-2m,1.0833333333333333,0,1,5.129629629629631,5.2,5.359999999999999,1.0449097472924185,-0.013718411552346321,27
קשת 12,morning,<1m,0.5,0,1,5.139285714285714,5.3,5.359999999999999,1.0429464906184849,-0.03127171646977067,28
קשת 12,morning,<1m,0.75,0,1,4.338095238095238,4.4,4.3533333333333335,1.0035126234906697,-0.014270032930845389,21
קשת 12,morning,4-6m,4.033333333333333,1,2,4.224,4.32,4.290666666666667,1.0157828282828283,-0.022727272727272707,25
קשת 12,morning,2-3m,2.9833333333333334,0,1,4.054166666666666,4.2,4.04,0.9965056526207606,-0.035971223021582954,24
קשת 12,morning,1-2m,1.55,0,1,3.5033333333333325,3.55,3.4599999999999995,0.9876308277830639,-0.013320647002854624,30
קשת 12,afternoon,<1m,0.7333333333333333,0,1,3.217391304347826,3.45,3.106666666666666,0.9655855855855854,-0.07229729729729728,23
קשת 12,afternoon,4-6m,5.416666666666667,0,1,3.407407407407408,3.15,3.106666666666666,0.9117391304347823,0.07554347826086971,27
קשת 12,afternoon,<1m,0.2,0,1,3.477272727272728,2.9,3.106666666666666,0.8934204793028319,0.16601307189542502,22
קשת 12,afternoon,3-4m,3.75,0,1,4.033333333333333,3.9799999999999995,4.053333333333333,1.0049586776859503,0.013223140495867813,30
קשת 12,afternoon,2-3m,2.9166666666666665,1,2,4.024137931034483,3.9,4.055,1.0076692373607539,0.03084832904884327,29
קשת 12,afternoon,1-2m,1.1,0,1,4.022222222222222,3.85,4.1066666666666665,1.0209944751381215,0.04281767955801097,27
קשת 12,afternoon,<1m,0.7,0,1,4.45,4.0,4.046666666666667,0.9093632958801499,0.101123595505618,28
קשת 12,afternoon,1-2m,1.0666666666666669,0,1,4.541379310344828,3.95,4.046666666666667,0.8910655530245507,0.1302201974183752,29
קשת 12,afternoon,6-9m,6.983333333333333,0,1,5.907142857142857,5.112500000000001,5.459999999999999,0.9243047158403869,0.13452237001209166,28
קשת 12,afternoon,1-2m,1.0833333333333333,0,1,6.213636363636363,6.05,5.459999999999999,0.8787125091441111,0.02633504023408917,22
קשת 12,afternoon,<1m,0.7,0,1,5.992857142857142,5.65,5.686666666666667,0.9489074294795394,0.05721096543504156,28
קשת 12,afternoon,1-2m,1.6833333333333331,1,2,6.021428571428571,5.2,5.926666666666668,0.9842625543693161,0.13641755634638197,28
קשת 12,afternoon,1-2m,1.25,1,2,5.904166666666668,4.85,5.5166666666666675,0.9343683839096683,0.17854622441778423,24
קשת 12,afternoon,4-6m,4.766666666666667,0,1,5.892592592592593,4.459999999999999,5.260000000000001,0.8926461345065997,0.24311753614079223,27
קשת 12,afternoon,<1m,0.6333333333333333,0,1,5.800000000000001,4.7,5.260000000000001,0.906896551724138,0.18965517241379315,22
קשת 12,afternoon,<1m,0.8666666666666667,0,1,6.5086956521739125,6.4,6.373333333333333,0.979202850144734,0.016700066800267033,23
קשת 12,afternoon,4-6m,4.583333333333333,0,1,6.685185185185185,6.166666666666668,6.373333333333334,0.9533518005540167,0.07756232686980591,27
קשת 12,afternoon,<1m,0.7833333333333333,0,1,6.752173913043477,6.75,6.373333333333333,0.9438935393861345,0.00032195750160968206,23
קשת 12,afternoon,6-9m,6.133333333333334,1,2,7.48,6.685714285714285,7.047619047619047,0.9421950598421185,0.10618792971734159,30
קשת 12,early_evening,<1m,1.0,0,1,10.54782608695652,10.95,10.34,0.9802967848309976,-0.03812860676009899,23
קשת 12,early_evening,4-6m,4.3,0,1,10.585714285714285,9.5,10.34,0.9767881241565453,0.10256410256410253,21
קשת 12,early_evening,1-2m,1.05,0,1,10.617647058823529,9.55,10.34,0.9738504155124654,0.10055401662049857,17
קשת 12,early_evening,4-6m,5.083333333333333,0,1,9.781818181818183,10.233333333333333,10.19333333333333,1.0420693928128868,-0.04615861214374206,22
קשת 12,early_evening,<1m,0.9833333333333332,0,1,9.842857142857143,10.35,10.020000000000001,1.0179970972423804,-0.05152394775036284,21
קשת 12,early_evening,4-6m,5.1,0,1,10.124,9.716666666666667,10.020000000000001,0.989727380482023,0.04023442644541031,25
קשת 12,early_evening,<1m,0.7833333333333333,0,1,10.357142857142858,9.5,10.020000000000001,0.967448275862069,0.08275862068965523,21
קשת 12,early_evening,6-9m,6.35,0,1,11.313333333333334,10.357142857142858,10.606666666666667,0.9375368296994696,0.08451889889721365,30
קשת 12,early_evening,6-9m,8.05,0,1,11.296666666666665,9.644444444444444,10.08,0.8922986131602244,0.1462574997541064,30
קשת 12,early_evening,<1m,0.45,0,1,14.12758620689655,12.7,13.453333333333331,0.9522740216418517,0.1010495484500854,29
קשת 12,late_evening,9m+,10.116666666666667,1,2,19.839285714285715,15.883333333333333,18.022222222222222,0.9084108410841084,0.19939993999399952,28
קשת 12,late_evening,6-9m,8.7,1,2,18.133333333333333,13.64,15.878000000000004,0.8756250000000002,0.24779411764705872,27
קשת 12,late_evening,6-9m,9.0,0,1,15.565217391304342,12.860000000000003,13.84,0.8891620111731846,0.17379888268156374,23
קשת 12,late_evening,1-2m,1.3333333333333333,0,1,15.387500000000001,15.766666666666666,15.433333333333332,1.0029786081776333,-0.024641213105875748,24
קשת 12,late_evening,<1m,0.3,0,1,15.364,16.7,15.433333333333334,1.0045127137030287,-0.08695652173913038,25
קשת 12,late_evening,9m+,10.6,1,2,13.916666666666666,11.375,12.786666666666667,0.918802395209581,0.1826347305389221,30
קשת 12,late_evening,9m+,9.2,1,2,10.95,9.3,10.574666666666667,0.9657229832572299,0.15068493150684914,26
קשת 12,late_evening,2-3m,2.55,0,1,7.156000000000001,6.825,8.006666666666666,1.1188746040618593,0.04625489100055902,25
קשת 12,late_evening,<1m,0.95,0,1,4.713043478260869,4.5,4.266666666666667,0.905289052890529,0.04520295202952018,23
קשת 12,late_evening,6-9m,6.6,0,1,4.764285714285714,3.914285714285714,4.266666666666667,0.895552223888056,0.1784107946026987,28
קשת 12,overnight,4-6m,5.316666666666666,1,2,4.464285714285714,4.866666666666667,4.364444444444444,0.9776355555555554,-0.0901333333333334,28
קשת 12,overnight,<1m,0.6333333333333333,0,1,4.365217391304348,4.85,4.246666666666667,0.9728419654714475,-0.11105577689243007,23
קשת 12,overnight,4-6m,4.266666666666667,0,1,3.7321428571428568,3.4,3.706666666666666,0.9931738437001595,0.08899521531100474,28
קשת 12,overnight,2-3m,2.7666666666666666,1,2,1.5633333333333337,1.5499999999999998,1.5766666666666664,1.0085287846481872,0.00852878464818796,30
קשת 12,overnight,1-2m,1.6,0,1,1.1535714285714285,1.25,1.2066666666666663,1.0460268317853456,-0.08359133126934992,28
קשת 12,overnight,1-2m,1.1,0,1,1.2,1.2,1.1999999999999997,0.9999999999999998,0.0,27
קשת 12,overnight,1-2m,1.6833333333333331,0,1,1.3107142857142857,1.2,1.38,1.0528610354223433,0.08446866485013627,28
קשת 12,overnight,3-4m,3.4166666666666665,0,1,1.2655172413793108,1.225,1.2066666666666668,0.9534968210717527,0.032016348773842185,29
קשת 12,morning,1-2m,1.6333333333333333,1,2,0.4413793103448277,0.6,0.45111111111111124,1.0220486111111111,-0.35937499999999956,29
קשת 12,morning,<1m,0.3,0,1,0.4481481481481482,0.5,0.44000000000000017,0.9818181818181821,-0.11570247933884281,27
קשת 12,morning,2-3m,2.75,0,1,0.8517241379310346,0.75,0.5800000000000001,0.6809716599190283,0.11943319838056699,29
קשת 12,morning,<1m,0.3,0,1,0.9500000000000001,0.7,1.2066666666666666,1.270175438596491,0.26315789473684226,26
קשת 12,morning,1-2m,1.1333333333333333,0,1,2.7250000000000005,2.6,2.58,0.9467889908256879,0.04587155963302769,28
קשת 12,morning,1-2m,1.1333333333333333,0,1,2.693103448275862,2.433333333333333,2.58,0.9580025608194622,0.09645753307725147,29
קשת 12,morning,1-2m,1.7,1,2,2.804347826086957,2.45,2.7533333333333334,0.9818087855297156,0.12635658914728687,23
קשת 12,morning,4-6m,4.016666666666667,0,1,3.0115384615384615,2.5,3.0,0.9961685823754789,0.16985951468710092,26
קשת 12,morning,1-2m,1.05,0,1,3.2130434782608703,3.3,3.0,0.9336941813261161,-0.027063599458727605,23
קשת 12,morning,4-6m,5.45,1,2,3.3233333333333333,2.7,3.2228571428571433,0.9697664421836941,0.18756268806419252,30
קשת 12,morning,4-6m,5.266666666666667,0,1,3.465217391304347,2.983333333333333,2.9866666666666664,0.8618987871183607,0.13906315349226261,23
קשת 12,morning,1-2m,1.1666666666666667,0,1,3.158823529411765,2.6,2.9866666666666664,0.9454996896337676,0.17690875232774683,17
קשת 12,morning,4-6m,5.783333333333333,0,1,2.523809523809524,2.4,2.386666666666667,0.9456603773584906,0.04905660377358512,21
קשת 12,morning,<1m,0.7333333333333333,0,1,2.5043478260869567,1.75,2.386666666666667,0.9530092592592594,0.3012152777777778,23
קשת 12,morning,1-2m,1.25,0,1,3.6333333333333333,3.633333333333333,3.733333333333334,1.0275229357798166,1.1102230246251565e-16,24
קשת 12,morning,4-6m,4.216666666666667,0,1,3.7760000000000002,3.62,3.7333333333333334,0.9887005649717514,0.041313559322033955,25
קשת 12,morning,<1m,0.6333333333333333,0,1,3.8666666666666676,3.6,3.733333333333334,0.9655172413793103,0.06896551724137956,21
קשת 12,morning,4-6m,4.783333333333333,0,1,3.9357142857142855,4.316666666666666,4.206666666666666,1.068844525105868,-0.0967937084089534,28
קשת 12,afternoon,1-2m,1.4333333333333331,0,1,4.0,4.15,3.9799999999999995,0.9949999999999999,-0.03750000000000009,24
קשת 12,afternoon,4-6m,4.783333333333333,0,1,4.075,3.9499999999999997,3.98,0.9766871165644171,0.030674846625767027,28
קשת 12,afternoon,<1m,0.2,0,1,4.178260869565217,4.0,3.9799999999999995,0.9525494276795005,0.042663891779396335,23
קשת 12,afternoon,4-6m,4.816666666666666,0,1,4.206666666666666,3.6333333333333333,3.9466666666666677,0.938193343898574,0.13629160063391432,30
קשת 12,afternoon,4-6m,5.983333333333333,0,1,3.792857142857143,3.657142857142857,3.68,0.9702448210922787,0.03578154425612068,28
קשת 12,afternoon,1-2m,1.05,0,1,3.595652173913043,3.45,3.68,1.0234582829504235,0.04050785973397808,23
קשת 12,afternoon,<1m,0.85,0,1,3.05,3.2,3.2866666666666666,1.0775956284153005,-0.049180327868852514,26
קשת 12,afternoon,2-3m,2.5833333333333335,0,1,3.15,3.075,3.2866666666666666,1.0433862433862433,0.023809523809523725,28
קשת 12,afternoon,4-6m,4.866666666666666,0,1,3.7760000000000002,3.3333333333333326,3.52,0.9322033898305084,0.11723163841807938,25
קשת 12,afternoon,<1m,0.7333333333333333,0,1,3.7571428571428576,3.25,3.52,0.9368821292775664,0.134980988593156,21
קשת 12,afternoon,<1m,0.7833333333333333,0,1,4.091304347826087,3.5999999999999996,3.8399999999999994,0.9385759829968118,0.12008501594048893,23
קשת 12,afternoon,1-2m,1.5333333333333334,0,1,4.1,3.15,3.8399999999999994,0.9365853658536585,0.23170731707317072,25
קשת 12,afternoon,1-2m,1.1166666666666667,0,1,4.633333333333334,4.75,4.806666666666667,1.037410071942446,-0.025179856115107757,24
קשת 12,afternoon,4-6m,4.116666666666666,0,1,4.9074074074074066,4.74,4.806666666666667,0.9794716981132077,0.03411320754716962,27
קשת 12,afternoon,<1m,0.7333333333333333,0,1,5.058333333333334,4.65,4.806666666666667,0.9502471169686985,0.0807248764415156,24
קשת 12,afternoon,<1m,0.9,0,1,5.81304347826087,6.35,5.726666666666666,0.9851408626277733,-0.09237097980553455,23
קשת 12,afternoon,4-6m,4.016666666666667,1,2,5.827272727272728,5.5600000000000005,5.843999999999999,1.0028705148205925,0.04586583463338534,22
קשת 12,afternoon,1-2m,1.2,0,1,5.911764705882353,5.5,6.02,1.0183084577114427,0.06965174129353235,17
קשת 12,afternoon,4-6m,5.033333333333333,1,2,7.336842105263158,6.449999999999999,7.286666666666668,0.9931611669057868,0.12087517934002878,19
קשת 12,afternoon,1-2m,1.0166666666666666,1,2,8.829411764705883,8.9,8.36,0.9468354430379745,-0.00799467021985345,17
קשת 12,early_evening,6-9m,6.65,0,1,9.591666666666667,8.528571428571428,8.799999999999999,0.9174630755864465,0.1108352984982004,24
קשת 12,early_evening,<1m,0.6333333333333333,0,1,10.10952380952381,8.5,8.8,0.8704663212435234,0.1592086669806877,21
קשת 12,early_evening,4-6m,4.55,1,2,12.93703703703704,12.34,13.189333333333332,1.019501860864586,0.0461494417406243,27
קשת 12,early_evening,1-2m,1.3166666666666669,0,1,14.414285714285715,14.25,14.159999999999998,0.9823587710604558,0.011397423191278566,21
קשת 12,early_evening,3-4m,3.25,0,1,14.665384615384616,12.799999999999999,14.159999999999998,0.9655389457120377,0.12719643325465524,26
קשת 12,early_evening,<1m,0.7333333333333333,0,1,14.872,13.0,14.159999999999998,0.9521247982786444,0.12587412587412583,25
קשת 12,early_evening,6-9m,6.233333333333333,0,1,15.316666666666668,13.528571428571428,14.526666666666667,0.9484221980413492,0.11674180009326918,30
קשת 12,early_evening,6-9m,8.683333333333334,0,1,14.333333333333334,12.200000000000001,12.979999999999999,0.9055813953488371,0.14883720930232558,30
קשת 12,early_evening,<1m,0.2,0,1,17.09259259259259,15.0,16.493333333333332,0.9649404117009751,0.12242686890574206,27
קשת 12,early_evening,1-2m,1.2833333333333334,0,1,17.442857142857143,15.0,16.493333333333332,0.9455637455637455,0.14004914004914004,28
קשת 12,late_evening,9m+,10.233333333333333,1,2,19.50952380952381,15.890909090909092,17.56060606060606,0.9001042891694587,0.18547939734173557,21
קשת 12,late_evening,9m+,10.4,0,1,16.960869565217394,14.472727272727274,14.67333333333334,0.8651285995044008,0.14669898161310624,23
קשת 12,late_evening,6-9m,7.916666666666667,1,2,16.97142857142857,13.588888888888889,15.373333333333335,0.9058361391694726,0.19930789375233826,28
קשת 12,late_evening,<1m,0.3,0,1,17.48125,18.35,16.54,0.9461565963532356,-0.04969610296746518,16
קשת 12,late_evening,<1m,0.3,0,1,17.946666666666665,17.2,16.54,0.9216196136701338,0.04160475482912329,15
קשת 12,late_evening,9m+,10.916666666666666,1,2,18.565384615384616,13.741666666666665,16.965,0.9137973896830329,0.259823216628686,26
קשת 12,late_evening,9m+,9.433333333333334,1,2,18.714285714285715,13.009090909090908,15.47393939393939,0.8268517233402727,0.3048577376821653,28
קשת 12,late_evening,<1m,0.8666666666666667,0,1,14.943478260869567,14.2,15.839999999999998,1.0599941809717774,0.04975269130055293,23
קשת 12,late_evening,3-4m,3.9166666666666665,0,1,13.814814814814815,11.040000000000001,15.839999999999998,1.1465951742627345,0.2008579088471849,27
קשת 12,late_evening,6-9m,6.283333333333333,1,2,7.682142857142857,7.3571428571428585,8.017142857142856,1.0436076243607624,0.04230590423059022,28
קשת 12,overnight,<1m,0.9833333333333332,0,1,4.972727272727273,5.5,4.946666666666667,0.9947592931139551,-0.1060329067641681,22
קשת 12,overnight,4-6m,5.7,0,1,5.023809523809523,4.716666666666667,4.946666666666666,0.9846445497630333,0.06113744075829364,21
קשת 12,overnight,1-2m,1.2,0,1,4.94375,4.75,4.946666666666667,1.0005899705014751,0.039190897597977226,16
קשת 12,overnight,3-4m,3.533333333333333,0,1,3.438095238095237,4.225,3.8466666666666667,1.1188365650969532,-0.22887811634349053,21
קשת 12,overnight,<1m,0.7833333333333333,0,1,3.365217391304346,3.1,3.8466666666666667,1.1430663221360902,0.07881136950904344,23
קשת 12,overnight,1-2m,1.4833333333333334,0,1,2.5642857142857145,2.5,2.5533333333333337,0.9957288765088208,0.025069637883008422,28
קשת 12,overnight,1-2m,1.2,0,1,2.540740740740741,2.6500000000000004,2.5533333333333337,1.0049562682215742,-0.04300291545189494,27
קשת 12,overnight,1-2m,1.9,0,1,1.5655172413793104,1.4500000000000002,1.5000000000000002,0.9581497797356829,0.07378854625550646,29
קשת 12,overnight,1-2m,1.6333333333333333,0,1,1.1333333333333335,1.0666666666666667,1.1600000000000004,1.023529411764706,0.05882352941176483,30
קשת 12,overnight,1-2m,1.2333333333333334,0,1,1.0666666666666669,1.1,1.0666666666666667,0.9999999999999998,-0.031249999999999778,30
קשת 12,overnight,1-2m,1.45,0,1,0.8833333333333333,0.9333333333333332,0.8800000000000002,0.99622641509434,-0.05660377358490565,30
קשת 12,overnight,1-2m,1.8166666666666669,1,2,2.1884615384615382,2.4,2.4422222222222225,1.115953915250928,-0.09666080843585245,26
קשת 12,morning,<1m,0.3,0,1,3.05,3.5,2.9000000000000004,0.9508196721311477,-0.14754098360655754,26
קשת 12,morning,<1m,0.3,0,1,3.0777777777777775,3.35,2.9000000000000004,0.9422382671480146,-0.08844765342960303,27
קשת 12,morning,<1m,0.3,0,1,5.277777777777778,5.1,5.08,0.9625263157894737,0.03368421052631587,27
קשת 12,morning,<1m,0.3,0,1,5.315384615384616,5.1,5.08,0.9557163531114325,0.0405209840810421,26
קשת 12,morning,6-9m,6.9,1,2,5.675,5.175,5.586666666666668,0.9844346549192367,0.08810572687224671,28
קשת 12,morning,6-9m,6.883333333333334,0,1,5.378571428571429,5.075,5.173333333333334,0.9618415227976981,0.05644090305444893,28
קשת 12,morning,<1m,0.3,0,1,5.1045454545454545,5.3,5.1933333333333325,1.0173938854259423,-0.03829029385574345,22
קשת 12,morning,<1m,0.3,0,1,5.1045454545454545,5.2,5.1933333333333325,1.0173938854259423,-0.018699910952804988,22
קשת 12,morning,6-9m,7.583333333333333,1,2,5.256521739130436,5.055555555555556,5.084444444444444,0.9672640382317799,0.03823178016726414,23
קשת 12,morning,6-9m,7.833333333333333,1,2,4.928,5.133333333333334,5.028148148148149,1.0203222703222705,-0.04166666666666674,25
קשת 12,morning,<1m,0.2,0,1,4.575,4.7,4.613333333333334,1.0083788706739527,-0.02732240437158473,28
קשת 12,morning,<1m,0.2,0,1,4.575,4.7,4.613333333333334,1.0083788706739527,-0.02732240437158473,28
קשת 12,morning,6-9m,6.216666666666667,0,1,4.9206896551724135,4.342857142857143,4.466666666666668,0.9077318383555246,0.11742917208929804,29
קשת 12,morning,4-6m,5.85,0,1,4.260000000000001,4.257142857142857,4.34,1.0187793427230045,0.0006706908115360344,30
קשת 12,morning,4-6m,4.25,0,1,3.803846153846154,3.7599999999999993,3.8199999999999994,1.0042467138523758,0.011526794742164004,26
קשת 12,morning,1-2m,1.3833333333333333,1,2,3.8227272727272723,3.766666666666667,3.744444444444444,0.9795217333861804,0.014665081252477008,22
קשת 12,morning,3-4m,3.9833333333333334,1,2,3.1791666666666667,3.1399999999999997,3.1706666666666665,0.9973263433813891,0.012319790301441813,24
קשת 12,morning,<1m,0.8333333333333334,0,1,3.068,2.65,2.813333333333333,0.9169926119078661,0.13624511082138202,25
קשת 12,morning,4-6m,5.766666666666667,1,2,2.4285714285714284,2.057142857142857,2.204761904761905,0.9078431372549021,0.15294117647058825,28
קשת 12,morning,<1m,0.8833333333333333,0,1,2.3363636363636364,2.0,2.3999999999999995,1.0272373540856028,0.14396887159533078,22
קשת 12,morning,4-6m,5.583333333333333,0,1,2.528,2.4285714285714284,2.4933333333333327,0.9862869198312234,0.039330922242314714,25
קשת 12,morning,1-2m,1.2,0,1,2.573913043478261,2.466666666666667,2.493333333333333,0.9686936936936935,0.04166666666666674,23
קשת 12,afternoon,4-6m,5.383333333333334,0,1,2.7892857142857146,2.6500000000000004,2.6733333333333325,0.9584293640631665,0.049935979513444306,28
קשת 12,afternoon,1-2m,1.0333333333333334,0,1,2.858333333333333,2.4,2.673333333333333,0.9352769679300291,0.16034985422740522,24
קשת 12,afternoon,4-6m,5.3,0,1,3.507142857142857,3.6,3.6799999999999993,1.0492871690427696,-0.026476578411405383,28
קשת 12,afternoon,1-2m,1.3,0,1,3.639130434782609,3.3499999999999996,3.6799999999999993,1.0112305854241337,0.07945041816009568,23
קשת 12,afternoon,<1m,0.75,0,1,3.8307692307692305,3.5,3.653333333333333,0.9536813922356091,0.08634538152610438,26
קשת 12,afternoon,1-2m,1.3,0,1,3.87037037037037,3.3499999999999996,3.653333333333333,0.9439234449760766,0.13444976076555015,27
קשת 12,afternoon,4-6m,4.233333333333333,0,1,5.1000000000000005,5.0,5.086666666666668,0.9973856209150328,0.019607843137255054,29
קשת 12,afternoon,1-2m,1.0333333333333334,0,1,5.184615384615384,5.0,5.086666666666668,0.9811078140454998,0.035608308605341144,26
קשת 12,afternoon,3-4m,3.6333333333333337,0,1,5.5428571428571445,5.24,5.493333333333334,0.9910652920962197,0.05463917525773221,28
קשת 12,afternoon,<1m,0.7666666666666667,0,1,5.624,5.35,5.493333333333334,0.9767662399241348,0.04871977240398295,25
קשת 12,afternoon,1-2m,1.4333333333333331,0,1,6.7318181818181815,6.8,6.566666666666667,0.9754670267837049,-0.010128291694800895,22
קשת 12,afternoon,4-6m,4.366666666666666,0,1,6.904166666666668,6.4,6.566666666666667,0.9511164755582378,0.0730235365117683,24
קשת 12,afternoon,1-2m,1.6666666666666667,0,1,7.014285714285716,6.366666666666667,6.566666666666667,0.9361846571622537,0.09232858112695197,21
קשת 12,afternoon,1-2m,1.1,0,1,7.133333333333334,7.2,7.14,1.0009345794392521,-0.009345794392523255,21
קשת 12,afternoon,1-2m,1.55,0,1,7.604761904761904,7.35,7.140000000000001,0.9388854101440202,0.03350031308703816,21
קשת 12,afternoon,3-4m,3.4,0,1,7.995833333333334,6.839999999999999,7.140000000000001,0.8929650859822825,0.14455445544554468,24
קשת 12,afternoon,<1m,0.8333333333333334,0,1,8.15238095238095,7.2,7.140000000000001,0.8758177570093462,0.11682242990654179,21
קשת 12,afternoon,4-6m,5.4,1,2,9.25,8.5,9.042222222222223,0.9775375375375377,0.08108108108108103,30
קשת 12,early_evening,6-9m,8.65,1,2,11.15,10.560000000000002,10.99,0.9856502242152466,0.05291479820627787,24
קשת 12,early_evening,1-2m,1.2333333333333334,0,1,11.46875,10.5,11.526666666666666,1.0050499545867393,0.08446866485013627,16
קשת 12,early_evening,<1m,0.65,0,1,11.953333333333337,12.35,11.526666666666666,0.9643056330172891,-0.03318460680423829,15
קשת 12,early_evening,2-3m,2.3666666666666667,1,2,11.905555555555557,11.433333333333332,11.664444444444444,0.9797480167988799,0.03966402239850697,18
קשת 12,early_evening,2-3m,2.5833333333333335,0,1,12.192,12.075,11.940000000000001,0.9793307086614174,0.009596456692913424,25
קשת 12,early_evening,1-2m,1.0333333333333334,0,1,13.542857142857144,13.8,13.639999999999997,1.0071729957805904,-0.018987341772151778,21
קשת 12,early_evening,6-9m,7.883333333333334,0,1,14.235999999999999,13.344444444444443,13.639999999999997,0.9581343073897161,0.06262683025818738,25
קשת 12,early_evening,4-6m,4.733333333333333,0,1,14.752173913043476,13.633333333333333,14.926666666666668,1.0118282738972395,0.0758424206700068,23
קשת 12,early_evening,<1m,0.7,1,2,14.828571428571427,13.05,14.450000000000001,0.9744701348747593,0.11994219653179183,21
קשת 12,early_evening,6-9m,8.3,1,2,14.288461538461538,13.133333333333333,13.641481481481483,0.9547201036837646,0.08084342754598473,26
קשת 12,early_evening,<1m,0.3,0,1,16.3,14.9,16.026666666666667,0.9832310838445808,0.0858895705521473,26
קשת 12,early_evening,2-3m,2.3833333333333333,0,1,16.568965517241377,15.35,16.026666666666667,0.9672702046479363,0.07356919875130064,29
קשת 12,late_evening,9m+,10.566666666666666,1,2,18.67142857142857,14.275,16.615000000000006,0.8898622800306047,0.23546289211935723,28
קשת 12,late_evening,9m+,10.233333333333333,1,2,19.516,17.018181818181816,18.736363636363635,0.9600514263355009,0.12798822411447952,25
קשת 12,late_evening,6-9m,7.483333333333333,1,2,21.616000000000003,17.0125,19.10333333333333,0.8837589439921044,0.21296724648408605,25
קשת 12,late_evening,1-2m,1.5,0,1,22.111111111111114,20.5,20.779999999999998,0.9397989949748742,0.07286432160804035,18
קשת 12,late_evening,9m+,11.25,1,2,21.999999999999996,17.775,20.466666666666665,0.9303030303030304,0.19204545454545452,28
קשת 12,late_evening,9m+,9.383333333333333,1,2,21.471428571428568,14.860000000000003,19.04066666666667,0.8867908627190068,0.3079174983366597,28
קשת 12,late_evening,3-4m,3.9166666666666665,1,2,17.139285714285716,14.379999999999999,15.524000000000001,0.9057553657011878,0.1609918733069391,28
קשת 12,late_evening,1-2m,1.6833333333333331,0,1,15.592,10.850000000000001,11.860000000000001,0.7606464853771165,0.3041303232426885,25
קשת 12,late_evening,6-9m,6.283333333333333,0,1,9.459259259259259,8.371428571428572,8.946666666666665,0.9458104933437744,0.11500167804004913,27
קשת 12,late_evening,<1m,0.3666666666666666,0,1,8.5,6.9,8.946666666666665,1.052549019607843,0.18823529411764706,20
קשת 12,overnight,1-2m,1.25,0,1,6.785000000000001,6.65,6.606666666666666,0.9737165315647258,0.01989683124539432,20
קשת 12,overnight,6-9m,6.366666666666666,0,1,6.510526315789474,6.742857142857143,6.606666666666667,1.014766909188898,-0.03568541402009462,19
קשת 12,overnight,<1m,0.8666666666666667,0,1,6.171428571428573,6.5,6.606666666666666,1.0705246913580244,-0.05324074074074048,14
קשת 12,overnight,3-4m,3.966666666666667,0,1,5.133333333333332,4.959999999999999,5.453333333333333,1.0623376623376626,0.033766233766233666,21
קשת 12,overnight,<1m,0.7,0,1,5.069565217391303,4.8,5.453333333333333,1.0757004002287023,0.05317324185248695,23
קשת 12,overnight,2-3m,2.7666666666666666,0,1,3.8740740740740742,3.775,3.5933333333333337,0.9275334608030593,0.025573613766730507,27
קשת 12,overnight,1-2m,1.2,0,1,3.6500000000000004,3.4,3.5933333333333337,0.9844748858447488,0.06849315068493167,26
קשת 12,overnight,1-2m,1.7166666666666666,0,1,2.5066666666666664,2.5,2.406666666666667,0.9601063829787237,0.0026595744680849576,30
קשת 12,overnight,1-2m,1.1833333333333331,0,1,1.84,1.45,1.7800000000000005,0.9673913043478263,0.2119565217391305,30
קשת 12,overnight,1-2m,1.6,0,1,1.0200000000000002,1.1,1.0466666666666666,1.0261437908496729,-0.07843137254901955,30
קשת 12,overnight,1-2m,1.1833333333333331,0,1,1.3384615384615384,1.55,1.3466666666666667,1.006130268199234,-0.15804597701149437,26
קשת 12,overnight,2-3m,2.783333333333333,0,1,1.4607142857142859,1.2249999999999999,1.36,0.9310513447432762,0.16136919315403442,28
קשת 12,morning,<1m,0.3,0,1,2.4206896551724144,2.8,2.5533333333333337,1.054795821462488,-0.15669515669515643,29
קשת 12,morning,<1m,0.3,0,1,2.453333333333334,2.7,2.5533333333333337,1.0407608695652173,-0.1005434782608694,30
קשת 12,morning,<1m,0.3,0,1,5.371428571428573,5.95,5.546666666666666,1.032624113475177,-0.10771276595744661,28
קשת 12,morning,<1m,0.3,0,1,5.385185185185185,5.9,5.546666666666666,1.0299862448418156,-0.09559834938101797,27
קשת 12,morning,6-9m,7.033333333333333,1,2,5.457692307692308,5.3500000000000005,5.4191666666666665,0.9929410382898755,0.01973220577871737,26
קשת 12,morning,<1m,0.9,0,1,5.527272727272729,5.5,5.506666666666667,0.9962719298245611,0.004934210526316152,22
קשת 12,morning,6-9m,7.533333333333333,0,1,5.739285714285716,5.422222222222222,5.613333333333333,0.978054345571458,0.05524441678766545,28
קשת 12,morning,<1m,0.3,0,1,5.786363636363636,5.8,5.8199999999999985,1.0058130400628436,-0.002356637863315081,22
קשת 12,morning,<1m,0.3,0,1,5.786363636363636,5.949999999999999,5.8199999999999985,1.0058130400628436,-0.02827965435977986,22
קשת 12,morning,6-9m,6.966666666666667,1,2,5.784615384615384,5.7875,5.783333333333333,0.9997783687943264,-0.0004986702127660614,26
קשת 12,morning,<1m,1.0,0,1,5.928571428571429,5.800000000000001,5.806666666666667,0.979437751004016,0.0216867469879517,21
קשת 12,morning,6-9m,7.7,0,1,5.988888888888888,6.275,6.319999999999999,1.055287569573284,-0.0477736549165122,27
קשת 12,morning,<1m,0.3,0,1,5.704166666666667,5.4,5.720000000000001,1.0027757487216948,0.05332359386413432,24
קשת 12,morning,<1m,0.3,0,1,5.704166666666667,5.45,5.720000000000001,1.0027757487216948,0.04455807158509861,24
קשת 12,morning,6-9m,7.283333333333333,1,2,5.292857142857144,5.055555555555555,5.161481481481482,0.9751786874593891,0.04483430799220289,28
קשת 12,morning,6-9m,7.166666666666667,0,1,4.429999999999999,4.35,4.606666666666667,1.0398796087283677,0.018058690744920836,30
קשת 12,morning,4-6m,5.95,0,1,3.932142857142857,3.3142857142857145,3.5866666666666664,0.9121404783530124,0.15712988192552213,28
קשת 12,morning,<1m,1.0,0,1,4.004347826086956,3.5,3.586666666666667,0.895693087224032,0.12595005428881645,23
קשת 12,morning,4-6m,5.6,1,2,3.465517241379311,3.633333333333333,3.3133333333333326,0.9560862354892202,-0.04842454394693174,29
קשת 12,morning,<1m,0.4,0,1,3.179166666666667,3.2,3.153333333333333,0.9918741808650062,-0.006553079947575258,24
קשת 12,morning,4-6m,4.95,1,2,2.4652173913043476,2.65,2.5255555555555556,1.0244757985498727,-0.0749559082892417,23
קשת 12,morning,1-2m,1.3666666666666667,0,1,2.3888888888888884,2.533333333333333,2.286666666666667,0.9572093023255818,-0.06046511627906992,18
קשת 12,morning,4-6m,4.35,0,1,2.1699999999999995,2.2600000000000002,2.286666666666667,1.0537634408602155,-0.04147465437788056,20
קשת 12,morning,1-2m,1.2,0,1,2.1565217391304343,2.4,2.1866666666666665,1.013978494623656,-0.11290322580645173,23
קשת 12,afternoon,6-9m,6.883333333333334,0,1,2.817241379310345,2.8125,2.8466666666666662,1.0104447164422683,0.0016829865361077667,29
קשת 12,afternoon,1-2m,1.25,0,1,3.0130434782608693,2.7,2.8466666666666662,0.9447811447811447,0.10389610389610371,23
קשת 12,afternoon,1-2m,1.9666666666666663,0,1,4.468181818181818,4.7,4.573333333333334,1.0235334011529336,-0.051881993896236045,22
קשת 12,afternoon,4-6m,4.8,0,1,4.988,4.966666666666666,5.02,1.0064153969526863,0.004276931301791187,25
קשת 12,afternoon,1-2m,1.0166666666666666,0,1,5.1863636363636365,5.1,5.02,0.9679228746713409,0.016652059596845015,22
קשת 12,afternoon,4-6m,4.066666666666666,0,1,5.560714285714288,4.74,5.046666666666666,0.9075572682509094,0.14759152215799642,28
קשת 12,afternoon,1-2m,1.3,1,2,5.524,4.6,5.299999999999999,0.959449674149167,0.16727009413468508,25
קשת 12,afternoon,4-6m,5.0,0,1,5.779310344827585,6.050000000000001,5.993333333333333,1.03703261734288,-0.046837708830549385,29
קשת 12,afternoon,1-2m,1.4,0,1,5.832000000000001,6.1,5.993333333333334,1.027663465935071,-0.045953360768175466,25
קשת 12,afternoon,4-6m,5.066666666666666,0,1,5.671428571428573,5.183333333333333,5.3,0.9345088161209065,0.08606213266162921,28
קשת 12,afternoon,1-2m,1.2,0,1,5.7,5.3,5.3,0.9298245614035087,0.07017543859649134,24
קשת 12,afternoon,1-2m,1.2333333333333334,0,1,7.404545454545455,7.0,7.320000000000001,0.9885819521178638,0.05463474524248013,22
קשת 12,afternoon,4-6m,4.95,1,2,7.515384615384615,6.783333333333332,7.222222222222222,0.9609916979415444,0.09740702831798032,26
קשת 12,afternoon,1-2m,1.15,0,1,7.590909090909091,7.0,7.173333333333335,0.94499001996008,0.07784431137724546,22
קשת 12,afternoon,<1m,0.8666666666666667,0,1,7.994999999999999,8.05,8.013333333333334,1.0022930998540756,-0.0068792995622266595,20
קשת 12,afternoon,1-2m,1.2333333333333334,0,1,7.975,8.2,7.833333333333334,0.9822361546499478,-0.028213166144200663,20
קשת 12,afternoon,4-6m,5.366666666666666,0,1,8.020833333333334,7.683333333333333,7.833333333333335,0.9766233766233767,0.04207792207792227,24
קשת 12,afternoon,1-2m,1.0833333333333333,0,1,8.034999999999998,7.4,7.833333333333334,0.9749014727235016,0.07902924704418146,20
קשת 12,afternoon,6-9m,7.233333333333333,1,2,8.463333333333333,7.5,7.92888888888889,0.9368517789155838,0.11382434029145327,30
קשת 12,early_evening,1-2m,1.2166666666666666,0,1,10.663157894736841,11.0,11.133333333333331,1.044093451793353,-0.031589338598223105,19
קשת 12,early_evening,6-9m,6.3,0,1,10.799999999999999,9.700000000000001,9.540000000000001,0.8833333333333335,0.10185185185185164,22
קשת 12,early_evening,<1m,0.7166666666666667,0,1,10.731250000000001,9.3,9.54,0.88899242865463,0.1333721607454863,16
קשת 12,early_evening,3-4m,3.55,1,2,10.746666666666666,9.549999999999999,9.908333333333331,0.9219913151364763,0.1113523573200993,15
קשת 12,early_evening,2-3m,2.5,0,1,11.200000000000003,10.85,11.013333333333332,0.983333333333333,0.03125000000000022,25
קשת 12,early_evening,1-2m,1.3833333333333333,1,2,12.277272727272726,12.05,12.17333333333333,0.9915339997531777,0.018511662347278635,22
קשת 12,early_evening,6-9m,6.85,0,1,12.503846153846153,11.9875,12.299999999999995,0.983697323900338,0.04129498615810512,26
קשת 12,early_evening,6-9m,6.5,0,1,12.878260869565219,11.828571428571426,12.406666666666666,0.9633805986945756,0.08150863316292112,23
קשת 12,early_evening,1-2m,1.7333333333333334,1,2,12.926315789473684,11.799999999999999,12.557777777777778,0.9714893231994209,0.08713355048859939,19
קשת 12,early_evening,9m+,10.633333333333333,0,1,12.650000000000002,11.881818181818183,12.066666666666668,0.9538866930171278,0.060725835429392805,26
קשת 12,early_evening,<1m,0.3,0,1,15.515384615384617,13.7,15.313333333333333,0.9869773591141958,0.11700545364402593,26
קשת 12,early_evening,2-3m,2.3833333333333333,0,1,15.957142857142857,14.0,15.313333333333333,0.959653834676216,0.12264995523724265,28
קשת 12,late_evening,9m+,10.866666666666667,1,2,17.857142857142858,15.59166666666667,16.27,0.9111199999999999,0.12686666666666646,28
קשת 12,late_evening,9m+,9.583333333333334,1,2,16.576666666666668,13.636363636363637,15.03090909090909,0.9067510008591849,0.17737601228451827,30
קשת 12,late_evening,9m+,10.533333333333331,0,1,15.9,14.299999999999999,15.499999999999998,0.9748427672955974,0.10062893081761015,27
קשת 12,late_evening,1-2m,1.25,0,1,13.992857142857142,13.55,13.73333333333333,0.9814531223413305,0.03164880040837148,14
קשת 12,late_evening,<1m,0.3,1,2,14.21875,13.649999999999999,13.063333333333333,0.9187399267399267,0.04000000000000015,16
קשת 12,late_evening,9m+,10.966666666666669,0,1,14.337037037037037,11.641666666666666,12.393333333333333,0.8644277964350296,0.18800051666236117,27
קשת 12,late_evening,9m+,11.0,1,2,12.296666666666663,9.366666666666667,11.126666666666667,0.9048522634860399,0.23827595554350745,30
קשת 12,late_evening,6-9m,6.366666666666666,0,1,8.567857142857143,6.771428571428571,7.493333333333333,0.8745866333194386,0.20967069612338474,28
קשת 12,late_evening,1-2m,1.15,0,1,7.665217391304347,6.25,7.493333333333334,0.9775761013424089,0.18462847419171857,23
קשת 12,late_evening,6-9m,8.0,0,1,5.27037037037037,4.022222222222222,4.333333333333333,0.8222066057624737,0.23682361208713976,27
קשת 12,late_evening,1-2m,1.2666666666666666,1,2,4.826315789473685,4.3,4.42,0.9158124318429661,0.10905125408942218,19
קשת 12,overnight,1-2m,1.45,0,1,2.661904761904762,2.9,2.4133333333333336,0.9066189624329158,-0.0894454382826475,21
קשת 12,overnight,4-6m,5.95,0,1,2.5000000000000004,2.1285714285714286,2.4133333333333336,0.9653333333333333,0.1485714285714287,22
קשת 12,overnight,1-2m,1.6666666666666667,0,1,2.246666666666667,2.1,2.4133333333333336,1.0741839762611276,0.06528189910979243,15
קשת 12,overnight,3-4m,3.7333333333333334,0,1,1.636363636363636,1.7600000000000002,1.7533333333333332,1.0714814814814817,-0.07555555555555582,22
קשת 12,overnight,<1m,0.95,0,1,1.6166666666666665,1.7,1.7533333333333332,1.084536082474227,-0.05154639175257736,24
קשת 12,overnight,6-9m,7.616666666666666,0,1,1.6423076923076922,1.6875,1.633333333333333,0.9945355191256829,-0.02751756440281028,26
קשת 12,overnight,1-2m,1.7,0,1,1.7249999999999996,1.9,1.8199999999999996,1.055072463768116,-0.10144927536231907,20
קשת 12,overnight,1-2m,1.5333333333333334,0,1,1.7300000000000006,1.6,1.7133333333333332,0.9903660886319842,0.07514450867052047,30
קשת 12,overnight,3-4m,3.2333333333333334,1,2,1.5266666666666666,1.5,1.5183333333333333,0.9945414847161572,0.017467248908296873,30
קשת 12,morning,<1m,0.3,0,1,2.56896551724138,2.7,2.6733333333333333,1.0406263982102906,-0.05100671140939572,29
קשת 12,morning,<1m,0.3,0,1,2.583333333333334,2.55,2.6733333333333333,1.0348387096774192,0.012903225806451868,30
קשת 12,morning,<1m,0.3,0,1,4.515384615384615,4.7,4.653333333333333,1.0305508233957978,-0.040885860306643984,26
קשת 12,morning,<1m,0.3,0,1,4.54,5.0,4.653333333333333,1.0249632892804699,-0.1013215859030836,25
קשת 12,morning,6-9m,7.216666666666667,0,1,4.592307692307692,4.4375,4.62,1.006030150753769,0.033710217755443805,26
קשת 12,morning,1-2m,1.5666666666666669,0,1,4.581818181818182,4.35,4.393333333333333,0.9588624338624336,0.05059523809523825,22
קשת 12,morning,6-9m,7.1,0,1,4.932142857142857,4.375,4.560000000000001,0.9245474293989866,0.11296162201303395,28
קשת 12,morning,<1m,0.3,0,1,5.652631578947369,5.35,5.433333333333333,0.9612042209807571,0.053538175046555,19
קשת 12,morning,<1m,0.3,0,1,5.652631578947369,5.4,5.433333333333333,0.9612042209807571,0.04469273743016755,19
קשת 12,morning,6-9m,8.133333333333333,0,1,5.269230769230769,5.633333333333333,5.806666666666668,1.1019951338199516,-0.06909975669099744,26
קשת 12,morning,1-2m,1.0333333333333334,1,2,5.080952380952381,4.85,5.213333333333335,1.0260543580131212,0.045454545454545525,21
קשת 12,morning,6-9m,8.383333333333333,0,1,4.8357142857142845,4.833333333333333,4.88,1.009158050221566,0.0004923682914818039,28
קשת 12,morning,<1m,0.3,0,1,5.152380952380954,5.1,5.08,0.985951940850277,0.010166358595194436,21
קשת 12,morning,<1m,0.3,0,1,5.152380952380954,5.0,5.08,0.985951940850277,0.0295748613678376,21
קשת 12,morning,6-9m,7.8,0,1,5.342857142857144,5.533333333333334,5.453333333333334,1.0206773618538323,-0.035650623885917776,28
קשת 12,morning,6-9m,7.633333333333334,0,1,5.25,4.855555555555556,5.14,0.9790476190476189,0.07513227513227505,30
קשת 12,morning,6-9m,7.3,0,1,5.207142857142857,5.15,5.1933333333333325,0.9973479652491997,0.010973936899862813,28
קשת 12,morning,1-2m,1.3,0,1,5.250000000000001,5.0,5.213333333333334,0.9930158730158729,0.04761904761904778,22
קשת 12,morning,6-9m,6.95,0,1,4.753571428571428,4.9125,4.746666666666667,0.9985474580515905,-0.03343350864012029,28
קשת 12,morning,1-2m,1.1333333333333333,0,1,4.45909090909091,4.2,4.746666666666667,1.0644920149507304,0.05810397553516833,22
קשת 12,morning,6-9m,6.65,0,1,3.628,3.514285714285714,3.1799999999999993,0.8765159867695698,0.031343518664356806,25
קשת 12,morning,<1m,0.8,0,1,3.4000000000000004,2.8499999999999996,3.1799999999999993,0.9352941176470585,0.16176470588235314,18
קשת 12,morning,6-9m,6.016666666666667,0,1,2.9708333333333337,2.8571428571428577,3.026666666666667,1.0187938288920055,0.03826888399118411,24
קשת 12,morning,<1m,0.9,0,1,2.978260869565218,3.1,3.0266666666666664,1.0162530413625301,-0.040875912408758985,23
קשת 12,afternoon,6-9m,6.25,0,1,3.6620689655172414,3.9124999999999996,4.126666666666667,1.1268675455116133,-0.06838512241054606,29
קשת 12,afternoon,1-2m,1.05,0,1,3.9391304347826095,4.5,4.126666666666667,1.0476085356880058,-0.14238410596026463,23
קשת 12,afternoon,6-9m,6.8,0,1,4.1866666666666665,4.175,4.12,0.9840764331210191,0.002786624203821697,30
קשת 12,afternoon,6-9m,6.366666666666666,0,1,4.207142857142857,4.1,4.166666666666667,0.9903791737408036,0.025466893039049365,28
קשת 12,afternoon,1-2m,1.3,0,1,4.2625,4.0,4.166666666666667,0.9775171065493646,0.06158357771261003,24
קשת 12,afternoon,4-6m,5.033333333333333,1,2,4.074999999999999,4.1000000000000005,3.965555555555555,0.9731424676209953,-0.006134969325153783,28
קשת 12,afternoon,<1m,0.8,0,1,4.121739130434783,4.4,4.293333333333335,1.0416315049226446,-0.06751054852320681,23
קשת 12,afternoon,6-9m,6.65,0,1,4.389285714285714,4.362500000000001,4.3133333333333335,0.9826959587740711,0.0061025223759152425,28
קשת 12,afternoon,1-2m,1.2833333333333334,0,1,4.430434782608695,4.05,4.3133333333333335,0.9735688583578673,0.08586849852796852,23
קשת 12,afternoon,6-9m,6.05,1,2,5.285714285714286,5.514285714285714,5.312380952380953,1.0050450450450452,-0.043243243243243246,28
קשת 12,afternoon,1-2m,1.5,0,1,5.565217391304348,5.25,5.346666666666667,0.9607291666666667,0.056640625,23
קשת 12,afternoon,1-2m,1.35,0,1,5.968181818181819,5.75,5.833333333333332,0.9774054328509771,0.036557501904036616,22
קשת 12,afternoon,4-6m,4.7,0,1,6.0249999999999995,5.8,5.833333333333332,0.9681881051175656,0.03734439834024894,24
קשת 12,afternoon,1-2m,1.2666666666666666,1,2,6.035,5.85,5.959999999999999,0.9875724937862467,0.030654515327257714,20
קשת 12,afternoon,<1m,0.9666666666666668,0,1,6.146666666666667,6.0,6.086666666666667,0.9902386117136659,0.02386117136659449,15
קשת 12,afternoon,1-2m,1.25,0,1,6.365,6.199999999999999,6.353333333333334,0.998167059439644,0.025923016496465223,20
קשת 12,afternoon,4-6m,5.566666666666666,0,1,6.762499999999999,6.283333333333334,6.353333333333334,0.9394947627849664,0.07085643869377678,24
קשת 12,afternoon,1-2m,1.7833333333333334,0,1,7.084999999999999,6.35,6.353333333333334,0.8967301811338512,0.10374029640084681,20
קשת 12,afternoon,6-9m,7.116666666666666,1,2,8.616666666666667,8.025,8.298333333333336,0.963056092843327,0.06866537717601551,30
קשת 12,early_evening,6-9m,8.25,1,2,9.3375,8.511111111111111,8.948148148148148,0.9583023451832019,0.0885021567752492,24
קשת 12,early_evening,2-3m,2.0166666666666666,0,1,8.81111111111111,8.366666666666667,8.399999999999999,0.953341740226986,0.05044136191677162,18
קשת 12,early_evening,<1m,0.8666666666666667,1,2,8.450000000000001,7.7,8.309999999999999,0.9834319526627217,0.08875739644970426,18
קשת 12,early_evening,<1m,0.7,0,1,8.565000000000001,7.5,8.219999999999999,0.9597197898423815,0.12434325744308239,20
קשת 12,early_evening,2-3m,2.65,0,1,8.807692307692308,8.366666666666667,8.219999999999999,0.9332751091703054,0.050072780203784584,26
קשת 12,early_evening,1-2m,1.5333333333333334,0,1,9.85,9.966666666666667,9.713333333333335,0.9861252115059224,-0.011844331641285955,22
קשת 12,early_evening,6-9m,6.666666666666667,1,2,9.936842105263157,9.2875,9.840833333333334,0.990338100282486,0.06534692796610164,19
קשת 12,early_evening,4-6m,5.666666666666667,1,2,10.693750000000001,10.257142857142854,10.226666666666668,0.9563218390804598,0.04082825415379521,16
קשת 12,early_evening,<1m,0.8666666666666667,0,1,10.693750000000001,9.6,10.660000000000002,0.996843950905903,0.10227936879018129,16
קשת 12,early_evening,9m+,10.983333333333333,1,2,11.658333333333333,10.883333333333333,11.051111111111112,0.9479151775077437,0.06647605432451753,24
קשת 12,early_evening,<1m,0.2,0,1,16.045833333333334,14.2,14.960000000000003,0.9323292651259414,0.11503505582965479,24
קשת 12,early_evening,3-4m,3.25,0,1,16.764285714285716,13.959999999999999,14.960000000000003,0.8923732424371539,0.1672773753728165,28
קשת 12,late_evening,9m+,9.8,1,2,18.96071428571429,15.254545454545456,16.54121212121212,0.8723939336860789,0.1954656757821196,28
קשת 12,late_evening,9m+,9.966666666666669,0,1,20.626666666666665,16.418181818181818,17.546666666666674,0.8506787330316746,0.20403126285479223,30
קשת 12,late_evening,9m+,10.816666666666666,1,2,20.020833333333332,17.35,18.135000000000005,0.9058064516129035,0.13340270551508837,24
קשת 12,late_evening,9m+,10.433333333333334,0,1,18.71666666666667,15.654545454545456,16.460000000000004,0.8794300979519146,0.163603982838177,24
קשת 12,late_evening,9m+,10.583333333333334,1,2,17.306896551724137,15.58181818181818,17.149090909090905,0.9908819214258543,0.0996757775000453,29
קשת 12,late_evening,4-6m,5.016666666666667,0,1,14.328571428571427,12.666666666666666,12.980000000000002,0.9058823529411767,0.11598537720172808,28
קשת 12,late_evening,1-2m,1.0833333333333333,0,1,14.279166666666667,12.25,12.98,0.9090166326232857,0.1421067989495185,24
קשת 12,late_evening,6-9m,7.033333333333333,0,1,12.15185185185185,10.024999999999999,10.280000000000001,0.845961597074063,0.17502285888448643,27
קשת 12,late_evening,1-2m,1.1333333333333333,0,1,10.742857142857142,8.15,10.280000000000001,0.9569148936170214,0.2413563829787233,21
קשת 12,late_evening,<1m,0.3,0,1,10.373684210526315,8.6,10.280000000000001,0.990969051243024,0.1709791983764587,19
קשת 12,overnight,1-2m,1.45,0,1,8.325,8.850000000000001,8.986666666666668,1.0794794794794798,-0.06306306306306331,20
קשת 12,overnight,4-6m,4.883333333333334,1,2,8.063157894736843,8.799999999999999,8.208888888888891,1.018073687264288,-0.09138381201044354,19
קשת 12,overnight,1-2m,1.35,0,1,7.543750000000001,8.55,6.653333333333334,0.8819663076498205,-0.13338856669428334,16
קשת 12,overnight,4-6m,4.416666666666667,1,2,6.071428571428571,5.4399999999999995,6.530666666666667,1.0756392156862746,0.10400000000000009,21
קשת 12,overnight,<1m,0.7,0,1,6.043478260869565,6.3,6.04,0.9994244604316547,-0.04244604316546763,23
קשת 12,overnight,2-3m,2.4,0,1,5.667857142857143,5.5,5.680000000000001,1.002142407057341,0.02961562696912412,28
קשת 12,overnight,<1m,1.0,0,1,5.622222222222223,5.800000000000001,5.680000000000001,1.0102766798418972,-0.031620553359683834,27
קשת 12,overnight,6-9m,8.033333333333333,1,2,3.7642857142857147,3.188888888888888,3.44,0.913851992409867,0.15285684166139601,28
קשת 12,overnight,4-6m,5.466666666666667,1,2,1.8551724137931034,1.5333333333333332,1.8566666666666667,1.0008054522924412,0.17348203221809178,29
קשת 12,overnight,4-6m,5.783333333333333,0,1,1.296428571428572,1.2,1.3066666666666669,1.0078971533516985,0.07438016528925662,28
קשת 12,overnight,6-9m,7.066666666666666,0,1,1.3653846153846154,1.3125,1.3666666666666665,1.0009389671361502,0.03873239436619724,26
קשת 12,overnight,1-2m,1.3,0,1,1.3571428571428572,1.2,1.3666666666666665,1.007017543859649,0.11578947368421055,21
קשת 12,morning,1-2m,1.45,0,1,5.345454545454545,5.666666666666667,5.506666666666665,1.03015873015873,-0.06009070294784591,22
קשת 12,morning,6-9m,6.183333333333334,0,1,5.443478260869565,5.514285714285713,5.506666666666666,1.0116080937167198,-0.013007759014148634,23
קשת 12,morning,1-2m,1.6166666666666667,0,1,5.7,5.1,5.6866666666666665,0.9976608187134502,0.10526315789473695,15
קשת 12,morning,6-9m,6.583333333333333,1,2,5.932,5.3125,5.709999999999999,0.9625758597437625,0.1044335805799057,25
קשת 12,morning,6-9m,7.816666666666666,1,2,6.551851851851851,5.944444444444445,6.294074074074072,0.9606557377049179,0.09270774448841146,27
קשת 12,morning,1-2m,1.45,0,1,6.779999999999999,5.733333333333333,6.459999999999998,0.9528023598820057,0.15437561455260562,20
קשת 12,morning,6-9m,7.35,0,1,6.735714285714286,6.044444444444445,6.286666666666667,0.9333333333333333,0.10262754801461049,28
קשת 12,morning,1-2m,1.0333333333333334,0,1,6.731818181818183,5.800000000000001,6.286666666666667,0.9338735088903892,0.13841998649561116,22
קשת 12,morning,1-2m,1.55,0,1,6.466666666666666,6.449999999999999,6.293333333333333,0.9731958762886599,0.002577319587628857,24
קשת 12,morning,4-6m,4.95,0,1,6.357142857142856,6.1499999999999995,6.293333333333333,0.9899625468164795,0.03258426966292127,28
קשת 12,morning,6-9m,7.283333333333333,1,2,5.796666666666667,5.425,5.690000000000001,0.9815986198964924,0.06411730879815991,30
קשת 12,morning,6-9m,6.333333333333333,0,1,5.9,6.399999999999999,6.346666666666665,1.075706214689265,-0.08474576271186418,28
קשת 12,morning,1-2m,1.5166666666666666,1,2,5.9,5.699999999999999,6.115555555555555,1.0365348399246703,0.033898305084745894,23
קשת 12,morning,6-9m,7.05,0,1,5.751851851851853,5.45,5.573333333333334,0.9689632968448164,0.05247907276239561,27
קשת 12,morning,1-2m,1.2,0,1,5.836363636363635,5.6,5.573333333333334,0.9549325025960543,0.04049844236760114,22
קשת 12,morning,4-6m,5.8,0,1,6.616666666666667,6.157142857142857,6.479999999999999,0.9793450881612088,0.06944944224541216,24
קשת 12,morning,<1m,0.7833333333333333,0,1,6.917647058823529,6.7,6.4799999999999995,0.936734693877551,0.031462585034013446,17
קשת 12,morning,4-6m,4.95,0,1,8.049999999999999,8.283333333333333,8.093333333333332,1.005383022774327,-0.02898550724637694,22
קשת 12,morning,<1m,1.0,0,1,8.054166666666667,7.9,8.093333333333332,1.004862907397827,0.0191412312467667,24
קשת 12,afternoon,4-6m,5.466666666666667,1,2,7.765217391304348,7.157142857142858,7.5561904761904755,0.97308164027089,0.07830747080467115,23
קשת 12,afternoon,1-2m,1.0333333333333334,0,1,7.876470588235295,7.15,7.453333333333333,0.9462783171521035,0.09223300970873782,17
קשת 12,afternoon,6-9m,6.416666666666667,1,2,7.626086956521738,7.225,7.482500000000002,0.9811716077537062,0.052594070695553,23
קשת 12,afternoon,4-6m,5.516666666666667,0,1,6.358620689655171,6.185714285714285,6.319999999999999,0.9939262472885033,0.02719243879764477,29
קשת 12,afternoon,<1m,1.0,1,2,6.266666666666667,6.0,6.203333333333333,0.9898936170212765,0.04255319148936165,24
קשת 12,afternoon,4-6m,5.5,0,1,5.857142857142857,5.785714285714286,5.833333333333334,0.9959349593495936,0.012195121951219523,28
קשת 12,afternoon,<1m,0.7833333333333333,0,1,5.743478260869564,5.7,5.833333333333333,1.0156447136008078,0.007570022710067903,23
קשת 12,afternoon,4-6m,5.783333333333333,0,1,5.464285714285715,5.114285714285714,5.22,0.9552941176470586,0.06405228758169956,28
קשת 12,afternoon,1-2m,1.2,0,1,5.463636363636364,5.1,5.220000000000001,0.9554076539101498,0.06655574043261236,22
קשת 12,afternoon,4-6m,5.916666666666667,1,2,5.5307692307692315,5.6000000000000005,5.480952380952382,0.9909927809788728,-0.012517385257301727,26
קשת 12,afternoon,<1m,0.9,0,1,5.726086956521739,5.15,5.326666666666667,0.9302455074664643,0.10060744115413811,23
קשת 12,afternoon,1-2m,1.45,0,1,6.581818181818181,6.949999999999999,6.719999999999999,1.0209944751381215,-0.055939226519337026,22
קשת 12,afternoon,4-6m,5.15,0,1,6.896,6.671428571428572,6.719999999999999,0.9744779582366587,0.032565462379847476,25
קשת 12,afternoon,1-2m,1.4666666666666666,0,1,7.185,6.699999999999999,6.719999999999999,0.9352818371607514,0.06750173973556028,20
קשת 12,afternoon,<1m,0.8833333333333333,0,1,7.833333333333332,8.2,7.8533333333333335,1.002553191489362,-0.04680851063829783,18
קשת 12,afternoon,4-6m,5.566666666666666,0,1,8.73076923076923,8.242857142857144,8.360000000000001,0.9575330396475773,0.0558842039018248,26
קשת 12,afternoon,1-2m,1.4666666666666666,0,1,9.033333333333333,7.8,8.360000000000001,0.9254612546125462,0.13653136531365317,24
קשת 12,afternoon,1-2m,1.3,0,1,10.450000000000001,10.15,10.113333333333335,0.9677830940988836,0.028708133971291905,24
קשת 12,afternoon,4-6m,5.3,1,2,10.714285714285712,9.466666666666667,10.476666666666668,0.9778222222222226,0.11644444444444424,28
קשת 12,early_evening,1-2m,1.45,0,1,11.819047619047618,11.7,11.906666666666668,1.0074133763094282,0.01007252215954868,21
קשת 12,early_evening,6-9m,6.133333333333334,1,2,11.595454545454546,10.8375,11.356666666666667,0.9794067685874821,0.06536652293218348,22
קשת 12,early_evening,1-2m,1.3833333333333333,0,1,11.20625,10.7,10.44,0.9316229782487451,0.0451756832124931,16
קשת 12,early_evening,3-4m,3.7333333333333334,0,1,10.888888888888891,9.940000000000001,10.44,0.9587755102040814,0.08714285714285719,18
קשת 12,early_evening,2-3m,2.466666666666667,0,1,12.132,10.6,10.893333333333336,0.897900868227278,0.12627761292449724,25
קשת 12,early_evening,1-2m,1.5,0,1,13.726086956521737,13.95,13.680000000000001,0.996642382008236,-0.01631295533734578,23
קשת 12,early_evening,6-9m,6.3,0,1,13.634782608695653,13.085714285714287,13.680000000000003,1.0033163265306124,0.04026967930029157,23
קשת 12,early_evening,4-6m,5.433333333333334,1,2,13.080000000000002,11.828571428571427,12.462857142857144,0.9528178243774574,0.09567496723460045,20
קשת 12,early_evening,1-2m,1.3666666666666667,0,1,13.063157894736841,12.033333333333331,13.08,1.0012892828364224,0.07883427343540161,19
קשת 12,early_evening,6-9m,7.983333333333333,0,1,14.32,13.466666666666667,13.786666666666669,0.9627560521415272,0.059590316573556845,25
קשת 12,early_evening,1-2m,1.15,0,1,17.092307692307692,16.35,16.753333333333334,0.9801680168016802,0.04342934293429335,26
קשת 12,early_evening,<1m,0.3,0,1,17.16,16.7,16.753333333333334,0.9763014763014763,0.026806526806526842,25
קשת 12,early_evening,3-4m,3.35,0,1,17.66785714285714,16.35,16.753333333333334,0.9482379893538173,0.07459066100667056,28
קשת 12,late_evening,9m+,9.1,1,2,20.348275862068967,16.669999999999998,18.732,0.9205693950177936,0.18076597186917487,29
קשת 12,late_evening,9m+,10.116666666666667,0,1,20.666666666666668,18.481818181818184,19.033333333333335,0.9209677419354839,0.10571847507331367,30
קשת 12,late_evening,9m+,9.25,1,2,20.64814814814815,18.16,19.106666666666666,0.9253452914798206,0.12050224215246641,27
קשת 12,late_evening,<1m,0.3,0,1,21.87142857142857,20.5,20.766666666666662,0.949488351839756,0.06270411495754402,14
קשת 12,late_evening,<1m,0.3,0,1,22.6,22.2,20.766666666666662,0.9188790560471973,0.017699115044247926,15
קשת 12,late_evening,9m+,10.8,1,2,27.3962962962963,20.6,24.199999999999992,0.8833310801676352,0.2480735433283764,27
קשת 12,late_evening,9m+,10.283333333333331,1,2,31.389999999999997,18.345454545454547,23.801212121212128,0.758241864326605,0.4155637290393581,30
קשת 12,late_evening,4-6m,5.033333333333333,1,2,20.22222222222222,14.983333333333334,15.830000000000004,0.7828021978021981,0.25906593406593403,27
קשת 12,late_evening,<1m,0.7833333333333333,0,1,18.133333333333333,12.8,13.740000000000002,0.7577205882352942,0.2941176470588235,24
קשת 12,late_evening,6-9m,8.216666666666667,0,1,7.556,6.288888888888889,6.679999999999998,0.8840656431974587,0.16769601788130117,25
קשת 12,late_evening,1-2m,1.5666666666666669,1,2,6.542105263157895,5.7,6.399999999999999,0.978278358809332,0.12872083668543843,19
קשת 12,overnight,1-2m,1.3666666666666667,0,1,4.88421052631579,4.8,4.473333333333334,0.9158764367816092,0.017241379310344862,19
קשת 12,overnight,6-9m,6.9,0,1,4.184,4.449999999999999,4.473333333333334,1.0691523263224985,-0.06357552581261938,25
קשת 12,overnight,<1m,1.0,0,1,3.7238095238095235,3.5,4.473333333333334,1.2012787723785168,0.0601023017902812,21
קשת 12,overnight,3-4m,3.933333333333333,0,1,3.1214285714285714,3.0799999999999996,3.206666666666666,1.0273073989321126,0.013272311212814802,28
קשת 12,overnight,<1m,0.4,0,1,3.0559999999999996,3.1,3.2066666666666666,1.049301919720768,-0.014397905759162555,25
קשת 12,overnight,2-3m,2.8833333333333333,1,2,3.3285714285714283,3.2500000000000004,3.1466666666666674,0.9453505007153079,0.023605150214592086,28
קשת 12,overnight,<1m,0.7833333333333333,0,1,3.2884615384615383,3.35,3.546666666666666,1.0785185185185184,-0.018713450292397793,26
קשת 12,overnight,1-2m,1.0666666666666669,0,1,0.9800000000000002,1.1,0.9933333333333335,1.0136054421768708,-0.12244897959183665,30
קשת 12,overnight,<1m,0.95,0,1,1.0699999999999998,1.0,1.0,0.9345794392523366,0.06542056074766345,30
קשת 12,morning,<1m,0.3,0,1,3.506896551724138,3.6,3.4666666666666677,0.98852835136021,-0.026548672566371723,29
קשת 12,morning,<1m,0.3,0,1,3.546666666666667,3.6,3.4666666666666677,0.9774436090225567,-0.015037593984962294,30
קשת 12,morning,<1m,0.3,0,1,6.104000000000001,5.8,6.120000000000001,1.0026212319790302,0.04980340760157287,25
קשת 12,morning,<1m,0.3,0,1,6.104000000000001,5.75,6.120000000000001,1.0026212319790302,0.05799475753604211,25
קשת 12,morning,6-9m,6.1,0,1,6.223076923076923,5.828571428571428,6.119999999999999,0.9834363411619281,0.06339396079816362,26
קשת 12,morning,<1m,0.7833333333333333,0,1,6.3,6.1,6.166666666666666,0.9788359788359787,0.031746031746031744,23
קשת 12,morning,6-9m,6.083333333333333,0,1,6.353571428571429,6.271428571428571,6.426666666666664,1.0115045905939661,0.012928611579539062,28
קשת 12,morning,<1m,0.3,0,1,6.733333333333333,6.4,6.546666666666667,0.9722772277227723,0.04950495049504944,24
קשת 12,morning,<1m,0.3,0,1,6.733333333333333,6.550000000000001,6.546666666666667,0.9722772277227723,0.02722772277227714,24
קשת 12,morning,4-6m,5.866666666666666,0,1,6.484615384615383,6.3999999999999995,6.813333333333333,1.050691973111902,0.013048635824436383,26
קשת 12,morning,<1m,0.7833333333333333,1,2,6.32608695652174,6.1,6.343333333333333,1.002726231386025,0.03573883161512048,23
קשת 12,morning,6-9m,6.616666666666666,0,1,5.821428571428571,5.1375,5.34,0.9173006134969325,0.117484662576687,28
קשת 12,morning,<1m,0.3,0,1,5.814285714285715,5.6,5.879999999999999,1.011302211302211,0.03685503685503699,21
קשת 12,morning,<1m,0.3,0,1,5.814285714285715,5.6,5.879999999999999,1.011302211302211,0.03685503685503699,21
קשת 12,morning,4-6m,5.916666666666667,0,1,6.010714285714285,5.7142857142857135,5.88,0.97825311942959,0.04931669637551994,28
קשת 12,morning,4-6m,5.533333333333333,0,1,5.9300000000000015,6.066666666666667,6.053333333333334,1.0207982012366497,-0.023046655424395546,30
קשת 12,morning,4-6m,4.95,1,2,5.504000000000001,5.766666666666666,5.557777777777779,1.0097706718346253,-0.04772286821705385,25
קשת 12,morning,1-2m,1.25,0,1,5.6450000000000005,5.3,5.5133333333333345,0.9766755240625924,0.0611160318866254,20
קשת 12,morning,4-6m,5.05,0,1,5.479166666666667,5.766666666666667,5.7266666666666675,1.045171102661597,-0.05247148288973369,24
קשת 12,morning,<1m,0.6166666666666667,0,1,5.458333333333333,5.5,5.7266666666666675,1.0491603053435117,-0.007633587786259666,24
קשת 12,morning,6-9m,6.616666666666666,1,2,5.033333333333333,4.671428571428572,4.852380952380953,0.9640491958372754,0.07190160832544934,24
קשת 12,morning,1-2m,1.6333333333333333,0,1,4.772222222222222,4.7,4.533333333333333,0.949941792782305,0.015133876600698426,18
קשת 12,morning,<1m,0.85,0,1,4.442857142857143,4.3,4.533333333333333,1.020364415862808,0.032154340836012985,21
קשת 12,morning,1-2m,1.4333333333333331,0,1,4.483333333333333,4.233333333333333,4.346666666666666,0.9695167286245351,0.055762081784386575,24
קשת 12,afternoon,4-6m,5.533333333333333,0,1,5.068965517241378,4.814285714285714,4.9799999999999995,0.9824489795918369,0.05024295432458681,29
קשת 12,afternoon,<1m,0.55,0,1,5.183333333333333,5.0,4.98,0.9607717041800645,0.03536977491961402,24
קשת 12,afternoon,6-9m,6.3,0,1,5.416666666666668,5.342857142857143,5.339999999999999,0.9858461538461535,0.013626373626373756,30
קשת 12,afternoon,4-6m,5.8,0,1,5.518518518518517,5.642857142857143,5.660000000000001,1.025637583892618,-0.022531160115053073,27
קשת 12,afternoon,2-3m,2.5833333333333335,0,1,5.650000000000001,5.8500000000000005,5.66,1.0017699115044245,-0.03539823008849541,24
קשת 12,afternoon,<1m,0.9833333333333332,0,1,6.271428571428571,6.1,6.16,0.9822323462414579,0.027334851936218763,28
קשת 12,afternoon,<1m,0.9,0,1,6.335714285714286,5.85,6.16,0.9722660653889514,0.07666290868094716,28
קשת 12,afternoon,4-6m,5.95,0,1,6.171428571428571,5.971428571428572,5.666666666666666,0.9182098765432098,0.03240740740740711,28
קשת 12,afternoon,1-2m,1.2,0,1,6.016666666666667,5.599999999999999,5.666666666666667,0.9418282548476455,0.0692520775623271,24
קשת 12,afternoon,4-6m,4.45,0,1,5.832142857142857,5.18,5.319999999999999,0.9121861604409062,0.11181873851806501,28
קשת 12,afternoon,<1m,0.9666666666666668,0,1,5.86,5.1,5.319999999999999,0.9078498293515357,0.12969283276450527,25
קשת 12,afternoon,1-2m,1.65,0,1,6.795833333333333,7.0,6.833333333333334,1.0055180870631515,-0.030042918454935563,24
קשת 12,afternoon,3-4m,3.3333333333333335,0,1,6.768,6.75,6.833333333333334,1.0096532702915684,0.0026595744680850686,25
קשת 12,afternoon,1-2m,1.55,0,1,6.763636363636365,6.7,6.833333333333334,1.010304659498208,0.009408602150537737,22
קשת 12,afternoon,1-2m,1.1833333333333331,0,1,6.785000000000001,6.6,6.753333333333333,0.9953328420535493,0.027266028002947862,20
קשת 12,afternoon,1-2m,1.3,0,1,7.114285714285715,7.0,7.093333333333333,0.9970548862115126,0.01606425702811254,21
קשת 12,afternoon,3-4m,4.0,0,1,7.425,7.1,7.093333333333332,0.9553310886644218,0.043771043771043794,24
קשת 12,afternoon,<1m,0.9833333333333332,0,1,7.609090909090909,7.0,7.093333333333333,0.9322182397451214,0.0800477897252091,22
קשת 12,afternoon,4-6m,5.816666666666666,1,2,9.490000000000002,8.77142857142857,9.206666666666665,0.9701440112399013,0.07571880174619927,30
קשת 12,early_evening,1-2m,1.5166666666666666,0,1,11.454545454545455,11.866666666666667,12.313333333333334,1.074973544973545,-0.035978835978836,22
קשת 12,early_evening,4-6m,5.15,0,1,11.271428571428572,10.1,9.819999999999999,0.871229404309252,0.10392902408111548,21
קשת 12,early_evening,<1m,0.8,0,1,10.8875,8.6,9.819999999999999,0.9019517795637197,0.2101033295063146,16
קשת 12,early_evening,4-6m,4.05,1,2,10.557894736842105,9.14,10.123999999999997,0.958903290129611,0.13429710867397793,19
קשת 12,early_evening,2-3m,2.5833333333333335,0,1,11.151999999999997,10.733333333333334,10.199999999999998,0.9146341463414634,0.03754184600669508,25
קשת 12,early_evening,1-2m,1.65,0,1,12.747826086956518,11.5,11.780000000000001,0.924079126875853,0.09788540245566146,23
קשת 12,early_evening,4-6m,5.3,1,2,12.822727272727274,11.799999999999999,12.246666666666666,0.9550750324943872,0.07975895072669281,22
קשת 12,early_evening,4-6m,4.75,1,2,13.188888888888888,12.866666666666667,13.157777777777776,0.9976411120471776,0.024431339511373107,18
קשת 12,early_evening,1-2m,1.25,0,1,13.188888888888888,13.05,12.646666666666668,0.9588879528222412,0.010530749789384952,18
קשת 12,early_evening,6-9m,7.25,0,1,11.6,11.5875,11.446666666666667,0.9867816091954024,0.0010775862068964637,24
קשת 12,early_evening,<1m,0.2,0,1,13.658333333333333,12.7,13.186666666666664,0.9654667480170834,0.07016473459426487,24
קשת 12,early_evening,2-3m,2.283333333333333,0,1,14.10769230769231,12.833333333333334,13.186666666666662,0.9347146492184655,0.09033078880407142,26
קשת 12,late_evening,6-9m,8.866666666666667,1,2,16.8,13.570000000000002,15.616666666666665,0.929563492063492,0.19226190476190463,25
קשת 12,late_evening,6-9m,8.766666666666667,0,1,16.253846153846155,15.02222222222222,15.566666666666666,0.9577220381763685,0.07577430719882228,26
קשת 12,late_evening,3-4m,3.45,0,1,16.219999999999995,15.05,16.32,1.0061652281134406,0.07213316892724997,30
קשת 12,late_evening,1-2m,1.05,1,2,16.42777777777778,16.35,15.486666666666668,0.9427122083192424,0.004734528238079183,18
קשת 12,late_evening,<1m,0.3,0,1,16.911764705882355,17.1,15.186666666666666,0.8979942028985506,-0.011130434782608667,17
קשת 12,late_evening,9m+,10.516666666666667,0,1,18.651851851851852,14.090909090909092,15.186666666666666,0.8142176330420968,0.24453029099573975,27
קשת 12,late_evening,9m+,9.5,0,1,18.607692307692307,12.299999999999999,13.993333333333334,0.7520187405263884,0.3389830508474577,26
קשת 12,late_evening,4-6m,4.933333333333334,0,1,13.107692307692306,10.016666666666666,12.960000000000003,0.9887323943661975,0.23581768388106406,26
קשת 12,late_evening,<1m,0.7833333333333333,0,1,11.604166666666666,8.05,12.960000000000003,1.1168402154398567,0.3062836624775582,24
קשת 12,late_evening,1-2m,1.0833333333333333,0,1,5.174999999999999,5.3,5.633333333333334,1.0885668276972629,-0.024154589371980784,28
קשת 12,late_evening,1-2m,1.0833333333333333,0,1,4.9653846153846155,4.55,5.633333333333334,1.1345210431190291,0.08365608055770724,26
קשת 12,overnight,4-6m,4.333333333333333,1,2,3.5392857142857146,3.1399999999999997,3.4506666666666668,0.9749613185334678,0.11281533804238164,28
קשת 12,overnight,<1m,0.8833333333333333,0,1,3.430769230769231,3.3499999999999996,3.293333333333334,0.9599402092675636,0.02354260089686111,26
קשת 12,overnight,2-3m,2.55,0,1,3.000000000000001,3.2249999999999996,3.1066666666666674,1.0355555555555556,-0.07499999999999951,30
קשת 12,overnight,3-4m,3.3333333333333335,0,1,2.0357142857142856,2.0,2.1399999999999997,1.0512280701754384,0.01754385964912275,28
קשת 12,overnight,1-2m,1.4,0,1,1.4416666666666664,1.5,1.3733333333333333,0.9526011560693642,-0.040462427745664886,24
קשת 12,overnight,<1m,0.7666666666666667,0,1,1.2714285714285718,1.3,1.2133333333333334,0.9543071161048686,-0.022471910112359383,28
קשת 12,overnight,<1m,0.8833333333333333,0,1,1.3448275862068968,1.2,1.1733333333333331,0.8724786324786321,0.10769230769230786,29
קשת 12,overnight,<1m,0.45,0,1,1.5000000000000004,1.2,1.753333333333333,1.1688888888888882,0.2000000000000003,28
קשת 12,overnight,<1m,0.6833333333333333,0,1,0.7699999999999998,0.7,0.7199999999999999,0.9350649350649352,0.09090909090909072,30
קשת 12,morning,<1m,0.3,0,1,2.693103448275862,2.8,2.746666666666667,1.0198890311566369,-0.03969270166453254,29
קשת 12,morning,<1m,0.3,0,1,2.7551724137931033,2.8,2.746666666666667,0.9969128076762622,-0.016270337922402955,29
קשת 12,morning,<1m,0.3,0,1,4.727586206896552,4.8,5.02,1.0618526622902988,-0.015317286652078765,29
קשת 12,morning,<1m,0.3,0,1,4.746666666666667,4.9,5.02,1.0575842696629212,-0.032303370786516794,30
קשת 12,morning,6-9m,7.916666666666667,1,2,5.6000000000000005,4.577777777777778,5.205185185185186,0.9294973544973545,0.18253968253968256,29
קשת 12,morning,<1m,0.3,0,1,5.909523809523809,4.9,5.38,0.9103948428686544,0.17082997582594672,21
קשת 12,morning,<1m,0.8833333333333333,0,1,7.513793103448276,7.6,7.1866666666666665,0.9564632094232828,-0.011473152822395472,29
קשת 12,morning,<1m,0.3,0,1,9.160714285714286,9.2,8.966666666666665,0.978817413905133,-0.004288499025340897,28
קשת 12,morning,<1m,0.3,0,1,9.162068965517241,9.2,8.966666666666665,0.9786726884957971,-0.004140007527286382,29
קשת 12,morning,4-6m,4.833333333333333,0,1,8.989285714285714,8.733333333333333,8.526666666666669,0.9485366176665345,0.028473049927162042,28
קשת 12,morning,1-2m,1.05,0,1,8.745454545454544,8.149999999999999,8.526666666666667,0.9749826749826752,0.06808731808731816,22
קשת 12,morning,4-6m,4.8,1,2,8.703846153846154,8.316666666666668,8.641111111111112,0.9927922619924389,0.04448372367064357,26
קשת 12,morning,<1m,0.3,0,1,8.495652173913046,9.1,8.813333333333333,1.037393381098601,-0.07113613101330585,23
קשת 12,morning,<1m,0.3,0,1,8.456521739130435,8.9,8.813333333333333,1.0421936589545842,-0.052442159383033315,23
קשת 12,morning,1-2m,1.0166666666666666,0,1,8.043478260869565,7.5,7.84,0.9747027027027028,0.06756756756756743,23
קשת 12,morning,4-6m,5.533333333333333,1,2,7.922222222222223,7.471428571428571,7.760000000000001,0.9795231416549789,0.056902424363855175,27
קשת 12,morning,4-6m,5.016666666666667,0,1,7.810344827586209,7.566666666666666,7.593333333333335,0.9722148638704929,0.031199411331861993,29
קשת 12,morning,6-9m,7.666666666666667,1,2,7.967857142857142,8.024999999999999,7.968333333333332,1.0000597639324666,-0.007171671896010645,28
קשת 12,morning,1-2m,1.3166666666666669,0,1,8.05909090909091,7.9,7.959999999999999,0.9877044557247601,0.019740552735476702,22
קשת 12,morning,<1m,0.9333333333333332,0,1,7.739285714285714,7.199999999999999,7.473333333333333,0.9656360559913859,0.06968158744808495,28
קשת 12,morning,<1m,0.85,0,1,7.728571428571428,7.300000000000001,7.473333333333333,0.9669747381392483,0.05545286506469482,28
קשת 12,morning,1-2m,1.15,0,1,7.868181818181818,7.8999999999999995,7.766666666666668,0.9870980165607551,-0.004043905257076874,22
קשת 12,morning,6-9m,6.983333333333333,1,2,8.080769230769231,7.628571428571428,7.934285714285715,0.9818725776840961,0.055959747059223575,26
קשת 12,morning,<1m,0.4166666666666667,0,1,8.195,8.0,8.059999999999999,0.9835265405735203,0.02379499694935938,20
קשת 12,morning,<1m,0.85,0,1,8.22,7.5,7.933333333333334,0.9651257096512571,0.08759124087591252,30
קשת 12,afternoon,6-9m,7.683333333333334,0,1,8.288,7.7,7.986666666666666,0.9636422136422136,0.07094594594594594,25
קשת 12,afternoon,1-2m,1.6833333333333331,0,1,8.210526315789473,8.0,7.986666666666666,0.9727350427350429,0.02564102564102555,19
קשת 12,afternoon,<1m,0.9333333333333332,0,1,8.276190476190479,7.85,7.973333333333334,0.9634062140391252,0.051495972382048616,21
קשת 12,afternoon,<1m,0.4166666666666667,0,1,8.304545454545456,7.7,7.973333333333334,0.9601167670133185,0.07279693486590055,22
קשת 12,afternoon,6-9m,6.15,0,1,8.457142857142857,7.642857142857143,8.293333333333335,0.9806306306306308,0.09628378378378377,28
קשת 12,afternoon,1-2m,1.3666666666666667,0,1,8.358333333333334,7.733333333333334,8.293333333333335,0.9922233300099701,0.0747756729810568,24
קשת 12,afternoon,1-2m,1.05,0,1,9.68181818181818,9.966666666666667,9.773333333333332,1.009452269170579,-0.029420970266040847,22
קשת 12,afternoon,6-9m,6.733333333333333,0,1,9.0375,9.1125,9.273333333333333,1.0260949746426926,-0.008298755186722184,24
קשת 12,afternoon,1-2m,1.3666666666666667,0,1,8.9,8.766666666666667,9.273333333333333,1.0419475655430712,0.014981273408239626,23
קשת 12,afternoon,<1m,0.8333333333333334,0,1,7.500000000000001,7.75,7.693333333333333,1.0257777777777777,-0.033333333333333215,28
קשת 12,afternoon,<1m,0.6,0,1,7.389285714285715,7.25,7.693333333333333,1.0411470919929111,0.018849685838569497,28
קשת 12,afternoon,1-2m,1.0166666666666666,1,2,8.212,7.35,7.873333333333333,0.9587595388861828,0.10496833901607405,25
קשת 12,afternoon,2-3m,2.5833333333333335,0,1,8.85,6.2,8.566666666666666,0.967984934086629,0.2994350282485875,26
קשת 12,afternoon,1-2m,1.3666666666666667,0,1,9.219999999999999,7.65,8.566666666666666,0.9291395516992047,0.17028199566160507,25
קשת 12,afternoon,1-2m,1.1166666666666667,0,1,9.81,9.35,10.186666666666664,1.0383961943594968,0.04689092762487268,30
קשת 12,afternoon,<1m,0.9833333333333332,0,1,8.799999999999999,8.4,8.186666666666667,0.9303030303030305,0.0454545454545453,24
קשת 12,afternoon,3-4m,3.966666666666667,0,1,8.710714285714287,7.720000000000001,8.186666666666667,0.9398387317206505,0.11373513735137364,28
קשת 12,afternoon,<1m,0.95,0,1,8.616,7.5,8.186666666666667,0.9501702259362428,0.1295264623955431,25
קשת 12,afternoon,4-6m,5.35,0,1,9.646666666666668,8.299999999999999,8.840000000000002,0.9163787145818936,0.1395991706979961,30
קשת 12,early_evening,1-2m,1.3166666666666669,0,1,10.228571428571426,9.399999999999999,9.113333333333333,0.8909683426443206,0.08100558659217871,21
קשת 12,early_evening,4-6m,5.266666666666667,0,1,9.868,8.483333333333333,9.113333333333332,0.9235238481286311,0.14031887582759095,25
קשת 12,early_evening,1-2m,1.7333333333333334,0,1,9.557142857142859,8.899999999999999,9.113333333333333,0.9535625311410063,0.06875934230194347,21
קשת 12,early_evening,1-2m,1.2666666666666666,0,1,9.217857142857143,9.149999999999999,9.146666666666667,0.992276895260235,0.007361487795428334,28
קשת 12,early_evening,6-9m,7.183333333333334,0,1,9.78888888888889,8.955555555555556,9.34666666666667,0.9548240635641319,0.08513053348467658,27
קשת 12,early_evening,1-2m,1.35,0,1,10.054545454545453,8.9,9.34666666666667,0.9295961422543705,0.11482820976491848,22
קשת 12,early_evening,<1m,0.8333333333333334,0,1,10.65357142857143,9.7,10.006666666666666,0.9392781316348193,0.08950720750921914,28
קשת 12,early_evening,<1m,0.8666666666666667,0,1,10.678571428571429,8.15,10.006666666666666,0.9370791527313266,0.2367892976588628,28
קשת 12,early_evening,4-6m,5.366666666666666,1,2,10.721428571428573,9.866666666666667,10.500000000000002,0.9793471019320453,0.07972462802576075,28
קשת 12,early_evening,<1m,0.3666666666666666,0,1,13.36071428571429,10.899999999999999,12.479999999999999,0.9340817963111464,0.18417535418337372,28
קשת 12,late_evening,6-9m,6.15,1,2,15.319230769230773,11.942857142857141,13.859047619047619,0.9046829979795079,0.22040098992145218,26
קשת 12,late_evening,6-9m,6.383333333333334,1,2,14.807142857142853,12.075000000000001,13.465833333333332,0.9094146968966074,0.18451519536903016,28
קשת 12,late_evening,4-6m,5.466666666666667,1,2,14.149999999999997,11.483333333333334,13.64,0.9639575971731451,0.1884570082449939,30
קשת 12,late_evening,6-9m,6.983333333333333,1,2,13.966666666666667,12.2375,13.625833333333333,0.9755966587112171,0.12380668257756555,27
קשת 12,late_evening,<1m,0.9666666666666668,0,1,11.508333333333335,12.899999999999999,13.573333333333334,1.1794351918899348,-0.12092686459087587,24
קשת 12,late_evening,<1m,0.3,0,1,11.396,12.4,13.573333333333334,1.191061191061191,-0.08810108810108797,25
קשת 12,late_evening,6-9m,8.45,0,1,8.036,6.44,6.546666666666665,0.8146673303467727,0.1986062717770034,25
קשת 12,late_evening,1-2m,1.6833333333333331,0,1,6.35,6.2,6.126666666666666,0.9648293963254593,0.023622047244094446,20
קשת 12,late_evening,<1m,0.9833333333333332,0,1,6.35,5.5,6.126666666666666,0.9648293963254593,0.13385826771653542,20
קשת 12,late_evening,4-6m,5.966666666666667,0,1,6.734615384615385,6.314285714285714,6.553333333333334,0.9730820483533219,0.06241331484049939,26
קשת 12,overnight,6-9m,7.45,0,1,4.567857142857143,4.800000000000001,4.739999999999998,1.0376856919468331,-0.05082095387021113,28
קשת 12,overnight,1-2m,1.7666666666666666,1,2,4.209090909090909,4.6,4.357777777777778,1.0353251739860811,-0.09287257019438444,22
קשת 12,overnight,3-4m,3.8,0,1,3.5999999999999996,3.6,3.493333333333333,0.9703703703703704,-2.220446049250313e-16,30
קשת 12,overnight,3-4m,3.25,0,1,2.346666666666667,2.1,2.233333333333334,0.9517045454545455,0.10511363636363646,30
קשת 12,overnight,1-2m,1.6166666666666667,0,1,1.6133333333333333,1.75,1.8133333333333335,1.1239669421487604,-0.084710743801653,30
קשת 12,overnight,1-2m,1.6833333333333331,1,2,1.1266666666666671,1.1,1.1233333333333335,0.997041420118343,0.02366863905325478,30
קשת 12,overnight,1-2m,1.2166666666666666,0,1,0.9433333333333335,0.8333333333333334,0.9333333333333336,0.9893992932862192,0.11660777385159016,30
קשת 12,overnight,1-2m,1.45,0,1,0.4166666666666668,0.5,0.45999999999999996,1.1039999999999996,-0.19999999999999973,30
קשת 12,overnight,2-3m,2.1333333333333333,1,2,0.2766666666666666,0.5,0.3111111111111111,1.1244979919678717,-0.8072289156626509,30
קשת 12,overnight,1-2m,1.2833333333333334,0,1,0.22666666666666668,0.20000000000000004,0.2066666666666667,0.911764705882353,0.11764705882352933,30
קשת 12,morning,1-2m,1.5833333333333333,0,1,0.010344827586206898,0.0,0.013333333333333334,1.2888888888888888,1.0,29
קשת 12,morning,<1m,0.3,0,1,0.010714285714285716,0.0,0.013333333333333334,1.2444444444444442,1.0,28
קשת 12,morning,1-2m,1.5,0,1,0.26206896551724146,0.2,0.22666666666666666,0.8649122807017541,0.23684210526315808,29
קשת 12,morning,<1m,0.3,0,1,0.2785714285714286,0.3,0.22666666666666666,0.8136752136752136,-0.07692307692307687,28
קשת 12,morning,1-2m,1.9166666666666667,0,1,1.2896551724137932,1.4666666666666668,1.4933333333333332,1.1579322638146166,-0.13725490196078427,29
קשת 12,morning,<1m,0.5666666666666667,0,1,1.351851851851852,1.6,1.4933333333333332,1.104657534246575,-0.18356164383561624,27
קשת 12,morning,1-2m,1.3666666666666667,0,1,2.15,1.9,2.0800000000000005,0.9674418604651166,0.11627906976744184,30
קשת 12,morning,1-2m,1.2,0,1,3.2875,3.3,3.206666666666666,0.9754119138149554,-0.0038022813688212143,24
קשת 12,morning,3-4m,3.683333333333333,1,2,3.3666666666666667,3.34,3.3506666666666662,0.9952475247524751,0.007920792079207928,27
קשת 12,morning,1-2m,1.3166666666666669,0,1,3.4375,3.3499999999999996,3.5666666666666673,1.0375757575757578,0.025454545454545507,24
קשת 12,morning,4-6m,4.233333333333333,1,2,3.8962962962962964,3.38,3.6453333333333333,0.9355893536121673,0.13250950570342213,27
קשת 12,morning,6-9m,6.2,1,2,4.138461538461539,4.0,3.953333333333333,0.9552664188351919,0.03345724907063208,26
קשת 12,morning,<1m,0.9166666666666666,0,1,4.1,4.0,3.8533333333333335,0.9398373983739838,0.024390243902438935,23
קשת 12,morning,1-2m,1.05,0,1,4.07391304347826,3.5,3.886666666666667,0.954037709000356,0.1408751334044822,23
קשת 12,morning,4-6m,5.283333333333333,1,2,4.160714285714286,3.714285714285714,4.073333333333334,0.9789985693848356,0.10729613733905585,28
קשת 12,morning,1-2m,1.3,0,1,5.620833333333333,5.9,5.999999999999998,1.067457375833951,-0.04966641957005202,24
קשת 12,morning,3-4m,3.4166666666666665,0,1,5.76923076923077,5.925,5.999999999999998,1.0399999999999996,-0.026999999999999913,26
קשת 12,morning,1-2m,1.2,0,1,5.956521739130435,6.199999999999999,5.999999999999998,1.0072992700729924,-0.040875912408758985,23
קשת 12,morning,4-6m,5.666666666666667,1,2,6.23103448275862,5.685714285714285,6.030476190476189,0.9678130023453763,0.08751679974701554,29
קשת 12,afternoon,4-6m,4.7,1,2,5.558620689655172,4.966666666666668,5.265555555555555,0.947277364212848,0.10649296939619501,29
קשת 12,afternoon,<1m,0.9,0,1,5.483333333333333,5.050000000000001,5.56,1.013981762917933,0.07902735562310015,24
קשת 12,afternoon,1-2m,1.0166666666666666,0,1,5.245833333333334,4.75,4.760000000000001,0.9073868149324862,0.09451945988880073,24
קשת 12,afternoon,4-6m,4.583333333333333,0,1,5.156000000000001,4.32,4.760000000000001,0.9231962761830876,0.16214119472459276,25
קשת 12,afternoon,3-4m,3.8333333333333335,0,1,4.953846153846154,3.6399999999999997,4.24,0.8559006211180125,0.26521739130434796,26
קשת 12,afternoon,<1m,0.75,0,1,4.94,3.6999999999999997,4.24,0.8582995951417004,0.251012145748988,25
קשת 12,afternoon,4-6m,4.383333333333334,1,2,4.766666666666667,3.4166666666666674,4.5522222222222215,0.9550116550116549,0.283216783216783,27
קשת 12,afternoon,<1m,0.9333333333333332,0,1,4.654166666666667,3.55,4.146666666666667,0.8909579230080574,0.23724261414503134,24
קשת 12,afternoon,3-4m,3.7666666666666666,0,1,5.3310344827586205,4.9399999999999995,5.366666666666666,1.0066839154808107,0.07335058214747736,29
קשת 12,afternoon,<1m,0.3,0,1,5.364000000000001,4.8,5.366666666666666,1.0004971414367385,0.10514541387024623,25
קשת 12,afternoon,4-6m,4.466666666666667,1,2,5.672,4.3,5.325333333333333,0.9388810531264692,0.2418899858956276,25
קשת 12,afternoon,<1m,0.2833333333333333,0,1,5.7904761904761894,4.55,5.8533333333333335,1.0108552631578949,0.2142269736842104,21
קשת 12,afternoon,1-2m,1.0833333333333333,0,1,6.53157894736842,7.949999999999999,6.873333333333333,1.0523233951114694,-0.21716357775987127,19
קשת 12,afternoon,2-3m,2.95,0,1,6.604347826086956,6.799999999999999,6.873333333333333,1.04072854948431,-0.029624753127057257,23
קשת 12,afternoon,1-2m,1.9833333333333336,0,1,6.845833333333334,6.8999999999999995,6.873333333333332,1.004017041996348,-0.007912355447352137,24
קשת 12,afternoon,1-2m,1.1166666666666667,0,1,6.7,6.449999999999999,7.026666666666666,1.0487562189054727,0.037313432835821,30
קשת 12,afternoon,1-2m,1.1333333333333333,0,1,6.660869565217392,6.699999999999999,6.546666666666667,0.9828546562228023,-0.005874673629242544,23
קשת 12,afternoon,3-4m,3.4166666666666665,0,1,6.553846153846154,6.8,6.546666666666667,0.9989045383411581,-0.03755868544600949,26
קשת 12,afternoon,1-2m,1.6833333333333331,0,1,6.472727272727273,6.733333333333333,6.546666666666667,1.0114232209737828,-0.04026217228464413,22
קשת 12,afternoon,4-6m,4.916666666666667,1,2,6.121428571428572,5.716666666666668,6.106666666666666,0.9975884869700503,0.06612213146635537,28
קשת 12,early_evening,1-2m,1.1166666666666667,0,1,7.495652173913045,7.4,8.193333333333333,1.0930781129156997,0.012761020881670637,23
קשת 12,early_evening,4-6m,4.366666666666666,0,1,7.807407407407407,7.366666666666666,8.193333333333333,1.0494307400379508,0.056451612903225756,27
קשת 12,early_evening,1-2m,1.5333333333333334,0,1,8.308695652173911,7.55,8.193333333333333,0.9861154718297578,0.0913134484563054,23
קשת 12,early_evening,<1m,0.8833333333333333,1,2,11.542857142857141,12.4,11.363333333333333,0.9844471947194721,-0.07425742574257455,21
קשת 12,early_evening,1-2m,1.3833333333333333,0,1,11.747619047619045,12.45,11.286666666666667,0.960762059181192,-0.05978921767328749,21
קשת 12,early_evening,3-4m,3.9,0,1,12.070833333333333,10.540000000000001,11.286666666666667,0.9350362443907492,0.12682084915429748,24
קשת 12,early_evening,2-3m,2.066666666666667,0,1,12.231818181818182,10.233333333333333,11.286666666666667,0.9227300879474792,0.1633841199058591,22
קשת 12,early_evening,4-6m,4.266666666666667,0,1,12.463333333333333,10.44,11.613333333333337,0.9317999465097623,0.16234287242578227,30
קשת 12,early_evening,6-9m,7.916666666666667,0,1,12.556666666666668,10.9,11.353333333333333,0.9041677727634722,0.13193522697106463,30
קשת 12,early_evening,<1m,0.2,0,1,18.04615384615385,17.0,17.653333333333332,0.9782324524012501,0.05797101449275377,26
קשת 12,early_evening,2-3m,2.283333333333333,0,1,18.442857142857147,15.699999999999998,17.653333333333332,0.9571908081590496,0.14872192099147974,28
קשת 12,late_evening,6-9m,8.016666666666667,0,1,19.46,16.022222222222222,16.753333333333334,0.8609112709832134,0.1766586730615508,25
קשת 12,late_evening,6-9m,8.5,1,2,20.01481481481482,17.31111111111111,18.368148148148144,0.9177276091783859,0.1350851221317545,27
קשת 12,late_evening,6-9m,7.083333333333333,0,1,21.672413793103445,17.8125,19.153333333333332,0.8837655794219041,0.1781026252983292,29
קשת 12,late_evening,1-2m,1.1,0,1,22.535294117647055,21.566666666666666,21.646666666666665,0.9605673018359002,0.04298268511267711,17
קשת 12,late_evening,<1m,0.3,0,1,23.25,19.7,21.64666666666667,0.9310394265232975,0.15268817204301077,16
קשת 12,late_evening,9m+,10.983333333333333,1,2,24.05555555555556,17.924999999999997,21.433333333333326,0.890993071593533,0.2548498845265592,27
קשת 12,late_evening,9m+,9.383333333333333,0,1,25.51153846153846,17.130000000000003,19.520000000000003,0.7651439770842757,0.3285391225689732,26
קשת 12,late_evening,<1m,0.2,0,1,18.678260869565214,13.8,19.62666666666667,1.050775915580385,0.2611731843575418,23
קשת 12,late_evening,4-6m,4.483333333333333,1,2,16.78148148148148,11.86,17.81066666666667,1.061328625027588,0.29326859412933126,27
קשת 12,late_evening,6-9m,8.783333333333333,0,1,7.1448275862068975,6.27,6.760000000000001,0.9461389961389961,0.12244208494208508,29
קשת 12,overnight,1-2m,1.9166666666666667,1,2,4.663636363636364,4.233333333333333,4.417777777777778,0.9472817847086853,0.09226770630279413,22
קשת 12,overnight,4-6m,4.066666666666666,0,1,4.53,4.380000000000001,4.073333333333333,0.8991905813097866,0.03311258278145679,20
קשת 12,overnight,<1m,0.8666666666666667,0,1,4.213333333333334,4.3,4.073333333333333,0.966772151898734,-0.020569620253164445,15
קשת 12,overnight,4-6m,4.15,0,1,3.4045454545454548,3.4666666666666663,3.2933333333333334,0.9673342234089898,-0.018246550956831253,22
קשת 12,overnight,<1m,0.6166666666666667,0,1,3.369565217391304,2.7,3.2933333333333334,0.9773763440860216,0.19870967741935475,23
קשת 12,overnight,2-3m,2.0833333333333335,0,1,2.2758620689655173,2.3333333333333335,2.3466666666666667,1.031111111111111,-0.025252525252525304,29
קשת 12,overnight,<1m,0.65,0,1,2.2444444444444445,2.2,2.173333333333333,0.9683168316831681,0.01980198019801971,27
קשת 12,overnight,1-2m,1.5833333333333333,1,2,1.7964285714285715,1.7333333333333334,1.8311111111111114,1.01930638391871,0.035122597746852224,28
קשת 12,overnight,1-2m,1.2666666666666666,1,2,1.6000000000000003,1.7333333333333334,1.613333333333334,1.0083333333333335,-0.08333333333333326,28
קשת 12,overnight,1-2m,1.65,0,1,1.4379310344827583,1.4,1.3200000000000003,0.9179856115107918,0.02637889688249384,29
קשת 12,overnight,1-2m,1.6166666666666667,0,1,1.2299999999999998,1.4,1.3666666666666667,1.1111111111111114,-0.13821138211382133,30
קשת 12,overnight,1-2m,1.5833333333333333,0,1,1.2133333333333334,0.8333333333333334,0.8600000000000002,0.7087912087912089,0.3131868131868132,30
קשת 12,overnight,1-2m,1.2833333333333334,0,1,1.6900000000000002,1.6,1.7333333333333334,1.0256410256410255,0.053254437869822535,30
קשת 12,overnight,2-3m,2.5,0,1,1.6733333333333333,1.7,1.9066666666666667,1.1394422310756973,-0.015936254980079667,30
קשת 12,morning,<1m,0.3,0,1,2.727586206896552,3.2,2.753333333333333,1.0094395280235986,-0.17319848293299622,29
קשת 12,morning,<1m,0.3,0,1,2.775862068965518,3.1,2.753333333333333,0.9918840579710142,-0.11677018633540359,29
קשת 12,morning,<1m,0.3,0,1,4.924999999999999,4.7,4.98,1.0111675126903557,0.04568527918781706,28
קשת 12,morning,<1m,0.3,0,1,4.955555555555555,4.6,4.98,1.0049327354260091,0.0717488789237668,27
קשת 12,morning,6-9m,7.316666666666666,1,2,5.346428571428571,5.5625,5.289166666666667,0.9892896904920955,-0.040414161656646685,28
קשת 12,morning,4-6m,5.5,0,1,6.332142857142857,5.3999999999999995,5.913333333333335,0.9338597480729462,0.14720812182741128,28
קשת 12,morning,<1m,0.3,0,1,6.600000000000001,6.45,6.653333333333333,1.008080808080808,0.02272727272727293,23
קשת 12,morning,<1m,0.3,0,1,6.622727272727274,6.4,6.653333333333333,1.0046213681079843,0.03363074811256017,22
קשת 12,morning,9m+,9.116666666666667,1,2,6.520689655172415,5.929999999999999,6.1800000000000015,0.9477525118984664,0.09058699101004797,29
קשת 12,morning,6-9m,6.416666666666667,0,1,6.0928571428571425,5.771428571428571,5.9399999999999995,0.9749120750293083,0.05275498241500587,28
קשת 12,morning,<1m,0.3,0,1,5.72142857142857,5.8,5.659999999999999,0.989263420724095,-0.013732833957553314,28
קשת 12,morning,<1m,0.3,0,1,5.72142857142857,5.6,5.659999999999999,0.989263420724095,0.02122347066167274,28
קשת 12,morning,6-9m,6.816666666666666,1,2,5.796666666666666,5.525,5.695,0.9824611845888443,0.04686601495112119,30
קשת 12,morning,4-6m,4.966666666666667,0,1,6.0233333333333325,6.066666666666666,6.0200000000000005,0.9994465965688989,-0.007194244604316724,30
קשת 12,morning,4-6m,4.983333333333333,0,1,5.377777777777777,5.266666666666667,5.259999999999999,0.9780991735537189,0.02066115702479332,27
קשת 12,morning,<1m,0.7833333333333333,0,1,5.228571428571429,4.9,5.26,1.0060109289617485,0.06284153005464477,21
קשת 12,morning,4-6m,4.016666666666667,1,2,4.988,5.12,5.022666666666666,1.0069500133654101,-0.02646351242983158,25
קשת 12,morning,<1m,0.7833333333333333,0,1,4.832000000000001,4.800000000000001,4.946666666666666,1.0237306843267107,0.0066225165562914245,25
קשת 12,morning,4-6m,5.216666666666667,1,2,3.4440000000000004,2.9666666666666663,3.186666666666666,0.925280681378242,0.1385985288424315,25
קשת 12,morning,1-2m,1.5166666666666666,0,1,3.0349999999999997,3.1,2.7866666666666666,0.9181768259198243,-0.021416803953871577,20
קשת 12,morning,3-4m,3.45,1,2,2.760869565217391,2.7199999999999998,2.765333333333333,1.0016167979002624,0.014803149606299248,23
קשת 12,morning,<1m,0.7,0,1,2.7879999999999994,2.6500000000000004,2.7599999999999993,0.9899569583931134,0.04949784791965528,25
קשת 12,afternoon,4-6m,5.3,0,1,3.7206896551724133,3.771428571428572,3.9933333333333327,1.0732777262897744,-0.013636965444194571,29
קשת 12,afternoon,1-2m,1.0333333333333334,0,1,3.933333333333333,3.75,3.993333333333333,1.0152542372881357,0.04661016949152541,24
קשת 12,afternoon,3-4m,3.716666666666667,0,1,4.02,3.925,3.9666666666666663,0.9867330016583749,0.023631840796019876,30
קשת 12,afternoon,3-4m,3.95,0,1,4.544827586206897,4.56,4.760000000000001,1.0473444613050076,-0.0033383915022759947,29
קשת 12,afternoon,1-2m,1.2166666666666666,0,1,4.688461538461539,4.4,4.760000000000001,1.0152584085315834,0.061525840853158265,26
קשת 12,afternoon,3-4m,3.9166666666666665,0,1,5.596153846153848,5.4399999999999995,5.4399999999999995,0.9720962199312712,0.027903780068728845,26
קשת 12,afternoon,<1m,0.5166666666666667,0,1,5.614285714285715,5.3,5.4399999999999995,0.9689567430025443,0.055979643765903475,21
קשת 12,afternoon,4-6m,5.483333333333333,0,1,6.2749999999999995,5.75,5.953333333333333,0.948738379814077,0.08366533864541825,24
קשת 12,afternoon,<1m,0.7666666666666667,0,1,6.408333333333334,6.35,5.953333333333333,0.9289986996098828,0.009102730819245952,24
קשת 12,afternoon,2-3m,2.966666666666667,0,1,7.167857142857144,6.725,7.086666666666668,0.9886729779106461,0.061783756851021554,28
קשת 12,afternoon,<1m,0.6833333333333333,0,1,7.123076923076923,6.4,7.006666666666666,0.9836573074154067,0.10151187904967596,26
קשת 12,afternoon,1-2m,1.3833333333333333,1,2,7.5920000000000005,7.2,7.457777777777778,0.9823205713616673,0.05163329820864071,25
קשת 12,afternoon,1-2m,1.4166666666666667,0,1,7.654166666666668,6.9,7.546666666666668,0.9859553620032662,0.09853021230266745,24
קשת 12,afternoon,1-2m,1.9333333333333331,0,1,7.728,7.5,7.546666666666668,0.9765355417529332,0.029503105590062084,25
קשת 12,afternoon,1-2m,1.0666666666666669,0,1,8.3,8.6,8.52,1.0265060240963855,-0.036144578313252795,23
קשת 12,afternoon,1-2m,1.0166666666666666,0,1,8.638095238095238,9.149999999999999,8.826666666666666,1.0218302094818081,-0.05926130099228222,21
קשת 12,afternoon,4-6m,4.65,0,1,8.6875,9.0,8.826666666666666,1.0160191846522781,-0.03597122302158273,24
קשת 12,afternoon,<1m,0.9666666666666668,0,1,8.78695652173913,8.350000000000001,8.826666666666666,1.0045192149101105,0.04972785749628872,23
קשת 12,afternoon,4-6m,5.016666666666667,0,1,9.680000000000001,8.366666666666667,8.806666666666667,0.9097796143250687,0.1356749311294767,30
קשת 12,early_evening,1-2m,1.5333333333333334,0,1,11.071428571428571,11.649999999999999,10.393333333333334,0.9387526881720432,-0.05225806451612902,21
קשת 12,early_evening,3-4m,3.7333333333333334,0,1,10.779166666666669,10.620000000000001,10.393333333333334,0.9642056436026285,0.01476613838422891,24
קשת 12,early_evening,3-4m,3.9,0,1,10.485714285714286,9.86,10.393333333333334,0.9911898274296096,0.05967302452316081,21
קשת 12,early_evening,2-3m,2.65,0,1,10.399999999999999,10.066666666666665,10.053333333333335,0.9666666666666669,0.03205128205128216,26
קשת 12,early_evening,1-2m,1.9833333333333336,0,1,11.691666666666668,11.666666666666666,11.493333333333332,0.9830363506771203,0.002138275124732858,24
קשת 12,early_evening,4-6m,5.016666666666667,0,1,12.044,11.066666666666668,11.493333333333332,0.954278755673641,0.08114690578988148,25
קשת 12,early_evening,3-4m,3.65,0,1,11.899999999999999,11.5,12.193333333333332,1.0246498599439775,0.03361344537815114,25
קשת 12,early_evening,1-2m,1.3166666666666669,0,1,11.904347826086957,10.65,12.193333333333332,1.0242756269783295,0.10536888239590936,23
קשת 12,early_evening,6-9m,8.016666666666667,1,2,11.288888888888888,10.266666666666666,10.537037037037035,0.9333989501312334,0.09055118110236215,27
קשת 12,early_evening,<1m,0.3,0,1,13.623076923076923,11.2,13.199999999999998,0.9689440993788818,0.17786561264822132,26
קשת 12,early_evening,2-3m,2.9166666666666665,0,1,13.975000000000003,11.625,13.199999999999998,0.9445438282647581,0.16815742397137767,28
קשת 12,late_evening,6-9m,8.133333333333333,1,2,17.724999999999998,13.744444444444445,15.954074074074075,0.9000888053074233,0.22457295094812713,24
קשת 12,late_evening,6-9m,8.116666666666667,0,1,19.261904761904766,16.41111111111111,17.600000000000005,0.9137206427688505,0.14800164812525773,21
קשת 12,late_evening,4-6m,5.916666666666667,0,1,21.49565217391304,17.67142857142857,19.48,0.9062297734627833,0.17790684234858978,23
קשת 12,late_evening,<1m,0.3,0,1,22.07333333333333,18.4,21.75333333333333,0.9855028692237995,0.1664149803684687,15
קשת 12,late_evening,<1m,0.3,1,2,22.241176470588236,18.5,19.913333333333334,0.8953363307766905,0.1682094683946046,17
קשת 12,late_evening,9m+,10.883333333333333,0,1,22.97407407407408,16.908333333333335,18.07333333333333,0.786683862647106,0.2640254715460262,27
קשת 12,late_evening,9m+,10.166666666666666,1,2,23.58148148148148,15.690909090909088,20.279999999999994,0.8599968588032039,0.33460884960806436,27
קשת 12,late_evening,4-6m,5.916666666666667,0,1,17.210714285714285,12.757142857142856,18.680000000000003,1.085370408798506,0.2587673791242997,28
קשת 12,late_evening,1-2m,1.0833333333333333,0,1,14.569565217391302,9.4,9.633333333333335,0.6611956629861735,0.35481945687854355,23
קשת 12,late_evening,6-9m,6.1,0,1,8.014814814814814,7.414285714285714,7.8999999999999995,0.9856746765249538,0.07492738315289149,27
קשת 12,late_evening,2-3m,2.316666666666667,1,2,7.328571428571429,7.033333333333334,7.046666666666667,0.9615334632878492,0.04028589993502274,21
קשת 12,overnight,1-2m,1.7,0,1,5.722727272727273,6.449999999999999,6.539999999999998,1.1428117553613977,-0.12708498808578228,22
קשת 12,overnight,3-4m,3.683333333333333,0,1,5.690476190476191,5.300000000000001,4.58,0.8048535564853556,0.06861924686192455,21
קשת 12,overnight,1-2m,1.0333333333333334,0,1,5.268421052631578,4.6,4.58,0.8693306693306695,0.1268731268731268,19
קשת 12,overnight,2-3m,2.4166666666666665,1,2,3.8818181818181827,3.9333333333333336,3.882222222222222,1.0001040853499867,-0.013270882123340932,22
קשת 12,overnight,<1m,0.9,0,1,3.7043478260869573,3.65,3.533333333333333,0.9538341158059466,0.014671361502347713,23
קשת 12,overnight,2-3m,2.316666666666667,0,1,2.3620689655172415,2.1,2.1333333333333337,0.9031630170316303,0.11094890510948907,29
קשת 12,overnight,<1m,0.2666666666666666,0,1,2.2851851851851848,2.2,2.1333333333333337,0.9335494327390603,0.037277147487844164,27
קשת 12,morning,<1m,0.3,0,1,3.448275862068965,3.5,3.4466666666666663,0.9995333333333334,-0.015000000000000124,29
קשת 12,morning,<1m,0.3,0,1,3.53103448275862,3.8,3.4466666666666663,0.9761067708333334,-0.076171875,29
קשת 12,morning,<1m,0.3,0,1,5.7481481481481485,5.8,5.879999999999999,1.0229381443298966,-0.009020618556700999,27
קשת 12,morning,<1m,0.3,0,1,5.7576923076923086,5.8,5.879999999999999,1.0212424849699395,-0.007348029392117317,26
קשת 12,morning,4-6m,5.4,0,1,5.3500000000000005,4.583333333333333,5.060000000000001,0.9457943925233646,0.14330218068535838,26
קשת 12,morning,1-2m,1.0833333333333333,0,1,5.3125,4.65,5.153333333333333,0.9700392156862745,0.12470588235294111,24
קשת 12,morning,4-6m,5.666666666666667,0,1,5.660714285714287,5.757142857142858,5.759999999999999,1.0175394321766558,-0.017034700315457174,28
קשת 12,morning,<1m,0.3,0,1,5.803999999999999,5.949999999999999,5.786666666666666,0.9970135538708936,-0.025155065472088234,25
קשת 12,morning,<1m,0.3,0,1,5.803999999999999,6.1,5.786666666666666,0.9970135538708936,-0.0509993108201241,25
קשת 12,morning,4-6m,5.333333333333333,1,2,5.706896551724139,5.083333333333334,5.613333333333334,0.9836052366565962,0.10926485397784491,29
קשת 12,morning,<1m,0.7,0,1,5.754166666666667,4.9,5.579999999999999,0.9697320782041996,0.14844315713251266,24
קשת 12,morning,4-6m,5.916666666666667,0,1,5.264285714285714,5.428571428571428,5.426666666666668,1.0308457711442789,-0.031207598371777445,28
קשת 12,morning,<1m,0.3,0,1,4.632,4.6,4.56,0.9844559585492227,0.006908462867012077,25
קשת 12,morning,<1m,0.3,0,1,4.632,4.6,4.56,0.9844559585492227,0.006908462867012077,25
קשת 12,morning,4-6m,5.283333333333333,0,1,4.69655172413793,4.583333333333333,4.620000000000001,0.9837004405286347,0.024106705824767483,29
קשת 12,morning,4-6m,4.766666666666667,0,1,4.413333333333332,4.3,4.306666666666666,0.9758308157099699,0.02567975830815694,30
קשת 12,morning,4-6m,4.05,1,2,4.123333333333333,4.26,4.105333333333332,0.9956345998383184,-0.03314470493128541,30
קשת 12,morning,<1m,0.4166666666666667,0,1,4.1038461538461535,4.2,4.153333333333334,1.0120587316463607,-0.023430178069353547,26
קשת 12,morning,4-6m,4.366666666666666,0,1,4.066666666666667,4.0,4.133333333333334,1.0163934426229508,0.01639344262295095,27
קשת 12,morning,<1m,0.7,0,1,4.047619047619048,4.0,4.133333333333334,1.0211764705882351,0.011764705882353121,21
קשת 12,morning,4-6m,4.466666666666667,1,2,3.8736842105263163,4.04,3.868,0.998532608695652,-0.04293478260869543,19
קשת 12,morning,<1m,0.85,0,1,3.7789473684210524,4.0,3.686666666666667,0.9755803156917364,-0.058495821727019504,19
קשת 12,morning,4-6m,4.316666666666666,0,1,3.8181818181818183,3.3199999999999994,3.6866666666666665,0.9655555555555555,0.13047619047619063,22
קשת 12,morning,<1m,0.5166666666666667,0,1,3.8818181818181823,3.2,3.8400000000000003,0.9892271662763465,0.17564402810304458,22
קשת 12,afternoon,4-6m,4.566666666666666,0,1,4.175862068965517,3.65,3.6999999999999997,0.8860445912469033,0.12592898431048727,29
קשת 12,afternoon,<1m,0.6666666666666666,0,1,4.104,3.5,3.7,0.9015594541910331,0.1471734892787524,25
קשת 12,afternoon,4-6m,4.233333333333333,1,2,2.943333333333333,2.58,2.7986666666666666,0.950849377123443,0.12344280860702139,30
קשת 12,afternoon,4-6m,5.316666666666666,0,1,2.8551724137931034,2.6833333333333336,2.82,0.9876811594202898,0.06018518518518512,29
קשת 12,afternoon,<1m,0.85,0,1,2.96,2.6,2.82,0.9527027027027026,0.1216216216216216,25
קשת 12,afternoon,4-6m,4.816666666666666,0,1,3.6413793103448273,3.9999999999999996,4.026666666666666,1.1058080808080808,-0.0984848484848484,29
קשת 12,afternoon,<1m,0.7166666666666667,0,1,3.7083333333333335,3.8,4.026666666666666,1.0858426966292134,-0.024719101123595433,24
קשת 12,afternoon,4-6m,4.383333333333334,0,1,3.8034482758620687,3.7399999999999998,3.9466666666666663,1.0376548806285888,0.01668177697189477,29
קשת 12,afternoon,1-2m,1.1,0,1,3.8884615384615384,4.05,3.946666666666666,1.0149686778766895,-0.041543026706231334,26
קשת 12,afternoon,4-6m,4.416666666666667,0,1,4.717241379310345,4.733333333333333,4.72,1.0005847953216374,-0.003411306042884865,29
קשת 12,afternoon,<1m,0.6,0,1,4.8999999999999995,4.4,4.72,0.963265306122449,0.10204081632653039,24
קשת 12,afternoon,1-2m,1.8166666666666669,0,1,7.05,7.099999999999999,7.026666666666667,0.9966903073286053,-0.007092198581560183,24
קשת 12,afternoon,3-4m,3.35,0,1,7.183999999999998,6.775,7.026666666666667,0.9780994803266522,0.056932071269487516,25
קשת 12,afternoon,1-2m,1.4,0,1,7.356521739130436,7.25,7.026666666666667,0.9551615445232466,0.014479905437352336,23
קשת 12,afternoon,1-2m,1.1,0,1,7.633333333333333,7.3,7.64,1.000873362445415,0.04366812227074235,21
קשת 12,afternoon,<1m,0.95,0,1,7.795,7.5,7.6933333333333325,0.9869574513577078,0.03784477228992944,20
קשת 12,afternoon,4-6m,4.65,0,1,7.954166666666667,7.683333333333333,7.6933333333333325,0.9672079622839181,0.034049240440021,24
קשת 12,afternoon,<1m,0.6166666666666667,0,1,8.08,7.449999999999999,7.6933333333333325,0.9521452145214521,0.07797029702970304,20
קשת 12,afternoon,4-6m,5.25,0,1,9.433333333333334,8.283333333333333,9.066666666666665,0.9611307420494697,0.12190812720848065,30
קשת 12,early_evening,1-2m,1.8166666666666669,0,1,11.052380952380954,11.266666666666666,10.9,0.9862128392934079,-0.019388194743644727,21
קשת 12,early_evening,4-6m,5.016666666666667,0,1,10.922727272727274,10.516666666666666,10.9,0.9979192675821889,0.037175752531557915,22
קשת 12,early_evening,2-3m,2.4166666666666665,1,2,10.936842105263159,10.066666666666668,10.637777777777778,0.9726553309806437,0.07956368302855299,19
קשת 12,early_evening,2-3m,2.3,0,1,11.595238095238093,10.566666666666668,10.506666666666666,0.9061190965092404,0.08870636550307975,21
קשת 12,early_evening,2-3m,2.0166666666666666,0,1,12.204166666666666,12.1,11.46,0.9390235575281668,0.008535336292249895,24
קשת 12,early_evening,4-6m,4.766666666666667,0,1,12.079166666666666,11.333333333333334,11.46,0.9487409451535014,0.061745429458433865,24
קשת 12,early_evening,3-4m,3.0833333333333335,0,1,11.078260869565216,10.2,10.946666666666665,0.9881214024071167,0.07927786499215073,23
קשת 12,early_evening,1-2m,1.2666666666666666,0,1,11.079166666666666,10.2,10.946666666666665,0.988040616773223,0.0793531402783001,24
קשת 12,early_evening,6-9m,8.366666666666667,1,2,10.785714285714286,9.85,10.067333333333334,0.9333951434878587,0.08675496688741735,28
קשת 12,early_evening,1-2m,1.1166666666666667,0,1,15.476923076923075,13.95,15.23333333333333,0.984261100066269,0.09865805168986075,26
קשת 12,early_evening,<1m,0.3,0,1,15.824000000000002,13.7,15.23333333333333,0.9626727334007412,0.13422649140546017,25
קשת 12,early_evening,2-3m,2.9166666666666665,0,1,16.117857142857144,13.775000000000002,15.23333333333333,0.9451215008493978,0.14535785508530907,28
קשת 12,late_evening,6-9m,7.533333333333333,1,2,17.925925925925927,14.725000000000001,16.689166666666665,0.9310072314049586,0.17856404958677685,27
קשת 12,late_evening,6-9m,8.5,0,1,17.820833333333336,16.22222222222222,16.846666666666668,0.9453355155482814,0.08970462161951542,24
קשת 12,late_evening,9m+,9.433333333333334,1,2,19.06,16.509090909090908,17.349090909090908,0.9102356195745492,0.13383573404559768,20
קשת 12,late_evening,1-2m,1.25,0,1,20.884615384615383,20.166666666666664,20.359999999999996,0.9748802946593,0.03437691835481893,13
קשת 12,late_evening,9m+,10.85,0,1,20.572,16.65,17.5,0.8506708146995917,0.19064748201438853,25
קשת 12,late_evening,9m+,9.133333333333333,1,2,18.142857142857146,13.87,16.633333333333333,0.916797900262467,0.23551181102362218,28
קשת 12,late_evening,<1m,0.6833333333333333,0,1,16.710714285714285,18.15,17.673333333333332,1.0576049013321935,-0.08612951485360121,28
קשת 12,late_evening,4-6m,4.516666666666667,0,1,12.610714285714286,9.96,10.773333333333333,0.8543000094401964,0.21019541206457093,28
קשת 12,late_evening,1-2m,1.0666666666666669,0,1,11.012000000000002,9.25,10.773333333333333,0.9783266739314685,0.1600072648020343,25
קשת 12,late_evening,4-6m,5.516666666666667,0,1,7.507407407407408,6.457142857142856,7.120000000000003,0.9483966452886041,0.1398971033899501,27
קשת 12,overnight,1-2m,1.5333333333333334,0,1,5.6842105263157885,5.866666666666667,5.666666666666667,0.9969135802469138,-0.032098765432099,19
קשת 12,overnight,4-6m,5.3,0,1,5.000000000000001,4.683333333333334,5.666666666666665,1.1333333333333329,0.06333333333333346,22
קשת 12,overnight,1-2m,1.4666666666666666,1,2,4.590476190476191,4.5,4.703333333333333,1.0245850622406638,0.019709543568464882,21
קשת 12,overnight,2-3m,2.466666666666667,0,1,4.031034482758621,4.6000000000000005,4.38,1.0865697177074423,-0.14114627887082998,29
קשת 12,overnight,<1m,0.3166666666666666,0,1,4.044444444444444,4.9,4.38,1.082967032967033,-0.21153846153846168,27
קשת 12,overnight,3-4m,3.75,0,1,4.1,3.5200000000000005,3.9200000000000004,0.9560975609756099,0.14146341463414613,28
קשת 12,overnight,<1m,0.2166666666666666,1,2,3.824,3.55,3.7800000000000002,0.9884937238493725,0.07165271966527198,25
קשת 12,overnight,<1m,0.7166666666666667,0,1,1.3033333333333332,1.3,1.3000000000000003,0.997442455242967,0.002557544757033181,30
קשת 12,overnight,<1m,0.7,0,1,1.0633333333333332,1.6,1.166666666666667,1.0971786833855803,-0.5047021943573671,30
קשת 12,overnight,1-2m,1.05,0,1,1.0333333333333334,1.1,1.06,1.025806451612903,-0.06451612903225801,27
קשת 12,overnight,1-2m,1.4166666666666667,0,1,1.6807692307692308,1.6666666666666667,1.62,0.9638443935926774,0.008390541571319576,26
קשת 12,morning,1-2m,1.4166666666666667,0,1,2.2,1.85,2.5866666666666664,1.1757575757575756,0.15909090909090917,25
קשת 12,morning,<1m,0.3,0,1,2.892857142857142,3.5,2.5866666666666664,0.8941563786008233,-0.20987654320987703,28
קשת 12,morning,<1m,0.3,0,1,2.9370370370370362,3.5,2.5866666666666664,0.880706179066835,-0.19167717528373296,27
קשת 12,morning,<1m,0.3,0,1,6.3758620689655165,6.5,6.646666666666666,1.0424734090499368,-0.019469983775013633,29
קשת 12,morning,<1m,0.3,0,1,6.389655172413793,6.4,6.646666666666666,1.0402230617017447,-0.001618996222342295,29
קשת 12,morning,4-6m,5.683333333333334,1,2,6.067857142857143,5.566666666666666,5.960000000000001,0.9822248381400825,0.08259760643515801,28
קשת 12,morning,1-2m,1.8,0,1,5.9375,5.55,5.84,0.983578947368421,0.06526315789473691,24
קשת 12,morning,6-9m,6.15,0,1,5.9296296296296305,5.557142857142857,5.640000000000001,0.951155527795128,0.06281788168109237,27
קשת 12,morning,<1m,0.3,0,1,5.800000000000001,5.6,5.913333333333332,1.019540229885057,0.034482758620689835,22
קשת 12,morning,<1m,0.3,0,1,5.800000000000001,5.6,5.913333333333332,1.019540229885057,0.034482758620689835,22
קשת 12,morning,6-9m,6.1,0,1,5.303999999999999,5.5125,5.493333333333334,1.0356963298139772,-0.039309954751131304,25
קשת 12,morning,1-2m,1.8333333333333333,0,1,5.122727272727273,5.233333333333333,5.06,0.9877551020408162,-0.02159124519372968,22
קשת 12,morning,4-6m,5.45,0,1,4.517857142857143,4.066666666666667,4.299999999999998,0.9517786561264817,0.09986824769433456,28
קשת 12,morning,<1m,0.3,0,1,3.8076923076923084,3.8499999999999996,3.8333333333333335,1.0067340067340065,-0.01111111111111085,26
קשת 12,morning,<1m,0.3,0,1,3.8076923076923084,3.6,3.8333333333333335,1.0067340067340065,0.054545454545454675,26
קשת 12,morning,4-6m,5.016666666666667,0,1,3.6200000000000014,3.366666666666667,3.4266666666666663,0.9465930018416201,0.06998158379373876,30
קשת 12,morning,4-6m,5.116666666666666,0,1,3.6999999999999997,3.685714285714286,3.7199999999999998,1.0054054054054054,0.0038610038610037423,30
קשת 12,morning,4-6m,4.566666666666666,0,1,3.855172413793104,3.6999999999999997,3.846666666666667,0.9977936791890281,0.04025044722719162,29
קשת 12,morning,<1m,0.5833333333333334,0,1,3.8560000000000003,4.15,3.8466666666666667,0.997579529737206,-0.07624481327800825,25
קשת 12,morning,4-6m,4.433333333333334,0,1,3.058620689655172,3.4799999999999995,3.520000000000001,1.1508455467869227,-0.13776775648252548,29
קשת 12,morning,<1m,0.8,0,1,2.8480000000000008,2.7,3.520000000000001,1.2359550561797752,0.051966292134831615,25
קשת 12,morning,4-6m,5.033333333333333,0,1,2.2560000000000002,2.3000000000000003,2.399999999999999,1.063829787234042,-0.019503546099290725,25
קשת 12,morning,1-2m,1.1,0,1,2.325,2.4,2.3999999999999995,1.0322580645161288,-0.032258064516129004,20
קשת 12,morning,4-6m,4.833333333333333,0,1,2.508695652173913,2.7833333333333337,2.6400000000000006,1.0523396880415947,-0.10947429231658012,23
קשת 12,morning,<1m,0.6833333333333333,0,1,2.533333333333333,2.7,2.6400000000000006,1.042105263157895,-0.06578947368421062,24
קשת 12,afternoon,4-6m,4.75,0,1,3.064285714285714,3.25,3.266666666666666,1.066045066045066,-0.060606060606060774,28
קשת 12,afternoon,1-2m,1.5,0,1,3.216,2.9333333333333336,3.266666666666667,1.01575456053068,0.08789386401326693,25
קשת 12,afternoon,4-6m,5.333333333333333,0,1,3.533333333333333,3.1999999999999997,3.233333333333334,0.9150943396226416,0.09433962264150952,30
קשת 12,afternoon,4-6m,5.633333333333334,0,1,4.175,3.8499999999999996,4.093333333333333,0.980439121756487,0.07784431137724557,28
קשת 12,afternoon,<1m,1.0,0,1,4.366666666666667,3.8499999999999996,4.093333333333333,0.9374045801526716,0.11832061068702304,24
קשת 12,afternoon,4-6m,5.433333333333334,0,1,5.267857142857143,5.083333333333333,5.2266666666666675,0.9921807909604521,0.0350282485875707,28
קשת 12,afternoon,<1m,1.0,0,1,5.341666666666668,4.9,5.293333333333333,0.9909516380655223,0.08268330733229334,24
קשת 12,afternoon,4-6m,4.616666666666666,0,1,5.439285714285716,5.380000000000001,5.333333333333333,0.9805209017290433,0.01089954038082741,28
קשת 12,afternoon,<1m,0.9666666666666668,0,1,5.472,5.1,5.333333333333333,0.9746588693957113,0.06798245614035103,25
קשת 12,afternoon,4-6m,4.466666666666667,1,2,5.807142857142858,5.62,5.857333333333334,1.0086428864288643,0.03222632226322275,28
קשת 12,afternoon,<1m,0.9,0,1,5.872000000000001,5.75,5.953333333333334,1.0138510445049955,0.020776566757493287,25
קשת 12,afternoon,1-2m,1.6,0,1,8.729166666666666,9.5,9.02,1.0333174224343675,-0.08830548926014337,24
קשת 12,afternoon,3-4m,3.033333333333333,0,1,8.691666666666668,8.075000000000001,9.02,1.0377756471716202,0.07094918504314485,24
קשת 12,afternoon,1-2m,1.4666666666666666,1,2,8.58695652173913,7.8999999999999995,8.433333333333332,0.98210970464135,0.08000000000000007,23
קשת 12,afternoon,1-2m,1.45,0,1,8.006250000000001,8.25,8.139999999999999,1.0167056986729115,-0.03044496487119419,16
קשת 12,afternoon,1-2m,1.0666666666666669,0,1,8.10952380952381,7.4,7.626666666666667,0.9404580152671757,0.08749266001174394,21
קשת 12,afternoon,4-6m,5.9,0,1,8.407692307692306,7.585714285714286,7.626666666666666,0.9071058249466302,0.0977649980394717,26
קשת 12,afternoon,4-6m,5.4,0,1,11.166666666666668,10.514285714285714,11.03333333333333,0.9880597014925369,0.058422174840085384,30
קשת 12,early_evening,1-2m,1.7166666666666666,0,1,13.465,13.633333333333335,12.946666666666667,0.9615051367743533,-0.0125015472211909,20
קשת 12,early_evening,4-6m,5.65,0,1,13.428571428571429,12.783333333333333,12.946666666666667,0.964113475177305,0.04804964539007095,21
קשת 12,early_evening,2-3m,2.933333333333333,0,1,13.305882352941177,12.774999999999999,12.946666666666667,0.9730032419687592,0.03989832007073402,17
קשת 12,early_evening,2-3m,2.783333333333333,0,1,13.279166666666669,13.275000000000002,13.146666666666667,0.9900219642296829,0.0003137747097583521,24
קשת 12,early_evening,1-2m,1.2666666666666666,0,1,13.660869565217391,13.6,13.253333333333336,0.970167621472523,0.004455760661998709,23
קשת 12,early_evening,4-6m,5.666666666666667,0,1,13.673913043478262,13.014285714285714,13.253333333333334,0.9692421833598304,0.04823983647513064,23
קשת 12,early_evening,4-6m,5.05,0,1,12.93809523809524,12.216666666666667,12.686666666666667,0.9805668016194331,0.05576002944424008,21
קשת 12,early_evening,1-2m,1.1666666666666667,0,1,12.945454545454549,12.350000000000001,12.686666666666667,0.98000936329588,0.045997191011236116,22
קשת 12,early_evening,9m+,9.566666666666666,1,2,13.925,12.781818181818181,13.214545454545453,0.9489799249224742,0.0820956422392689,28
קשת 12,early_evening,<1m,0.3,0,1,17.270833333333332,15.7,16.30666666666667,0.9441737032569363,0.09095295536791315,24
קשת 12,early_evening,3-4m,3.25,0,1,17.448148148148146,15.349999999999998,16.30666666666667,0.9345786457227767,0.12025047760560392,27
קשת 12,late_evening,9m+,9.35,0,1,19.61785714285714,17.77,18.64666666666667,0.9504945688451971,0.09419260877480418,28
קשת 12,late_evening,6-9m,6.816666666666666,1,2,17.384,15.514285714285714,17.016190476190477,0.9788420660486928,0.10755374400105189,25
קשת 12,late_evening,1-2m,1.4333333333333331,0,1,17.91764705882353,16.366666666666667,15.840000000000002,0.8840446487196324,0.08656161085576708,17
קשת 12,late_evening,6-9m,6.9,0,1,19.228,15.1875,17.84,0.9278136051591428,0.2101362596213855,25
קשת 12,late_evening,6-9m,8.75,1,2,22.38,15.239999999999998,19.404,0.8670241286863272,0.3190348525469169,30
קשת 12,late_evening,6-9m,7.766666666666667,0,1,23.864285714285717,17.244444444444444,19.686666666666667,0.824942631946523,0.2773953240879312,28
קשת 12,late_evening,6-9m,6.3,0,1,24.74285714285714,17.242857142857144,20.926666666666673,0.8457659738260204,0.30311778290993063,28
קשת 12,late_evening,<1m,0.8333333333333334,0,1,20.52857142857143,22.549999999999997,20.5,0.9986082115518441,-0.09846903270702834,21
קשת 12,late_evening,4-6m,4.333333333333333,0,1,17.34583333333333,13.819999999999999,20.5,1.181840019216911,0.20326687484986783,24
קשת 12,late_evening,<1m,0.4166666666666667,0,1,14.671428571428567,12.5,11.053333333333335,0.7533917559234018,0.14800389483933762,21
קשת 12,overnight,1-2m,1.2666666666666666,0,1,4.604166666666667,4.6,4.16,0.9035294117647058,0.0009049773755657187,24
קשת 12,overnight,3-4m,3.8666666666666663,0,1,4.245833333333334,3.925,4.16,0.979784102060844,0.07556427870461246,24
קשת 12,overnight,1-2m,1.35,0,1,3.9299999999999997,4.0,4.16,1.05852417302799,-0.01781170483460559,20
קשת 12,overnight,1-2m,1.5666666666666669,0,1,3.155,2.7999999999999994,3.1666666666666656,1.003697834125726,0.11251980982567367,20
קשת 12,overnight,<1m,0.4,0,1,3.155,2.8,3.1666666666666656,1.003697834125726,0.11251980982567356,20
קשת 12,overnight,2-3m,2.1333333333333333,0,1,2.6043478260869564,2.9,2.7466666666666675,1.0546466332776854,-0.11352253756260433,23
קשת 12,overnight,<1m,0.8666666666666667,0,1,2.5625,2.7,2.746666666666667,1.0718699186991871,-0.0536585365853659,24
קשת 12,morning,<1m,0.3,0,1,2.1655172413793102,2.9,2.6466666666666665,1.2221868365180466,-0.339171974522293,29
קשת 12,morning,<1m,0.3,0,1,2.1866666666666665,2.9,2.6466666666666665,1.2103658536585367,-0.3262195121951219,30
קשת 12,morning,<1m,0.3,0,1,6.23103448275862,6.6,6.44,1.0335362479247374,-0.05921416712783634,29
קשת 12,morning,<1m,0.3,0,1,6.23103448275862,6.65,6.44,1.0335362479247374,-0.06723851687880478,29
קשת 12,morning,4-6m,5.966666666666667,1,2,6.114814814814814,5.571428571428571,5.982857142857143,0.978420005191659,0.0888638920134982,27
קשת 12,morning,1-2m,1.3666666666666667,0,1,6.017391304347826,5.2,5.720000000000001,0.950578034682081,0.13583815028901725,23
קשת 12,morning,4-6m,5.4,0,1,6.060714285714286,6.133333333333333,6.146666666666667,1.0141818896091142,-0.011981928894126748,28
קשת 12,morning,<1m,0.3,0,1,6.087999999999999,6.2,6.079999999999999,0.9986859395532195,-0.01839684625492799,25
קשת 12,morning,<1m,0.3,0,1,6.11153846153846,5.9,6.079999999999999,0.9948395217117685,0.03461296412838233,26
קשת 12,morning,6-9m,6.633333333333334,1,2,6.039285714285713,5.9125,5.861666666666667,0.9705893948354034,0.020993494973388316,28
קשת 12,morning,<1m,0.8833333333333333,0,1,6.061904761904761,5.75,5.706666666666667,0.9413982717989005,0.05145326001571071,21
קשת 12,morning,6-9m,6.3,0,1,5.296296296296297,5.0375,5.433333333333334,1.0258741258741257,0.04886363636363655,27
קשת 12,morning,<1m,0.3,0,1,4.985714285714285,4.5,4.7733333333333325,0.9574021012416428,0.09742120343839522,21
קשת 12,morning,<1m,0.3,0,1,4.99090909090909,4.6,4.7733333333333325,0.9564055859137826,0.07832422586520948,22
קשת 12,morning,6-9m,7.55,1,2,5.283333333333331,5.133333333333334,5.142222222222222,0.9732912723449004,0.028391167192428624,30
קשת 12,morning,1-2m,1.15,0,1,5.626666666666666,5.65,5.633333333333335,1.001184834123223,-0.004146919431279761,30
קשת 12,morning,4-6m,5.15,0,1,4.517857142857142,4.55,4.493333333333333,0.9945718050065877,-0.007114624505929035,28
קשת 12,morning,1-2m,1.1833333333333331,0,1,4.395454545454545,4.4,4.3599999999999985,0.9919338159255428,-0.0010341261633921572,22
קשת 12,morning,4-6m,5.166666666666667,0,1,4.232,4.333333333333334,4.286666666666666,1.01291745431632,-0.02394454946439839,25
קשת 12,morning,1-2m,1.4833333333333334,0,1,4.1454545454545455,4.0,4.286666666666666,1.03406432748538,0.03508771929824561,22
קשת 12,morning,4-6m,5.45,0,1,3.507407407407408,3.4571428571428577,3.6333333333333333,1.0359028511087642,0.014330969980389185,27
קשת 12,morning,1-2m,1.2,1,2,3.3090909090909095,3.2,3.3,0.997252747252747,0.03296703296703307,22
קשת 12,morning,4-6m,5.283333333333333,1,2,3.1038461538461535,2.716666666666667,3.083333333333334,0.9933911606774063,0.12474184221396101,26
קשת 12,morning,<1m,0.8166666666666667,0,1,3.158333333333333,3.3,3.106666666666667,0.9836411609498682,-0.04485488126649084,24
קשת 12,afternoon,4-6m,5.333333333333333,0,1,2.8964285714285714,3.166666666666666,3.033333333333333,1.0472667488697083,-0.09330045211672822,28
קשת 12,afternoon,<1m,0.9833333333333332,0,1,2.8125,3.25,3.033333333333333,1.0785185185185184,-0.15555555555555545,24
קשת 12,afternoon,4-6m,5.866666666666666,1,2,3.8100000000000005,4.014285714285714,3.659047619047619,0.9603799525059367,-0.0536182977127857,30
קשת 12,afternoon,4-6m,5.35,0,1,4.631034482758621,4.8428571428571425,4.7733333333333325,1.0307272275999004,-0.04573981491330681,29
קשת 12,afternoon,1-2m,1.3166666666666669,0,1,4.654166666666667,4.5,4.7733333333333325,1.0256042972247088,0.033124440465532756,24
קשת 12,afternoon,4-6m,5.683333333333334,1,2,4.585714285714286,4.214285714285714,4.393333333333333,0.9580477673935616,0.08099688473520261,28
קשת 12,afternoon,1-2m,1.25,0,1,4.661904761904762,4.199999999999999,4.593333333333333,0.9852911133810008,0.09908069458631275,21
קשת 12,afternoon,4-6m,4.55,0,1,5.142307692307693,5.200000000000001,5.24,1.018997756170531,-0.011219147344802005,26
קשת 12,afternoon,1-2m,1.4666666666666666,0,1,5.32,5.15,5.24,0.9849624060150376,0.03195488721804507,25
קשת 12,afternoon,4-6m,5.433333333333334,1,2,5.810344827586207,5.583333333333333,5.708888888888889,0.9825387405209363,0.03907022749752731,29
קשת 12,afternoon,<1m,0.6,0,1,5.8625,5.4,5.819999999999999,0.9927505330490405,0.07889125799573549,24
קשת 12,afternoon,1-2m,1.5333333333333334,0,1,7.052173913043479,6.766666666666667,6.893333333333332,0.9774763666255648,0.040484997944923995,23
קשת 12,afternoon,4-6m,4.15,0,1,7.083333333333333,6.666666666666668,6.893333333333332,0.9731764705882351,0.0588235294117645,24
קשת 12,afternoon,1-2m,1.3833333333333333,0,1,7.034999999999999,6.6,6.893333333333332,0.9798625918028901,0.061833688699360345,20
קשת 12,afternoon,1-2m,1.15,0,1,6.859999999999999,7.5,6.973333333333333,1.0165208940719144,-0.09329446064139946,15
קשת 12,afternoon,1-2m,1.2333333333333334,0,1,6.62,6.7,6.2266666666666675,0.9405840886203425,-0.012084592145015227,20
קשת 12,afternoon,4-6m,5.1,0,1,6.575,6.25,6.2266666666666675,0.94702154626109,0.049429657794676785,24
קשת 12,afternoon,1-2m,1.1333333333333333,0,1,6.522727272727272,5.6,6.2266666666666675,0.9546109175377471,0.14146341463414625,22
קשת 12,afternoon,6-9m,6.483333333333333,1,2,7.4833333333333325,6.842857142857142,7.326666666666668,0.9790645879732742,0.08558701877187402,30
קשת 12,early_evening,1-2m,1.4333333333333331,0,1,9.19047619047619,9.299999999999999,8.453333333333335,0.9197927461139899,-0.011917098445595853,21
קשת 12,early_evening,6-9m,8.033333333333333,0,1,9.803703703703704,7.966666666666667,8.453333333333335,0.862259161314696,0.18738194182092938,27
קשת 12,early_evening,<1m,0.3,0,1,9.93157894736842,8.0,8.453333333333335,0.8511570393923338,0.1944886062533121,19
קשת 12,early_evening,1-2m,1.5,0,1,12.165217391304349,12.266666666666666,12.1,0.9946390278770549,-0.008339289969025332,23
קשת 12,early_evening,4-6m,5.366666666666666,1,2,12.352380952380951,12.028571428571427,12.258095238095235,0.9923670007710099,0.026214340786430257,21
קשת 12,early_evening,4-6m,4.8,0,1,13.4,13.559999999999999,13.206666666666667,0.9855721393034825,-0.011940298507462588,20
קשת 12,early_evening,1-2m,1.2166666666666666,0,1,13.4,13.55,13.573333333333332,1.0129353233830845,-0.011194029850746245,20
קשת 12,early_evening,9m+,9.75,1,2,13.130769230769232,12.645454545454545,12.621818181818185,0.9612398146668798,0.03696011077381922,26
קשת 12,early_evening,<1m,0.3,0,1,15.165384615384616,13.7,14.91333333333333,0.9833798292332401,0.09662693380674625,26
קשת 12,early_evening,3-4m,3.0166666666666666,0,1,15.382758620689655,14.2,14.91333333333333,0.9694836733168943,0.07688859000224169,29
קשת 12,late_evening,6-9m,7.216666666666667,0,1,17.241666666666667,14.7125,16.393333333333334,0.9507974867085549,0.14668922184630262,24
קשת 12,late_evening,4-6m,5.483333333333333,1,2,15.63478260869565,13.833333333333334,15.222222222222221,0.9736126560375727,0.1152206154987021,23
קשת 12,late_evening,4-6m,5.15,0,1,16.875,15.85,16.793333333333333,0.9951604938271604,0.06074074074074076,24
קשת 12,late_evening,<1m,0.3,0,1,17.884615384615383,17.8,18.453333333333333,1.0317992831541218,0.004731182795698841,26
קשת 12,late_evening,<1m,0.3,0,1,17.855555555555558,18.9,18.453333333333333,1.0334785314250154,-0.05849408836340997,27
קשת 12,late_evening,9m+,9.933333333333334,0,1,16.903333333333332,14.69090909090909,15.65333333333333,0.9260500887398934,0.13088686111758485,30
קשת 12,late_evening,6-9m,8.283333333333333,0,1,13.913333333333334,11.889999999999999,11.833333333333332,0.8505031145184474,0.14542405366554878,30
קשת 12,late_evening,3-4m,3.9166666666666665,0,1,9.075862068965517,7.879999999999998,8.34,0.9189209726443769,0.13176291793313089,29
קשת 12,late_evening,<1m,0.75,0,1,8.228,7.7,8.34,1.013612056392805,0.06417112299465233,25
קשת 12,late_evening,4-6m,5.4,0,1,4.885185185185186,4.5,4.5133333333333345,0.9238817285822594,0.07884761182714195,27
קשת 12,late_evening,1-2m,1.1333333333333333,0,1,4.627272727272729,4.2,4.513333333333334,0.9753765553372623,0.09233791748526543,22
קשת 12,overnight,1-2m,1.5,0,1,3.2916666666666665,4.3,3.786666666666666,1.1503797468354429,-0.3063291139240507,24
קשת 12,overnight,3-4m,3.5833333333333335,1,2,3.2285714285714286,3.675,3.0716666666666668,0.9514011799410029,-0.13827433628318575,21
קשת 12,overnight,1-2m,1.2166666666666666,0,1,3.0894736842105264,3.4,2.833333333333334,0.917092561044861,-0.10051107325383302,19
קשת 12,overnight,1-2m,1.8166666666666669,1,2,2.2499999999999996,2.3333333333333335,2.5444444444444447,1.1308641975308646,-0.0370370370370372,22
קשת 12,overnight,<1m,0.7,0,1,2.117391304347825,2.0,1.9666666666666666,0.9288158795345657,0.055441478439424596,23
קשת 12,overnight,3-4m,3.75,1,2,1.2071428571428573,0.78,1.2253333333333332,1.0150690335305717,0.3538461538461539,28
קשת 12,overnight,<1m,0.7666666666666667,0,1,1.048,0.7,0.7399999999999999,0.7061068702290075,0.33206106870229013,25
קשת 12,morning,<1m,0.3,0,1,2.2933333333333326,2.3499999999999996,2.253333333333333,0.9825581395348839,-0.02470930232558155,30
קשת 12,morning,<1m,0.3,0,1,2.327586206896551,2.4,2.253333333333333,0.9680987654320988,-0.03111111111111131,29
קשת 12,morning,<1m,0.3,0,1,4.992857142857142,5.6,5.16,1.0334763948497856,-0.1216022889842634,28
קשת 12,morning,<1m,0.3,0,1,5.037037037037036,5.3,5.16,1.0244117647058826,-0.05220588235294121,27
קשת 12,morning,6-9m,7.8,1,2,5.788461538461538,5.566666666666666,5.5851851851851855,0.9648824904638859,0.03831672203765224,26
קשת 12,morning,<1m,0.3,0,1,6.0,6.6,6.266666666666667,1.0444444444444445,-0.09999999999999987,20
קשת 12,morning,<1m,0.3,0,1,6.010000000000001,6.4,6.266666666666667,1.0427066001109262,-0.06489184692179695,20
קשת 12,morning,4-6m,5.466666666666667,1,2,5.789285714285713,5.557142857142857,5.60095238095238,0.9674686407567347,0.04009870450339281,28
קשת 12,morning,<1m,0.3,0,1,5.75625,5.9,5.7666666666666675,1.0018096272167936,-0.024972855591748333,16
קשת 12,morning,<1m,0.3,0,1,5.75625,6.1,5.7666666666666675,1.0018096272167936,-0.059717698154180265,16
קשת 12,morning,6-9m,6.866666666666666,0,1,5.442307692307693,5.2875,5.386666666666667,0.9897762073027089,0.028445229681979045,26
קשת 12,morning,<1m,0.9666666666666668,0,1,5.331818181818182,5.4,5.386666666666667,1.010287013356067,-0.01278772378516635,22
קשת 12,morning,1-2m,1.5,0,1,5.183333333333334,5.45,5.320000000000002,1.026366559485531,-0.05144694533762051,30
קשת 12,morning,<1m,0.3,0,1,5.1000000000000005,4.9,4.946666666666667,0.9699346405228758,0.03921568627450989,26
קשת 12,morning,<1m,0.3,0,1,5.1000000000000005,4.9,4.946666666666667,0.9699346405228758,0.03921568627450989,26
קשת 12,morning,6-9m,7.533333333333333,0,1,5.4482758620689635,5.2555555555555555,5.326666666666667,0.9776793248945153,0.035372714486638146,29
קשת 12,morning,1-2m,1.7,0,1,5.346666666666666,5.433333333333334,5.419999999999999,1.013715710723192,-0.01620947630922709,30
קשת 12,morning,4-6m,4.883333333333334,0,1,4.506896551724139,4.783333333333334,4.6933333333333325,1.0413669982147409,-0.06133639377709765,29
קשת 12,morning,<1m,0.8666666666666667,0,1,4.420833333333333,4.8,4.6933333333333325,1.061639962299717,-0.0857681432610744,24
קשת 12,morning,4-6m,4.25,0,1,4.155555555555555,4.366666666666666,4.3133333333333335,1.0379679144385028,-0.050802139037433136,27
קשת 12,morning,<1m,0.65,0,1,4.0857142857142845,4.199999999999999,4.3133333333333335,1.055710955710956,-0.027972027972028135,21
קשת 12,morning,4-6m,4.283333333333333,0,1,3.965384615384615,3.8000000000000003,3.8333333333333326,0.966698997736825,0.04170708050436456,26
קשת 12,morning,1-2m,1.45,0,1,3.9359999999999995,3.95,3.833333333333333,0.9739159891598916,-0.0035569105691057867,25
קשת 12,morning,4-6m,5.25,1,2,3.534782608695653,3.1,3.1111111111111107,0.8801421347546806,0.12300123001230023,23
קשת 12,morning,<1m,0.4,0,1,3.341176470588235,2.8,2.973333333333333,0.889906103286385,0.1619718309859155,17
קשת 12,afternoon,4-6m,5.916666666666667,0,1,3.6318181818181827,3.1285714285714286,3.4999999999999996,0.9637046307884852,0.1385660647237621,22
קשת 12,afternoon,<1m,0.8833333333333333,0,1,3.6565217391304357,3.5,3.4999999999999996,0.9571938168846608,0.042806183115339125,23
קשת 12,afternoon,6-9m,6.316666666666666,0,1,4.684615384615385,4.857142857142857,4.88,1.0417077175697864,-0.03682852451325336,26
קשת 12,afternoon,6-9m,7.833333333333333,0,1,4.68,4.433333333333334,4.453333333333333,0.9515669515669516,0.052706552706552556,25
קשת 12,afternoon,<1m,0.8666666666666667,0,1,4.666666666666667,4.6,4.713333333333334,1.01,0.014285714285714457,21
קשת 12,afternoon,1-2m,1.4166666666666667,0,1,5.060714285714286,5.35,5.286666666666665,1.0446483180428132,-0.05716302046577271,28
קשת 12,afternoon,1-2m,1.2166666666666666,0,1,5.082142857142857,5.4,5.286666666666665,1.0402436167720774,-0.06254392129304298,28
קשת 12,afternoon,4-6m,5.316666666666666,0,1,4.932142857142857,4.75,4.7,0.9529326574945692,0.03692976104272261,28
קשת 12,afternoon,1-2m,1.0833333333333333,0,1,5.041666666666667,4.95,5.16,1.0234710743801652,0.018181818181818188,24
קשת 12,afternoon,4-6m,5.666666666666667,0,1,6.027586206896552,6.371428571428571,6.326666666666667,1.0496186117467583,-0.05704478587773765,29
קשת 12,afternoon,<1m,0.4,0,1,6.278260869565218,7.2,6.326666666666666,1.0077100646352724,-0.1468144044321329,23
קשת 12,afternoon,1-2m,1.2833333333333334,0,1,6.656521739130435,7.0,6.673333333333333,1.0025255824080122,-0.051600261267145564,23
קשת 12,afternoon,3-4m,3.9,0,1,6.516,6.9,6.673333333333334,1.02414569265398,-0.058931860036832484,25
קשת 12,afternoon,1-2m,1.5333333333333334,0,1,6.409523809523809,6.4,6.673333333333333,1.0411589895988114,0.0014858841010400026,21
קשת 12,afternoon,1-2m,1.05,0,1,6.284210526315791,6.300000000000001,6.333333333333333,1.0078168620882186,-0.002512562814070307,19
קשת 12,afternoon,<1m,0.7666666666666667,0,1,6.359090909090909,6.25,5.906666666666666,0.9288539432928281,0.01715511079342391,22
קשת 12,afternoon,3-4m,3.85,0,1,6.656000000000001,5.46,5.906666666666666,0.8874198717948717,0.1796875000000001,25
קשת 12,afternoon,1-2m,1.1666666666666667,0,1,6.85909090909091,5.4,5.906666666666666,0.8611442456372872,0.2127236580516899,22
קשת 12,afternoon,4-6m,5.083333333333333,0,1,8.293333333333333,8.149999999999999,8.513333333333334,1.0265273311897107,0.01728295819935699,30
קשת 12,early_evening,1-2m,1.1833333333333331,0,1,8.334999999999999,8.95,7.793333333333332,0.9350129974005199,-0.07378524295140965,20
קשת 12,early_evening,4-6m,5.833333333333333,0,1,8.319999999999999,7.166666666666667,7.793333333333332,0.936698717948718,0.1386217948717947,20
קשת 12,early_evening,2-3m,2.966666666666667,1,2,8.450000000000001,6.85,7.851666666666665,0.9291913214990135,0.1893491124260357,18
קשת 12,early_evening,2-3m,2.216666666666667,0,1,8.852380952380953,7.925000000000001,8.026666666666666,0.9067240451855835,0.10476062399139319,21
קשת 12,early_evening,1-2m,1.5,0,1,10.330434782608695,10.75,10.540000000000001,1.0202861952861955,-0.04061447811447816,23
קשת 12,early_evening,4-6m,5.866666666666666,0,1,10.703703703703702,10.516666666666666,10.540000000000001,0.9847058823529414,0.017474048442906565,27
קשת 12,early_evening,4-6m,4.616666666666666,1,2,11.379999999999999,10.18,11.262666666666668,0.9896895137668427,0.1054481546572934,20
קשת 12,early_evening,1-2m,1.0166666666666666,0,1,11.518749999999999,10.100000000000001,11.340000000000002,0.9844818231144875,0.12316874660878985,16
קשת 12,early_evening,6-9m,8.466666666666667,1,2,13.504761904761907,12.910000000000002,12.988000000000003,0.961734837799718,0.04404090267983074,21
קשת 12,early_evening,<1m,0.3,0,1,15.668,15.5,15.553333333333333,0.9926814739171135,0.010722491702833792,25
קשת 12,early_evening,2-3m,2.3833333333333333,0,1,15.882142857142856,14.85,15.553333333333333,0.979296904280039,0.0649876321115358,28
קשת 12,late_evening,6-9m,8.8,1,2,17.51153846153846,16.130000000000003,16.672000000000004,0.9520579837469803,0.07889303755765409,26
קשת 12,late_evening,6-9m,8.233333333333333,0,1,16.85238095238095,14.844444444444443,15.733333333333333,0.9335970613167561,0.11914853536780634,21
קשת 12,late_evening,4-6m,5.283333333333333,1,2,15.73181818181818,14.514285714285714,15.638095238095241,0.9940424595148666,0.07739299129070865,22
קשת 12,late_evening,1-2m,1.0333333333333334,1,2,17.013333333333335,19.5,16.636666666666667,0.977860501567398,-0.14615987460815028,15
קשת 12,late_evening,<1m,0.3,0,1,17.675,19.7,17.80666666666667,1.0074493163602074,-0.11456859971711442,16
קשת 12,late_evening,9m+,10.85,0,1,21.892592592592592,16.616666666666667,17.80666666666667,0.8133649128743022,0.24099137201827103,27
קשת 12,late_evening,9m+,10.083333333333334,0,1,24.64333333333333,12.654545454545456,15.139999999999997,0.6143649398079264,0.48649213629600474,30
קשת 12,late_evening,2-3m,2.466666666666667,0,1,9.439285714285713,7.775,8.76,0.9280363223609536,0.17631479379492987,28
קשת 12,late_evening,1-2m,1.0333333333333334,0,1,8.292307692307691,6.800000000000001,8.76,1.0564007421150279,0.17996289424860834,26
קשת 12,late_evening,6-9m,7.416666666666667,0,1,4.5375,4.0875,4.326666666666666,0.9535353535353535,0.09917355371900816,24
קשת 12,late_evening,1-2m,1.4333333333333331,0,1,3.9937500000000004,3.733333333333333,4.326666666666666,1.0833594157537818,0.0652060511215442,16
קשת 12,overnight,3-4m,3.816666666666667,0,1,3.060869565217391,3.02,3.04,0.9931818181818183,0.013352272727272574,23
קשת 12,overnight,<1m,0.8666666666666667,0,1,3.045833333333333,3.0,3.04,0.9980848153214775,0.015047879616962967,24
קשת 12,overnight,2-3m,2.7333333333333334,1,2,2.4100000000000006,2.9750000000000005,2.3899999999999997,0.9917012448132776,-0.2344398340248961,30
קשת 12,overnight,2-3m,2.716666666666667,0,1,1.8892857142857145,1.9249999999999998,1.8933333333333329,1.0021424070573406,-0.018903591682419396,28
קשת 12,overnight,1-2m,1.2833333333333334,0,1,1.4785714285714282,1.3,1.4466666666666668,0.9784219001610309,0.12077294685990314,28
קשת 12,overnight,1-2m,1.15,0,1,0.9466666666666668,0.9,0.8466666666666669,0.8943661971830987,0.04929577464788737,30
קשת 12,morning,<1m,0.3,0,1,1.479310344827586,1.4,1.4066666666666667,0.9508935508935511,0.05361305361305346,29
קשת 12,morning,<1m,0.3,0,1,1.4999999999999996,1.4,1.4066666666666667,0.9377777777777782,0.06666666666666643,29
קשת 12,morning,<1m,0.3,0,1,4.620833333333334,5.3,4.666666666666666,1.0099188458070332,-0.14697926059513056,24
קשת 12,morning,<1m,0.3,0,1,4.620833333333334,5.15,4.666666666666666,1.0099188458070332,-0.11451758340847618,24
קשת 12,morning,6-9m,7.233333333333333,1,2,4.369230769230769,4.288888888888888,4.462962962962963,1.021452790818988,0.01838810641627553,26
קשת 12,morning,1-2m,1.1166666666666667,0,1,4.1571428571428575,4.2,3.913333333333333,0.9413516609392897,-0.010309278350515427,21
קשת 12,morning,1-2m,1.0333333333333334,0,1,4.592857142857143,4.35,4.273333333333334,0.9304302747537585,0.05287713841368602,28
קשת 12,morning,<1m,0.3,0,1,5.388461538461538,5.8,5.4799999999999995,1.0169878658101357,-0.07637401855817272,26
קשת 12,morning,<1m,0.3,0,1,5.42,5.5,5.4799999999999995,1.0110701107011069,-0.014760147601476037,25
קשת 12,morning,4-6m,4.766666666666667,0,1,5.188461538461539,5.366666666666666,5.52,1.0638991845811712,-0.034346429453916416,26
קשת 12,morning,1-2m,1.2166666666666666,0,1,5.095833333333333,4.9,4.773333333333334,0.9367130008176617,0.038430089942763646,24
קשת 12,morning,4-6m,5.9,0,1,4.982142857142857,4.8,4.853333333333334,0.974145758661888,0.03655913978494618,28
קשת 12,morning,<1m,0.2,0,1,5.528,5.4,5.386666666666666,0.974433188615533,0.023154848046309517,25
קשת 12,morning,<1m,0.2,0,1,5.528,5.4,5.386666666666666,0.974433188615533,0.023154848046309517,25
קשת 12,morning,6-9m,6.166666666666667,1,2,6.506666666666667,6.042857142857144,6.405714285714285,0.9844847775175642,0.07128220140515218,30
קשת 12,morning,<1m,0.8666666666666667,0,1,6.5200000000000005,6.6,6.94,1.0644171779141105,-0.012269938650306678,30
קשת 12,morning,4-6m,5.8,1,2,4.322222222222223,4.542857142857143,4.258095238095238,0.9851634226955561,-0.05104663973558554,27
קשת 12,morning,1-2m,1.7,0,1,4.0652173913043494,4.3999999999999995,4.006666666666666,0.9855971479500886,-0.08235294117647007,23
קשת 12,morning,<1m,0.4666666666666667,0,1,3.715384615384615,3.4,3.7066666666666666,0.9976535541752933,0.08488612836438914,26
קשת 12,morning,4-6m,5.816666666666666,0,1,3.078571428571429,2.6333333333333333,2.5399999999999996,0.8250580046403709,0.14462490332559952,28
קשת 12,morning,1-2m,1.25,0,1,2.8541666666666665,2.3,2.54,0.8899270072992701,0.19416058394160585,24
קשת 12,morning,3-4m,3.816666666666667,0,1,2.6833333333333322,2.8,2.7200000000000006,1.0136645962732926,-0.04347826086956563,30
קשת 12,afternoon,6-9m,7.183333333333334,0,1,2.696428571428572,2.925,2.846666666666667,1.0557174392935982,-0.08476821192052952,28
קשת 12,afternoon,<1m,0.9666666666666668,0,1,2.6954545454545453,2.7,2.6799999999999997,0.9942664418212478,-0.001686340640809636,22
קשת 12,afternoon,1-2m,1.2166666666666666,0,1,3.1533333333333338,3.266666666666667,3.1400000000000006,0.9957716701902749,-0.03594080338266381,30
קשת 12,afternoon,6-9m,6.133333333333334,0,1,4.182142857142857,3.857142857142857,3.8933333333333335,0.9309422146313693,0.07771135781383431,28
קשת 12,afternoon,<1m,0.9666666666666668,0,1,4.095454545454545,3.7,3.893333333333333,0.950647428782834,0.09655937846836826,22
קשת 12,afternoon,<1m,0.5333333333333333,0,1,4.199999999999999,3.8,4.006666666666667,0.9539682539682541,0.09523809523809512,22
קשת 12,afternoon,1-2m,1.0666666666666669,0,1,4.2142857142857135,3.9,4.006666666666667,0.9507344632768364,0.0745762711864405,21
קשת 12,afternoon,4-6m,5.016666666666667,0,1,4.872,4.449999999999999,4.640000000000001,0.9523809523809526,0.08661740558292297,25
קשת 12,afternoon,<1m,0.9666666666666668,0,1,5.069565217391303,4.65,4.640000000000001,0.9152658662092628,0.0827615780445966,23
קשת 12,afternoon,4-6m,4.7,1,2,6.246428571428572,6.183333333333333,6.1066666666666665,0.9776253097007813,0.010101010101010277,28
קשת 12,afternoon,<1m,0.9333333333333332,0,1,6.1375,5.5,5.926666666666667,0.9656483367277664,0.10386965376782076,24
קשת 12,afternoon,<1m,0.8833333333333333,0,1,5.270833333333333,4.9,4.86,0.9220553359683795,0.07035573122529637,24
קשת 12,afternoon,3-4m,3.1166666666666667,0,1,5.282608695652174,4.4750000000000005,4.86,0.92,0.1528806584362139,23
קשת 12,afternoon,1-2m,1.4166666666666667,0,1,5.271428571428571,4.2,4.86,0.9219512195121952,0.2032520325203252,21
קשת 12,afternoon,1-2m,1.2333333333333334,0,1,5.8999999999999995,5.566666666666666,5.546666666666667,0.9401129943502826,0.05649717514124286,24
קשת 12,afternoon,<1m,0.6666666666666666,0,1,6.760869565217392,7.300000000000001,6.74,0.9969131832797428,-0.07974276527331203,23
קשת 12,afternoon,4-6m,4.933333333333334,0,1,6.6037037037037045,6.766666666666668,6.740000000000001,1.0206393718452047,-0.024677509814918785,27
קשת 12,afternoon,<1m,0.9,0,1,6.52608695652174,6.7,6.74,1.0327781479013989,-0.026648900732844538,23
קשת 12,afternoon,<1m,0.8666666666666667,0,1,6.77,5.9,6.859999999999999,1.0132939438700148,0.12850812407680934,30
קשת 12,early_evening,<1m,0.9666666666666668,0,1,8.381818181818181,8.95,8.466666666666665,1.0101229211858278,-0.06778741865509774,22
קשת 12,early_evening,6-9m,7.016666666666667,0,1,8.764285714285714,8.3625,8.466666666666665,0.9660418364574842,0.04584352078239595,28
קשת 12,early_evening,<1m,0.5166666666666667,0,1,9.004761904761905,9.1,8.466666666666665,0.9402432575356953,-0.01057641459545211,21
קשת 12,early_evening,<1m,0.7833333333333333,0,1,9.510526315789475,8.899999999999999,8.620000000000001,0.9063641394576646,0.06419479800774797,19
קשת 12,early_evening,4-6m,5.766666666666667,0,1,9.854166666666666,7.914285714285714,8.620000000000003,0.8747568710359411,0.19685895499848993,24
קשת 12,early_evening,1-2m,1.45,0,1,10.07,8.45,8.620000000000001,0.8560079443892752,0.16087388282025827,20
קשת 12,early_evening,<1m,1.0,0,1,11.26,11.15,11.506666666666668,1.0219064535227946,0.009769094138543433,30
קשת 12,early_evening,6-9m,7.566666666666666,0,1,11.136666666666665,9.8375,10.346666666666668,0.9290631547440888,0.11665668961388787,30
קשת 12,early_evening,1-2m,1.1833333333333331,0,1,14.65925925925926,12.75,13.493333333333334,0.9204648812531582,0.13024254674077818,27
קשת 12,late_evening,4-6m,5.75,0,1,16.934615384615384,13.785714285714286,15.566666666666665,0.9192217427511544,0.18594464812952205,26
קשת 12,late_evening,6-9m,6.316666666666666,1,2,16.689285714285713,13.475000000000001,15.603333333333333,0.9349311648477068,0.19259576289321623,28
קשת 12,late_evening,6-9m,6.283333333333333,0,1,14.358333333333334,11.357142857142856,12.52,0.8719674985490423,0.2090208108780368,24
קשת 12,late_evening,1-2m,1.15,0,1,13.237500000000002,13.266666666666666,13.186666666666667,0.9961598992760464,-0.002203336480956608,24
קשת 12,late_evening,<1m,0.3,0,1,13.212000000000003,12.600000000000001,13.186666666666667,0.998082551216066,0.04632152588555871,25
קשת 12,late_evening,9m+,9.833333333333334,1,2,12.53214285714286,9.290909090909091,10.234545454545456,0.8166636441358583,0.25863364335863637,28
קשת 12,late_evening,6-9m,8.0,1,2,9.869565217391305,7.8999999999999995,9.508888888888889,0.9634557023984336,0.1995594713656389,23
קשת 12,late_evening,4-6m,4.066666666666666,0,1,8.05909090909091,5.82,6.646666666666666,0.8247414927617971,0.27783417935702204,22
קשת 12,late_evening,6-9m,6.7,0,1,8.013333333333334,6.825,7.473333333333333,0.9326123128119799,0.1482945091514143,30
קשת 12,overnight,4-6m,4.066666666666666,0,1,3.9551724137931035,2.7199999999999998,2.693333333333334,0.6809648358035456,0.31229293809938974,29
קשת 12,overnight,<1m,0.5666666666666667,0,1,3.3115384615384618,2.5,2.693333333333334,0.813317847464189,0.24506387921022077,26
קשת 12,overnight,2-3m,2.066666666666667,0,1,2.4033333333333338,2.1,2.6599999999999997,1.106796116504854,0.12621359223300987,30
קשת 12,overnight,3-4m,3.65,0,1,1.5066666666666664,1.4,1.3466666666666667,0.8938053097345134,0.07079646017699104,30
קשת 12,overnight,<1m,1.0,0,1,0.8222222222222224,1.0,0.8333333333333335,1.0135135135135134,-0.216216216216216,27
קשת 12,overnight,1-2m,1.2833333333333334,0,1,0.3366666666666667,0.35,0.31999999999999995,0.9504950495049502,-0.03960396039603942,30
קשת 12,morning,1-2m,1.65,0,1,0.3133333333333334,0.3,0.29999999999999993,0.9574468085106379,0.042553191489361986,30
קשת 12,morning,<1m,0.3,0,1,0.3071428571428571,0.3,0.29999999999999993,0.9767441860465115,0.023255813953488302,28
קשת 12,morning,1-2m,1.5333333333333334,0,1,0.4366666666666667,0.6,0.49333333333333335,1.129770992366412,-0.3740458015267174,30
קשת 12,morning,<1m,0.3,0,1,0.44642857142857145,0.6,0.4933333333333333,1.1050666666666664,-0.34399999999999986,28
קשת 12,morning,1-2m,1.5666666666666669,0,1,1.4074074074074074,1.3999999999999997,1.36,0.9663157894736842,0.0052631578947370805,27
קשת 12,morning,<1m,0.5666666666666667,0,1,1.3923076923076922,1.4,1.3599999999999999,0.9767955801104972,-0.0055248618784529135,26
קשת 12,morning,<1m,0.9333333333333332,0,1,1.6846153846153844,1.2999999999999998,1.4533333333333334,0.862709284627093,0.228310502283105,26
קשת 12,morning,4-6m,4.35,0,1,2.5206896551724145,2.5200000000000005,2.3400000000000003,0.9283173734610122,0.0002735978112176074,29
קשת 12,morning,<1m,0.7666666666666667,0,1,2.62,2.3,2.3400000000000003,0.8931297709923665,0.12213740458015276,25
קשת 12,morning,4-6m,4.716666666666667,0,1,3.3,2.85,2.9933333333333327,0.9070707070707069,0.13636363636363624,30
קשת 12,morning,4-6m,5.433333333333334,0,1,3.5827586206896544,3.4285714285714293,3.4666666666666677,0.9675970484440172,0.04303588615426879,29
קשת 12,morning,<1m,0.7666666666666667,0,1,3.566666666666667,3.1,3.466666666666667,0.9719626168224299,0.13084112149532712,24
קשת 12,morning,4-6m,5.6,1,2,3.9433333333333334,3.3857142857142857,3.7257142857142855,0.9448134283299118,0.1414080425069436,30
קשת 12,morning,4-6m,4.35,0,1,3.5620689655172413,3.0799999999999996,3.2133333333333334,0.9020974507905777,0.1353339787028074,29
קשת 12,morning,<1m,0.8833333333333333,0,1,3.42,3.1,3.2133333333333334,0.939571150097466,0.0935672514619883,25
קשת 12,morning,4-6m,4.633333333333334,0,1,3.5206896551724145,3.2399999999999998,3.393333333333333,0.9638263140711718,0.07972575905974555,29
קשת 12,afternoon,4-6m,4.55,1,2,3.0379310344827584,2.5500000000000003,2.677777777777777,0.8814478496657837,0.16061293984108949,29
קשת 12,afternoon,<1m,0.55,0,1,3.0,2.4,2.4866666666666664,0.8288888888888888,0.20000000000000007,25
קשת 12,afternoon,4-6m,4.883333333333334,0,1,2.173333333333333,2.16,2.2333333333333334,1.0276073619631905,0.006134969325153117,30
קשת 12,afternoon,4-6m,4.083333333333333,0,1,2.1620689655172414,2.08,2.18,1.00829346092504,0.03795853269537475,29
קשת 12,afternoon,<1m,0.7333333333333333,0,1,2.223076923076923,1.9,2.18,0.9806228373702423,0.1453287197231835,26
קשת 12,afternoon,3-4m,3.7333333333333334,0,1,3.2379310344827585,2.6,3.3066666666666666,1.0212282570110047,0.19701810436634715,29
קשת 12,afternoon,<1m,0.8833333333333333,0,1,3.3846153846153846,2.9,3.3066666666666666,0.9769696969696969,0.1431818181818182,26
קשת 12,afternoon,4-6m,4.35,0,1,3.4000000000000004,2.62,2.8599999999999994,0.8411764705882351,0.22941176470588243,29
קשת 12,afternoon,<1m,0.9166666666666666,0,1,3.412,2.5,2.8599999999999994,0.8382180539273152,0.26729191090269633,25
קשת 12,afternoon,4-6m,4.15,1,2,3.7296296296296294,2.4800000000000004,3.2586666666666675,0.8737239324726914,0.335054617676266,27
קשת 12,afternoon,1-2m,1.5666666666666669,0,1,3.728,2.933333333333333,3.4666666666666672,0.9298998569384836,0.2131616595135909,25
קשת 12,afternoon,1-2m,1.05,0,1,4.866666666666667,5.15,4.880000000000001,1.0027397260273974,-0.05821917808219168,24
קשת 12,afternoon,3-4m,3.4833333333333334,1,2,4.944444444444445,5.040000000000001,5.088,1.0290337078651686,-0.019325842696629403,27
קשת 12,afternoon,1-2m,1.2333333333333334,0,1,5.029166666666666,4.9,5.14,1.0220381110190555,0.025683512841756184,24
קשת 12,afternoon,1-2m,1.0833333333333333,0,1,5.443333333333333,5.300000000000001,5.186666666666667,0.952847519902021,0.026331904470299983,30
קשת 12,afternoon,<1m,0.6833333333333333,0,1,5.4739130434782615,5.75,5.359999999999999,0.9791898332009529,-0.05043685464654479,23
קשת 12,afternoon,3-4m,3.966666666666667,0,1,5.353846153846154,5.42,5.359999999999999,1.001149425287356,-0.012356321839080309,26
קשת 12,afternoon,<1m,0.9,0,1,5.291304347826087,5.0,5.359999999999999,1.0129827444535742,0.055053410024650806,23
קשת 12,afternoon,4-6m,4.65,0,1,5.6066666666666665,5.8,5.913333333333333,1.0546967895362664,-0.034482758620689724,30
קשת 12,early_evening,<1m,0.9833333333333332,0,1,6.7272727272727275,6.800000000000001,6.540000000000002,0.9721621621621624,-0.010810810810810922,22
קשת 12,early_evening,4-6m,5.7,0,1,6.961538461538462,6.349999999999999,6.540000000000002,0.939447513812155,0.08784530386740352,26
קשת 12,early_evening,1-2m,1.2333333333333334,0,1,7.240909090909093,6.45,6.540000000000002,0.9032015065913371,0.1092278719397366,22
קשת 12,early_evening,<1m,0.9,1,2,9.295652173913043,10.95,9.506666666666666,1.0227003429996882,-0.17797006548175864,23
קשת 12,early_evening,3-4m,3.6666666666666665,0,1,9.73846153846154,9.72,10.006666666666666,1.027540810953133,0.0018957345971564177,26
קשת 12,early_evening,1-2m,1.2333333333333334,0,1,10.056521739130437,9.75,10.006666666666666,0.9950425133304508,0.030479896238651327,23
קשת 12,early_evening,4-6m,4.433333333333334,1,2,11.57333333333333,10.833333333333334,11.495555555555555,0.9932795698924733,0.06394009216589835,30
קשת 12,early_evening,9m+,9.15,0,1,13.103333333333335,11.57,12.02,0.9173238361740014,0.1170185703383364,30
קשת 12,early_evening,2-3m,2.9166666666666665,0,1,17.124137931034483,13.75,15.493333333333332,0.9047657403678345,0.19703987112364074,29
קשת 12,late_evening,6-9m,8.75,1,2,18.572,14.766666666666667,17.07037037037037,0.91914550777355,0.20489625960226854,25
קשת 12,late_evening,9m+,9.216666666666669,0,1,17.720000000000002,14.990909090909094,15.699999999999996,0.8860045146726858,0.15401190231890005,20
קשת 12,late_evening,6-9m,7.783333333333333,0,1,18.40909090909091,14.677777777777777,15.96,0.8669629629629629,0.2026886145404665,22
קשת 12,late_evening,1-2m,1.1333333333333333,0,1,19.433333333333337,20.0,19.08666666666667,0.9821612349914236,-0.029159519725557193,15
קשת 12,late_evening,9m+,11.466666666666669,0,1,20.98571428571429,16.792307692307695,17.566666666666666,0.8370773769003855,0.1998219615646437,28
קשת 12,late_evening,9m+,9.65,1,2,21.565517241379315,13.181818181818182,17.60242424242424,0.8162300975860296,0.38875483327034344,29
קשת 12,late_evening,4-6m,5.933333333333334,0,1,19.119999999999997,16.1,19.439999999999998,1.0167364016736402,0.15794979079497884,30
קשת 12,late_evening,6-9m,7.05,0,1,8.075862068965517,6.8125,8.173333333333334,1.0120694563051524,0.1564368061485909,29
קשת 12,overnight,1-2m,1.2333333333333334,0,1,5.0476190476190474,4.7,4.746666666666667,0.9403773584905661,0.06886792452830182,21
קשת 12,overnight,4-6m,4.783333333333333,0,1,4.803999999999999,4.616666666666667,4.746666666666667,0.9880655009714129,0.038995281709686136,25
קשת 12,overnight,1-2m,1.3333333333333333,1,2,4.581818181818182,4.65,4.6033333333333335,1.0046957671957673,-0.014880952380952328,22
קשת 12,overnight,2-3m,2.0166666666666666,0,1,3.5607142857142855,3.3333333333333335,3.1133333333333337,0.8743564025409564,0.06385824139083907,28
קשת 12,overnight,<1m,0.8666666666666667,0,1,3.3111111111111113,3.25,3.1133333333333337,0.940268456375839,0.01845637583892623,27
קשת 12,overnight,1-2m,1.6833333333333331,1,2,1.9357142857142862,1.6333333333333335,1.8044444444444443,0.9321853218532182,0.15621156211562126,28
קשת 12,overnight,<1m,0.3833333333333333,0,1,1.837037037037037,1.5499999999999998,1.6533333333333335,0.9000000000000001,0.1562500000000001,27
קשת 12,overnight,1-2m,1.1166666666666667,0,1,0.9466666666666668,1.0,0.9000000000000002,0.9507042253521129,-0.05633802816901401,30
קשת 12,overnight,<1m,1.0,0,1,0.48333333333333334,0.3,0.44666666666666666,0.9241379310344827,0.3793103448275862,30
קשת 12,overnight,1-2m,1.1166666666666667,0,1,0.7214285714285715,0.5,0.5399999999999999,0.7485148514851483,0.306930693069307,28
קשת 12,morning,<1m,0.3,0,1,2.8896551724137924,3.1,3.0533333333333337,1.0566428003182184,-0.07279236276849677,29
קשת 12,morning,<1m,0.3,0,1,2.916666666666666,3.1,3.0533333333333337,1.0468571428571432,-0.06285714285714317,30
קשת 12,morning,<1m,0.3,0,1,5.889285714285715,6.0,6.080000000000001,1.032383262583384,-0.018799272286234014,28
קשת 12,morning,<1m,0.3,0,1,5.940740740740742,6.1,6.080000000000001,1.0234413965087281,-0.026807980049875058,27
קשת 12,morning,6-9m,7.033333333333333,1,2,5.982142857142857,5.1375,5.774166666666668,0.9652338308457714,0.14119402985074614,28
קשת 12,morning,4-6m,5.916666666666667,0,1,5.557142857142857,5.185714285714285,5.466666666666668,0.9837189374464441,0.06683804627249368,28
קשת 12,morning,<1m,0.3,0,1,5.240909090909091,5.8,5.38,1.026539462272333,-0.10667823070251514,22
קשת 12,morning,<1m,0.3,0,1,5.240909090909091,5.5,5.38,1.026539462272333,-0.0494362532523851,22
קשת 12,morning,6-9m,6.5,0,1,5.6571428571428575,4.824999999999999,4.946666666666666,0.8744107744107743,0.14709595959595978,28
קשת 12,morning,4-6m,5.55,0,1,5.607142857142857,5.285714285714286,5.373333333333334,0.9583014861995756,0.0573248407643312,28
קשת 12,morning,<1m,0.3,0,1,4.988,5.2,5.013333333333333,1.0050788559208765,-0.042502004811547645,25
קשת 12,morning,<1m,0.3,0,1,4.988,5.2,5.013333333333333,1.0050788559208765,-0.042502004811547645,25
קשת 12,morning,4-6m,4.733333333333333,0,1,4.846666666666667,4.916666666666667,4.853333333333333,1.0013755158184316,-0.014442916093535096,30
קשת 12,morning,4-6m,4.7,0,1,4.816666666666665,4.783333333333333,4.706666666666667,0.9771626297577859,0.006920415224913157,30
קשת 12,morning,4-6m,4.9,0,1,4.841379310344828,4.5,4.566666666666666,0.9432573599240265,0.0705128205128206,29
קשת 12,morning,<1m,0.7666666666666667,0,1,4.78,4.7,4.566666666666666,0.9553695955369594,0.01673640167364021,25
קשת 12,morning,<1m,0.7833333333333333,0,1,4.448275862068965,4.75,4.493333333333333,1.0101291989664083,-0.0678294573643412,29
קשת 12,morning,<1m,0.3,0,1,4.389285714285715,4.3,4.493333333333333,1.0237049091402222,0.020341741253051437,28
קשת 12,morning,4-6m,4.866666666666666,1,2,3.644444444444445,3.1166666666666667,3.512222222222223,0.963719512195122,0.14481707317073178,27
קשת 12,morning,1-2m,1.1,0,1,3.490476190476191,3.05,3.240000000000001,0.9282401091405186,0.12619372442019117,21
קשת 12,morning,4-6m,4.083333333333333,0,1,3.1615384615384623,2.9200000000000004,2.9333333333333327,0.9278183292781829,0.07639902676399035,26
קשת 12,morning,<1m,0.2333333333333333,0,1,3.1124999999999994,2.7,2.9333333333333327,0.9424364123159303,0.13253012048192747,24
קשת 12,afternoon,4-6m,5.016666666666667,0,1,3.807407407407408,3.5,3.8400000000000003,1.0085603112840467,0.08073929961089499,27
קשת 12,afternoon,<1m,0.55,0,1,3.9565217391304346,3.7,3.8400000000000007,0.9705494505494507,0.06483516483516472,23
קשת 12,afternoon,4-6m,4.966666666666667,1,2,3.0599999999999996,2.816666666666667,3.0344444444444445,0.9916485112563546,0.07952069716775578,30
קשת 12,afternoon,4-6m,4.216666666666667,0,1,2.9966666666666666,2.9166666666666665,2.926666666666667,0.9766407119021137,0.026696329254727535,30
קשת 12,afternoon,<1m,0.4166666666666667,0,1,3.048,2.8,2.926666666666667,0.9601924759405076,0.0813648293963255,25
קשת 12,afternoon,4-6m,4.266666666666667,1,2,4.257692307692308,3.8600000000000003,4.24,0.9958446251129178,0.09340560072267379,26
קשת 12,afternoon,<1m,0.6333333333333333,0,1,4.40952380952381,3.5,4.573333333333333,1.0371490280777538,0.20626349892008644,21
קשת 12,afternoon,3-4m,3.9166666666666665,0,1,5.056,5.4799999999999995,5.306666666666666,1.0495780590717299,-0.08386075949367089,25
קשת 12,afternoon,<1m,0.55,0,1,5.069230769230769,5.35,5.306666666666666,1.0468386444107232,-0.055386949924127515,26
קשת 12,afternoon,4-6m,4.683333333333334,1,2,4.664285714285714,4.05,4.571111111111112,0.980023821677727,0.13169984686064307,28
קשת 12,afternoon,<1m,0.7,0,1,4.5874999999999995,4.1,4.153333333333333,0.9053587647593099,0.10626702997275206,24
קשת 12,afternoon,1-2m,1.3166666666666669,0,1,6.0125,5.45,5.693333333333333,0.9469161469161469,0.0935550935550935,24
קשת 12,afternoon,2-3m,2.933333333333333,0,1,6.1000000000000005,5.449999999999999,5.693333333333333,0.9333333333333332,0.10655737704918056,26
קשת 12,afternoon,1-2m,1.35,0,1,6.1409090909090915,5.5,5.693333333333333,0.9271157167530224,0.10436713545521847,22
קשת 12,afternoon,1-2m,1.0833333333333333,0,1,6.388888888888889,6.300000000000001,6.4399999999999995,1.0079999999999998,0.013913043478260834,18
קשת 12,afternoon,1-2m,1.1333333333333333,0,1,6.6850000000000005,6.5,6.633333333333335,0.9922712540513589,0.027673896783844465,20
קשת 12,afternoon,4-6m,5.0,0,1,6.820833333333333,6.433333333333334,6.633333333333334,0.9725106902871107,0.056811240073304736,24
קשת 12,afternoon,1-2m,1.2666666666666666,0,1,6.890000000000001,6.65,6.633333333333335,0.9627479438800195,0.03483309143686508,20
קשת 12,afternoon,4-6m,4.15,0,1,7.33,7.019999999999999,7.033333333333334,0.9595270577535244,0.04229195088676685,30
קשת 12,early_evening,1-2m,1.75,0,1,8.604761904761904,8.733333333333334,7.94,0.9227448810182624,-0.014941892639734444,21
קשת 12,early_evening,6-9m,7.933333333333334,0,1,8.786363636363637,7.555555555555555,7.940000000000001,0.9036730470770823,0.1400816232683797,22
קשת 12,early_evening,<1m,0.9833333333333332,0,1,9.250000000000002,8.95,9.28,1.003243243243243,0.032432432432432656,18
קשת 12,early_evening,<1m,0.3,0,1,9.250000000000002,8.9,9.28,1.003243243243243,0.037837837837838006,18
קשת 12,early_evening,2-3m,2.183333333333333,0,1,9.4125,9.633333333333333,9.28,0.9859229747675963,-0.02346170872067277,24
קשת 12,early_evening,1-2m,1.3333333333333333,1,2,10.083333333333334,10.0,10.084444444444443,1.0001101928374654,0.008264462809917439,24
קשת 12,early_evening,4-6m,4.716666666666667,0,1,10.244444444444444,10.166666666666666,10.166666666666666,0.9924078091106291,0.007592190889370909,27
קשת 12,early_evening,3-4m,3.2333333333333334,0,1,10.91923076923077,10.45,10.6,0.9707643536456497,0.04297287777386416,26
קשת 12,early_evening,<1m,0.7333333333333333,0,1,11.112500000000002,10.45,10.6,0.9538807649043867,0.05961754780652451,24
קשת 12,early_evening,9m+,10.433333333333334,1,2,11.928571428571429,11.1,11.403636363636364,0.9559934676102341,0.06946107784431144,28
קשת 12,early_evening,<1m,0.3,0,1,15.157692307692308,13.9,14.726666666666665,0.9715639008711832,0.08297386450139554,26
קשת 12,early_evening,2-3m,2.8833333333333333,0,1,15.542857142857143,14.1,14.726666666666665,0.9474877450980391,0.09283088235294124,28
קשת 12,late_evening,9m+,9.916666666666666,1,2,15.372413793103446,13.127272727272727,14.344848484848484,0.9331552401538943,0.1460500020392348,29
קשת 12,late_evening,9m+,9.633333333333333,0,1,14.66551724137931,13.3,13.906666666666666,0.9482561329257778,0.0931107453562191,29
קשת 12,late_evening,<1m,0.3,0,1,15.461111111111112,15.9,14.580000000000004,0.94301113905857,-0.02838663312971601,18
קשת 12,late_evening,9m+,10.266666666666667,0,1,16.810714285714287,15.681818181818182,16.526666666666667,0.9831031796614971,0.06715336925661985,28
קשת 12,late_evening,6-9m,8.583333333333334,1,2,18.76785714285714,13.669999999999998,17.016666666666662,0.9066920393276244,0.2716270218839201,28
קשת 12,late_evening,6-9m,8.233333333333333,0,1,18.779999999999998,13.59,15.193333333333333,0.8090166844160456,0.2763578274760382,20
קשת 12,late_evening,6-9m,6.166666666666667,0,1,12.78888888888889,12.4,12.226666666666668,0.9560382276281495,0.03040834057341446,18
קשת 12,late_evening,<1m,0.9166666666666666,0,1,12.370000000000001,10.600000000000001,12.226666666666667,0.9884128267313391,0.14308811641067098,20
קשת 12,late_evening,4-6m,5.483333333333333,0,1,7.555555555555556,7.085714285714286,7.2733333333333325,0.9626470588235292,0.06218487394957983,27
קשת 12,late_evening,1-2m,1.2666666666666666,0,1,7.304545454545456,7.05,7.2733333333333325,0.9957270275876372,0.034847542003733856,22
קשת 12,overnight,1-2m,1.5,0,1,5.519047619047619,5.766666666666667,5.113333333333332,0.9264883520276098,-0.04486626402070759,21
קשת 12,overnight,6-9m,6.333333333333333,0,1,4.428,3.9857142857142853,5.113333333333332,1.1547726588376992,0.09988385598141702,25
קשת 12,overnight,<1m,0.3,0,1,3.6578947368421053,3.3,2.7533333333333334,0.7527098321342925,0.09784172661870505,19
קשת 12,overnight,<1m,0.8333333333333334,0,1,2.1296296296296298,2.0,1.6733333333333331,0.7857391304347825,0.0608695652173914,27
קשת 12,overnight,<1m,0.7833333333333333,0,1,2.0214285714285714,2.05,1.6733333333333331,0.8277974087161366,-0.014134275618374437,28
קשת 12,overnight,4-6m,4.166666666666667,0,1,1.1107142857142858,0.9800000000000001,1.0466666666666666,0.9423365487674169,0.11768488745980699,28
קשת 12,overnight,<1m,0.2666666666666666,0,1,0.976,0.9,1.0466666666666666,1.0724043715846994,0.07786885245901631,25
קשת 12,overnight,1-2m,1.1666666666666667,0,1,0.9214285714285714,1.0,1.013333333333333,1.099741602067183,-0.08527131782945752,28
קשת 12,morning,<1m,0.3,0,1,2.1,2.3,2.2133333333333334,1.053968253968254,-0.09523809523809512,29
קשת 12,morning,<1m,0.3,0,1,2.1333333333333333,2.3499999999999996,2.2133333333333334,1.0375,-0.10156249999999978,30
קשת 12,morning,<1m,0.3,0,1,4.864285714285715,4.85,4.933333333333333,1.0141948115516395,0.002936857562408357,28
קשת 12,morning,<1m,0.3,0,1,4.874074074074074,4.7,4.933333333333333,1.012158054711246,0.0357142857142857,27
קשת 12,morning,6-9m,7.716666666666667,1,2,4.699999999999999,4.237500000000001,4.6325,0.9856382978723406,0.09840425531914865,25
קשת 12,morning,<1m,0.2,0,1,4.61,4.6,4.486666666666667,0.9732465654374549,0.002169197396963307,20
קשת 12,morning,<1m,0.2,0,1,4.572222222222223,4.7,4.486666666666667,0.9812879708383961,-0.0279465370595382,18
קשת 12,morning,6-9m,6.966666666666667,0,1,4.492307692307692,4.3125,4.42,0.9839041095890411,0.04002568493150682,26
קשת 12,morning,<1m,0.3,0,1,4.5590909090909095,4.6,4.453333333333334,0.9768029245596545,-0.008973080757726626,22
קשת 12,morning,<1m,0.3,0,1,4.5590909090909095,4.6,4.453333333333334,0.9768029245596545,-0.008973080757726626,22
קשת 12,morning,6-9m,6.9,1,2,4.896153846153846,4.450000000000001,4.715,0.9630007855459545,0.09112333071484646,26
קשת 12,morning,<1m,0.7666666666666667,0,1,5.023809523809523,4.25,4.859999999999999,0.96739336492891,0.15402843601895722,21
קשת 12,morning,6-9m,8.0,0,1,4.81111111111111,4.788888888888889,4.819999999999999,1.001847575057737,0.004618937644341625,27
קשת 12,morning,<1m,0.3,0,1,4.55,4.5,4.486666666666666,0.986080586080586,0.01098901098901095,24
קשת 12,morning,<1m,0.3,0,1,4.556,4.6,4.486666666666666,0.9847819724904886,-0.009657594381035972,25
קשת 12,morning,3-4m,3.8833333333333337,0,1,4.503333333333333,4.9,4.753333333333334,1.055514433752776,-0.08808290155440424,30
קשת 12,morning,3-4m,3.533333333333333,1,2,4.573333333333334,4.58,4.637333333333333,1.0139941690962098,-0.001457725947521693,30
קשת 12,morning,4-6m,4.416666666666667,0,1,4.888,4.6499999999999995,4.800000000000001,0.9819967266775779,0.0486906710310967,25
קשת 12,morning,<1m,0.9666666666666668,0,1,4.925000000000001,4.800000000000001,4.800000000000001,0.9746192893401016,0.025380710659898442,20
קשת 12,morning,4-6m,4.016666666666667,0,1,4.891666666666667,4.880000000000001,4.953333333333333,1.0126064735945486,0.002385008517887366,24
קשת 12,morning,<1m,0.3,0,1,4.832,5.0,4.786666666666668,0.9906181015452542,-0.03476821192052992,25
קשת 12,morning,4-6m,5.85,1,2,3.65,3.2857142857142856,3.4638095238095232,0.9489889106327462,0.09980430528375739,24
קשת 12,morning,<1m,0.4166666666666667,0,1,3.4833333333333334,3.0,3.2200000000000006,0.9244019138755982,0.13875598086124408,18
קשת 12,morning,4-6m,5.333333333333333,1,2,3.1681818181818184,3.1000000000000005,3.100952380952381,0.9787798046047688,0.021520803443328407,22
קשת 12,morning,<1m,0.5333333333333333,0,1,3.152173913043478,3.1,3.0533333333333332,0.9686436781609196,0.016551724137930934,23
קשת 12,afternoon,4-6m,5.983333333333333,0,1,3.248275862068966,3.028571428571429,3.1133333333333337,0.9584571832979476,0.06763724598119503,29
קשת 12,afternoon,<1m,0.55,0,1,3.2913043478260873,3.2,3.113333333333334,0.9459269044473801,0.02774108322324975,23
קשת 12,afternoon,4-6m,5.833333333333333,1,2,3.089655172413793,2.9714285714285715,3.0904761904761906,1.0002657312925172,0.03826530612244894,29
קשת 12,afternoon,4-6m,4.45,0,1,3.3111111111111113,3.3,3.4666666666666663,1.046979865771812,0.003355704697986739,27
קשת 12,afternoon,<1m,0.85,0,1,3.428,3.45,3.4666666666666663,1.0112796577207313,-0.0064177362893815815,25
קשת 12,afternoon,4-6m,4.116666666666666,0,1,4.414285714285714,4.0,4.286666666666666,0.9710895361380798,0.09385113268608403,28
קשת 12,afternoon,<1m,0.4166666666666667,0,1,4.656,4.4,4.286666666666666,0.9206758304696449,0.05498281786941572,25
קשת 12,afternoon,4-6m,5.283333333333333,0,1,5.000000000000001,4.757142857142857,4.839999999999999,0.9679999999999996,0.04857142857142871,29
קשת 12,afternoon,<1m,0.55,0,1,4.9624999999999995,4.6,4.84,0.9753148614609572,0.07304785894206545,24
קשת 12,afternoon,4-6m,4.616666666666666,0,1,5.085714285714287,4.916666666666666,4.873333333333334,0.9582397003745317,0.03323970037453228,28
קשת 12,afternoon,<1m,0.6333333333333333,0,1,5.312500000000001,4.8,5.386666666666667,1.0139607843137253,0.09647058823529431,24
קשת 12,afternoon,1-2m,1.4,0,1,7.2956521739130435,7.233333333333334,7.493333333333335,1.0270957489074297,0.00854191497814849,23
קשת 12,afternoon,2-3m,2.35,1,2,7.177272727272726,6.85,6.963333333333333,0.970192104707621,0.0455984800506648,22
קשת 12,afternoon,<1m,0.6666666666666666,0,1,7.210526315789475,6.9,6.786666666666666,0.9412165450121652,0.04306569343065714,19
קשת 12,afternoon,<1m,0.75,0,1,7.113333333333333,6.75,6.786666666666666,0.9540768509840675,0.05107778819119024,15
קשת 12,afternoon,1-2m,1.1333333333333333,0,1,6.5473684210526315,5.95,6.04,0.922508038585209,0.0912379421221865,19
קשת 12,afternoon,4-6m,4.35,0,1,6.641666666666667,5.76,6.04,0.9094102885821832,0.13274780426599753,24
קשת 12,afternoon,<1m,0.9333333333333332,0,1,6.643478260869566,5.8,6.04,0.9091623036649213,0.1269633507853405,23
קשת 12,afternoon,3-4m,3.216666666666667,1,2,7.520000000000001,7.1,7.382666666666667,0.9817375886524822,0.05585106382978744,30
קשת 12,early_evening,1-2m,1.5,0,1,8.804999999999998,8.299999999999999,7.953333333333333,0.9032746545523379,0.05735377626348659,20
קשת 12,early_evening,6-9m,8.183333333333334,0,1,8.747619047619047,7.655555555555556,7.953333333333333,0.9091997822536746,0.12484122663763375,21
קשת 12,early_evening,<1m,0.8666666666666667,0,1,8.60625,8.1,8.473333333333334,0.9845557976276933,0.05882352941176472,16
קשת 12,early_evening,<1m,0.3,0,1,8.6,8.1,8.473333333333334,0.9852713178294575,0.05813953488372092,17
קשת 12,early_evening,2-3m,2.316666666666667,0,1,8.756521739130434,8.766666666666667,8.473333333333334,0.9676597153260511,-0.0011585567692817822,23
קשת 12,early_evening,1-2m,1.4333333333333331,0,1,9.237499999999999,9.366666666666665,8.953333333333335,0.9692377086152462,-0.013982859720342855,24
קשת 12,early_evening,4-6m,4.916666666666667,0,1,9.265384615384615,8.683333333333332,8.953333333333335,0.9663207416632076,0.06281998062819993,26
קשת 12,early_evening,3-4m,3.3666666666666667,0,1,9.022222222222222,8.925,9.106666666666667,1.0093596059113301,0.010775862068965414,27
קשת 12,early_evening,<1m,0.8666666666666667,0,1,9.08,9.0,9.106666666666667,1.0029368575624082,0.008810572687224627,25
קשת 12,early_evening,6-9m,8.816666666666666,1,2,9.637931034482758,9.49,9.549999999999997,0.9908765652951698,0.015348837209302246,29
קשת 12,early_evening,<1m,0.3,0,1,12.536000000000001,11.1,11.946666666666667,0.9529887258030205,0.11455009572431407,25
קשת 12,early_evening,2-3m,2.85,0,1,13.196428571428571,11.05,11.946666666666667,0.9052954442940911,0.16265223274695528,28
קשת 12,late_evening,6-9m,8.15,1,2,17.968965517241376,14.299999999999999,15.66296296296296,0.8716674840259565,0.20418345806946836,29
קשת 12,late_evening,6-9m,8.166666666666666,1,2,23.203999999999997,20.9,22.218666666666667,0.9575360570016666,0.09929322530598172,25
קשת 12,late_evening,9m+,9.216666666666669,0,1,21.50909090909091,16.418181818181818,16.84,0.7829247675401521,0.23668639053254448,11
קשת 12,late_evening,<1m,0.3,0,1,19.74285714285714,16.9,16.84,0.8529667149059336,0.1439942112879884,7
קשת 12,late_evening,9m+,11.416666666666666,0,1,18.558823529411764,14.975,15.88,0.8556576862123614,0.19310618066561014,17
קשת 12,late_evening,9m+,10.85,1,2,13.546153846153848,10.691666666666665,11.986666666666666,0.8848760174143477,0.2107230740109789,26
קשת 12,late_evening,4-6m,5.883333333333334,0,1,10.666666666666666,7.45,8.893333333333333,0.83375,0.30156249999999996,24
קשת 12,late_evening,<1m,0.8166666666666667,0,1,10.029166666666667,8.25,8.893333333333333,0.8867469879518072,0.1773992521811384,24
קשת 12,late_evening,4-6m,5.533333333333333,0,1,7.242857142857143,7.185714285714285,7.453333333333333,1.029059829059829,0.007889546351084853,28
קשת 12,late_evening,<1m,0.6833333333333333,0,1,6.904545454545455,6.7,7.453333333333333,1.0794821154268157,0.02962475312705737,22
קשת 12,overnight,1-2m,1.0833333333333333,0,1,3.963636363636364,3.2,3.273333333333333,0.825840978593272,0.19266055045871555,22
קשת 12,overnight,4-6m,5.25,0,1,3.6,3.1666666666666665,3.273333333333333,0.9092592592592591,0.12037037037037046,24
קשת 12,overnight,1-2m,1.6333333333333333,0,1,3.288888888888889,3.2,3.273333333333333,0.99527027027027,0.027027027027027084,18
קשת 12,overnight,<1m,0.8333333333333334,0,1,2.65,2.55,2.686666666666667,1.0138364779874216,0.037735849056603765,24
קשת 12,overnight,<1m,0.7833333333333333,0,1,2.65,2.6500000000000004,2.686666666666667,1.0138364779874216,-2.220446049250313e-16,24
קשת 12,overnight,4-6m,4.65,0,1,2.162962962962963,2.1399999999999997,2.3,1.0633561643835616,0.010616438356164548,27
קשת 12,overnight,<1m,0.3666666666666666,0,1,2.08,2.1,1.9533333333333327,0.9391025641025638,-0.009615384615384581,25
קשת 12,overnight,1-2m,1.15,0,1,2.723333333333334,2.1333333333333333,2.5733333333333333,0.9449204406364746,0.21664626682986554,30
קשת 12,overnight,1-2m,1.15,1,2,0.40000000000000013,0.2,0.3833333333333333,0.9583333333333329,0.5000000000000001,30
קשת 12,overnight,1-2m,1.8166666666666669,0,1,0.8370370370370369,0.7333333333333334,0.6399999999999999,0.7646017699115044,0.12389380530973426,27
קשת 12,morning,<1m,0.3,0,1,2.3642857142857143,3.0,2.3733333333333335,1.0038267875125881,-0.268882175226586,28
קשת 12,morning,<1m,0.3,0,1,2.3642857142857143,3.2,2.3733333333333335,1.0038267875125881,-0.3534743202416919,28
קשת 12,morning,<1m,0.3,0,1,4.872413793103449,5.0,5.3066666666666675,1.0891247935833923,-0.026185421089879535,29
קשת 12,morning,<1m,0.3,0,1,4.86551724137931,4.8,5.3066666666666675,1.0906685565792584,0.013465627214741316,29
קשת 12,morning,6-9m,7.35,1,2,4.736,3.8875,4.411666666666667,0.9315174549549551,0.1791596283783783,25
קשת 12,morning,1-2m,1.3333333333333333,0,1,4.870588235294117,4.133333333333333,4.473333333333334,0.9184380032206121,0.15136876006441224,17
קשת 12,morning,6-9m,7.466666666666667,0,1,5.043478260869565,4.777777777777778,4.96,0.983448275862069,0.05268199233716475,23
קשת 12,morning,<1m,0.3,0,1,4.672727272727273,4.85,4.793333333333334,1.0258106355382621,-0.037937743190661344,22
קשת 12,morning,<1m,0.3,0,1,4.672727272727273,4.8,4.793333333333334,1.0258106355382621,-0.027237354085603016,22
קשת 12,morning,6-9m,7.783333333333333,1,2,4.661538461538462,4.677777777777779,4.5777777777777775,0.9820315364869819,-0.0034836817015035937,26
קשת 12,morning,<1m,0.9,0,1,4.709999999999999,4.449999999999999,4.7733333333333325,1.013446567586695,0.05520169851380041,20
קשת 12,morning,6-9m,6.916666666666667,0,1,5.481481481481482,5.1125,5.340000000000001,0.9741891891891893,0.0673141891891893,27
קשת 12,morning,<1m,0.3,0,1,6.384615384615385,7.1,6.493333333333333,1.017028112449799,-0.11204819277108413,26
קשת 12,morning,<1m,0.3,0,1,6.384615384615385,6.6,6.493333333333333,1.017028112449799,-0.033734939759036076,26
קשת 12,morning,4-6m,5.85,0,1,6.275862068965517,6.314285714285715,6.466666666666668,1.0304029304029305,-0.00612244897959191,29
קשת 12,morning,4-6m,4.25,0,1,5.616666666666665,5.733333333333333,5.859999999999999,1.0433234421364987,-0.02077151335311589,30
קשת 12,morning,4-6m,5.316666666666666,1,2,4.603571428571428,4.233333333333333,4.495555555555556,0.9765365054736663,0.08042410137057132,28
קשת 12,morning,1-2m,1.35,0,1,4.6,4.266666666666667,4.52,0.9826086956521739,0.07246376811594202,23
קשת 12,morning,4-6m,5.083333333333333,0,1,4.370370370370371,4.3999999999999995,4.493333333333333,1.0281355932203389,-0.006779661016948824,27
קשת 12,morning,<1m,0.3,0,1,4.216666666666667,4.6,4.493333333333334,1.065612648221344,-0.09090909090909083,24
קשת 12,morning,6-9m,6.416666666666667,1,2,3.483333333333333,3.128571428571429,3.1666666666666656,0.9090909090909088,0.1018455228981543,24
קשת 12,morning,<1m,0.6666666666666666,0,1,3.182352941176471,3.0,2.9666666666666663,0.9322242760320393,0.0573012939001849,17
קשת 12,morning,6-9m,6.033333333333333,0,1,2.673913043478261,2.642857142857143,2.606666666666666,0.9748509485094847,0.011614401858304424,23
קשת 12,morning,<1m,0.2333333333333333,0,1,2.6652173913043478,2.8,2.6066666666666665,0.978031538879826,-0.05057096247960846,23
קשת 12,afternoon,4-6m,5.266666666666667,0,1,3.041379310344827,3.0833333333333335,3.2199999999999993,1.0587301587301587,-0.013794406651549851,29
קשת 12,afternoon,<1m,0.6833333333333333,0,1,3.204166666666667,3.2,3.2199999999999993,1.0049414824447331,0.0013003901170351995,24
קשת 12,afternoon,4-6m,5.05,0,1,4.1,4.357142857142857,4.46,1.0878048780487806,-0.06271777003484313,30
קשת 12,afternoon,4-6m,5.683333333333334,0,1,4.267857142857142,4.016666666666667,4.1066666666666665,0.9622315202231521,0.05885634588563449,28
קשת 12,afternoon,1-2m,1.0166666666666666,0,1,4.279166666666667,4.05,4.1066666666666665,0.9596884128529698,0.05355404089581317,24
קשת 12,afternoon,2-3m,2.7,0,1,4.428571428571428,4.525,4.506666666666666,1.0176344086021505,-0.021774193548387277,28
קשת 12,afternoon,<1m,0.8833333333333333,0,1,4.465384615384615,4.3,4.506666666666666,1.0092449038185471,0.03703703703703687,26
קשת 12,afternoon,4-6m,5.216666666666667,0,1,4.675862068965518,4.328571428571429,4.533333333333332,0.9695181907571284,0.07427307206068268,29
קשת 12,afternoon,<1m,0.55,0,1,4.758333333333333,4.6,4.533333333333333,0.9527145359019266,0.03327495621716281,24
קשת 12,afternoon,4-6m,4.833333333333333,1,2,4.464285714285714,4.2,4.281111111111111,0.9589688888888888,0.05920000000000003,28
קשת 12,afternoon,<1m,0.5833333333333334,0,1,4.433333333333334,4.0,4.320000000000001,0.9744360902255641,0.09774436090225569,24
קשת 12,afternoon,1-2m,1.4166666666666667,0,1,5.854166666666667,5.066666666666666,5.386666666666668,0.9201423487544486,0.13451957295373673,24
קשת 12,afternoon,3-4m,3.4166666666666665,1,2,6.068,5.075,5.6833333333333345,0.9366073390463637,0.16364535266974278,25
קשת 12,afternoon,<1m,0.8666666666666667,0,1,6.156521739130436,5.0,5.98,0.9713276836158191,0.1878531073446329,23
קשת 12,afternoon,1-2m,1.1333333333333333,0,1,6.938095238095239,7.15,7.013333333333334,1.010844200411805,-0.0305422100205901,21
קשת 12,afternoon,1-2m,1.3166666666666669,0,1,7.095238095238097,7.4,7.126666666666666,1.004429530201342,-0.04295302013422808,21
קשת 12,afternoon,4-6m,5.233333333333333,0,1,7.263999999999999,6.999999999999999,7.126666666666666,0.981093979441997,0.03634361233480177,25
קשת 12,afternoon,<1m,0.5,0,1,7.3428571428571425,6.9,7.126666666666666,0.9705577172503242,0.060311284046692504,21
קשת 12,afternoon,4-6m,5.7,1,2,8.336666666666666,8.116666666666667,8.037777777777778,0.964147674263628,0.02638944422231093,30
קשת 12,early_evening,1-2m,1.5166666666666666,0,1,10.085714285714285,9.833333333333334,10.306666666666668,1.0219074598678,0.025023607176581586,21
קשת 12,early_evening,6-9m,7.45,0,1,10.069565217391306,9.524999999999999,9.559999999999999,0.9493955094991362,0.05408031088082932,23
קשת 12,early_evening,2-3m,2.2666666666666666,1,2,10.11176470588235,9.0,9.75111111111111,0.9643332686962705,0.10994764397905743,17
קשת 12,early_evening,<1m,0.3,0,1,10.16111111111111,8.5,9.846666666666666,0.9690541279387644,0.1634773100054674,18
קשת 12,early_evening,2-3m,2.6333333333333333,0,1,10.55,9.966666666666667,9.846666666666666,0.9333333333333332,0.05529225908372837,26
קשת 12,early_evening,1-2m,1.6166666666666667,0,1,11.486363636363636,11.333333333333334,10.82,0.9419865453106451,0.013322780635799947,22
קשת 12,early_evening,6-9m,6.866666666666666,0,1,11.58,10.4125,10.82,0.9343696027633852,0.10082037996545767,20
קשת 12,early_evening,4-6m,5.816666666666666,0,1,11.90952380952381,11.642857142857142,11.753333333333332,0.9868852459016392,0.02239104358256705,21
קשת 12,early_evening,<1m,0.8666666666666667,0,1,11.931818181818182,11.4,11.753333333333334,0.9850412698412699,0.044571428571428484,22
קשת 12,early_evening,9m+,10.733333333333333,1,2,12.217241379310344,11.790909090909093,11.762424242424244,0.9627725177259472,0.034895953608908514,29
קשת 12,early_evening,<1m,0.3,0,1,14.58,12.7,13.866666666666667,0.9510745313214449,0.12894375857338825,25
קשת 12,early_evening,3-4m,3.933333333333333,0,1,15.179310344827586,12.720000000000002,13.866666666666669,0.9135241556868092,0.1620172648796,29
קשת 12,late_evening,9m+,9.8,1,2,19.067857142857143,16.218181818181822,17.939999999999998,0.9408503465068364,0.14944916480784598,28
קשת 12,late_evening,6-9m,8.7,1,2,17.65666666666667,15.940000000000001,17.212,0.9748159335472907,0.09722484425146316,30
קשת 12,late_evening,6-9m,9.0,0,1,17.54074074074074,14.8,15.646666666666667,0.892018581081081,0.15625,27
קשת 12,late_evening,<1m,0.85,0,1,19.02857142857143,20.5,19.12666666666667,1.0051551551551552,-0.07732732732732739,14
קשת 12,late_evening,<1m,0.3,0,1,19.31875,20.25,19.12666666666667,0.9900571551817103,-0.04820446457457117,16
קשת 12,late_evening,9m+,10.7,1,2,20.94074074074074,16.64166666666667,18.864444444444448,0.9008489564909801,0.20529713477184275,27
קשת 12,late_evening,9m+,9.383333333333333,0,1,23.8,17.18,19.639999999999997,0.8252100840336133,0.2781512605042017,29
קשת 12,late_evening,4-6m,5.3,0,1,17.8037037037037,15.083333333333334,19.933333333333334,1.119617224880383,0.15279800291241918,27
קשת 12,late_evening,1-2m,1.3333333333333333,1,2,15.0375,11.4,13.071111111111108,0.8692343216033988,0.24189526184538646,24
קשת 12,late_evening,4-6m,4.25,0,1,7.435999999999999,6.720000000000001,7.473333333333334,1.0050206204052359,0.09628832705755763,25
קשת 12,late_evening,<1m,0.8833333333333333,0,1,7.058333333333333,6.35,7.473333333333334,1.0587957497048408,0.10035419126328216,24
קשת 12,overnight,1-2m,1.8166666666666669,0,1,5.504545454545454,5.766666666666667,5.64,1.0246077621800165,-0.04761904761904767,22
קשת 12,overnight,3-4m,3.3333333333333335,0,1,4.983333333333333,5.640000000000001,5.64,1.131772575250836,-0.1317725752508363,24
קשת 12,overnight,1-2m,1.6166666666666667,0,1,4.673913043478261,5.800000000000001,5.64,1.2066976744186046,-0.24093023255813972,23
קשת 12,overnight,<1m,0.7,0,1,3.317241379310345,2.5,3.733333333333333,1.1254331254331253,0.24636174636174646,29
קשת 12,overnight,<1m,0.75,0,1,3.110714285714286,2.7,2.44,0.7843857634902409,0.1320321469575202,28
קשת 12,overnight,3-4m,3.033333333333333,0,1,1.9607142857142859,2.175,2.193333333333334,1.1186399514268368,-0.1092896174863387,28
קשת 12,overnight,<1m,0.65,0,1,1.876923076923077,2.2,2.193333333333334,1.1685792349726778,-0.1721311475409837,26
קשת 12,overnight,1-2m,1.8166666666666669,0,1,1.31,1.4333333333333333,1.3733333333333337,1.048346055979644,-0.09414758269720092,30
קשת 12,overnight,1-2m,1.4333333333333331,0,1,0.993333333333333,0.9,1.0333333333333334,1.0402684563758395,0.0939597315436238,30
קשת 12,overnight,<1m,0.85,0,1,0.8466666666666663,0.8500000000000001,0.7866666666666665,0.9291338582677167,-0.003937007874016185,30
קשת 12,overnight,1-2m,1.4333333333333331,0,1,0.6000000000000001,0.6,0.5999999999999999,0.9999999999999997,2.220446049250313e-16,30
קשת 12,overnight,<1m,0.7,0,1,0.6666666666666666,1.0,0.7666666666666667,1.1500000000000001,-0.5,27
קשת 12,overnight,1-2m,1.4333333333333331,0,1,0.7000000000000001,0.5,0.58,0.8285714285714284,0.2857142857142858,29
קשת 12,overnight,2-3m,2.0166666666666666,0,1,0.8333333333333335,0.9,0.6866666666666669,0.8240000000000001,-0.07999999999999985,30
קשת 12,morning,<1m,0.3,0,1,2.38,2.4,2.3466666666666667,0.9859943977591037,-0.008403361344537785,30
קשת 12,morning,<1m,0.3,0,1,2.4172413793103447,2.4,2.3466666666666667,0.9708036138849264,0.007132667617688937,29
קשת 12,morning,<1m,0.3,0,1,5.646428571428571,6.8,6.12,1.0838709677419356,-0.20430107526881724,28
קשת 12,morning,<1m,0.3,0,1,5.646428571428571,6.8,6.12,1.0838709677419356,-0.20430107526881724,28
קשת 12,morning,6-9m,6.5,1,2,5.164,5.0375,5.147500000000001,0.996804802478699,0.024496514329976793,25
קשת 12,morning,1-2m,1.45,0,1,4.786363636363635,4.633333333333334,4.7266666666666675,0.9875276986388102,0.03197214308325391,22
קשת 12,morning,6-9m,6.183333333333334,0,1,4.378571428571429,3.957142857142857,4.093333333333334,0.9348558999456226,0.09624796084828724,28
קשת 12,morning,<1m,0.3,0,1,4.486363636363636,4.3,4.353333333333333,0.9703478554542383,0.041540020263424515,22
קשת 12,morning,<1m,0.3,0,1,4.486363636363636,4.3,4.353333333333333,0.9703478554542383,0.041540020263424515,22
קשת 12,morning,6-9m,6.633333333333334,0,1,4.6269230769230765,4.571428571428571,4.706666666666666,1.0172346910501524,0.011993824961405997,26
קשת 12,morning,1-2m,1.25,0,1,4.613043478260869,4.6,4.513333333333333,0.9783851712221174,0.002827521206409056,23
קשת 12,morning,6-9m,6.916666666666667,0,1,4.882142857142857,4.8375,4.826666666666666,0.9886369178249207,0.009144111192392002,28
קשת 12,morning,<1m,0.3,0,1,5.548000000000001,5.7,5.526666666666666,0.9961547704878633,-0.02739726027397249,25
קשת 12,morning,<1m,0.3,0,1,5.548000000000001,5.7,5.526666666666666,0.9961547704878633,-0.02739726027397249,25
קשת 12,morning,4-6m,5.133333333333334,1,2,5.706666666666666,5.8,5.733333333333334,1.004672897196262,-0.016355140186915973,30
קשת 12,morning,4-6m,4.783333333333333,0,1,5.27,5.3,5.366666666666666,1.0183428209993675,-0.00569259962049351,30
קשת 12,morning,4-6m,5.216666666666667,1,2,4.493333333333334,4.083333333333333,4.375555555555556,0.9737883283877348,0.09124629080118718,30
קשת 12,morning,<1m,0.3,0,1,4.4239999999999995,4.1,4.320000000000001,0.9764918625678123,0.0732368896925859,25
קשת 12,morning,4-6m,5.083333333333333,0,1,4.189655172413793,4.599999999999999,4.5133333333333345,1.0772565157750347,-0.09794238683127543,29
קשת 12,morning,<1m,0.7,0,1,4.154166666666666,4.1,4.5133333333333345,1.0864593781344036,0.013039117352056095,24
קשת 12,morning,4-6m,5.833333333333333,1,2,4.118181818181818,3.971428571428571,4.342857142857143,1.0545569221065911,0.035635446231472856,22
קשת 12,morning,<1m,0.3,0,1,4.2375,4.1,4.413333333333333,1.0414945919370697,0.03244837758112096,16
קשת 12,morning,4-6m,5.633333333333334,1,2,4.568181818181819,5.328571428571429,4.794285714285714,1.0494953802416485,-0.16645344705046194,22
קשת 12,morning,<1m,0.2166666666666666,0,1,4.577272727272728,5.0,4.946666666666667,1.080701754385965,-0.09235352532274055,22
קשת 12,afternoon,4-6m,5.516666666666667,0,1,4.062068965517241,3.685714285714286,3.5933333333333333,0.8846066779852858,0.09265098229444568,29
קשת 12,afternoon,<1m,0.6666666666666666,0,1,4.0,3.5,3.5933333333333333,0.8983333333333333,0.125,24
קשת 12,afternoon,4-6m,5.2,0,1,4.506666666666666,3.8857142857142852,4.046666666666666,0.8979289940828402,0.13778529163144548,30
קשת 12,afternoon,4-6m,6.0,0,1,4.989285714285715,4.785714285714286,4.8999999999999995,0.9821045096635646,0.04080171796707244,28
קשת 12,afternoon,1-2m,1.25,0,1,4.995652173913043,5.0,4.9,0.9808529155787643,-0.0008703220191472738,23
קשת 12,afternoon,<1m,0.9333333333333332,0,1,4.985714285714286,4.95,4.873333333333333,0.9774594078319007,0.007163323782234943,28
קשת 12,afternoon,<1m,0.5666666666666667,0,1,5.035714285714286,4.3,4.873333333333333,0.9677541371158392,0.14609929078014183,28
קשת 12,afternoon,6-9m,6.183333333333334,0,1,4.6571428571428575,4.085714285714286,4.013333333333333,0.8617586912065438,0.12269938650306744,28
קשת 12,afternoon,<1m,0.9333333333333332,0,1,4.373913043478261,3.75,4.013333333333333,0.917561298873426,0.14264413518886676,23
קשת 12,afternoon,4-6m,5.783333333333333,0,1,4.3724137931034495,4.028571428571428,4.153333333333335,0.9498948475289171,0.07863902658855393,29
קשת 12,afternoon,<1m,0.2,0,1,4.430434782608697,4.1,4.153333333333334,0.9374550212626758,0.07458292443572168,23
קשת 12,afternoon,1-2m,1.6166666666666667,0,1,5.119999999999999,5.25,5.086666666666667,0.9934895833333335,-0.025390625000000222,25
קשת 12,afternoon,2-3m,3.0,0,1,5.0888888888888895,5.075,5.086666666666667,0.9995633187772925,0.0027292576419214454,27
קשת 12,afternoon,1-2m,1.25,0,1,5.1,5.050000000000001,5.086666666666667,0.9973856209150328,0.009803921568627194,25
קשת 12,afternoon,1-2m,1.5,0,1,5.504761904761904,5.966666666666666,5.686666666666665,1.0330449826989618,-0.08391003460207624,21
קשת 12,afternoon,4-6m,5.033333333333333,0,1,5.883333333333333,5.433333333333334,5.6866666666666665,0.96657223796034,0.0764872521246458,24
קשת 12,afternoon,<1m,0.6166666666666667,0,1,6.125,5.300000000000001,5.686666666666666,0.9284353741496597,0.13469387755102025,20
קשת 12,afternoon,4-6m,4.866666666666666,0,1,6.9433333333333325,6.0,6.173333333333333,0.8891022563610178,0.13586173787806033,30
קשת 12,early_evening,6-9m,8.3,0,1,9.85,10.0,10.0,1.015228426395939,-0.015228426395939021,24
קשת 12,early_evening,1-2m,1.4,0,1,10.368749999999999,9.9,10.0,0.9644364074743823,0.045207956600361476,16
קשת 12,early_evening,<1m,0.8333333333333334,0,1,10.95625,10.75,11.046666666666669,1.0082525194903975,0.01882487164860247,16
קשת 12,early_evening,<1m,0.2,0,1,10.994117647058824,10.8,11.046666666666669,1.0047797396112004,0.017656500802568198,17
קשת 12,early_evening,2-3m,2.25,0,1,11.237499999999999,10.933333333333332,11.046666666666669,0.9830181683351875,0.02706711160548758,24
קשת 12,early_evening,1-2m,1.9166666666666667,0,1,12.147619047619047,11.5,11.51333333333333,0.947785182281458,0.053312426499411925,21
קשת 12,early_evening,6-9m,7.233333333333333,1,2,12.004761904761907,10.822222222222221,11.566666666666665,0.9635065450218164,0.09850588390850212,21
קשת 12,early_evening,3-4m,3.966666666666667,0,1,11.610526315789473,11.46,11.67333333333333,1.0054094892716832,0.01296464188576596,19
קשת 12,early_evening,<1m,0.8,0,1,11.610526315789473,11.1,11.67333333333333,1.0054094892716832,0.04397098821396184,19
קשת 12,early_evening,6-9m,8.35,1,2,11.685185185185187,11.077777777777776,11.290370370370372,0.9662123613312202,0.05198098256735373,27
קשת 12,early_evening,<1m,0.9666666666666668,0,1,13.94,12.6,13.826666666666664,0.9918699186991868,0.09612625538020081,25
קשת 12,early_evening,<1m,0.3,0,1,14.016666666666666,13.0,13.826666666666664,0.9864447086801426,0.07253269916765748,24
קשת 12,early_evening,4-6m,4.05,0,1,14.810714285714285,12.84,13.826666666666664,0.933558395627361,0.133060043404871,28
קשת 12,late_evening,9m+,9.416666666666666,1,2,17.978260869565215,14.780000000000001,16.71066666666667,0.9294929463925838,0.1778960096735186,23
קשת 12,late_evening,9m+,9.216666666666669,0,1,17.382608695652173,16.418181818181818,16.69333333333333,0.9603468400867099,0.05548228659784438,23
קשת 12,late_evening,9m+,9.433333333333334,1,2,16.854166666666668,14.76,16.089999999999996,0.9546600741656363,0.12425216316440058,24
קשת 12,late_evening,<1m,0.3,0,1,18.07857142857143,18.1,16.153333333333332,0.8935071776636375,-0.0011853022520742496,14
קשת 12,late_evening,<1m,0.3,0,1,18.493333333333332,19.1,16.153333333333332,0.8734679163662581,-0.03280461427541459,15
קשת 12,late_evening,9m+,10.666666666666666,1,2,20.522727272727273,15.08181818181818,16.762424242424242,0.8167737172388334,0.26511627906976754,22
קשת 12,late_evening,9m+,9.65,1,2,24.638461538461538,17.14545454545454,20.816969696969696,0.8448973027180957,0.3041182981863595,26
קשת 12,late_evening,1-2m,1.2666666666666666,0,1,16.28,16.3,15.76666666666667,0.9684684684684686,-0.0012285012285011554,25
קשת 12,late_evening,4-6m,4.816666666666666,0,1,10.511538461538462,9.08,9.873333333333333,0.9392852786925234,0.1361873399195025,26
קשת 12,late_evening,1-2m,1.3666666666666667,0,1,9.636,8.850000000000001,9.873333333333333,1.0246298602462987,0.08156911581569093,25
קשת 12,late_evening,4-6m,4.633333333333334,0,1,5.796296296296295,5.25,5.386666666666668,0.9293290734824285,0.09424920127795511,27
קשת 12,late_evening,<1m,0.7333333333333333,0,1,5.495833333333334,5.1,5.386666666666668,0.9801364670204702,0.07202426080363922,24
קשת 12,overnight,1-2m,1.55,0,1,3.2699999999999996,3.0,2.986666666666667,0.9133537206931704,0.08256880733944938,20
קשת 12,overnight,4-6m,5.116666666666666,1,2,3.175,3.1,3.1366666666666663,0.9879265091863516,0.023622047244094446,20
קשת 12,overnight,1-2m,1.7333333333333334,0,1,3.221052631578947,3.0666666666666664,3.2866666666666666,1.0203703703703704,0.04793028322440085,19
קשת 12,overnight,<1m,0.6666666666666666,1,2,3.4227272727272733,3.4,3.3666666666666663,0.9836210712704734,0.006640106241700083,22
קשת 12,overnight,<1m,0.95,0,1,3.420833333333333,3.4,3.446666666666666,1.0075517661388549,0.006090133982947554,24
קשת 12,overnight,3-4m,3.35,1,2,3.0035714285714286,2.8,2.977333333333333,0.991264367816092,0.06777645659928666,28
קשת 12,overnight,1-2m,1.0666666666666669,0,1,2.884,3.0,2.8533333333333335,0.9893666204345817,-0.04022191400832176,25
קשת 12,overnight,1-2m,1.1666666666666667,0,1,0.8833333333333332,0.9,0.8866666666666668,1.0037735849056608,-0.018867924528302105,30
קשת 12,overnight,1-2m,1.65,0,1,0.6566666666666666,0.6,0.37333333333333335,0.5685279187817259,0.08629441624365475,30
קשת 12,overnight,2-3m,2.65,0,1,1.242857142857143,0.875,1.0599999999999996,0.8528735632183904,0.29597701149425304,28
קשת 12,morning,<1m,0.3,0,1,1.8448275862068968,1.95,1.7999999999999998,0.9757009345794391,-0.05700934579439232,29
קשת 12,morning,<1m,0.3,0,1,1.8448275862068968,2.0,1.7999999999999998,0.9757009345794391,-0.08411214953271018,29
קשת 12,morning,<1m,0.3,0,1,3.755555555555555,4.45,4.086666666666667,1.088165680473373,-0.1849112426035504,27
קשת 12,morning,<1m,0.3,0,1,3.7730769230769234,4.4,4.086666666666667,1.0831124702684336,-0.16615698267074408,26
קשת 12,morning,6-9m,6.033333333333333,0,1,4.219230769230769,3.6571428571428575,3.7333333333333334,0.8848374354299605,0.13322047141554882,26
קשת 12,morning,1-2m,1.3166666666666669,1,2,4.326086956521739,3.8499999999999996,4.133333333333333,0.9554438860971523,0.11005025125628154,23
קשת 12,morning,6-9m,7.216666666666667,0,1,5.325,5.4625,5.406666666666666,1.0153364632237871,-0.025821596244131495,28
קשת 12,morning,<1m,0.3,0,1,5.9350000000000005,6.0,5.993333333333334,1.009828699803426,-0.010951979780960297,20
קשת 12,morning,<1m,0.3,0,1,5.9350000000000005,6.0,5.993333333333334,1.009828699803426,-0.010951979780960297,20
קשת 12,morning,6-9m,6.75,0,1,6.024000000000001,5.6625,5.706666666666667,0.9473218238158476,0.060009960159362774,25
קשת 12,morning,1-2m,1.45,0,1,6.081818181818182,5.466666666666666,5.706666666666667,0.9383158943697061,0.10114598903836591,22
קשת 12,morning,6-9m,7.6,0,1,6.725000000000001,6.7125,6.900000000000001,1.0260223048327137,0.0018587360594797264,28
קשת 12,morning,<1m,0.3,0,1,6.770588235294118,6.7,6.719999999999999,0.9925282363162465,0.010425716768027726,17
קשת 12,morning,<1m,0.3,0,1,6.705555555555555,6.6,6.719999999999999,1.0021541010770505,0.0157415078707539,18
קשת 12,morning,6-9m,6.116666666666666,0,1,6.128571428571428,6.075,5.906666666666666,0.9637917637917638,0.00874125874125864,28
קשת 12,morning,4-6m,5.8,0,1,5.23,5.371428571428572,5.326666666666667,1.018483110261313,-0.027041791860147546,30
קשת 12,morning,4-6m,5.25,0,1,4.667857142857143,4.5,4.5133333333333345,0.9668961999489929,0.035960214231063437,28
קשת 12,morning,1-2m,1.6333333333333333,0,1,4.520833333333333,4.2,4.513333333333334,0.9983410138248849,0.07096774193548372,24
קשת 12,morning,4-6m,5.65,1,2,4.010714285714285,4.1499999999999995,3.9344444444444453,0.9809834767982589,-0.03472840605520933,28
קשת 12,morning,<1m,0.9833333333333332,0,1,3.829166666666667,3.5,3.873333333333334,1.0115342763873776,0.08596300326441797,24
קשת 12,morning,4-6m,5.816666666666666,1,2,3.6538461538461537,3.5428571428571436,3.5533333333333337,0.9724912280701755,0.030375939849623834,26
קשת 12,morning,1-2m,1.5166666666666666,0,1,3.5650000000000004,3.5,3.6866666666666665,1.0341280972417015,0.01823281907433394,20
קשת 12,morning,6-9m,6.166666666666667,1,2,4.379166666666666,4.328571428571428,4.389523809523809,1.0023650944678537,0.011553622400435004,24
קשת 12,morning,<1m,0.6833333333333333,0,1,4.630434782608695,4.449999999999999,4.506666666666666,0.9732707355242566,0.03896713615023484,23
קשת 12,afternoon,4-6m,5.483333333333333,0,1,5.006896551724137,4.728571428571429,4.786666666666668,0.9560146923783293,0.05558835104289628,29
קשת 12,afternoon,1-2m,1.25,0,1,4.95,4.8,4.786666666666667,0.9670033670033671,0.030303030303030387,24
קשת 12,afternoon,6-9m,6.466666666666667,0,1,5.626666666666666,5.0857142857142845,5.3999999999999995,0.9597156398104265,0.09614082599864604,30
קשת 12,afternoon,4-6m,4.8,0,1,5.4142857142857155,5.366666666666667,5.260000000000001,0.9715039577836411,0.008795074758135568,28
קשת 12,afternoon,1-2m,1.5166666666666666,0,1,5.436,5.2,5.260000000000001,0.9676232523914644,0.043414275202354635,25
קשת 12,afternoon,1-2m,1.4166666666666667,0,1,4.614285714285714,3.95,4.193333333333333,0.9087719298245615,0.1439628482972135,28
קשת 12,afternoon,<1m,0.8833333333333333,0,1,4.435714285714286,4.25,4.193333333333333,0.9453569511540526,0.04186795491143325,28
קשת 12,afternoon,6-9m,6.7,0,1,4.496428571428571,4.075,4.046666666666666,0.8999735239608154,0.09372517871326436,28
קשת 12,afternoon,1-2m,1.9,0,1,4.760869565217392,3.8666666666666667,4.046666666666666,0.8499847792998476,0.18782343987823447,23
קשת 12,afternoon,1-2m,1.45,0,1,6.714285714285714,6.733333333333333,6.673333333333335,0.9939007092198583,-0.0028368794326241176,28
קשת 12,afternoon,1-2m,1.0666666666666669,0,1,6.7185185185185174,6.75,6.673333333333334,0.9932745314222714,-0.004685777287761983,27
קשת 12,afternoon,1-2m,1.3833333333333333,0,1,7.0520000000000005,6.65,6.866666666666665,0.9737190395159763,0.05700510493477029,25
קשת 12,afternoon,2-3m,2.8666666666666667,0,1,7.004166666666666,6.7,6.8666666666666645,0.9803688280785244,0.04342653182629386,24
קשת 12,afternoon,1-2m,1.4666666666666666,0,1,6.891304347826087,6.75,6.913333333333333,1.0031966351209254,0.02050473186119872,23
קשת 12,afternoon,1-2m,1.1166666666666667,0,1,6.776470588235294,6.75,6.913333333333333,1.0201967592592593,0.00390625,17
קשת 12,afternoon,1-2m,1.15,0,1,6.852380952380951,6.25,6.339999999999999,0.9252258512856151,0.08790826963168852,21
קשת 12,afternoon,4-6m,4.133333333333334,0,1,6.933333333333333,6.26,6.339999999999999,0.9144230769230769,0.0971153846153846,24
קשת 12,afternoon,1-2m,1.45,0,1,7.0,6.4,6.339999999999999,0.9057142857142856,0.08571428571428563,21
קשת 12,afternoon,4-6m,4.483333333333333,0,1,7.916666666666667,7.720000000000001,7.959999999999999,1.005473684210526,0.024842105263157888,30
קשת 12,early_evening,6-9m,8.566666666666666,0,1,9.547619047619047,8.969999999999999,8.813333333333333,0.9230922693266832,0.060498753117207094,21
קשת 12,early_evening,1-2m,1.85,0,1,9.446153846153846,8.233333333333334,8.813333333333333,0.9330076004343104,0.12839305103148746,13
קשת 12,early_evening,1-2m,1.6166666666666667,0,1,9.3,8.733333333333333,8.913333333333332,0.9584229390681002,0.06093189964157719,14
קשת 12,early_evening,<1m,0.65,0,1,9.4875,8.35,8.913333333333332,0.9394817742643827,0.11989459815546777,16
קשת 12,early_evening,2-3m,2.45,0,1,9.80952380952381,9.0,8.913333333333332,0.908640776699029,0.08252427184466027,21
קשת 12,early_evening,1-2m,1.9833333333333336,0,1,10.61304347826087,10.466666666666667,9.919999999999998,0.9346988938959441,0.01379216168237063,23
קשת 12,early_evening,6-9m,6.55,0,1,10.804347826086957,9.357142857142858,9.92,0.9181488933601609,0.13394653636102327,23
קשת 12,early_evening,4-6m,5.333333333333333,1,2,10.689999999999998,10.6,10.773333333333335,1.0077954474586845,0.008419083255378657,20
קשת 12,early_evening,1-2m,1.5666666666666669,0,1,10.773684210526316,10.266666666666666,10.573333333333334,0.9814036801823808,0.04706073929327481,19
קשת 12,early_evening,6-9m,7.95,1,2,11.091666666666667,10.155555555555557,10.531851851851854,0.9495283412638786,0.08439769596794378,24
קשת 12,early_evening,<1m,0.3,0,1,14.766666666666666,13.0,14.286666666666665,0.9674943566591422,0.11963882618510158,24
קשת 12,early_evening,3-4m,3.183333333333333,0,1,15.337037037037037,13.725,14.286666666666665,0.9315141270224583,0.10510746196570875,27
קשת 12,late_evening,9m+,9.433333333333334,1,2,16.285714285714285,13.820000000000002,15.47933333333333,0.9504853801169589,0.15140350877192965,28
קשת 12,late_evening,6-9m,8.6,0,1,14.683333333333332,13.299999999999999,13.686666666666666,0.932122587968218,0.09421112372304197,24
קשת 12,late_evening,9m+,10.883333333333333,1,2,13.681818181818182,11.666666666666666,12.808333333333335,0.9361572535991142,0.1472868217054264,22
קשת 12,late_evening,<1m,0.3,0,1,14.331249999999999,13.2,12.053333333333335,0.8410524785579301,0.07893589184474481,16
קשת 12,late_evening,<1m,0.3,0,1,14.564705882352941,14.0,12.053333333333335,0.8275713516424341,0.03877221324717284,17
קשת 12,late_evening,9m+,10.25,0,1,16.14074074074074,11.227272727272727,12.053333333333336,0.7467645709040847,0.30441403479494344,27
קשת 12,late_evening,9m+,9.65,1,2,18.653571428571432,10.489999999999998,14.090666666666667,0.7553870700108494,0.43764120237411464,28
קשת 12,late_evening,4-6m,4.983333333333333,0,1,13.246153846153847,10.016666666666666,13.766666666666667,1.0392953929539295,0.24380565234223783,26
קשת 12,late_evening,<1m,0.9833333333333332,0,1,11.604347826086956,8.899999999999999,13.766666666666667,1.1863369551642313,0.2330460846759087,23
קשת 12,late_evening,6-9m,6.716666666666667,0,1,6.684615384615385,6.0375,6.426666666666666,0.9614115841963942,0.09680667433832002,26
קשת 12,late_evening,<1m,0.9666666666666668,0,1,6.431818181818182,6.15,6.426666666666666,0.9991990577149586,0.04381625441696102,22
קשת 12,overnight,3-4m,3.6,1,2,4.353571428571429,3.96,4.381333333333333,1.006376811594203,0.09040196882690732,28
קשת 12,overnight,1-2m,1.2666666666666666,0,1,4.007692307692308,3.6,3.533333333333333,0.8816378758797184,0.10172744721689053,26
קשת 12,overnight,1-2m,1.8833333333333333,0,1,3.019230769230769,2.7000000000000006,2.8466666666666662,0.9428450106157111,0.10573248407643288,26
קשת 12,overnight,3-4m,3.1,0,1,3.0259259259259266,3.1,2.9466666666666668,0.9738066095471235,-0.024479804161566587,27
קשת 12,overnight,1-2m,1.35,0,1,3.2099999999999995,3.6333333333333333,3.2133333333333325,1.0010384215991692,-0.13187954309449657,30
קשת 12,overnight,<1m,0.8333333333333334,0,1,2.646666666666667,3.3,2.8266666666666667,1.0680100755667505,-0.24685138539042795,30
קשת 12,overnight,<1m,0.85,0,1,2.75,2.9,2.746666666666667,0.9987878787878789,-0.05454545454545445,30
קשת 12,overnight,1-2m,1.3,0,1,1.24,1.2,1.0933333333333333,0.8817204301075269,0.032258064516129115,30
קשת 12,overnight,1-2m,1.4166666666666667,0,1,1.4035714285714282,1.5666666666666667,1.4266666666666665,1.016454622561493,-0.11620016963528434,28
קשת 12,morning,<1m,0.3,0,1,1.4933333333333332,1.7,1.6000000000000003,1.0714285714285718,-0.1383928571428572,30
קשת 12,morning,<1m,0.3,0,1,1.4862068965517239,1.7,1.6000000000000003,1.0765661252900236,-0.14385150812064973,29
קשת 12,morning,<1m,0.3,0,1,3.875862068965517,3.95,3.9133333333333336,1.0096678529062872,-0.019128113879003594,29
קשת 12,morning,<1m,0.3,0,1,3.907142857142857,4.0,3.9133333333333336,1.0015843997562464,-0.02376599634369292,28
קשת 12,morning,4-6m,5.183333333333334,0,1,5.042307692307692,5.083333333333333,4.946666666666666,0.9810322908721077,-0.008136282735825118,26
קשת 12,morning,1-2m,2.0,1,2,5.4375,5.2,5.217777777777779,0.9595913154533846,0.04367816091954024,24
קשת 12,morning,4-6m,5.716666666666667,0,1,6.61111111111111,6.642857142857144,6.793333333333335,1.0275630252100845,-0.004801920768307655,27
קשת 12,morning,<1m,0.3,0,1,6.747826086956523,7.1,6.919999999999998,1.0255154639175252,-0.05219072164948435,23
קשת 12,morning,<1m,0.3,0,1,6.747826086956523,7.1,6.919999999999998,1.0255154639175252,-0.05219072164948435,23
קשת 12,morning,6-9m,6.716666666666667,1,2,6.751851851851852,6.475,6.508333333333333,0.9639330773450355,0.041003839824465316,27
קשת 12,morning,1-2m,1.0833333333333333,0,1,6.827272727272728,6.65,6.8933333333333335,1.009675987572126,0.025965379494008012,22
קשת 12,morning,6-9m,6.966666666666667,0,1,6.944827586206896,6.512499999999999,6.653333333333334,0.9580271433300234,0.06225173783515403,29
קשת 12,morning,<1m,0.2,0,1,6.791304347826089,7.1,6.960000000000002,1.0248399487836106,-0.04545454545454497,23
קשת 12,morning,<1m,0.2,0,1,6.791304347826089,7.1,6.960000000000002,1.0248399487836106,-0.04545454545454497,23
קשת 12,morning,6-9m,6.633333333333334,0,1,6.520000000000001,6.2,6.366666666666666,0.9764826175869118,0.049079754601227155,30
קשת 12,morning,6-9m,6.816666666666666,0,1,5.650000000000002,5.6000000000000005,5.666666666666667,1.0029498525073743,0.00884955752212413,30
קשת 12,morning,4-6m,4.033333333333333,0,1,4.4624999999999995,4.42,4.42,0.9904761904761906,0.009523809523809379,24
קשת 12,morning,<1m,0.8666666666666667,1,2,4.4350000000000005,4.4,4.413333333333333,0.9951146185644493,0.007891770011273946,20
קשת 12,morning,4-6m,4.516666666666667,1,2,4.375,4.283333333333333,4.3933333333333335,1.0041904761904763,0.020952380952380945,24
קשת 12,morning,4-6m,5.133333333333334,0,1,4.378571428571429,4.133333333333334,4.126666666666666,0.9424687330070688,0.05600870038064165,28
קשת 12,morning,<1m,0.8833333333333333,0,1,4.370833333333334,3.95,4.126666666666667,0.944137273593899,0.09628217349857005,24
קשת 12,morning,4-6m,5.616666666666666,1,2,3.3499999999999996,2.685714285714286,3.047619047619048,0.9097370291400144,0.19829424307036236,30
קשת 12,afternoon,4-6m,5.35,1,2,2.8678571428571424,2.8333333333333335,2.922222222222222,1.018956690189567,0.012038190120381653,28
קשת 12,afternoon,1-2m,1.75,0,1,2.883333333333333,3.1,2.953333333333333,1.0242774566473989,-0.07514450867052047,24
קשת 12,afternoon,4-6m,5.333333333333333,0,1,2.5700000000000003,2.6666666666666665,2.5933333333333333,1.0090791180285343,-0.037613488975356546,30
קשת 12,afternoon,3-4m,3.9833333333333334,1,2,2.3956521739130436,2.6999999999999997,2.461333333333333,1.027416817906836,-0.12704174228675114,23
קשת 12,afternoon,1-2m,1.75,0,1,2.438095238095238,2.6,2.453333333333333,1.00625,-0.06640625000000022,21
קשת 12,afternoon,<1m,0.5333333333333333,0,1,2.385,2.1500000000000004,2.453333333333333,1.0286512928022362,0.09853249475890957,20
קשת 12,afternoon,1-2m,1.6166666666666667,1,2,2.3619047619047615,2.466666666666667,2.422222222222222,1.0255376344086022,-0.04435483870967771,21
קשת 12,afternoon,6-9m,6.483333333333333,0,1,2.8750000000000004,2.5125,2.82,0.9808695652173911,0.12608695652173918,28
קשת 12,afternoon,1-2m,1.6666666666666667,0,1,3.117391304347826,3.6,2.82,0.904602510460251,-0.15481171548117167,23
קשת 12,afternoon,<1m,0.8333333333333334,0,1,4.185714285714286,4.35,4.239999999999999,1.0129692832764503,-0.03924914675767899,28
קשת 12,afternoon,1-2m,1.4833333333333334,0,1,4.2250000000000005,4.0,4.239999999999999,1.0035502958579878,0.053254437869822646,28
קשת 12,afternoon,1-2m,1.2166666666666666,0,1,4.74090909090909,4.45,4.666666666666666,0.9843400447427293,0.06136145733461151,22
קשת 12,afternoon,2-3m,2.75,0,1,4.826086956521739,4.500000000000001,4.666666666666666,0.9669669669669668,0.06756756756756743,23
קשת 12,afternoon,2-3m,2.033333333333333,0,1,4.9,4.566666666666666,4.666666666666666,0.9523809523809522,0.06802721088435382,23
קשת 12,afternoon,1-2m,1.1,0,1,5.333333333333333,4.75,5.4399999999999995,1.02,0.109375,21
קשת 12,afternoon,1-2m,1.3166666666666669,0,1,5.872727272727274,6.133333333333333,6.353333333333334,1.0818369453044376,-0.044375644994839814,22
קשת 12,afternoon,4-6m,4.166666666666667,0,1,6.0360000000000005,6.300000000000001,6.3533333333333335,1.0525734481996907,-0.04373757455268401,25
קשת 12,afternoon,1-2m,1.1666666666666667,0,1,6.182608695652175,6.633333333333333,6.353333333333334,1.027613689639006,-0.07290201593999024,23
קשת 12,afternoon,4-6m,5.633333333333334,0,1,6.996666666666664,6.6571428571428575,6.920000000000001,0.989042401143402,0.04852650922207813,30
קשת 12,early_evening,1-2m,1.2,0,1,10.31818181818182,9.649999999999999,10.006666666666666,0.9698091042584432,0.06475770925110158,22
קשת 12,early_evening,4-6m,5.116666666666666,1,2,10.308333333333332,9.366666666666665,9.986666666666666,0.968795472918351,0.09135004042037187,24
קשת 12,early_evening,1-2m,1.7166666666666666,0,1,10.357142857142858,9.533333333333333,9.966666666666667,0.9622988505747126,0.07954022988505749,21
קשת 12,early_evening,1-2m,1.35,0,1,10.821739130434784,10.55,11.106666666666666,1.026329181732958,0.02511048613901168,23
קשת 12,early_evening,1-2m,1.3166666666666669,0,1,11.336842105263159,12.15,11.693333333333333,1.0314453729495512,-0.07172701949860727,19
קשת 12,early_evening,4-6m,5.1,0,1,11.383999999999999,11.557142857142855,11.693333333333332,1.0271726399625205,-0.015209316333701484,25
קשת 12,early_evening,1-2m,1.65,0,1,11.519047619047619,11.333333333333334,11.693333333333333,1.0151302190988012,0.016122364613476603,21
קשת 12,early_evening,1-2m,1.7166666666666666,0,1,11.780000000000001,11.200000000000001,11.560000000000002,0.9813242784380306,0.04923599320882854,30
קשת 12,early_evening,6-9m,6.283333333333333,0,1,10.875862068965516,8.785714285714286,9.546666666666665,0.8777848235045445,0.19218226288613083,29
קשת 12,early_evening,<1m,0.8,0,1,10.720833333333333,11.0,11.0,1.0260396424407308,-0.02603964244073076,24
קשת 12,early_evening,<1m,0.6,0,1,13.34,11.3,12.520000000000001,0.9385307346326838,0.15292353823088445,25
קשת 12,early_evening,2-3m,2.0833333333333335,0,1,13.740740740740739,11.5,12.520000000000001,0.9111590296495959,0.16307277628032335,27
קשת 12,late_evening,6-9m,6.016666666666667,1,2,17.408333333333335,13.571428571428573,16.404761904761905,0.9423510907474526,0.22040620939615674,24
קשת 12,late_evening,4-6m,5.9,1,2,15.758333333333333,12.8,14.542857142857143,0.9228677192717383,0.1877313590692754,24
קשת 12,late_evening,6-9m,6.2,0,1,14.112,10.842857142857142,12.399999999999997,0.8786848072562355,0.23165694849368323,25
קשת 12,late_evening,1-2m,1.1833333333333331,0,1,13.728,13.3,13.479999999999999,0.9819347319347319,0.031177156177156107,25
קשת 12,late_evening,<1m,0.3,0,1,13.761538461538462,13.0,13.479999999999999,0.9795416433761877,0.0553381777529347,26
קשת 12,late_evening,9m+,10.216666666666669,0,1,13.468181818181819,10.054545454545455,10.993333333333334,0.8162447969400383,0.253459331758353,22
קשת 12,late_evening,6-9m,7.85,1,2,9.311764705882352,8.233333333333333,10.21185185185185,1.096661285416813,0.11581385554853652,17
קשת 12,late_evening,3-4m,3.55,0,1,6.108695652173914,5.24,6.1466666666666665,1.0062158956109133,0.14220640569395027,23
קשת 12,late_evening,4-6m,4.35,0,1,5.0233333333333325,4.0600000000000005,4.593333333333332,0.9143994691439945,0.19177173191771713,30
קשת 12,overnight,4-6m,4.566666666666666,1,2,4.526923076923077,5.0,4.7013333333333325,1.0385273293684507,-0.10450297366185213,26
קשת 12,overnight,1-2m,1.3666666666666667,0,1,4.638095238095238,5.25,4.813333333333333,1.037782340862423,-0.13193018480492835,21
קשת 12,overnight,2-3m,2.5,0,1,4.365384615384615,4.300000000000001,4.2733333333333325,0.9789133627019089,0.014977973568281677,26
קשת 12,overnight,2-3m,2.966666666666667,0,1,1.9000000000000006,2.0,2.086666666666667,1.0982456140350876,-0.05263157894736814,30
קשת 12,overnight,1-2m,1.1166666666666667,0,1,0.9107142857142858,0.8,0.9533333333333336,1.0467973856209152,0.1215686274509804,28
קשת 12,overnight,1-2m,1.25,0,1,0.8321428571428572,0.8,0.8400000000000001,1.009442060085837,0.03862660944206009,28
קשת 12,overnight,1-2m,1.2666666666666666,0,1,0.9107142857142857,1.0,0.8400000000000001,0.9223529411764707,-0.0980392156862746,28
קשת 12,overnight,1-2m,1.2333333333333334,1,2,0.8200000000000002,0.8,0.8166666666666669,0.9959349593495935,0.024390243902439157,30
קשת 12,overnight,1-2m,1.75,0,1,0.45333333333333337,0.4666666666666666,0.4333333333333335,0.9558823529411768,-0.02941176470588225,30
קשת 12,overnight,1-2m,1.45,0,1,0.4766666666666666,0.4,0.41333333333333344,0.8671328671328674,0.16083916083916072,30
קשת 12,overnight,1-2m,1.2166666666666666,0,1,0.45172413793103455,0.4000000000000001,0.49333333333333346,1.092111959287532,0.1145038167938931,29
קשת 12,overnight,1-2m,1.5,0,1,0.5827586206896551,0.4,0.40666666666666684,0.697830374753452,0.31360946745562124,29
קשת 12,morning,<1m,0.3,0,1,0.3310344827586208,0.3,0.29999999999999993,0.9062499999999996,0.09375000000000033,29
קשת 12,morning,<1m,0.3,0,1,0.3275862068965518,0.3,0.29999999999999993,0.91578947368421,0.08421052631578974,29
קשת 12,morning,<1m,0.3,0,1,0.5344827586206896,0.4,0.44,0.8232258064516129,0.2516129032258063,29
קשת 12,morning,<1m,0.3,0,1,0.5551724137931033,0.5,0.44,0.7925465838509318,0.0993788819875775,29
קשת 12,morning,1-2m,1.9,0,1,1.975,2.0333333333333337,2.24,1.1341772151898735,-0.029535864978903037,28
קשת 12,morning,<1m,0.5666666666666667,0,1,2.016,2.2,2.24,1.1111111111111112,-0.09126984126984139,25
קשת 12,morning,<1m,1.0,0,1,2.107142857142857,2.05,1.9866666666666666,0.9428248587570621,0.027118644067796738,28
קשת 12,morning,4-6m,4.333333333333333,0,1,2.8999999999999995,2.2399999999999998,2.7533333333333334,0.949425287356322,0.22758620689655162,28
קשת 12,morning,<1m,0.8666666666666667,0,1,2.9416666666666664,2.7,2.8733333333333335,0.9767705382436263,0.08215297450424919,24
קשת 12,morning,4-6m,4.416666666666667,0,1,3.1,2.8999999999999995,3.0733333333333333,0.9913978494623655,0.06451612903225823,30
קשת 12,morning,4-6m,5.583333333333333,0,1,3.0750000000000006,2.866666666666667,2.98,0.9691056910569104,0.0677506775067751,24
קשת 12,morning,<1m,0.9833333333333332,0,1,3.01,2.75,2.98,0.9900332225913622,0.08637873754152814,20
קשת 12,morning,3-4m,3.8666666666666663,0,1,2.8000000000000003,2.7800000000000002,2.733333333333334,0.9761904761904763,0.0071428571428571175,23
קשת 12,morning,4-6m,5.6,0,1,2.967857142857143,3.242857142857143,3.420000000000001,1.152346570397112,-0.09265944645006008,28
קשת 12,morning,1-2m,1.4166666666666667,1,2,2.7521739130434786,2.6,2.6600000000000006,0.9665086887835704,0.05529225908372837,23
קשת 12,morning,4-6m,5.433333333333334,0,1,2.5413793103448277,2.283333333333333,2.333333333333334,0.918136589778381,0.10153776571687023,29
קשת 12,afternoon,4-6m,5.916666666666667,1,2,3.1321428571428576,3.1999999999999997,3.127619047619048,0.998555682250095,-0.021664766248574496,28
קשת 12,afternoon,1-2m,1.6,0,1,3.216666666666667,3.0666666666666664,3.066666666666667,0.9533678756476685,0.04663212435233166,24
קשת 12,afternoon,3-4m,3.683333333333333,0,1,3.317857142857143,3.125,3.286666666666667,0.9905992106207392,0.0581270182992466,28
קשת 12,afternoon,4-6m,4.9,0,1,3.5384615384615383,3.18,3.4133333333333327,0.9646376811594202,0.10130434782608688,26
קשת 12,afternoon,1-2m,1.5833333333333333,0,1,3.5800000000000005,3.0,3.4133333333333327,0.9534450651769084,0.16201117318435765,25
קשת 12,afternoon,<1m,0.8333333333333334,0,1,3.3821428571428576,2.9,3.0866666666666664,0.9126363956353395,0.14255543822597694,28
קשת 12,afternoon,1-2m,1.55,0,1,3.3482758620689657,2.5,3.0866666666666664,0.9218674905595605,0.25334706488156544,29
קשת 12,afternoon,4-6m,5.8,0,1,3.4448275862068964,2.8428571428571425,3.053333333333334,0.8863530196863533,0.17474617474617482,29
קשת 12,afternoon,<1m,0.9,0,1,3.5,2.6,3.0533333333333337,0.8723809523809525,0.2571428571428571,24
קשת 12,afternoon,3-4m,3.8666666666666663,0,1,3.452,3.1399999999999997,3.253333333333333,0.9424488219389725,0.09038238702201629,25
קשת 12,afternoon,<1m,0.7333333333333333,0,1,3.465,3.1,3.253333333333333,0.9389129389129388,0.10533910533910529,20
קשת 12,afternoon,1-2m,1.3,0,1,3.5949999999999998,3.75,3.7866666666666675,1.0533147890588783,-0.04311543810848417,20
קשת 12,afternoon,1-2m,1.9333333333333331,0,1,3.628571428571428,3.6999999999999997,3.7866666666666675,1.0435695538057745,-0.019685039370078705,21
קשת 12,afternoon,1-2m,1.85,0,1,3.704347826086956,3.533333333333333,3.7866666666666675,1.0222222222222226,0.0461658841940531,23
קשת 12,afternoon,1-2m,1.05,0,1,4.096,3.8,4.1466666666666665,1.0123697916666665,0.07226562500000011,25
קשת 12,afternoon,1-2m,1.1166666666666667,0,1,5.052380952380952,5.4,5.3,1.049010367577757,-0.06880301602262029,21
קשת 12,afternoon,4-6m,5.366666666666666,0,1,5.095454545454545,5.299999999999999,5.3,1.04014272970562,-0.04014272970561983,22
קשת 12,afternoon,2-3m,2.0166666666666666,0,1,5.211764705882352,5.133333333333334,5.3,1.0169300225733635,0.015048908954100604,17
קשת 12,afternoon,3-4m,3.566666666666667,0,1,6.175,5.54,5.626666666666666,0.9112010796221321,0.10283400809716592,24
קשת 12,early_evening,1-2m,1.5166666666666666,0,1,7.6,6.7,7.253333333333334,0.9543859649122808,0.11842105263157887,21
קשת 12,early_evening,4-6m,5.1,0,1,8.212,6.7,7.253333333333333,0.8832602695242734,0.18412079883097898,25
קשת 12,early_evening,1-2m,1.7833333333333334,0,1,8.754545454545456,6.866666666666667,7.253333333333334,0.828521979923849,0.21564555209415026,22
קשת 12,early_evening,2-3m,2.6666666666666665,0,1,11.856521739130438,11.200000000000001,11.626666666666665,0.9806136169172469,0.05537220388705555,23
קשת 12,early_evening,1-2m,1.5833333333333333,0,1,12.044444444444444,11.45,11.386666666666668,0.9453874538745389,0.04935424354243545,18
קשת 12,early_evening,4-6m,4.5,0,1,12.090909090909092,10.816666666666668,11.386666666666668,0.9417543859649123,0.10538847117794481,22
קשת 12,early_evening,2-3m,2.1166666666666667,0,1,12.069565217391306,10.366666666666667,11.386666666666668,0.9434197886647455,0.14109029779058602,23
קשת 12,early_evening,3-4m,3.3,1,2,12.153333333333336,10.849999999999998,11.893333333333333,0.9786066922654961,0.10724081184860157,30
קשת 12,early_evening,6-9m,8.366666666666667,0,1,12.857142857142858,11.722222222222221,11.946666666666665,0.929185185185185,0.08827160493827169,28
קשת 12,early_evening,<1m,0.3,0,1,16.812,15.15,15.94,0.9481322864620508,0.09885795860099933,25
קשת 12,early_evening,3-4m,3.9,0,1,17.35357142857143,13.960000000000003,15.940000000000001,0.9185429100637991,0.19555464087260754,28
קשת 12,late_evening,6-9m,6.85,0,1,20.008,17.15,18.13333333333333,0.9063041450086631,0.14284286285485814,25
קשת 12,late_evening,6-9m,7.1,1,2,20.117391304347827,17.5,19.45,0.9668251566889993,0.13010590015128598,23
קשת 12,late_evening,4-6m,5.533333333333333,0,1,20.026923076923076,17.342857142857145,18.606666666666666,0.9290826451571602,0.13402288128618056,26
קשת 12,late_evening,<1m,0.3,0,1,22.622222222222224,18.9,20.846666666666668,0.9215127701375245,0.16453831041257383,27
קשת 12,late_evening,<1m,0.3,0,1,23.062962962962963,20.7,20.846666666666668,0.9039023606873294,0.10245704191424443,27
קשת 12,late_evening,6-9m,8.983333333333333,0,1,26.423076923076927,14.8,18.720000000000002,0.708471615720524,0.4398835516739448,26
קשת 12,late_evening,9m+,9.466666666666669,0,1,21.433333333333337,14.37,17.566666666666663,0.8195956454121304,0.3295489891135305,24
קשת 12,late_evening,3-4m,3.85,0,1,11.446153846153846,10.56,12.546666666666669,1.096146953405018,0.07741935483870965,26
קשת 12,late_evening,6-9m,6.816666666666666,0,1,7.320000000000001,6.8,6.5,0.8879781420765026,0.07103825136612041,30
קשת 12,overnight,1-2m,1.7,0,1,4.328571428571427,4.8,4.473333333333333,1.0334433443344335,-0.10891089108910923,21
קשת 12,overnight,4-6m,5.15,1,2,4.076190476190475,4.566666666666666,4.166666666666666,1.022196261682243,-0.12032710280373848,21
קשת 12,overnight,<1m,0.8666666666666667,0,1,3.947368421052631,4.15,3.8600000000000003,0.9778666666666669,-0.051333333333333675,19
קשת 12,overnight,1-2m,1.9,1,2,2.904347826086957,3.4333333333333336,3.4200000000000004,1.1775449101796407,-0.18213572854291393,23
קשת 12,overnight,<1m,0.2,0,1,2.8666666666666667,3.4,2.54,0.8860465116279069,-0.18604651162790686,24
קשת 12,overnight,1-2m,1.7666666666666666,0,1,2.1206896551724137,2.566666666666667,2.233333333333334,1.053116531165312,-0.21029810298103002,29
קשת 12,overnight,1-2m,1.05,0,1,0.7133333333333332,0.5,0.6066666666666668,0.8504672897196266,0.2990654205607475,30
קשת 12,overnight,1-2m,1.2333333333333334,0,1,0.35666666666666685,0.3666666666666667,0.3466666666666666,0.9719626168224292,-0.02803738317756954,30
קשת 12,overnight,1-2m,1.4666666666666666,0,1,0.5466666666666667,0.3666666666666667,0.36000000000000004,0.6585365853658537,0.3292682926829269,30
קשת 12,overnight,1-2m,1.6333333333333333,1,2,0.9400000000000003,0.9,0.8977777777777778,0.9550827423167846,0.042553191489361986,30
קשת 12,morning,<1m,0.3,0,1,1.9733333333333334,2.0,2.02,1.0236486486486487,-0.013513513513513598,30
קשת 12,morning,<1m,0.3,0,1,2.0068965517241377,2.0,2.02,1.0065292096219933,0.0034364261168383647,29
קשת 12,morning,<1m,0.3,0,1,4.417241379310345,4.7,4.3,0.9734582357533177,-0.06401249024199851,29
קשת 12,morning,<1m,0.3,0,1,4.444827586206896,4.6,4.3,0.9674166020170675,-0.03491078355314192,29
קשת 12,morning,4-6m,5.45,0,1,6.111999999999999,5.557142857142857,6.446666666666666,1.0547556719022688,0.0907816005983545,25
קשת 12,morning,4-6m,4.666666666666667,0,1,5.621739130434782,5.24,5.54,0.9854601701469452,0.06790409899458605,23
קשת 12,morning,<1m,0.3,0,1,5.824999999999999,5.6,5.579999999999999,0.9579399141630901,0.03862660944205998,24
קשת 12,morning,<1m,0.3,0,1,5.843478260869564,5.7,5.579999999999999,0.9549107142857143,0.024553571428571286,23
קשת 12,morning,6-9m,6.2,1,2,5.958620689655173,5.585714285714286,5.94952380952381,0.9984733245149912,0.06258267195767186,29
קשת 12,morning,4-6m,5.716666666666667,0,1,5.617857142857143,5.57142857142857,5.566666666666667,0.9908878999788092,0.00826446280991755,28
קשת 12,morning,<1m,0.3,0,1,5.044444444444445,5.0,5.093333333333333,1.0096916299559469,0.008810572687224849,27
קשת 12,morning,<1m,0.3,0,1,5.044444444444445,5.0,5.093333333333333,1.0096916299559469,0.008810572687224849,27
קשת 12,morning,4-6m,4.966666666666667,0,1,4.537931034482758,4.583333333333334,4.713333333333334,1.0386524822695038,-0.010005065856129924,29
קשת 12,morning,4-6m,4.716666666666667,0,1,4.216666666666667,4.24,4.340000000000001,1.0292490118577076,-0.005533596837944632,30
קשת 12,morning,6-9m,6.033333333333333,0,1,4.017857142857143,3.6999999999999997,3.8066666666666658,0.9474370370370367,0.07911111111111124,28
קשת 12,morning,1-2m,1.55,0,1,4.054166666666667,3.9,3.806666666666666,0.938951695786228,0.038026721479959,24
קשת 12,morning,<1m,0.8,0,1,3.7758620689655165,4.0,3.9333333333333327,1.0417047184170471,-0.05936073059360747,29
קשת 12,morning,<1m,0.3,0,1,3.706896551724137,4.0,3.9333333333333327,1.0610852713178296,-0.07906976744186078,29
קשת 12,morning,4-6m,4.716666666666667,0,1,3.3653846153846154,3.12,3.1999999999999997,0.9508571428571427,0.07291428571428571,26
קשת 12,morning,1-2m,1.5,0,1,3.257142857142858,3.25,3.286666666666667,1.0090643274853799,0.0021929824561406353,21
קשת 12,morning,3-4m,3.4166666666666665,1,2,3.225,3.4799999999999995,3.238666666666667,1.0042377260981914,-0.07906976744186034,24
קשת 12,morning,<1m,0.4833333333333333,0,1,3.244,3.3,3.2066666666666666,0.9884915741882448,-0.01726263871763245,25
קשת 12,afternoon,4-6m,4.75,0,1,4.117241379310345,4.066666666666666,4.2733333333333325,1.0379117811278613,0.012283640424344044,29
קשת 12,afternoon,<1m,0.6833333333333333,0,1,4.236000000000001,4.05,4.2733333333333325,1.008813345923827,0.04390934844192651,25
קשת 12,afternoon,4-6m,5.383333333333334,1,2,6.17,5.057142857142857,5.77047619047619,0.9352473566411977,0.18036582542255153,30
קשת 12,afternoon,4-6m,4.05,0,1,7.051724137931035,6.6,6.919999999999999,0.9813202933985329,0.0640586797066015,29
קשת 12,afternoon,<1m,0.8,0,1,7.053846153846155,6.45,6.919999999999999,0.9810250817884402,0.08560523446019652,26
קשת 12,afternoon,4-6m,4.3,0,1,6.847826086956524,6.640000000000001,6.793333333333334,0.9920423280423277,0.03034920634920657,23
קשת 12,afternoon,<1m,0.75,0,1,6.868421052631579,6.4,6.793333333333334,0.9890676883780333,0.06819923371647507,19
קשת 12,afternoon,4-6m,4.183333333333334,0,1,7.291304347826087,7.133333333333333,7.22,0.9902206320810971,0.021665672828463656,23
קשת 12,afternoon,<1m,0.5833333333333334,0,1,7.339130434782609,6.8,7.22,0.9837677725118483,0.07345971563981046,23
קשת 12,afternoon,1-2m,1.5666666666666669,0,1,8.458333333333334,8.333333333333332,8.773333333333333,1.0372413793103448,0.014778325123152913,24
קשת 12,afternoon,2-3m,2.6,0,1,8.491999999999999,7.675000000000001,7.859999999999999,0.9255770136599153,0.09620819594912844,25
קשת 12,afternoon,1-2m,1.7666666666666666,0,1,8.5,7.3999999999999995,7.859999999999999,0.9247058823529412,0.12941176470588245,24
קשת 12,afternoon,1-2m,1.1166666666666667,1,2,8.709999999999999,8.95,8.546666666666667,0.9812476081132799,-0.027554535017221715,20
קשת 12,afternoon,1-2m,1.4,0,1,8.857142857142856,8.1,8.526666666666667,0.9626881720430109,0.08548387096774179,21
קשת 12,afternoon,4-6m,4.35,0,1,8.930434782608694,8.120000000000001,8.526666666666667,0.954787406686141,0.09074975657254114,23
קשת 12,afternoon,1-2m,1.4166666666666667,0,1,9.059999999999999,8.5,8.526666666666667,0.9411331861662989,0.061810154525386185,20
קשת 12,afternoon,4-6m,4.033333333333333,0,1,9.573333333333332,9.260000000000002,9.406666666666668,0.9825905292479111,0.032729805013927304,30
קשת 12,early_evening,6-9m,7.55,1,2,11.245833333333332,10.866666666666667,11.14888888888889,0.9913795232802276,0.03371619118191904,24
קשת 12,early_evening,1-2m,1.3166666666666669,0,1,11.052941176470588,11.1,10.980000000000002,0.9934007450771689,-0.004257583821181354,17
קשת 12,early_evening,1-2m,1.2666666666666666,0,1,10.607692307692307,10.850000000000001,10.980000000000002,1.0350978970268312,-0.022842639593908753,13
קשת 12,early_evening,2-3m,2.55,1,2,10.625,10.233333333333334,10.740000000000002,1.010823529411765,0.03686274509803911,16
קשת 12,early_evening,2-3m,2.35,0,1,10.58,10.325,10.26,0.9697542533081285,0.02410207939508513,25
קשת 12,early_evening,1-2m,1.6666666666666667,0,1,11.508695652173913,11.9,11.686666666666667,1.0154640473492005,-0.03400075557234605,23
קשת 12,early_evening,6-9m,6.05,0,1,12.657142857142857,11.314285714285713,11.686666666666667,0.9233258088788564,0.10609480812641092,28
קשת 12,early_evening,4-6m,4.466666666666667,1,2,14.712,14.239999999999998,14.817333333333334,1.0071596882363605,0.032082653616095747,25
קשת 12,early_evening,6-9m,7.966666666666667,1,2,14.556000000000001,14.488888888888889,14.365185185185185,0.9868909855169816,0.004610546242862834,25
קשת 12,early_evening,<1m,0.2,0,1,15.964,14.2,15.520000000000001,0.9721874216988224,0.1104986218992734,25
קשת 12,early_evening,3-4m,3.8333333333333335,0,1,16.455172413793104,14.66,15.520000000000001,0.9431684828164292,0.109094719195306,29
קשת 12,late_evening,6-9m,8.75,1,2,19.45714285714286,17.32,18.246,0.9377533039647575,0.10983847283406767,28
קשת 12,late_evening,6-9m,6.933333333333334,0,1,19.325925925925926,17.7625,18.386666666666667,0.9513990034495976,0.08089785358374857,27
קשת 12,late_evening,6-9m,6.95,1,2,19.337500000000002,17.387500000000003,18.569166666666668,0.9602671837965955,0.10084033613445376,24
קשת 12,late_evening,1-2m,1.1833333333333331,0,1,22.36521739130435,18.799999999999997,18.866666666666667,0.8435717988595127,0.1594090202177295,23
קשת 12,late_evening,<1m,0.3,0,1,22.462500000000002,19.2,18.866666666666667,0.839918382489334,0.14524207011686152,24
קשת 12,late_evening,9m+,9.05,1,2,24.4,15.63,21.224,0.8698360655737706,0.3594262295081967,28
קשת 12,late_evening,9m+,11.7,1,2,20.066666666666666,13.661538461538461,16.00461538461538,0.7975721952466137,0.3191924354715052,21
קשת 12,late_evening,3-4m,3.933333333333333,0,1,10.355,9.559999999999999,11.15333333333333,1.0770964107516494,0.0767745050700146,20
קשת 12,late_evening,<1m,0.75,1,2,10.336363636363636,9.05,10.266666666666666,0.9932571093520961,0.12445030782761646,22
קשת 12,late_evening,6-9m,7.583333333333333,0,1,6.644,5.3,5.7666666666666675,0.8679510335139475,0.20228777844671886,25
קשת 12,late_evening,1-2m,1.4166666666666667,0,1,5.923809523809523,5.2,5.7666666666666675,0.9734726688102896,0.12218649517684876,21
קשת 12,overnight,1-2m,1.25,0,1,4.640909090909091,4.9,4.380000000000001,0.9437806072477964,-0.055827619980411525,22
קשת 12,overnight,4-6m,4.616666666666666,0,1,4.072,4.78,4.380000000000001,1.075638506876228,-0.17387033398821217,25
קשת 12,overnight,1-2m,1.05,0,1,3.7434782608695656,3.95,4.380000000000001,1.170034843205575,-0.05516840882694529,23
קשת 12,overnight,<1m,0.85,1,2,2.927586206896553,3.1500000000000004,2.9333333333333336,1.001963093835885,-0.0759717314487629,29
קשת 12,overnight,<1m,0.3166666666666666,0,1,2.900000000000001,3.2,3.013333333333333,1.0390804597701147,-0.10344827586206873,28
קשת 12,overnight,2-3m,2.1333333333333333,0,1,2.986206896551724,2.966666666666667,2.9,0.9711316397228638,0.0065434949961508115,29
קשת 12,overnight,<1m,0.7166666666666667,0,1,2.988888888888888,3.0,2.8999999999999995,0.9702602230483273,-0.003717472118959453,27
קשת 12,overnight,1-2m,1.1333333333333333,0,1,1.282142857142857,1.3,1.3133333333333335,1.0243268337975862,-0.013927576601671543,28
קשת 12,morning,<1m,0.3,0,1,2.7689655172413787,3.0,2.586666666666667,0.9341635533416358,-0.08343711083437144,29
קשת 12,morning,<1m,0.3,0,1,2.796666666666666,3.15,2.586666666666667,0.924910607866508,-0.12634088200238414,30
קשת 12,morning,<1m,0.3,0,1,4.550000000000001,4.550000000000001,4.580000000000001,1.0065934065934066,0.0,26
קשת 12,morning,<1m,0.3,0,1,4.564,4.4,4.580000000000001,1.0035056967572307,0.03593339176161259,25
קשת 12,morning,4-6m,4.366666666666666,0,1,4.7153846153846155,4.733333333333333,4.739999999999999,1.0052202283849916,-0.0038064165307232223,26
קשת 12,morning,<1m,0.9833333333333332,1,2,4.704166666666667,4.5,4.726666666666667,1.004782993799823,0.043401240035429556,24
קשת 12,morning,4-6m,4.683333333333334,0,1,5.157142857142856,4.366666666666666,4.573333333333334,0.8867959372114501,0.15327793167128334,28
קשת 12,morning,<1m,0.3,0,1,5.918181818181819,6.2,5.86,0.990168970814132,-0.04761904761904745,22
קשת 12,morning,<1m,0.3,0,1,5.918181818181819,6.2,5.86,0.990168970814132,-0.04761904761904745,22
קשת 12,morning,6-9m,6.5,0,1,6.331999999999999,5.8625,6.120000000000001,0.9665192672141507,0.07414718888186977,25
קשת 12,morning,1-2m,1.4166666666666667,0,1,6.3842105263157904,6.1,6.340000000000001,0.9930750206100577,0.04451772464962922,19
קשת 12,morning,6-9m,6.3,1,2,6.270370370370371,6.028571428571429,6.048571428571429,0.9646274575985149,0.0385621466542907,27
קשת 12,morning,<1m,0.3,0,1,6.296551724137931,6.3,6.419999999999999,1.0196056955093098,-0.0005476451259582849,29
קשת 12,morning,<1m,0.3,0,1,6.306666666666667,6.3,6.419999999999999,1.0179704016913318,0.0010570824524313016,30
קשת 12,morning,4-6m,5.1,1,2,5.833333333333333,5.933333333333334,6.034444444444445,1.0344761904761908,-0.017142857142857126,30
קשת 12,morning,4-6m,5.7,0,1,5.076666666666667,4.8500000000000005,4.920000000000001,0.9691398555482601,0.044648719632304656,30
קשת 12,morning,4-6m,5.066666666666666,0,1,5.825000000000001,5.933333333333333,6.086666666666667,1.0449213161659512,-0.018597997138769307,28
קשת 12,morning,1-2m,1.7333333333333334,0,1,5.903999999999999,6.233333333333333,6.086666666666667,1.0309394760614274,-0.055781391147244896,25
קשת 12,morning,3-4m,3.8333333333333335,0,1,5.785714285714287,5.675,5.826666666666667,1.0070781893004113,0.019135802469136154,28
קשת 12,morning,<1m,0.6833333333333333,0,1,5.691304347826086,6.05,5.826666666666667,1.023784059078177,-0.06302521008403383,23
קשת 12,morning,6-9m,6.066666666666666,1,2,5.320833333333334,4.7,5.118095238095237,0.9618973039489873,0.1166797180892718,24
קשת 12,morning,<1m,0.8833333333333333,0,1,5.195238095238094,4.85,4.926666666666666,0.9483043079743356,0.06645279560036643,21
קשת 12,morning,1-2m,1.1833333333333331,0,1,4.995454545454546,5.199999999999999,4.926666666666666,0.9862299059751286,-0.04094631483166489,22
קשת 12,morning,<1m,0.85,0,1,4.954166666666667,5.1,5.000000000000001,1.0092514718250634,-0.029436501261564274,24
קשת 12,afternoon,6-9m,6.85,0,1,4.492857142857143,4.6,4.573333333333334,1.0179120296767357,-0.0238473767885532,28
קשת 12,afternoon,1-2m,1.0166666666666666,0,1,4.472727272727273,4.65,4.573333333333334,1.0224932249322496,-0.03963414634146356,22
קשת 12,afternoon,1-2m,1.6,0,1,4.53103448275862,4.5,4.533333333333333,1.0005073566717404,0.006849315068492956,29
קשת 12,afternoon,3-4m,3.6333333333333337,0,1,4.458620689655173,4.46,4.560000000000001,1.0227378190255223,-0.00030935808197973813,29
קשת 12,afternoon,<1m,0.8833333333333333,0,1,4.480769230769232,4.5,4.560000000000001,1.0176824034334764,-0.0042918454935620964,26
קשת 12,afternoon,1-2m,1.4666666666666666,0,1,4.632142857142857,4.35,4.466666666666666,0.9642765355949626,0.060909791827293835,28
קשת 12,afternoon,1-2m,1.05,0,1,4.589285714285715,4.3,4.466666666666666,0.9732814526588842,0.06303501945525314,28
קשת 12,afternoon,6-9m,7.15,0,1,4.278571428571429,4.275,4.413333333333333,1.0314969393433497,0.0008347245409016102,28
קשת 12,afternoon,1-2m,1.4,0,1,4.143478260869566,4.333333333333334,4.413333333333333,1.0651276670164391,-0.045820216859041585,23
קשת 12,afternoon,1-2m,1.1,0,1,4.2137931034482765,4.5,4.453333333333334,1.0568466993998908,-0.06792144026186553,29
קשת 12,afternoon,<1m,0.3166666666666666,0,1,4.264285714285714,4.5,4.453333333333334,1.0443327749860416,-0.055276381909547645,28
קשת 12,afternoon,1-2m,1.55,0,1,6.016,6.1,5.833333333333334,0.9696365248226951,-0.013962765957446832,25
קשת 12,afternoon,2-3m,2.3,0,1,5.933333333333334,5.3,5.833333333333333,0.9831460674157303,0.1067415730337079,24
קשת 12,afternoon,1-2m,1.6166666666666667,0,1,5.939130434782609,5.3,5.833333333333333,0.9821864324060517,0.1076134699853587,23
קשת 12,afternoon,1-2m,1.0166666666666666,0,1,5.806666666666666,6.050000000000001,5.793333333333333,0.9977037887485649,-0.04190585533869151,15
קשת 12,afternoon,6-9m,7.466666666666667,0,1,6.76,6.522222222222222,6.719999999999999,0.9940828402366862,0.035174227481919784,25
קשת 12,afternoon,1-2m,1.3833333333333333,0,1,7.305263157894735,6.833333333333333,6.719999999999999,0.919884726224784,0.06460134486071067,19
קשת 12,afternoon,1-2m,1.3,0,1,7.364285714285714,7.2,7.426666666666668,1.0084707403815067,0.022308438409311293,28
קשת 12,afternoon,<1m,0.6333333333333333,1,2,7.378571428571427,7.05,7.356666666666667,0.9970313004194904,0.0445304937076475,28
קשת 12,early_evening,6-9m,8.533333333333333,1,2,8.932,8.809999999999999,9.001333333333335,1.0077623525899388,0.013658755038065573,25
קשת 12,early_evening,1-2m,1.6166666666666667,0,1,8.994444444444445,8.6,8.573333333333332,0.953180975911056,0.04385423100679442,18
קשת 12,early_evening,<1m,0.5166666666666667,0,1,8.705882352941176,8.8,8.573333333333332,0.9847747747747747,-0.010810810810810922,17
קשת 12,early_evening,<1m,0.95,0,1,8.826315789473684,8.600000000000001,8.806666666666668,0.9977738024249655,0.02564102564102544,19
קשת 12,early_evening,2-3m,2.2666666666666666,0,1,9.433333333333334,8.625,8.806666666666668,0.9335689045936397,0.08568904593639581,27
קשת 12,early_evening,1-2m,1.4833333333333334,0,1,11.004347826086956,10.45,10.559999999999999,0.9596207032793361,0.05037534571315694,23
קשת 12,early_evening,6-9m,6.35,0,1,11.272727272727273,10.128571428571428,10.56,0.9367741935483871,0.10149769585253465,22
קשת 12,early_evening,4-6m,5.216666666666667,0,1,11.099999999999998,11.116666666666667,11.42,1.028828828828829,-0.0015015015015016342,20
קשת 12,early_evening,<1m,0.9,0,1,11.031818181818181,10.75,11.419999999999998,1.0351874742480427,0.025545941491553315,22
קשת 12,early_evening,9m+,9.183333333333334,1,2,10.946428571428573,10.290000000000001,10.493333333333336,0.9586079390973357,0.05996737357259385,28
קשת 12,early_evening,<1m,0.2,0,1,14.726086956521737,12.6,14.7,0.9982285208148806,0.1443755535872453,23
קשת 12,early_evening,3-4m,3.95,0,1,15.462962962962964,13.64,14.7,0.9506586826347304,0.11789221556886231,27
קשת 12,late_evening,6-9m,7.45,0,1,18.351851851851855,16.17777777777778,17.14666666666667,0.9343289606458123,0.11846619576185669,27
קשת 12,late_evening,6-9m,7.05,1,2,17.145833333333332,15.075000000000001,15.895000000000001,0.9270473876063184,0.1207776427703523,24
קשת 12,late_evening,6-9m,7.716666666666667,0,1,17.186956521739127,15.4625,16.273333333333333,0.9468420608820307,0.10033518846445721,23
קשת 12,late_evening,<1m,0.3,0,1,18.05,17.0,17.58,0.973961218836565,0.05817174515235457,16
קשת 12,late_evening,9m+,11.416666666666666,1,2,19.532142857142855,15.691666666666665,17.868888888888886,0.9148452896121574,0.19662339245444016,28
קשת 12,late_evening,6-9m,8.983333333333333,0,1,16.000000000000004,12.03,11.886666666666667,0.7429166666666666,0.24812500000000026,30
קשת 12,late_evening,3-4m,3.0833333333333335,0,1,10.139285714285714,8.225,8.573333333333332,0.84555594692967,0.18879887284255026,28
קשת 12,late_evening,<1m,0.9166666666666666,0,1,9.638461538461538,7.7,8.573333333333332,0.8894918861399308,0.2011173184357541,26
קשת 12,late_evening,4-6m,5.033333333333333,0,1,5.664000000000001,5.516666666666666,5.4866666666666655,0.9686911487758942,0.026012241054614194,25
קשת 12,late_evening,1-2m,1.0833333333333333,0,1,4.842857142857143,4.75,5.486666666666666,1.1329400196656831,0.019174041297935207,21
קשת 12,overnight,<1m,0.9833333333333332,0,1,2.7750000000000004,2.2,2.846666666666668,1.0258258258258262,0.2072072072072072,20
קשת 12,overnight,4-6m,5.45,0,1,2.660869565217392,2.1666666666666665,2.28,0.856862745098039,0.18572984749455368,23
קשת 12,overnight,1-2m,1.1,0,1,2.4388888888888887,2.4,2.28,0.9348519362186788,0.015945330296127547,18
קשת 12,overnight,<1m,0.8833333333333333,0,1,2.221739130434783,1.9500000000000002,2.113333333333334,0.9512067840834967,0.12230919765166348,23
קשת 12,overnight,<1m,0.65,0,1,2.22,2.2,2.113333333333334,0.9519519519519523,0.009009009009009028,25
קשת 12,overnight,1-2m,1.4166666666666667,1,2,1.655172413793103,1.2333333333333334,1.5266666666666664,0.9223611111111112,0.25486111111111087,29
קשת 12,overnight,1-2m,1.1333333333333333,0,1,0.7033333333333331,0.7,0.7066666666666666,1.0047393364928912,0.004739336492890822,30
קשת 12,morning,<1m,0.3,0,1,2.375,2.3,2.3133333333333335,0.9740350877192983,0.03157894736842115,28
קשת 12,morning,<1m,0.3,0,1,2.393103448275862,2.25,2.3133333333333335,0.9666666666666667,0.05979827089337175,29
קשת 12,morning,<1m,0.3,0,1,5.569999999999999,5.300000000000001,5.586666666666667,1.0029922202274089,0.048473967684021346,30
קשת 12,morning,<1m,0.3,0,1,5.586206896551725,5.2,5.586666666666667,1.0000823045267488,0.06913580246913598,29
קשת 12,morning,4-6m,4.7,1,2,5.522222222222222,5.32,5.594666666666667,1.0131187122736418,0.036619718309859106,27
קשת 12,morning,<1m,0.3,0,1,5.338095238095238,5.2,5.173333333333333,0.9691347011596788,0.025869759143621662,21
קשת 12,morning,<1m,0.3,0,1,5.31,5.1,5.173333333333333,0.9742623979912115,0.039548022598870025,20
קשת 12,morning,4-6m,5.75,0,1,5.244,4.742857142857142,5.0133333333333345,0.956013221459446,0.09556499945515973,25
קשת 12,morning,<1m,0.3,0,1,5.045833333333333,5.85,5.273333333333334,1.0450867052023123,-0.15937241948802638,24
קשת 12,morning,<1m,0.3,0,1,5.045833333333333,5.6,5.273333333333334,1.0450867052023123,-0.10982658959537561,24
קשת 12,morning,6-9m,6.033333333333333,1,2,4.621428571428572,4.3428571428571425,4.561904761904762,0.9871200412158679,0.060278207109737414,28
קשת 12,morning,1-2m,1.4166666666666667,0,1,4.439130434782607,4.1,4.293333333333333,0.9671563826314075,0.07639569049951,23
קשת 12,morning,6-9m,6.766666666666667,0,1,4.367857142857143,3.971428571428571,4.093333333333333,0.9371490869446715,0.09076042518397387,28
קשת 12,morning,<1m,0.3,0,1,4.485000000000001,4.9,4.546666666666667,1.0137495354886656,-0.09253065774804892,20
קשת 12,morning,<1m,0.3,0,1,4.485000000000001,4.800000000000001,4.546666666666667,1.0137495354886656,-0.07023411371237454,20
קשת 12,morning,6-9m,6.083333333333333,0,1,4.396428571428571,4.314285714285715,4.286666666666666,0.9750338478202003,0.018683996750609055,28
קשת 12,morning,6-9m,6.283333333333333,0,1,4.123333333333334,4.214285714285714,4.313333333333333,1.0460792239288599,-0.02205797436193535,30
קשת 12,morning,4-6m,5.033333333333333,0,1,3.614285714285714,4.033333333333333,3.9266666666666663,1.0864295125164691,-0.11594202898550732,28
קשת 12,morning,2-3m,2.0166666666666666,0,1,3.5679999999999996,3.733333333333333,3.926666666666667,1.1005231689088193,-0.046337817638266054,25
קשת 12,morning,4-6m,5.15,0,1,3.1821428571428574,2.983333333333333,3.166666666666666,0.9951365506921059,0.06247661803217375,28
קשת 12,morning,1-2m,1.05,0,1,3.0750000000000006,3.1,3.166666666666666,1.0298102981029806,-0.008130081300812941,24
קשת 12,morning,4-6m,4.6,0,1,2.6384615384615384,2.466666666666667,2.5066666666666673,0.9500485908649177,0.06511175898930999,26
קשת 12,morning,1-2m,1.3833333333333333,0,1,2.5714285714285716,2.4,2.5066666666666673,0.974814814814815,0.06666666666666676,21
קשת 12,morning,1-2m,1.5833333333333333,0,1,2.5083333333333333,2.433333333333333,2.5,0.9966777408637874,0.029900332225913706,24
קשת 12,morning,<1m,0.6166666666666667,0,1,2.507692307692307,2.3,2.5,0.9969325153374236,0.08282208588957041,26
קשת 12,afternoon,4-6m,4.866666666666666,0,1,3.0357142857142856,2.6166666666666667,3.0933333333333333,1.0189803921568628,0.13803921568627442,28
קשת 12,afternoon,1-2m,1.5333333333333334,0,1,3.1959999999999997,3.0,3.0933333333333333,0.9678765123070505,0.061326658322903516,25
קשת 12,afternoon,1-2m,1.5333333333333334,0,1,3.6740740740740745,3.7,3.519999999999999,0.9580645161290319,-0.007056451612903247,27
קשת 12,afternoon,4-6m,4.533333333333333,0,1,3.5153846153846158,3.28,3.3466666666666662,0.9520058351568196,0.06695842450765876,26
קשת 12,afternoon,1-2m,1.05,0,1,3.516,3.1,3.3466666666666662,0.9518392112248766,0.1183162684869169,25
קשת 12,afternoon,1-2m,1.5833333333333333,0,1,4.713636363636364,4.55,4.6,0.9758919961427193,0.034715525554484206,22
קשת 12,afternoon,<1m,0.9166666666666666,0,1,4.763157894736842,4.4,4.6,0.9657458563535912,0.07624309392265172,19
קשת 12,afternoon,4-6m,5.783333333333333,0,1,4.508333333333334,4.0285714285714285,4.146666666666667,0.9197781885397412,0.10641668867177201,24
קשת 12,afternoon,1-2m,1.4666666666666666,0,1,4.423809523809524,4.0,4.1466666666666665,0.9373519913885898,0.09580193756727673,21
קשת 12,afternoon,1-2m,1.5833333333333333,0,1,4.7172413793103445,4.3999999999999995,4.613333333333333,0.9779727095516569,0.06725146198830412,29
קשת 12,afternoon,<1m,0.2,0,1,4.7592592592592595,4.7,4.613333333333333,0.9693385214007781,0.012451361867704347,27
קשת 12,afternoon,1-2m,1.6166666666666667,0,1,6.137499999999999,6.199999999999999,6.06,0.9873727087576375,-0.010183299389002087,24
קשת 12,afternoon,2-3m,2.95,0,1,6.245454545454546,6.2,6.06,0.9703056768558951,0.007278020378457151,22
קשת 12,afternoon,1-2m,1.9,1,2,6.554545454545454,5.8999999999999995,6.388888888888889,0.9747264601633535,0.09986130374479885,22
קשת 12,afternoon,1-2m,1.3166666666666669,0,1,7.071428571428571,7.800000000000001,7.046666666666668,0.9964983164983167,-0.10303030303030325,14
קשת 12,afternoon,1-2m,1.25,0,1,7.285714285714286,7.633333333333333,7.373333333333332,1.0120261437908495,-0.04771241830065365,21
קשת 12,afternoon,4-6m,4.25,0,1,7.582608695652173,7.18,7.373333333333332,0.972400611620795,0.0530963302752292,23
קשת 12,afternoon,<1m,0.8833333333333333,0,1,7.695,6.95,7.373333333333332,0.9581979640459171,0.09681611435997406,20
קשת 12,afternoon,4-6m,5.05,1,2,8.596666666666668,7.533333333333332,8.29111111111111,0.9644565076903191,0.1236913532376892,30
קשת 12,early_evening,6-9m,8.516666666666667,0,1,10.769565217391305,10.82,10.620000000000001,0.9861122325393622,-0.004683084376261526,23
קשת 12,early_evening,1-2m,1.2833333333333334,0,1,10.62857142857143,9.9,10.620000000000001,0.9991935483870967,0.06854838709677424,14
קשת 12,early_evening,1-2m,1.0166666666666666,0,1,10.2,10.95,9.953333333333335,0.9758169934640525,-0.07352941176470584,14
קשת 12,early_evening,<1m,0.2,0,1,10.38125,10.0,9.953333333333335,0.9587798514950835,0.03672486453943402,16
קשת 12,early_evening,2-3m,2.283333333333333,0,1,10.891304347826086,9.350000000000001,9.953333333333335,0.9138789088489689,0.14151696606786401,23
קשת 12,early_evening,1-2m,1.7166666666666666,0,1,12.308695652173913,11.866666666666667,11.753333333333336,0.9548804898151421,0.03591192746968086,23
קשת 12,early_evening,6-9m,6.133333333333334,1,2,12.325,10.771428571428572,11.80095238095238,0.9574809234038443,0.1260504201680671,20
קשת 12,early_evening,4-6m,4.883333333333334,0,1,12.142105263157895,12.33333333333333,12.086666666666666,0.9954341858112989,-0.01574916919520275,19
קשת 12,early_evening,1-2m,1.5333333333333334,0,1,12.142105263157895,11.6,12.093333333333332,0.9959832394162692,0.04464672735153885,19
קשת 12,early_evening,6-9m,8.716666666666667,1,2,12.446153846153846,12.78,12.50733333333333,1.0049155335805517,-0.02682323856613089,26
קשת 12,early_evening,<1m,0.3,0,1,16.747826086956525,14.5,16.1,0.9613187954309448,0.13421599169262743,23
קשת 12,early_evening,3-4m,3.933333333333333,0,1,17.507692307692306,15.02,16.1,0.9195957820738139,0.1420913884007029,26
קשת 12,late_evening,6-9m,8.65,0,1,20.049999999999994,16.860000000000003,17.28666666666667,0.8621778886118042,0.15910224438902698,28
קשת 12,late_evening,6-9m,8.616666666666667,1,2,18.83666666666667,17.36666666666666,18.082222222222224,0.9599480917831652,0.07803928508228686,30
קשת 12,late_evening,6-9m,8.05,0,1,18.191666666666666,16.355555555555554,17.480000000000004,0.9608795235913883,0.10093143991449083,24
קשת 12,late_evening,6-9m,8.316666666666666,1,2,18.770833333333332,15.61111111111111,17.48222222222222,0.9313503514613392,0.16833148353681093,24
קשת 12,late_evening,<1m,0.3,0,1,22.02692307692308,18.3,20.99333333333334,0.9530760724055645,0.16919853326348877,26
קשת 12,late_evening,<1m,0.3,0,1,22.32592592592593,20.1,20.99333333333334,0.9403118779031189,0.09970139349701401,27
קשת 12,late_evening,9m+,9.633333333333333,1,2,24.417241379310347,15.045454545454543,19.150303030303036,0.7842942915955203,0.38381841291034924,29
קשת 12,late_evening,3-4m,3.15,0,1,18.77777777777778,14.075,21.113333333333333,1.124378698224852,0.25044378698224856,27
קשת 12,late_evening,<1m,0.4333333333333333,0,1,17.451999999999998,13.5,13.18666666666667,0.7555963022385211,0.22644969057987618,25
קשת 12,late_evening,4-6m,5.966666666666667,0,1,11.025925925925923,9.171428571428573,9.846666666666666,0.8930466912999665,0.16819425116368314,27
קשת 12,late_evening,1-2m,1.0833333333333333,0,1,9.838095238095239,7.85,9.846666666666668,1.0008712487899323,0.20208131655372708,21
קשת 12,overnight,1-2m,1.3,1,2,6.456521739130434,5.466666666666666,5.777777777777776,0.8948746726524502,0.15331088664422,23
קשת 12,overnight,4-6m,4.816666666666666,0,1,5.865384615384615,5.216666666666666,5.033333333333331,0.858142076502732,0.11060109289617492,26
קשת 12,overnight,<1m,0.9333333333333332,0,1,5.399999999999999,5.15,5.033333333333331,0.9320987654320987,0.04629629629629595,22
קשת 12,overnight,<1m,0.9,0,1,3.8551724137931034,3.5,4.093333333333333,1.0617769827072152,0.092128801431127,29
קשת 12,overnight,<1m,0.2,0,1,3.764285714285714,3.3,4.093333333333333,1.0874130297280202,0.12333965844402273,28
קשת 12,overnight,1-2m,1.65,0,1,2.1714285714285717,2.2,2.2133333333333334,1.019298245614035,-0.013157894736842035,28
קשת 12,overnight,<1m,0.9,0,1,2.0892857142857144,2.2,2.2133333333333334,1.0593732193732193,-0.052991452991453025,28
קשת 12,overnight,<1m,0.9166666666666666,0,1,1.6400000000000001,1.6,1.6000000000000005,0.9756097560975612,0.024390243902439046,30
קשת 12,overnight,<1m,0.85,0,1,1.0413793103448274,0.8,1.1600000000000001,1.113907284768212,0.23178807947019853,29
קשת 12,overnight,1-2m,1.15,0,1,1.3965517241379315,1.2,1.46,1.0454320987654317,0.14074074074074105,29
קשת 12,morning,<1m,0.3,0,1,2.413793103448276,2.7,2.393333333333333,0.9915238095238095,-0.11857142857142877,29
קשת 12,morning,<1m,0.3,0,1,2.4655172413793105,2.4,2.393333333333333,0.9707226107226106,0.02657342657342665,29
קשת 12,morning,<1m,0.3,0,1,4.610344827586207,4.4,4.553333333333334,0.987634006482174,0.04562453253552723,29
קשת 12,morning,<1m,0.3,0,1,4.641379310344829,4.3,4.553333333333334,0.981030212976721,0.07355126300148618,29
קשת 12,morning,6-9m,6.233333333333333,0,1,4.848148148148148,4.7,4.333333333333333,0.8938120702826585,0.030557677616501078,27
קשת 12,morning,1-2m,1.4833333333333334,0,1,4.747826086956523,3.9666666666666663,4.333333333333333,0.9126984126984125,0.16452991452991472,23
קשת 12,morning,<1m,0.3,0,1,5.0178571428571415,6.2,5.553333333333334,1.106714116251483,-0.23558718861209993,28
קשת 12,morning,<1m,0.3,0,1,5.006896551724137,6.1,5.553333333333334,1.1091368227731868,-0.21831955922865043,29
קשת 12,morning,6-9m,6.266666666666667,1,2,4.7370370370370365,4.4,4.582857142857144,0.967452250642243,0.07114933541829538,27
קשת 12,morning,1-2m,1.1833333333333331,0,1,4.6499999999999995,4.566666666666666,4.586666666666667,0.9863799283154123,0.017921146953404965,22
קשת 12,morning,4-6m,5.916666666666667,0,1,4.9222222222222225,4.771428571428571,4.760000000000001,0.9670428893905193,0.0306352789422768,27
קשת 12,morning,<1m,0.3,0,1,5.179166666666666,5.0,5.220000000000001,1.0078841512469834,0.03459372485921153,24
קשת 12,morning,<1m,0.3,0,1,5.192,5.0,5.220000000000001,1.0053929121725733,0.036979969183358996,25
קשת 12,morning,4-6m,5.933333333333334,1,2,5.413333333333333,5.550000000000001,5.406666666666666,0.9987684729064039,-0.025246305418719306,30
קשת 12,morning,4-6m,5.516666666666667,0,1,5.0666666666666655,5.3,5.3133333333333335,1.048684210526316,-0.04605263157894757,30
קשת 12,morning,6-9m,8.55,0,1,4.475,4.555555555555555,4.593333333333334,1.026443202979516,-0.018001241464928652,28
קשת 12,morning,<1m,0.9833333333333332,1,2,4.366666666666665,4.7,4.433333333333334,1.0152671755725193,-0.07633587786259577,21
קשת 12,morning,1-2m,1.3,0,1,3.8586206896551722,4.0,4.113333333333333,1.0660113196306227,-0.036639857015192234,29
קשת 12,morning,<1m,0.6166666666666667,0,1,3.8,4.0,4.113333333333333,1.0824561403508772,-0.05263157894736836,27
קשת 12,morning,4-6m,6.0,1,2,3.4666666666666663,3.385714285714286,3.442857142857142,0.993131868131868,0.023351648351648158,24
קשת 12,morning,<1m,0.8666666666666667,0,1,3.3600000000000003,3.8499999999999996,3.519999999999999,1.0476190476190472,-0.14583333333333304,20
קשת 12,morning,1-2m,1.2666666666666666,1,2,3.3681818181818186,3.466666666666667,3.457777777777778,1.0266006897585844,-0.029239766081871288,22
קשת 12,afternoon,6-9m,6.366666666666666,0,1,3.7250000000000005,3.414285714285714,3.6199999999999983,0.9718120805369121,0.08341323106423792,28
קשת 12,afternoon,1-2m,1.2166666666666666,0,1,3.952173913043479,3.4,3.619999999999999,0.9159515951595155,0.13971397139713992,23
קשת 12,afternoon,1-2m,1.45,0,1,4.053333333333334,3.8499999999999996,4.319999999999999,1.0657894736842104,0.05016447368421073,30
קשת 12,afternoon,4-6m,4.933333333333334,0,1,3.7464285714285714,3.7000000000000006,3.7133333333333334,0.9911661900222434,0.012392755004766332,28
קשת 12,afternoon,1-2m,1.2666666666666666,0,1,3.8333333333333335,3.85,3.7133333333333334,0.9686956521739131,-0.004347826086956497,24
קשת 12,afternoon,1-2m,1.5666666666666669,0,1,4.337931034482759,4.0,4.2,0.9682034976152623,0.07790143084260737,29
קשת 12,afternoon,<1m,0.6166666666666667,0,1,4.4035714285714285,4.2,4.2,0.953771289537713,0.04622871046228705,28
קשת 12,afternoon,6-9m,6.516666666666667,0,1,4.924999999999999,4.614285714285715,4.713333333333334,0.9570219966159056,0.06308919506889021,28
קשת 12,afternoon,1-2m,1.5166666666666666,0,1,4.908695652173913,4.6,4.713333333333335,0.9602007676409805,0.06288751107174495,23
קשת 12,afternoon,1-2m,1.5666666666666669,0,1,5.42142857142857,5.033333333333333,5.433333333333334,1.0021958717610895,0.07158541941150609,28
קשת 12,afternoon,<1m,0.5166666666666667,0,1,5.548148148148148,5.3,5.433333333333334,0.979305740987984,0.04472630173564762,27
קשת 12,afternoon,1-2m,1.7,0,1,6.269565217391305,6.6000000000000005,6.593333333333335,1.05164123901988,-0.05270457697642161,23
קשת 12,afternoon,4-6m,4.133333333333334,0,1,6.4239999999999995,6.619999999999999,6.5933333333333355,1.0263594852635953,-0.030510585305105753,25
קשת 12,afternoon,1-2m,1.2833333333333334,0,1,6.595454545454545,6.3,6.593333333333335,0.9996783827245581,0.04479669193659541,22
קשת 12,afternoon,1-2m,1.3166666666666669,0,1,6.721052631578948,6.633333333333333,6.766666666666668,1.0067867397546335,0.01305142260506409,19
קשת 12,afternoon,6-9m,8.266666666666667,0,1,6.888,6.344444444444445,6.333333333333333,0.9194734804490902,0.07891340818170078,25
קשת 12,afternoon,1-2m,1.4,0,1,6.944444444444444,5.85,6.333333333333333,0.912,0.15759999999999996,18
קשת 12,afternoon,<1m,0.7166666666666667,0,1,7.7,7.5,7.180000000000001,0.9324675324675326,0.025974025974025983,28
קשת 12,afternoon,<1m,0.9166666666666666,0,1,7.885714285714287,6.8,7.180000000000001,0.9105072463768116,0.13768115942029002,28
קשת 12,early_evening,6-9m,8.333333333333334,1,2,10.995833333333332,9.790000000000003,10.498666666666669,0.9547859037514212,0.10966275104206102,24
קשת 12,early_evening,1-2m,1.9166666666666667,0,1,10.79375,10.0,10.066666666666668,0.9326384867786144,0.07353792704111173,16
קשת 12,early_evening,1-2m,1.5666666666666669,0,1,10.428571428571429,10.366666666666667,10.066666666666668,0.9652968036529682,0.005936073059360725,14
קשת 12,early_evening,<1m,0.6166666666666667,0,1,10.46,10.0,10.226666666666667,0.9776927979604843,0.04397705544933084,15
קשת 12,early_evening,2-3m,2.283333333333333,0,1,11.14,9.975,10.226666666666667,0.9180131657690005,0.1045780969479354,25
קשת 12,early_evening,1-2m,1.6666666666666667,1,2,12.19090909090909,12.133333333333333,12.071111111111108,0.9901731709337972,0.004722843649018094,22
קשת 12,early_evening,6-9m,6.966666666666667,0,1,12.814814814814817,11.1375,11.746666666666666,0.9166473988439304,0.13088872832369958,27
קשת 12,early_evening,4-6m,5.516666666666667,1,2,13.14782608695652,13.0,13.248888888888892,1.0076866549088774,0.011243386243386166,23
קשת 12,early_evening,1-2m,1.15,0,1,13.247058823529413,11.95,12.213333333333333,0.9219656601539371,0.09791296625222035,17
קשת 12,early_evening,9m+,9.95,1,2,12.995652173913042,12.363636363636363,12.461818181818183,0.9589221083366284,0.0486328659630767,23
קשת 12,early_evening,<1m,0.2,0,1,15.700000000000001,14.600000000000001,14.979999999999999,0.9541401273885349,0.07006369426751591,24
קשת 12,early_evening,3-4m,3.9166666666666665,0,1,15.9,14.419999999999998,14.979999999999999,0.9421383647798741,0.0930817610062894,27
קשת 12,late_evening,6-9m,8.066666666666666,1,2,16.146428571428572,14.111111111111112,15.542222222222222,0.9625795669591289,0.12605372459387054,28
קשת 12,late_evening,6-9m,8.433333333333334,0,1,14.903703703703703,14.666666666666666,14.913333333333334,1.0006461232604373,0.015904572564612307,27
קשת 12,late_evening,6-9m,7.733333333333333,1,2,15.060869565217393,13.7625,14.538333333333334,0.9653050423402617,0.08620814087759832,23
קשת 12,late_evening,1-2m,1.05,0,1,17.814285714285713,17.1,15.853333333333333,0.8899224806201551,0.04009623095429016,14
קשת 12,late_evening,<1m,0.3,0,1,18.233333333333334,19.7,18.126666666666665,0.9941499085923217,-0.08043875685557578,15
קשת 12,late_evening,9m+,9.783333333333331,0,1,20.199999999999992,15.59,18.126666666666665,0.8973597359735976,0.22821782178217798,23
קשת 12,late_evening,9m+,9.466666666666669,1,2,23.311111111111114,14.945454545454549,20.318181818181813,0.8716093248981711,0.3588699194037611,27
קשת 12,late_evening,4-6m,4.766666666666667,0,1,12.632142857142858,9.166666666666668,10.233333333333333,0.8101027235887286,0.27433795118273485,28
קשת 12,late_evening,<1m,0.6,0,1,10.887500000000001,9.0,10.233333333333333,0.9399158055874473,0.17336394948335254,24
קשת 12,late_evening,4-6m,5.233333333333333,1,2,6.488461538461537,5.866666666666666,6.050000000000001,0.9324244220509784,0.09583086346571801,26
קשת 12,late_evening,1-2m,1.4166666666666667,0,1,5.995833333333334,5.2,5.8066666666666675,0.9684503127171648,0.13273106323835993,24
קשת 12,overnight,1-2m,1.5666666666666669,0,1,3.5619047619047626,3.6,3.6333333333333333,1.0200534759358286,-0.010695187165775222,21
קשת 12,overnight,4-6m,5.25,1,2,3.4863636363636363,3.5499999999999994,3.388888888888889,0.972041141532667,-0.01825293350717061,22
קשת 12,overnight,<1m,1.0,0,1,3.3777777777777778,3.1,3.2666666666666666,0.9671052631578947,0.08223684210526316,18
קשת 12,overnight,<1m,1.0,1,2,3.013636363636364,3.5,3.1466666666666665,1.0441427853192558,-0.16138763197586714,22
קשת 12,overnight,<1m,0.45,0,1,2.973913043478261,3.5,3.026666666666667,1.017738791423002,-0.17690058479532156,23
קשת 12,overnight,3-4m,3.183333333333333,1,2,2.2428571428571424,2.5,2.365333333333333,1.054607218683652,-0.11464968152866262,28
קשת 12,overnight,<1m,0.6666666666666666,0,1,2.256,2.5,2.413333333333333,1.0697399527186762,-0.10815602836879434,25
קשת 12,overnight,1-2m,1.1,0,1,1.396666666666667,1.2000000000000002,1.4533333333333336,1.0405727923627686,0.1408114558472554,30
קשת 12,morning,<1m,0.3,0,1,2.106896551724138,1.9,2.0666666666666664,0.9809056192034915,0.09819967266775775,29
קשת 12,morning,<1m,0.3,0,1,2.162068965517241,2.4,2.0666666666666664,0.9558745348219033,-0.1100478468899524,29
קשת 12,morning,<1m,0.3,0,1,4.706896551724138,5.0,4.873333333333334,1.0353601953601954,-0.06227106227106227,29
קשת 12,morning,<1m,0.3,0,1,4.771428571428571,4.9,4.873333333333334,1.021357285429142,-0.026946107784431295,28
קשת 12,morning,4-6m,4.566666666666666,0,1,5.365384615384617,5.4799999999999995,5.6000000000000005,1.0437275985663081,-0.021362007168458375,26
קשת 12,morning,1-2m,1.3333333333333333,1,2,5.34,5.2,5.422222222222222,1.0153974198918019,0.02621722846441943,25
קשת 12,morning,4-6m,5.933333333333334,0,1,5.110714285714287,4.614285714285714,4.966666666666668,0.9718145818774749,0.09713487071977667,28
קשת 12,morning,<1m,0.3,0,1,4.9363636363636365,5.7,5.073333333333334,1.0277470841006755,-0.15469613259668513,22
קשת 12,morning,<1m,0.3,0,1,4.881818181818182,5.3,5.073333333333334,1.0392302917442584,-0.08566108007448792,22
קשת 12,morning,6-9m,7.266666666666667,1,2,4.644,4.4,4.555,0.9808354866494401,0.052540913006029255,25
קשת 12,morning,<1m,0.8833333333333333,0,1,4.658823529411764,4.550000000000001,4.573333333333333,0.9816498316498318,0.023358585858585634,17
קשת 12,morning,6-9m,6.716666666666667,0,1,4.665217391304347,4.7875000000000005,4.746666666666668,1.0174588381484937,-0.026211556383970436,23
קשת 12,morning,<1m,0.3,0,1,4.463157894736842,4.5,4.526666666666667,1.0142295597484279,-0.008254716981132226,19
קשת 12,morning,<1m,0.3,0,1,4.463157894736842,4.7,4.526666666666667,1.0142295597484279,-0.05306603773584917,19
קשת 12,morning,6-9m,8.366666666666667,0,1,4.260714285714286,4.029999999999999,4.006666666666666,0.9403744062587313,0.054149203688181324,28
קשת 12,morning,1-2m,1.6666666666666667,0,1,3.960000000000001,3.9,3.8266666666666667,0.9663299663299662,0.01515151515151536,30
קשת 12,morning,4-6m,5.533333333333333,0,1,4.128571428571427,4.516666666666667,4.493333333333333,1.088350634371396,-0.09400230680507526,28
קשת 12,morning,1-2m,1.1833333333333331,0,1,4.175,4.5,4.493333333333334,1.0762475049900202,-0.07784431137724557,24
קשת 12,morning,4-6m,4.816666666666666,1,2,4.017857142857143,4.033333333333332,4.002222222222223,0.9961086419753087,-0.003851851851851551,28
קשת 12,morning,<1m,0.3,0,1,3.875,3.9,3.92,1.0116129032258063,-0.006451612903225712,24
קשת 12,morning,6-9m,7.3,1,2,3.4791666666666665,3.1555555555555554,3.32,0.954251497005988,0.09301397205588824,24
קשת 12,morning,1-2m,1.4666666666666666,0,1,3.327777777777778,3.3000000000000003,3.2533333333333334,0.9776293823038397,0.008347245409014992,18
קשת 12,morning,1-2m,1.3666666666666667,0,1,3.0599999999999996,3.55,3.2533333333333334,1.0631808278867103,-0.16013071895424846,20
קשת 12,morning,<1m,0.2166666666666666,0,1,3.0090909090909084,3.5,3.033333333333333,1.0080563947633436,-0.16314199395770412,22
קשת 12,afternoon,6-9m,7.366666666666666,0,1,3.7068965517241383,3.744444444444445,3.906666666666667,1.0538914728682172,-0.010129198966408293,29
קשת 12,afternoon,<1m,0.6666666666666666,0,1,3.9818181818181824,4.2,3.9066666666666667,0.9811263318112632,-0.0547945205479452,22
קשת 12,afternoon,2-3m,2.4,0,1,3.683333333333333,3.6333333333333333,3.4933333333333323,0.9484162895927599,0.013574660633484115,30
קשת 12,afternoon,4-6m,4.616666666666666,0,1,3.5862068965517246,3.516666666666667,3.5466666666666673,0.988974358974359,0.019391025641025683,29
קשת 12,afternoon,1-2m,1.1,0,1,3.568,3.6,3.5466666666666673,0.9940209267563529,-0.008968609865470878,25
קשת 12,afternoon,2-3m,2.1166666666666667,0,1,3.1482758620689655,3.0666666666666664,3.1133333333333346,0.9889010587805773,0.02592186929536333,29
קשת 12,afternoon,<1m,0.3,0,1,3.1240000000000006,2.9,3.113333333333334,0.9965855740503629,0.07170294494238172,25
קשת 12,afternoon,6-9m,7.1,0,1,3.5392857142857146,3.3375,3.3600000000000003,0.9493440968718466,0.05701311806256315,28
קשת 12,afternoon,1-2m,1.3333333333333333,0,1,3.6869565217391305,3.4,3.3600000000000003,0.9113207547169813,0.0778301886792453,23
קשת 12,afternoon,2-3m,2.3,1,2,4.079310344827586,3.9,4.128888888888889,1.0121536583075046,0.0439560439560438,29
קשת 12,afternoon,<1m,0.2,0,1,4.0777777777777775,3.8,3.7600000000000002,0.9220708446866486,0.0681198910081744,27
קשת 12,afternoon,1-2m,1.6666666666666667,0,1,5.621739130434783,6.35,5.986666666666666,1.064913637535447,-0.1295436968290795,23
קשת 12,afternoon,4-6m,4.133333333333334,0,1,5.904,5.82,5.986666666666666,1.0140018066847334,0.014227642276422703,25
קשת 12,afternoon,1-2m,1.6333333333333333,0,1,6.052380952380952,5.833333333333333,5.986666666666667,0.9891424075531079,0.03619197482297409,21
קשת 12,afternoon,1-2m,1.4,0,1,6.51875,6.6000000000000005,6.506666666666665,0.9981463726430168,-0.01246404602109319,16
קשת 12,afternoon,1-2m,1.2666666666666666,0,1,6.411111111111111,7.400000000000001,6.6333333333333355,1.034662045060659,-0.1542461005199307,18
קשת 12,afternoon,4-6m,5.933333333333334,0,1,6.5227272727272725,6.471428571428572,6.633333333333334,1.0169570267131243,0.007864609258337318,22
קשת 12,afternoon,1-2m,1.3833333333333333,0,1,6.5736842105263165,5.933333333333334,6.6333333333333355,1.0090739258073127,0.09741126234320796,19
קשת 12,afternoon,6-9m,6.733333333333333,1,2,8.193333333333333,7.4625,7.694166666666668,0.9390764849471116,0.08919853539462974,30
קשת 12,early_evening,1-2m,1.3666666666666667,0,1,9.44736842105263,9.8,9.66,1.022506963788301,-0.037325905292479256,19
קשת 12,early_evening,6-9m,8.3,0,1,9.430434782608698,9.070000000000002,9.02,0.956477639465191,0.038220378054402926,23
קשת 12,early_evening,<1m,1.0,1,2,9.659999999999998,8.7,9.376666666666667,0.9706694271911666,0.0993788819875776,15
קשת 12,early_evening,<1m,0.7,0,1,9.75,8.45,9.733333333333333,0.9982905982905982,0.13333333333333341,16
קשת 12,early_evening,2-3m,2.316666666666667,0,1,10.296,10.133333333333333,9.733333333333333,0.9453509453509453,0.01579901579901577,25
קשת 12,early_evening,1-2m,1.5666666666666669,0,1,11.622727272727273,11.200000000000001,11.153333333333336,0.9596141311432671,0.03637074696910436,22
קשת 12,early_evening,6-9m,6.366666666666666,1,2,11.625,10.1375,11.005000000000003,0.9466666666666669,0.12795698924731191,20
קשת 12,early_evening,4-6m,4.733333333333333,0,1,10.700000000000001,10.183333333333332,10.56,0.9869158878504672,0.048286604361371,19
קשת 12,early_evening,<1m,0.8666666666666667,1,2,10.700000000000001,10.1,10.513333333333332,0.9825545171339561,0.056074766355140304,19
קשת 12,early_evening,6-9m,8.7,0,1,10.42962962962963,10.166666666666666,10.153333333333332,0.9735085227272725,0.025213068181818343,27
קשת 12,early_evening,<1m,0.2,0,1,14.604347826086956,13.2,14.379999999999999,0.9846382852039297,0.0961595713009824,23
קשת 12,early_evening,3-4m,3.85,0,1,15.057692307692308,13.425,14.379999999999999,0.954993614303959,0.10842911877394634,26
קשת 12,late_evening,9m+,9.366666666666667,0,1,16.935714285714287,14.672727272727274,15.29333333333333,0.9030226346126807,0.1336221770637629,28
קשת 12,late_evening,9m+,9.883333333333333,1,2,15.773076923076925,14.436363636363637,15.336969696969698,0.9723511634265108,0.08474651415397583,26
קשת 12,late_evening,<1m,0.3,0,1,16.336,14.2,14.04,0.8594515181194907,0.13075416258570027,25
קשת 12,late_evening,<1m,0.3,0,1,16.423076923076923,14.9,17.933333333333337,1.0919594067135052,0.09274004683840753,26
קשת 12,late_evening,9m+,9.65,0,1,17.95357142857143,13.6,14.87333333333333,0.8284331277766724,0.24249055102446793,28
קשת 12,late_evening,9m+,10.216666666666669,0,1,14.008333333333333,11.283333333333331,11.073333333333329,0.7904818560380723,0.19452706722189184,24
קשת 12,late_evening,3-4m,3.933333333333333,0,1,8.866666666666667,8.84,8.893333333333333,1.0030075187969925,0.00300751879699257,24
קשת 12,late_evening,1-2m,1.0666666666666669,1,2,8.687999999999999,8.2,8.649999999999999,0.9956261510128913,0.056169429097605805,25
קשת 12,late_evening,6-9m,6.25,0,1,6.230434782608696,4.828571428571429,5.346666666666665,0.8581530588508952,0.22500249227395064,23
קשת 12,late_evening,<1m,0.5333333333333333,0,1,5.176470588235294,4.1,5.346666666666665,1.0328787878787875,0.20795454545454561,17
קשת 12,overnight,4-6m,4.716666666666667,0,1,3.78,3.94,3.913333333333333,1.035273368606702,-0.042328042328042326,20
קשת 12,overnight,<1m,0.7,0,1,3.7571428571428567,3.7,3.9133333333333336,1.0415716096324463,0.015209125475284968,21
קשת 12,overnight,2-3m,2.4166666666666665,0,1,1.9214285714285708,1.8666666666666665,1.8733333333333324,0.9749690210656752,0.028500619578686326,28
קשת 12,overnight,<1m,1.0,0,1,1.936666666666667,2.1,2.033333333333334,1.0499139414802068,-0.0843373493975903,30
קשת 12,overnight,2-3m,2.4,0,1,1.623333333333334,1.7333333333333334,1.5999999999999994,0.9856262833675558,-0.06776180698151912,30
קשת 12,overnight,1-2m,1.05,0,1,1.3666666666666665,1.45,1.4066666666666667,1.029268292682927,-0.060975609756097615,30
קשת 12,overnight,1-2m,1.75,0,1,0.46666666666666673,0.3,0.4133333333333333,0.8857142857142855,0.3571428571428572,30
קשת 12,morning,<1m,0.3,0,1,1.3482758620689659,1.8,1.4866666666666666,1.102642796248934,-0.33503836317135516,29
קשת 12,morning,<1m,0.3,0,1,1.3517241379310347,1.8,1.4866666666666666,1.0998299319727889,-0.33163265306122436,29
קשת 12,morning,<1m,0.3,0,1,3.431034482758621,3.4,3.3866666666666676,0.9870686767169181,0.009045226130653394,29
קשת 12,morning,<1m,0.3,0,1,3.4827586206896552,3.2,3.3866666666666676,0.9724092409240926,0.08118811881188115,29
קשת 12,morning,4-6m,4.866666666666666,1,2,4.077777777777777,4.266666666666667,4.1066666666666665,1.0070844686648504,-0.046321525885558934,27
קשת 12,morning,<1m,0.3,0,1,4.199999999999999,4.2,4.24,1.0095238095238097,-2.220446049250313e-16,23
קשת 12,morning,<1m,0.3,0,1,4.245454545454544,4.0,4.24,0.9987152034261245,0.057815845824410905,22
קשת 12,morning,4-6m,4.883333333333334,0,1,4.571428571428571,4.066666666666667,4.28,0.9362500000000001,0.1104166666666665,28
קשת 12,morning,<1m,0.3,0,1,4.736363636363635,4.6,4.786666666666665,1.0106206014075494,0.028790786948176494,22
קשת 12,morning,<1m,0.3,0,1,4.736363636363635,4.699999999999999,4.786666666666665,1.0106206014075494,0.007677543186180413,22
קשת 12,morning,6-9m,6.1,0,1,4.903846153846154,4.742857142857143,4.7,0.9584313725490196,0.0328291316526611,26
קשת 12,morning,<1m,0.9166666666666666,0,1,5.1130434782608685,4.65,5.073333333333333,0.9922335600907032,0.09056122448979564,23
קשת 12,morning,6-9m,6.683333333333334,0,1,5.614285714285715,5.862500000000001,5.9333333333333345,1.0568278201865988,-0.04421119592875322,28
קשת 12,morning,<1m,0.3,0,1,5.486363636363636,6.1,5.673333333333333,1.0340789837061584,-0.11184755592377793,22
קשת 12,morning,<1m,0.3,0,1,5.452173913043478,5.8,5.673333333333333,1.0405635300372142,-0.06379585326953752,23
קשת 12,morning,4-6m,5.7,1,2,5.120689655172413,4.457142857142857,4.858095238095237,0.948718935385602,0.12958152958152935,29
קשת 12,morning,4-6m,4.9,0,1,5.707407407407407,5.483333333333334,5.593333333333333,0.9800129785853341,0.03926022063595047,27
קשת 12,morning,<1m,0.8333333333333334,0,1,5.891666666666666,5.4,5.593333333333333,0.9493635077793494,0.08345120226308322,24
קשת 12,morning,6-9m,7.133333333333334,1,2,5.000000000000001,4.4,4.640833333333333,0.9281666666666665,0.1200000000000001,27
קשת 12,morning,1-2m,1.0166666666666666,0,1,4.88,4.7,4.926666666666668,1.0095628415300548,0.03688524590163933,20
קשת 12,morning,<1m,0.75,1,2,5.011538461538462,5.35,5.013333333333334,1.0003581478639036,-0.06753645433614719,26
קשת 12,morning,<1m,0.6333333333333333,0,1,5.003703703703705,5.3,5.099999999999999,1.0192450037009617,-0.05921539600296044,27
קשת 12,morning,4-6m,5.166666666666667,1,2,4.072413793103448,3.6571428571428575,3.86,0.9478408128704489,0.10197169468973011,29
קשת 12,morning,1-2m,1.5166666666666666,0,1,3.7874999999999996,3.5,3.6599999999999997,0.9663366336633663,0.07590759075907583,24
קשת 12,morning,<1m,0.9333333333333332,0,1,2.9,2.6,2.9000000000000004,1.0000000000000002,0.10344827586206895,29
קשת 12,morning,<1m,0.4666666666666667,0,1,2.8107142857142855,2.6,2.9000000000000004,1.0317662007623891,0.07496823379923756,28
קשת 12,afternoon,4-6m,5.883333333333334,0,1,2.6499999999999995,2.5857142857142854,2.5866666666666664,0.9761006289308177,0.02425876010781658,28
קשת 12,afternoon,<1m,0.9833333333333332,0,1,2.8260869565217392,2.7,2.586666666666667,0.9152820512820513,0.04461538461538461,23
קשת 12,afternoon,4-6m,4.516666666666667,0,1,4.143478260869566,3.7399999999999998,3.806666666666666,0.9187128366561732,0.09737670514165808,23
קשת 12,afternoon,1-2m,1.5833333333333333,0,1,3.96,3.75,3.8066666666666666,0.9612794612794613,0.05303030303030298,20
קשת 12,afternoon,1-2m,1.1666666666666667,0,1,3.910000000000001,3.85,3.8066666666666666,0.9735720375106561,0.015345268542199753,20
קשת 12,afternoon,1-2m,1.7833333333333334,0,1,3.894444444444445,3.766666666666667,3.8800000000000003,0.9962910128388017,0.032810271041369465,18
קשת 12,afternoon,1-2m,1.2,0,1,4.11578947368421,4.7,4.22,1.0253196930946291,-0.14194373401534532,19
קשת 12,afternoon,4-6m,4.616666666666666,0,1,4.284,3.9500000000000006,4.22,0.9850606909430438,0.07796451914098956,25
קשת 12,afternoon,1-2m,1.4666666666666666,0,1,4.456521739130435,4.1000000000000005,4.22,0.9469268292682926,0.07999999999999985,23
קשת 12,afternoon,<1m,0.75,0,1,5.246428571428572,4.85,5.1933333333333325,0.9898797367823914,0.07556160653505806,28
קשת 12,afternoon,<1m,0.8666666666666667,0,1,5.239285714285714,4.8,5.1933333333333325,0.9912292660758918,0.08384458077709611,28
קשת 12,afternoon,1-2m,1.2666666666666666,0,1,5.782608695652173,5.8,5.780000000000001,0.9995488721804515,-0.003007518796992681,23
קשת 12,afternoon,4-6m,4.216666666666667,0,1,5.876923076923077,5.639999999999999,5.780000000000001,0.9835078534031415,0.04031413612565471,26
קשת 12,afternoon,1-2m,1.6,0,1,5.8875,5.866666666666667,5.780000000000001,0.9817409766454354,0.0035385704175512345,24
קשת 12,afternoon,6-9m,8.35,0,1,5.45925925925926,4.9799999999999995,5.126666666666667,0.9390773405698779,0.0877883310719133,27
קשת 12,afternoon,1-2m,1.5666666666666669,0,1,5.566666666666666,5.2,5.126666666666667,0.9209580838323355,0.06586826347305386,21
קשת 12,afternoon,<1m,0.7333333333333333,0,1,7.548275862068965,7.05,7.026666666666667,0.9308969087863562,0.06601187756966642,29
קשת 12,early_evening,1-2m,1.3166666666666669,0,1,8.372727272727273,8.45,7.846666666666666,0.9371697430329351,-0.009229098805645819,22
קשת 12,early_evening,4-6m,5.133333333333334,0,1,8.1625,7.25,7.846666666666665,0.9613067891781519,0.11179173047473201,24
קשת 12,early_evening,1-2m,1.05,0,1,7.955000000000001,7.05,7.846666666666666,0.9863817305677769,0.11376492771841618,20
קשת 12,early_evening,1-2m,1.6666666666666667,0,1,8.715789473684211,8.75,8.44,0.9683574879227053,-0.003925120772946711,19
קשת 12,early_evening,<1m,0.75,0,1,9.210526315789474,8.45,9.526666666666666,1.0343238095238094,0.08257142857142874,19
קשת 12,early_evening,6-9m,6.333333333333333,0,1,9.516666666666667,9.185714285714287,9.526666666666666,1.0010507880910682,0.03477608206154614,24
קשת 12,early_evening,1-2m,1.1833333333333331,0,1,9.952631578947368,9.899999999999999,9.526666666666666,0.9572007756037368,0.005288207297726166,19
קשת 12,early_evening,6-9m,6.366666666666666,1,2,9.003571428571428,7.628571428571428,8.123809523809523,0.9022874520692846,0.15271717572391907,28
קשת 12,early_evening,<1m,0.5166666666666667,0,1,11.110344827586207,10.2,10.533333333333331,0.9480653838195736,0.08193668528864073,29
קשת 12,early_evening,<1m,0.95,0,1,11.258620689655173,10.25,10.533333333333331,0.9355793772332821,0.08958652373660037,29
קשת 12,late_evening,6-9m,7.35,1,2,14.351724137931036,10.944444444444446,13.006666666666668,0.9062790325164184,0.23741256874365957,29
קשת 12,late_evening,6-9m,6.883333333333334,0,1,13.746666666666666,10.7625,12.613333333333333,0.9175557710960233,0.21708292919495642,30
קשת 12,late_evening,<1m,0.8,0,1,12.80344827586207,13.15,12.753333333333336,0.9960858245803035,-0.027067061675195125,29
קשת 12,late_evening,<1m,0.3,0,1,12.814285714285715,12.4,12.753333333333336,0.9952434039390562,0.032329988851728,28
קשת 12,late_evening,6-9m,7.066666666666666,0,1,12.430769230769231,9.3,10.899999999999999,0.8768564356435642,0.2518564356435643,26
קשת 12,late_evening,4-6m,4.35,0,1,9.933333333333334,7.58,9.933333333333332,0.9999999999999998,0.2369127516778523,21
קשת 12,late_evening,3-4m,3.55,0,1,7.032,6.4799999999999995,7.026666666666666,0.9992415623814941,0.07849829351535842,25
קשת 12,late_evening,4-6m,4.733333333333333,1,2,6.882142857142858,6.25,6.6355555555555545,0.9641699821253529,0.09185262065386623,28
קשת 12,late_evening,<1m,0.6166666666666667,0,1,6.887499999999999,5.7,6.486666666666666,0.9418027828191168,0.17241379310344818,24
קשת 12,overnight,4-6m,4.866666666666666,0,1,4.439285714285714,4.183333333333333,4.093333333333333,0.9220702601233574,0.0576562080986861,28
קשת 12,overnight,<1m,0.4166666666666667,0,1,4.258333333333333,4.2,4.093333333333333,0.961252446183953,0.013698630136986134,24
קשת 12,overnight,1-2m,1.5333333333333334,0,1,3.9,3.8666666666666667,4.066666666666666,1.0427350427350428,0.008547008547008517,29
קשת 12,overnight,1-2m,1.6,0,1,2.7999999999999994,2.9,2.899999999999999,1.0357142857142856,-0.03571428571428581,30
קשת 12,overnight,1-2m,1.3666666666666667,0,1,1.4629629629629632,1.4,1.4400000000000002,0.9843037974683544,0.04303797468354453,27
קשת 12,overnight,1-2m,1.25,1,2,0.9107142857142858,0.8000000000000002,0.8888888888888892,0.9760348583877998,0.1215686274509803,28
קשת 12,overnight,1-2m,1.2833333333333334,0,1,0.8266666666666664,0.5,0.5266666666666667,0.6370967741935486,0.3951612903225805,30
קשת 12,overnight,1-2m,1.9166666666666667,0,1,0.7966666666666669,0.8000000000000002,0.8000000000000003,1.0041841004184102,-0.004184100418409997,30
קשת 12,morning,1-2m,1.4166666666666667,0,1,0.44482758620689666,0.6,0.52,1.1689922480620152,-0.3488372093023251,29
קשת 12,morning,<1m,0.3,0,1,0.4379310344827587,0.6,0.52,1.1874015748031495,-0.3700787401574799,29
קשת 12,morning,1-2m,1.7,0,1,0.7133333333333334,0.20000000000000004,0.4666666666666666,0.6542056074766354,0.719626168224299,30
קשת 12,morning,<1m,0.3,0,1,0.7428571428571429,0.2,0.4666666666666667,0.6282051282051282,0.7307692307692308,28
קשת 12,morning,2-3m,2.1666666666666665,0,1,0.9586206896551727,1.0333333333333334,0.9733333333333333,1.0153477218225417,-0.07793764988009566,29
קשת 12,morning,<1m,0.6666666666666666,1,2,0.9607142857142857,0.9,0.96,0.9992565055762082,0.06319702602230481,28
קשת 12,morning,<1m,0.9333333333333332,0,1,1.3466666666666667,1.3,1.3733333333333335,1.0198019801980198,0.034653465346534684,30
קשת 12,morning,4-6m,4.05,1,2,1.5551724137931031,1.3800000000000001,1.4373333333333336,0.9242276422764231,0.11263858093126355,29
קשת 12,morning,<1m,0.95,0,1,1.5038461538461536,0.9,1.4533333333333336,0.9664109121909636,0.40153452685421986,26
קשת 12,morning,3-4m,3.5,0,1,2.157142857142857,1.4500000000000002,1.9266666666666665,0.8931567328918322,0.32781456953642374,28
קשת 12,morning,<1m,0.9333333333333332,0,1,2.326923076923077,1.2999999999999998,1.9266666666666665,0.8279889807162534,0.4413223140495869,26
קשת 12,morning,3-4m,4.0,0,1,2.7653846153846158,1.9400000000000002,2.1666666666666665,0.7834955957348168,0.2984700973574409,26
קשת 12,morning,1-2m,1.1,0,1,2.5136363636363637,1.85,2.1666666666666665,0.8619650391802289,0.26401446654611205,22
קשת 12,morning,3-4m,3.466666666666667,0,1,2.9499999999999997,2.46,2.606666666666667,0.8836158192090398,0.16610169491525417,24
קשת 12,morning,<1m,0.6166666666666667,0,1,3.0479999999999996,2.7,2.606666666666667,0.8552055993000877,0.11417322834645649,25
קשת 12,morning,4-6m,4.666666666666667,1,2,3.365517241379311,2.3833333333333333,3.229999999999999,0.9597336065573766,0.29183743169398924,29
קשת 12,morning,1-2m,1.3833333333333333,0,1,3.6,2.25,3.3533333333333326,0.9314814814814812,0.375,25
קשת 12,morning,3-4m,3.95,0,1,4.196428571428571,3.72,4.1466666666666665,0.9881418439716312,0.11353191489361691,28
קשת 12,morning,<1m,0.75,0,1,4.245833333333334,4.0,4.1466666666666665,0.9766437684003925,0.05789990186457317,24
קשת 12,afternoon,4-6m,5.683333333333334,1,2,4.107407407407408,3.814285714285714,3.9819047619047625,0.9694448022671649,0.07136416333891549,27
קשת 12,afternoon,1-2m,1.3333333333333333,0,1,4.1000000000000005,3.5666666666666664,3.94,0.9609756097560974,0.13008130081300828,24
קשת 12,afternoon,<1m,0.9,0,1,4.3428571428571425,4.0,4.293333333333333,0.9885964912280701,0.07894736842105254,28
קשת 12,afternoon,<1m,0.6166666666666667,0,1,4.307142857142857,4.0,4.293333333333333,0.9967938087341072,0.0713101160862355,28
קשת 12,afternoon,4-6m,4.95,0,1,3.7464285714285714,3.233333333333334,3.2800000000000007,0.8755004766444234,0.1369558309501111,28
קשת 12,afternoon,1-2m,1.85,0,1,3.6719999999999997,3.2000000000000006,3.2800000000000007,0.8932461873638347,0.12854030501089297,25
קשת 12,afternoon,<1m,0.5666666666666667,1,2,3.7892857142857146,3.75,3.8,1.0028275212064088,0.01036757775683328,28
קשת 12,afternoon,<1m,0.75,0,1,3.7571428571428576,3.75,3.8399999999999994,1.0220532319391633,0.0019011406844107182,28
קשת 12,afternoon,4-6m,5.766666666666667,0,1,3.3178571428571426,2.5714285714285716,2.8400000000000003,0.8559741657696449,0.2249730893433799,28
קשת 12,afternoon,1-2m,1.1,0,1,3.0916666666666663,2.7000000000000006,2.8400000000000003,0.9185983827493264,0.12668463611859804,24
קשת 12,afternoon,<1m,0.5666666666666667,0,1,2.892857142857143,2.2,2.826666666666667,0.9771193415637862,0.23950617283950615,28
קשת 12,afternoon,<1m,0.4166666666666667,1,2,2.8642857142857143,2.25,2.786666666666667,0.9729010806317541,0.21446384039900246,28
קשת 12,afternoon,1-2m,1.3666666666666667,0,1,2.813636363636363,2.3333333333333335,2.3866666666666663,0.8482498653742596,0.17070543887991363,22
קשת 12,afternoon,3-4m,3.8,0,1,2.884,2.0,2.3866666666666663,0.8275543226999537,0.3065187239944521,25
קשת 12,afternoon,1-2m,1.95,0,1,2.9478260869565216,2.1333333333333333,2.3866666666666663,0.8096361848574237,0.2763028515240904,23
קשת 12,afternoon,<1m,0.7333333333333333,0,1,2.9608695652173918,3.8,3.2,1.080763582966226,-0.2834067547723933,23
קשת 12,afternoon,4-6m,5.316666666666666,0,1,3.0074074074074075,3.183333333333333,3.1999999999999997,1.0640394088669949,-0.05849753694581272,27
קשת 12,afternoon,<1m,0.9666666666666668,0,1,3.082608695652174,2.7,3.2,1.0380818053596614,0.12411847672778564,23
קשת 12,afternoon,2-3m,2.816666666666667,0,1,3.083333333333333,2.7500000000000004,2.966666666666667,0.9621621621621623,0.10810810810810789,30
קשת 12,afternoon,1-2m,1.2333333333333334,1,2,4.372727272727273,4.266666666666667,4.208888888888889,0.9625317625317624,0.02425502425502435,22
קשת 12,early_evening,6-9m,6.183333333333334,0,1,4.923076923076923,4.157142857142857,4.626666666666666,0.9397916666666665,0.15558035714285734,26
קשת 12,early_evening,1-2m,1.2333333333333334,0,1,5.371428571428571,4.25,4.626666666666667,0.8613475177304966,0.20877659574468077,21
קשת 12,early_evening,1-2m,1.25,0,1,10.778947368421052,12.149999999999999,11.046666666666665,1.0248372395833332,-0.127197265625,19
קשת 12,early_evening,<1m,1.0,0,1,11.063157894736841,11.35,10.846666666666666,0.9804313352362829,-0.025927687916270203,19
קשת 12,early_evening,6-9m,6.35,0,1,11.5375,10.642857142857142,10.846666666666666,0.940122788010112,0.0775421761337255,24
קשת 12,early_evening,1-2m,1.0833333333333333,0,1,11.873684210526315,10.2,10.846666666666666,0.9135047281323877,0.14095744680851063,19
קשת 12,early_evening,1-2m,1.1666666666666667,0,1,12.503333333333334,11.9,11.986666666666666,0.9586776859504131,0.048253798986936824,30
קשת 12,early_evening,6-9m,6.15,0,1,13.85333333333333,12.414285714285715,13.066666666666665,0.9432146294513957,0.10387735459920233,30
קשת 12,early_evening,<1m,0.2,0,1,15.752,13.9,15.060000000000002,0.9560690705942103,0.11757237176231594,25
קשת 12,early_evening,2-3m,2.8,0,1,16.071428571428573,13.924999999999999,15.060000000000002,0.9370666666666667,0.13355555555555565,28
קשת 12,late_evening,6-9m,7.183333333333334,1,2,16.62173913043478,13.75,15.213333333333335,0.915267242130962,0.17277007585665694,23
קשת 12,late_evening,6-9m,6.866666666666666,0,1,15.287500000000001,13.5125,14.313333333333334,0.9362769146906513,0.11610793131643515,24
קשת 12,late_evening,4-6m,5.8,1,2,16.151851851851852,13.028571428571428,15.429523809523811,0.9552789334032169,0.19336980378026014,27
קשת 12,late_evening,<1m,0.3,0,1,18.73333333333333,16.799999999999997,17.613333333333337,0.940213523131673,0.10320284697508897,21
קשת 12,late_evening,<1m,0.3,0,1,18.877272727272725,16.6,17.613333333333337,0.9330443855847181,0.12063568504695388,22
קשת 12,late_evening,4-6m,4.766666666666667,0,1,19.4037037037037,15.466666666666669,17.61333333333334,0.9077304829165876,0.2029013170452375,27
קשת 12,late_evening,6-9m,9.0,1,2,23.35357142857143,14.319999999999999,19.206666666666667,0.8224295254116327,0.38681755620125413,28
קשת 12,late_evening,<1m,0.9333333333333332,0,1,19.825000000000003,17.4,14.220000000000002,0.7172761664564944,0.12232030264817173,24
קשת 12,late_evening,2-3m,2.4,0,1,18.376923076923077,13.5,14.220000000000002,0.7737965676015071,0.2653830054416074,26
קשת 12,late_evening,6-9m,7.366666666666666,0,1,7.646666666666666,7.4125,7.36,0.9625108979947692,0.030623365300784577,30
רשת 13,overnight,2-3m,2.95,1,2,0.43333333333333346,0.5,0.4766666666666667,1.0999999999999996,-0.15384615384615352,30
רשת 13,overnight,2-3m,2.45,0,1,0.31379310344827593,0.2,0.2400000000000001,0.764835164835165,0.3626373626373628,29
רשת 13,overnight,2-3m,2.95,0,1,0.3724137931034483,0.4,0.36666666666666675,0.984567901234568,-0.07407407407407396,29
רשת 13,morning,<1m,0.4,0,1,0.5724137931034483,0.4,0.5066666666666666,0.8851405622489958,0.3012048192771084,29
רשת 13,morning,<1m,0.4166666666666667,0,1,0.5862068965517243,0.4,0.6266666666666667,1.069019607843137,0.3176470588235296,29
רשת 13,morning,6-9m,7.883333333333334,1,2,2.410344827586207,2.355555555555556,2.3755555555555556,0.9855666825623908,0.022730885391829436,29
רשת 13,morning,<1m,0.5333333333333333,0,1,2.447619047619048,2.3,2.42,0.9887159533073929,0.060311284046692726,21
רשת 13,morning,6-9m,7.233333333333333,0,1,2.2392857142857143,2.2625,2.2133333333333334,0.9884104199893674,-0.010366826156299913,28
רשת 13,morning,<1m,0.3,0,1,2.8440000000000003,2.8,2.986666666666666,1.0501640881387713,0.015471167369901728,25
רשת 13,morning,<1m,0.3166666666666666,0,1,2.875,2.8,2.986666666666666,1.0388405797101448,0.026086956521739202,24
רשת 13,morning,4-6m,5.833333333333333,0,1,3.008695652173913,2.7428571428571433,2.8400000000000003,0.9439306358381504,0.08835672997522692,23
רשת 13,morning,4-6m,5.566666666666666,0,1,3.08,2.842857142857143,2.973333333333333,0.9653679653679653,0.07699443413729123,25
רשת 13,morning,<1m,0.3,0,1,2.8433333333333346,3.1,2.873333333333333,1.0105509964830006,-0.09026963657678744,30
רשת 13,morning,<1m,0.3,0,1,2.8310344827586214,3.0,2.873333333333333,1.014941128704831,-0.05968331303288643,29
רשת 13,morning,6-9m,6.716666666666667,1,2,2.4233333333333333,2.15,2.1833333333333336,0.9009628610729025,0.1127922971114168,30
רשת 13,morning,<1m,0.3,0,1,2.282758620689655,2.8,2.433333333333334,1.0659617321248744,-0.22658610271903323,29
רשת 13,morning,<1m,0.3166666666666666,0,1,2.306896551724138,2.4,2.433333333333334,1.0548081714000999,-0.04035874439461873,29
רשת 13,morning,4-6m,5.183333333333334,0,1,2.38,2.5666666666666664,2.48,1.0420168067226891,-0.07843137254901955,30
רשת 13,afternoon,<1m,0.3,0,1,2.3344827586206898,2.4,2.3666666666666663,1.0137863121614965,-0.028064992614475592,29
רשת 13,afternoon,<1m,0.3,0,1,2.306896551724138,2.6,2.3666666666666663,1.0259093173891378,-0.12705530642750373,29
רשת 13,afternoon,3-4m,3.3833333333333333,0,1,1.4428571428571433,1.4,1.3133333333333335,0.9102310231023101,0.029702970297030062,28
רשת 13,afternoon,1-2m,1.5166666666666666,0,1,1.1346153846153846,1.5,1.1866666666666668,1.0458757062146893,-0.3220338983050848,26
רשת 13,afternoon,<1m,0.3,0,1,1.1136363636363635,1.0,1.1400000000000001,1.0236734693877554,0.1020408163265305,22
רשת 13,afternoon,<1m,0.3,0,1,1.1043478260869564,1.0,1.1400000000000001,1.0322834645669294,0.09448818897637778,23
רשת 13,afternoon,6-9m,6.316666666666666,1,2,0.9214285714285714,1.4000000000000001,1.0771428571428572,1.1689922480620156,-0.5193798449612406,28
רשת 13,afternoon,6-9m,6.916666666666667,1,2,0.84,0.8142857142857144,0.8295238095238094,0.9875283446712018,0.030612244897958996,30
רשת 13,afternoon,<1m,0.3,0,1,1.0275862068965516,1.3,1.0866666666666664,1.0574944071588366,-0.2651006711409398,29
רשת 13,afternoon,<1m,0.3,0,1,1.0413793103448277,1.0,1.0866666666666664,1.0434878587196466,0.039735099337748436,29
רשת 13,afternoon,4-6m,5.95,1,2,1.6166666666666667,1.3285714285714287,1.5752380952380953,0.9743740795287188,0.17820324005891008,30
רשת 13,afternoon,6-9m,6.883333333333334,0,1,1.7724137931034485,1.5625,1.6200000000000003,0.9140077821011674,0.11843385214007796,29
רשת 13,afternoon,<1m,0.5,0,1,1.8652173913043482,1.8,1.6200000000000003,0.8685314685314686,0.03496503496503511,23
רשת 13,afternoon,6-9m,6.233333333333333,0,1,2.3896551724137933,2.042857142857143,2.1933333333333334,0.9178451178451178,0.14512471655328796,29
רשת 13,afternoon,4-6m,4.783333333333333,0,1,2.4250000000000003,2.183333333333333,2.313333333333334,0.9539518900343644,0.09965635738831635,28
רשת 13,afternoon,<1m,0.3,0,1,2.4541666666666666,2.2,2.313333333333334,0.942614601018676,0.10356536502546676,24
רשת 13,early_evening,<1m,0.3,0,1,2.568965517241379,2.2,2.2,0.8563758389261746,0.14362416107382536,29
רשת 13,early_evening,<1m,0.3166666666666666,0,1,2.613793103448275,2.5,2.2,0.8416886543535623,0.04353562005277012,29
רשת 13,early_evening,4-6m,4.616666666666666,0,1,3.251724137931035,3.0833333333333335,3.2933333333333334,1.0127960410038883,0.05178508306822205,29
רשת 13,early_evening,<1m,0.35,0,1,3.2520000000000007,3.0,3.293333333333334,1.012710127101271,0.07749077490774925,25
רשת 13,early_evening,4-6m,5.566666666666666,0,1,3.896428571428572,2.85,3.1600000000000006,0.8109990834097159,0.2685609532538955,28
רשת 13,early_evening,<1m,0.7333333333333333,0,1,3.9565217391304355,2.9,3.1600000000000006,0.7986813186813186,0.2670329670329672,23
רשת 13,early_evening,6-9m,8.583333333333334,1,2,4.06,3.4222222222222225,3.7777777777777777,0.9304871373836892,0.15708812260536387,30
רשת 13,late_evening,6-9m,6.633333333333334,0,1,4.716666666666667,4.4375,4.326666666666666,0.9173144876325087,0.05918727915194344,30
רשת 13,late_evening,6-9m,6.75,1,2,4.0285714285714285,3.457142857142857,3.9952380952380957,0.9917257683215132,0.14184397163120577,28
רשת 13,late_evening,1-2m,1.25,0,1,4.018518518518518,4.3,4.373333333333333,1.088294930875576,-0.07004608294930881,27
רשת 13,late_evening,9m+,9.516666666666667,1,2,4.927272727272729,4.1,4.561333333333333,0.9257318573185729,0.16789667896678995,22
רשת 13,late_evening,9m+,9.066666666666666,0,1,3.6318181818181814,3.6799999999999997,3.4666666666666672,0.9545264914476431,-0.0132665832290364,22
רשת 13,late_evening,3-4m,3.8666666666666663,1,2,3.5966666666666667,2.9599999999999995,3.5053333333333336,0.9746061167747916,0.17701575532900848,30
רשת 13,late_evening,4-6m,5.883333333333334,0,1,1.6551724137931036,1.3285714285714287,1.3866666666666667,0.8377777777777777,0.19732142857142854,29
רשת 13,overnight,<1m,0.2,0,1,1.7727272727272725,1.6,1.6333333333333333,0.9213675213675214,0.09743589743589731,22
רשת 13,overnight,6-9m,7.35,1,2,1.76551724137931,1.6875,1.7766666666666668,1.006315104166667,0.04418945312499989,29
רשת 13,overnight,3-4m,3.466666666666667,0,1,1.8300000000000003,2.08,1.98,1.081967213114754,-0.13661202185792343,30
רשת 13,overnight,1-2m,1.9666666666666663,0,1,1.7800000000000002,1.7333333333333334,1.7333333333333332,0.9737827715355803,0.02621722846441954,30
רשת 13,overnight,1-2m,1.3333333333333333,0,1,1.3066666666666669,0.7666666666666666,1.0800000000000003,0.8265306122448981,0.41326530612244916,30
רשת 13,overnight,<1m,0.75,0,1,0.020000000000000004,0.0,0.020000000000000004,1.0,1.0,30
רשת 13,overnight,<1m,0.9666666666666668,0,1,0.01,0.0,0.0,0.0,1.0,30
רשת 13,morning,3-4m,3.5833333333333335,0,1,0.3827586206896552,0.3,0.4666666666666667,1.219219219219219,0.21621621621621634,29
רשת 13,morning,3-4m,3.4833333333333334,0,1,0.38333333333333347,0.425,0.39999999999999997,1.0434782608695647,-0.10869565217391264,30
רשת 13,morning,3-4m,3.5833333333333335,0,1,0.56,0.32499999999999996,0.33333333333333326,0.595238095238095,0.4196428571428573,30
רשת 13,morning,4-6m,4.733333333333333,0,1,0.6066666666666668,0.4666666666666666,0.52,0.857142857142857,0.23076923076923106,30
רשת 13,morning,4-6m,4.933333333333334,0,1,1.01,1.3500000000000003,1.16,1.1485148514851484,-0.33663366336633693,30
רשת 13,morning,3-4m,3.3,0,1,1.2766666666666666,0.8999999999999999,1.1999999999999997,0.939947780678851,0.29503916449086165,30
רשת 13,morning,6-9m,7.116666666666666,0,1,1.4689655172413794,1.0125000000000002,1.1600000000000001,0.7896713615023475,0.31073943661971826,29
רשת 13,morning,<1m,0.2,0,1,1.4500000000000004,1.5,1.1600000000000001,0.7999999999999998,-0.03448275862068928,22
רשת 13,morning,4-6m,5.383333333333334,1,2,2.6666666666666656,2.6166666666666667,2.5833333333333335,0.9687500000000004,0.0187499999999996,30
רשת 13,morning,<1m,0.8833333333333333,0,1,2.507692307692307,2.2,2.6133333333333337,1.0421267893660535,0.12269938650306722,26
רשת 13,morning,<1m,0.2,0,1,2.484,2.1,2.6133333333333337,1.0520665593129364,0.15458937198067624,25
רשת 13,morning,6-9m,7.15,1,2,1.9703703703703705,1.7000000000000002,1.8800000000000001,0.9541353383458646,0.1372180451127819,27
רשת 13,morning,<1m,0.2166666666666666,0,1,1.8772727272727274,1.5,1.666666666666667,0.8878127522195319,0.2009685230024214,22
רשת 13,afternoon,6-9m,7.016666666666667,0,1,1.6310344827586205,1.4499999999999997,1.5399999999999998,0.9441860465116279,0.11099365750528545,29
רשת 13,afternoon,<1m,0.2166666666666666,0,1,1.5772727272727274,1.4,1.5200000000000002,0.9636887608069166,0.11239193083573495,22
רשת 13,afternoon,4-6m,5.133333333333334,0,1,1.1275862068965516,1.0999999999999999,1.1466666666666667,1.0169215086646282,0.024464831804281384,29
רשת 13,afternoon,<1m,0.2,0,1,1.1041666666666667,1.1,1.146666666666667,1.038490566037736,0.0037735849056603765,24
רשת 13,afternoon,4-6m,5.4,0,1,0.9633333333333332,0.65,0.7800000000000001,0.8096885813148792,0.32525951557093413,30
רשת 13,afternoon,4-6m,5.033333333333333,1,2,1.0931034482758621,0.6166666666666667,0.9333333333333332,0.8538380651945319,0.4358569926393271,29
רשת 13,afternoon,<1m,0.2166666666666666,0,1,1.1416666666666668,1.0,1.0933333333333333,0.9576642335766421,0.12408759124087598,24
רשת 13,afternoon,6-9m,6.183333333333334,0,1,2.0966666666666667,1.8875,1.9733333333333332,0.9411764705882352,0.09976152623211454,30
רשת 13,afternoon,<1m,0.2166666666666666,0,1,2.256521739130435,1.9,1.9733333333333332,0.8745022479126524,0.1579961464354529,23
רשת 13,afternoon,6-9m,6.05,0,1,2.6300000000000003,2.314285714285714,2.4600000000000004,0.935361216730038,0.12004345464421529,30
רשת 13,afternoon,<1m,0.2,0,1,2.733333333333334,2.4,2.46,0.8999999999999998,0.12195121951219534,24
רשת 13,early_evening,<1m,0.2,0,1,3.562068965517242,3.6,3.8266666666666667,1.0742820264601483,-0.01064859632139381,29
רשת 13,early_evening,<1m,0.2166666666666666,0,1,3.5733333333333346,3.8499999999999996,3.8266666666666667,1.0708955223880594,-0.07742537313432796,30
רשת 13,early_evening,4-6m,5.3,1,2,3.7749999999999995,2.6999999999999997,3.495555555555556,0.925974981604121,0.2847682119205298,28
רשת 13,early_evening,6-9m,6.1,0,1,4.511111111111111,4.585714285714286,4.853333333333333,1.0758620689655172,-0.01653764954257575,27
רשת 13,early_evening,<1m,0.2166666666666666,0,1,4.716666666666667,5.2,4.8533333333333335,1.0289752650176678,-0.10247349823321561,24
רשת 13,early_evening,6-9m,8.066666666666666,0,1,5.860714285714285,5.0,5.246666666666666,0.8952264879138737,0.14686166971358916,28
רשת 13,late_evening,6-9m,6.766666666666667,0,1,5.986956521739131,4.6375,5.193333333333333,0.8674412975066569,0.2253994190268701,23
רשת 13,late_evening,6-9m,6.65,0,1,5.908695652173913,3.814285714285714,4.7,0.7954378219278883,0.35446231472721546,23
רשת 13,late_evening,1-2m,1.5,0,1,8.839285714285714,6.15,6.546666666666667,0.7406329966329968,0.3042424242424241,28
רשת 13,late_evening,9m+,10.366666666666667,1,2,10.610000000000001,5.963636363636365,8.609090909090908,0.8114129037785963,0.4379230571502013,30
רשת 13,late_evening,9m+,10.8,1,2,10.310714285714289,6.158333333333334,8.945555555555558,0.8675980448754955,0.4027248585613672,28
רשת 13,late_evening,4-6m,5.883333333333334,0,1,7.046428571428572,4.671428571428571,5.426666666666667,0.7701300895421523,0.33705017739483034,28
רשת 13,late_evening,4-6m,5.483333333333333,1,2,2.8629629629629636,2.7714285714285714,2.8380952380952382,0.9913139900203288,0.03197190907410852,27
רשת 13,overnight,6-9m,6.916666666666667,0,1,2.518181818181818,2.35,2.2933333333333326,0.9107099879663054,0.06678700361010825,22
רשת 13,overnight,<1m,0.3666666666666666,0,1,2.6,2.2,2.2933333333333326,0.8820512820512817,0.15384615384615385,16
רשת 13,overnight,6-9m,6.35,0,1,2.708695652173913,2.6571428571428575,2.686666666666667,0.9918673087212414,0.01903233203393706,23
רשת 13,overnight,4-6m,4.116666666666666,0,1,2.366666666666667,2.6,2.5333333333333337,1.0704225352112675,-0.09859154929577452,30
רשת 13,overnight,3-4m,3.933333333333333,0,1,1.5666666666666664,1.5,1.5066666666666666,0.9617021276595745,0.04255319148936154,30
רשת 13,overnight,4-6m,4.916666666666667,1,2,1.2600000000000002,1.2,1.2333333333333332,0.9788359788359785,0.04761904761904778,25
רשת 13,overnight,4-6m,4.2,1,2,1.024,1.2,1.0613333333333332,1.0364583333333333,-0.171875,25
רשת 13,overnight,3-4m,3.8333333333333335,0,1,0.6133333333333331,0.4,0.5200000000000001,0.8478260869565223,0.3478260869565214,30
רשת 13,overnight,3-4m,3.2,1,2,0.40000000000000013,0.4,0.40000000000000013,1.0,2.220446049250313e-16,30
רשת 13,overnight,3-4m,3.2,1,2,0.36999999999999994,0.44000000000000006,0.348,0.9405405405405406,-0.18918918918918948,30
רשת 13,overnight,3-4m,3.65,0,1,0.5966666666666666,0.5,0.5400000000000001,0.9050279329608942,0.16201117318435743,30
רשת 13,morning,3-4m,3.816666666666667,0,1,1.5566666666666669,1.54,1.7199999999999995,1.10492505353319,0.010706638115631772,30
רשת 13,morning,<1m,0.9333333333333332,0,1,1.9136363636363634,1.7,1.8933333333333329,0.9893903404592239,0.1116389548693586,22
רשת 13,morning,6-9m,6.233333333333333,1,2,1.942307692307692,1.7857142857142858,1.893333333333333,0.9747854785478548,0.08062234794908041,26
רשת 13,morning,6-9m,7.7,0,1,1.8714285714285712,1.5555555555555556,1.6533333333333333,0.8834605597964378,0.16878710771840533,28
רשת 13,morning,<1m,0.9333333333333332,0,1,1.5449999999999997,1.4,1.3666666666666665,0.8845738942826322,0.09385113268608403,20
רשת 13,morning,6-9m,6.2,0,1,1.5,1.2875,1.3666666666666665,0.911111111111111,0.1416666666666666,24
רשת 13,morning,6-9m,6.133333333333334,1,2,1.2892857142857144,1.1,1.2285714285714284,0.9529085872576175,0.1468144044321329,28
רשת 13,morning,<1m,0.2,0,1,1.3541666666666667,1.5,1.4599999999999997,1.0781538461538458,-0.10769230769230753,24
רשת 13,morning,<1m,0.2166666666666666,0,1,1.3541666666666667,1.55,1.4599999999999997,1.0781538461538458,-0.1446153846153846,24
רשת 13,morning,6-9m,7.383333333333334,0,1,1.360714285714286,1.525,1.5066666666666666,1.107261592300962,-0.12073490813648258,28
רשת 13,morning,4-6m,5.516666666666667,1,2,1.4066666666666663,0.9666666666666668,1.2822222222222222,0.911532385466035,0.31279620853080536,30
רשת 13,morning,<1m,0.2,0,1,1.641379310344827,2.2,1.8266666666666667,1.112885154061625,-0.3403361344537821,29
רשת 13,morning,<1m,0.2166666666666666,0,1,1.6299999999999994,2.1,1.8266666666666667,1.1206543967280167,-0.28834355828220914,30
רשת 13,morning,6-9m,7.316666666666666,1,2,1.1766666666666667,1.2444444444444445,1.111851851851852,0.9449165879760782,-0.0576015108593011,30
רשת 13,morning,<1m,0.2,0,1,1.0733333333333333,1.5,1.3800000000000001,1.285714285714286,-0.39751552795031064,30
רשת 13,morning,<1m,0.2166666666666666,0,1,1.0733333333333333,1.5,1.3800000000000001,1.285714285714286,-0.39751552795031064,30
רשת 13,morning,4-6m,5.216666666666667,1,2,0.9310344827586208,0.6666666666666666,0.8644444444444442,0.9284773662551438,0.28395061728395077,29
רשת 13,afternoon,<1m,0.2,0,1,1.0965517241379308,1.6,1.2333333333333334,1.1247379454926627,-0.45911949685534625,29
רשת 13,afternoon,<1m,0.2,0,1,1.0896551724137928,1.3,1.2333333333333334,1.1318565400843885,-0.19303797468354467,29
רשת 13,afternoon,4-6m,4.216666666666667,1,2,1.1233333333333335,1.28,1.210666666666667,1.0777448071216618,-0.1394658753709197,30
רשת 13,afternoon,<1m,0.2,0,1,1.2045454545454544,1.4,1.4266666666666665,1.1844025157232705,-0.1622641509433964,22
רשת 13,afternoon,<1m,0.2,0,1,1.218181818181818,1.6,1.4266666666666665,1.1711442786069652,-0.31343283582089576,22
רשת 13,afternoon,4-6m,5.883333333333334,0,1,1.2857142857142854,1.542857142857143,1.4266666666666663,1.1096296296296297,-0.2000000000000004,28
רשת 13,afternoon,4-6m,4.533333333333333,0,1,1.21,1.1400000000000001,1.0733333333333333,0.8870523415977961,0.057851239669421406,30
רשת 13,afternoon,<1m,0.2,0,1,1.289655172413793,1.2,1.1866666666666665,0.9201426024955436,0.06951871657754005,29
רשת 13,afternoon,<1m,0.2,0,1,1.2827586206896553,0.9,1.1866666666666665,0.9250896057347668,0.2983870967741936,29
רשת 13,afternoon,9m+,9.633333333333333,0,1,1.6433333333333335,1.1400000000000001,1.2933333333333332,0.7870182555780931,0.3062880324543611,30
רשת 13,afternoon,4-6m,5.15,0,1,2.6620689655172414,2.5,2.4999999999999996,0.9391191709844557,0.060880829015544036,29
רשת 13,afternoon,<1m,0.2166666666666666,0,1,2.704166666666667,2.3,2.4999999999999996,0.924499229583975,0.14946070878274287,24
רשת 13,afternoon,6-9m,6.75,0,1,2.3620689655172415,2.225,2.253333333333333,0.9539659367396591,0.05802919708029197,29
רשת 13,afternoon,<1m,0.3666666666666666,0,1,2.3739130434782605,2.2,2.253333333333333,0.9492063492063492,0.073260073260073,23
רשת 13,early_evening,6-9m,8.883333333333333,0,1,2.7137931034482756,2.1499999999999995,2.306666666666666,0.849978822532825,0.20775095298602297,29
רשת 13,early_evening,<1m,0.5,0,1,2.9380952380952383,2.75,2.3066666666666666,0.7850891410048622,0.06401944894651546,21
רשת 13,early_evening,1-2m,2.0,0,1,3.856666666666667,3.266666666666666,3.74,0.9697493517718236,0.15298184961106331,30
רשת 13,early_evening,9m+,9.233333333333333,1,2,5.051724137931035,4.027272727272727,4.325454545454544,0.856233322991002,0.20279242941358988,29
רשת 13,early_evening,<1m,0.9833333333333332,0,1,5.2299999999999995,4.05,4.2733333333333325,0.8170809432759719,0.22562141491395793,20
רשת 13,early_evening,9m+,9.716666666666669,0,1,6.393103448275863,6.159999999999999,6.446666666666668,1.0083782811938153,0.03646170442286967,29
רשת 13,early_evening,<1m,0.7,0,1,6.955,6.2,6.446666666666668,0.9269110951353944,0.10855499640546373,20
רשת 13,early_evening,2-3m,2.3,0,1,8.224137931034482,7.033333333333334,8.260000000000002,1.0043605870020966,0.14479385045422766,29
רשת 13,late_evening,6-9m,9.0,1,2,8.058620689655172,6.11,7.009333333333335,0.869793182142348,0.24180573384681203,29
רשת 13,late_evening,6-9m,7.85,1,2,7.655172413793102,6.566666666666667,7.4081481481481495,0.9677310643977314,0.14219219219219204,29
רשת 13,late_evening,1-2m,1.8166666666666669,0,1,9.6,6.233333333333333,10.020000000000001,1.0437500000000002,0.3506944444444444,29
רשת 13,late_evening,9m+,10.716666666666669,1,2,12.411111111111111,8.016666666666667,10.531111111111114,0.848522829006267,0.35407341092211275,27
רשת 13,late_evening,9m+,11.25,0,1,9.78148148148148,7.041666666666667,7.613333333333333,0.7783415372964787,0.28010223400227174,27
רשת 13,late_evening,6-9m,7.066666666666666,0,1,7.655172413793104,5.074999999999999,6.053333333333333,0.7907507507507506,0.3370495495495497,29
רשת 13,late_evening,6-9m,7.933333333333334,1,2,4.760000000000001,4.844444444444445,4.602962962962963,0.9670090258325552,-0.017740429505135324,30
רשת 13,overnight,6-9m,6.4,0,1,2.8310344827586205,2.6,2.6533333333333338,0.93723101908242,0.08160779537149809,29
רשת 13,overnight,<1m,0.2666666666666666,0,1,2.6478260869565218,2.5,2.6533333333333338,1.0020799124247401,0.05582922824302139,23
רשת 13,overnight,4-6m,5.166666666666667,1,2,2.39,2.4857142857142853,2.4161904761904753,1.0109583582386925,-0.04004781829049597,30
רשת 13,overnight,3-4m,3.3333333333333335,1,2,1.220689655172414,1.3,1.2366666666666668,1.0130885122410545,-0.06497175141242928,29
רשת 13,overnight,3-4m,3.466666666666667,0,1,1.1933333333333336,1.2,1.1999999999999997,1.0055865921787706,-0.005586592178770777,30
רשת 13,overnight,2-3m,2.15,0,1,0.5400000000000001,0.4000000000000001,0.5066666666666668,0.9382716049382717,0.2592592592592593,30
רשת 13,overnight,1-2m,1.5833333333333333,0,1,0.8766666666666667,0.9500000000000001,0.9000000000000001,1.0266159695817492,-0.08365019011406849,30
רשת 13,morning,3-4m,3.3666666666666667,1,2,1.3896551724137927,1.35,1.4483333333333335,1.042224979321754,0.028535980148883033,29
רשת 13,morning,<1m,0.55,0,1,1.4653846153846155,1.4,1.5400000000000003,1.0509186351706037,0.04461942257217866,26
רשת 13,morning,<1m,0.5,0,1,2.2304347826086954,2.0,2.326666666666667,1.0431448992852506,0.10331384015594536,23
רשת 13,morning,6-9m,6.183333333333334,0,1,2.332142857142857,2.142857142857143,2.3266666666666675,0.9976518631955085,0.08116385911179169,28
רשת 13,morning,6-9m,6.866666666666666,0,1,2.2965517241379314,2.05,2.313333333333333,1.007307307307307,0.10735735735735763,29
רשת 13,morning,<1m,0.5,0,1,2.5900000000000003,2.7,2.5533333333333337,0.9858429858429859,-0.042471042471042386,20
רשת 13,morning,6-9m,7.116666666666666,0,1,2.7666666666666666,2.6125,2.68,0.9686746987951808,0.05572289156626509,27
רשת 13,morning,6-9m,8.2,1,2,2.796666666666667,2.788888888888889,2.8214814814814813,1.0088729969540458,0.002781088597536674,30
רשת 13,morning,6-9m,7.083333333333333,0,1,2.5379310344827584,2.25,2.42,0.9535326086956523,0.11345108695652162,29
רשת 13,morning,6-9m,7.133333333333334,1,2,2.7199999999999998,2.6125,2.7300000000000004,1.0036764705882355,0.03952205882352944,30
רשת 13,morning,6-9m,6.95,1,2,2.6099999999999994,2.3499999999999996,2.416666666666666,0.9259259259259259,0.09961685823754785,30
רשת 13,morning,6-9m,8.733333333333333,1,2,1.8933333333333335,1.911111111111111,1.999259259259259,1.0559467918622847,-0.009389671361502261,30
רשת 13,afternoon,6-9m,7.383333333333334,1,2,1.6100000000000003,1.8000000000000003,1.8029629629629633,1.119852772026685,-0.11801242236024834,30
רשת 13,afternoon,<1m,0.8166666666666667,0,1,1.3827586206896556,1.5,1.4066666666666665,1.0172901080631749,-0.08478802992518664,29
רשת 13,afternoon,4-6m,5.25,1,2,0.9586206896551723,1.0,0.8955555555555557,0.9342126298960833,-0.043165467625899456,29
רשת 13,afternoon,4-6m,5.516666666666667,0,1,2.4366666666666665,1.1500000000000001,1.7466666666666668,0.7168262653898769,0.5280437756497947,30
רשת 13,afternoon,4-6m,4.383333333333334,1,2,1.1999999999999997,1.3599999999999999,1.2533333333333334,1.0444444444444447,-0.13333333333333353,29
רשת 13,afternoon,<1m,0.4666666666666667,0,1,1.2192307692307693,1.65,1.3066666666666664,1.0717139852786537,-0.3533123028391165,26
רשת 13,afternoon,6-9m,7.283333333333333,1,2,2.8142857142857136,2.55,2.5941666666666663,0.9217851099830796,0.09390862944162426,28
רשת 13,afternoon,<1m,0.6333333333333333,0,1,2.904761904761905,2.6,2.9266666666666667,1.0075409836065572,0.10491803278688527,21
רשת 13,early_evening,6-9m,8.366666666666667,1,2,4.0344827586206895,4.2299999999999995,4.0699999999999985,1.0088034188034185,-0.048461538461538334,29
רשת 13,early_evening,<1m,0.85,0,1,4.261904761904762,3.9,4.159999999999999,0.9760893854748601,0.08491620111731846,21
רשת 13,early_evening,1-2m,2.0,0,1,4.956666666666666,4.833333333333333,4.840000000000001,0.9764626765299262,0.024882313382649568,30
רשת 13,early_evening,6-9m,7.933333333333334,0,1,4.817241379310344,4.877777777777776,4.933333333333333,1.0240992603197328,-0.01256661099180767,29
רשת 13,early_evening,<1m,0.85,0,1,4.699999999999999,4.9,4.933333333333333,1.049645390070922,-0.042553191489361986,22
רשת 13,early_evening,9m+,9.183333333333334,1,2,5.3482758620689665,4.930000000000001,5.297333333333334,0.990474962389856,0.07820760799484205,29
רשת 13,early_evening,<1m,0.8,0,1,5.638095238095238,5.449999999999999,5.38,0.954222972972973,0.033361486486486513,21
רשת 13,early_evening,2-3m,2.216666666666667,0,1,7.673333333333335,6.75,7.506666666666666,0.9782797567332752,0.12033014769765438,30
רשת 13,late_evening,6-9m,8.4,1,2,6.6066666666666665,4.890000000000001,6.012666666666668,0.9100908173562061,0.2598385469223006,30
רשת 13,late_evening,6-9m,8.25,0,1,7.316666666666667,5.933333333333334,6.666666666666668,0.9111617312072894,0.18906605922551256,30
רשת 13,late_evening,1-2m,1.7,1,2,11.767857142857142,9.033333333333333,12.366666666666667,1.0508851795649976,0.23237228123419318,28
רשת 13,late_evening,<1m,0.2,0,1,12.161538461538461,8.8,14.453333333333335,1.1884461311406285,0.2764073371283996,26
רשת 13,late_evening,<1m,0.2,0,1,12.622222222222225,11.2,14.453333333333335,1.145070422535211,0.11267605633802846,27
רשת 13,late_evening,9m+,12.15,1,2,16.29642857142857,9.623076923076923,12.290256410256408,0.754168703675607,0.4094978000303444,28
רשת 13,late_evening,9m+,11.166666666666666,1,2,16.71111111111111,10.558333333333335,12.097222222222223,0.723902925531915,0.3681848404255317,18
רשת 13,late_evening,6-9m,8.783333333333333,1,2,10.784210526315789,9.24,11.547333333333334,1.070762973808362,0.14319180087847727,19
רשת 13,late_evening,6-9m,8.616666666666667,0,1,4.613793103448275,4.08,3.926666666666667,0.8510712506228204,0.11569506726457379,29
רשת 13,overnight,4-6m,5.2,0,1,1.2592592592592593,0.8999999999999999,1.1133333333333335,0.8841176470588237,0.2852941176470589,27
רשת 13,overnight,4-6m,4.133333333333334,0,1,0.6814814814814815,0.6000000000000001,0.5466666666666667,0.8021739130434784,0.11956521739130421,27
רשת 13,overnight,3-4m,3.7,0,1,1.1166666666666667,1.4,1.2266666666666666,1.098507462686567,-0.25373134328358193,30
רשת 13,overnight,4-6m,5.633333333333334,1,2,0.5866666666666667,0.6142857142857142,0.5647619047619049,0.9626623376623379,-0.04707792207792205,30
רשת 13,overnight,4-6m,4.983333333333333,0,1,0.5666666666666665,0.5,0.5,0.8823529411764708,0.11764705882352922,30
רשת 13,overnight,4-6m,5.733333333333333,0,1,0.37333333333333324,0.39999999999999997,0.37333333333333346,1.0000000000000007,-0.07142857142857162,30
רשת 13,morning,2-3m,2.85,0,1,0.9103448275862067,0.6999999999999998,1.146666666666667,1.25959595959596,0.23106060606060608,29
רשת 13,morning,<1m,0.55,0,1,0.9629629629629628,1.1,1.146666666666667,1.1907692307692312,-0.1423076923076927,27
רשת 13,morning,<1m,0.5166666666666667,0,1,2.1761904761904765,1.8,2.2800000000000002,1.047702407002188,0.17286652078774623,21
רשת 13,morning,6-9m,8.15,1,2,1.952,1.2888888888888888,1.5096296296296297,0.7733758348512447,0.33970856102003644,25
רשת 13,morning,9m+,9.133333333333333,1,2,1.3592592592592594,0.9545454545454547,1.0709090909090908,0.7878622739658161,0.2977458508793658,27
רשת 13,morning,<1m,0.5166666666666667,0,1,1.405,1.3,1.4666666666666666,1.0438908659549229,0.07473309608540923,20
רשת 13,morning,6-9m,7.7,1,2,1.4880000000000002,1.3,1.3383333333333334,0.8994175627240142,0.1263440860215055,25
רשת 13,morning,6-9m,8.966666666666667,1,2,1.4586206896551723,1.4000000000000001,1.5213333333333339,1.042994483845548,0.04018912529550811,29
רשת 13,morning,6-9m,7.966666666666667,1,2,1.1793103448275863,0.9333333333333333,1.0348148148148146,0.8774745505739655,0.2085769980506823,29
רשת 13,morning,6-9m,8.183333333333334,1,2,1.22,0.9888888888888889,1.1585185185185187,0.9496053430479662,0.18943533697632053,30
רשת 13,morning,6-9m,6.15,1,2,1.1166666666666667,1.0285714285714285,1.0295238095238095,0.9219616204690831,0.07889125799573571,30
רשת 13,morning,6-9m,6.316666666666666,0,1,1.2750000000000004,1.0499999999999998,1.1600000000000001,0.9098039215686273,0.1764705882352945,28
רשת 13,morning,9m+,9.016666666666667,0,1,1.2966666666666664,1.1400000000000001,1.1533333333333329,0.889460154241645,0.1208226221079689,30
רשת 13,afternoon,6-9m,8.333333333333334,0,1,1.3269230769230769,1.31,1.3266666666666664,0.999806763285024,0.012753623188405672,26
רשת 13,afternoon,2-3m,2.85,0,1,1.5291666666666668,1.25,1.3933333333333335,0.9111716621253406,0.1825613079019074,24
רשת 13,afternoon,9m+,10.066666666666666,1,2,0.9266666666666664,0.6000000000000001,0.7193939393939396,0.7763243950294314,0.3525179856115105,30
רשת 13,afternoon,9m+,9.45,1,2,1.2249999999999999,0.8400000000000001,1.106666666666667,0.9034013605442179,0.31428571428571417,24
רשת 13,afternoon,4-6m,5.066666666666666,1,2,1.4043478260869566,0.7166666666666667,1.208888888888889,0.8608187134502924,0.4896800825593396,23
רשת 13,afternoon,4-6m,5.583333333333333,0,1,1.3758620689655172,1.042857142857143,1.0733333333333335,0.7801169590643277,0.24203365556749012,29
רשת 13,afternoon,<1m,0.5666666666666667,1,2,1.3125,1.0,1.2166666666666668,0.926984126984127,0.23809523809523814,24
רשת 13,afternoon,6-9m,7.966666666666667,1,2,1.813793103448276,1.9666666666666666,1.8555555555555554,1.023024926066751,-0.08428390367553851,29
רשת 13,afternoon,<1m,0.6333333333333333,0,1,1.9,1.85,1.9266666666666667,1.0140350877192983,0.02631578947368407,22
רשת 13,early_evening,9m+,9.466666666666669,0,1,3.1034482758620694,2.3363636363636364,2.473333333333333,0.7969629629629628,0.24717171717171726,29
רשת 13,early_evening,<1m,0.65,0,1,3.250000000000001,2.25,2.4733333333333336,0.7610256410256409,0.30769230769230793,20
רשת 13,early_evening,1-2m,2.0,0,1,3.6699999999999995,3.5333333333333337,3.8800000000000003,1.0572207084468668,0.037238873751135104,30
רשת 13,early_evening,6-9m,9.0,0,1,4.614285714285714,3.9899999999999998,4.18,0.9058823529411765,0.1352941176470588,28
רשת 13,early_evening,<1m,0.95,1,2,4.81578947368421,4.1,4.556666666666667,0.9461930783242261,0.14863387978142073,19
רשת 13,early_evening,9m+,10.65,1,2,5.853571428571428,5.508333333333334,5.721666666666668,0.9774659345129146,0.05897905226764266,28
רשת 13,early_evening,1-2m,2.0,0,1,6.993103448275861,7.533333333333334,7.173333333333335,1.0257725180802106,-0.07725180802103893,29
רשת 13,late_evening,6-9m,8.65,1,2,6.630000000000001,4.622222222222222,6.2266666666666675,0.939165409753645,0.3028322440087148,30
רשת 13,late_evening,6-9m,8.216666666666667,1,2,7.2285714285714295,5.6,6.637333333333332,0.918208168642951,0.22529644268774718,28
רשת 13,late_evening,1-2m,1.75,0,1,6.784000000000001,6.1,6.873333333333333,1.0131682389937104,0.1008254716981134,25
רשת 13,late_evening,9m+,10.066666666666666,0,1,6.335714285714286,5.718181818181819,5.959999999999999,0.9406989853438554,0.0974684841652147,28
רשת 13,late_evening,9m+,9.333333333333334,1,2,5.71,4.672727272727273,5.28,0.9246935201401051,0.18165897150135324,30
רשת 13,late_evening,4-6m,5.716666666666667,0,1,4.393103448275863,4.057142857142858,4.366666666666666,0.9939822082679224,0.07647454586230096,29
רשת 13,late_evening,6-9m,6.233333333333333,0,1,3.246428571428571,2.6999999999999997,2.973333333333333,0.9158782544921159,0.16831683168316824,28
רשת 13,overnight,4-6m,5.083333333333333,1,2,3.5034482758620684,3.65,3.57,1.0189960629921262,-0.04183070866141736,29
רשת 13,overnight,<1m,0.3666666666666666,0,1,3.4166666666666665,3.4,3.273333333333333,0.9580487804878048,0.004878048780487809,24
רשת 13,overnight,2-3m,2.966666666666667,0,1,2.596666666666667,2.9250000000000003,2.9133333333333336,1.121951219512195,-0.12644415917843377,30
רשת 13,overnight,<1m,0.7833333333333333,0,1,2.582758620689655,2.6,2.693333333333333,1.0428126390743213,-0.006675567423231055,29
רשת 13,overnight,4-6m,4.483333333333333,0,1,1.4466666666666665,1.24,1.6733333333333331,1.1566820276497696,0.1428571428571428,30
רשת 13,overnight,3-4m,3.55,0,1,0.43333333333333346,0.4,0.37333333333333324,0.861538461538461,0.0769230769230771,30
רשת 13,overnight,3-4m,3.8333333333333335,0,1,0.6166666666666669,0.6,0.6199999999999998,1.0054054054054047,0.027027027027027417,30
רשת 13,morning,3-4m,3.55,0,1,1.6103448275862073,1.5999999999999999,1.5666666666666667,0.9728765167737328,0.0064239828693793966,29
רשת 13,morning,<1m,0.5333333333333333,0,1,1.734615384615385,1.8,1.5666666666666667,0.9031781226903176,-0.037694013303769314,26
רשת 13,morning,<1m,0.8166666666666667,0,1,3.4708333333333337,3.2,3.1399999999999997,0.9046818727490995,0.078031212484994,24
רשת 13,morning,4-6m,5.183333333333334,0,1,3.447826086956522,2.75,3.14,0.910718789407314,0.2023959646910467,23
רשת 13,morning,4-6m,5.8,0,1,3.1208333333333336,2.3428571428571425,2.646666666666667,0.8480640854472631,0.24928476063322547,24
רשת 13,morning,<1m,0.8166666666666667,0,1,2.9434782608695653,3.3,2.9333333333333327,0.9965534219596256,-0.12112259970457884,23
רשת 13,morning,4-6m,5.183333333333334,0,1,2.7793103448275867,2.7142857142857144,2.933333333333333,1.0554177005789906,0.023395958879829926,29
רשת 13,morning,6-9m,8.333333333333334,1,2,2.336666666666667,2.05,2.2400000000000007,0.9586305278174039,0.1226818830242512,30
רשת 13,morning,4-6m,4.75,0,1,2.096,1.2666666666666666,1.4533333333333334,0.693384223918575,0.39567430025445294,25
רשת 13,morning,4-6m,4.066666666666666,0,1,2.0124999999999997,1.44,1.4533333333333336,0.722153209109731,0.28447204968944095,24
רשת 13,morning,6-9m,6.433333333333334,0,1,1.8142857142857143,1.625,1.7533333333333332,0.9664041994750655,0.10433070866141736,28
רשת 13,morning,<1m,0.2833333333333333,0,1,1.7476190476190478,1.7,1.7533333333333332,1.0032697547683922,0.027247956403269935,21
רשת 13,afternoon,4-6m,4.166666666666667,0,1,1.9318181818181819,1.8199999999999998,1.9666666666666663,1.0180392156862743,0.05788235294117661,22
רשת 13,afternoon,4-6m,5.3,1,2,1.891304347826087,1.6666666666666667,1.7111111111111112,0.9047254150702427,0.11877394636015315,23
רשת 13,afternoon,<1m,0.4,0,1,1.8421052631578951,1.75,1.6600000000000001,0.901142857142857,0.050000000000000155,19
רשת 13,afternoon,6-9m,6.566666666666666,0,1,1.8592592592592594,1.457142857142857,1.68,0.9035856573705179,0.21627774615822437,27
רשת 13,afternoon,<1m,0.5,0,1,1.9363636363636367,1.4,1.68,0.8676056338028167,0.27699530516431947,22
רשת 13,afternoon,6-9m,7.066666666666666,1,2,2.1366666666666663,2.0375,2.1308333333333334,0.997269890795632,0.04641185647425872,30
רשת 13,afternoon,6-9m,6.5,1,2,1.5551724137931033,1.1875,1.4133333333333336,0.9087952697708798,0.23641906873614182,29
רשת 13,afternoon,1-2m,1.2,0,1,1.4478260869565216,1.1,1.2933333333333334,0.8932932932932934,0.24024024024024015,23
רשת 13,afternoon,6-9m,6.483333333333333,0,1,1.886206896551724,1.175,1.453333333333333,0.7705057891529553,0.3770566727605118,29
רשת 13,afternoon,<1m,0.6666666666666666,0,1,1.9043478260869564,1.0,1.453333333333333,0.7631659056316589,0.4748858447488584,23
רשת 13,afternoon,6-9m,7.533333333333333,0,1,3.4172413793103447,3.177777777777778,3.44,1.006659939455096,0.07007512052920717,29
רשת 13,afternoon,<1m,0.5333333333333333,0,1,3.622727272727273,2.95,3.44,0.949560853199498,0.1856963613550816,22
רשת 13,early_evening,6-9m,6.9,1,2,4.049999999999999,3.3375,3.7066666666666666,0.9152263374485599,0.1759259259259257,26
רשת 13,early_evening,1-2m,1.3666666666666667,0,1,3.839999999999999,3.25,3.5733333333333333,0.9305555555555558,0.15364583333333315,20
רשת 13,early_evening,<1m,0.95,0,1,3.685,3.45,3.5733333333333333,0.9696969696969696,0.06377204884667564,20
רשת 13,early_evening,1-2m,2.0,0,1,2.8566666666666665,3.0,2.9466666666666668,1.0315052508751459,-0.05017502917152861,30
רשת 13,early_evening,6-9m,6.466666666666667,1,2,4.9559999999999995,4.214285714285714,4.763809523809525,0.961220646450671,0.14965986394557818,25
רשת 13,early_evening,<1m,0.85,0,1,4.877777777777777,4.2,4.573333333333333,0.9375854214123007,0.13895216400911148,18
רשת 13,early_evening,6-9m,7.716666666666667,0,1,5.804347826086956,4.8,5.186666666666666,0.8935830212234706,0.17303370786516847,23
רשת 13,early_evening,1-2m,1.9666666666666663,0,1,6.300000000000001,4.5,5.186666666666666,0.8232804232804231,0.2857142857142858,22
רשת 13,early_evening,2-3m,2.216666666666667,0,1,7.293103448275862,6.1000000000000005,7.38,1.0119148936170212,0.1635933806146571,29
רשת 13,late_evening,6-9m,6.966666666666667,0,1,6.624137931034483,4.612500000000001,5.640000000000001,0.8514315460697555,0.30368297761582497,29
רשת 13,late_evening,1-2m,1.3833333333333333,1,2,6.352173913043478,7.1000000000000005,6.426666666666667,1.011727127538216,-0.11772758384668047,23
רשת 13,late_evening,6-9m,6.616666666666666,0,1,6.664285714285714,6.2,6.266666666666666,0.9403358342265095,0.06966773847802776,28
רשת 13,late_evening,<1m,1.0,0,1,9.555172413793104,8.100000000000001,8.473333333333334,0.8867797425718755,0.1522915914832189,29
רשת 13,late_evening,9m+,10.716666666666669,0,1,11.926923076923078,7.016666666666668,7.6400000000000015,0.6405675588519832,0.41169515210147256,26
רשת 13,late_evening,<1m,0.8,0,1,11.626666666666669,6.9,7.6400000000000015,0.6571100917431193,0.40653669724770647,15
רשת 13,late_evening,3-4m,3.3833333333333333,0,1,11.011111111111113,7.725,10.559999999999999,0.959031281533804,0.2984359233097882,18
רשת 13,late_evening,6-9m,7.3,0,1,9.516666666666664,6.85,7.593333333333334,0.7978984238178637,0.28021015761821344,18
רשת 13,late_evening,6-9m,7.466666666666667,0,1,5.419047619047619,4.9375,5.233333333333333,0.9657293497363796,0.0888620386643234,21
רשת 13,late_evening,6-9m,6.75,0,1,3.7862068965517244,3.9375,3.8466666666666662,1.0159684274438372,-0.03995901639344246,29
רשת 13,overnight,4-6m,5.583333333333333,0,1,3.2458333333333336,3.1,3.026666666666666,0.9324775353016685,0.04492939666238771,24
רשת 13,overnight,<1m,0.3833333333333333,0,1,2.931578947368421,3.0,3.026666666666666,1.0324356672651105,-0.02333931777378817,19
רשת 13,overnight,4-6m,4.416666666666667,0,1,2.7217391304347824,2.8600000000000003,3.026666666666666,1.1120340788072416,-0.05079872204472857,23
רשת 13,overnight,3-4m,3.783333333333333,1,2,1.1099999999999999,1.0,1.0906666666666667,0.9825825825825827,0.09909909909909898,30
רשת 13,overnight,1-2m,1.1,0,1,0.4766666666666667,0.5,0.46666666666666684,0.9790209790209794,-0.04895104895104896,30
רשת 13,overnight,1-2m,1.0833333333333333,0,1,0.40000000000000013,0.4,0.40000000000000013,1.0,2.220446049250313e-16,30
רשת 13,overnight,1-2m,1.4166666666666667,0,1,0.24666666666666673,0.2,0.22666666666666674,0.918918918918919,0.18918918918918937,30
רשת 13,overnight,1-2m,1.4166666666666667,0,1,0.03333333333333333,0.0,0.0,0.0,1.0,30
רשת 13,overnight,1-2m,1.05,0,1,0.07333333333333333,0.0,0.04,0.5454545454545454,1.0,30
רשת 13,morning,2-3m,2.95,0,1,0.6275862068965516,0.37500000000000006,0.7133333333333334,1.1366300366300368,0.40247252747252726,29
רשת 13,morning,<1m,0.5166666666666667,0,1,0.6923076923076923,0.3,0.7133333333333334,1.0303703703703704,0.5666666666666667,26
רשת 13,morning,<1m,0.5666666666666667,0,1,1.8782608695652172,2.2,1.9866666666666661,1.0577160493827158,-0.1712962962962965,23
רשת 13,morning,4-6m,5.783333333333333,1,2,1.8413793103448275,1.6714285714285713,1.7952380952380946,0.9749420367397893,0.0922953451043339,29
רשת 13,morning,6-9m,6.033333333333333,1,2,1.7499999999999998,1.0571428571428572,1.5219047619047619,0.8696598639455784,0.39591836734693864,28
רשת 13,morning,1-2m,1.75,1,2,2.3045454545454542,2.7000000000000006,2.417777777777778,1.049134341442034,-0.1715976331360951,22
רשת 13,morning,4-6m,5.866666666666666,0,1,2.32,2.4714285714285715,2.4199999999999995,1.0431034482758619,-0.06527093596059119,25
רשת 13,morning,6-9m,7.216666666666667,1,2,2.4137931034482762,2.288888888888889,2.3333333333333335,0.9666666666666666,0.05174603174603176,29
רשת 13,morning,6-9m,6.016666666666667,0,1,1.8,1.7714285714285716,1.7400000000000004,0.9666666666666669,0.015873015873015817,24
רשת 13,morning,6-9m,6.066666666666666,0,1,1.75,1.7625,1.6733333333333331,0.956190476190476,-0.0071428571428571175,26
רשת 13,morning,4-6m,5.85,0,1,1.775,1.4833333333333334,1.6799999999999997,0.9464788732394365,0.164319248826291,28
רשת 13,morning,4-6m,4.566666666666666,0,1,1.459259259259259,1.3333333333333333,1.3866666666666665,0.950253807106599,0.08629441624365475,27
רשת 13,morning,6-9m,7.2,0,1,1.0899999999999999,1.1111111111111114,1.1666666666666667,1.0703363914373092,-0.019367991845056443,30
רשת 13,afternoon,2-3m,2.3,0,1,1.4240000000000002,1.425,1.5466666666666666,1.086142322097378,-0.000702247191011196,25
רשת 13,afternoon,4-6m,5.333333333333333,1,2,1.3740740740740744,1.383333333333333,1.4133333333333333,1.0285714285714282,-0.006738544474393038,27
רשת 13,afternoon,4-6m,4.016666666666667,0,1,1.2586206896551726,1.16,1.3466666666666667,1.0699543378995433,0.07835616438356185,29
רשת 13,afternoon,6-9m,7.55,1,2,2.2448275862068963,2.3625,2.3808333333333334,1.0605862775217616,-0.05241935483870974,29
רשת 13,afternoon,6-9m,6.25,0,1,2.9892857142857148,2.9,2.98,0.9968936678614096,0.029868578255675238,28
רשת 13,afternoon,<1m,0.7833333333333333,0,1,3.1045454545454545,2.6,2.98,0.959882869692533,0.1625183016105417,22
רשת 13,afternoon,6-9m,7.833333333333333,0,1,2.958620689655172,2.5666666666666664,2.7066666666666674,0.9148407148407153,0.13247863247863245,29
רשת 13,afternoon,<1m,0.8,0,1,2.9454545454545453,2.95,2.7066666666666674,0.9189300411522637,-0.0015432098765433278,22
רשת 13,early_evening,9m+,9.033333333333331,1,2,3.6586206896551725,2.93,3.118666666666667,0.8524159597863651,0.1991517436380773,29
רשת 13,early_evening,<1m,0.7,0,1,3.628571428571428,2.95,3.06,0.8433070866141733,0.18700787401574792,21
רשת 13,early_evening,1-2m,2.0,0,1,3.356666666666666,3.1999999999999997,3.4066666666666667,1.0148957298907648,0.046673286991062435,30
רשת 13,early_evening,6-9m,7.75,0,1,4.624137931034482,4.077777777777778,4.333333333333333,0.937111608252548,0.11815394813157643,29
רשת 13,early_evening,<1m,0.8166666666666667,0,1,5.061904761904761,4.0,4.333333333333333,0.8560677328316088,0.2097836312323611,21
רשת 13,early_evening,6-9m,6.833333333333333,1,2,5.823333333333333,5.0,5.450833333333334,0.9360331997710362,0.1413852318259874,30
רשת 13,early_evening,2-3m,2.216666666666667,0,1,6.251724137931035,5.233333333333333,6.013333333333333,0.9618679904394188,0.16289759146902005,29
רשת 13,late_evening,4-6m,5.466666666666667,0,1,5.996666666666666,4.985714285714285,5.079999999999999,0.8471372984991662,0.16858572222663393,30
רשת 13,late_evening,4-6m,5.983333333333333,0,1,5.324137931034483,4.2,4.72,0.8865284974093264,0.21113989637305697,29
רשת 13,late_evening,6-9m,8.383333333333333,1,2,10.586666666666666,5.466666666666667,8.595555555555556,0.8119227539882453,0.48362720403022663,30
רשת 13,late_evening,9m+,9.383333333333333,1,2,10.114285714285716,6.43,9.196666666666665,0.9092749529190205,0.364265536723164,28
רשת 13,late_evening,6-9m,6.466666666666667,0,1,6.492592592592592,5.8571428571428585,6.446666666666666,0.9929264118653737,0.0978730339825602,27
רשת 13,late_evening,6-9m,6.75,1,2,4.483333333333333,4.7125,4.458333333333334,0.9944237918215615,-0.0511152416356877,30
רשת 13,overnight,4-6m,5.766666666666667,1,2,3.32,3.1714285714285713,3.243809523809524,0.9770510613884109,0.04475043029259895,25
רשת 13,overnight,<1m,0.2833333333333333,0,1,3.1350000000000002,2.85,2.68,0.8548644338118022,0.09090909090909094,20
רשת 13,overnight,3-4m,3.5833333333333335,1,2,2.8040000000000003,2.625,2.85,1.0164051355206847,0.06383737517831678,25
רשת 13,overnight,4-6m,4.95,0,1,1.4300000000000002,1.2,1.1799999999999997,0.8251748251748249,0.16083916083916094,30
רשת 13,overnight,3-4m,3.9,0,1,0.6400000000000002,0.7,0.6799999999999999,1.0624999999999996,-0.09374999999999956,30
רשת 13,overnight,4-6m,4.166666666666667,1,2,0.6799999999999998,0.7000000000000001,0.6911111111111109,1.0163398692810457,-0.029411764705882693,30
רשת 13,morning,<1m,0.5,0,1,2.0344827586206895,1.9,2.0799999999999996,1.022372881355932,0.0661016949152542,29
רשת 13,morning,<1m,0.5166666666666667,0,1,2.075862068965517,1.9,2.0799999999999996,1.0019933554817275,0.08471760797342198,29
רשת 13,morning,4-6m,4.016666666666667,0,1,3.6625,3.5799999999999996,3.8666666666666663,1.055745164960182,0.022525597269624664,24
רשת 13,morning,4-6m,5.116666666666666,1,2,4.000000000000001,3.716666666666667,3.8266666666666667,0.9566666666666664,0.07083333333333353,25
רשת 13,morning,6-9m,6.033333333333333,0,1,4.378571428571429,4.185714285714285,4.266666666666667,0.974442631865144,0.04404567699836892,28
רשת 13,morning,4-6m,4.983333333333333,0,1,3.836666666666667,3.433333333333333,3.5866666666666664,0.9348392701998262,0.10512597741094709,30
רשת 13,morning,4-6m,5.083333333333333,0,1,3.3318181818181816,2.866666666666667,2.92,0.8763983628922238,0.13960891314233725,22
רשת 13,morning,4-6m,4.883333333333334,0,1,3.525,3.2500000000000004,3.4466666666666668,0.9777777777777779,0.07801418439716301,24
רשת 13,morning,6-9m,7.466666666666667,0,1,3.3607142857142853,3.1125,3.106666666666667,0.9244066595820052,0.07385759829968108,28
רשת 13,morning,4-6m,5.516666666666667,0,1,3.38,3.471428571428571,3.626666666666666,1.0729783037475344,-0.02704987320371921,30
רשת 13,afternoon,4-6m,4.45,0,1,2.1222222222222222,2.4000000000000004,2.213333333333333,1.0429319371727748,-0.13089005235602102,27
רשת 13,afternoon,1-2m,1.85,0,1,1.8,1.6000000000000003,1.6266666666666667,0.9037037037037037,0.11111111111111094,25
רשת 13,afternoon,6-9m,7.033333333333333,1,2,1.9103448275862072,1.8624999999999998,1.9499999999999997,1.020758122743682,0.02504512635379086,29
רשת 13,afternoon,4-6m,5.483333333333333,1,2,1.4166666666666667,1.1333333333333335,1.3222222222222222,0.9333333333333332,0.19999999999999996,30
רשת 13,afternoon,6-9m,6.533333333333333,0,1,1.5,1.5625,1.5,1.0,-0.04166666666666674,28
רשת 13,afternoon,<1m,0.2833333333333333,0,1,1.619047619047619,1.8,1.5,0.9264705882352942,-0.11176470588235299,21
רשת 13,afternoon,1-2m,1.65,0,1,1.652173913043478,1.5499999999999998,1.5066666666666668,0.9119298245614037,0.06184210526315792,23
רשת 13,afternoon,4-6m,4.533333333333333,0,1,1.6115384615384618,1.6333333333333335,1.5066666666666668,0.9349244232299124,-0.01352426412092278,26
רשת 13,afternoon,<1m,0.4,0,1,1.5047619047619045,1.6,1.5066666666666668,1.0012658227848104,-0.06329113924050667,21
רשת 13,afternoon,4-6m,5.983333333333333,0,1,2.392,1.7428571428571427,1.6200000000000006,0.6772575250836123,0.2713807931199236,25
רשת 13,afternoon,<1m,0.7166666666666667,0,1,2.8190476190476192,2.1,3.1466666666666665,1.1162162162162161,0.25506756756756754,21
רשת 13,early_evening,4-6m,5.683333333333334,1,2,3.7962962962962963,2.8000000000000003,3.4466666666666668,0.9079024390243903,0.2624390243902438,27
רשת 13,early_evening,<1m,0.6,0,1,3.8739130434782605,2.9,3.2466666666666666,0.8380845491956603,0.2514029180695847,23
רשת 13,early_evening,<1m,0.5,0,1,3.504545454545455,3.95,3.54,1.0101167315175097,-0.12710765239948119,22
רשת 13,early_evening,4-6m,5.933333333333334,0,1,3.4555555555555553,3.3,3.5399999999999996,1.0244372990353698,0.045016077170418,27
רשת 13,early_evening,<1m,0.5166666666666667,1,2,3.3818181818181823,3.0,3.3933333333333335,1.003405017921147,0.11290322580645173,22
רשת 13,early_evening,4-6m,5.266666666666667,0,1,3.5107142857142866,3.316666666666667,3.4266666666666663,0.9760596812478803,0.05527297388945418,28
רשת 13,early_evening,<1m,0.5833333333333334,1,2,3.5250000000000004,3.45,3.4799999999999995,0.9872340425531912,0.021276595744680882,24
רשת 13,late_evening,6-9m,6.466666666666667,0,1,4.515384615384615,2.9999999999999996,3.8066666666666653,0.843043725156161,0.3356047700170358,26
רשת 13,late_evening,3-4m,3.9,1,2,4.353846153846154,4.62,4.6000000000000005,1.0565371024734982,-0.06113074204946978,26
רשת 13,late_evening,4-6m,4.6,0,1,4.53,4.4399999999999995,4.613333333333333,1.0183958793230317,0.019867549668874385,30
רשת 13,late_evening,4-6m,5.283333333333333,0,1,3.9166666666666665,3.357142857142857,3.9866666666666655,1.0178723404255317,0.1428571428571428,30
רשת 13,late_evening,3-4m,3.85,1,2,3.4900000000000007,3.6799999999999997,4.114666666666667,1.1789875835721109,-0.05444126074498534,30
רשת 13,late_evening,4-6m,5.283333333333333,0,1,1.886666666666667,1.9142857142857146,1.8599999999999999,0.9858657243816252,-0.01463907117617369,30
רשת 13,overnight,6-9m,7.633333333333334,0,1,2.4074074074074074,2.122222222222222,2.1933333333333334,0.9110769230769231,0.11846153846153862,27
רשת 13,overnight,4-6m,4.783333333333333,0,1,2.404,2.5166666666666666,2.3666666666666667,0.9844703272323905,-0.04686633388796446,25
רשת 13,overnight,4-6m,4.283333333333333,1,2,2.5678571428571435,2.5,2.5733333333333333,1.002132591562355,0.026425591098748535,28
רשת 13,overnight,4-6m,4.366666666666666,1,2,1.6399999999999997,1.7,1.6566666666666665,1.0101626016260163,-0.03658536585365879,30
רשת 13,overnight,4-6m,4.35,0,1,0.7533333333333334,0.74,0.7666666666666665,1.0176991150442474,0.017699115044247926,30
רשת 13,overnight,3-4m,3.95,0,1,0.6000000000000001,0.6,0.5999999999999999,0.9999999999999997,2.220446049250313e-16,30
רשת 13,overnight,4-6m,4.116666666666666,1,2,0.20000000000000007,0.32,0.23200000000000012,1.1600000000000001,-0.5999999999999994,29
רשת 13,overnight,3-4m,3.05,0,1,0.20000000000000007,0.22499999999999998,0.20666666666666672,1.0333333333333332,-0.12499999999999956,29
רשת 13,morning,3-4m,3.1,1,2,0.2833333333333333,0.38,0.3013333333333333,1.0635294117647058,-0.3411764705882354,30
רשת 13,morning,2-3m,2.966666666666667,0,1,0.6933333333333332,0.7,0.7266666666666666,1.0480769230769231,-0.009615384615384581,30
רשת 13,morning,2-3m,2.7,1,2,0.7499999999999998,0.7250000000000001,0.73,0.9733333333333336,0.03333333333333288,30
רשת 13,morning,1-2m,1.1833333333333331,0,1,0.9066666666666668,0.6,0.8933333333333332,0.9852941176470584,0.3382352941176472,30
רשת 13,morning,4-6m,4.283333333333333,0,1,1.0166666666666666,1.0999999999999999,1.0599999999999998,1.042622950819672,-0.08196721311475397,30
רשת 13,morning,1-2m,1.9833333333333336,1,2,0.67,0.7666666666666666,0.7488888888888888,1.1177446102819235,-0.14427860696517403,30
רשת 13,morning,4-6m,4.716666666666667,1,2,0.48000000000000004,0.4666666666666666,0.43555555555555553,0.9074074074074073,0.0277777777777779,30
רשת 13,morning,<1m,0.3666666666666666,0,1,0.512,0.3,0.5733333333333335,1.119791666666667,0.4140625,25
רשת 13,morning,2-3m,2.9833333333333334,0,1,0.43103448275862083,0.375,0.39999999999999997,0.9279999999999996,0.13000000000000034,29
רשת 13,morning,<1m,0.5333333333333333,0,1,0.4222222222222223,0.3,0.39999999999999997,0.9473684210526314,0.28947368421052644,27
רשת 13,morning,4-6m,4.166666666666667,0,1,0.8689655172413795,0.62,0.8999999999999998,1.0357142857142854,0.2865079365079367,29
רשת 13,morning,<1m,0.55,0,1,0.8846153846153846,0.6499999999999999,0.8999999999999998,1.017391304347826,0.26521739130434785,26
רשת 13,afternoon,4-6m,4.183333333333334,0,1,1.9333333333333333,1.6199999999999999,1.7533333333333332,0.9068965517241379,0.16206896551724148,27
רשת 13,afternoon,<1m,0.5333333333333333,0,1,1.9869565217391305,1.7,1.7533333333333332,0.8824215900802334,0.1444201312910285,23
רשת 13,afternoon,1-2m,1.2333333333333334,0,1,2.0045454545454544,2.4,2.14,1.0675736961451248,-0.19727891156462585,22
רשת 13,afternoon,1-2m,1.25,0,1,1.9307692307692308,2.1,1.84,0.952988047808765,-0.08764940239043817,26
רשת 13,afternoon,1-2m,1.85,0,1,1.8678571428571427,1.75,1.84,0.9850860420650097,0.06309751434034405,28
רשת 13,afternoon,6-9m,6.416666666666667,0,1,2.0241379310344825,2.0714285714285716,2.1200000000000006,1.0473594548551963,-0.023363348746654022,29
רשת 13,afternoon,<1m,0.5333333333333333,0,1,2.108695652173913,2.3,2.12,1.005360824742268,-0.09072164948453598,23
רשת 13,afternoon,1-2m,1.9,1,2,2.0300000000000002,2.033333333333333,1.957777777777778,0.9644225506294472,-0.0016420361247946325,20
רשת 13,afternoon,6-9m,7.633333333333334,0,1,2.0076923076923077,1.8888888888888888,2.0333333333333337,1.0127713920817372,0.05917411664538097,26
רשת 13,afternoon,<1m,0.2833333333333333,0,1,2.031578947368421,2.05,2.0333333333333337,1.0008635578583767,-0.009067357512953178,19
רשת 13,afternoon,1-2m,1.05,0,1,2.376190476190476,2.65,2.3399999999999994,0.9847695390781561,-0.11523046092184375,21
רשת 13,afternoon,6-9m,6.583333333333333,0,1,2.4703703703703703,2.2125,2.3399999999999994,0.9472263868065964,0.1043853073463269,27
רשת 13,afternoon,<1m,0.75,0,1,2.525,2.2,2.3399999999999994,0.9267326732673266,0.1287128712871286,20
רשת 13,afternoon,1-2m,1.0833333333333333,0,1,2.8043478260869565,2.1500000000000004,2.3466666666666662,0.8367958656330747,0.23333333333333317,23
רשת 13,afternoon,4-6m,5.766666666666667,0,1,2.79,1.8999999999999997,2.3466666666666662,0.8410991636798086,0.31899641577060944,20
רשת 13,afternoon,<1m,0.3833333333333333,0,1,2.726666666666667,2.9,2.726666666666667,1.0,-0.06356968215158898,15
רשת 13,afternoon,4-6m,5.616666666666666,0,1,2.4565217391304346,2.728571428571428,2.726666666666667,1.1099705014749264,-0.11074589127686463,23
רשת 13,early_evening,<1m,0.5,0,1,3.730434782608695,3.5,3.9066666666666667,1.0472416472416475,0.06177156177156162,23
רשת 13,early_evening,4-6m,5.7,0,1,3.7608695652173907,2.757142857142857,3.1133333333333337,0.8278227360308288,0.2668868703550783,23
רשת 13,early_evening,3-4m,3.6166666666666663,0,1,3.711764705882353,3.04,3.56,0.9591125198098257,0.18098256735340734,17
רשת 13,early_evening,1-2m,1.0833333333333333,1,2,4.147368421052632,2.3,3.67,0.8848984771573603,0.44543147208121836,19
רשת 13,early_evening,4-6m,4.3,0,1,4.1499999999999995,3.04,3.78,0.9108433734939759,0.2674698795180722,22
רשת 13,early_evening,<1m,0.6333333333333333,0,1,4.1173913043478265,3.8,3.78,0.9180570221752903,0.07708553326293577,23
רשת 13,early_evening,<1m,0.5,0,1,4.199999999999999,4.449999999999999,4.146666666666667,0.9873015873015877,-0.059523809523809534,22
רשת 13,early_evening,6-9m,7.3,0,1,4.454166666666667,3.85,4.146666666666667,0.9309635173058936,0.13564078578110383,24
רשת 13,early_evening,2-3m,2.3,0,1,5.583333333333333,4.8500000000000005,5.439999999999999,0.974328358208955,0.13134328358208947,24
רשת 13,late_evening,4-6m,5.483333333333333,0,1,5.968965517241381,5.1000000000000005,5.773333333333334,0.9672251107259772,0.14558058925476625,29
רשת 13,late_evening,6-9m,6.283333333333333,0,1,5.555999999999999,4.5875,5.1866666666666665,0.9335253179745622,0.17431605471562261,25
רשת 13,late_evening,1-2m,1.95,0,1,6.547826086956522,4.966666666666667,5.913333333333335,0.9030987162461268,0.2414785303231518,23
רשת 13,late_evening,<1m,0.2166666666666666,0,1,6.554166666666667,5.1,5.913333333333335,0.9022250476795933,0.2218690400508584,24
רשת 13,late_evening,<1m,0.2166666666666666,0,1,6.564000000000001,6.7,5.913333333333335,0.9008734511476743,-0.02071907373552695,25
רשת 13,late_evening,9m+,12.5,1,2,7.417241379310346,4.684615384615385,6.293333333333333,0.8484735781806909,0.36841540607230994,29
רשת 13,late_evening,6-9m,8.25,0,1,6.703448275862069,4.2555555555555555,5.613333333333333,0.8373799725651577,0.36516918152720623,29
רשת 13,late_evening,6-9m,6.583333333333333,0,1,4.87,2.975,3.533333333333333,0.7255304585900068,0.3891170431211499,30
רשת 13,late_evening,9m+,9.966666666666669,0,1,2.873333333333333,2.3181818181818183,2.4066666666666663,0.8375870069605568,0.19320818392744132,30
רשת 13,overnight,6-9m,6.25,1,2,1.5,1.6500000000000001,1.6100000000000003,1.0733333333333335,-0.10000000000000009,22
רשת 13,overnight,<1m,0.4833333333333333,0,1,1.5750000000000002,1.7999999999999998,1.6800000000000004,1.0666666666666669,-0.14285714285714257,16
רשת 13,overnight,6-9m,6.1,0,1,1.7523809523809526,1.6714285714285715,1.6800000000000002,0.9586956521739131,0.04619565217391308,21
רשת 13,overnight,4-6m,4.85,0,1,1.5500000000000003,1.4000000000000001,1.3399999999999999,0.8645161290322578,0.09677419354838712,30
רשת 13,overnight,6-9m,6.25,0,1,0.9200000000000002,0.7000000000000001,0.7266666666666665,0.7898550724637677,0.23913043478260876,30
רשת 13,overnight,3-4m,3.1333333333333333,0,1,0.6566666666666666,0.7,0.6999999999999998,1.065989847715736,-0.06598984771573613,30
רשת 13,overnight,2-3m,2.8833333333333333,0,1,0.21999999999999992,0.3,0.2066666666666667,0.9393939393939399,-0.3636363636363642,30
רשת 13,overnight,2-3m,3.0,0,1,0.07333333333333333,0.1,0.06666666666666667,0.9090909090909091,-0.36363636363636376,30
רשת 13,overnight,2-3m,2.4833333333333334,0,1,0.2566666666666667,0.22499999999999998,0.20666666666666672,0.8051948051948052,0.12337662337662358,30
רשת 13,overnight,1-2m,1.7333333333333334,0,1,0.49333333333333335,0.4000000000000001,0.4066666666666668,0.8243243243243246,0.18918918918918903,30
רשת 13,morning,2-3m,2.85,0,1,0.9517241379310346,1.0,0.94,0.9876811594202897,-0.0507246376811592,29
רשת 13,morning,<1m,0.55,0,1,1.05,1.0,1.12,1.0666666666666667,0.04761904761904767,26
רשת 13,morning,<1m,0.5833333333333334,0,1,1.3545454545454545,1.05,1.2533333333333332,0.9252796420581655,0.22483221476510062,22
רשת 13,morning,6-9m,7.4,1,2,1.3392857142857146,1.1,1.3083333333333333,0.9768888888888887,0.17866666666666686,28
רשת 13,morning,6-9m,6.95,1,2,1.3137931034482757,0.9750000000000001,1.11,0.8448818897637796,0.25787401574803137,29
רשת 13,morning,<1m,0.2833333333333333,0,1,1.2,0.9,1.16,0.9666666666666667,0.25,22
רשת 13,morning,<1m,0.8333333333333334,0,1,1.29,1.15,1.2266666666666666,0.9509043927648578,0.10852713178294582,20
רשת 13,morning,6-9m,7.533333333333333,1,2,1.2999999999999998,1.3125,1.2766666666666664,0.982051282051282,-0.009615384615384803,26
רשת 13,morning,6-9m,7.716666666666667,0,1,1.0666666666666667,1.0666666666666669,1.1866666666666668,1.1125,-2.220446049250313e-16,30
רשת 13,morning,6-9m,7.5,1,2,0.7370370370370372,0.4625,0.6533333333333334,0.8864321608040201,0.3724874371859297,27
רשת 13,morning,4-6m,5.566666666666666,0,1,0.606896551724138,0.5166666666666667,0.5599999999999999,0.9227272727272725,0.14867424242424243,29
רשת 13,morning,4-6m,5.816666666666666,1,2,1.2633333333333334,1.0142857142857142,1.2352380952380952,0.9777610252544289,0.19713531850735022,30
רשת 13,morning,4-6m,5.033333333333333,0,1,1.2571428571428573,1.2,1.2599999999999996,1.0022727272727268,0.045454545454545636,28
רשת 13,morning,6-9m,7.45,0,1,1.55,1.65,1.6800000000000002,1.0838709677419356,-0.06451612903225801,30
רשת 13,afternoon,9m+,9.016666666666667,1,2,1.1583333333333334,0.9400000000000001,1.08,0.9323741007194244,0.1884892086330936,24
רשת 13,afternoon,4-6m,4.816666666666666,1,2,1.0666666666666667,1.2333333333333334,1.0866666666666667,1.01875,-0.15625,24
רשת 13,afternoon,6-9m,8.016666666666667,0,1,0.84,0.9888888888888889,0.9466666666666668,1.1269841269841272,-0.17724867724867743,25
רשת 13,afternoon,3-4m,3.4166666666666665,0,1,1.0086956521739132,0.975,0.9133333333333334,0.9054597701149425,0.03340517241379326,23
רשת 13,afternoon,3-4m,3.3666666666666667,0,1,1.2583333333333335,1.45,1.3000000000000003,1.033112582781457,-0.15231788079470188,24
רשת 13,afternoon,6-9m,7.333333333333333,0,1,1.4933333333333327,1.588888888888889,1.4333333333333333,0.9598214285714289,-0.06398809523809579,30
רשת 13,afternoon,4-6m,4.216666666666667,0,1,1.3551724137931032,1.04,1.0866666666666667,0.8018659881255303,0.23256997455470718,29
רשת 13,afternoon,<1m,0.3666666666666666,0,1,1.3559999999999999,1.0,1.0866666666666667,0.801376597836775,0.2625368731563421,25
רשת 13,afternoon,6-9m,6.133333333333334,0,1,2.251724137931034,2.0571428571428574,2.0466666666666664,0.9089331291475243,0.08641435134543829,29
רשת 13,afternoon,<1m,0.7333333333333333,1,2,2.345833333333333,1.7999999999999998,2.2399999999999993,0.9548845470692715,0.23268206039076378,24
רשת 13,early_evening,6-9m,8.45,1,2,2.76551724137931,2.511111111111111,2.6711111111111117,0.9658631199778336,0.09199224161817665,29
רשת 13,early_evening,<1m,0.6833333333333333,0,1,2.7523809523809524,2.3,2.6933333333333334,0.9785467128027682,0.16435986159169558,21
רשת 13,early_evening,1-2m,2.0,0,1,3.376666666666666,2.9,3.1799999999999997,0.9417571569595262,0.14116485686080937,30
רשת 13,early_evening,6-9m,7.5,0,1,4.564285714285714,3.8375,4.093333333333334,0.8968179447052688,0.15923317683881066,28
רשת 13,early_evening,<1m,0.7666666666666667,0,1,4.663636363636364,3.45,4.093333333333334,0.877712800519818,0.26023391812865504,22
רשת 13,early_evening,9m+,9.483333333333333,1,2,6.289999999999997,5.409090909090909,5.917575757575758,0.9407910584381177,0.1400491400491397,30
רשת 13,early_evening,1-2m,1.9666666666666663,0,1,8.341379310344827,7.6,8.353333333333332,1.0014330990767533,0.08887970235634557,29
רשת 13,late_evening,6-9m,7.566666666666666,1,2,8.503333333333334,6.55,7.906666666666666,0.9298314386515091,0.22971383771070175,30
רשת 13,late_evening,6-9m,6.483333333333333,0,1,7.725925925925927,5.5857142857142845,6.26,0.8102588686481302,0.2770168470072596,27
רשת 13,late_evening,1-2m,1.65,0,1,12.865384615384617,8.3,9.153333333333334,0.7114698555057299,0.3548579970104634,26
רשת 13,late_evening,9m+,9.6,1,2,13.006666666666664,7.580000000000001,10.923999999999998,0.8398769861609431,0.417221937467965,30
רשת 13,late_evening,9m+,9.116666666666667,1,2,10.422727272727274,6.68,8.262666666666668,0.7927547608664051,0.3590928914086351,22
רשת 13,late_evening,4-6m,5.8,0,1,6.368421052631578,5.333333333333333,6.546666666666666,1.0279889807162534,0.16253443526170785,19
רשת 13,late_evening,<1m,0.2,0,1,6.242857142857141,5.65,6.546666666666666,1.0486651411136538,0.09496567505720788,21
רשת 13,late_evening,6-9m,7.7,0,1,3.4666666666666663,3.5444444444444443,3.673333333333334,1.0596153846153848,-0.022435897435897578,27
רשת 13,overnight,2-3m,2.45,0,1,1.9727272727272729,2.1333333333333333,2.6466666666666674,1.3416282642089097,-0.08141321044546834,22
רשת 13,overnight,3-4m,3.783333333333333,1,2,1.780769230769231,1.8400000000000003,1.5106666666666668,0.8483225341972641,-0.033261339092872655,26
רשת 13,overnight,<1m,0.4666666666666667,0,1,1.5347826086956524,1.2,1.2266666666666666,0.799244570349386,0.21813031161473107,23
רשת 13,overnight,3-4m,3.566666666666667,0,1,0.8566666666666668,0.6199999999999999,0.6466666666666666,0.7548638132295719,0.27626459143968896,30
רשת 13,overnight,1-2m,1.7666666666666666,0,1,0.3821428571428571,0.3333333333333333,0.42000000000000015,1.0990654205607482,0.12772585669781933,28
רשת 13,overnight,2-3m,2.05,0,1,0.32857142857142846,0.4000000000000001,0.42000000000000015,1.2782608695652182,-0.21739130434782683,28
רשת 13,overnight,4-6m,5.7,0,1,0.17,0.2333333333333333,0.2133333333333334,1.2549019607843142,-0.3725490196078429,30
רשת 13,overnight,4-6m,5.55,1,2,0.3533333333333333,0.39999999999999997,0.3904761904761906,1.1051212938005395,-0.1320754716981134,30
רשת 13,overnight,4-6m,5.366666666666666,0,1,0.2099999999999999,0.19999999999999998,0.26000000000000006,1.238095238095239,0.04761904761904734,30
רשת 13,overnight,4-6m,5.35,1,2,0.15000000000000002,0.11666666666666665,0.13111111111111115,0.8740740740740742,0.22222222222222243,30
רשת 13,overnight,4-6m,5.233333333333333,0,1,0.3071428571428571,0.3,0.2999999999999999,0.9767441860465114,0.023255813953488302,28
רשת 13,overnight,1-2m,1.35,0,1,0.5814814814814815,0.35,0.3866666666666666,0.6649681528662419,0.3980891719745223,27
רשת 13,morning,2-3m,2.6,0,1,1.2793103448275862,1.3333333333333333,1.3799999999999997,1.0787061994609162,-0.04222821203953275,29
רשת 13,morning,<1m,0.55,0,1,1.3592592592592594,1.2,1.3799999999999997,1.0152588555858306,0.11716621253406001,27
רשת 13,morning,<1m,0.8666666666666667,0,1,1.6727272727272726,1.5,1.513333333333333,0.9047101449275361,0.1032608695652173,22
רשת 13,morning,6-9m,6.533333333333333,0,1,1.6074074074074076,1.55,1.513333333333333,0.9414746543778798,0.03571428571428581,27
רשת 13,morning,6-9m,7.416666666666667,1,2,1.639285714285714,1.625,1.6099999999999999,0.9821350762527234,0.008714596949890852,28
רשת 13,morning,1-2m,1.0833333333333333,0,1,1.9136363636363638,1.8,1.7533333333333332,0.9162311955661123,0.05938242280285044,22
רשת 13,morning,4-6m,5.216666666666667,0,1,1.9615384615384615,1.8,1.993333333333333,1.0162091503267972,0.08235294117647052,26
רשת 13,morning,6-9m,6.933333333333334,0,1,1.8866666666666663,1.5875,1.806666666666667,0.9575971731448768,0.15856890459363948,30
רשת 13,morning,4-6m,5.55,0,1,1.2642857142857145,1.0714285714285714,1.12,0.8858757062146893,0.15254237288135608,28
רשת 13,morning,4-6m,5.883333333333334,0,1,1.0827586206896553,1.0166666666666666,1.0933333333333335,1.0097664543524416,0.06104033970276024,29
רשת 13,morning,6-9m,6.566666666666666,1,2,0.7566666666666666,0.7999999999999998,0.7695238095238095,1.0169918187539333,-0.05726872246696013,30
רשת 13,morning,6-9m,6.166666666666667,0,1,1.0433333333333332,0.9857142857142859,1.0600000000000003,1.015974440894569,0.05522592423550865,30
רשת 13,afternoon,2-3m,2.3666666666666667,0,1,1.3888888888888888,1.3,1.4733333333333334,1.0608,0.06399999999999995,27
רשת 13,afternoon,<1m,0.3,0,1,1.3960000000000001,1.7,1.4733333333333334,1.055396370582617,-0.21776504297994248,25
רשת 13,afternoon,4-6m,4.35,1,2,1.3535714285714289,1.5833333333333333,1.5244444444444445,1.1262386396951038,-0.1697449428320137,28
רשת 13,afternoon,4-6m,4.95,0,1,1.2964285714285713,1.0999999999999999,1.1266666666666667,0.8690541781450873,0.1515151515151515,28
רשת 13,afternoon,6-9m,6.266666666666667,1,2,1.5869565217391304,1.6125,1.604166666666667,1.0108447488584478,-0.016095890410958935,23
רשת 13,afternoon,2-3m,2.75,0,1,1.7523809523809522,1.725,1.773333333333333,1.0119565217391304,0.015624999999999778,21
רשת 13,afternoon,4-6m,5.5,1,2,1.91,1.742857142857143,1.8552380952380951,0.9713288456743954,0.08750934928945386,30
רשת 13,afternoon,4-6m,5.05,0,1,1.441379310344828,1.0999999999999999,0.9866666666666667,0.684529505582137,0.2368421052631582,29
רשת 13,afternoon,<1m,0.3666666666666666,0,1,1.5875000000000001,1.4,0.9866666666666667,0.6215223097112861,0.11811023622047256,24
רשת 13,afternoon,4-6m,4.616666666666666,1,2,2.9448275862068973,2.783333333333333,2.8588888888888886,0.9708170699973975,0.05483996877439534,29
רשת 13,afternoon,<1m,0.65,0,1,2.928,2.6,2.8866666666666676,0.9858834244080149,0.11202185792349717,25
רשת 13,early_evening,4-6m,4.166666666666667,1,2,3.410344827586207,3.3833333333333333,3.356666666666666,0.9842601954836533,0.007920458375463402,29
רשת 13,early_evening,<1m,0.75,0,1,3.492,3.3,3.353333333333333,0.9602901870943107,0.054982817869415834,25
רשת 13,early_evening,1-2m,1.6666666666666667,0,1,3.916666666666667,4.05,4.0200000000000005,1.0263829787234042,-0.03404255319148919,30
רשת 13,early_evening,6-9m,6.833333333333333,0,1,4.392857142857143,4.262499999999999,4.326666666666665,0.9849322493224928,0.02967479674796769,28
רשת 13,early_evening,<1m,0.8666666666666667,0,1,4.463636363636365,4.3,4.326666666666665,0.9693143245078066,0.03665987780040758,22
רשת 13,early_evening,6-9m,8.933333333333334,1,2,5.906666666666665,5.4799999999999995,5.970000000000001,1.010722347629797,0.0722347629796839,30
רשת 13,early_evening,1-2m,1.9666666666666663,0,1,6.9466666666666645,6.65,6.8066666666666675,0.9798464491362768,0.042706333973128285,30
רשת 13,late_evening,6-9m,6.45,1,2,7.0928571428571425,5.071428571428571,6.305714285714286,0.8890231621349447,0.2849949647532729,28
רשת 13,late_evening,<1m,0.6833333333333333,0,1,6.816,6.0,6.3133333333333335,0.9262519561815337,0.11971830985915488,25
רשת 13,late_evening,4-6m,5.033333333333333,0,1,6.844444444444444,5.566666666666666,6.3133333333333335,0.9224025974025974,0.18668831168831168,27
רשת 13,late_evening,<1m,1.0,0,1,8.207692307692307,7.25,6.746666666666666,0.8219931271477663,0.11668228678537951,26
רשת 13,late_evening,1-2m,1.85,0,1,9.805263157894737,8.1,9.173333333333334,0.9355519770978709,0.17391304347826098,19
רשת 13,late_evening,9m+,10.35,1,2,9.789285714285713,6.791666666666667,8.306666666666667,0.8485467590903565,0.30621427702784854,28
רשת 13,late_evening,9m+,10.283333333333331,0,1,9.407407407407408,7.627272727272728,7.966666666666668,0.8468503937007874,0.189226914817466,27
רשת 13,late_evening,1-2m,1.3333333333333333,0,1,7.639999999999999,7.3,8.166666666666666,1.0689354275741711,0.04450261780104703,20
רשת 13,late_evening,4-6m,5.283333333333333,1,2,7.130769230769231,6.042857142857143,7.387619047619046,1.036019931165562,0.15256588072122057,26
רשת 13,late_evening,6-9m,6.683333333333334,0,1,2.806666666666667,2.4999999999999996,2.8333333333333335,1.0095011876484559,0.10926365795724491,30
רשת 13,overnight,1-2m,1.7333333333333334,0,1,2.0863636363636364,2.0,1.8866666666666663,0.9042846768336962,0.04139433551198257,22
רשת 13,overnight,6-9m,6.05,0,1,1.9296296296296296,1.9000000000000001,1.8866666666666665,0.9777351247600767,0.015355086372360716,27
רשת 13,overnight,<1m,0.55,0,1,1.8454545454545455,1.9,1.8866666666666663,1.0223316912972082,-0.029556650246305383,22
רשת 13,overnight,4-6m,5.45,1,2,1.68,1.714285714285714,1.6971428571428573,1.0102040816326532,-0.020408163265305923,30
רשת 13,overnight,4-6m,4.366666666666666,0,1,1.4333333333333333,1.4,1.3999999999999997,0.9767441860465114,0.023255813953488413,30
רשת 13,overnight,3-4m,3.966666666666667,0,1,1.36,1.5,1.366666666666667,1.004901960784314,-0.10294117647058809,30
רשת 13,overnight,4-6m,4.816666666666666,0,1,0.6666666666666664,0.8500000000000001,0.7666666666666667,1.1500000000000006,-0.2750000000000006,30
רשת 13,overnight,4-6m,5.516666666666667,0,1,0.34230769230769237,0.3,0.31333333333333324,0.9153558052434453,0.12359550561797772,26
רשת 13,overnight,4-6m,4.95,0,1,0.3192307692307692,0.3,0.32,1.002409638554217,0.06024096385542166,26
רשת 13,overnight,3-4m,3.5,1,2,0.37241379310344824,0.3,0.352,0.9451851851851852,0.19444444444444442,29
רשת 13,overnight,<1m,0.95,0,1,0.6275862068965519,0.7,0.7533333333333334,1.2003663003663003,-0.11538461538461497,29
רשת 13,morning,1-2m,1.15,0,1,1.1518518518518517,1.3,1.3133333333333337,1.1401929260450165,-0.12861736334405172,27
רשת 13,morning,1-2m,1.6833333333333331,0,1,1.148148148148148,1.1,1.0133333333333334,0.8825806451612905,0.04193548387096746,27
רשת 13,morning,<1m,0.6166666666666667,0,1,1.123076923076923,0.9,1.0133333333333334,0.9022831050228312,0.1986301369863014,26
רשת 13,morning,1-2m,1.35,1,2,1.0416666666666667,0.6000000000000001,0.9033333333333333,0.8672,0.42399999999999993,24
רשת 13,morning,4-6m,5.383333333333334,0,1,0.9678571428571427,0.5833333333333334,0.5599999999999999,0.5785977859778598,0.39729397293972935,28
רשת 13,morning,1-2m,1.7666666666666666,0,1,0.975,0.9,0.9066666666666666,0.9299145299145299,0.07692307692307687,24
רשת 13,morning,4-6m,5.133333333333334,1,2,1.1518518518518517,0.85,0.991111111111111,0.8604501607717042,0.26205787781350476,27
רשת 13,morning,1-2m,1.4166666666666667,0,1,1.7000000000000002,1.6,1.8133333333333332,1.0666666666666664,0.05882352941176472,22
רשת 13,morning,4-6m,5.133333333333334,0,1,1.8333333333333337,1.7428571428571427,1.813333333333333,0.9890909090909087,0.0493506493506497,27
רשת 13,morning,6-9m,7.283333333333333,1,2,1.96,1.9375,2.0116666666666667,1.026360544217687,0.011479591836734637,30
רשת 13,morning,6-9m,6.566666666666666,1,2,1.8499999999999999,1.4857142857142855,1.72952380952381,0.9348777348777352,0.19691119691119696,28
רשת 13,morning,6-9m,6.45,0,1,1.8666666666666663,1.6999999999999997,1.813333333333333,0.9714285714285715,0.08928571428571419,30
רשת 13,morning,1-2m,1.8333333333333333,0,1,2.1999999999999997,2.1666666666666665,2.08,0.9454545454545455,0.015151515151515138,24
רשת 13,morning,4-6m,5.9,1,2,2.2178571428571425,2.0142857142857142,2.142857142857143,0.9661835748792271,0.09178743961352642,28
רשת 13,morning,6-9m,8.783333333333333,1,2,2.066666666666667,1.9299999999999997,2.036666666666666,0.9854838709677416,0.06612903225806477,30
רשת 13,afternoon,2-3m,2.033333333333333,0,1,1.1545454545454545,0.8000000000000002,0.9266666666666669,0.8026246719160107,0.30708661417322825,22
רשת 13,afternoon,6-9m,7.583333333333333,0,1,1.1380952380952378,0.925,0.9266666666666669,0.8142259414225945,0.18723849372384915,21
רשת 13,afternoon,4-6m,4.466666666666667,0,1,1.0052631578947369,1.0999999999999999,1.1466666666666663,1.1406631762652701,-0.09424083769633484,19
רשת 13,afternoon,4-6m,4.483333333333333,0,1,0.6125,0.64,0.78,1.273469387755102,-0.04489795918367334,24
רשת 13,afternoon,6-9m,7.783333333333333,0,1,0.08333333333333333,0.1444444444444445,0.08666666666666668,1.0400000000000003,-0.7333333333333338,24
רשת 13,afternoon,4-6m,5.133333333333334,0,1,0.2857142857142857,0.0,0.08,0.28,1.0,21
רשת 13,afternoon,1-2m,1.8833333333333333,0,1,1.5090909090909093,1.2,1.34,0.8879518072289156,0.20481927710843384,22
רשת 13,afternoon,6-9m,6.533333333333333,0,1,1.5095238095238097,1.275,1.34,0.8876971608832807,0.15536277602523674,21
רשת 13,afternoon,4-6m,5.4,0,1,1.4913043478260872,1.4833333333333334,1.5533333333333335,1.0415937803692905,0.005344995140913689,23
רשת 13,afternoon,4-6m,4.683333333333334,0,1,1.941379310344827,1.8,1.9066666666666665,0.9821195973949085,0.07282415630550587,29
רשת 13,afternoon,<1m,0.5333333333333333,0,1,2.0416666666666665,2.0,1.9066666666666665,0.9338775510204081,0.020408163265306034,24
רשת 13,afternoon,1-2m,1.6166666666666667,0,1,3.411111111111111,4.0,3.5933333333333337,1.0534201954397395,-0.17263843648208477,27
רשת 13,afternoon,1-2m,1.65,0,1,3.485185185185185,3.5,3.5933333333333337,1.0310308182784274,-0.004250797024442088,27
רשת 13,afternoon,<1m,0.8,0,1,3.5279999999999996,3.3,3.5933333333333337,1.0185185185185188,0.06462585034013602,25
רשת 13,early_evening,6-9m,7.233333333333333,0,1,3.23448275862069,2.5777777777777775,2.5399999999999996,0.7852878464818761,0.20303245676380022,29
רשת 13,early_evening,<1m,0.5833333333333334,0,1,3.136363636363637,2.4,2.5399999999999996,0.8098550724637678,0.23478260869565237,22
רשת 13,early_evening,1-2m,1.6666666666666667,0,1,3.4333333333333327,3.2999999999999994,3.2933333333333326,0.9592233009708737,0.03883495145631066,30
רשת 13,early_evening,1-2m,1.4666666666666666,0,1,3.3153846153846156,3.05,3.2266666666666666,0.9732405259087393,0.0800464037122971,26
רשת 13,early_evening,3-4m,3.1166666666666667,0,1,3.357142857142857,3.15,3.2266666666666666,0.9611347517730496,0.0617021276595745,28
רשת 13,early_evening,<1m,0.65,0,1,3.3360000000000003,3.2,3.2266666666666666,0.96722621902478,0.04076738609112718,25
רשת 13,early_evening,6-9m,8.033333333333333,1,2,5.373333333333334,5.2666666666666675,5.622962962962962,1.046457127102288,0.01985111662531014,30
רשת 13,early_evening,1-2m,1.8833333333333333,0,1,5.496666666666667,5.133333333333334,5.506666666666665,1.0018192844147964,0.06610066707095208,30
רשת 13,late_evening,4-6m,5.733333333333333,0,1,6.185185185185184,4.985714285714287,5.233333333333334,0.846107784431138,0.19392643284858824,27
רשת 13,late_evening,<1m,0.9333333333333332,0,1,6.304545454545456,4.300000000000001,5.233333333333334,0.8300889209324682,0.31795241528478735,22
רשת 13,late_evening,6-9m,6.45,0,1,6.64,4.614285714285715,5.533333333333332,0.8333333333333333,0.30507745266781405,30
רשת 13,late_evening,1-2m,1.3833333333333333,1,2,6.66551724137931,5.9,6.583333333333334,0.9876702879806865,0.11484738748059997,29
רשת 13,late_evening,1-2m,1.85,0,1,7.458333333333333,5.800000000000001,7.533333333333334,1.0100558659217878,0.22234636871508362,24
רשת 13,late_evening,9m+,12.783333333333331,1,2,7.150000000000001,5.085714285714286,6.243809523809526,0.8732600732600735,0.2887112887112887,18
רשת 13,late_evening,6-9m,8.533333333333333,1,2,4.7,4.71,4.556000000000001,0.9693617021276597,-0.0021276595744681437,17
רשת 13,late_evening,6-9m,7.0,0,1,3.1444444444444453,2.525,2.6733333333333333,0.8501766784452295,0.1969964664310957,27
רשת 13,late_evening,1-2m,1.6833333333333331,1,2,3.329166666666667,3.9999999999999996,3.444444444444444,1.0346266166040883,-0.201501877346683,24
רשת 13,late_evening,4-6m,6.0,0,1,3.0714285714285716,3.5142857142857147,3.2800000000000002,1.067906976744186,-0.14418604651162803,28
רשת 13,overnight,6-9m,7.666666666666667,1,2,1.641379310344827,1.4625,1.3941666666666666,0.849387254901961,0.10898109243697462,29
רשת 13,overnight,<1m,0.4666666666666667,0,1,1.4954545454545458,1.2,1.3133333333333332,0.8782168186423502,0.19756838905775098,22
רשת 13,overnight,4-6m,4.533333333333333,1,2,1.32,1.4000000000000001,1.3666666666666665,1.0353535353535352,-0.06060606060606055,30
רשת 13,overnight,4-6m,5.166666666666667,1,2,1.1285714285714286,1.0999999999999999,1.143809523809524,1.0135021097046415,0.025316455696202667,28
רשת 13,overnight,1-2m,1.05,0,1,1.0434782608695652,1.1,1.1133333333333333,1.0669444444444445,-0.054166666666666696,23
רשת 13,overnight,3-4m,3.0833333333333335,0,1,0.9000000000000002,0.825,0.9200000000000003,1.0222222222222221,0.08333333333333359,30
רשת 13,overnight,3-4m,3.65,1,2,0.8033333333333335,0.9200000000000002,0.8346666666666669,1.0390041493775934,-0.14522821576763478,30
רשת 13,overnight,2-3m,2.8333333333333335,0,1,0.3551724137931036,0.3,0.29999999999999993,0.8446601941747567,0.1553398058252431,29
רשת 13,overnight,3-4m,3.4833333333333334,0,1,0.3,0.3,0.29999999999999993,0.9999999999999998,0.0,27
רשת 13,overnight,3-4m,3.65,0,1,0.3,0.3,0.29999999999999993,0.9999999999999998,0.0,27
רשת 13,overnight,3-4m,3.6166666666666663,0,1,0.30000000000000004,0.3,0.29999999999999993,0.9999999999999997,2.220446049250313e-16,30
רשת 13,overnight,1-2m,1.8833333333333333,0,1,0.29333333333333333,0.0,0.10666666666666667,0.36363636363636365,1.0,30
רשת 13,morning,3-4m,3.15,1,2,0.5310344827586205,0.4,0.5226666666666666,0.9842424242424245,0.2467532467532465,29
רשת 13,morning,<1m,0.6166666666666667,0,1,0.5538461538461538,0.4,0.5399999999999999,0.975,0.2777777777777777,26
רשת 13,morning,1-2m,1.5333333333333334,0,1,2.026086956521739,2.1,2.193333333333333,1.0825464949928467,-0.03648068669527915,23
רשת 13,morning,<1m,0.9166666666666666,1,2,2.0,1.95,1.9533333333333331,0.9766666666666666,0.025000000000000022,23
רשת 13,morning,4-6m,4.716666666666667,0,1,1.8884615384615384,1.6800000000000002,1.7133333333333334,0.9072640868974882,0.11038696537678194,26
רשת 13,morning,6-9m,7.183333333333334,0,1,1.4892857142857145,1.3625000000000003,1.4733333333333332,0.989288569144684,0.0851318944844125,28
רשת 13,morning,1-2m,1.3666666666666667,0,1,1.69,1.7000000000000002,1.78,1.0532544378698225,-0.00591715976331364,20
רשת 13,morning,<1m,0.75,0,1,1.61,1.4,1.4533333333333334,0.9026915113871635,0.1304347826086958,20
רשת 13,morning,4-6m,5.366666666666666,0,1,1.5,1.4428571428571428,1.4533333333333334,0.9688888888888889,0.03809523809523807,25
רשת 13,morning,6-9m,8.283333333333333,1,2,1.285714285714286,1.2111111111111112,1.2362962962962962,0.9615637860082301,0.058024691358024794,28
רשת 13,morning,1-2m,1.8,0,1,1.5608695652173916,1.5666666666666667,1.4399999999999997,0.9225626740947072,-0.003714020427112219,23
רשת 13,morning,4-6m,5.283333333333333,1,2,1.5608695652173916,1.4333333333333333,1.5155555555555555,0.9709687403280716,0.08170844939647182,23
רשת 13,morning,6-9m,8.066666666666666,0,1,1.5518518518518516,1.422222222222222,1.486666666666667,0.9579952267303107,0.08353221957040569,27
רשת 13,morning,1-2m,1.8,0,1,1.5695652173913044,1.6666666666666667,1.593333333333333,1.0151431209602952,-0.06186518928901208,23
רשת 13,morning,6-9m,7.05,0,1,1.7321428571428577,1.5375,1.5933333333333333,0.9198625429553261,0.11237113402061871,28
רשת 13,morning,1-2m,1.7833333333333334,0,1,1.5545454545454547,1.6,1.5266666666666668,0.982066276803119,-0.029239766081871288,22
רשת 13,morning,6-9m,7.133333333333334,0,1,1.4357142857142862,1.5625,1.5266666666666668,1.0633499170812601,-0.08830845771144236,28
רשת 13,afternoon,9m+,10.533333333333331,1,2,1.5399999999999996,1.481818181818182,1.5242424242424242,0.9897678079496264,0.03778040141676475,30
רשת 13,afternoon,3-4m,3.433333333333333,0,1,1.7321428571428572,1.8,1.8133333333333335,1.046872852233677,-0.039175257731958846,28
רשת 13,afternoon,6-9m,6.566666666666666,0,1,1.2653846153846153,1.214285714285714,1.1066666666666665,0.8745694022289766,0.04038211029092509,26
רשת 13,afternoon,4-6m,5.216666666666667,0,1,0.8857142857142858,0.7833333333333332,0.7466666666666667,0.843010752688172,0.1155913978494626,28
רשת 13,afternoon,6-9m,8.516666666666667,1,2,1.1066666666666665,1.0333333333333332,1.02,0.9216867469879519,0.06626506024096379,30
רשת 13,afternoon,4-6m,5.516666666666667,0,1,1.4400000000000002,1.0714285714285714,1.3,0.9027777777777777,0.25595238095238104,30
רשת 13,afternoon,4-6m,4.416666666666667,0,1,2.217241379310344,2.3200000000000003,2.0199999999999996,0.9110419906687404,-0.04634525660964273,29
רשת 13,afternoon,<1m,0.5333333333333333,0,1,2.364,2.2,2.0199999999999996,0.8544839255499153,0.06937394247038908,25
רשת 13,afternoon,2-3m,2.05,0,1,2.2999999999999994,2.1,2.166666666666667,0.9420289855072468,0.08695652173913015,23
רשת 13,afternoon,4-6m,5.533333333333333,1,2,2.3629629629629627,2.1285714285714286,2.1961904761904765,0.9294223018360952,0.09919390953873708,27
רשת 13,afternoon,<1m,0.8,0,1,2.3818181818181814,2.1,2.3733333333333335,0.9964376590330791,0.11832061068702271,22
רשת 13,early_evening,6-9m,7.616666666666666,1,2,2.951724137931034,2.5374999999999996,2.791666666666667,0.9457749221183802,0.14033294392523366,29
רשת 13,early_evening,<1m,0.75,0,1,3.036363636363637,2.6,2.8000000000000003,0.9221556886227543,0.14371257485029953,22
רשת 13,early_evening,1-2m,1.6666666666666667,0,1,4.3933333333333335,4.0,4.553333333333334,1.0364188163884673,0.08952959028831564,30
רשת 13,early_evening,2-3m,2.033333333333333,0,1,3.704347826086956,3.1,3.226666666666667,0.8710485133020347,0.16314553990610314,23
רשת 13,early_evening,4-6m,5.5,0,1,3.7518518518518515,2.885714285714286,3.226666666666667,0.860019743336624,0.23085601466647843,27
רשת 13,early_evening,1-2m,1.0166666666666666,0,1,3.777272727272727,3.0,3.226666666666667,0.8542318491776977,0.20577617328519848,22
רשת 13,early_evening,6-9m,8.85,0,1,4.86,4.2299999999999995,4.479999999999999,0.9218106995884771,0.12962962962962976,30
רשת 13,early_evening,2-3m,2.216666666666667,0,1,6.263333333333334,5.633333333333333,6.146666666666666,0.9813730707823308,0.10058541777541252,30
רשת 13,late_evening,1-2m,1.1666666666666667,0,1,5.983333333333334,5.35,5.3933333333333335,0.901392757660167,0.10584958217270213,24
רשת 13,late_evening,4-6m,4.6,0,1,5.996428571428572,4.533333333333334,5.3933333333333335,0.8994242604725035,0.24399444113559654,28
רשת 13,late_evening,4-6m,5.85,1,2,6.343333333333334,4.885714285714286,5.744761904761904,0.9056377148862697,0.22978755348697544,30
רשת 13,late_evening,<1m,0.75,0,1,10.057142857142855,8.1,10.173333333333334,1.0115530303030305,0.1946022727272726,28
רשת 13,late_evening,9m+,10.2,1,2,13.583333333333336,7.99090909090909,11.316363636363635,0.8331065253764638,0.4117122141662021,30
רשת 13,late_evening,9m+,10.066666666666666,1,2,14.283333333333333,9.381818181818183,12.284242424242422,0.8600403097485942,0.3431632544818075,30
רשת 13,late_evening,6-9m,7.233333333333333,0,1,10.837931034482757,7.488888888888888,9.753333333333334,0.89992576095026,0.30901120656131786,29
רשת 13,late_evening,4-6m,5.266666666666667,0,1,5.299999999999999,5.516666666666667,6.033333333333332,1.1383647798742138,-0.04088050314465419,30
רשת 13,overnight,4-6m,4.216666666666667,1,2,2.6040000000000005,2.0,2.396,0.9201228878648231,0.2319508448540708,25
רשת 13,overnight,<1m,0.65,0,1,2.3850000000000007,2.0,2.06,0.8637316561844861,0.1614255765199164,20
רשת 13,overnight,4-6m,4.216666666666667,1,2,1.756,1.78,1.6760000000000002,0.9544419134396356,-0.013667425968109326,25
רשת 13,overnight,4-6m,4.366666666666666,0,1,1.3166666666666669,1.42,1.326666666666667,1.007594936708861,-0.0784810126582276,30
רשת 13,overnight,<1m,0.7833333333333333,0,1,0.8399999999999999,0.9,0.9000000000000001,1.0714285714285718,-0.07142857142857162,30
רשת 13,overnight,1-2m,1.6833333333333331,0,1,0.5533333333333333,0.5,0.52,0.9397590361445783,0.09638554216867468,30
רשת 13,overnight,1-2m,1.4333333333333331,0,1,0.39642857142857135,0.5333333333333333,0.4133333333333333,1.0426426426426427,-0.34534534534534567,28
רשת 13,overnight,<1m,0.6833333333333333,0,1,0.5518518518518518,0.4,0.4733333333333333,0.857718120805369,0.27516778523489926,27
רשת 13,morning,4-6m,5.116666666666666,0,1,1.0034482758620689,0.7499999999999999,0.9533333333333333,0.950057273768614,0.25257731958762886,29
רשת 13,morning,<1m,0.5833333333333334,0,1,1.096,0.8,0.9533333333333333,0.8698296836982967,0.27007299270072993,25
רשת 13,morning,6-9m,6.833333333333333,0,1,1.9555555555555557,1.7750000000000001,1.7333333333333332,0.8863636363636362,0.09232954545454541,27
רשת 13,morning,6-9m,7.366666666666666,0,1,1.611111111111111,1.225,1.3133333333333332,0.8151724137931035,0.23965517241379297,27
רשת 13,morning,6-9m,7.233333333333333,0,1,1.5074074074074075,1.6375,1.5933333333333337,1.0570024570024572,-0.08630221130221116,27
רשת 13,morning,6-9m,7.916666666666667,1,2,1.7620689655172415,1.8375,1.7849999999999997,1.0130136986301368,-0.042808219178082085,29
רשת 13,morning,6-9m,7.35,0,1,1.5500000000000003,1.2999999999999998,1.3466666666666665,0.868817204301075,0.16129032258064546,28
רשת 13,morning,6-9m,7.233333333333333,0,1,1.1413793103448273,0.975,1.0133333333333334,0.8878147029204434,0.14577039274924453,29
רשת 13,morning,6-9m,7.183333333333334,1,2,0.8333333333333331,0.46249999999999997,0.6916666666666669,0.8300000000000004,0.44499999999999995,30
רשת 13,morning,6-9m,8.716666666666667,1,2,1.14,1.52,1.3199999999999998,1.1578947368421053,-0.3333333333333335,30
רשת 13,afternoon,1-2m,1.35,0,1,0.5285714285714285,0.5,0.5533333333333333,1.046846846846847,0.054054054054053835,21
רשת 13,afternoon,6-9m,6.35,1,2,0.4749999999999999,0.4285714285714285,0.43047619047619046,0.9062656641604011,0.09774436090225569,24
רשת 13,afternoon,3-4m,3.0166666666666666,0,1,0.4095238095238095,0.22499999999999998,0.2666666666666667,0.6511627906976746,0.45058139534883723,21
רשת 13,afternoon,1-2m,1.4666666666666666,0,1,1.1541666666666666,0.9500000000000001,1.12,0.9703971119133575,0.17689530685920563,24
רשת 13,afternoon,4-6m,4.383333333333334,1,2,1.143478260869565,0.82,1.0853333333333335,0.9491508238276302,0.28288973384030414,23
רשת 13,afternoon,4-6m,4.583333333333333,1,2,0.8833333333333334,0.9399999999999998,0.9773333333333335,1.1064150943396227,-0.06415094339622618,24
רשת 13,afternoon,9m+,9.333333333333334,1,2,0.9458333333333333,0.7545454545454546,0.8406060606060607,0.888746495794954,0.20224269122947525,24
רשת 13,afternoon,4-6m,5.733333333333333,0,1,1.2416666666666665,1.0571428571428572,1.2866666666666668,1.0362416107382553,0.1486097794822625,24
רשת 13,afternoon,4-6m,4.65,1,2,1.548275862068966,1.6166666666666665,1.4688888888888891,0.9487255629794603,-0.044172234595396764,29
רשת 13,afternoon,<1m,0.7333333333333333,0,1,1.6520000000000001,1.7,1.9000000000000001,1.1501210653753027,-0.029055690072639084,25
רשת 13,afternoon,6-9m,7.95,1,2,2.7357142857142853,3.344444444444444,3.2807407407407405,1.1992263804274248,-0.222512329561938,28
רשת 13,afternoon,<1m,0.8666666666666667,0,1,2.5666666666666664,2.75,2.42,0.942857142857143,-0.07142857142857162,21
רשת 13,early_evening,3-4m,3.566666666666667,1,2,2.1259259259259258,1.9,2.0480000000000005,0.963344947735192,0.10627177700348434,27
רשת 13,early_evening,1-2m,1.7666666666666666,0,1,2.1199999999999997,1.6666666666666667,2.0400000000000005,0.9622641509433966,0.21383647798742123,25
רשת 13,early_evening,<1m,0.8833333333333333,0,1,2.1458333333333335,1.8,2.0400000000000005,0.9506796116504856,0.1611650485436894,24
רשת 13,early_evening,1-2m,1.6666666666666667,0,1,3.7033333333333323,3.2,3.6933333333333334,0.9972997299729977,0.1359135913591356,30
רשת 13,early_evening,6-9m,6.6,0,1,5.337931034482758,4.6625,5.006666666666666,0.9379414298018949,0.12653423772609818,29
רשת 13,early_evening,<1m,0.8833333333333333,1,2,5.336363636363636,4.199999999999999,5.109999999999999,0.9575809199318569,0.21294718909710397,22
רשת 13,early_evening,4-6m,5.65,0,1,6.358620689655172,6.033333333333334,6.7733333333333325,1.0652205350686912,0.05115690527838024,29
רשת 13,early_evening,2-3m,2.216666666666667,0,1,7.207142857142856,6.7,7.133333333333332,0.9897588371324743,0.07036669970267584,28
רשת 13,late_evening,4-6m,5.433333333333334,1,2,6.489999999999999,5.583333333333333,6.537777777777777,1.007361753124465,0.1397021058038007,30
רשת 13,late_evening,6-9m,6.75,0,1,5.803333333333332,4.9624999999999995,5.3,0.9132682366456062,0.14488799540493957,30
רשת 13,late_evening,9m+,10.95,1,2,9.796666666666663,5.616666666666667,8.142777777777775,0.8311784053532948,0.426675740047635,30
רשת 13,late_evening,9m+,10.35,1,2,10.006896551724138,6.433333333333334,8.846666666666666,0.8840569722030782,0.35711003905352623,29
רשת 13,late_evening,6-9m,6.083333333333333,0,1,8.377777777777778,6.6571428571428575,7.1,0.8474801061007957,0.20538082607048125,27
רשת 13,late_evening,6-9m,6.716666666666667,0,1,3.492,3.257142857142857,3.3999999999999995,0.9736540664375715,0.0672557682866961,25
רשת 13,overnight,1-2m,1.5,0,1,2.9315789473684206,2.766666666666667,3.113333333333333,1.061998803111909,0.05625374027528396,19
רשת 13,overnight,3-4m,3.7333333333333334,1,2,2.9315789473684206,2.5,2.921333333333333,0.9965050867743867,0.1472172351885097,19
רשת 13,overnight,<1m,0.55,0,1,2.894444444444444,2.1,2.1533333333333333,0.743953934740883,0.27447216890594994,18
רשת 13,overnight,4-6m,4.466666666666667,1,2,1.7750000000000001,1.55,1.906666666666667,1.0741784037558686,0.12676056338028174,24
רשת 13,overnight,1-2m,1.4,0,1,1.3559999999999999,1.4,1.3800000000000001,1.017699115044248,-0.03244837758112107,25
רשת 13,overnight,3-4m,3.95,0,1,1.4357142857142857,1.26,1.3800000000000001,0.9611940298507463,0.12238805970149258,28
רשת 13,overnight,2-3m,2.45,0,1,1.8533333333333337,1.9000000000000001,1.8866666666666667,1.0179856115107913,-0.025179856115107757,30
רשת 13,overnight,2-3m,2.716666666666667,1,2,1.5966666666666667,1.4499999999999997,1.5833333333333333,0.9916492693110647,0.09185803757828825,30
רשת 13,overnight,1-2m,1.7333333333333334,0,1,1.1533333333333335,1.1,1.1066666666666665,0.9595375722543349,0.046242774566474076,30
רשת 13,overnight,3-4m,3.6,1,2,0.9586206896551722,0.9,0.9173333333333333,0.9569304556354918,0.06115107913669049,29
רשת 13,overnight,2-3m,2.1166666666666667,0,1,0.7724137931034483,0.6999999999999998,0.7133333333333333,0.9235119047619047,0.09375000000000022,29
רשת 13,overnight,1-2m,1.9333333333333331,0,1,0.4103448275862067,0.3,0.3066666666666666,0.7473389355742298,0.2689075630252098,29
רשת 13,morning,3-4m,3.55,1,2,1.086666666666667,1.12,1.1973333333333334,1.1018404907975459,-0.030674846625766694,30
רשת 13,morning,6-9m,7.566666666666666,1,2,1.6133333333333328,1.5666666666666669,1.5637037037037038,0.9692378328741968,0.028925619834710314,30
רשת 13,morning,6-9m,6.616666666666666,1,2,1.7999999999999998,1.7,1.737142857142857,0.9650793650793652,0.05555555555555547,30
רשת 13,morning,1-2m,1.2666666666666666,0,1,2.2760000000000002,2.1,2.253333333333333,0.9900410076156998,0.077328646748682,25
רשת 13,morning,4-6m,4.883333333333334,0,1,2.3035714285714284,2.1166666666666667,2.2533333333333334,0.9781912144702843,0.08113695090439266,28
רשת 13,morning,6-9m,6.916666666666667,0,1,2.548,2.3249999999999997,2.3933333333333335,0.9392987964416536,0.08751962323390905,25
רשת 13,morning,6-9m,6.583333333333333,1,2,2.5185185185185186,2.325,2.5108333333333333,0.9969485294117646,0.0768382352941176,27
רשת 13,morning,1-2m,1.8666666666666667,0,1,3.28695652173913,3.2000000000000006,3.2533333333333334,0.9897707231040566,0.026455026455026176,23
רשת 13,morning,6-9m,6.983333333333333,0,1,3.1714285714285717,3.2875,3.2533333333333334,1.0258258258258257,-0.036599099099098975,28
רשת 13,morning,6-9m,8.816666666666666,0,1,2.516666666666667,2.2800000000000002,2.3400000000000007,0.9298013245033114,0.09403973509933783,30
רשת 13,afternoon,9m+,9.4,1,2,2.292307692307692,2.25,2.163333333333333,0.9437360178970917,0.01845637583892612,26
רשת 13,afternoon,3-4m,3.2666666666666666,0,1,2.1374999999999997,2.375,2.2466666666666666,1.0510721247563353,-0.11111111111111116,24
רשת 13,afternoon,2-3m,2.25,0,1,1.9392857142857136,1.7,1.7933333333333337,0.9247391037446291,0.12338858195211755,28
רשת 13,afternoon,1-2m,1.6166666666666667,0,1,1.676923076923077,1.6,1.6533333333333333,0.9859327217125382,0.04587155963302747,26
רשת 13,afternoon,3-4m,3.6333333333333337,0,1,1.6285714285714283,1.525,1.6533333333333333,1.0152046783625732,0.0635964912280701,28
רשת 13,afternoon,6-9m,6.733333333333333,1,2,1.9482758620689655,1.9249999999999998,1.9333333333333331,0.9923303834808258,0.011946902654867309,29
רשת 13,afternoon,4-6m,5.216666666666667,0,1,1.953571428571428,1.6666666666666667,1.7933333333333332,0.9179768433881781,0.14686166971358905,28
רשת 13,afternoon,<1m,0.55,0,1,2.0304347826086953,1.8,1.7933333333333334,0.8832262669521772,0.11349036402569579,23
רשת 13,afternoon,6-9m,6.55,0,1,2.1259259259259258,1.7285714285714289,2.026666666666667,0.9533101045296168,0.1869089099054254,27
רשת 13,afternoon,4-6m,4.583333333333333,1,2,1.9185185185185187,1.7399999999999998,1.8479999999999996,0.963243243243243,0.09305019305019324,27
רשת 13,early_evening,6-9m,6.5,0,1,3.5758620689655176,3.475,3.4733333333333336,0.9713275474124076,0.02820636451301839,29
רשת 13,early_evening,4-6m,5.233333333333333,0,1,2.655555555555555,2.5,2.7199999999999993,1.0242677824267783,0.058577405857740406,27
רשת 13,early_evening,<1m,0.7833333333333333,0,1,2.5347826086956524,2.5,2.7199999999999998,1.0730703259005143,0.013722126929674228,23
רשת 13,early_evening,1-2m,1.4666666666666666,1,2,2.3,1.3,2.1799999999999997,0.9478260869565217,0.4347826086956521,25
רשת 13,early_evening,3-4m,3.8333333333333335,0,1,2.262962962962963,1.3,1.7533333333333334,0.7747954173486088,0.4255319148936171,27
רשת 13,late_evening,4-6m,4.316666666666666,1,2,3.6749999999999994,2.94,3.4466666666666668,0.9378684807256238,0.19999999999999984,24
רשת 13,late_evening,1-2m,1.4333333333333331,0,1,3.7347826086956517,2.8333333333333335,3.266666666666667,0.8746604578967794,0.24136592937524237,23
רשת 13,late_evening,4-6m,5.266666666666667,0,1,3.9642857142857144,3.216666666666667,3.646666666666668,0.9198798798798802,0.18858858858858862,28
רשת 13,late_evening,6-9m,8.416666666666666,1,2,4.957692307692307,4.15,4.620666666666668,0.9320196534781487,0.1629169899146623,26
רשת 13,late_evening,4-6m,5.516666666666667,0,1,4.234615384615385,3.8571428571428568,4.199999999999999,0.9918256130790188,0.08913974309069683,26
רשת 13,late_evening,1-2m,1.5666666666666669,0,1,3.76,3.9499999999999997,3.479999999999999,0.9255319148936169,-0.05053191489361697,25
רשת 13,late_evening,4-6m,4.466666666666667,0,1,3.764285714285714,3.14,3.479999999999999,0.9244781783681213,0.16584440227703967,28
רשת 13,late_evening,4-6m,5.65,0,1,1.8,1.2166666666666668,1.4066666666666665,0.7814814814814813,0.32407407407407407,30
רשת 13,overnight,1-2m,1.65,0,1,0.9181818181818179,1.0,0.9933333333333335,1.0818481848184824,-0.08910891089108941,22
רשת 13,overnight,6-9m,6.45,0,1,0.8839999999999999,0.9874999999999999,0.9933333333333334,1.1236802413273004,-0.11708144796380093,25
רשת 13,overnight,4-6m,4.8,1,2,0.8,0.7833333333333333,0.7633333333333332,0.9541666666666665,0.02083333333333337,27
רשת 13,overnight,4-6m,4.35,1,2,0.7466666666666668,0.6666666666666666,0.7277777777777779,0.9747023809523808,0.10714285714285732,30
רשת 13,overnight,3-4m,3.6666666666666665,0,1,0.8833333333333331,0.8,0.8333333333333336,0.9433962264150949,0.09433962264150908,30
רשת 13,overnight,4-6m,4.116666666666666,0,1,0.8000000000000003,0.8,0.8000000000000004,1.0000000000000002,2.220446049250313e-16,30
רשת 13,overnight,3-4m,3.283333333333333,0,1,0.6600000000000003,0.6,0.5999999999999999,0.9090909090909085,0.09090909090909127,30
רשת 13,overnight,3-4m,3.1166666666666667,1,2,0.22,0.3,0.23999999999999994,1.0909090909090906,-0.36363636363636354,30
רשת 13,morning,1-2m,1.1333333333333333,0,1,0.43333333333333346,0.3,0.5266666666666666,1.2153846153846148,0.30769230769230793,30
רשת 13,morning,1-2m,1.4666666666666666,0,1,0.13333333333333336,0.10000000000000002,0.14,1.0499999999999998,0.25,30
רשת 13,morning,1-2m,1.4666666666666666,0,1,0.18,0.10000000000000002,0.11333333333333336,0.6296296296296298,0.4444444444444443,30
רשת 13,morning,2-3m,2.2,1,2,0.40333333333333327,0.45,0.39333333333333326,0.9752066115702479,-0.11570247933884326,30
רשת 13,morning,1-2m,1.5833333333333333,1,2,0.7370370370370373,0.8666666666666667,0.7377777777777778,1.0010050251256277,-0.17587939698492439,27
רשת 13,morning,2-3m,3.0,0,1,0.7607142857142859,0.9000000000000001,0.92,1.2093896713615022,-0.18309859154929575,28
רשת 13,morning,3-4m,3.816666666666667,1,2,0.8000000000000003,0.66,0.744,0.9299999999999997,0.17500000000000027,30
רשת 13,morning,4-6m,4.083333333333333,0,1,0.8066666666666669,0.72,0.7533333333333333,0.9338842975206609,0.10743801652892582,30
רשת 13,morning,4-6m,4.783333333333333,1,2,0.8033333333333332,0.5666666666666667,0.7733333333333333,0.9626556016597512,0.29460580912863066,30
רשת 13,morning,6-9m,6.066666666666666,1,2,1.313793103448276,0.9571428571428573,1.163809523809524,0.8858392700912388,0.2714660667416572,29
רשת 13,morning,<1m,0.6,0,1,1.2739130434782608,1.1,1.0933333333333335,0.8582480091012515,0.13651877133105794,23
רשת 13,morning,6-9m,7.616666666666666,0,1,0.9500000000000001,1.0375,1.0799999999999998,1.1368421052631577,-0.09210526315789469,28
רשת 13,morning,<1m,0.7166666666666667,0,1,0.8727272727272729,1.0,1.0799999999999998,1.2374999999999996,-0.14583333333333304,22
רשת 13,afternoon,<1m,0.7333333333333333,0,1,0.6600000000000003,0.6,0.5466666666666666,0.828282828282828,0.09090909090909127,30
רשת 13,afternoon,6-9m,7.3,0,1,0.293103448275862,0.4,0.47333333333333333,1.6149019607843142,-0.36470588235294166,29
רשת 13,afternoon,<1m,0.8166666666666667,0,1,0.2909090909090908,0.6,0.47333333333333333,1.627083333333334,-1.0625000000000009,22
רשת 13,afternoon,4-6m,4.9,1,2,0.6965517241379311,0.5333333333333333,0.5744444444444445,0.8246974697469748,0.23432343234323438,29
רשת 13,afternoon,<1m,0.4333333333333333,0,1,0.7791666666666667,0.5,0.9133333333333333,1.172192513368984,0.3582887700534759,24
רשת 13,afternoon,1-2m,1.4666666666666666,0,1,1.0733333333333335,1.1,1.12,1.0434782608695652,-0.024844720496894457,30
רשת 13,afternoon,4-6m,5.916666666666667,0,1,1.025,0.6142857142857142,0.88,0.8585365853658538,0.4006968641114983,28
רשת 13,afternoon,<1m,0.4333333333333333,0,1,0.9478260869565216,0.8500000000000001,0.88,0.9284403669724772,0.1032110091743117,23
רשת 13,afternoon,6-9m,6.65,1,2,1.8107142857142855,0.9857142857142858,1.4361904761904765,0.7931623931623935,0.4556213017751478,28
רשת 13,afternoon,<1m,0.7166666666666667,0,1,1.7909090909090912,1.0,1.3866666666666667,0.7742808798646361,0.4416243654822336,22
רשת 13,afternoon,2-3m,2.3333333333333335,0,1,2.239130434782609,1.7,2.1333333333333333,0.9527508090614886,0.24077669902912624,23
רשת 13,afternoon,4-6m,5.133333333333334,1,2,2.204166666666667,1.7166666666666668,2.06,0.9345935727788278,0.22117202268431013,24
רשת 13,afternoon,<1m,0.55,0,1,2.183333333333333,1.7,1.9866666666666666,0.9099236641221374,0.22137404580152664,18
רשת 13,afternoon,2-3m,2.5166666666666666,0,1,1.8888888888888888,1.775,1.7666666666666666,0.9352941176470588,0.06029411764705883,27
רשת 13,early_evening,1-2m,1.45,0,1,3.3346153846153843,2.8,3.3200000000000003,0.995617070357555,0.1603229527104959,26
רשת 13,early_evening,2-3m,2.8,1,2,3.3296296296296295,2.75,3.155,0.9475528364849833,0.17408231368186866,27
רשת 13,early_evening,<1m,0.9833333333333332,0,1,3.2793103448275853,3.7,3.579999999999999,1.0916929547844374,-0.12828601472134626,29
רשת 13,early_evening,4-6m,4.933333333333334,0,1,3.3214285714285707,2.6333333333333333,3.1,0.9333333333333336,0.2071684587813618,28
רשת 13,early_evening,<1m,0.8,0,1,3.1217391304347823,2.1,3.1,0.9930362116991645,0.3272980501392757,23
רשת 13,early_evening,6-9m,6.683333333333334,1,2,3.017241379310345,2.6125000000000003,2.8391666666666664,0.9409809523809521,0.13414285714285712,29
רשת 13,early_evening,1-2m,1.85,0,1,3.6533333333333333,3.3499999999999996,3.9066666666666667,1.0693430656934306,0.0830291970802921,30
רשת 13,late_evening,6-9m,7.233333333333333,0,1,6.486666666666667,5.3,5.96,0.9188078108941418,0.18293936279547796,30
רשת 13,late_evening,6-9m,7.55,1,2,6.727586206896552,5.533333333333334,6.188148148148148,0.9198169979307856,0.17751580386126764,29
רשת 13,late_evening,9m+,11.016666666666667,1,2,11.523333333333333,6.833333333333335,9.593333333333334,0.8325137402371999,0.40700028926815146,30
רשת 13,late_evening,9m+,11.816666666666666,1,2,10.589285714285714,6.423076923076924,9.276410256410255,0.8760185065075452,0.3934362433519262,28
רשת 13,late_evening,4-6m,4.833333333333333,1,2,5.403571428571429,5.166666666666667,5.2733333333333325,0.9758977748402728,0.04384225600352509,28
רשת 13,late_evening,9m+,9.466666666666669,1,2,3.3866666666666663,3.0545454545454547,3.1521212121212128,0.930744452397996,0.09806728704366485,30
רשת 13,overnight,4-6m,5.933333333333334,0,1,2.0444444444444443,2.0571428571428574,2.18,1.0663043478260872,-0.006211180124223725,27
רשת 13,overnight,<1m,0.6333333333333333,0,1,1.8499999999999996,2.2,2.18,1.1783783783783788,-0.18918918918918948,20
רשת 13,overnight,2-3m,2.7666666666666666,1,2,1.4111111111111112,1.4,1.46,1.0346456692913384,0.007874015748031593,27
רשת 13,overnight,2-3m,2.8333333333333335,1,2,1.2266666666666666,1.366666666666667,1.1911111111111112,0.9710144927536234,-0.11413043478260909,30
רשת 13,overnight,3-4m,3.3,0,1,0.7033333333333336,0.82,0.7599999999999999,1.0805687203791463,-0.16587677725118444,30
רשת 13,overnight,1-2m,1.7666666666666666,0,1,0.3033333333333332,0.3,0.29999999999999993,0.9890109890109893,0.010989010989010506,30
רשת 13,overnight,2-3m,2.533333333333333,0,1,0.34666666666666673,0.4,0.3733333333333334,1.0769230769230769,-0.15384615384615374,30
רשת 13,morning,2-3m,2.05,1,2,1.0724137931034485,1.0,1.042222222222222,0.9718470882458016,0.06752411575562722,29
רשת 13,morning,<1m,0.7166666666666667,0,1,1.1071428571428572,1.0,1.0266666666666666,0.9273118279569892,0.09677419354838712,28
רשת 13,morning,1-2m,1.6166666666666667,0,1,1.418181818181818,1.55,1.4800000000000004,1.043589743589744,-0.09294871794871806,22
רשת 13,morning,6-9m,6.583333333333333,1,2,1.4880000000000002,1.0625,1.31,0.8803763440860214,0.28595430107526887,25
רשת 13,morning,1-2m,1.4666666666666666,0,1,1.38,1.5666666666666667,1.5,1.0869565217391306,-0.13526570048309194,20
רשת 13,morning,4-6m,5.966666666666667,0,1,1.4230769230769234,1.5285714285714285,1.5,1.054054054054054,-0.07413127413127385,26
רשת 13,morning,<1m,0.8166666666666667,0,1,1.4863636363636366,1.4,1.5,1.0091743119266054,0.05810397553516833,22
רשת 13,morning,<1m,0.2,0,1,1.5043478260869565,1.6,1.4866666666666668,0.9882466281310213,-0.06358381502890187,23
רשת 13,morning,<1m,0.2,0,1,1.5043478260869565,1.5,1.4866666666666668,0.9882466281310213,0.0028901734104046506,23
רשת 13,morning,<1m,0.9166666666666666,0,1,1.282608695652174,1.2999999999999998,1.0866666666666664,0.8472316384180788,-0.013559322033898091,23
רשת 13,morning,3-4m,4.0,0,1,1.172,0.9,1.0866666666666664,0.9271899886234356,0.23208191126279853,25
רשת 13,morning,4-6m,5.983333333333333,0,1,1.2310344827586208,0.7999999999999999,0.8066666666666668,0.6552754435107376,0.35014005602240905,29
רשת 13,morning,<1m,0.2,0,1,1.3863636363636365,1.2000000000000002,1.2,0.8655737704918032,0.1344262295081966,22
רשת 13,morning,<1m,0.2,0,1,1.3619047619047617,1.1,1.2,0.8811188811188811,0.19230769230769218,21
רשת 13,morning,6-9m,7.883333333333334,0,1,1.0999999999999999,1.0125,1.0066666666666666,0.9151515151515152,0.07954545454545447,28
רשת 13,morning,6-9m,7.7,1,2,0.8392857142857143,0.7333333333333334,0.7296296296296295,0.869345941686367,0.126241134751773,28
רשת 13,morning,<1m,0.2,0,1,0.76,0.9,0.8066666666666668,1.06140350877193,-0.18421052631578938,20
רשת 13,morning,<1m,0.2,0,1,0.7599999999999999,0.9,0.8066666666666668,1.06140350877193,-0.1842105263157896,20
רשת 13,morning,6-9m,8.45,1,2,0.5551724137931034,0.3444444444444444,0.44814814814814824,0.8072233724407639,0.3795721187025536,29
רשת 13,morning,<1m,0.2,0,1,0.6928571428571427,0.8,0.7333333333333335,1.0584192439862548,-0.1546391752577323,28
רשת 13,morning,<1m,0.2,0,1,0.6999999999999997,0.8,0.7333333333333335,1.0476190476190483,-0.14285714285714346,29
רשת 13,morning,1-2m,1.5333333333333334,0,1,1.1130434782608691,1.2,1.2266666666666668,1.102083333333334,-0.07812500000000044,23
רשת 13,morning,6-9m,6.733333333333333,0,1,1.193103448275862,1.25,1.2266666666666668,1.028131021194605,-0.04768786127167646,29
רשת 13,afternoon,<1m,0.2,0,1,1.4862068965517239,1.6,1.5266666666666668,1.0272235112142307,-0.07656612529002338,29
רשת 13,afternoon,<1m,0.2,0,1,1.4866666666666666,1.6,1.5266666666666668,1.0269058295964126,-0.07623318385650246,30
רשת 13,afternoon,6-9m,8.133333333333333,1,2,1.3925925925925928,1.4,1.3946666666666665,1.0014893617021274,-0.005319148936169915,27
רשת 13,afternoon,1-2m,1.5333333333333334,0,1,1.2708333333333333,1.2,1.2066666666666666,0.9495081967213115,0.05573770491803276,24
רשת 13,afternoon,<1m,0.2,0,1,1.167857142857143,1.4,1.2266666666666666,1.0503567787971457,-0.1987767584097857,28
רשת 13,afternoon,<1m,0.2,0,1,1.1551724137931034,1.4,1.2266666666666666,1.0618905472636815,-0.21194029850746254,29
רשת 13,afternoon,1-2m,1.7666666666666666,0,1,1.1541666666666666,0.8000000000000002,0.8133333333333331,0.7046931407942237,0.3068592057761731,24
רשת 13,afternoon,6-9m,6.433333333333334,1,2,1.2035714285714285,0.7142857142857143,0.9561904761904759,0.7944609297725023,0.40652818991097917,28
רשת 13,afternoon,<1m,0.2,0,1,1.363333333333333,0.9,1.3133333333333335,0.9633251833740835,0.3398533007334962,30
רשת 13,afternoon,<1m,0.2,0,1,1.363333333333333,0.9,1.3133333333333335,0.9633251833740835,0.3398533007334962,30
רשת 13,afternoon,2-3m,2.4833333333333334,0,1,1.8869565217391306,1.3,1.3999999999999997,0.7419354838709675,0.3110599078341014,23
רשת 13,afternoon,6-9m,6.083333333333333,1,2,1.9416666666666667,0.9857142857142857,1.5599999999999998,0.8034334763948497,0.49233599019006746,24
רשת 13,afternoon,6-9m,6.683333333333334,1,2,2.2222222222222223,1.7714285714285716,2.262857142857143,1.0182857142857142,0.20285714285714285,27
רשת 13,afternoon,4-6m,5.016666666666667,0,1,2.771428571428571,2.5500000000000003,2.486666666666667,0.8972508591065295,0.07989690721649456,28
רשת 13,afternoon,<1m,0.7333333333333333,1,2,2.875,2.4,2.78,0.9669565217391304,0.16521739130434787,24
רשת 13,afternoon,6-9m,8.666666666666666,1,2,2.9620689655172416,2.5100000000000002,2.741333333333332,0.9254792394256883,0.1526193247962747,29
רשת 13,afternoon,<1m,0.2,0,1,2.8149999999999995,2.5,2.713333333333333,0.9638839550029603,0.11190053285968016,20
רשת 13,early_evening,6-9m,6.2,0,1,2.93448275862069,2.6875,2.6799999999999997,0.9132784958871913,0.08416568742655706,29
רשת 13,early_evening,<1m,0.75,0,1,2.9391304347826077,2.7,2.6799999999999997,0.9118343195266274,0.08136094674556171,23
רשת 13,early_evening,1-2m,1.6666666666666667,0,1,2.980000000000001,2.533333333333333,2.8733333333333335,0.9642058165548096,0.14988814317673405,30
רשת 13,early_evening,6-9m,8.35,0,1,4.644827586206896,4.930000000000001,5.019999999999999,1.0807720861172976,-0.061395694135115475,29
רשת 13,early_evening,1-2m,1.0166666666666666,0,1,4.90952380952381,4.85,5.02,1.0225024248302617,0.01212415130940847,21
רשת 13,early_evening,6-9m,6.866666666666666,1,2,5.623333333333333,5.4,5.830833333333333,1.0368998221695316,0.03971547125074082,30
רשת 13,early_evening,1-2m,1.8833333333333333,0,1,7.071428571428571,5.9,6.806666666666667,0.9625589225589226,0.1656565656565656,28
רשת 13,late_evening,6-9m,8.416666666666666,1,2,7.321739130434781,6.35,6.872666666666666,0.9386658749010294,0.1327197149643704,23
רשת 13,late_evening,6-9m,8.05,0,1,6.5590909090909095,4.877777777777777,5.253333333333332,0.8009240009240007,0.25633325633325643,22
רשת 13,late_evening,1-2m,1.7833333333333334,0,1,8.61111111111111,7.133333333333333,7.460000000000002,0.8663225806451615,0.17161290322580647,27
רשת 13,late_evening,<1m,0.2,0,1,8.803703703703704,7.85,7.460000000000002,0.8473706352545227,0.1083298275136727,27
רשת 13,late_evening,<1m,0.2,0,1,8.996296296296295,9.95,7.460000000000002,0.8292301358583782,-0.10601070399341306,27
רשת 13,late_evening,9m+,10.766666666666667,1,2,11.729999999999999,6.2272727272727275,8.712727272727273,0.7427729985274744,0.46911570952491666,30
רשת 13,late_evening,9m+,10.266666666666667,1,2,11.206666666666669,6.654545454545455,9.753333333333334,0.8703152885187387,0.40619760964793694,30
רשת 13,late_evening,4-6m,5.783333333333333,0,1,8.444827586206896,6.6000000000000005,7.953333333333334,0.9417993738941065,0.21845651286239276,29
רשת 13,late_evening,<1m,0.2,0,1,7.404347826086957,5.8,6.433333333333334,0.8688588764924643,0.2166764533176747,23
רשת 13,late_evening,6-9m,7.083333333333333,0,1,2.8766666666666665,2.85,2.913333333333333,1.0127462340672073,0.009269988412514363,30
רשת 13,overnight,6-9m,7.416666666666667,1,2,1.7482758620689656,1.488888888888889,1.6422222222222218,0.9393381547227698,0.14836730221345606,29
רשת 13,overnight,<1m,0.3,0,1,1.631818181818182,1.5,1.5333333333333334,0.9396471680594243,0.0807799442896937,22
רשת 13,overnight,1-2m,1.5,0,1,1.5814814814814815,1.7000000000000002,1.6000000000000003,1.0117096018735365,-0.0749414519906324,27
רשת 13,overnight,2-3m,2.4166666666666665,0,1,1.5896551724137935,1.65,1.6000000000000003,1.0065075921908893,-0.037960954446854434,29
רשת 13,overnight,3-4m,3.8,0,1,1.1407407407407406,1.1800000000000002,1.1666666666666667,1.022727272727273,-0.03441558441558468,27
רשת 13,overnight,2-3m,2.216666666666667,0,1,0.9359999999999999,1.0,0.9666666666666668,1.032763532763533,-0.06837606837606836,25
רשת 13,overnight,<1m,0.8166666666666667,0,1,0.5733333333333335,0.5,0.5133333333333333,0.895348837209302,0.12790697674418627,30
רשת 13,overnight,<1m,0.7666666666666667,0,1,0.49000000000000005,0.5,0.5,1.020408163265306,-0.020408163265305923,30
רשת 13,overnight,<1m,0.8166666666666667,0,1,0.34000000000000014,0.3,0.32666666666666655,0.9607843137254894,0.11764705882352977,30
רשת 13,overnight,<1m,0.7666666666666667,0,1,0.30000000000000004,0.3,0.29999999999999993,0.9999999999999997,2.220446049250313e-16,30
רשת 13,morning,2-3m,2.05,1,2,0.8551724137931036,0.9,0.8288888888888889,0.9692652329749102,-0.05241935483870952,29
רשת 13,morning,<1m,0.7166666666666667,0,1,0.8555555555555556,0.8,0.7533333333333334,0.8805194805194806,0.06493506493506496,27
רשת 13,morning,1-2m,1.05,0,1,1.638095238095238,1.2999999999999998,1.5133333333333332,0.9238372093023255,0.20639534883720934,21
רשת 13,morning,6-9m,7.666666666666667,1,2,1.7148148148148143,1.3375,1.538333333333333,0.8970842332613392,0.22003239740820724,27
רשת 13,morning,6-9m,8.7,1,2,2.182142857142857,2.25,2.154,0.9871031096563012,-0.0310965630114568,28
רשת 13,morning,<1m,0.2,0,1,2.4050000000000002,2.7,2.52,1.0478170478170477,-0.12266112266112272,20
רשת 13,morning,<1m,0.2,0,1,2.6571428571428566,2.5,2.7,1.0161290322580647,0.059139784946236396,21
רשת 13,morning,<1m,0.2,0,1,2.6799999999999997,2.8,2.7,1.0074626865671643,-0.044776119402985204,20
רשת 13,morning,1-2m,1.7333333333333334,1,2,2.59047619047619,2.566666666666667,2.588888888888889,0.999387254901961,0.00919117647058798,21
רשת 13,morning,6-9m,6.266666666666667,0,1,2.5200000000000005,2.3714285714285714,2.3666666666666667,0.939153439153439,0.05895691609977338,20
רשת 13,morning,6-9m,8.583333333333334,0,1,2.224,2.1300000000000003,2.1599999999999997,0.9712230215827335,0.04226618705035967,25
רשת 13,morning,<1m,0.2,0,1,2.019047619047619,1.8,1.8933333333333335,0.9377358490566039,0.10849056603773577,21
רשת 13,morning,<1m,0.2,0,1,2.019047619047619,1.8,1.8933333333333335,0.9377358490566039,0.10849056603773577,21
רשת 13,morning,9m+,9.833333333333334,1,2,1.6678571428571425,1.5,1.5333333333333334,0.9193433261955749,0.10064239828693766,28
רשת 13,morning,9m+,9.733333333333333,1,2,1.5178571428571428,1.7636363636363634,1.7315151515151515,1.1407629233511587,-0.16192513368983952,28
רשת 13,morning,<1m,0.2,0,1,1.3277777777777775,1.2,1.313333333333333,0.9891213389121338,0.09623430962343082,18
רשת 13,morning,<1m,0.2,0,1,1.3315789473684208,1.3,1.313333333333333,0.9862977602108037,0.023715415019762598,19
רשת 13,morning,6-9m,6.733333333333333,1,2,1.4814814814814814,1.7,1.5666666666666664,1.0574999999999999,-0.14749999999999996,27
רשת 13,morning,6-9m,6.733333333333333,0,1,1.6599999999999997,1.475,1.473333333333333,0.8875502008032128,0.11144578313252995,25
רשת 13,morning,<1m,0.2,0,1,1.9666666666666666,2.1,1.9866666666666666,1.0101694915254238,-0.06779661016949157,24
רשת 13,morning,<1m,0.2,0,1,1.9839999999999998,2.0,1.9866666666666666,1.0013440860215055,-0.008064516129032473,25
רשת 13,morning,1-2m,1.65,1,2,2.508,2.4333333333333336,2.493333333333333,0.9941520467836257,0.029771398192450782,25
רשת 13,morning,4-6m,4.666666666666667,0,1,2.5599999999999996,2.3499999999999996,2.546666666666667,0.9947916666666669,0.08203125,25
רשת 13,morning,6-9m,6.433333333333334,0,1,2.548,2.785714285714286,2.7399999999999998,1.075353218210361,-0.09329446064139946,25
רשת 13,afternoon,<1m,0.2,0,1,2.15,2.5,2.2066666666666666,1.0263565891472868,-0.16279069767441867,22
רשת 13,afternoon,<1m,0.2,0,1,2.15,2.5,2.2066666666666666,1.0263565891472868,-0.16279069767441867,22
רשת 13,afternoon,9m+,9.05,0,1,1.6379310344827582,1.35,1.4866666666666668,0.9076491228070178,0.17578947368421027,29
רשת 13,afternoon,1-2m,1.55,0,1,1.4642857142857142,1.7,1.5600000000000003,1.0653658536585369,-0.1609756097560977,28
רשת 13,afternoon,<1m,0.2,0,1,1.716,2.0,1.72,1.0023310023310024,-0.16550116550116556,25
רשת 13,afternoon,<1m,0.2,0,1,1.7166666666666668,1.3,1.72,1.0019417475728154,0.24271844660194175,24
רשת 13,afternoon,9m+,9.216666666666669,0,1,2.2357142857142858,1.863636363636364,1.9600000000000006,0.87667731629393,0.16642462968341554,28
רשת 13,afternoon,<1m,0.2,0,1,2.076666666666666,1.35,1.906666666666667,0.9181380417335477,0.34991974317817,30
רשת 13,afternoon,<1m,0.2,0,1,2.072413793103448,1.5,1.906666666666667,0.9200221852468112,0.27620632279534096,29
רשת 13,afternoon,6-9m,8.383333333333333,0,1,2.243333333333333,1.1888888888888889,1.4866666666666666,0.662704309063893,0.47003467062902426,30
רשת 13,afternoon,4-6m,5.033333333333333,0,1,1.8551724137931036,1.8166666666666667,1.846666666666667,0.9954151177199505,0.02075588599752176,29
רשת 13,afternoon,<1m,0.6333333333333333,0,1,1.9875,1.8,1.846666666666667,0.929140461215933,0.09433962264150941,24
רשת 13,afternoon,2-3m,2.1666666666666665,0,1,2.4999999999999996,2.1,2.3800000000000003,0.9520000000000003,0.1599999999999998,22
רשת 13,afternoon,6-9m,6.2,0,1,2.607692307692308,2.4,2.3800000000000003,0.9126843657817109,0.07964601769911528,26
רשת 13,afternoon,<1m,0.9,0,1,2.738095238095238,2.1,2.3800000000000003,0.8692173913043479,0.23304347826086957,21
רשת 13,early_evening,6-9m,8.933333333333334,0,1,2.927586206896551,2.27,2.213333333333334,0.7560266980761684,0.2246171967020021,29
רשת 13,early_evening,<1m,0.3,0,1,2.8857142857142857,1.9500000000000002,2.2133333333333334,0.766996699669967,0.3242574257425742,21
רשת 13,early_evening,1-2m,1.6666666666666667,0,1,3.223333333333334,2.45,3.02,0.9369183040330918,0.23991726990692874,30
רשת 13,early_evening,6-9m,7.433333333333334,0,1,4.160714285714286,3.8375,3.939999999999999,0.9469527896995706,0.07768240343347643,28
רשת 13,early_evening,<1m,0.95,0,1,4.277272727272727,3.8,3.939999999999999,0.9211477151965991,0.11158342189160475,22
רשת 13,early_evening,9m+,9.016666666666667,1,2,5.731034482758622,5.65,5.899333333333333,1.029366225431207,0.014139590854392425,29
רשת 13,early_evening,1-2m,1.8833333333333333,0,1,6.957142857142856,6.066666666666667,6.766666666666667,0.9726214921286791,0.1279945242984255,28
רשת 13,late_evening,6-9m,7.716666666666667,1,2,6.63448275862069,4.75,5.728333333333334,0.863418225918226,0.28404365904365914,29
רשת 13,late_evening,6-9m,6.933333333333334,1,2,8.933333333333334,6.2625,7.2091666666666665,0.8069962686567164,0.2989738805970149,30
רשת 13,late_evening,2-3m,2.1,0,1,13.135714285714286,12.200000000000001,11.919999999999996,0.9074497009244151,0.07123436650353443,28
רשת 13,late_evening,<1m,0.2,0,1,13.618518518518519,12.4,11.919999999999998,0.8752787598585802,0.08947511558335597,27
רשת 13,late_evening,<1m,0.2,0,1,13.874074074074073,12.75,11.919999999999998,0.8591564335290977,0.08101975440469833,27
רשת 13,late_evening,9m+,10.966666666666669,1,2,15.453333333333335,10.025,12.873333333333335,0.8330457290767903,0.3512726488352028,30
רשת 13,late_evening,9m+,10.25,1,2,15.517391304347823,10.254545454545454,12.141212121212122,0.7824261103611064,0.3391579000993402,23
רשת 13,late_evening,6-9m,8.483333333333333,1,2,11.004545454545456,9.100000000000001,11.375555555555552,1.0337142594887325,0.17306897976042956,22
רשת 13,late_evening,<1m,0.3,0,1,10.533333333333335,7.3,8.353333333333332,0.793037974683544,0.3069620253164558,21
רשת 13,late_evening,4-6m,5.033333333333333,0,1,4.27,3.766666666666667,4.086666666666667,0.9570647931303671,0.11787665886026522,30
רשת 13,overnight,6-9m,7.766666666666667,0,1,2.904347826086956,2.588888888888889,2.393333333333333,0.8240518962075848,0.10861610113107101,23
רשת 13,overnight,<1m,0.7333333333333333,0,1,2.5500000000000003,2.2,2.393333333333333,0.9385620915032677,0.13725490196078438,16
רשת 13,overnight,1-2m,1.4,0,1,1.9949999999999999,1.8,1.9466666666666663,0.9757727652464493,0.09774436090225558,20
רשת 13,overnight,2-3m,2.5833333333333335,0,1,1.934782608695652,1.8250000000000002,1.9466666666666663,1.0061423220973782,0.05674157303370775,23
רשת 13,overnight,3-4m,3.7666666666666666,1,2,1.334482758620689,1.5,1.436,1.076072351421189,-0.12403100775193843,29
רשת 13,overnight,3-4m,3.9,0,1,1.0153846153846153,0.72,0.7933333333333334,0.7813131313131315,0.2909090909090909,26
רשת 13,overnight,2-3m,2.65,1,2,0.7760000000000001,0.9,0.7888888888888889,1.0166093928980524,-0.15979381443298957,25
רשת 13,overnight,1-2m,1.3,0,1,0.5800000000000001,0.6,0.5799999999999998,0.9999999999999997,-0.0344827586206895,30
רשת 13,overnight,2-3m,2.033333333333333,0,1,0.5899999999999999,0.8333333333333334,0.6866666666666666,1.1638418079096047,-0.41242937853107375,30
רשת 13,overnight,2-3m,2.45,0,1,0.24333333333333326,0.1,0.1466666666666667,0.6027397260273976,0.5890410958904109,30
רשת 13,overnight,3-4m,3.6166666666666663,0,1,0.15666666666666668,0.18,0.12666666666666668,0.8085106382978724,-0.14893617021276584,30
רשת 13,overnight,2-3m,2.0833333333333335,0,1,0.2833333333333333,0.20000000000000004,0.20000000000000007,0.7058823529411767,0.2941176470588234,30
רשת 13,overnight,1-2m,1.1166666666666667,0,1,0.4999999999999999,0.85,0.6533333333333332,1.3066666666666666,-0.7000000000000004,30
רשת 13,morning,3-4m,3.2,1,2,0.4321428571428571,0.25,0.435,1.006611570247934,0.42148760330578505,28
רשת 13,morning,<1m,0.5833333333333334,0,1,0.4576923076923076,0.4,0.5066666666666666,1.1070028011204482,0.126050420168067,26
רשת 13,morning,1-2m,1.85,0,1,1.7434782608695647,2.0333333333333337,1.9466666666666665,1.1165419783873651,-0.16625103906899463,23
רשת 13,morning,6-9m,6.7,1,2,1.760714285714286,1.5750000000000002,1.686666666666667,0.9579445571331981,0.10547667342799183,28
רשת 13,morning,6-9m,8.783333333333333,1,2,1.7931034482758623,1.7299999999999998,1.7633333333333336,0.9833974358974359,0.03519230769230797,29
רשת 13,morning,<1m,0.2,0,1,1.8380952380952382,1.9,1.8800000000000001,1.0227979274611398,-0.033678756476683835,21
רשת 13,morning,<1m,0.2,0,1,1.9047619047619047,1.7,1.8799999999999997,0.9869999999999999,0.10749999999999993,21
רשת 13,morning,<1m,0.2,0,1,1.9047619047619047,1.85,1.8799999999999997,0.9869999999999999,0.028749999999999942,21
רשת 13,morning,1-2m,1.3333333333333333,1,2,1.8857142857142855,2.1,1.8433333333333328,0.9775252525252524,-0.11363636363636376,21
רשת 13,morning,6-9m,6.3,0,1,1.908695652173913,1.6857142857142855,1.8066666666666664,0.946545178435839,0.11682395053693462,23
רשת 13,morning,6-9m,8.266666666666667,0,1,2.025925925925926,1.8,1.8666666666666665,0.9213893967093234,0.11151736745886665,27
רשת 13,morning,<1m,0.3,0,1,2.263157894736842,2.0,2.0999999999999996,0.9279069767441859,0.11627906976744184,19
רשת 13,morning,<1m,0.3,0,1,2.268421052631579,2.0,2.0999999999999996,0.9257540603248258,0.11832946635730868,19
רשת 13,morning,6-9m,8.766666666666667,1,2,1.9607142857142852,1.58,1.828,0.9323132969034611,0.19417122040072832,28
רשת 13,morning,6-9m,8.2,1,2,1.1642857142857144,1.0444444444444445,1.1296296296296293,0.9702340377187,0.10293115201090663,28
רשת 13,morning,<1m,0.3,0,1,1.1199999999999999,1.5,1.153333333333333,1.0297619047619047,-0.3392857142857144,20
רשת 13,morning,<1m,0.3,0,1,1.1157894736842104,1.1,1.153333333333333,1.0336477987421382,0.014150943396226245,19
רשת 13,morning,1-2m,1.65,0,1,0.9416666666666668,1.0333333333333332,1.0133333333333334,1.0761061946902655,-0.09734513274336254,24
רשת 13,morning,4-6m,4.5,0,1,0.9071428571428571,0.9833333333333334,1.0133333333333334,1.1170603674540684,-0.08398950131233596,28
רשת 13,morning,6-9m,6.116666666666666,1,2,0.9750000000000002,0.8142857142857142,0.8276190476190477,0.8488400488400487,0.16483516483516514,28
רשת 13,morning,<1m,0.3166666666666666,0,1,1.1590909090909092,0.9,1.153333333333333,0.9950326797385618,0.22352941176470587,22
רשת 13,morning,<1m,0.3,0,1,1.209090909090909,1.3,1.153333333333333,0.9538847117794486,-0.07518796992481214,22
רשת 13,morning,1-2m,1.6166666666666667,0,1,1.5913043478260873,1.7999999999999998,1.5466666666666664,0.971948998178506,-0.13114754098360626,23
רשת 13,morning,4-6m,5.05,1,2,1.5999999999999996,1.7333333333333332,1.6844444444444442,1.0527777777777778,-0.08333333333333348,21
רשת 13,morning,6-9m,6.583333333333333,1,2,1.5409090909090908,1.6,1.553333333333333,1.0080629301868238,-0.038348082595870414,22
רשת 13,afternoon,<1m,0.3,0,1,1.475,1.1,1.5066666666666666,1.0214689265536723,0.2542372881355932,28
רשת 13,afternoon,<1m,0.3,0,1,1.4620689655172416,1.1,1.5066666666666666,1.0305031446540878,0.24764150943396235,29
רשת 13,afternoon,6-9m,8.55,0,1,1.2037037037037037,1.26,1.2466666666666666,1.0356923076923077,-0.046769230769230674,27
רשת 13,afternoon,2-3m,2.4833333333333334,0,1,1.4000000000000004,1.3,1.3733333333333337,0.980952380952381,0.07142857142857162,21
רשת 13,afternoon,<1m,0.3,0,1,1.55,1.7000000000000002,1.6133333333333333,1.0408602150537634,-0.09677419354838723,20
רשת 13,afternoon,<1m,0.3,0,1,1.5736842105263158,1.6,1.6133333333333333,1.0251950947603121,-0.01672240802675584,19
רשת 13,afternoon,1-2m,1.6166666666666667,1,2,1.6045454545454545,1.3999999999999997,1.5333333333333332,0.95561850802644,0.12747875354107663,22
רשת 13,afternoon,4-6m,5.083333333333333,0,1,1.6280000000000001,1.45,1.4933333333333332,0.9172809172809171,0.10933660933660938,25
רשת 13,afternoon,4-6m,4.266666666666667,0,1,2.342857142857143,2.6399999999999997,2.6266666666666665,1.1211382113821138,-0.12682926829268282,28
רשת 13,afternoon,<1m,0.3,0,1,2.504,2.8,2.5133333333333336,1.003727369542066,-0.11821086261980818,25
רשת 13,afternoon,<1m,0.3,0,1,2.504,2.95,2.5133333333333336,1.003727369542066,-0.1781150159744409,25
רשת 13,afternoon,9m+,9.95,0,1,2.1,2.118181818181818,2.18,1.0380952380952382,-0.008658008658008587,28
רשת 13,afternoon,4-6m,5.05,0,1,1.776666666666667,2.0166666666666666,1.8933333333333329,1.0656660412757968,-0.1350844277673544,30
רשת 13,afternoon,6-9m,6.7,1,2,1.23448275862069,1.1,1.1866666666666665,0.9612662942271878,0.1089385474860336,29
רשת 13,afternoon,<1m,0.8333333333333334,0,1,1.182608695652174,1.1,1.14,0.963970588235294,0.06985294117647056,23
רשת 13,afternoon,6-9m,8.033333333333333,0,1,1.8499999999999999,1.7333333333333334,1.8266666666666669,0.9873873873873876,0.06306306306306297,28
רשת 13,afternoon,<1m,0.7666666666666667,0,1,2.1666666666666665,1.8,1.8266666666666669,0.8430769230769233,0.16923076923076918,21
רשת 13,early_evening,6-9m,8.416666666666666,1,2,3.0275862068965513,2.3000000000000003,2.598666666666667,0.8583295368261201,0.24031890660592237,29
רשת 13,early_evening,<1m,0.85,0,1,3.0428571428571427,2.25,2.5266666666666664,0.8303599374021908,0.2605633802816901,21
רשת 13,early_evening,1-2m,1.6666666666666667,0,1,3.526666666666666,3.45,3.3866666666666663,0.9603024574669188,0.021739130434782372,30
רשת 13,early_evening,6-9m,7.816666666666666,0,1,5.042857142857143,5.166666666666667,5.053333333333334,1.002077431539188,-0.0245514636449482,28
רשת 13,early_evening,1-2m,1.0833333333333333,0,1,5.042857142857142,4.95,5.053333333333334,1.0020774315391883,0.018413597733710763,21
רשת 13,early_evening,4-6m,5.516666666666667,1,2,6.403571428571429,6.271428571428572,6.772380952380951,1.0575943483918941,0.020635805911879523,28
רשת 13,early_evening,2-3m,2.4,0,1,7.016666666666667,6.5,7.026666666666666,1.0014251781472683,0.07363420427553447,24
רשת 13,early_evening,1-2m,1.8833333333333333,0,1,9.210714285714287,8.6,9.173333333333336,0.9959415794235492,0.06630476929042284,28
רשת 13,late_evening,6-9m,6.816666666666666,0,1,8.16551724137931,7.0,8.16,0.9993243243243243,0.1427364864864865,29
רשת 13,late_evening,1-2m,1.0666666666666669,1,2,7.978260869565218,6.75,7.673333333333334,0.961780199818347,0.1539509536784741,23
רשת 13,late_evening,6-9m,8.016666666666667,0,1,7.67,6.199999999999999,6.78,0.8839634941329857,0.1916558018252934,30
רשת 13,late_evening,<1m,0.2,1,2,8.319999999999999,8.15,8.33,1.0012019230769234,0.02043269230769207,30
רשת 13,late_evening,<1m,0.2,0,1,8.348275862068965,8.3,8.646666666666668,1.0357428060030294,0.0057827344072695075,29
רשת 13,late_evening,9m+,12.1,1,2,7.74,5.161538461538462,6.475897435897437,0.8366792552839065,0.33313456569270516,30
רשת 13,late_evening,6-9m,6.733333333333333,1,2,6.380000000000001,5.3125,6.253333333333335,0.9801462904911182,0.167319749216301,30
רשת 13,late_evening,6-9m,8.033333333333333,0,1,4.389655172413793,3.6222222222222222,3.7333333333333334,0.850484420005237,0.17482761630444266,29
רשת 13,late_evening,<1m,0.2,0,1,4.657142857142857,4.0,3.7333333333333334,0.801635991820041,0.14110429447852746,21
רשת 13,late_evening,4-6m,5.916666666666667,1,2,3.9925925925925925,3.242857142857143,3.5085714285714285,0.8787702093824543,0.187781606148953,27
רשת 13,late_evening,2-3m,2.55,0,1,3.4565217391304346,2.3333333333333335,2.72,0.7869182389937108,0.3249475890985324,23
רשת 13,overnight,6-9m,7.883333333333334,0,1,2.0862068965517238,1.7666666666666666,2.0066666666666664,0.9618732782369146,0.1531680440771349,29
רשת 13,overnight,<1m,0.8333333333333334,0,1,1.8181818181818181,1.7,2.0066666666666664,1.1036666666666666,0.06499999999999995,22
רשת 13,overnight,2-3m,2.8833333333333333,0,1,1.3115384615384615,1.3,1.2400000000000004,0.9454545454545458,0.008797653958944274,26
רשת 13,overnight,3-4m,3.6,0,1,1.2555555555555555,1.3400000000000003,1.2400000000000004,0.987610619469027,-0.06725663716814179,27
רשת 13,overnight,4-6m,5.05,0,1,1.3133333333333335,1.4000000000000001,1.4799999999999998,1.126903553299492,-0.06598984771573613,30
רשת 13,overnight,3-4m,3.2,0,1,0.8233333333333335,0.8,0.8133333333333337,0.987854251012146,0.028340080971660075,30
רשת 13,overnight,2-3m,2.9833333333333334,1,2,0.8366666666666666,0.9,0.8566666666666668,1.0239043824701197,-0.07569721115537864,30
רשת 13,overnight,3-4m,3.466666666666667,0,1,0.59,0.5,0.5,0.8474576271186441,0.15254237288135586,30
רשת 13,overnight,3-4m,3.15,0,1,0.5,0.5,0.5,1.0,0.0,30
רשת 13,overnight,1-2m,1.8,0,1,0.4766666666666666,0.43333333333333335,0.40666666666666657,0.853146853146853,0.09090909090909083,30
רשת 13,morning,2-3m,2.3833333333333333,0,1,1.2285714285714284,1.1,0.9266666666666664,0.7542635658914728,0.10465116279069753,28
רשת 13,morning,<1m,0.5833333333333334,0,1,1.3111111111111113,1.1,1.5733333333333337,1.2000000000000002,0.1610169491525425,27
רשת 13,morning,1-2m,1.6,0,1,1.721739130434782,1.6333333333333335,1.7199999999999998,0.9989898989898992,0.05134680134680092,23
רשת 13,morning,6-9m,6.216666666666667,1,2,1.537037037037037,1.442857142857143,1.4723809523809521,0.9579345955249569,0.06127366609294305,27
רשת 13,morning,1-2m,1.9,0,1,1.2363636363636366,1.2000000000000002,1.0733333333333335,0.8681372549019608,0.02941176470588236,22
רשת 13,morning,4-6m,5.666666666666667,0,1,1.276923076923077,0.9333333333333332,1.0733333333333335,0.840562248995984,0.26907630522088366,26
רשת 13,morning,<1m,0.65,1,2,1.2772727272727273,1.0,1.17,0.9160142348754448,0.2170818505338079,22
רשת 13,morning,<1m,0.2,0,1,1.7124999999999997,1.5,1.6666666666666667,0.9732360097323604,0.12408759124087576,24
רשת 13,morning,<1m,0.2,0,1,1.7124999999999997,1.55,1.6666666666666667,0.9732360097323604,0.09489051094890488,24
רשת 13,morning,1-2m,1.6333333333333333,0,1,1.8714285714285717,1.9666666666666666,1.9933333333333334,1.0651399491094147,-0.05089058524173007,21
רשת 13,morning,3-4m,3.816666666666667,0,1,1.9095238095238096,1.8199999999999998,1.9933333333333334,1.0438902743142144,0.04688279301745646,21
רשת 13,morning,2-3m,2.1166666666666667,0,1,1.9473684210526316,1.8666666666666665,1.9933333333333334,1.0236036036036036,0.04144144144144157,19
רשת 13,morning,6-9m,8.833333333333334,1,2,1.873076923076923,1.6300000000000001,1.8099999999999998,0.966324435318275,0.12977412731006155,26
רשת 13,morning,<1m,0.3,0,1,1.6949999999999996,1.4,1.5799999999999996,0.9321533923303835,0.17404129793510315,20
רשת 13,morning,<1m,0.3,0,1,1.6649999999999998,1.4,1.5799999999999996,0.9489489489489489,0.15915915915915912,20
רשת 13,morning,6-9m,8.116666666666667,1,2,1.4642857142857137,1.488888888888889,1.4207407407407406,0.9702619692863598,-0.016802168021680552,28
רשת 13,morning,6-9m,8.55,0,1,1.453571428571429,1.1111111111111112,1.12,0.7705159705159704,0.2355992355992358,28
רשת 13,morning,<1m,0.3,0,1,1.6523809523809525,1.7,1.7399999999999998,1.0530259365994235,-0.02881844380403442,21
רשת 13,morning,<1m,0.3,0,1,1.675,1.7,1.7399999999999998,1.0388059701492536,-0.014925373134328401,20
רשת 13,morning,6-9m,7.966666666666667,1,2,1.508,1.4444444444444442,1.4437037037037035,0.957363198742509,0.042145593869731934,25
רשת 13,morning,1-2m,1.75,1,2,1.510526315789474,1.3666666666666665,1.5111111111111113,1.00038714672861,0.09523809523809557,19
רשת 13,morning,4-6m,5.4,0,1,1.4920000000000002,1.5142857142857142,1.546666666666667,1.0366398570151922,-0.014936805821524235,25
רשת 13,morning,<1m,0.3,0,1,1.3689655172413788,1.2,1.3133333333333335,0.9593618807724605,0.12342569269521386,29
רשת 13,morning,<1m,0.3,0,1,1.3699999999999997,1.2,1.3133333333333335,0.9586374695863751,0.12408759124087576,30
רשת 13,morning,1-2m,1.95,0,1,1.3782608695652172,1.7,1.62,1.1753943217665617,-0.2334384858044165,23
רשת 13,morning,6-9m,6.783333333333333,1,2,1.325,1.7125,1.57,1.1849056603773587,-0.2924528301886793,28
רשת 13,afternoon,<1m,0.3,0,1,1.220689655172414,1.5,1.36,1.1141242937853106,-0.22881355932203373,29
רשת 13,afternoon,<1m,0.3166666666666666,0,1,1.217241379310345,1.4,1.36,1.1172804532577905,-0.15014164305948996,29
רשת 13,afternoon,6-9m,6.066666666666666,1,2,1.15,1.385714285714286,1.2085714285714284,1.0509316770186334,-0.20496894409937916,30
רשת 13,afternoon,1-2m,1.4,0,1,1.0566666666666669,0.8333333333333334,0.9466666666666668,0.8958990536277602,0.21135646687697174,30
רשת 13,afternoon,<1m,0.3,0,1,0.9476190476190476,1.1,0.9333333333333333,0.9849246231155779,-0.16080402010050254,21
רשת 13,afternoon,<1m,0.3,0,1,0.9400000000000001,1.1,0.9333333333333333,0.9929078014184397,-0.17021276595744683,20
רשת 13,afternoon,1-2m,1.35,0,1,0.9190476190476189,0.65,0.9333333333333333,1.0155440414507775,0.2927461139896371,21
רשת 13,afternoon,4-6m,5.35,1,2,0.9615384615384616,0.8142857142857143,0.8533333333333333,0.8874666666666666,0.15314285714285714,26
רשת 13,afternoon,<1m,0.3,0,1,1.3344827586206895,0.5,1.1266666666666665,0.8442721791559,0.6253229974160206,29
רשת 13,afternoon,<1m,0.3,0,1,1.3399999999999999,0.65,1.1266666666666665,0.8407960199004975,0.5149253731343283,30
רשת 13,afternoon,1-2m,1.2333333333333334,0,1,1.7782608695652173,0.8500000000000001,1.1733333333333333,0.6598207008964956,0.5220048899755501,23
רשת 13,afternoon,6-9m,6.333333333333333,1,2,1.9214285714285715,1.0571428571428572,1.3228571428571432,0.6884758364312269,0.44981412639405205,28
רשת 13,afternoon,6-9m,6.116666666666666,0,1,1.8620689655172415,1.6285714285714286,1.6666666666666674,0.895061728395062,0.1253968253968255,29
רשת 13,afternoon,<1m,0.7333333333333333,0,1,1.9666666666666668,1.65,1.666666666666667,0.8474576271186441,0.1610169491525425,24
רשת 13,afternoon,6-9m,7.966666666666667,1,2,1.979310344827586,1.911111111111111,2.04,1.0306620209059234,0.03445605884630265,29
רשת 13,afternoon,<1m,0.7666666666666667,0,1,1.8818181818181818,1.8,2.033333333333333,1.0805152979066022,0.04347826086956519,22
רשת 13,early_evening,6-9m,7.3,0,1,1.8964285714285716,1.7,1.7466666666666666,0.9210295040803514,0.10357815442561213,28
רשת 13,early_evening,<1m,0.8833333333333333,0,1,1.8476190476190477,1.7,1.7466666666666666,0.9453608247422679,0.0798969072164949,21
רשת 13,early_evening,1-2m,1.6666666666666667,0,1,2.83,2.6999999999999997,2.6799999999999997,0.9469964664310953,0.04593639575971742,30
רשת 13,early_evening,6-9m,6.933333333333334,1,2,3.2857142857142856,3.05,3.1050000000000004,0.9450000000000002,0.07173913043478264,28
רשת 13,early_evening,1-2m,1.1833333333333331,0,1,3.2913043478260873,2.9,2.9933333333333336,0.9094671950682519,0.11889035667107017,23
רשת 13,early_evening,6-9m,8.033333333333333,1,2,5.089999999999999,5.377777777777777,5.558518518518517,1.0920468602197482,-0.05653787382667552,30
רשת 13,early_evening,2-3m,2.0166666666666666,0,1,7.2,7.033333333333334,7.199999999999999,0.9999999999999999,0.02314814814814803,28
רשת 13,late_evening,6-9m,6.1,1,2,7.186206896551725,6.357142857142856,7.012380952380952,0.9758111689973493,0.11536879627090779,29
רשת 13,late_evening,<1m,0.7833333333333333,0,1,7.125,6.3,6.246666666666667,0.8767251461988305,0.11578947368421055,24
רשת 13,late_evening,4-6m,5.466666666666667,0,1,7.358620689655171,5.633333333333333,6.246666666666667,0.8488909715713842,0.23445798188066225,29
רשת 13,late_evening,1-2m,1.5,1,2,10.468965517241378,7.266666666666667,10.633333333333335,1.0157004830917877,0.3058849363197188,29
רשת 13,late_evening,9m+,10.283333333333331,1,2,13.96,8.2,11.475,0.8219914040114612,0.4126074498567336,30
רשת 13,late_evening,9m+,9.6,1,2,12.842857142857145,9.636363636363637,12.050303030303034,0.9382883338389457,0.24967135200728097,28
רשת 13,late_evening,6-9m,8.816666666666666,0,1,9.337037037037037,7.390000000000001,7.986666666666666,0.8553748512495042,0.20852836176120582,27
רשת 13,late_evening,<1m,0.3,0,1,7.94,7.4,7.986666666666666,1.0058774139378672,0.06801007556675065,20
רשת 13,late_evening,4-6m,4.9,0,1,4.951724137931035,4.883333333333333,4.993333333333333,1.0084029712163416,0.01381151346332421,29
רשת 13,overnight,4-6m,4.1,1,2,3.2115384615384617,3.54,3.385333333333333,1.0541157684630738,-0.10227544910179631,26
רשת 13,overnight,2-3m,2.6,0,1,2.904,3.0333333333333337,2.4533333333333336,0.844811753902663,-0.04453627180899922,25
רשת 13,overnight,<1m,0.4,0,1,2.639130434782609,2.8,2.4533333333333336,0.9295991213618892,-0.06095551894563411,23
רשת 13,overnight,6-9m,6.433333333333334,1,2,1.59,1.7375,1.6733333333333338,1.0524109014675054,-0.09276729559748431,30
רשת 13,overnight,4-6m,4.516666666666667,0,1,0.7266666666666668,0.8,0.9466666666666669,1.3027522935779816,-0.10091743119266039,30
רשת 13,overnight,4-6m,4.633333333333334,0,1,0.3166666666666667,0.44999999999999996,0.3799999999999999,1.1999999999999995,-0.4210526315789471,30
רשת 13,overnight,4-6m,5.833333333333333,0,1,0.2466666666666667,0.19999999999999998,0.24000000000000016,0.9729729729729735,0.18918918918918937,30
רשת 13,overnight,4-6m,4.116666666666666,0,1,0.2599999999999999,0.4,0.33333333333333326,1.2820512820512822,-0.5384615384615392,30
רשת 13,overnight,4-6m,5.016666666666667,0,1,0.28800000000000003,0.5,0.49333333333333335,1.7129629629629628,-0.7361111111111109,25
רשת 13,overnight,3-4m,3.65,0,1,0.5409090909090908,0.4,0.4666666666666667,0.862745098039216,0.260504201680672,22
רשת 13,overnight,2-3m,2.6666666666666665,1,2,0.6559999999999999,0.6,0.5622222222222223,0.8570460704607048,0.08536585365853655,25
רשת 13,morning,2-3m,2.85,0,1,1.4068965517241383,0.95,1.5599999999999998,1.1088235294117643,0.3247549019607845,29
רשת 13,morning,<1m,0.6833333333333333,0,1,1.488888888888889,1.35,1.5599999999999998,1.0477611940298506,0.09328358208955223,27
רשת 13,morning,1-2m,1.8333333333333333,0,1,1.7347826086956524,1.7333333333333334,1.8733333333333333,1.0798663324979112,0.0008354218880535225,23
רשת 13,morning,4-6m,5.583333333333333,1,2,1.5481481481481483,1.1428571428571428,1.3857142857142857,0.8950786056049213,0.26179084073820924,27
רשת 13,morning,6-9m,7.066666666666666,0,1,1.1379310344827587,1.0,1.0466666666666666,0.9197979797979797,0.12121212121212122,29
רשת 13,morning,<1m,0.9833333333333332,0,1,1.1826086956521737,0.9,1.0466666666666666,0.8850490196078432,0.23897058823529405,23
רשת 13,morning,1-2m,1.55,0,1,0.8227272727272726,1.0,0.7866666666666665,0.9561694290976058,-0.21546961325966874,22
רשת 13,morning,4-6m,5.616666666666666,0,1,0.8692307692307693,0.7142857142857144,0.7866666666666664,0.9050147492625366,0.1782553729456383,26
רשת 13,morning,6-9m,8.333333333333334,1,2,1.1115384615384616,1.0599999999999998,1.136,1.0220069204152247,0.04636678200692057,26
רשת 13,morning,<1m,0.4,0,1,1.2947368421052632,1.3,1.2733333333333337,0.9834688346883471,-0.004065040650406582,19
רשת 13,morning,<1m,0.4,0,1,1.2947368421052632,1.3,1.2733333333333337,0.9834688346883471,-0.004065040650406582,19
רשת 13,morning,6-9m,6.366666666666666,1,2,1.368,1.3285714285714285,1.359047619047619,0.9934558618769145,0.02882205513784475,25
רשת 13,morning,2-3m,2.3666666666666667,0,1,1.4238095238095239,1.3999999999999997,1.3733333333333333,0.9645484949832775,0.016722408026756064,21
רשת 13,morning,6-9m,6.583333333333333,0,1,1.4240000000000002,1.5,1.526666666666667,1.0720973782771537,-0.053370786516853785,25
רשת 13,morning,1-2m,1.4666666666666666,1,2,1.419047619047619,1.3,1.4600000000000002,1.0288590604026848,0.08389261744966425,21
רשת 13,morning,<1m,0.4,0,1,1.335,1.3,1.3266666666666669,0.993757802746567,0.02621722846441943,20
רשת 13,morning,<1m,0.4,0,1,1.31,1.3,1.3266666666666669,1.0127226463104326,0.007633587786259555,20
רשת 13,morning,6-9m,6.383333333333334,1,2,1.29,1.2125,1.1991666666666667,0.9295865633074936,0.06007751937984507,30
רשת 13,morning,4-6m,4.15,0,1,1.1807692307692308,1.4400000000000002,1.5066666666666666,1.2760043431053203,-0.21954397394136826,26
רשת 13,morning,1-2m,1.85,1,2,1.1304347826086956,1.2999999999999998,1.1966666666666665,1.0585897435897436,-0.1499999999999999,23
רשת 13,morning,<1m,0.4,0,1,1.0181818181818179,1.0,0.8866666666666664,0.8708333333333333,0.01785714285714257,22
רשת 13,morning,<1m,0.4,0,1,0.9863636363636362,0.9,0.8866666666666664,0.8989247311827956,0.08755760368663579,22
רשת 13,morning,6-9m,8.2,1,2,1.0,1.0333333333333332,1.0074074074074073,1.0074074074074073,-0.033333333333333215,30
רשת 13,afternoon,<1m,0.4,0,1,1.1758620689655173,1.6,1.3066666666666662,1.1112414467253173,-0.36070381231671567,29
רשת 13,afternoon,<1m,0.4,0,1,1.1714285714285713,1.6,1.3066666666666662,1.1154471544715445,-0.3658536585365857,28
רשת 13,afternoon,2-3m,2.183333333333333,0,1,1.25,1.3666666666666665,1.1866666666666668,0.9493333333333334,-0.09333333333333327,26
רשת 13,afternoon,2-3m,2.95,0,1,1.2814814814814814,1.3499999999999999,1.1866666666666668,0.9260115606936418,-0.053468208092485536,27
רשת 13,afternoon,<1m,0.6666666666666666,1,2,1.3,1.3,1.31,1.0076923076923077,0.0,25
רשת 13,afternoon,<1m,0.4,0,1,1.1689655172413795,1.3,1.1466666666666667,0.9809242871189773,-0.11209439528023579,29
רשת 13,afternoon,<1m,0.4,0,1,1.1862068965517243,1.2000000000000002,1.1466666666666667,0.9666666666666666,-0.011627906976744207,29
רשת 13,afternoon,1-2m,1.9,1,2,1.6500000000000001,1.8666666666666665,1.7466666666666668,1.0585858585858585,-0.13131313131313105,24
רשת 13,afternoon,4-6m,5.916666666666667,0,1,1.614285714285714,1.8142857142857143,1.8533333333333333,1.1480825958702066,-0.1238938053097347,28
רשת 13,afternoon,<1m,0.4,0,1,1.6517241379310343,1.6,1.7333333333333332,1.0494084899095337,0.03131524008350717,29
רשת 13,afternoon,<1m,0.4,0,1,1.6758620689655175,1.6,1.7333333333333332,1.0342935528120711,0.04526748971193428,29
רשת 13,afternoon,2-3m,2.05,0,1,2.0500000000000003,1.9333333333333333,1.8933333333333333,0.9235772357723576,0.056910569105691144,24
רשת 13,afternoon,4-6m,5.85,0,1,2.0208333333333335,1.7857142857142858,1.8933333333333329,0.9369072164948451,0.11634756995581741,24
רשת 13,afternoon,3-4m,3.716666666666667,0,1,1.8160000000000003,1.35,1.5133333333333334,0.8333333333333333,0.25660792951541855,25
רשת 13,afternoon,4-6m,4.75,0,1,2.3500000000000005,2.0999999999999996,2.08,0.8851063829787232,0.10638297872340463,26
רשת 13,afternoon,2-3m,2.316666666666667,0,1,2.439130434782609,2.1333333333333333,2.08,0.8527629233511586,0.1253713606654785,23
רשת 13,afternoon,<1m,0.9333333333333332,0,1,2.5454545454545454,2.3,2.08,0.8171428571428572,0.09642857142857153,22
רשת 13,afternoon,6-9m,7.916666666666667,0,1,3.058620689655172,2.477777777777778,2.6399999999999997,0.8631341600901917,0.1899035450331954,29
רשת 13,afternoon,1-2m,1.1666666666666667,0,1,3.2545454545454544,2.75,2.6399999999999997,0.8111731843575418,0.1550279329608938,22
רשת 13,early_evening,6-9m,8.183333333333334,0,1,4.117857142857143,3.5999999999999996,3.806666666666667,0.9244290257299799,0.12575888985255868,28
רשת 13,early_evening,1-2m,1.25,0,1,4.009090909090909,3.2999999999999994,3.806666666666667,0.9495086923658353,0.1768707482993198,22
רשת 13,early_evening,1-2m,1.6666666666666667,0,1,3.906666666666667,3.6500000000000004,3.8,0.9726962457337882,0.0656996587030717,30
רשת 13,early_evening,6-9m,8.616666666666667,0,1,4.828571428571428,4.422222222222222,4.533333333333333,0.9388560157790927,0.08415516107823806,28
רשת 13,early_evening,1-2m,1.5333333333333334,0,1,4.966666666666667,4.25,4.533333333333333,0.9127516778523489,0.1442953020134229,21
רשת 13,early_evening,6-9m,7.05,0,1,5.713333333333334,5.3125,5.973333333333333,1.0455075845974326,0.07015752625437577,30
רשת 13,early_evening,1-2m,1.8833333333333333,0,1,7.014285714285714,6.466666666666666,7.046666666666667,1.0046164290563475,0.078071961982349,28
רשת 13,late_evening,6-9m,6.583333333333333,0,1,6.826666666666666,5.875,6.140000000000001,0.8994140625000001,0.1394042968749999,30
רשת 13,late_evening,6-9m,6.483333333333333,0,1,7.664285714285714,6.328571428571429,6.633333333333334,0.8654861758310035,0.17427772600186375,28
רשת 13,late_evening,9m+,10.916666666666666,0,1,10.133333333333333,7.849999999999999,8.246666666666668,0.8138157894736844,0.22532894736842113,30
רשת 13,late_evening,6-9m,6.716666666666667,1,2,7.719999999999999,6.362500000000001,6.475833333333333,0.8388385146804836,0.17584196891191683,30
רשת 13,late_evening,6-9m,6.716666666666667,1,2,4.151724137931035,4.012499999999999,4.1075,0.989348006644518,0.03353405315614655,29
רשת 13,late_evening,<1m,0.3,0,1,3.877272727272728,3.9,3.74,0.9645955451348182,-0.0058616647127782695,22
רשת 13,late_evening,4-6m,5.966666666666667,1,2,3.1481481481481484,3.0,3.0333333333333337,0.963529411764706,0.04705882352941182,27
רשת 13,late_evening,2-3m,2.9,0,1,2.8333333333333335,2.4,2.3333333333333335,0.8235294117647058,0.15294117647058836,24
רשת 13,overnight,6-9m,6.533333333333333,1,2,1.627586206896552,1.775,1.6599999999999997,1.0199152542372878,-0.0905720338983047,29
רשת 13,overnight,<1m,0.65,0,1,1.6043478260869564,1.85,1.6599999999999997,1.0346883468834687,-0.15311653116531176,23
רשת 13,overnight,2-3m,2.85,0,1,1.5642857142857143,1.7,1.6133333333333333,1.0313546423135465,-0.08675799086757996,28
רשת 13,overnight,4-6m,5.3,1,2,1.1766666666666663,1.2285714285714284,1.1495238095238096,0.9769324160259009,-0.04411169566976958,30
רשת 13,overnight,4-6m,4.433333333333334,0,1,0.52,0.42000000000000004,0.43999999999999984,0.8461538461538458,0.1923076923076923,30
רשת 13,overnight,1-2m,1.8666666666666667,0,1,0.3366666666666668,0.3,0.29999999999999993,0.8910891089108905,0.10891089108910923,30
רשת 13,morning,2-3m,2.4833333333333334,1,2,1.0862068965517242,1.2,1.0816666666666666,0.9958201058201056,-0.10476190476190461,29
רשת 13,morning,<1m,0.6833333333333333,0,1,1.1148148148148147,1.2,1.2666666666666666,1.1362126245847177,-0.07641196013289053,27
רשת 13,morning,6-9m,7.066666666666666,0,1,1.6700000000000002,1.3875,1.4533333333333334,0.870259481037924,0.16916167664670667,30
רשת 13,morning,6-9m,6.433333333333334,1,2,1.836666666666667,1.6125,1.7550000000000003,0.9555353901996371,0.12205081669691475,30
רשת 13,morning,6-9m,7.733333333333333,0,1,1.8285714285714287,1.8555555555555554,1.8200000000000003,0.9953125,-0.014756944444444198,28
רשת 13,morning,6-9m,7.966666666666667,1,2,1.7766666666666662,1.4666666666666666,1.6622222222222223,0.9355847404627895,0.17448405253283283,30
רשת 13,morning,<1m,0.4,0,1,1.8166666666666664,1.8,1.8466666666666662,1.0165137614678899,0.009174311926605339,24
רשת 13,morning,<1m,0.4,0,1,1.8166666666666664,1.85,1.8466666666666662,1.0165137614678899,-0.01834862385321112,24
רשת 13,morning,4-6m,5.916666666666667,0,1,1.8523809523809522,1.8714285714285714,1.8533333333333333,1.0005141388174807,-0.010282776349614497,21
רשת 13,morning,2-3m,2.3833333333333333,0,1,1.8647058823529412,1.8333333333333333,1.8533333333333333,0.9939011566771818,0.01682439537329128,17
רשת 13,morning,6-9m,8.183333333333334,0,1,1.88695652173913,2.1,2.0200000000000005,1.0705069124423967,-0.11290322580645196,23
רשת 13,morning,<1m,0.4,0,1,1.8448275862068966,1.8,1.8333333333333335,0.9937694704049845,0.024299065420560706,29
רשת 13,morning,<1m,0.4,0,1,1.8344827586206895,1.7,1.8333333333333335,0.99937343358396,0.07330827067669166,29
רשת 13,morning,1-2m,1.7666666666666666,0,1,1.7086956521739125,1.2666666666666666,1.4533333333333334,0.8505513146734524,0.25869380831212874,23
רשת 13,morning,6-9m,6.733333333333333,0,1,1.7107142857142854,1.4375,1.4533333333333334,0.8495476687543495,0.1597077244258871,28
רשת 13,morning,<1m,0.4,0,1,1.9206896551724142,1.9,1.953333333333333,1.0169958108916812,0.010771992818671694,29
רשת 13,morning,<1m,0.4,0,1,1.9344827586206899,1.9,1.953333333333333,1.0097445038621506,0.01782531194295911,29
רשת 13,morning,9m+,9.25,1,2,1.98,1.6800000000000002,1.9293333333333336,0.9744107744107745,0.15151515151515138,30
רשת 13,afternoon,<1m,0.4,0,1,1.3172413793103446,1.9,1.38,1.0476439790575918,-0.4424083769633509,29
רשת 13,afternoon,<1m,0.4,0,1,1.3,1.7,1.38,1.0615384615384613,-0.3076923076923077,29
רשת 13,afternoon,4-6m,5.433333333333334,0,1,0.9479999999999998,1.0,0.9333333333333336,0.9845288326300988,-0.054852320675105704,25
רשת 13,afternoon,1-2m,1.5166666666666666,0,1,0.9380952380952381,0.8,0.9333333333333336,0.9949238578680205,0.14720812182741116,21
רשת 13,afternoon,1-2m,1.5666666666666669,0,1,1.0409090909090908,0.9333333333333332,0.98,0.9414847161572053,0.10334788937409023,22
רשת 13,afternoon,<1m,0.4,0,1,1.1521739130434785,1.2,1.2,1.041509433962264,-0.04150943396226392,23
רשת 13,afternoon,<1m,0.4,0,1,1.1500000000000001,1.2,1.2,1.043478260869565,-0.043478260869564966,24
רשת 13,afternoon,2-3m,2.9,0,1,1.1392857142857145,1.175,1.1333333333333333,0.9947753396029256,-0.03134796238244508,28
רשת 13,afternoon,4-6m,5.25,1,2,1.12,1.3285714285714285,1.178095238095238,1.0518707482993197,-0.1862244897959182,30
רשת 13,afternoon,<1m,0.4,0,1,1.0724137931034485,1.0,1.0599999999999998,0.988424437299035,0.06752411575562722,29
רשת 13,afternoon,<1m,0.4,0,1,1.0724137931034485,1.0,1.0599999999999998,0.988424437299035,0.06752411575562722,29
רשת 13,afternoon,1-2m,1.6333333333333333,1,2,1.3666666666666665,1.5,1.4244444444444444,1.0422764227642278,-0.09756097560975618,24
רשת 13,afternoon,4-6m,5.016666666666667,0,1,1.4259259259259256,1.5499999999999998,1.4466666666666665,1.0145454545454546,-0.08701298701298721,27
רשת 13,afternoon,4-6m,5.416666666666667,0,1,1.6740740740740743,1.5666666666666667,1.4733333333333334,0.8800884955752212,0.06415929203539839,27
רשת 13,afternoon,<1m,0.85,0,1,1.7260869565217392,1.3,1.4733333333333334,0.853568429890848,0.24685138539042817,23
רשת 13,afternoon,4-6m,5.7,0,1,1.880769230769231,1.6666666666666663,1.7533333333333332,0.9322426721199726,0.11383776414451285,26
רשת 13,afternoon,1-2m,1.0833333333333333,0,1,2.0818181818181816,1.7,1.7533333333333332,0.8422125181950509,0.18340611353711778,22
רשת 13,early_evening,<1m,0.4,0,1,2.4275862068965512,2.3,2.26,0.9309659090909091,0.05255681818181812,29
רשת 13,early_evening,<1m,0.4166666666666667,0,1,2.4482758620689653,2.3,2.26,0.9230985915492957,0.06056338028169017,29
רשת 13,early_evening,6-9m,6.666666666666667,0,1,2.517241379310345,2.5,2.673333333333333,1.062009132420091,0.006849315068493289,29
רשת 13,early_evening,6-9m,7.05,0,1,2.4444444444444446,2.1500000000000004,2.06,0.8427272727272727,0.12045454545454537,27
רשת 13,early_evening,1-2m,1.2,0,1,2.319047619047619,2.2,2.06,0.8882956878850103,0.05133470225872672,21
רשת 13,early_evening,4-6m,5.05,1,2,2.679310344827586,1.7833333333333332,2.4311111111111114,0.9073645073645075,0.3344058344058344,29
רשת 13,late_evening,6-9m,6.383333333333334,1,2,1.9107142857142854,1.1285714285714283,1.6914285714285717,0.8852336448598134,0.4093457943925234,28
רשת 13,late_evening,4-6m,5.5,0,1,2.4285714285714284,2.1166666666666667,2.3000000000000003,0.947058823529412,0.12843137254901948,28
רשת 13,late_evening,6-9m,7.583333333333333,1,2,2.6689655172413795,2.422222222222222,2.5622222222222226,0.9600057421762849,0.09244903818547245,29
רשת 13,late_evening,6-9m,6.466666666666667,0,1,2.806896551724138,2.1,2.1866666666666665,0.779033579033579,0.25184275184275184,29
רשת 13,late_evening,4-6m,5.533333333333333,1,2,3.4633333333333334,3.3285714285714287,3.450476190476191,0.9962876392135296,0.038911040835968635,30
רשת 13,late_evening,1-2m,1.6666666666666667,0,1,2.804,2.7000000000000006,2.6799999999999997,0.9557774607703281,0.03708987161198263,25
רשת 13,late_evening,4-6m,4.533333333333333,0,1,2.6884615384615387,2.6333333333333333,2.6799999999999997,0.9968526466380542,0.02050548402479746,26
רשת 13,overnight,<1m,0.4,0,1,2.3631578947368417,2.2,2.38,1.0071269487750558,0.06904231625835167,19
רשת 13,overnight,6-9m,7.633333333333334,1,2,2.307142857142857,2.3888888888888893,2.3503703703703707,1.018736383442266,-0.035431716546267866,28
רשת 13,overnight,4-6m,4.066666666666666,0,1,1.98,2.2,2.0933333333333333,1.0572390572390573,-0.11111111111111116,30
רשת 13,overnight,3-4m,3.05,0,1,1.1966666666666663,1.025,0.9800000000000002,0.8189415041782734,0.14345403899721432,30
רשת 13,overnight,3-4m,3.5,0,1,1.166666666666667,1.45,1.4666666666666666,1.2571428571428567,-0.24285714285714244,30
רשת 13,overnight,3-4m,3.316666666666667,0,1,0.6233333333333335,0.7,0.6333333333333332,1.0160427807486625,-0.12299465240641672,30
רשת 13,overnight,3-4m,3.35,0,1,0.4133333333333334,0.4,0.40000000000000013,0.9677419354838712,0.032258064516129115,30
רשת 13,overnight,3-4m,3.35,0,1,0.3266666666666667,0.4,0.38,1.1632653061224487,-0.22448979591836715,30
רשת 13,overnight,2-3m,2.6166666666666667,0,1,0.10000000000000003,0.10000000000000002,0.10000000000000003,1.0,1.1102230246251565e-16,30
רשת 13,morning,2-3m,2.95,0,1,0.3448275862068967,0.3,0.38666666666666666,1.1213333333333328,0.13000000000000034,29
רשת 13,morning,<1m,0.2,0,1,0.3555555555555556,0.3,0.38666666666666666,1.0874999999999997,0.15625000000000022,27
רשת 13,morning,3-4m,3.0166666666666666,0,1,0.07,0.1,0.08666666666666668,1.2380952380952381,-0.4285714285714286,30
רשת 13,morning,1-2m,1.2666666666666666,0,1,0.14333333333333334,0.0,0.10000000000000002,0.6976744186046513,1.0,30
רשת 13,morning,<1m,0.2,0,1,0.15357142857142855,0.0,0.1,0.6511627906976746,1.0,28
רשת 13,morning,6-9m,7.366666666666666,1,2,0.5827586206896551,0.7625,0.6200000000000001,1.0639053254437874,-0.30843195266272194,29
רשת 13,morning,<1m,0.5666666666666667,0,1,0.5272727272727272,0.8,0.6000000000000002,1.1379310344827591,-0.517241379310345,22
רשת 13,morning,4-6m,4.466666666666667,0,1,0.5862068965517241,0.5599999999999999,0.6,1.023529411764706,0.04470588235294115,29
רשת 13,morning,4-6m,5.45,1,2,0.7379310344827587,0.7142857142857143,0.7504761904761905,1.0170004450378283,0.03204272363150873,29
רשת 13,morning,<1m,0.75,0,1,0.7791666666666667,0.7,0.7733333333333335,0.9925133689839575,0.10160427807486638,24
רשת 13,morning,4-6m,4.45,0,1,0.9703703703703703,1.1199999999999999,1.0799999999999998,1.112977099236641,-0.15419847328244263,27
רשת 13,morning,4-6m,4.833333333333333,0,1,0.985185185185185,0.9666666666666667,0.9200000000000003,0.9338345864661658,0.018796992481202923,27
רשת 13,morning,3-4m,3.1,0,1,1.0964285714285715,0.95,0.9866666666666667,0.8998914223669924,0.1335504885993487,28
רשת 13,morning,<1m,0.4,1,2,1.1320000000000001,1.05,1.1066666666666667,0.9776207302709069,0.07243816254416968,25
רשת 13,morning,4-6m,4.466666666666667,0,1,1.3413793103448275,1.3166666666666667,1.366666666666667,1.01885175664096,0.018423307626392438,29
רשת 13,morning,6-9m,7.116666666666666,0,1,1.1206896551724135,0.8777777777777778,0.8333333333333331,0.7435897435897436,0.21675213675213656,29
רשת 13,morning,1-2m,1.1833333333333331,0,1,0.9727272727272726,0.7,0.8333333333333331,0.8566978193146417,0.28037383177570085,22
רשת 13,afternoon,1-2m,1.95,0,1,0.5625,0.4000000000000001,0.44000000000000017,0.7822222222222225,0.28888888888888875,24
רשת 13,afternoon,4-6m,4.716666666666667,0,1,0.537037037037037,0.43333333333333335,0.4400000000000002,0.8193103448275867,0.1931034482758619,27
רשת 13,afternoon,1-2m,1.0833333333333333,0,1,0.5,0.4,0.44000000000000017,0.8800000000000003,0.19999999999999996,23
רשת 13,afternoon,1-2m,1.7833333333333334,0,1,0.6875,0.6333333333333333,0.56,0.8145454545454546,0.07878787878787885,24
רשת 13,afternoon,4-6m,4.983333333333333,0,1,0.6000000000000001,0.5666666666666667,0.56,0.9333333333333332,0.05555555555555569,27
רשת 13,afternoon,<1m,0.4,0,1,0.47727272727272746,0.5,0.56,1.173333333333333,-0.04761904761904723,22
רשת 13,afternoon,4-6m,4.45,0,1,0.3689655172413794,0.33999999999999997,0.44000000000000006,1.1925233644859812,0.07850467289719654,29
רשת 13,afternoon,1-2m,1.7166666666666666,0,1,0.6695652173913044,0.6,0.6666666666666666,0.9956709956709956,0.10389610389610393,23
רשת 13,afternoon,3-4m,3.1333333333333333,0,1,0.7240000000000001,0.675,0.6666666666666666,0.9208103130755063,0.06767955801104975,25
רשת 13,afternoon,<1m,0.85,0,1,0.7956521739130435,0.9,0.6666666666666666,0.837887067395264,-0.13114754098360648,23
רשת 13,afternoon,1-2m,1.1,0,1,1.1173913043478263,1.25,1.2333333333333334,1.1037613488975355,-0.11867704280155622,23
רשת 13,afternoon,4-6m,4.766666666666667,0,1,1.2421052631578948,1.2333333333333334,1.2199999999999998,0.9822033898305083,0.007062146892655385,19
רשת 13,afternoon,1-2m,1.0833333333333333,0,1,1.211764705882353,1.3,1.2199999999999998,1.006796116504854,-0.07281553398058249,17
רשת 13,afternoon,4-6m,4.45,0,1,1.0571428571428572,1.3499999999999999,1.2199999999999998,1.1540540540540538,-0.277027027027027,21
רשת 13,afternoon,2-3m,2.066666666666667,0,1,1.6909090909090914,1.8999999999999997,1.7733333333333332,1.0487455197132614,-0.12365591397849407,22
רשת 13,afternoon,4-6m,5.416666666666667,1,2,1.7090909090909092,1.6666666666666663,1.6955555555555553,0.9920803782505908,0.024822695035461306,22
רשת 13,afternoon,<1m,0.95,0,1,1.7529411764705882,1.5,1.68,0.9583892617449664,0.14429530201342278,17
רשת 13,afternoon,2-3m,2.683333333333333,0,1,2.3076923076923075,1.5,2.2933333333333334,0.9937777777777779,0.35,26
רשת 13,early_evening,<1m,0.4,0,1,4.172413793103448,4.3,4.513333333333333,1.0817079889807162,-0.03057851239669418,29
רשת 13,early_evening,<1m,0.4,0,1,4.189655172413793,4.5,4.513333333333333,1.0772565157750342,-0.07407407407407418,29
רשת 13,early_evening,6-9m,7.966666666666667,0,1,3.8956521739130436,3.3777777777777778,3.4200000000000004,0.8779017857142858,0.13293650793650802,23
רשת 13,early_evening,4-6m,5.15,0,1,3.8461538461538467,3.416666666666666,3.8000000000000003,0.9879999999999999,0.11166666666666691,13
רשת 13,early_evening,<1m,0.9833333333333332,1,2,4.3,3.7,3.9833333333333334,0.9263565891472869,0.13953488372093015,15
רשת 13,early_evening,4-6m,5.816666666666666,0,1,4.745,3.8285714285714283,4.166666666666667,0.8781173164734809,0.1931356314917959,20
רשת 13,early_evening,1-2m,1.1666666666666667,0,1,4.713636363636364,4.2,4.166666666666667,0.8839601414336227,0.10896817743490839,22
רשת 13,early_evening,2-3m,2.183333333333333,0,1,4.033333333333334,3.6,4.320000000000001,1.0710743801652893,0.10743801652892582,24
רשת 13,early_evening,3-4m,3.9,1,2,4.003846153846154,3.34,3.72,0.929106628242075,0.1658021133525457,26
רשת 13,early_evening,1-2m,1.8833333333333333,0,1,4.206666666666667,4.166666666666667,4.746666666666667,1.1283676703645007,0.009508716323296418,30
רשת 13,late_evening,6-9m,7.183333333333334,0,1,5.310714285714286,3.55,4.1466666666666665,0.7808114772472539,0.33154001344989914,28
רשת 13,late_evening,6-9m,7.866666666666666,1,2,6.2266666666666675,4.9222222222222225,5.802222222222223,0.9318344039971449,0.2094932191291935,30
רשת 13,late_evening,<1m,0.2,0,1,12.051724137931034,8.0,10.906666666666666,0.9049880782069624,0.33619456366237477,29
רשת 13,late_evening,<1m,0.2,0,1,12.489655172413793,10.2,10.906666666666666,0.8732560279771765,0.18332413031474326,29
רשת 13,late_evening,9m+,10.916666666666666,1,2,17.36923076923077,8.983333333333334,12.844999999999999,0.7395261293179803,0.48280188957779746,26
רשת 13,late_evening,1-2m,1.3833333333333333,0,1,16.119999999999997,9.0,12.9,0.8002481389578165,0.4416873449131513,15
רשת 13,late_evening,9m+,11.016666666666667,0,1,11.338095238095239,7.133333333333333,8.80666666666667,0.7767324653506933,0.3708525829483411,21
רשת 13,late_evening,4-6m,5.15,1,2,4.948,4.116666666666667,5.528888888888889,1.11739872451271,0.16801401239558067,25
רשת 13,late_evening,6-9m,7.666666666666667,1,2,3.04,2.5625,2.9149999999999996,0.9588815789473683,0.15707236842105265,30
רשת 13,overnight,3-4m,3.933333333333333,1,2,1.9037037037037037,2.1399999999999997,2.010666666666667,1.0561867704280157,-0.12412451361867682,27
רשת 13,overnight,1-2m,1.8166666666666669,0,1,1.7039999999999997,2.033333333333333,1.6266666666666671,0.9546165884194058,-0.19327073552425666,25
רשת 13,overnight,<1m,0.75,0,1,1.5521739130434784,1.9,1.6266666666666671,1.0479925303454718,-0.2240896358543416,23
רשת 13,overnight,3-4m,3.283333333333333,0,1,1.1428571428571428,1.075,1.0466666666666664,0.9158333333333332,0.059374999999999956,28
רשת 13,overnight,1-2m,1.1,0,1,1.2714285714285716,1.3999999999999997,1.2666666666666664,0.9962546816479397,-0.10112359550561756,28
רשת 13,overnight,2-3m,2.3833333333333333,0,1,1.3199999999999996,1.5666666666666667,1.3600000000000003,1.030303030303031,-0.1868686868686873,30
רשת 13,overnight,3-4m,3.45,0,1,0.7100000000000002,0.8,0.7333333333333332,1.0328638497652578,-0.12676056338028152,30
רשת 13,overnight,3-4m,3.15,1,2,0.12000000000000002,0.1,0.10800000000000003,0.9,0.16666666666666674,30
רשת 13,overnight,3-4m,3.0166666666666666,0,1,0.10666666666666669,0.1,0.10000000000000003,0.9375000000000001,0.06250000000000011,30
רשת 13,overnight,3-4m,3.066666666666667,0,1,0.21000000000000005,0.2,0.20000000000000007,0.9523809523809524,0.04761904761904778,30
רשת 13,morning,2-3m,2.25,0,1,0.7310344827586206,0.7333333333333334,0.5266666666666666,0.720440251572327,-0.003144654088050425,29
רשת 13,morning,<1m,0.6833333333333333,0,1,0.7777777777777778,0.9,0.5266666666666666,0.677142857142857,-0.15714285714285725,27
רשת 13,morning,<1m,0.9833333333333332,0,1,1.7347826086956515,1.4,1.9066666666666667,1.0990810359231418,0.1929824561403506,23
רשת 13,morning,4-6m,5.916666666666667,1,2,1.3785714285714288,1.0857142857142859,1.201904761904762,0.8718480138169257,0.21243523316062174,28
רשת 13,morning,6-9m,6.166666666666667,1,2,0.9185185185185184,0.9857142857142859,0.9380952380952382,1.0213133640552998,-0.07315668202765013,27
רשת 13,morning,1-2m,1.0833333333333333,0,1,1.0857142857142856,0.95,0.9666666666666668,0.8903508771929827,0.125,21
רשת 13,morning,<1m,0.9666666666666668,0,1,0.8954545454545454,1.0,1.1400000000000001,1.273096446700508,-0.11675126903553301,22
רשת 13,morning,4-6m,5.45,1,2,0.7923076923076924,0.7333333333333334,0.7488888888888888,0.9451995685005392,0.0744336569579288,26
רשת 13,morning,6-9m,7.716666666666667,0,1,0.6966666666666667,0.46249999999999997,0.5333333333333332,0.7655502392344496,0.3361244019138756,30
רשת 13,morning,<1m,0.3166666666666666,0,1,0.9136363636363636,0.8,0.7666666666666667,0.8391376451077944,0.1243781094527362,22
רשת 13,morning,<1m,0.3,0,1,0.9045454545454544,0.8,0.7666666666666667,0.8475711892797322,0.11557788944723602,22
רשת 13,morning,6-9m,6.3,1,2,0.8928571428571429,0.5285714285714286,0.7742857142857144,0.8672000000000001,0.40800000000000003,28
רשת 13,morning,4-6m,5.4,1,2,0.742857142857143,0.8285714285714284,0.7533333333333333,1.0141025641025638,-0.11538461538461497,28
רשת 13,morning,<1m,0.3,0,1,0.7136363636363636,0.6,0.6533333333333334,0.9154989384288749,0.15923566878980888,22
רשת 13,morning,<1m,0.3,0,1,0.7045454545454546,0.6,0.6533333333333334,0.9273118279569893,0.1483870967741936,22
רשת 13,morning,4-6m,5.066666666666666,1,2,0.5499999999999999,0.3,0.39444444444444443,0.7171717171717172,0.4545454545454545,30
רשת 13,morning,4-6m,4.916666666666667,1,2,0.7321428571428571,0.3833333333333333,0.5311111111111111,0.725420054200542,0.4764227642276423,28
רשת 13,morning,<1m,0.3,0,1,0.9521739130434782,0.8,0.9533333333333331,1.0012176560121764,0.15981735159817345,23
רשת 13,morning,<1m,0.3,0,1,0.991304347826087,0.9,0.9533333333333331,0.9616959064327483,0.0921052631578948,23
רשת 13,morning,6-9m,7.866666666666666,1,2,1.1433333333333333,0.925,0.9983333333333333,0.8731778425655976,0.19096209912536433,30
רשת 13,afternoon,<1m,0.3,0,1,1.0551724137931033,1.7,1.1666666666666665,1.1056644880174291,-0.6111111111111112,29
רשת 13,afternoon,<1m,0.3,0,1,1.0413793103448274,1.7,1.1666666666666665,1.120309050772627,-0.632450331125828,29
רשת 13,afternoon,3-4m,3.9166666666666665,0,1,0.9233333333333333,0.9199999999999999,1.0333333333333334,1.1191335740072204,0.0036101083032491488,30
רשת 13,afternoon,<1m,0.3,0,1,2.024,2.0,1.6933333333333331,0.8366271409749669,0.011857707509881465,25
רשת 13,afternoon,4-6m,4.966666666666667,0,1,2.037931034482759,1.6000000000000003,1.6933333333333331,0.8309080654258317,0.21489001692047371,29
רשת 13,afternoon,4-6m,4.283333333333333,1,2,2.146428571428572,1.9666666666666666,2.0700000000000003,0.9643926788685524,0.08374930671103742,28
רשת 13,afternoon,<1m,0.8333333333333334,0,1,1.9708333333333332,1.7,1.6333333333333337,0.8287526427061314,0.13742071881606766,24
רשת 13,afternoon,<1m,0.3,0,1,1.9041666666666668,1.75,1.6333333333333337,0.8577680525164115,0.08096280087527363,24
רשת 13,afternoon,4-6m,5.083333333333333,0,1,1.717857142857143,1.8166666666666664,1.7,0.9896049896049895,-0.05751905751905739,28
רשת 13,afternoon,<1m,0.9333333333333332,0,1,1.7916666666666667,1.45,1.7,0.9488372093023255,0.19069767441860475,24
רשת 13,afternoon,6-9m,7.183333333333334,0,1,1.8448275862068968,1.7999999999999998,1.8199999999999998,0.9865420560747661,0.024299065420560928,29
רשת 13,afternoon,1-2m,1.0666666666666669,0,1,1.8217391304347827,1.75,1.8199999999999998,0.9990453460620523,0.039379474940334225,23
רשת 13,early_evening,6-9m,8.833333333333334,0,1,2.5821428571428577,2.06,2.2666666666666666,0.8778238819732593,0.20221300138312603,28
רשת 13,early_evening,1-2m,1.1833333333333331,1,2,2.4952380952380957,2.1999999999999997,2.2955555555555556,0.919974554707379,0.11832061068702315,21
רשת 13,early_evening,1-2m,1.6666666666666667,0,1,3.0433333333333334,2.733333333333333,2.8800000000000003,0.946330777656079,0.10186199342825863,30
רשת 13,early_evening,6-9m,7.166666666666667,1,2,4.603703703703704,4.175,4.026666666666667,0.8746580852775544,0.09312148028962186,27
רשת 13,early_evening,<1m,0.3,0,1,4.645,3.7,3.8933333333333335,0.8381772515249374,0.20344456404736266,20
רשת 13,early_evening,1-2m,1.6833333333333331,0,1,4.685714285714286,3.7,3.8933333333333335,0.8308943089430895,0.21036585365853655,21
רשת 13,early_evening,6-9m,7.716666666666667,1,2,6.043333333333333,5.988888888888889,6.217777777777776,1.0288656002941716,0.009009009009008917,30
רשת 13,early_evening,1-2m,1.8833333333333333,0,1,7.8428571428571425,7.033333333333334,7.853333333333334,1.0013357619914998,0.10321797207043093,28
רשת 13,late_evening,6-9m,8.283333333333333,0,1,7.826666666666667,6.066666666666666,6.860000000000001,0.8764906303236798,0.2248722316865418,30
רשת 13,late_evening,6-9m,7.883333333333334,0,1,8.121428571428572,6.033333333333334,6.726666666666666,0.8282615068894751,0.2571093520961595,28
רשת 13,late_evening,9m+,11.616666666666667,1,2,13.046153846153846,6.246153846153845,9.490256410256409,0.7274371069182389,0.5212264150943398,26
רשת 13,late_evening,9m+,10.216666666666669,1,2,10.747619047619047,7.466666666666668,8.953333333333333,0.8330527248560036,0.30527248560035425,21
רשת 13,late_evening,4-6m,5.383333333333334,0,1,6.964999999999999,5.849999999999999,6.786666666666668,0.9743957884661405,0.16008614501076823,20
רשת 13,late_evening,<1m,0.2,0,1,6.928571428571427,5.9,6.786666666666668,0.979518900343643,0.14845360824742249,21
רשת 13,late_evening,9m+,9.333333333333334,0,1,3.717241379310345,4.1,4.366666666666666,1.1747062461348174,-0.10296846011131722,29
רשת 13,overnight,4-6m,5.583333333333333,1,2,1.932,1.4500000000000002,1.4133333333333333,0.7315389924085577,0.24948240165631463,25
רשת 13,overnight,1-2m,1.8333333333333333,0,1,1.7045454545454546,1.3,1.2066666666666668,0.7079111111111112,0.23733333333333329,22
רשת 13,overnight,<1m,0.8333333333333334,0,1,1.5909090909090906,1.1,1.2066666666666668,0.7584761904761906,0.3085714285714284,22
רשת 13,overnight,2-3m,2.3333333333333335,0,1,0.8599999999999999,1.0,0.8199999999999997,0.9534883720930231,-0.16279069767441867,30
רשת 13,overnight,2-3m,2.8333333333333335,0,1,0.8333333333333335,0.8,0.8000000000000003,0.9600000000000002,0.04000000000000015,30
רשת 13,overnight,1-2m,1.1333333333333333,0,1,0.7466666666666669,0.8,0.7733333333333334,1.0357142857142856,-0.07142857142857117,30
רשת 13,overnight,1-2m,1.8833333333333333,0,1,0.5,0.5333333333333333,0.5066666666666666,1.0133333333333332,-0.06666666666666665,30
רשת 13,overnight,2-3m,2.1666666666666665,0,1,0.5192307692307693,0.5,0.5,0.9629629629629629,0.03703703703703709,26
רשת 13,overnight,3-4m,3.1,0,1,0.6,0.6,0.5999999999999999,0.9999999999999998,0.0,23
רשת 13,overnight,3-4m,3.283333333333333,0,1,1.0576923076923075,0.85,1.0133333333333332,0.9580606060606062,0.19636363636363618,26
רשת 13,morning,2-3m,2.8333333333333335,1,2,1.5321428571428573,1.4249999999999998,1.475,0.9627039627039627,0.06993006993007012,28
רשת 13,morning,1-2m,1.2833333333333334,0,1,1.5653846153846156,1.45,1.4266666666666665,0.9113841113841111,0.07371007371007388,26
רשת 13,morning,1-2m,1.25,0,1,1.3454545454545457,1.1,1.373333333333334,1.020720720720721,0.18243243243243246,22
רשת 13,morning,4-6m,4.4,0,1,1.268,0.7799999999999999,0.9333333333333332,0.736067297581493,0.3848580441640379,25
רשת 13,morning,2-3m,2.0833333333333335,0,1,1.1772727272727275,0.7666666666666666,0.9333333333333332,0.7927927927927926,0.3487773487773489,22
רשת 13,morning,6-9m,7.633333333333334,1,2,1.6071428571428572,1.4444444444444442,1.3800000000000001,0.8586666666666667,0.10123456790123475,28
רשת 13,morning,<1m,0.85,0,1,1.781818181818182,1.6,2.02,1.133673469387755,0.10204081632653061,22
רשת 13,morning,<1m,0.9833333333333332,0,1,2.0904761904761906,1.7,1.7799999999999998,0.8514806378132117,0.18678815489749434,21
רשת 13,morning,3-4m,3.95,1,2,2.0375,1.78,1.984,0.9737423312883435,0.12638036809815956,24
רשת 13,morning,1-2m,1.45,0,1,2.0045454545454544,1.8333333333333333,2.12,1.0575963718820862,0.08541194255479967,22
רשת 13,morning,6-9m,7.5,1,2,1.8433333333333333,1.5333333333333334,1.6533333333333333,0.8969258589511754,0.16817359855334535,30
רשת 13,morning,<1m,0.3,0,1,1.6565217391304345,1.5,1.5733333333333333,0.9497812773403326,0.09448818897637778,23
רשת 13,morning,<1m,0.3,0,1,1.654545454545454,1.5,1.5733333333333333,0.9509157509157511,0.09340659340659319,22
רשת 13,morning,4-6m,4.983333333333333,0,1,1.626923076923077,1.2666666666666668,1.386666666666667,0.8523246650906227,0.2214342001576043,26
רשת 13,morning,2-3m,2.0833333333333335,0,1,1.6521739130434783,1.3333333333333333,1.386666666666667,0.8392982456140352,0.19298245614035092,23
רשת 13,morning,6-9m,7.283333333333333,0,1,2.042857142857143,2.075,2.06,1.0083916083916082,-0.015734265734265618,28
רשת 13,morning,<1m,0.3,0,1,1.9190476190476196,2.2,2.033333333333333,1.0595533498759302,-0.14640198511166225,21
רשת 13,morning,<1m,0.3,0,1,1.8904761904761913,2.2,2.033333333333333,1.0755667506297224,-0.16372795969773257,21
רשת 13,morning,4-6m,5.483333333333333,1,2,1.9178571428571427,1.6999999999999997,1.7561904761904759,0.9157045313469894,0.11359404096834269,28
רשת 13,morning,1-2m,1.9666666666666663,0,1,1.9458333333333335,1.8,2.0933333333333333,1.0758029978586723,0.07494646680942196,24
רשת 13,morning,<1m,0.3,0,1,1.6931034482758625,1.9,1.74,1.0276985743380853,-0.12219959266802416,29
רשת 13,morning,<1m,0.3,0,1,1.6724137931034486,1.9,1.74,1.0404123711340203,-0.13608247422680386,29
רשת 13,morning,6-9m,7.983333333333333,0,1,0.9833333333333332,0.8222222222222223,0.8333333333333334,0.8474576271186443,0.16384180790960434,30
רשת 13,afternoon,<1m,0.3,0,1,0.6448275862068964,0.7,0.6266666666666666,0.9718360071301249,-0.08556149732620333,29
רשת 13,afternoon,<1m,0.3,0,1,0.6448275862068964,0.7,0.6266666666666666,0.9718360071301249,-0.08556149732620333,29
רשת 13,afternoon,6-9m,7.933333333333334,1,2,0.6499999999999999,0.5111111111111112,0.5881481481481481,0.9048433048433049,0.21367521367521347,30
רשת 13,afternoon,2-3m,2.8833333333333333,0,1,0.6566666666666665,0.625,0.6199999999999999,0.9441624365482234,0.04822335025380686,30
רשת 13,afternoon,6-9m,6.05,1,2,0.65,0.5428571428571428,0.6095238095238094,0.9377289377289374,0.16483516483516492,24
רשת 13,afternoon,4-6m,4.75,1,2,0.636842105263158,0.5666666666666667,0.49222222222222234,0.7729109274563821,0.11019283746556485,19
רשת 13,afternoon,<1m,0.3,0,1,0.6900000000000001,0.4,0.4733333333333334,0.6859903381642513,0.42028985507246375,20
רשת 13,afternoon,3-4m,3.05,1,2,0.9782608695652174,0.7999999999999999,1.0183333333333333,1.0409629629629629,0.18222222222222229,23
רשת 13,afternoon,4-6m,4.316666666666666,1,2,1.507692307692308,0.9199999999999999,1.2906666666666669,0.8560544217687074,0.38979591836734717,26
רשת 13,afternoon,2-3m,2.1166666666666667,0,1,1.6800000000000004,0.95,1.706666666666667,1.0158730158730158,0.43452380952380965,25
רשת 13,afternoon,<1m,0.85,0,1,1.7869565217391306,1.3,1.706666666666667,0.9550689375506894,0.2725060827250608,23
רשת 13,afternoon,4-6m,4.1,0,1,2.2384615384615385,1.6800000000000002,2.106666666666667,0.941122565864834,0.24948453608247412,26
רשת 13,afternoon,3-4m,3.183333333333333,0,1,2.056,1.5750000000000002,2.0733333333333333,1.0084306095979247,0.2339494163424124,25
רשת 13,afternoon,3-4m,3.783333333333333,0,1,1.576923076923077,1.2,1.2799999999999998,0.8117073170731706,0.23902439024390254,26
רשת 13,afternoon,2-3m,2.45,0,1,1.5999999999999999,1.2666666666666666,1.2799999999999998,0.7999999999999999,0.20833333333333326,24
רשת 13,afternoon,<1m,0.6666666666666666,1,2,1.6347826086956518,1.2,1.5133333333333332,0.9257092198581561,0.2659574468085105,23
רשת 13,afternoon,6-9m,7.75,1,2,1.6535714285714285,1.475,1.5699999999999998,0.9494600431965442,0.10799136069114457,28
רשת 13,afternoon,<1m,0.7666666666666667,0,1,1.6454545454545453,1.6,1.5399999999999998,0.9359116022099447,0.027624309392265012,22
רשת 13,early_evening,9m+,10.95,0,1,1.8964285714285711,1.7916666666666667,1.8,0.9491525423728815,0.05524168236032623,28
רשת 13,early_evening,1-2m,1.1833333333333331,1,2,1.838888888888889,2.0,1.83,0.9951661631419939,-0.08761329305135934,18
רשת 13,early_evening,1-2m,1.6666666666666667,0,1,1.9800000000000002,1.55,1.7800000000000002,0.898989898989899,0.21717171717171724,30
רשת 13,early_evening,6-9m,8.9,0,1,3.237037037037037,3.0,3.066666666666667,0.9473684210526316,0.07322654462242562,27
רשת 13,early_evening,1-2m,1.45,0,1,3.3823529411764706,2.2,3.3266666666666667,0.983536231884058,0.3495652173913043,17
רשת 13,early_evening,6-9m,6.6,1,2,4.279166666666667,3.8285714285714283,4.115238095238095,0.9616914730838781,0.10529976352761172,24
רשת 13,early_evening,2-3m,2.7,0,1,4.695652173913043,3.9333333333333336,4.246666666666667,0.9043827160493829,0.16234567901234553,23
רשת 13,early_evening,2-3m,2.216666666666667,0,1,6.275000000000001,5.733333333333334,6.2200000000000015,0.9912350597609563,0.08632138114209831,28
רשת 13,late_evening,6-9m,7.583333333333333,0,1,5.3517241379310345,4.8,4.573333333333333,0.854553264604811,0.10309278350515472,29
רשת 13,late_evening,6-9m,7.516666666666667,1,2,5.262962962962963,4.137499999999999,5.056666666666667,0.9608022519352569,0.21384588318085862,27
רשת 13,late_evening,6-9m,8.65,1,2,15.856666666666666,8.244444444444447,13.383703703703704,0.8440426973115643,0.48006446640039224,30
רשת 13,late_evening,9m+,9.433333333333334,1,2,14.789655172413795,8.809999999999999,12.646666666666667,0.8551021994248852,0.40431335975751936,29
רשת 13,late_evening,4-6m,5.15,0,1,9.751851851851852,7.916666666666667,8.733333333333333,0.895556399544246,0.1881883782757311,27
רשת 13,late_evening,<1m,0.2,0,1,8.3125,7.0,8.733333333333333,1.05062656641604,0.1578947368421053,24
רשת 13,late_evening,4-6m,4.183333333333334,0,1,3.8275862068965516,3.6399999999999997,4.0,1.045045045045045,0.049009009009009064,29
רשת 13,late_evening,<1m,0.9666666666666668,0,1,3.7115384615384617,3.5,4.0,1.077720207253886,0.05699481865284972,26
רשת 13,overnight,4-6m,5.283333333333333,0,1,2.9285714285714284,3.0,2.986666666666666,1.0198373983739835,-0.024390243902439046,28
רשת 13,overnight,<1m,0.2,0,1,2.8826086956521744,2.9,2.8666666666666667,0.9944695827048766,-0.006033182503770496,23
רשת 13,overnight,1-2m,1.2,0,1,2.858333333333333,2.9,2.8666666666666667,1.0029154518950438,-0.014577259475218707,24
רשת 13,overnight,1-2m,1.5666666666666669,0,1,2.15,2.3666666666666667,2.2199999999999998,1.0325581395348837,-0.10077519379844957,30
רשת 13,overnight,2-3m,2.8333333333333335,1,2,1.3366666666666662,1.2249999999999999,1.34,1.0024937655860353,0.08354114713216942,30
רשת 13,overnight,2-3m,2.25,0,1,0.7633333333333331,0.8666666666666667,0.92,1.2052401746724895,-0.13537117903930174,30
רשת 13,overnight,1-2m,1.7,0,1,0.4466666666666667,0.6,0.5199999999999999,1.1641791044776115,-0.3432835820895521,30
רשת 13,overnight,3-4m,3.0166666666666666,0,1,0.4133333333333334,0.4,0.40000000000000013,0.9677419354838712,0.032258064516129115,30
רשת 13,overnight,1-2m,1.6,0,1,0.2900000000000001,0.4,0.40000000000000013,1.3793103448275863,-0.37931034482758585,30
רשת 13,overnight,2-3m,2.033333333333333,0,1,0.45666666666666667,0.4000000000000001,0.40000000000000013,0.8759124087591244,0.12408759124087576,30
רשת 13,morning,2-3m,2.8666666666666667,1,2,1.0535714285714284,1.0,1.0533333333333335,0.9997740112994353,0.05084745762711851,28
רשת 13,morning,1-2m,1.3833333333333333,0,1,1.1,1.0,1.0799999999999998,0.9818181818181816,0.09090909090909094,27
רשת 13,morning,1-2m,1.3833333333333333,0,1,1.5869565217391304,1.75,1.8733333333333329,1.180456621004566,-0.10273972602739723,23
רשת 13,morning,6-9m,6.333333333333333,1,2,1.45,1.1714285714285713,1.1190476190476188,0.7717569786535302,0.19211822660098532,28
רשת 13,morning,6-9m,7.783333333333333,1,2,1.4142857142857144,1.344444444444444,1.3674074074074074,0.9668537224092779,0.049382716049383046,28
רשת 13,morning,<1m,0.7833333333333333,0,1,1.657142857142857,1.1,1.6266666666666667,0.981609195402299,0.3362068965517241,21
רשת 13,morning,<1m,0.2,0,1,1.8000000000000003,1.9,1.7866666666666664,0.9925925925925922,-0.05555555555555536,21
רשת 13,morning,<1m,0.2,0,1,1.8350000000000002,1.7,1.7866666666666664,0.9736603088101723,0.07356948228882842,20
רשת 13,morning,1-2m,1.3833333333333333,0,1,1.931818181818182,1.6666666666666667,1.7866666666666664,0.9248627450980389,0.13725490196078438,22
רשת 13,morning,4-6m,5.016666666666667,0,1,1.9130434782608696,1.7666666666666666,1.9200000000000002,1.0036363636363637,0.07651515151515154,23
רשת 13,morning,4-6m,4.733333333333333,0,1,2.1923076923076925,1.7999999999999998,1.8599999999999997,0.8484210526315787,0.17894736842105274,26
רשת 13,morning,2-3m,2.3,0,1,2.2600000000000002,1.7,1.86,0.8230088495575221,0.24778761061946908,25
רשת 13,morning,<1m,0.2,0,1,2.3260869565217392,2.4,2.186666666666667,0.9400623052959503,-0.031775700934579376,23
רשת 13,morning,<1m,0.2,0,1,2.3181818181818183,2.2,2.186666666666667,0.9432679738562092,0.050980392156862786,22
רשת 13,morning,6-9m,7.1,0,1,2.146428571428572,1.7555555555555555,1.8666666666666667,0.8696616749861341,0.18210390090589768,28
רשת 13,morning,6-9m,6.933333333333334,0,1,1.8821428571428576,1.8125,1.9066666666666665,1.01302972802024,0.03700189753320704,28
רשת 13,morning,<1m,0.2,0,1,1.6666666666666667,1.5,1.6066666666666665,0.9639999999999999,0.10000000000000009,21
רשת 13,morning,<1m,0.2,0,1,1.6666666666666667,1.5,1.6066666666666665,0.9639999999999999,0.10000000000000009,21
רשת 13,morning,6-9m,8.85,0,1,1.563333333333333,1.8599999999999999,1.8466666666666665,1.1812366737739872,-0.18976545842217507,30
רשת 13,morning,<1m,0.2,0,1,1.4448275862068962,1.6,1.5066666666666668,1.0428003182179797,-0.10739856801909342,29
רשת 13,morning,<1m,0.2,0,1,1.4413793103448271,1.5,1.5066666666666668,1.045295055821372,-0.04066985645933041,29
רשת 13,morning,6-9m,7.966666666666667,0,1,1.4866666666666668,1.4000000000000001,1.4200000000000002,0.9551569506726457,0.058295964125560484,30
רשת 13,afternoon,<1m,0.2,0,1,1.382758620689655,1.5,1.4466666666666665,1.0462177888611806,-0.0847880299251873,29
רשת 13,afternoon,<1m,0.2,0,1,1.3766666666666665,1.5,1.4466666666666665,1.0508474576271187,-0.08958837772397099,30
רשת 13,afternoon,4-6m,4.666666666666667,0,1,1.2740740740740744,1.25,1.3866666666666665,1.0883720930232554,0.018895348837209558,27
רשת 13,afternoon,2-3m,2.3833333333333333,0,1,1.3479999999999999,1.5,1.3866666666666665,1.0286844708209693,-0.11275964391691407,25
רשת 13,afternoon,4-6m,5.1,0,1,1.61,1.9166666666666667,1.7266666666666663,1.0724637681159417,-0.19047619047619047,30
רשת 13,afternoon,6-9m,7.1,1,2,1.8678571428571433,1.8250000000000002,1.8800000000000001,1.0065009560229443,0.02294455066921619,28
רשת 13,afternoon,<1m,0.2,0,1,2.005,2.1,2.08,1.0374064837905237,-0.04738154613466339,20
רשת 13,afternoon,3-4m,3.7,0,1,2.0833333333333335,1.8799999999999997,1.9533333333333331,0.9375999999999999,0.09760000000000024,24
רשת 13,afternoon,3-4m,3.0166666666666666,0,1,2.448,1.8,2.3666666666666667,0.9667755991285404,0.2647058823529411,25
רשת 13,afternoon,4-6m,4.366666666666666,0,1,2.9,2.16,2.6199999999999997,0.9034482758620689,0.2551724137931034,25
רשת 13,afternoon,2-3m,2.783333333333333,0,1,2.9095238095238094,2.0250000000000004,2.6199999999999997,0.9004909983633387,0.3040098199672666,21
רשת 13,afternoon,<1m,0.2,0,1,2.9823529411764707,2.7,2.6199999999999997,0.8785009861932938,0.09467455621301768,17
רשת 13,afternoon,3-4m,3.4166666666666665,0,1,2.784,2.44,2.7466666666666666,0.9865900383141762,0.12356321839080453,25
רשת 13,afternoon,6-9m,7.133333333333334,0,1,2.310344827586207,2.2125000000000004,2.2266666666666666,0.9637810945273632,0.042350746268656536,29
רשת 13,afternoon,<1m,0.8333333333333334,0,1,2.354545454545455,2.2,2.2266666666666666,0.9456885456885454,0.06563706563706573,22
רשת 13,afternoon,6-9m,7.233333333333333,1,2,2.5107142857142857,2.3125,2.2391666666666667,0.8918444760550024,0.07894736842105265,28
רשת 13,afternoon,1-2m,1.2333333333333334,0,1,2.5318181818181813,2.0,2.2066666666666666,0.8715739078396171,0.2100538599640932,22
רשת 13,early_evening,6-9m,7.783333333333333,1,2,3.1576923076923076,3.125,3.1566666666666667,0.9996751928542429,0.010353227771010887,26
רשת 13,early_evening,1-2m,1.9,0,1,3.2190476190476196,3.0666666666666664,3.186666666666666,0.9899408284023665,0.04733727810650912,21
רשת 13,early_evening,1-2m,1.15,0,1,3.25,2.95,3.1866666666666665,0.9805128205128205,0.0923076923076922,20
רשת 13,early_evening,1-2m,1.6666666666666667,0,1,3.5166666666666666,3.266666666666667,3.26,0.9270142180094786,0.07109004739336477,30
רשת 13,early_evening,6-9m,8.683333333333334,0,1,4.492857142857143,3.6,3.6199999999999988,0.8057233704292525,0.19872813990461047,28
רשת 13,early_evening,1-2m,1.45,0,1,4.619047619047619,3.2999999999999994,3.619999999999999,0.7837113402061855,0.28556701030927845,21
רשת 13,early_evening,6-9m,6.7,1,2,5.45925925925926,5.262499999999999,5.440833333333334,0.9966248303934871,0.03604138398914536,27
רשת 13,early_evening,3-4m,3.1166666666666667,0,1,6.078260869565218,5.175,5.546666666666667,0.9125417262756318,0.14860515021459242,23
רשת 13,early_evening,1-2m,1.8833333333333333,0,1,8.007142857142856,7.65,8.06,1.0066012488849243,0.04460303300624424,28
רשת 13,late_evening,6-9m,8.1,1,2,7.523076923076923,5.855555555555556,6.917777777777777,0.919541013406044,0.22165416950693018,26
רשת 13,late_evening,6-9m,7.8,0,1,7.1521739130434785,6.822222222222222,7.139999999999999,0.9982978723404253,0.04613306315433985,23
רשת 13,late_evening,4-6m,4.333333333333333,0,1,8.154166666666667,6.9,7.2666666666666675,0.8911599386816557,0.15380684721512516,24
רשת 13,late_evening,<1m,0.2666666666666666,0,1,8.3,6.55,7.2666666666666675,0.8755020080321285,0.21084337349397597,25
רשת 13,late_evening,<1m,0.2,0,1,12.158620689655173,11.7,11.713333333333333,0.9633768198147097,0.03771979580260931,29
רשת 13,late_evening,<1m,0.2,0,1,12.227586206896552,11.0,11.713333333333333,0.9579432224102274,0.1003948110547096,29
רשת 13,late_evening,1-2m,1.4666666666666666,0,1,11.320000000000002,8.35,11.466666666666667,1.0129564193168432,0.26236749116607794,25
רשת 13,late_evening,9m+,9.383333333333333,1,2,8.125000000000002,5.33,7.183333333333332,0.8841025641025637,0.3440000000000001,28
רשת 13,late_evening,<1m,0.9833333333333332,0,1,4.325,4.75,4.459999999999999,1.0312138728323696,-0.09826589595375723,24
רשת 13,late_evening,4-6m,4.583333333333333,1,2,4.178260869565218,3.716666666666667,4.259999999999999,1.0195629552549423,0.1104751994450226,23
רשת 13,overnight,3-4m,3.4833333333333334,1,2,2.4636363636363643,3.06,2.9999999999999996,1.2177121771217707,-0.24206642066420625,22
רשת 13,overnight,<1m,0.2,0,1,2.4636363636363643,3.3,1.9600000000000002,0.7955719557195571,-0.33948339483394796,22
רשת 13,overnight,2-3m,2.7333333333333334,0,1,2.36,2.266666666666667,1.9600000000000002,0.8305084745762713,0.0395480225988698,25
רשת 13,overnight,4-6m,5.616666666666666,0,1,1.3800000000000001,1.3333333333333333,1.466666666666667,1.0628019323671498,0.0338164251207731,30
רשת 13,overnight,6-9m,6.9,0,1,1.2299999999999998,1.3125,1.306666666666667,1.0623306233062335,-0.0670731707317076,30
רשת 13,overnight,4-6m,5.866666666666666,0,1,1.1966666666666668,1.157142857142857,1.2000000000000004,1.0027855153203344,0.03302825308396362,30
רשת 13,overnight,<1m,0.95,1,2,0.42333333333333345,0.45,0.42666666666666686,1.0078740157480317,-0.06299212598425163,30
רשת 13,overnight,<1m,0.7333333333333333,0,1,0.030000000000000002,0.0,0.05333333333333334,1.7777777777777777,1.0,30
רשת 13,overnight,1-2m,1.2833333333333334,1,2,0.12999999999999998,0.30000000000000004,0.13999999999999999,1.076923076923077,-1.3076923076923084,30
רשת 13,morning,2-3m,2.65,1,2,0.8714285714285713,0.875,0.8766666666666665,1.0060109289617485,-0.004098360655737876,28
רשת 13,morning,1-2m,1.3833333333333333,0,1,1.023076923076923,1.0,1.093333333333333,1.0686716791979949,0.022556390977443552,26
רשת 13,morning,1-2m,1.0666666666666669,0,1,1.7043478260869567,1.7,1.74,1.0209183673469386,0.0025510204081633514,23
רשת 13,morning,4-6m,4.3,1,2,1.7076923076923078,1.6800000000000002,1.6440000000000001,0.9627027027027026,0.01621621621621616,26
רשת 13,morning,1-2m,1.7166666666666666,0,1,1.7304347826086959,1.5,1.5800000000000003,0.9130653266331659,0.13316582914572872,23
רשת 13,morning,4-6m,5.616666666666666,1,2,1.9576923076923078,1.9,2.039047619047619,1.0415567405744222,0.02946954813359537,26
רשת 13,morning,<1m,0.2,0,1,2.0761904761904764,1.7,1.8199999999999996,0.8766055045871557,0.1811926605504588,21
רשת 13,morning,2-3m,2.6166666666666667,0,1,2.0652173913043477,1.7,1.8199999999999996,0.8812631578947367,0.1768421052631578,23
רשת 13,morning,<1m,0.2,0,1,1.8714285714285712,2.0,1.8999999999999995,1.0152671755725189,-0.0687022900763361,21
רשת 13,morning,<1m,0.2,0,1,1.8428571428571427,2.0,1.8999999999999995,1.0310077519379843,-0.08527131782945752,21
רשת 13,morning,<1m,0.6166666666666667,0,1,1.7454545454545451,1.6,1.8999999999999995,1.0885416666666665,0.08333333333333315,22
רשת 13,morning,3-4m,3.15,1,2,1.7458333333333333,1.5,1.686666666666666,0.9661097852028636,0.1408114558472554,24
רשת 13,morning,2-3m,2.4166666666666665,0,1,1.7304347826086952,1.5333333333333332,1.4733333333333334,0.8514237855946402,0.11390284757118907,23
רשת 13,morning,4-6m,4.816666666666666,0,1,1.7464285714285712,1.6500000000000001,1.7,0.9734151329243355,0.05521472392638016,28
רשת 13,morning,2-3m,2.3,0,1,1.8679999999999999,1.5,1.7,0.9100642398286938,0.19700214132762306,25
רשת 13,morning,<1m,0.2,0,1,2.2095238095238106,1.9,2.1466666666666665,0.9715517241379305,0.14008620689655216,21
רשת 13,morning,<1m,0.2,0,1,2.1761904761904765,1.9,2.1466666666666665,0.9864332603938729,0.12691466083151004,21
רשת 13,morning,4-6m,4.733333333333333,0,1,1.7923076923076924,1.4166666666666667,1.3999999999999995,0.7811158798283259,0.20958512160228893,26
רשת 13,morning,1-2m,1.8333333333333333,0,1,1.5772727272727274,1.2,1.3999999999999995,0.8876080691642647,0.23919308357348712,22
רשת 13,morning,4-6m,4.316666666666666,0,1,1.4846153846153847,1.5,1.5200000000000002,1.023834196891192,-0.010362694300518172,26
רשת 13,morning,2-3m,2.1166666666666667,0,1,1.4347826086956526,1.4666666666666668,1.5200000000000002,1.0593939393939393,-0.022222222222222143,23
רשת 13,morning,<1m,0.2,0,1,1.1333333333333333,1.2,1.133333333333333,0.9999999999999998,-0.05882352941176472,24
רשת 13,morning,<1m,0.2,0,1,1.1239999999999999,1.2,1.133333333333333,1.0083036773428231,-0.06761565836298944,25
רשת 13,morning,4-6m,4.5,0,1,1.0166666666666666,0.8166666666666665,0.8866666666666668,0.8721311475409839,0.19672131147540994,24
רשת 13,morning,1-2m,1.8333333333333333,0,1,1.0263157894736843,0.8000000000000002,0.886666666666667,0.8639316239316243,0.2205128205128204,19
רשת 13,morning,3-4m,3.6166666666666663,0,1,1.3210526315789477,1.1,1.1,0.8326693227091632,0.16733067729083684,19
רשת 13,morning,2-3m,2.566666666666667,1,2,1.3590909090909093,1.0666666666666667,1.2355555555555557,0.9091044221479003,0.2151616499442588,22
רשת 13,morning,<1m,0.2,0,1,1.5043478260869565,1.7000000000000002,1.506666666666667,1.0015414258188828,-0.13005780346820828,23
רשת 13,morning,<1m,0.2,0,1,1.5181818181818185,1.8,1.506666666666667,0.9924151696606787,-0.18562874251496986,22
רשת 13,morning,3-4m,3.9833333333333334,0,1,1.2518518518518518,1.08,1.1,0.8786982248520712,0.13727810650887562,27
רשת 13,morning,2-3m,2.3833333333333333,0,1,1.2,1.0,1.1,0.9166666666666667,0.16666666666666663,25
רשת 13,afternoon,<1m,0.2,0,1,1.2233333333333334,1.4,1.2999999999999998,1.0626702997275201,-0.1444141689373295,30
רשת 13,afternoon,<1m,0.2,0,1,1.213793103448276,1.4,1.2999999999999998,1.0710227272727268,-0.1534090909090906,29
רשת 13,afternoon,4-6m,4.35,0,1,1.0333333333333334,0.76,0.9133333333333333,0.8838709677419354,0.2645161290322582,30
רשת 13,afternoon,1-2m,1.3666666666666667,0,1,0.9600000000000002,1.1,1.0066666666666668,1.0486111111111112,-0.14583333333333326,30
רשת 13,afternoon,<1m,0.2,0,1,0.7518518518518519,0.8,0.7133333333333333,0.9487684729064038,-0.0640394088669951,27
רשת 13,afternoon,<1m,0.2,0,1,0.7423076923076923,1.0,0.7133333333333333,0.9609671848013815,-0.3471502590673574,26
רשת 13,afternoon,4-6m,4.116666666666666,0,1,0.8047619047619047,0.6,0.6333333333333334,0.7869822485207102,0.2544378698224852,21
רשת 13,afternoon,3-4m,3.9,0,1,0.9400000000000001,0.7399999999999999,0.6333333333333334,0.673758865248227,0.2127659574468087,20
רשת 13,afternoon,3-4m,3.8,0,1,1.665217391304348,1.56,1.4066666666666665,0.84473455178416,0.06318537859007833,23
רשת 13,afternoon,<1m,0.2,0,1,1.6,1.6,1.5200000000000002,0.9500000000000001,0.0,29
רשת 13,afternoon,<1m,0.2,0,1,1.5655172413793108,1.4,1.5200000000000002,0.9709251101321584,0.1057268722466963,29
רשת 13,afternoon,4-6m,5.75,1,2,1.4107142857142851,1.4428571428571428,1.3761904761904766,0.9755274261603383,-0.022784810126582622,28
רשת 13,afternoon,1-2m,1.8333333333333333,1,2,1.4851851851851852,1.65,1.4966666666666666,1.0077306733167082,-0.11097256857855364,27
רשת 13,afternoon,3-4m,3.7,0,1,2.156,1.8,1.9200000000000002,0.8905380333951762,0.16512059369202226,25
רשת 13,afternoon,<1m,0.8333333333333334,0,1,2.2869565217391306,1.8,1.9200000000000002,0.8395437262357415,0.21292775665399244,23
רשת 13,afternoon,2-3m,2.466666666666667,0,1,2.3520000000000003,1.95,1.9200000000000002,0.8163265306122448,0.17091836734693888,25
רשת 13,afternoon,1-2m,1.8166666666666669,0,1,2.3217391304347825,2.266666666666666,2.253333333333333,0.9705368289637951,0.02372034956304636,23
רשת 13,afternoon,3-4m,3.933333333333333,0,1,2.336,1.98,2.253333333333333,0.9646118721461187,0.1523972602739726,25
רשת 13,afternoon,<1m,0.7666666666666667,0,1,2.3454545454545452,2.25,2.253333333333333,0.9607235142118863,0.04069767441860461,22
רשת 13,afternoon,1-2m,1.5333333333333334,0,1,2.372727272727272,2.6,2.253333333333333,0.9496807151979567,-0.09578544061302718,22
רשת 13,early_evening,6-9m,6.383333333333334,0,1,3.02962962962963,2.2625,2.4133333333333336,0.7965770171149144,0.2532090464547678,27
רשת 13,early_evening,1-2m,1.0333333333333334,0,1,3.195238095238095,2.55,2.4133333333333336,0.7552906110283161,0.2019374068554396,21
רשת 13,early_evening,1-2m,1.6666666666666667,0,1,3.304761904761905,2.7,2.4133333333333336,0.7302593659942364,0.1829971181556196,21
רשת 13,early_evening,1-2m,1.6666666666666667,0,1,3.7600000000000007,3.55,3.806666666666666,1.01241134751773,0.05585106382978744,30
רשת 13,early_evening,4-6m,5.866666666666666,1,2,3.764,3.757142857142857,3.806666666666666,1.0113354587318455,0.0018217701533322916,25
רשת 13,early_evening,1-2m,1.1,0,1,3.9650000000000007,3.8,3.726666666666667,0.9398907103825136,0.04161412358133687,20
רשת 13,early_evening,2-3m,2.6,0,1,4.204545454545456,3.675,3.726666666666667,0.8863423423423421,0.12594594594594632,22
רשת 13,early_evening,4-6m,5.966666666666667,1,2,6.351851851851852,6.442857142857143,6.612380952380952,1.0410162432319865,-0.01432736359850062,27
רשת 13,early_evening,2-3m,2.533333333333333,0,1,6.895652173913043,6.233333333333334,6.760000000000001,0.9803278688524591,0.09604875998318607,23
רשת 13,early_evening,1-2m,1.8833333333333333,0,1,7.144827586206896,6.733333333333333,7.286666666666666,1.0198519948519948,0.0575933075933075,29
רשת 13,late_evening,6-9m,8.266666666666667,1,2,5.886666666666667,4.866666666666666,5.123703703703703,0.8703913426450232,0.17327293318233306,30
רשת 13,late_evening,6-9m,7.883333333333334,1,2,6.466666666666668,5.688888888888889,5.997777777777778,0.9274914089347078,0.1202749140893472,30
רשת 13,late_evening,<1m,0.2,0,1,10.262068965517242,10.75,12.3,1.1985887096774193,-0.04754704301075252,29
רשת 13,late_evening,<1m,0.2,0,1,10.67857142857143,11.5,12.3,1.151839464882943,-0.07692307692307665,28
רשת 13,late_evening,9m+,9.766666666666667,1,2,12.83,6.970000000000001,10.732000000000001,0.8364770070148091,0.4567420109119251,30
רשת 13,late_evening,9m+,10.133333333333333,1,2,11.235714285714284,6.572727272727274,9.003636363636364,0.8013408079523784,0.4150147373287867,28
רשת 13,late_evening,3-4m,3.6333333333333337,0,1,7.136,6.9799999999999995,7.186666666666667,1.0071001494768312,0.021860986547085237,25
רשת 13,late_evening,<1m,0.5333333333333333,0,1,6.616666666666667,6.5,7.186666666666667,1.0861460957178841,0.017632241813602123,24
רשת 13,late_evening,1-2m,1.3166666666666669,0,1,6.191666666666667,6.05,7.186666666666667,1.160699865410498,0.02288021534320339,24
רשת 13,late_evening,6-9m,7.25,1,2,4.433333333333334,4.199999999999999,4.48,1.0105263157894737,0.052631578947368585,27
רשת 13,late_evening,1-2m,1.9166666666666667,0,1,4.281818181818182,4.0,4.04,0.943524416135881,0.06581740976645445,22
רשת 13,overnight,2-3m,2.8,0,1,3.337037037037037,3.475,3.4266666666666667,1.0268590455049944,-0.041342952275249756,27
רשת 13,overnight,<1m,0.2,0,1,3.2374999999999994,3.5,3.4266666666666667,1.0584298584298586,-0.08108108108108136,24
רשת 13,overnight,1-2m,2.0,0,1,3.138461538461539,3.1,3.426666666666667,1.0918300653594772,0.012254901960784381,26
רשת 13,overnight,3-4m,3.1333333333333333,0,1,2.316666666666667,2.525,2.393333333333333,1.0330935251798559,-0.08992805755395672,30
רשת 13,overnight,1-2m,1.4666666666666666,0,1,1.6920000000000002,1.8333333333333333,1.8,1.0638297872340425,-0.08353033884948768,25
רשת 13,overnight,2-3m,2.4166666666666665,0,1,1.7086956521739132,1.9666666666666668,1.8,1.0534351145038168,-0.15097540288379974,23
רשת 13,overnight,4-6m,4.366666666666666,0,1,1.4240000000000002,1.46,1.5066666666666666,1.0580524344569286,-0.02528089887640439,25
רשת 13,overnight,4-6m,5.7,0,1,1.2933333333333334,1.3142857142857143,1.3199999999999996,1.0206185567010306,-0.016200294550809957,30
רשת 13,overnight,4-6m,5.183333333333334,1,2,0.6692307692307692,0.7000000000000001,0.6695238095238094,1.000437876299945,-0.04597701149425304,26
רשת 13,overnight,3-4m,3.25,0,1,0.4791666666666667,0.5,0.5933333333333333,1.2382608695652173,-0.04347826086956519,24
רשת 13,overnight,4-6m,5.2,1,2,0.40000000000000013,0.39999999999999997,0.4000000000000002,1.0000000000000002,4.440892098500626e-16,30
רשת 13,overnight,2-3m,2.816666666666667,0,1,0.32666666666666677,0.16666666666666666,0.24666666666666662,0.7551020408163261,0.48979591836734715,30
רשת 13,morning,2-3m,2.75,1,2,0.7862068965517243,0.925,0.975,1.2401315789473681,-0.17653508771929816,29
רשת 13,morning,<1m,0.75,0,1,0.8666666666666667,1.1,1.1533333333333333,1.3307692307692307,-0.2692307692307694,27
רשת 13,morning,1-2m,1.2,0,1,1.682608695652174,2.0,1.8066666666666669,1.0737295434969854,-0.18863049095607232,23
רשת 13,morning,3-4m,3.05,1,2,1.7079999999999997,1.8499999999999999,1.7633333333333334,1.0323965651834506,-0.08313817330210771,25
רשת 13,morning,2-3m,2.5,0,1,1.7291666666666667,1.6000000000000003,1.633333333333333,0.9445783132530119,0.07469879518072275,24
רשת 13,morning,4-6m,5.433333333333334,0,1,1.9392857142857145,1.9,1.9866666666666666,1.0244321669736032,0.020257826887661312,28
רשת 13,morning,<1m,0.2,0,1,2.036363636363637,1.7,1.9866666666666668,0.9755952380952378,0.16517857142857173,22
רשת 13,morning,1-2m,1.75,1,2,2.039130434782609,1.9,2.0,0.9808102345415776,0.06823027718550134,23
רשת 13,morning,<1m,0.2,0,1,2.075,2.0,2.013333333333333,0.9702811244979919,0.03614457831325313,20
רשת 13,morning,<1m,0.2,0,1,2.0842105263157897,1.9,2.013333333333333,0.9659932659932658,0.08838383838383856,19
רשת 13,morning,1-2m,1.2,0,1,1.9100000000000001,1.85,2.013333333333333,1.0541012216404886,0.03141361256544506,20
רשת 13,morning,4-6m,4.316666666666666,1,2,1.856521739130435,1.8,1.7413333333333334,0.9379547228727556,0.030444964871194413,23
רשת 13,morning,2-3m,2.3666666666666667,0,1,1.868181818181818,1.675,1.6733333333333333,0.8957015409570155,0.10340632603406308,22
רשת 13,morning,6-9m,6.866666666666666,1,2,1.6571428571428573,1.6625,1.7650000000000001,1.0650862068965516,-0.003232758620689724,28
רשת 13,morning,1-2m,1.5333333333333334,0,1,1.652173913043478,1.5666666666666667,1.46,0.8836842105263158,0.05175438596491222,23
רשת 13,morning,<1m,0.2,0,1,1.5899999999999996,2.0,1.7133333333333336,1.077568134171908,-0.2578616352201262,20
רשת 13,morning,<1m,0.2,0,1,1.5899999999999996,2.0,1.7133333333333336,1.077568134171908,-0.2578616352201262,20
רשת 13,morning,4-6m,5.5,1,2,1.672,1.3499999999999999,1.59,0.9509569377990431,0.1925837320574163,25
רשת 13,morning,2-3m,2.3666666666666667,0,1,1.668181818181818,1.3,1.4666666666666666,0.8792007266121707,0.22070844686648494,22
רשת 13,morning,4-6m,5.5,0,1,1.7038461538461538,1.7571428571428573,1.7199999999999993,1.0094808126410832,-0.03128023218316689,26
רשת 13,morning,1-2m,1.55,1,2,1.768181818181818,1.8666666666666665,1.775555555555555,1.004170237075121,-0.05569837189374449,22
רשת 13,morning,<1m,0.2,0,1,1.7349999999999999,1.9,1.886666666666666,1.0874159462055712,-0.09510086455331423,20
רשת 13,morning,<1m,0.2,0,1,1.7149999999999994,1.9,1.886666666666666,1.1000971817298348,-0.10787172011661839,20
רשת 13,morning,3-4m,3.05,0,1,1.385714285714286,1.1,1.3133333333333335,0.947766323024055,0.20618556701030932,28
רשת 13,morning,1-2m,1.5333333333333334,1,2,1.3222222222222226,1.1,1.2666666666666666,0.9579831932773106,0.16806722689075648,27
רשת 13,morning,4-6m,4.283333333333333,0,1,1.2482758620689653,1.1400000000000001,1.1933333333333331,0.9559852670349908,0.08674033149171245,29
רשת 13,morning,<1m,0.2,0,1,1.2541666666666667,1.3,1.3066666666666664,1.0418604651162788,-0.036544850498339,24
רשת 13,morning,<1m,0.2,0,1,1.2541666666666667,1.3,1.3066666666666664,1.0418604651162788,-0.036544850498339,24
רשת 13,morning,4-6m,4.133333333333334,0,1,1.2153846153846153,1.133333333333333,1.1466666666666667,0.9434599156118144,0.06751054852320693,26
רשת 13,morning,2-3m,2.566666666666667,0,1,1.2086956521739132,1.1,1.1466666666666667,0.9486810551558752,0.08992805755395683,23
רשת 13,morning,6-9m,6.75,1,2,1.1785714285714286,1.2125,1.19,1.0096969696969695,-0.028787878787878585,28
רשת 13,afternoon,<1m,0.2,0,1,1.1241379310344828,1.2,1.1466666666666667,1.020040899795501,-0.06748466257668695,29
רשת 13,afternoon,<1m,0.2,0,1,1.12,1.2,1.1466666666666667,1.0238095238095237,-0.0714285714285714,30
רשת 13,afternoon,4-6m,4.916666666666667,0,1,1.3384615384615384,1.4333333333333336,1.473333333333333,1.100766283524904,-0.07088122605364,26
רשת 13,afternoon,1-2m,1.1,0,1,1.4190476190476193,1.4,1.473333333333333,1.0382550335570464,0.013422818791946622,21
רשת 13,afternoon,3-4m,3.566666666666667,0,1,1.3399999999999996,1.05,1.18,0.8805970149253733,0.21641791044776093,25
רשת 13,afternoon,<1m,0.2,0,1,1.343478260869565,1.4,1.4266666666666663,1.0619201725997842,-0.04207119741100329,23
רשת 13,afternoon,<1m,0.2,0,1,1.343478260869565,1.4,1.4266666666666663,1.0619201725997842,-0.04207119741100329,23
רשת 13,afternoon,3-4m,3.1666666666666665,0,1,1.348,1.3,1.2600000000000005,0.934718100890208,0.035608308605341255,25
רשת 13,afternoon,1-2m,1.4,0,1,1.3782608695652174,1.3,1.2600000000000005,0.9141955835962148,0.056782334384858024,23
רשת 13,afternoon,1-2m,1.8166666666666669,0,1,1.8541666666666667,1.3333333333333333,1.8066666666666664,0.97438202247191,0.2808988764044944,24
רשת 13,afternoon,<1m,0.2,0,1,3.379310344827586,2.2,3.42,1.0120408163265306,0.34897959183673455,29
רשת 13,afternoon,<1m,0.2,0,1,3.4266666666666663,2.4000000000000004,3.42,0.9980544747081713,0.29961089494163406,30
רשת 13,afternoon,4-6m,4.666666666666667,0,1,4.4772727272727275,2.5833333333333335,3.2133333333333325,0.7176988155668357,0.4230118443316413,22
רשת 13,afternoon,2-3m,2.1666666666666665,0,1,4.2105263157894735,1.9333333333333333,3.213333333333333,0.7631666666666667,0.5408333333333333,19
רשת 13,afternoon,4-6m,5.316666666666666,0,1,3.422727272727272,2.966666666666667,3.226666666666666,0.9427180168216025,0.13324479858344374,22
רשת 13,afternoon,3-4m,3.283333333333333,0,1,2.303703703703704,2.175,2.1600000000000006,0.9376205787781352,0.05586816720257248,27
רשת 13,afternoon,<1m,0.7333333333333333,0,1,2.38,2.3,2.1600000000000006,0.9075630252100844,0.03361344537815125,25
רשת 13,afternoon,1-2m,1.7,0,1,2.476,2.25,2.1600000000000006,0.8723747980613896,0.09127625201938605,25
רשת 13,afternoon,4-6m,4.933333333333334,0,1,2.3461538461538463,2.3833333333333333,2.3866666666666663,1.0172677595628412,-0.015846994535519077,26
רשת 13,afternoon,<1m,0.9333333333333332,0,1,2.204545454545454,2.5,2.3866666666666663,1.0826116838487974,-0.13402061855670122,22
רשת 13,afternoon,1-2m,1.7833333333333334,0,1,2.2130434782608694,2.5666666666666664,2.3866666666666663,1.0784544859201046,-0.1597904387688278,23
רשת 13,early_evening,6-9m,7.116666666666666,1,2,2.974074074074074,3.05,2.9883333333333333,1.0047945205479452,-0.025529265255292755,27
רשת 13,early_evening,<1m,0.8666666666666667,0,1,3.0857142857142854,3.0,2.8733333333333335,0.931172839506173,0.02777777777777768,21
רשת 13,early_evening,1-2m,1.3666666666666667,0,1,3.1142857142857148,2.85,2.8733333333333335,0.9226299694189601,0.08486238532110102,21
רשת 13,early_evening,1-2m,1.6666666666666667,0,1,3.67,3.55,3.586666666666667,0.977293369663942,0.032697547683923744,30
רשת 13,early_evening,6-9m,6.216666666666667,1,2,4.6,3.657142857142857,3.8495238095238093,0.8368530020703934,0.20496894409937882,26
רשת 13,early_evening,1-2m,1.1333333333333333,0,1,4.595238095238095,3.6,3.6999999999999997,0.805181347150259,0.21658031088082896,21
רשת 13,early_evening,1-2m,1.5166666666666666,0,1,4.64090909090909,3.466666666666667,3.6999999999999997,0.7972575905974536,0.2530199151158993,22
רשת 13,early_evening,6-9m,6.333333333333333,0,1,5.307407407407408,5.028571428571429,5.28,0.9948360083740404,0.052537134881866177,27
רשת 13,early_evening,2-3m,2.2,0,1,5.545833333333334,5.1,5.28,0.9520661157024792,0.08039068369646907,24
רשת 13,early_evening,2-3m,2.8666666666666667,0,1,6.3133333333333335,6.3,6.326666666666665,1.0021119324181624,0.002111932418162654,30
רשת 13,late_evening,6-9m,8.15,0,1,6.72,5.89,5.74,0.8541666666666667,0.12351190476190477,30
רשת 13,late_evening,6-9m,7.933333333333334,1,2,7.2321428571428585,6.744444444444444,6.866666666666666,0.9494650205761315,0.06743484224965735,28
רשת 13,late_evening,<1m,0.2,0,1,10.152000000000001,8.4,11.34,1.1170212765957446,0.17257683215130026,25
רשת 13,late_evening,<1m,0.2,0,1,10.215384615384616,8.9,11.34,1.110090361445783,0.1287650602409639,26
רשת 13,late_evening,9m+,11.55,0,1,8.203703703703704,4.907692307692308,5.6400000000000015,0.6874943566591424,0.40177114082305954,27
רשת 13,late_evening,1-2m,1.25,1,2,6.333333333333333,4.15,5.526666666666667,0.8726315789473685,0.3447368421052631,18
רשת 13,late_evening,6-9m,6.483333333333333,0,1,4.575,3.3499999999999996,3.8599999999999994,0.8437158469945354,0.26775956284153013,28
רשת 13,late_evening,1-2m,1.2166666666666666,0,1,3.6954545454545453,2.7,3.8599999999999994,1.0445264452644525,0.2693726937269372,22
רשת 13,late_evening,6-9m,6.75,0,1,2.6464285714285714,2.575,2.6599999999999997,1.005128205128205,0.0269905533063427,28
רשת 13,late_evening,1-2m,1.9333333333333331,1,2,2.5130434782608693,2.4,2.5422222222222217,1.0116109188773548,0.04498269896193763,23
רשת 13,overnight,2-3m,2.9,0,1,2.0703703703703704,1.75,1.9866666666666668,0.9595706618962433,0.1547406082289804,27
רשת 13,overnight,2-3m,2.1,1,2,1.9384615384615387,1.6333333333333335,1.8955555555555559,0.9778659611992946,0.15740740740740744,26
רשת 13,overnight,3-4m,3.65,0,1,1.6966666666666665,1.6,1.7,1.0019646365422397,0.05697445972495074,30
רשת 13,overnight,3-4m,3.816666666666667,0,1,1.103333333333333,1.4,1.3199999999999998,1.1963746223564957,-0.2688821752265864,30
רשת 13,overnight,2-3m,2.2333333333333334,0,1,0.8600000000000001,0.6999999999999998,0.8666666666666667,1.0077519379844961,0.1860465116279072,30
רשת 13,overnight,4-6m,5.016666666666667,0,1,0.5100000000000001,0.4333333333333333,0.5333333333333333,1.045751633986928,0.15032679738562116,30
רשת 13,overnight,4-6m,4.366666666666666,1,2,0.34,0.3,0.3222222222222222,0.9477124183006534,0.11764705882352955,30
רשת 13,overnight,3-4m,3.05,1,2,0.5241379310344827,0.6,0.5399999999999998,1.0302631578947365,-0.14473684210526327,29
רשת 13,overnight,3-4m,3.3333333333333335,0,1,0.5793103448275861,0.6,0.5933333333333333,1.0242063492063491,-0.03571428571428581,29
רשת 13,overnight,3-4m,3.3833333333333333,0,1,0.38999999999999996,0.3,0.29999999999999993,0.7692307692307692,0.23076923076923073,30
רשת 13,morning,1-2m,1.9,0,1,0.8931034482758619,0.8666666666666667,0.86,0.9629343629343632,0.029601029601029283,29
רשת 13,morning,<1m,0.6166666666666667,0,1,0.9071428571428571,0.8,0.8600000000000001,0.9480314960629922,0.11811023622047234,28
רשת 13,morning,4-6m,4.316666666666666,0,1,1.7464285714285719,1.7666666666666666,1.7933333333333328,1.0268575323790041,-0.01158827539195606,28
רשת 13,morning,1-2m,1.7833333333333334,0,1,1.8041666666666665,1.8333333333333333,1.7933333333333328,0.9939953810623554,-0.01616628175519641,24
רשת 13,morning,3-4m,3.5833333333333335,1,2,1.8769230769230771,1.55,1.783333333333333,0.9501366120218576,0.1741803278688525,26
רשת 13,morning,1-2m,1.55,0,1,1.8884615384615384,1.5,1.7133333333333332,0.907264086897488,0.20570264765784108,26
רשת 13,morning,4-6m,6.0,0,1,2.6000000000000005,2.7857142857142856,2.7199999999999993,1.0461538461538458,-0.07142857142857117,28
רשת 13,morning,4-6m,5.9,0,1,2.4965517241379307,2.2857142857142856,2.313333333333333,0.9266114180478822,0.08445146014206784,29
רשת 13,morning,<1m,0.2,0,1,2.3333333333333335,2.1,2.2533333333333334,0.9657142857142856,0.09999999999999998,27
רשת 13,morning,<1m,0.2,0,1,2.3333333333333335,2.1,2.2533333333333334,0.9657142857142856,0.09999999999999998,27
רשת 13,morning,3-4m,3.8666666666666663,0,1,2.0607142857142855,2.1,2.3599999999999994,1.1452339688041593,-0.01906412478336228,28
רשת 13,morning,1-2m,2.0,0,1,2.0291666666666663,2.233333333333333,2.3599999999999994,1.1630390143737166,-0.1006160164271046,24
רשת 13,morning,4-6m,5.9,1,2,1.4714285714285713,1.342857142857143,1.4314285714285713,0.9728155339805825,0.08737864077669888,28
רשת 13,morning,<1m,0.2,0,1,1.6793103448275863,1.1,1.686666666666667,1.0043805612594114,0.34496919917864477,29
רשת 13,morning,<1m,0.2,0,1,1.6966666666666668,1.15,1.686666666666667,0.994106090373281,0.3222003929273085,30
רשת 13,morning,4-6m,5.2,0,1,2.4538461538461536,2.4285714285714284,2.426666666666667,0.988923719958203,0.01030004478280333,26
רשת 13,morning,4-6m,4.633333333333334,0,1,2.7083333333333335,2.16,2.426666666666667,0.8960000000000001,0.20246153846153847,24
רשת 13,morning,<1m,0.2,0,1,2.716666666666667,2.9,2.8666666666666663,1.0552147239263803,-0.06748466257668695,24
רשת 13,morning,<1m,0.2,0,1,2.704,3.05,2.8666666666666663,1.0601577909270214,-0.1279585798816567,25
רשת 13,morning,3-4m,3.8333333333333335,1,2,2.514285714285715,2.7,2.5573333333333337,1.0171212121212119,-0.07386363636363602,28
רשת 13,morning,2-3m,2.1,0,1,2.411538461538462,2.5,2.333333333333333,0.9675704412546515,-0.03668261562998398,26
רשת 13,afternoon,<1m,0.2,0,1,2.296551724137931,2.5,2.3999999999999995,1.0450450450450448,-0.08858858858858865,29
רשת 13,afternoon,<1m,0.2,0,1,2.272413793103448,2.6,2.3999999999999995,1.0561456752655538,-0.14415781487101675,29
רשת 13,afternoon,3-4m,3.966666666666667,0,1,1.5500000000000003,1.98,1.7399999999999995,1.1225806451612899,-0.2774193548387094,26
רשת 13,afternoon,2-3m,2.2,0,1,1.513636363636364,1.8,1.7399999999999995,1.1495495495495491,-0.18918918918918903,22
רשת 13,afternoon,4-6m,4.466666666666667,0,1,1.4956521739130437,1.3800000000000001,1.293333333333333,0.8647286821705422,0.07732558139534895,23
רשת 13,afternoon,<1m,0.2,0,1,1.5086956521739132,1.4,1.293333333333333,0.8572526416906817,0.07204610951008661,23
רשת 13,afternoon,2-3m,2.0166666666666666,0,1,1.524,1.3333333333333333,1.293333333333333,0.848643919510061,0.12510936132983386,25
רשת 13,afternoon,4-6m,5.183333333333334,0,1,1.7653846153846156,1.9166666666666667,1.7266666666666666,0.978068264342774,-0.08569353667392887,26
רשת 13,afternoon,<1m,0.2,0,1,1.7571428571428571,1.5,1.7266666666666666,0.9826558265582656,0.14634146341463417,21
רשת 13,afternoon,1-2m,1.5,0,1,1.7636363636363634,1.6,1.8533333333333333,1.0508591065292097,0.09278350515463907,22
רשת 13,afternoon,4-6m,4.983333333333333,0,1,1.6962962962962964,1.6500000000000001,1.6866666666666668,0.9943231441048035,0.02729257641921401,27
רשת 13,afternoon,1-2m,1.9666666666666663,1,2,1.6583333333333332,1.5666666666666664,1.6688888888888889,1.0063651591289784,0.05527638190954787,24
רשת 13,afternoon,3-4m,3.95,1,2,2.014285714285714,1.8199999999999998,2.02,1.0028368794326243,0.09645390070921966,28
רשת 13,afternoon,<1m,0.75,0,1,2.1041666666666665,2.2,2.066666666666667,0.9821782178217824,-0.04554455445544581,24
רשת 13,early_evening,<1m,0.2,0,1,1.9999999999999998,2.2,1.926666666666667,0.9633333333333336,-0.10000000000000031,29
רשת 13,early_evening,<1m,0.2,0,1,1.975862068965517,1.8,1.926666666666667,0.9751018033740549,0.08900523560209417,29
רשת 13,early_evening,3-4m,3.15,0,1,2.088461538461538,1.8,1.9199999999999997,0.9193370165745857,0.13812154696132584,26
רשת 13,early_evening,3-4m,3.1166666666666667,0,1,2.180769230769231,1.775,1.9199999999999997,0.8804232804232802,0.18606701940035286,26
רשת 13,early_evening,<1m,0.9333333333333332,0,1,2.9227272727272724,2.9,2.993333333333333,1.0241575946086054,0.007776049766718418,22
רשת 13,early_evening,3-4m,3.6,1,2,2.7880000000000003,2.4,2.710666666666667,0.9722620755619321,0.13916786226685807,25
רשת 13,early_evening,<1m,0.7,0,1,2.6772727272727264,2.1,2.2866666666666666,0.8541029994340693,0.21561969439728323,22
רשת 13,early_evening,1-2m,1.3,0,1,2.599999999999999,2.0666666666666664,2.2866666666666666,0.8794871794871797,0.20512820512820495,23
רשת 13,early_evening,<1m,0.9333333333333332,0,1,2.7956521739130435,2.7,2.6266666666666665,0.9395541731467081,0.03421461897356137,23
רשת 13,early_evening,4-6m,4.083333333333333,0,1,2.7479999999999993,2.42,2.6266666666666665,0.955846676370694,0.11935953420669554,25
רשת 13,early_evening,1-2m,1.1833333333333331,0,1,2.65,2.4,2.6266666666666665,0.9911949685534591,0.09433962264150941,22
רשת 13,late_evening,4-6m,5.866666666666666,1,2,3.8083333333333336,2.042857142857143,3.1390476190476195,0.8242575804939044,0.4635823694904657,24
רשת 13,late_evening,2-3m,2.1666666666666665,0,1,3.845,1.7,3.2533333333333334,0.8461205028175119,0.5578673602080624,20
רשת 13,late_evening,2-3m,2.75,0,1,4.074999999999999,3.5999999999999996,4.040000000000001,0.9914110429447857,0.11656441717791399,28
רשת 13,late_evening,1-2m,1.55,0,1,3.988888888888888,3.25,4.040000000000001,1.012813370473538,0.18523676880222828,27
רשת 13,late_evening,4-6m,5.916666666666667,0,1,3.2900000000000005,2.3857142857142857,2.7933333333333334,0.8490374873353596,0.27485887972210177,30
רשת 13,late_evening,4-6m,5.483333333333333,0,1,3.342307692307692,3.1571428571428575,3.3,0.9873417721518988,0.055400295906624875,26
רשת 13,late_evening,4-6m,4.783333333333333,0,1,3.1500000000000004,2.75,3.026666666666667,0.9608465608465608,0.1269841269841271,26
רשת 13,overnight,<1m,0.2,0,1,2.43448275862069,2.6,2.266666666666667,0.931067044381492,-0.06798866855524066,29
רשת 13,overnight,<1m,0.2,0,1,2.396551724137931,2.7,2.266666666666667,0.9458033573141489,-0.12661870503597128,29
רשת 13,overnight,6-9m,7.0,1,2,1.6566666666666672,2.1624999999999996,1.96,1.1830985915492953,-0.3053319919517097,30
רשת 13,overnight,3-4m,3.15,1,2,0.9866666666666666,0.8400000000000001,0.9333333333333336,0.9459459459459463,0.14864864864864846,30
רשת 13,overnight,3-4m,3.533333333333333,1,2,1.533333333333333,1.2200000000000002,1.4946666666666668,0.9747826086956525,0.20434782608695623,30
רשת 13,overnight,3-4m,3.1333333333333333,0,1,0.8366666666666663,0.6,0.7133333333333332,0.8525896414342631,0.2828685258964141,30
רשת 13,overnight,2-3m,2.8666666666666667,0,1,0.30000000000000004,0.3,0.29999999999999993,0.9999999999999997,2.220446049250313e-16,30
רשת 13,morning,2-3m,2.4166666666666665,0,1,0.37586206896551727,0.3,0.29999999999999993,0.7981651376146787,0.20183486238532122,29
רשת 13,morning,2-3m,2.2666666666666666,0,1,0.3666666666666666,0.5666666666666667,0.5133333333333333,1.4000000000000001,-0.5454545454545459,30
רשת 13,morning,2-3m,2.4166666666666665,0,1,0.14666666666666664,0.2,0.12666666666666668,0.8636363636363639,-0.363636363636364,30
רשת 13,morning,2-3m,2.2666666666666666,0,1,0.27999999999999997,0.16666666666666666,0.19333333333333333,0.6904761904761906,0.40476190476190477,30
רשת 13,morning,2-3m,2.216666666666667,1,2,0.42666666666666664,0.46666666666666673,0.451111111111111,1.0572916666666665,-0.09375000000000022,30
רשת 13,morning,3-4m,3.9166666666666665,0,1,0.7185185185185186,0.8,0.76,1.0577319587628866,-0.11340206185567014,27
רשת 13,morning,1-2m,1.6833333333333331,0,1,0.7346153846153846,0.7333333333333334,0.7600000000000001,1.0345549738219897,0.0017452006980801515,26
רשת 13,morning,4-6m,4.783333333333333,0,1,0.6733333333333335,0.7000000000000001,0.7466666666666665,1.1089108910891083,-0.03960396039603942,30
רשת 13,morning,2-3m,2.2333333333333334,0,1,1.0724137931034483,1.1,0.9933333333333335,0.9262593783494106,-0.025723472668810254,29
רשת 13,morning,<1m,0.2,0,1,1.1518518518518521,1.1,0.9933333333333334,0.8623794212218648,0.04501607717041811,27
רשת 13,morning,4-6m,4.033333333333333,0,1,1.2423076923076921,1.08,1.1,0.885448916408669,0.1306501547987614,26
רשת 13,morning,3-4m,3.2666666666666666,1,2,1.2846153846153845,1.22,1.3079999999999996,1.0182035928143711,0.050299401197604676,26
רשת 13,morning,4-6m,4.533333333333333,1,2,0.6230769230769232,0.5599999999999999,0.6213333333333334,0.9972016460905349,0.10123456790123486,26
רשת 13,morning,3-4m,3.6333333333333337,0,1,0.68,0.7,0.6533333333333332,0.9607843137254899,-0.02941176470588225,25
רשת 13,afternoon,4-6m,4.883333333333334,1,2,0.573076923076923,0.4333333333333333,0.5300000000000001,0.924832214765101,0.24384787472035796,26
רשת 13,afternoon,3-4m,3.5,0,1,0.5625,0.475,0.44666666666666666,0.794074074074074,0.15555555555555556,24
רשת 13,afternoon,3-4m,3.95,0,1,0.3966666666666668,0.24,0.2733333333333334,0.6890756302521007,0.39495798319327746,30
רשת 13,afternoon,3-4m,3.35,1,2,0.33157894736842103,0.52,0.372,1.121904761904762,-0.5682539682539685,19
רשת 13,afternoon,4-6m,5.95,0,1,0.475,0.3285714285714286,0.39999999999999997,0.8421052631578947,0.30827067669172914,20
רשת 13,afternoon,4-6m,5.066666666666666,1,2,1.194736842105263,0.4666666666666666,0.7700000000000001,0.6444933920704847,0.6093979441997064,19
רשת 13,afternoon,3-4m,3.816666666666667,0,1,1.5239999999999998,1.3,1.3733333333333333,0.9011373578302713,0.1469816272965878,25
רשת 13,afternoon,3-4m,3.8666666666666663,0,1,1.5125,0.9,1.3733333333333333,0.9079889807162534,0.4049586776859504,24
רשת 13,afternoon,4-6m,4.066666666666666,0,1,1.8227272727272728,1.2799999999999998,1.4333333333333336,0.7863674147963426,0.29775561097256864,22
רשת 13,afternoon,4-6m,5.65,0,1,1.9304347826086956,1.3333333333333333,1.4333333333333336,0.7424924924924926,0.30930930930930933,23
רשת 13,afternoon,4-6m,4.466666666666667,0,1,2.1478260869565218,1.2000000000000002,1.2733333333333334,0.5928475033738192,0.4412955465587044,23
רשת 13,afternoon,4-6m,5.716666666666667,0,1,2.2125,1.0571428571428572,1.2733333333333334,0.5755178907721281,0.5221953188054882,24
רשת 13,early_evening,<1m,0.2,0,1,2.1866666666666665,2.3499999999999996,2.0933333333333333,0.9573170731707318,-0.07469512195121952,30
רשת 13,early_evening,<1m,0.2,0,1,2.1724137931034484,2.3,2.0933333333333333,0.9635978835978836,-0.05873015873015852,29
רשת 13,early_evening,9m+,9.766666666666667,1,2,2.3227272727272728,1.8699999999999999,2.388,1.0281017612524461,0.19491193737769086,22
רשת 13,early_evening,4-6m,5.233333333333333,0,1,2.4954545454545456,1.5666666666666667,1.633333333333333,0.6545233758348511,0.3721918639951427,22
רשת 13,early_evening,4-6m,4.533333333333333,1,2,2.7791666666666663,2.1166666666666667,2.516666666666666,0.9055472263868065,0.23838080959520225,24
רשת 13,early_evening,1-2m,1.5166666666666666,0,1,2.5421052631578944,1.8333333333333333,2.1066666666666665,0.8287094547964113,0.2788129744651483,19
רשת 13,early_evening,6-9m,6.016666666666667,0,1,2.308,1.957142857142857,2.1133333333333333,0.9156556903523975,0.15201782619460258,25
רשת 13,early_evening,2-3m,2.033333333333333,0,1,3.8366666666666656,3.5666666666666664,3.6933333333333334,0.962641181581234,0.07037358818418749,30
רשת 13,late_evening,6-9m,6.033333333333333,0,1,5.383333333333334,4.785714285714286,5.04,0.9362229102167182,0.11101282618310493,30
רשת 13,late_evening,6-9m,7.016666666666667,0,1,5.565517241379312,4.975,5.453333333333333,0.9798430400660881,0.10610285006195819,29
רשת 13,late_evening,9m+,10.35,1,2,15.151851851851848,7.827272727272728,12.362424242424243,0.8159018688473592,0.4834114797448944,27
רשת 13,late_evening,6-9m,8.216666666666667,1,2,10.248275862068965,7.111111111111111,8.566666666666666,0.8359129654553612,0.3061163451473008,29
רשת 13,late_evening,6-9m,6.833333333333333,0,1,5.434482758620691,4.3374999999999995,4.986666666666666,0.917597292724196,0.20185596446700538,29
רשת 13,late_evening,<1m,0.7333333333333333,0,1,4.959090909090909,4.0,4.986666666666666,1.0055606477238008,0.19340054995417044,22
רשת 13,late_evening,6-9m,6.5,0,1,3.62,3.5714285714285716,3.48,0.9613259668508287,0.013417521704814472,30
