channel,title,date,start_dt,end_dt,dur_min,prog_tvr,n_breaks,ad_min,n_breaks_end,ad_min_end,breaks_per_hr,start_tvr,prog_tvr_next,start_tvr_next,n_breaks_next,start_dt_next,dur_min_next,weekday_t1,prog_id
כאן 11,100% ישראלית (קליפים) ש.ח,2024-11-07,2024-11-07 03:32:31,2024-11-07 03:59:12,26.683333333333334,0.1,0,0.0,0,0.0,0.0,0.20000000000000004,0.2,0.20000000000000004,0,2024-11-08 03:31:36,27.016666666666666,Friday,כאן 11 | 100% ישראלית (קליפים) ש.ח
כאן 11,100% ישראלית (קליפים) ש.ח,2024-11-19,2024-11-19 02:55:20,2024-11-19 03:16:45,21.416666666666668,0.5,0,0.0,0,0.0,0.0,0.5666666666666667,0.2,0.20000000000000004,0,2024-11-20 03:26:02,26.55,Wednesday,כאן 11 | 100% ישראלית (קליפים) ש.ח
כאן 11,100% ישראלית (קליפים) ש.ח,2024-11-20,2024-11-20 03:26:02,2024-11-20 03:52:35,26.55,0.2,0,0.0,0,0.0,0.0,0.20000000000000004,0.4,0.4000000000000001,0,2024-11-21 03:47:07,20.7,Thursday,כאן 11 | 100% ישראלית (קליפים) ש.ח
כאן 11,100% ישראלית (קליפים) ש.ח,2024-11-21,2024-11-21 03:47:07,2024-11-21 04:07:49,20.7,0.4,0,0.0,0,0.0,0.0,0.4000000000000001,0.4,0.43333333333333335,0,2024-11-22 03:09:23,26.133333333333333,Friday,כאן 11 | 100% ישראלית (קליפים) ש.ח
כאן 11,אומרים שהיה פה ש.ח,2024-11-11,2024-11-11 14:36:20,2024-11-11 14:48:36,12.266666666666667,0.2,0,0.0,0,0.0,0.0,0.20000000000000004,1.0,0.9666666666666667,0,2024-11-12 14:36:24,11.55,Tuesday,כאן 11 | אומרים שהיה פה ש.ח
כאן 11,אומרים שהיה פה ש.ח,2024-11-12,2024-11-12 14:36:24,2024-11-12 14:47:57,11.55,1.0,0,0.0,0,0.0,0.0,0.9666666666666667,0.9,0.7333333333333334,0,2024-11-13 14:35:36,14.133333333333333,Wednesday,כאן 11 | אומרים שהיה פה ש.ח
כאן 11,אומרים שהיה פה ש.ח,2024-11-13,2024-11-13 14:35:36,2024-11-13 14:49:44,14.133333333333333,0.9,0,0.0,0,0.0,0.0,0.7333333333333334,0.4,0.3333333333333333,1,2024-11-14 03:46:26,26.516666666666666,Thursday,כאן 11 | אומרים שהיה פה ש.ח
כאן 11,אומרים שהיה פה ש.ח,2024-11-17,2024-11-17 14:38:43,2024-11-17 14:50:48,12.083333333333334,0.3,0,0.0,0,0.0,0.0,0.3,0.7,0.5,0,2024-11-18 14:35:46,13.35,Monday,כאן 11 | אומרים שהיה פה ש.ח
כאן 11,בואו לאכול איתי 6 ש.ח,2024-11-10,2024-11-10 15:29:45,2024-11-10 16:00:02,30.283333333333335,0.6,1,3.05,1,3.05,1.981287837094111,0.5666666666666667,0.4,0.3333333333333333,0,2024-11-11 15:29:01,19.883333333333333,Monday,כאן 11 | בואו לאכול איתי 6 ש.ח
כאן 11,בואו לאכול איתי 6 ש.ח,2024-11-11,2024-11-11 15:29:01,2024-11-11 15:48:54,19.883333333333333,0.4,0,0.0,0,0.0,0.0,0.3333333333333333,0.7,0.8666666666666667,1,2024-11-12 15:29:19,30.716666666666665,Tuesday,כאן 11 | בואו לאכול איתי 6 ש.ח
כאן 11,בואו לאכול איתי 6 ש.ח,2024-11-12,2024-11-12 15:29:19,2024-11-12 16:00:02,30.716666666666665,0.7,1,1.9666666666666666,1,1.9666666666666666,1.9533369506239826,0.8666666666666667,0.9,0.9666666666666668,1,2024-11-13 15:30:41,29.4,Wednesday,כאן 11 | בואו לאכול איתי 6 ש.ח
כאן 11,בואו לאכול איתי 6 ש.ח,2024-11-13,2024-11-13 15:30:41,2024-11-13 16:00:05,29.4,0.9,1,2.0,1,2.0,2.0408163265306123,0.9666666666666668,1.2,1.0666666666666667,1,2024-11-14 15:29:02,26.216666666666665,Thursday,כאן 11 | בואו לאכול איתי 6 ש.ח
כאן 11,בואו לאכול איתי 6 ש.ח,2024-11-17,2024-11-17 14:50:48,2024-11-17 14:59:58,9.166666666666666,0.5,0,0.0,0,0.0,0.0,0.43333333333333335,0.5,0.6,0,2024-11-18 14:51:06,8.833333333333334,Monday,כאן 11 | בואו לאכול איתי 6 ש.ח
כאן 11,בואו לאכול איתי 6 ש.ח,2024-11-18,2024-11-18 14:51:06,2024-11-18 14:59:56,8.833333333333334,0.5,0,0.0,0,0.0,0.0,0.6,1.0,0.6999999999999998,0,2024-11-19 14:37:21,20.183333333333334,Tuesday,כאן 11 | בואו לאכול איתי 6 ש.ח
כאן 11,בואו לאכול איתי 6 ש.ח,2024-11-19,2024-11-19 14:37:21,2024-11-19 14:57:32,20.183333333333334,1.0,0,0.0,0,0.0,0.0,0.6999999999999998,0.8,0.8000000000000002,0,2024-11-20 14:37:22,20.383333333333333,Wednesday,כאן 11 | בואו לאכול איתי 6 ש.ח
כאן 11,בואו לאכול איתי 6 ש.ח,2024-11-20,2024-11-20 14:37:22,2024-11-20 14:57:45,20.383333333333333,0.8,0,0.0,0,0.0,0.0,0.8000000000000002,0.4,0.6,1,2024-11-21 14:14:48,30.933333333333334,Thursday,כאן 11 | בואו לאכול איתי 6 ש.ח
כאן 11,בואו לאכול איתי 6 ש.ח,2024-11-25,2024-11-25 14:37:53,2024-11-25 14:58:33,20.666666666666668,0.3,0,0.0,0,0.0,0.0,0.43333333333333335,0.4,0.4666666666666666,0,2024-11-26 14:41:51,18.116666666666667,Tuesday,כאן 11 | בואו לאכול איתי 6 ש.ח
כאן 11,בואו לאכול איתי 6 ש.ח,2024-11-26,2024-11-26 14:41:51,2024-11-26 14:59:58,18.116666666666667,0.4,0,0.0,0,0.0,0.0,0.4666666666666666,0.9,0.9666666666666667,0,2024-11-27 14:36:47,20.216666666666665,Wednesday,כאן 11 | בואו לאכול איתי 6 ש.ח
כאן 11,בואו לאכול איתי 6 ש.ח,2024-11-27,2024-11-27 14:36:47,2024-11-27 14:57:00,20.216666666666665,0.9,0,0.0,0,0.0,0.0,0.9666666666666667,0.7,0.39999999999999997,0,2024-11-28 14:36:50,23.15,Thursday,כאן 11 | בואו לאכול איתי 6 ש.ח
כאן 11,האמת מאחורי התעלומות הגדולות,2024-11-06,2024-11-06 13:25:22,2024-11-06 14:20:08,54.766666666666666,0.4,2,4.8,0,0.0,2.1911138161898966,0.39999999999999997,0.5,1.0,2,2024-11-07 12:00:02,53.43333333333333,Thursday,כאן 11 | האמת מאחורי התעלומות הגדולות
כאן 11,האמת מאחורי התעלומות הגדולות,2024-11-11,2024-11-11 12:00:01,2024-11-11 12:13:44,13.716666666666667,0.7,0,0.0,0,0.0,0.0,0.5,0.6,0.8000000000000002,2,2024-11-12 12:00:00,53.88333333333333,Tuesday,כאן 11 | האמת מאחורי התעלומות הגדולות
כאן 11,האמת מאחורי התעלומות הגדולות,2024-11-12,2024-11-12 12:00:00,2024-11-12 12:53:53,53.88333333333333,0.6,2,5.333333333333334,1,2.3666666666666667,2.2270337148159607,0.8000000000000002,1.0,0.8000000000000002,0,2024-11-13 11:59:59,20.083333333333332,Wednesday,כאן 11 | האמת מאחורי התעלומות הגדולות
כאן 11,האמת מאחורי התעלומות הגדולות,2024-11-13,2024-11-13 11:59:59,2024-11-13 12:20:04,20.083333333333332,1.0,0,0.0,0,0.0,0.0,0.8000000000000002,0.8,1.0333333333333334,2,2024-11-14 12:00:00,51.96666666666667,Thursday,כאן 11 | האמת מאחורי התעלומות הגדולות
כאן 11,האמת מאחורי התעלומות הגדולות,2024-11-18,2024-11-18 12:00:02,2024-11-18 12:52:51,52.81666666666667,0.8,2,3.3499999999999996,1,1.7666666666666666,2.272010097822657,0.6333333333333333,0.5,0.6999999999999998,2,2024-11-19 12:00:00,53.483333333333334,Tuesday,כאן 11 | האמת מאחורי התעלומות הגדולות
כאן 11,האמת מאחורי התעלומות הגדולות,2024-11-19,2024-11-19 12:00:00,2024-11-19 12:53:29,53.483333333333334,0.5,2,3.5166666666666666,1,2.05,2.243689622935494,0.6999999999999998,0.9,0.8000000000000002,2,2024-11-20 12:00:04,52.666666666666664,Wednesday,כאן 11 | האמת מאחורי התעלומות הגדולות
כאן 11,האמת מאחורי התעלומות הגדולות,2024-11-20,2024-11-20 12:00:04,2024-11-20 12:52:44,52.666666666666664,0.9,2,4.183333333333334,1,2.1666666666666665,2.278481012658228,0.8000000000000002,0.4,0.3,0,2024-11-21 12:00:00,6.1,Thursday,כאן 11 | האמת מאחורי התעלומות הגדולות
כאן 11,האמת מאחורי התעלומות הגדולות ש.ח,2024-11-04,2024-11-04 01:41:57,2024-11-04 01:59:59,18.033333333333335,0.3,0,0.0,0,0.0,0.0,,0.2,0.20000000000000004,2,2024-11-05 02:00:00,35.016666666666666,Tuesday,כאן 11 | האמת מאחורי התעלומות הגדולות ש.ח
כאן 11,האמת מאחורי התעלומות הגדולות ש.ח,2024-11-05,2024-11-05 02:00:00,2024-11-05 02:35:01,35.016666666666666,0.2,2,4.066666666666666,0,0.0,3.426939552594003,0.20000000000000004,0.0,,0,2024-11-06 01:49:38,10.35,Wednesday,כאן 11 | האמת מאחורי התעלומות הגדולות ש.ח
כאן 11,האמת מאחורי התעלומות הגדולות ש.ח,2024-11-06,2024-11-06 01:49:38,2024-11-06 01:59:59,10.35,0.0,0,0.0,0,0.0,0.0,,0.3,,1,2024-11-07 01:22:19,37.666666666666664,Thursday,כאן 11 | האמת מאחורי התעלומות הגדולות ש.ח
כאן 11,האמת מאחורי התעלומות הגדולות ש.ח,2024-11-07,2024-11-07 01:22:19,2024-11-07 01:59:59,37.666666666666664,0.3,1,1.3666666666666667,0,0.0,1.592920353982301,,0.3,,1,2024-11-08 01:35:07,24.866666666666667,Friday,כאן 11 | האמת מאחורי התעלומות הגדולות ש.ח
כאן 11,האמת מאחורי התעלומות הגדולות ש.ח,2024-11-08,2024-11-08 01:35:07,2024-11-08 01:59:59,24.866666666666667,0.3,1,1.7333333333333334,1,1.7333333333333334,2.4128686327077746,,0.5,0.16666666666666666,1,2024-11-09 02:00:00,27.85,Saturday,כאן 11 | האמת מאחורי התעלומות הגדולות ש.ח
כאן 11,האמת מאחורי התעלומות הגדולות ש.ח,2024-11-11,2024-11-11 00:50:43,2024-11-11 01:44:48,54.083333333333336,1.0,2,3.6166666666666667,1,1.7666666666666666,2.2187981510015407,,0.8,,2,2024-11-12 01:08:03,51.93333333333333,Tuesday,כאן 11 | האמת מאחורי התעלומות הגדולות ש.ח
כאן 11,האמת מאחורי התעלומות הגדולות ש.ח,2024-11-12,2024-11-12 01:08:03,2024-11-12 01:59:59,51.93333333333333,0.8,2,4.050000000000001,1,2.316666666666667,2.3106546854942236,,0.6,,2,2024-11-13 01:03:59,53.083333333333336,Wednesday,כאן 11 | האמת מאחורי התעלומות הגדולות ש.ח
כאן 11,האמת מאחורי התעלומות הגדולות ש.ח,2024-11-13,2024-11-13 01:03:59,2024-11-13 01:57:04,53.083333333333336,0.6,2,3.6166666666666667,1,1.6666666666666667,2.2605965463108317,,0.5,,2,2024-11-14 01:02:15,51.63333333333333,Thursday,כאן 11 | האמת מאחורי התעלומות הגדולות ש.ח
כאן 11,האמת מאחורי התעלומות הגדולות ש.ח,2024-11-14,2024-11-14 01:02:15,2024-11-14 01:53:53,51.63333333333333,0.5,2,3.1666666666666665,1,1.7166666666666666,2.3240800516462237,,0.8,,1,2024-11-15 01:29:19,30.666666666666668,Friday,כאן 11 | האמת מאחורי התעלומות הגדולות ש.ח
כאן 11,האמת מאחורי התעלומות הגדולות ש.ח,2024-11-15,2024-11-15 01:29:19,2024-11-15 01:59:59,30.666666666666668,0.8,1,3.3333333333333335,1,3.3333333333333335,1.9565217391304346,,0.7,0.8000000000000002,5,2024-11-16 02:00:00,129.4,Saturday,כאן 11 | האמת מאחורי התעלומות הגדולות ש.ח
כאן 11,האמת מאחורי התעלומות הגדולות ש.ח,2024-11-18,2024-11-18 01:00:15,2024-11-18 01:53:39,53.4,0.7,2,3.916666666666667,1,2.066666666666667,2.247191011235955,,0.2,,2,2024-11-19 01:02:36,53.38333333333333,Tuesday,כאן 11 | האמת מאחורי התעלומות הגדולות ש.ח
כאן 11,האמת מאחורי התעלומות הגדולות ש.ח,2024-11-19,2024-11-19 01:02:36,2024-11-19 01:55:59,53.38333333333333,0.2,2,3.4166666666666665,1,1.7,2.247892600686856,,0.5,,1,2024-11-20 01:20:01,39.96666666666667,Wednesday,כאן 11 | האמת מאחורי התעלומות הגדולות ש.ח
כאן 11,האמת מאחורי התעלומות הגדולות ש.ח,2024-11-20,2024-11-20 01:20:01,2024-11-20 01:59:59,39.96666666666667,0.5,1,1.7166666666666666,0,0.0,1.5012510425354462,,0.8,,2,2024-11-21 00:53:55,55.233333333333334,Thursday,כאן 11 | האמת מאחורי התעלומות הגדולות ש.ח
כאן 11,האמת מאחורי התעלומות הגדולות ש.ח,2024-11-21,2024-11-21 00:53:55,2024-11-21 01:49:09,55.233333333333334,0.8,2,4.783333333333333,0,0.0,2.172601086300543,,0.3,,1,2024-11-22 01:28:14,31.75,Friday,כאן 11 | האמת מאחורי התעלומות הגדולות ש.ח
כאן 11,האמת מאחורי התעלומות הגדולות ש.ח,2024-11-22,2024-11-22 01:28:14,2024-11-22 01:59:59,31.75,0.3,1,2.35,1,2.35,1.889763779527559,,0.3,0.3,1,2024-11-23 02:00:00,21.833333333333332,Saturday,כאן 11 | האמת מאחורי התעלומות הגדולות ש.ח
כאן 11,הבוקר הזה,2024-11-03,2024-11-03 07:08:05,2024-11-03 08:00:07,52.03333333333333,0.9,0,0.0,0,0.0,0.0,0.4666666666666666,0.9,0.19999999999999998,0,2024-11-04 07:07:11,52.9,Monday,כאן 11 | הבוקר הזה
כאן 11,הבוקר הזה,2024-11-04,2024-11-04 07:07:11,2024-11-04 08:00:05,52.9,0.9,0,0.0,0,0.0,0.0,0.19999999999999998,1.0,0.7666666666666666,0,2024-11-05 07:05:36,54.516666666666666,Tuesday,כאן 11 | הבוקר הזה
כאן 11,הבוקר הזה,2024-11-07,2024-11-07 07:06:12,2024-11-07 08:00:01,53.81666666666667,0.5,0,0.0,0,0.0,0.0,0.16666666666666666,0.9,0.26666666666666666,0,2024-11-08 07:06:22,53.65,Friday,כאן 11 | הבוקר הזה
כאן 11,הבוקר הזה,2024-11-10,2024-11-10 07:05:46,2024-11-10 08:00:00,54.233333333333334,0.6,0,0.0,0,0.0,0.0,0.6,0.8,0.6,0,2024-11-11 07:05:23,54.78333333333333,Monday,כאן 11 | הבוקר הזה
כאן 11,הבוקר הזה,2024-11-11,2024-11-11 07:05:23,2024-11-11 08:00:10,54.78333333333333,0.8,0,0.0,0,0.0,0.0,0.6,0.9,0.4000000000000001,0,2024-11-12 07:06:25,53.666666666666664,Tuesday,כאן 11 | הבוקר הזה
כאן 11,הבוקר הזה,2024-11-12,2024-11-12 07:06:25,2024-11-12 08:00:05,53.666666666666664,0.9,0,0.0,0,0.0,0.0,0.4000000000000001,0.5,0.7000000000000001,0,2024-11-13 07:07:20,52.68333333333333,Wednesday,כאן 11 | הבוקר הזה
כאן 11,הבוקר הזה,2024-11-13,2024-11-13 07:07:20,2024-11-13 08:00:01,52.68333333333333,0.5,0,0.0,0,0.0,0.0,0.7000000000000001,0.4,0.3,0,2024-11-14 07:05:35,54.46666666666667,Thursday,כאן 11 | הבוקר הזה
כאן 11,הבוקר הזה,2024-11-14,2024-11-14 07:05:35,2024-11-14 08:00:03,54.46666666666667,0.4,0,0.0,0,0.0,0.0,0.3,0.1,0.0,0,2024-11-15 06:29:59,90.11666666666666,Friday,כאן 11 | הבוקר הזה
כאן 11,הבוקר הזה,2024-11-17,2024-11-17 07:00:00,2024-11-17 08:00:00,60.0,0.3,0,0.0,0,0.0,0.0,0.30000000000000004,0.6,0.10000000000000002,0,2024-11-18 07:00:02,59.983333333333334,Monday,כאן 11 | הבוקר הזה
כאן 11,הבוקר הזה,2024-11-18,2024-11-18 07:00:02,2024-11-18 08:00:01,59.983333333333334,0.6,0,0.0,0,0.0,0.0,0.10000000000000002,0.9,0.6,0,2024-11-19 07:00:00,60.0,Tuesday,כאן 11 | הבוקר הזה
כאן 11,הבוקר הזה,2024-11-19,2024-11-19 07:00:00,2024-11-19 08:00:00,60.0,0.9,0,0.0,0,0.0,0.0,0.6,0.4,0.5,0,2024-11-20 06:57:00,63.05,Wednesday,כאן 11 | הבוקר הזה
כאן 11,הבוקר הזה,2024-11-20,2024-11-20 06:57:00,2024-11-20 08:00:03,63.05,0.4,0,0.0,0,0.0,0.0,0.5,0.7,0.8000000000000002,0,2024-11-21 07:00:00,60.083333333333336,Thursday,כאן 11 | הבוקר הזה
כאן 11,הבוקר הזה,2024-11-21,2024-11-21 07:00:00,2024-11-21 08:00:05,60.083333333333336,0.7,0,0.0,0,0.0,0.0,0.8000000000000002,0.4,0.20000000000000004,0,2024-11-22 07:00:00,60.05,Friday,כאן 11 | הבוקר הזה
כאן 11,הבוקר הזה,2024-11-24,2024-11-24 07:00:02,2024-11-24 08:00:05,60.05,0.7,0,0.0,0,0.0,0.0,0.4000000000000001,0.4,0.10000000000000002,0,2024-11-25 07:00:00,60.016666666666666,Monday,כאן 11 | הבוקר הזה
כאן 11,הבוקר הזה,2024-11-25,2024-11-25 07:00:00,2024-11-25 08:00:01,60.016666666666666,0.4,0,0.0,0,0.0,0.0,0.10000000000000002,0.5,0.3,0,2024-11-26 07:00:00,60.03333333333333,Tuesday,כאן 11 | הבוקר הזה
כאן 11,הבוקר הזה,2024-11-26,2024-11-26 07:00:00,2024-11-26 08:00:02,60.03333333333333,0.5,0,0.0,0,0.0,0.0,0.3,0.3,0.10000000000000002,0,2024-11-27 07:00:02,60.03333333333333,Wednesday,כאן 11 | הבוקר הזה
כאן 11,הבוקר הזה,2024-11-27,2024-11-27 07:00:02,2024-11-27 08:00:04,60.03333333333333,0.3,0,0.0,0,0.0,0.0,0.10000000000000002,0.3,0.10000000000000002,0,2024-11-28 07:00:00,60.05,Thursday,כאן 11 | הבוקר הזה
כאן 11,הבוקר הזה,2024-11-28,2024-11-28 07:00:00,2024-11-28 08:00:03,60.05,0.3,0,0.0,0,0.0,0.0,0.10000000000000002,0.6,0.5,0,2024-11-29 07:00:00,60.03333333333333,Friday,כאן 11 | הבוקר הזה
כאן 11,הבוקר הזה - מוקדמת,2024-11-17,2024-11-17 06:06:30,2024-11-17 07:00:00,53.5,0.1,0,0.0,0,0.0,0.0,0.0,0.0,0.0,0,2024-11-18 06:05:10,54.86666666666667,Monday,כאן 11 | הבוקר הזה - מוקדמת
כאן 11,הבוקר הזה - מוקדמת,2024-11-18,2024-11-18 06:05:10,2024-11-18 07:00:02,54.86666666666667,0.0,0,0.0,0,0.0,0.0,0.0,0.3,0.2333333333333333,0,2024-11-19 06:06:15,53.75,Tuesday,כאן 11 | הבוקר הזה - מוקדמת
כאן 11,הבוקר הזה - מוקדמת,2024-11-19,2024-11-19 06:06:15,2024-11-19 07:00:00,53.75,0.3,0,0.0,0,0.0,0.0,0.2333333333333333,0.3,0.0,0,2024-11-20 06:07:00,50.0,Wednesday,כאן 11 | הבוקר הזה - מוקדמת
כאן 11,הבוקר הזה - מוקדמת,2024-11-20,2024-11-20 06:07:00,2024-11-20 06:57:00,50.0,0.3,0,0.0,0,0.0,0.0,0.0,0.8,1.0,0,2024-11-21 06:05:25,54.583333333333336,Thursday,כאן 11 | הבוקר הזה - מוקדמת
כאן 11,הבוקר הזה - מוקדמת,2024-11-21,2024-11-21 06:05:25,2024-11-21 07:00:00,54.583333333333336,0.8,0,0.0,0,0.0,0.0,1.0,0.2,0.20000000000000004,0,2024-11-22 06:05:35,54.416666666666664,Friday,כאן 11 | הבוקר הזה - מוקדמת
כאן 11,הבוקר הזה - מוקדמת,2024-11-24,2024-11-24 06:05:15,2024-11-24 07:00:02,54.78333333333333,0.1,0,0.0,0,0.0,0.0,0.0,0.1,0.0,0,2024-11-25 06:05:05,54.916666666666664,Monday,כאן 11 | הבוקר הזה - מוקדמת
כאן 11,הבוקר הזה - מוקדמת,2024-11-25,2024-11-25 06:05:05,2024-11-25 07:00:00,54.916666666666664,0.1,0,0.0,0,0.0,0.0,0.0,0.3,0.4000000000000001,0,2024-11-26 06:06:00,54.0,Tuesday,כאן 11 | הבוקר הזה - מוקדמת
כאן 11,הבוקר הזה - מוקדמת,2024-11-26,2024-11-26 06:06:00,2024-11-26 07:00:00,54.0,0.3,0,0.0,0,0.0,0.0,0.4000000000000001,0.2,0.10000000000000002,0,2024-11-27 06:06:15,53.78333333333333,Wednesday,כאן 11 | הבוקר הזה - מוקדמת
כאן 11,הבוקר הזה - מוקדמת,2024-11-27,2024-11-27 06:06:15,2024-11-27 07:00:02,53.78333333333333,0.2,0,0.0,0,0.0,0.0,0.10000000000000002,0.1,0.0,0,2024-11-28 06:05:20,54.666666666666664,Thursday,כאן 11 | הבוקר הזה - מוקדמת
כאן 11,הבוקר הזה - מוקדמת,2024-11-28,2024-11-28 06:05:20,2024-11-28 07:00:00,54.666666666666664,0.1,0,0.0,0,0.0,0.0,0.0,0.2,0.20000000000000004,0,2024-11-29 06:05:40,54.333333333333336,Friday,כאן 11 | הבוקר הזה - מוקדמת
כאן 11,הבלתי חשובים ש.ח,2024-11-11,2024-11-11 14:05:32,2024-11-11 14:36:20,30.8,0.4,1,2.3666666666666667,1,2.3666666666666667,1.9480519480519483,0.5333333333333333,0.8,0.8333333333333334,1,2024-11-12 14:05:37,30.783333333333335,Tuesday,כאן 11 | הבלתי חשובים ש.ח
כאן 11,הבלתי חשובים ש.ח,2024-11-12,2024-11-12 14:05:37,2024-11-12 14:36:24,30.783333333333335,0.8,1,1.2,1,1.2,1.9491066594477529,0.8333333333333334,0.6,0.6,1,2024-11-13 14:05:03,30.55,Wednesday,כאן 11 | הבלתי חשובים ש.ח
כאן 11,הבלתי חשובים ש.ח,2024-11-13,2024-11-13 14:05:03,2024-11-13 14:35:36,30.55,0.6,1,1.8166666666666667,1,1.8166666666666667,1.9639934533551555,0.6,0.5,0.6,1,2024-11-14 14:04:58,31.583333333333332,Thursday,כאן 11 | הבלתי חשובים ש.ח
כאן 11,הבלתי חשובים ש.ח,2024-11-18,2024-11-18 14:05:12,2024-11-18 14:35:46,30.566666666666666,0.3,1,2.0166666666666666,1,2.0166666666666666,1.9629225736095963,0.6999999999999998,0.3,0.16666666666666666,1,2024-11-19 14:05:02,32.31666666666667,Tuesday,כאן 11 | הבלתי חשובים ש.ח
כאן 11,הבלתי חשובים ש.ח,2024-11-19,2024-11-19 14:05:02,2024-11-19 14:37:21,32.31666666666667,0.3,1,2.65,1,2.65,1.85662712738525,0.16666666666666666,0.7,,0,2024-11-20 00:20:52,29.433333333333334,Wednesday,כאן 11 | הבלתי חשובים ש.ח
כאן 11,הבלתי חשובים ש.ח,2024-11-20,2024-11-20 00:20:52,2024-11-20 00:50:18,29.433333333333334,0.7,0,0.0,0,0.0,0.0,,1.1,1.3666666666666665,1,2024-11-21 23:51:27,31.566666666666666,Thursday,כאן 11 | הבלתי חשובים ש.ח
כאן 11,הבלתי חשובים ש.ח,2024-11-25,2024-11-25 14:05:26,2024-11-25 14:37:53,32.45,0.8,1,2.7,0,0.0,1.8489984591679505,0.7999999999999999,0.3,0.10000000000000002,1,2024-11-26 14:05:05,33.88333333333333,Tuesday,כאן 11 | הבלתי חשובים ש.ח
כאן 11,הבלתי חשובים ש.ח,2024-11-26,2024-11-26 14:05:05,2024-11-26 14:38:58,33.88333333333333,0.3,1,2.15,1,2.15,1.7707820954254796,0.10000000000000002,0.5,0.6333333333333333,1,2024-11-27 14:05:42,31.083333333333332,Wednesday,כאן 11 | הבלתי חשובים ש.ח
כאן 11,הבלתי חשובים ש.ח,2024-11-27,2024-11-27 14:05:42,2024-11-27 14:36:47,31.083333333333332,0.5,1,3.066666666666667,1,3.066666666666667,1.93029490616622,0.6333333333333333,0.3,0.16666666666666666,1,2024-11-28 14:05:36,31.233333333333334,Thursday,כאן 11 | הבלתי חשובים ש.ח
כאן 11,הודו למתקדמים ש.ח,2024-11-01,2024-11-01 01:27:10,2024-11-01 01:59:59,32.81666666666667,1.2,1,2.4,0,0.0,1.8283392585068563,,0.8,0.6999999999999998,1,2024-11-02 02:00:00,19.45,Saturday,כאן 11 | הודו למתקדמים ש.ח
כאן 11,הטיול הגדול - The Great Way ש.ח,2024-11-25,2024-11-25 13:02:44,2024-11-25 13:59:58,57.233333333333334,0.6,2,4.05,0,0.0,2.09668025626092,0.5333333333333333,0.3,0.3,2,2024-11-26 03:38:17,56.733333333333334,Tuesday,כאן 11 | הטיול הגדול - The Great Way ש.ח
כאן 11,הטיול הגדול - The Great Way ש.ח,2024-11-26,2024-11-26 03:38:17,2024-11-26 04:35:01,56.733333333333334,0.3,2,3.6166666666666667,0,0.0,2.115158636897767,0.3,0.6,0.6,2,2024-11-27 13:04:16,55.733333333333334,Wednesday,כאן 11 | הטיול הגדול - The Great Way ש.ח
כאן 11,הטיול הגדול - The Great Way ש.ח,2024-11-27,2024-11-27 13:04:16,2024-11-27 14:00:00,55.733333333333334,0.6,2,4.033333333333333,0,0.0,2.15311004784689,0.6,0.1,0.0,2,2024-11-28 03:34:16,56.61666666666667,Thursday,כאן 11 | הטיול הגדול - The Great Way ש.ח
כאן 11,הטיול הגדול - The Great Way ש.ח,2024-11-28,2024-11-28 03:34:16,2024-11-28 04:30:53,56.61666666666667,0.1,2,4.95,0,0.0,2.1195172210774214,0.0,0.3,0.2333333333333333,2,2024-11-29 03:32:36,53.71666666666667,Friday,כאן 11 | הטיול הגדול - The Great Way ש.ח
כאן 11,"המו""לים ש.ח",2024-11-16,2024-11-16 14:02:36,2024-11-16 14:47:26,44.833333333333336,2.0,1,1.7166666666666666,0,0.0,1.338289962825279,1.8,0.5,,0,2024-11-17 01:48:07,11.866666666666667,Sunday,"כאן 11 | המו""לים ש.ח"
כאן 11,"המו""לים ש.ח",2024-11-17,2024-11-17 01:48:07,2024-11-17 01:59:59,11.866666666666667,0.5,0,0.0,0,0.0,0.0,,0.4,0.7333333333333334,2,2024-11-18 02:00:00,47.86666666666667,Monday,"כאן 11 | המו""לים ש.ח"
כאן 11,המרדף - שעשועון עונה 8 ש.ח,2024-11-11,2024-11-11 01:44:48,2024-11-11 01:59:06,14.3,1.1,0,0.0,0,0.0,0.0,,0.9,0.9333333333333335,1,2024-11-12 02:00:52,42.06666666666667,Tuesday,כאן 11 | המרדף - שעשועון עונה 8 ש.ח
כאן 11,המרדף - שעשועון עונה 8 ש.ח,2024-11-27,2024-11-27 01:52:58,2024-11-27 01:59:59,7.016666666666667,0.3,0,0.0,0,0.0,0.0,,0.4,0.4000000000000001,2,2024-11-28 02:00:00,49.666666666666664,Thursday,כאן 11 | המרדף - שעשועון עונה 8 ש.ח
כאן 11,המרדף - שעשועון עונה 8 ש.ח,2024-11-28,2024-11-28 02:00:00,2024-11-28 02:49:40,49.666666666666664,0.4,2,3.8833333333333333,1,1.6,2.4161073825503356,0.4000000000000001,1.7,2.1333333333333333,1,2024-11-29 14:22:34,58.86666666666667,Friday,כאן 11 | המרדף - שעשועון עונה 8 ש.ח
כאן 11,העברים ש.ח,2024-11-17,2024-11-17 13:01:17,2024-11-17 13:59:51,58.56666666666667,0.2,2,3.9,1,1.85,2.0489470688673874,0.20000000000000004,0.0,0.0,0,2024-11-18 03:01:11,52.85,Monday,כאן 11 | העברים ש.ח
כאן 11,העולם היום,2024-11-03,2024-11-03 15:00:02,2024-11-03 16:00:21,60.31666666666667,0.6,2,4.016666666666667,1,2.4166666666666665,1.989499861840287,0.5,0.6,0.43333333333333335,2,2024-11-04 14:59:53,60.38333333333333,Monday,כאן 11 | העולם היום
כאן 11,העולם היום,2024-11-04,2024-11-04 14:59:53,2024-11-04 16:00:16,60.38333333333333,0.6,2,3.916666666666667,0,0.0,1.9873033397736684,0.43333333333333335,0.4,0.06666666666666667,2,2024-11-05 14:59:56,60.266666666666666,Tuesday,כאן 11 | העולם היום
כאן 11,העולם היום,2024-11-05,2024-11-05 14:59:56,2024-11-05 16:00:12,60.266666666666666,0.4,2,4.683333333333334,0,0.0,1.991150442477876,0.06666666666666667,0.8,0.5,2,2024-11-06 15:00:05,59.53333333333333,Wednesday,כאן 11 | העולם היום
כאן 11,העולם היום,2024-11-06,2024-11-06 15:00:05,2024-11-06 15:59:37,59.53333333333333,0.8,2,4.35,1,2.066666666666667,2.015677491601344,0.5,0.4,0.7000000000000001,2,2024-11-07 14:59:55,59.86666666666667,Thursday,כאן 11 | העולם היום
כאן 11,העולם היום,2024-11-10,2024-11-10 16:59:31,2024-11-10 17:58:47,59.266666666666666,1.4,2,4.016666666666667,0,0.0,2.0247469066366706,0.6333333333333333,1.5,0.8666666666666667,2,2024-11-11 16:50:27,68.06666666666666,Monday,כאן 11 | העולם היום
כאן 11,העולם היום,2024-11-11,2024-11-11 16:50:27,2024-11-11 17:58:31,68.06666666666666,1.5,2,4.116666666666666,1,2.15,1.762977473065622,0.8666666666666667,1.7,1.7333333333333332,3,2024-11-12 16:50:20,68.83333333333333,Tuesday,כאן 11 | העולם היום
כאן 11,העולם היום,2024-11-12,2024-11-12 16:50:20,2024-11-12 17:59:10,68.83333333333333,1.7,3,6.333333333333334,0,0.0,2.6150121065375305,1.7333333333333332,2.1,0.8666666666666667,2,2024-11-13 16:57:48,60.516666666666666,Wednesday,כאן 11 | העולם היום
כאן 11,העולם היום,2024-11-13,2024-11-13 16:57:48,2024-11-13 17:58:19,60.516666666666666,2.1,2,4.0,0,0.0,1.9829248141007987,0.8666666666666667,1.2,0.6666666666666666,2,2024-11-14 17:00:07,57.0,Thursday,כאן 11 | העולם היום
כאן 11,העולם היום,2024-11-17,2024-11-17 16:59:31,2024-11-17 17:53:58,54.45,1.3,2,4.283333333333333,0,0.0,2.2038567493112944,0.7666666666666666,1.6,1.0,2,2024-11-18 17:01:32,56.516666666666666,Monday,כאן 11 | העולם היום
כאן 11,העולם היום,2024-11-18,2024-11-18 17:01:32,2024-11-18 17:58:03,56.516666666666666,1.6,2,4.066666666666666,0,0.0,2.1232674727219107,1.0,1.3,0.7333333333333334,2,2024-11-19 16:54:47,63.483333333333334,Tuesday,כאן 11 | העולם היום
כאן 11,העולם היום,2024-11-19,2024-11-19 16:54:47,2024-11-19 17:58:16,63.483333333333334,1.3,2,4.5,0,0.0,1.8902599107377265,0.7333333333333334,1.7,1.1666666666666667,2,2024-11-20 16:55:23,63.53333333333333,Wednesday,כאן 11 | העולם היום
כאן 11,העולם היום,2024-11-20,2024-11-20 16:55:23,2024-11-20 17:58:55,63.53333333333333,1.7,2,4.699999999999999,0,0.0,1.8887722980062962,1.1666666666666667,1.0,1.0,2,2024-11-21 16:55:17,63.68333333333333,Thursday,כאן 11 | העולם היום
כאן 11,העולם היום,2024-11-24,2024-11-24 16:01:28,2024-11-24 16:59:41,58.21666666666667,1.0,2,5.35,0,0.0,2.0612653879186946,1.3333333333333333,1.6,0.6,2,2024-11-25 16:55:00,63.9,Monday,כאן 11 | העולם היום
כאן 11,העולם היום,2024-11-25,2024-11-25 16:55:00,2024-11-25 17:58:54,63.9,1.6,2,5.4,0,0.0,1.8779342723004695,0.6,1.3,0.9333333333333332,2,2024-11-26 16:54:19,64.1,Tuesday,כאן 11 | העולם היום
כאן 11,העולם היום,2024-11-26,2024-11-26 16:54:19,2024-11-26 17:58:25,64.1,1.3,2,5.316666666666666,0,0.0,1.8720748829953202,0.9333333333333332,1.5,1.7333333333333334,2,2024-11-27 16:55:41,62.9,Wednesday,כאן 11 | העולם היום
כאן 11,העולם היום,2024-11-27,2024-11-27 16:55:41,2024-11-27 17:58:35,62.9,1.5,2,5.266666666666667,1,2.5,1.9077901430842608,1.7333333333333334,2.0,1.2666666666666666,3,2024-11-28 16:56:11,60.36666666666667,Thursday,כאן 11 | העולם היום
כאן 11,העתיד במבט על ש.ח,2024-11-18,2024-11-18 13:08:28,2024-11-18 14:00:02,51.56666666666667,0.4,2,3.633333333333333,0,0.0,2.3270846800258567,0.5,0.1,0.3,2,2024-11-19 03:16:45,51.18333333333333,Tuesday,כאן 11 | העתיד במבט על ש.ח
כאן 11,העתיד במבט על ש.ח,2024-11-19,2024-11-19 03:16:45,2024-11-19 04:07:56,51.18333333333333,0.1,2,3.2666666666666666,0,0.0,2.3445131878866823,0.3,0.5,0.8000000000000002,2,2024-11-20 13:08:00,52.1,Wednesday,כאן 11 | העתיד במבט על ש.ח
כאן 11,העתיד במבט על ש.ח,2024-11-20,2024-11-20 13:08:00,2024-11-20 14:00:06,52.1,0.5,2,4.183333333333334,0,0.0,2.3032629558541267,0.8000000000000002,0.2,0.2333333333333333,0,2024-11-21 13:35:43,21.033333333333335,Thursday,כאן 11 | העתיד במבט על ש.ח
כאן 11,העתיד במבט על ש.ח,2024-11-21,2024-11-21 13:35:43,2024-11-21 13:56:45,21.033333333333335,0.2,0,0.0,0,0.0,0.0,0.2333333333333333,0.1,0.3,2,2024-11-22 03:35:35,53.416666666666664,Friday,כאן 11 | העתיד במבט על ש.ח
כאן 11,זהו זה עונה 7 ש.ח,2024-11-01,2024-11-01 02:07:49,2024-11-01 02:44:33,36.733333333333334,0.9,1,1.8,0,0.0,1.633393829401089,0.9333333333333332,2.2,1.8333333333333333,1,2024-11-02 15:23:22,36.85,Saturday,כאן 11 | זהו זה עונה 7 ש.ח
כאן 11,זהו זה עונה 7 ש.ח,2024-11-02,2024-11-02 15:23:22,2024-11-02 16:00:13,36.85,2.2,1,1.9,0,0.0,1.628222523744912,1.8333333333333333,0.6,0.6999999999999998,1,2024-11-03 14:23:00,37.03333333333333,Sunday,כאן 11 | זהו זה עונה 7 ש.ח
כאן 11,זהו זה עונה 7 ש.ח,2024-11-08,2024-11-08 02:13:41,2024-11-08 02:52:46,39.083333333333336,0.8,1,1.6333333333333333,0,0.0,1.535181236673774,0.6333333333333333,1.8,1.5666666666666667,1,2024-11-09 15:16:53,41.06666666666667,Saturday,כאן 11 | זהו זה עונה 7 ש.ח
כאן 11,זהו זה עונה 7 ש.ח,2024-11-09,2024-11-09 15:16:53,2024-11-09 15:57:57,41.06666666666667,1.8,1,3.4833333333333334,0,0.0,1.461038961038961,1.5666666666666667,0.3,0.20000000000000004,1,2024-11-10 14:05:09,40.483333333333334,Sunday,כאן 11 | זהו זה עונה 7 ש.ח
כאן 11,זהו זה עונה 7 ש.ח,2024-11-14,2024-11-14 01:53:53,2024-11-14 01:59:59,6.1,0.8,0,0.0,0,0.0,0.0,,1.3,1.2,1,2024-11-15 02:00:00,26.883333333333333,Friday,כאן 11 | זהו זה עונה 7 ש.ח
כאן 11,זהו זה עונה 7 ש.ח,2024-11-15,2024-11-15 02:00:00,2024-11-15 02:26:53,26.883333333333333,1.3,1,1.5666666666666667,1,1.5666666666666667,2.231866088034718,1.2,1.2,1.1,0,2024-11-16 15:05:25,31.683333333333334,Saturday,כאן 11 | זהו זה עונה 7 ש.ח
כאן 11,זהו זה עונה 7 ש.ח,2024-11-16,2024-11-16 15:05:25,2024-11-16 15:37:06,31.683333333333334,1.2,0,0.0,0,0.0,0.0,1.1,0.4,0.3,1,2024-11-17 14:05:15,33.46666666666667,Sunday,כאן 11 | זהו זה עונה 7 ש.ח
כאן 11,זהו זה עונה 7 ש.ח,2024-11-21,2024-11-21 01:49:09,2024-11-21 01:59:59,10.833333333333334,0.7,0,0.0,0,0.0,0.0,,0.6,0.6999999999999998,0,2024-11-22 02:00:00,15.083333333333334,Friday,כאן 11 | זהו זה עונה 7 ש.ח
כאן 11,זהו זה עונה 7 ש.ח,2024-11-22,2024-11-22 02:00:00,2024-11-22 02:15:05,15.083333333333334,0.6,0,0.0,0,0.0,0.0,0.6999999999999998,1.2,0.5,1,2024-11-23 14:57:44,35.5,Saturday,כאן 11 | זהו זה עונה 7 ש.ח
כאן 11,זהו זה עונה 7 ש.ח,2024-11-23,2024-11-23 14:57:44,2024-11-23 15:33:14,35.5,1.2,1,2.8666666666666667,1,2.8666666666666667,1.6901408450704225,0.5,0.9,,1,2024-11-24 00:52:58,34.45,Sunday,כאן 11 | זהו זה עונה 7 ש.ח
כאן 11,זהו זה עונה 7 ש.ח,2024-11-29,2024-11-29 02:15:24,2024-11-29 02:53:09,37.75,1.0,1,1.5833333333333333,1,1.5833333333333333,1.589403973509934,0.7666666666666666,1.0,0.7666666666666666,1,2024-11-30 14:55:50,38.7,Saturday,כאן 11 | זהו זה עונה 7 ש.ח
כאן 11,זמן אמת עונה 8 ש.ח,2024-11-13,2024-11-13 01:57:04,2024-11-13 01:59:59,2.9166666666666665,0.8,0,0.0,0,0.0,0.0,,0.8,0.9333333333333332,1,2024-11-14 02:00:00,57.65,Thursday,כאן 11 | זמן אמת עונה 8 ש.ח
כאן 11,זמן אמת עונה 8 ש.ח,2024-11-16,2024-11-16 01:02:19,2024-11-16 01:59:59,57.666666666666664,1.1,1,1.25,1,1.25,1.0404624277456649,,1.3,1.4000000000000001,0,2024-11-17 02:00:00,1.6333333333333333,Sunday,כאן 11 | זמן אמת עונה 8 ש.ח
כאן 11,זמן אמת עונה 8 ש.ח,2024-11-17,2024-11-17 02:00:00,2024-11-17 02:01:38,1.6333333333333333,1.3,0,0.0,0,0.0,0.0,1.4000000000000001,0.8,,0,2024-11-18 01:53:39,6.333333333333333,Monday,כאן 11 | זמן אמת עונה 8 ש.ח
כאן 11,זמן אמת עונה 8 ש.ח,2024-11-18,2024-11-18 01:53:39,2024-11-18 01:59:59,6.333333333333333,0.8,0,0.0,0,0.0,0.0,,1.1,0.9333333333333332,1,2024-11-19 02:00:00,48.31666666666667,Tuesday,כאן 11 | זמן אמת עונה 8 ש.ח
כאן 11,זמן אמת עונה 8 ש.ח,2024-11-23,2024-11-23 01:47:39,2024-11-23 01:59:59,12.333333333333334,0.8,0,0.0,0,0.0,0.0,,0.9,1.2666666666666666,1,2024-11-24 02:00:00,42.583333333333336,Sunday,כאן 11 | זמן אמת עונה 8 ש.ח
כאן 11,זן נדיר ש.ח,2024-11-18,2024-11-18 12:52:51,2024-11-18 13:08:28,15.616666666666667,0.6,0,0.0,0,0.0,0.0,0.7666666666666666,0.4,0.4000000000000001,0,2024-11-19 12:53:29,13.116666666666667,Tuesday,כאן 11 | זן נדיר ש.ח
כאן 11,זן נדיר ש.ח,2024-11-19,2024-11-19 12:53:29,2024-11-19 13:06:36,13.116666666666667,0.4,0,0.0,0,0.0,0.0,0.4000000000000001,0.8,0.8000000000000002,0,2024-11-20 12:52:44,13.566666666666666,Wednesday,כאן 11 | זן נדיר ש.ח
כאן 11,זן נדיר ש.ח,2024-11-20,2024-11-20 12:52:44,2024-11-20 13:06:18,13.566666666666666,0.8,0,0.0,0,0.0,0.0,0.8000000000000002,0.3,0.2333333333333333,0,2024-11-21 13:22:18,13.416666666666666,Thursday,כאן 11 | זן נדיר ש.ח
כאן 11,חברים מופלאים ש.ח,2024-11-25,2024-11-25 01:41:17,2024-11-25 01:59:59,18.7,0.4,0,0.0,0,0.0,0.0,,0.4,0.3,2,2024-11-26 02:00:00,37.06666666666667,Tuesday,כאן 11 | חברים מופלאים ש.ח
כאן 11,חברים מופלאים ש.ח,2024-11-26,2024-11-26 02:00:00,2024-11-26 02:37:04,37.06666666666667,0.4,2,4.383333333333333,0,0.0,3.2374100719424455,0.3,0.2,0.5,2,2024-11-27 12:00:00,55.81666666666667,Wednesday,כאן 11 | חברים מופלאים ש.ח
כאן 11,חברים מופלאים ש.ח,2024-11-27,2024-11-27 12:00:00,2024-11-27 12:55:49,55.81666666666667,0.2,2,4.05,0,0.0,2.1498954911914003,0.5,0.3,,1,2024-11-28 01:20:35,39.4,Thursday,כאן 11 | חברים מופלאים ש.ח
כאן 11,חברים מופלאים ש.ח,2024-11-28,2024-11-28 01:20:35,2024-11-28 01:59:59,39.4,0.3,1,1.9333333333333333,0,0.0,1.5228426395939088,,1.2,,1,2024-11-29 00:27:41,56.45,Friday,כאן 11 | חברים מופלאים ש.ח
כאן 11,חברים מופלאים ש.ח,2024-11-29,2024-11-29 00:27:41,2024-11-29 01:24:08,56.45,1.2,1,2.45,0,0.0,1.0628875110717448,,0.4,0.5,1,2024-11-30 02:00:00,21.75,Saturday,כאן 11 | חברים מופלאים ש.ח
כאן 11,חדשות הלילה עם עקיבא נוביק,2024-11-03,2024-11-03 23:19:25,2024-11-03 23:50:25,31.0,2.1,1,2.2333333333333334,0,0.0,1.9354838709677418,2.3666666666666667,2.0,1.7666666666666666,1,2024-11-04 23:00:52,28.766666666666666,Monday,כאן 11 | חדשות הלילה עם עקיבא נוביק
כאן 11,חדשות הלילה עם עקיבא נוביק,2024-11-06,2024-11-06 23:05:05,2024-11-06 23:57:34,52.483333333333334,1.1,2,4.35,1,2.2333333333333334,2.2864401397268974,1.4000000000000001,2.7,2.9,1,2024-11-07 23:00:46,30.566666666666666,Thursday,כאן 11 | חדשות הלילה עם עקיבא נוביק
כאן 11,חדשות הלילה עם עקיבא נוביק,2024-11-10,2024-11-10 22:41:50,2024-11-10 23:13:14,31.4,0.9,1,1.5666666666666667,0,0.0,1.910828025477707,1.0999999999999999,2.4,1.6666666666666667,1,2024-11-11 23:05:22,30.583333333333332,Monday,כאן 11 | חדשות הלילה עם עקיבא נוביק
כאן 11,חדשות הלילה עם עקיבא נוביק,2024-11-11,2024-11-11 23:05:22,2024-11-11 23:35:57,30.583333333333332,2.4,1,1.85,0,0.0,1.9618528610354224,1.6666666666666667,2.9,3.9666666666666663,1,2024-11-12 23:04:15,29.65,Tuesday,כאן 11 | חדשות הלילה עם עקיבא נוביק
כאן 11,חדשות הלילה עם עקיבא נוביק,2024-11-12,2024-11-12 23:04:15,2024-11-12 23:33:54,29.65,2.9,1,2.3666666666666667,0,0.0,2.0236087689713322,3.9666666666666663,2.2,1.8666666666666665,0,2024-11-13 23:30:58,21.033333333333335,Wednesday,כאן 11 | חדשות הלילה עם עקיבא נוביק
כאן 11,חדשות הלילה עם עקיבא נוביק,2024-11-17,2024-11-17 22:37:59,2024-11-17 23:10:18,32.31666666666667,1.5,1,2.15,0,0.0,1.85662712738525,1.9666666666666668,2.4,2.6333333333333333,1,2024-11-18 22:55:06,30.55,Monday,כאן 11 | חדשות הלילה עם עקיבא נוביק
כאן 11,חדשות הלילה עם עקיבא נוביק,2024-11-18,2024-11-18 22:55:06,2024-11-18 23:25:39,30.55,2.4,1,1.7166666666666666,1,1.7166666666666666,1.9639934533551555,2.6333333333333333,2.4,2.4333333333333336,1,2024-11-19 22:34:47,32.3,Tuesday,כאן 11 | חדשות הלילה עם עקיבא נוביק
כאן 11,חדשות הלילה עם עקיבא נוביק,2024-11-19,2024-11-19 22:34:47,2024-11-19 23:07:05,32.3,2.4,1,1.7,1,1.7,1.8575851393188854,2.4333333333333336,1.7,2.0,1,2024-11-20 23:20:16,30.8,Wednesday,כאן 11 | חדשות הלילה עם עקיבא נוביק
כאן 11,חדשות הלילה עם עקיבא נוביק,2024-11-20,2024-11-20 23:20:16,2024-11-20 23:51:04,30.8,1.7,1,1.9,0,0.0,1.9480519480519483,2.0,2.4,2.6666666666666665,1,2024-11-21 22:51:54,31.016666666666666,Thursday,כאן 11 | חדשות הלילה עם עקיבא נוביק
כאן 11,חדשות הלילה עם עקיבא נוביק,2024-11-24,2024-11-24 22:48:57,2024-11-24 23:23:03,34.1,2.6,1,2.183333333333333,1,2.183333333333333,1.7595307917888563,1.9666666666666668,2.4,3.533333333333333,1,2024-11-25 22:48:30,30.033333333333335,Monday,כאן 11 | חדשות הלילה עם עקיבא נוביק
כאן 11,חדשות הלילה עם עקיבא נוביק,2024-11-25,2024-11-25 22:48:30,2024-11-25 23:18:32,30.033333333333335,2.4,1,2.3833333333333333,1,2.3833333333333333,1.9977802441731412,3.533333333333333,4.7,6.966666666666666,1,2024-11-26 22:34:53,40.333333333333336,Tuesday,כאן 11 | חדשות הלילה עם עקיבא נוביק
כאן 11,חדשות הלילה עם עקיבא נוביק,2024-11-26,2024-11-26 22:34:53,2024-11-26 23:15:13,40.333333333333336,4.7,1,2.4166666666666665,0,0.0,1.487603305785124,6.966666666666666,1.1,1.2666666666666666,1,2024-11-27 23:16:06,29.7,Wednesday,כאן 11 | חדשות הלילה עם עקיבא נוביק
כאן 11,חדשות הלילה עם עקיבא נוביק,2024-11-27,2024-11-27 23:16:06,2024-11-27 23:45:48,29.7,1.1,1,2.25,1,2.25,2.0202020202020203,1.2666666666666666,2.5,2.6999999999999997,1,2024-11-28 22:58:02,31.733333333333334,Thursday,כאן 11 | חדשות הלילה עם עקיבא נוביק
כאן 11,חדשות הערב,2024-11-03,2024-11-03 19:52:58,2024-11-03 21:30:56,97.96666666666667,5.1,2,1.4833333333333334,2,1.4833333333333334,1.2249064307587614,4.566666666666666,4.3,4.433333333333334,2,2024-11-04 19:53:22,99.98333333333333,Monday,כאן 11 | חדשות הערב
כאן 11,חדשות הערב,2024-11-04,2024-11-04 19:53:22,2024-11-04 21:33:21,99.98333333333333,4.3,2,1.9166666666666667,2,1.9166666666666667,1.2002000333388898,4.433333333333334,4.9,3.3666666666666667,2,2024-11-05 19:53:17,191.48333333333332,Tuesday,כאן 11 | חדשות הערב
כאן 11,חדשות הערב,2024-11-05,2024-11-05 19:53:17,2024-11-05 23:04:46,191.48333333333332,4.9,2,6.033333333333333,1,2.8333333333333335,0.6266863956828271,3.3666666666666667,4.3,4.266666666666667,3,2024-11-06 19:53:26,127.05,Wednesday,כאן 11 | חדשות הערב
כאן 11,חדשות הערב,2024-11-06,2024-11-06 19:53:26,2024-11-06 22:00:29,127.05,4.3,3,3.7666666666666666,3,3.7666666666666666,1.4167650531286893,4.266666666666667,3.8,3.1666666666666665,2,2024-11-07 19:53:02,97.1,Thursday,כאן 11 | חדשות הערב
כאן 11,חדשות הערב,2024-11-10,2024-11-10 19:52:58,2024-11-10 21:29:42,96.73333333333333,4.3,2,1.75,2,1.75,1.2405237767057202,5.866666666666667,3.4,3.3000000000000003,2,2024-11-11 19:53:09,95.3,Monday,כאן 11 | חדשות הערב
כאן 11,חדשות הערב,2024-11-11,2024-11-11 19:53:09,2024-11-11 21:28:27,95.3,3.4,2,1.4,2,1.4,1.2591815320041972,3.3000000000000003,5.5,5.233333333333333,2,2024-11-12 19:53:15,96.75,Tuesday,כאן 11 | חדשות הערב
כאן 11,חדשות הערב,2024-11-12,2024-11-12 19:53:15,2024-11-12 21:30:00,96.75,5.5,2,1.4666666666666668,2,1.4666666666666668,1.2403100775193798,5.233333333333333,4.0,3.6999999999999997,2,2024-11-13 19:52:42,97.03333333333333,Wednesday,כאן 11 | חדשות הערב
כאן 11,חדשות הערב,2024-11-13,2024-11-13 19:52:42,2024-11-13 21:29:44,97.03333333333333,4.0,2,1.1833333333333333,2,1.1833333333333333,1.2366884232222606,3.6999999999999997,3.0,3.5333333333333337,2,2024-11-14 19:53:04,96.86666666666666,Thursday,כאן 11 | חדשות הערב
כאן 11,חדשות הערב,2024-11-17,2024-11-17 19:53:06,2024-11-17 21:25:06,92.0,3.7,0,0.0,0,0.0,0.0,3.933333333333333,4.4,3.233333333333333,0,2024-11-18 19:53:12,111.93333333333334,Monday,כאן 11 | חדשות הערב
כאן 11,חדשות הערב,2024-11-18,2024-11-18 19:53:12,2024-11-18 21:45:08,111.93333333333334,4.4,0,0.0,0,0.0,0.0,3.233333333333333,4.1,4.233333333333333,1,2024-11-19 19:53:00,94.41666666666667,Tuesday,כאן 11 | חדשות הערב
כאן 11,חדשות הערב,2024-11-19,2024-11-19 19:53:00,2024-11-19 21:27:25,94.41666666666667,4.1,1,1.3666666666666667,1,1.3666666666666667,0.6354810238305383,4.233333333333333,3.9,3.8666666666666667,1,2024-11-20 19:53:07,97.95,Wednesday,כאן 11 | חדשות הערב
כאן 11,חדשות הערב,2024-11-20,2024-11-20 19:53:07,2024-11-20 21:31:04,97.95,3.9,1,0.75,1,0.75,0.6125574272588055,3.8666666666666667,4.8,3.766666666666667,1,2024-11-21 19:53:11,94.78333333333333,Thursday,כאן 11 | חדשות הערב
כאן 11,חדשות הערב,2024-11-24,2024-11-24 19:53:13,2024-11-24 21:30:27,97.23333333333333,5.4,2,1.7666666666666666,2,1.7666666666666666,1.234144669180665,5.6000000000000005,4.7,4.966666666666666,2,2024-11-25 19:53:06,98.11666666666666,Monday,כאן 11 | חדשות הערב
כאן 11,חדשות הערב,2024-11-25,2024-11-25 19:53:06,2024-11-25 21:31:13,98.11666666666666,4.7,2,1.8833333333333333,2,1.8833333333333333,1.2230338032953967,4.966666666666666,5.8,5.933333333333333,2,2024-11-26 19:53:02,134.11666666666667,Tuesday,כאן 11 | חדשות הערב
כאן 11,חדשות הערב,2024-11-26,2024-11-26 19:53:02,2024-11-26 22:07:09,134.11666666666667,5.8,2,2.0666666666666664,2,2.0666666666666664,0.894743382627066,5.933333333333333,4.2,4.533333333333334,2,2024-11-27 19:53:06,97.98333333333333,Wednesday,כאן 11 | חדשות הערב
כאן 11,חדשות הערב,2024-11-27,2024-11-27 19:53:06,2024-11-27 21:31:05,97.98333333333333,4.2,2,1.0166666666666666,2,1.0166666666666666,1.2246980779044057,4.533333333333334,3.0,3.9666666666666663,2,2024-11-28 19:53:07,96.88333333333334,Thursday,כאן 11 | חדשות הערב
כאן 11,חדשות כאן - מבזק,2024-11-03,2024-11-03 08:00:07,2024-11-03 08:10:34,10.45,1.2,1,0.43333333333333335,1,0.43333333333333335,5.741626794258373,1.1,0.4,0.4000000000000001,1,2024-11-04 06:59:48,7.383333333333334,Monday,כאן 11 | חדשות כאן - מבזק
כאן 11,חדשות כאן - מבזק,2024-11-06,2024-11-06 09:59:46,2024-11-06 10:06:54,7.133333333333334,2.5,1,0.9833333333333333,1,0.9833333333333333,8.411214953271028,2.4666666666666663,0.3,0.3666666666666667,1,2024-11-07 07:00:01,6.183333333333334,Thursday,כאן 11 | חדשות כאן - מבזק
כאן 11,חדשות כאן - מבזק,2024-11-07,2024-11-07 07:00:01,2024-11-07 07:06:12,6.183333333333334,0.3,1,0.6666666666666666,1,0.6666666666666666,9.703504043126685,0.3666666666666667,2.6,2.3666666666666667,0,2024-11-08 23:36:44,7.4,Friday,כאן 11 | חדשות כאן - מבזק
כאן 11,חדשות כאן - מבזק,2024-11-08,2024-11-08 23:36:44,2024-11-08 23:44:08,7.4,2.6,0,0.0,0,0.0,0.0,2.3666666666666667,1.7,1.7666666666666666,0,2024-11-09 23:12:31,6.316666666666666,Saturday,כאן 11 | חדשות כאן - מבזק
כאן 11,חדשות כאן - מבזק,2024-11-09,2024-11-09 23:12:31,2024-11-09 23:18:50,6.316666666666666,1.7,0,0.0,0,0.0,0.0,1.7666666666666666,0.2,0.16666666666666666,0,2024-11-10 13:59:57,5.2,Sunday,כאן 11 | חדשות כאן - מבזק
כאן 11,חדשות כאן - מבזק,2024-11-10,2024-11-10 13:59:57,2024-11-10 14:05:09,5.2,0.2,0,0.0,0,0.0,0.0,0.16666666666666666,0.9,0.9333333333333332,0,2024-11-11 14:00:01,5.516666666666667,Monday,כאן 11 | חדשות כאן - מבזק
כאן 11,חדשות כאן - מבזק,2024-11-11,2024-11-11 14:00:01,2024-11-11 14:05:32,5.516666666666667,0.9,0,0.0,0,0.0,0.0,0.9333333333333332,0.9,0.7666666666666666,0,2024-11-12 14:00:01,5.6,Tuesday,כאן 11 | חדשות כאן - מבזק
כאן 11,חדשות כאן - מבזק,2024-11-12,2024-11-12 14:00:01,2024-11-12 14:05:37,5.6,0.9,0,0.0,0,0.0,0.0,0.7666666666666666,0.6,0.7666666666666667,0,2024-11-13 14:00:05,4.966666666666667,Wednesday,כאן 11 | חדשות כאן - מבזק
כאן 11,חדשות כאן - מבזק,2024-11-13,2024-11-13 14:00:05,2024-11-13 14:05:03,4.966666666666667,0.6,0,0.0,0,0.0,0.0,0.7666666666666667,0.8,0.7666666666666666,0,2024-11-14 13:59:52,5.1,Thursday,כאן 11 | חדשות כאן - מבזק
כאן 11,חדשות כאן - מבזק,2024-11-14,2024-11-14 13:59:52,2024-11-14 14:04:58,5.1,0.8,0,0.0,0,0.0,0.0,0.7666666666666666,0.2,0.13333333333333333,0,2024-11-15 08:00:06,7.316666666666666,Friday,כאן 11 | חדשות כאן - מבזק
כאן 11,חדשות כאן - מבזק,2024-11-15,2024-11-15 08:00:06,2024-11-15 08:07:25,7.316666666666666,0.2,0,0.0,0,0.0,0.0,0.13333333333333333,1.8,1.8666666666666665,0,2024-11-16 23:22:36,7.083333333333333,Saturday,כאן 11 | חדשות כאן - מבזק
כאן 11,חדשות כאן - מבזק,2024-11-16,2024-11-16 23:22:36,2024-11-16 23:29:41,7.083333333333333,1.8,0,0.0,0,0.0,0.0,1.8666666666666665,0.0,0.0,0,2024-11-17 06:00:00,6.5,Sunday,כאן 11 | חדשות כאן - מבזק
כאן 11,חדשות כאן - מבזק,2024-11-17,2024-11-17 06:00:00,2024-11-17 06:06:30,6.5,0.0,0,0.0,0,0.0,0.0,0.0,0.0,0.0,0,2024-11-18 06:00:02,5.133333333333334,Monday,כאן 11 | חדשות כאן - מבזק
כאן 11,חדשות כאן - מבזק,2024-11-18,2024-11-18 06:00:02,2024-11-18 06:05:10,5.133333333333334,0.0,0,0.0,0,0.0,0.0,0.0,0.3,0.3,0,2024-11-19 06:00:01,6.233333333333333,Tuesday,כאן 11 | חדשות כאן - מבזק
כאן 11,חדשות כאן - מבזק,2024-11-19,2024-11-19 06:00:01,2024-11-19 06:06:15,6.233333333333333,0.3,0,0.0,0,0.0,0.0,0.3,0.0,0.0,0,2024-11-20 06:00:02,6.966666666666667,Wednesday,כאן 11 | חדשות כאן - מבזק
כאן 11,חדשות כאן - מבזק,2024-11-20,2024-11-20 06:00:02,2024-11-20 06:07:00,6.966666666666667,0.0,0,0.0,0,0.0,0.0,0.0,1.0,1.0,0,2024-11-21 06:00:01,5.4,Thursday,כאן 11 | חדשות כאן - מבזק
כאן 11,חדשות כאן - מבזק,2024-11-21,2024-11-21 06:00:01,2024-11-21 06:05:25,5.4,1.0,0,0.0,0,0.0,0.0,1.0,0.1,0.0,0,2024-11-22 06:00:02,5.55,Friday,כאן 11 | חדשות כאן - מבזק
כאן 11,חדשות כאן - מבזק,2024-11-22,2024-11-22 06:00:02,2024-11-22 06:05:35,5.55,0.1,0,0.0,0,0.0,0.0,0.0,1.7,1.8333333333333333,0,2024-11-23 23:18:14,5.183333333333334,Saturday,כאן 11 | חדשות כאן - מבזק
כאן 11,חדשות כאן - מבזק,2024-11-23,2024-11-23 23:18:14,2024-11-23 23:23:25,5.183333333333334,1.7,0,0.0,0,0.0,0.0,1.8333333333333333,0.0,0.0,0,2024-11-24 06:00:01,5.233333333333333,Sunday,כאן 11 | חדשות כאן - מבזק
כאן 11,חדשות כאן - מבזק,2024-11-24,2024-11-24 06:00:01,2024-11-24 06:05:15,5.233333333333333,0.0,0,0.0,0,0.0,0.0,0.0,0.0,0.06666666666666667,0,2024-11-25 06:00:01,5.066666666666666,Monday,כאן 11 | חדשות כאן - מבזק
כאן 11,חדשות כאן - מבזק,2024-11-25,2024-11-25 06:00:01,2024-11-25 06:05:05,5.066666666666666,0.0,0,0.0,0,0.0,0.0,0.06666666666666667,0.2,0.20000000000000004,0,2024-11-26 06:00:01,5.983333333333333,Tuesday,כאן 11 | חדשות כאן - מבזק
כאן 11,חדשות כאן - מבזק,2024-11-26,2024-11-26 06:00:01,2024-11-26 06:06:00,5.983333333333333,0.2,0,0.0,0,0.0,0.0,0.20000000000000004,0.1,0.10000000000000002,0,2024-11-27 06:00:01,6.233333333333333,Wednesday,כאן 11 | חדשות כאן - מבזק
כאן 11,חדשות כאן - מבזק,2024-11-27,2024-11-27 06:00:01,2024-11-27 06:06:15,6.233333333333333,0.1,0,0.0,0,0.0,0.0,0.10000000000000002,0.0,0.0,0,2024-11-28 06:00:01,5.316666666666666,Thursday,כאן 11 | חדשות כאן - מבזק
כאן 11,חדשות כאן - מבזק,2024-11-28,2024-11-28 06:00:01,2024-11-28 06:05:20,5.316666666666666,0.0,0,0.0,0,0.0,0.0,0.0,0.2,0.20000000000000004,0,2024-11-29 06:00:00,5.666666666666667,Friday,כאן 11 | חדשות כאן - מבזק
כאן 11,חדשות כאן - מבזק,2024-11-29,2024-11-29 06:00:00,2024-11-29 06:05:40,5.666666666666667,0.2,0,0.0,0,0.0,0.0,0.20000000000000004,4.0,4.7,0,2024-11-30 23:11:19,6.15,Saturday,כאן 11 | חדשות כאן - מבזק
כאן 11,חדשות כאן - מבזק מיוחד,2024-11-01,2024-11-01 13:49:10,2024-11-01 13:57:33,8.383333333333333,1.3,0,0.0,0,0.0,0.0,1.2,0.6,0.6,0,2024-11-02 07:20:12,13.666666666666666,Saturday,כאן 11 | חדשות כאן - מבזק מיוחד
כאן 11,חדשות כאן - מבזק מיוחד,2024-11-11,2024-11-11 15:00:02,2024-11-11 15:10:01,9.983333333333333,1.0,0,0.0,0,0.0,0.0,1.0,0.6,0.5,0,2024-11-12 13:01:37,4.5,Tuesday,כאן 11 | חדשות כאן - מבזק מיוחד
כאן 11,חדשות כאן - מבזק מיוחד,2024-11-12,2024-11-12 13:01:37,2024-11-12 13:06:07,4.5,0.6,0,0.0,0,0.0,0.0,0.5,1.4,1.3,0,2024-11-13 12:20:08,13.183333333333334,Wednesday,כאן 11 | חדשות כאן - מבזק מיוחד
כאן 11,חדשות כאן - מהדורת חמש,2024-11-02,2024-11-02 16:00:13,2024-11-02 17:58:31,118.3,2.6,3,5.9,0,0.0,1.521555367709214,1.6666666666666667,1.6,1.1666666666666667,4,2024-11-03 17:00:03,114.75,Sunday,כאן 11 | חדשות כאן - מהדורת חמש
כאן 11,חדשות כאן - מהדורת חמש,2024-11-03,2024-11-03 17:00:03,2024-11-03 18:54:48,114.75,1.6,4,8.15,0,0.0,2.0915032679738563,1.1666666666666667,1.7,1.0333333333333334,4,2024-11-04 17:00:34,114.23333333333333,Monday,כאן 11 | חדשות כאן - מהדורת חמש
כאן 11,חדשות כאן - מהדורת חמש,2024-11-04,2024-11-04 17:00:34,2024-11-04 18:54:48,114.23333333333333,1.7,4,9.033333333333335,0,0.0,2.1009629413481177,1.0333333333333334,1.1,0.5,2,2024-11-05 16:59:52,57.88333333333333,Tuesday,כאן 11 | חדשות כאן - מהדורת חמש
כאן 11,חדשות כאן - מהדורת חמש,2024-11-05,2024-11-05 16:59:52,2024-11-05 17:57:45,57.88333333333333,1.1,2,4.816666666666666,0,0.0,2.0731356176216527,0.5,1.2,0.8666666666666667,2,2024-11-06 16:58:44,57.266666666666666,Wednesday,כאן 11 | חדשות כאן - מהדורת חמש
כאן 11,חדשות כאן - מהדורת חמש,2024-11-06,2024-11-06 16:58:44,2024-11-06 17:56:00,57.266666666666666,1.2,2,4.083333333333333,0,0.0,2.0954598370197903,0.8666666666666667,1.5,1.0,4,2024-11-07 17:00:53,115.6,Thursday,כאן 11 | חדשות כאן - מהדורת חמש
כאן 11,חי בגימל ש.ח,2024-11-03,2024-11-03 01:41:23,2024-11-03 01:59:59,18.6,0.1,0,0.0,0,0.0,0.0,,0.2,0.10000000000000002,1,2024-11-04 02:00:00,16.866666666666667,Monday,כאן 11 | חי בגימל ש.ח
כאן 11,טהרן עונה 2 ש.ח,2024-11-26,2024-11-26 23:28:24,2024-11-27 00:22:39,54.25,1.4,2,4.316666666666666,1,2.6166666666666667,2.2119815668202767,1.6666666666666667,0.9,1.2333333333333334,2,2024-11-27 23:46:26,54.333333333333336,Wednesday,כאן 11 | טהרן עונה 2 ש.ח
כאן 11,טהרן עונה 2 ש.ח,2024-11-27,2024-11-27 23:46:26,2024-11-28 00:40:46,54.333333333333336,0.9,2,5.416666666666666,1,3.55,2.208588957055215,1.2333333333333334,1.3,1.6000000000000003,2,2024-11-28 23:29:56,46.43333333333333,Thursday,כאן 11 | טהרן עונה 2 ש.ח
כאן 11,טיול אחרי צבא עונה 2 ש.ח,2024-11-14,2024-11-14 04:50:37,2024-11-14 05:47:23,56.766666666666666,0.4,2,2.533333333333333,0,0.0,2.1139166177334117,0.3,0.2,0.3,2,2024-11-15 04:50:30,57.1,Friday,כאן 11 | טיול אחרי צבא עונה 2 ש.ח
כאן 11,טיול אחרי צבא עונה 2 ש.ח,2024-11-18,2024-11-18 04:56:03,2024-11-18 05:47:00,50.95,0.0,1,1.45,1,1.45,1.1776251226692835,0.0,0.1,0.10000000000000002,2,2024-11-19 04:57:21,49.733333333333334,Tuesday,כאן 11 | טיול אחרי צבא עונה 2 ש.ח
כאן 11,טיול אחרי צבא עונה 2 ש.ח,2024-11-19,2024-11-19 04:57:21,2024-11-19 05:47:05,49.733333333333334,0.1,2,2.3833333333333333,1,1.2,2.4128686327077746,0.10000000000000002,0.0,0.0,2,2024-11-20 04:53:16,54.016666666666666,Wednesday,כאן 11 | טיול אחרי צבא עונה 2 ש.ח
כאן 11,טיול אחרי צבא עונה 2 ש.ח,2024-11-20,2024-11-20 04:53:16,2024-11-20 05:47:17,54.016666666666666,0.0,2,2.8833333333333337,1,1.2833333333333334,2.2215365627892627,0.0,0.8,0.8000000000000002,2,2024-11-21 04:56:06,50.88333333333333,Thursday,כאן 11 | טיול אחרי צבא עונה 2 ש.ח
כאן 11,טיול אחרי צבא עונה 2 ש.ח,2024-11-21,2024-11-21 04:56:06,2024-11-21 05:46:59,50.88333333333333,0.8,2,2.3,1,1.3,2.3583360628889616,0.8000000000000002,0.1,0.0,2,2024-11-22 04:50:30,56.516666666666666,Friday,כאן 11 | טיול אחרי צבא עונה 2 ש.ח
כאן 11,טיול אחרי צבא עונה 2 ש.ח,2024-11-25,2024-11-25 04:52:10,2024-11-25 05:47:03,54.88333333333333,0.0,2,3.966666666666667,1,2.3833333333333333,2.186456119040389,0.0,0.3,0.3,2,2024-11-26 04:56:06,51.28333333333333,Tuesday,כאן 11 | טיול אחרי צבא עונה 2 ש.ח
כאן 11,טיול אחרי צבא עונה 2 ש.ח,2024-11-26,2024-11-26 04:56:06,2024-11-26 05:47:23,51.28333333333333,0.3,2,2.6833333333333336,1,1.2666666666666666,2.3399415014624636,0.3,0.1,0.03333333333333333,2,2024-11-27 04:53:08,54.266666666666666,Wednesday,כאן 11 | טיול אחרי צבא עונה 2 ש.ח
כאן 11,טיול אחרי צבא עונה 2 ש.ח,2024-11-27,2024-11-27 04:53:08,2024-11-27 05:47:24,54.266666666666666,0.1,2,3.5666666666666664,0,0.0,2.2113022113022116,0.03333333333333333,0.0,0.0,2,2024-11-28 04:49:53,57.86666666666667,Thursday,כאן 11 | טיול אחרי צבא עונה 2 ש.ח
כאן 11,טיול אחרי צבא ש.ח,2024-11-04,2024-11-04 04:53:45,2024-11-04 05:47:08,53.38333333333333,0.1,2,3.6833333333333336,0,0.0,2.247892600686856,0.06666666666666667,0.0,0.0,2,2024-11-05 04:52:12,55.45,Tuesday,כאן 11 | טיול אחרי צבא ש.ח
כאן 11,טיול אחרי צבא ש.ח,2024-11-11,2024-11-11 05:01:08,2024-11-11 05:47:22,46.233333333333334,0.3,2,3.8,1,1.85,2.595529920692141,0.13333333333333333,0.2,0.10000000000000002,2,2024-11-12 04:53:50,53.35,Tuesday,כאן 11 | טיול אחרי צבא ש.ח
כאן 11,טראמפ: ההזדמנות השנייה? ש.ח,2024-11-05,2024-11-05 14:10:52,2024-11-05 14:59:56,49.06666666666667,0.2,2,4.233333333333333,1,2.5166666666666666,2.4456521739130435,0.13333333333333333,1.0,1.5999999999999999,2,2024-11-06 12:30:07,49.5,Wednesday,כאן 11 | טראמפ: ההזדמנות השנייה? ש.ח
כאן 11,יומני היקר ש.ח,2024-11-04,2024-11-04 03:59:10,2024-11-04 04:26:45,27.583333333333332,0.3,1,2.3333333333333335,1,2.3333333333333335,2.175226586102719,0.20000000000000004,0.0,0.0,1,2024-11-05 03:55:26,30.183333333333334,Tuesday,כאן 11 | יומני היקר ש.ח
כאן 11,יומני היקר ש.ח,2024-11-07,2024-11-07 03:59:12,2024-11-07 04:30:56,31.733333333333334,0.0,1,2.35,1,2.35,1.8907563025210086,0.0,0.2,0.20000000000000004,0,2024-11-08 03:58:37,19.433333333333334,Friday,כאן 11 | יומני היקר ש.ח
כאן 11,יומני היקר ש.ח,2024-11-11,2024-11-11 04:10:53,2024-11-11 04:42:08,31.25,0.1,1,1.8333333333333333,0,0.0,1.92,0.10000000000000002,0.0,0.0,1,2024-11-12 03:57:26,32.733333333333334,Tuesday,כאן 11 | יומני היקר ש.ח
כאן 11,יומני היקר ש.ח,2024-11-12,2024-11-12 03:57:26,2024-11-12 04:30:10,32.733333333333334,0.0,1,2.433333333333333,0,0.0,1.8329938900203666,0.0,0.2,0.3,1,2024-11-13 04:02:51,29.883333333333333,Wednesday,כאן 11 | יומני היקר ש.ח
כאן 11,יומני היקר ש.ח,2024-11-18,2024-11-18 03:54:02,2024-11-18 04:23:58,29.933333333333334,0.0,1,1.45,1,1.45,2.0044543429844097,0.0,0.1,0.10000000000000002,1,2024-11-19 04:07:56,30.333333333333332,Tuesday,כאן 11 | יומני היקר ש.ח
כאן 11,יומני היקר ש.ח,2024-11-19,2024-11-19 04:07:56,2024-11-19 04:38:16,30.333333333333332,0.1,1,1.2,1,1.2,1.978021978021978,0.10000000000000002,0.3,0.26666666666666666,1,2024-11-20 03:52:35,30.216666666666665,Wednesday,כאן 11 | יומני היקר ש.ח
כאן 11,יומני היקר ש.ח,2024-11-20,2024-11-20 03:52:35,2024-11-20 04:22:48,30.216666666666665,0.3,1,1.7,0,0.0,1.9856591285162712,0.26666666666666666,0.6,0.5333333333333333,0,2024-11-21 04:07:49,28.783333333333335,Thursday,כאן 11 | יומני היקר ש.ח
כאן 11,יוצאים מהכלל עונה 4 ש.ח,2024-11-24,2024-11-24 23:23:19,2024-11-25 00:21:58,58.65,1.2,2,3.716666666666667,0,0.0,2.0460358056265986,1.5666666666666667,0.9,,1,2024-11-25 00:14:21,25.45,Monday,כאן 11 | יוצאים מהכלל עונה 4 ש.ח
כאן 11,יוצאים מהכלל עונה 4 ש.ח,2024-11-25,2024-11-25 00:14:21,2024-11-25 00:39:48,25.45,0.9,1,2.45,1,2.45,2.357563850687623,,1.2,,2,2024-11-26 00:22:39,58.81666666666667,Tuesday,כאן 11 | יוצאים מהכלל עונה 4 ש.ח
כאן 11,יוצאים מהכלל עונה 4 ש.ח,2024-11-26,2024-11-26 00:22:39,2024-11-26 01:21:28,58.81666666666667,1.2,2,3.8666666666666667,1,2.0,2.0402380277699064,,0.2,,2,2024-11-27 00:40:46,55.416666666666664,Wednesday,כאן 11 | יוצאים מהכלל עונה 4 ש.ח
כאן 11,כאן בשש,2024-11-10,2024-11-10 17:58:47,2024-11-10 18:54:41,55.9,2.1,2,4.233333333333333,1,2.1,2.146690518783542,1.5999999999999999,2.1,1.4333333333333333,2,2024-11-11 17:59:49,54.516666666666666,Monday,כאן 11 | כאן בשש
כאן 11,כאן בשש,2024-11-11,2024-11-11 17:59:49,2024-11-11 18:54:20,54.516666666666666,2.1,2,4.016666666666667,0,0.0,2.2011617242433505,1.4333333333333333,2.4,1.9000000000000001,2,2024-11-12 18:00:30,54.333333333333336,Tuesday,כאן 11 | כאן בשש
כאן 11,כאן בשש,2024-11-12,2024-11-12 18:00:30,2024-11-12 18:54:50,54.333333333333336,2.4,2,4.15,0,0.0,2.208588957055215,1.9000000000000001,2.2,2.2666666666666666,2,2024-11-13 17:59:41,54.983333333333334,Wednesday,כאן 11 | כאן בשש
כאן 11,כאן בשש,2024-11-13,2024-11-13 17:59:41,2024-11-13 18:54:40,54.983333333333334,2.2,2,4.516666666666667,0,0.0,2.1824795392543193,2.2666666666666666,2.1,1.8,2,2024-11-14 17:58:24,56.63333333333333,Thursday,כאן 11 | כאן בשש
כאן 11,כאן בשש,2024-11-17,2024-11-17 17:53:58,2024-11-17 18:53:39,59.68333333333333,1.7,2,4.616666666666667,0,0.0,2.010611561016476,1.5999999999999999,1.7,1.9666666666666668,2,2024-11-18 17:58:03,56.46666666666667,Monday,כאן 11 | כאן בשש
כאן 11,כאן בשש,2024-11-18,2024-11-18 17:58:03,2024-11-18 18:54:31,56.46666666666667,1.7,2,3.8833333333333333,0,0.0,2.125147579693034,1.9666666666666668,2.6,2.0,2,2024-11-19 17:59:45,54.25,Tuesday,כאן 11 | כאן בשש
כאן 11,כאן בשש,2024-11-19,2024-11-19 17:59:45,2024-11-19 18:54:00,54.25,2.6,2,4.4,0,0.0,2.2119815668202767,2.0,1.5,1.1,2,2024-11-20 18:00:16,54.483333333333334,Wednesday,כאן 11 | כאן בשש
כאן 11,כאן בשש,2024-11-20,2024-11-20 18:00:16,2024-11-20 18:54:45,54.483333333333334,1.5,2,4.616666666666667,0,0.0,2.2025084123585192,1.1,1.7,1.3666666666666665,2,2024-11-21 17:59:45,54.666666666666664,Thursday,כאן 11 | כאן בשש
כאן 11,כאן בשש,2024-11-25,2024-11-25 17:59:56,2024-11-25 18:54:56,55.0,2.0,2,5.2666666666666675,0,0.0,2.181818181818182,1.9000000000000001,1.4,1.3999999999999997,2,2024-11-26 17:58:25,55.21666666666667,Tuesday,כאן 11 | כאן בשש
כאן 11,כאן בשש,2024-11-26,2024-11-26 17:58:25,2024-11-26 18:53:38,55.21666666666667,1.4,2,5.05,0,0.0,2.173256866888017,1.3999999999999997,1.5,1.3,2,2024-11-27 18:00:12,54.4,Wednesday,כאן 11 | כאן בשש
כאן 11,כאן בשש,2024-11-27,2024-11-27 18:00:12,2024-11-27 18:54:36,54.4,1.5,2,5.1,0,0.0,2.2058823529411766,1.3,1.8,2.2333333333333334,3,2024-11-28 17:57:53,56.416666666666664,Thursday,כאן 11 | כאן בשש
כאן 11,כאן דיגיטל,2024-11-03,2024-11-03 14:19:25,2024-11-03 14:23:00,3.5833333333333335,0.8,0,0.0,0,0.0,0.0,0.8666666666666667,0.3,0.3,0,2024-11-04 03:45:03,14.116666666666667,Monday,כאן 11 | כאן דיגיטל
כאן 11,כאן דיגיטל,2024-11-08,2024-11-08 12:52:13,2024-11-08 13:00:10,7.95,0.4,0,0.0,0,0.0,0.0,0.3,0.3,0.3,0,2024-11-09 05:05:27,5.883333333333334,Saturday,כאן 11 | כאן דיגיטל
כאן 11,כאן דיגיטל,2024-11-09,2024-11-09 05:05:27,2024-11-09 05:11:20,5.883333333333334,0.3,0,0.0,0,0.0,0.0,0.3,0.1,0.10000000000000002,0,2024-11-10 04:08:13,6.65,Sunday,כאן 11 | כאן דיגיטל
כאן 11,כאן דיגיטל,2024-11-10,2024-11-10 04:08:13,2024-11-10 04:14:52,6.65,0.1,0,0.0,0,0.0,0.0,0.10000000000000002,0.3,0.3,0,2024-11-11 13:13:02,9.05,Monday,כאן 11 | כאן דיגיטל
כאן 11,כאן דיגיטל,2024-11-11,2024-11-11 13:13:02,2024-11-11 13:22:05,9.05,0.3,0,0.0,0,0.0,0.0,0.3,0.1,0.3333333333333333,0,2024-11-12 03:07:37,8.333333333333334,Tuesday,כאן 11 | כאן דיגיטל
כאן 11,כאן דיגיטל,2024-11-12,2024-11-12 03:07:37,2024-11-12 03:15:57,8.333333333333334,0.1,0,0.0,0,0.0,0.0,0.3333333333333333,0.3,0.3,0,2024-11-13 03:35:20,10.7,Wednesday,כאן 11 | כאן דיגיטל
כאן 11,כאן דיגיטל,2024-11-13,2024-11-13 03:35:20,2024-11-13 03:46:02,10.7,0.3,0,0.0,0,0.0,0.0,0.3,0.3,0.43333333333333335,0,2024-11-14 04:13:07,13.166666666666666,Thursday,כאן 11 | כאן דיגיטל
כאן 11,כאן דיגיטל,2024-11-14,2024-11-14 04:13:07,2024-11-14 04:26:17,13.166666666666666,0.3,0,0.0,0,0.0,0.0,0.43333333333333335,0.8,0.8333333333333334,0,2024-11-15 03:00:23,9.283333333333333,Friday,כאן 11 | כאן דיגיטל
כאן 11,כאן דיגיטל,2024-11-17,2024-11-17 12:59:01,2024-11-17 13:01:17,2.2666666666666666,0.3,0,0.0,0,0.0,0.0,0.26666666666666666,0.0,0.0,0,2024-11-18 02:48:02,13.15,Monday,כאן 11 | כאן דיגיטל
כאן 11,כאן דיגיטל,2024-11-22,2024-11-22 13:27:37,2024-11-22 13:37:35,9.966666666666667,0.7,0,0.0,0,0.0,0.0,0.7333333333333334,0.2,0.20000000000000004,0,2024-11-23 05:05:15,2.716666666666667,Saturday,כאן 11 | כאן דיגיטל
כאן 11,כאן דיגיטל,2024-11-23,2024-11-23 05:05:15,2024-11-23 05:07:58,2.716666666666667,0.2,0,0.0,0,0.0,0.0,0.20000000000000004,0.2,0.26666666666666666,0,2024-11-24 04:29:15,5.25,Sunday,כאן 11 | כאן דיגיטל
כאן 11,כאן דיגיטל,2024-11-24,2024-11-24 04:29:15,2024-11-24 04:34:30,5.25,0.2,0,0.0,0,0.0,0.0,0.26666666666666666,0.5,0.5,0,2024-11-25 12:56:07,6.616666666666666,Monday,כאן 11 | כאן דיגיטל
כאן 11,כאן דיגיטל,2024-11-25,2024-11-25 12:56:07,2024-11-25 13:02:44,6.616666666666666,0.5,0,0.0,0,0.0,0.0,0.5,0.3,0.3,0,2024-11-26 03:34:42,3.5833333333333335,Tuesday,כאן 11 | כאן דיגיטל
כאן 11,כאן דיגיטל,2024-11-26,2024-11-26 03:34:42,2024-11-26 03:38:17,3.5833333333333335,0.3,0,0.0,0,0.0,0.0,0.3,0.5,0.2333333333333333,0,2024-11-27 12:55:59,8.283333333333333,Wednesday,כאן 11 | כאן דיגיטל
כאן 11,כאן דיגיטל,2024-11-27,2024-11-27 12:55:59,2024-11-27 13:04:16,8.283333333333333,0.5,0,0.0,0,0.0,0.0,0.2333333333333333,0.0,0.16666666666666666,0,2024-11-28 03:22:42,11.566666666666666,Thursday,כאן 11 | כאן דיגיטל
כאן 11,כאן דיגיטל,2024-11-28,2024-11-28 03:22:42,2024-11-28 03:34:16,11.566666666666666,0.0,0,0.0,0,0.0,0.0,0.16666666666666666,0.3,0.9666666666666665,0,2024-11-29 03:24:44,7.866666666666666,Friday,כאן 11 | כאן דיגיטל
כאן 11,כאן דיגיטל ש.ח,2024-11-01,2024-11-01 13:35:53,2024-11-01 13:41:29,5.6,1.1,0,0.0,0,0.0,0.0,0.9666666666666667,1.4,1.3666666666666665,0,2024-11-02 09:53:55,2.2666666666666666,Saturday,כאן 11 | כאן דיגיטל ש.ח
כאן 11,כאן דיגיטל ש.ח,2024-11-02,2024-11-02 09:53:55,2024-11-02 09:56:11,2.2666666666666666,1.4,0,0.0,0,0.0,0.0,1.3666666666666665,0.4,0.4000000000000001,0,2024-11-03 04:53:44,9.266666666666667,Sunday,כאן 11 | כאן דיגיטל ש.ח
כאן 11,כאן דיגיטל ש.ח,2024-11-03,2024-11-03 04:53:44,2024-11-03 05:03:00,9.266666666666667,0.4,0,0.0,0,0.0,0.0,0.4000000000000001,0.9,1.0,0,2024-11-04 12:53:31,6.833333333333333,Monday,כאן 11 | כאן דיגיטל ש.ח
כאן 11,כאן דיגיטל ש.ח,2024-11-04,2024-11-04 12:53:31,2024-11-04 13:00:21,6.833333333333333,0.9,0,0.0,0,0.0,0.0,1.0,0.3,0.3,0,2024-11-05 03:43:52,11.566666666666666,Tuesday,כאן 11 | כאן דיגיטל ש.ח
כאן 11,כאן דיגיטל ש.ח,2024-11-05,2024-11-05 03:43:52,2024-11-05 03:55:26,11.566666666666666,0.3,0,0.0,0,0.0,0.0,0.3,0.3,0.6,0,2024-11-06 13:19:47,5.583333333333333,Wednesday,כאן 11 | כאן דיגיטל ש.ח
כאן 11,כאן דיגיטל ש.ח,2024-11-06,2024-11-06 13:19:47,2024-11-06 13:25:22,5.583333333333333,0.3,0,0.0,0,0.0,0.0,0.6,0.2,0.2333333333333333,0,2024-11-07 12:53:38,6.85,Thursday,כאן 11 | כאן דיגיטל ש.ח
כאן 11,כאן דיגיטל ש.ח,2024-11-07,2024-11-07 12:53:38,2024-11-07 13:00:29,6.85,0.2,0,0.0,0,0.0,0.0,0.2333333333333333,0.3,0.36666666666666664,0,2024-11-08 03:26:03,5.55,Friday,כאן 11 | כאן דיגיטל ש.ח
כאן 11,כאן דיגיטל ש.ח,2024-11-10,2024-11-10 12:59:13,2024-11-10 13:06:32,7.316666666666666,0.3,0,0.0,0,0.0,0.0,0.3,0.1,0.26666666666666666,0,2024-11-11 02:59:45,7.7,Monday,כאן 11 | כאן דיגיטל ש.ח
כאן 11,כאן דיגיטל ש.ח,2024-11-15,2024-11-15 06:24:57,2024-11-15 06:29:59,5.033333333333333,0.0,0,0.0,0,0.0,0.0,0.0,0.2,0.4000000000000001,0,2024-11-16 04:59:59,10.7,Saturday,כאן 11 | כאן דיגיטל ש.ח
כאן 11,כאן דיגיטל ש.ח,2024-11-16,2024-11-16 04:59:59,2024-11-16 05:10:41,10.7,0.2,0,0.0,0,0.0,0.0,0.4000000000000001,0.6,0.6,0,2024-11-17 03:50:33,8.933333333333334,Sunday,כאן 11 | כאן דיגיטל ש.ח
כאן 11,כאן דיגיטל ש.ח,2024-11-17,2024-11-17 03:50:33,2024-11-17 03:59:29,8.933333333333334,0.6,0,0.0,0,0.0,0.0,0.6,0.2,0.3333333333333333,0,2024-11-18 14:49:17,1.8166666666666667,Monday,כאן 11 | כאן דיגיטל ש.ח
כאן 11,כאן דיגיטל ש.ח,2024-11-18,2024-11-18 14:49:17,2024-11-18 14:51:06,1.8166666666666667,0.2,0,0.0,0,0.0,0.0,0.3333333333333333,0.5,0.5333333333333333,0,2024-11-19 02:48:29,6.85,Tuesday,כאן 11 | כאן דיגיטל ש.ח
כאן 11,כאן דיגיטל ש.ח,2024-11-19,2024-11-19 02:48:29,2024-11-19 02:55:20,6.85,0.5,0,0.0,0,0.0,0.0,0.5333333333333333,0.8,0.8000000000000002,0,2024-11-20 13:06:29,1.5166666666666666,Wednesday,כאן 11 | כאן דיגיטל ש.ח
כאן 11,כאן דיגיטל ש.ח,2024-11-20,2024-11-20 13:06:29,2024-11-20 13:08:00,1.5166666666666666,0.8,0,0.0,0,0.0,0.0,0.8000000000000002,0.4,0.4000000000000001,0,2024-11-21 03:44:05,3.033333333333333,Thursday,כאן 11 | כאן דיגיטל ש.ח
כאן 11,כאן דיגיטל ש.ח,2024-11-25,2024-11-25 03:27:33,2024-11-25 03:32:49,5.266666666666667,0.1,0,0.0,0,0.0,0.0,0.26666666666666666,0.5,0.5,0,2024-11-26 12:57:17,6.883333333333334,Tuesday,כאן 11 | כאן דיגיטל ש.ח
כאן 11,כאן דיגיטל ש.ח,2024-11-26,2024-11-26 12:57:17,2024-11-26 13:04:10,6.883333333333334,0.5,0,0.0,0,0.0,0.0,0.5,0.2,0.26666666666666666,0,2024-11-27 02:58:44,12.716666666666667,Wednesday,כאן 11 | כאן דיגיטל ש.ח
כאן 11,מה שתגידו 4 ש.ח,2024-11-01,2024-11-01 02:44:33,2024-11-01 03:16:59,32.43333333333333,1.0,1,1.3833333333333333,0,0.0,1.849948612538541,1.2,1.6,,1,2024-11-02 00:09:15,33.516666666666666,Saturday,כאן 11 | מה שתגידו 4 ש.ח
כאן 11,מה שתגידו 4 ש.ח,2024-11-08,2024-11-08 02:52:46,2024-11-08 03:25:53,33.11666666666667,2.1,1,1.8833333333333333,1,1.8833333333333333,1.8117765475591343,2.1999999999999997,1.2,1.2,1,2024-11-09 23:19:57,33.43333333333333,Saturday,כאן 11 | מה שתגידו 4 ש.ח
כאן 11,מה שתגידו 4 ש.ח,2024-11-14,2024-11-14 22:03:29,2024-11-14 22:37:01,33.53333333333333,3.7,1,2.75,0,0.0,1.7892644135188867,3.633333333333333,1.2,1.4333333333333333,1,2024-11-15 02:26:53,33.333333333333336,Friday,כאן 11 | מה שתגידו 4 ש.ח
כאן 11,מה שתגידו 4 ש.ח,2024-11-15,2024-11-15 02:26:53,2024-11-15 03:00:13,33.333333333333336,1.2,1,2.55,0,0.0,1.7999999999999998,1.4333333333333333,1.9,1.7,1,2024-11-16 23:29:41,32.833333333333336,Saturday,כאן 11 | מה שתגידו 4 ש.ח
כאן 11,מה שתגידו 4 ש.ח,2024-11-22,2024-11-22 02:34:31,2024-11-22 03:09:23,34.86666666666667,0.6,1,3.283333333333333,0,0.0,1.7208413001912046,0.6999999999999998,1.4,1.3999999999999997,1,2024-11-23 23:23:25,34.2,Saturday,כאן 11 | מה שתגידו 4 ש.ח
כאן 11,מה שתגידו 4 ש.ח,2024-11-29,2024-11-29 02:53:09,2024-11-29 03:24:34,31.416666666666668,2.4,1,2.1,1,2.1,1.909814323607427,2.3333333333333335,1.3,,1,2024-11-30 00:23:24,32.7,Saturday,כאן 11 | מה שתגידו 4 ש.ח
כאן 11,מהצד השני עם גיא זהר,2024-11-03,2024-11-03 23:06:18,2024-11-03 23:19:25,13.116666666666667,2.2,0,0.0,0,0.0,0.0,1.7666666666666666,2.4,2.566666666666667,0,2024-11-04 22:48:19,12.55,Monday,כאן 11 | מהצד השני עם גיא זהר
כאן 11,מהצד השני עם גיא זהר,2024-11-06,2024-11-06 22:52:01,2024-11-06 23:05:05,13.066666666666666,1.1,0,0.0,0,0.0,0.0,1.2333333333333334,2.6,2.466666666666667,0,2024-11-07 22:48:21,12.416666666666666,Thursday,כאן 11 | מהצד השני עם גיא זהר
כאן 11,מהצד השני עם גיא זהר,2024-11-10,2024-11-10 22:27:44,2024-11-10 22:40:31,12.783333333333333,1.7,0,0.0,0,0.0,0.0,1.3999999999999997,2.2,2.3666666666666667,0,2024-11-11 22:51:37,12.466666666666667,Monday,כאן 11 | מהצד השני עם גיא זהר
כאן 11,מהצד השני עם גיא זהר,2024-11-11,2024-11-11 22:51:37,2024-11-11 23:04:05,12.466666666666667,2.2,0,0.0,0,0.0,0.0,2.3666666666666667,3.4,3.6333333333333333,0,2024-11-12 22:51:10,13.083333333333334,Tuesday,כאן 11 | מהצד השני עם גיא זהר
כאן 11,מהצד השני עם גיא זהר,2024-11-12,2024-11-12 22:51:10,2024-11-12 23:04:15,13.083333333333334,3.4,0,0.0,0,0.0,0.0,3.6333333333333333,1.8,1.866666666666667,0,2024-11-13 23:18:11,12.783333333333333,Wednesday,כאן 11 | מהצד השני עם גיא זהר
כאן 11,מהצד השני עם גיא זהר,2024-11-13,2024-11-13 23:18:11,2024-11-13 23:30:58,12.783333333333333,1.8,0,0.0,0,0.0,0.0,1.866666666666667,0.7,0.8666666666666667,0,2024-11-14 23:36:19,12.6,Thursday,כאן 11 | מהצד השני עם גיא זהר
כאן 11,מהצד השני עם גיא זהר,2024-11-17,2024-11-17 22:24:50,2024-11-17 22:37:59,13.15,2.2,0,0.0,0,0.0,0.0,2.333333333333333,2.9,3.0666666666666664,0,2024-11-18 22:42:00,13.1,Monday,כאן 11 | מהצד השני עם גיא זהר
כאן 11,מהצד השני עם גיא זהר,2024-11-18,2024-11-18 22:42:00,2024-11-18 22:55:06,13.1,2.9,0,0.0,0,0.0,0.0,3.0666666666666664,3.2,3.633333333333333,0,2024-11-19 22:20:54,12.9,Tuesday,כאן 11 | מהצד השני עם גיא זהר
כאן 11,מהצד השני עם גיא זהר,2024-11-19,2024-11-19 22:20:54,2024-11-19 22:33:48,12.9,3.2,0,0.0,0,0.0,0.0,3.633333333333333,2.0,2.233333333333333,0,2024-11-20 23:05:53,13.2,Wednesday,כאן 11 | מהצד השני עם גיא זהר
כאן 11,מהצד השני עם גיא זהר,2024-11-20,2024-11-20 23:05:53,2024-11-20 23:19:05,13.2,2.0,0,0.0,0,0.0,0.0,2.233333333333333,3.5,4.333333333333334,0,2024-11-21 22:38:47,13.116666666666667,Thursday,כאן 11 | מהצד השני עם גיא זהר
כאן 11,מהצד השני עם גיא זהר,2024-11-24,2024-11-24 22:33:38,2024-11-24 22:46:44,13.1,2.1,0,0.0,0,0.0,0.0,2.0,3.4,3.6333333333333333,0,2024-11-25 22:32:50,12.833333333333334,Monday,כאן 11 | מהצד השני עם גיא זהר
כאן 11,מהצד השני עם גיא זהר,2024-11-25,2024-11-25 22:32:50,2024-11-25 22:45:40,12.833333333333334,3.4,0,0.0,0,0.0,0.0,3.6333333333333333,2.1,2.2333333333333334,0,2024-11-26 23:15:13,12.816666666666666,Tuesday,כאן 11 | מהצד השני עם גיא זהר
כאן 11,מהצד השני עם גיא זהר,2024-11-26,2024-11-26 23:15:13,2024-11-26 23:28:02,12.816666666666666,2.1,0,0.0,0,0.0,0.0,2.2333333333333334,1.6,1.4666666666666668,0,2024-11-27 23:03:38,12.466666666666667,Wednesday,כאן 11 | מהצד השני עם גיא זהר
כאן 11,מהצד השני עם גיא זהר,2024-11-27,2024-11-27 23:03:38,2024-11-27 23:16:06,12.466666666666667,1.6,0,0.0,0,0.0,0.0,1.4666666666666668,3.8,4.066666666666666,0,2024-11-28 22:42:33,12.983333333333333,Thursday,כאן 11 | מהצד השני עם גיא זהר
כאן 11,מהצד השני עם גיא זהר ש.ח,2024-11-03,2024-11-03 16:47:41,2024-11-03 17:00:03,12.366666666666667,1.2,0,0.0,0,0.0,0.0,1.3333333333333333,0.0,0.03333333333333333,0,2024-11-04 05:47:08,12.866666666666667,Monday,כאן 11 | מהצד השני עם גיא זהר ש.ח
כאן 11,מהצד השני עם גיא זהר ש.ח,2024-11-04,2024-11-04 05:47:08,2024-11-04 06:00:00,12.866666666666667,0.0,0,0.0,0,0.0,0.0,0.03333333333333333,0.3,0.2333333333333333,0,2024-11-05 05:47:39,12.35,Tuesday,כאן 11 | מהצד השני עם גיא זהר ש.ח
כאן 11,מהצד השני עם גיא זהר ש.ח,2024-11-10,2024-11-10 16:47:14,2024-11-10 16:59:31,12.283333333333333,1.0,0,0.0,0,0.0,0.0,0.9666666666666667,0.5,0.4000000000000001,0,2024-11-11 05:47:22,11.166666666666666,Monday,כאן 11 | מהצד השני עם גיא זהר ש.ח
כאן 11,מהצד השני עם גיא זהר ש.ח,2024-11-11,2024-11-11 05:47:22,2024-11-11 05:58:32,11.166666666666666,0.5,0,0.0,0,0.0,0.0,0.4000000000000001,0.1,0.10000000000000002,0,2024-11-12 05:47:43,12.283333333333333,Tuesday,כאן 11 | מהצד השני עם גיא זהר ש.ח
כאן 11,מהצד השני עם גיא זהר ש.ח,2024-11-12,2024-11-12 05:47:43,2024-11-12 06:00:00,12.283333333333333,0.1,0,0.0,0,0.0,0.0,0.10000000000000002,0.3,0.19999999999999998,0,2024-11-13 05:47:06,12.883333333333333,Wednesday,כאן 11 | מהצד השני עם גיא זהר ש.ח
כאן 11,מהצד השני עם גיא זהר ש.ח,2024-11-13,2024-11-13 05:47:06,2024-11-13 05:59:59,12.883333333333333,0.3,0,0.0,0,0.0,0.0,0.19999999999999998,0.2,0.2333333333333333,0,2024-11-14 05:47:23,12.633333333333333,Thursday,כאן 11 | מהצד השני עם גיא זהר ש.ח
כאן 11,מהצד השני עם גיא זהר ש.ח,2024-11-14,2024-11-14 05:47:23,2024-11-14 06:00:01,12.633333333333333,0.2,0,0.0,0,0.0,0.0,0.2333333333333333,0.0,0.03333333333333333,0,2024-11-15 05:47:36,12.4,Friday,כאן 11 | מהצד השני עם גיא זהר ש.ח
כאן 11,מהצד השני עם גיא זהר ש.ח,2024-11-17,2024-11-17 16:47:08,2024-11-17 16:59:31,12.383333333333333,0.5,0,0.0,0,0.0,0.0,0.5666666666666665,0.0,0.0,0,2024-11-18 05:47:00,13.033333333333333,Monday,כאן 11 | מהצד השני עם גיא זהר ש.ח
כאן 11,מהצד השני עם גיא זהר ש.ח,2024-11-18,2024-11-18 05:47:00,2024-11-18 06:00:02,13.033333333333333,0.0,0,0.0,0,0.0,0.0,0.0,0.7,0.9333333333333332,0,2024-11-19 15:46:50,12.933333333333334,Tuesday,כאן 11 | מהצד השני עם גיא זהר ש.ח
כאן 11,מהצד השני עם גיא זהר ש.ח,2024-11-19,2024-11-19 15:46:50,2024-11-19 15:59:46,12.933333333333334,0.7,0,0.0,0,0.0,0.0,0.9333333333333332,0.7,0.5666666666666667,0,2024-11-20 15:48:06,12.75,Wednesday,כאן 11 | מהצד השני עם גיא זהר ש.ח
כאן 11,מהצד השני עם גיא זהר ש.ח,2024-11-20,2024-11-20 15:48:06,2024-11-20 16:00:51,12.75,0.7,0,0.0,0,0.0,0.0,0.5666666666666667,0.5,0.5333333333333333,0,2024-11-21 15:44:02,13.016666666666667,Thursday,כאן 11 | מהצד השני עם גיא זהר ש.ח
כאן 11,מהצד השני עם גיא זהר ש.ח,2024-11-27,2024-11-27 05:47:24,2024-11-27 06:00:01,12.616666666666667,0.1,0,0.0,0,0.0,0.0,0.16666666666666666,0.0,0.0,0,2024-11-28 05:47:45,12.266666666666667,Thursday,כאן 11 | מהצד השני עם גיא זהר ש.ח
כאן 11,מוקד 11 ש.ח,2024-11-03,2024-11-03 00:23:19,2024-11-03 00:54:08,30.816666666666666,0.4,0,0.0,0,0.0,0.0,,1.0,,1,2024-11-04 00:19:36,32.61666666666667,Monday,כאן 11 | מוקד 11 ש.ח
כאן 11,מוקד 11 ש.ח,2024-11-06,2024-11-06 00:32:24,2024-11-06 01:05:43,33.31666666666667,0.1,1,1.9833333333333334,1,1.9833333333333334,1.8009004502251122,,0.8,,1,2024-11-07 00:03:10,34.3,Thursday,כאן 11 | מוקד 11 ש.ח
כאן 11,"מיוחד-בחירות בארה""ב - לילה ע.כאן",2024-11-05,2024-11-05 00:04:53,2024-11-05 01:59:59,115.1,1.5,4,8.166666666666666,1,1.8166666666666667,2.0851433536055604,,0.5,0.6333333333333333,2,2024-11-06 02:00:03,239.98333333333332,Wednesday,"כאן 11 | מיוחד-בחירות בארה""ב - לילה ע.כאן"
כאן 11,מיוחד-מלחמה בדרום - חרבות ברזל - בוקר מוקדמת ע.כאן,2024-11-03,2024-11-03 06:00:01,2024-11-03 07:08:05,68.06666666666666,0.3,3,5.116666666666667,1,0.9333333333333333,2.6444662095984333,0.26666666666666666,0.3,0.0,2,2024-11-04 06:00:00,59.8,Monday,כאן 11 | מיוחד-מלחמה בדרום - חרבות ברזל - בוקר מוקדמת ע.כאן
כאן 11,מיוחד-מלחמה בדרום - חרבות ברזל - בוקר מוקדמת ע.כאן,2024-11-04,2024-11-04 06:00:00,2024-11-04 06:59:48,59.8,0.3,2,3.9833333333333334,0,0.0,2.0066889632107023,0.0,0.3,0.10000000000000002,3,2024-11-05 06:00:00,65.6,Tuesday,כאן 11 | מיוחד-מלחמה בדרום - חרבות ברזל - בוקר מוקדמת ע.כאן
כאן 11,מיוחד-מלחמה בדרום - חרבות ברזל - בוקר מוקדמת ע.כאן,2024-11-12,2024-11-12 06:00:00,2024-11-12 07:06:25,66.41666666666667,0.3,2,4.333333333333334,0,0.0,1.8067754077791718,0.10000000000000002,0.3,0.10000000000000002,2,2024-11-13 06:00:00,67.33333333333333,Wednesday,כאן 11 | מיוחד-מלחמה בדרום - חרבות ברזל - בוקר מוקדמת ע.כאן
כאן 11,מיוחד-מלחמה בדרום - חרבות ברזל - בוקר מוקדמת ע.כאן,2024-11-13,2024-11-13 06:00:00,2024-11-13 07:07:20,67.33333333333333,0.3,2,4.033333333333333,0,0.0,1.7821782178217822,0.10000000000000002,0.3,0.3,2,2024-11-14 06:00:01,65.56666666666666,Thursday,כאן 11 | מיוחד-מלחמה בדרום - חרבות ברזל - בוקר מוקדמת ע.כאן
כאן 11,מיקס ישראלי ש.ח,2024-11-04,2024-11-04 04:26:45,2024-11-04 04:53:45,27.0,0.1,0,0.0,0,0.0,0.0,0.20000000000000004,0.0,0.0,0,2024-11-05 04:25:37,26.583333333333332,Tuesday,כאן 11 | מיקס ישראלי ש.ח
כאן 11,מיקס ישראלי ש.ח,2024-11-09,2024-11-09 05:11:20,2024-11-09 05:33:40,22.333333333333332,0.4,0,0.0,0,0.0,0.0,0.3333333333333333,0.0,0.0,0,2024-11-10 04:38:36,23.416666666666668,Sunday,כאן 11 | מיקס ישראלי ש.ח
כאן 11,מיקס ישראלי ש.ח,2024-11-10,2024-11-10 04:38:36,2024-11-10 05:02:01,23.416666666666668,0.0,0,0.0,0,0.0,0.0,0.0,0.1,0.10000000000000002,0,2024-11-11 04:42:08,19.0,Monday,כאן 11 | מיקס ישראלי ש.ח
כאן 11,מיקס ישראלי ש.ח,2024-11-11,2024-11-11 04:42:08,2024-11-11 05:01:08,19.0,0.1,0,0.0,0,0.0,0.0,0.10000000000000002,0.1,0.0,0,2024-11-12 04:30:10,23.666666666666668,Tuesday,כאן 11 | מיקס ישראלי ש.ח
כאן 11,מיקס ישראלי ש.ח,2024-11-12,2024-11-12 04:30:10,2024-11-12 04:53:50,23.666666666666668,0.1,0,0.0,0,0.0,0.0,0.0,0.1,0.20000000000000004,0,2024-11-13 04:32:44,23.583333333333332,Wednesday,כאן 11 | מיקס ישראלי ש.ח
כאן 11,מיקס ישראלי ש.ח,2024-11-13,2024-11-13 04:32:44,2024-11-13 04:56:19,23.583333333333332,0.1,0,0.0,0,0.0,0.0,0.20000000000000004,0.2,0.3,0,2024-11-14 04:26:17,24.333333333333332,Thursday,כאן 11 | מיקס ישראלי ש.ח
כאן 11,מיקס ישראלי ש.ח,2024-11-14,2024-11-14 04:26:17,2024-11-14 04:50:37,24.333333333333332,0.2,0,0.0,0,0.0,0.0,0.3,0.3,0.3,0,2024-11-15 04:26:30,24.0,Friday,כאן 11 | מיקס ישראלי ש.ח
כאן 11,מיקס ישראלי ש.ח,2024-11-15,2024-11-15 04:26:30,2024-11-15 04:50:30,24.0,0.3,0,0.0,0,0.0,0.0,0.3,0.2,0.13333333333333333,0,2024-11-16 05:10:41,23.333333333333332,Saturday,כאן 11 | מיקס ישראלי ש.ח
כאן 11,מיקס ישראלי ש.ח,2024-11-16,2024-11-16 05:10:41,2024-11-16 05:34:01,23.333333333333332,0.2,0,0.0,0,0.0,0.0,0.13333333333333333,0.5,0.5,0,2024-11-17 04:31:03,23.0,Sunday,כאן 11 | מיקס ישראלי ש.ח
כאן 11,מיקס ישראלי ש.ח,2024-11-17,2024-11-17 04:31:03,2024-11-17 04:54:03,23.0,0.5,0,0.0,0,0.0,0.0,0.5,0.0,0.0,0,2024-11-18 04:29:23,26.666666666666668,Monday,כאן 11 | מיקס ישראלי ש.ח
כאן 11,מיקס ישראלי ש.ח,2024-11-18,2024-11-18 04:29:23,2024-11-18 04:56:03,26.666666666666668,0.0,0,0.0,0,0.0,0.0,0.0,0.1,0.10000000000000002,0,2024-11-19 04:38:16,19.083333333333332,Tuesday,כאן 11 | מיקס ישראלי ש.ח
כאן 11,מיקס ישראלי ש.ח,2024-11-19,2024-11-19 04:38:16,2024-11-19 04:57:21,19.083333333333332,0.1,0,0.0,0,0.0,0.0,0.10000000000000002,0.0,0.03333333333333333,0,2024-11-20 04:30:51,22.416666666666668,Wednesday,כאן 11 | מיקס ישראלי ש.ח
כאן 11,מיקס ישראלי ש.ח,2024-11-20,2024-11-20 04:30:51,2024-11-20 04:53:16,22.416666666666668,0.0,0,0.0,0,0.0,0.0,0.03333333333333333,0.8,0.6,0,2024-11-21 04:36:36,19.5,Thursday,כאן 11 | מיקס ישראלי ש.ח
כאן 11,מיקס ישראלי ש.ח,2024-11-21,2024-11-21 04:36:36,2024-11-21 04:56:06,19.5,0.8,0,0.0,0,0.0,0.0,0.6,0.1,0.0,0,2024-11-22 04:29:00,21.5,Friday,כאן 11 | מיקס ישראלי ש.ח
כאן 11,מיקס ישראלי ש.ח,2024-11-22,2024-11-22 04:29:00,2024-11-22 04:50:30,21.5,0.1,0,0.0,0,0.0,0.0,0.0,0.1,0.20000000000000004,0,2024-11-23 05:07:58,24.416666666666668,Saturday,כאן 11 | מיקס ישראלי ש.ח
כאן 11,מיקס ישראלי ש.ח,2024-11-23,2024-11-23 05:07:58,2024-11-23 05:32:23,24.416666666666668,0.1,0,0.0,0,0.0,0.0,0.20000000000000004,0.3,0.3,0,2024-11-24 04:34:30,26.666666666666668,Sunday,כאן 11 | מיקס ישראלי ש.ח
כאן 11,מיקס ישראלי ש.ח,2024-11-24,2024-11-24 04:34:30,2024-11-24 05:01:10,26.666666666666668,0.3,0,0.0,0,0.0,0.0,0.3,0.0,0.0,0,2024-11-25 04:34:55,17.25,Monday,כאן 11 | מיקס ישראלי ש.ח
כאן 11,מיקס ישראלי ש.ח,2024-11-25,2024-11-25 04:34:55,2024-11-25 04:52:10,17.25,0.0,0,0.0,0,0.0,0.0,0.0,0.3,0.3,0,2024-11-26 04:35:01,21.083333333333332,Tuesday,כאן 11 | מיקס ישראלי ש.ח
כאן 11,מיקס ישראלי ש.ח,2024-11-26,2024-11-26 04:35:01,2024-11-26 04:56:06,21.083333333333332,0.3,0,0.0,0,0.0,0.0,0.3,0.2,0.20000000000000004,0,2024-11-27 04:26:33,26.583333333333332,Wednesday,כאן 11 | מיקס ישראלי ש.ח
כאן 11,מיקס ישראלי ש.ח,2024-11-27,2024-11-27 04:26:33,2024-11-27 04:53:08,26.583333333333332,0.2,0,0.0,0,0.0,0.0,0.20000000000000004,0.0,0.06666666666666667,0,2024-11-28 04:30:53,19.0,Thursday,כאן 11 | מיקס ישראלי ש.ח
כאן 11,מיקס ישראלי ש.ח,2024-11-28,2024-11-28 04:30:53,2024-11-28 04:49:53,19.0,0.0,0,0.0,0,0.0,0.0,0.06666666666666667,0.3,0.4000000000000001,0,2024-11-29 04:26:19,24.75,Friday,כאן 11 | מיקס ישראלי ש.ח
כאן 11,משחקי הכיס עם ליאל קייזר,2024-11-03,2024-11-03 16:00:21,2024-11-03 16:47:41,47.333333333333336,0.8,2,4.15,0,0.0,2.5352112676056335,1.0666666666666667,0.9,0.6666666666666666,2,2024-11-04 16:00:16,47.43333333333333,Monday,כאן 11 | משחקי הכיס עם ליאל קייזר
כאן 11,משחקי הכיס עם ליאל קייזר,2024-11-04,2024-11-04 16:00:16,2024-11-04 16:47:42,47.43333333333333,0.9,2,4.316666666666666,0,0.0,2.52986647926915,0.6666666666666666,0.5,0.7666666666666666,2,2024-11-05 16:00:12,47.31666666666667,Tuesday,כאן 11 | משחקי הכיס עם ליאל קייזר
כאן 11,משחקי הכיס עם ליאל קייזר,2024-11-05,2024-11-05 16:00:12,2024-11-05 16:47:31,47.31666666666667,0.5,2,3.9,1,2.1333333333333333,2.5361042620641068,0.7666666666666666,0.7,0.6666666666666666,2,2024-11-06 15:59:37,59.11666666666667,Wednesday,כאן 11 | משחקי הכיס עם ליאל קייזר
כאן 11,משחקי הכיס עם ליאל קייזר,2024-11-06,2024-11-06 15:59:37,2024-11-06 16:58:44,59.11666666666667,0.7,2,3.5666666666666664,0,0.0,2.0298844093600223,0.6666666666666666,0.3,0.43333333333333335,2,2024-11-07 15:59:47,48.11666666666667,Thursday,כאן 11 | משחקי הכיס עם ליאל קייזר
כאן 11,משחקי הכיס עם ליאל קייזר,2024-11-10,2024-11-10 16:00:02,2024-11-10 16:47:14,47.2,0.4,2,3.583333333333333,0,0.0,2.542372881355932,0.5,0.8,0.3,2,2024-11-11 15:48:58,61.483333333333334,Monday,כאן 11 | משחקי הכיס עם ליאל קייזר
כאן 11,משחקי הכיס עם ליאל קייזר,2024-11-11,2024-11-11 15:48:58,2024-11-11 16:50:27,61.483333333333334,0.8,2,3.716666666666667,1,1.8833333333333333,1.9517484413120085,0.3,0.5,0.4666666666666666,1,2024-11-12 16:00:02,50.3,Tuesday,כאן 11 | משחקי הכיס עם ליאל קייזר
כאן 11,משחקי הכיס עם ליאל קייזר,2024-11-12,2024-11-12 16:00:02,2024-11-12 16:50:20,50.3,0.5,1,2.066666666666667,0,0.0,1.1928429423459246,0.4666666666666666,0.5,0.7000000000000001,2,2024-11-13 16:00:05,44.81666666666667,Wednesday,כאן 11 | משחקי הכיס עם ליאל קייזר
כאן 11,משחקי הכיס עם ליאל קייזר,2024-11-13,2024-11-13 16:00:05,2024-11-13 16:44:54,44.81666666666667,0.5,2,3.95,1,2.0833333333333335,2.6775753068055037,0.7000000000000001,1.1,1.2333333333333334,2,2024-11-14 15:55:15,52.233333333333334,Thursday,כאן 11 | משחקי הכיס עם ליאל קייזר
כאן 11,משחקי הכיס עם ליאל קייזר,2024-11-17,2024-11-17 16:00:09,2024-11-17 16:47:08,46.983333333333334,1.3,2,3.6666666666666665,1,2.05,2.554097197587797,1.0,0.7,0.7333333333333334,2,2024-11-18 16:00:07,48.38333333333333,Monday,כאן 11 | משחקי הכיס עם ליאל קייזר
כאן 11,משחקי הכיס עם ליאל קייזר,2024-11-18,2024-11-18 16:00:07,2024-11-18 16:48:30,48.38333333333333,0.7,2,3.783333333333333,1,1.8333333333333333,2.480192903892525,0.7333333333333334,0.8,0.8333333333333334,2,2024-11-19 15:59:46,55.016666666666666,Tuesday,כאן 11 | משחקי הכיס עם ליאל קייזר
כאן 11,משחקי הכיס עם ליאל קייזר,2024-11-19,2024-11-19 15:59:46,2024-11-19 16:54:47,55.016666666666666,0.8,2,4.233333333333333,0,0.0,2.1811572250833082,0.8333333333333334,0.9,0.6333333333333333,2,2024-11-20 16:00:51,54.53333333333333,Wednesday,כאן 11 | משחקי הכיס עם ליאל קייזר
כאן 11,משחקי הכיס עם ליאל קייזר,2024-11-20,2024-11-20 16:00:51,2024-11-20 16:55:23,54.53333333333333,0.9,2,4.516666666666667,0,0.0,2.2004889975550124,0.6333333333333333,0.8,0.5,2,2024-11-21 15:57:03,58.233333333333334,Thursday,כאן 11 | משחקי הכיס עם ליאל קייזר
כאן 11,משחקי הכיס עם ליאל קייזר,2024-11-25,2024-11-25 16:00:14,2024-11-25 16:55:00,54.766666666666666,0.8,2,5.233333333333333,0,0.0,2.1911138161898966,0.7333333333333334,0.6,0.6,2,2024-11-26 16:00:27,53.86666666666667,Tuesday,כאן 11 | משחקי הכיס עם ליאל קייזר
כאן 11,משחקי הכיס עם ליאל קייזר,2024-11-26,2024-11-26 16:00:27,2024-11-26 16:54:19,53.86666666666667,0.6,2,5.416666666666667,0,0.0,2.227722772277228,0.6,1.1,0.6666666666666666,2,2024-11-27 16:01:19,54.36666666666667,Wednesday,כאן 11 | משחקי הכיס עם ליאל קייזר
כאן 11,משחקי הכיס עם ליאל קייזר,2024-11-27,2024-11-27 16:01:19,2024-11-27 16:55:41,54.36666666666667,1.1,2,5.066666666666666,0,0.0,2.2072348252605765,0.6666666666666666,0.9,1.5,2,2024-11-28 16:00:07,56.06666666666667,Thursday,כאן 11 | משחקי הכיס עם ליאל קייזר
כאן 11,משפחה בהסעה עונה 2 ש.ח,2024-11-06,2024-11-06 14:29:21,2024-11-06 15:00:05,30.733333333333334,0.5,1,2.4,1,2.4,1.9522776572668112,0.4666666666666666,0.2,0.2333333333333333,0,2024-11-07 14:30:20,29.583333333333332,Thursday,כאן 11 | משפחה בהסעה עונה 2 ש.ח
כאן 11,משפחה בהסעה עונה 2 ש.ח,2024-11-10,2024-11-10 23:47:18,2024-11-11 00:21:06,33.8,0.2,1,0.8666666666666667,0,0.0,1.775147928994083,0.3333333333333333,0.6,0.3,1,2024-11-11 13:22:05,33.38333333333333,Monday,כאן 11 | משפחה בהסעה עונה 2 ש.ח
כאן 11,משפחה בהסעה עונה 2 ש.ח,2024-11-17,2024-11-17 23:47:32,2024-11-18 00:19:33,32.016666666666666,0.5,0,0.0,0,0.0,0.0,0.6666666666666666,1.2,1.0999999999999999,1,2024-11-18 23:26:01,32.93333333333333,Monday,כאן 11 | משפחה בהסעה עונה 2 ש.ח
כאן 11,משפחה בהסעה עונה 2 ש.ח,2024-11-18,2024-11-18 23:26:01,2024-11-18 23:58:57,32.93333333333333,1.2,1,1.6333333333333333,1,1.6333333333333333,1.8218623481781377,1.0999999999999999,0.9,1.1,2,2024-11-19 23:34:49,31.45,Tuesday,כאן 11 | משפחה בהסעה עונה 2 ש.ח
כאן 11,מתחילים מאפס עונה 2 ש.ח,2024-11-03,2024-11-03 00:54:08,2024-11-03 01:41:23,47.25,0.2,2,2.9000000000000004,0,0.0,2.5396825396825395,,0.5,,2,2024-11-04 00:52:13,49.733333333333334,Monday,כאן 11 | מתחילים מאפס עונה 2 ש.ח
כאן 11,מתחילים מאפס עונה 2 ש.ח,2024-11-06,2024-11-06 01:05:43,2024-11-06 01:49:38,43.916666666666664,0.1,2,3.6166666666666663,0,0.0,2.732447817836812,,0.4,,2,2024-11-07 00:38:24,43.916666666666664,Thursday,כאן 11 | מתחילים מאפס עונה 2 ש.ח
כאן 11,סדר יום עם קרן נויבך,2024-11-03,2024-11-03 10:06:01,2024-11-03 11:00:01,54.0,0.7,0,0.0,0,0.0,0.0,0.5333333333333333,1.0,1.2,0,2024-11-04 10:05:38,54.45,Monday,כאן 11 | סדר יום עם קרן נויבך
כאן 11,סדר יום עם קרן נויבך,2024-11-04,2024-11-04 10:05:38,2024-11-04 11:00:05,54.45,1.0,0,0.0,0,0.0,0.0,1.2,1.0,1.3999999999999997,2,2024-11-05 10:00:00,120.01666666666667,Tuesday,כאן 11 | סדר יום עם קרן נויבך
כאן 11,סדר יום עם קרן נויבך,2024-11-05,2024-11-05 10:00:00,2024-11-05 12:00:01,120.01666666666667,1.0,2,1.8166666666666664,0,0.0,0.9998611303985557,1.3999999999999997,2.0,2.5,0,2024-11-06 10:06:54,53.13333333333333,Wednesday,כאן 11 | סדר יום עם קרן נויבך
כאן 11,סדר יום עם קרן נויבך,2024-11-10,2024-11-10 10:00:01,2024-11-10 12:00:00,119.98333333333333,0.8,0,0.0,0,0.0,0.0,0.6666666666666666,0.4,0.7000000000000001,0,2024-11-11 10:00:04,119.95,Monday,כאן 11 | סדר יום עם קרן נויבך
כאן 11,סדר יום עם קרן נויבך,2024-11-11,2024-11-11 10:00:04,2024-11-11 12:00:01,119.95,0.4,0,0.0,0,0.0,0.0,0.7000000000000001,1.3,1.3,0,2024-11-12 10:00:00,120.0,Tuesday,כאן 11 | סדר יום עם קרן נויבך
כאן 11,סדר יום עם קרן נויבך,2024-11-12,2024-11-12 10:00:00,2024-11-12 12:00:00,120.0,1.3,0,0.0,0,0.0,0.0,1.3,0.8,1.0,0,2024-11-13 10:00:01,119.96666666666667,Wednesday,כאן 11 | סדר יום עם קרן נויבך
כאן 11,סדר יום עם קרן נויבך,2024-11-17,2024-11-17 10:00:00,2024-11-17 11:59:59,119.98333333333333,1.1,0,0.0,0,0.0,0.0,1.0333333333333334,0.8,1.1666666666666667,0,2024-11-18 10:00:03,119.98333333333333,Monday,כאן 11 | סדר יום עם קרן נויבך
כאן 11,סדר יום עם קרן נויבך,2024-11-18,2024-11-18 10:00:03,2024-11-18 12:00:02,119.98333333333333,0.8,0,0.0,0,0.0,0.0,1.1666666666666667,0.8,1.0333333333333334,0,2024-11-19 09:56:07,123.88333333333334,Tuesday,כאן 11 | סדר יום עם קרן נויבך
כאן 11,סדר יום עם קרן נויבך,2024-11-19,2024-11-19 09:56:07,2024-11-19 12:00:00,123.88333333333334,0.8,0,0.0,0,0.0,0.0,1.0333333333333334,0.7,0.4000000000000001,0,2024-11-20 10:00:03,120.01666666666667,Wednesday,כאן 11 | סדר יום עם קרן נויבך
כאן 11,סדר יום עם קרן נויבך,2024-11-24,2024-11-24 10:00:03,2024-11-24 12:00:01,119.96666666666667,1.0,0,0.0,0,0.0,0.0,1.0999999999999999,1.1,1.2666666666666666,0,2024-11-25 10:00:01,119.73333333333333,Monday,כאן 11 | סדר יום עם קרן נויבך
כאן 11,סדר יום עם קרן נויבך,2024-11-25,2024-11-25 10:00:01,2024-11-25 11:59:45,119.73333333333333,1.1,0,0.0,0,0.0,0.0,1.2666666666666666,0.9,1.2,0,2024-11-26 10:00:04,119.95,Tuesday,כאן 11 | סדר יום עם קרן נויבך
כאן 11,סדר יום עם קרן נויבך,2024-11-26,2024-11-26 10:00:04,2024-11-26 12:00:01,119.95,0.9,0,0.0,0,0.0,0.0,1.2,0.7,0.7666666666666666,0,2024-11-27 10:00:00,120.0,Wednesday,כאן 11 | סדר יום עם קרן נויבך
כאן 11,סוכן תרבות ש.ח,2024-11-09,2024-11-09 13:14:37,2024-11-09 14:04:43,50.1,1.0,2,4.566666666666666,1,1.9333333333333333,2.395209580838323,1.6333333333333335,0.3,,2,2024-11-10 01:03:30,56.483333333333334,Sunday,כאן 11 | סוכן תרבות ש.ח
כאן 11,סוכן תרבות ש.ח,2024-11-10,2024-11-10 01:03:30,2024-11-10 01:59:59,56.483333333333334,0.3,2,3.0166666666666666,0,0.0,2.1245205075243434,,0.6,0.9666666666666668,0,2024-11-11 02:00:00,1.4166666666666667,Monday,כאן 11 | סוכן תרבות ש.ח
כאן 11,סוכן תרבות ש.ח,2024-11-16,2024-11-16 12:55:25,2024-11-16 13:54:25,59.0,1.8,2,4.033333333333333,0,0.0,2.0338983050847457,2.0333333333333337,0.3,,2,2024-11-17 00:49:02,59.083333333333336,Sunday,כאן 11 | סוכן תרבות ש.ח
כאן 11,סוכן תרבות ש.ח,2024-11-23,2024-11-23 12:55:53,2024-11-23 13:56:15,60.36666666666667,0.4,2,5.433333333333334,0,0.0,1.987852015461071,0.43333333333333335,0.4,,1,2024-11-24 01:27:25,32.56666666666667,Sunday,כאן 11 | סוכן תרבות ש.ח
כאן 11,סוכן תרבות ש.ח,2024-11-24,2024-11-24 01:27:25,2024-11-24 01:59:59,32.56666666666667,0.4,1,2.4,0,0.0,1.842374616171955,,0.3,0.4000000000000001,1,2024-11-25 02:00:00,26.8,Monday,כאן 11 | סוכן תרבות ש.ח
כאן 11,סורוקה ש.ח,2024-11-09,2024-11-09 13:00:39,2024-11-09 13:14:37,13.966666666666667,1.6,0,0.0,0,0.0,0.0,1.7666666666666666,0.0,0.06666666666666667,1,2024-11-10 04:14:52,23.733333333333334,Sunday,כאן 11 | סורוקה ש.ח
כאן 11,סיפורים מהכורסה עונה 2 ש.ח,2024-11-20,2024-11-20 15:17:45,2024-11-20 15:48:06,30.35,0.8,0,0.0,0,0.0,0.0,0.9333333333333335,0.4,0.3333333333333333,1,2024-11-21 15:12:44,31.3,Thursday,כאן 11 | סיפורים מהכורסה עונה 2 ש.ח
כאן 11,סיפורים מהכורסה עונה 2 ש.ח,2024-11-25,2024-11-25 01:09:20,2024-11-25 01:41:17,31.95,1.0,1,2.8333333333333335,0,0.0,1.8779342723004695,,0.5,0.16666666666666666,1,2024-11-26 15:30:28,29.983333333333334,Tuesday,כאן 11 | סיפורים מהכורסה עונה 2 ש.ח
כאן 11,סיפורים מהכורסה עונה 2 ש.ח,2024-11-26,2024-11-26 15:30:28,2024-11-26 16:00:27,29.983333333333334,0.5,1,0.6666666666666666,0,0.0,2.001111728738188,0.16666666666666666,0.9,2.2333333333333334,1,2024-11-27 02:27:15,31.316666666666666,Wednesday,כאן 11 | סיפורים מהכורסה עונה 2 ש.ח
כאן 11,סיפורים מהכורסה עונה 2 ש.ח,2024-11-27,2024-11-27 02:27:15,2024-11-27 02:58:34,31.316666666666666,0.9,1,2.0,0,0.0,1.9159127195316659,2.2333333333333334,0.8,,1,2024-11-28 00:16:22,34.5,Thursday,כאן 11 | סיפורים מהכורסה עונה 2 ש.ח
כאן 11,סיפורים מהכורסה עונה 4 ש.ח,2024-11-21,2024-11-21 03:09:24,2024-11-21 03:43:55,34.516666666666666,1.1,1,1.3166666666666667,1,1.3166666666666667,1.7382906808305167,1.0,1.4,2.566666666666667,1,2024-11-22 14:46:53,36.11666666666667,Friday,כאן 11 | סיפורים מהכורסה עונה 4 ש.ח
כאן 11,סיפורים מהכורסה עונה 4 ש.ח,2024-11-22,2024-11-22 14:46:53,2024-11-22 15:23:00,36.11666666666667,1.4,1,2.933333333333333,0,0.0,1.6612828795569912,2.566666666666667,0.8,1.0666666666666667,1,2024-11-23 12:16:49,36.166666666666664,Saturday,כאן 11 | סיפורים מהכורסה עונה 4 ש.ח
כאן 11,סיפורים מהכורסה עונה 4 ש.ח,2024-11-28,2024-11-28 02:50:32,2024-11-28 03:22:32,32.0,0.7,1,2.6,0,0.0,1.875,0.8333333333333334,2.4,2.4333333333333336,0,2024-11-29 23:32:07,32.0,Friday,כאן 11 | סיפורים מהכורסה עונה 4 ש.ח
כאן 11,סיפורים מהכורסה ש.ח,2024-11-10,2024-11-10 14:45:38,2024-11-10 14:59:56,14.3,0.4,0,0.0,0,0.0,0.0,0.3666666666666667,0.7,0.3333333333333333,0,2024-11-11 14:48:36,11.366666666666667,Monday,כאן 11 | סיפורים מהכורסה ש.ח
כאן 11,סיפורים מהכורסה ש.ח,2024-11-11,2024-11-11 14:48:36,2024-11-11 14:59:58,11.366666666666667,0.7,0,0.0,0,0.0,0.0,0.3333333333333333,0.6,0.9666666666666668,0,2024-11-12 14:47:57,11.966666666666667,Tuesday,כאן 11 | סיפורים מהכורסה ש.ח
כאן 11,סיפורים מהכורסה ש.ח,2024-11-12,2024-11-12 14:47:57,2024-11-12 14:59:55,11.966666666666667,0.6,0,0.0,0,0.0,0.0,0.9666666666666668,1.2,1.3,0,2024-11-13 14:49:44,10.233333333333333,Wednesday,כאן 11 | סיפורים מהכורסה ש.ח
כאן 11,סיפורים מהכורסה ש.ח,2024-11-13,2024-11-13 14:49:44,2024-11-13 14:59:58,10.233333333333333,1.2,0,0.0,0,0.0,0.0,1.3,0.8,0.8000000000000002,0,2024-11-14 14:48:03,11.916666666666666,Thursday,כאן 11 | סיפורים מהכורסה ש.ח
כאן 11,סיפורים מהכורסה ש.ח,2024-11-17,2024-11-17 15:30:50,2024-11-17 16:00:09,29.316666666666666,1.1,0,0.0,0,0.0,0.0,0.6999999999999998,0.6,0.8666666666666666,0,2024-11-18 15:30:50,29.283333333333335,Monday,כאן 11 | סיפורים מהכורסה ש.ח
כאן 11,סיפורים מהכורסה ש.ח,2024-11-18,2024-11-18 15:30:50,2024-11-18 16:00:07,29.283333333333335,0.6,0,0.0,0,0.0,0.0,0.8666666666666666,0.9,0.6999999999999998,0,2024-11-19 15:17:22,29.466666666666665,Tuesday,כאן 11 | סיפורים מהכורסה ש.ח
כאן 11,סליחה על השאלה עונה 4 ש.ח,2024-11-02,2024-11-02 01:41:43,2024-11-02 01:59:45,18.033333333333335,0.6,0,0.0,0,0.0,0.0,,0.3,0.3666666666666667,0,2024-11-03 02:01:32,7.516666666666667,Sunday,כאן 11 | סליחה על השאלה עונה 4 ש.ח
כאן 11,עוד ניפגש עונה 2 ש.ח,2024-11-03,2024-11-03 12:59:12,2024-11-03 13:46:37,47.416666666666664,0.5,2,4.666666666666667,1,2.466666666666667,2.530755711775044,0.6333333333333333,0.6,0.7333333333333334,2,2024-11-04 13:00:21,45.61666666666667,Monday,כאן 11 | עוד ניפגש עונה 2 ש.ח
כאן 11,עוד ניפגש עונה 2 ש.ח,2024-11-04,2024-11-04 13:00:21,2024-11-04 13:45:58,45.61666666666667,0.6,2,4.3,0,0.0,2.630617464377055,0.7333333333333334,0.4,0.6,2,2024-11-05 12:53:19,46.35,Tuesday,כאן 11 | עוד ניפגש עונה 2 ש.ח
כאן 11,ערב עם שי שטרן עונה 4 ש.ח,2024-11-09,2024-11-09 01:27:52,2024-11-09 01:59:59,32.11666666666667,0.2,1,1.8166666666666667,1,1.8166666666666667,1.8681888946549041,,0.0,0.0,1,2024-11-10 02:00:00,27.416666666666668,Sunday,כאן 11 | ערב עם שי שטרן עונה 4 ש.ח
כאן 11,פגישה עם רוני קובן עונה 9 ש.ח,2024-11-29,2024-11-29 15:22:39,2024-11-29 15:59:54,37.25,2.0,1,2.15,1,2.15,1.610738255033557,1.9000000000000001,1.1,,0,2024-11-30 01:52:23,7.6,Saturday,כאן 11 | פגישה עם רוני קובן עונה 9 ש.ח
כאן 11,צליל מכוון ש.ח,2024-11-17,2024-11-17 00:19:33,2024-11-17 00:49:02,29.483333333333334,0.2,1,1.95,0,0.0,2.035048049745619,,1.2,,1,2024-11-18 00:31:01,29.233333333333334,Monday,כאן 11 | צליל מכוון ש.ח
כאן 11,צליל מכוון ש.ח,2024-11-18,2024-11-18 00:31:01,2024-11-18 01:00:15,29.233333333333334,1.2,1,1.05,0,0.0,2.0524515393386547,,0.6,,1,2024-11-19 00:33:33,29.05,Tuesday,כאן 11 | צליל מכוון ש.ח
כאן 11,צליל מכוון ש.ח,2024-11-19,2024-11-19 00:33:33,2024-11-19 01:02:36,29.05,0.6,1,1.6,1,1.6,2.0654044750430294,,0.7,,1,2024-11-20 00:50:18,29.716666666666665,Wednesday,כאן 11 | צליל מכוון ש.ח
כאן 11,צליל מכוון ש.ח,2024-11-20,2024-11-20 00:50:18,2024-11-20 01:20:01,29.716666666666665,0.7,1,2.466666666666667,0,0.0,2.0190689848569825,,1.0,,1,2024-11-21 00:23:01,30.9,Thursday,כאן 11 | צליל מכוון ש.ח
כאן 11,צליל מכוון ש.ח,2024-11-24,2024-11-24 00:21:58,2024-11-24 00:52:58,31.0,1.0,1,2.8333333333333335,0,0.0,1.9354838709677418,,1.1,,1,2024-11-25 00:39:48,29.533333333333335,Monday,כאן 11 | צליל מכוון ש.ח
כאן 11,צליל מכוון ש.ח,2024-11-28,2024-11-28 00:50:52,2024-11-28 01:20:35,29.716666666666665,0.4,1,1.6,1,1.6,2.0190689848569825,,1.0,0.9333333333333332,0,2024-11-29 13:03:20,30.983333333333334,Friday,כאן 11 | צליל מכוון ש.ח
כאן 11,קארפול קריוקי עונה 3 ש.ח,2024-11-19,2024-11-19 00:06:16,2024-11-19 00:33:33,27.283333333333335,0.4,1,1.8666666666666667,0,0.0,2.1991447770311545,,0.8,1.0,1,2024-11-20 23:51:14,29.633333333333333,Wednesday,כאן 11 | קארפול קריוקי עונה 3 ש.ח
כאן 11,קארפול קריוקי עונה 3 ש.ח,2024-11-20,2024-11-20 23:51:14,2024-11-21 00:20:52,29.633333333333333,0.8,1,2.1666666666666665,1,2.1666666666666665,2.0247469066366706,1.0,1.5,1.9333333333333333,1,2024-11-21 23:22:55,28.533333333333335,Thursday,כאן 11 | קארפול קריוקי עונה 3 ש.ח
כאן 11,קופה ראשית עונה 5 ש.ח,2024-11-15,2024-11-15 23:03:03,2024-11-15 23:29:10,26.116666666666667,2.4,1,1.9666666666666666,1,1.9666666666666666,2.297383535417996,3.533333333333333,3.9,3.6666666666666665,0,2024-11-16 15:37:06,24.016666666666666,Saturday,כאן 11 | קופה ראשית עונה 5 ש.ח
כאן 11,קופה ראשית עונה 5 ש.ח,2024-11-19,2024-11-19 01:55:59,2024-11-19 01:59:59,4.0,6.0,0,0.0,0,0.0,0.0,,7.6,8.7,1,2024-11-20 02:00:00,22.3,Wednesday,כאן 11 | קופה ראשית עונה 5 ש.ח
כאן 11,קופה ראשית עונה 5 ש.ח,2024-11-22,2024-11-22 23:01:06,2024-11-22 23:28:55,27.816666666666666,5.4,1,3.1,1,3.1,2.156980227681246,6.3,3.2,3.1,1,2024-11-23 15:33:14,26.75,Saturday,כאן 11 | קופה ראשית עונה 5 ש.ח
כאן 11,קופה ראשית עונה 5 ש.ח,2024-11-29,2024-11-29 22:59:52,2024-11-29 23:26:18,26.433333333333334,4.9,1,3.0833333333333335,0,0.0,2.269861286254729,5.966666666666666,3.3,3.1,0,2024-11-30 15:34:32,25.55,Saturday,כאן 11 | קופה ראשית עונה 5 ש.ח
כאן 11,קלמן ליברמן,2024-11-03,2024-11-03 08:10:34,2024-11-03 09:00:01,49.45,1.0,0,0.0,0,0.0,0.0,1.4666666666666668,1.2,1.1333333333333333,0,2024-11-04 08:07:15,52.833333333333336,Monday,כאן 11 | קלמן ליברמן
כאן 11,קלמן ליברמן,2024-11-04,2024-11-04 08:07:15,2024-11-04 09:00:05,52.833333333333336,1.2,0,0.0,0,0.0,0.0,1.1333333333333333,1.0,1.0666666666666667,2,2024-11-05 08:00:07,119.88333333333334,Tuesday,כאן 11 | קלמן ליברמן
כאן 11,קלמן ליברמן,2024-11-10,2024-11-10 08:00:00,2024-11-10 10:00:01,120.01666666666667,0.9,0,0.0,0,0.0,0.0,0.8666666666666667,0.8,1.3,0,2024-11-11 08:00:10,119.9,Monday,כאן 11 | קלמן ליברמן
כאן 11,קלמן ליברמן,2024-11-11,2024-11-11 08:00:10,2024-11-11 10:00:04,119.9,0.8,0,0.0,0,0.0,0.0,1.3,1.3,0.9333333333333335,0,2024-11-12 08:00:05,119.91666666666667,Tuesday,כאן 11 | קלמן ליברמן
כאן 11,קלמן ליברמן,2024-11-12,2024-11-12 08:00:05,2024-11-12 10:00:00,119.91666666666667,1.3,0,0.0,0,0.0,0.0,0.9333333333333335,0.7,0.3,0,2024-11-13 08:00:01,120.0,Wednesday,כאן 11 | קלמן ליברמן
כאן 11,קלמן ליברמן,2024-11-17,2024-11-17 08:00:00,2024-11-17 10:00:00,120.0,1.0,0,0.0,0,0.0,0.0,0.5666666666666667,1.1,0.8333333333333334,0,2024-11-18 08:00:01,120.03333333333333,Monday,כאן 11 | קלמן ליברמן
כאן 11,קלמן ליברמן,2024-11-18,2024-11-18 08:00:01,2024-11-18 10:00:03,120.03333333333333,1.1,0,0.0,0,0.0,0.0,0.8333333333333334,0.8,0.6,0,2024-11-19 08:00:00,116.11666666666666,Tuesday,כאן 11 | קלמן ליברמן
כאן 11,קלמן ליברמן,2024-11-19,2024-11-19 08:00:00,2024-11-19 09:56:07,116.11666666666666,0.8,0,0.0,0,0.0,0.0,0.6,0.6,0.5,0,2024-11-20 08:00:03,120.0,Wednesday,כאן 11 | קלמן ליברמן
כאן 11,קלמן ליברמן,2024-11-24,2024-11-24 08:00:05,2024-11-24 10:00:03,119.96666666666667,1.0,0,0.0,0,0.0,0.0,1.0,0.9,0.7666666666666666,0,2024-11-25 08:00:01,120.0,Monday,כאן 11 | קלמן ליברמן
כאן 11,קלמן ליברמן,2024-11-25,2024-11-25 08:00:01,2024-11-25 10:00:01,120.0,0.9,0,0.0,0,0.0,0.0,0.7666666666666666,1.1,0.8333333333333334,0,2024-11-26 08:00:02,120.03333333333333,Tuesday,כאן 11 | קלמן ליברמן
כאן 11,קלמן ליברמן,2024-11-26,2024-11-26 08:00:02,2024-11-26 10:00:04,120.03333333333333,1.1,0,0.0,0,0.0,0.0,0.8333333333333334,1.0,0.43333333333333335,0,2024-11-27 08:00:04,119.93333333333334,Wednesday,כאן 11 | קלמן ליברמן
כאן 11,שבע עם אילה חסון,2024-11-02,2024-11-02 19:00:07,2024-11-02 19:51:48,51.68333333333333,6.6,0,0.0,0,0.0,0.0,6.366666666666667,3.3,2.4333333333333336,0,2024-11-03 18:54:48,58.166666666666664,Sunday,כאן 11 | שבע עם אילה חסון
כאן 11,שבע עם אילה חסון,2024-11-03,2024-11-03 18:54:48,2024-11-03 19:52:58,58.166666666666664,3.3,0,0.0,0,0.0,0.0,2.4333333333333336,2.9,1.7666666666666666,0,2024-11-04 18:54:48,58.56666666666667,Monday,כאן 11 | שבע עם אילה חסון
כאן 11,שבע עם אילה חסון,2024-11-04,2024-11-04 18:54:48,2024-11-04 19:53:22,58.56666666666667,2.9,0,0.0,0,0.0,0.0,1.7666666666666666,3.2,3.4,0,2024-11-05 18:59:50,53.45,Tuesday,כאן 11 | שבע עם אילה חסון
כאן 11,שבע עם אילה חסון,2024-11-05,2024-11-05 18:59:50,2024-11-05 19:53:17,53.45,3.2,0,0.0,0,0.0,0.0,3.4,3.8,4.7,0,2024-11-06 19:00:40,52.766666666666666,Wednesday,כאן 11 | שבע עם אילה חסון
כאן 11,שבע עם אילה חסון,2024-11-09,2024-11-09 19:01:03,2024-11-09 19:53:15,52.2,3.8,0,0.0,0,0.0,0.0,3.6,3.9,2.5,0,2024-11-10 18:54:41,58.28333333333333,Sunday,כאן 11 | שבע עם אילה חסון
כאן 11,שבע עם אילה חסון,2024-11-10,2024-11-10 18:54:41,2024-11-10 19:52:58,58.28333333333333,3.9,0,0.0,0,0.0,0.0,2.5,3.2,2.2666666666666666,0,2024-11-11 18:54:20,58.81666666666667,Monday,כאן 11 | שבע עם אילה חסון
כאן 11,שבע עם אילה חסון,2024-11-11,2024-11-11 18:54:20,2024-11-11 19:53:09,58.81666666666667,3.2,0,0.0,0,0.0,0.0,2.2666666666666666,3.9,1.8333333333333333,0,2024-11-12 18:54:50,57.766666666666666,Tuesday,כאן 11 | שבע עם אילה חסון
כאן 11,שבע עם אילה חסון,2024-11-12,2024-11-12 18:54:50,2024-11-12 19:52:36,57.766666666666666,3.9,0,0.0,0,0.0,0.0,1.8333333333333333,2.9,1.9333333333333336,0,2024-11-13 18:54:40,58.03333333333333,Wednesday,כאן 11 | שבע עם אילה חסון
כאן 11,שבע עם אילה חסון,2024-11-13,2024-11-13 18:54:40,2024-11-13 19:52:42,58.03333333333333,2.9,0,0.0,0,0.0,0.0,1.9333333333333336,2.6,1.8,0,2024-11-14 18:55:02,58.03333333333333,Thursday,כאן 11 | שבע עם אילה חסון
כאן 11,שבע עם אילה חסון,2024-11-16,2024-11-16 19:00:25,2024-11-16 19:53:04,52.65,5.5,0,0.0,0,0.0,0.0,5.333333333333333,3.7,2.6333333333333333,0,2024-11-17 18:53:39,59.45,Sunday,כאן 11 | שבע עם אילה חסון
כאן 11,שבע עם אילה חסון,2024-11-17,2024-11-17 18:53:39,2024-11-17 19:53:06,59.45,3.7,0,0.0,0,0.0,0.0,2.6333333333333333,3.0,1.7333333333333334,0,2024-11-18 18:54:31,58.68333333333333,Monday,כאן 11 | שבע עם אילה חסון
כאן 11,שבע עם אילה חסון,2024-11-18,2024-11-18 18:54:31,2024-11-18 19:53:12,58.68333333333333,3.0,0,0.0,0,0.0,0.0,1.7333333333333334,3.6,2.6999999999999997,0,2024-11-19 18:54:00,59.0,Tuesday,כאן 11 | שבע עם אילה חסון
כאן 11,שבע עם אילה חסון,2024-11-19,2024-11-19 18:54:00,2024-11-19 19:53:00,59.0,3.6,0,0.0,0,0.0,0.0,2.6999999999999997,3.6,2.4,0,2024-11-20 18:54:45,58.36666666666667,Wednesday,כאן 11 | שבע עם אילה חסון
כאן 11,שבע עם אילה חסון,2024-11-20,2024-11-20 18:54:45,2024-11-20 19:53:07,58.36666666666667,3.6,0,0.0,0,0.0,0.0,2.4,3.4,2.2666666666666666,0,2024-11-21 18:54:25,58.766666666666666,Thursday,כאן 11 | שבע עם אילה חסון
כאן 11,שבע עם אילה חסון,2024-11-23,2024-11-23 19:00:17,2024-11-23 19:53:31,53.233333333333334,4.5,0,0.0,0,0.0,0.0,4.333333333333333,5.1,4.433333333333333,0,2024-11-24 18:59:55,53.3,Sunday,כאן 11 | שבע עם אילה חסון
כאן 11,שבע עם אילה חסון,2024-11-24,2024-11-24 18:59:55,2024-11-24 19:53:13,53.3,5.1,0,0.0,0,0.0,0.0,4.433333333333333,4.0,2.3,0,2024-11-25 18:54:56,58.166666666666664,Monday,כאן 11 | שבע עם אילה חסון
כאן 11,שבע עם אילה חסון,2024-11-25,2024-11-25 18:54:56,2024-11-25 19:53:06,58.166666666666664,4.0,0,0.0,0,0.0,0.0,2.3,4.1,2.4,0,2024-11-26 18:53:38,59.4,Tuesday,כאן 11 | שבע עם אילה חסון
כאן 11,שבע עם אילה חסון,2024-11-26,2024-11-26 18:53:38,2024-11-26 19:53:02,59.4,4.1,0,0.0,0,0.0,0.0,2.4,2.9,1.9666666666666668,0,2024-11-27 18:54:36,58.5,Wednesday,כאן 11 | שבע עם אילה חסון
כאן 11,שבע עם אילה חסון,2024-11-27,2024-11-27 18:54:36,2024-11-27 19:53:06,58.5,2.9,0,0.0,0,0.0,0.0,1.9666666666666668,3.5,2.6666666666666665,0,2024-11-28 18:54:18,58.81666666666667,Thursday,כאן 11 | שבע עם אילה חסון
כאן 11,שבע עם אילה חסון - מוקדמת,2024-11-05,2024-11-05 17:58:59,2024-11-05 18:59:50,60.85,2.2,2,5.466666666666667,0,0.0,1.972062448644207,1.5666666666666667,3.0,1.8666666666666665,2,2024-11-06 17:56:00,64.66666666666667,Wednesday,כאן 11 | שבע עם אילה חסון - מוקדמת
כאן 11,שבע עם אילה חסון - מוקדמת,2024-11-23,2024-11-23 17:58:29,2024-11-23 19:00:17,61.8,4.3,1,2.533333333333333,0,0.0,0.970873786407767,3.7999999999999994,2.3,1.6000000000000003,2,2024-11-24 17:58:06,61.81666666666667,Sunday,כאן 11 | שבע עם אילה חסון - מוקדמת
כאן 11,שורדי העל של הטבע ש.ח,2024-11-12,2024-11-12 13:06:11,2024-11-12 14:00:01,53.833333333333336,0.5,2,3.5666666666666664,0,0.0,2.2291021671826625,0.5,1.0,1.2,2,2024-11-13 13:06:06,53.983333333333334,Wednesday,כאן 11 | שורדי העל של הטבע ש.ח
כאן 11,שורדי העל של הטבע ש.ח,2024-11-13,2024-11-13 13:06:06,2024-11-13 14:00:05,53.983333333333334,1.0,2,3.7333333333333334,0,0.0,2.2229083050324174,1.2,0.8,0.8000000000000002,2,2024-11-14 13:05:32,54.333333333333336,Thursday,כאן 11 | שורדי העל של הטבע ש.ח
כאן 11,שטוקהולם ש.ח,2024-11-10,2024-11-10 00:21:06,2024-11-10 01:03:30,42.4,0.3,0,0.0,0,0.0,0.0,,1.7,,1,2024-11-11 00:08:58,41.75,Monday,כאן 11 | שטוקהולם ש.ח
כאן 11,שטוקהולם ש.ח,2024-11-11,2024-11-11 00:08:58,2024-11-11 00:50:43,41.75,1.7,1,1.6,1,1.6,1.437125748502994,,1.4,,1,2024-11-12 00:25:12,42.85,Tuesday,כאן 11 | שטוקהולם ש.ח
כאן 11,שטוקהולם ש.ח,2024-11-12,2024-11-12 00:25:12,2024-11-12 01:08:03,42.85,1.4,1,1.8166666666666667,0,0.0,1.4002333722287046,,1.0,,1,2024-11-13 00:22:03,41.93333333333333,Wednesday,כאן 11 | שטוקהולם ש.ח
כאן 11,שלומי שבן מארח ש.ח,2024-11-11,2024-11-11 03:07:27,2024-11-11 03:43:03,35.6,0.2,1,1.2,1,1.2,1.6853932584269662,0.10000000000000002,0.0,0.0,1,2024-11-12 03:15:57,41.483333333333334,Tuesday,כאן 11 | שלומי שבן מארח ש.ח
כאן 11,שלושה שירים שלושה סיפורים ש.ח,2024-11-26,2024-11-26 01:21:28,2024-11-26 01:59:59,38.516666666666666,0.9,2,3.283333333333333,1,1.4166666666666667,3.115534400692341,,0.8,0.7999999999999999,0,2024-11-27 02:00:00,3.1166666666666667,Wednesday,כאן 11 | שלושה שירים שלושה סיפורים ש.ח
עכשיו 14,24 דקות עם שרה בק ש.ח,2024-11-20,2024-11-20 01:26:20,2024-11-20 01:59:24,33.06666666666667,0.9,2,2.5833333333333335,0,0.0,3.6290322580645156,,1.0,,1,2024-11-21 01:13:02,27.0,Thursday,עכשיו 14 | 24 דקות עם שרה בק ש.ח
עכשיו 14,אור לאחים הילולת רחל אימנו,2024-11-11,2024-11-11 22:55:21,2024-11-12 01:59:59,184.63333333333333,1.7,3,3.4333333333333336,0,0.0,0.9749052175482938,4.933333333333334,0.5,0.8000000000000002,0,2024-11-12 02:00:00,60.13333333333333,Tuesday,עכשיו 14 | אור לאחים הילולת רחל אימנו
עכשיו 14,ארבע עם,2024-11-03,2024-11-03 15:59:48,2024-11-03 17:00:46,60.96666666666667,3.0,1,1.7666666666666666,0,0.0,0.9841443411700382,3.5,3.6,3.3000000000000003,3,2024-11-04 16:00:07,60.15,Monday,עכשיו 14 | ארבע עם
עכשיו 14,ארבע עם,2024-11-04,2024-11-04 16:00:07,2024-11-04 17:00:16,60.15,3.6,3,4.083333333333333,0,0.0,2.9925187032418954,3.3000000000000003,2.7,2.3000000000000003,3,2024-11-05 16:00:42,57.983333333333334,Tuesday,עכשיו 14 | ארבע עם
עכשיו 14,ארבע עם,2024-11-05,2024-11-05 16:00:42,2024-11-05 16:58:41,57.983333333333334,2.7,3,3.4833333333333334,0,0.0,3.104340327680368,2.3000000000000003,4.1,3.7999999999999994,2,2024-11-06 16:00:47,58.733333333333334,Wednesday,עכשיו 14 | ארבע עם
עכשיו 14,ארבע עם,2024-11-06,2024-11-06 16:00:47,2024-11-06 16:59:31,58.733333333333334,4.1,2,3.083333333333333,0,0.0,2.043132803632236,3.7999999999999994,3.0,3.1,2,2024-11-07 16:00:13,61.3,Thursday,עכשיו 14 | ארבע עם
עכשיו 14,ארבע עם,2024-11-10,2024-11-10 16:00:39,2024-11-10 16:59:51,59.2,2.7,2,3.7666666666666666,0,0.0,2.027027027027027,2.566666666666667,3.0,3.266666666666667,2,2024-11-11 16:00:12,59.666666666666664,Monday,עכשיו 14 | ארבע עם
עכשיו 14,ארבע עם,2024-11-11,2024-11-11 16:00:12,2024-11-11 16:59:52,59.666666666666664,3.0,2,3.5,0,0.0,2.011173184357542,3.266666666666667,3.0,2.2333333333333334,2,2024-11-12 15:59:47,60.13333333333333,Tuesday,עכשיו 14 | ארבע עם
עכשיו 14,ארבע עם,2024-11-12,2024-11-12 15:59:47,2024-11-12 16:59:55,60.13333333333333,3.0,2,1.4833333333333334,0,0.0,1.9955654101995568,2.2333333333333334,3.5,3.9,3,2024-11-13 15:59:45,60.0,Wednesday,עכשיו 14 | ארבע עם
עכשיו 14,ארבע עם,2024-11-13,2024-11-13 15:59:45,2024-11-13 16:59:45,60.0,3.5,3,2.5166666666666666,0,0.0,3.0,3.9,3.7,3.0,2,2024-11-14 16:00:04,59.916666666666664,Thursday,עכשיו 14 | ארבע עם
עכשיו 14,ארבע עם,2024-11-17,2024-11-17 16:01:01,2024-11-17 17:00:15,59.233333333333334,3.3,3,1.4,0,0.0,3.0388294879009567,3.033333333333333,3.6,3.533333333333333,2,2024-11-18 16:00:29,60.46666666666667,Monday,עכשיו 14 | ארבע עם
עכשיו 14,ארבע עם,2024-11-18,2024-11-18 16:00:29,2024-11-18 17:00:57,60.46666666666667,3.6,2,3.55,0,0.0,1.984564498346196,3.533333333333333,3.0,2.8000000000000003,4,2024-11-19 15:59:50,60.666666666666664,Tuesday,עכשיו 14 | ארבע עם
עכשיו 14,ארבע עם,2024-11-19,2024-11-19 15:59:50,2024-11-19 17:00:30,60.666666666666664,3.0,4,4.566666666666666,0,0.0,3.956043956043956,2.8000000000000003,3.2,3.133333333333333,2,2024-11-20 16:00:09,60.483333333333334,Wednesday,עכשיו 14 | ארבע עם
עכשיו 14,ארבע עם,2024-11-20,2024-11-20 16:00:09,2024-11-20 17:00:38,60.483333333333334,3.2,2,3.9,0,0.0,1.9840176357123176,3.133333333333333,3.0,1.8666666666666665,2,2024-11-21 15:59:27,60.9,Thursday,עכשיו 14 | ארבע עם
עכשיו 14,ארבע עם,2024-11-24,2024-11-24 15:59:53,2024-11-24 17:00:30,60.61666666666667,2.8,2,3.8000000000000003,0,0.0,1.9796535606268901,3.1333333333333333,2.2,2.1,3,2024-11-25 16:00:10,61.083333333333336,Monday,עכשיו 14 | ארבע עם
עכשיו 14,ארבע עם,2024-11-25,2024-11-25 16:00:10,2024-11-25 17:01:15,61.083333333333336,2.2,3,3.533333333333333,0,0.0,2.946793997271487,2.1,4.2,3.266666666666667,4,2024-11-26 16:00:05,60.21666666666667,Tuesday,עכשיו 14 | ארבע עם
עכשיו 14,ארבע עם,2024-11-26,2024-11-26 16:00:05,2024-11-26 17:00:18,60.21666666666667,4.2,4,3.5833333333333335,0,0.0,3.9856075283697754,3.266666666666667,3.7,3.2999999999999994,4,2024-11-27 15:59:50,59.35,Wednesday,עכשיו 14 | ארבע עם
עכשיו 14,ארבע עם,2024-11-27,2024-11-27 15:59:50,2024-11-27 16:59:11,59.35,3.7,4,2.6166666666666667,0,0.0,4.043807919123842,3.2999999999999994,2.6,2.2,3,2024-11-28 16:01:06,59.61666666666667,Thursday,עכשיו 14 | ארבע עם
עכשיו 14,"גיבור של סבא סיפורו של אילון ויס ז""ל ש.ח",2024-11-01,2024-11-01 04:59:57,2024-11-01 05:35:40,35.71666666666667,0.2,0,0.0,0,0.0,0.0,0.20000000000000004,0.8,,0,2024-11-02 00:40:57,35.71666666666667,Saturday,"עכשיו 14 | גיבור של סבא סיפורו של אילון ויס ז""ל ש.ח"
עכשיו 14,"גיבור של סבא סיפורו של אילון ויס ז""ל ש.ח",2024-11-02,2024-11-02 00:40:57,2024-11-02 01:16:40,35.71666666666667,0.8,0,0.0,0,0.0,0.0,,1.0,,0,2024-11-03 01:40:02,19.95,Sunday,"עכשיו 14 | גיבור של סבא סיפורו של אילון ויס ז""ל ש.ח"
עכשיו 14,"גיבור של סבא סיפורו של אילון ויס ז""ל ש.ח",2024-11-03,2024-11-03 01:40:02,2024-11-03 01:59:59,19.95,1.0,0,0.0,0,0.0,0.0,,0.9,1.0,0,2024-11-04 02:00:00,15.766666666666667,Monday,"עכשיו 14 | גיבור של סבא סיפורו של אילון ויס ז""ל ש.ח"
עכשיו 14,"גיבור של סבא סיפורו של אילון ויס ז""ל ש.ח",2024-11-07,2024-11-07 01:32:40,2024-11-07 01:59:59,27.316666666666666,1.3,0,0.0,0,0.0,0.0,,1.0,1.0,0,2024-11-08 02:00:00,8.4,Friday,"עכשיו 14 | גיבור של סבא סיפורו של אילון ויס ז""ל ש.ח"
עכשיו 14,"גיבור של סבא סיפורו של אילון ויס ז""ל ש.ח",2024-11-16,2024-11-16 01:30:02,2024-11-16 01:59:59,29.95,1.0,0,0.0,0,0.0,0.0,,0.7,0.6999999999999998,0,2024-11-17 02:00:00,5.75,Sunday,"עכשיו 14 | גיבור של סבא סיפורו של אילון ויס ז""ל ש.ח"
עכשיו 14,"גיבור של סבא סיפורו של אילון ויס ז""ל ש.ח",2024-11-26,2024-11-26 04:38:01,2024-11-26 05:13:45,35.733333333333334,0.5,0,0.0,0,0.0,0.0,0.6999999999999998,0.7,0.7333333333333334,0,2024-11-27 04:27:28,35.71666666666667,Wednesday,"עכשיו 14 | גיבור של סבא סיפורו של אילון ויס ז""ל ש.ח"
עכשיו 14,האולפן הפתוח,2024-11-03,2024-11-03 14:03:29,2024-11-03 15:59:48,116.31666666666666,3.2,1,0.43333333333333335,0,0.0,0.5158332139274968,2.5,2.7,2.1999999999999997,3,2024-11-04 14:05:17,114.83333333333333,Monday,עכשיו 14 | האולפן הפתוח
עכשיו 14,האולפן הפתוח,2024-11-04,2024-11-04 14:05:17,2024-11-04 16:00:07,114.83333333333333,2.7,3,1.9833333333333334,0,0.0,1.567489114658926,2.1999999999999997,2.0,2.433333333333333,4,2024-11-05 14:05:05,115.61666666666666,Tuesday,עכשיו 14 | האולפן הפתוח
עכשיו 14,האולפן הפתוח,2024-11-05,2024-11-05 14:05:05,2024-11-05 16:00:42,115.61666666666666,2.0,4,4.716666666666667,0,0.0,2.075825284705204,2.433333333333333,3.3,3.3666666666666667,4,2024-11-06 14:01:04,119.71666666666667,Wednesday,עכשיו 14 | האולפן הפתוח
עכשיו 14,האולפן הפתוח,2024-11-06,2024-11-06 14:01:04,2024-11-06 16:00:47,119.71666666666667,3.3,4,4.616666666666666,0,0.0,2.0047333983015454,3.3666666666666667,2.8,2.0,4,2024-11-07 14:04:41,115.53333333333333,Thursday,עכשיו 14 | האולפן הפתוח
עכשיו 14,האולפן הפתוח,2024-11-10,2024-11-10 14:04:33,2024-11-10 16:00:39,116.1,2.5,4,4.166666666666666,0,0.0,2.0671834625323,2.2,2.4,2.4333333333333336,5,2024-11-11 14:05:10,115.03333333333333,Monday,עכשיו 14 | האולפן הפתוח
עכשיו 14,האולפן הפתוח,2024-11-11,2024-11-11 14:05:10,2024-11-11 16:00:12,115.03333333333333,2.4,5,4.466666666666667,0,0.0,2.607939727615184,2.4333333333333336,1.6,0.9333333333333332,6,2024-11-12 14:03:51,115.93333333333334,Tuesday,עכשיו 14 | האולפן הפתוח
עכשיו 14,האולפן הפתוח,2024-11-12,2024-11-12 14:03:51,2024-11-12 15:59:47,115.93333333333334,1.6,6,4.616666666666667,0,0.0,3.105232892466935,0.9333333333333332,2.8,2.933333333333333,5,2024-11-13 14:05:25,114.33333333333333,Wednesday,עכשיו 14 | האולפן הפתוח
עכשיו 14,האולפן הפתוח,2024-11-13,2024-11-13 14:05:25,2024-11-13 15:59:45,114.33333333333333,2.8,5,5.4,0,0.0,2.623906705539359,2.933333333333333,2.6,2.3,4,2024-11-14 14:04:40,115.4,Thursday,עכשיו 14 | האולפן הפתוח
עכשיו 14,האולפן הפתוח,2024-11-17,2024-11-17 14:06:12,2024-11-17 16:01:01,114.81666666666666,2.7,5,4.65,0,0.0,2.6128610828857597,2.9,2.7,1.5,4,2024-11-18 14:03:22,117.11666666666666,Monday,עכשיו 14 | האולפן הפתוח
עכשיו 14,האולפן הפתוח,2024-11-18,2024-11-18 14:03:22,2024-11-18 16:00:29,117.11666666666666,2.7,4,5.2,0,0.0,2.0492386509178884,1.5,3.3,3.0666666666666664,4,2024-11-19 14:04:16,115.56666666666666,Tuesday,עכשיו 14 | האולפן הפתוח
עכשיו 14,האולפן הפתוח,2024-11-19,2024-11-19 14:04:16,2024-11-19 15:59:50,115.56666666666666,3.3,4,6.616666666666667,0,0.0,2.0767233919815404,3.0666666666666664,2.5,2.033333333333333,4,2024-11-20 14:04:25,115.73333333333333,Wednesday,עכשיו 14 | האולפן הפתוח
עכשיו 14,האולפן הפתוח,2024-11-20,2024-11-20 14:04:25,2024-11-20 16:00:09,115.73333333333333,2.5,4,5.800000000000001,0,0.0,2.0737327188940093,2.033333333333333,2.9,2.8333333333333335,4,2024-11-21 14:06:20,113.11666666666666,Thursday,עכשיו 14 | האולפן הפתוח
עכשיו 14,האולפן הפתוח,2024-11-24,2024-11-24 14:06:24,2024-11-24 15:59:53,113.48333333333333,3.2,5,6.949999999999999,0,0.0,2.643559994125422,3.1,2.3,2.4,5,2024-11-25 14:05:59,114.18333333333334,Monday,עכשיו 14 | האולפן הפתוח
עכשיו 14,האולפן הפתוח,2024-11-25,2024-11-25 14:05:59,2024-11-25 16:00:10,114.18333333333334,2.3,5,4.916666666666667,0,0.0,2.6273536709969347,2.4,2.8,3.233333333333333,5,2024-11-26 14:04:18,115.78333333333333,Tuesday,עכשיו 14 | האולפן הפתוח
עכשיו 14,האולפן הפתוח,2024-11-26,2024-11-26 14:04:18,2024-11-26 16:00:05,115.78333333333333,2.8,5,4.183333333333333,0,0.0,2.5910464948898806,3.233333333333333,3.3,3.5666666666666664,5,2024-11-27 14:05:08,114.7,Wednesday,עכשיו 14 | האולפן הפתוח
עכשיו 14,האולפן הפתוח,2024-11-27,2024-11-27 14:05:08,2024-11-27 15:59:50,114.7,3.3,5,4.983333333333333,0,0.0,2.615518744551003,3.5666666666666664,2.8,3.533333333333333,8,2024-11-28 14:03:38,117.46666666666667,Thursday,עכשיו 14 | האולפן הפתוח
עכשיו 14,המהדורה המוקדמת 14,2024-11-03,2024-11-03 17:00:46,2024-11-03 17:57:57,57.18333333333333,4.1,3,4.133333333333333,0,0.0,3.1477703293500436,3.266666666666666,4.2,3.733333333333333,1,2024-11-04 17:00:16,58.31666666666667,Monday,עכשיו 14 | המהדורה המוקדמת 14
עכשיו 14,המהדורה המוקדמת 14,2024-11-04,2024-11-04 17:00:16,2024-11-04 17:58:35,58.31666666666667,4.2,1,1.3166666666666667,0,0.0,1.0288653901114604,3.733333333333333,3.0,2.7999999999999994,2,2024-11-05 16:58:41,59.7,Tuesday,עכשיו 14 | המהדורה המוקדמת 14
עכשיו 14,המהדורה המוקדמת 14,2024-11-05,2024-11-05 16:58:41,2024-11-05 17:58:23,59.7,3.0,2,4.583333333333334,0,0.0,2.0100502512562812,2.7999999999999994,5.1,4.766666666666667,2,2024-11-06 16:59:31,59.31666666666667,Wednesday,עכשיו 14 | המהדורה המוקדמת 14
עכשיו 14,המהדורה המוקדמת 14,2024-11-06,2024-11-06 16:59:31,2024-11-06 17:58:50,59.31666666666667,5.1,2,2.533333333333333,0,0.0,2.0230401798257938,4.766666666666667,3.7,2.9,2,2024-11-07 17:01:31,54.63333333333333,Thursday,עכשיו 14 | המהדורה המוקדמת 14
עכשיו 14,המהדורה המוקדמת 14,2024-11-10,2024-11-10 16:59:51,2024-11-10 17:58:30,58.65,4.5,3,2.216666666666667,0,0.0,3.069053708439898,3.5666666666666664,3.5,3.1333333333333333,3,2024-11-11 16:59:52,58.38333333333333,Monday,עכשיו 14 | המהדורה המוקדמת 14
עכשיו 14,המהדורה המוקדמת 14,2024-11-11,2024-11-11 16:59:52,2024-11-11 17:58:15,58.38333333333333,3.5,3,1.9,0,0.0,3.0830716528689694,3.1333333333333333,4.4,4.466666666666667,3,2024-11-12 16:59:55,58.65,Tuesday,עכשיו 14 | המהדורה המוקדמת 14
עכשיו 14,המהדורה המוקדמת 14,2024-11-12,2024-11-12 16:59:55,2024-11-12 17:58:34,58.65,4.4,3,1.9,0,0.0,3.069053708439898,4.466666666666667,3.7,3.4,0,2024-11-13 17:05:27,52.516666666666666,Wednesday,עכשיו 14 | המהדורה המוקדמת 14
עכשיו 14,המהדורה המוקדמת 14,2024-11-13,2024-11-13 17:05:27,2024-11-13 17:57:58,52.516666666666666,3.7,0,0.0,0,0.0,0.0,3.4,4.7,4.033333333333333,4,2024-11-14 16:59:59,57.86666666666667,Thursday,עכשיו 14 | המהדורה המוקדמת 14
עכשיו 14,המהדורה המוקדמת 14,2024-11-17,2024-11-17 17:00:15,2024-11-17 17:56:41,56.43333333333333,3.8,4,2.5999999999999996,0,0.0,4.252805670407561,3.9333333333333336,5.3,3.7999999999999994,4,2024-11-18 17:00:57,56.333333333333336,Monday,עכשיו 14 | המהדורה המוקדמת 14
עכשיו 14,המהדורה המוקדמת 14,2024-11-18,2024-11-18 17:00:57,2024-11-18 17:57:17,56.333333333333336,5.3,4,3.1666666666666665,4,3.1666666666666665,4.260355029585799,3.7999999999999994,4.2,3.5666666666666664,2,2024-11-19 17:00:30,57.95,Tuesday,עכשיו 14 | המהדורה המוקדמת 14
עכשיו 14,המהדורה המוקדמת 14,2024-11-19,2024-11-19 17:00:30,2024-11-19 17:58:27,57.95,4.2,2,3.95,0,0.0,2.070750647109577,3.5666666666666664,4.4,3.6666666666666665,4,2024-11-20 17:00:38,57.0,Wednesday,עכשיו 14 | המהדורה המוקדמת 14
עכשיו 14,המהדורה המוקדמת 14,2024-11-20,2024-11-20 17:00:38,2024-11-20 17:57:38,57.0,4.4,4,3.666666666666667,0,0.0,4.2105263157894735,3.6666666666666665,4.1,3.9,4,2024-11-21 17:00:21,56.13333333333333,Thursday,עכשיו 14 | המהדורה המוקדמת 14
עכשיו 14,המהדורה המוקדמת 14,2024-11-24,2024-11-24 17:00:30,2024-11-24 17:58:17,57.78333333333333,3.2,3,3.75,0,0.0,3.1150850879723104,3.033333333333333,4.1,3.0333333333333337,4,2024-11-25 17:01:15,57.916666666666664,Monday,עכשיו 14 | המהדורה המוקדמת 14
עכשיו 14,המהדורה המוקדמת 14,2024-11-25,2024-11-25 17:01:15,2024-11-25 17:59:10,57.916666666666664,4.1,4,3.066666666666667,0,0.0,4.143884892086331,3.0333333333333337,5.1,5.333333333333333,3,2024-11-26 17:00:18,58.516666666666666,Tuesday,עכשיו 14 | המהדורה המוקדמת 14
עכשיו 14,המהדורה המוקדמת 14,2024-11-26,2024-11-26 17:00:18,2024-11-26 17:58:49,58.516666666666666,5.1,3,1.7000000000000002,0,0.0,3.0760467103389346,5.333333333333333,4.5,4.333333333333333,3,2024-11-27 16:59:11,59.03333333333333,Wednesday,עכשיו 14 | המהדורה המוקדמת 14
עכשיו 14,המהדורה המוקדמת 14,2024-11-27,2024-11-27 16:59:11,2024-11-27 17:58:13,59.03333333333333,4.5,3,1.4,0,0.0,3.0491247882552233,4.333333333333333,3.6,3.033333333333333,3,2024-11-28 17:00:43,58.0,Thursday,עכשיו 14 | המהדורה המוקדמת 14
עכשיו 14,המהדורה המרכזית 14,2024-11-03,2024-11-03 19:49:16,2024-11-03 21:01:09,71.88333333333334,9.0,2,4.183333333333334,0,0.0,1.6693716670530951,8.1,8.6,7.233333333333333,1,2024-11-04 19:50:59,69.81666666666666,Monday,עכשיו 14 | המהדורה המרכזית 14
עכשיו 14,המהדורה המרכזית 14,2024-11-04,2024-11-04 19:50:59,2024-11-04 21:00:48,69.81666666666666,8.6,1,5.066666666666666,0,0.0,0.859393650035808,7.233333333333333,8.9,6.233333333333334,0,2024-11-05 19:49:55,70.98333333333333,Tuesday,עכשיו 14 | המהדורה המרכזית 14
עכשיו 14,המהדורה המרכזית 14,2024-11-05,2024-11-05 19:49:55,2024-11-05 21:00:54,70.98333333333333,8.9,0,0.0,0,0.0,0.0,6.233333333333334,10.4,9.333333333333334,2,2024-11-06 19:51:08,69.86666666666666,Wednesday,עכשיו 14 | המהדורה המרכזית 14
עכשיו 14,המהדורה המרכזית 14,2024-11-06,2024-11-06 19:51:08,2024-11-06 21:01:00,69.86666666666666,10.4,2,5.733333333333333,0,0.0,1.717557251908397,9.333333333333334,9.6,8.0,1,2024-11-07 19:51:25,69.53333333333333,Thursday,עכשיו 14 | המהדורה המרכזית 14
עכשיו 14,המהדורה המרכזית 14,2024-11-10,2024-11-10 19:50:40,2024-11-10 21:01:16,70.6,8.5,2,1.5166666666666666,0,0.0,1.69971671388102,7.933333333333334,8.4,6.166666666666667,1,2024-11-11 19:50:20,70.53333333333333,Monday,עכשיו 14 | המהדורה המרכזית 14
עכשיו 14,המהדורה המרכזית 14,2024-11-11,2024-11-11 19:50:20,2024-11-11 21:00:52,70.53333333333333,8.4,1,1.2666666666666666,0,0.0,0.8506616257088847,6.166666666666667,8.0,5.733333333333333,2,2024-11-12 19:50:56,69.5,Tuesday,עכשיו 14 | המהדורה המרכזית 14
עכשיו 14,המהדורה המרכזית 14,2024-11-12,2024-11-12 19:50:56,2024-11-12 21:00:26,69.5,8.0,2,2.0666666666666664,0,0.0,1.7266187050359711,5.733333333333333,7.4,5.566666666666666,1,2024-11-13 19:50:08,70.28333333333333,Wednesday,עכשיו 14 | המהדורה המרכזית 14
עכשיו 14,המהדורה המרכזית 14,2024-11-13,2024-11-13 19:50:08,2024-11-13 21:00:25,70.28333333333333,7.4,1,1.0333333333333334,0,0.0,0.8536874555371118,5.566666666666666,8.0,7.066666666666666,1,2024-11-14 19:50:49,69.16666666666667,Thursday,עכשיו 14 | המהדורה המרכזית 14
עכשיו 14,המהדורה המרכזית 14,2024-11-17,2024-11-17 19:51:11,2024-11-17 21:00:15,69.06666666666666,8.1,2,2.05,0,0.0,1.7374517374517378,7.566666666666666,9.4,7.7,1,2024-11-18 19:50:24,70.1,Monday,עכשיו 14 | המהדורה המרכזית 14
עכשיו 14,המהדורה המרכזית 14,2024-11-18,2024-11-18 19:50:24,2024-11-18 21:00:30,70.1,9.4,1,2.7333333333333334,0,0.0,0.855920114122682,7.7,8.2,6.099999999999999,2,2024-11-19 19:50:33,70.1,Tuesday,עכשיו 14 | המהדורה המרכזית 14
עכשיו 14,המהדורה המרכזית 14,2024-11-19,2024-11-19 19:50:33,2024-11-19 21:00:39,70.1,8.2,2,2.8000000000000003,0,0.0,1.711840228245364,6.099999999999999,8.0,6.2,1,2024-11-20 19:50:26,70.23333333333333,Wednesday,עכשיו 14 | המהדורה המרכזית 14
עכשיו 14,המהדורה המרכזית 14,2024-11-20,2024-11-20 19:50:26,2024-11-20 21:00:40,70.23333333333333,8.0,1,1.3166666666666667,0,0.0,0.8542952064546748,6.2,8.1,6.666666666666667,1,2024-11-21 19:50:12,70.3,Thursday,עכשיו 14 | המהדורה המרכזית 14
עכשיו 14,המהדורה המרכזית 14,2024-11-24,2024-11-24 19:50:38,2024-11-24 21:00:52,70.23333333333333,9.4,1,3.933333333333333,0,0.0,0.8542952064546748,7.733333333333334,7.3,6.633333333333333,1,2024-11-25 19:51:01,70.8,Monday,עכשיו 14 | המהדורה המרכזית 14
עכשיו 14,המהדורה המרכזית 14,2024-11-25,2024-11-25 19:51:01,2024-11-25 21:01:49,70.8,7.3,1,1.85,0,0.0,0.8474576271186441,6.633333333333333,8.5,7.3999999999999995,2,2024-11-26 19:50:28,70.45,Tuesday,עכשיו 14 | המהדורה המרכזית 14
עכשיו 14,המהדורה המרכזית 14,2024-11-26,2024-11-26 19:50:28,2024-11-26 21:00:55,70.45,8.5,2,4.533333333333333,0,0.0,1.7033356990773596,7.3999999999999995,8.3,7.599999999999999,1,2024-11-27 19:50:09,69.9,Wednesday,עכשיו 14 | המהדורה המרכזית 14
עכשיו 14,המהדורה המרכזית 14,2024-11-27,2024-11-27 19:50:09,2024-11-27 21:00:03,69.9,8.3,1,2.55,0,0.0,0.8583690987124464,7.599999999999999,9.0,7.099999999999999,1,2024-11-28 19:52:06,72.56666666666666,Thursday,עכשיו 14 | המהדורה המרכזית 14
עכשיו 14,"המח""ט - סיפורו של אל""מ יהונתן שטינברג ש.ח",2024-11-20,2024-11-20 00:54:52,2024-11-20 01:26:20,31.466666666666665,1.1,0,0.0,0,0.0,0.0,,0.6,0.6999999999999998,0,2024-11-21 05:02:36,31.466666666666665,Thursday,"עכשיו 14 | המח""ט - סיפורו של אל""מ יהונתן שטינברג ש.ח"
עכשיו 14,הפטריוטים,2024-11-02,2024-11-02 21:00:00,2024-11-02 22:30:36,90.6,7.7,1,1.45,0,0.0,0.6622516556291391,7.7,9.4,9.966666666666667,2,2024-11-03 21:01:09,89.41666666666667,Sunday,עכשיו 14 | הפטריוטים
עכשיו 14,הפטריוטים,2024-11-03,2024-11-03 21:01:09,2024-11-03 22:30:34,89.41666666666667,9.4,2,2.8,0,0.0,1.342031686859273,9.966666666666667,8.1,8.333333333333334,2,2024-11-04 21:00:48,88.16666666666667,Monday,עכשיו 14 | הפטריוטים
עכשיו 14,הפטריוטים,2024-11-04,2024-11-04 21:00:48,2024-11-04 22:28:58,88.16666666666667,8.1,2,3.7,0,0.0,1.3610586011342154,8.333333333333334,11.6,10.166666666666666,2,2024-11-05 21:00:54,119.31666666666666,Tuesday,עכשיו 14 | הפטריוטים
עכשיו 14,הפטריוטים,2024-11-05,2024-11-05 21:00:54,2024-11-05 23:00:13,119.31666666666666,11.6,2,3.6666666666666665,1,1.2666666666666666,1.0057270568515155,10.166666666666666,10.9,11.700000000000001,2,2024-11-06 21:01:00,89.4,Wednesday,עכשיו 14 | הפטריוטים
עכשיו 14,הפטריוטים,2024-11-06,2024-11-06 21:01:00,2024-11-06 22:30:24,89.4,10.9,2,2.333333333333333,0,0.0,1.342281879194631,11.700000000000001,8.3,10.0,2,2024-11-07 21:00:57,89.08333333333333,Thursday,עכשיו 14 | הפטריוטים
עכשיו 14,הפטריוטים,2024-11-09,2024-11-09 21:00:27,2024-11-09 22:31:13,90.76666666666667,8.7,2,2.1333333333333333,0,0.0,1.3220712449504224,7.166666666666667,8.5,9.566666666666666,1,2024-11-10 21:01:16,89.33333333333333,Sunday,עכשיו 14 | הפטריוטים
עכשיו 14,הפטריוטים,2024-11-10,2024-11-10 21:01:16,2024-11-10 22:30:36,89.33333333333333,8.5,1,0.7666666666666667,0,0.0,0.6716417910447762,9.566666666666666,9.5,9.299999999999999,1,2024-11-11 21:00:52,89.25,Monday,עכשיו 14 | הפטריוטים
עכשיו 14,הפטריוטים,2024-11-11,2024-11-11 21:00:52,2024-11-11 22:30:07,89.25,9.5,1,1.4833333333333334,0,0.0,0.6722689075630252,9.299999999999999,8.7,9.533333333333333,2,2024-11-12 21:00:26,89.85,Tuesday,עכשיו 14 | הפטריוטים
עכשיו 14,הפטריוטים,2024-11-12,2024-11-12 21:00:26,2024-11-12 22:30:17,89.85,8.7,2,1.7999999999999998,0,0.0,1.3355592654424042,9.533333333333333,9.0,9.966666666666667,1,2024-11-13 21:00:25,90.83333333333333,Wednesday,עכשיו 14 | הפטריוטים
עכשיו 14,הפטריוטים,2024-11-13,2024-11-13 21:00:25,2024-11-13 22:31:15,90.83333333333333,9.0,1,0.7,0,0.0,0.6605504587155964,9.966666666666667,7.8,8.200000000000001,1,2024-11-14 20:59:59,90.08333333333333,Thursday,עכשיו 14 | הפטריוטים
עכשיו 14,הפטריוטים,2024-11-16,2024-11-16 21:00:30,2024-11-16 22:30:32,90.03333333333333,9.6,1,1.3666666666666667,0,0.0,0.6664198445020364,8.4,9.6,8.533333333333333,2,2024-11-17 21:00:15,90.35,Sunday,עכשיו 14 | הפטריוטים
עכשיו 14,הפטריוטים,2024-11-17,2024-11-17 21:00:15,2024-11-17 22:30:36,90.35,9.6,2,2.283333333333333,0,0.0,1.328168234643055,8.533333333333333,10.4,11.033333333333333,2,2024-11-18 21:00:30,89.6,Monday,עכשיו 14 | הפטריוטים
עכשיו 14,הפטריוטים,2024-11-18,2024-11-18 21:00:30,2024-11-18 22:30:06,89.6,10.4,2,3.5,0,0.0,1.3392857142857144,11.033333333333333,9.3,10.200000000000001,3,2024-11-19 21:00:39,90.11666666666666,Tuesday,עכשיו 14 | הפטריוטים
עכשיו 14,הפטריוטים,2024-11-19,2024-11-19 21:00:39,2024-11-19 22:30:46,90.11666666666666,9.3,3,2.4833333333333334,0,0.0,1.9974107638246719,10.200000000000001,9.3,8.700000000000001,2,2024-11-20 21:00:40,89.16666666666667,Wednesday,עכשיו 14 | הפטריוטים
עכשיו 14,הפטריוטים,2024-11-20,2024-11-20 21:00:40,2024-11-20 22:29:50,89.16666666666667,9.3,2,2.9333333333333336,0,0.0,1.3457943925233644,8.700000000000001,7.9,9.066666666666665,4,2024-11-21 21:00:30,89.7,Thursday,עכשיו 14 | הפטריוטים
עכשיו 14,הפטריוטים,2024-11-23,2024-11-23 21:00:20,2024-11-23 22:30:11,89.85,7.1,3,5.05,0,0.0,2.0033388981636064,8.066666666666668,10.0,10.0,2,2024-11-24 21:00:52,88.73333333333333,Sunday,עכשיו 14 | הפטריוטים
עכשיו 14,הפטריוטים,2024-11-24,2024-11-24 21:00:52,2024-11-24 22:29:36,88.73333333333333,10.0,2,2.7333333333333334,0,0.0,1.35236664162284,10.0,9.5,8.266666666666667,2,2024-11-25 21:01:49,87.98333333333333,Monday,עכשיו 14 | הפטריוטים
עכשיו 14,הפטריוטים,2024-11-25,2024-11-25 21:01:49,2024-11-25 22:29:48,87.98333333333333,9.5,2,4.183333333333334,0,0.0,1.3638946770221632,8.266666666666667,8.2,9.4,2,2024-11-26 21:00:55,89.01666666666667,Tuesday,עכשיו 14 | הפטריוטים
עכשיו 14,הפטריוטים,2024-11-26,2024-11-26 21:00:55,2024-11-26 22:29:56,89.01666666666667,8.2,2,3.566666666666667,0,0.0,1.3480621606440744,9.4,8.8,9.5,2,2024-11-27 21:00:03,89.01666666666667,Wednesday,עכשיו 14 | הפטריוטים
עכשיו 14,הפטריוטים,2024-11-27,2024-11-27 21:00:03,2024-11-27 22:29:04,89.01666666666667,8.8,2,4.666666666666667,0,0.0,1.3480621606440744,9.5,8.3,8.866666666666667,2,2024-11-28 21:04:40,86.56666666666666,Thursday,עכשיו 14 | הפטריוטים
עכשיו 14,הפטריוטים בדרכים ש.ח,2024-11-18,2024-11-18 01:45:41,2024-11-18 01:59:59,14.3,0.9,0,0.0,0,0.0,0.0,,0.8,0.8000000000000002,0,2024-11-19 02:00:00,11.55,Tuesday,עכשיו 14 | הפטריוטים בדרכים ש.ח
עכשיו 14,הפטריוטים ש.ח,2024-11-03,2024-11-03 02:08:27,2024-11-03 03:33:01,84.56666666666666,0.6,1,1.6333333333333333,0,0.0,0.7094994087504928,0.5,0.3,0.6333333333333333,1,2024-11-04 02:15:46,87.76666666666667,Monday,עכשיו 14 | הפטריוטים ש.ח
עכשיו 14,הפטריוטים ש.ח,2024-11-04,2024-11-04 02:15:46,2024-11-04 03:43:32,87.76666666666667,0.3,1,2.6666666666666665,0,0.0,0.6836308393467527,0.6333333333333333,0.6,1.0,1,2024-11-05 02:00:29,85.13333333333334,Tuesday,עכשיו 14 | הפטריוטים ש.ח
עכשיו 14,הפטריוטים ש.ח,2024-11-07,2024-11-07 02:01:11,2024-11-07 03:28:53,87.7,0.8,1,2.6,0,0.0,0.6841505131128849,0.6666666666666666,1.0,1.0,1,2024-11-08 02:08:24,86.93333333333334,Friday,עכשיו 14 | הפטריוטים ש.ח
עכשיו 14,הפטריוטים ש.ח,2024-11-10,2024-11-10 02:15:51,2024-11-10 03:45:32,89.68333333333334,1.2,1,2.6666666666666665,0,0.0,0.6690206281360341,1.5666666666666667,0.8,1.0,1,2024-11-11 02:01:44,88.6,Monday,עכשיו 14 | הפטריוטים ש.ח
עכשיו 14,הפטריוטים ש.ח,2024-11-13,2024-11-13 02:05:23,2024-11-13 03:31:34,86.18333333333334,0.7,1,1.4166666666666667,0,0.0,0.6961902920131502,0.6666666666666666,0.7,0.9,1,2024-11-14 02:09:09,87.88333333333334,Thursday,עכשיו 14 | הפטריוטים ש.ח
עכשיו 14,הפטריוטים ש.ח,2024-11-14,2024-11-14 02:09:09,2024-11-14 03:37:02,87.88333333333334,0.7,1,0.3333333333333333,0,0.0,0.6827233074151337,0.9,1.2,1.2333333333333334,0,2024-11-15 02:04:05,87.58333333333333,Friday,עכשיו 14 | הפטריוטים ש.ח
עכשיו 14,הפטריוטים ש.ח,2024-11-17,2024-11-17 02:05:45,2024-11-17 03:34:12,88.45,0.6,1,1.9166666666666667,0,0.0,0.6783493499152063,0.6999999999999998,0.9,0.9,2,2024-11-18 02:02:25,86.0,Monday,עכשיו 14 | הפטריוטים ש.ח
עכשיו 14,הפטריוטים ש.ח,2024-11-18,2024-11-18 02:02:25,2024-11-18 03:28:25,86.0,0.9,2,2.716666666666667,1,1.15,1.3953488372093024,0.9,0.6,0.8000000000000002,1,2024-11-19 02:11:33,84.71666666666667,Tuesday,עכשיו 14 | הפטריוטים ש.ח
עכשיו 14,הפטריוטים ש.ח,2024-11-19,2024-11-19 02:11:33,2024-11-19 03:36:16,84.71666666666667,0.6,1,1.4166666666666667,0,0.0,0.7082431634861303,0.8000000000000002,0.3,0.6,1,2024-11-20 02:09:36,86.23333333333333,Wednesday,עכשיו 14 | הפטריוטים ש.ח
עכשיו 14,הפטריוטים ש.ח,2024-11-20,2024-11-20 02:09:36,2024-11-20 03:35:50,86.23333333333333,0.3,1,1.95,0,0.0,0.6957866254348667,0.6,0.6,0.9,1,2024-11-21 02:05:43,87.68333333333334,Thursday,עכשיו 14 | הפטריוטים ש.ח
עכשיו 14,הפטריוטים ש.ח,2024-11-21,2024-11-21 02:05:43,2024-11-21 03:33:24,87.68333333333334,0.6,1,3.1333333333333333,0,0.0,0.6842805550275614,0.9,0.7,0.7333333333333334,1,2024-11-22 02:14:24,89.03333333333333,Friday,עכשיו 14 | הפטריוטים ש.ח
עכשיו 14,הפטריוטים ש.ח,2024-11-24,2024-11-24 02:25:30,2024-11-24 03:51:02,85.53333333333333,0.9,1,2.9166666666666665,0,0.0,0.7014809041309431,1.0,0.5,0.5,1,2024-11-25 02:10:24,86.96666666666667,Monday,עכשיו 14 | הפטריוטים ש.ח
עכשיו 14,הפטריוטים ש.ח,2024-11-25,2024-11-25 02:10:24,2024-11-25 03:37:22,86.96666666666667,0.5,1,1.9166666666666667,0,0.0,0.689919509390571,0.5,1.0,1.1,1,2024-11-26 02:12:09,83.8,Tuesday,עכשיו 14 | הפטריוטים ש.ח
עכשיו 14,הפטריוטים ש.ח,2024-11-26,2024-11-26 02:12:09,2024-11-26 03:35:57,83.8,1.0,1,1.9,0,0.0,0.7159904534606205,1.1,0.5,0.5,1,2024-11-27 02:12:49,80.13333333333334,Wednesday,עכשיו 14 | הפטריוטים ש.ח
עכשיו 14,הפטריוטים ש.ח,2024-11-27,2024-11-27 02:12:49,2024-11-27 03:32:57,80.13333333333334,0.5,1,1.1166666666666667,0,0.0,0.7487520798668885,0.5,0.7,0.6999999999999998,1,2024-11-28 02:11:23,83.41666666666667,Thursday,עכשיו 14 | הפטריוטים ש.ח
עכשיו 14,הפטריוטים ש.ח,2024-11-28,2024-11-28 02:11:23,2024-11-28 03:34:48,83.41666666666667,0.7,1,1.4166666666666667,0,0.0,0.7192807192807192,0.6999999999999998,0.9,0.6333333333333333,1,2024-11-29 02:34:04,81.7,Friday,עכשיו 14 | הפטריוטים ש.ח
עכשיו 14,זמרי ופליישמן ש.ח,2024-11-01,2024-11-01 04:09:46,2024-11-01 04:59:57,50.18333333333333,0.3,0,0.0,0,0.0,0.0,0.3,0.7,,0,2024-11-02 01:16:40,43.31666666666667,Saturday,עכשיו 14 | זמרי ופליישמן ש.ח
עכשיו 14,זמרי ופליישמן ש.ח,2024-11-02,2024-11-02 01:16:40,2024-11-02 01:59:59,43.31666666666667,0.7,0,0.0,0,0.0,0.0,,0.5,0.5,0,2024-11-03 02:00:00,8.45,Sunday,עכשיו 14 | זמרי ופליישמן ש.ח
עכשיו 14,זמרי ופליישמן ש.ח,2024-11-16,2024-11-16 00:55:13,2024-11-16 01:30:02,34.81666666666667,1.4,1,1.0833333333333333,0,0.0,1.723312589755864,,1.9,2.3,1,2024-11-17 23:59:44,34.96666666666667,Sunday,עכשיו 14 | זמרי ופליישמן ש.ח
עכשיו 14,זמרי ופליישמן ש.ח,2024-11-17,2024-11-17 23:59:44,2024-11-18 00:34:42,34.96666666666667,1.9,1,1.4833333333333334,0,0.0,1.715919923736892,2.3,1.4,,0,2024-11-18 00:28:14,50.166666666666664,Monday,עכשיו 14 | זמרי ופליישמן ש.ח
עכשיו 14,חדשות 14 - מבזק,2024-11-03,2024-11-03 06:00:08,2024-11-03 06:04:31,4.383333333333334,0.7,0,0.0,0,0.0,0.0,0.6,1.7,1.7,0,2024-11-04 11:30:16,4.533333333333333,Monday,עכשיו 14 | חדשות 14 - מבזק
עכשיו 14,חדשות 14 - מבזק,2024-11-04,2024-11-04 11:30:16,2024-11-04 11:34:48,4.533333333333333,1.7,0,0.0,0,0.0,0.0,1.7,0.7,0.6999999999999998,0,2024-11-05 06:00:01,4.316666666666666,Tuesday,עכשיו 14 | חדשות 14 - מבזק
עכשיו 14,חדשות 14 - מבזק,2024-11-10,2024-11-10 06:00:02,2024-11-10 06:04:26,4.4,1.0,0,0.0,0,0.0,0.0,1.0,0.9,0.9,0,2024-11-11 06:00:03,4.116666666666666,Monday,עכשיו 14 | חדשות 14 - מבזק
עכשיו 14,חדשות 14 - מבזק,2024-11-11,2024-11-11 06:00:03,2024-11-11 06:04:10,4.116666666666666,0.9,0,0.0,0,0.0,0.0,0.9,0.6,0.6333333333333333,0,2024-11-12 06:00:00,5.116666666666666,Tuesday,עכשיו 14 | חדשות 14 - מבזק
עכשיו 14,חדשות 14 - מבזק,2024-11-12,2024-11-12 06:00:00,2024-11-12 06:05:07,5.116666666666666,0.6,0,0.0,0,0.0,0.0,0.6333333333333333,1.2,1.1333333333333335,0,2024-11-13 06:00:05,4.5,Wednesday,עכשיו 14 | חדשות 14 - מבזק
עכשיו 14,חדשות 14 - מבזק,2024-11-13,2024-11-13 06:00:05,2024-11-13 06:04:35,4.5,1.2,0,0.0,0,0.0,0.0,1.1333333333333335,0.9,0.9,0,2024-11-14 06:00:05,5.516666666666667,Thursday,עכשיו 14 | חדשות 14 - מבזק
עכשיו 14,חדשות 14 - מבזק,2024-11-14,2024-11-14 06:00:05,2024-11-14 06:05:36,5.516666666666667,0.9,0,0.0,0,0.0,0.0,0.9,0.9,0.9,0,2024-11-15 06:00:07,5.05,Friday,עכשיו 14 | חדשות 14 - מבזק
עכשיו 14,חדשות 14 - מבזק,2024-11-17,2024-11-17 06:00:04,2024-11-17 06:04:40,4.6,1.1,0,0.0,0,0.0,0.0,1.0,0.8,0.8666666666666667,0,2024-11-18 06:00:04,3.9166666666666665,Monday,עכשיו 14 | חדשות 14 - מבזק
עכשיו 14,חדשות 14 - מבזק,2024-11-18,2024-11-18 06:00:04,2024-11-18 06:03:59,3.9166666666666665,0.8,0,0.0,0,0.0,0.0,0.8666666666666667,1.1,1.1333333333333335,0,2024-11-19 06:00:05,4.583333333333333,Tuesday,עכשיו 14 | חדשות 14 - מבזק
עכשיו 14,חדשות 14 - מבזק,2024-11-19,2024-11-19 06:00:05,2024-11-19 06:04:40,4.583333333333333,1.1,0,0.0,0,0.0,0.0,1.1333333333333335,1.3,1.2666666666666666,0,2024-11-20 06:00:02,4.966666666666667,Wednesday,עכשיו 14 | חדשות 14 - מבזק
עכשיו 14,חדשות 14 - מבזק,2024-11-20,2024-11-20 06:00:02,2024-11-20 06:05:00,4.966666666666667,1.3,0,0.0,0,0.0,0.0,1.2666666666666666,1.2,1.2333333333333334,0,2024-11-21 06:00:01,4.4,Thursday,עכשיו 14 | חדשות 14 - מבזק
עכשיו 14,חדשות 14 - מבזק,2024-11-21,2024-11-21 06:00:01,2024-11-21 06:04:25,4.4,1.2,0,0.0,0,0.0,0.0,1.2333333333333334,1.3,1.3,0,2024-11-22 06:01:52,5.283333333333333,Friday,עכשיו 14 | חדשות 14 - מבזק
עכשיו 14,חדשות 14 - מבזק,2024-11-24,2024-11-24 06:00:03,2024-11-24 06:04:49,4.766666666666667,0.8,0,0.0,0,0.0,0.0,0.7333333333333333,1.1,1.1,0,2024-11-25 06:00:09,4.2,Monday,עכשיו 14 | חדשות 14 - מבזק
עכשיו 14,חדשות 14 - מבזק,2024-11-25,2024-11-25 06:00:09,2024-11-25 06:04:21,4.2,1.1,0,0.0,0,0.0,0.0,1.1,0.6,0.6,0,2024-11-26 06:00:00,3.7,Tuesday,עכשיו 14 | חדשות 14 - מבזק
עכשיו 14,חדשות 14 - מבזק,2024-11-26,2024-11-26 06:00:00,2024-11-26 06:03:42,3.7,0.6,0,0.0,0,0.0,0.0,0.6,0.8,0.8666666666666667,0,2024-11-27 06:00:02,5.65,Wednesday,עכשיו 14 | חדשות 14 - מבזק
עכשיו 14,חדשות 14 - מבזק,2024-11-27,2024-11-27 06:00:02,2024-11-27 06:05:41,5.65,0.8,0,0.0,0,0.0,0.0,0.8666666666666667,0.6,0.6,0,2024-11-28 06:00:02,5.216666666666667,Thursday,עכשיו 14 | חדשות 14 - מבזק
עכשיו 14,חדשות 14 - מבזק,2024-11-28,2024-11-28 06:00:02,2024-11-28 06:05:15,5.216666666666667,0.6,0,0.0,0,0.0,0.0,0.6,1.0,1.0,0,2024-11-29 06:00:05,4.683333333333334,Friday,עכשיו 14 | חדשות 14 - מבזק
עכשיו 14,חדשות הלילה 14,2024-11-02,2024-11-02 22:59:56,2024-11-02 23:59:41,59.75,3.6,1,5.283333333333333,0,0.0,1.00418410041841,4.833333333333333,3.2,4.4,2,2024-11-03 22:59:56,66.11666666666666,Sunday,עכשיו 14 | חדשות הלילה 14
עכשיו 14,חדשות הלילה 14,2024-11-03,2024-11-03 22:59:56,2024-11-04 00:06:03,66.11666666666666,3.2,2,4.4,1,1.1833333333333333,1.814973531635997,4.4,3.3,5.233333333333333,1,2024-11-04 22:54:35,59.15,Monday,עכשיו 14 | חדשות הלילה 14
עכשיו 14,חדשות הלילה 14,2024-11-06,2024-11-06 22:58:46,2024-11-06 23:56:05,57.31666666666667,3.5,0,0.0,0,0.0,0.0,4.666666666666666,4.8,4.8999999999999995,0,2024-11-07 22:59:35,57.61666666666667,Thursday,עכשיו 14 | חדשות הלילה 14
עכשיו 14,חדשות הלילה 14,2024-11-09,2024-11-09 22:31:13,2024-11-09 23:59:21,88.13333333333334,4.7,1,2.316666666666667,0,0.0,0.680786686838124,7.433333333333334,3.0,4.0,0,2024-11-10 22:59:28,58.6,Sunday,עכשיו 14 | חדשות הלילה 14
עכשיו 14,חדשות הלילה 14,2024-11-12,2024-11-12 22:59:43,2024-11-12 23:57:55,58.2,2.5,0,0.0,0,0.0,0.0,3.4,3.7,8.133333333333333,0,2024-11-13 22:31:15,85.9,Wednesday,עכשיו 14 | חדשות הלילה 14
עכשיו 14,חדשות הלילה 14,2024-11-13,2024-11-13 22:31:15,2024-11-13 23:57:09,85.9,3.7,0,0.0,0,0.0,0.0,8.133333333333333,3.1,3.8000000000000003,0,2024-11-14 22:59:15,58.81666666666667,Thursday,עכשיו 14 | חדשות הלילה 14
עכשיו 14,חדשות הלילה 14,2024-11-16,2024-11-16 22:30:32,2024-11-17 00:00:18,89.76666666666667,4.4,2,1.45,0,0.0,1.3367991088005942,8.966666666666667,2.8,3.4333333333333336,0,2024-11-17 22:59:56,57.15,Sunday,עכשיו 14 | חדשות הלילה 14
עכשיו 14,חדשות הלילה 14,2024-11-17,2024-11-17 22:59:56,2024-11-17 23:57:05,57.15,2.8,0,0.0,0,0.0,0.0,3.4333333333333336,2.8,4.233333333333333,0,2024-11-18 23:00:57,55.166666666666664,Monday,עכשיו 14 | חדשות הלילה 14
עכשיו 14,חדשות הלילה 14,2024-11-18,2024-11-18 23:00:57,2024-11-18 23:56:07,55.166666666666664,2.8,0,0.0,0,0.0,0.0,4.233333333333333,2.7,3.133333333333333,0,2024-11-19 22:59:15,57.75,Tuesday,עכשיו 14 | חדשות הלילה 14
עכשיו 14,חדשות הלילה 14,2024-11-19,2024-11-19 22:59:15,2024-11-19 23:57:00,57.75,2.7,0,0.0,0,0.0,0.0,3.133333333333333,3.6,4.8999999999999995,1,2024-11-20 22:56:01,60.666666666666664,Wednesday,עכשיו 14 | חדשות הלילה 14
עכשיו 14,חדשות הלילה 14,2024-11-20,2024-11-20 22:56:01,2024-11-20 23:56:41,60.666666666666664,3.6,1,0.6833333333333333,0,0.0,0.989010989010989,4.8999999999999995,3.4,4.833333333333333,0,2024-11-21 22:55:58,56.06666666666667,Thursday,עכשיו 14 | חדשות הלילה 14
עכשיו 14,חדשות הלילה 14,2024-11-23,2024-11-23 22:53:48,2024-11-24 00:00:22,66.56666666666666,4.0,3,7.766666666666667,0,0.0,2.704056084126189,6.166666666666667,4.2,5.033333333333334,1,2024-11-24 22:55:29,60.233333333333334,Sunday,עכשיו 14 | חדשות הלילה 14
עכשיו 14,חדשות הלילה 14,2024-11-24,2024-11-24 22:55:29,2024-11-24 23:55:43,60.233333333333334,4.2,1,0.8,0,0.0,0.9961261759822911,5.033333333333334,4.2,5.333333333333333,2,2024-11-25 22:55:47,64.61666666666666,Monday,עכשיו 14 | חדשות הלילה 14
עכשיו 14,חדשות הלילה 14,2024-11-25,2024-11-25 22:55:47,2024-11-26 00:00:24,64.61666666666666,4.2,2,1.2999999999999998,1,0.6333333333333333,1.8571060098013932,5.333333333333333,3.1,4.666666666666667,0,2024-11-26 22:55:37,60.53333333333333,Tuesday,עכשיו 14 | חדשות הלילה 14
עכשיו 14,חדשות הלילה 14,2024-11-26,2024-11-26 22:55:37,2024-11-26 23:56:09,60.53333333333333,3.1,0,0.0,0,0.0,0.0,4.666666666666667,2.8,4.433333333333334,0,2024-11-27 22:55:25,60.7,Wednesday,עכשיו 14 | חדשות הלילה 14
עכשיו 14,חדשות הלילה 14,2024-11-27,2024-11-27 22:55:25,2024-11-27 23:56:07,60.7,2.8,0,0.0,0,0.0,0.0,4.433333333333334,3.8,5.3,1,2024-11-28 22:55:16,60.416666666666664,Thursday,עכשיו 14 | חדשות הלילה 14
עכשיו 14,יומן צהריים 14,2024-11-03,2024-11-03 11:35:17,2024-11-03 13:56:57,141.66666666666666,2.0,3,5.533333333333333,0,0.0,1.2705882352941176,1.0333333333333334,2.1,1.7666666666666666,4,2024-11-04 11:34:48,145.25,Monday,עכשיו 14 | יומן צהריים 14
עכשיו 14,יומן צהריים 14,2024-11-04,2024-11-04 11:34:48,2024-11-04 14:00:03,145.25,2.1,4,4.8999999999999995,0,0.0,1.6523235800344234,1.7666666666666666,2.0,1.5,6,2024-11-05 11:36:33,143.8,Tuesday,עכשיו 14 | יומן צהריים 14
עכשיו 14,יומן צהריים 14,2024-11-05,2024-11-05 11:36:33,2024-11-05 14:00:21,143.8,2.0,6,6.199999999999999,0,0.0,2.5034770514603615,1.5,4.0,4.033333333333333,4,2024-11-06 12:02:42,118.36666666666666,Wednesday,עכשיו 14 | יומן צהריים 14
עכשיו 14,יומן צהריים 14,2024-11-06,2024-11-06 12:02:42,2024-11-06 14:01:04,118.36666666666666,4.0,4,5.5,0,0.0,2.027597859757815,4.033333333333333,2.1,2.866666666666667,5,2024-11-07 11:34:36,145.25,Thursday,עכשיו 14 | יומן צהריים 14
עכשיו 14,יומן צהריים 14,2024-11-10,2024-11-10 11:34:40,2024-11-10 14:00:19,145.65,1.8,6,6.033333333333333,0,0.0,2.4716786817713694,1.7666666666666666,1.8,1.9666666666666668,6,2024-11-11 11:35:00,145.01666666666668,Monday,עכשיו 14 | יומן צהריים 14
עכשיו 14,יומן צהריים 14,2024-11-13,2024-11-13 11:34:50,2024-11-13 14:00:00,145.16666666666666,2.1,6,6.45,0,0.0,2.479908151549943,1.5333333333333332,2.1,2.5666666666666664,6,2024-11-14 11:33:58,145.91666666666666,Thursday,עכשיו 14 | יומן צהריים 14
עכשיו 14,יומן צהריים 14,2024-11-17,2024-11-17 11:34:24,2024-11-17 14:00:12,145.8,2.8,7,6.833333333333334,0,0.0,2.8806584362139915,2.3,1.7,1.8666666666666665,6,2024-11-18 11:34:52,143.73333333333332,Monday,עכשיו 14 | יומן צהריים 14
עכשיו 14,יומן צהריים 14,2024-11-18,2024-11-18 11:34:52,2024-11-18 13:58:36,143.73333333333332,1.7,6,7.983333333333333,0,0.0,2.5046382189239336,1.8666666666666665,2.0,1.9666666666666668,6,2024-11-19 11:35:33,144.65,Tuesday,עכשיו 14 | יומן צהריים 14
עכשיו 14,יומן צהריים 14,2024-11-19,2024-11-19 11:35:33,2024-11-19 14:00:12,144.65,2.0,6,6.366666666666667,0,0.0,2.4887659868648457,1.9666666666666668,1.6,1.4333333333333333,6,2024-11-20 11:35:05,144.83333333333334,Wednesday,עכשיו 14 | יומן צהריים 14
עכשיו 14,יומן צהריים 14,2024-11-20,2024-11-20 11:35:05,2024-11-20 13:59:55,144.83333333333334,1.6,6,6.866666666666666,0,0.0,2.485615650172612,1.4333333333333333,2.4,1.8999999999999997,6,2024-11-21 11:36:35,143.28333333333333,Thursday,עכשיו 14 | יומן צהריים 14
עכשיו 14,יומן צהריים 14,2024-11-24,2024-11-24 11:34:10,2024-11-24 14:06:24,152.23333333333332,2.2,4,5.116666666666666,0,0.0,1.5765272607838847,1.6000000000000003,1.9,1.2,6,2024-11-25 11:35:52,144.81666666666666,Monday,עכשיו 14 | יומן צהריים 14
עכשיו 14,יומן צהריים 14,2024-11-25,2024-11-25 11:35:52,2024-11-25 14:00:41,144.81666666666666,1.9,6,8.116666666666667,0,0.0,2.485901714811831,1.2,2.1,2.6666666666666665,7,2024-11-26 11:35:05,144.81666666666666,Tuesday,עכשיו 14 | יומן צהריים 14
עכשיו 14,יומן צהריים 14,2024-11-26,2024-11-26 11:35:05,2024-11-26 13:59:54,144.81666666666666,2.1,7,6.216666666666667,0,0.0,2.9002186672804697,2.6666666666666665,2.4,1.8,8,2024-11-27 11:35:28,144.7,Wednesday,עכשיו 14 | יומן צהריים 14
עכשיו 14,יומן צהריים 14,2024-11-27,2024-11-27 11:35:28,2024-11-27 14:00:10,144.7,2.4,8,6.166666666666667,3,2.333333333333333,3.31720801658604,1.8,3.0,2.733333333333333,9,2024-11-28 11:34:01,146.45,Thursday,עכשיו 14 | יומן צהריים 14
עכשיו 14,יחידי סגולה ש.ח,2024-11-03,2024-11-03 00:06:03,2024-11-03 00:42:19,36.266666666666666,2.2,2,1.7333333333333334,0,0.0,3.3088235294117645,,1.3,,2,2024-11-04 00:51:58,36.63333333333333,Monday,עכשיו 14 | יחידי סגולה ש.ח
עכשיו 14,ישראל הבוקר,2024-11-03,2024-11-03 07:00:16,2024-11-03 09:29:41,149.41666666666666,2.8,5,8.283333333333333,0,0.0,2.007808142777468,2.1333333333333333,2.8,3.1,3,2024-11-04 06:59:44,149.41666666666666,Monday,עכשיו 14 | ישראל הבוקר
עכשיו 14,ישראל הבוקר,2024-11-04,2024-11-04 06:59:44,2024-11-04 09:29:09,149.41666666666666,2.8,3,5.8999999999999995,0,0.0,1.204684885666481,3.1,2.9,2.0,4,2024-11-05 06:59:48,149.96666666666667,Tuesday,עכשיו 14 | ישראל הבוקר
עכשיו 14,ישראל הבוקר,2024-11-07,2024-11-07 06:59:56,2024-11-07 09:30:29,150.55,3.1,4,7.616666666666666,0,0.0,1.5941547658585187,2.1333333333333333,3.8,1.7666666666666666,5,2024-11-08 07:00:42,185.58333333333334,Friday,עכשיו 14 | ישראל הבוקר
עכשיו 14,ישראל הבוקר,2024-11-10,2024-11-10 06:59:44,2024-11-10 09:30:07,150.38333333333333,2.6,4,4.75,1,1.2,1.595921533857919,2.4,2.5,1.7666666666666666,4,2024-11-11 06:59:51,150.1,Monday,עכשיו 14 | ישראל הבוקר
עכשיו 14,ישראל הבוקר,2024-11-11,2024-11-11 06:59:51,2024-11-11 09:29:57,150.1,2.5,4,4.116666666666667,0,0.0,1.5989340439706863,1.7666666666666666,2.2,1.5,4,2024-11-12 07:00:35,149.63333333333333,Tuesday,עכשיו 14 | ישראל הבוקר
עכשיו 14,ישראל הבוקר,2024-11-12,2024-11-12 07:00:35,2024-11-12 09:30:13,149.63333333333333,2.2,4,3.666666666666667,0,0.0,1.6039206950323013,1.5,2.2,2.066666666666667,4,2024-11-13 07:00:20,149.66666666666666,Wednesday,עכשיו 14 | ישראל הבוקר
עכשיו 14,ישראל הבוקר,2024-11-13,2024-11-13 07:00:20,2024-11-13 09:30:00,149.66666666666666,2.2,4,5.1000000000000005,0,0.0,1.6035634743875278,2.066666666666667,2.1,1.7333333333333334,4,2024-11-14 07:00:10,149.15,Thursday,עכשיו 14 | ישראל הבוקר
עכשיו 14,ישראל הבוקר,2024-11-14,2024-11-14 07:00:10,2024-11-14 09:29:19,149.15,2.1,4,3.116666666666667,0,0.0,1.609118337244385,1.7333333333333334,3.4,1.3999999999999997,4,2024-11-15 07:00:19,149.85,Friday,עכשיו 14 | ישראל הבוקר
עכשיו 14,ישראל הבוקר,2024-11-17,2024-11-17 07:00:00,2024-11-17 09:29:57,149.95,2.6,6,4.5,0,0.0,2.4008002667555854,2.1,2.5,1.4666666666666668,4,2024-11-18 07:00:03,149.71666666666667,Monday,עכשיו 14 | ישראל הבוקר
עכשיו 14,ישראל הבוקר,2024-11-18,2024-11-18 07:00:03,2024-11-18 09:29:46,149.71666666666667,2.5,4,4.716666666666668,0,0.0,1.6030279416675943,1.4666666666666668,2.5,1.7333333333333334,3,2024-11-19 07:00:17,149.98333333333332,Tuesday,עכשיו 14 | ישראל הבוקר
עכשיו 14,ישראל הבוקר,2024-11-19,2024-11-19 07:00:17,2024-11-19 09:30:16,149.98333333333332,2.5,3,3.2499999999999996,0,0.0,1.2001333481497944,1.7333333333333334,2.1,2.0666666666666664,5,2024-11-20 07:00:15,149.41666666666666,Wednesday,עכשיו 14 | ישראל הבוקר
עכשיו 14,ישראל הבוקר,2024-11-20,2024-11-20 07:00:15,2024-11-20 09:29:40,149.41666666666666,2.1,5,4.8500000000000005,1,0.4166666666666667,2.007808142777468,2.0666666666666664,3.2,3.1,7,2024-11-21 07:00:39,149.06666666666666,Thursday,עכשיו 14 | ישראל הבוקר
עכשיו 14,ישראל הבוקר,2024-11-21,2024-11-21 07:00:39,2024-11-21 09:29:43,149.06666666666666,3.2,7,9.4,1,1.0666666666666667,2.8175313059033993,3.1,2.6,1.7333333333333332,9,2024-11-22 07:00:53,149.76666666666668,Friday,עכשיו 14 | ישראל הבוקר
עכשיו 14,ישראל הבוקר,2024-11-24,2024-11-24 07:00:31,2024-11-24 09:29:23,148.86666666666667,2.4,8,8.683333333333334,0,0.0,3.2243618450515,2.1,2.2,1.7666666666666666,9,2024-11-25 07:00:16,150.23333333333332,Monday,עכשיו 14 | ישראל הבוקר
עכשיו 14,ישראל הבוקר,2024-11-25,2024-11-25 07:00:16,2024-11-25 09:30:30,150.23333333333332,2.2,9,6.5666666666666655,0,0.0,3.59440869758154,1.7666666666666666,2.4,1.7,7,2024-11-26 07:00:14,150.05,Tuesday,עכשיו 14 | ישראל הבוקר
עכשיו 14,ישראל הבוקר,2024-11-26,2024-11-26 07:00:14,2024-11-26 09:30:17,150.05,2.4,7,6.9,1,1.7833333333333334,2.7990669776741086,1.7,2.6,1.9666666666666668,9,2024-11-27 07:00:07,149.73333333333332,Wednesday,עכשיו 14 | ישראל הבוקר
עכשיו 14,ישראל הבוקר,2024-11-27,2024-11-27 07:00:07,2024-11-27 09:29:51,149.73333333333332,2.6,9,5.466666666666667,2,0.6666666666666666,3.606411398040962,1.9666666666666668,2.8,1.5,10,2024-11-28 06:59:40,149.73333333333332,Thursday,עכשיו 14 | ישראל הבוקר
עכשיו 14,ישראל הבוקר,2024-11-28,2024-11-28 06:59:40,2024-11-28 09:29:24,149.73333333333332,2.8,10,6.6000000000000005,1,0.21666666666666667,4.007123775601069,1.5,2.0,1.0999999999999999,4,2024-11-29 07:00:22,120.03333333333333,Friday,עכשיו 14 | ישראל הבוקר
עכשיו 14,ישראל הבוקר - כותרות,2024-11-03,2024-11-03 06:04:31,2024-11-03 07:00:16,55.75,1.6,1,1.4666666666666666,0,0.0,1.0762331838565022,0.8333333333333334,1.6,0.9333333333333332,1,2024-11-04 06:04:03,55.68333333333333,Monday,עכשיו 14 | ישראל הבוקר - כותרות
עכשיו 14,ישראל הבוקר - כותרות,2024-11-04,2024-11-04 06:04:03,2024-11-04 06:59:44,55.68333333333333,1.6,1,1.3166666666666667,0,0.0,1.0775217000897934,0.9333333333333332,1.5,0.9,1,2024-11-05 06:04:20,55.46666666666667,Tuesday,עכשיו 14 | ישראל הבוקר - כותרות
עכשיו 14,ישראל הבוקר - כותרות,2024-11-07,2024-11-07 06:04:33,2024-11-07 06:59:56,55.38333333333333,1.5,1,1.3333333333333333,0,0.0,1.0833584110743304,0.6666666666666666,1.3,1.3333333333333333,1,2024-11-08 06:00:16,60.43333333333333,Friday,עכשיו 14 | ישראל הבוקר - כותרות
עכשיו 14,ישראל הבוקר - כותרות,2024-11-10,2024-11-10 06:04:26,2024-11-10 06:59:44,55.3,1.7,1,0.8666666666666667,0,0.0,1.0849909584086799,1.0999999999999999,1.4,0.9,1,2024-11-11 06:04:10,55.68333333333333,Monday,עכשיו 14 | ישראל הבוקר - כותרות
עכשיו 14,ישראל הבוקר - כותרות,2024-11-11,2024-11-11 06:04:10,2024-11-11 06:59:51,55.68333333333333,1.4,1,0.75,0,0.0,1.0775217000897934,0.9,1.2,0.6999999999999998,0,2024-11-12 06:05:07,55.46666666666667,Tuesday,עכשיו 14 | ישראל הבוקר - כותרות
עכשיו 14,ישראל הבוקר - כותרות,2024-11-12,2024-11-12 06:05:07,2024-11-12 07:00:35,55.46666666666667,1.2,0,0.0,0,0.0,0.0,0.6999999999999998,1.7,1.1666666666666667,0,2024-11-13 06:04:35,55.75,Wednesday,עכשיו 14 | ישראל הבוקר - כותרות
עכשיו 14,ישראל הבוקר - כותרות,2024-11-13,2024-11-13 06:04:35,2024-11-13 07:00:20,55.75,1.7,0,0.0,0,0.0,0.0,1.1666666666666667,1.7,0.8000000000000002,1,2024-11-14 06:05:36,54.56666666666667,Thursday,עכשיו 14 | ישראל הבוקר - כותרות
עכשיו 14,ישראל הבוקר - כותרות,2024-11-14,2024-11-14 06:05:36,2024-11-14 07:00:10,54.56666666666667,1.7,1,0.4666666666666667,0,0.0,1.0995723885155773,0.8000000000000002,1.2,0.8333333333333334,0,2024-11-15 06:05:10,55.15,Friday,עכשיו 14 | ישראל הבוקר - כותרות
עכשיו 14,ישראל הבוקר - כותרות,2024-11-17,2024-11-17 06:04:40,2024-11-17 07:00:00,55.333333333333336,1.1,1,0.7,0,0.0,1.0843373493975903,1.1666666666666667,1.2,0.6999999999999998,2,2024-11-18 06:03:59,56.06666666666667,Monday,עכשיו 14 | ישראל הבוקר - כותרות
עכשיו 14,ישראל הבוקר - כותרות,2024-11-18,2024-11-18 06:03:59,2024-11-18 07:00:03,56.06666666666667,1.2,2,1.1333333333333333,0,0.0,2.140309155766944,0.6999999999999998,1.4,1.1333333333333335,1,2024-11-19 06:04:40,55.61666666666667,Tuesday,עכשיו 14 | ישראל הבוקר - כותרות
עכשיו 14,ישראל הבוקר - כותרות,2024-11-19,2024-11-19 06:04:40,2024-11-19 07:00:17,55.61666666666667,1.4,1,0.75,0,0.0,1.0788133053640994,1.1333333333333335,1.6,1.1,1,2024-11-20 06:05:00,55.25,Wednesday,עכשיו 14 | ישראל הבוקר - כותרות
עכשיו 14,ישראל הבוקר - כותרות,2024-11-20,2024-11-20 06:05:00,2024-11-20 07:00:15,55.25,1.6,1,0.9166666666666666,0,0.0,1.0859728506787332,1.1,1.9,1.0333333333333334,1,2024-11-21 06:04:25,56.233333333333334,Thursday,עכשיו 14 | ישראל הבוקר - כותרות
עכשיו 14,ישראל הבוקר - כותרות,2024-11-21,2024-11-21 06:04:25,2024-11-21 07:00:39,56.233333333333334,1.9,1,1.5833333333333333,0,0.0,1.066982809721399,1.0333333333333334,1.5,1.3333333333333333,2,2024-11-22 06:07:09,53.733333333333334,Friday,עכשיו 14 | ישראל הבוקר - כותרות
עכשיו 14,ישראל הבוקר - כותרות,2024-11-24,2024-11-24 06:04:49,2024-11-24 07:00:31,55.7,1.6,2,2.0666666666666664,0,0.0,2.154398563734291,1.0,1.3,0.6999999999999998,2,2024-11-25 06:04:21,55.916666666666664,Monday,עכשיו 14 | ישראל הבוקר - כותרות
עכשיו 14,ישראל הבוקר - כותרות,2024-11-25,2024-11-25 06:04:21,2024-11-25 07:00:16,55.916666666666664,1.3,2,2.283333333333333,0,0.0,2.1460506706408347,0.6999999999999998,1.2,0.5333333333333333,3,2024-11-26 06:03:42,56.53333333333333,Tuesday,עכשיו 14 | ישראל הבוקר - כותרות
עכשיו 14,ישראל הבוקר - כותרות,2024-11-26,2024-11-26 06:03:42,2024-11-26 07:00:14,56.53333333333333,1.2,3,1.4833333333333332,0,0.0,3.1839622641509435,0.5333333333333333,1.5,0.6666666666666666,2,2024-11-27 06:05:41,54.43333333333333,Wednesday,עכשיו 14 | ישראל הבוקר - כותרות
עכשיו 14,ישראל הבוקר - כותרות,2024-11-27,2024-11-27 06:05:41,2024-11-27 07:00:07,54.43333333333333,1.5,2,2.7666666666666666,0,0.0,2.2045315370483776,0.6666666666666666,1.1,0.5333333333333333,3,2024-11-28 06:05:15,54.416666666666664,Thursday,עכשיו 14 | ישראל הבוקר - כותרות
עכשיו 14,ישראל הבוקר - כותרות,2024-11-28,2024-11-28 06:05:15,2024-11-28 06:59:40,54.416666666666664,1.1,3,2.1166666666666667,0,0.0,3.30781010719755,0.5333333333333333,1.1,0.8666666666666667,2,2024-11-29 06:04:46,55.6,Friday,עכשיו 14 | ישראל הבוקר - כותרות
עכשיו 14,לגדל גיבור ש.ח,2024-11-17,2024-11-17 05:11:04,2024-11-17 05:33:59,22.916666666666668,0.5,0,0.0,0,0.0,0.0,0.4000000000000001,0.7,0.6999999999999998,0,2024-11-18 03:28:25,22.9,Monday,עכשיו 14 | לגדל גיבור ש.ח
עכשיו 14,לגדל גיבור ש.ח,2024-11-18,2024-11-18 03:28:25,2024-11-18 03:51:19,22.9,0.7,0,0.0,0,0.0,0.0,0.6999999999999998,0.9,0.7666666666666666,0,2024-11-19 05:39:26,20.65,Tuesday,עכשיו 14 | לגדל גיבור ש.ח
עכשיו 14,לגדל גיבור ש.ח,2024-11-28,2024-11-28 01:30:04,2024-11-28 01:52:58,22.9,1.3,0,0.0,0,0.0,0.0,,1.0,1.0,0,2024-11-29 02:00:00,13.433333333333334,Friday,עכשיו 14 | לגדל גיבור ש.ח
עכשיו 14,מדברים עם עדן הראל ש.ח,2024-11-03,2024-11-03 04:30:20,2024-11-03 05:00:45,30.416666666666668,0.6,1,1.0,0,0.0,1.9726027397260275,0.6999999999999998,1.1,,1,2024-11-04 01:28:36,31.383333333333333,Monday,עכשיו 14 | מדברים עם עדן הראל ש.ח
עכשיו 14,מדברים עם עדן הראל ש.ח,2024-11-12,2024-11-12 01:17:35,2024-11-12 01:46:35,29.0,0.9,0,0.0,0,0.0,0.0,,1.1,,0,2024-11-13 01:39:33,20.433333333333334,Wednesday,עכשיו 14 | מדברים עם עדן הראל ש.ח
עכשיו 14,מדברים עם עדן הראל ש.ח,2024-11-13,2024-11-13 01:39:33,2024-11-13 01:59:59,20.433333333333334,1.1,0,0.0,0,0.0,0.0,,1.0,1.0,0,2024-11-14 02:00:00,9.15,Thursday,עכשיו 14 | מדברים עם עדן הראל ש.ח
עכשיו 14,מדברים עם עדן הראל ש.ח,2024-11-24,2024-11-24 04:41:35,2024-11-24 05:10:40,29.083333333333332,0.5,1,1.2333333333333334,0,0.0,2.0630372492836675,0.5,0.1,0.3,1,2024-11-25 03:37:22,31.316666666666666,Monday,עכשיו 14 | מדברים עם עדן הראל ש.ח
עכשיו 14,מדברים עם עדן הראל ש.ח,2024-11-25,2024-11-25 03:37:22,2024-11-25 04:08:41,31.316666666666666,0.1,1,1.9,0,0.0,1.9159127195316659,0.3,0.8,0.9,1,2024-11-26 03:36:18,31.0,Tuesday,עכשיו 14 | מדברים עם עדן הראל ש.ח
עכשיו 14,"מיוחד-בחירות בארה""ב - לילה המשך ע.14",2024-11-05,2024-11-05 00:00:17,2024-11-05 01:59:59,119.7,5.3,1,0.8666666666666667,0,0.0,0.5012531328320802,,3.6,3.9,0,2024-11-06 02:00:00,12.0,Wednesday,"עכשיו 14 | מיוחד-בחירות בארה""ב - לילה המשך ע.14"
עכשיו 14,מיוחד-מלחמה בדרום - חרבות ברזל - בוקר מאוחרת ע.14,2024-11-14,2024-11-14 09:29:19,2024-11-14 11:29:53,120.56666666666666,2.2,3,1.8833333333333333,0,0.0,1.4929499585291677,1.8,3.4,4.2,5,2024-11-15 09:30:10,109.43333333333334,Friday,עכשיו 14 | מיוחד-מלחמה בדרום - חרבות ברזל - בוקר מאוחרת ע.14
עכשיו 14,מיוחד-מלחמה בדרום - חרבות ברזל - בוקר מאוחרת ע.14,2024-11-21,2024-11-21 09:29:43,2024-11-21 11:30:42,120.98333333333333,2.2,2,3.1333333333333337,0,0.0,0.9918721586995455,2.4,2.8,2.2,3,2024-11-22 09:30:39,105.45,Friday,עכשיו 14 | מיוחד-מלחמה בדרום - חרבות ברזל - בוקר מאוחרת ע.14
עכשיו 14,סדרת כתבות: ישראל נלחמת,2024-11-03,2024-11-03 00:42:19,2024-11-03 01:07:30,25.183333333333334,1.5,0,0.0,0,0.0,0.0,,1.0,1.0,0,2024-11-04 06:00:01,4.033333333333333,Monday,עכשיו 14 | סדרת כתבות: ישראל נלחמת
עכשיו 14,סדרת כתבות: ישראל נלחמת,2024-11-06,2024-11-06 01:57:07,2024-11-06 01:59:59,2.8666666666666667,0.6,0,0.0,0,0.0,0.0,,2.4,,0,2024-11-07 00:35:14,25.183333333333334,Thursday,עכשיו 14 | סדרת כתבות: ישראל נלחמת
עכשיו 14,סדרת כתבות: ישראל נלחמת,2024-11-09,2024-11-09 01:50:39,2024-11-09 01:59:59,9.333333333333334,1.5,0,0.0,0,0.0,0.0,,0.9,,0,2024-11-10 01:56:35,3.4,Sunday,עכשיו 14 | סדרת כתבות: ישראל נלחמת
עכשיו 14,סדרת כתבות: ישראל נלחמת,2024-11-10,2024-11-10 01:56:35,2024-11-10 01:59:59,3.4,0.9,0,0.0,0,0.0,0.0,,0.9,0.9666666666666667,0,2024-11-11 02:00:00,1.7333333333333334,Monday,עכשיו 14 | סדרת כתבות: ישראל נלחמת
עכשיו 14,סדרת כתבות: ישראל נלחמת,2024-11-11,2024-11-11 02:00:00,2024-11-11 02:01:44,1.7333333333333334,0.9,0,0.0,0,0.0,0.0,0.9666666666666667,1.0,,0,2024-11-12 01:46:35,13.4,Tuesday,עכשיו 14 | סדרת כתבות: ישראל נלחמת
עכשיו 14,סדרת כתבות: ישראל נלחמת,2024-11-12,2024-11-12 01:46:35,2024-11-12 01:59:59,13.4,1.0,0,0.0,0,0.0,0.0,,0.8,0.8000000000000002,0,2024-11-13 02:00:00,5.383333333333334,Wednesday,עכשיו 14 | סדרת כתבות: ישראל נלחמת
עכשיו 14,סדרת כתבות: ישראל נלחמת,2024-11-13,2024-11-13 02:00:00,2024-11-13 02:05:23,5.383333333333334,0.8,0,0.0,0,0.0,0.0,0.8000000000000002,1.0,,0,2024-11-14 01:24:40,35.31666666666667,Thursday,עכשיו 14 | סדרת כתבות: ישראל נלחמת
עכשיו 14,סדרת כתבות: ישראל נלחמת,2024-11-14,2024-11-14 01:24:40,2024-11-14 01:59:59,35.31666666666667,1.0,0,0.0,0,0.0,0.0,,1.1,1.0333333333333334,0,2024-11-15 02:00:00,4.083333333333333,Friday,עכשיו 14 | סדרת כתבות: ישראל נלחמת
עכשיו 14,סדרת כתבות: ישראל נלחמת,2024-11-17,2024-11-17 01:53:33,2024-11-17 01:59:59,6.433333333333334,0.8,0,0.0,0,0.0,0.0,,1.2,,1,2024-11-18 01:18:24,27.283333333333335,Monday,עכשיו 14 | סדרת כתבות: ישראל נלחמת
עכשיו 14,סדרת כתבות: ישראל נלחמת,2024-11-18,2024-11-18 01:18:24,2024-11-18 01:45:41,27.283333333333335,1.2,1,1.5,1,1.5,2.1991447770311545,,0.6,0.6,0,2024-11-19 04:11:59,11.316666666666666,Tuesday,עכשיו 14 | סדרת כתבות: ישראל נלחמת
עכשיו 14,סדרת כתבות: ישראל נלחמת,2024-11-19,2024-11-19 04:11:59,2024-11-19 04:23:18,11.316666666666666,0.6,0,0.0,0,0.0,0.0,0.6,0.7,0.7,0,2024-11-20 01:59:24,0.5833333333333334,Wednesday,עכשיו 14 | סדרת כתבות: ישראל נלחמת
עכשיו 14,סדרת כתבות: ישראל נלחמת,2024-11-20,2024-11-20 01:59:24,2024-11-20 01:59:59,0.5833333333333334,0.7,0,0.0,0,0.0,0.0,0.7,0.8,,0,2024-11-21 01:40:02,19.95,Thursday,עכשיו 14 | סדרת כתבות: ישראל נלחמת
עכשיו 14,סדרת כתבות: ישראל נלחמת,2024-11-21,2024-11-21 01:40:02,2024-11-21 01:59:59,19.95,0.8,0,0.0,0,0.0,0.0,,0.7,0.6999999999999998,0,2024-11-22 02:00:00,14.4,Friday,עכשיו 14 | סדרת כתבות: ישראל נלחמת
עכשיו 14,סדרת כתבות: ישראל נלחמת,2024-11-27,2024-11-27 03:32:57,2024-11-27 03:58:39,25.7,0.7,0,0.0,0,0.0,0.0,0.5666666666666667,1.7,,2,2024-11-28 01:01:49,28.25,Thursday,עכשיו 14 | סדרת כתבות: ישראל נלחמת
עכשיו 14,עדן ועודד,2024-11-03,2024-11-03 09:29:41,2024-11-03 11:29:51,120.16666666666667,1.5,2,3.9833333333333334,0,0.0,0.9986130374479889,2.1,1.6,1.7666666666666666,2,2024-11-04 09:29:09,121.11666666666666,Monday,עכשיו 14 | עדן ועודד
עכשיו 14,עדן ועודד,2024-11-04,2024-11-04 09:29:09,2024-11-04 11:30:16,121.11666666666666,1.6,2,2.783333333333333,0,0.0,0.990780239438558,1.7666666666666666,1.7,2.533333333333333,2,2024-11-05 09:29:46,121.03333333333333,Tuesday,עכשיו 14 | עדן ועודד
עכשיו 14,עדן ועודד,2024-11-10,2024-11-10 09:30:07,2024-11-10 11:30:04,119.95,2.0,2,2.6333333333333337,0,0.0,1.0004168403501459,2.6,1.5,1.6000000000000003,2,2024-11-11 09:29:57,119.88333333333334,Monday,עכשיו 14 | עדן ועודד
עכשיו 14,עדן ועודד,2024-11-17,2024-11-17 09:29:57,2024-11-17 11:29:59,120.03333333333333,2.7,2,2.75,0,0.0,0.9997222993612885,2.7000000000000006,2.2,2.533333333333333,2,2024-11-18 09:29:46,120.31666666666666,Monday,עכשיו 14 | עדן ועודד
עכשיו 14,עדן ועודד,2024-11-18,2024-11-18 09:29:46,2024-11-18 11:30:05,120.31666666666666,2.2,2,2.333333333333333,0,0.0,0.9973680565175232,2.533333333333333,2.4,2.9,2,2024-11-19 09:30:16,120.01666666666667,Tuesday,עכשיו 14 | עדן ועודד
עכשיו 14,עדן ועודד,2024-11-19,2024-11-19 09:30:16,2024-11-19 11:30:17,120.01666666666667,2.4,2,2.8833333333333333,0,0.0,0.9998611303985557,2.9,1.4,1.8999999999999997,2,2024-11-20 09:29:40,120.58333333333333,Wednesday,עכשיו 14 | עדן ועודד
עכשיו 14,עדן ועודד,2024-11-24,2024-11-24 09:29:23,2024-11-24 11:29:54,120.51666666666667,1.9,2,3.2333333333333334,0,0.0,0.9957129027796985,1.7,1.7,1.0,3,2024-11-25 09:30:30,119.65,Monday,עכשיו 14 | עדן ועודד
עכשיו 14,עדן ועודד,2024-11-25,2024-11-25 09:30:30,2024-11-25 11:30:09,119.65,1.7,3,1.75,0,0.0,1.5043877977434181,1.0,2.5,2.6,2,2024-11-26 09:30:17,119.85,Tuesday,עכשיו 14 | עדן ועודד
עכשיו 14,עדן ועודד,2024-11-26,2024-11-26 09:30:17,2024-11-26 11:30:08,119.85,2.5,2,1.05,0,0.0,1.0012515644555695,2.6,2.4,2.533333333333333,3,2024-11-27 09:29:51,120.2,Wednesday,עכשיו 14 | עדן ועודד
עכשיו 14,פתחי את שי,2024-11-03,2024-11-03 22:30:34,2024-11-03 22:56:44,26.166666666666668,6.2,0,0.0,0,0.0,0.0,7.966666666666666,6.1,7.566666666666667,0,2024-11-04 22:28:58,25.616666666666667,Monday,עכשיו 14 | פתחי את שי
עכשיו 14,פתחי את שי,2024-11-06,2024-11-06 22:30:24,2024-11-06 22:56:39,26.25,6.3,0,0.0,0,0.0,0.0,8.433333333333332,5.9,6.8999999999999995,0,2024-11-07 22:30:02,25.416666666666668,Thursday,עכשיו 14 | פתחי את שי
עכשיו 14,פתחי את שי,2024-11-10,2024-11-10 22:30:36,2024-11-10 22:57:03,26.45,5.5,0,0.0,0,0.0,0.0,8.0,6.4,8.066666666666666,0,2024-11-11 22:30:07,25.233333333333334,Monday,עכשיו 14 | פתחי את שי
עכשיו 14,פתחי את שי,2024-11-11,2024-11-11 22:30:07,2024-11-11 22:55:21,25.233333333333334,6.4,0,0.0,0,0.0,0.0,8.066666666666666,5.3,6.7,0,2024-11-12 22:30:17,26.333333333333332,Tuesday,עכשיו 14 | פתחי את שי
עכשיו 14,פתחי את שי,2024-11-17,2024-11-17 22:30:36,2024-11-17 22:57:39,27.05,5.2,0,0.0,0,0.0,0.0,7.666666666666667,6.9,9.0,0,2024-11-18 22:30:06,25.4,Monday,עכשיו 14 | פתחי את שי
עכשיו 14,פתחי את שי,2024-11-18,2024-11-18 22:30:06,2024-11-18 22:55:30,25.4,6.9,0,0.0,0,0.0,0.0,9.0,5.6,7.666666666666667,0,2024-11-19 22:30:46,25.616666666666667,Tuesday,עכשיו 14 | פתחי את שי
עכשיו 14,פתחי את שי,2024-11-19,2024-11-19 22:30:46,2024-11-19 22:56:23,25.616666666666667,5.6,0,0.0,0,0.0,0.0,7.666666666666667,6.8,8.133333333333333,0,2024-11-20 22:29:50,26.183333333333334,Wednesday,עכשיו 14 | פתחי את שי
עכשיו 14,פתחי את שי,2024-11-20,2024-11-20 22:29:50,2024-11-20 22:56:01,26.183333333333334,6.8,0,0.0,0,0.0,0.0,8.133333333333333,5.7,6.533333333333334,0,2024-11-21 22:30:12,25.766666666666666,Thursday,עכשיו 14 | פתחי את שי
עכשיו 14,פתחי את שי,2024-11-24,2024-11-24 22:29:36,2024-11-24 22:55:29,25.883333333333333,5.8,0,0.0,0,0.0,0.0,8.633333333333333,7.0,8.066666666666666,0,2024-11-25 22:29:48,25.983333333333334,Monday,עכשיו 14 | פתחי את שי
עכשיו 14,פתחי את שי,2024-11-25,2024-11-25 22:29:48,2024-11-25 22:55:47,25.983333333333334,7.0,0,0.0,0,0.0,0.0,8.066666666666666,5.9,8.299999999999999,0,2024-11-26 22:29:56,25.683333333333334,Tuesday,עכשיו 14 | פתחי את שי
עכשיו 14,פתחי את שי,2024-11-26,2024-11-26 22:29:56,2024-11-26 22:55:37,25.683333333333334,5.9,0,0.0,0,0.0,0.0,8.299999999999999,5.8,6.233333333333333,0,2024-11-27 22:29:04,26.35,Wednesday,עכשיו 14 | פתחי את שי
עכשיו 14,פתחי את שי,2024-11-27,2024-11-27 22:29:04,2024-11-27 22:55:25,26.35,5.8,0,0.0,0,0.0,0.0,6.233333333333333,6.6,7.933333333333333,0,2024-11-28 22:31:14,24.033333333333335,Thursday,עכשיו 14 | פתחי את שי
עכשיו 14,פתחי את שי ש.ח,2024-11-04,2024-11-04 05:34:08,2024-11-04 06:00:01,25.883333333333333,0.6,0,0.0,0,0.0,0.0,0.6333333333333333,0.3,0.3,0,2024-11-05 03:48:31,25.3,Tuesday,עכשיו 14 | פתחי את שי ש.ח
עכשיו 14,פתחי את שי ש.ח,2024-11-05,2024-11-05 03:48:31,2024-11-05 04:13:49,25.3,0.3,0,0.0,0,0.0,0.0,0.3,1.2,,2,2024-11-06 00:35:24,29.333333333333332,Wednesday,עכשיו 14 | פתחי את שי ש.ח
עכשיו 14,פתחי את שי ש.ח,2024-11-06,2024-11-06 00:35:24,2024-11-06 01:04:44,29.333333333333332,1.2,2,2.85,0,0.0,4.090909090909091,,0.3,0.3333333333333333,0,2024-11-07 05:08:37,25.25,Thursday,עכשיו 14 | פתחי את שי ש.ח
עכשיו 14,פתחי את שי ש.ח,2024-11-09,2024-11-09 01:25:35,2024-11-09 01:50:39,25.066666666666666,1.6,0,0.0,0,0.0,0.0,,0.8,0.8000000000000002,0,2024-11-10 04:43:51,24.933333333333334,Sunday,עכשיו 14 | פתחי את שי ש.ח
עכשיו 14,פתחי את שי ש.ח,2024-11-10,2024-11-10 04:43:51,2024-11-10 05:08:47,24.933333333333334,0.8,0,0.0,0,0.0,0.0,0.8000000000000002,0.7,0.8333333333333334,0,2024-11-11 03:53:13,24.716666666666665,Monday,עכשיו 14 | פתחי את שי ש.ח
עכשיו 14,פתחי את שי ש.ח,2024-11-11,2024-11-11 03:53:13,2024-11-11 04:17:56,24.716666666666665,0.7,0,0.0,0,0.0,0.0,0.8333333333333334,1.4,,1,2024-11-12 00:24:51,27.483333333333334,Tuesday,עכשיו 14 | פתחי את שי ש.ח
עכשיו 14,פתחי את שי ש.ח,2024-11-12,2024-11-12 00:24:51,2024-11-12 00:52:20,27.483333333333334,1.4,1,0.7,0,0.0,2.183141297756216,,1.8,,1,2024-11-13 00:22:50,26.25,Wednesday,עכשיו 14 | פתחי את שי ש.ח
עכשיו 14,פתחי את שי ש.ח,2024-11-13,2024-11-13 00:22:50,2024-11-13 00:49:05,26.25,1.8,1,0.5666666666666667,0,0.0,2.2857142857142856,,0.4,0.6,0,2024-11-14 04:07:46,24.483333333333334,Thursday,עכשיו 14 | פתחי את שי ש.ח
עכשיו 14,פתחי את שי ש.ח,2024-11-14,2024-11-14 04:07:46,2024-11-14 04:32:15,24.483333333333334,0.4,0,0.0,0,0.0,0.0,0.6,1.1,1.1,0,2024-11-15 03:52:17,24.683333333333334,Friday,עכשיו 14 | פתחי את שי ש.ח
עכשיו 14,פתחי את שי ש.ח,2024-11-15,2024-11-15 03:52:17,2024-11-15 04:16:58,24.683333333333334,1.1,0,0.0,0,0.0,0.0,1.1,1.5,,0,2024-11-16 00:29:06,26.116666666666667,Saturday,עכשיו 14 | פתחי את שי ש.ח
עכשיו 14,פתחי את שי ש.ח,2024-11-16,2024-11-16 00:29:06,2024-11-16 00:55:13,26.116666666666667,1.5,0,0.0,0,0.0,0.0,,1.7,,0,2024-11-17 00:34:42,25.416666666666668,Sunday,עכשיו 14 | פתחי את שי ש.ח
עכשיו 14,פתחי את שי ש.ח,2024-11-17,2024-11-17 00:34:42,2024-11-17 01:00:07,25.416666666666668,1.7,0,0.0,0,0.0,0.0,,0.6,0.6,0,2024-11-18 05:09:37,23.7,Monday,עכשיו 14 | פתחי את שי ש.ח
עכשיו 14,פתחי את שי ש.ח,2024-11-18,2024-11-18 05:09:37,2024-11-18 05:33:19,23.7,0.6,0,0.0,0,0.0,0.0,0.6,1.0,,0,2024-11-19 00:57:57,25.783333333333335,Tuesday,עכשיו 14 | פתחי את שי ש.ח
עכשיו 14,פתחי את שי ש.ח,2024-11-19,2024-11-19 00:57:57,2024-11-19 01:23:44,25.783333333333335,1.0,0,0.0,0,0.0,0.0,,2.1,,2,2024-11-20 00:00:23,29.1,Wednesday,עכשיו 14 | פתחי את שי ש.ח
עכשיו 14,פתחי את שי ש.ח,2024-11-20,2024-11-20 00:00:23,2024-11-20 00:29:29,29.1,2.1,2,3.1166666666666667,0,0.0,4.123711340206185,,0.7,0.7666666666666666,0,2024-11-21 03:34:23,25.6,Thursday,עכשיו 14 | פתחי את שי ש.ח
עכשיו 14,פתחי את שי ש.ח,2024-11-21,2024-11-21 03:34:23,2024-11-21 03:59:59,25.6,0.7,0,0.0,0,0.0,0.0,0.7666666666666666,1.0,1.0,0,2024-11-22 03:43:26,26.183333333333334,Friday,עכשיו 14 | פתחי את שי ש.ח
עכשיו 14,פתחי את שי ש.ח,2024-11-24,2024-11-24 00:28:15,2024-11-24 00:53:12,24.95,2.9,0,0.0,0,0.0,0.0,,3.0,,2,2024-11-25 00:27:14,27.866666666666667,Monday,עכשיו 14 | פתחי את שי ש.ח
עכשיו 14,פתחי את שי ש.ח,2024-11-25,2024-11-25 00:27:14,2024-11-25 00:55:06,27.866666666666667,3.0,2,1.4333333333333331,0,0.0,4.30622009569378,,1.5,,2,2024-11-26 00:25:18,28.1,Tuesday,עכשיו 14 | פתחי את שי ש.ח
עכשיו 14,פתחי את שי ש.ח,2024-11-26,2024-11-26 00:25:18,2024-11-26 00:53:24,28.1,1.5,2,1.45,1,0.5,4.270462633451957,,1.4,,0,2024-11-27 00:28:20,25.166666666666668,Wednesday,עכשיו 14 | פתחי את שי ש.ח
עכשיו 14,פתחי את שי ש.ח,2024-11-27,2024-11-27 00:28:20,2024-11-27 00:53:30,25.166666666666668,1.4,0,0.0,0,0.0,0.0,,0.7,0.6999999999999998,0,2024-11-28 02:00:00,11.383333333333333,Thursday,עכשיו 14 | פתחי את שי ש.ח
עכשיו 14,פתחי את שי ש.ח,2024-11-28,2024-11-28 02:00:00,2024-11-28 02:11:23,11.383333333333333,0.7,0,0.0,0,0.0,0.0,0.6999999999999998,0.8,1.0,0,2024-11-29 03:55:46,22.683333333333334,Friday,עכשיו 14 | פתחי את שי ש.ח
עכשיו 14,ריקלין ושות',2024-11-03,2024-11-03 17:59:32,2024-11-03 19:00:13,60.68333333333333,5.4,3,3.7666666666666666,0,0.0,2.966218071958253,4.766666666666667,5.1,5.033333333333334,0,2024-11-04 17:59:49,61.43333333333333,Monday,עכשיו 14 | ריקלין ושות'
עכשיו 14,ריקלין ושות',2024-11-04,2024-11-04 17:59:49,2024-11-04 19:01:15,61.43333333333333,5.1,0,0.0,0,0.0,0.0,5.033333333333334,4.3,4.066666666666666,2,2024-11-05 17:59:49,60.78333333333333,Tuesday,עכשיו 14 | ריקלין ושות'
עכשיו 14,ריקלין ושות',2024-11-05,2024-11-05 17:59:49,2024-11-05 19:00:36,60.78333333333333,4.3,2,4.166666666666667,0,0.0,1.9742253907321086,4.066666666666666,5.5,5.599999999999999,3,2024-11-06 18:00:01,61.25,Wednesday,עכשיו 14 | ריקלין ושות'
עכשיו 14,ריקלין ושות',2024-11-10,2024-11-10 17:59:50,2024-11-10 19:00:46,60.93333333333333,5.0,2,1.3166666666666667,0,0.0,1.9693654266958425,4.866666666666666,4.4,3.9333333333333336,2,2024-11-11 17:59:42,59.666666666666664,Monday,עכשיו 14 | ריקלין ושות'
עכשיו 14,ריקלין ושות',2024-11-11,2024-11-11 17:59:42,2024-11-11 18:59:22,59.666666666666664,4.4,2,2.0999999999999996,0,0.0,2.011173184357542,3.9333333333333336,5.3,4.7,2,2024-11-12 17:59:37,61.15,Tuesday,עכשיו 14 | ריקלין ושות'
עכשיו 14,ריקלין ושות',2024-11-12,2024-11-12 17:59:37,2024-11-12 19:00:46,61.15,5.3,2,1.7166666666666668,0,0.0,1.9623875715453805,4.7,5.3,4.1000000000000005,3,2024-11-13 17:59:14,61.21666666666667,Wednesday,עכשיו 14 | ריקלין ושות'
עכשיו 14,ריקלין ושות',2024-11-17,2024-11-17 17:58:38,2024-11-17 19:00:47,62.15,5.0,3,2.5,0,0.0,2.8962188254223653,4.533333333333333,6.0,5.2,3,2024-11-18 17:59:37,60.833333333333336,Monday,עכשיו 14 | ריקלין ושות'
עכשיו 14,ריקלין ושות',2024-11-18,2024-11-18 17:59:37,2024-11-18 19:00:27,60.833333333333336,6.0,3,2.933333333333333,0,0.0,2.9589041095890414,5.2,5.3,4.6000000000000005,2,2024-11-19 18:00:26,59.06666666666667,Tuesday,עכשיו 14 | ריקלין ושות'
עכשיו 14,ריקלין ושות',2024-11-19,2024-11-19 18:00:26,2024-11-19 18:59:30,59.06666666666667,5.3,2,4.166666666666667,0,0.0,2.0316027088036117,4.6000000000000005,5.0,4.966666666666666,1,2024-11-20 17:59:44,59.8,Wednesday,עכשיו 14 | ריקלין ושות'
עכשיו 14,ריקלין ושות',2024-11-24,2024-11-24 17:59:27,2024-11-24 19:00:49,61.36666666666667,5.3,5,3.733333333333334,0,0.0,4.888647474198805,4.033333333333334,5.1,4.7,3,2024-11-25 18:00:12,60.666666666666664,Monday,עכשיו 14 | ריקלין ושות'
עכשיו 14,ריקלין ושות',2024-11-25,2024-11-25 18:00:12,2024-11-25 19:00:52,60.666666666666664,5.1,3,2.6333333333333337,0,0.0,2.967032967032967,4.7,6.3,5.7,4,2024-11-26 17:59:56,60.3,Tuesday,עכשיו 14 | ריקלין ושות'
עכשיו 14,ריקלין ושות',2024-11-26,2024-11-26 17:59:56,2024-11-26 19:00:14,60.3,6.3,4,3.4499999999999997,0,0.0,3.9800995024875627,5.7,6.0,5.066666666666666,2,2024-11-27 17:59:47,59.333333333333336,Wednesday,עכשיו 14 | ריקלין ושות'
עכשיו 14,שבע עם שרון גל,2024-11-03,2024-11-03 19:03:42,2024-11-03 19:47:38,43.93333333333333,7.3,0,0.0,0,0.0,0.0,6.099999999999999,6.1,5.566666666666667,0,2024-11-04 19:05:41,42.65,Monday,עכשיו 14 | שבע עם שרון גל
עכשיו 14,שבע עם שרון גל,2024-11-04,2024-11-04 19:05:41,2024-11-04 19:48:20,42.65,6.1,0,0.0,0,0.0,0.0,5.566666666666667,5.7,4.666666666666667,0,2024-11-05 19:05:11,42.0,Tuesday,עכשיו 14 | שבע עם שרון גל
עכשיו 14,שבע עם שרון גל,2024-11-05,2024-11-05 19:05:11,2024-11-05 19:47:11,42.0,5.7,0,0.0,0,0.0,0.0,4.666666666666667,7.8,7.033333333333334,0,2024-11-06 19:04:24,44.0,Wednesday,עכשיו 14 | שבע עם שרון גל
עכשיו 14,שבע עם שרון גל,2024-11-10,2024-11-10 19:03:02,2024-11-10 19:48:26,45.4,6.6,0,0.0,0,0.0,0.0,5.266666666666667,5.7,4.966666666666666,0,2024-11-11 19:03:28,44.63333333333333,Monday,עכשיו 14 | שבע עם שרון גל
עכשיו 14,שבע עם שרון גל,2024-11-11,2024-11-11 19:03:28,2024-11-11 19:48:06,44.63333333333333,5.7,0,0.0,0,0.0,0.0,4.966666666666666,5.7,6.400000000000001,0,2024-11-12 19:04:21,43.983333333333334,Tuesday,עכשיו 14 | שבע עם שרון גל
עכשיו 14,שבע עם שרון גל,2024-11-12,2024-11-12 19:04:21,2024-11-12 19:48:20,43.983333333333334,5.7,0,0.0,0,0.0,0.0,6.400000000000001,6.0,6.133333333333333,0,2024-11-13 19:03:32,44.35,Wednesday,עכשיו 14 | שבע עם שרון גל
עכשיו 14,שבע עם שרון גל,2024-11-17,2024-11-17 19:04:23,2024-11-17 19:48:55,44.53333333333333,5.9,0,0.0,0,0.0,0.0,4.6,6.9,6.1000000000000005,0,2024-11-18 19:03:45,44.31666666666667,Monday,עכשיו 14 | שבע עם שרון גל
עכשיו 14,שבע עם שרון גל,2024-11-18,2024-11-18 19:03:45,2024-11-18 19:48:04,44.31666666666667,6.9,0,0.0,0,0.0,0.0,6.1000000000000005,6.3,5.8999999999999995,0,2024-11-19 19:04:09,44.15,Tuesday,עכשיו 14 | שבע עם שרון גל
עכשיו 14,שבע עם שרון גל,2024-11-19,2024-11-19 19:04:09,2024-11-19 19:48:18,44.15,6.3,0,0.0,0,0.0,0.0,5.8999999999999995,6.4,5.433333333333334,0,2024-11-20 19:04:36,43.45,Wednesday,עכשיו 14 | שבע עם שרון גל
עכשיו 14,שבע עם שרון גל,2024-11-24,2024-11-24 19:06:31,2024-11-24 19:48:13,41.7,6.3,0,0.0,0,0.0,0.0,6.066666666666666,6.0,4.699999999999999,0,2024-11-25 19:05:13,43.333333333333336,Monday,עכשיו 14 | שבע עם שרון גל
עכשיו 14,שבע עם שרון גל,2024-11-25,2024-11-25 19:05:13,2024-11-25 19:48:33,43.333333333333336,6.0,0,0.0,0,0.0,0.0,4.699999999999999,7.1,6.233333333333334,0,2024-11-26 19:05:13,43.016666666666666,Tuesday,עכשיו 14 | שבע עם שרון גל
עכשיו 14,שבע עם שרון גל,2024-11-26,2024-11-26 19:05:13,2024-11-26 19:48:14,43.016666666666666,7.1,0,0.0,0,0.0,0.0,6.233333333333334,7.5,6.6000000000000005,0,2024-11-27 19:05:00,42.85,Wednesday,עכשיו 14 | שבע עם שרון גל
קשת 12,אולפן שישי - הכתבות ש.ח,2024-11-13,2024-11-13 04:54:05,2024-11-13 05:35:22,41.28333333333333,0.8,0,0.0,0,0.0,0.0,0.6333333333333333,0.2,0.3666666666666667,0,2024-11-14 02:29:37,41.03333333333333,Thursday,קשת 12 | אולפן שישי - הכתבות ש.ח
קשת 12,אופירה ולוינסון ש.ח,2024-11-02,2024-11-02 08:37:04,2024-11-02 09:01:09,24.083333333333332,2.2,0,0.0,0,0.0,0.0,2.1999999999999997,0.7,1.1,2,2024-11-03 03:51:45,89.1,Sunday,קשת 12 | אופירה ולוינסון ש.ח
קשת 12,אופירה ולוינסון ש.ח,2024-11-23,2024-11-23 08:28:30,2024-11-23 09:01:17,32.78333333333333,2.0,1,1.0,0,0.0,1.8301982714794105,2.4,0.6,0.5666666666666667,4,2024-11-24 04:33:06,86.86666666666666,Sunday,קשת 12 | אופירה ולוינסון ש.ח
קשת 12,איזה צחוק עם אבי נוסבאום ש.ח,2024-11-01,2024-11-01 03:28:33,2024-11-01 04:37:53,69.33333333333333,0.4,1,3.533333333333333,0,0.0,0.8653846153846154,0.3333333333333333,2.0,1.6333333333333335,0,2024-11-02 02:58:39,32.0,Saturday,קשת 12 | איזה צחוק עם אבי נוסבאום ש.ח
קשת 12,איזה צחוק עם אבי נוסבאום ש.ח,2024-11-02,2024-11-02 02:58:39,2024-11-02 03:30:39,32.0,2.0,0,0.0,0,0.0,0.0,1.6333333333333335,1.2,1.4333333333333333,1,2024-11-03 02:24:49,70.5,Sunday,קשת 12 | איזה צחוק עם אבי נוסבאום ש.ח
קשת 12,איזה צחוק עם אבי נוסבאום ש.ח,2024-11-09,2024-11-09 01:46:36,2024-11-09 01:59:59,13.383333333333333,2.8,1,1.6166666666666667,1,1.6166666666666667,4.483188044831881,,2.9,3.1,0,2024-11-10 02:00:00,37.46666666666667,Sunday,קשת 12 | איזה צחוק עם אבי נוסבאום ש.ח
קשת 12,ארוחה טבעונית עם נדיה אליס,2024-11-04,2024-11-04 10:59:41,2024-11-04 11:40:11,40.5,2.4,4,11.866666666666665,1,1.2,5.925925925925926,2.533333333333333,3.3,4.133333333333334,4,2024-11-05 11:05:47,43.13333333333333,Tuesday,קשת 12 | ארוחה טבעונית עם נדיה אליס
קשת 12,ארוחה טבעונית עם נדיה אליס,2024-11-11,2024-11-11 11:00:11,2024-11-11 11:38:13,38.03333333333333,3.7,4,10.15,1,0.5166666666666667,6.3102541630149,4.0,2.4,1.8999999999999997,4,2024-11-12 11:05:40,40.61666666666667,Tuesday,קשת 12 | ארוחה טבעונית עם נדיה אליס
קשת 12,ארוחה טבעונית עם נדיה אליס,2024-11-12,2024-11-12 11:05:40,2024-11-12 11:46:17,40.61666666666667,2.4,4,11.649999999999999,1,0.6833333333333333,5.908904390644235,1.8999999999999997,3.2,4.066666666666666,4,2024-11-13 10:59:57,42.63333333333333,Wednesday,קשת 12 | ארוחה טבעונית עם נדיה אליס
קשת 12,ארוחה טבעונית עם נדיה אליס,2024-11-18,2024-11-18 11:00:33,2024-11-18 11:41:53,41.333333333333336,3.3,4,12.133333333333333,1,0.5333333333333333,5.806451612903226,4.066666666666666,2.9,3.8666666666666667,4,2024-11-19 11:05:15,41.88333333333333,Tuesday,קשת 12 | ארוחה טבעונית עם נדיה אליס
קשת 12,ארוחה טבעונית עם נדיה אליס,2024-11-19,2024-11-19 11:05:15,2024-11-19 11:47:08,41.88333333333333,2.9,4,13.35,1,0.23333333333333334,5.730202944687624,3.8666666666666667,4.4,3.733333333333333,4,2024-11-20 11:00:42,41.55,Wednesday,קשת 12 | ארוחה טבעונית עם נדיה אליס
קשת 12,ארוחה טבעונית עם נדיה אליס,2024-11-25,2024-11-25 11:01:53,2024-11-25 11:40:05,38.2,5.1,4,8.983333333333333,1,0.85,6.282722513089005,5.833333333333333,2.5,2.6333333333333333,4,2024-11-26 11:05:57,37.666666666666664,Tuesday,קשת 12 | ארוחה טבעונית עם נדיה אליס
קשת 12,ארוחה טבעונית עם נדיה אליס,2024-11-26,2024-11-26 11:05:57,2024-11-26 11:43:37,37.666666666666664,2.5,4,8.183333333333332,1,0.6166666666666667,6.371681415929204,2.6333333333333333,3.4,3.766666666666667,3,2024-11-27 11:00:05,38.0,Wednesday,קשת 12 | ארוחה טבעונית עם נדיה אליס
קשת 12,ארץ נהדרת עונה 22 ש.ח,2024-11-08,2024-11-08 00:04:24,2024-11-08 01:07:15,62.85,4.2,3,7.766666666666667,0,0.0,2.863961813842482,,4.1,3.9,0,2024-11-09 13:47:57,12.283333333333333,Saturday,קשת 12 | ארץ נהדרת עונה 22 ש.ח
קשת 12,ארץ נהדרת עונה 22 ש.ח,2024-11-15,2024-11-15 23:00:33,2024-11-16 00:09:56,69.38333333333334,7.8,2,10.766666666666666,0,0.0,1.7295219793418208,7.2,3.6,4.366666666666666,0,2024-11-16 13:43:26,16.716666666666665,Saturday,קשת 12 | ארץ נהדרת עונה 22 ש.ח
קשת 12,ארץ נהדרת עונה 22 ש.ח,2024-11-22,2024-11-22 23:30:52,2024-11-23 00:26:51,55.983333333333334,5.0,3,10.283333333333333,1,1.3666666666666667,3.2152426317356357,5.733333333333334,2.9,3.0,0,2024-11-23 13:49:50,8.083333333333334,Saturday,קשת 12 | ארץ נהדרת עונה 22 ש.ח
קשת 12,ארץ נהדרת עונה 22 ש.ח,2024-11-29,2024-11-29 22:57:27,2024-11-30 00:05:01,67.56666666666666,6.8,3,8.9,0,0.0,2.6640355204736066,7.133333333333333,2.9,4.333333333333333,4,2024-11-30 13:53:22,66.63333333333334,Saturday,קשת 12 | ארץ נהדרת עונה 22 ש.ח
קשת 12,בייבי בום 2024 ש.ח,2024-11-09,2024-11-09 12:10:23,2024-11-09 12:59:09,48.766666666666666,5.3,4,11.2,0,0.0,4.921394395078606,6.066666666666666,2.6,,2,2024-11-10 00:52:47,67.2,Sunday,קשת 12 | בייבי בום 2024 ש.ח
קשת 12,בייבי בום 2024 ש.ח,2024-11-10,2024-11-10 00:52:47,2024-11-10 01:59:59,67.2,2.6,2,2.7333333333333334,0,0.0,1.7857142857142856,,2.4,2.4,0,2024-11-11 02:00:00,6.733333333333333,Monday,קשת 12 | בייבי בום 2024 ש.ח
קשת 12,בייבי בום 2024 ש.ח,2024-11-16,2024-11-16 03:19:53,2024-11-16 04:21:10,61.28333333333333,1.4,0,0.0,0,0.0,0.0,0.8333333333333334,1.1,,4,2024-11-17 00:39:25,69.01666666666667,Sunday,קשת 12 | בייבי בום 2024 ש.ח
קשת 12,הכוכב הבא לאירוויזיון 2025 (עונה 11) - אודישנים,2024-11-16,2024-11-16 21:42:04,2024-11-16 23:06:37,84.55,21.2,1,9.65,0,0.0,0.709639266706091,21.433333333333337,17.6,17.666666666666664,2,2024-11-17 21:40:53,80.63333333333334,Sunday,קשת 12 | הכוכב הבא לאירוויזיון 2025 (עונה 11) - אודישנים
קשת 12,הכוכב הבא לאירוויזיון 2025 (עונה 11) - אודישנים,2024-11-23,2024-11-23 21:26:39,2024-11-23 22:47:45,81.1,24.9,1,8.983333333333333,0,0.0,0.7398273736128237,22.166666666666668,23.7,24.600000000000005,1,2024-11-24 21:28:01,81.46666666666667,Sunday,קשת 12 | הכוכב הבא לאירוויזיון 2025 (עונה 11) - אודישנים
קשת 12,הכוכב הבא לאירוויזיון 2025 (עונה 11) ש.ח,2024-11-11,2024-11-11 00:48:48,2024-11-11 01:59:59,71.18333333333334,3.4,2,2.5833333333333335,0,0.0,1.6857878716928119,,2.2,2.3666666666666667,0,2024-11-12 02:00:00,6.7,Tuesday,קשת 12 | הכוכב הבא לאירוויזיון 2025 (עונה 11) ש.ח
קשת 12,הכוכב הבא לאירוויזיון 2025 (עונה 11) ש.ח,2024-11-15,2024-11-15 00:14:58,2024-11-15 01:35:14,80.26666666666667,1.9,2,5.45,0,0.0,1.495016611295681,,3.3,3.6,2,2024-11-16 11:15:21,39.71666666666667,Saturday,קשת 12 | הכוכב הבא לאירוויזיון 2025 (עונה 11) ש.ח
קשת 12,הכוכב הבא לאירוויזיון 2025 (עונה 11) ש.ח,2024-11-16,2024-11-16 11:15:21,2024-11-16 11:55:04,39.71666666666667,3.3,2,5.2333333333333325,0,0.0,3.0214015946286192,3.6,0.7,,0,2024-11-17 01:48:26,11.55,Sunday,קשת 12 | הכוכב הבא לאירוויזיון 2025 (עונה 11) ש.ח
קשת 12,הכוכב הבא לאירוויזיון 2025 (עונה 11) ש.ח,2024-11-17,2024-11-17 01:48:26,2024-11-17 01:59:59,11.55,0.7,0,0.0,0,0.0,0.0,,2.7,,0,2024-11-18 01:41:48,18.183333333333334,Monday,קשת 12 | הכוכב הבא לאירוויזיון 2025 (עונה 11) ש.ח
קשת 12,הכוכב הבא לאירוויזיון 2025 (עונה 11) ש.ח,2024-11-18,2024-11-18 01:41:48,2024-11-18 01:59:59,18.183333333333334,2.7,0,0.0,0,0.0,0.0,,1.2,,0,2024-11-19 01:53:24,6.583333333333333,Tuesday,קשת 12 | הכוכב הבא לאירוויזיון 2025 (עונה 11) ש.ח
קשת 12,הכוכב הבא לאירוויזיון 2025 (עונה 11) ש.ח,2024-11-19,2024-11-19 01:53:24,2024-11-19 01:59:59,6.583333333333333,1.2,0,0.0,0,0.0,0.0,,2.5,,1,2024-11-20 01:13:20,46.65,Wednesday,קשת 12 | הכוכב הבא לאירוויזיון 2025 (עונה 11) ש.ח
קשת 12,הכוכב הבא לאירוויזיון 2025 (עונה 11) ש.ח,2024-11-20,2024-11-20 01:13:20,2024-11-20 01:59:59,46.65,2.5,1,1.8166666666666667,0,0.0,1.2861736334405145,,1.8,2.1333333333333333,0,2024-11-21 02:00:00,25.733333333333334,Thursday,קשת 12 | הכוכב הבא לאירוויזיון 2025 (עונה 11) ש.ח
קשת 12,הכוכב הבא לאירוויזיון 2025 (עונה 11) ש.ח,2024-11-21,2024-11-21 02:00:00,2024-11-21 02:25:44,25.733333333333334,1.8,0,0.0,0,0.0,0.0,2.1333333333333333,2.5,2.433333333333333,0,2024-11-22 02:03:12,13.216666666666667,Friday,קשת 12 | הכוכב הבא לאירוויזיון 2025 (עונה 11) ש.ח
קשת 12,הכוכב הבא לאירוויזיון 2025 (עונה 11) ש.ח,2024-11-22,2024-11-22 02:03:12,2024-11-22 02:16:25,13.216666666666667,2.5,0,0.0,0,0.0,0.0,2.433333333333333,3.2,3.2000000000000006,1,2024-11-23 12:35:30,23.25,Saturday,קשת 12 | הכוכב הבא לאירוויזיון 2025 (עונה 11) ש.ח
קשת 12,הכוכב הבא לאירוויזיון 2025 (עונה 11) ש.ח,2024-11-23,2024-11-23 12:35:30,2024-11-23 12:58:45,23.25,3.2,1,3.683333333333333,0,0.0,2.5806451612903225,3.2000000000000006,2.8,,0,2024-11-24 01:56:53,3.1,Sunday,קשת 12 | הכוכב הבא לאירוויזיון 2025 (עונה 11) ש.ח
קשת 12,הכוכב הבא לאירוויזיון 2025 (עונה 11) ש.ח,2024-11-24,2024-11-24 01:56:53,2024-11-24 01:59:59,3.1,2.8,0,0.0,0,0.0,0.0,,1.6,,0,2024-11-25 01:22:41,37.3,Monday,קשת 12 | הכוכב הבא לאירוויזיון 2025 (עונה 11) ש.ח
קשת 12,הכוכב הבא לאירוויזיון 2025 (עונה 11) ש.ח,2024-11-25,2024-11-25 01:22:41,2024-11-25 01:59:59,37.3,1.6,0,0.0,0,0.0,0.0,,1.9,,0,2024-11-26 01:55:47,4.2,Tuesday,קשת 12 | הכוכב הבא לאירוויזיון 2025 (עונה 11) ש.ח
קשת 12,הכוכב הבא לאירוויזיון 2025 (עונה 11) ש.ח,2024-11-26,2024-11-26 01:55:47,2024-11-26 01:59:59,4.2,1.9,0,0.0,0,0.0,0.0,,1.9,,2,2024-11-27 01:07:13,52.766666666666666,Wednesday,קשת 12 | הכוכב הבא לאירוויזיון 2025 (עונה 11) ש.ח
קשת 12,הכוכב הבא לאירוויזיון 2025 (עונה 11) ש.ח,2024-11-27,2024-11-27 01:07:13,2024-11-27 01:59:59,52.766666666666666,1.9,2,2.55,0,0.0,2.2741629816803535,,2.1,,0,2024-11-28 01:48:48,11.183333333333334,Thursday,קשת 12 | הכוכב הבא לאירוויזיון 2025 (עונה 11) ש.ח
קשת 12,הכוכב הבא לאירוויזיון 2025 (עונה 11) ש.ח,2024-11-28,2024-11-28 01:48:48,2024-11-28 01:59:59,11.183333333333334,2.1,0,0.0,0,0.0,0.0,,3.8,,1,2024-11-29 00:10:45,63.0,Friday,קשת 12 | הכוכב הבא לאירוויזיון 2025 (עונה 11) ש.ח
קשת 12,הכוכב הבא לאירוויזיון 2025 (עונה 11) ש.ח,2024-11-29,2024-11-29 00:10:45,2024-11-29 01:13:45,63.0,3.8,1,2.4166666666666665,1,2.4166666666666665,0.9523809523809523,,3.7,2.9333333333333336,6,2024-11-30 11:13:13,87.8,Saturday,קשת 12 | הכוכב הבא לאירוויזיון 2025 (עונה 11) ש.ח
קשת 12,המרשעת - מאחורי הקלעים ש.ח,2024-11-21,2024-11-21 01:53:00,2024-11-21 01:59:59,6.983333333333333,3.0,0,0.0,0,0.0,0.0,,2.2,2.1666666666666665,0,2024-11-22 02:00:00,3.2,Friday,קשת 12 | המרשעת - מאחורי הקלעים ש.ח
קשת 12,הקומה ה-12 ש.ח,2024-11-13,2024-11-13 04:27:49,2024-11-13 04:54:05,26.266666666666666,0.5,0,0.0,0,0.0,0.0,0.6,0.2,0.20000000000000004,0,2024-11-14 03:10:39,26.266666666666666,Thursday,קשת 12 | הקומה ה-12 ש.ח
קשת 12,חדשות 12,2024-11-03,2024-11-03 19:54:25,2024-11-03 21:39:51,105.43333333333334,18.6,5,41.03333333333333,2,12.75,2.8453999367688905,17.6,17.6,15.866666666666665,1,2024-11-04 19:53:44,60.56666666666667,Monday,קשת 12 | חדשות 12
קשת 12,חדשות 12,2024-11-04,2024-11-04 19:53:44,2024-11-04 20:54:18,60.56666666666667,17.6,1,10.866666666666667,0,0.0,0.9906439185470555,15.866666666666665,19.7,15.4,0,2024-11-05 19:54:12,59.45,Tuesday,קשת 12 | חדשות 12
קשת 12,חדשות 12,2024-11-05,2024-11-05 19:54:12,2024-11-05 20:53:39,59.45,19.7,0,0.0,0,0.0,0.0,15.4,19.6,18.666666666666668,5,2024-11-06 19:55:32,102.38333333333334,Wednesday,קשת 12 | חדשות 12
קשת 12,חדשות 12,2024-11-06,2024-11-06 19:55:32,2024-11-06 21:37:55,102.38333333333334,19.6,5,29.06666666666667,2,0.6,2.9301644147810513,18.666666666666668,15.9,14.1,5,2024-11-07 19:54:26,97.58333333333333,Thursday,קשת 12 | חדשות 12
קשת 12,חדשות 12,2024-11-10,2024-11-10 19:53:27,2024-11-10 21:30:22,96.91666666666667,17.8,5,22.76666666666667,2,0.6,3.095442820292347,13.666666666666666,17.7,15.4,5,2024-11-11 19:53:57,96.75,Monday,קשת 12 | חדשות 12
קשת 12,חדשות 12,2024-11-11,2024-11-11 19:53:57,2024-11-11 21:30:42,96.75,17.7,5,37.56666666666666,2,12.1,3.1007751937984493,15.4,18.3,17.766666666666666,4,2024-11-12 19:55:02,95.7,Tuesday,קשת 12 | חדשות 12
קשת 12,חדשות 12,2024-11-12,2024-11-12 19:55:02,2024-11-12 21:30:44,95.7,18.3,4,24.5,2,8.333333333333334,2.5078369905956115,17.766666666666666,16.8,15.466666666666667,5,2024-11-13 19:54:46,101.1,Wednesday,קשת 12 | חדשות 12
קשת 12,חדשות 12,2024-11-13,2024-11-13 19:54:46,2024-11-13 21:35:52,101.1,16.8,5,18.450000000000003,2,0.6,2.967359050445104,15.466666666666667,16.5,15.933333333333332,5,2024-11-14 19:54:20,97.7,Thursday,קשת 12 | חדשות 12
קשת 12,חדשות 12,2024-11-17,2024-11-17 19:54:19,2024-11-17 21:31:10,96.85,15.4,4,30.116666666666667,2,10.566666666666668,2.4780588538977804,15.6,18.6,13.366666666666667,5,2024-11-18 19:55:11,110.73333333333333,Monday,קשת 12 | חדשות 12
קשת 12,חדשות 12,2024-11-18,2024-11-18 19:55:11,2024-11-18 21:45:55,110.73333333333333,18.6,5,37.25,2,11.716666666666667,2.7092113184828417,13.366666666666667,17.5,14.5,5,2024-11-19 19:54:58,106.46666666666667,Tuesday,קשת 12 | חדשות 12
קשת 12,חדשות 12,2024-11-19,2024-11-19 19:54:58,2024-11-19 21:41:26,106.46666666666667,17.5,5,28.650000000000002,2,1.15,2.817783343769568,14.5,16.8,15.266666666666666,5,2024-11-20 19:54:21,100.46666666666667,Wednesday,קשת 12 | חדשות 12
קשת 12,חדשות 12,2024-11-20,2024-11-20 19:54:21,2024-11-20 21:34:49,100.46666666666667,16.8,5,28.666666666666668,2,0.6,2.9860650298606504,15.266666666666666,14.7,15.566666666666668,5,2024-11-21 19:54:18,100.16666666666667,Thursday,קשת 12 | חדשות 12
קשת 12,חדשות 12,2024-11-24,2024-11-24 19:54:32,2024-11-24 21:28:01,93.48333333333333,18.5,5,24.116666666666667,2,1.4833333333333334,3.2091281868425745,16.333333333333332,17.4,15.866666666666667,5,2024-11-25 19:54:17,107.58333333333333,Monday,קשת 12 | חדשות 12
קשת 12,חדשות 12,2024-11-25,2024-11-25 19:54:17,2024-11-25 21:41:52,107.58333333333333,17.4,5,33.93333333333334,2,11.716666666666667,2.7885360185902406,15.866666666666667,19.6,17.999999999999996,1,2024-11-26 19:54:24,59.6,Tuesday,קשת 12 | חדשות 12
קשת 12,חדשות 12,2024-11-26,2024-11-26 19:54:24,2024-11-26 20:54:00,59.6,19.6,1,8.65,0,0.0,1.006711409395973,17.999999999999996,15.5,15.933333333333332,5,2024-11-27 19:55:28,95.25,Wednesday,קשת 12 | חדשות 12
קשת 12,חדשות 12,2024-11-27,2024-11-27 19:55:28,2024-11-27 21:30:43,95.25,15.5,5,25.583333333333336,2,1.35,3.1496062992125986,15.933333333333332,16.0,15.4,4,2024-11-28 19:54:02,97.08333333333333,Thursday,קשת 12 | חדשות 12
קשת 12,חדשות 12 - מבזק,2024-11-01,2024-11-01 10:00:13,2024-11-01 10:06:21,6.133333333333334,5.4,0,0.0,0,0.0,0.0,5.433333333333334,3.2,2.9666666666666663,0,2024-11-02 07:59:13,5.266666666666667,Saturday,קשת 12 | חדשות 12 - מבזק
קשת 12,חדשות 12 - מבזק,2024-11-15,2024-11-15 10:01:15,2024-11-15 10:07:59,6.733333333333333,6.3,0,0.0,0,0.0,0.0,6.066666666666666,1.4,1.3,0,2024-11-16 08:00:18,5.866666666666666,Saturday,קשת 12 | חדשות 12 - מבזק
קשת 12,חדשות 12 - מבזק,2024-11-22,2024-11-22 10:00:33,2024-11-22 10:05:34,5.016666666666667,5.4,0,0.0,0,0.0,0.0,5.566666666666666,2.0,2.1,0,2024-11-23 09:01:17,5.183333333333334,Saturday,קשת 12 | חדשות 12 - מבזק
קשת 12,חדשות 12 - מבזק מיוחד,2024-11-03,2024-11-03 06:01:48,2024-11-03 06:14:23,12.583333333333334,3.0,2,0.6,2,0.6,9.536423841059602,2.5,2.5,2.266666666666666,2,2024-11-04 05:59:57,9.633333333333333,Monday,קשת 12 | חדשות 12 - מבזק מיוחד
קשת 12,חדשות 12 - מבזק מיוחד,2024-11-04,2024-11-04 05:59:57,2024-11-04 06:09:35,9.633333333333333,2.5,2,0.6,2,0.6,12.456747404844291,2.266666666666666,2.7,2.5666666666666664,2,2024-11-05 06:00:00,9.616666666666667,Tuesday,קשת 12 | חדשות 12 - מבזק מיוחד
קשת 12,חדשות 12 - מבזק מיוחד,2024-11-10,2024-11-10 06:00:00,2024-11-10 06:09:49,9.816666666666666,2.7,2,0.6,2,0.6,12.224108658743635,2.3,3.2,2.4,2,2024-11-11 05:57:11,14.416666666666666,Monday,קשת 12 | חדשות 12 - מבזק מיוחד
קשת 12,חדשות 12 - מבזק מיוחד,2024-11-11,2024-11-11 05:57:11,2024-11-11 06:11:36,14.416666666666666,3.2,2,0.6,2,0.6,8.323699421965319,2.4,2.5,1.9666666666666668,2,2024-11-12 06:01:25,10.8,Tuesday,קשת 12 | חדשות 12 - מבזק מיוחד
קשת 12,חדשות 12 - מבזק מיוחד,2024-11-12,2024-11-12 06:01:25,2024-11-12 06:12:13,10.8,2.5,2,0.6,2,0.6,11.111111111111109,1.9666666666666668,2.5,1.9666666666666668,2,2024-11-13 06:00:00,8.383333333333333,Wednesday,קשת 12 | חדשות 12 - מבזק מיוחד
קשת 12,חדשות 12 - מבזק מיוחד,2024-11-13,2024-11-13 06:00:00,2024-11-13 06:08:23,8.383333333333333,2.5,2,0.6,2,0.6,14.314115308151093,1.9666666666666668,2.1,1.6666666666666667,2,2024-11-14 05:59:59,11.166666666666666,Thursday,קשת 12 | חדשות 12 - מבזק מיוחד
קשת 12,חדשות 12 - מבזק מיוחד,2024-11-14,2024-11-14 05:59:59,2024-11-14 06:11:09,11.166666666666666,2.1,2,0.6,2,0.6,10.746268656716419,1.6666666666666667,1.4,1.3666666666666665,2,2024-11-15 06:00:00,9.9,Friday,קשת 12 | חדשות 12 - מבזק מיוחד
קשת 12,חדשות 12 - מבזק מיוחד,2024-11-17,2024-11-17 06:00:02,2024-11-17 06:09:35,9.55,2.9,2,0.6,2,0.6,12.56544502617801,2.5333333333333337,2.1,1.6666666666666667,2,2024-11-18 06:00:02,9.566666666666666,Monday,קשת 12 | חדשות 12 - מבזק מיוחד
קשת 12,חדשות 12 - מבזק מיוחד,2024-11-18,2024-11-18 06:00:02,2024-11-18 06:09:36,9.566666666666666,2.1,2,0.6,2,0.6,12.543554006968641,1.6666666666666667,1.9,1.0999999999999999,2,2024-11-19 06:00:00,10.183333333333334,Tuesday,קשת 12 | חדשות 12 - מבזק מיוחד
קשת 12,חדשות 12 - מבזק מיוחד,2024-11-19,2024-11-19 06:00:00,2024-11-19 06:10:11,10.183333333333334,1.9,2,0.6,2,0.6,11.783960720130933,1.0999999999999999,2.2,1.9333333333333333,2,2024-11-20 06:00:02,10.033333333333333,Wednesday,קשת 12 | חדשות 12 - מבזק מיוחד
קשת 12,חדשות 12 - מבזק מיוחד,2024-11-20,2024-11-20 06:00:02,2024-11-20 06:10:04,10.033333333333333,2.2,2,0.6,2,0.6,11.960132890365449,1.9333333333333333,1.7,1.5333333333333332,2,2024-11-21 06:00:00,9.283333333333333,Thursday,קשת 12 | חדשות 12 - מבזק מיוחד
קשת 12,חדשות 12 - מבזק מיוחד,2024-11-21,2024-11-21 06:00:00,2024-11-21 06:09:17,9.283333333333333,1.7,2,0.6,2,0.6,12.926391382405743,1.5333333333333332,2.7,2.3666666666666667,0,2024-11-22 02:16:25,9.466666666666667,Friday,קשת 12 | חדשות 12 - מבזק מיוחד
קשת 12,חדשות 12 - מבזק מיוחד,2024-11-22,2024-11-22 02:16:25,2024-11-22 02:25:53,9.466666666666667,2.7,0,0.0,0,0.0,0.0,2.3666666666666667,0.4,0.39999999999999997,0,2024-11-23 04:29:24,5.266666666666667,Saturday,קשת 12 | חדשות 12 - מבזק מיוחד
קשת 12,חדשות 12 - מבזק מיוחד,2024-11-23,2024-11-23 04:29:24,2024-11-23 04:34:40,5.266666666666667,0.4,0,0.0,0,0.0,0.0,0.39999999999999997,1.9,1.7333333333333334,2,2024-11-24 06:00:01,8.016666666666667,Sunday,קשת 12 | חדשות 12 - מבזק מיוחד
קשת 12,חדשות 12 - מבזק מיוחד,2024-11-24,2024-11-24 06:00:01,2024-11-24 06:08:02,8.016666666666667,1.9,2,0.6,2,0.6,14.968814968814968,1.7333333333333334,2.5,2.2,2,2024-11-25 06:00:01,10.533333333333333,Monday,קשת 12 | חדשות 12 - מבזק מיוחד
קשת 12,חדשות 12 - מבזק מיוחד,2024-11-25,2024-11-25 06:00:01,2024-11-25 06:10:33,10.533333333333333,2.5,2,0.6,2,0.6,11.39240506329114,2.2,2.2,1.6333333333333335,2,2024-11-26 06:00:02,10.55,Tuesday,קשת 12 | חדשות 12 - מבזק מיוחד
קשת 12,חדשות 12 - מבזק מיוחד,2024-11-26,2024-11-26 06:00:02,2024-11-26 06:10:35,10.55,2.2,2,0.6,2,0.6,11.374407582938389,1.6333333333333335,2.4,2.2,2,2024-11-27 06:00:00,11.95,Wednesday,קשת 12 | חדשות 12 - מבזק מיוחד
קשת 12,חדשות 12 - מבזק מיוחד,2024-11-27,2024-11-27 06:00:00,2024-11-27 06:11:57,11.95,2.4,2,0.6,2,0.6,10.0418410041841,2.2,2.0,1.8333333333333333,2,2024-11-28 06:00:01,10.666666666666666,Thursday,קשת 12 | חדשות 12 - מבזק מיוחד
קשת 12,חדשות 12 - מבזק מיוחד,2024-11-28,2024-11-28 06:00:01,2024-11-28 06:10:41,10.666666666666666,2.0,2,0.6,2,0.6,11.250000000000002,1.8333333333333333,1.7,1.5333333333333332,2,2024-11-29 05:59:59,8.916666666666666,Friday,קשת 12 | חדשות 12 - מבזק מיוחד
קשת 12,חדשות 12 - מוקדמת,2024-11-03,2024-11-03 19:07:35,2024-11-03 19:51:17,43.7,14.4,0,0.0,0,0.0,0.0,13.833333333333334,13.0,12.300000000000002,0,2024-11-04 19:10:41,39.916666666666664,Monday,קשת 12 | חדשות 12 - מוקדמת
קשת 12,חדשות 12 - מוקדמת,2024-11-04,2024-11-04 19:10:41,2024-11-04 19:50:36,39.916666666666664,13.0,0,0.0,0,0.0,0.0,12.300000000000002,13.1,11.633333333333335,0,2024-11-05 19:10:39,39.65,Tuesday,קשת 12 | חדשות 12 - מוקדמת
קשת 12,חדשות 12 - מוקדמת,2024-11-05,2024-11-05 19:10:39,2024-11-05 19:50:18,39.65,13.1,0,0.0,0,0.0,0.0,11.633333333333335,15.2,13.5,1,2024-11-06 19:08:42,42.733333333333334,Wednesday,קשת 12 | חדשות 12 - מוקדמת
קשת 12,חדשות 12 - מוקדמת,2024-11-06,2024-11-06 19:08:42,2024-11-06 19:51:26,42.733333333333334,15.2,1,1.15,1,1.15,1.40405616224649,13.5,11.4,11.066666666666668,0,2024-11-07 19:07:16,44.233333333333334,Thursday,קשת 12 | חדשות 12 - מוקדמת
קשת 12,חדשות 12 - מוקדמת,2024-11-10,2024-11-10 19:07:41,2024-11-10 19:49:47,42.1,12.0,0,0.0,0,0.0,0.0,10.9,12.2,10.333333333333334,1,2024-11-11 19:08:10,42.11666666666667,Monday,קשת 12 | חדשות 12 - מוקדמת
קשת 12,חדשות 12 - מוקדמת,2024-11-11,2024-11-11 19:08:10,2024-11-11 19:50:17,42.11666666666667,12.2,1,1.1166666666666667,1,1.1166666666666667,1.4246141669964383,10.333333333333334,15.6,13.899999999999999,0,2024-11-12 19:09:11,41.85,Tuesday,קשת 12 | חדשות 12 - מוקדמת
קשת 12,חדשות 12 - מוקדמת,2024-11-12,2024-11-12 19:09:11,2024-11-12 19:51:02,41.85,15.6,0,0.0,0,0.0,0.0,13.899999999999999,13.2,12.5,0,2024-11-13 19:09:33,41.45,Wednesday,קשת 12 | חדשות 12 - מוקדמת
קשת 12,חדשות 12 - מוקדמת,2024-11-13,2024-11-13 19:09:33,2024-11-13 19:51:00,41.45,13.2,0,0.0,0,0.0,0.0,12.5,14.1,13.966666666666667,0,2024-11-14 19:07:14,43.96666666666667,Thursday,קשת 12 | חדשות 12 - מוקדמת
קשת 12,חדשות 12 - מוקדמת,2024-11-17,2024-11-17 19:09:44,2024-11-17 19:50:41,40.95,12.9,0,0.0,0,0.0,0.0,11.799999999999999,10.3,9.666666666666666,0,2024-11-18 19:08:22,43.25,Monday,קשת 12 | חדשות 12 - מוקדמת
קשת 12,חדשות 12 - מוקדמת,2024-11-18,2024-11-18 19:08:22,2024-11-18 19:51:37,43.25,10.3,0,0.0,0,0.0,0.0,9.666666666666666,12.5,11.333333333333334,0,2024-11-19 19:09:56,40.35,Tuesday,קשת 12 | חדשות 12 - מוקדמת
קשת 12,חדשות 12 - מוקדמת,2024-11-19,2024-11-19 19:09:56,2024-11-19 19:50:17,40.35,12.5,0,0.0,0,0.0,0.0,11.333333333333334,12.1,11.133333333333335,1,2024-11-20 19:08:00,41.55,Wednesday,קשת 12 | חדשות 12 - מוקדמת
קשת 12,חדשות 12 - מוקדמת,2024-11-20,2024-11-20 19:08:00,2024-11-20 19:49:33,41.55,12.1,1,0.9666666666666667,1,0.9666666666666667,1.444043321299639,11.133333333333335,11.6,10.4,0,2024-11-21 19:07:53,42.483333333333334,Thursday,קשת 12 | חדשות 12 - מוקדמת
קשת 12,חדשות 12 - מוקדמת,2024-11-24,2024-11-24 19:07:20,2024-11-24 19:50:03,42.71666666666667,14.0,0,0.0,0,0.0,0.0,14.199999999999998,12.3,10.433333333333334,0,2024-11-25 19:08:39,41.03333333333333,Monday,קשת 12 | חדשות 12 - מוקדמת
קשת 12,חדשות 12 - מוקדמת,2024-11-25,2024-11-25 19:08:39,2024-11-25 19:49:41,41.03333333333333,12.3,0,0.0,0,0.0,0.0,10.433333333333334,13.4,12.1,0,2024-11-26 19:08:37,41.1,Tuesday,קשת 12 | חדשות 12 - מוקדמת
קשת 12,חדשות 12 - מוקדמת,2024-11-26,2024-11-26 19:08:37,2024-11-26 19:49:43,41.1,13.4,0,0.0,0,0.0,0.0,12.1,14.2,12.333333333333334,0,2024-11-27 19:09:46,41.13333333333333,Wednesday,קשת 12 | חדשות 12 - מוקדמת
קשת 12,חדשות 12 - מוקדמת,2024-11-27,2024-11-27 19:09:46,2024-11-27 19:50:54,41.13333333333333,14.2,0,0.0,0,0.0,0.0,12.333333333333334,11.5,9.666666666666666,0,2024-11-28 19:08:57,40.583333333333336,Thursday,קשת 12 | חדשות 12 - מוקדמת
קשת 12,חדשות הבוקר עם ניב רסקין עונה 2,2024-11-03,2024-11-03 06:59:58,2024-11-03 09:30:15,150.28333333333333,5.1,11,37.016666666666666,1,6.216666666666667,4.391704558057004,4.766666666666667,5.7,5.5,13,2024-11-04 07:00:19,150.16666666666666,Monday,קשת 12 | חדשות הבוקר עם ניב רסקין עונה 2
קשת 12,חדשות הבוקר עם ניב רסקין עונה 2,2024-11-04,2024-11-04 07:00:19,2024-11-04 09:30:29,150.16666666666666,5.7,13,40.21666666666666,1,7.283333333333333,5.194228634850166,5.5,4.9,4.366666666666667,13,2024-11-05 07:00:37,148.45,Tuesday,קשת 12 | חדשות הבוקר עם ניב רסקין עונה 2
קשת 12,חדשות הבוקר עם ניב רסקין עונה 2,2024-11-05,2024-11-05 07:00:37,2024-11-05 09:29:04,148.45,4.9,13,43.033333333333324,1,7.8,5.254294375210509,4.366666666666667,6.6,5.533333333333334,8,2024-11-06 10:02:19,118.68333333333334,Wednesday,קשת 12 | חדשות הבוקר עם ניב רסקין עונה 2
קשת 12,חדשות הבוקר עם ניב רסקין עונה 2,2024-11-06,2024-11-06 10:02:19,2024-11-06 12:01:00,118.68333333333334,6.6,8,28.633333333333333,0,0.0,4.044375789917146,5.533333333333334,6.1,5.933333333333334,13,2024-11-07 07:00:35,148.85,Thursday,קשת 12 | חדשות הבוקר עם ניב רסקין עונה 2
קשת 12,חדשות הבוקר עם ניב רסקין עונה 2,2024-11-10,2024-11-10 06:59:49,2024-11-10 09:31:49,152.0,5.8,11,36.96666666666667,1,6.816666666666666,4.342105263157895,5.166666666666667,5.3,6.066666666666667,13,2024-11-11 06:59:54,150.01666666666668,Monday,קשת 12 | חדשות הבוקר עם ניב רסקין עונה 2
קשת 12,חדשות הבוקר עם ניב רסקין עונה 2,2024-11-11,2024-11-11 06:59:54,2024-11-11 09:29:55,150.01666666666668,5.3,13,31.183333333333337,1,5.283333333333333,5.199422286412621,6.066666666666667,5.2,6.5,13,2024-11-12 06:59:50,150.66666666666666,Tuesday,קשת 12 | חדשות הבוקר עם ניב רסקין עונה 2
קשת 12,חדשות הבוקר עם ניב רסקין עונה 2,2024-11-12,2024-11-12 06:59:50,2024-11-12 09:30:30,150.66666666666666,5.2,13,33.833333333333336,1,5.016666666666667,5.176991150442478,6.5,5.8,6.066666666666666,13,2024-11-13 06:59:45,150.95,Wednesday,קשת 12 | חדשות הבוקר עם ניב רסקין עונה 2
קשת 12,חדשות הבוקר עם ניב רסקין עונה 2,2024-11-13,2024-11-13 06:59:45,2024-11-13 09:30:42,150.95,5.8,13,35.9,1,7.55,5.167273931765486,6.066666666666666,5.4,4.966666666666667,14,2024-11-14 07:00:07,149.6,Thursday,קשת 12 | חדשות הבוקר עם ניב רסקין עונה 2
קשת 12,חדשות הבוקר עם ניב רסקין עונה 2,2024-11-17,2024-11-17 07:00:27,2024-11-17 09:30:34,150.11666666666667,5.4,11,31.533333333333335,1,4.733333333333333,4.396580437437548,5.766666666666667,4.7,5.0,14,2024-11-18 07:01:30,148.91666666666666,Monday,קשת 12 | חדשות הבוקר עם ניב רסקין עונה 2
קשת 12,חדשות הבוקר עם ניב רסקין עונה 2,2024-11-18,2024-11-18 07:01:30,2024-11-18 09:30:25,148.91666666666666,4.7,14,36.43333333333333,1,3.8833333333333333,5.640738668158926,5.0,5.1,5.633333333333333,13,2024-11-19 07:01:05,148.7,Tuesday,קשת 12 | חדשות הבוקר עם ניב רסקין עונה 2
קשת 12,חדשות הבוקר עם ניב רסקין עונה 2,2024-11-19,2024-11-19 07:01:05,2024-11-19 09:29:47,148.7,5.1,13,39.39999999999999,1,5.85,5.245460659045058,5.633333333333333,5.0,5.233333333333333,13,2024-11-20 07:00:42,150.48333333333332,Wednesday,קשת 12 | חדשות הבוקר עם ניב רסקין עונה 2
קשת 12,חדשות הבוקר עם ניב רסקין עונה 2,2024-11-20,2024-11-20 07:00:42,2024-11-20 09:31:11,150.48333333333332,5.0,13,35.866666666666674,1,5.133333333333334,5.183298261158489,5.233333333333333,5.5,3.8333333333333335,13,2024-11-21 06:59:57,149.9,Thursday,קשת 12 | חדשות הבוקר עם ניב רסקין עונה 2
קשת 12,חדשות הבוקר עם ניב רסקין עונה 2,2024-11-24,2024-11-24 07:00:31,2024-11-24 09:30:17,149.76666666666668,5.4,11,28.800000000000004,1,4.966666666666667,4.406855107945693,4.033333333333333,5.6,4.3999999999999995,13,2024-11-25 07:01:12,149.7,Monday,קשת 12 | חדשות הבוקר עם ניב רסקין עונה 2
קשת 12,חדשות הבוקר עם ניב רסקין עונה 2,2024-11-25,2024-11-25 07:01:12,2024-11-25 09:30:54,149.7,5.6,13,31.150000000000006,1,5.1,5.2104208416833675,4.3999999999999995,4.9,5.599999999999999,14,2024-11-26 07:00:28,150.3,Tuesday,קשת 12 | חדשות הבוקר עם ניב רסקין עונה 2
קשת 12,חדשות הבוקר עם ניב רסקין עונה 2,2024-11-26,2024-11-26 07:00:28,2024-11-26 09:30:46,150.3,4.9,14,33.15,0,0.0,5.5888223552894205,5.599999999999999,4.9,4.6000000000000005,12,2024-11-27 07:00:51,150.65,Wednesday,קשת 12 | חדשות הבוקר עם ניב רסקין עונה 2
קשת 12,חדשות הבוקר עם ניב רסקין עונה 2,2024-11-27,2024-11-27 07:00:51,2024-11-27 09:31:30,150.65,4.9,12,28.81666666666667,1,5.933333333333334,4.7792897444407565,4.6000000000000005,4.8,4.2,13,2024-11-28 06:59:49,150.2,Thursday,קשת 12 | חדשות הבוקר עם ניב רסקין עונה 2
קשת 12,חיים ומעיין ש.ח,2024-11-01,2024-11-01 00:53:56,2024-11-01 01:59:59,66.05,1.4,3,5.25,1,1.4666666666666666,2.7252081756245268,,1.3,1.2666666666666666,0,2024-11-02 02:00:00,24.8,Saturday,קשת 12 | חיים ומעיין ש.ח
קשת 12,חיים ומעיין ש.ח,2024-11-15,2024-11-15 01:35:14,2024-11-15 01:59:59,24.75,0.8,1,1.2833333333333334,0,0.0,2.4242424242424243,,0.5,0.9,0,2024-11-16 02:00:00,70.6,Saturday,קשת 12 | חיים ומעיין ש.ח
קשת 12,חיים ומעיין ש.ח,2024-11-22,2024-11-22 01:09:28,2024-11-22 01:59:59,50.516666666666666,1.4,2,2.1833333333333336,1,0.8333333333333334,2.375453645661498,,0.9,0.8000000000000002,2,2024-11-23 02:00:00,40.35,Saturday,קשת 12 | חיים ומעיין ש.ח
קשת 12,חיים ומעיין ש.ח,2024-11-29,2024-11-29 01:15:04,2024-11-29 01:58:59,43.916666666666664,1.9,0,0.0,0,0.0,0.0,,1.0,1.3,1,2024-11-30 02:00:16,46.86666666666667,Saturday,קשת 12 | חיים ומעיין ש.ח
קשת 12,חמש עם רפי רשף 12,2024-11-03,2024-11-03 16:56:11,2024-11-03 17:52:59,56.8,10.9,4,12.9,1,2.3666666666666667,4.225352112676056,9.433333333333332,10.2,8.733333333333333,4,2024-11-04 16:56:03,56.88333333333333,Monday,קשת 12 | חמש עם רפי רשף 12
קשת 12,חמש עם רפי רשף 12,2024-11-04,2024-11-04 16:56:03,2024-11-04 17:52:56,56.88333333333333,10.2,4,11.783333333333331,0,0.0,4.219162027541752,8.733333333333333,9.1,9.433333333333332,4,2024-11-05 16:55:23,57.75,Tuesday,קשת 12 | חמש עם רפי רשף 12
קשת 12,חמש עם רפי רשף 12,2024-11-05,2024-11-05 16:55:23,2024-11-05 17:53:08,57.75,9.1,4,11.833333333333332,2,1.5666666666666667,4.1558441558441555,9.433333333333332,11.2,11.4,4,2024-11-06 16:55:39,57.46666666666667,Wednesday,קשת 12 | חמש עם רפי רשף 12
קשת 12,חמש עם רפי רשף 12,2024-11-06,2024-11-06 16:55:39,2024-11-06 17:53:07,57.46666666666667,11.2,4,12.7,0,0.0,4.176334106728538,11.4,10.7,10.299999999999999,4,2024-11-07 16:56:01,57.28333333333333,Thursday,קשת 12 | חמש עם רפי רשף 12
קשת 12,חמש עם רפי רשף 12,2024-11-10,2024-11-10 16:54:56,2024-11-10 17:53:15,58.31666666666667,11.0,3,9.166666666666666,0,0.0,3.086596170334381,10.833333333333334,10.6,9.733333333333333,3,2024-11-11 16:55:08,58.13333333333333,Monday,קשת 12 | חמש עם רפי רשף 12
קשת 12,חמש עם רפי רשף 12,2024-11-11,2024-11-11 16:55:08,2024-11-11 17:53:16,58.13333333333333,10.6,3,9.25,1,2.4166666666666665,3.0963302752293576,9.733333333333333,12.9,11.666666666666666,3,2024-11-12 16:55:50,57.13333333333333,Tuesday,קשת 12 | חמש עם רפי רשף 12
קשת 12,חמש עם רפי רשף 12,2024-11-12,2024-11-12 16:55:50,2024-11-12 17:52:58,57.13333333333333,12.9,3,10.3,0,0.0,3.150525087514586,11.666666666666666,8.7,7.966666666666668,3,2024-11-13 16:55:38,59.21666666666667,Wednesday,קשת 12 | חמש עם רפי רשף 12
קשת 12,חמש עם רפי רשף 12,2024-11-13,2024-11-13 16:55:38,2024-11-13 17:54:51,59.21666666666667,8.7,3,9.766666666666667,0,0.0,3.039684773430903,7.966666666666668,8.2,8.2,3,2024-11-14 16:55:28,57.45,Thursday,קשת 12 | חמש עם רפי רשף 12
קשת 12,חמש עם רפי רשף 12,2024-11-17,2024-11-17 16:56:38,2024-11-17 17:53:25,56.78333333333333,8.4,4,10.966666666666667,2,1.2833333333333332,4.226592309950103,8.333333333333334,8.3,7.733333333333334,4,2024-11-18 16:55:16,58.016666666666666,Monday,קשת 12 | חמש עם רפי רשף 12
קשת 12,חמש עם רפי רשף 12,2024-11-18,2024-11-18 16:55:16,2024-11-18 17:53:17,58.016666666666666,8.3,4,10.850000000000001,2,1.1666666666666667,4.136742315426602,7.733333333333334,9.7,9.666666666666666,4,2024-11-19 16:55:45,57.25,Tuesday,קשת 12 | חמש עם רפי רשף 12
קשת 12,חמש עם רפי רשף 12,2024-11-19,2024-11-19 16:55:45,2024-11-19 17:53:00,57.25,9.7,4,11.533333333333335,2,2.5666666666666664,4.192139737991266,9.666666666666666,9.3,8.166666666666666,4,2024-11-20 16:55:46,57.36666666666667,Wednesday,קשת 12 | חמש עם רפי רשף 12
קשת 12,חמש עם רפי רשף 12,2024-11-20,2024-11-20 16:55:46,2024-11-20 17:53:08,57.36666666666667,9.3,4,10.733333333333334,2,1.0333333333333334,4.1836141778036025,8.166666666666666,9.2,8.466666666666667,4,2024-11-21 16:55:55,57.28333333333333,Thursday,קשת 12 | חמש עם רפי רשף 12
קשת 12,חמש עם רפי רשף 12,2024-11-24,2024-11-24 16:56:02,2024-11-24 17:52:53,56.85,11.0,4,12.683333333333334,1,2.55,4.221635883905013,9.933333333333332,8.6,7.566666666666667,4,2024-11-25 16:55:08,57.733333333333334,Monday,קשת 12 | חמש עם רפי רשף 12
קשת 12,חמש עם רפי רשף 12,2024-11-25,2024-11-25 16:55:08,2024-11-25 17:52:52,57.733333333333334,8.6,4,11.616666666666667,2,1.4666666666666668,4.157043879907621,7.566666666666667,10.5,8.666666666666666,4,2024-11-26 16:55:44,57.15,Tuesday,קשת 12 | חמש עם רפי רשף 12
קשת 12,חמש עם רפי רשף 12,2024-11-26,2024-11-26 16:55:44,2024-11-26 17:52:53,57.15,10.5,4,11.016666666666666,2,1.2166666666666666,4.199475065616798,8.666666666666666,10.6,9.666666666666668,4,2024-11-27 16:55:20,57.416666666666664,Wednesday,קשת 12 | חמש עם רפי רשף 12
קשת 12,חמש עם רפי רשף 12,2024-11-27,2024-11-27 16:55:20,2024-11-27 17:52:45,57.416666666666664,10.6,4,12.433333333333334,1,0.6166666666666667,4.179970972423803,9.666666666666668,9.2,9.233333333333333,4,2024-11-28 16:55:41,57.9,Thursday,קשת 12 | חמש עם רפי רשף 12
קשת 12,חצי לחצות עם אברי ושרקי,2024-11-02,2024-11-02 23:17:00,2024-11-02 23:54:30,37.5,9.7,0,0.0,0,0.0,0.0,10.333333333333334,7.7,10.833333333333334,5,2024-11-03 23:43:59,47.983333333333334,Sunday,קשת 12 | חצי לחצות עם אברי ושרקי
קשת 12,חצי לחצות עם אברי ושרקי,2024-11-03,2024-11-03 23:43:59,2024-11-04 00:31:58,47.983333333333334,7.7,5,15.133333333333333,2,7.2333333333333325,6.252170892671066,10.833333333333334,5.2,6.2,2,2024-11-04 23:20:11,52.35,Monday,קשת 12 | חצי לחצות עם אברי ושרקי
קשת 12,חצי לחצות עם אברי ושרקי,2024-11-09,2024-11-09 23:17:54,2024-11-10 00:10:15,52.35,8.0,1,8.783333333333333,0,0.0,1.146131805157593,11.033333333333333,7.3,9.166666666666666,3,2024-11-10 23:39:51,49.55,Sunday,קשת 12 | חצי לחצות עם אברי ושרקי
קשת 12,חצי לחצות עם אברי ושרקי,2024-11-10,2024-11-10 23:39:51,2024-11-11 00:29:24,49.55,7.3,3,10.116666666666665,1,1.7,3.632694248234107,9.166666666666666,7.6,9.833333333333334,2,2024-11-11 23:29:04,52.03333333333333,Monday,קשת 12 | חצי לחצות עם אברי ושרקי
קשת 12,חצי לחצות עם אברי ושרקי,2024-11-16,2024-11-16 23:14:55,2024-11-16 23:52:53,37.96666666666667,12.1,0,0.0,0,0.0,0.0,14.199999999999998,7.2,9.433333333333334,3,2024-11-17 23:34:47,46.56666666666667,Sunday,קשת 12 | חצי לחצות עם אברי ושרקי
קשת 12,חצי לחצות עם אברי ושרקי,2024-11-17,2024-11-17 23:34:47,2024-11-18 00:21:21,46.56666666666667,7.2,3,8.25,1,1.5,3.865425912670007,9.433333333333334,7.1,8.9,2,2024-11-18 23:32:24,48.266666666666666,Monday,קשת 12 | חצי לחצות עם אברי ושרקי
קשת 12,חצי לחצות עם אברי ושרקי,2024-11-18,2024-11-18 23:32:24,2024-11-19 00:20:40,48.266666666666666,7.1,2,6.216666666666667,0,0.0,2.4861878453038675,8.9,6.4,8.766666666666667,5,2024-11-19 23:45:10,47.03333333333333,Tuesday,קשת 12 | חצי לחצות עם אברי ושרקי
קשת 12,חצי לחצות עם אברי ושרקי,2024-11-23,2024-11-23 22:58:37,2024-11-23 23:10:12,11.583333333333334,13.5,0,0.0,0,0.0,0.0,13.4,6.2,9.5,4,2024-11-24 23:31:03,53.15,Sunday,קשת 12 | חצי לחצות עם אברי ושרקי
קשת 12,חצי לחצות עם אברי ושרקי,2024-11-24,2024-11-24 23:31:03,2024-11-25 00:24:12,53.15,6.2,4,14.866666666666667,2,5.866666666666666,4.51552210724365,9.5,8.2,8.5,0,2024-11-25 23:09:02,40.38333333333333,Monday,קשת 12 | חצי לחצות עם אברי ושרקי
קשת 12,חצי לחצות עם אברי ושרקי,2024-11-25,2024-11-25 23:09:02,2024-11-25 23:49:25,40.38333333333333,8.2,0,0.0,0,0.0,0.0,8.5,9.6,12.566666666666665,2,2024-11-26 23:33:31,54.46666666666667,Tuesday,קשת 12 | חצי לחצות עם אברי ושרקי
קשת 12,חצי לחצות עם אברי ושרקי ש.ח,2024-11-03,2024-11-03 05:20:51,2024-11-03 05:59:56,39.083333333333336,1.0,0,0.0,0,0.0,0.0,0.3333333333333333,1.4,1.2333333333333334,2,2024-11-04 05:18:17,41.61666666666667,Monday,קשת 12 | חצי לחצות עם אברי ושרקי ש.ח
קשת 12,חצי לחצות עם אברי ושרקי ש.ח,2024-11-04,2024-11-04 05:18:17,2024-11-04 05:59:54,41.61666666666667,1.4,2,3.966666666666667,0,0.0,2.8834601521826193,1.2333333333333334,1.3,1.0,1,2024-11-05 05:15:15,44.7,Tuesday,קשת 12 | חצי לחצות עם אברי ושרקי ש.ח
קשת 12,חצי לחצות עם אברי ושרקי ש.ח,2024-11-10,2024-11-10 05:13:59,2024-11-10 05:59:57,45.96666666666667,1.4,1,2.5,0,0.0,1.305293691080493,1.366666666666667,1.4,1.0,0,2024-11-11 05:19:28,37.666666666666664,Monday,קשת 12 | חצי לחצות עם אברי ושרקי ש.ח
קשת 12,חצי לחצות עם אברי ושרקי ש.ח,2024-11-11,2024-11-11 05:19:28,2024-11-11 05:57:08,37.666666666666664,1.4,0,0.0,0,0.0,0.0,1.0,1.1,0.8666666666666667,2,2024-11-12 05:14:48,45.15,Tuesday,קשת 12 | חצי לחצות עם אברי ושרקי ש.ח
קשת 12,חצי לחצות עם אברי ושרקי ש.ח,2024-11-18,2024-11-18 05:20:15,2024-11-18 05:59:59,39.733333333333334,1.0,1,1.1666666666666667,0,0.0,1.5100671140939597,0.7999999999999999,0.3,0.20000000000000004,1,2024-11-19 05:18:59,40.96666666666667,Tuesday,קשת 12 | חצי לחצות עם אברי ושרקי ש.ח
קשת 12,חצי לחצות עם אברי ושרקי ש.ח,2024-11-19,2024-11-19 05:18:59,2024-11-19 05:59:57,40.96666666666667,0.3,1,1.8166666666666667,1,1.8166666666666667,1.4646053702196906,0.20000000000000004,0.8,0.6666666666666666,2,2024-11-20 05:16:40,43.31666666666667,Wednesday,קשת 12 | חצי לחצות עם אברי ושרקי ש.ח
קשת 12,חצי לחצות עם אברי ושרקי ש.ח,2024-11-25,2024-11-25 05:17:52,2024-11-25 05:59:57,42.083333333333336,1.4,1,1.1333333333333333,0,0.0,1.4257425742574257,1.0333333333333334,1.0,0.6,0,2024-11-26 05:21:04,38.916666666666664,Tuesday,קשת 12 | חצי לחצות עם אברי ושרקי ש.ח
קשת 12,חצי לחצות עם אברי ושרקי ש.ח,2024-11-26,2024-11-26 05:21:04,2024-11-26 05:59:59,38.916666666666664,1.0,0,0.0,0,0.0,0.0,0.6,1.2,0.5666666666666668,2,2024-11-27 05:12:49,47.13333333333333,Wednesday,קשת 12 | חצי לחצות עם אברי ושרקי ש.ח
קשת 12,יופי מסוכן - מאחורי הקלעים ש.ח,2024-11-25,2024-11-25 01:12:54,2024-11-25 01:22:41,9.783333333333333,1.9,0,0.0,0,0.0,0.0,,1.8,,0,2024-11-26 01:46:00,9.783333333333333,Tuesday,קשת 12 | יופי מסוכן - מאחורי הקלעים ש.ח
קשת 12,כותרות הבוקר עם ניב רסקין עונה 2,2024-11-03,2024-11-03 06:14:23,2024-11-03 06:59:58,45.583333333333336,3.9,0,0.0,0,0.0,0.0,3.0,3.9,2.533333333333333,0,2024-11-04 06:10:24,49.916666666666664,Monday,קשת 12 | כותרות הבוקר עם ניב רסקין עונה 2
קשת 12,כותרות הבוקר עם ניב רסקין עונה 2,2024-11-04,2024-11-04 06:10:24,2024-11-04 07:00:19,49.916666666666664,3.9,0,0.0,0,0.0,0.0,2.533333333333333,3.5,2.566666666666667,0,2024-11-05 06:10:26,50.18333333333333,Tuesday,קשת 12 | כותרות הבוקר עם ניב רסקין עונה 2
קשת 12,כותרות הבוקר עם ניב רסקין עונה 2,2024-11-10,2024-11-10 06:10:38,2024-11-10 06:59:49,49.18333333333333,4.1,0,0.0,0,0.0,0.0,2.8333333333333335,4.7,3.766666666666667,0,2024-11-11 06:11:36,48.3,Monday,קשת 12 | כותרות הבוקר עם ניב רסקין עונה 2
קשת 12,כותרות הבוקר עם ניב רסקין עונה 2,2024-11-11,2024-11-11 06:11:36,2024-11-11 06:59:54,48.3,4.7,0,0.0,0,0.0,0.0,3.766666666666667,4.7,3.1999999999999997,0,2024-11-12 06:13:02,46.8,Tuesday,קשת 12 | כותרות הבוקר עם ניב רסקין עונה 2
קשת 12,כותרות הבוקר עם ניב רסקין עונה 2,2024-11-12,2024-11-12 06:13:02,2024-11-12 06:59:50,46.8,4.7,0,0.0,0,0.0,0.0,3.1999999999999997,4.1,2.966666666666667,0,2024-11-13 06:09:12,50.55,Wednesday,קשת 12 | כותרות הבוקר עם ניב רסקין עונה 2
קשת 12,כותרות הבוקר עם ניב רסקין עונה 2,2024-11-13,2024-11-13 06:09:12,2024-11-13 06:59:45,50.55,4.1,0,0.0,0,0.0,0.0,2.966666666666667,3.5,2.6666666666666665,0,2024-11-14 06:11:58,48.15,Thursday,קשת 12 | כותרות הבוקר עם ניב רסקין עונה 2
קשת 12,כותרות הבוקר עם ניב רסקין עונה 2,2024-11-17,2024-11-17 06:10:24,2024-11-17 07:00:27,50.05,4.4,0,0.0,0,0.0,0.0,3.4,3.6,2.533333333333333,0,2024-11-18 06:10:25,51.083333333333336,Monday,קשת 12 | כותרות הבוקר עם ניב רסקין עונה 2
קשת 12,כותרות הבוקר עם ניב רסקין עונה 2,2024-11-18,2024-11-18 06:10:25,2024-11-18 07:01:30,51.083333333333336,3.6,0,0.0,0,0.0,0.0,2.533333333333333,4.1,3.233333333333333,0,2024-11-19 06:11:00,50.083333333333336,Tuesday,קשת 12 | כותרות הבוקר עם ניב רסקין עונה 2
קשת 12,כותרות הבוקר עם ניב רסקין עונה 2,2024-11-19,2024-11-19 06:11:00,2024-11-19 07:01:05,50.083333333333336,4.1,0,0.0,0,0.0,0.0,3.233333333333333,4.0,2.6,0,2024-11-20 06:10:53,49.81666666666667,Wednesday,קשת 12 | כותרות הבוקר עם ניב רסקין עונה 2
קשת 12,כותרות הבוקר עם ניב רסקין עונה 2,2024-11-20,2024-11-20 06:10:53,2024-11-20 07:00:42,49.81666666666667,4.0,0,0.0,0,0.0,0.0,2.6,2.8,1.8333333333333333,0,2024-11-21 06:10:06,49.85,Thursday,קשת 12 | כותרות הבוקר עם ניב רסקין עונה 2
קשת 12,כותרות הבוקר עם ניב רסקין עונה 2,2024-11-24,2024-11-24 06:08:51,2024-11-24 07:00:31,51.666666666666664,3.6,0,0.0,0,0.0,0.0,2.033333333333333,3.6,2.7000000000000006,0,2024-11-25 06:11:22,49.833333333333336,Monday,קשת 12 | כותרות הבוקר עם ניב רסקין עונה 2
קשת 12,כותרות הבוקר עם ניב רסקין עונה 2,2024-11-25,2024-11-25 06:11:22,2024-11-25 07:01:12,49.833333333333336,3.6,0,0.0,0,0.0,0.0,2.7000000000000006,3.7,2.533333333333333,0,2024-11-26 06:11:24,49.06666666666667,Tuesday,קשת 12 | כותרות הבוקר עם ניב רסקין עונה 2
קשת 12,כותרות הבוקר עם ניב רסקין עונה 2,2024-11-26,2024-11-26 06:11:24,2024-11-26 07:00:28,49.06666666666667,3.7,0,0.0,0,0.0,0.0,2.533333333333333,3.6,2.266666666666667,0,2024-11-27 06:12:46,48.083333333333336,Wednesday,קשת 12 | כותרות הבוקר עם ניב רסקין עונה 2
קשת 12,כותרות הבוקר עם ניב רסקין עונה 2,2024-11-27,2024-11-27 06:12:46,2024-11-27 07:00:51,48.083333333333336,3.6,0,0.0,0,0.0,0.0,2.266666666666667,3.1,2.1666666666666665,0,2024-11-28 06:11:30,48.31666666666667,Thursday,קשת 12 | כותרות הבוקר עם ניב רסקין עונה 2
קשת 12,כמעט שבת שלום ש.ח,2024-11-02,2024-11-02 01:30:55,2024-11-02 01:59:59,29.066666666666666,2.3,0,0.0,0,0.0,0.0,,1.4,1.6666666666666667,1,2024-11-03 02:00:00,24.816666666666666,Sunday,קשת 12 | כמעט שבת שלום ש.ח
קשת 12,כמעט שבת שלום ש.ח,2024-11-16,2024-11-16 01:25:26,2024-11-16 01:59:59,34.55,1.6,1,1.0,1,1.0,1.7366136034732274,,1.1,1.1,0,2024-11-17 02:00:00,11.583333333333334,Sunday,קשת 12 | כמעט שבת שלום ש.ח
קשת 12,כמעט שבת שלום ש.ח,2024-11-23,2024-11-23 01:26:43,2024-11-23 01:59:59,33.266666666666666,1.6,1,1.1166666666666667,1,1.1166666666666667,1.8036072144288577,,1.3,1.2,0,2024-11-24 02:00:00,14.483333333333333,Sunday,קשת 12 | כמעט שבת שלום ש.ח
קשת 12,מאסטר שף נבחרת החלומות,2024-11-02,2024-11-02 21:49:33,2024-11-02 23:07:50,78.28333333333333,18.0,1,9.433333333333334,0,0.0,0.7664466680860124,18.0,20.7,20.666666666666668,1,2024-11-03 21:50:41,83.16666666666667,Sunday,קשת 12 | מאסטר שף נבחרת החלומות
קשת 12,מאסטר שף נבחרת החלומות ש.ח,2024-11-01,2024-11-01 23:27:18,2024-11-02 00:50:49,83.51666666666667,4.4,5,17.766666666666666,0,0.0,3.592097385751347,5.1000000000000005,3.0,2.533333333333333,2,2024-11-02 13:35:35,24.55,Saturday,קשת 12 | מאסטר שף נבחרת החלומות ש.ח
קשת 12,מאסטר שף נבחרת החלומות ש.ח,2024-11-02,2024-11-02 13:35:35,2024-11-02 14:00:08,24.55,3.0,2,3.4333333333333336,0,0.0,4.887983706720977,2.533333333333333,2.5,,0,2024-11-03 01:42:25,17.566666666666666,Sunday,קשת 12 | מאסטר שף נבחרת החלומות ש.ח
קשת 12,מאסטר שף נבחרת החלומות ש.ח,2024-11-03,2024-11-03 01:42:25,2024-11-03 01:59:59,17.566666666666666,2.5,0,0.0,0,0.0,0.0,,1.7,,1,2024-11-04 01:18:21,41.63333333333333,Monday,קשת 12 | מאסטר שף נבחרת החלומות ש.ח
קשת 12,מאסטר שף נבחרת החלומות ש.ח,2024-11-04,2024-11-04 01:18:21,2024-11-04 01:59:59,41.63333333333333,1.7,1,1.7166666666666666,0,0.0,1.4411529223378703,,1.7,1.8,0,2024-11-05 02:00:00,26.633333333333333,Tuesday,קשת 12 | מאסטר שף נבחרת החלומות ש.ח
קשת 12,מאסטר שף נבחרת החלומות ש.ח,2024-11-05,2024-11-05 02:00:00,2024-11-05 02:26:38,26.633333333333333,1.7,0,0.0,0,0.0,0.0,1.8,2.9,,0,2024-11-06 01:49:49,10.166666666666666,Wednesday,קשת 12 | מאסטר שף נבחרת החלומות ש.ח
קשת 12,מאסטר שף נבחרת החלומות ש.ח,2024-11-06,2024-11-06 01:49:49,2024-11-06 01:59:59,10.166666666666666,2.9,0,0.0,0,0.0,0.0,,1.2,,0,2024-11-07 01:42:42,16.983333333333334,Thursday,קשת 12 | מאסטר שף נבחרת החלומות ש.ח
קשת 12,מאסטר שף נבחרת החלומות ש.ח,2024-11-07,2024-11-07 01:42:42,2024-11-07 01:59:41,16.983333333333334,1.2,0,0.0,0,0.0,0.0,,2.0,,3,2024-11-08 01:10:35,49.4,Friday,קשת 12 | מאסטר שף נבחרת החלומות ש.ח
קשת 12,מאסטר שף נבחרת החלומות ש.ח,2024-11-08,2024-11-08 01:10:35,2024-11-08 01:59:59,49.4,2.0,3,3.05,1,0.8833333333333333,3.643724696356275,,1.3,1.2666666666666666,0,2024-11-09 02:00:00,23.166666666666668,Saturday,קשת 12 | מאסטר שף נבחרת החלומות ש.ח
קשת 12,מאסטר שף נבחרת החלומות ש.ח,2024-11-11,2024-11-11 02:06:44,2024-11-11 03:15:33,68.81666666666666,1.5,0,0.0,0,0.0,0.0,2.233333333333333,2.2,,0,2024-11-12 01:38:10,21.816666666666666,Tuesday,קשת 12 | מאסטר שף נבחרת החלומות ש.ח
קשת 12,מאסטר שף נבחרת החלומות ש.ח,2024-11-12,2024-11-12 01:38:10,2024-11-12 01:59:59,21.816666666666666,2.2,0,0.0,0,0.0,0.0,,0.5,,0,2024-11-13 01:21:48,38.18333333333333,Wednesday,קשת 12 | מאסטר שף נבחרת החלומות ש.ח
קשת 12,מאסטר שף נבחרת החלומות ש.ח,2024-11-13,2024-11-13 01:21:48,2024-11-13 01:59:59,38.18333333333333,0.5,0,0.0,0,0.0,0.0,,1.3,,0,2024-11-14 01:40:08,19.85,Thursday,קשת 12 | מאסטר שף נבחרת החלומות ש.ח
קשת 12,מאסטר שף נבחרת החלומות ש.ח,2024-11-14,2024-11-14 01:40:08,2024-11-14 01:59:59,19.85,1.3,0,0.0,0,0.0,0.0,,1.1,0.8666666666666667,1,2024-11-15 02:00:00,45.35,Friday,קשת 12 | מאסטר שף נבחרת החלומות ש.ח
קשת 12,מאסטר שף נבחרת החלומות ש.ח,2024-11-17,2024-11-17 02:11:35,2024-11-17 04:46:53,155.3,0.8,2,2.1166666666666667,1,1.0,0.77269800386349,0.8666666666666667,0.3,0.7333333333333333,0,2024-11-18 03:00:50,92.56666666666666,Monday,קשת 12 | מאסטר שף נבחרת החלומות ש.ח
קשת 12,מאסטר שף נבחרת החלומות ש.ח,2024-11-18,2024-11-18 03:00:50,2024-11-18 04:33:24,92.56666666666666,0.3,0,0.0,0,0.0,0.0,0.7333333333333333,0.8,1.0333333333333334,0,2024-11-19 02:43:39,63.766666666666666,Tuesday,קשת 12 | מאסטר שף נבחרת החלומות ש.ח
קשת 12,מאסטר שף נבחרת החלומות ש.ח,2024-11-19,2024-11-19 02:43:39,2024-11-19 03:47:25,63.766666666666666,0.8,0,0.0,0,0.0,0.0,1.0333333333333334,0.5,0.7000000000000001,1,2024-11-20 03:09:27,55.733333333333334,Wednesday,קשת 12 | מאסטר שף נבחרת החלומות ש.ח
קשת 12,מאסטר שף נבחרת החלומות ש.ח,2024-11-20,2024-11-20 03:09:27,2024-11-20 04:05:11,55.733333333333334,0.5,1,1.4333333333333333,0,0.0,1.076555023923445,0.7000000000000001,0.9,1.4333333333333333,1,2024-11-21 02:25:44,67.73333333333333,Thursday,קשת 12 | מאסטר שף נבחרת החלומות ש.ח
קשת 12,מאסטר שף נבחרת החלומות ש.ח,2024-11-21,2024-11-21 02:25:44,2024-11-21 03:33:28,67.73333333333333,0.9,1,1.1666666666666667,0,0.0,0.8858267716535434,1.4333333333333333,1.6,2.3333333333333335,1,2024-11-22 03:04:34,60.9,Friday,קשת 12 | מאסטר שף נבחרת החלומות ש.ח
קשת 12,מאסטר שף נבחרת החלומות ש.ח,2024-11-22,2024-11-22 03:04:34,2024-11-22 04:05:28,60.9,1.6,1,1.3,0,0.0,0.9852216748768474,2.3333333333333335,0.9,1.0,1,2024-11-23 02:40:21,67.48333333333333,Saturday,קשת 12 | מאסטר שף נבחרת החלומות ש.ח
קשת 12,מאסטר שף נבחרת החלומות ש.ח,2024-11-23,2024-11-23 02:40:21,2024-11-23 03:47:50,67.48333333333333,0.9,1,1.2333333333333334,0,0.0,0.8891084218325512,1.0,0.8,1.1333333333333333,0,2024-11-24 02:14:29,68.03333333333333,Sunday,קשת 12 | מאסטר שף נבחרת החלומות ש.ח
קשת 12,מאסטר שף נבחרת החלומות ש.ח,2024-11-24,2024-11-24 02:14:29,2024-11-24 03:22:31,68.03333333333333,0.8,0,0.0,0,0.0,0.0,1.1333333333333333,1.1,1.3333333333333333,0,2024-11-25 03:01:06,57.516666666666666,Monday,קשת 12 | מאסטר שף נבחרת החלומות ש.ח
קשת 12,מאסטר שף נבחרת החלומות ש.ח,2024-11-25,2024-11-25 03:01:06,2024-11-25 03:58:37,57.516666666666666,1.1,0,0.0,0,0.0,0.0,1.3333333333333333,0.7,0.8000000000000002,1,2024-11-26 02:40:17,63.55,Tuesday,קשת 12 | מאסטר שף נבחרת החלומות ש.ח
קשת 12,מאסטר שף נבחרת החלומות ש.ח,2024-11-26,2024-11-26 02:40:17,2024-11-26 03:43:50,63.55,0.7,1,1.1333333333333333,0,0.0,0.944138473642801,0.8000000000000002,1.7,1.8,1,2024-11-27 03:04:18,63.333333333333336,Wednesday,קשת 12 | מאסטר שף נבחרת החלומות ש.ח
קשת 12,מאסטר שף נבחרת החלומות ש.ח,2024-11-27,2024-11-27 03:04:18,2024-11-27 04:07:38,63.333333333333336,1.7,1,0.9166666666666666,0,0.0,0.9473684210526315,1.8,0.8,1.3333333333333333,0,2024-11-28 02:24:37,91.51666666666667,Thursday,קשת 12 | מאסטר שף נבחרת החלומות ש.ח
קשת 12,מבחני הדרכים של אוטו,2024-11-10,2024-11-10 00:37:52,2024-11-10 00:46:58,9.1,4.1,0,0.0,0,0.0,0.0,,3.6,,0,2024-11-11 00:35:08,9.3,Monday,קשת 12 | מבחני הדרכים של אוטו
קשת 12,מבחני הדרכים של אוטו,2024-11-24,2024-11-24 00:33:36,2024-11-24 00:43:08,9.533333333333333,2.7,0,0.0,0,0.0,0.0,,4.0,4.2,0,2024-11-25 23:57:00,8.95,Monday,קשת 12 | מבחני הדרכים של אוטו
קשת 12,מבחני הדרכים של אוטו ש.ח,2024-11-07,2024-11-07 01:34:41,2024-11-07 01:42:42,8.016666666666667,1.2,0,0.0,0,0.0,0.0,,0.9,0.9,0,2024-11-08 03:55:21,2.2333333333333334,Friday,קשת 12 | מבחני הדרכים של אוטו ש.ח
קשת 12,מבחני הדרכים של אוטו ש.ח,2024-11-11,2024-11-11 03:54:27,2024-11-11 04:02:28,8.016666666666667,0.5,0,0.0,0,0.0,0.0,0.5,0.9,1.0333333333333334,0,2024-11-12 04:39:44,9.3,Tuesday,קשת 12 | מבחני הדרכים של אוטו ש.ח
קשת 12,מבחני הדרכים של אוטו ש.ח,2024-11-12,2024-11-12 04:39:44,2024-11-12 04:49:02,9.3,0.9,0,0.0,0,0.0,0.0,1.0333333333333334,0.8,,0,2024-11-13 01:12:42,9.1,Wednesday,קשת 12 | מבחני הדרכים של אוטו ש.ח
קשת 12,מבחני הדרכים של אוטו ש.ח,2024-11-13,2024-11-13 01:12:42,2024-11-13 01:21:48,9.1,0.8,0,0.0,0,0.0,0.0,,2.8,,0,2024-11-14 00:34:26,9.283333333333333,Thursday,קשת 12 | מבחני הדרכים של אוטו ש.ח
קשת 12,מבחני הדרכים של אוטו ש.ח,2024-11-14,2024-11-14 00:34:26,2024-11-14 00:43:43,9.283333333333333,2.8,0,0.0,0,0.0,0.0,,0.4,0.3666666666666667,0,2024-11-15 03:54:35,9.3,Friday,קשת 12 | מבחני הדרכים של אוטו ש.ח
קשת 12,מבחני הדרכים של אוטו ש.ח,2024-11-15,2024-11-15 03:54:35,2024-11-15 04:03:53,9.3,0.4,0,0.0,0,0.0,0.0,0.3666666666666667,0.2,0.3333333333333333,0,2024-11-16 03:10:36,9.283333333333333,Saturday,קשת 12 | מבחני הדרכים של אוטו ש.ח
קשת 12,מבחני הדרכים של אוטו ש.ח,2024-11-16,2024-11-16 03:10:36,2024-11-16 03:19:53,9.283333333333333,0.2,0,0.0,0,0.0,0.0,0.3333333333333333,3.2,,0,2024-11-17 00:30:31,8.9,Sunday,קשת 12 | מבחני הדרכים של אוטו ש.ח
קשת 12,מבחני הדרכים של אוטו ש.ח,2024-11-19,2024-11-19 03:47:25,2024-11-19 03:57:07,9.7,0.4,0,0.0,0,0.0,0.0,0.4000000000000001,3.1,,0,2024-11-20 00:59:42,8.883333333333333,Wednesday,קשת 12 | מבחני הדרכים של אוטו ש.ח
קשת 12,מבחני הדרכים של אוטו ש.ח,2024-11-20,2024-11-20 00:59:42,2024-11-20 01:08:35,8.883333333333333,3.1,0,0.0,0,0.0,0.0,,4.8,,0,2024-11-21 00:14:31,9.7,Thursday,קשת 12 | מבחני הדרכים של אוטו ש.ח
קשת 12,מבחני הדרכים של אוטו ש.ח,2024-11-25,2024-11-25 03:58:37,2024-11-25 04:08:09,9.533333333333333,0.9,0,0.0,0,0.0,0.0,1.2,0.9,1.0333333333333334,0,2024-11-26 02:31:20,8.95,Tuesday,קשת 12 | מבחני הדרכים של אוטו ש.ח
קשת 12,מבחני הדרכים של אוטו ש.ח,2024-11-26,2024-11-26 02:31:20,2024-11-26 02:40:17,8.95,0.9,0,0.0,0,0.0,0.0,1.0333333333333334,1.1,1.2,0,2024-11-27 04:07:38,8.95,Wednesday,קשת 12 | מבחני הדרכים של אוטו ש.ח
קשת 12,מבחני הדרכים של אוטו ש.ח,2024-11-27,2024-11-27 04:07:38,2024-11-27 04:16:35,8.95,1.1,0,0.0,0,0.0,0.0,1.2,2.2,,0,2024-11-28 00:35:14,8.95,Thursday,קשת 12 | מבחני הדרכים של אוטו ש.ח
קשת 12,מהדורת היום עם עמליה ועופר,2024-11-03,2024-11-03 16:12:24,2024-11-03 16:56:11,43.78333333333333,8.8,1,5.4,0,0.0,1.3703844689760183,7.033333333333334,8.0,7.433333333333333,1,2024-11-04 16:12:15,43.8,Monday,קשת 12 | מהדורת היום עם עמליה ועופר
קשת 12,מהדורת היום עם עמליה ועופר,2024-11-04,2024-11-04 16:12:15,2024-11-04 16:56:03,43.8,8.0,1,7.233333333333333,0,0.0,1.36986301369863,7.433333333333333,8.0,6.566666666666667,1,2024-11-05 16:11:54,43.483333333333334,Tuesday,קשת 12 | מהדורת היום עם עמליה ועופר
קשת 12,מהדורת היום עם עמליה ועופר,2024-11-05,2024-11-05 16:11:54,2024-11-05 16:55:23,43.483333333333334,8.0,1,7.116666666666666,0,0.0,1.379839018781142,6.566666666666667,9.9,8.366666666666665,2,2024-11-06 16:11:06,44.55,Wednesday,קשת 12 | מהדורת היום עם עמליה ועופר
קשת 12,מהדורת היום עם עמליה ועופר,2024-11-06,2024-11-06 16:11:06,2024-11-06 16:55:39,44.55,9.9,2,6.6,0,0.0,2.6936026936026938,8.366666666666665,8.8,7.3,1,2024-11-07 16:10:35,45.43333333333333,Thursday,קשת 12 | מהדורת היום עם עמליה ועופר
קשת 12,מהדורת היום עם עמליה ועופר,2024-11-10,2024-11-10 16:10:08,2024-11-10 16:54:56,44.8,9.1,1,5.016666666666667,0,0.0,1.3392857142857144,8.466666666666667,8.8,7.733333333333333,1,2024-11-11 16:09:34,45.56666666666667,Monday,קשת 12 | מהדורת היום עם עמליה ועופר
קשת 12,מהדורת היום עם עמליה ועופר,2024-11-11,2024-11-11 16:09:34,2024-11-11 16:55:08,45.56666666666667,8.8,1,5.25,0,0.0,1.3167520117044622,7.733333333333333,9.7,7.966666666666666,1,2024-11-12 16:11:40,44.166666666666664,Tuesday,קשת 12 | מהדורת היום עם עמליה ועופר
קשת 12,מהדורת היום עם עמליה ועופר,2024-11-12,2024-11-12 16:11:40,2024-11-12 16:55:50,44.166666666666664,9.7,1,5.4,1,5.4,1.358490566037736,7.966666666666666,7.0,6.0,1,2024-11-13 16:10:28,45.166666666666664,Wednesday,קשת 12 | מהדורת היום עם עמליה ועופר
קשת 12,מהדורת היום עם עמליה ועופר,2024-11-13,2024-11-13 16:10:28,2024-11-13 16:55:38,45.166666666666664,7.0,1,6.483333333333333,0,0.0,1.3284132841328413,6.0,7.9,5.766666666666667,1,2024-11-14 16:08:50,46.63333333333333,Thursday,קשת 12 | מהדורת היום עם עמליה ועופר
קשת 12,מהדורת היום עם עמליה ועופר,2024-11-17,2024-11-17 16:09:40,2024-11-17 16:56:38,46.96666666666667,7.3,1,4.15,0,0.0,1.27750177430802,6.766666666666667,7.2,5.966666666666666,1,2024-11-18 16:08:59,46.28333333333333,Monday,קשת 12 | מהדורת היום עם עמליה ועופר
קשת 12,מהדורת היום עם עמליה ועופר,2024-11-18,2024-11-18 16:08:59,2024-11-18 16:55:16,46.28333333333333,7.2,1,3.216666666666667,0,0.0,1.2963629816348576,5.966666666666666,7.9,7.033333333333334,1,2024-11-19 16:09:33,46.2,Tuesday,קשת 12 | מהדורת היום עם עמליה ועופר
קשת 12,מהדורת היום עם עמליה ועופר,2024-11-19,2024-11-19 16:09:33,2024-11-19 16:55:45,46.2,7.9,1,5.7,0,0.0,1.2987012987012987,7.033333333333334,6.5,5.633333333333334,1,2024-11-20 16:10:14,45.53333333333333,Wednesday,קשת 12 | מהדורת היום עם עמליה ועופר
קשת 12,מהדורת היום עם עמליה ועופר,2024-11-20,2024-11-20 16:10:14,2024-11-20 16:55:46,45.53333333333333,6.5,1,4.866666666666666,0,0.0,1.3177159590043925,5.633333333333334,7.6,6.533333333333334,1,2024-11-21 16:11:30,44.416666666666664,Thursday,קשת 12 | מהדורת היום עם עמליה ועופר
קשת 12,מהדורת היום עם עמליה ועופר,2024-11-24,2024-11-24 16:10:29,2024-11-24 16:56:02,45.55,9.4,1,4.033333333333333,0,0.0,1.3172338090010978,8.766666666666667,7.4,7.366666666666667,2,2024-11-25 16:12:02,43.1,Monday,קשת 12 | מהדורת היום עם עמליה ועופר
קשת 12,מהדורת היום עם עמליה ועופר,2024-11-25,2024-11-25 16:12:02,2024-11-25 16:55:08,43.1,7.4,2,1.9333333333333333,0,0.0,2.784222737819025,7.366666666666667,8.0,6.966666666666666,1,2024-11-26 16:10:48,44.93333333333333,Tuesday,קשת 12 | מהדורת היום עם עמליה ועופר
קשת 12,מהדורת היום עם עמליה ועופר,2024-11-26,2024-11-26 16:10:48,2024-11-26 16:55:44,44.93333333333333,8.0,1,5.05,0,0.0,1.3353115727002969,6.966666666666666,7.4,6.3999999999999995,2,2024-11-27 16:12:29,42.85,Wednesday,קשת 12 | מהדורת היום עם עמליה ועופר
קשת 12,מהדורת היום עם עמליה ועופר,2024-11-27,2024-11-27 16:12:29,2024-11-27 16:55:20,42.85,7.4,2,1.6333333333333333,0,0.0,2.800466744457409,6.3999999999999995,7.4,5.8999999999999995,1,2024-11-28 16:13:01,42.666666666666664,Thursday,קשת 12 | מהדורת היום עם עמליה ועופר
קשת 12,מהדורת היום עם עמליה ועופר - מוקדמת,2024-11-03,2024-11-03 14:59:46,2024-11-03 16:05:02,65.26666666666667,6.6,4,8.566666666666666,1,1.1,3.677221654749745,5.800000000000001,7.5,7.233333333333334,4,2024-11-04 15:00:22,62.63333333333333,Monday,קשת 12 | מהדורת היום עם עמליה ועופר - מוקדמת
קשת 12,מהדורת היום עם עמליה ועופר - מוקדמת,2024-11-04,2024-11-04 15:00:22,2024-11-04 16:03:00,62.63333333333333,7.5,4,8.200000000000001,1,0.8666666666666667,3.8318254390633317,7.233333333333334,6.0,5.7,4,2024-11-05 14:59:45,61.96666666666667,Tuesday,קשת 12 | מהדורת היום עם עמליה ועופר - מוקדמת
קשת 12,מהדורת היום עם עמליה ועופר - מוקדמת,2024-11-05,2024-11-05 14:59:45,2024-11-05 16:01:43,61.96666666666667,6.0,4,8.283333333333333,1,0.9666666666666667,3.8730500268961805,5.7,6.9,5.966666666666666,4,2024-11-06 14:59:22,64.28333333333333,Wednesday,קשת 12 | מהדורת היום עם עמליה ועופר - מוקדמת
קשת 12,מהדורת היום עם עמליה ועופר - מוקדמת,2024-11-06,2024-11-06 14:59:22,2024-11-06 16:03:39,64.28333333333333,6.9,4,8.95,0,0.0,3.7334716100596315,5.966666666666666,6.8,6.433333333333334,4,2024-11-07 15:00:36,61.53333333333333,Thursday,קשת 12 | מהדורת היום עם עמליה ועופר - מוקדמת
קשת 12,מהדורת היום עם עמליה ועופר - מוקדמת,2024-11-10,2024-11-10 15:01:09,2024-11-10 16:02:07,60.96666666666667,7.7,4,5.8,1,1.0666666666666667,3.936577364680153,6.833333333333333,6.9,5.8999999999999995,4,2024-11-11 15:00:38,61.333333333333336,Monday,קשת 12 | מהדורת היום עם עמליה ועופר - מוקדמת
קשת 12,מהדורת היום עם עמליה ועופר - מוקדמת,2024-11-11,2024-11-11 15:00:38,2024-11-11 16:01:58,61.333333333333336,6.9,4,7.666666666666666,1,1.1,3.913043478260869,5.8999999999999995,7.9,6.133333333333333,4,2024-11-12 15:00:10,63.483333333333334,Tuesday,קשת 12 | מהדורת היום עם עמליה ועופר - מוקדמת
קשת 12,מהדורת היום עם עמליה ועופר - מוקדמת,2024-11-12,2024-11-12 15:00:10,2024-11-12 16:03:39,63.483333333333334,7.9,4,7.55,1,1.45,3.780519821475453,6.133333333333333,6.8,6.2,4,2024-11-13 14:59:46,61.81666666666667,Wednesday,קשת 12 | מהדורת היום עם עמליה ועופר - מוקדמת
קשת 12,מהדורת היום עם עמליה ועופר - מוקדמת,2024-11-13,2024-11-13 14:59:46,2024-11-13 16:01:35,61.81666666666667,6.8,4,8.216666666666667,1,1.15,3.882448099218118,6.2,6.7,6.0,4,2024-11-14 15:00:30,61.06666666666667,Thursday,קשת 12 | מהדורת היום עם עמליה ועופר - מוקדמת
קשת 12,מהדורת היום עם עמליה ועופר - מוקדמת,2024-11-17,2024-11-17 15:01:07,2024-11-17 16:00:45,59.63333333333333,5.9,4,6.683333333333333,1,1.0833333333333333,4.0245947456679705,5.766666666666667,7.1,6.433333333333333,4,2024-11-18 15:00:31,60.53333333333333,Monday,קשת 12 | מהדורת היום עם עמליה ועופר - מוקדמת
קשת 12,מהדורת היום עם עמליה ועופר - מוקדמת,2024-11-18,2024-11-18 15:00:31,2024-11-18 16:01:03,60.53333333333333,7.1,4,5.166666666666667,1,0.75,3.964757709251101,6.433333333333333,6.0,5.2,4,2024-11-19 14:59:50,61.18333333333333,Tuesday,קשת 12 | מהדורת היום עם עמליה ועופר - מוקדמת
קשת 12,מהדורת היום עם עמליה ועופר - מוקדמת,2024-11-19,2024-11-19 14:59:50,2024-11-19 16:01:01,61.18333333333333,6.0,4,6.833333333333332,1,1.1333333333333333,3.9226368836829204,5.2,5.1,4.966666666666667,3,2024-11-20 15:00:35,61.03333333333333,Wednesday,קשת 12 | מהדורת היום עם עמליה ועופר - מוקדמת
קשת 12,מהדורת היום עם עמליה ועופר - מוקדמת,2024-11-20,2024-11-20 15:00:35,2024-11-20 16:01:37,61.03333333333333,5.1,3,5.866666666666667,0,0.0,2.949208083014746,4.966666666666667,6.8,6.733333333333333,4,2024-11-21 15:00:30,62.85,Thursday,קשת 12 | מהדורת היום עם עמליה ועופר - מוקדמת
קשת 12,מהדורת היום עם עמליה ועופר - מוקדמת,2024-11-24,2024-11-24 15:00:29,2024-11-24 16:01:50,61.35,8.3,4,7.050000000000001,1,1.1166666666666667,3.9119804400977998,7.8999999999999995,5.8,4.933333333333334,4,2024-11-25 15:00:34,62.15,Monday,קשת 12 | מהדורת היום עם עמליה ועופר - מוקדמת
קשת 12,מהדורת היום עם עמליה ועופר - מוקדמת,2024-11-25,2024-11-25 15:00:34,2024-11-25 16:02:43,62.15,5.8,4,6.483333333333333,1,1.0166666666666666,3.8616251005631534,4.933333333333334,6.2,5.533333333333334,4,2024-11-26 14:59:56,62.983333333333334,Tuesday,קשת 12 | מהדורת היום עם עמליה ועופר - מוקדמת
קשת 12,מהדורת היום עם עמליה ועופר - מוקדמת,2024-11-26,2024-11-26 14:59:56,2024-11-26 16:02:55,62.983333333333334,6.2,4,7.783333333333333,1,1.3166666666666667,3.8105318867425244,5.533333333333334,6.4,5.7,4,2024-11-27 14:59:35,62.85,Wednesday,קשת 12 | מהדורת היום עם עמליה ועופר - מוקדמת
קשת 12,מהדורת היום עם עמליה ועופר - מוקדמת,2024-11-27,2024-11-27 14:59:35,2024-11-27 16:02:26,62.85,6.4,4,8.433333333333334,1,1.3166666666666667,3.818615751789976,5.7,5.7,4.366666666666666,4,2024-11-28 14:59:49,63.13333333333333,Thursday,קשת 12 | מהדורת היום עם עמליה ועופר - מוקדמת
קשת 12,מיוחד-מלחמה בדרום - חרבות ברזל - ערב מאוחרת ע.12,2024-11-04,2024-11-04 20:54:18,2024-11-04 22:00:38,66.33333333333333,15.1,4,21.666666666666668,2,1.55,3.618090452261307,15.866666666666667,18.5,18.5,2,2024-11-05 20:53:39,63.53333333333333,Tuesday,קשת 12 | מיוחד-מלחמה בדרום - חרבות ברזל - ערב מאוחרת ע.12
קשת 12,מיוחד-מלחמה בדרום - חרבות ברזל - צהריים מוקדמת ע.12,2024-11-02,2024-11-02 15:08:17,2024-11-02 16:00:31,52.233333333333334,5.7,0,0.0,0,0.0,0.0,4.866666666666667,3.5,2.4,4,2024-11-03 12:07:14,116.03333333333333,Sunday,קשת 12 | מיוחד-מלחמה בדרום - חרבות ברזל - צהריים מוקדמת ע.12
קשת 12,מיוחד-מלחמה בדרום - חרבות ברזל - צהריים מוקדמת ע.12,2024-11-03,2024-11-03 12:07:14,2024-11-03 14:03:16,116.03333333333333,3.5,4,8.65,0,0.0,2.068371157713301,2.4,4.7,2.8333333333333335,5,2024-11-04 12:09:43,113.43333333333334,Monday,קשת 12 | מיוחד-מלחמה בדרום - חרבות ברזל - צהריים מוקדמת ע.12
קשת 12,מיוחד-מלחמה בדרום - חרבות ברזל - צהריים מוקדמת ע.12,2024-11-04,2024-11-04 12:09:43,2024-11-04 14:03:09,113.43333333333334,4.7,5,13.15,0,0.0,2.644725242433147,2.8333333333333335,4.2,4.5,5,2024-11-05 12:09:36,112.85,Tuesday,קשת 12 | מיוחד-מלחמה בדרום - חרבות ברזל - צהריים מוקדמת ע.12
קשת 12,מיוחד-מלחמה בדרום - חרבות ברזל - צהריים מוקדמת ע.12,2024-11-05,2024-11-05 12:09:36,2024-11-05 14:02:27,112.85,4.2,5,20.3,0,0.0,2.658396101019052,4.5,7.0,8.033333333333333,7,2024-11-06 12:01:00,119.0,Wednesday,קשת 12 | מיוחד-מלחמה בדרום - חרבות ברזל - צהריים מוקדמת ע.12
קשת 12,מיוחד-מלחמה בדרום - חרבות ברזל - צהריים מוקדמת ע.12,2024-11-06,2024-11-06 12:01:00,2024-11-06 14:00:00,119.0,7.0,7,25.71666666666667,1,0.7833333333333333,3.5294117647058822,8.033333333333333,5.7,5.133333333333333,5,2024-11-07 12:07:10,112.83333333333333,Thursday,קשת 12 | מיוחד-מלחמה בדרום - חרבות ברזל - צהריים מוקדמת ע.12
קשת 12,מיוחד-מלחמה בדרום - חרבות ברזל - צהריים מוקדמת ע.12,2024-11-07,2024-11-07 12:07:10,2024-11-07 14:00:00,112.83333333333333,5.7,5,16.566666666666666,0,0.0,2.658788774002954,5.133333333333333,8.5,7.733333333333333,7,2024-11-08 11:58:53,121.48333333333333,Friday,קשת 12 | מיוחד-מלחמה בדרום - חרבות ברזל - צהריים מוקדמת ע.12
קשת 12,מיוחד-מלחמה בדרום - חרבות ברזל - צהריים מוקדמת ע.12,2024-11-10,2024-11-10 12:07:30,2024-11-10 14:03:25,115.91666666666667,4.8,5,13.316666666666666,0,0.0,2.5880661394680087,4.0,3.4,3.6333333333333333,5,2024-11-11 12:06:07,116.9,Monday,קשת 12 | מיוחד-מלחמה בדרום - חרבות ברזל - צהריים מוקדמת ע.12
קשת 12,מיוחד-מלחמה בדרום - חרבות ברזל - צהריים מוקדמת ע.12,2024-11-11,2024-11-11 12:06:07,2024-11-11 14:03:01,116.9,3.4,5,15.933333333333334,0,0.0,2.566295979469632,3.6333333333333333,4.2,3.1,5,2024-11-12 12:07:21,112.31666666666666,Tuesday,קשת 12 | מיוחד-מלחמה בדרום - חרבות ברזל - צהריים מוקדמת ע.12
קשת 12,מיוחד-מלחמה בדרום - חרבות ברזל - צהריים מוקדמת ע.12,2024-11-12,2024-11-12 12:07:21,2024-11-12 13:59:40,112.31666666666666,4.2,5,18.4,0,0.0,2.6710194390859177,3.1,4.1,3.266666666666667,5,2024-11-13 12:07:05,115.06666666666666,Wednesday,קשת 12 | מיוחד-מלחמה בדרום - חרבות ברזל - צהריים מוקדמת ע.12
קשת 12,מיוחד-מלחמה בדרום - חרבות ברזל - צהריים מוקדמת ע.12,2024-11-13,2024-11-13 12:07:05,2024-11-13 14:02:09,115.06666666666666,4.1,5,19.466666666666665,0,0.0,2.6071842410196986,3.266666666666667,4.7,3.5,5,2024-11-14 12:07:56,111.91666666666667,Thursday,קשת 12 | מיוחד-מלחמה בדרום - חרבות ברזל - צהריים מוקדמת ע.12
קשת 12,מיוחד-מלחמה בדרום - חרבות ברזל - צהריים מוקדמת ע.12,2024-11-17,2024-11-17 12:06:32,2024-11-17 14:01:07,114.58333333333333,3.6,5,14.5,0,0.0,2.618181818181818,3.9,3.7,3.2000000000000006,5,2024-11-18 12:07:48,113.08333333333333,Monday,קשת 12 | מיוחד-מלחמה בדרום - חרבות ברזל - צהריים מוקדמת ע.12
קשת 12,מיוחד-מלחמה בדרום - חרבות ברזל - צהריים מוקדמת ע.12,2024-11-18,2024-11-18 12:07:48,2024-11-18 14:00:53,113.08333333333333,3.7,5,15.666666666666666,0,0.0,2.6529108327192334,3.2000000000000006,4.2,3.4,5,2024-11-19 12:06:45,115.13333333333334,Tuesday,קשת 12 | מיוחד-מלחמה בדרום - חרבות ברזל - צהריים מוקדמת ע.12
קשת 12,מיוחד-מלחמה בדרום - חרבות ברזל - צהריים מוקדמת ע.12,2024-11-19,2024-11-19 12:06:45,2024-11-19 14:01:53,115.13333333333334,4.2,5,15.333333333333332,0,0.0,2.605674580196873,3.4,4.6,3.5,5,2024-11-20 12:07:06,114.7,Wednesday,קשת 12 | מיוחד-מלחמה בדרום - חרבות ברזל - צהריים מוקדמת ע.12
קשת 12,מיוחד-מלחמה בדרום - חרבות ברזל - צהריים מוקדמת ע.12,2024-11-20,2024-11-20 12:07:06,2024-11-20 14:01:48,114.7,4.6,5,13.95,0,0.0,2.615518744551003,3.5,5.0,4.933333333333334,5,2024-11-21 12:07:59,113.93333333333334,Thursday,קשת 12 | מיוחד-מלחמה בדרום - חרבות ברזל - צהריים מוקדמת ע.12
קשת 12,מיוחד-מלחמה בדרום - חרבות ברזל - צהריים מוקדמת ע.12,2024-11-24,2024-11-24 12:06:25,2024-11-24 14:00:00,113.58333333333333,6.5,3,10.233333333333334,1,0.8,1.5847395451210566,4.166666666666667,4.5,4.633333333333333,5,2024-11-25 12:09:05,110.91666666666667,Monday,קשת 12 | מיוחד-מלחמה בדרום - חרבות ברזל - צהריים מוקדמת ע.12
קשת 12,מיוחד-מלחמה בדרום - חרבות ברזל - צהריים מוקדמת ע.12,2024-11-25,2024-11-25 12:09:05,2024-11-25 14:00:00,110.91666666666667,4.5,5,8.633333333333335,0,0.0,2.70473328324568,4.633333333333333,3.9,3.466666666666667,5,2024-11-26 12:07:15,114.7,Tuesday,קשת 12 | מיוחד-מלחמה בדרום - חרבות ברזל - צהריים מוקדמת ע.12
קשת 12,מיוחד-מלחמה בדרום - חרבות ברזל - צהריים מוקדמת ע.12,2024-11-26,2024-11-26 12:07:15,2024-11-26 14:01:57,114.7,3.9,5,9.616666666666665,1,0.9166666666666666,2.615518744551003,3.466666666666667,4.2,3.6,5,2024-11-27 12:08:29,113.91666666666667,Wednesday,קשת 12 | מיוחד-מלחמה בדרום - חרבות ברזל - צהריים מוקדמת ע.12
קשת 12,מיוחד-מלחמה בדרום - חרבות ברזל - צהריים מוקדמת ע.12,2024-11-27,2024-11-27 12:08:29,2024-11-27 14:02:24,113.91666666666667,4.2,5,9.833333333333334,0,0.0,2.6335040234089244,3.6,3.5,4.0,5,2024-11-28 12:09:14,113.8,Thursday,קשת 12 | מיוחד-מלחמה בדרום - חרבות ברזל - צהריים מוקדמת ע.12
קשת 12,מיוחד-מלחמה בדרום - חרבות ברזל - צהריים ע.12,2024-11-03,2024-11-03 14:08:58,2024-11-03 14:59:46,50.8,5.5,2,4.4,0,0.0,2.362204724409449,5.066666666666666,5.7,6.0,2,2024-11-04 14:09:58,50.4,Monday,קשת 12 | מיוחד-מלחמה בדרום - חרבות ברזל - צהריים ע.12
קשת 12,מיוחד-מלחמה בדרום - חרבות ברזל - צהריים ע.12,2024-11-04,2024-11-04 14:09:58,2024-11-04 15:00:22,50.4,5.7,2,6.266666666666667,0,0.0,2.380952380952381,6.0,5.0,4.066666666666666,2,2024-11-05 14:10:52,48.88333333333333,Tuesday,קשת 12 | מיוחד-מלחמה בדרום - חרבות ברזל - צהריים ע.12
קשת 12,מיוחד-מלחמה בדרום - חרבות ברזל - צהריים ע.12,2024-11-05,2024-11-05 14:10:52,2024-11-05 14:59:45,48.88333333333333,5.0,2,7.55,1,1.5,2.4548244118649847,4.066666666666666,5.4,5.433333333333334,4,2024-11-06 14:00:00,59.36666666666667,Wednesday,קשת 12 | מיוחד-מלחמה בדרום - חרבות ברזל - צהריים ע.12
קשת 12,מיוחד-מלחמה בדרום - חרבות ברזל - צהריים ע.12,2024-11-06,2024-11-06 14:00:00,2024-11-06 14:59:22,59.36666666666667,5.4,4,13.8,1,0.9,4.042672655811342,5.433333333333334,5.9,6.533333333333334,4,2024-11-07 14:00:00,60.6,Thursday,קשת 12 | מיוחד-מלחמה בדרום - חרבות ברזל - צהריים ע.12
קשת 12,מיוחד-מלחמה בדרום - חרבות ברזל - צהריים ע.12,2024-11-10,2024-11-10 14:10:03,2024-11-10 15:01:09,51.1,7.0,2,3.6500000000000004,0,0.0,2.3483365949119372,6.333333333333333,4.4,3.9666666666666663,2,2024-11-11 14:08:52,51.766666666666666,Monday,קשת 12 | מיוחד-מלחמה בדרום - חרבות ברזל - צהריים ע.12
קשת 12,מיוחד-מלחמה בדרום - חרבות ברזל - צהריים ע.12,2024-11-11,2024-11-11 14:08:52,2024-11-11 15:00:38,51.766666666666666,4.4,2,5.016666666666667,1,0.6,2.3180940115904702,3.9666666666666663,5.6,5.333333333333333,4,2024-11-12 13:59:40,60.5,Tuesday,קשת 12 | מיוחד-מלחמה בדרום - חרבות ברזל - צהריים ע.12
קשת 12,מיוחד-מלחמה בדרום - חרבות ברזל - צהריים ע.12,2024-11-12,2024-11-12 13:59:40,2024-11-12 15:00:10,60.5,5.6,4,10.950000000000001,0,0.0,3.9669421487603307,5.333333333333333,5.7,5.266666666666667,2,2024-11-13 14:09:06,50.666666666666664,Wednesday,קשת 12 | מיוחד-מלחמה בדרום - חרבות ברזל - צהריים ע.12
קשת 12,מיוחד-מלחמה בדרום - חרבות ברזל - צהריים ע.12,2024-11-13,2024-11-13 14:09:06,2024-11-13 14:59:46,50.666666666666664,5.7,2,6.033333333333333,0,0.0,2.3684210526315788,5.266666666666667,5.7,4.6000000000000005,4,2024-11-14 13:59:51,60.65,Thursday,קשת 12 | מיוחד-מלחמה בדרום - חרבות ברזל - צהריים ע.12
קשת 12,מיוחד-מלחמה בדרום - חרבות ברזל - צהריים ע.12,2024-11-17,2024-11-17 14:06:05,2024-11-17 15:01:07,55.03333333333333,4.7,2,5.383333333333334,0,0.0,2.1804966686856453,5.3,5.0,4.666666666666667,2,2024-11-18 14:07:11,53.333333333333336,Monday,קשת 12 | מיוחד-מלחמה בדרום - חרבות ברזל - צהריים ע.12
קשת 12,מיוחד-מלחמה בדרום - חרבות ברזל - צהריים ע.12,2024-11-18,2024-11-18 14:07:11,2024-11-18 15:00:31,53.333333333333336,5.0,2,5.25,0,0.0,2.25,4.666666666666667,4.5,4.733333333333333,2,2024-11-19 14:08:05,51.75,Tuesday,קשת 12 | מיוחד-מלחמה בדרום - חרבות ברזל - צהריים ע.12
קשת 12,מיוחד-מלחמה בדרום - חרבות ברזל - צהריים ע.12,2024-11-19,2024-11-19 14:08:05,2024-11-19 14:59:50,51.75,4.5,2,5.416666666666666,0,0.0,2.318840579710145,4.733333333333333,4.3,3.766666666666667,2,2024-11-20 14:09:18,51.28333333333333,Wednesday,קשת 12 | מיוחד-מלחמה בדרום - חרבות ברזל - צהריים ע.12
קשת 12,מיוחד-מלחמה בדרום - חרבות ברזל - צהריים ע.12,2024-11-20,2024-11-20 14:09:18,2024-11-20 15:00:35,51.28333333333333,4.3,2,5.983333333333333,0,0.0,2.3399415014624636,3.766666666666667,6.3,3.9,2,2024-11-21 14:10:53,49.61666666666667,Thursday,קשת 12 | מיוחד-מלחמה בדרום - חרבות ברזל - צהריים ע.12
קשת 12,מיוחד-מלחמה בדרום - חרבות ברזל - צהריים ע.12,2024-11-24,2024-11-24 14:00:00,2024-11-24 15:00:29,60.483333333333334,6.9,4,9.816666666666668,1,0.5833333333333334,3.968035271424635,6.666666666666667,4.3,4.6,4,2024-11-25 14:00:00,60.56666666666667,Monday,קשת 12 | מיוחד-מלחמה בדרום - חרבות ברזל - צהריים ע.12
קשת 12,מיוחד-מלחמה בדרום - חרבות ברזל - צהריים ע.12,2024-11-25,2024-11-25 14:00:00,2024-11-25 15:00:34,60.56666666666667,4.3,4,9.966666666666667,0,0.0,3.962575674188222,4.6,4.8,4.133333333333334,2,2024-11-26 14:09:33,50.38333333333333,Tuesday,קשת 12 | מיוחד-מלחמה בדרום - חרבות ברזל - צהריים ע.12
קשת 12,מיוחד-מלחמה בדרום - חרבות ברזל - צהריים ע.12,2024-11-26,2024-11-26 14:09:33,2024-11-26 14:59:56,50.38333333333333,4.8,2,1.7833333333333332,0,0.0,2.3817399933840555,4.133333333333334,5.2,4.6,2,2024-11-27 14:10:48,48.78333333333333,Wednesday,קשת 12 | מיוחד-מלחמה בדרום - חרבות ברזל - צהריים ע.12
קשת 12,מיוחד-מלחמה בדרום - חרבות ברזל - צהריים ע.12,2024-11-27,2024-11-27 14:10:48,2024-11-27 14:59:35,48.78333333333333,5.2,2,2.0833333333333335,0,0.0,2.459856508370345,4.6,4.0,3.5666666666666664,2,2024-11-28 14:11:49,48.0,Thursday,קשת 12 | מיוחד-מלחמה בדרום - חרבות ברזל - צהריים ע.12
קשת 12,משדר בוקר מיוחד עם נסלי ברדה ויואב לימור,2024-11-03,2024-11-03 09:30:15,2024-11-03 10:59:49,89.56666666666666,3.9,5,16.299999999999997,0,0.0,3.3494603647190173,4.8999999999999995,4.1,5.266666666666667,5,2024-11-04 09:30:29,89.2,Monday,קשת 12 | משדר בוקר מיוחד עם נסלי ברדה ויואב לימור
קשת 12,משדר בוקר מיוחד עם נסלי ברדה ויואב לימור,2024-11-04,2024-11-04 09:30:29,2024-11-04 10:59:41,89.2,4.1,5,20.116666666666667,1,0.4,3.363228699551569,5.266666666666667,5.1,5.466666666666666,5,2024-11-05 09:29:04,90.95,Tuesday,קשת 12 | משדר בוקר מיוחד עם נסלי ברדה ויואב לימור
קשת 12,משדר בוקר מיוחד עם נסלי ברדה ויואב לימור,2024-11-10,2024-11-10 09:31:49,2024-11-10 11:00:00,88.18333333333334,5.5,5,15.533333333333333,0,0.0,3.402003402003402,5.7,4.3,4.666666666666667,5,2024-11-11 09:29:55,90.26666666666667,Monday,קשת 12 | משדר בוקר מיוחד עם נסלי ברדה ויואב לימור
קשת 12,משדר בוקר מיוחד עם נסלי ברדה ויואב לימור,2024-11-11,2024-11-11 09:29:55,2024-11-11 11:00:11,90.26666666666667,4.3,5,14.299999999999997,2,5.066666666666666,3.3234859675036925,4.666666666666667,3.7,3.3666666666666667,5,2024-11-12 09:30:30,89.18333333333334,Tuesday,קשת 12 | משדר בוקר מיוחד עם נסלי ברדה ויואב לימור
קשת 12,משדר בוקר מיוחד עם נסלי ברדה ויואב לימור,2024-11-12,2024-11-12 09:30:30,2024-11-12 10:59:41,89.18333333333334,3.7,5,15.500000000000002,2,5.233333333333333,3.3638572229489814,3.3666666666666667,4.9,5.033333333333333,5,2024-11-13 09:30:42,89.25,Wednesday,קשת 12 | משדר בוקר מיוחד עם נסלי ברדה ויואב לימור
קשת 12,משדר בוקר מיוחד עם נסלי ברדה ויואב לימור,2024-11-13,2024-11-13 09:30:42,2024-11-13 10:59:57,89.25,4.9,5,14.133333333333336,1,1.4833333333333334,3.361344537815126,5.033333333333333,4.8,5.766666666666667,5,2024-11-14 09:29:43,91.35,Thursday,קשת 12 | משדר בוקר מיוחד עם נסלי ברדה ויואב לימור
קשת 12,משדר בוקר מיוחד עם נסלי ברדה ויואב לימור,2024-11-17,2024-11-17 09:30:34,2024-11-17 11:00:13,89.65,4.7,5,11.450000000000003,2,1.0833333333333333,3.346346904629113,4.7,4.7,4.533333333333333,5,2024-11-18 09:30:25,90.13333333333334,Monday,קשת 12 | משדר בוקר מיוחד עם נסלי ברדה ויואב לימור
קשת 12,משדר בוקר מיוחד עם נסלי ברדה ויואב לימור,2024-11-18,2024-11-18 09:30:25,2024-11-18 11:00:33,90.13333333333334,4.7,5,13.233333333333334,0,0.0,3.328402366863905,4.533333333333333,5.1,6.3,5,2024-11-19 09:29:47,90.2,Tuesday,קשת 12 | משדר בוקר מיוחד עם נסלי ברדה ויואב לימור
קשת 12,משדר בוקר מיוחד עם נסלי ברדה ויואב לימור,2024-11-19,2024-11-19 09:29:47,2024-11-19 10:59:59,90.2,5.1,5,16.3,1,0.3,3.325942350332594,6.3,4.8,5.8,5,2024-11-20 09:31:11,89.51666666666667,Wednesday,קשת 12 | משדר בוקר מיוחד עם נסלי ברדה ויואב לימור
קשת 12,משדר בוקר מיוחד עם נסלי ברדה ויואב לימור,2024-11-20,2024-11-20 09:31:11,2024-11-20 11:00:42,89.51666666666667,4.8,5,16.083333333333332,2,5.783333333333333,3.3513312232358965,5.8,4.8,6.066666666666666,5,2024-11-21 09:29:51,90.11666666666666,Thursday,קשת 12 | משדר בוקר מיוחד עם נסלי ברדה ויואב לימור
קשת 12,משדר בוקר מיוחד עם נסלי ברדה ויואב לימור,2024-11-24,2024-11-24 09:30:17,2024-11-24 10:59:52,89.58333333333333,4.1,5,13.400000000000002,2,1.1,3.3488372093023253,4.1,5.5,5.733333333333333,5,2024-11-25 09:30:54,90.98333333333333,Monday,קשת 12 | משדר בוקר מיוחד עם נסלי ברדה ויואב לימור
קשת 12,משדר בוקר מיוחד עם נסלי ברדה ויואב לימור,2024-11-25,2024-11-25 09:30:54,2024-11-25 11:01:53,90.98333333333333,5.5,5,17.016666666666666,2,4.516666666666667,3.2973071991207177,5.733333333333333,3.8,4.266666666666667,5,2024-11-26 09:30:46,89.0,Tuesday,קשת 12 | משדר בוקר מיוחד עם נסלי ברדה ויואב לימור
קשת 12,משדר בוקר מיוחד עם נסלי ברדה ויואב לימור,2024-11-26,2024-11-26 09:30:46,2024-11-26 10:59:46,89.0,3.8,5,19.533333333333335,1,1.05,3.3707865168539324,4.266666666666667,4.7,5.666666666666667,5,2024-11-27 09:31:30,88.58333333333333,Wednesday,קשת 12 | משדר בוקר מיוחד עם נסלי ברדה ויואב לימור
קשת 12,משדר בוקר מיוחד עם נסלי ברדה ויואב לימור,2024-11-27,2024-11-27 09:31:30,2024-11-27 11:00:05,88.58333333333333,4.7,5,16.966666666666665,2,1.9166666666666667,3.386641580432738,5.666666666666667,4.1,3.7000000000000006,5,2024-11-28 09:30:01,89.88333333333334,Thursday,קשת 12 | משדר בוקר מיוחד עם נסלי ברדה ויואב לימור
קשת 12,סבריי מרנן עונה 5 ש.ח,2024-11-01,2024-11-01 04:42:55,2024-11-01 05:05:47,22.866666666666667,0.5,0,0.0,0,0.0,0.0,0.5,1.6,1.866666666666667,0,2024-11-02 03:30:39,22.15,Saturday,קשת 12 | סבריי מרנן עונה 5 ש.ח
קשת 12,סבריי מרנן עונה 5 ש.ח,2024-11-04,2024-11-04 04:07:24,2024-11-04 04:30:13,22.816666666666666,1.4,0,0.0,0,0.0,0.0,1.2,0.8,0.9,0,2024-11-05 03:41:22,24.616666666666667,Tuesday,קשת 12 | סבריי מרנן עונה 5 ש.ח
קשת 12,סבריי מרנן עונה 5 ש.ח,2024-11-11,2024-11-11 04:11:34,2024-11-11 04:35:58,24.4,0.6,0,0.0,0,0.0,0.0,0.43333333333333335,1.0,0.8000000000000002,0,2024-11-12 04:17:47,21.95,Tuesday,קשת 12 | סבריי מרנן עונה 5 ש.ח
קשת 12,סבריי מרנן עונה 6 ש.ח,2024-11-13,2024-11-13 03:38:48,2024-11-13 04:02:58,24.166666666666668,0.9,0,0.0,0,0.0,0.0,0.6999999999999998,0.7,0.4666666666666666,0,2024-11-14 04:43:42,22.716666666666665,Thursday,קשת 12 | סבריי מרנן עונה 6 ש.ח
קשת 12,סבריי מרנן עונה 6 ש.ח,2024-11-14,2024-11-14 04:43:42,2024-11-14 05:06:25,22.716666666666665,0.7,0,0.0,0,0.0,0.0,0.4666666666666666,0.6,0.5333333333333333,0,2024-11-15 04:03:53,22.333333333333332,Friday,קשת 12 | סבריי מרנן עונה 6 ש.ח
קשת 12,סבריי מרנן עונה 6 ש.ח,2024-11-17,2024-11-17 04:49:46,2024-11-17 05:12:31,22.75,0.5,0,0.0,0,0.0,0.0,0.3333333333333333,0.9,0.8333333333333334,0,2024-11-18 04:33:24,22.383333333333333,Monday,קשת 12 | סבריי מרנן עונה 6 ש.ח
קשת 12,סבריי מרנן עונה 6 ש.ח,2024-11-18,2024-11-18 04:33:24,2024-11-18 04:55:47,22.383333333333333,0.9,0,0.0,0,0.0,0.0,0.8333333333333334,0.7,0.8333333333333334,0,2024-11-19 04:07:19,22.6,Tuesday,קשת 12 | סבריי מרנן עונה 6 ש.ח
קשת 12,סבריי מרנן עונה 6 ש.ח,2024-11-19,2024-11-19 04:07:19,2024-11-19 04:29:55,22.6,0.7,0,0.0,0,0.0,0.0,0.8333333333333334,0.7,0.6333333333333333,0,2024-11-20 04:05:11,22.533333333333335,Wednesday,קשת 12 | סבריי מרנן עונה 6 ש.ח
קשת 12,סבריי מרנן עונה 6 ש.ח,2024-11-20,2024-11-20 04:05:11,2024-11-20 04:27:43,22.533333333333335,0.7,0,0.0,0,0.0,0.0,0.6333333333333333,0.7,0.6999999999999998,0,2024-11-21 04:13:21,21.933333333333334,Thursday,קשת 12 | סבריי מרנן עונה 6 ש.ח
קשת 12,סבריי מרנן עונה 6 ש.ח,2024-11-21,2024-11-21 04:13:21,2024-11-21 04:35:17,21.933333333333334,0.7,0,0.0,0,0.0,0.0,0.6999999999999998,1.3,1.3,0,2024-11-22 04:05:28,22.0,Friday,קשת 12 | סבריי מרנן עונה 6 ש.ח
קשת 12,סבריי מרנן עונה 6 ש.ח,2024-11-22,2024-11-22 04:05:28,2024-11-22 04:27:28,22.0,1.3,0,0.0,0,0.0,0.0,1.3,0.5,0.6,0,2024-11-23 03:53:23,22.016666666666666,Saturday,קשת 12 | סבריי מרנן עונה 6 ש.ח
קשת 12,סבריי מרנן עונה 6 ש.ח,2024-11-23,2024-11-23 03:53:23,2024-11-23 04:15:24,22.016666666666666,0.5,0,0.0,0,0.0,0.0,0.6,1.3,1.1666666666666667,0,2024-11-24 03:22:31,23.316666666666666,Sunday,קשת 12 | סבריי מרנן עונה 6 ש.ח
קשת 12,סבריי מרנן עונה 6 ש.ח,2024-11-24,2024-11-24 03:22:31,2024-11-24 03:45:50,23.316666666666666,1.3,0,0.0,0,0.0,0.0,1.1666666666666667,0.8,0.7999999999999999,0,2024-11-25 04:08:09,22.85,Monday,קשת 12 | סבריי מרנן עונה 6 ש.ח
קשת 12,סבריי מרנן עונה 6 ש.ח,2024-11-29,2024-11-29 04:24:00,2024-11-29 04:48:08,24.133333333333333,0.3,0,0.0,0,0.0,0.0,0.5,0.9,1.1333333333333333,0,2024-11-30 03:33:39,22.133333333333333,Saturday,קשת 12 | סבריי מרנן עונה 6 ש.ח
קשת 12,"סודות הנדל""ן ש.ח",2024-11-11,2024-11-11 03:15:33,2024-11-11 03:54:27,38.9,0.6,0,0.0,0,0.0,0.0,0.7333333333333334,2.6,,2,2024-11-12 00:53:52,44.3,Tuesday,"קשת 12 | סודות הנדל""ן ש.ח"
קשת 12,ערב טוב עם גיא פינס - קשת עונה 2 - מהדורה לילית,2024-11-03,2024-11-03 23:20:43,2024-11-03 23:43:59,23.266666666666666,12.2,0,0.0,0,0.0,0.0,12.066666666666668,8.5,9.333333333333334,2,2024-11-04 22:47:35,32.6,Monday,קשת 12 | ערב טוב עם גיא פינס - קשת עונה 2 - מהדורה לילית
קשת 12,ערב טוב עם גיא פינס - קשת עונה 2 - מהדורה לילית,2024-11-10,2024-11-10 23:16:26,2024-11-10 23:39:51,23.416666666666668,9.6,0,0.0,0,0.0,0.0,9.733333333333333,11.0,15.133333333333333,2,2024-11-11 22:57:09,31.916666666666668,Monday,קשת 12 | ערב טוב עם גיא פינס - קשת עונה 2 - מהדורה לילית
קשת 12,ערב טוב עם גיא פינס - קשת עונה 2 - מהדורה לילית,2024-11-11,2024-11-11 22:57:09,2024-11-11 23:29:04,31.916666666666668,11.0,2,5.583333333333333,0,0.0,3.759791122715405,15.133333333333333,10.2,12.133333333333335,0,2024-11-12 23:46:12,23.983333333333334,Tuesday,קשת 12 | ערב טוב עם גיא פינס - קשת עונה 2 - מהדורה לילית
קשת 12,ערב טוב עם גיא פינס - קשת עונה 2 - מהדורה לילית,2024-11-17,2024-11-17 23:10:19,2024-11-17 23:34:47,24.466666666666665,9.9,0,0.0,0,0.0,0.0,11.233333333333334,9.3,11.6,2,2024-11-18 22:59:01,33.38333333333333,Monday,קשת 12 | ערב טוב עם גיא פינס - קשת עונה 2 - מהדורה לילית
קשת 12,ערב טוב עם גיא פינס - קשת עונה 2 - מהדורה לילית,2024-11-18,2024-11-18 22:59:01,2024-11-18 23:32:24,33.38333333333333,9.3,2,6.7,0,0.0,3.5946080878681976,11.6,8.8,10.366666666666667,0,2024-11-19 23:18:23,26.783333333333335,Tuesday,קשת 12 | ערב טוב עם גיא פינס - קשת עונה 2 - מהדורה לילית
קשת 12,ערב טוב עם גיא פינס - קשת עונה 2 - מהדורה לילית,2024-11-19,2024-11-19 23:18:23,2024-11-19 23:45:10,26.783333333333335,8.8,0,0.0,0,0.0,0.0,10.366666666666667,9.8,12.833333333333334,2,2024-11-20 22:52:37,33.63333333333333,Wednesday,קשת 12 | ערב טוב עם גיא פינס - קשת עונה 2 - מהדורה לילית
קשת 12,ערב טוב עם גיא פינס - קשת עונה 2 - מהדורה לילית,2024-11-24,2024-11-24 23:01:11,2024-11-24 23:31:03,29.866666666666667,10.2,2,4.683333333333334,0,0.0,4.017857142857143,12.699999999999998,11.4,11.166666666666666,0,2024-11-25 22:39:05,24.083333333333332,Monday,קשת 12 | ערב טוב עם גיא פינס - קשת עונה 2 - מהדורה לילית
קשת 12,ערב טוב עם גיא פינס - קשת עונה 2 - מהדורה לילית - ש.ח,2024-11-03,2024-11-03 11:46:21,2024-11-03 11:59:46,13.416666666666666,2.8,0,0.0,0,0.0,0.0,2.4,1.1,1.0,0,2024-11-04 04:55:01,23.266666666666666,Monday,קשת 12 | ערב טוב עם גיא פינס - קשת עונה 2 - מהדורה לילית - ש.ח
קשת 12,ערב טוב עם גיא פינס - קשת עונה 2 - מהדורה לילית - ש.ח,2024-11-04,2024-11-04 04:55:01,2024-11-04 05:18:17,23.266666666666666,1.1,0,0.0,0,0.0,0.0,1.0,1.1,1.1,0,2024-11-05 04:51:28,23.783333333333335,Tuesday,קשת 12 | ערב טוב עם גיא פינס - קשת עונה 2 - מהדורה לילית - ש.ח
קשת 12,ערב טוב עם גיא פינס - קשת עונה 2 - מהדורה לילית - ש.ח,2024-11-10,2024-11-10 11:43:16,2024-11-10 12:00:06,16.833333333333332,3.1,0,0.0,0,0.0,0.0,2.9333333333333336,1.1,0.9666666666666667,0,2024-11-11 04:58:34,20.9,Monday,קשת 12 | ערב טוב עם גיא פינס - קשת עונה 2 - מהדורה לילית - ש.ח
קשת 12,ערב טוב עם גיא פינס - קשת עונה 2 - מהדורה לילית - ש.ח,2024-11-11,2024-11-11 04:58:34,2024-11-11 05:19:28,20.9,1.1,0,0.0,0,0.0,0.0,0.9666666666666667,1.1,1.2,1,2024-11-12 04:49:02,25.766666666666666,Tuesday,קשת 12 | ערב טוב עם גיא פינס - קשת עונה 2 - מהדורה לילית - ש.ח
קשת 12,ערב טוב עם גיא פינס - קשת עונה 2 - מהדורה לילית - ש.ח,2024-11-12,2024-11-12 04:49:02,2024-11-12 05:14:48,25.766666666666666,1.1,1,0.7,0,0.0,2.328589909443726,1.2,0.8,0.7999999999999999,0,2024-11-13 05:35:58,23.983333333333334,Wednesday,קשת 12 | ערב טוב עם גיא פינס - קשת עונה 2 - מהדורה לילית - ש.ח
קשת 12,ערב טוב עם גיא פינס - קשת עונה 2 - מהדורה לילית - ש.ח,2024-11-13,2024-11-13 05:35:58,2024-11-13 05:59:57,23.983333333333334,0.8,0,0.0,0,0.0,0.0,0.7999999999999999,0.7,0.6333333333333333,0,2024-11-14 05:06:25,24.55,Thursday,קשת 12 | ערב טוב עם גיא פינס - קשת עונה 2 - מהדורה לילית - ש.ח
קשת 12,ערב טוב עם גיא פינס - קשת עונה 2 - מהדורה לילית - ש.ח,2024-11-17,2024-11-17 11:41:42,2024-11-17 11:59:53,18.183333333333334,3.3,0,0.0,0,0.0,0.0,3.1333333333333333,1.4,1.2666666666666666,0,2024-11-18 04:55:47,24.466666666666665,Monday,קשת 12 | ערב טוב עם גיא פינס - קשת עונה 2 - מהדורה לילית - ש.ח
קשת 12,ערב טוב עם גיא פינס - קשת עונה 2 - מהדורה לילית - ש.ח,2024-11-18,2024-11-18 04:55:47,2024-11-18 05:20:15,24.466666666666665,1.4,0,0.0,0,0.0,0.0,1.2666666666666666,0.3,0.7333333333333334,1,2024-11-19 04:52:47,26.2,Tuesday,קשת 12 | ערב טוב עם גיא פינס - קשת עונה 2 - מהדורה לילית - ש.ח
קשת 12,ערב טוב עם גיא פינס - קשת עונה 2 - מהדורה לילית - ש.ח,2024-11-19,2024-11-19 04:52:47,2024-11-19 05:18:59,26.2,0.3,1,1.15,0,0.0,2.290076335877863,0.7333333333333334,0.7,0.8333333333333334,1,2024-11-20 04:50:20,26.333333333333332,Wednesday,קשת 12 | ערב טוב עם גיא פינס - קשת עונה 2 - מהדורה לילית - ש.ח
קשת 12,ערב טוב עם גיא פינס - קשת עונה 2 - מהדורה לילית - ש.ח,2024-11-20,2024-11-20 04:50:20,2024-11-20 05:16:40,26.333333333333332,0.7,1,0.7,1,0.7,2.278481012658228,0.8333333333333334,0.7,0.23333333333333336,1,2024-11-21 05:01:21,26.716666666666665,Thursday,קשת 12 | ערב טוב עם גיא פינס - קשת עונה 2 - מהדורה לילית - ש.ח
קשת 12,ערב טוב עם גיא פינס - קשת עונה 2 - מהדורה לילית - ש.ח,2024-11-21,2024-11-21 05:01:21,2024-11-21 05:28:04,26.716666666666665,0.7,1,1.65,0,0.0,2.245789145352464,0.23333333333333336,2.8,2.7999999999999994,0,2024-11-22 12:27:32,10.2,Friday,קשת 12 | ערב טוב עם גיא פינס - קשת עונה 2 - מהדורה לילית - ש.ח
קשת 12,ערב טוב עם גיא פינס - קשת עונה 2 - מהדורה לילית - ש.ח,2024-11-24,2024-11-24 11:43:05,2024-11-24 12:00:04,16.983333333333334,3.8,0,0.0,0,0.0,0.0,3.1666666666666665,1.1,1.4000000000000001,0,2024-11-25 04:53:54,23.966666666666665,Monday,קשת 12 | ערב טוב עם גיא פינס - קשת עונה 2 - מהדורה לילית - ש.ח
קשת 12,ערב טוב עם גיא פינס - קשת עונה 2 - מהדורה לילית - ש.ח,2024-11-25,2024-11-25 04:53:54,2024-11-25 05:17:52,23.966666666666665,1.1,0,0.0,0,0.0,0.0,1.4000000000000001,0.5,0.5,0,2024-11-26 04:56:59,24.083333333333332,Tuesday,קשת 12 | ערב טוב עם גיא פינס - קשת עונה 2 - מהדורה לילית - ש.ח
קשת 12,ערב טוב עם גיא פינס - קשת עונה 2 - מהדורה לילית - ש.ח,2024-11-26,2024-11-26 04:56:59,2024-11-26 05:21:04,24.083333333333332,0.5,0,0.0,0,0.0,0.0,0.5,0.5,0.6333333333333333,0,2024-11-27 05:08:38,4.183333333333334,Wednesday,קשת 12 | ערב טוב עם גיא פינס - קשת עונה 2 - מהדורה לילית - ש.ח
קשת 12,ערב טוב עם גיא פינס - קשת עונה 2 - מהדורה לילית - ש.ח,2024-11-27,2024-11-27 05:08:38,2024-11-27 05:12:49,4.183333333333334,0.5,0,0.0,0,0.0,0.0,0.6333333333333333,0.6,0.6333333333333333,0,2024-11-28 05:09:03,22.933333333333334,Thursday,קשת 12 | ערב טוב עם גיא פינס - קשת עונה 2 - מהדורה לילית - ש.ח
קשת 12,קליפ מוזיקלי,2024-11-04,2024-11-04 04:04:17,2024-11-04 04:07:24,3.1166666666666667,1.1,0,0.0,0,0.0,0.0,1.1,0.9,1.2666666666666668,0,2024-11-05 03:35:39,5.716666666666667,Tuesday,קשת 12 | קליפ מוזיקלי
קשת 12,רפי רשף אינטימי ש.ח,2024-11-13,2024-11-13 23:29:25,2024-11-14 00:09:12,39.78333333333333,4.9,2,6.533333333333333,0,0.0,3.0163385002094683,6.766666666666667,1.1,0.9333333333333332,0,2024-11-14 05:30:58,28.966666666666665,Thursday,קשת 12 | רפי רשף אינטימי ש.ח
קשת 12,רפי רשף אינטימי ש.ח,2024-11-14,2024-11-14 05:30:58,2024-11-14 05:59:56,28.966666666666665,1.1,0,0.0,0,0.0,0.0,0.9333333333333332,3.7,3.4,0,2024-11-15 12:47:21,13.35,Friday,קשת 12 | רפי רשף אינטימי ש.ח
קשת 12,רפי רשף אינטימי ש.ח,2024-11-21,2024-11-21 05:28:04,2024-11-21 05:59:57,31.883333333333333,1.1,1,2.65,0,0.0,1.8818609513852587,1.0999999999999999,2.6,2.9,1,2024-11-22 12:37:44,22.2,Friday,קשת 12 | רפי רשף אינטימי ש.ח
קשת 12,רפי רשף אינטימי ש.ח,2024-11-28,2024-11-28 05:31:59,2024-11-28 05:59:58,27.983333333333334,1.3,0,0.0,0,0.0,0.0,0.6,3.9,4.266666666666667,4,2024-11-29 13:21:22,36.583333333333336,Friday,קשת 12 | רפי רשף אינטימי ש.ח
קשת 12,שש עם עודד בן עמי 12,2024-11-03,2024-11-03 17:55:39,2024-11-03 18:58:30,62.85,13.7,4,14.350000000000001,0,0.0,3.818615751789976,11.966666666666667,12.3,11.033333333333331,4,2024-11-04 17:55:31,63.93333333333333,Monday,קשת 12 | שש עם עודד בן עמי 12
קשת 12,שש עם עודד בן עמי 12,2024-11-04,2024-11-04 17:55:31,2024-11-04 18:59:27,63.93333333333333,12.3,4,16.466666666666665,0,0.0,3.753910323253389,11.033333333333331,9.9,8.333333333333334,4,2024-11-05 17:55:52,63.2,Tuesday,קשת 12 | שש עם עודד בן עמי 12
קשת 12,שש עם עודד בן עמי 12,2024-11-05,2024-11-05 17:55:52,2024-11-05 18:59:04,63.2,9.9,4,14.733333333333334,0,0.0,3.797468354430379,8.333333333333334,13.2,11.4,4,2024-11-06 17:55:40,64.0,Wednesday,קשת 12 | שש עם עודד בן עמי 12
קשת 12,שש עם עודד בן עמי 12,2024-11-06,2024-11-06 17:55:40,2024-11-06 18:59:40,64.0,13.2,4,14.600000000000001,0,0.0,3.75,11.4,12.5,10.966666666666667,4,2024-11-07 17:55:58,63.333333333333336,Thursday,קשת 12 | שש עם עודד בן עמי 12
קשת 12,שש עם עודד בן עמי 12,2024-11-10,2024-11-10 17:55:59,2024-11-10 18:58:57,62.96666666666667,11.5,4,11.966666666666667,0,0.0,3.8115404976177873,10.200000000000001,11.4,10.166666666666666,4,2024-11-11 17:55:39,63.43333333333333,Monday,קשת 12 | שש עם עודד בן עמי 12
קשת 12,שש עם עודד בן עמי 12,2024-11-11,2024-11-11 17:55:39,2024-11-11 18:59:05,63.43333333333333,11.4,4,11.133333333333333,0,0.0,3.7834997372569634,10.166666666666666,13.1,13.066666666666668,4,2024-11-12 17:55:50,63.016666666666666,Tuesday,קשת 12 | שש עם עודד בן עמי 12
קשת 12,שש עם עודד בן עמי 12,2024-11-12,2024-11-12 17:55:50,2024-11-12 18:58:51,63.016666666666666,13.1,4,13.15,0,0.0,3.808516265538217,13.066666666666668,12.5,10.9,4,2024-11-13 17:54:51,64.35,Wednesday,קשת 12 | שש עם עודד בן עמי 12
קשת 12,שש עם עודד בן עמי 12,2024-11-13,2024-11-13 17:54:51,2024-11-13 18:59:12,64.35,12.5,4,12.883333333333333,0,0.0,3.7296037296037294,10.9,10.4,8.333333333333334,4,2024-11-14 17:55:13,62.95,Thursday,קשת 12 | שש עם עודד בן עמי 12
קשת 12,שש עם עודד בן עמי 12,2024-11-17,2024-11-17 17:55:41,2024-11-17 18:58:37,62.93333333333333,10.5,4,10.016666666666666,0,0.0,3.813559322033899,9.6,9.1,8.266666666666666,4,2024-11-18 17:55:41,62.46666666666667,Monday,קשת 12 | שש עם עודד בן עמי 12
קשת 12,שש עם עודד בן עמי 12,2024-11-18,2024-11-18 17:55:41,2024-11-18 18:58:09,62.46666666666667,9.1,4,10.583333333333334,0,0.0,3.84204909284952,8.266666666666666,11.5,10.2,4,2024-11-19 17:55:43,62.78333333333333,Tuesday,קשת 12 | שש עם עודד בן עמי 12
קשת 12,שש עם עודד בן עמי 12,2024-11-19,2024-11-19 17:55:43,2024-11-19 18:58:30,62.78333333333333,11.5,4,15.166666666666666,0,0.0,3.8226705601274227,10.2,11.6,11.1,4,2024-11-20 17:55:28,62.63333333333333,Wednesday,קשת 12 | שש עם עודד בן עמי 12
קשת 12,שש עם עודד בן עמי 12,2024-11-20,2024-11-20 17:55:28,2024-11-20 18:58:06,62.63333333333333,11.6,4,13.916666666666668,0,0.0,3.8318254390633317,11.1,10.4,8.933333333333332,4,2024-11-21 17:55:44,63.06666666666667,Thursday,קשת 12 | שש עם עודד בן עמי 12
קשת 12,שש עם עודד בן עמי 12,2024-11-24,2024-11-24 17:55:19,2024-11-24 18:58:37,63.3,12.7,3,12.183333333333334,0,0.0,2.843601895734597,9.766666666666666,10.6,8.6,4,2024-11-25 17:55:13,63.483333333333334,Monday,קשת 12 | שש עם עודד בן עמי 12
קשת 12,שש עם עודד בן עמי 12,2024-11-25,2024-11-25 17:55:13,2024-11-25 18:58:42,63.483333333333334,10.6,4,13.950000000000001,0,0.0,3.780519821475453,8.6,11.8,9.266666666666666,4,2024-11-26 17:55:15,63.7,Tuesday,קשת 12 | שש עם עודד בן עמי 12
קשת 12,שש עם עודד בן עמי 12,2024-11-26,2024-11-26 17:55:15,2024-11-26 18:58:57,63.7,11.8,4,14.266666666666667,0,0.0,3.767660910518053,9.266666666666666,12.3,10.533333333333333,4,2024-11-27 17:55:07,64.15,Wednesday,קשת 12 | שש עם עודד בן עמי 12
קשת 12,שש עם עודד בן עמי 12,2024-11-27,2024-11-27 17:55:07,2024-11-27 18:59:16,64.15,12.3,4,15.299999999999999,0,0.0,3.7412314886983626,10.533333333333333,10.9,10.433333333333332,4,2024-11-28 17:55:59,63.18333333333333,Thursday,קשת 12 | שש עם עודד בן עמי 12
רשת 13,אבודים עונה 17 ש.ח,2024-11-15,2024-11-15 16:01:59,2024-11-15 16:58:11,56.2,2.0,2,11.133333333333333,0,0.0,2.1352313167259784,2.1,1.0,0.9333333333333332,0,2024-11-16 14:32:38,23.4,Saturday,רשת 13 | אבודים עונה 17 ש.ח
רשת 13,אבודים עונה 17 ש.ח,2024-11-21,2024-11-21 14:05:59,2024-11-21 15:00:00,54.016666666666666,1.8,3,11.616666666666667,0,0.0,3.332304844183894,1.7666666666666668,1.7,1.3,2,2024-11-22 16:03:44,54.88333333333333,Friday,רשת 13 | אבודים עונה 17 ש.ח
רשת 13,אבודים עונה 17 ש.ח,2024-11-22,2024-11-22 16:03:44,2024-11-22 16:58:37,54.88333333333333,1.7,2,6.783333333333333,0,0.0,2.186456119040389,1.3,1.1,0.8333333333333334,3,2024-11-23 14:27:18,48.45,Saturday,רשת 13 | אבודים עונה 17 ש.ח
רשת 13,אזור מלחמה,2024-11-03,2024-11-03 19:10:49,2024-11-03 19:50:09,39.333333333333336,7.4,0,0.0,0,0.0,0.0,6.833333333333333,6.6,6.033333333333334,0,2024-11-04 19:09:36,40.8,Monday,רשת 13 | אזור מלחמה
רשת 13,אזור מלחמה,2024-11-04,2024-11-04 19:09:36,2024-11-04 19:50:24,40.8,6.6,0,0.0,0,0.0,0.0,6.033333333333334,6.9,6.333333333333333,0,2024-11-05 19:10:26,41.016666666666666,Tuesday,רשת 13 | אזור מלחמה
רשת 13,אזור מלחמה,2024-11-05,2024-11-05 19:10:26,2024-11-05 19:51:27,41.016666666666666,6.9,0,0.0,0,0.0,0.0,6.333333333333333,7.2,5.566666666666666,0,2024-11-06 19:10:26,40.13333333333333,Wednesday,רשת 13 | אזור מלחמה
רשת 13,אזור מלחמה,2024-11-06,2024-11-06 19:10:26,2024-11-06 19:50:34,40.13333333333333,7.2,0,0.0,0,0.0,0.0,5.566666666666666,6.1,5.566666666666667,0,2024-11-07 19:06:29,44.11666666666667,Thursday,רשת 13 | אזור מלחמה
רשת 13,אזור מלחמה,2024-11-10,2024-11-10 19:09:25,2024-11-10 19:50:28,41.05,7.6,0,0.0,0,0.0,0.0,6.533333333333334,7.4,6.666666666666667,0,2024-11-11 19:08:39,41.95,Monday,רשת 13 | אזור מלחמה
רשת 13,אזור מלחמה,2024-11-11,2024-11-11 19:08:39,2024-11-11 19:50:36,41.95,7.4,0,0.0,0,0.0,0.0,6.666666666666667,5.9,5.966666666666666,0,2024-11-12 19:07:47,43.0,Tuesday,רשת 13 | אזור מלחמה
רשת 13,אזור מלחמה,2024-11-12,2024-11-12 19:07:47,2024-11-12 19:50:47,43.0,5.9,0,0.0,0,0.0,0.0,5.966666666666666,5.7,4.6000000000000005,0,2024-11-13 19:09:06,42.68333333333333,Wednesday,רשת 13 | אזור מלחמה
רשת 13,אזור מלחמה,2024-11-13,2024-11-13 19:09:06,2024-11-13 19:51:47,42.68333333333333,5.7,0,0.0,0,0.0,0.0,4.6000000000000005,7.6,6.466666666666666,0,2024-11-14 19:05:50,45.03333333333333,Thursday,רשת 13 | אזור מלחמה
רשת 13,אזור מלחמה,2024-11-17,2024-11-17 19:06:50,2024-11-17 19:51:26,44.6,7.0,0,0.0,0,0.0,0.0,6.0,7.2,6.5,0,2024-11-18 19:09:00,41.75,Monday,רשת 13 | אזור מלחמה
רשת 13,אזור מלחמה,2024-11-18,2024-11-18 19:09:00,2024-11-18 19:50:45,41.75,7.2,0,0.0,0,0.0,0.0,6.5,8.6,7.266666666666666,0,2024-11-19 19:07:49,42.63333333333333,Tuesday,רשת 13 | אזור מלחמה
רשת 13,אזור מלחמה,2024-11-19,2024-11-19 19:07:49,2024-11-19 19:50:27,42.63333333333333,8.6,0,0.0,0,0.0,0.0,7.266666666666666,6.5,6.2,0,2024-11-20 19:07:48,43.666666666666664,Wednesday,רשת 13 | אזור מלחמה
רשת 13,אזור מלחמה,2024-11-20,2024-11-20 19:07:48,2024-11-20 19:51:28,43.666666666666664,6.5,0,0.0,0,0.0,0.0,6.2,6.8,6.033333333333334,0,2024-11-21 19:07:36,42.38333333333333,Thursday,רשת 13 | אזור מלחמה
רשת 13,אזור מלחמה,2024-11-24,2024-11-24 19:07:37,2024-11-24 19:50:49,43.2,7.6,0,0.0,0,0.0,0.0,6.733333333333334,5.6,4.566666666666666,0,2024-11-25 19:08:45,41.61666666666667,Monday,רשת 13 | אזור מלחמה
רשת 13,אזור מלחמה,2024-11-25,2024-11-25 19:08:45,2024-11-25 19:50:22,41.61666666666667,5.6,0,0.0,0,0.0,0.0,4.566666666666666,7.3,5.7,0,2024-11-26 19:09:51,40.63333333333333,Tuesday,רשת 13 | אזור מלחמה
רשת 13,אזור מלחמה,2024-11-26,2024-11-26 19:09:51,2024-11-26 19:50:29,40.63333333333333,7.3,0,0.0,0,0.0,0.0,5.7,7.1,6.966666666666666,0,2024-11-27 19:08:39,41.983333333333334,Wednesday,רשת 13 | אזור מלחמה
רשת 13,אזור מלחמה,2024-11-27,2024-11-27 19:08:39,2024-11-27 19:50:38,41.983333333333334,7.1,0,0.0,0,0.0,0.0,6.966666666666666,6.0,5.733333333333333,0,2024-11-28 19:09:07,41.63333333333333,Thursday,רשת 13 | אזור מלחמה
רשת 13,ביוטי בלנדר ש.ח,2024-11-20,2024-11-20 02:00:00,2024-11-20 02:27:34,27.566666666666666,0.8,1,3.2,1,3.2,2.176541717049577,0.8000000000000002,1.3,1.5666666666666667,0,2024-11-21 12:40:47,19.316666666666666,Thursday,רשת 13 | ביוטי בלנדר ש.ח
רשת 13,ביוטי בלנדר ש.ח,2024-11-27,2024-11-27 02:17:04,2024-11-27 02:42:03,24.983333333333334,0.7,0,0.0,0,0.0,0.0,0.8333333333333334,1.2,1.0999999999999999,0,2024-11-28 12:55:41,4.333333333333333,Thursday,רשת 13 | ביוטי בלנדר ש.ח
רשת 13,החיים זה לא הכל ש.ח,2024-11-06,2024-11-06 01:21:44,2024-11-06 01:49:13,27.483333333333334,1.2,1,0.7833333333333333,0,0.0,2.183141297756216,,2.9,,0,2024-11-07 00:29:32,22.8,Thursday,רשת 13 | החיים זה לא הכל ש.ח
רשת 13,החיים זה לא הכל ש.ח,2024-11-10,2024-11-10 00:44:21,2024-11-10 01:08:13,23.866666666666667,1.0,0,0.0,0,0.0,0.0,,1.4,,2,2024-11-11 01:05:04,30.75,Monday,רשת 13 | החיים זה לא הכל ש.ח
רשת 13,החיים זה לא הכל ש.ח,2024-11-11,2024-11-11 01:05:04,2024-11-11 01:35:49,30.75,1.4,2,3.8166666666666664,0,0.0,3.9024390243902443,,1.3,,1,2024-11-12 00:28:45,31.3,Tuesday,רשת 13 | החיים זה לא הכל ש.ח
רשת 13,החיים זה לא הכל ש.ח,2024-11-12,2024-11-12 00:28:45,2024-11-12 01:00:03,31.3,1.3,1,5.45,0,0.0,1.9169329073482426,,1.6,,1,2024-11-13 01:09:11,29.666666666666668,Wednesday,רשת 13 | החיים זה לא הכל ש.ח
רשת 13,היום שהיה עם טל ברמן,2024-11-03,2024-11-03 23:23:05,2024-11-03 23:55:05,32.0,5.5,1,7.933333333333334,0,0.0,1.875,6.766666666666667,4.2,4.7,1,2024-11-04 23:41:30,27.633333333333333,Monday,רשת 13 | היום שהיה עם טל ברמן
רשת 13,היום שהיה עם טל ברמן,2024-11-04,2024-11-04 23:41:30,2024-11-05 00:09:08,27.633333333333333,4.2,1,8.616666666666667,0,0.0,2.1712907117008444,4.7,3.4,,1,2024-11-05 00:01:04,53.85,Tuesday,רשת 13 | היום שהיה עם טל ברמן
רשת 13,היום שהיה עם טל ברמן,2024-11-05,2024-11-05 00:01:04,2024-11-05 00:54:55,53.85,3.4,1,5.2,0,0.0,1.1142061281337046,,4.2,5.233333333333333,1,2024-11-06 23:25:50,41.083333333333336,Wednesday,רשת 13 | היום שהיה עם טל ברמן
רשת 13,היום שהיה עם טל ברמן,2024-11-06,2024-11-06 23:25:50,2024-11-07 00:06:55,41.083333333333336,4.2,1,6.75,0,0.0,1.460446247464503,5.233333333333333,4.8,5.166666666666667,1,2024-11-07 23:24:44,29.583333333333332,Thursday,רשת 13 | היום שהיה עם טל ברמן
רשת 13,היום שהיה עם טל ברמן,2024-11-10,2024-11-10 23:35:08,2024-11-11 00:05:41,30.55,3.7,1,7.7,0,0.0,1.9639934533551555,4.566666666666667,3.1,3.5,1,2024-11-11 23:35:35,26.883333333333333,Monday,רשת 13 | היום שהיה עם טל ברמן
רשת 13,היום שהיה עם טל ברמן,2024-11-11,2024-11-11 23:35:35,2024-11-12 00:02:28,26.883333333333333,3.1,1,6.683333333333334,0,0.0,2.231866088034718,3.5,3.5,3.0666666666666664,2,2024-11-12 23:21:58,33.71666666666667,Tuesday,רשת 13 | היום שהיה עם טל ברמן
רשת 13,היום שהיה עם טל ברמן,2024-11-12,2024-11-12 23:21:58,2024-11-12 23:55:41,33.71666666666667,3.5,2,7.683333333333334,1,6.0,3.5590706870983686,3.0666666666666664,6.1,7.3,1,2024-11-13 23:36:45,25.716666666666665,Wednesday,רשת 13 | היום שהיה עם טל ברמן
רשת 13,היום שהיה עם טל ברמן,2024-11-13,2024-11-13 23:36:45,2024-11-14 00:02:28,25.716666666666665,6.1,1,5.266666666666667,1,5.266666666666667,2.3331173039533377,7.3,3.8,5.566666666666666,1,2024-11-14 23:29:24,32.65,Thursday,רשת 13 | היום שהיה עם טל ברמן
רשת 13,היום שהיה עם טל ברמן,2024-11-17,2024-11-17 23:33:04,2024-11-18 00:05:15,32.18333333333333,3.3,1,7.083333333333333,0,0.0,1.8643190056965306,4.866666666666667,3.8,4.7,2,2024-11-18 23:43:17,32.583333333333336,Monday,רשת 13 | היום שהיה עם טל ברמן
רשת 13,היום שהיה עם טל ברמן,2024-11-18,2024-11-18 23:43:17,2024-11-19 00:15:52,32.583333333333336,3.8,2,12.8,1,7.766666666666667,3.6828644501278767,4.7,4.9,4.366666666666667,0,2024-11-19 23:14:30,28.416666666666668,Tuesday,רשת 13 | היום שהיה עם טל ברמן
רשת 13,היום שהיה עם טל ברמן,2024-11-19,2024-11-19 23:14:30,2024-11-19 23:42:55,28.416666666666668,4.9,0,0.0,0,0.0,0.0,4.366666666666667,5.8,7.433333333333334,1,2024-11-20 23:28:30,31.483333333333334,Wednesday,רשת 13 | היום שהיה עם טל ברמן
רשת 13,היום שהיה עם טל ברמן,2024-11-20,2024-11-20 23:28:30,2024-11-20 23:59:59,31.483333333333334,5.8,1,4.9,1,4.9,1.9057702488088937,7.433333333333334,3.9,4.166666666666667,2,2024-11-21 23:03:14,38.88333333333333,Thursday,רשת 13 | היום שהיה עם טל ברמן
רשת 13,היום שהיה עם טל ברמן,2024-11-24,2024-11-24 23:34:40,2024-11-25 00:02:30,27.833333333333332,4.4,1,9.333333333333334,0,0.0,2.155688622754491,5.433333333333333,4.2,5.166666666666667,2,2024-11-25 23:33:07,31.616666666666667,Monday,רשת 13 | היום שהיה עם טל ברמן
רשת 13,היום שהיה עם טל ברמן,2024-11-25,2024-11-25 23:33:07,2024-11-26 00:04:44,31.616666666666667,4.2,2,5.15,1,0.9666666666666667,3.7954665260938323,5.166666666666667,3.9,4.5,3,2024-11-26 23:43:30,31.466666666666665,Tuesday,רשת 13 | היום שהיה עם טל ברמן
רשת 13,היום שהיה עם טל ברמן,2024-11-26,2024-11-26 23:43:30,2024-11-27 00:14:58,31.466666666666665,3.9,3,9.05,1,3.4833333333333334,5.720338983050848,4.5,4.4,4.633333333333334,2,2024-11-27 23:22:50,31.033333333333335,Wednesday,רשת 13 | היום שהיה עם טל ברמן
רשת 13,היום שהיה עם טל ברמן,2024-11-27,2024-11-27 23:22:50,2024-11-27 23:53:52,31.033333333333335,4.4,2,9.166666666666666,1,1.9166666666666667,3.8668098818474754,4.633333333333334,3.5,5.566666666666666,2,2024-11-28 22:56:07,40.46666666666667,Thursday,רשת 13 | היום שהיה עם טל ברמן
רשת 13,הישרדות עונה 7,2024-11-23,2024-11-23 21:24:06,2024-11-23 22:48:23,84.28333333333333,16.2,2,12.299999999999999,0,0.0,1.4237690330235317,13.533333333333331,13.0,13.200000000000001,1,2024-11-24 21:28:04,82.91666666666667,Sunday,רשת 13 | הישרדות עונה 7
רשת 13,הישרדות עונה 7 - הצצה,2024-11-23,2024-11-23 22:59:24,2024-11-23 23:00:13,0.8166666666666667,7.6,0,0.0,0,0.0,0.0,7.866666666666666,7.3,7.6000000000000005,0,2024-11-24 23:01:12,0.5333333333333333,Sunday,רשת 13 | הישרדות עונה 7 - הצצה
רשת 13,הישרדות עונה 7 ש.ח,2024-11-25,2024-11-25 00:38:32,2024-11-25 01:49:24,70.86666666666666,1.7,1,2.3333333333333335,0,0.0,0.8466603951081845,,2.4,2.1,6,2024-11-26 13:33:19,86.63333333333334,Tuesday,רשת 13 | הישרדות עונה 7 ש.ח
רשת 13,הישרדות עונה 7 ש.ח,2024-11-28,2024-11-28 13:34:38,2024-11-28 14:00:00,25.366666666666667,2.3,0,0.0,0,0.0,0.0,1.4333333333333333,2.4,3.1333333333333333,3,2024-11-29 23:29:35,77.23333333333333,Friday,רשת 13 | הישרדות עונה 7 ש.ח
רשת 13,הישרדות עונה 7 ש.ח,2024-11-29,2024-11-29 23:29:35,2024-11-30 00:46:49,77.23333333333333,2.4,3,7.4,1,7.0,2.3305999136814846,3.1333333333333333,2.0,1.6333333333333335,2,2024-11-30 14:52:30,79.65,Saturday,רשת 13 | הישרדות עונה 7 ש.ח
רשת 13,המגזין עם נגה ניר נאמן ש.ח,2024-11-02,2024-11-02 01:35:20,2024-11-02 01:59:59,24.65,1.7,0,0.0,0,0.0,0.0,,1.5,1.5,1,2024-11-03 02:00:00,19.9,Sunday,רשת 13 | המגזין עם נגה ניר נאמן ש.ח
רשת 13,המגזין עם נגה ניר נאמן ש.ח,2024-11-06,2024-11-06 01:49:13,2024-11-06 01:59:59,10.766666666666667,1.0,0,0.0,0,0.0,0.0,,0.8,0.8666666666666667,0,2024-11-07 02:00:00,30.2,Thursday,רשת 13 | המגזין עם נגה ניר נאמן ש.ח
רשת 13,המגזין עם נגה ניר נאמן ש.ח,2024-11-23,2024-11-23 01:29:26,2024-11-23 01:59:59,30.55,1.3,1,3.5,1,3.5,1.9639934533551555,,0.7,0.8000000000000002,0,2024-11-24 02:00:00,14.383333333333333,Sunday,רשת 13 | המגזין עם נגה ניר נאמן ש.ח
רשת 13,המצעד המשפטי ש.ח,2024-11-01,2024-11-01 02:41:15,2024-11-01 03:10:25,29.166666666666668,0.4,1,2.95,0,0.0,2.0571428571428574,0.5,0.0,0.09999999999999999,1,2024-11-02 03:29:46,27.933333333333334,Saturday,רשת 13 | המצעד המשפטי ש.ח
רשת 13,המצעד המשפטי ש.ח,2024-11-02,2024-11-02 03:29:46,2024-11-02 03:57:42,27.933333333333334,0.0,1,0.9666666666666667,0,0.0,2.1479713603818618,0.09999999999999999,1.2,1.5,0,2024-11-03 01:58:07,1.8666666666666667,Sunday,רשת 13 | המצעד המשפטי ש.ח
רשת 13,המצעד המשפטי ש.ח,2024-11-03,2024-11-03 01:58:07,2024-11-03 01:59:59,1.8666666666666667,1.2,0,0.0,0,0.0,0.0,1.5,1.2,1.2,1,2024-11-04 02:00:00,27.833333333333332,Monday,רשת 13 | המצעד המשפטי ש.ח
רשת 13,המצעד המשפטי ש.ח,2024-11-04,2024-11-04 02:00:00,2024-11-04 02:27:50,27.833333333333332,1.2,1,3.3333333333333335,0,0.0,2.155688622754491,1.2,0.5,0.5,1,2024-11-05 02:46:32,31.95,Tuesday,רשת 13 | המצעד המשפטי ש.ח
רשת 13,המצעד המשפטי ש.ח,2024-11-07,2024-11-07 02:30:12,2024-11-07 02:58:12,28.0,0.5,1,1.1,0,0.0,2.142857142857143,0.7333333333333334,1.6,1.6000000000000003,0,2024-11-08 12:49:04,10.95,Friday,רשת 13 | המצעד המשפטי ש.ח
רשת 13,המצעד המשפטי ש.ח,2024-11-08,2024-11-08 12:49:04,2024-11-08 13:00:01,10.95,1.6,0,0.0,0,0.0,0.0,1.6000000000000003,0.6,0.6333333333333333,1,2024-11-09 03:39:16,30.866666666666667,Saturday,רשת 13 | המצעד המשפטי ש.ח
רשת 13,המצעד המשפטי ש.ח,2024-11-09,2024-11-09 03:39:16,2024-11-09 04:10:08,30.866666666666667,0.6,1,3.95,0,0.0,1.9438444924406046,0.6333333333333333,1.1,1.3,1,2024-11-10 12:07:16,36.43333333333333,Sunday,רשת 13 | המצעד המשפטי ש.ח
רשת 13,המצעד המשפטי ש.ח,2024-11-10,2024-11-10 12:07:16,2024-11-10 12:43:42,36.43333333333333,1.1,1,9.016666666666667,0,0.0,1.6468435498627632,1.3,0.4,0.3333333333333333,1,2024-11-11 02:10:52,31.133333333333333,Monday,רשת 13 | המצעד המשפטי ש.ח
רשת 13,המצעד המשפטי ש.ח,2024-11-13,2024-11-13 02:45:08,2024-11-13 03:14:11,29.05,0.4,1,2.8333333333333335,0,0.0,2.0654044750430294,0.7333333333333334,0.6,0.6999999999999998,1,2024-11-14 02:28:43,27.083333333333332,Thursday,רשת 13 | המצעד המשפטי ש.ח
רשת 13,המצעד המשפטי ש.ח,2024-11-14,2024-11-14 02:28:43,2024-11-14 02:55:48,27.083333333333332,0.6,1,1.6833333333333333,1,1.6833333333333333,2.2153846153846155,0.6999999999999998,1.1,1.3333333333333333,1,2024-11-15 02:45:30,28.1,Friday,רשת 13 | המצעד המשפטי ש.ח
רשת 13,המצעד המשפטי ש.ח,2024-11-15,2024-11-15 02:45:30,2024-11-15 03:13:36,28.1,1.1,1,1.7333333333333334,0,0.0,2.1352313167259784,1.3333333333333333,0.7,0.8000000000000002,1,2024-11-16 03:14:43,29.1,Saturday,רשת 13 | המצעד המשפטי ש.ח
רשת 13,המצעד המשפטי ש.ח,2024-11-18,2024-11-18 02:29:00,2024-11-18 02:55:10,26.166666666666668,0.5,1,0.7666666666666667,1,0.7666666666666667,2.2929936305732483,0.5666666666666668,0.7,0.7333333333333334,1,2024-11-19 02:48:47,27.866666666666667,Tuesday,רשת 13 | המצעד המשפטי ש.ח
רשת 13,המצעד המשפטי ש.ח,2024-11-19,2024-11-19 02:48:47,2024-11-19 03:16:39,27.866666666666667,0.7,1,2.033333333333333,0,0.0,2.15311004784689,0.7333333333333334,0.9,0.8000000000000002,1,2024-11-20 02:27:34,28.766666666666666,Wednesday,רשת 13 | המצעד המשפטי ש.ח
רשת 13,המצעד המשפטי ש.ח,2024-11-20,2024-11-20 02:27:34,2024-11-20 02:56:20,28.766666666666666,0.9,1,2.9833333333333334,0,0.0,2.085747392815759,0.8000000000000002,0.2,0.3,1,2024-11-21 02:37:13,31.633333333333333,Thursday,רשת 13 | המצעד המשפטי ש.ח
רשת 13,המצעד המשפטי ש.ח,2024-11-21,2024-11-21 02:37:13,2024-11-21 03:08:51,31.633333333333333,0.2,1,5.833333333333333,0,0.0,1.8967334035827186,0.3,1.1,0.9,0,2024-11-22 12:52:30,7.75,Friday,רשת 13 | המצעד המשפטי ש.ח
רשת 13,המצעד המשפטי ש.ח,2024-11-22,2024-11-22 12:52:30,2024-11-22 13:00:15,7.75,1.1,0,0.0,0,0.0,0.0,0.9,0.4,0.4000000000000001,1,2024-11-23 03:52:08,29.133333333333333,Saturday,רשת 13 | המצעד המשפטי ש.ח
רשת 13,המצעד המשפטי ש.ח,2024-11-25,2024-11-25 02:48:26,2024-11-25 03:15:25,26.983333333333334,0.8,1,1.1333333333333333,1,1.1333333333333333,2.2235948116121063,0.8000000000000002,0.5,0.4000000000000001,1,2024-11-26 02:25:37,27.5,Tuesday,רשת 13 | המצעד המשפטי ש.ח
רשת 13,המצעד המשפטי ש.ח,2024-11-26,2024-11-26 02:25:37,2024-11-26 02:53:07,27.5,0.5,1,1.7,0,0.0,2.181818181818182,0.4000000000000001,0.4,0.5333333333333333,1,2024-11-27 02:42:03,27.95,Wednesday,רשת 13 | המצעד המשפטי ש.ח
רשת 13,המצעד המשפטי ש.ח,2024-11-29,2024-11-29 02:39:14,2024-11-29 03:10:36,31.366666666666667,0.3,1,4.366666666666666,0,0.0,1.9128586609989373,0.3,0.4,0.5,1,2024-11-30 07:43:59,28.55,Saturday,רשת 13 | המצעד המשפטי ש.ח
רשת 13,המקור - עונה 23,2024-11-10,2024-11-10 21:28:51,2024-11-10 22:51:10,82.31666666666666,13.0,1,9.6,0,0.0,0.7288924883579673,14.133333333333333,9.1,8.833333333333334,2,2024-11-11 21:30:25,75.98333333333333,Monday,רשת 13 | המקור - עונה 23
רשת 13,המקור - עונה 23 - דיון באולפן,2024-11-10,2024-11-10 23:00:17,2024-11-10 23:05:44,5.45,8.2,0,0.0,0,0.0,0.0,8.433333333333334,9.0,8.200000000000001,0,2024-11-11 22:56:41,5.5,Monday,רשת 13 | המקור - עונה 23 - דיון באולפן
רשת 13,המקור - עונה 23 ש.ח,2024-11-02,2024-11-02 00:42:02,2024-11-02 01:35:20,53.3,2.7,1,1.9666666666666666,0,0.0,1.125703564727955,,1.3,1.2666666666666666,0,2024-11-03 13:52:23,7.616666666666666,Sunday,רשת 13 | המקור - עונה 23 ש.ח
רשת 13,המקור - עונה 23 ש.ח,2024-11-09,2024-11-09 00:06:42,2024-11-09 00:53:29,46.78333333333333,1.5,1,7.633333333333334,0,0.0,1.282508015675098,,1.4,1.4333333333333333,0,2024-11-10 13:55:51,4.216666666666667,Sunday,רשת 13 | המקור - עונה 23 ש.ח
רשת 13,המקור - עונה 23 ש.ח,2024-11-10,2024-11-10 13:55:51,2024-11-10 14:00:04,4.216666666666667,1.4,0,0.0,0,0.0,0.0,1.4333333333333333,1.8,1.7666666666666666,1,2024-11-11 14:09:04,50.96666666666667,Monday,רשת 13 | המקור - עונה 23 ש.ח
רשת 13,העולם הבוקר,2024-11-03,2024-11-03 07:03:34,2024-11-03 10:00:46,177.2,1.5,10,41.45,0,0.0,3.3860045146726865,1.8,2.5,2.1,8,2024-11-04 07:02:30,178.25,Monday,רשת 13 | העולם הבוקר
רשת 13,העולם הבוקר,2024-11-04,2024-11-04 07:02:30,2024-11-04 10:00:45,178.25,2.5,8,43.58333333333333,0,0.0,2.6928471248246844,2.1,1.3,2.6999999999999997,8,2024-11-05 07:02:12,177.66666666666666,Tuesday,רשת 13 | העולם הבוקר
רשת 13,העולם הבוקר,2024-11-05,2024-11-05 07:02:12,2024-11-05 09:59:52,177.66666666666666,1.3,8,51.13333333333333,0,0.0,2.701688555347092,2.6999999999999997,2.0,2.3333333333333335,4,2024-11-06 09:55:45,124.33333333333333,Wednesday,רשת 13 | העולם הבוקר
רשת 13,העולם הבוקר,2024-11-06,2024-11-06 09:55:45,2024-11-06 12:00:05,124.33333333333333,2.0,4,15.533333333333333,0,0.0,1.93029490616622,2.3333333333333335,2.0,1.9333333333333333,8,2024-11-07 07:02:30,178.35,Thursday,רשת 13 | העולם הבוקר
רשת 13,העולם הבוקר,2024-11-10,2024-11-10 07:02:26,2024-11-10 09:59:24,176.96666666666667,1.0,9,44.366666666666674,0,0.0,3.0514221133923525,1.3,1.5,1.8333333333333333,8,2024-11-11 07:02:35,177.0,Monday,רשת 13 | העולם הבוקר
רשת 13,העולם הבוקר,2024-11-11,2024-11-11 07:02:35,2024-11-11 09:59:35,177.0,1.5,8,39.483333333333334,0,0.0,2.711864406779661,1.8333333333333333,1.5,1.6333333333333335,9,2024-11-12 07:02:56,177.0,Tuesday,רשת 13 | העולם הבוקר
רשת 13,העולם הבוקר,2024-11-12,2024-11-12 07:02:56,2024-11-12 09:59:56,177.0,1.5,9,40.483333333333334,0,0.0,3.0508474576271185,1.6333333333333335,1.5,2.266666666666666,11,2024-11-13 07:02:25,179.75,Wednesday,רשת 13 | העולם הבוקר
רשת 13,העולם הבוקר,2024-11-13,2024-11-13 07:02:25,2024-11-13 10:02:10,179.75,1.5,11,45.266666666666666,0,0.0,3.671766342141864,2.266666666666666,1.6,2.2666666666666666,6,2024-11-14 07:03:38,177.36666666666667,Thursday,רשת 13 | העולם הבוקר
רשת 13,העולם הבוקר,2024-11-17,2024-11-17 07:01:03,2024-11-17 09:31:00,149.95,1.3,13,36.03333333333333,0,0.0,5.201733911303768,1.5333333333333332,2.0,1.7,12,2024-11-18 07:02:05,148.3,Monday,רשת 13 | העולם הבוקר
רשת 13,העולם הבוקר,2024-11-18,2024-11-18 07:02:05,2024-11-18 09:30:23,148.3,2.0,12,44.83333333333334,0,0.0,4.8550236008091705,1.7,1.9,1.8666666666666665,12,2024-11-19 07:03:18,146.53333333333333,Tuesday,רשת 13 | העולם הבוקר
רשת 13,העולם הבוקר,2024-11-19,2024-11-19 07:03:18,2024-11-19 09:29:50,146.53333333333333,1.9,12,43.19999999999999,0,0.0,4.9135577797998184,1.8666666666666665,1.5,1.8333333333333333,14,2024-11-20 07:03:50,146.33333333333334,Wednesday,רשת 13 | העולם הבוקר
רשת 13,העולם הבוקר,2024-11-20,2024-11-20 07:03:50,2024-11-20 09:30:10,146.33333333333334,1.5,14,41.55,0,0.0,5.740318906605922,1.8333333333333333,1.1,2.1,11,2024-11-21 07:03:35,148.73333333333332,Thursday,רשת 13 | העולם הבוקר
רשת 13,העולם הבוקר,2024-11-24,2024-11-24 07:01:48,2024-11-24 09:30:19,148.51666666666668,0.9,10,35.2,0,0.0,4.039950622825721,2.266666666666666,1.6,1.6666666666666667,13,2024-11-25 07:02:33,147.21666666666667,Monday,רשת 13 | העולם הבוקר
רשת 13,העולם הבוקר,2024-11-25,2024-11-25 07:02:33,2024-11-25 09:29:46,147.21666666666667,1.6,13,37.76666666666667,1,2.0833333333333335,5.298313143892223,1.6666666666666667,1.8,1.9666666666666668,13,2024-11-26 07:01:50,147.08333333333334,Tuesday,רשת 13 | העולם הבוקר
רשת 13,העולם הבוקר,2024-11-26,2024-11-26 07:01:50,2024-11-26 09:28:55,147.08333333333334,1.8,13,37.61666666666667,0,0.0,5.303116147308782,1.9666666666666668,1.8,1.7333333333333334,17,2024-11-27 07:00:56,150.76666666666668,Wednesday,רשת 13 | העולם הבוקר
רשת 13,העולם הבוקר,2024-11-27,2024-11-27 07:00:56,2024-11-27 09:31:42,150.76666666666668,1.8,17,36.18333333333334,1,1.8333333333333333,6.765421180632323,1.7333333333333334,1.8,1.5,17,2024-11-28 07:01:16,150.35,Thursday,רשת 13 | העולם הבוקר
רשת 13,העולם הבוקר - רגע לפני,2024-11-03,2024-11-03 06:08:06,2024-11-03 07:03:34,55.46666666666667,1.7,1,3.816666666666667,0,0.0,1.0817307692307692,1.2,1.7,1.1666666666666667,2,2024-11-04 06:08:04,54.43333333333333,Monday,רשת 13 | העולם הבוקר - רגע לפני
רשת 13,העולם הבוקר - רגע לפני,2024-11-04,2024-11-04 06:08:04,2024-11-04 07:02:30,54.43333333333333,1.7,2,3.916666666666667,0,0.0,2.2045315370483776,1.1666666666666667,1.5,0.5333333333333333,2,2024-11-05 06:07:26,54.766666666666666,Tuesday,רשת 13 | העולם הבוקר - רגע לפני
רשת 13,העולם הבוקר - רגע לפני,2024-11-10,2024-11-10 06:06:05,2024-11-10 07:02:26,56.35,1.3,2,3.4000000000000004,0,0.0,2.129547471162378,0.9666666666666667,1.7,1.4333333333333333,2,2024-11-11 06:08:05,54.5,Monday,רשת 13 | העולם הבוקר - רגע לפני
רשת 13,העולם הבוקר - רגע לפני,2024-11-11,2024-11-11 06:08:05,2024-11-11 07:02:35,54.5,1.7,2,3.1500000000000004,0,0.0,2.2018348623853212,1.4333333333333333,1.1,1.3333333333333333,3,2024-11-12 06:07:03,55.88333333333333,Tuesday,רשת 13 | העולם הבוקר - רגע לפני
רשת 13,העולם הבוקר - רגע לפני,2024-11-12,2024-11-12 06:07:03,2024-11-12 07:02:56,55.88333333333333,1.1,3,3.4499999999999997,0,0.0,3.2209961228750372,1.3333333333333333,1.0,0.5333333333333333,2,2024-11-13 06:06:00,56.416666666666664,Wednesday,רשת 13 | העולם הבוקר - רגע לפני
רשת 13,העולם הבוקר - רגע לפני,2024-11-13,2024-11-13 06:06:00,2024-11-13 07:02:25,56.416666666666664,1.0,2,3.7666666666666666,0,0.0,2.1270310192023634,0.5333333333333333,1.4,0.7666666666666666,2,2024-11-14 06:06:45,56.88333333333333,Thursday,רשת 13 | העולם הבוקר - רגע לפני
רשת 13,העולם הבוקר - רגע לפני,2024-11-17,2024-11-17 06:07:43,2024-11-17 07:01:03,53.333333333333336,1.2,2,2.7666666666666666,0,0.0,2.25,1.1333333333333335,1.1,1.0666666666666667,2,2024-11-18 06:07:16,54.81666666666667,Monday,רשת 13 | העולם הבוקר - רגע לפני
רשת 13,העולם הבוקר - רגע לפני,2024-11-18,2024-11-18 06:07:16,2024-11-18 07:02:05,54.81666666666667,1.1,2,2.7666666666666666,0,0.0,2.1891152325934935,1.0666666666666667,1.0,0.20000000000000004,2,2024-11-19 06:06:51,56.45,Tuesday,רשת 13 | העולם הבוקר - רגע לפני
רשת 13,העולם הבוקר - רגע לפני,2024-11-19,2024-11-19 06:06:51,2024-11-19 07:03:18,56.45,1.0,2,3.7833333333333337,0,0.0,2.1257750221434897,0.20000000000000004,1.7,0.8333333333333334,2,2024-11-20 06:04:45,59.083333333333336,Wednesday,רשת 13 | העולם הבוקר - רגע לפני
רשת 13,העולם הבוקר - רגע לפני,2024-11-20,2024-11-20 06:04:45,2024-11-20 07:03:50,59.083333333333336,1.7,2,2.966666666666667,0,0.0,2.0310296191819464,0.8333333333333334,1.8,0.9333333333333332,2,2024-11-21 06:07:01,56.56666666666667,Thursday,רשת 13 | העולם הבוקר - רגע לפני
רשת 13,העולם הבוקר - רגע לפני,2024-11-24,2024-11-24 06:04:55,2024-11-24 07:01:48,56.88333333333333,1.4,2,2.9333333333333336,0,0.0,2.109581013770876,0.4000000000000001,1.5,1.7333333333333332,2,2024-11-25 06:07:32,55.016666666666666,Monday,רשת 13 | העולם הבוקר - רגע לפני
רשת 13,העולם הבוקר - רגע לפני,2024-11-25,2024-11-25 06:07:32,2024-11-25 07:02:33,55.016666666666666,1.5,2,4.116666666666667,0,0.0,2.1811572250833082,1.7333333333333332,1.4,1.0666666666666667,2,2024-11-26 06:07:17,54.55,Tuesday,רשת 13 | העולם הבוקר - רגע לפני
רשת 13,העולם הבוקר - רגע לפני,2024-11-26,2024-11-26 06:07:17,2024-11-26 07:01:50,54.55,1.4,2,4.25,0,0.0,2.1998166819431715,1.0666666666666667,1.5,0.6999999999999998,2,2024-11-27 06:06:10,54.766666666666666,Wednesday,רשת 13 | העולם הבוקר - רגע לפני
רשת 13,העולם הבוקר - רגע לפני,2024-11-27,2024-11-27 06:06:10,2024-11-27 07:00:56,54.766666666666666,1.5,2,4.033333333333333,0,0.0,2.1911138161898966,0.6999999999999998,1.4,0.4666666666666666,2,2024-11-28 06:06:55,54.35,Thursday,רשת 13 | העולם הבוקר - רגע לפני
רשת 13,הערב אצל בן בן ברוך ש.ח,2024-11-01,2024-11-01 01:56:53,2024-11-01 01:59:59,3.1,1.7,0,0.0,0,0.0,0.0,,1.2,1.6000000000000003,1,2024-11-02 02:00:00,31.95,Saturday,רשת 13 | הערב אצל בן בן ברוך ש.ח
רשת 13,הערב אצל בן בן ברוך ש.ח,2024-11-08,2024-11-08 01:51:49,2024-11-08 01:59:59,8.166666666666666,1.9,0,0.0,0,0.0,0.0,,1.7,1.8666666666666665,1,2024-11-09 02:00:00,29.983333333333334,Saturday,רשת 13 | הערב אצל בן בן ברוך ש.ח
רשת 13,הערב אצל בן בן ברוך ש.ח,2024-11-15,2024-11-15 01:31:14,2024-11-15 01:59:59,28.75,0.8,1,2.45,1,2.45,2.0869565217391304,,1.0,1.0,0,2024-11-16 02:00:00,11.783333333333333,Saturday,רשת 13 | הערב אצל בן בן ברוך ש.ח
רשת 13,הערב אצל בן בן ברוך ש.ח,2024-11-16,2024-11-16 02:00:00,2024-11-16 02:11:47,11.783333333333333,1.0,0,0.0,0,0.0,0.0,1.0,0.8,0.9,1,2024-11-17 02:18:39,39.93333333333333,Sunday,רשת 13 | הערב אצל בן בן ברוך ש.ח
רשת 13,הצינור,2024-11-03,2024-11-03 22:50:50,2024-11-03 23:23:05,32.25,7.1,1,7.066666666666666,0,0.0,1.8604651162790697,8.4,8.6,8.866666666666667,0,2024-11-04 23:16:34,20.4,Monday,רשת 13 | הצינור
רשת 13,הצינור,2024-11-10,2024-11-10 23:14:06,2024-11-10 23:35:08,21.033333333333335,5.5,0,0.0,0,0.0,0.0,6.033333333333334,6.6,9.666666666666666,2,2024-11-11 23:02:11,28.516666666666666,Monday,רשת 13 | הצינור
רשת 13,הצינור,2024-11-13,2024-11-13 23:15:09,2024-11-13 23:36:45,21.6,7.7,0,0.0,0,0.0,0.0,6.633333333333333,7.1,9.200000000000001,1,2024-11-14 22:58:20,31.066666666666666,Thursday,רשת 13 | הצינור
רשת 13,הצינור,2024-11-17,2024-11-17 22:59:18,2024-11-17 23:33:04,33.766666666666666,7.2,2,5.983333333333333,0,0.0,3.553800592300099,9.633333333333333,8.5,8.066666666666668,0,2024-11-18 23:18:48,20.016666666666666,Monday,רשת 13 | הצינור
רשת 13,הצינור,2024-11-20,2024-11-20 22:53:56,2024-11-20 23:28:30,34.56666666666667,8.3,2,9.116666666666667,0,0.0,3.4715525554484086,12.566666666666668,5.4,5.8,0,2024-11-21 22:36:38,26.6,Thursday,רשת 13 | הצינור
רשת 13,הצינור,2024-11-24,2024-11-24 23:01:44,2024-11-24 23:34:40,32.93333333333333,6.6,2,5.583333333333334,0,0.0,3.6437246963562755,7.6000000000000005,8.2,11.133333333333333,2,2024-11-25 22:57:13,31.683333333333334,Monday,רשת 13 | הצינור
רשת 13,הצינור,2024-11-25,2024-11-25 22:57:13,2024-11-25 23:28:54,31.683333333333334,8.2,2,5.3500000000000005,0,0.0,3.7874802735402415,11.133333333333333,5.8,5.666666666666667,0,2024-11-26 23:20:26,23.066666666666666,Tuesday,רשת 13 | הצינור
רשת 13,הצינור ש.ח,2024-11-03,2024-11-03 05:26:32,2024-11-03 06:00:04,33.53333333333333,0.7,1,3.65,0,0.0,1.7892644135188867,0.5333333333333333,0.8,0.5333333333333333,1,2024-11-04 05:34:43,25.3,Monday,רשת 13 | הצינור ש.ח
רשת 13,הצינור ש.ח,2024-11-04,2024-11-04 05:34:43,2024-11-04 06:00:01,25.3,0.8,1,1.5833333333333333,0,0.0,2.3715415019762847,0.5333333333333333,0.7,0.5333333333333333,0,2024-11-05 05:39:42,20.283333333333335,Tuesday,רשת 13 | הצינור ש.ח
רשת 13,הצינור ש.ח,2024-11-10,2024-11-10 05:35:34,2024-11-10 06:00:00,24.433333333333334,0.4,1,1.7333333333333334,0,0.0,2.455661664392906,0.3333333333333333,0.7,0.3333333333333333,1,2024-11-11 05:37:50,22.166666666666668,Monday,רשת 13 | הצינור ש.ח
רשת 13,הצינור ש.ח,2024-11-11,2024-11-11 05:37:50,2024-11-11 06:00:00,22.166666666666668,0.7,1,1.35,0,0.0,2.706766917293233,0.3333333333333333,0.7,0.4000000000000001,1,2024-11-12 05:40:58,19.033333333333335,Tuesday,רשת 13 | הצינור ש.ח
רשת 13,הצינור ש.ח,2024-11-12,2024-11-12 05:40:58,2024-11-12 06:00:00,19.033333333333335,0.7,1,0.95,0,0.0,3.1523642732049035,0.4000000000000001,0.2,0.3,1,2024-11-13 05:36:03,23.95,Wednesday,רשת 13 | הצינור ש.ח
רשת 13,הצינור ש.ח,2024-11-13,2024-11-13 05:36:03,2024-11-13 06:00:00,23.95,0.2,1,1.8833333333333333,0,0.0,2.5052192066805845,0.3,0.7,0.5666666666666667,0,2024-11-14 05:39:13,20.766666666666666,Thursday,רשת 13 | הצינור ש.ח
רשת 13,הצינור ש.ח,2024-11-14,2024-11-14 05:39:13,2024-11-14 05:59:59,20.766666666666666,0.7,0,0.0,0,0.0,0.0,0.5666666666666667,0.8,0.6999999999999998,0,2024-11-15 05:37:15,22.766666666666666,Friday,רשת 13 | הצינור ש.ח
רשת 13,הצינור ש.ח,2024-11-17,2024-11-17 05:37:49,2024-11-17 06:00:04,22.25,0.5,0,0.0,0,0.0,0.0,0.4000000000000001,0.4,0.06666666666666667,0,2024-11-18 05:39:07,20.933333333333334,Monday,רשת 13 | הצינור ש.ח
רשת 13,הצינור ש.ח,2024-11-18,2024-11-18 05:39:07,2024-11-18 06:00:03,20.933333333333334,0.4,0,0.0,0,0.0,0.0,0.06666666666666667,0.7,0.6666666666666666,1,2024-11-19 05:39:01,21.016666666666666,Tuesday,רשת 13 | הצינור ש.ח
רשת 13,הצינור ש.ח,2024-11-19,2024-11-19 05:39:01,2024-11-19 06:00:02,21.016666666666666,0.7,1,1.1166666666666667,1,1.1166666666666667,2.8548770816812055,0.6666666666666666,0.7,0.5666666666666668,0,2024-11-20 05:29:50,30.15,Wednesday,רשת 13 | הצינור ש.ח
רשת 13,הצינור ש.ח,2024-11-20,2024-11-20 05:29:50,2024-11-20 05:59:59,30.15,0.7,0,0.0,0,0.0,0.0,0.5666666666666668,0.7,0.4000000000000001,1,2024-11-21 05:38:38,21.4,Thursday,רשת 13 | הצינור ש.ח
רשת 13,הצינור ש.ח,2024-11-21,2024-11-21 05:38:38,2024-11-21 06:00:02,21.4,0.7,1,2.6666666666666665,0,0.0,2.8037383177570097,0.4000000000000001,0.6,0.4000000000000001,0,2024-11-22 05:34:51,25.15,Friday,רשת 13 | הצינור ש.ח
רשת 13,הצינור ש.ח,2024-11-24,2024-11-24 05:29:52,2024-11-24 06:00:00,30.133333333333333,0.4,0,0.0,0,0.0,0.0,0.20000000000000004,0.9,0.6,1,2024-11-25 05:37:25,22.6,Monday,רשת 13 | הצינור ש.ח
רשת 13,הצינור ש.ח,2024-11-25,2024-11-25 05:37:25,2024-11-25 06:00:01,22.6,0.9,1,3.283333333333333,0,0.0,2.654867256637168,0.6,0.5,0.4000000000000001,1,2024-11-26 05:32:55,27.166666666666668,Tuesday,רשת 13 | הצינור ש.ח
רשת 13,הצינור ש.ח,2024-11-26,2024-11-26 05:32:55,2024-11-26 06:00:05,27.166666666666668,0.5,1,2.033333333333333,0,0.0,2.208588957055215,0.4000000000000001,0.2,0.0,1,2024-11-27 05:36:05,24.016666666666666,Wednesday,רשת 13 | הצינור ש.ח
רשת 13,הצינור ש.ח,2024-11-27,2024-11-27 05:36:05,2024-11-27 06:00:06,24.016666666666666,0.2,1,1.2833333333333334,0,0.0,2.498265093684941,0.0,0.3,0.43333333333333335,1,2024-11-28 05:35:50,24.15,Thursday,רשת 13 | הצינור ש.ח
רשת 13,הצינור ש.ח,2024-11-28,2024-11-28 05:35:50,2024-11-28 05:59:59,24.15,0.3,1,2.816666666666667,0,0.0,2.4844720496894412,0.43333333333333335,0.8,0.7333333333333334,0,2024-11-29 05:35:59,24.033333333333335,Friday,רשת 13 | הצינור ש.ח
רשת 13,ויטרינה - כל מה שחדש ש.ח,2024-11-01,2024-11-01 02:17:00,2024-11-01 02:41:15,24.25,0.5,0,0.0,0,0.0,0.0,0.6999999999999998,1.4,1.7,2,2024-11-02 09:10:21,42.583333333333336,Saturday,רשת 13 | ויטרינה - כל מה שחדש ש.ח
רשת 13,ויטרינה - כל מה שחדש ש.ח,2024-11-02,2024-11-02 09:10:21,2024-11-02 09:52:56,42.583333333333336,1.4,2,7.316666666666666,0,0.0,2.8180039138943247,1.7,1.2,1.3999999999999997,1,2024-11-03 02:19:54,39.583333333333336,Sunday,רשת 13 | ויטרינה - כל מה שחדש ש.ח
רשת 13,ויטרינה - כל מה שחדש ש.ח,2024-11-09,2024-11-09 01:49:44,2024-11-09 01:59:59,10.25,0.7,0,0.0,0,0.0,0.0,,0.2,,1,2024-11-10 01:40:22,19.616666666666667,Sunday,רשת 13 | ויטרינה - כל מה שחדש ש.ח
רשת 13,ויטרינה - כל מה שחדש ש.ח,2024-11-10,2024-11-10 01:40:22,2024-11-10 01:59:59,19.616666666666667,0.2,1,6.25,0,0.0,3.058623619371283,,0.2,0.20000000000000004,0,2024-11-11 02:00:00,10.866666666666667,Monday,רשת 13 | ויטרינה - כל מה שחדש ש.ח
רשת 13,ויטרינה - כל מה שחדש ש.ח,2024-11-11,2024-11-11 02:00:00,2024-11-11 02:10:52,10.866666666666667,0.2,0,0.0,0,0.0,0.0,0.20000000000000004,0.7,0.6,1,2024-11-12 02:07:57,39.5,Tuesday,רשת 13 | ויטרינה - כל מה שחדש ש.ח
רשת 13,ויטרינה - כל מה שחדש ש.ח,2024-11-16,2024-11-16 02:41:10,2024-11-16 03:14:43,33.55,0.8,1,4.116666666666666,0,0.0,1.7883755588673624,0.8333333333333334,0.5,0.6,0,2024-11-17 02:58:35,31.033333333333335,Sunday,רשת 13 | ויטרינה - כל מה שחדש ש.ח
רשת 13,ויטרינה - כל מה שחדש ש.ח,2024-11-23,2024-11-23 03:18:25,2024-11-23 03:52:08,33.71666666666667,0.4,1,3.35,0,0.0,1.7795353435491843,0.4000000000000001,0.8,0.9,0,2024-11-24 12:47:07,12.05,Sunday,רשת 13 | ויטרינה - כל מה שחדש ש.ח
רשת 13,ויטרינה - כל מה שחדש ש.ח,2024-11-24,2024-11-24 12:47:07,2024-11-24 12:59:10,12.05,0.8,0,0.0,0,0.0,0.0,0.9,1.1,,0,2024-11-25 01:53:28,6.516666666666667,Monday,רשת 13 | ויטרינה - כל מה שחדש ש.ח
רשת 13,ויטרינה - כל מה שחדש ש.ח,2024-11-25,2024-11-25 01:53:28,2024-11-25 01:59:59,6.516666666666667,1.1,0,0.0,0,0.0,0.0,,0.7,1.0,1,2024-11-26 02:00:00,25.616666666666667,Tuesday,רשת 13 | ויטרינה - כל מה שחדש ש.ח
רשת 13,זמן שישי עם נטעלי - הכתבות,2024-11-16,2024-11-16 01:34:08,2024-11-16 01:59:59,25.85,0.9,0,0.0,0,0.0,0.0,,0.8,0.6,0,2024-11-17 02:00:00,18.65,Sunday,רשת 13 | זמן שישי עם נטעלי - הכתבות
רשת 13,חדשות 13,2024-11-03,2024-11-03 19:52:58,2024-11-03 21:34:56,101.96666666666667,7.7,3,18.666666666666668,1,1.8166666666666667,1.7652827721477606,7.966666666666666,7.1,7.633333333333333,5,2024-11-04 19:53:07,100.5,Monday,רשת 13 | חדשות 13
רשת 13,חדשות 13,2024-11-04,2024-11-04 19:53:07,2024-11-04 21:33:37,100.5,7.1,5,18.749999999999996,3,2.1,2.9850746268656714,7.633333333333333,7.6,6.833333333333333,0,2024-11-05 19:54:00,75.11666666666666,Tuesday,רשת 13 | חדשות 13
רשת 13,חדשות 13,2024-11-05,2024-11-05 19:54:00,2024-11-05 21:09:07,75.11666666666666,7.6,0,0.0,0,0.0,0.0,6.833333333333333,6.6,6.933333333333334,4,2024-11-06 19:53:16,109.01666666666667,Wednesday,רשת 13 | חדשות 13
רשת 13,חדשות 13,2024-11-06,2024-11-06 19:53:16,2024-11-06 21:42:17,109.01666666666667,6.6,4,15.966666666666665,1,1.0,2.201498241859043,6.933333333333334,5.8,5.3,2,2024-11-07 19:53:23,106.16666666666667,Thursday,רשת 13 | חדשות 13
רשת 13,חדשות 13,2024-11-10,2024-11-10 19:53:00,2024-11-10 21:28:51,95.85,8.3,3,15.700000000000001,1,1.65,1.8779342723004695,8.033333333333333,6.8,6.966666666666666,4,2024-11-11 19:52:59,97.43333333333334,Monday,רשת 13 | חדשות 13
רשת 13,חדשות 13,2024-11-11,2024-11-11 19:52:59,2024-11-11 21:30:25,97.43333333333334,6.8,4,13.166666666666668,1,1.0,2.463222716387273,6.966666666666666,6.0,5.400000000000001,4,2024-11-12 19:53:09,114.0,Tuesday,רשת 13 | חדשות 13
רשת 13,חדשות 13,2024-11-12,2024-11-12 19:53:09,2024-11-12 21:47:09,114.0,6.0,4,14.5,1,1.3833333333333333,2.1052631578947367,5.400000000000001,6.1,6.1000000000000005,4,2024-11-13 19:54:26,104.26666666666667,Wednesday,רשת 13 | חדשות 13
רשת 13,חדשות 13,2024-11-13,2024-11-13 19:54:26,2024-11-13 21:38:42,104.26666666666667,6.1,4,12.366666666666667,1,0.75,2.3017902813299234,6.1000000000000005,6.0,6.5,2,2024-11-14 19:53:45,95.93333333333334,Thursday,רשת 13 | חדשות 13
רשת 13,חדשות 13,2024-11-17,2024-11-17 19:53:54,2024-11-17 21:28:22,94.46666666666667,6.6,5,18.650000000000002,3,2.1833333333333336,3.1757233592095977,6.0,7.6,6.3999999999999995,5,2024-11-18 19:53:13,111.65,Monday,רשת 13 | חדשות 13
רשת 13,חדשות 13,2024-11-18,2024-11-18 19:53:13,2024-11-18 21:44:52,111.65,7.6,5,17.15,3,2.5000000000000004,2.6869682042095837,6.3999999999999995,8.1,8.833333333333332,5,2024-11-19 19:52:49,98.38333333333334,Tuesday,רשת 13 | חדשות 13
רשת 13,חדשות 13,2024-11-19,2024-11-19 19:52:49,2024-11-19 21:31:12,98.38333333333334,8.1,5,16.3,2,0.4,3.049296967643571,8.833333333333332,7.3,7.166666666666667,4,2024-11-20 19:53:57,99.13333333333334,Wednesday,רשת 13 | חדשות 13
רשת 13,חדשות 13,2024-11-20,2024-11-20 19:53:57,2024-11-20 21:33:05,99.13333333333334,7.3,4,13.85,1,1.5,2.42098184263618,7.166666666666667,6.9,6.633333333333333,2,2024-11-21 19:52:26,105.45,Thursday,רשת 13 | חדשות 13
רשת 13,חדשות 13,2024-11-24,2024-11-24 19:53:17,2024-11-24 21:28:04,94.78333333333333,7.5,2,16.166666666666668,0,0.0,1.2660453666256375,7.933333333333334,5.6,6.1000000000000005,2,2024-11-25 19:53:14,100.31666666666666,Monday,רשת 13 | חדשות 13
רשת 13,חדשות 13,2024-11-25,2024-11-25 19:53:14,2024-11-25 21:33:33,100.31666666666666,5.6,2,15.1,0,0.0,1.1962119953480645,6.1000000000000005,8.1,7.766666666666667,6,2024-11-26 19:52:58,125.13333333333334,Tuesday,רשת 13 | חדשות 13
רשת 13,חדשות 13,2024-11-26,2024-11-26 19:52:58,2024-11-26 21:58:06,125.13333333333334,8.1,6,20.899999999999995,2,0.4,2.876931273308471,7.766666666666667,6.6,7.733333333333334,4,2024-11-27 19:53:04,101.6,Wednesday,רשת 13 | חדשות 13
רשת 13,חדשות 13,2024-11-27,2024-11-27 19:53:04,2024-11-27 21:34:40,101.6,6.6,4,16.55,2,0.4,2.362204724409449,7.733333333333334,6.7,6.133333333333333,4,2024-11-28 19:54:05,99.88333333333334,Thursday,רשת 13 | חדשות 13
רשת 13,חדשות 13 - מבזק,2024-11-01,2024-11-01 06:00:39,2024-11-01 06:06:41,6.033333333333333,0.5,0,0.0,0,0.0,0.0,0.4666666666666666,2.9,,2,2024-11-02 00:05:00,6.966666666666667,Saturday,רשת 13 | חדשות 13 - מבזק
רשת 13,חדשות 13 - מבזק,2024-11-02,2024-11-02 00:05:00,2024-11-02 00:11:58,6.966666666666667,2.9,2,7.55,2,7.55,17.22488038277512,,1.0,0.9666666666666667,0,2024-11-03 06:00:04,8.033333333333333,Sunday,רשת 13 | חדשות 13 - מבזק
רשת 13,חדשות 13 - מבזק,2024-11-03,2024-11-03 06:00:04,2024-11-03 06:08:06,8.033333333333333,1.0,0,0.0,0,0.0,0.0,0.9666666666666667,1.1,1.0333333333333334,0,2024-11-04 06:00:01,8.05,Monday,רשת 13 | חדשות 13 - מבזק
רשת 13,חדשות 13 - מבזק,2024-11-04,2024-11-04 06:00:01,2024-11-04 06:08:04,8.05,1.1,0,0.0,0,0.0,0.0,1.0333333333333334,0.5,0.6,0,2024-11-05 06:00:00,7.433333333333334,Tuesday,רשת 13 | חדשות 13 - מבזק
רשת 13,חדשות 13 - מבזק,2024-11-07,2024-11-07 05:59:57,2024-11-07 06:06:37,6.666666666666667,0.3,0,0.0,0,0.0,0.0,0.3,2.8,2.8666666666666667,0,2024-11-08 12:00:56,7.916666666666667,Friday,רשת 13 | חדשות 13 - מבזק
רשת 13,חדשות 13 - מבזק,2024-11-08,2024-11-08 12:00:56,2024-11-08 12:08:51,7.916666666666667,2.8,0,0.0,0,0.0,0.0,2.8666666666666667,1.8,,0,2024-11-09 00:00:01,6.683333333333334,Saturday,רשת 13 | חדשות 13 - מבזק
רשת 13,חדשות 13 - מבזק,2024-11-09,2024-11-09 00:00:01,2024-11-09 00:06:42,6.683333333333334,1.8,0,0.0,0,0.0,0.0,,0.9,0.7333333333333334,0,2024-11-10 06:00:00,6.083333333333333,Sunday,רשת 13 | חדשות 13 - מבזק
רשת 13,חדשות 13 - מבזק,2024-11-10,2024-11-10 06:00:00,2024-11-10 06:06:05,6.083333333333333,0.9,0,0.0,0,0.0,0.0,0.7333333333333334,0.9,0.6999999999999998,0,2024-11-11 06:00:00,8.083333333333334,Monday,רשת 13 | חדשות 13 - מבזק
רשת 13,חדשות 13 - מבזק,2024-11-11,2024-11-11 06:00:00,2024-11-11 06:08:05,8.083333333333334,0.9,0,0.0,0,0.0,0.0,0.6999999999999998,1.3,1.3,0,2024-11-12 06:00:00,7.05,Tuesday,רשת 13 | חדשות 13 - מבזק
רשת 13,חדשות 13 - מבזק,2024-11-12,2024-11-12 06:00:00,2024-11-12 06:07:03,7.05,1.3,0,0.0,0,0.0,0.0,1.3,0.5,0.4000000000000001,0,2024-11-13 06:00:01,5.983333333333333,Wednesday,רשת 13 | חדשות 13 - מבזק
רשת 13,חדשות 13 - מבזק,2024-11-13,2024-11-13 06:00:01,2024-11-13 06:06:00,5.983333333333333,0.5,0,0.0,0,0.0,0.0,0.4000000000000001,0.7,0.6333333333333333,0,2024-11-14 05:59:59,6.766666666666667,Thursday,רשת 13 | חדשות 13 - מבזק
רשת 13,חדשות 13 - מבזק,2024-11-14,2024-11-14 05:59:59,2024-11-14 06:06:45,6.766666666666667,0.7,0,0.0,0,0.0,0.0,0.6333333333333333,0.8,0.8000000000000002,0,2024-11-15 06:00:38,6.033333333333333,Friday,רשת 13 | חדשות 13 - מבזק
רשת 13,חדשות 13 - מבזק,2024-11-15,2024-11-15 06:00:38,2024-11-15 06:06:40,6.033333333333333,0.8,0,0.0,0,0.0,0.0,0.8000000000000002,3.5,,0,2024-11-16 00:00:36,5.216666666666667,Saturday,רשת 13 | חדשות 13 - מבזק
רשת 13,חדשות 13 - מבזק,2024-11-16,2024-11-16 00:00:36,2024-11-16 00:05:49,5.216666666666667,3.5,0,0.0,0,0.0,0.0,,1.0,0.8666666666666667,0,2024-11-17 06:00:04,7.65,Sunday,רשת 13 | חדשות 13 - מבזק
רשת 13,חדשות 13 - מבזק,2024-11-17,2024-11-17 06:00:04,2024-11-17 06:07:43,7.65,1.0,0,0.0,0,0.0,0.0,0.8666666666666667,0.9,0.9,0,2024-11-18 06:00:03,7.216666666666667,Monday,רשת 13 | חדשות 13 - מבזק
רשת 13,חדשות 13 - מבזק,2024-11-18,2024-11-18 06:00:03,2024-11-18 06:07:16,7.216666666666667,0.9,0,0.0,0,0.0,0.0,0.9,0.3,0.3,0,2024-11-19 06:00:02,6.816666666666666,Tuesday,רשת 13 | חדשות 13 - מבזק
רשת 13,חדשות 13 - מבזק,2024-11-19,2024-11-19 06:00:02,2024-11-19 06:06:51,6.816666666666666,0.3,0,0.0,0,0.0,0.0,0.3,0.9,0.8000000000000002,0,2024-11-20 05:59:59,4.766666666666667,Wednesday,רשת 13 | חדשות 13 - מבזק
רשת 13,חדשות 13 - מבזק,2024-11-20,2024-11-20 05:59:59,2024-11-20 06:04:45,4.766666666666667,0.9,0,0.0,0,0.0,0.0,0.8000000000000002,0.9,0.9,0,2024-11-21 06:00:02,6.983333333333333,Thursday,רשת 13 | חדשות 13 - מבזק
רשת 13,חדשות 13 - מבזק,2024-11-21,2024-11-21 06:00:02,2024-11-21 06:07:01,6.983333333333333,0.9,0,0.0,0,0.0,0.0,0.9,0.9,0.9,0,2024-11-22 06:00:27,6.983333333333333,Friday,רשת 13 | חדשות 13 - מבזק
רשת 13,חדשות 13 - מבזק,2024-11-22,2024-11-22 06:00:27,2024-11-22 06:07:26,6.983333333333333,0.9,0,0.0,0,0.0,0.0,0.9,1.9,,2,2024-11-23 00:05:09,6.866666666666666,Saturday,רשת 13 | חדשות 13 - מבזק
רשת 13,חדשות 13 - מבזק,2024-11-23,2024-11-23 00:05:09,2024-11-23 00:12:01,6.866666666666666,1.9,2,8.033333333333333,2,8.033333333333333,17.47572815533981,,0.5,0.4666666666666666,0,2024-11-24 06:00:00,4.916666666666667,Sunday,רשת 13 | חדשות 13 - מבזק
רשת 13,חדשות 13 - מבזק,2024-11-24,2024-11-24 06:00:00,2024-11-24 06:04:55,4.916666666666667,0.5,0,0.0,0,0.0,0.0,0.4666666666666666,1.6,1.4666666666666668,0,2024-11-25 06:00:02,7.5,Monday,רשת 13 | חדשות 13 - מבזק
רשת 13,חדשות 13 - מבזק,2024-11-25,2024-11-25 06:00:02,2024-11-25 06:07:32,7.5,1.6,0,0.0,0,0.0,0.0,1.4666666666666668,1.0,0.6666666666666666,0,2024-11-26 06:00:05,7.2,Tuesday,רשת 13 | חדשות 13 - מבזק
רשת 13,חדשות 13 - מבזק,2024-11-26,2024-11-26 06:00:05,2024-11-26 06:07:17,7.2,1.0,0,0.0,0,0.0,0.0,0.6666666666666666,0.4,0.3,0,2024-11-27 06:00:06,6.066666666666666,Wednesday,רשת 13 | חדשות 13 - מבזק
רשת 13,חדשות 13 - מבזק,2024-11-27,2024-11-27 06:00:06,2024-11-27 06:06:10,6.066666666666666,0.4,0,0.0,0,0.0,0.0,0.3,0.2,0.16666666666666666,0,2024-11-28 06:00:00,6.916666666666667,Thursday,רשת 13 | חדשות 13 - מבזק
רשת 13,חדשות 13 - מבזק,2024-11-28,2024-11-28 06:00:00,2024-11-28 06:06:55,6.916666666666667,0.2,0,0.0,0,0.0,0.0,0.16666666666666666,0.9,0.8666666666666667,0,2024-11-29 06:00:36,5.433333333333334,Friday,רשת 13 | חדשות 13 - מבזק
רשת 13,חדשות 13 - מבזק,2024-11-29,2024-11-29 06:00:36,2024-11-29 06:06:02,5.433333333333334,0.9,0,0.0,0,0.0,0.0,0.8666666666666667,2.1,1.9333333333333333,2,2024-11-30 17:00:00,10.033333333333333,Saturday,רשת 13 | חדשות 13 - מבזק
רשת 13,חדשות שש,2024-11-03,2024-11-03 17:55:19,2024-11-03 18:58:47,63.46666666666667,4.6,2,10.216666666666665,0,0.0,1.8907563025210086,3.8333333333333335,4.9,4.766666666666667,2,2024-11-04 17:55:31,62.833333333333336,Monday,רשת 13 | חדשות שש
רשת 13,חדשות שש,2024-11-04,2024-11-04 17:55:31,2024-11-04 18:58:21,62.833333333333336,4.9,2,8.783333333333333,0,0.0,1.909814323607427,4.766666666666667,4.1,3.766666666666667,2,2024-11-05 17:55:16,63.4,Tuesday,רשת 13 | חדשות שש
רשת 13,חדשות שש,2024-11-05,2024-11-05 17:55:16,2024-11-05 18:58:40,63.4,4.1,2,9.95,0,0.0,1.8927444794952681,3.766666666666667,4.0,2.466666666666667,2,2024-11-06 17:56:01,63.233333333333334,Wednesday,רשת 13 | חדשות שש
רשת 13,חדשות שש,2024-11-06,2024-11-06 17:56:01,2024-11-06 18:59:15,63.233333333333334,4.0,2,7.316666666666666,0,0.0,1.8977332630469161,2.466666666666667,4.2,2.966666666666667,2,2024-11-07 17:55:27,63.233333333333334,Thursday,רשת 13 | חדשות שש
רשת 13,חדשות שש,2024-11-10,2024-11-10 17:55:02,2024-11-10 18:59:05,64.05,4.1,2,8.266666666666667,0,0.0,1.873536299765808,2.9,4.2,4.066666666666666,2,2024-11-11 17:54:51,63.9,Monday,רשת 13 | חדשות שש
רשת 13,חדשות שש,2024-11-11,2024-11-11 17:54:51,2024-11-11 18:58:45,63.9,4.2,2,7.699999999999999,0,0.0,1.8779342723004695,4.066666666666666,3.7,3.266666666666667,3,2024-11-12 17:55:22,63.3,Tuesday,רשת 13 | חדשות שש
רשת 13,חדשות שש,2024-11-12,2024-11-12 17:55:22,2024-11-12 18:58:40,63.3,3.7,3,5.233333333333333,0,0.0,2.843601895734597,3.266666666666667,3.9,3.6333333333333333,3,2024-11-13 17:54:59,64.1,Wednesday,רשת 13 | חדשות שש
רשת 13,חדשות שש,2024-11-13,2024-11-13 17:54:59,2024-11-13 18:59:05,64.1,3.9,3,8.55,0,0.0,2.8081123244929804,3.6333333333333333,4.8,3.6999999999999997,2,2024-11-14 17:55:04,64.11666666666666,Thursday,רשת 13 | חדשות שש
רשת 13,חדשות שש,2024-11-17,2024-11-17 17:55:20,2024-11-17 18:58:57,63.61666666666667,4.2,2,9.366666666666667,0,0.0,1.8862981399004453,2.766666666666667,3.9,2.6999999999999997,2,2024-11-18 17:54:55,64.23333333333333,Monday,רשת 13 | חדשות שש
רשת 13,חדשות שש,2024-11-18,2024-11-18 17:54:55,2024-11-18 18:59:09,64.23333333333333,3.9,2,8.383333333333333,0,0.0,1.8681888946549041,2.6999999999999997,4.8,3.6333333333333333,2,2024-11-19 17:55:04,63.61666666666667,Tuesday,רשת 13 | חדשות שש
רשת 13,חדשות שש,2024-11-19,2024-11-19 17:55:04,2024-11-19 18:58:41,63.61666666666667,4.8,2,8.9,0,0.0,1.8862981399004453,3.6333333333333333,3.4,2.6666666666666665,2,2024-11-20 17:55:28,63.06666666666667,Wednesday,רשת 13 | חדשות שש
רשת 13,חדשות שש,2024-11-20,2024-11-20 17:55:28,2024-11-20 18:58:32,63.06666666666667,3.4,2,8.116666666666667,0,0.0,1.9027484143763214,2.6666666666666665,4.4,3.4000000000000004,2,2024-11-21 17:54:58,64.45,Thursday,רשת 13 | חדשות שש
רשת 13,חדשות שש,2024-11-24,2024-11-24 17:54:24,2024-11-24 18:58:46,64.36666666666666,4.3,3,9.15,0,0.0,2.796478508544796,3.4333333333333336,2.8,1.7333333333333334,2,2024-11-25 17:55:57,62.18333333333333,Monday,רשת 13 | חדשות שש
רשת 13,חדשות שש,2024-11-25,2024-11-25 17:55:57,2024-11-25 18:58:08,62.18333333333333,2.8,2,10.35,0,0.0,1.9297775395336372,1.7333333333333334,4.1,3.3333333333333335,2,2024-11-26 17:55:16,63.53333333333333,Tuesday,רשת 13 | חדשות שש
רשת 13,חדשות שש,2024-11-26,2024-11-26 17:55:16,2024-11-26 18:58:48,63.53333333333333,4.1,2,10.133333333333333,0,0.0,1.8887722980062962,3.3333333333333335,4.1,3.3000000000000003,3,2024-11-27 17:55:01,63.96666666666667,Wednesday,רשת 13 | חדשות שש
רשת 13,חדשות שש,2024-11-27,2024-11-27 17:55:01,2024-11-27 18:58:59,63.96666666666667,4.1,3,9.566666666666666,0,0.0,2.8139656070870243,3.3000000000000003,4.4,4.1000000000000005,3,2024-11-28 17:54:46,64.11666666666666,Thursday,רשת 13 | חדשות שש
רשת 13,חשודה ש.ח,2024-11-20,2024-11-20 23:59:59,2024-11-21 00:45:34,45.583333333333336,2.7,4,13.533333333333333,1,6.433333333333334,5.26508226691042,4.6,1.6,,1,2024-11-21 00:24:19,42.75,Thursday,רשת 13 | חשודה ש.ח
רשת 13,חשודה ש.ח,2024-11-26,2024-11-26 00:40:14,2024-11-26 01:17:15,37.016666666666666,1.2,1,1.5666666666666667,0,0.0,1.6208914903196758,,2.2,,1,2024-11-27 00:18:51,40.5,Wednesday,רשת 13 | חשודה ש.ח
רשת 13,יניב ש.ח,2024-11-03,2024-11-03 00:38:37,2024-11-03 01:03:33,24.933333333333334,2.4,0,0.0,0,0.0,0.0,,0.7,,0,2024-11-04 00:50:04,23.65,Monday,רשת 13 | יניב ש.ח
רשת 13,יניב ש.ח,2024-11-06,2024-11-06 00:57:45,2024-11-06 01:21:44,23.983333333333334,2.3,0,0.0,0,0.0,0.0,,3.4,4.1000000000000005,2,2024-11-07 23:54:19,30.8,Thursday,רשת 13 | יניב ש.ח
רשת 13,יניב ש.ח,2024-11-10,2024-11-10 00:05:41,2024-11-10 00:38:15,32.56666666666667,1.4,2,6.733333333333333,1,0.48333333333333334,3.68474923234391,,1.6,,0,2024-11-11 00:41:03,24.016666666666666,Monday,רשת 13 | יניב ש.ח
רשת 13,יניב ש.ח,2024-11-11,2024-11-11 00:41:03,2024-11-11 01:05:04,24.016666666666666,1.6,0,0.0,0,0.0,0.0,,1.7,2.9333333333333336,2,2024-11-12 23:55:41,33.06666666666667,Tuesday,רשת 13 | יניב ש.ח
רשת 13,יניב ש.ח,2024-11-12,2024-11-12 23:55:41,2024-11-13 00:28:45,33.06666666666667,1.7,2,8.133333333333333,1,0.4666666666666667,3.6290322580645156,2.9333333333333336,1.6,,0,2024-11-13 00:46:01,23.166666666666668,Wednesday,רשת 13 | יניב ש.ח
רשת 13,יניב ש.ח,2024-11-13,2024-11-13 00:46:01,2024-11-13 01:09:11,23.166666666666668,1.6,0,0.0,0,0.0,0.0,,1.3,,1,2024-11-14 00:33:10,28.283333333333335,Thursday,רשת 13 | יניב ש.ח
רשת 13,יניב ש.ח,2024-11-17,2024-11-17 00:45:05,2024-11-17 01:08:28,23.383333333333333,1.6,0,0.0,0,0.0,0.0,,1.5,,0,2024-11-18 00:55:12,24.283333333333335,Monday,רשת 13 | יניב ש.ח
רשת 13,יניב ש.ח,2024-11-18,2024-11-18 00:55:12,2024-11-18 01:19:29,24.283333333333335,1.5,0,0.0,0,0.0,0.0,,2.8,2.5333333333333337,0,2024-11-19 23:51:39,24.016666666666666,Tuesday,רשת 13 | יניב ש.ח
רשת 13,"מיוחד-מלחמה בדרום - חרבות ברזל - אחה""צ ע.13",2024-11-03,2024-11-03 15:59:40,2024-11-03 16:54:37,54.95,2.5,2,7.116666666666666,0,0.0,2.183803457688808,2.3,2.2,1.2666666666666666,2,2024-11-04 15:59:24,55.96666666666667,Monday,"רשת 13 | מיוחד-מלחמה בדרום - חרבות ברזל - אחה""צ ע.13"
רשת 13,"מיוחד-מלחמה בדרום - חרבות ברזל - אחה""צ ע.13",2024-11-04,2024-11-04 15:59:24,2024-11-04 16:55:22,55.96666666666667,2.2,2,7.916666666666666,1,0.6333333333333333,2.1441334127456817,1.2666666666666666,1.8,1.5,2,2024-11-05 16:00:17,55.78333333333333,Tuesday,"רשת 13 | מיוחד-מלחמה בדרום - חרבות ברזל - אחה""צ ע.13"
רשת 13,"מיוחד-מלחמה בדרום - חרבות ברזל - אחה""צ ע.13",2024-11-05,2024-11-05 16:00:17,2024-11-05 16:56:04,55.78333333333333,1.8,2,8.6,0,0.0,2.151180161338512,1.5,2.9,1.2333333333333332,2,2024-11-06 15:59:24,55.766666666666666,Wednesday,"רשת 13 | מיוחד-מלחמה בדרום - חרבות ברזל - אחה""צ ע.13"
רשת 13,"מיוחד-מלחמה בדרום - חרבות ברזל - אחה""צ ע.13",2024-11-06,2024-11-06 15:59:24,2024-11-06 16:55:10,55.766666666666666,2.9,2,8.066666666666666,0,0.0,2.1518230723251643,1.2333333333333332,2.9,2.733333333333333,2,2024-11-07 16:00:00,55.4,Thursday,"רשת 13 | מיוחד-מלחמה בדרום - חרבות ברזל - אחה""צ ע.13"
רשת 13,"מיוחד-מלחמה בדרום - חרבות ברזל - אחה""צ ע.13",2024-11-07,2024-11-07 16:00:00,2024-11-07 16:55:24,55.4,2.9,2,8.633333333333333,0,0.0,2.1660649819494586,2.733333333333333,3.5,2.5,0,2024-11-08 16:02:31,60.65,Friday,"רשת 13 | מיוחד-מלחמה בדרום - חרבות ברזל - אחה""צ ע.13"
רשת 13,"מיוחד-מלחמה בדרום - חרבות ברזל - אחה""צ ע.13",2024-11-10,2024-11-10 15:57:32,2024-11-10 16:55:00,57.46666666666667,1.9,2,6.866666666666667,0,0.0,2.088167053364269,1.1666666666666667,2.6,1.5666666666666664,2,2024-11-11 15:59:48,55.36666666666667,Monday,"רשת 13 | מיוחד-מלחמה בדרום - חרבות ברזל - אחה""צ ע.13"
רשת 13,"מיוחד-מלחמה בדרום - חרבות ברזל - אחה""צ ע.13",2024-11-11,2024-11-11 15:59:48,2024-11-11 16:55:10,55.36666666666667,2.6,2,5.266666666666667,1,0.65,2.167369054786273,1.5666666666666664,2.3,2.0,0,2024-11-12 15:57:37,53.21666666666667,Tuesday,"רשת 13 | מיוחד-מלחמה בדרום - חרבות ברזל - אחה""צ ע.13"
רשת 13,"מיוחד-מלחמה בדרום - חרבות ברזל - אחה""צ ע.13",2024-11-12,2024-11-12 15:57:37,2024-11-12 16:50:50,53.21666666666667,2.3,0,0.0,0,0.0,0.0,2.0,2.4,2.3333333333333335,3,2024-11-13 15:59:57,55.46666666666667,Wednesday,"רשת 13 | מיוחד-מלחמה בדרום - חרבות ברזל - אחה""צ ע.13"
רשת 13,"מיוחד-מלחמה בדרום - חרבות ברזל - אחה""צ ע.13",2024-11-13,2024-11-13 15:59:57,2024-11-13 16:55:25,55.46666666666667,2.4,3,8.383333333333333,1,0.8,3.2451923076923075,2.3333333333333335,2.6,3.3000000000000003,2,2024-11-14 15:58:11,56.38333333333333,Thursday,"רשת 13 | מיוחד-מלחמה בדרום - חרבות ברזל - אחה""צ ע.13"
רשת 13,"מיוחד-מלחמה בדרום - חרבות ברזל - אחה""צ ע.13",2024-11-17,2024-11-17 16:00:02,2024-11-17 16:55:25,55.38333333333333,2.8,2,8.866666666666665,0,0.0,2.166716822148661,2.8333333333333335,2.4,1.8,3,2024-11-18 15:59:48,55.45,Monday,"רשת 13 | מיוחד-מלחמה בדרום - חרבות ברזל - אחה""צ ע.13"
רשת 13,"מיוחד-מלחמה בדרום - חרבות ברזל - אחה""צ ע.13",2024-11-18,2024-11-18 15:59:48,2024-11-18 16:55:15,55.45,2.4,3,9.266666666666667,0,0.0,3.2461677186654643,1.8,1.8,1.2,2,2024-11-19 15:59:47,55.36666666666667,Tuesday,"רשת 13 | מיוחד-מלחמה בדרום - חרבות ברזל - אחה""צ ע.13"
רשת 13,"מיוחד-מלחמה בדרום - חרבות ברזל - אחה""צ ע.13",2024-11-19,2024-11-19 15:59:47,2024-11-19 16:55:09,55.36666666666667,1.8,2,8.8,0,0.0,2.167369054786273,1.2,2.0,1.7666666666666666,2,2024-11-20 15:59:38,55.28333333333333,Wednesday,"רשת 13 | מיוחד-מלחמה בדרום - חרבות ברזל - אחה""צ ע.13"
רשת 13,"מיוחד-מלחמה בדרום - חרבות ברזל - אחה""צ ע.13",2024-11-20,2024-11-20 15:59:38,2024-11-20 16:54:55,55.28333333333333,2.0,2,8.733333333333334,0,0.0,2.1706361169731685,1.7666666666666666,2.9,2.466666666666667,2,2024-11-21 15:59:04,55.88333333333333,Thursday,"רשת 13 | מיוחד-מלחמה בדרום - חרבות ברזל - אחה""צ ע.13"
רשת 13,"מיוחד-מלחמה בדרום - חרבות ברזל - אחה""צ ע.13",2024-11-24,2024-11-24 15:59:31,2024-11-24 16:55:57,56.43333333333333,1.9,2,8.25,0,0.0,2.1264028352037805,1.6666666666666667,1.7,1.2666666666666666,2,2024-11-25 16:00:04,55.7,Monday,"רשת 13 | מיוחד-מלחמה בדרום - חרבות ברזל - אחה""צ ע.13"
רשת 13,"מיוחד-מלחמה בדרום - חרבות ברזל - אחה""צ ע.13",2024-11-25,2024-11-25 16:00:04,2024-11-25 16:55:46,55.7,1.7,2,8.516666666666667,0,0.0,2.154398563734291,1.2666666666666666,2.5,2.266666666666667,2,2024-11-26 15:59:50,54.833333333333336,Tuesday,"רשת 13 | מיוחד-מלחמה בדרום - חרבות ברזל - אחה""צ ע.13"
רשת 13,"מיוחד-מלחמה בדרום - חרבות ברזל - אחה""צ ע.13",2024-11-26,2024-11-26 15:59:50,2024-11-26 16:54:40,54.833333333333336,2.5,2,8.466666666666667,0,0.0,2.188449848024316,2.266666666666667,2.4,2.5,4,2024-11-27 15:59:06,55.666666666666664,Wednesday,"רשת 13 | מיוחד-מלחמה בדרום - חרבות ברזל - אחה""צ ע.13"
רשת 13,"מיוחד-מלחמה בדרום - חרבות ברזל - אחה""צ ע.13",2024-11-27,2024-11-27 15:59:06,2024-11-27 16:54:46,55.666666666666664,2.4,4,8.05,0,0.0,4.311377245508982,2.5,2.5,1.8999999999999997,3,2024-11-28 15:58:48,56.666666666666664,Thursday,"רשת 13 | מיוחד-מלחמה בדרום - חרבות ברזל - אחה""צ ע.13"
רשת 13,מיוחד-מלחמה בדרום - חרבות ברזל - צהריים מאוחרת ע.13,2024-11-03,2024-11-03 14:59:58,2024-11-03 15:53:50,53.86666666666667,2.3,0,0.0,0,0.0,0.0,1.9333333333333333,1.4,2.466666666666667,2,2024-11-04 14:59:58,59.43333333333333,Monday,רשת 13 | מיוחד-מלחמה בדרום - חרבות ברזל - צהריים מאוחרת ע.13
רשת 13,מיוחד-מלחמה בדרום - חרבות ברזל - צהריים מאוחרת ע.13,2024-11-04,2024-11-04 14:59:58,2024-11-04 15:59:24,59.43333333333333,1.4,2,4.8500000000000005,0,0.0,2.0190689848569825,2.466666666666667,1.3,1.2666666666666668,2,2024-11-05 14:59:59,60.3,Tuesday,רשת 13 | מיוחד-מלחמה בדרום - חרבות ברזל - צהריים מאוחרת ע.13
רשת 13,מיוחד-מלחמה בדרום - חרבות ברזל - צהריים מאוחרת ע.13,2024-11-05,2024-11-05 14:59:59,2024-11-05 16:00:17,60.3,1.3,2,6.1499999999999995,0,0.0,1.9900497512437814,1.2666666666666668,1.6,1.3666666666666665,0,2024-11-06 15:00:15,51.53333333333333,Wednesday,רשת 13 | מיוחד-מלחמה בדרום - חרבות ברזל - צהריים מאוחרת ע.13
רשת 13,מיוחד-מלחמה בדרום - חרבות ברזל - צהריים מאוחרת ע.13,2024-11-06,2024-11-06 15:00:15,2024-11-06 15:51:47,51.53333333333333,1.6,0,0.0,0,0.0,0.0,1.3666666666666665,2.3,2.3666666666666667,0,2024-11-07 15:00:07,52.333333333333336,Thursday,רשת 13 | מיוחד-מלחמה בדרום - חרבות ברזל - צהריים מאוחרת ע.13
רשת 13,מיוחד-מלחמה בדרום - חרבות ברזל - צהריים מאוחרת ע.13,2024-11-10,2024-11-10 15:00:01,2024-11-10 15:52:23,52.36666666666667,1.6,0,0.0,0,0.0,0.0,1.9333333333333333,1.3,1.9000000000000001,0,2024-11-11 15:00:02,53.916666666666664,Monday,רשת 13 | מיוחד-מלחמה בדרום - חרבות ברזל - צהריים מאוחרת ע.13
רשת 13,מיוחד-מלחמה בדרום - חרבות ברזל - צהריים מאוחרת ע.13,2024-11-11,2024-11-11 15:00:02,2024-11-11 15:53:57,53.916666666666664,1.3,0,0.0,0,0.0,0.0,1.9000000000000001,1.6,1.3,0,2024-11-12 15:00:00,51.983333333333334,Tuesday,רשת 13 | מיוחד-מלחמה בדרום - חרבות ברזל - צהריים מאוחרת ע.13
רשת 13,מיוחד-מלחמה בדרום - חרבות ברזל - צהריים מאוחרת ע.13,2024-11-12,2024-11-12 15:00:00,2024-11-12 15:51:59,51.983333333333334,1.6,0,0.0,0,0.0,0.0,1.3,1.3,1.7,0,2024-11-13 14:59:57,54.6,Wednesday,רשת 13 | מיוחד-מלחמה בדרום - חרבות ברזל - צהריים מאוחרת ע.13
רשת 13,מיוחד-מלחמה בדרום - חרבות ברזל - צהריים מאוחרת ע.13,2024-11-13,2024-11-13 14:59:57,2024-11-13 15:54:33,54.6,1.3,0,0.0,0,0.0,0.0,1.7,1.7,1.5333333333333334,2,2024-11-14 15:00:01,58.166666666666664,Thursday,רשת 13 | מיוחד-מלחמה בדרום - חרבות ברזל - צהריים מאוחרת ע.13
רשת 13,מיוחד-מלחמה בדרום - חרבות ברזל - צהריים מאוחרת ע.13,2024-11-17,2024-11-17 15:00:01,2024-11-17 15:53:47,53.766666666666666,2.1,0,0.0,0,0.0,0.0,1.8666666666666665,1.4,1.6000000000000003,0,2024-11-18 15:00:02,53.5,Monday,רשת 13 | מיוחד-מלחמה בדרום - חרבות ברזל - צהריים מאוחרת ע.13
רשת 13,מיוחד-מלחמה בדרום - חרבות ברזל - צהריים מאוחרת ע.13,2024-11-18,2024-11-18 15:00:02,2024-11-18 15:53:32,53.5,1.4,0,0.0,0,0.0,0.0,1.6000000000000003,1.3,1.7,2,2024-11-19 15:00:01,59.766666666666666,Tuesday,רשת 13 | מיוחד-מלחמה בדרום - חרבות ברזל - צהריים מאוחרת ע.13
רשת 13,מיוחד-מלחמה בדרום - חרבות ברזל - צהריים מאוחרת ע.13,2024-11-24,2024-11-24 15:00:12,2024-11-24 15:52:52,52.666666666666664,1.3,0,0.0,0,0.0,0.0,1.5333333333333332,1.5,1.9666666666666668,0,2024-11-25 15:00:00,52.3,Monday,רשת 13 | מיוחד-מלחמה בדרום - חרבות ברזל - צהריים מאוחרת ע.13
רשת 13,מיוחד-מלחמה בדרום - חרבות ברזל - צהריים מאוחרת ע.13,2024-11-25,2024-11-25 15:00:00,2024-11-25 15:52:18,52.3,1.5,0,0.0,0,0.0,0.0,1.9666666666666668,2.3,2.4,0,2024-11-26 14:59:57,51.35,Tuesday,רשת 13 | מיוחד-מלחמה בדרום - חרבות ברזל - צהריים מאוחרת ע.13
רשת 13,מיוחד-מלחמה בדרום - חרבות ברזל - צהריים מאוחרת ע.13,2024-11-26,2024-11-26 14:59:57,2024-11-26 15:51:18,51.35,2.3,0,0.0,0,0.0,0.0,2.4,1.5,1.5333333333333332,0,2024-11-27 14:59:57,51.35,Wednesday,רשת 13 | מיוחד-מלחמה בדרום - חרבות ברזל - צהריים מאוחרת ע.13
רשת 13,מיוחד-מלחמה בדרום - חרבות ברזל - צהריים מאוחרת ע.13,2024-11-27,2024-11-27 14:59:57,2024-11-27 15:51:18,51.35,1.5,0,0.0,0,0.0,0.0,1.5333333333333332,2.3,3.233333333333333,0,2024-11-28 15:00:00,52.266666666666666,Thursday,רשת 13 | מיוחד-מלחמה בדרום - חרבות ברזל - צהריים מאוחרת ע.13
רשת 13,מילון היופי ש.ח,2024-11-01,2024-11-01 03:10:25,2024-11-01 04:08:42,58.28333333333333,0.3,0,0.0,0,0.0,0.0,0.3,0.1,0.0,0,2024-11-02 05:03:48,56.06666666666667,Saturday,רשת 13 | מילון היופי ש.ח
רשת 13,מילון היופי ש.ח,2024-11-04,2024-11-04 02:57:25,2024-11-04 03:55:34,58.15,0.6,0,0.0,0,0.0,0.0,1.2,0.5,0.6999999999999998,0,2024-11-05 03:18:29,58.61666666666667,Tuesday,רשת 13 | מילון היופי ש.ח
רשת 13,מילון היופי ש.ח,2024-11-07,2024-11-07 03:24:36,2024-11-07 04:24:56,60.333333333333336,0.3,1,1.4166666666666667,0,0.0,0.994475138121547,0.4000000000000001,0.7,0.6,1,2024-11-08 02:44:15,61.11666666666667,Friday,רשת 13 | מילון היופי ש.ח
רשת 13,מילון היופי ש.ח,2024-11-08,2024-11-08 02:44:15,2024-11-08 03:45:22,61.11666666666667,0.7,1,4.166666666666667,0,0.0,0.981728933733297,0.6,0.2,0.26666666666666666,2,2024-11-09 04:52:48,67.15,Saturday,רשת 13 | מילון היופי ש.ח
רשת 13,מילון היופי ש.ח,2024-11-11,2024-11-11 03:11:31,2024-11-11 04:14:46,63.25,0.2,1,5.35,0,0.0,0.9486166007905138,0.10000000000000002,0.3,0.43333333333333335,2,2024-11-12 02:47:27,66.3,Tuesday,רשת 13 | מילון היופי ש.ח
רשת 13,מילון היופי ש.ח,2024-11-12,2024-11-12 02:47:27,2024-11-12 03:53:45,66.3,0.3,2,10.466666666666667,0,0.0,1.8099547511312217,0.43333333333333335,0.3,0.3,2,2024-11-13 03:14:11,64.76666666666667,Wednesday,רשת 13 | מילון היופי ש.ח
רשת 13,מילון היופי ש.ח,2024-11-13,2024-11-13 03:14:11,2024-11-13 04:18:57,64.76666666666667,0.3,2,7.133333333333333,0,0.0,1.8528049408131755,0.3,0.3,0.5333333333333333,0,2024-11-14 02:55:48,60.63333333333333,Thursday,רשת 13 | מילון היופי ש.ח
רשת 13,מילון היופי ש.ח,2024-11-14,2024-11-14 02:55:48,2024-11-14 03:56:26,60.63333333333333,0.3,0,0.0,0,0.0,0.0,0.5333333333333333,0.8,1.1,2,2024-11-15 03:13:36,63.31666666666667,Friday,רשת 13 | מילון היופי ש.ח
רשת 13,מילון היופי ש.ח,2024-11-15,2024-11-15 03:13:36,2024-11-15 04:16:55,63.31666666666667,0.8,2,5.716666666666667,0,0.0,1.8952355883127139,1.1,0.2,0.3,1,2024-11-16 04:57:41,62.21666666666667,Saturday,רשת 13 | מילון היופי ש.ח
רשת 13,מילון היופי ש.ח,2024-11-18,2024-11-18 02:55:10,2024-11-18 03:54:21,59.18333333333333,0.3,2,1.5833333333333335,0,0.0,2.027597859757815,0.5,0.2,0.43333333333333335,2,2024-11-19 03:16:39,65.91666666666667,Tuesday,רשת 13 | מילון היופי ש.ח
רשת 13,מילון היופי ש.ח,2024-11-19,2024-11-19 03:16:39,2024-11-19 04:22:34,65.91666666666667,0.2,2,6.066666666666666,0,0.0,1.8204804045512009,0.43333333333333335,0.5,0.8666666666666667,2,2024-11-20 02:56:20,58.733333333333334,Wednesday,רשת 13 | מילון היופי ש.ח
רשת 13,מילון היופי ש.ח,2024-11-20,2024-11-20 02:56:20,2024-11-20 03:55:04,58.733333333333334,0.5,2,6.616666666666667,0,0.0,2.043132803632236,0.8666666666666667,0.2,0.20000000000000004,1,2024-11-21 03:08:51,61.06666666666667,Thursday,רשת 13 | מילון היופי ש.ח
רשת 13,מילון היופי ש.ח,2024-11-21,2024-11-21 03:08:51,2024-11-21 04:09:55,61.06666666666667,0.2,1,4.116666666666666,0,0.0,0.9825327510917029,0.20000000000000004,0.3,0.3,1,2024-11-22 02:56:01,58.9,Friday,רשת 13 | מילון היופי ש.ח
רשת 13,מילון היופי ש.ח,2024-11-22,2024-11-22 02:56:01,2024-11-22 03:54:55,58.9,0.3,1,1.8666666666666667,0,0.0,1.0186757215619695,0.3,0.1,0.10000000000000002,1,2024-11-23 05:04:44,57.56666666666667,Saturday,רשת 13 | מילון היופי ש.ח
רשת 13,מילון היופי ש.ח,2024-11-25,2024-11-25 03:15:25,2024-11-25 04:16:50,61.416666666666664,0.5,1,1.8833333333333333,0,0.0,0.9769335142469472,0.6666666666666666,0.5,0.4000000000000001,1,2024-11-26 02:53:07,61.25,Tuesday,רשת 13 | מילון היופי ש.ח
רשת 13,מילון היופי ש.ח,2024-11-26,2024-11-26 02:53:07,2024-11-26 03:54:22,61.25,0.5,1,3.0166666666666666,0,0.0,0.979591836734694,0.4000000000000001,0.3,0.4000000000000001,0,2024-11-27 03:10:00,58.61666666666667,Wednesday,רשת 13 | מילון היופי ש.ח
רשת 13,מילון היופי ש.ח,2024-11-27,2024-11-27 03:10:00,2024-11-27 04:08:37,58.61666666666667,0.3,0,0.0,0,0.0,0.0,0.4000000000000001,0.7,1.2,2,2024-11-28 02:43:23,67.86666666666666,Thursday,רשת 13 | מילון היופי ש.ח
רשת 13,מילון היופי ש.ח,2024-11-28,2024-11-28 02:43:23,2024-11-28 03:51:15,67.86666666666666,0.7,2,8.433333333333334,0,0.0,1.7681728880157173,1.2,0.5,0.4000000000000001,2,2024-11-29 03:10:36,62.03333333333333,Friday,רשת 13 | מילון היופי ש.ח
רשת 13,מילון היופי ש.ח,2024-11-29,2024-11-29 03:10:36,2024-11-29 04:12:38,62.03333333333333,0.5,2,6.383333333333333,0,0.0,1.9344438473938743,0.4000000000000001,0.3,0.3,1,2024-11-30 04:54:12,60.766666666666666,Saturday,רשת 13 | מילון היופי ש.ח
רשת 13,משחקי השף עונה 7 - קרבות המטבח,2024-11-06,2024-11-06 21:42:17,2024-11-06 22:48:32,66.25,10.7,3,14.9,1,3.3833333333333333,2.7169811320754715,11.699999999999998,9.4,8.799999999999999,2,2024-11-07 21:39:33,74.26666666666667,Thursday,רשת 13 | משחקי השף עונה 7 - קרבות המטבח
רשת 13,משחקי השף עונה 7 - קרבות המטבח,2024-11-13,2024-11-13 21:38:42,2024-11-13 23:06:54,88.2,12.5,2,20.266666666666666,0,0.0,1.3605442176870748,11.300000000000002,8.9,8.466666666666667,2,2024-11-14 21:29:41,88.65,Thursday,רשת 13 | משחקי השף עונה 7 - קרבות המטבח
רשת 13,משחקי השף עונה 7 - קרבות המטבח,2024-11-16,2024-11-16 21:34:46,2024-11-16 22:59:21,84.58333333333333,10.3,2,22.833333333333336,0,0.0,1.4187192118226601,11.733333333333334,10.2,11.466666666666667,2,2024-11-17 21:28:22,90.93333333333334,Sunday,רשת 13 | משחקי השף עונה 7 - קרבות המטבח
רשת 13,משחקי השף עונה 7 - קרבות המטבח,2024-11-17,2024-11-17 21:28:22,2024-11-17 22:59:18,90.93333333333334,10.2,2,21.033333333333335,0,0.0,1.3196480938416422,11.466666666666667,14.2,15.166666666666666,2,2024-11-18 21:44:52,84.18333333333334,Monday,רשת 13 | משחקי השף עונה 7 - קרבות המטבח
רשת 13,משחקי השף עונה 7 ש.ח,2024-11-01,2024-11-01 00:44:55,2024-11-01 01:56:53,71.96666666666667,1.7,1,3.6,0,0.0,0.8337193144974525,,2.2,1.9000000000000001,4,2024-11-02 15:17:54,79.9,Saturday,רשת 13 | משחקי השף עונה 7 ש.ח
רשת 13,משחקי השף עונה 7 ש.ח,2024-11-07,2024-11-07 13:41:44,2024-11-07 13:50:37,8.883333333333333,1.2,0,0.0,0,0.0,0.0,1.2666666666666666,2.5,,0,2024-11-08 00:41:02,65.83333333333333,Friday,רשת 13 | משחקי השף עונה 7 ש.ח
רשת 13,משחקי השף עונה 7 ש.ח,2024-11-08,2024-11-08 00:41:02,2024-11-08 01:46:52,65.83333333333333,2.5,0,0.0,0,0.0,0.0,,2.6,2.533333333333333,3,2024-11-09 15:40:45,57.78333333333333,Saturday,רשת 13 | משחקי השף עונה 7 ש.ח
רשת 13,משחקי השף עונה 7 ש.ח,2024-11-13,2024-11-13 13:49:56,2024-11-13 13:59:58,10.033333333333333,0.8,0,0.0,0,0.0,0.0,1.1333333333333333,0.8,0.8666666666666667,0,2024-11-14 13:45:57,14.083333333333334,Thursday,רשת 13 | משחקי השף עונה 7 ש.ח
רשת 13,משחקי השף עונה 7 ש.ח,2024-11-14,2024-11-14 13:45:57,2024-11-14 14:00:02,14.083333333333334,0.8,0,0.0,0,0.0,0.0,0.8666666666666667,0.8,,2,2024-11-15 00:31:26,59.8,Friday,רשת 13 | משחקי השף עונה 7 ש.ח
רשת 13,משחקי השף עונה 7 ש.ח,2024-11-15,2024-11-15 00:31:26,2024-11-15 01:31:14,59.8,0.8,2,5.35,0,0.0,2.0066889632107023,,1.9,1.8,5,2024-11-16 15:06:47,84.95,Saturday,רשת 13 | משחקי השף עונה 7 ש.ח
רשת 13,משחקי השף עונה 7 ש.ח,2024-11-16,2024-11-16 15:06:47,2024-11-16 16:31:44,84.95,1.9,5,15.383333333333336,0,0.0,3.5314891112419073,1.8,1.3,1.1666666666666665,0,2024-11-17 13:31:52,28.133333333333333,Sunday,רשת 13 | משחקי השף עונה 7 ש.ח
רשת 13,משחקי השף עונה 7 ש.ח,2024-11-17,2024-11-17 13:31:52,2024-11-17 14:00:00,28.133333333333333,1.3,0,0.0,0,0.0,0.0,1.1666666666666665,2.0,2.5,0,2024-11-18 13:45:36,14.45,Monday,רשת 13 | משחקי השף עונה 7 ש.ח
רשת 13,משחקי השף עונה 7 ש.ח,2024-11-22,2024-11-22 00:53:56,2024-11-22 01:59:59,66.05,1.1,1,5.3,0,0.0,0.9084027252081757,,1.3,1.2666666666666666,0,2024-11-23 02:00:00,5.85,Saturday,רשת 13 | משחקי השף עונה 7 ש.ח
רשת 13,משחקי השף עונה 7 ש.ח,2024-11-29,2024-11-29 00:46:49,2024-11-29 01:50:25,63.6,1.1,2,6.050000000000001,0,0.0,1.8867924528301885,,1.3,,1,2024-11-30 00:53:28,59.15,Saturday,רשת 13 | משחקי השף עונה 7 ש.ח
רשת 13,"נדל""ן בצו השעה ש.ח",2024-11-09,2024-11-09 08:59:58,2024-11-09 09:29:40,29.7,0.5,2,5.083333333333333,0,0.0,4.040404040404041,0.3,0.7,0.8000000000000002,1,2024-11-10 02:24:27,27.3,Sunday,"רשת 13 | נדל""ן בצו השעה ש.ח"
רשת 13,"נדל""ן בצו השעה ש.ח",2024-11-10,2024-11-10 02:24:27,2024-11-10 02:51:45,27.3,0.7,1,3.1333333333333333,0,0.0,2.1978021978021975,0.8000000000000002,0.2,0.20000000000000004,1,2024-11-11 02:42:00,29.516666666666666,Monday,"רשת 13 | נדל""ן בצו השעה ש.ח"
רשת 13,"נדל""ן בצו השעה ש.ח",2024-11-18,2024-11-18 00:15:52,2024-11-18 00:46:43,30.85,2.1,2,7.716666666666667,0,0.0,3.8897893030794166,,1.1,,1,2024-11-19 01:34:26,25.416666666666668,Tuesday,"רשת 13 | נדל""ן בצו השעה ש.ח"
רשת 13,"נדל""ן בצו השעה ש.ח",2024-11-19,2024-11-19 01:34:26,2024-11-19 01:59:51,25.416666666666668,1.1,1,2.65,0,0.0,2.360655737704918,,1.0,1.0333333333333334,1,2024-11-20 12:40:53,19.116666666666667,Wednesday,"רשת 13 | נדל""ן בצו השעה ש.ח"
רשת 13,"נדל""ן בצו השעה ש.ח",2024-11-20,2024-11-20 12:40:53,2024-11-20 13:00:00,19.116666666666667,1.0,1,1.4,0,0.0,3.138622493461203,1.0333333333333334,0.3,0.3,1,2024-11-21 02:10:01,27.2,Thursday,"רשת 13 | נדל""ן בצו השעה ש.ח"
רשת 13,סטטוסקופ ש.ח,2024-11-01,2024-11-01 05:01:05,2024-11-01 05:40:38,39.55,0.3,1,2.45,0,0.0,1.5170670037926677,0.10000000000000002,0.6,0.9,1,2024-11-02 07:26:05,41.85,Saturday,רשת 13 | סטטוסקופ ש.ח
רשת 13,סטטוסקופ ש.ח,2024-11-02,2024-11-02 07:26:05,2024-11-02 08:07:56,41.85,0.6,1,4.733333333333333,0,0.0,1.4336917562724014,0.9,0.3,0.20000000000000004,1,2024-11-03 04:45:25,41.11666666666667,Sunday,רשת 13 | סטטוסקופ ש.ח
רשת 13,סטטוסקופ ש.ח,2024-11-03,2024-11-03 04:45:25,2024-11-03 05:26:32,41.11666666666667,0.3,1,3.2,0,0.0,1.4592622618565059,0.20000000000000004,0.5,0.4000000000000001,1,2024-11-04 04:56:43,38.0,Monday,רשת 13 | סטטוסקופ ש.ח
רשת 13,סטטוסקופ ש.ח,2024-11-04,2024-11-04 04:56:43,2024-11-04 05:34:43,38.0,0.5,1,2.15,0,0.0,1.5789473684210527,0.4000000000000001,0.3,0.20000000000000004,1,2024-11-05 04:59:06,40.6,Tuesday,רשת 13 | סטטוסקופ ש.ח
רשת 13,סטטוסקופ ש.ח,2024-11-07,2024-11-07 05:02:50,2024-11-07 05:38:30,35.666666666666664,0.0,1,1.4166666666666667,0,0.0,1.6822429906542056,0.0,2.2,2.8333333333333335,1,2024-11-08 12:08:51,38.36666666666667,Friday,רשת 13 | סטטוסקופ ש.ח
רשת 13,סטטוסקופ ש.ח,2024-11-08,2024-11-08 12:08:51,2024-11-08 12:47:13,38.36666666666667,2.2,1,4.45,0,0.0,1.5638575152041703,2.8333333333333335,0.9,0.6999999999999998,1,2024-11-09 07:23:48,38.3,Saturday,רשת 13 | סטטוסקופ ש.ח
רשת 13,סטטוסקופ ש.ח,2024-11-09,2024-11-09 07:23:48,2024-11-09 08:02:06,38.3,0.9,1,1.1833333333333333,0,0.0,1.566579634464752,0.6999999999999998,0.1,0.0,1,2024-11-10 04:58:06,37.46666666666667,Sunday,רשת 13 | סטטוסקופ ש.ח
רשת 13,סטטוסקופ ש.ח,2024-11-10,2024-11-10 04:58:06,2024-11-10 05:35:34,37.46666666666667,0.1,1,2.4833333333333334,0,0.0,1.601423487544484,0.0,0.3,0.13333333333333333,1,2024-11-11 04:58:14,39.6,Monday,רשת 13 | סטטוסקופ ש.ח
רשת 13,סטטוסקופ ש.ח,2024-11-11,2024-11-11 04:58:14,2024-11-11 05:37:50,39.6,0.3,1,5.233333333333333,0,0.0,1.5151515151515151,0.13333333333333333,0.3,0.3,1,2024-11-12 05:00:14,40.733333333333334,Tuesday,רשת 13 | סטטוסקופ ש.ח
רשת 13,סטטוסקופ ש.ח,2024-11-12,2024-11-12 05:00:14,2024-11-12 05:40:58,40.733333333333334,0.3,1,3.5,0,0.0,1.4729950900163666,0.3,0.3,0.3,1,2024-11-13 04:56:56,39.11666666666667,Wednesday,רשת 13 | סטטוסקופ ש.ח
רשת 13,סטטוסקופ ש.ח,2024-11-13,2024-11-13 04:56:56,2024-11-13 05:36:03,39.11666666666667,0.3,1,3.6166666666666667,0,0.0,1.533873029399233,0.3,0.3,0.20000000000000004,1,2024-11-14 05:01:17,37.25,Thursday,רשת 13 | סטטוסקופ ש.ח
רשת 13,סטטוסקופ ש.ח,2024-11-14,2024-11-14 05:01:17,2024-11-14 05:38:32,37.25,0.3,1,1.4333333333333333,0,0.0,1.610738255033557,0.20000000000000004,0.5,0.6,1,2024-11-15 04:59:31,37.733333333333334,Friday,רשת 13 | סטטוסקופ ש.ח
רשת 13,סטטוסקופ ש.ח,2024-11-15,2024-11-15 04:59:31,2024-11-15 05:37:15,37.733333333333334,0.5,1,1.9333333333333333,0,0.0,1.5901060070671378,0.6,0.3,0.3,1,2024-11-16 07:18:20,38.0,Saturday,רשת 13 | סטטוסקופ ש.ח
רשת 13,סטטוסקופ ש.ח,2024-11-16,2024-11-16 07:18:20,2024-11-16 07:56:20,38.0,0.3,1,2.2,0,0.0,1.5789473684210527,0.3,0.3,0.20000000000000004,1,2024-11-17 05:02:02,35.78333333333333,Sunday,רשת 13 | סטטוסקופ ש.ח
רשת 13,סטטוסקופ ש.ח,2024-11-17,2024-11-17 05:02:02,2024-11-17 05:37:49,35.78333333333333,0.3,1,2.533333333333333,0,0.0,1.6767582673497905,0.20000000000000004,0.0,0.10000000000000002,0,2024-11-18 05:04:17,34.833333333333336,Monday,רשת 13 | סטטוסקופ ש.ח
רשת 13,סטטוסקופ ש.ח,2024-11-18,2024-11-18 05:04:17,2024-11-18 05:39:07,34.833333333333336,0.0,0,0.0,0,0.0,0.0,0.10000000000000002,0.2,0.0,1,2024-11-19 05:00:29,38.53333333333333,Tuesday,רשת 13 | סטטוסקופ ש.ח
רשת 13,סטטוסקופ ש.ח,2024-11-19,2024-11-19 05:00:29,2024-11-19 05:39:01,38.53333333333333,0.2,1,2.0833333333333335,0,0.0,1.5570934256055364,0.0,0.4,0.5,1,2024-11-20 04:53:54,35.93333333333333,Wednesday,רשת 13 | סטטוסקופ ש.ח
רשת 13,סטטוסקופ ש.ח,2024-11-20,2024-11-20 04:53:54,2024-11-20 05:29:50,35.93333333333333,0.4,1,1.8,0,0.0,1.6697588126159557,0.5,0.3,0.10000000000000002,1,2024-11-21 04:52:35,42.4,Thursday,רשת 13 | סטטוסקופ ש.ח
רשת 13,סטטוסקופ ש.ח,2024-11-21,2024-11-21 04:52:35,2024-11-21 05:34:59,42.4,0.3,1,5.016666666666667,0,0.0,1.4150943396226414,0.10000000000000002,0.3,0.3,0,2024-11-22 04:58:49,36.03333333333333,Friday,רשת 13 | סטטוסקופ ש.ח
רשת 13,סטטוסקופ ש.ח,2024-11-22,2024-11-22 04:58:49,2024-11-22 05:34:51,36.03333333333333,0.3,0,0.0,0,0.0,0.0,0.3,0.7,0.3,0,2024-11-23 07:28:06,36.06666666666667,Saturday,רשת 13 | סטטוסקופ ש.ח
רשת 13,סטטוסקופ ש.ח,2024-11-23,2024-11-23 07:28:06,2024-11-23 08:04:10,36.06666666666667,0.7,0,0.0,0,0.0,0.0,0.3,0.2,0.0,1,2024-11-24 04:50:48,39.06666666666667,Sunday,רשת 13 | סטטוסקופ ש.ח
רשת 13,סטטוסקופ ש.ח,2024-11-24,2024-11-24 04:50:48,2024-11-24 05:29:52,39.06666666666667,0.2,1,3.066666666666667,0,0.0,1.5358361774744025,0.0,0.5,0.6,1,2024-11-25 04:54:49,39.5,Monday,רשת 13 | סטטוסקופ ש.ח
רשת 13,סטטוסקופ ש.ח,2024-11-25,2024-11-25 04:54:49,2024-11-25 05:34:19,39.5,0.5,1,2.1666666666666665,0,0.0,1.518987341772152,0.6,0.3,0.3,1,2024-11-26 04:54:43,38.2,Tuesday,רשת 13 | סטטוסקופ ש.ח
רשת 13,סטטוסקופ ש.ח,2024-11-26,2024-11-26 04:54:43,2024-11-26 05:32:55,38.2,0.3,1,1.6,0,0.0,1.5706806282722512,0.3,0.0,0.0,1,2024-11-27 05:03:02,33.05,Wednesday,רשת 13 | סטטוסקופ ש.ח
רשת 13,סטטוסקופ ש.ח,2024-11-27,2024-11-27 05:03:02,2024-11-27 05:36:05,33.05,0.0,1,0.7333333333333333,0,0.0,1.8154311649016643,0.0,0.4,0.10000000000000002,1,2024-11-28 04:53:07,42.71666666666667,Thursday,רשת 13 | סטטוסקופ ש.ח
רשת 13,סטטוסקופ ש.ח,2024-11-28,2024-11-28 04:53:07,2024-11-28 05:35:50,42.71666666666667,0.4,1,5.2,0,0.0,1.4046039797112757,0.10000000000000002,0.3,0.3,1,2024-11-29 04:56:10,39.81666666666667,Friday,רשת 13 | סטטוסקופ ש.ח
רשת 13,סטטוסקופ ש.ח,2024-11-29,2024-11-29 04:56:10,2024-11-29 05:35:59,39.81666666666667,0.3,1,3.3833333333333333,0,0.0,1.506906655504395,0.3,0.7,0.6,2,2024-11-30 08:12:32,42.5,Saturday,רשת 13 | סטטוסקופ ש.ח
רשת 13,סלבריישן - עונה 4 ש.ח,2024-11-03,2024-11-03 01:31:29,2024-11-03 01:58:07,26.633333333333333,1.2,0,0.0,0,0.0,0.0,,1.2,,0,2024-11-04 01:38:42,21.283333333333335,Monday,רשת 13 | סלבריישן - עונה 4 ש.ח
רשת 13,סלבריישן - עונה 4 ש.ח,2024-11-04,2024-11-04 01:38:42,2024-11-04 01:59:59,21.283333333333335,1.2,0,0.0,0,0.0,0.0,,1.2,1.2,0,2024-11-05 02:00:00,7.283333333333333,Tuesday,רשת 13 | סלבריישן - עונה 4 ש.ח
רשת 13,סלבריישן - עונה 4 ש.ח,2024-11-09,2024-11-09 01:22:26,2024-11-09 01:49:44,27.3,1.1,0,0.0,0,0.0,0.0,,0.4,,1,2024-11-10 01:08:13,32.15,Sunday,רשת 13 | סלבריישן - עונה 4 ש.ח
רשת 13,סלבריישן - עונה 4 ש.ח,2024-11-10,2024-11-10 01:08:13,2024-11-10 01:40:22,32.15,0.4,1,4.85,0,0.0,1.8662519440124419,,1.4,,1,2024-11-11 01:35:49,24.166666666666668,Monday,רשת 13 | סלבריישן - עונה 4 ש.ח
רשת 13,סלבריישן - עונה 4 ש.ח,2024-11-11,2024-11-11 01:35:49,2024-11-11 01:59:59,24.166666666666668,1.4,1,5.7,0,0.0,2.4827586206896552,,1.0,,0,2024-11-12 01:49:03,10.933333333333334,Tuesday,רשת 13 | סלבריישן - עונה 4 ש.ח
רשת 13,סלבריישן - עונה 4 ש.ח,2024-11-12,2024-11-12 01:49:03,2024-11-12 01:59:59,10.933333333333334,1.0,0,0.0,0,0.0,0.0,,1.1,,0,2024-11-13 01:39:54,20.083333333333332,Wednesday,רשת 13 | סלבריישן - עונה 4 ש.ח
רשת 13,סלבריישן - עונה 4 ש.ח,2024-11-13,2024-11-13 01:39:54,2024-11-13 01:59:59,20.083333333333332,1.1,0,0.0,0,0.0,0.0,,0.9,0.9,0,2024-11-14 02:00:00,3.75,Thursday,רשת 13 | סלבריישן - עונה 4 ש.ח
רשת 13,סלבריישן - עונה 5 ש.ח,2024-11-17,2024-11-17 01:34:43,2024-11-17 01:59:59,25.266666666666666,1.0,0,0.0,0,0.0,0.0,,0.7,,0,2024-11-18 01:51:54,8.083333333333334,Monday,רשת 13 | סלבריישן - עונה 5 ש.ח
רשת 13,סלבריישן - עונה 5 ש.ח,2024-11-18,2024-11-18 01:51:54,2024-11-18 01:59:59,8.083333333333334,0.7,0,0.0,0,0.0,0.0,,1.3,,1,2024-11-19 00:51:48,38.733333333333334,Tuesday,רשת 13 | סלבריישן - עונה 5 ש.ח
רשת 13,סלבריישן - עונה 5 ש.ח,2024-11-19,2024-11-19 00:51:48,2024-11-19 01:30:32,38.733333333333334,1.3,1,3.7666666666666666,0,0.0,1.549053356282272,,1.0,,0,2024-11-20 01:38:20,21.65,Wednesday,רשת 13 | סלבריישן - עונה 5 ש.ח
רשת 13,סלבריישן - עונה 5 ש.ח,2024-11-20,2024-11-20 01:38:20,2024-11-20 01:59:59,21.65,1.0,0,0.0,0,0.0,0.0,,0.3,0.3,0,2024-11-21 02:00:00,10.016666666666667,Thursday,רשת 13 | סלבריישן - עונה 5 ש.ח
רשת 13,סלבריישן - עונה 5 ש.ח,2024-11-24,2024-11-24 01:47:51,2024-11-24 01:59:59,12.133333333333333,1.0,0,0.0,0,0.0,0.0,,1.0,1.2,0,2024-11-25 02:00:00,22.816666666666666,Monday,רשת 13 | סלבריישן - עונה 5 ש.ח
רשת 13,סלבריישן - עונה 5 ש.ח,2024-11-25,2024-11-25 02:00:00,2024-11-25 02:22:49,22.816666666666666,1.0,0,0.0,0,0.0,0.0,1.2,1.2,,0,2024-11-26 01:45:23,14.6,Tuesday,רשת 13 | סלבריישן - עונה 5 ש.ח
רשת 13,סלבריישן - עונה 5 ש.ח,2024-11-26,2024-11-26 01:45:23,2024-11-26 01:59:59,14.6,1.2,0,0.0,0,0.0,0.0,,1.4,,1,2024-11-27 01:32:10,27.816666666666666,Wednesday,רשת 13 | סלבריישן - עונה 5 ש.ח
רשת 13,סלבריישן - עונה 5 ש.ח,2024-11-27,2024-11-27 01:32:10,2024-11-27 01:59:59,27.816666666666666,1.4,1,5.866666666666666,1,5.866666666666666,2.156980227681246,,1.2,1.2,0,2024-11-28 02:00:00,8.4,Thursday,רשת 13 | סלבריישן - עונה 5 ש.ח
רשת 13,פותחים יום,2024-11-03,2024-11-03 10:00:46,2024-11-03 12:00:19,119.55,1.2,6,13.366666666666667,0,0.0,3.01129234629862,1.8,2.2,2.533333333333333,2,2024-11-04 10:00:45,119.46666666666667,Monday,רשת 13 | פותחים יום
רשת 13,פותחים יום,2024-11-04,2024-11-04 10:00:45,2024-11-04 12:00:13,119.46666666666667,2.2,2,15.683333333333334,0,0.0,1.0044642857142858,2.533333333333333,1.2,1.3,3,2024-11-05 09:59:52,120.33333333333333,Tuesday,רשת 13 | פותחים יום
רשת 13,פותחים יום,2024-11-05,2024-11-05 09:59:52,2024-11-05 12:00:12,120.33333333333333,1.2,3,21.483333333333334,0,0.0,1.4958448753462603,1.3,1.8,1.6333333333333335,5,2024-11-06 12:35:05,145.16666666666666,Wednesday,רשת 13 | פותחים יום
רשת 13,פותחים יום,2024-11-06,2024-11-06 12:35:05,2024-11-06 15:00:15,145.16666666666666,1.8,5,21.833333333333332,0,0.0,2.066590126291619,1.6333333333333335,1.4,1.8333333333333333,3,2024-11-07 10:00:51,119.38333333333334,Thursday,רשת 13 | פותחים יום
רשת 13,פותחים יום,2024-11-10,2024-11-10 09:59:24,2024-11-10 11:59:43,120.31666666666666,1.4,3,18.3,0,0.0,1.4960520847762848,1.2333333333333334,0.9,1.1333333333333333,2,2024-11-11 09:59:35,120.25,Monday,רשת 13 | פותחים יום
רשת 13,פותחים יום,2024-11-11,2024-11-11 09:59:35,2024-11-11 11:59:50,120.25,0.9,2,12.733333333333334,0,0.0,0.9979209979209979,1.1333333333333333,2.1,2.3000000000000003,3,2024-11-12 09:59:56,120.33333333333333,Tuesday,רשת 13 | פותחים יום
רשת 13,פותחים יום,2024-11-12,2024-11-12 09:59:56,2024-11-12 12:00:16,120.33333333333333,2.1,3,16.516666666666666,0,0.0,1.4958448753462603,2.3000000000000003,1.6,1.1333333333333335,4,2024-11-13 10:02:10,118.0,Wednesday,רשת 13 | פותחים יום
רשת 13,פותחים יום,2024-11-13,2024-11-13 10:02:10,2024-11-13 12:00:10,118.0,1.6,4,17.766666666666666,0,0.0,2.0338983050847457,1.1333333333333335,1.0,0.8666666666666667,2,2024-11-14 10:01:00,119.11666666666666,Thursday,רשת 13 | פותחים יום
רשת 13,פותחים יום,2024-11-17,2024-11-17 09:31:00,2024-11-17 12:00:23,149.38333333333333,0.9,8,25.216666666666665,0,0.0,3.2132098627691623,1.0666666666666667,1.9,1.3999999999999997,10,2024-11-18 09:30:23,149.63333333333333,Monday,רשת 13 | פותחים יום
רשת 13,פותחים יום,2024-11-18,2024-11-18 09:30:23,2024-11-18 12:00:01,149.63333333333333,1.9,10,36.75,0,0.0,4.009801737580753,1.3999999999999997,1.2,1.5333333333333332,11,2024-11-19 09:29:50,150.71666666666667,Tuesday,רשת 13 | פותחים יום
רשת 13,פותחים יום,2024-11-19,2024-11-19 09:29:50,2024-11-19 12:00:33,150.71666666666667,1.2,11,34.93333333333334,0,0.0,4.379077739688157,1.5333333333333332,1.4,1.2666666666666666,10,2024-11-20 09:30:10,150.25,Wednesday,רשת 13 | פותחים יום
רשת 13,פותחים יום,2024-11-20,2024-11-20 09:30:10,2024-11-20 12:00:25,150.25,1.4,10,33.6,0,0.0,3.9933444259567383,1.2666666666666666,1.2,1.4666666666666668,10,2024-11-21 09:32:19,147.71666666666667,Thursday,רשת 13 | פותחים יום
רשת 13,פותחים יום,2024-11-24,2024-11-24 09:30:19,2024-11-24 12:00:15,149.93333333333334,0.8,8,24.45,0,0.0,3.201422854602045,0.8333333333333334,1.6,1.8666666666666665,8,2024-11-25 09:29:46,150.13333333333333,Monday,רשת 13 | פותחים יום
רשת 13,פותחים יום,2024-11-25,2024-11-25 09:29:46,2024-11-25 11:59:54,150.13333333333333,1.6,8,23.916666666666668,0,0.0,3.197158081705151,1.8666666666666665,1.6,2.2333333333333334,7,2024-11-26 09:28:55,150.93333333333334,Tuesday,רשת 13 | פותחים יום
רשת 13,פותחים יום,2024-11-26,2024-11-26 09:28:55,2024-11-26 11:59:51,150.93333333333334,1.6,7,24.549999999999997,0,0.0,2.782685512367491,2.2333333333333334,1.2,1.5,12,2024-11-27 09:31:42,148.08333333333334,Wednesday,רשת 13 | פותחים יום
רשת 13,פותחים יום,2024-11-27,2024-11-27 09:31:42,2024-11-27 11:59:47,148.08333333333334,1.2,12,26.116666666666667,0,0.0,4.86212718064153,1.5,1.4,1.6333333333333335,12,2024-11-28 09:31:37,148.81666666666666,Thursday,רשת 13 | פותחים יום
רשת 13,קליפים - נענע דיסק,2024-11-01,2024-11-01 04:08:42,2024-11-01 04:29:03,20.35,0.4,0,0.0,0,0.0,0.0,0.3,0.0,0.0,0,2024-11-02 04:46:38,17.166666666666668,Saturday,רשת 13 | קליפים - נענע דיסק
רשת 13,קליפים - נענע דיסק,2024-11-02,2024-11-02 04:46:38,2024-11-02 05:03:48,17.166666666666668,0.0,0,0.0,0,0.0,0.0,0.0,0.3,0.4000000000000001,0,2024-11-03 03:59:54,21.2,Sunday,רשת 13 | קליפים - נענע דיסק
רשת 13,קליפים - נענע דיסק,2024-11-03,2024-11-03 03:59:54,2024-11-03 04:21:06,21.2,0.3,0,0.0,0,0.0,0.0,0.4000000000000001,0.2,0.3,0,2024-11-04 03:55:34,18.95,Monday,רשת 13 | קליפים - נענע דיסק
רשת 13,קליפים - נענע דיסק,2024-11-04,2024-11-04 03:55:34,2024-11-04 04:14:31,18.95,0.2,0,0.0,0,0.0,0.0,0.3,0.1,0.20000000000000004,0,2024-11-05 04:17:06,15.666666666666666,Tuesday,רשת 13 | קליפים - נענע דיסק
רשת 13,קליפים - נענע דיסק,2024-11-07,2024-11-07 04:24:56,2024-11-07 04:40:35,15.65,0.2,0,0.0,0,0.0,0.0,0.20000000000000004,1.0,0.9666666666666668,0,2024-11-08 03:45:22,16.533333333333335,Friday,רשת 13 | קליפים - נענע דיסק
רשת 13,קליפים - נענע דיסק,2024-11-08,2024-11-08 03:45:22,2024-11-08 04:01:54,16.533333333333335,1.0,0,0.0,0,0.0,0.0,0.9666666666666668,0.4,0.6,0,2024-11-09 04:10:08,20.35,Saturday,רשת 13 | קליפים - נענע דיסק
רשת 13,קליפים - נענע דיסק,2024-11-09,2024-11-09 04:10:08,2024-11-09 04:30:29,20.35,0.4,0,0.0,0,0.0,0.0,0.6,0.0,0.0,0,2024-11-10 03:46:33,17.183333333333334,Sunday,רשת 13 | קליפים - נענע דיסק
רשת 13,קליפים - נענע דיסק,2024-11-10,2024-11-10 03:46:33,2024-11-10 04:03:44,17.183333333333334,0.0,0,0.0,0,0.0,0.0,0.0,0.4,0.4000000000000001,0,2024-11-11 04:14:46,21.2,Monday,רשת 13 | קליפים - נענע דיסק
רשת 13,קליפים - נענע דיסק,2024-11-11,2024-11-11 04:14:46,2024-11-11 04:35:58,21.2,0.4,0,0.0,0,0.0,0.0,0.4000000000000001,0.3,0.2333333333333333,0,2024-11-12 03:53:45,18.933333333333334,Tuesday,רשת 13 | קליפים - נענע דיסק
רשת 13,קליפים - נענע דיסק,2024-11-12,2024-11-12 03:53:45,2024-11-12 04:12:41,18.933333333333334,0.3,0,0.0,0,0.0,0.0,0.2333333333333333,0.3,0.3,0,2024-11-13 04:18:57,15.65,Wednesday,רשת 13 | קליפים - נענע דיסק
רשת 13,קליפים - נענע דיסק,2024-11-13,2024-11-13 04:18:57,2024-11-13 04:34:36,15.65,0.3,0,0.0,0,0.0,0.0,0.3,0.1,0.10000000000000002,0,2024-11-14 03:56:26,16.533333333333335,Thursday,רשת 13 | קליפים - נענע דיסק
רשת 13,קליפים - נענע דיסק,2024-11-14,2024-11-14 03:56:26,2024-11-14 04:12:58,16.533333333333335,0.1,0,0.0,0,0.0,0.0,0.10000000000000002,0.7,0.6,0,2024-11-15 04:16:55,20.35,Friday,רשת 13 | קליפים - נענע דיסק
רשת 13,קליפים - נענע דיסק,2024-11-15,2024-11-15 04:16:55,2024-11-15 04:37:16,20.35,0.7,0,0.0,0,0.0,0.0,0.6,0.5,0.6,0,2024-11-16 03:43:49,17.166666666666668,Saturday,רשת 13 | קליפים - נענע דיסק
רשת 13,קליפים - נענע דיסק,2024-11-16,2024-11-16 03:43:49,2024-11-16 04:00:59,17.166666666666668,0.5,0,0.0,0,0.0,0.0,0.6,0.2,0.3,0,2024-11-17 04:18:30,21.2,Sunday,רשת 13 | קליפים - נענע דיסק
רשת 13,קליפים - נענע דיסק,2024-11-17,2024-11-17 04:18:30,2024-11-17 04:39:42,21.2,0.2,0,0.0,0,0.0,0.0,0.3,0.4,0.3666666666666667,0,2024-11-18 03:54:21,18.95,Monday,רשת 13 | קליפים - נענע דיסק
רשת 13,קליפים - נענע דיסק,2024-11-18,2024-11-18 03:54:21,2024-11-18 04:13:18,18.95,0.4,0,0.0,0,0.0,0.0,0.3666666666666667,0.1,0.2333333333333333,0,2024-11-19 04:22:34,15.666666666666666,Tuesday,רשת 13 | קליפים - נענע דיסק
רשת 13,קליפים - נענע דיסק,2024-11-19,2024-11-19 04:22:34,2024-11-19 04:38:14,15.666666666666666,0.1,0,0.0,0,0.0,0.0,0.2333333333333333,0.5,0.5,0,2024-11-20 03:55:04,16.533333333333335,Wednesday,רשת 13 | קליפים - נענע דיסק
רשת 13,קליפים - נענע דיסק,2024-11-20,2024-11-20 03:55:04,2024-11-20 04:11:36,16.533333333333335,0.5,0,0.0,0,0.0,0.0,0.5,0.1,0.10000000000000002,0,2024-11-21 04:09:55,20.35,Thursday,רשת 13 | קליפים - נענע דיסק
רשת 13,קליפים - נענע דיסק,2024-11-21,2024-11-21 04:09:55,2024-11-21 04:30:16,20.35,0.1,0,0.0,0,0.0,0.0,0.10000000000000002,0.1,0.10000000000000002,0,2024-11-22 03:54:55,17.166666666666668,Friday,רשת 13 | קליפים - נענע דיסק
רשת 13,קליפים - נענע דיסק,2024-11-22,2024-11-22 03:54:55,2024-11-22 04:12:05,17.166666666666668,0.1,0,0.0,0,0.0,0.0,0.10000000000000002,0.1,0.16666666666666666,0,2024-11-23 04:21:16,21.216666666666665,Saturday,רשת 13 | קליפים - נענע דיסק
רשת 13,קליפים - נענע דיסק,2024-11-23,2024-11-23 04:21:16,2024-11-23 04:42:29,21.216666666666665,0.1,0,0.0,0,0.0,0.0,0.16666666666666666,0.2,0.10000000000000002,0,2024-11-24 03:47:45,18.933333333333334,Sunday,רשת 13 | קליפים - נענע דיסק
רשת 13,קליפים - נענע דיסק,2024-11-24,2024-11-24 03:47:45,2024-11-24 04:06:41,18.933333333333334,0.2,0,0.0,0,0.0,0.0,0.10000000000000002,0.6,0.5333333333333333,0,2024-11-25 04:16:50,15.65,Monday,רשת 13 | קליפים - נענע דיסק
רשת 13,קליפים - נענע דיסק,2024-11-25,2024-11-25 04:16:50,2024-11-25 04:32:29,15.65,0.6,0,0.0,0,0.0,0.0,0.5333333333333333,0.4,0.4000000000000001,0,2024-11-26 03:54:22,16.533333333333335,Tuesday,רשת 13 | קליפים - נענע דיסק
רשת 13,קליפים - נענע דיסק,2024-11-26,2024-11-26 03:54:22,2024-11-26 04:10:54,16.533333333333335,0.4,0,0.0,0,0.0,0.0,0.4000000000000001,0.1,0.13333333333333333,0,2024-11-27 04:08:37,20.35,Wednesday,רשת 13 | קליפים - נענע דיסק
רשת 13,קליפים - נענע דיסק,2024-11-27,2024-11-27 04:08:37,2024-11-27 04:28:58,20.35,0.1,0,0.0,0,0.0,0.0,0.13333333333333333,0.4,0.4000000000000001,0,2024-11-28 03:51:15,17.166666666666668,Thursday,רשת 13 | קליפים - נענע דיסק
רשת 13,קליפים - נענע דיסק,2024-11-28,2024-11-28 03:51:15,2024-11-28 04:08:25,17.166666666666668,0.4,0,0.0,0,0.0,0.0,0.4000000000000001,0.4,0.5,0,2024-11-29 04:12:38,21.2,Friday,רשת 13 | קליפים - נענע דיסק
רשת 13,קליפים - נענע דיסק,2024-11-29,2024-11-29 04:12:38,2024-11-29 04:33:50,21.2,0.4,0,0.0,0,0.0,0.0,0.5,0.4,0.4000000000000001,0,2024-11-30 03:42:31,18.95,Saturday,רשת 13 | קליפים - נענע דיסק
רשת 13,קליפים 2024,2024-11-02,2024-11-02 04:24:22,2024-11-02 04:46:38,22.266666666666666,0.0,0,0.0,0,0.0,0.0,0.0,0.3,0.20000000000000004,0,2024-11-03 04:21:06,24.316666666666666,Sunday,רשת 13 | קליפים 2024
רשת 13,קליפים 2024,2024-11-03,2024-11-03 04:21:06,2024-11-03 04:45:25,24.316666666666666,0.3,0,0.0,0,0.0,0.0,0.20000000000000004,0.4,0.4000000000000001,0,2024-11-04 04:33:31,23.2,Monday,רשת 13 | קליפים 2024
רשת 13,קליפים 2024,2024-11-04,2024-11-04 04:33:31,2024-11-04 04:56:43,23.2,0.4,0,0.0,0,0.0,0.0,0.4000000000000001,0.0,0.0,0,2024-11-05 04:36:46,22.333333333333332,Tuesday,רשת 13 | קליפים 2024
רשת 13,קליפים 2024,2024-11-09,2024-11-09 04:30:29,2024-11-09 04:52:48,22.316666666666666,0.3,0,0.0,0,0.0,0.0,0.3,0.0,0.03333333333333333,0,2024-11-10 04:33:46,24.333333333333332,Sunday,רשת 13 | קליפים 2024
רשת 13,קליפים 2024,2024-11-10,2024-11-10 04:33:46,2024-11-10 04:58:06,24.333333333333332,0.0,0,0.0,0,0.0,0.0,0.03333333333333333,0.2,0.20000000000000004,0,2024-11-11 04:35:58,22.266666666666666,Monday,רשת 13 | קליפים 2024
רשת 13,קליפים 2024,2024-11-11,2024-11-11 04:35:58,2024-11-11 04:58:14,22.266666666666666,0.2,0,0.0,0,0.0,0.0,0.20000000000000004,0.2,0.3,0,2024-11-12 04:37:01,23.216666666666665,Tuesday,רשת 13 | קליפים 2024
רשת 13,קליפים 2024,2024-11-12,2024-11-12 04:37:01,2024-11-12 05:00:14,23.216666666666665,0.2,0,0.0,0,0.0,0.0,0.3,0.3,0.3,0,2024-11-13 04:34:36,22.333333333333332,Wednesday,רשת 13 | קליפים 2024
רשת 13,קליפים 2024,2024-11-13,2024-11-13 04:34:36,2024-11-13 04:56:56,22.333333333333332,0.3,0,0.0,0,0.0,0.0,0.3,0.3,0.3333333333333333,0,2024-11-14 04:36:58,24.316666666666666,Thursday,רשת 13 | קליפים 2024
רשת 13,קליפים 2024,2024-11-14,2024-11-14 04:36:58,2024-11-14 05:01:17,24.316666666666666,0.3,0,0.0,0,0.0,0.0,0.3333333333333333,0.5,0.5,0,2024-11-15 04:37:16,22.25,Friday,רשת 13 | קליפים 2024
רשת 13,קליפים 2024,2024-11-15,2024-11-15 04:37:16,2024-11-15 04:59:31,22.25,0.5,0,0.0,0,0.0,0.0,0.5,0.3,0.3,0,2024-11-16 04:34:29,23.2,Saturday,רשת 13 | קליפים 2024
רשת 13,קליפים 2024,2024-11-16,2024-11-16 04:34:29,2024-11-16 04:57:41,23.2,0.3,0,0.0,0,0.0,0.0,0.3,0.2,0.20000000000000004,0,2024-11-17 04:39:42,22.333333333333332,Sunday,רשת 13 | קליפים 2024
רשת 13,קליפים 2024,2024-11-17,2024-11-17 04:39:42,2024-11-17 05:02:02,22.333333333333332,0.2,0,0.0,0,0.0,0.0,0.20000000000000004,0.3,0.3,0,2024-11-18 04:39:57,24.333333333333332,Monday,רשת 13 | קליפים 2024
רשת 13,קליפים 2024,2024-11-18,2024-11-18 04:39:57,2024-11-18 05:04:17,24.333333333333332,0.3,0,0.0,0,0.0,0.0,0.3,0.1,0.16666666666666666,0,2024-11-19 04:38:14,22.25,Tuesday,רשת 13 | קליפים 2024
רשת 13,קליפים 2024,2024-11-19,2024-11-19 04:38:14,2024-11-19 05:00:29,22.25,0.1,0,0.0,0,0.0,0.0,0.16666666666666666,0.5,0.5,0,2024-11-20 04:30:41,23.216666666666665,Wednesday,רשת 13 | קליפים 2024
רשת 13,קליפים 2024,2024-11-20,2024-11-20 04:30:41,2024-11-20 04:53:54,23.216666666666665,0.5,0,0.0,0,0.0,0.0,0.5,0.1,0.10000000000000002,0,2024-11-21 04:30:16,22.316666666666666,Thursday,רשת 13 | קליפים 2024
רשת 13,קליפים 2024,2024-11-21,2024-11-21 04:30:16,2024-11-21 04:52:35,22.316666666666666,0.1,0,0.0,0,0.0,0.0,0.10000000000000002,0.3,0.3666666666666667,0,2024-11-22 04:34:30,24.316666666666666,Friday,רשת 13 | קליפים 2024
רשת 13,קליפים 2024,2024-11-22,2024-11-22 04:34:30,2024-11-22 04:58:49,24.316666666666666,0.3,0,0.0,0,0.0,0.0,0.3666666666666667,0.1,0.10000000000000002,0,2024-11-23 04:42:29,22.25,Saturday,רשת 13 | קליפים 2024
רשת 13,קליפים 2024,2024-11-23,2024-11-23 04:42:29,2024-11-23 05:04:44,22.25,0.1,0,0.0,0,0.0,0.0,0.10000000000000002,0.1,0.2333333333333333,0,2024-11-24 04:27:36,23.2,Sunday,רשת 13 | קליפים 2024
רשת 13,קליפים 2024,2024-11-24,2024-11-24 04:27:36,2024-11-24 04:50:48,23.2,0.1,0,0.0,0,0.0,0.0,0.2333333333333333,0.6,0.6,0,2024-11-25 04:32:29,22.333333333333332,Monday,רשת 13 | קליפים 2024
רשת 13,קליפים 2024,2024-11-25,2024-11-25 04:32:29,2024-11-25 04:54:49,22.333333333333332,0.6,0,0.0,0,0.0,0.0,0.6,0.4,0.4000000000000001,0,2024-11-26 04:30:24,24.316666666666666,Tuesday,רשת 13 | קליפים 2024
רשת 13,קליפים 2024,2024-11-26,2024-11-26 04:30:24,2024-11-26 04:54:43,24.316666666666666,0.4,0,0.0,0,0.0,0.0,0.4000000000000001,0.0,0.0,0,2024-11-27 04:40:47,22.25,Wednesday,רשת 13 | קליפים 2024
רשת 13,קליפים 2024,2024-11-27,2024-11-27 04:40:47,2024-11-27 05:03:02,22.25,0.0,0,0.0,0,0.0,0.0,0.0,0.2,0.20000000000000004,0,2024-11-28 04:29:55,23.2,Thursday,רשת 13 | קליפים 2024
רשת 13,קליפים 2024,2024-11-28,2024-11-28 04:29:55,2024-11-28 04:53:07,23.2,0.2,0,0.0,0,0.0,0.0,0.20000000000000004,0.3,0.3,0,2024-11-29 04:33:50,22.333333333333332,Friday,רשת 13 | קליפים 2024
רשת 13,קליפים 2024,2024-11-29,2024-11-29 04:33:50,2024-11-29 04:56:10,22.333333333333332,0.3,0,0.0,0,0.0,0.0,0.3,0.4,0.4000000000000001,0,2024-11-30 04:25:53,24.316666666666666,Saturday,רשת 13 | קליפים 2024
רשת 13,שיSHE עם מוטי רייף ש.ח,2024-11-07,2024-11-07 00:52:20,2024-11-07 01:59:59,67.65,2.0,1,3.783333333333333,0,0.0,0.8869179600886916,,0.7,1.0,1,2024-11-08 02:00:00,44.25,Friday,רשת 13 | שיSHE עם מוטי רייף ש.ח
רשת 13,שיSHE עם מוטי רייף ש.ח,2024-11-08,2024-11-08 02:00:00,2024-11-08 02:44:15,44.25,0.7,1,3.9,0,0.0,1.3559322033898304,1.0,1.0,0.7000000000000001,2,2024-11-09 11:02:28,102.43333333333334,Saturday,רשת 13 | שיSHE עם מוטי רייף ש.ח
רשת 13,שיSHE עם מוטי רייף ש.ח,2024-11-14,2024-11-14 01:01:27,2024-11-14 01:59:59,58.53333333333333,1.6,1,4.366666666666666,0,0.0,1.0250569476082005,,1.7,2.1,1,2024-11-15 02:00:00,45.5,Friday,רשת 13 | שיSHE עם מוטי רייף ש.ח
רשת 13,שיSHE עם מוטי רייף ש.ח,2024-11-15,2024-11-15 02:00:00,2024-11-15 02:45:30,45.5,1.7,1,2.716666666666667,0,0.0,1.3186813186813187,2.1,0.6,1.1333333333333335,3,2024-11-16 11:13:30,109.25,Saturday,רשת 13 | שיSHE עם מוטי רייף ש.ח
רשת 13,שיSHE עם מוטי רייף ש.ח,2024-11-21,2024-11-21 01:07:04,2024-11-21 01:59:59,52.916666666666664,1.1,1,4.516666666666667,1,4.516666666666667,1.1338582677165354,,0.6,0.6999999999999998,1,2024-11-22 02:00:00,56.016666666666666,Friday,רשת 13 | שיSHE עם מוטי רייף ש.ח
רשת 13,שיSHE עם מוטי רייף ש.ח,2024-11-22,2024-11-22 02:00:00,2024-11-22 02:56:01,56.016666666666666,0.6,1,4.433333333333334,0,0.0,1.0711097887533472,0.6999999999999998,0.6,0.6999999999999998,3,2024-11-23 11:25:45,110.88333333333334,Saturday,רשת 13 | שיSHE עם מוטי רייף ש.ח
רשת 13,שיSHE עם מוטי רייף ש.ח,2024-11-28,2024-11-28 00:44:12,2024-11-28 01:59:59,75.78333333333333,1.0,3,8.25,0,0.0,2.3751924345722455,,0.4,0.6,1,2024-11-29 02:00:00,39.233333333333334,Friday,רשת 13 | שיSHE עם מוטי רייף ש.ח
רשת 13,שיSHE עם מוטי רייף ש.ח,2024-11-29,2024-11-29 02:00:00,2024-11-29 02:39:14,39.233333333333334,0.4,1,5.016666666666667,0,0.0,1.5293118096856415,0.6,0.6,0.6999999999999998,4,2024-11-30 11:05:08,117.85,Saturday,רשת 13 | שיSHE עם מוטי רייף ש.ח
רשת 13,שיחת היום עם לוסי אהריש,2024-11-03,2024-11-03 16:54:37,2024-11-03 17:53:09,58.53333333333333,2.8,2,9.383333333333333,0,0.0,2.050113895216401,2.466666666666667,4.3,3.3666666666666667,2,2024-11-04 16:55:22,57.983333333333334,Monday,רשת 13 | שיחת היום עם לוסי אהריש
רשת 13,שיחת היום עם לוסי אהריש,2024-11-04,2024-11-04 16:55:22,2024-11-04 17:53:21,57.983333333333334,4.3,2,9.216666666666667,0,0.0,2.069560218453579,3.3666666666666667,3.1,2.7000000000000006,2,2024-11-05 16:56:04,57.03333333333333,Tuesday,רשת 13 | שיחת היום עם לוסי אהריש
רשת 13,שיחת היום עם לוסי אהריש,2024-11-05,2024-11-05 16:56:04,2024-11-05 17:53:06,57.03333333333333,3.1,2,10.116666666666667,0,0.0,2.1040327293980132,2.7000000000000006,3.6,3.5666666666666664,3,2024-11-06 16:55:10,58.68333333333333,Wednesday,רשת 13 | שיחת היום עם לוסי אהריש
רשת 13,שיחת היום עם לוסי אהריש,2024-11-06,2024-11-06 16:55:10,2024-11-06 17:53:51,58.68333333333333,3.6,3,9.216666666666667,0,0.0,3.067310423175235,3.5666666666666664,3.4,3.1,2,2024-11-07 16:55:24,57.88333333333333,Thursday,רשת 13 | שיחת היום עם לוסי אהריש
רשת 13,שיחת היום עם לוסי אהריש,2024-11-10,2024-11-10 16:55:00,2024-11-10 17:52:52,57.86666666666667,2.9,2,9.133333333333333,0,0.0,2.0737327188940093,2.8333333333333335,3.5,3.2000000000000006,2,2024-11-11 16:55:10,57.85,Monday,רשת 13 | שיחת היום עם לוסי אהריש
רשת 13,שיחת היום עם לוסי אהריש,2024-11-11,2024-11-11 16:55:10,2024-11-11 17:53:01,57.85,3.5,2,4.916666666666667,0,0.0,2.0743301642178045,3.2000000000000006,3.1,2.9,2,2024-11-12 16:55:58,57.56666666666667,Tuesday,רשת 13 | שיחת היום עם לוסי אהריש
רשת 13,שיחת היום עם לוסי אהריש,2024-11-12,2024-11-12 16:55:58,2024-11-12 17:53:32,57.56666666666667,3.1,2,7.816666666666666,0,0.0,2.0845396641574983,2.9,3.3,2.4666666666666663,2,2024-11-13 16:55:25,57.733333333333334,Wednesday,רשת 13 | שיחת היום עם לוסי אהריש
רשת 13,שיחת היום עם לוסי אהריש,2024-11-13,2024-11-13 16:55:25,2024-11-13 17:53:09,57.733333333333334,3.3,2,8.366666666666667,0,0.0,2.0785219399538106,2.4666666666666663,2.4,1.8333333333333333,3,2024-11-14 16:54:34,58.666666666666664,Thursday,רשת 13 | שיחת היום עם לוסי אהריש
רשת 13,שיחת היום עם לוסי אהריש,2024-11-17,2024-11-17 16:55:25,2024-11-17 17:53:30,58.083333333333336,2.9,2,6.95,0,0.0,2.065997130559541,2.4666666666666663,2.9,3.1333333333333333,2,2024-11-18 16:55:15,57.833333333333336,Monday,רשת 13 | שיחת היום עם לוסי אהריש
רשת 13,שיחת היום עם לוסי אהריש,2024-11-18,2024-11-18 16:55:15,2024-11-18 17:53:05,57.833333333333336,2.9,2,9.233333333333334,0,0.0,2.07492795389049,3.1333333333333333,2.9,2.9,2,2024-11-19 16:55:09,58.083333333333336,Tuesday,רשת 13 | שיחת היום עם לוסי אהריש
רשת 13,שיחת היום עם לוסי אהריש,2024-11-19,2024-11-19 16:55:09,2024-11-19 17:53:14,58.083333333333336,2.9,2,9.266666666666666,0,0.0,2.065997130559541,2.9,2.0,1.5,2,2024-11-20 16:54:55,58.71666666666667,Wednesday,רשת 13 | שיחת היום עם לוסי אהריש
רשת 13,שיחת היום עם לוסי אהריש,2024-11-20,2024-11-20 16:54:55,2024-11-20 17:53:38,58.71666666666667,2.0,2,8.183333333333334,0,0.0,2.043712744819756,1.5,4.0,3.733333333333333,2,2024-11-21 16:54:57,58.18333333333333,Thursday,רשת 13 | שיחת היום עם לוסי אהריש
רשת 13,שיחת היום עם לוסי אהריש,2024-11-24,2024-11-24 16:55:57,2024-11-24 17:52:34,56.61666666666667,2.4,2,10.016666666666667,0,0.0,2.1195172210774214,2.1,1.9,1.8333333333333333,2,2024-11-25 16:55:46,58.35,Monday,רשת 13 | שיחת היום עם לוסי אהריש
רשת 13,שיחת היום עם לוסי אהריש,2024-11-25,2024-11-25 16:55:46,2024-11-25 17:54:07,58.35,1.9,2,12.133333333333333,0,0.0,2.056555269922879,1.8333333333333333,3.1,2.7999999999999994,3,2024-11-26 16:54:40,58.766666666666666,Tuesday,רשת 13 | שיחת היום עם לוסי אהריש
רשת 13,שיחת היום עם לוסי אהריש,2024-11-26,2024-11-26 16:54:40,2024-11-26 17:53:26,58.766666666666666,3.1,3,10.833333333333334,0,0.0,3.062960862166761,2.7999999999999994,3.0,2.4,3,2024-11-27 16:54:46,58.416666666666664,Wednesday,רשת 13 | שיחת היום עם לוסי אהריש
רשת 13,שיחת היום עם לוסי אהריש,2024-11-27,2024-11-27 16:54:46,2024-11-27 17:53:11,58.416666666666664,3.0,3,9.083333333333334,0,0.0,3.081312410841655,2.4,3.0,2.3000000000000003,3,2024-11-28 16:55:28,57.46666666666667,Thursday,רשת 13 | שיחת היום עם לוסי אהריש
