break_id,channel,channel_name,len_min,dur_touched_min,len_bin,ordinal,prog_key,cluster,hour,daypart,gap_prev_min,gap_next_min,norm_s,norm_c,norm_g,norm_raw,start_minute_in_qh
4,כאן 11,Other_last_standard,1.8,2,1.5-2.5,1.0,"('כאן 11', '2024-11-01', 7)","('כאן 11', '2024-11-01', 7)",2,overnight,48,31,1.230327163151098,1.2202181456067465,1.243756967670011,0.8333333333333334,3
5,כאן 11,Other_middle_short,1.3833333333333333,2,lt1.5,1.0,"('כאן 11', '2024-11-01', 9)","('כאן 11', '2024-11-01', 9)",3,overnight,31,33,1.9531493152816681,1.9076723287101969,1.9531493152816681,1.2333333333333334,5
6,כאן 11,Other_last_standard,2.316666666666667,4,1.5-2.5,1.0,"('כאן 11', '2024-11-01', 11)","('כאן 11', '2024-11-01', 11)",3,overnight,33,6,1.5468302120499626,1.5624745624745622,1.53197578543083,0.5,9
7,כאן 11,Other_first_short,1.3833333333333333,3,lt1.5,1.0,"('כאן 11', '2024-11-01', 13)","('כאן 11', '2024-11-01', 13)",3,overnight,6,27,1.5327881994548662,1.5360623781676412,1.5327881994548662,0.4000000000000001,3
11,כאן 11,PrimeShow2_middle_standard,2.0166666666666666,3,1.5-2.5,1.0,"('כאן 11', '2024-11-01', 30)","('כאן 11', '2024-11-01', 30)",12,afternoon,363,12,1.4615384615384617,1.3678476935842598,1.4563044194538068,1.2666666666666666,9
12,כאן 11,PrimeShow2_last_standard,2.4833333333333334,4,1.5-2.5,2.0,"('כאן 11', '2024-11-01', 30)","('כאן 11', '2024-11-01', 30)",12,afternoon,12,46,1.3653635700389104,1.3693748315010634,1.3693748315010634,1.1666666666666667,8
13,כאן 11,Other_last_standard,2.0166666666666666,3,1.5-2.5,1.0,"('כאן 11', '2024-11-01', 35)","('כאן 11', '2024-11-01', 35)",13,afternoon,46,46,1.2162326683561187,1.2005628679166909,1.233150999218568,0.9,12
14,כאן 11,PrimeShow2_middle_short,0.65,1,lt1.5,1.0,"('כאן 11', '2024-11-01', 43)","('כאן 11', '2024-11-01', 43)",14,afternoon,46,30,2.2476105137395463,2.300460315886806,2.272105300779136,1.8333333333333333,0
15,כאן 11,Other_last_short,1.3333333333333333,3,lt1.5,1.0,"('כאן 11', '2024-11-01', 45)","('כאן 11', '2024-11-01', 45)",14,afternoon,30,20,1.1214112763749569,1.1467586099423406,1.1252877539092785,1.0999999999999999,0
16,כאן 11,Other_first_standard,1.85,3,1.5-2.5,1.0,"('כאן 11', '2024-11-01', 47)","('כאן 11', '2024-11-01', 47)",15,afternoon,20,33,1.3756480637202777,1.4287204646703884,1.3506078148315568,1.3666666666666665,7
17,כאן 11,Other_last_standard,1.6833333333333333,3,1.5-2.5,2.0,"('כאן 11', '2024-11-01', 47)","('כאן 11', '2024-11-01', 47)",15,afternoon,33,6,1.4533691037214433,1.4115292065523206,1.4289685714329756,2.033333333333333,12
18,כאן 11,Other_middle_standard,2.5,3,1.5-2.5,1.0,"('כאן 11', '2024-11-01', 51)","('כאן 11', '2024-11-01', 51)",16,afternoon,21,40,1.938202247191011,1.7449520118124768,1.9038369591202484,2.3,11
19,כאן 11,Other_last_short,1.15,2,lt1.5,1.0,"('כאן 11', '2024-11-01', 53)","('כאן 11', '2024-11-01', 53)",16,afternoon,40,25,1.8309051253246482,1.872976815398075,1.8271730028872633,2.333333333333333,8
20,כאן 11,Other_first_standard,2.6333333333333333,4,2.5-3.5,1.0,"('כאן 11', '2024-11-01', 55)","('כאן 11', '2024-11-01', 55)",17,early_evening,25,21,1.0249512515873007,0.9814304992504965,1.027123986388881,1.4666666666666668,4
21,כאן 11,Other_last_standard,2.283333333333333,3,1.5-2.5,2.0,"('כאן 11', '2024-11-01', 55)","('כאן 11', '2024-11-01', 55)",17,early_evening,21,55,1.08137276669712,1.0421645740188639,1.0621516487800469,2.1,13
22,כאן 11,Other_middle_standard,2.25,4,1.5-2.5,1.0,"('כאן 11', '2024-11-01', 58)","('כאן 11', '2024-11-01', 58)",18,early_evening,55,9,0.8301636626010224,0.776374707980333,0.8301636626010224,2.066666666666667,10
23,כאן 11,Other_middle_standard,2.1666666666666665,3,1.5-2.5,2.0,"('כאן 11', '2024-11-01', 58)","('כאן 11', '2024-11-01', 58)",18,early_evening,9,21,0.7432667172465056,0.7435885204366262,0.7518690945774485,2.033333333333333,7
24,כאן 11,Other_last_standard,1.7833333333333334,3,1.5-2.5,3.0,"('כאן 11', '2024-11-01', 58)","('כאן 11', '2024-11-01', 58)",19,early_evening,21,162,0.6891730552222977,0.6891730552222977,0.6891730552222977,2.433333333333333,0
25,כאן 11,News_last_short,0.4166666666666667,1,lt1.5,1.0,"('כאן 11', '2024-11-01', 62)","('כאן 11', '2024-11-01', 62)",21,late_evening,162,3,0.8206902403685782,0.8125373816186129,0.8272653182692028,4.166666666666667,14
26,כאן 11,News_last_short,0.8,1,lt1.5,2.0,"('כאן 11', '2024-11-01', 62)","('כאן 11', '2024-11-01', 62)",22,late_evening,3,30,0.8988015978695074,0.9261745335702851,0.9256306352892508,4.5,2
27,כאן 11,PrimeShow2_middle_standard,2.933333333333333,4,2.5-3.5,1.0,"('כאן 11', '2024-11-01', 64)","('כאן 11', '2024-11-01', 64)",22,late_evening,30,18,1.3812657264234478,1.3738498505217767,1.3812657264234478,5.5,2
28,כאן 11,PrimeShow2_last_standard,2.6666666666666665,4,2.5-3.5,2.0,"('כאן 11', '2024-11-01', 64)","('כאן 11', '2024-11-01', 64)",22,late_evening,18,22,1.427510687877937,1.4908120159740317,1.4645066389252435,4.5,8
29,כאן 11,Other_middle_standard,2.3333333333333335,3,1.5-2.5,1.0,"('כאן 11', '2024-11-01', 67)","('כאן 11', '2024-11-01', 67)",23,late_evening,22,25,2.027668328789773,2.0228808453182108,2.027668328789773,5.133333333333333,3
30,כאן 11,PrimeShow1_middle_standard,2.533333333333333,4,2.5-3.5,1.0,"('כאן 11', '2024-11-01', 70)","('כאן 11', '2024-11-01', 70)",23,late_evening,25,41,2.5536480686695278,2.5709320293482585,2.578414637721627,3.966666666666667,0
31,כאן 11,Other_middle_standard,2.466666666666667,4,1.5-2.5,1.0,"('כאן 11', '2024-11-02', 0)","('כאן 11', '2024-11-02', 0)",0,overnight,41,40,2.0081799591002043,2.004089745059818,2.008329614755318,2.2,14
32,כאן 11,Other_middle_short,1.0166666666666666,2,lt1.5,1.0,"('כאן 11', '2024-11-02', 2)","('כאן 11', '2024-11-02', 2)",1,overnight,40,18,2.2567549958968214,2.2345633483958314,2.26380123721392,1.7,12
33,כאן 11,Other_last_standard,2.1166666666666667,3,1.5-2.5,2.0,"('כאן 11', '2024-11-02', 2)","('כאן 11', '2024-11-02', 2)",1,overnight,18,26,2.5174896138600773,2.6106095831322835,2.5308546272250907,1.5666666666666667,1
34,כאן 11,Other_first_short,1.1666666666666667,2,lt1.5,1.0,"('כאן 11', '2024-11-02', 7)","('כאן 11', '2024-11-02', 7)",2,overnight,3,73,0.7056737588652482,0.6754066578399849,0.704618906544573,0.7,2
35,כאן 11,Other_first_short,0.9,2,lt1.5,1.0,"('כאן 11', '2024-11-02', 13)","('כאן 11', '2024-11-02', 13)",3,overnight,73,18,0.7214661585919071,0.6764051514804786,0.6993518248914435,0.4000000000000001,1
36,כאן 11,Other_last_short,0.9666666666666667,2,lt1.5,2.0,"('כאן 11', '2024-11-02', 13)","('כאן 11', '2024-11-02', 13)",3,overnight,18,28,1.2449802350846884,1.2312091503267972,1.2540626559318149,0.43333333333333335,5
37,כאן 11,Other_middle_short,0.9666666666666667,2,lt1.5,1.0,"('כאן 11', '2024-11-02', 16)","('כאן 11', '2024-11-02', 16)",4,overnight,28,18,1.6438356164383563,1.5612787838139954,1.632523997741389,0.4000000000000001,4
38,כאן 11,Other_middle_short,1.0166666666666666,2,lt1.5,1.0,"('כאן 11', '2024-11-02', 19)","('כאן 11', '2024-11-02', 19)",5,overnight,46,14,2.647783251231527,2.6331719128329296,2.6331719128329296,0.5,10
39,כאן 11,Other_last_short,1.1666666666666667,2,lt1.5,2.0,"('כאן 11', '2024-11-02', 19)","('כאן 11', '2024-11-02', 19)",5,overnight,14,26,1.4516129032258067,1.3176223776223777,1.4220917402269861,0.3,10
40,כאן 11,Other_last_short,1.0166666666666666,2,lt1.5,1.0,"('כאן 11', '2024-11-02', 22)","('כאן 11', '2024-11-02', 22)",5,overnight,26,112,2.800284292821606,3.029304029304029,2.919594067135051,0.6,7
41,כאן 11,PrimeShow1_middle_standard,1.7166666666666666,3,1.5-2.5,1.0,"('כאן 11', '2024-11-02', 28)","('כאן 11', '2024-11-02', 28)",7,morning,112,11,0.9662759089364593,0.9579953970638572,0.9677832302112224,0.6999999999999998,0
42,כאן 11,Other_first_short,1.1666666666666667,2,lt1.5,1.0,"('כאן 11', '2024-11-02', 30)","('כאן 11', '2024-11-02', 30)",7,morning,11,16,0.9417040358744394,0.9063366839691301,0.9249435111504076,0.6999999999999998,13
43,כאן 11,Other_first_short,1.0333333333333334,2,lt1.5,1.0,"('כאן 11', '2024-11-02', 38)","('כאן 11', '2024-11-02', 38)",8,morning,42,37,1.0451647660949988,1.0466793683454225,1.0466793683454225,0.9,13
44,כאן 11,PrimeShow2_middle_standard,2.2,4,1.5-2.5,1.0,"('כאן 11', '2024-11-02', 41)","('כאן 11', '2024-11-02', 41)",9,morning,37,13,1.6974240676662822,1.6537611246527977,1.6537611246527977,1.6333333333333335,6
45,כאן 11,Other_first_short,0.8833333333333333,2,lt1.5,1.0,"('כאן 11', '2024-11-02', 43)","('כאן 11', '2024-11-02', 43)",9,morning,13,3,1.5323633315370337,1.5363308475000863,1.5363308475000863,1.4666666666666668,7
46,כאן 11,Other_first_standard,1.5666666666666667,2,1.5-2.5,1.0,"('כאן 11', '2024-11-02', 45)","('כאן 11', '2024-11-02', 45)",9,morning,3,152,1.3770491803278688,1.3272073145580787,1.34273019764057,1.4,11
47,כאן 11,PrimeShow1_middle_standard,2.2,3,1.5-2.5,1.0,"('כאן 11', '2024-11-02', 48)","('כאן 11', '2024-11-02', 48)",12,afternoon,152,18,2.209324453012807,2.180941197445622,2.247285539215686,1.8999999999999997,14
48,כאן 11,PrimeShow1_last_standard,2.3,3,1.5-2.5,2.0,"('כאן 11', '2024-11-02', 48)","('כאן 11', '2024-11-02', 48)",12,afternoon,18,42,3.099348637197243,2.9749047893734417,3.067385561755906,2.6,4
49,כאן 11,Other_last_standard,1.7166666666666666,2,1.5-2.5,1.0,"('כאן 11', '2024-11-02', 53)","('כאן 11', '2024-11-02', 53)",13,afternoon,42,31,2.667758488918004,2.5400126968774885,2.64123926655896,1.8999999999999997,3
50,כאן 11,Other_middle_standard,2.1666666666666665,3,1.5-2.5,1.0,"('כאן 11', '2024-11-02', 57)","('כאן 11', '2024-11-02', 57)",14,afternoon,31,39,1.8027488439815036,1.8401294570099154,1.7864148326373221,1.5,5
51,כאן 11,Other_middle_standard,1.8833333333333333,3,1.5-2.5,1.0,"('כאן 11', '2024-11-02', 59)","('כאן 11', '2024-11-02', 59)",14,afternoon,39,15,2.1042315231177215,2.126935850938687,2.099869711520725,2.066666666666667,1
52,כאן 11,Other_last_standard,2.316666666666667,3,1.5-2.5,2.0,"('כאן 11', '2024-11-02', 59)","('כאן 11', '2024-11-02', 59)",15,afternoon,15,43,2.013888888888889,2.013631725516998,2.02812888691197,1.9333333333333336,3
53,כאן 11,Other_last_standard,1.9,3,1.5-2.5,1.0,"('כאן 11', '2024-11-02', 64)","('כאן 11', '2024-11-02', 64)",15,afternoon,43,13,1.4490606160006336,1.4368597816960538,1.4499135155541019,2.033333333333333,3
54,כאן 11,News_first_short,1.3833333333333333,3,lt1.5,1.0,"('כאן 11', '2024-11-02', 66)","('כאן 11', '2024-11-02', 66)",16,afternoon,13,47,1.2850568396014668,1.3322729622467395,1.3083620866055614,1.6666666666666667,3
55,כאן 11,News_middle_standard,2.45,4,1.5-2.5,2.0,"('כאן 11', '2024-11-02', 66)","('כאן 11', '2024-11-02', 66)",16,afternoon,47,33,1.76765469761306,1.7685813269478576,1.7906764523874976,2.2333333333333334,7
56,כאן 11,News_last_standard,2.066666666666667,3,1.5-2.5,3.0,"('כאן 11', '2024-11-02', 66)","('כאן 11', '2024-11-02', 66)",17,early_evening,33,48,1.1823299265410412,1.159656213395105,1.1823299265410412,1.9666666666666668,13
57,כאן 11,News_first_standard,2.433333333333333,3,1.5-2.5,1.0,"('כאן 11', '2024-11-02', 70)","('כאן 11', '2024-11-02', 70)",18,early_evening,48,187,2.921511627906977,3.134381121928328,2.9514988732024343,6.7,3
58,כאן 11,News_last_short,0.8833333333333333,1,lt1.5,1.0,"('כאן 11', '2024-11-02', 73)","('כאן 11', '2024-11-02', 73)",21,late_evening,187,1,1.551840287375106,1.570753057171679,1.5598215079531845,7.133333333333333,12
60,כאן 11,PrimeShow2_middle_standard,2.9833333333333334,4,2.5-3.5,1.0,"('כאן 11', '2024-11-02', 75)","('כאן 11', '2024-11-02', 75)",21,late_evening,30,15,1.7897280195356522,1.7564068300998221,1.7996361304978035,9.333333333333334,13
61,כאן 11,PrimeShow2_last_standard,2.8833333333333333,4,2.5-3.5,2.0,"('כאן 11', '2024-11-02', 75)","('כאן 11', '2024-11-02', 75)",22,late_evening,15,31,1.8430844694659207,1.8059132392957837,1.835195939999138,9.033333333333333,1
62,כאן 11,Other_middle_long,3.0166666666666666,4,2.5-3.5,1.0,"('כאן 11', '2024-11-02', 78)","('כאן 11', '2024-11-02', 78)",22,late_evening,31,19,1.1205909634073987,1.1084684520239019,1.1205909634073987,3.6999999999999997,5
63,כאן 11,Other_middle_standard,2.3333333333333335,3,1.5-2.5,2.0,"('כאן 11', '2024-11-02', 78)","('כאן 11', '2024-11-02', 78)",23,late_evening,19,25,1.1028155998502713,1.0455662693216992,1.0705882352941174,3.033333333333333,12
64,כאן 11,Other_first_short,0.6,2,lt1.5,1.0,"('כאן 11', '2024-11-02', 81)","('כאן 11', '2024-11-02', 81)",23,late_evening,25,30,1.3692651442740906,1.3706961223388907,1.3697038610275867,2.4,9
65,כאן 11,Other_first_standard,2.466666666666667,4,1.5-2.5,1.0,"('כאן 11', '2024-11-03', 0)","('כאן 11', '2024-11-03', 0)",0,overnight,30,33,0.8584946236559139,0.8158022989971304,0.8521446109558886,1.0666666666666667,10
66,כאן 11,PrimeShow2_middle_standard,1.7333333333333334,3,1.5-2.5,1.0,"('כאן 11', '2024-11-03', 3)","('כאן 11', '2024-11-03', 3)",1,overnight,28,12,0.7195178864922994,0.6833333333333332,0.7162876361306854,0.5333333333333333,0
67,כאן 11,PrimeShow2_last_short,1.1666666666666667,2,lt1.5,2.0,"('כאן 11', '2024-11-03', 3)","('כאן 11', '2024-11-03', 3)",1,overnight,12,30,0.9361195943779844,0.9617244194030645,0.9361195943779844,0.6,14
68,כאן 11,Other_first_short,1.4666666666666666,2,lt1.5,1.0,"('כאן 11', '2024-11-03', 7)","('כאן 11', '2024-11-03', 7)",2,overnight,30,32,0.5705839162190361,0.5474245892654649,0.569424585539282,0.43333333333333335,0
69,כאן 11,Other_middle_standard,2.75,4,2.5-3.5,1.0,"('כאן 11', '2024-11-03', 9)","('כאן 11', '2024-11-03', 9)",2,overnight,32,40,0.2956282584780217,0.29278120953423203,0.2991824600520253,0.20000000000000004,3
70,כאן 11,Other_middle_standard,1.65,2,1.5-2.5,1.0,"('כאן 11', '2024-11-03', 11)","('כאן 11', '2024-11-03', 11)",3,overnight,40,15,1.0821992378878607,1.014607727220718,1.049027737337165,0.6,1
71,כאן 11,Other_last_standard,2.25,3,1.5-2.5,2.0,"('כאן 11', '2024-11-03', 11)","('כאן 11', '2024-11-03', 11)",3,overnight,15,31,1.3589449541284404,1.3381504219263756,1.3381504219263756,0.5,2
72,כאן 11,Other_middle_standard,2.933333333333333,4,2.5-3.5,1.0,"('כאן 11', '2024-11-03', 14)","('כאן 11', '2024-11-03', 14)",4,overnight,31,19,1.4994446501295817,1.5298515104966717,1.5594202898550724,0.3666666666666667,5
73,כאן 11,Other_middle_short,1.3,2,lt1.5,2.0,"('כאן 11', '2024-11-03', 14)","('כאן 11', '2024-11-03', 14)",4,overnight,19,54,1.8885032273779077,1.7812713602187287,1.813356921716055,0.43333333333333335,12
74,כאן 11,Other_middle_short,1.1833333333333333,2,lt1.5,1.0,"('כאן 11', '2024-11-03', 19)","('כאן 11', '2024-11-03', 19)",5,overnight,54,21,2.9032258064516134,2.8175084175084173,2.6247771836007128,0.6,7
75,כאן 11,Other_last_short,1.0166666666666666,2,lt1.5,2.0,"('כאן 11', '2024-11-03', 19)","('כאן 11', '2024-11-03', 19)",5,overnight,21,21,0.4918032786885247,0.5061728395061729,0.514519056261343,0.10000000000000002,14
76,כאן 11,Other_first_standard,2.066666666666667,3,1.5-2.5,1.0,"('כאן 11', '2024-11-03', 22)","('כאן 11', '2024-11-03', 22)",6,morning,21,39,1.6129032258064517,1.744064707222602,1.7014570324115372,0.3333333333333333,6
77,כאן 11,Other_last_standard,2.1166666666666667,4,1.5-2.5,2.0,"('כאן 11', '2024-11-03', 22)","('כאן 11', '2024-11-03', 22)",6,morning,39,16,0.5364905056051247,0.5539811066126855,0.5539811066126855,0.16666666666666666,2
78,כאן 11,Other_last_short,0.9333333333333333,2,lt1.5,3.0,"('כאן 11', '2024-11-03', 22)","('כאן 11', '2024-11-03', 22)",7,morning,16,58,0.6941239126575537,0.6799630982125696,0.6758514874083842,0.3,6
79,כאן 11,News_middle_short,0.43333333333333335,1,lt1.5,1.0,"('כאן 11', '2024-11-03', 27)","('כאן 11', '2024-11-03', 27)",8,morning,58,60,1.4861215287706209,1.5219514704401431,1.5093096012860479,1.1666666666666667,5
80,כאן 11,News_last_short,0.9333333333333333,2,lt1.5,1.0,"('כאן 11', '2024-11-03', 30)","('כאן 11', '2024-11-03', 30)",9,morning,60,58,1.1450381679389314,1.0893853260240833,1.0857052832974454,1.0,5
81,כאן 11,News_last_short,1.4,2,lt1.5,1.0,"('כאן 11', '2024-11-03', 33)","('כאן 11', '2024-11-03', 33)",10,morning,58,58,0.7421583271097832,0.7408961188071636,0.7408961188071636,0.7666666666666666,4
82,כאן 11,News_middle_short,1.0,2,lt1.5,1.0,"('כאן 11', '2024-11-03', 36)","('כאן 11', '2024-11-03', 36)",11,morning,58,75,1.0423452768729642,1.114944780890555,1.114944780890555,1.0666666666666667,3
84,כאן 11,PrimeShow1_first_standard,1.65,3,1.5-2.5,1.0,"('כאן 11', '2024-11-03', 39)","('כאן 11', '2024-11-03', 39)",12,afternoon,74,21,0.8025581632504406,0.8161771597522217,0.8005878976840863,0.6999999999999998,4
85,כאן 11,PrimeShow1_last_standard,2.7,4,2.5-3.5,2.0,"('כאן 11', '2024-11-03', 39)","('כאן 11', '2024-11-03', 39)",12,afternoon,21,38,0.9473716971149359,1.0191511616675655,0.9412443641529245,0.8000000000000002,12
86,כאן 11,Other_middle_standard,2.2,4,1.5-2.5,1.0,"('כאן 11', '2024-11-03', 42)","('כאן 11', '2024-11-03', 42)",13,afternoon,38,13,0.6559794683214587,0.6382964526327196,0.6413593999601964,0.5,8
87,כאן 11,Other_last_standard,2.466666666666667,3,1.5-2.5,2.0,"('כאן 11', '2024-11-03', 42)","('כאן 11', '2024-11-03', 42)",13,afternoon,13,30,0.7522809814864027,0.7703578472809243,0.7671727954453721,0.5333333333333333,9
88,כאן 11,News_last_standard,2.566666666666667,3,2.5-3.5,1.0,"('כאן 11', '2024-11-03', 45)","('כאן 11', '2024-11-03', 45)",14,afternoon,30,35,0.49382716049382713,0.49167152369345984,0.5001110756537364,0.4000000000000001,11
89,כאן 11,Other_last_standard,2.0833333333333335,3,1.5-2.5,1.0,"('כאן 11', '2024-11-03', 49)","('כאן 11', '2024-11-03', 49)",14,afternoon,35,38,0.5412276683463124,0.5440612026265095,0.52775074263338,0.5333333333333333,3
91,כאן 11,News_last_standard,2.4166666666666665,4,1.5-2.5,2.0,"('כאן 11', '2024-11-03', 51)","('כאן 11', '2024-11-03', 51)",15,afternoon,23,11,0.6682577565632458,0.6686574008932248,0.6878005726192349,0.9333333333333332,8
92,כאן 11,Other_first_standard,1.8,3,1.5-2.5,1.0,"('כאן 11', '2024-11-03', 54)","('כאן 11', '2024-11-03', 54)",16,afternoon,11,26,0.7939275274718214,0.7900876514652797,0.7796390915792704,0.9666666666666668,7
93,כאן 11,Other_last_standard,2.35,4,1.5-2.5,2.0,"('כאן 11', '2024-11-03', 54)","('כאן 11', '2024-11-03', 54)",16,afternoon,26,34,0.6441717791411042,0.6930621676550014,0.672469454604904,0.6999999999999998,5
94,כאן 11,News_first_standard,1.9166666666666667,3,1.5-2.5,1.0,"('כאן 11', '2024-11-03', 58)","('כאן 11', '2024-11-03', 58)",17,early_evening,34,22,1.180590247831107,1.1943753651448887,1.1836117178438723,1.6333333333333335,12
95,כאן 11,News_first_standard,2.2333333333333334,3,1.5-2.5,2.0,"('כאן 11', '2024-11-03', 58)","('כאן 11', '2024-11-03', 58)",17,early_evening,22,15,0.6838160161124208,0.6842143346571833,0.6910246287371721,1.2333333333333332,6
96,כאן 11,News_middle_standard,1.6666666666666667,3,1.5-2.5,3.0,"('כאן 11', '2024-11-03', 58)","('כאן 11', '2024-11-03', 58)",18,early_evening,20,9,0.6540697674418604,0.5779751216046187,0.6553631263934302,1.5,14
97,כאן 11,News_last_standard,2.3333333333333335,3,1.5-2.5,4.0,"('כאן 11', '2024-11-03', 58)","('כאן 11', '2024-11-03', 58)",18,early_evening,9,180,0.9075107871022167,0.9019812432838449,0.9046231685035956,2.1333333333333333,10
98,כאן 11,News_last_short,0.55,2,lt1.5,1.0,"('כאן 11', '2024-11-03', 65)","('כאן 11', '2024-11-03', 65)",21,late_evening,180,1,1.0007262148860387,1.0127205663330832,1.0058525641676757,4.6,12
100,כאן 11,Other_first_standard,2.8,4,2.5-3.5,1.0,"('כאן 11', '2024-11-03', 68)","('כאן 11', '2024-11-03', 68)",21,late_evening,13,33,0.7041420118343195,0.6814662697195838,0.6871823177679225,3.966666666666667,13
101,כאן 11,Other_last_long,3.433333333333333,5,2.5-3.5,2.0,"('כאן 11', '2024-11-03', 68)","('כאן 11', '2024-11-03', 68)",22,late_evening,33,28,1.0508654378080708,1.0583841348431369,1.065250543985776,4.966666666666668,4
102,כאן 11,Other_middle_long,3.5833333333333335,4,3.5-5,1.0,"('כאן 11', '2024-11-03', 71)","('כאן 11', '2024-11-03', 71)",22,late_evening,28,10,1.1763733825450993,1.1865382865440066,1.1784340898689643,3.7999999999999994,6
103,כאן 11,Other_first_standard,2.2666666666666666,3,1.5-2.5,1.0,"('כאן 11', '2024-11-03', 73)","('כאן 11', '2024-11-03', 73)",23,late_evening,10,34,0.8844339622641509,0.8603003348231949,0.8796194421321556,2.5,4
104,כאן 11,News_last_standard,2.2333333333333334,3,1.5-2.5,1.0,"('כאן 11', '2024-11-03', 75)","('כאן 11', '2024-11-03', 75)",23,late_evening,34,8,1.196771804676047,1.1833732299026427,1.196771804676047,2.066666666666667,10
105,כאן 11,PrimeShow2_first_short,0.3,1,lt1.5,1.0,"('כאן 11', '2024-11-03', 77)","('כאן 11', '2024-11-03', 77)",23,late_evening,8,20,0.9349800526271115,0.9704094437939049,0.9462260131488947,1.4333333333333333,5
106,כאן 11,Other_first_standard,2.6333333333333333,3,2.5-3.5,1.0,"('כאן 11', '2024-11-04', 0)","('כאן 11', '2024-11-04', 0)",0,overnight,20,29,0.5901075268817205,0.5596862780205394,0.5850275167217002,0.7333333333333334,10
107,כאן 11,News_last_standard,2.433333333333333,4,1.5-2.5,1.0,"('כאן 11', '2024-11-04', 1)","('כאן 11', '2024-11-04', 1)",0,overnight,29,34,0.3085770803877597,0.2978685708149898,0.30718400744283686,0.3,11
108,כאן 11,PrimeShow2_middle_standard,2.1166666666666667,3,1.5-2.5,1.0,"('כאן 11', '2024-11-04', 3)","('כאן 11', '2024-11-04', 3)",1,overnight,34,11,0.14021328136944922,0.13910906653869703,0.14021328136944922,0.10000000000000002,3
109,כאן 11,PrimeShow2_last_standard,1.8333333333333333,3,1.5-2.5,2.0,"('כאן 11', '2024-11-04', 3)","('כאן 11', '2024-11-04', 3)",1,overnight,11,36,0.3214429584892664,0.3335968914038397,0.3232249602712682,0.20000000000000004,1
110,כאן 11,Other_middle_standard,1.9666666666666666,3,1.5-2.5,1.0,"('כאן 11', '2024-11-04', 7)","('כאן 11', '2024-11-04', 7)",2,overnight,36,18,0.12677602686644276,0.12113248988351255,0.12644486700792737,0.16666666666666666,9
111,כאן 11,Other_last_short,1.1833333333333333,3,lt1.5,1.0,"('כאן 11', '2024-11-04', 9)","('כאן 11', '2024-11-04', 9)",3,overnight,33,6,0.15467171717171715,0.14972668187153537,0.15467171717171715,0.10000000000000002,3
112,כאן 11,Other_last_short,1.4666666666666666,2,lt1.5,1.0,"('כאן 11', '2024-11-04', 13)","('כאן 11', '2024-11-04', 13)",3,overnight,22,43,0.28043915842938394,0.2745389822595705,0.283753759221049,0.10000000000000002,4
113,כאן 11,Other_last_standard,2.3333333333333335,3,1.5-2.5,1.0,"('כאן 11', '2024-11-04', 17)","('כאן 11', '2024-11-04', 17)",4,overnight,43,62,1.21140350877193,1.0911562132526993,1.1916666666666667,0.3,3
114,כאן 11,Other_middle_standard,1.8833333333333333,3,1.5-2.5,1.0,"('כאן 11', '2024-11-04', 20)","('כאן 11', '2024-11-04', 20)",5,overnight,62,13,0.4838709677419355,0.46958473625140296,0.4374628639334522,0.10000000000000002,7
115,כאן 11,Other_last_standard,1.8,2,1.5-2.5,2.0,"('כאן 11', '2024-11-04', 20)","('כאן 11', '2024-11-04', 20)",5,overnight,13,30,0.5056497175141242,0.4975658221559862,0.5033074489502445,0.10000000000000002,7
116,כאן 11,Other_first_standard,2.0166666666666666,3,1.5-2.5,1.0,"('כאן 11', '2024-11-04', 24)","('כאן 11', '2024-11-04', 24)",6,morning,30,23,0.967741935483871,1.012461012773904,0.9948970293420812,0.20000000000000004,8
117,כאן 11,Other_middle_standard,1.9666666666666666,3,1.5-2.5,2.0,"('כאן 11', '2024-11-04', 24)","('כאן 11', '2024-11-04', 24)",6,morning,23,30,2.036529680365297,1.965790287708096,1.9926238145416229,0.5,3
118,כאן 11,News_last_short,1.0666666666666667,2,lt1.5,1.0,"('כאן 11', '2024-11-04', 27)","('כאן 11', '2024-11-04', 27)",7,morning,30,59,0.9351156686809498,0.9335780942046861,0.9303816607514865,0.4000000000000001,5
119,כאן 11,News_last_short,1.25,2,lt1.5,1.0,"('כאן 11', '2024-11-04', 30)","('כאן 11', '2024-11-04', 30)",8,morning,59,59,1.5299340222571856,1.566899519045627,1.5552301013649237,1.2,5
120,כאן 11,News_last_short,1.1166666666666667,2,lt1.5,1.0,"('כאן 11', '2024-11-04', 33)","('כאן 11', '2024-11-04', 33)",9,morning,59,58,1.4885496183206108,1.4162009238313085,1.411416868286679,1.3,5
121,כאן 11,News_last_short,0.9833333333333333,2,lt1.5,1.0,"('כאן 11', '2024-11-04', 36)","('כאן 11', '2024-11-04', 36)",10,morning,58,60,1.2580906148867315,1.2557465137532946,1.2557465137532946,1.3,4
122,כאן 11,News_last_short,1.0666666666666667,2,lt1.5,1.0,"('כאן 11', '2024-11-04', 39)","('כאן 11', '2024-11-04', 39)",11,morning,60,76,1.0423452768729644,1.0638288679327552,1.0688767438553433,1.0666666666666667,5
123,כאן 11,PrimeShow1_middle_standard,1.8833333333333333,3,1.5-2.5,1.0,"('כאן 11', '2024-11-04', 42)","('כאן 11', '2024-11-04', 42)",12,afternoon,76,18,1.8076923076923075,1.8077225964762054,1.7943018089407161,1.5666666666666667,7
124,כאן 11,PrimeShow1_last_standard,2.45,4,1.5-2.5,2.0,"('כאן 11', '2024-11-04', 42)","('כאן 11', '2024-11-04', 42)",12,afternoon,18,38,1.144533316734618,1.2306572064087213,1.1367209213451916,0.9666666666666667,12
125,כאן 11,Other_middle_standard,1.8666666666666667,3,1.5-2.5,1.0,"('כאן 11', '2024-11-04', 47)","('כאן 11', '2024-11-04', 47)",13,afternoon,38,8,0.7436987665670727,0.7243179580090636,0.7271963098314411,0.5666666666666667,8
126,כאן 11,Other_last_standard,2.433333333333333,4,1.5-2.5,2.0,"('כאן 11', '2024-11-04', 47)","('כאן 11', '2024-11-04', 47)",13,afternoon,8,40,0.9828583906540014,0.9357941514811802,0.9730881508375114,0.6999999999999998,3
127,כאן 11,News_last_standard,2.533333333333333,4,2.5-3.5,1.0,"('כאן 11', '2024-11-04', 52)","('כאן 11', '2024-11-04', 52)",14,afternoon,40,29,0.6808117200982343,0.6960159153254981,0.6745497926173184,0.5666666666666667,1
128,כאן 11,PrimeShow2_middle_standard,1.7666666666666666,3,1.5-2.5,1.0,"('כאן 11', '2024-11-04', 54)","('כאן 11', '2024-11-04', 54)",14,afternoon,29,36,0.9131928538708199,0.9195315669417391,0.8901506722882567,0.9,3
129,כאן 11,News_middle_standard,1.9166666666666667,3,1.5-2.5,1.0,"('כאן 11', '2024-11-04', 56)","('כאן 11', '2024-11-04', 56)",15,afternoon,36,21,0.5637122071644342,0.5448978592073679,0.5568511436995971,0.6,11
130,כאן 11,News_last_standard,2.0,3,1.5-2.5,2.0,"('כאן 11', '2024-11-04', 56)","('כאן 11', '2024-11-04', 56)",15,afternoon,21,19,0.5477383524301823,0.5491138615990095,0.5452728686658227,0.7666666666666666,4
131,כאן 11,Other_first_standard,1.8,3,1.5-2.5,1.0,"('כאן 11', '2024-11-04', 59)","('כאן 11', '2024-11-04', 59)",16,afternoon,19,21,0.5877028714107365,0.5327817531305904,0.5674959961699478,0.6999999999999998,10
132,כאן 11,Other_last_standard,2.5166666666666666,3,2.5-3.5,2.0,"('כאן 11', '2024-11-04', 59)","('כאן 11', '2024-11-04', 59)",16,afternoon,21,38,0.8605002359603589,0.9176798647386883,0.8825454856600574,0.9333333333333335,3
133,כאן 11,News_first_standard,2.216666666666667,3,1.5-2.5,1.0,"('כאן 11', '2024-11-04', 63)","('כאן 11', '2024-11-04', 63)",17,early_evening,38,12,0.7430152717388837,0.7592289996541554,0.7433112218019745,1.0333333333333334,13
134,כאן 11,News_first_standard,2.0833333333333335,4,1.5-2.5,2.0,"('כאן 11', '2024-11-04', 63)","('כאן 11', '2024-11-04', 63)",17,early_evening,12,23,0.7768251273344653,0.7681845208082952,0.7768251273344653,1.2666666666666666,12
135,כאן 11,News_middle_standard,2.4,3,1.5-2.5,3.0,"('כאן 11', '2024-11-04', 63)","('כאן 11', '2024-11-04', 63)",18,early_evening,17,16,0.8733624454148471,0.8242090956009398,0.8466186322166713,2.0,11
136,כאן 11,News_last_standard,2.3333333333333335,3,1.5-2.5,4.0,"('כאן 11', '2024-11-04', 63)","('כאן 11', '2024-11-04', 63)",18,early_evening,16,177,0.7746478873239435,0.7436327142298723,0.7636921159648432,1.8333333333333333,14
137,כאן 11,News_last_short,1.1166666666666667,3,lt1.5,1.0,"('כאן 11', '2024-11-04', 70)","('כאן 11', '2024-11-04', 70)",21,late_evening,177,1,0.6586958833635261,0.6870587764283934,0.6696585868529947,3.033333333333333,13
139,כאן 11,PrimeShow2_middle_long,4.016666666666667,5,3.5-5,1.0,"('כאן 11', '2024-11-04', 72)","('כאן 11', '2024-11-04', 72)",21,late_evening,25,12,0.79428975751549,0.770165615056689,0.7870857144926823,4.233333333333333,12
140,כאן 11,PrimeShow2_last_long,3.966666666666667,5,3.5-5,2.0,"('כאן 11', '2024-11-04', 72)","('כאן 11', '2024-11-04', 72)",22,late_evening,12,24,0.7503392080701389,0.7401320234323858,0.7515809430032084,3.7000000000000006,13
141,כאן 11,Other_last_long,3.433333333333333,4,2.5-3.5,1.0,"('כאן 11', '2024-11-04', 75)","('כאן 11', '2024-11-04', 75)",22,late_evening,24,36,0.9696937292440212,0.9519706331851162,0.9696937292440212,3.466666666666667,11
142,כאן 11,News_last_standard,2.15,3,1.5-2.5,1.0,"('כאן 11', '2024-11-04', 78)","('כאן 11', '2024-11-04', 78)",23,late_evening,36,30,0.8087428564556336,0.8247420049888076,0.8087428564556336,1.9000000000000001,5
143,כאן 11,PrimeShow2_middle_standard,2.5,4,1.5-2.5,1.0,"('כאן 11', '2024-11-04', 80)","('כאן 11', '2024-11-04', 80)",23,late_evening,30,39,0.7858903795436304,0.7664345973564659,0.7721358791585056,1.2,7
144,כאן 11,Other_first_standard,2.066666666666667,4,1.5-2.5,1.0,"('כאן 11', '2024-11-05', 0)","('כאן 11', '2024-11-05', 0)",0,overnight,39,19,1.1973310917305873,1.2925090817269342,1.2193206732176938,1.2333333333333334,4
145,כאן 11,Other_middle_standard,2.466666666666667,4,1.5-2.5,2.0,"('כאן 11', '2024-11-05', 0)","('כאן 11', '2024-11-05', 0)",0,overnight,19,39,0.689655172413793,0.6999209591558819,0.6995541751183231,0.6,11
146,כאן 11,Other_last_standard,1.8166666666666667,2,1.5-2.5,3.0,"('כאן 11', '2024-11-05', 0)","('כאן 11', '2024-11-05', 0)",1,overnight,39,18,0.748593551976755,0.7432683713144349,0.7449808321300555,0.43333333333333335,8
147,כאן 11,Other_last_standard,1.8166666666666667,2,1.5-2.5,4.0,"('כאן 11', '2024-11-05', 0)","('כאן 11', '2024-11-05', 0)",1,overnight,18,6,0.34569606549812776,0.346691403834261,0.34569606549812776,0.20000000000000004,12
148,כאן 11,Other_first_standard,1.95,3,1.5-2.5,1.0,"('כאן 11', '2024-11-05', 5)","('כאן 11', '2024-11-05', 5)",2,overnight,6,18,0.17941478167993827,0.1691335805122003,0.17716103648571843,0.20000000000000004,4
149,כאן 11,Other_last_standard,2.1166666666666667,3,1.5-2.5,2.0,"('כאן 11', '2024-11-05', 5)","('כאן 11', '2024-11-05', 5)",2,overnight,18,33,0.1775158287895308,0.16936954848422656,0.16936954848422656,0.20000000000000004,9
151,כאן 11,Other_last_standard,2.1166666666666667,4,1.5-2.5,2.0,"('כאן 11', '2024-11-05', 8)","('כאן 11', '2024-11-05', 8)",3,overnight,11,24,0.3448389760528489,0.3382452574525745,0.35547765118317265,0.2,12
152,כאן 11,Other_last_short,1.0666666666666667,2,lt1.5,1.0,"('כאן 11', '2024-11-05', 11)","('כאן 11', '2024-11-05', 11)",3,overnight,24,36,1.757356527839436,1.7676027676027675,1.7381613524411392,0.5666666666666667,9
156,כאן 11,Other_first_standard,2.0166666666666666,3,1.5-2.5,1.0,"('כאן 11', '2024-11-05', 22)","('כאן 11', '2024-11-05', 22)",6,morning,26,25,0.4838709677419355,0.5238152198678514,0.5115967885816235,0.10000000000000002,6
157,כאן 11,Other_middle_standard,2.1166666666666667,3,1.5-2.5,2.0,"('כאן 11', '2024-11-05', 22)","('כאן 11', '2024-11-05', 22)",6,morning,25,29,0.673972602739726,0.6442403086238703,0.6549350193185809,0.16666666666666666,3
158,כאן 11,Other_last_short,1.0666666666666667,2,lt1.5,3.0,"('כאן 11', '2024-11-05', 22)","('כאן 11', '2024-11-05', 22)",7,morning,29,59,1.8799975584447293,1.8799975584447293,1.8799975584447293,0.8000000000000002,4
159,כאן 11,News_first_short,1.0,2,lt1.5,1.0,"('כאן 11', '2024-11-05', 27)","('כאן 11', '2024-11-05', 27)",8,morning,59,58,1.4163264054117983,1.4542654357816314,1.4542654357816314,1.1,4
160,כאן 11,News_middle_short,1.0666666666666667,2,lt1.5,2.0,"('כאן 11', '2024-11-05', 27)","('כאן 11', '2024-11-05', 27)",9,morning,58,60,0.9935363107250447,0.9301940182165701,0.9261399030181628,0.8666666666666667,3
161,כאן 11,News_first_short,0.7333333333333333,2,lt1.5,1.0,"('כאן 11', '2024-11-05', 30)","('כאן 11', '2024-11-05', 30)",10,morning,60,59,1.3548668160318644,1.352342399426625,1.352342399426625,1.3999999999999997,4
162,כאן 11,News_middle_short,1.0833333333333333,2,lt1.5,2.0,"('כאן 11', '2024-11-05', 30)","('כאן 11', '2024-11-05', 30)",11,morning,59,78,0.9446254071661239,0.9890853398958949,0.9889562909863582,0.9666666666666668,4
163,כאן 11,Other_middle_standard,2.0166666666666666,3,1.5-2.5,1.0,"('כאן 11', '2024-11-05', 33)","('כאן 11', '2024-11-05', 33)",12,afternoon,78,18,0.5384615384615384,0.5245677163887287,0.5342545133833699,0.4666666666666666,8
164,כאן 11,Other_last_standard,2.7666666666666666,4,2.5-3.5,2.0,"('כאן 11', '2024-11-05', 33)","('כאן 11', '2024-11-05', 33)",12,afternoon,18,31,0.7509881422924901,0.781526805709735,0.7496279761904762,0.6333333333333333,13
165,כאן 11,Other_middle_standard,2.5166666666666666,3,2.5-3.5,1.0,"('כאן 11', '2024-11-05', 36)","('כאן 11', '2024-11-05', 36)",13,afternoon,31,9,0.46396224226656974,0.4722879734321383,0.47455143703058694,0.3666666666666667,2
166,כאן 11,Other_last_standard,2.2666666666666666,4,1.5-2.5,2.0,"('כאן 11', '2024-11-05', 36)","('כאן 11', '2024-11-05', 36)",13,afternoon,9,22,0.40662834780481844,0.39864641563046094,0.4116563202259284,0.3,13
167,כאן 11,Other_middle_standard,2.6333333333333333,4,2.5-3.5,1.0,"('כאן 11', '2024-11-05', 39)","('כאן 11', '2024-11-05', 39)",13,afternoon,22,37,0.12080711510007643,0.1170506853425249,0.12083951525704872,0.10000000000000002,8
168,כאן 11,Other_middle_standard,1.7166666666666666,3,1.5-2.5,1.0,"('כאן 11', '2024-11-05', 43)","('כאן 11', '2024-11-05', 43)",14,afternoon,37,15,0.2505175983436853,0.2328913082190447,0.2436871807546548,0.2333333333333333,3
169,כאן 11,Other_last_standard,2.5166666666666666,4,2.5-3.5,2.0,"('כאן 11', '2024-11-05', 43)","('כאן 11', '2024-11-05', 43)",14,afternoon,15,30,0.30439761795694004,0.3065316420830884,0.3106823748576948,0.3,5
170,כאן 11,News_middle_standard,2.3,3,1.5-2.5,1.0,"('כאן 11', '2024-11-05', 46)","('כאן 11', '2024-11-05', 46)",15,afternoon,30,24,0.28846748428321134,0.28256203804445224,0.2935125056259243,0.3,8
171,כאן 11,News_last_standard,2.3833333333333333,4,1.5-2.5,2.0,"('כאן 11', '2024-11-05', 46)","('כאן 11', '2024-11-05', 46)",15,afternoon,24,15,0.6667307627051544,0.6684602171271056,0.6640425353115917,0.9333333333333332,4
172,כאן 11,Other_first_standard,1.7666666666666666,3,1.5-2.5,1.0,"('כאן 11', '2024-11-05', 49)","('כאן 11', '2024-11-05', 49)",16,afternoon,15,32,0.6549087998975116,0.6566062680655705,0.6483141371778728,0.7999999999999999,7
173,כאן 11,Other_last_standard,2.1333333333333333,3,1.5-2.5,2.0,"('כאן 11', '2024-11-05', 49)","('כאן 11', '2024-11-05', 49)",16,afternoon,32,34,0.28945685708641833,0.2749822443426401,0.29019597587204615,0.3333333333333333,11
174,כאן 11,News_first_standard,2.45,3,1.5-2.5,1.0,"('כאן 11', '2024-11-05', 53)","('כאן 11', '2024-11-05', 53)",17,early_evening,34,7,0.42220536332750597,0.4105859820700897,0.42090127773602165,0.6,2
175,כאן 11,News_middle_standard,2.3666666666666667,3,1.5-2.5,2.0,"('כאן 11', '2024-11-05', 53)","('כאן 11', '2024-11-05', 53)",17,early_evening,7,29,0.7267872980477192,0.7293318396618059,0.7267872980477192,1.1666666666666667,11
176,כאן 11,News_first_standard,2.8,3,2.5-3.5,1.0,"('כאן 11', '2024-11-05', 57)","('כאן 11', '2024-11-05', 57)",18,early_evening,17,30,0.8430232558139535,0.7606288495980459,0.8451428510715159,1.9333333333333336,0
177,כאן 11,News_last_standard,2.6666666666666665,3,2.5-3.5,2.0,"('כאן 11', '2024-11-05', 57)","('כאן 11', '2024-11-05', 57)",18,early_evening,30,206,0.9863304611575257,0.960918600849951,0.9658566484600289,2.6666666666666665,2
178,כאן 11,News_last_long,3.2,4,2.5-3.5,1.0,"('כאן 11', '2024-11-05', 61)","('כאן 11', '2024-11-05', 61)",22,late_evening,206,38,1.2274313025613532,1.1957774959860903,1.224042990633536,6.033333333333334,0
179,כאן 11,News_last_standard,2.8333333333333335,4,2.5-3.5,2.0,"('כאן 11', '2024-11-05', 61)","('כאן 11', '2024-11-05', 61)",22,late_evening,38,30,2.5022971801303946,2.4901986424606606,2.4520213577421814,7.666666666666667,11
180,כאן 11,Other_middle_standard,2.4,4,1.5-2.5,1.0,"('כאן 11', '2024-11-05', 64)","('כאן 11', '2024-11-05', 64)",23,late_evening,30,16,2.38222863164901,2.3076445354216113,2.3708414402203615,4.766666666666667,14
181,כאן 11,Other_last_standard,2.183333333333333,3,1.5-2.5,2.0,"('כאן 11', '2024-11-05', 64)","('כאן 11', '2024-11-05', 64)",23,late_evening,16,7,0.9516329602722692,0.991426185638861,0.9685722773958068,1.4666666666666668,3
182,כאן 11,Other_last_short,0.9333333333333333,2,lt1.5,3.0,"('כאן 11', '2024-11-05', 64)","('כאן 11', '2024-11-05', 64)",23,late_evening,7,1,1.5920109191731575,1.5650105412156516,1.5889038515313407,2.3000000000000003,12
184,כאן 11,Other_first_short,0.7666666666666667,2,lt1.5,1.0,"('כאן 11', '2024-11-06', 0)","('כאן 11', '2024-11-06', 0)",0,overnight,31,24,0.9951442684509452,0.9959683404724545,0.992028705136487,1.0666666666666667,1
185,כאן 11,News_last_standard,1.9833333333333334,3,1.5-2.5,1.0,"('כאן 11', '2024-11-06', 1)","('כאן 11', '2024-11-06', 1)",0,overnight,24,28,2.6053639846743297,2.640576839445508,2.6389557978363762,2.2666666666666666,11
186,כאן 11,PrimeShow2_middle_standard,2.183333333333333,3,1.5-2.5,1.0,"('כאן 11', '2024-11-06', 3)","('כאן 11', '2024-11-06', 3)",1,overnight,28,11,1.8141468765145525,1.8296694511518634,1.8116343137004822,1.2,11
187,כאן 11,PrimeShow2_last_short,1.4333333333333333,2,lt1.5,2.0,"('כאן 11', '2024-11-06', 3)","('כאן 11', '2024-11-06', 3)",1,overnight,11,74,1.5853572642930003,1.545270360221436,1.5853572642930007,0.9,9
188,כאן 11,Other_first_standard,1.8166666666666667,2,1.5-2.5,1.0,"('כאן 11', '2024-11-06', 7)","('כאן 11', '2024-11-06', 7)",2,overnight,74,57,1.1317123791509036,1.0622058455089307,1.1063307797561466,0.6999999999999998,9
189,כאן 11,Other_middle_standard,2.1333333333333333,3,1.5-2.5,2.0,"('כאן 11', '2024-11-06', 7)","('כאן 11', '2024-11-06', 7)",3,overnight,57,215,2.775757575757576,2.707981220657276,2.8040973111395644,0.6999999999999998,7
190,כאן 11,Other_middle_standard,2.15,3,1.5-2.5,1.0,"('כאן 11', '2024-11-06', 10)","('כאן 11', '2024-11-06', 10)",7,morning,215,67,2.8090455247830746,2.761160895304517,2.806296231445477,1.7,14
191,כאן 11,Other_last_standard,2.0166666666666666,3,1.5-2.5,2.0,"('כאן 11', '2024-11-06', 10)","('כאן 11', '2024-11-06', 10)",8,morning,67,26,1.7501425856379365,1.756221861207016,1.756221861207016,1.6333333333333335,8
192,כאן 11,Other_last_short,1.4833333333333334,2,lt1.5,3.0,"('כאן 11', '2024-11-06', 10)","('כאן 11', '2024-11-06', 10)",9,morning,26,58,1.979528105482304,1.9088881900568913,1.8882894319263726,1.7333333333333334,6
193,כאן 11,News_last_short,0.9833333333333333,2,lt1.5,1.0,"('כאן 11', '2024-11-06', 14)","('כאן 11', '2024-11-06', 14)",10,morning,58,59,2.411003236245955,2.397105248945645,2.3997339012558263,2.5,5
194,כאן 11,News_last_short,1.0,2,lt1.5,1.0,"('כאן 11', '2024-11-06', 17)","('כאן 11', '2024-11-06', 17)",11,morning,59,107,1.2703583061889252,1.2994060997411534,1.3048492132660179,1.3,5
195,כאן 11,PrimeShow2_middle_standard,2.4,3,1.5-2.5,1.0,"('כאן 11', '2024-11-06', 21)","('כאן 11', '2024-11-06', 21)",12,afternoon,107,15,1.3545816733067728,1.4898067188219055,1.3560813672805958,1.1333333333333335,8
196,כאן 11,PrimeShow2_last_standard,2.3333333333333335,3,1.5-2.5,2.0,"('כאן 11', '2024-11-06', 21)","('כאן 11', '2024-11-06', 21)",13,afternoon,15,36,1.0714940757859213,1.0258835241413637,1.0258835241413637,0.8333333333333334,10
197,כאן 11,Other_middle_standard,2.433333333333333,3,1.5-2.5,1.0,"('כאן 11', '2024-11-06', 26)","('כאן 11', '2024-11-06', 26)",13,afternoon,36,19,0.8027410803038749,0.7503498974087209,0.8015539879427065,0.6333333333333333,3
198,כאן 11,Other_last_standard,2.3666666666666667,3,1.5-2.5,2.0,"('כאן 11', '2024-11-06', 26)","('כאן 11', '2024-11-06', 26)",14,afternoon,19,39,0.24691358024691357,0.2612639321234709,0.25112898848743576,0.20000000000000004,9
199,כאן 11,Other_last_standard,2.4,4,1.5-2.5,1.0,"('כאן 11', '2024-11-06', 31)","('כאן 11', '2024-11-06', 31)",14,afternoon,39,19,0.5073293632615666,0.5108860701384806,0.5178039580961581,0.5,5
200,כאן 11,News_first_standard,2.283333333333333,3,1.5-2.5,1.0,"('כאן 11', '2024-11-06', 33)","('כאן 11', '2024-11-06', 33)",15,afternoon,19,36,0.5869579101999106,0.5913129830779275,0.5894391960204424,0.6,12
201,כאן 11,News_last_standard,2.066666666666667,3,1.5-2.5,2.0,"('כאן 11', '2024-11-06', 33)","('כאן 11', '2024-11-06', 33)",15,afternoon,36,38,0.7159904534606204,0.7145694424741098,0.7195036803714907,1.0,5
203,כאן 11,Other_last_standard,2.15,4,1.5-2.5,2.0,"('כאן 11', '2024-11-06', 36)","('כאן 11', '2024-11-06', 36)",16,afternoon,15,28,0.6728462874359268,0.6783049143290302,0.6703750436765437,0.8333333333333334,2
204,כאן 11,News_middle_standard,1.9,3,1.5-2.5,1.0,"('כאן 11', '2024-11-06', 39)","('כאן 11', '2024-11-06', 39)",17,early_evening,28,17,0.7720778860480202,0.7474105492277417,0.7751818729204231,1.1,3
205,כאן 11,News_last_standard,2.183333333333333,3,1.5-2.5,2.0,"('כאן 11', '2024-11-06', 39)","('כאן 11', '2024-11-06', 39)",17,early_evening,17,17,0.5485355379529531,0.5344029374850956,0.5492290961841021,1.0,7
206,כאן 11,News_first_standard,2.1666666666666665,4,1.5-2.5,1.0,"('כאן 11', '2024-11-06', 42)","('כאן 11', '2024-11-06', 42)",18,early_evening,17,31,1.3517441860465116,1.1948644492870293,1.3543734033387222,3.1,14
207,כאן 11,News_last_standard,2.316666666666667,3,1.5-2.5,2.0,"('כאן 11', '2024-11-06', 42)","('כאן 11', '2024-11-06', 42)",18,early_evening,31,181,1.4373415399913645,1.4191036569427755,1.4318400856479911,3.9,3
208,כאן 11,News_last_standard,1.85,3,1.5-2.5,1.0,"('כאן 11', '2024-11-06', 47)","('כאן 11', '2024-11-06', 47)",21,late_evening,181,3,0.7838924013843305,0.7937807467177213,0.7938809955262268,4.366666666666667,6
209,כאן 11,News_last_short,1.1166666666666667,2,lt1.5,2.0,"('כאן 11', '2024-11-06', 47)","('כאן 11', '2024-11-06', 47)",21,late_evening,3,2,0.5330882352941178,0.5187182998579833,0.52588419227131,2.9,11
211,כאן 11,Other_middle_long,3.8666666666666667,5,3.5-5,1.0,"('כאן 11', '2024-11-06', 51)","('כאן 11', '2024-11-06', 51)",22,late_evening,22,13,0.3734657441881983,0.362340506694462,0.36975532246187015,1.7333333333333334,7
212,כאן 11,Other_last_long,3.5166666666666666,5,3.5-5,2.0,"('כאן 11', '2024-11-06', 51)","('כאן 11', '2024-11-06', 51)",22,late_evening,13,37,0.45144588923145856,0.44938909890901674,0.4502907027651098,1.6666666666666667,9
213,כאן 11,News_first_standard,2.1166666666666667,3,1.5-2.5,1.0,"('כאן 11', '2024-11-06', 55)","('כאן 11', '2024-11-06', 55)",23,late_evening,37,32,0.42607909827123214,0.43390658301874835,0.42607909827123214,1.0,5
214,כאן 11,News_last_standard,2.2333333333333334,4,1.5-2.5,2.0,"('כאן 11', '2024-11-06', 55)","('כאן 11', '2024-11-06', 55)",23,late_evening,32,32,0.8321894823442811,0.8330674068670866,0.8157845015612466,1.2333333333333334,9
215,כאן 11,News_last_standard,2.0,3,1.5-2.5,1.0,"('כאן 11', '2024-11-07', 0)","('כאן 11', '2024-11-07', 0)",0,overnight,32,6,0.42535787321063395,0.42648361843408283,0.42706178248346927,0.46666666666666673,14
216,כאן 11,PrimeShow2_first_short,0.8666666666666667,2,lt1.5,1.0,"('כאן 11', '2024-11-07', 2)","('כאן 11', '2024-11-07', 2)",0,overnight,6,22,0.16813099745697302,0.16394716394716394,0.16316195089728064,0.16666666666666666,7
217,כאן 11,Other_middle_short,1.3166666666666667,3,lt1.5,1.0,"('כאן 11', '2024-11-07', 3)","('כאן 11', '2024-11-07', 3)",1,overnight,22,10,0.35202205882352944,0.3788659793814433,0.3448275862068966,0.30000000000000004,0
222,כאן 11,Other_middle_standard,2.1666666666666665,4,1.5-2.5,1.0,"('כאן 11', '2024-11-07', 11)","('כאן 11', '2024-11-07', 11)",3,overnight,30,13,0.3169386441445265,0.3090956313957716,0.3169386441445265,0.20000000000000004,5
223,כאן 11,Other_last_standard,2.0833333333333335,3,1.5-2.5,2.0,"('כאן 11', '2024-11-07', 11)","('כאן 11', '2024-11-07', 11)",3,overnight,13,59,0.44597711778637444,0.47922990629964657,0.45124768442846247,0.2333333333333333,6
225,כאן 11,Other_middle_standard,1.9833333333333334,3,1.5-2.5,1.0,"('כאן 11', '2024-11-07', 18)","('כאן 11', '2024-11-07', 18)",5,overnight,59,12,0.967741935483871,0.9270482603815937,0.9096479500891266,0.20000000000000004,8
227,כאן 11,Other_first_standard,2.15,3,1.5-2.5,1.0,"('כאן 11', '2024-11-07', 22)","('כאן 11', '2024-11-07', 22)",6,morning,29,29,1.1290322580645162,1.1838107970460914,1.153362493165664,0.2333333333333333,7
228,כאן 11,Other_middle_standard,1.85,3,1.5-2.5,2.0,"('כאן 11', '2024-11-07', 22)","('כאן 11', '2024-11-07', 22)",6,morning,29,24,0.6012378426171531,0.5844003549695741,0.5806559032365484,0.16666666666666666,8
230,כאן 11,News_last_short,1.0833333333333333,3,lt1.5,1.0,"('כאן 11', '2024-11-07', 28)","('כאן 11', '2024-11-07', 28)",8,morning,59,59,1.2015475562537867,1.2327719933024113,1.2327719933024113,0.9333333333333332,4
231,כאן 11,News_last_short,0.45,1,lt1.5,1.0,"('כאן 11', '2024-11-07', 31)","('כאן 11', '2024-11-07', 31)",9,morning,59,59,1.2213740458015268,1.1611539376262727,1.157514994955234,1.0666666666666667,5
232,כאן 11,News_last_short,0.6666666666666666,2,lt1.5,1.0,"('כאן 11', '2024-11-07', 34)","('כאן 11', '2024-11-07', 34)",10,morning,59,59,0.806572068707991,0.8051295449335685,0.8051295449335685,0.8333333333333334,4
234,כאן 11,Other_middle_standard,2.2333333333333334,4,1.5-2.5,1.0,"('כאן 11', '2024-11-07', 40)","('כאן 11', '2024-11-07', 40)",12,afternoon,76,19,0.34571175950486294,0.3588396047929367,0.34397677793904213,0.3,6
235,כאן 11,Other_last_standard,2.75,3,2.5-3.5,2.0,"('כאן 11', '2024-11-07', 40)","('כאן 11', '2024-11-07', 40)",12,afternoon,19,36,0.5928853754940712,0.610851164825554,0.5921378968253969,0.5,13
236,כאן 11,Other_middle_standard,2.25,3,1.5-2.5,1.0,"('כאן 11', '2024-11-07', 45)","('כאן 11', '2024-11-07', 45)",13,afternoon,36,13,0.5180201285679479,0.49497813432149895,0.5007089972918628,0.4000000000000001,6
237,כאן 11,Other_last_standard,2.0166666666666666,3,1.5-2.5,2.0,"('כאן 11', '2024-11-07', 45)","('כאן 11', '2024-11-07', 45)",13,afternoon,13,69,0.6592700859243511,0.6583398386677075,0.680604605819814,0.4666666666666666,6
238,כאן 11,News_first_standard,1.75,3,1.5-2.5,1.0,"('כאן 11', '2024-11-07', 56)","('כאן 11', '2024-11-07', 56)",15,afternoon,31,22,0.5514226873450174,0.558212458339201,0.5506238877730485,0.5666666666666667,4
239,כאן 11,News_last_standard,2.3333333333333335,4,1.5-2.5,2.0,"('כאן 11', '2024-11-07', 56)","('כאן 11', '2024-11-07', 56)",15,afternoon,22,14,0.1425194267551946,0.13923295920344617,0.1398818554727129,0.20000000000000004,13
241,כאן 11,Other_last_standard,1.8,2,1.5-2.5,2.0,"('כאן 11', '2024-11-07', 59)","('כאן 11', '2024-11-07', 59)",16,afternoon,37,44,0.18293473348731268,0.17469290832693704,0.18293473348731268,0.20000000000000004,9
242,כאן 11,News_first_standard,1.95,3,1.5-2.5,1.0,"('כאן 11', '2024-11-07', 63)","('כאן 11', '2024-11-07', 63)",17,early_evening,44,11,0.9658702329950858,0.9776171725324269,0.9658702329950858,1.4666666666666668,9
243,כאן 11,News_first_standard,2.466666666666667,3,1.5-2.5,2.0,"('כאן 11', '2024-11-07', 63)","('כאן 11', '2024-11-07', 63)",17,early_evening,11,19,0.8590695001299294,0.8366488206531213,0.860109837476653,1.5666666666666667,7
244,כאן 11,News_last_standard,1.75,3,1.5-2.5,3.0,"('כאן 11', '2024-11-07', 63)","('כאן 11', '2024-11-07', 63)",18,early_evening,20,16,0.5232558139534883,0.5669465705737369,0.5240897068812663,1.2,4
245,כאן 11,News_last_standard,2.283333333333333,3,1.5-2.5,4.0,"('כאן 11', '2024-11-07', 63)","('כאן 11', '2024-11-07', 63)",18,early_evening,16,167,0.6713182495596802,0.6599613835907667,0.6867884905058768,1.6333333333333335,7
246,כאן 11,News_last_short,0.7166666666666667,1,lt1.5,1.0,"('כאן 11', '2024-11-07', 70)","('כאן 11', '2024-11-07', 70)",21,late_evening,167,3,0.9071117561683598,0.8991258684325824,0.9062217025847445,4.166666666666667,11
247,כאן 11,News_last_short,0.8,1,lt1.5,2.0,"('כאן 11', '2024-11-07', 70)","('כאן 11', '2024-11-07', 70)",21,late_evening,3,28,0.9178507212656085,0.9390258124708444,0.9336928944237942,4.25,14
248,כאן 11,Other_last_long,3.45,5,2.5-3.5,1.0,"('כאן 11', '2024-11-07', 73)","('כאן 11', '2024-11-07', 73)",21,late_evening,28,36,1.0124955378770493,0.9815740913871437,1.0028901471799723,5.3999999999999995,12
249,כאן 11,Other_last_long,3.6333333333333333,4,3.5-5,1.0,"('כאן 11', '2024-11-07', 75)","('כאן 11', '2024-11-07', 75)",22,late_evening,36,6,1.014932575555598,1.0430902115024967,1.0176039442590297,3.8000000000000003,7
250,כאן 11,Other_first_standard,2.2666666666666666,3,1.5-2.5,1.0,"('כאן 11', '2024-11-07', 77)","('כאן 11', '2024-11-07', 77)",22,late_evening,6,30,1.174404281422566,1.1248681861093317,1.170575896262395,4.033333333333333,1
251,כאן 11,News_middle_standard,1.95,3,1.5-2.5,1.0,"('כאן 11', '2024-11-07', 79)","('כאן 11', '2024-11-07', 79)",23,late_evening,30,11,1.2383643199801107,1.235534052545416,1.2383643199801107,3.1333333333333333,3
252,כאן 11,PrimeShow2_first_short,0.4,1,lt1.5,1.0,"('כאן 11', '2024-11-07', 81)","('כאן 11', '2024-11-07', 81)",23,late_evening,11,18,0.8330933479976202,0.8460006628576151,0.8330933479976202,1.5999999999999999,1
253,כאן 11,Other_middle_standard,2.066666666666667,3,1.5-2.5,1.0,"('כאן 11', '2024-11-07', 82)","('כאן 11', '2024-11-07', 82)",23,late_evening,18,9,0.5856888209829386,0.6125000174729623,0.5950083351620641,0.9,4
254,כאן 11,Other_first_standard,2.5833333333333335,4,2.5-3.5,1.0,"('כאן 11', '2024-11-08', 0)","('כאן 11', '2024-11-08', 0)",0,overnight,9,25,0.7903536385141304,0.7984624055296994,0.7904113444236298,1.1,0
255,כאן 11,Other_last_standard,2.183333333333333,4,1.5-2.5,1.0,"('כאן 11', '2024-11-08', 1)","('כאן 11', '2024-11-08', 1)",0,overnight,25,41,0.6956918583424606,0.6950774684514522,0.7008978675645343,0.7666666666666666,13
256,כאן 11,Other_middle_long,3.1,4,2.5-3.5,1.0,"('כאן 11', '2024-11-08', 3)","('כאן 11', '2024-11-08', 3)",1,overnight,41,9,0.39825088162885086,0.3943347085404408,0.39949433597892714,0.3,12
257,כאן 11,Other_last_standard,2.4,3,1.5-2.5,2.0,"('כאן 11', '2024-11-08', 3)","('כאן 11', '2024-11-08', 3)",1,overnight,9,31,0.4007537688442211,0.4002562564064101,0.4002562564064101,0.26666666666666666,9
258,כאן 11,Other_last_standard,1.7333333333333334,3,1.5-2.5,1.0,"('כאן 11', '2024-11-08', 6)","('כאן 11', '2024-11-08', 6)",1,overnight,31,5,0.5185440982471915,0.5200371057513915,0.5185440982471915,0.3,12
259,כאן 11,Other_first_short,1.4666666666666666,2,lt1.5,1.0,"('כאן 11', '2024-11-08', 8)","('כאן 11', '2024-11-08', 8)",2,overnight,5,36,0.2744519526664763,0.26014647727504975,0.27229866959803506,0.3,4
260,כאן 11,Other_last_standard,1.6333333333333333,3,1.5-2.5,1.0,"('כאן 11', '2024-11-08', 10)","('כאן 11', '2024-11-08', 10)",2,overnight,36,35,1.2262629121267865,1.228446197676967,1.2353222507950639,0.7666666666666666,11
261,כאן 11,Other_last_standard,1.8833333333333333,3,1.5-2.5,1.0,"('כאן 11', '2024-11-08', 12)","('כאן 11', '2024-11-08', 12)",3,overnight,35,58,3.666108942182562,3.804768510785534,3.7699786531156048,2.0,3
262,כאן 11,Other_middle_standard,2.0,3,1.5-2.5,1.0,"('כאן 11', '2024-11-08', 24)","('כאן 11', '2024-11-08', 24)",12,afternoon,487,14,0.6153846153846153,0.5681218769399831,0.6131841020821284,0.5333333333333333,10
263,כאן 11,Other_last_standard,2.0833333333333335,3,1.5-2.5,2.0,"('כאן 11', '2024-11-08', 24)","('כאן 11', '2024-11-08', 24)",12,afternoon,14,123,0.9856524851389624,1.033941371931432,0.969956286245658,0.8333333333333334,11
264,כאן 11,Other_middle_standard,1.8666666666666667,2,1.5-2.5,1.0,"('כאן 11', '2024-11-08', 29)","('כאן 11', '2024-11-08', 29)",14,afternoon,123,9,2.884814942926323,2.9167818185895746,2.879476360699092,2.8333333333333335,1
265,כאן 11,Other_middle_standard,1.9666666666666666,3,1.5-2.5,2.0,"('כאן 11', '2024-11-08', 29)","('כאן 11', '2024-11-08', 29)",14,afternoon,9,33,3.2367886178861784,3.0934272817662083,3.1247037527377333,3.1,11
266,כאן 11,Other_middle_standard,1.8833333333333333,3,1.5-2.5,3.0,"('כאן 11', '2024-11-08', 29)","('כאן 11', '2024-11-08', 29)",15,afternoon,33,25,4.787264384077193,4.591022169385554,4.829050488504611,5.233333333333333,1
267,כאן 11,Other_last_standard,1.7333333333333334,3,1.5-2.5,4.0,"('כאן 11', '2024-11-08', 29)","('כאן 11', '2024-11-08', 29)",15,afternoon,25,30,4.662381901913308,4.2202486704341275,4.281967567216174,6.366666666666667,13
268,כאן 11,Other_last_standard,2.25,4,1.5-2.5,5.0,"('כאן 11', '2024-11-08', 29)","('כאן 11', '2024-11-08', 29)",16,afternoon,30,19,3.353846153846154,3.4160474945063677,3.3093591191417278,3.6333333333333333,0
269,כאן 11,Other_last_standard,2.25,3,1.5-2.5,6.0,"('כאן 11', '2024-11-08', 29)","('כאן 11', '2024-11-08', 29)",16,afternoon,19,27,2.9797149963584393,2.9816163918919045,3.0173439908638002,3.766666666666667,7
270,כאן 11,Other_middle_standard,2.5,4,1.5-2.5,1.0,"('כאן 11', '2024-11-08', 36)","('כאן 11', '2024-11-08', 36)",17,early_evening,27,19,1.6955541094518083,1.6090987063140687,1.7042825051011032,2.4666666666666663,6
271,כאן 11,Other_last_standard,2.6666666666666665,4,2.5-3.5,2.0,"('כאן 11', '2024-11-08', 36)","('כאן 11', '2024-11-08', 36)",17,early_evening,19,37,1.664634212924149,1.6051210001682896,1.636689275655458,3.233333333333333,13
272,כאן 11,Other_first_standard,2.0166666666666666,3,1.5-2.5,1.0,"('כאן 11', '2024-11-08', 39)","('כאן 11', '2024-11-08', 39)",18,early_evening,37,26,1.2313463514902363,1.227854841709804,1.235299003322259,2.8666666666666667,8
273,כאן 11,Other_middle_standard,2.2666666666666666,3,1.5-2.5,2.0,"('כאן 11', '2024-11-08', 39)","('כאן 11', '2024-11-08', 39)",18,early_evening,26,22,1.2210173126745374,1.2229507423491033,1.2307699187504502,3.3333333333333335,6
274,כאן 11,Other_last_standard,2.1333333333333333,3,1.5-2.5,3.0,"('כאן 11', '2024-11-08', 39)","('כאן 11', '2024-11-08', 39)",19,early_evening,22,159,1.085217356446891,1.085217356446891,1.085217356446891,3.8333333333333335,0
275,כאן 11,News_last_short,0.7166666666666667,2,lt1.5,1.0,"('כאן 11', '2024-11-08', 43)","('כאן 11', '2024-11-08', 43)",21,late_evening,159,1,0.8980566270223936,0.875225835933351,0.8866785447910562,4.8999999999999995,11
277,כאן 11,PrimeShow2_middle_long,3.2666666666666666,4,2.5-3.5,1.0,"('כאן 11', '2024-11-08', 45)","('כאן 11', '2024-11-08', 45)",22,late_evening,27,20,1.0864859233297002,1.023255472663128,1.0864859233297002,4.866666666666666,11
278,כאן 11,PrimeShow2_last_standard,2.183333333333333,3,1.5-2.5,2.0,"('כאן 11', '2024-11-08', 45)","('כאן 11', '2024-11-08', 45)",22,late_evening,20,32,1.79844240297461,1.7381556272674894,1.79844240297461,6.033333333333334,4
279,כאן 11,Other_middle_standard,2.3666666666666667,4,1.5-2.5,1.0,"('כאן 11', '2024-11-08', 48)","('כאן 11', '2024-11-08', 48)",23,late_evening,32,18,1.5305447899272189,1.5679536166438084,1.569131526496645,3.266666666666667,8
280,כאן 11,PrimeShow1_first_short,0.2,1,lt1.5,1.0,"('כאן 11', '2024-11-08', 51)","('כאן 11', '2024-11-08', 51)",23,late_evening,18,33,1.7344912470144678,1.6971370698818369,1.7585283824341509,2.7000000000000006,14
281,כאן 11,Other_first_standard,2.55,4,2.5-3.5,1.0,"('כאן 11', '2024-11-09', 0)","('כאן 11', '2024-11-09', 0)",0,overnight,33,11,1.419776326814026,1.3956385045356656,1.4044044513679097,1.7,2
282,כאן 11,Other_first_standard,1.6833333333333333,3,1.5-2.5,1.0,"('כאן 11', '2024-11-09', 1)","('כאן 11', '2024-11-09', 1)",0,overnight,11,28,1.4315303497438256,1.4334418338351924,1.4276425860914532,1.5333333333333332,1
283,כאן 11,Other_middle_short,1.2,2,lt1.5,1.0,"('כאן 11', '2024-11-09', 2)","('כאן 11', '2024-11-09', 2)",1,overnight,28,14,0.9695623373410714,1.00248455221593,0.9651280831106025,0.8000000000000002,1
284,כאן 11,Other_last_standard,2.466666666666667,3,1.5-2.5,2.0,"('כאן 11', '2024-11-09', 2)","('כאן 11', '2024-11-09', 2)",1,overnight,14,36,0.8157808664319739,0.788041237113402,0.8133459497264162,0.6,1
285,כאן 11,Other_last_standard,1.8166666666666667,3,1.5-2.5,1.0,"('כאן 11', '2024-11-09', 5)","('כאן 11', '2024-11-09', 5)",1,overnight,36,21,0.4000000000000001,0.42634969853574506,0.41284837033538024,0.20000000000000004,9
286,כאן 11,Other_middle_standard,2.0,3,1.5-2.5,1.0,"('כאן 11', '2024-11-09', 7)","('כאן 11', '2024-11-09', 7)",2,overnight,21,31,0.6122688052149694,0.6534713595583161,0.6589055210907203,0.8000000000000002,2
287,כאן 11,Other_middle_short,1.4333333333333333,3,lt1.5,1.0,"('כאן 11', '2024-11-09', 9)","('כאן 11', '2024-11-09', 9)",2,overnight,31,18,0.16666666666666666,0.17152450723879298,0.17346372589818285,0.10000000000000002,5
288,כאן 11,Other_last_standard,1.5166666666666666,3,1.5-2.5,2.0,"('כאן 11', '2024-11-09', 9)","('כאן 11', '2024-11-09', 9)",3,overnight,18,30,0.16982696074874848,0.16237282077265566,0.1753551499229642,0.10000000000000002,10
289,כאן 11,Other_middle_standard,2.466666666666667,3,1.5-2.5,1.0,"('כאן 11', '2024-11-09', 12)","('כאן 11', '2024-11-09', 12)",3,overnight,30,19,0.33835546475995915,0.35102017224437904,0.3409981708910374,0.10000000000000002,12
290,כאן 11,Other_last_standard,2.316666666666667,3,1.5-2.5,2.0,"('כאן 11', '2024-11-09', 12)","('כאן 11', '2024-11-09', 12)",4,overnight,19,30,0.4109589041095891,0.37444668008048293,0.39833859833859836,0.10000000000000002,3
291,כאן 11,Other_middle_short,1.1666666666666667,2,lt1.5,1.0,"('כאן 11', '2024-11-09', 15)","('כאן 11', '2024-11-09', 15)",4,overnight,30,19,0.44776119402985076,0.4846771284271285,0.46423389007344235,0.10000000000000002,5
292,כאן 11,Other_last_standard,1.5833333333333333,3,1.5-2.5,2.0,"('כאן 11', '2024-11-09', 15)","('כאן 11', '2024-11-09', 15)",4,overnight,19,55,2.0338983050847457,2.1521854190514875,2.0948940013814354,0.4000000000000001,10
293,כאן 11,Other_last_standard,2.1333333333333333,3,1.5-2.5,1.0,"('כאן 11', '2024-11-09', 21)","('כאן 11', '2024-11-09', 21)",5,overnight,55,89,2.3335702440180053,2.5244200244200243,2.4329950559458755,0.5,7
294,כאן 11,Other_middle_standard,2.1,3,1.5-2.5,1.0,"('כאן 11', '2024-11-09', 24)","('כאן 11', '2024-11-09', 24)",7,morning,89,13,2.1029754793195656,2.0803417344635986,2.09062980030722,1.1,8
295,כאן 11,Other_last_standard,2.4166666666666665,4,1.5-2.5,2.0,"('כאן 11', '2024-11-09', 24)","('כאן 11', '2024-11-09', 24)",7,morning,13,17,1.6176729733104345,1.597519532339405,1.597519532339405,1.1,8
296,כאן 11,Other_first_standard,1.9333333333333333,3,1.5-2.5,1.0,"('כאן 11', '2024-11-09', 27)","('כאן 11', '2024-11-09', 27)",7,morning,17,31,1.0762331838565022,1.0358133531075773,1.0570782984576088,0.8000000000000002,13
297,כאן 11,Other_last_standard,2.4833333333333334,3,1.5-2.5,2.0,"('כאן 11', '2024-11-09', 27)","('כאן 11', '2024-11-09', 27)",8,morning,31,34,0.8960989714177372,0.8641574707859929,0.8709374434362728,0.8666666666666667,1
298,כאן 11,Other_middle_standard,2.7,3,2.5-3.5,1.0,"('כאן 11', '2024-11-09', 30)","('כאן 11', '2024-11-09', 30)",9,morning,34,10,0.11364071177249162,0.11259357544187265,0.1109253065774805,0.10000000000000002,7
299,כאן 11,Other_last_standard,2.6333333333333333,3,2.5-3.5,2.0,"('כאן 11', '2024-11-09', 30)","('כאן 11', '2024-11-09', 30)",9,morning,10,185,0.39608052106014147,0.39696521516883676,0.397130734384723,0.3666666666666667,4
300,כאן 11,PrimeShow1_middle_long,3.15,4,2.5-3.5,1.0,"('כאן 11', '2024-11-09', 39)","('כאן 11', '2024-11-09', 39)",12,afternoon,185,21,2.2720522720522722,2.071128607591295,2.2846724643599643,1.9666666666666668,11
301,כאן 11,PrimeShow1_last_standard,1.85,3,1.5-2.5,2.0,"('כאן 11', '2024-11-09', 39)","('כאן 11', '2024-11-09', 39)",12,afternoon,21,44,2.4272750268766203,2.3999734878000827,2.3633256706605525,2.033333333333333,5
302,כאן 11,Other_middle_standard,2.6333333333333333,3,2.5-3.5,1.0,"('כאן 11', '2024-11-09', 43)","('כאן 11', '2024-11-09', 43)",13,afternoon,44,19,1.1303038355921693,1.1262034868592246,1.1670161497995073,0.8000000000000002,6
303,כאן 11,Other_last_standard,1.9333333333333333,3,1.5-2.5,2.0,"('כאן 11', '2024-11-09', 43)","('כאן 11', '2024-11-09', 43)",13,afternoon,19,35,1.0714285714285714,0.9953886693017129,1.0309673951868925,0.9,12
304,כאן 11,Other_middle_standard,2.2,3,1.5-2.5,1.0,"('כאן 11', '2024-11-09', 53)","('כאן 11', '2024-11-09', 53)",14,afternoon,35,29,0.7127659574468085,0.6739370644272737,0.6956762581193466,0.6666666666666666,4
305,כאן 11,PrimeShow1_first_standard,2.3666666666666667,3,1.5-2.5,1.0,"('כאן 11', '2024-11-09', 57)","('כאן 11', '2024-11-09', 57)",15,afternoon,29,37,2.6292239404352804,2.7121200441043185,2.6654237040286612,2.5333333333333337,5
306,כאן 11,Other_last_long,3.4833333333333334,5,2.5-3.5,1.0,"('כאן 11', '2024-11-09', 59)","('כאן 11', '2024-11-09', 59)",15,afternoon,37,18,1.2322274881516586,1.1912928613937153,1.1971272976062572,1.7333333333333334,14
307,כאן 11,Other_first_standard,2.15,3,1.5-2.5,1.0,"('כאן 11', '2024-11-09', 61)","('כאן 11', '2024-11-09', 61)",16,afternoon,18,32,1.403499368764735,1.438723076096517,1.4231508490360907,1.7333333333333334,6
308,כאן 11,Other_middle_standard,2.25,3,1.5-2.5,2.0,"('כאן 11', '2024-11-09', 61)","('כאן 11', '2024-11-09', 61)",16,afternoon,32,20,1.2323269532047043,1.173357892491951,1.2323269532047043,1.3666666666666665,10
309,כאן 11,Other_middle_standard,2.3333333333333335,3,1.5-2.5,3.0,"('כאן 11', '2024-11-09', 61)","('כאן 11', '2024-11-09', 61)",17,early_evening,20,12,1.4623175699125068,1.4395776784834735,1.4395776784834735,1.9333333333333333,2
310,כאן 11,Other_middle_standard,2.1333333333333333,3,1.5-2.5,4.0,"('כאן 11', '2024-11-09', 61)","('כאן 11', '2024-11-09', 61)",17,early_evening,12,56,1.1544166025448015,1.1359405855622235,1.1544166025448015,1.6333333333333335,1
311,כאן 11,News_first_standard,2.033333333333333,3,1.5-2.5,1.0,"('כאן 11', '2024-11-09', 66)","('כאן 11', '2024-11-09', 66)",18,early_evening,56,192,1.758720930232558,1.556133009124462,1.76198615582401,4.033333333333333,14
312,כאן 11,News_last_short,0.6,1,lt1.5,1.0,"('כאן 11', '2024-11-09', 69)","('כאן 11', '2024-11-09', 69)",21,late_evening,192,1,1.2156384240460856,1.2749970683854255,1.2375480336206712,5.599999999999999,13
314,כאן 11,PrimeShow2_last_standard,2.7333333333333334,4,2.5-3.5,1.0,"('כאן 11', '2024-11-09', 71)","('כאן 11', '2024-11-09', 71)",21,late_evening,25,39,1.1502005057764784,1.1156667926150747,1.1317205733188245,6.3,10
315,כאן 11,Other_middle_standard,2.35,3,1.5-2.5,1.0,"('כאן 11', '2024-11-09', 73)","('כאן 11', '2024-11-09', 73)",22,late_evening,39,11,0.7211070821375376,0.741288176415714,0.723128658453648,2.6999999999999997,7
316,כאן 11,Other_last_standard,2.533333333333333,4,2.5-3.5,2.0,"('כאן 11', '2024-11-09', 73)","('כאן 11', '2024-11-09', 73)",22,late_evening,11,25,0.5258254017331138,0.5208983652571302,0.5258254017331138,1.7333333333333334,5
317,כאן 11,PrimeShow1_first_short,1.05,2,lt1.5,1.0,"('כאן 11', '2024-11-09', 77)","('כאן 11', '2024-11-09', 77)",23,late_evening,25,26,0.6987409023211013,0.6972271658257677,0.6987409023211013,1.7666666666666666,3
318,כאן 11,PrimeShow2_last_standard,2.183333333333333,4,1.5-2.5,1.0,"('כאן 11', '2024-11-09', 78)","('כאן 11', '2024-11-09', 78)",23,late_evening,26,19,0.7510729613733904,0.7580361957588507,0.7568086679139346,1.1666666666666667,0
319,כאן 11,Other_first_standard,2.4,3,1.5-2.5,1.0,"('כאן 11', '2024-11-10', 0)","('כאן 11', '2024-11-10', 0)",0,overnight,19,41,0.23705040966532429,0.23573871179915717,0.23874820253459425,0.3,7
320,כאן 11,Other_middle_short,1.1833333333333333,3,lt1.5,1.0,"('כאן 11', '2024-11-10', 3)","('כאן 11', '2024-11-10', 3)",1,overnight,33,19,1.1020100502512564,1.1000200005000125,1.1000200005000125,0.7333333333333334,9
321,כאן 11,Other_last_standard,1.8333333333333333,3,1.5-2.5,2.0,"('כאן 11', '2024-11-10', 3)","('כאן 11', '2024-11-10', 3)",1,overnight,19,29,0.7913075886585821,0.7853997321623222,0.7930735930735932,0.4000000000000001,0
323,כאן 11,Other_last_standard,1.6833333333333333,3,1.5-2.5,1.0,"('כאן 11', '2024-11-10', 8)","('כאן 11', '2024-11-10', 8)",2,overnight,34,39,0.553113553113553,0.5590609285970237,0.5809731299927379,0.3333333333333333,7
324,כאן 11,Other_middle_standard,2.3666666666666667,3,1.5-2.5,1.0,"('כאן 11', '2024-11-10', 10)","('כאן 11', '2024-11-10', 10)",3,overnight,39,11,0.27694418245734376,0.27253210152562557,0.274486777477003,0.10000000000000002,3
325,כאן 11,Other_last_standard,1.95,3,1.5-2.5,2.0,"('כאן 11', '2024-11-10', 10)","('כאן 11', '2024-11-10', 10)",3,overnight,11,41,0.9529937147383678,0.9029153766769866,0.942422890214055,0.26666666666666666,1
329,כאן 11,Other_first_standard,1.8166666666666667,3,1.5-2.5,1.0,"('כאן 11', '2024-11-10', 21)","('כאן 11', '2024-11-10', 21)",6,morning,22,24,1.1290322580645162,1.2085285629403277,1.1697648988518314,0.2333333333333333,7
330,כאן 11,Other_middle_standard,2.1,3,1.5-2.5,2.0,"('כאן 11', '2024-11-10', 21)","('כאן 11', '2024-11-10', 21)",6,morning,24,346,0.8146118721461187,0.7863161150832384,0.7970495258166491,0.20000000000000004,3
331,כאן 11,PrimeShow1_middle_standard,1.7333333333333334,3,1.5-2.5,1.0,"('כאן 11', '2024-11-10', 27)","('כאן 11', '2024-11-10', 27)",12,afternoon,346,19,0.4223401119952844,0.44021675659262377,0.42089985486211895,0.3666666666666667,6
332,כאן 11,PrimeShow1_last_standard,2.433333333333333,3,1.5-2.5,2.0,"('כאן 11', '2024-11-10', 27)","('כאן 11', '2024-11-10', 27)",12,afternoon,19,49,0.5921073106968349,0.6369694760422284,0.5882777275955778,0.5,12
333,כאן 11,Other_middle_standard,1.7166666666666666,3,1.5-2.5,1.0,"('כאן 11', '2024-11-10', 32)","('כאן 11', '2024-11-10', 32)",13,afternoon,49,12,0.2808166830440004,0.2673697575660516,0.2780251859535747,0.20000000000000004,3
334,כאן 11,Other_last_short,1.2833333333333334,2,lt1.5,2.0,"('כאן 11', '2024-11-10', 32)","('כאן 11', '2024-11-10', 32)",13,afternoon,12,44,0.12932161994140742,0.12311803514652368,0.1297063611067884,0.10000000000000002,2
335,כאן 11,PrimeShow1_last_long,3.033333333333333,5,2.5-3.5,1.0,"('כאן 11', '2024-11-10', 36)","('כאן 11', '2024-11-10', 36)",14,afternoon,44,42,0.4682900942514818,0.4052100921648649,0.4644156305055959,0.43333333333333335,2
336,כאן 11,PrimeShow2_middle_standard,2.716666666666667,4,2.5-3.5,1.0,"('כאן 11', '2024-11-10', 42)","('כאן 11', '2024-11-10', 42)",15,afternoon,42,31,0.4220779220779221,0.4367143815701186,0.4256028208684061,0.43333333333333335,3
337,כאן 11,Other_last_long,3.05,4,2.5-3.5,1.0,"('כאן 11', '2024-11-10', 44)","('כאן 11', '2024-11-10', 44)",15,afternoon,31,16,0.477326968973747,0.46825294557626657,0.4959130457445335,0.6666666666666666,7
338,כאן 11,Other_first_short,1.4166666666666667,2,lt1.5,1.0,"('כאן 11', '2024-11-10', 46)","('כאן 11', '2024-11-10', 46)",16,afternoon,16,23,0.5898876404494381,0.5315430047988188,0.5809227826918479,0.6999999999999998,11
339,כאן 11,Other_last_standard,2.1666666666666665,3,1.5-2.5,2.0,"('כאן 11', '2024-11-10', 46)","('כאן 11', '2024-11-10', 46)",16,afternoon,23,30,0.3067484662576687,0.32851415685291907,0.3196477357111764,0.3333333333333333,5
340,כאן 11,News_first_standard,1.85,3,1.5-2.5,1.0,"('כאן 11', '2024-11-10', 50)","('כאן 11', '2024-11-10', 50)",17,early_evening,30,37,0.8622004357298475,0.8867211081752103,0.8736084416188895,1.1666666666666667,7
341,כאן 11,News_last_standard,2.1666666666666665,4,1.5-2.5,2.0,"('כאן 11', '2024-11-10', 50)","('כאן 11', '2024-11-10', 50)",17,early_evening,37,9,0.9127129706256238,0.932441434830559,0.9347777260242637,1.7999999999999998,1
342,כאן 11,News_first_standard,2.1333333333333333,3,1.5-2.5,1.0,"('כאן 11', '2024-11-10', 53)","('כאן 11', '2024-11-10', 53)",18,early_evening,15,29,0.9302325581395348,0.8213607987012876,0.9321407683543619,2.1333333333333333,14
343,כאן 11,News_last_standard,2.1,3,1.5-2.5,2.0,"('כאן 11', '2024-11-10', 53)","('כאן 11', '2024-11-10', 53)",18,early_evening,29,158,0.9226358124528024,0.9001540954175046,0.9061434919854777,2.4666666666666663,0
344,כאן 11,News_last_short,0.9,2,lt1.5,1.0,"('כאן 11', '2024-11-10', 58)","('כאן 11', '2024-11-10', 58)",21,late_evening,158,2,0.8055152394775035,0.8025989032132849,0.8057781885478502,3.7000000000000006,10
346,כאן 11,Other_last_standard,1.7666666666666666,2,1.5-2.5,1.0,"('כאן 11', '2024-11-10', 61)","('כאן 11', '2024-11-10', 61)",22,late_evening,46,9,0.7798846005923782,0.7597603787243208,0.7776628823078667,3.8333333333333335,0
347,כאן 11,Other_first_standard,1.9166666666666667,3,1.5-2.5,1.0,"('כאן 11', '2024-11-10', 63)","('כאן 11', '2024-11-10', 63)",22,late_evening,9,13,0.6078944299904173,0.5759240639326243,0.6057753979433277,2.766666666666667,10
348,כאן 11,Other_first_short,1.3166666666666667,2,lt1.5,1.0,"('כאן 11', '2024-11-10', 65)","('כאן 11', '2024-11-10', 65)",22,late_evening,13,22,0.43762562987434034,0.43077409899758495,0.43625384594555117,1.5999999999999999,10
349,כאן 11,News_last_standard,1.5666666666666667,2,1.5-2.5,1.0,"('כאן 11', '2024-11-10', 66)","('כאן 11', '2024-11-10', 66)",23,late_evening,22,9,0.23584905660377356,0.2319723634134505,0.23494300085663453,0.6666666666666666,3
350,כאן 11,PrimeShow2_first_short,0.4,1,lt1.5,1.0,"('כאן 11', '2024-11-10', 68)","('כאן 11', '2024-11-10', 68)",23,late_evening,9,26,0.5717761557177615,0.5442759297687344,0.5537328981179249,1.5666666666666664,13
351,כאן 11,Other_last_standard,2.966666666666667,4,2.5-3.5,1.0,"('כאן 11', '2024-11-10', 69)","('כאן 11', '2024-11-10', 69)",23,late_evening,26,18,0.5707386872681774,0.571023546974772,0.5707386872681776,1.0,9
352,כאן 11,Other_middle_short,0.8666666666666667,2,lt1.5,,,cd:כאן 11|2024-11-11,0,overnight,18,40,0.1924689839632112,0.19649725898108625,0.1925946712518957,0.26666666666666666,0
353,כאן 11,Other_last_standard,1.6,3,1.5-2.5,1.0,"('כאן 11', '2024-11-11', 0)","('כאן 11', '2024-11-11', 0)",0,overnight,40,33,0.3430598390084494,0.3312019041483231,0.34119761288501377,0.3333333333333333,11
354,כאן 11,Other_middle_standard,1.85,3,1.5-2.5,1.0,"('כאן 11', '2024-11-11', 2)","('כאן 11', '2024-11-11', 2)",1,overnight,33,18,0.499010861627295,0.4820274914089347,0.4973875838235899,0.3666666666666667,1
355,כאן 11,Other_last_standard,1.7666666666666666,3,1.5-2.5,2.0,"('כאן 11', '2024-11-11', 2)","('כאן 11', '2024-11-11', 2)",1,overnight,18,21,0.8475114271203656,0.8619774741951085,0.8475114271203656,0.5,6
356,כאן 11,Other_first_short,0.8833333333333333,1,lt1.5,1.0,"('כאן 11', '2024-11-11', 6)","('כאן 11', '2024-11-11', 6)",1,overnight,21,32,0.7136624182213303,0.6869456989968549,0.7107640915219448,0.5333333333333333,14
357,כאן 11,Other_middle_standard,1.8333333333333333,3,1.5-2.5,1.0,"('כאן 11', '2024-11-11', 8)","('כאן 11', '2024-11-11', 8)",2,overnight,32,15,0.5240744556631637,0.5201397829470417,0.5240744556631637,0.3666666666666667,1
358,כאן 11,Other_last_standard,1.85,3,1.5-2.5,2.0,"('כאן 11', '2024-11-11', 8)","('כאן 11', '2024-11-11', 8)",2,overnight,15,48,0.6666666666666666,0.6785316229024839,0.6716604244694132,0.4000000000000001,3
359,כאן 11,Other_last_short,1.2,2,lt1.5,1.0,"('כאן 11', '2024-11-11', 13)","('כאן 11', '2024-11-11', 13)",3,overnight,48,49,0.3051129855253567,0.31189159424453544,0.3043124745911124,0.10000000000000002,8
360,כאן 11,Other_middle_standard,1.8333333333333333,3,1.5-2.5,1.0,"('כאן 11', '2024-11-11', 18)","('כאן 11', '2024-11-11', 18)",4,overnight,49,54,0.44124009110457946,0.4296085040186674,0.4152811606480992,0.10000000000000002,13
361,כאן 11,Other_middle_standard,1.95,3,1.5-2.5,1.0,"('כאן 11', '2024-11-11', 21)","('כאן 11', '2024-11-11', 21)",5,overnight,54,12,0.967741935483871,0.8881118881118882,0.9433991554893195,0.20000000000000004,9
362,כאן 11,Other_last_standard,1.85,2,1.5-2.5,2.0,"('כאן 11', '2024-11-11', 21)","('כאן 11', '2024-11-11', 21)",5,overnight,12,30,2.022598870056497,1.9567478059281342,2.024158757549612,0.4000000000000001,8
363,כאן 11,Other_first_standard,2.05,3,1.5-2.5,1.0,"('כאן 11', '2024-11-11', 26)","('כאן 11', '2024-11-11', 26)",6,morning,30,25,1.4516129032258067,1.4901960784313726,1.4841488227016466,0.3,9
364,כאן 11,Other_middle_standard,1.7666666666666666,3,1.5-2.5,2.0,"('כאן 11', '2024-11-11', 26)","('כאן 11', '2024-11-11', 26)",6,morning,25,385,1.6766566766566766,1.7304067460317458,1.7272727272727273,0.4333333333333333,6
365,כאן 11,Other_last_standard,2.466666666666667,4,1.5-2.5,1.0,"('כאן 11', '2024-11-11', 36)","('כאן 11', '2024-11-11', 36)",13,afternoon,385,35,0.7563025210084033,0.7931170089600322,0.7816881258941345,0.6,3
366,כאן 11,Other_middle_standard,2.05,3,1.5-2.5,1.0,"('כאן 11', '2024-11-11', 40)","('כאן 11', '2024-11-11', 40)",13,afternoon,35,45,0.5633802816901409,0.5661383987111761,0.5625027423105613,0.4000000000000001,11
367,כאן 11,PrimeShow1_last_standard,2.3666666666666667,3,1.5-2.5,1.0,"('כאן 11', '2024-11-11', 45)","('כאן 11', '2024-11-11', 45)",14,afternoon,45,51,0.43478641381639344,0.41598932929638277,0.42965444449543394,0.4000000000000001,13
368,כאן 11,PrimeShow2_middle_standard,1.5666666666666667,2,1.5-2.5,1.0,"('כאן 11', '2024-11-11', 52)","('כאן 11', '2024-11-11', 52)",15,afternoon,51,74,0.678880885269861,0.6658524109973758,0.679072424518122,0.6999999999999998,6
369,כאן 11,Other_last_standard,1.8333333333333333,3,1.5-2.5,1.0,"('כאן 11', '2024-11-11', 56)","('כאן 11', '2024-11-11', 56)",16,afternoon,74,7,0.9202453987730062,0.9567554776023831,0.9515696280987385,1.0,6
370,כאן 11,Other_last_standard,1.8833333333333333,3,1.5-2.5,2.0,"('כאן 11', '2024-11-11', 56)","('כאן 11', '2024-11-11', 56)",16,afternoon,7,50,1.4150627143975258,1.3442086368915638,1.3916784543729517,1.7333333333333334,0
371,כאן 11,News_last_standard,1.9666666666666666,3,1.5-2.5,1.0,"('כאן 11', '2024-11-11', 59)","('כאן 11', '2024-11-11', 59)",17,early_evening,50,11,1.0596661975518513,1.031764413102547,1.0609146023679197,1.9333333333333336,7
372,כאן 11,News_last_standard,2.15,3,1.5-2.5,2.0,"('כאן 11', '2024-11-11', 59)","('כאן 11', '2024-11-11', 59)",17,early_evening,11,6,1.0103546430879664,1.0050246146549897,1.015892132840511,2.033333333333333,5
373,כאן 11,News_first_standard,1.8833333333333333,2,1.5-2.5,1.0,"('כאן 11', '2024-11-11', 63)","('כאן 11', '2024-11-11', 63)",18,early_evening,17,13,0.9593023255813954,0.9347077260574652,0.9654288656823601,2.2,1
374,כאן 11,News_middle_standard,2.1333333333333333,3,1.5-2.5,2.0,"('כאן 11', '2024-11-11', 63)","('כאן 11', '2024-11-11', 63)",18,early_evening,13,172,0.843492326508068,0.8114529537510294,0.8264839151575366,2.0,0
375,כאן 11,News_last_short,0.6333333333333333,2,lt1.5,1.0,"('כאן 11', '2024-11-11', 67)","('כאן 11', '2024-11-11', 67)",21,late_evening,172,2,0.5515239477503627,0.5547790767062891,0.5545454132109303,2.5333333333333337,9
377,כאן 11,Other_first_standard,2.2333333333333334,4,1.5-2.5,1.0,"('כאן 11', '2024-11-11', 70)","('כאן 11', '2024-11-11', 70)",21,late_evening,14,34,0.9112426035502957,0.8889712122622,0.8921302253416633,5.133333333333334,12
378,כאן 11,Other_last_standard,2.2,3,1.5-2.5,2.0,"('כאן 11', '2024-11-11', 70)","('כאן 11', '2024-11-11', 70)",22,late_evening,34,22,1.1924337534571867,1.2010531526768096,1.2095172172258375,5.633333333333333,4
379,כאן 11,Other_middle_standard,2.216666666666667,3,1.5-2.5,1.0,"('כאן 11', '2024-11-11', 73)","('כאן 11', '2024-11-11', 73)",22,late_evening,22,19,0.7291042793347443,0.7113664608745603,0.7314381105520708,2.533333333333333,13
380,כאן 11,Other_first_short,1.2833333333333334,2,lt1.5,1.0,"('כאן 11', '2024-11-11', 76)","('כאן 11', '2024-11-11', 76)",23,late_evening,19,20,0.7075471698113208,0.688031766378868,0.7038049914828243,2.0,4
381,כאן 11,News_last_standard,1.85,3,1.5-2.5,1.0,"('כאן 11', '2024-11-11', 77)","('כאן 11', '2024-11-11', 77)",23,late_evening,20,9,1.1576770978029025,1.1705978187355772,1.161809820490945,2.4,10
382,כאן 11,PrimeShow2_first_short,0.2,1,lt1.5,1.0,"('כאן 11', '2024-11-11', 79)","('כאן 11', '2024-11-11', 79)",23,late_evening,9,22,1.1768816603752097,1.16757767493495,1.1768816603752097,2.1,6
383,כאן 11,Other_last_short,1.2,3,lt1.5,1.0,"('כאן 11', '2024-11-11', 80)","('כאן 11', '2024-11-11', 80)",23,late_evening,22,17,1.4441554167666635,1.3977237602667156,1.4292768189037268,2.066666666666667,13
384,כאן 11,Other_first_standard,1.95,3,1.5-2.5,1.0,"('כאן 11', '2024-11-12', 0)","('כאן 11', '2024-11-12', 0)",0,overnight,17,39,1.4470128981011088,1.4270194077318556,1.432632570801536,1.7333333333333334,2
385,כאן 11,Other_last_standard,1.8166666666666667,2,1.5-2.5,1.0,"('כאן 11', '2024-11-12', 1)","('כאן 11', '2024-11-12', 1)",0,overnight,39,33,1.6238140079734906,1.6872993683338509,1.5932430315201753,1.3999999999999997,13
386,כאן 11,Other_middle_standard,1.7333333333333334,3,1.5-2.5,1.0,"('כאן 11', '2024-11-12', 3)","('כאן 11', '2024-11-12', 3)",1,overnight,33,17,0.9712668958193255,1.0311361457334611,0.9766129011653307,0.6,2
387,כאן 11,Other_last_standard,2.316666666666667,3,1.5-2.5,2.0,"('כאן 11', '2024-11-12', 3)","('כאן 11', '2024-11-12', 3)",1,overnight,17,7,2.2,2.3185389741435407,2.303412253664239,1.1,6
388,כאן 11,Other_first_short,0.8666666666666667,1,lt1.5,1.0,"('כאן 11', '2024-11-12', 6)","('כאן 11', '2024-11-12', 6)",2,overnight,7,35,1.4474243536731464,1.394718711768638,1.4474243536731464,1.1,0
389,כאן 11,Other_last_standard,1.7,3,1.5-2.5,1.0,"('כאן 11', '2024-11-12', 7)","('כאן 11', '2024-11-12', 7)",2,overnight,35,5,1.5550505050505052,1.475446808172477,1.564202574103564,1.0333333333333334,5
390,כאן 11,Other_first_standard,1.8666666666666667,3,1.5-2.5,1.0,"('כאן 11', '2024-11-12', 9)","('כאן 11', '2024-11-12', 9)",2,overnight,5,16,1.3044253044253045,1.3370225147796975,1.318920246294548,0.8000000000000002,12
391,כאן 11,Other_last_short,1.0666666666666667,2,lt1.5,1.0,"('כאן 11', '2024-11-12', 10)","('כאן 11', '2024-11-12', 10)",3,overnight,16,48,0.6060606060606061,0.5554207820712759,0.5769319670921502,0.4000000000000001,0
394,כאן 11,Other_middle_standard,2.3333333333333335,3,1.5-2.5,1.0,"('כאן 11', '2024-11-12', 19)","('כאן 11', '2024-11-12', 19)",5,overnight,61,13,0.4865150713907986,0.4710750492171257,0.4397938662644545,0.10000000000000002,6
395,כאן 11,Other_last_standard,1.7333333333333334,3,1.5-2.5,2.0,"('כאן 11', '2024-11-12', 19)","('כאן 11', '2024-11-12', 19)",5,overnight,13,9,0.5028248587570622,0.4973603778827453,0.4973603778827453,0.10000000000000002,6
396,כאן 11,Other_first_standard,2.4833333333333334,3,1.5-2.5,1.0,"('כאן 11', '2024-11-12', 24)","('כאן 11', '2024-11-12', 24)",6,morning,19,26,0.4838709677419355,0.5238152198678514,0.5115967885816235,0.10000000000000002,6
397,כאן 11,Other_middle_standard,1.85,3,1.5-2.5,2.0,"('כאן 11', '2024-11-12', 24)","('כאן 11', '2024-11-12', 24)",6,morning,26,348,2.401138587439957,2.349530537030537,2.426373626373626,0.6,4
398,כאן 11,PrimeShow1_middle_standard,2.966666666666667,4,2.5-3.5,1.0,"('כאן 11', '2024-11-12', 30)","('כאן 11', '2024-11-12', 30)",12,afternoon,348,17,0.7307692307692307,0.6846423395830726,0.7266696284533172,0.6333333333333333,9
399,כאן 11,PrimeShow1_last_standard,2.3666666666666667,3,1.5-2.5,2.0,"('כאן 11', '2024-11-12', 30)","('כאן 11', '2024-11-12', 30)",12,afternoon,17,47,0.5515069169960474,0.5258517128246701,0.5500821018062397,0.4666666666666666,14
400,כאן 11,PrimeShow2_middle_standard,1.7666666666666666,3,1.5-2.5,1.0,"('כאן 11', '2024-11-12', 38)","('כאן 11', '2024-11-12', 38)",13,afternoon,47,13,0.4212250245660006,0.40105463634907723,0.4170377789303621,0.3,3
401,כאן 11,PrimeShow2_last_standard,1.8,3,1.5-2.5,2.0,"('כאן 11', '2024-11-12', 38)","('כאן 11', '2024-11-12', 38)",13,afternoon,13,37,0.6331855211402105,0.5915077973901502,0.6323491210063865,0.5,3
402,כאן 11,PrimeShow1_last_short,1.2,2,lt1.5,1.0,"('כאן 11', '2024-11-12', 42)","('כאן 11', '2024-11-12', 42)",14,afternoon,37,53,0.9830300134647961,0.9652504162042176,0.9749642583564846,0.9,12
403,כאן 11,PrimeShow2_middle_standard,1.8666666666666667,3,1.5-2.5,1.0,"('כאן 11', '2024-11-12', 49)","('כאן 11', '2024-11-12', 49)",15,afternoon,53,28,1.0020879006159307,0.9831462102005935,1.003216046378774,1.0333333333333334,6
404,כאן 11,Other_last_standard,1.9666666666666666,3,1.5-2.5,1.0,"('כאן 11', '2024-11-12', 51)","('כאן 11', '2024-11-12', 51)",15,afternoon,28,18,0.4295942720763723,0.42829825984635517,0.43958197427816154,0.6,6
405,כאן 11,Other_first_standard,2.066666666666667,3,1.5-2.5,1.0,"('כאן 11', '2024-11-12', 53)","('כאן 11', '2024-11-12', 53)",16,afternoon,18,42,0.33707865168539325,0.3034699150978221,0.33110207984699974,0.4000000000000001,11
406,כאן 11,News_first_standard,2.1333333333333333,3,1.5-2.5,1.0,"('כאן 11', '2024-11-12', 55)","('כאן 11', '2024-11-12', 55)",16,afternoon,42,27,1.3890958357799963,1.5064870535611352,1.3691946516729994,1.8,10
407,כאן 11,News_middle_standard,2.066666666666667,3,1.5-2.5,2.0,"('כאן 11', '2024-11-12', 55)","('כאן 11', '2024-11-12', 55)",17,early_evening,27,17,0.878306785672723,0.8890064214922972,0.878306785672723,1.3333333333333333,9
408,כאן 11,News_last_standard,2.1333333333333333,3,1.5-2.5,3.0,"('כאן 11', '2024-11-12', 55)","('כאן 11', '2024-11-12', 55)",17,early_evening,17,14,1.0985561105658068,1.059432395272608,1.0798075646418392,2.1333333333333333,13
409,כאן 11,News_first_standard,2.0166666666666666,3,1.5-2.5,1.0,"('כאן 11', '2024-11-12', 60)","('כאן 11', '2024-11-12', 60)",18,early_evening,10,20,0.975254730713246,0.9299417164564813,0.9407232267653219,2.233333333333334,10
410,כאן 11,News_middle_standard,2.1333333333333333,3,1.5-2.5,2.0,"('כאן 11', '2024-11-12', 60)","('כאן 11', '2024-11-12', 60)",18,early_evening,20,78,1.0630193499994138,1.0296982146349911,1.0548327777222934,2.533333333333333,2
411,כאן 11,News_last_short,0.8333333333333334,2,lt1.5,1.0,"('כאן 11', '2024-11-12', 65)","('כאן 11', '2024-11-12', 65)",21,late_evening,93,2,1.8214804063860666,1.8059632223157533,1.821332645673835,8.366666666666667,11
414,כאן 11,Other_middle_long,3.533333333333333,5,3.5-5,1.0,"('כאן 11', '2024-11-12', 71)","('כאן 11', '2024-11-12', 71)",22,late_evening,42,22,1.419560663916479,1.400479431683129,1.4216630560775372,7.0,13
415,כאן 11,Other_middle_standard,2.7333333333333334,4,2.5-3.5,1.0,"('כאן 11', '2024-11-12', 73)","('כאן 11', '2024-11-12', 73)",22,late_evening,22,40,1.8050310024223608,1.7980462092848963,1.8002658582486724,6.666666666666667,9
416,כאן 11,News_middle_standard,2.3666666666666667,3,1.5-2.5,1.0,"('כאן 11', '2024-11-12', 76)","('כאן 11', '2024-11-12', 76)",23,late_evening,40,9,1.2111507823890773,1.2264518131469957,1.2238724899475526,2.6666666666666665,7
417,כאן 11,PrimeShow2_first_short,0.2,2,lt1.5,1.0,"('כאן 11', '2024-11-12', 78)","('כאן 11', '2024-11-12', 78)",23,late_evening,9,17,1.2190621847355125,1.2337953210884598,1.2190621847355125,2.233333333333333,3
418,כאן 11,Other_first_short,0.3,1,lt1.5,1.0,"('כאן 11', '2024-11-12', 80)","('כאן 11', '2024-11-12', 80)",23,late_evening,17,24,0.9803921568627452,0.983333298027012,0.9652814400234977,1.5,6
419,כאן 11,Other_first_short,1.3166666666666667,2,lt1.5,1.0,"('כאן 11', '2024-11-13', 0)","('כאן 11', '2024-11-13', 0)",0,overnight,24,41,1.0190929418369523,1.0661205599841723,1.0237433149637736,1.2333333333333334,0
420,כאן 11,Other_last_standard,1.6333333333333333,2,1.5-2.5,1.0,"('כאן 11', '2024-11-13', 1)","('כאן 11', '2024-11-13', 1)",0,overnight,41,34,1.690557552626518,1.7340667239247363,1.6780690064664074,1.4666666666666668,12
421,כאן 11,Other_middle_standard,1.95,3,1.5-2.5,1.0,"('כאן 11', '2024-11-13', 3)","('כאן 11', '2024-11-13', 3)",1,overnight,34,15,1.7806559756687637,1.8904162671780123,1.7904569854697734,1.1,2
422,כאן 11,Other_last_standard,1.6666666666666667,3,1.5-2.5,2.0,"('כאן 11', '2024-11-13', 3)","('כאן 11', '2024-11-13', 3)",1,overnight,15,28,1.1333333333333333,1.1238373983739836,1.1623967939742166,0.5666666666666667,4
423,כאן 11,Other_last_short,1.2833333333333334,2,lt1.5,1.0,"('כאן 11', '2024-11-13', 8)","('כאן 11', '2024-11-13', 8)",2,overnight,28,23,2.8267941500560263,3.3827114391856035,3.1400349414675914,3.5,4
424,כאן 11,Other_last_standard,1.7333333333333334,3,1.5-2.5,1.0,"('כאן 11', '2024-11-13', 10)","('כאן 11', '2024-11-13', 10)",2,overnight,23,22,2.0213840213840215,2.0645517525451056,2.0351372921205324,1.2333333333333334,13
425,כאן 11,Other_middle_standard,1.7833333333333334,3,1.5-2.5,1.0,"('כאן 11', '2024-11-13', 12)","('כאן 11', '2024-11-13', 12)",3,overnight,22,78,2.4370285598850434,2.281545421153363,2.437028559885044,1.5,7
426,כאן 11,Other_last_short,1.2833333333333334,3,lt1.5,1.0,"('כאן 11', '2024-11-13', 18)","('כאן 11', '2024-11-13', 18)",4,overnight,78,54,0.8696870052368774,0.8215994531784006,0.8429898275099514,0.20000000000000004,12
429,כאן 11,Other_first_standard,1.9,3,1.5-2.5,1.0,"('כאן 11', '2024-11-13', 25)","('כאן 11', '2024-11-13', 25)",6,morning,27,27,0.4838709677419355,0.5238152198678514,0.5115967885816235,0.10000000000000002,6
430,כאן 11,Other_middle_standard,2.1333333333333333,3,1.5-2.5,2.0,"('כאן 11', '2024-11-13', 25)","('כאן 11', '2024-11-13', 25)",6,morning,27,364,0.39307359307359313,0.3985239297739298,0.40093240093240096,0.10000000000000002,5
431,כאן 11,PrimeShow2_first_standard,1.8333333333333333,3,1.5-2.5,1.0,"('כאן 11', '2024-11-13', 35)","('כאן 11', '2024-11-13', 35)",12,afternoon,364,15,1.300924340979117,1.3591655974621426,1.2791590028996527,1.1,11
432,כאן 11,PrimeShow2_last_standard,1.5166666666666666,3,1.5-2.5,2.0,"('כאן 11', '2024-11-13', 35)","('כאן 11', '2024-11-13', 35)",12,afternoon,15,33,1.5962576120954328,1.559308741473462,1.5643118582580247,1.3,13
433,כאן 11,Other_middle_standard,2.216666666666667,3,1.5-2.5,1.0,"('כאן 11', '2024-11-13', 38)","('כאן 11', '2024-11-13', 38)",13,afternoon,33,14,1.4040834152200021,1.3329740420556588,1.387271296478458,1.0,3
434,כאן 11,Other_last_standard,1.5166666666666666,3,1.5-2.5,2.0,"('כאן 11', '2024-11-13', 38)","('כאן 11', '2024-11-13', 38)",13,afternoon,14,37,0.7472098549381921,0.6756570227158463,0.7424086887974074,0.6,4
435,כאן 11,PrimeShow1_last_standard,1.8166666666666667,3,1.5-2.5,1.0,"('כאן 11', '2024-11-13', 42)","('כאן 11', '2024-11-13', 42)",14,afternoon,37,49,0.6521796207245901,0.623983993944574,0.6444816667431508,0.6,13
436,כאן 11,PrimeShow2_middle_standard,1.7666666666666666,3,1.5-2.5,1.0,"('כאן 11', '2024-11-13', 49)","('כאן 11', '2024-11-13', 49)",15,afternoon,49,31,1.102635228848821,1.1139557808759328,1.0999989593198114,1.1333333333333335,4
437,כאן 11,Other_last_standard,2.0,3,1.5-2.5,1.0,"('כאן 11', '2024-11-13', 51)","('כאן 11', '2024-11-13', 51)",15,afternoon,31,16,0.6205250596658711,0.6094223881075984,0.6445522593813396,0.8666666666666667,7
438,כאן 11,Other_first_standard,1.8666666666666667,3,1.5-2.5,1.0,"('כאן 11', '2024-11-13', 53)","('כאן 11', '2024-11-13', 53)",16,afternoon,16,26,0.6997503121098627,0.6343640855268763,0.6766567404061042,0.8333333333333334,10
439,כאן 11,Other_last_standard,2.0833333333333335,3,1.5-2.5,2.0,"('כאן 11', '2024-11-13', 53)","('כאן 11', '2024-11-13', 53)",16,afternoon,26,41,0.4903285116601939,0.4702405562864123,0.4918462934795158,0.5333333333333333,8
440,כאן 11,News_middle_standard,2.033333333333333,3,1.5-2.5,1.0,"('כאן 11', '2024-11-13', 57)","('כאן 11', '2024-11-13', 57)",17,early_evening,41,19,1.3762674585291377,1.3044309937175982,1.380614410500752,2.0,6
441,כאן 11,News_last_standard,1.9666666666666666,3,1.5-2.5,2.0,"('כאן 11', '2024-11-13', 57)","('כאן 11', '2024-11-13', 57)",17,early_evening,19,14,1.1050840559101893,1.0645971491245316,1.082874621718059,2.1333333333333333,12
442,כאן 11,News_first_standard,2.55,4,2.5-3.5,1.0,"('כאן 11', '2024-11-13', 61)","('כאן 11', '2024-11-13', 61)",18,early_evening,17,15,0.9011627906976744,0.8792874427475471,0.906989694667157,2.0666666666666664,1
443,כאן 11,News_middle_standard,1.9666666666666666,3,1.5-2.5,2.0,"('כאן 11', '2024-11-13', 61)","('כאן 11', '2024-11-13', 61)",18,early_evening,15,170,1.0018583070008515,0.9889833095604811,1.0321891193236041,2.4,4
444,כאן 11,News_last_short,0.7,2,lt1.5,1.0,"('כאן 11', '2024-11-13', 65)","('כאן 11', '2024-11-13', 65)",21,late_evening,170,1,0.9506531204644412,0.9425645450544352,0.9504727222209293,4.366666666666666,11
446,כאן 11,PrimeShow2_last_short,1.05,2,lt1.5,1.0,"('כאן 11', '2024-11-13', 67)","('כאן 11', '2024-11-13', 67)",22,late_evening,51,7,1.2368510528820564,1.2430996526968239,1.2543588763096631,5.8,5
447,כאן 11,Other_first_short,0.85,2,lt1.5,1.0,"('כאן 11', '2024-11-13', 69)","('כאן 11', '2024-11-13', 69)",22,late_evening,7,18,1.0843103384134434,1.0240546520831835,1.0843103384134434,4.666666666666667,13
448,כאן 11,Other_middle_standard,2.0,3,1.5-2.5,1.0,"('כאן 11', '2024-11-13', 70)","('כאן 11', '2024-11-13', 70)",22,late_evening,18,20,0.7607404512932182,0.7345353593229312,0.7595209962957977,2.6,2
449,כאן 11,Other_last_standard,1.85,3,1.5-2.5,2.0,"('כאן 11', '2024-11-13', 70)","('כאן 11', '2024-11-13', 70)",23,late_evening,20,68,0.9243208516369723,0.9220773747068504,0.9426336602616588,2.6,9
450,כאן 11,Other_first_standard,2.15,3,1.5-2.5,1.0,"('כאן 11', '2024-11-14', 0)","('כאן 11', '2024-11-14', 0)",0,overnight,68,30,1.1842880485574638,1.1920152968325624,1.172435512576551,1.3999999999999997,4
451,כאן 11,News_last_standard,1.8,3,1.5-2.5,1.0,"('כאן 11', '2024-11-14', 1)","('כאן 11', '2024-11-14', 1)",0,overnight,30,34,0.7845603443456873,0.7829458661417322,0.7836475562728028,0.6999999999999998,6
452,כאן 11,PrimeShow2_middle_short,1.45,3,lt1.5,1.0,"('כאן 11', '2024-11-14', 3)","('כאן 11', '2024-11-14', 3)",1,overnight,34,17,0.9137683732995315,0.9318453065921419,0.9138468784342457,0.6,12
453,כאן 11,PrimeShow2_last_standard,1.7166666666666666,3,1.5-2.5,2.0,"('כאן 11', '2024-11-14', 3)","('כאן 11', '2024-11-14', 3)",1,overnight,17,60,1.1311258278145695,1.0726587561119934,1.1215848169490554,0.5666666666666667,1
454,כאן 11,Other_last_standard,2.533333333333333,3,2.5-3.5,1.0,"('כאן 11', '2024-11-14', 7)","('כאן 11', '2024-11-14', 7)",2,overnight,60,25,1.388888888888889,1.4113115361459734,1.4001248439450686,0.8333333333333334,3
455,כאן 11,Other_middle_standard,1.6666666666666667,3,1.5-2.5,1.0,"('כאן 11', '2024-11-14', 9)","('כאן 11', '2024-11-14', 9)",3,overnight,25,20,1.423200111405097,1.3161525051163496,1.382089479279962,0.8000000000000002,0
456,כאן 11,Other_last_standard,2.533333333333333,3,2.5-3.5,2.0,"('כאן 11', '2024-11-14', 9)","('כאן 11', '2024-11-14', 9)",3,overnight,20,16,2.1004159239453357,2.1259259259259253,2.060011883541295,0.6999999999999998,7
457,כאן 11,Other_middle_standard,1.95,3,1.5-2.5,1.0,"('כאן 11', '2024-11-14', 12)","('כאן 11', '2024-11-14', 12)",3,overnight,16,82,1.2108108108108107,1.2878474759071772,1.2217697149203999,0.3,10
458,כאן 11,Other_middle_short,1.1666666666666667,2,lt1.5,1.0,"('כאן 11', '2024-11-14', 17)","('כאן 11', '2024-11-14', 17)",5,overnight,82,17,2.501413227812323,2.361518550474547,2.424950528398804,0.5,4
459,כאן 11,Other_last_short,1.3666666666666667,2,lt1.5,2.0,"('כאן 11', '2024-11-14', 17)","('כאן 11', '2024-11-14', 17)",5,overnight,17,26,3.0338983050847452,2.985394932935917,3.019844693701467,0.6,7
460,כאן 11,Other_first_standard,2.25,3,1.5-2.5,1.0,"('כאן 11', '2024-11-14', 21)","('כאן 11', '2024-11-14', 21)",6,morning,26,25,1.6129032258064517,1.835444225537105,1.835444225537105,0.3333333333333333,4
461,כאן 11,Other_middle_standard,1.7333333333333334,3,1.5-2.5,2.0,"('כאן 11', '2024-11-14', 21)","('כאן 11', '2024-11-14', 21)",6,morning,25,352,0.4109589041095891,0.43556027641442635,0.43556027641442635,0.10000000000000002,1
462,כאן 11,PrimeShow2_middle_standard,1.75,3,1.5-2.5,1.0,"('כאן 11', '2024-11-14', 27)","('כאן 11', '2024-11-14', 27)",12,afternoon,352,17,0.8076923076923076,0.7456438517596921,0.8058261639676112,0.6999999999999998,10
463,כאן 11,PrimeShow2_last_standard,1.7333333333333334,3,1.5-2.5,2.0,"('כאן 11', '2024-11-14', 27)","('כאן 11', '2024-11-14', 27)",12,afternoon,17,45,0.5905694169960475,0.5501021653973094,0.5883962780514504,0.5,14
464,כאן 11,Other_middle_standard,2.3333333333333335,3,1.5-2.5,1.0,"('כאן 11', '2024-11-14', 31)","('כאן 11', '2024-11-14', 31)",13,afternoon,45,16,0.688141369090716,0.6912527310537261,0.6894555124273553,0.5,1
465,כאן 11,Other_last_standard,1.7333333333333334,2,1.5-2.5,2.0,"('כאן 11', '2024-11-14', 31)","('כאן 11', '2024-11-14', 31)",13,afternoon,16,36,1.2824959323788365,1.1513810807928455,1.2723272313217133,1.0333333333333334,4
466,כאן 11,PrimeShow1_last_standard,2.3333333333333335,3,1.5-2.5,1.0,"('כאן 11', '2024-11-14', 35)","('כאן 11', '2024-11-14', 35)",14,afternoon,36,50,0.32887112887112885,0.32742319447388873,0.327676671154932,0.3,11
467,כאן 11,PrimeShow2_middle_standard,2.966666666666667,4,2.5-3.5,1.0,"('כאן 11', '2024-11-14', 42)","('כאן 11', '2024-11-14', 42)",15,afternoon,50,7,1.3311688311688312,1.3744687989264148,1.341095021554273,1.3666666666666665,3
468,כאן 11,Other_last_standard,2.0833333333333335,3,1.5-2.5,1.0,"('כאן 11', '2024-11-14', 45)","('כאן 11', '2024-11-14', 45)",15,afternoon,20,21,0.8808492348064112,0.8819956954788949,0.8775506447391765,1.2333333333333334,4
469,כאן 11,Other_middle_standard,1.6166666666666667,3,1.5-2.5,1.0,"('כאן 11', '2024-11-14', 47)","('כאן 11', '2024-11-14', 47)",16,afternoon,21,27,1.131483210456843,1.0296982766995006,1.144538262083638,1.3333333333333333,12
470,כאן 11,Other_last_standard,2.25,3,1.5-2.5,2.0,"('כאן 11', '2024-11-14', 47)","('כאן 11', '2024-11-14', 47)",16,afternoon,27,29,0.8128840315010328,0.7734187207782441,0.8158405066435442,0.9333333333333335,11
471,כאן 11,News_first_standard,2.25,3,1.5-2.5,1.0,"('כאן 11', '2024-11-14', 51)","('כאן 11', '2024-11-14', 51)",17,early_evening,29,25,0.7707636417365471,0.7803456410343771,0.7728898537729022,1.0666666666666667,12
472,כאן 11,News_last_standard,2.35,3,1.5-2.5,2.0,"('כאן 11', '2024-11-14', 51)","('כאן 11', '2024-11-14', 51)",17,early_evening,25,16,1.015632080772926,0.970449444240901,1.0111311622181187,1.8999999999999997,9
473,כאן 11,News_first_standard,2.3,3,1.5-2.5,1.0,"('כאן 11', '2024-11-14', 55)","('כאן 11', '2024-11-14', 55)",18,early_evening,12,23,0.8296943231441049,0.7926135878960953,0.7998587897306049,1.9000000000000001,10
474,כאן 11,News_middle_standard,2.316666666666667,3,1.5-2.5,2.0,"('כאן 11', '2024-11-14', 55)","('כאן 11', '2024-11-14', 55)",18,early_evening,23,171,0.7067103900300259,0.70126524604762,0.7345544826597193,1.7,5
475,כאן 11,News_last_short,0.55,1,lt1.5,1.0,"('כאן 11', '2024-11-14', 59)","('כאן 11', '2024-11-14', 59)",21,late_evening,171,1,0.4992329783048371,0.5243517931777301,0.5084372092662782,2.3000000000000003,13
477,כאן 11,PrimeShow2_last_standard,2.1333333333333333,3,1.5-2.5,1.0,"('כאן 11', '2024-11-14', 61)","('כאן 11', '2024-11-14', 61)",21,late_evening,25,28,0.4778781454578631,0.46660253363267284,0.47292415469889604,2.6333333333333333,9
478,כאן 11,Other_middle_standard,2.75,4,2.5-3.5,1.0,"('כאן 11', '2024-11-14', 63)","('כאן 11', '2024-11-14', 63)",22,late_evening,28,40,0.7907789548056313,0.7544126740385257,0.7851117241126703,3.6333333333333333,9
479,כאן 11,Other_middle_standard,2.216666666666667,3,1.5-2.5,1.0,"('כאן 11', '2024-11-14', 65)","('כאן 11', '2024-11-14', 65)",23,late_evening,40,15,0.2832277071127843,0.28427090808894767,0.29400125103684566,0.7999999999999999,7
480,כאן 11,Other_last_standard,2.6666666666666665,4,2.5-3.5,2.0,"('כאן 11', '2024-11-14', 65)","('כאן 11', '2024-11-14', 65)",23,late_evening,15,51,0.3497923292032987,0.3580250853788147,0.358630731189063,0.7333333333333334,9
481,כאן 11,Other_middle_standard,2.6333333333333333,4,2.5-3.5,1.0,"('כאן 11', '2024-11-15', 0)","('כאן 11', '2024-11-15', 0)",0,overnight,51,38,0.7837831677198469,0.7784600099679707,0.7745387275071867,0.9333333333333332,3
482,כאן 11,Other_middle_standard,2.65,3,2.5-3.5,1.0,"('כאן 11', '2024-11-15', 2)","('כאן 11', '2024-11-15', 2)",0,overnight,38,13,1.207339101181013,1.2908772174236092,1.1752054579897164,1.0333333333333334,14
483,כאן 11,Other_last_standard,2.466666666666667,4,1.5-2.5,2.0,"('כאן 11', '2024-11-15', 2)","('כאן 11', '2024-11-15', 2)",1,overnight,13,38,0.8059737347853938,0.7647169811320754,0.8084086514909515,0.6,14
484,כאן 11,Other_last_long,3.3333333333333335,4,2.5-3.5,1.0,"('כאן 11', '2024-11-15', 5)","('כאן 11', '2024-11-15', 5)",1,overnight,38,20,0.9280701754385966,0.9753660637381568,0.9464609800362976,0.4666666666666666,10
485,כאן 11,Other_last_standard,1.5666666666666667,2,1.5-2.5,1.0,"('כאן 11', '2024-11-15', 7)","('כאן 11', '2024-11-15', 7)",2,overnight,20,28,1.0239496061867779,1.1945440205067535,1.100723569821235,1.3,3
486,כאן 11,Other_middle_standard,2.55,4,2.5-3.5,1.0,"('כאן 11', '2024-11-15', 9)","('כאן 11', '2024-11-15', 9)",2,overnight,28,81,2.555555555555556,2.544909836300565,2.5645141375478455,1.5333333333333332,2
487,כאן 11,Other_last_standard,1.6833333333333333,2,1.5-2.5,1.0,"('כאן 11', '2024-11-15', 14)","('כאן 11', '2024-11-15', 14)",4,overnight,81,69,2.368421052631579,2.317567567567567,2.3087044534412953,0.6,11
488,כאן 11,Other_middle_standard,1.8333333333333333,3,1.5-2.5,1.0,"('כאן 11', '2024-11-15', 19)","('כאן 11', '2024-11-15', 19)",5,overnight,69,15,2.432575356953993,2.3553752460856283,2.1989693313222722,0.5,6
489,כאן 11,Other_last_short,1.3666666666666667,2,lt1.5,2.0,"('כאן 11', '2024-11-15', 19)","('כאן 11', '2024-11-15', 19)",5,overnight,15,35,0.5056497175141242,0.48918695148203356,0.506039689387403,0.10000000000000002,8
491,כאן 11,PrimeShow2_middle_standard,2.15,3,1.5-2.5,1.0,"('כאן 11', '2024-11-15', 34)","('כאן 11', '2024-11-15', 34)",12,afternoon,368,13,1.3076923076923077,1.2688883002643572,1.296380872605918,1.1333333333333333,8
492,כאן 11,PrimeShow2_last_standard,2.55,4,2.5-3.5,2.0,"('כאן 11', '2024-11-15', 34)","('כאן 11', '2024-11-15', 34)",12,afternoon,13,41,1.170355058365759,1.174346224126052,1.174346224126052,1.0,8
493,כאן 11,Other_middle_standard,2.15,3,1.5-2.5,1.0,"('כאן 11', '2024-11-15', 39)","('כאן 11', '2024-11-15', 39)",13,afternoon,41,41,1.5630563937252842,1.509399475337058,1.5284427813492727,1.2,7
494,כאן 11,Other_last_standard,1.7833333333333334,3,1.5-2.5,1.0,"('כאן 11', '2024-11-15', 43)","('כאן 11', '2024-11-15', 43)",14,afternoon,41,28,1.6019456311300981,1.6326747735726996,1.5868916402662443,1.3333333333333333,5
495,כאן 11,Other_middle_standard,2.15,3,1.5-2.5,1.0,"('כאן 11', '2024-11-15', 45)","('כאן 11', '2024-11-15', 45)",14,afternoon,28,39,1.919452887537994,1.8943602128896642,1.8948768197088466,1.8,5
496,כאן 11,Other_middle_standard,1.75,3,1.5-2.5,1.0,"('כאן 11', '2024-11-15', 49)","('כאן 11', '2024-11-15', 49)",15,afternoon,39,35,1.4643174415161386,1.4846630063735387,1.4651882238915135,1.5,1
497,כאן 11,Other_last_standard,1.8833333333333333,3,1.5-2.5,1.0,"('כאן 11', '2024-11-15', 51)","('כאן 11', '2024-11-15', 51)",15,afternoon,35,23,1.3126491646778042,1.3123378619931314,1.3519770228354153,1.8333333333333333,8
498,כאן 11,Other_first_standard,2.5,4,1.5-2.5,1.0,"('כאן 11', '2024-11-15', 53)","('כאן 11', '2024-11-15', 53)",16,afternoon,23,21,0.9347413879135935,0.889635305622768,0.9131315307259854,1.0333333333333334,3
499,כאן 11,Other_last_standard,2.316666666666667,3,1.5-2.5,2.0,"('כאן 11', '2024-11-15', 53)","('כאן 11', '2024-11-15', 53)",16,afternoon,21,50,1.272100251850903,1.2010207769349819,1.272100251850903,1.5,12
500,כאן 11,Other_first_standard,2.5166666666666666,4,2.5-3.5,1.0,"('כאן 11', '2024-11-15', 56)","('כאן 11', '2024-11-15', 56)",17,early_evening,50,20,1.0835973143826418,1.1097120189794996,1.0793857785364107,1.9000000000000001,4
501,כאן 11,Other_middle_standard,2.55,4,2.5-3.5,2.0,"('כאן 11', '2024-11-15', 56)","('כאן 11', '2024-11-15', 56)",17,early_evening,20,58,0.9134615384615384,0.8573619861102993,0.8767201972093913,1.8999999999999997,12
502,כאן 11,Other_last_standard,2.3,4,1.5-2.5,3.0,"('כאן 11', '2024-11-15', 56)","('כאן 11', '2024-11-15', 56)",18,early_evening,58,14,0.6470484671948061,0.6470484671948061,0.6470484671948061,1.8333333333333333,13
503,כאן 11,Other_last_standard,2.4833333333333334,4,1.5-2.5,4.0,"('כאן 11', '2024-11-15', 56)","('כאן 11', '2024-11-15', 56)",19,early_evening,14,161,0.5850912697211915,0.5850912697211915,0.5850912697211915,2.066666666666667,0
504,כאן 11,News_last_short,0.48333333333333334,1,lt1.5,1.0,"('כאן 11', '2024-11-15', 61)","('כאן 11', '2024-11-15', 61)",21,late_evening,161,2,0.9516056970801676,0.9414878109624696,0.959228763704691,4.833333333333333,14
506,כאן 11,PrimeShow2_middle_standard,2.7666666666666666,3,2.5-3.5,1.0,"('כאן 11', '2024-11-15', 63)","('כאן 11', '2024-11-15', 63)",22,late_evening,30,17,1.1791369541411132,1.172578550007466,1.1791369541411132,4.7,2
507,כאן 11,PrimeShow2_last_standard,2.9166666666666665,4,2.5-3.5,2.0,"('כאן 11', '2024-11-15', 63)","('כאן 11', '2024-11-15', 63)",22,late_evening,17,27,1.414007101166331,1.4267805756524028,1.4165133668304914,4.566666666666666,6
508,כאן 11,Other_last_standard,1.9666666666666666,3,1.5-2.5,1.0,"('כאן 11', '2024-11-15', 66)","('כאן 11', '2024-11-15', 66)",23,late_evening,27,29,0.807571454216018,0.8333649874776204,0.807571454216018,1.8333333333333333,6
509,כאן 11,PrimeShow1_last_standard,2.65,4,2.5-3.5,1.0,"('כאן 11', '2024-11-15', 69)","('כאן 11', '2024-11-15', 69)",23,late_evening,29,37,1.5724974200206399,1.527166982727132,1.5416718168039096,2.4,7
510,כאן 11,Other_middle_standard,2.716666666666667,3,2.5-3.5,1.0,"('כאן 11', '2024-11-16', 0)","('כאן 11', '2024-11-16', 0)",0,overnight,37,17,1.0099612821794965,1.028002265663426,1.0101473979834938,1.0666666666666667,2
511,כאן 11,Other_last_standard,2.216666666666667,3,1.5-2.5,2.0,"('כאן 11', '2024-11-16', 0)","('כאן 11', '2024-11-16', 0)",0,overnight,17,60,1.0837665604561462,1.077961942257218,1.0838540362311537,0.9666666666666668,6
512,כאן 11,Other_last_short,1.25,2,lt1.5,1.0,"('כאן 11', '2024-11-16', 3)","('כאן 11', '2024-11-16', 3)",1,overnight,60,22,1.6000000000000003,1.661269558524383,1.6476145488899387,0.8000000000000002,8
513,כאן 11,Other_first_standard,2.1666666666666665,3,1.5-2.5,1.0,"('כאן 11', '2024-11-16', 5)","('כאן 11', '2024-11-16', 5)",2,overnight,22,31,0.6091449237923018,0.605566355317434,0.6239223456263779,0.8000000000000002,1
514,כאן 11,Other_middle_short,1.35,3,lt1.5,2.0,"('כאן 11', '2024-11-16', 5)","('כאן 11', '2024-11-16', 5)",2,overnight,31,17,0.8333333333333334,0.8446355232069518,0.8395755305867665,0.5,4
515,כאן 11,Other_middle_standard,2.15,3,1.5-2.5,3.0,"('כאן 11', '2024-11-16', 5)","('כאן 11', '2024-11-16', 5)",3,overnight,17,35,0.6594342264713418,0.6125528990570459,0.6594342264713418,0.4000000000000001,8
516,כאן 11,Other_last_short,1.35,2,lt1.5,4.0,"('כאן 11', '2024-11-16', 5)","('כאן 11', '2024-11-16', 5)",3,overnight,35,16,1.7519868055732444,1.6474673202614378,1.7387732749178533,0.5,0
517,כאן 11,Other_last_short,1.35,2,lt1.5,5.0,"('כאן 11', '2024-11-16', 5)","('כאן 11', '2024-11-16', 5)",4,overnight,16,31,1.2328767123287672,1.1672960841974929,1.205974699125384,0.3,2
518,כאן 11,Other_middle_short,1.2666666666666666,3,lt1.5,1.0,"('כאן 11', '2024-11-16', 11)","('כאן 11', '2024-11-16', 11)",4,overnight,31,17,1.791044776119403,1.845779220779221,1.8569355602937694,0.4000000000000001,4
519,כאן 11,Other_middle_short,1.25,2,lt1.5,1.0,"('כאן 11', '2024-11-16', 17)","('כאן 11', '2024-11-16', 17)",5,overnight,56,91,1.4439324116743473,1.3441558441558443,1.3525230987917556,0.3,5
520,כאן 11,Other_middle_standard,1.9833333333333334,3,1.5-2.5,1.0,"('כאן 11', '2024-11-16', 20)","('כאן 11', '2024-11-16', 20)",7,morning,91,14,0.5870290785907107,0.5870290785907107,0.5870290785907107,0.3,7
521,כאן 11,Other_last_standard,2.283333333333333,3,1.5-2.5,2.0,"('כאן 11', '2024-11-16', 20)","('כאן 11', '2024-11-16', 20)",7,morning,14,15,0.2941223587837154,0.29045809678898277,0.29045809678898277,0.20000000000000004,8
522,כאן 11,Other_first_standard,2.066666666666667,3,1.5-2.5,1.0,"('כאן 11', '2024-11-16', 23)","('כאן 11', '2024-11-16', 23)",7,morning,15,29,0.44964795162632143,0.43862614788533555,0.44252466523676776,0.3333333333333333,10
523,כאן 11,Other_last_standard,2.3,3,1.5-2.5,2.0,"('כאן 11', '2024-11-16', 23)","('כאן 11', '2024-11-16', 23)",8,morning,29,17,0.3085722355599491,0.30789730575245106,0.30789730575245106,0.3,11
524,כאן 11,Other_first_standard,2.066666666666667,3,1.5-2.5,1.0,"('כאן 11', '2024-11-16', 26)","('כאן 11', '2024-11-16', 26)",8,morning,17,19,0.44610076424979606,0.44836218442166403,0.44836218442166403,0.4000000000000001,0
525,כאן 11,Other_middle_standard,1.95,3,1.5-2.5,2.0,"('כאן 11', '2024-11-16', 26)","('כאן 11', '2024-11-16', 26)",9,morning,19,45,0.3426439972241499,0.330399827197906,0.3268803554427165,0.3,6
526,כאן 11,Other_middle_standard,1.9833333333333334,3,1.5-2.5,1.0,"('כאן 11', '2024-11-16', 31)","('כאן 11', '2024-11-16', 31)",9,morning,45,143,0.7864854029837606,0.7690502633639911,0.767772424736755,0.7666666666666666,8
527,כאן 11,PrimeShow1_middle_standard,1.9333333333333333,3,1.5-2.5,1.0,"('כאן 11', '2024-11-16', 34)","('כאן 11', '2024-11-16', 34)",12,afternoon,143,19,2.246872156731866,2.2561463141731064,2.2561463141731064,1.9666666666666668,3
528,כאן 11,PrimeShow1_last_standard,1.9833333333333334,3,1.5-2.5,2.0,"('כאן 11', '2024-11-16', 34)","('כאן 11', '2024-11-16', 34)",12,afternoon,19,33,2.464204776111401,2.4495573662188943,2.4340713853599514,2.1,9
529,כאן 11,Other_first_short,1.3666666666666667,2,lt1.5,1.0,"('כאן 11', '2024-11-16', 39)","('כאן 11', '2024-11-16', 39)",13,afternoon,33,21,2.4054479118401275,2.348349866376772,2.4317054732762444,1.9000000000000001,14
530,כאן 11,Other_last_standard,2.6666666666666665,4,2.5-3.5,2.0,"('כאן 11', '2024-11-16', 39)","('כאן 11', '2024-11-16', 39)",13,afternoon,21,53,2.3077774825050934,2.297944314337757,2.3828127874038927,1.6333333333333335,6
531,כאן 11,Other_last_standard,1.7166666666666666,3,1.5-2.5,1.0,"('כאן 11', '2024-11-16', 44)","('כאן 11', '2024-11-16', 44)",14,afternoon,53,55,2.160945056094954,1.8739066157344213,2.138927969377796,2.0,2
532,כאן 11,Other_first_standard,1.8833333333333333,3,1.5-2.5,1.0,"('כאן 11', '2024-11-16', 52)","('כאן 11', '2024-11-16', 52)",16,afternoon,37,44,0.5738302329466834,0.5735226096096498,0.5661364597737714,0.6999999999999998,7
533,כאן 11,Other_middle_standard,2.4,3,1.5-2.5,2.0,"('כאן 11', '2024-11-16', 52)","('כאן 11', '2024-11-16', 52)",16,afternoon,44,25,0.9415967555757101,0.9635113545589409,0.9396137132489523,1.2,8
534,כאן 11,Other_last_standard,2.25,4,1.5-2.5,3.0,"('כאן 11', '2024-11-16', 52)","('כאן 11', '2024-11-16', 52)",17,early_evening,25,11,0.6939344991849401,0.6588730063562686,0.6947786522665235,1.0,5
535,כאן 11,Other_last_standard,2.216666666666667,3,1.5-2.5,4.0,"('כאן 11', '2024-11-16', 52)","('כאן 11', '2024-11-16', 52)",17,early_evening,11,39,0.5308588743397439,0.5470501617837912,0.5319154523974464,0.9333333333333335,4
536,כאן 11,News_first_standard,2.45,4,1.5-2.5,1.0,"('כאן 11', '2024-11-16', 57)","('כאן 11', '2024-11-16', 57)",18,early_evening,39,191,1.9767441860465116,1.7996884683054588,1.9814065172813138,4.533333333333334,0
537,כאן 11,News_last_short,0.8666666666666667,2,lt1.5,1.0,"('כאן 11', '2024-11-16', 60)","('כאן 11', '2024-11-16', 60)",21,late_evening,191,30,1.00272339326356,1.037910546114607,1.0174487340017306,4.633333333333333,14
539,כאן 11,PrimeShow2_last_standard,2.433333333333333,4,1.5-2.5,1.0,"('כאן 11', '2024-11-16', 62)","('כאן 11', '2024-11-16', 62)",22,late_evening,29,52,1.4806541960632644,1.4652819518009415,1.5057581642740294,7.466666666666666,0
540,כאן 11,Other_middle_standard,1.9666666666666666,3,1.5-2.5,1.0,"('כאן 11', '2024-11-16', 64)","('כאן 11', '2024-11-16', 64)",22,late_evening,52,15,0.7967617394976886,0.807302741164048,0.8044406292565068,2.466666666666667,10
541,כאן 11,Other_last_standard,2.3,3,1.5-2.5,2.0,"('כאן 11', '2024-11-16', 64)","('כאן 11', '2024-11-16', 64)",23,late_evening,15,36,0.8359067939359909,0.7922629414559368,0.8117647058823528,2.3000000000000003,12
542,כאן 11,PrimeShow1_middle_standard,2.033333333333333,3,1.5-2.5,1.0,"('כאן 11', '2024-11-16', 68)","('כאן 11', '2024-11-16', 68)",23,late_evening,36,17,1.347933112638995,1.400433686427746,1.3656255093175436,2.0666666666666664,5
543,כאן 11,Other_first_standard,2.15,3,1.5-2.5,1.0,"('כאן 11', '2024-11-17', 0)","('כאן 11', '2024-11-17', 0)",0,overnight,17,27,1.0393520015887876,0.990572478989399,1.0295593313993645,1.3,9
544,כאן 11,Other_middle_standard,1.95,3,1.5-2.5,1.0,"('כאן 11', '2024-11-17', 1)","('כאן 11', '2024-11-17', 1)",0,overnight,27,27,1.015819441969563,0.9871640819596209,1.0098983347346102,1.0,8
545,כאן 11,Other_first_standard,2.15,3,1.5-2.5,1.0,"('כאן 11', '2024-11-17', 3)","('כאן 11', '2024-11-17', 3)",1,overnight,27,21,1.2748689219277454,1.2535158684039944,1.2535158684039944,1.0,7
546,כאן 11,Other_last_standard,1.95,3,1.5-2.5,2.0,"('כאן 11', '2024-11-17', 3)","('כאן 11', '2024-11-17', 3)",1,overnight,21,58,1.740351986374721,1.7788259925343102,1.7374442411989346,1.1,0
547,כאן 11,Other_last_standard,2.05,3,1.5-2.5,1.0,"('כאן 11', '2024-11-17', 8)","('כאן 11', '2024-11-17', 8)",2,overnight,58,53,1.9410994523023586,1.902087171434174,1.9410994523023586,1.4666666666666666,0
548,כאן 11,Other_last_standard,2.05,3,1.5-2.5,1.0,"('כאן 11', '2024-11-17', 10)","('כאן 11', '2024-11-17', 10)",3,overnight,15,38,1.9242929517701353,1.9376787595965679,1.947810067004,0.6,10
549,כאן 11,Other_last_short,1.4833333333333334,3,lt1.5,1.0,"('כאן 11', '2024-11-17', 15)","('כאן 11', '2024-11-17', 15)",4,overnight,38,57,1.8055555555555554,1.6158897463245292,1.8133802816901408,0.43333333333333335,5
550,כאן 11,Other_first_standard,1.8,3,1.5-2.5,1.0,"('כאן 11', '2024-11-17', 20)","('כאן 11', '2024-11-17', 20)",5,overnight,57,21,3.8298473713962693,3.6146869907007955,3.707507052334639,0.7666666666666666,4
551,כאן 11,Other_last_standard,2.15,3,1.5-2.5,2.0,"('כאן 11', '2024-11-17', 20)","('כאן 11', '2024-11-17', 20)",5,overnight,21,394,1.1557377049180328,0.9954212454212454,1.0492104693921693,0.2333333333333333,12
552,כאן 11,PrimeShow1_first_standard,2.05,3,1.5-2.5,1.0,"('כאן 11', '2024-11-17', 28)","('כאן 11', '2024-11-17', 28)",12,afternoon,394,21,0.6852946668732692,0.6889120022651557,0.6889120022651557,0.6,3
553,כאן 11,PrimeShow1_last_standard,1.85,3,1.5-2.5,2.0,"('כאן 11', '2024-11-17', 28)","('כאן 11', '2024-11-17', 28)",12,afternoon,21,27,0.6700694033799136,0.6959057521112947,0.6580642628993544,0.5666666666666667,11
554,כאן 11,Other_first_standard,2.05,3,1.5-2.5,1.0,"('כאן 11', '2024-11-17', 33)","('כאן 11', '2024-11-17', 33)",13,afternoon,27,40,0.25714390521257474,0.24626679940268792,0.24626679940268792,0.20000000000000004,10
555,כאן 11,Other_last_standard,1.85,3,1.5-2.5,2.0,"('כאן 11', '2024-11-17', 33)","('כאן 11', '2024-11-17', 33)",13,afternoon,40,35,0.24226460497861893,0.23109974268342182,0.24391053295281082,0.20000000000000004,7
556,כאן 11,PrimeShow1_last_standard,2.05,3,1.5-2.5,1.0,"('כאן 11', '2024-11-17', 37)","('כאן 11', '2024-11-17', 37)",14,afternoon,35,50,0.4699680845497829,0.4186781110572599,0.4676448317843038,0.43333333333333335,14
557,כאן 11,PrimeShow2_middle_standard,2.816666666666667,4,2.5-3.5,1.0,"('כאן 11', '2024-11-17', 44)","('כאן 11', '2024-11-17', 44)",15,afternoon,50,66,0.6790896753314541,0.6651887433839742,0.6767450225334829,0.7000000000000001,6
558,כאן 11,Other_middle_standard,1.6166666666666667,3,1.5-2.5,1.0,"('כאן 11', '2024-11-17', 47)","('כאן 11', '2024-11-17', 47)",16,afternoon,66,7,1.3846153846153848,1.413128682743401,1.3653067946546207,1.5,0
559,כאן 11,Other_last_standard,2.05,3,1.5-2.5,2.0,"('כאן 11', '2024-11-17', 47)","('כאן 11', '2024-11-17', 47)",16,afternoon,7,34,0.8538811473186737,0.815529852177099,0.8538811473186737,0.9333333333333332,9
560,כאן 11,News_first_standard,2.216666666666667,3,1.5-2.5,1.0,"('כאן 11', '2024-11-17', 51)","('כאן 11', '2024-11-17', 51)",17,early_evening,34,24,0.6163672853584944,0.6122427849927851,0.6108724749017037,0.8666666666666667,0
561,כאן 11,News_last_standard,2.066666666666667,3,1.5-2.5,2.0,"('כאן 11', '2024-11-17', 51)","('כאן 11', '2024-11-17', 51)",17,early_evening,24,11,1.061279219545157,1.0207598940132343,1.0471784498768066,2.033333333333333,11
562,כאן 11,News_first_standard,2.216666666666667,3,1.5-2.5,1.0,"('כאן 11', '2024-11-17', 54)","('כאן 11', '2024-11-17', 54)",18,early_evening,16,15,0.7278020378457061,0.6859957730617733,0.7061836919384487,1.6666666666666667,11
563,כאן 11,News_middle_standard,2.4,3,1.5-2.5,2.0,"('כאן 11', '2024-11-17', 54)","('כאן 11', '2024-11-17', 54)",18,early_evening,15,171,0.676056338028169,0.6475236407770142,0.6704014939309056,1.6000000000000003,13
564,כאן 11,Other_last_standard,2.7,4,2.5-3.5,1.0,"('כאן 11', '2024-11-17', 62)","('כאן 11', '2024-11-17', 62)",22,late_evening,47,9,0.9041835357624831,0.8953863675766222,0.8953863675766222,4.466666666666667,11
565,כאן 11,Other_first_short,1.15,2,lt1.5,1.0,"('כאן 11', '2024-11-17', 64)","('כאן 11', '2024-11-17', 64)",22,late_evening,9,32,0.800186412770195,0.7662383332930904,0.7888971048850312,3.6999999999999997,8
566,כאן 11,News_middle_standard,2.15,3,1.5-2.5,1.0,"('כאן 11', '2024-11-17', 66)","('כאן 11', '2024-11-17', 66)",22,late_evening,32,12,0.5760962131240107,0.5742797601867736,0.5672760034048928,1.7666666666666668,11
567,כאן 11,PrimeShow2_first_short,0.3,1,lt1.5,1.0,"('כאן 11', '2024-11-17', 68)","('כאן 11', '2024-11-17', 68)",23,late_evening,12,29,0.4414642501130894,0.4298329173182565,0.44149164848595396,1.2333333333333332,10
568,כאן 11,Other_last_standard,2.1166666666666667,3,1.5-2.5,1.0,"('כאן 11', '2024-11-17', 69)","('כאן 11', '2024-11-17', 69)",23,late_evening,29,42,1.046738722382042,1.0470362425200406,1.046738722382042,1.8333333333333333,9
569,כאן 11,Other_first_standard,2.033333333333333,3,1.5-2.5,1.0,"('כאן 11', '2024-11-18', 0)","('כאן 11', '2024-11-18', 0)",0,overnight,42,24,0.17495189990182683,0.17616966863014372,0.17495189990182683,0.20000000000000004,8
570,כאן 11,Other_middle_short,1.05,2,lt1.5,1.0,"('כאן 11', '2024-11-18', 1)","('כאן 11', '2024-11-18', 1)",0,overnight,24,36,0.2579166547739124,0.25705978864601214,0.25522366290856585,0.2333333333333333,4
571,כאן 11,Other_middle_standard,1.85,3,1.5-2.5,1.0,"('כאן 11', '2024-11-18', 3)","('כאן 11', '2024-11-18', 3)",1,overnight,36,16,0.35328928908501905,0.35676874632904787,0.35202535520240796,0.2333333333333333,11
572,כאן 11,Other_last_standard,2.066666666666667,3,1.5-2.5,2.0,"('כאן 11', '2024-11-18', 3)","('כאן 11', '2024-11-18', 3)",1,overnight,16,32,0.5857883838016288,0.5934353317914961,0.587112887112887,0.3,14
573,כאן 11,Other_middle_standard,1.7833333333333334,3,1.5-2.5,1.0,"('כאן 11', '2024-11-18', 7)","('כאן 11', '2024-11-18', 7)",2,overnight,32,16,0.31506141728823933,0.3675520063097703,0.3386841753296108,0.4000000000000001,3
574,כאן 11,Other_last_standard,1.95,3,1.5-2.5,2.0,"('כאן 11', '2024-11-18', 7)","('כאן 11', '2024-11-18', 7)",2,overnight,16,61,0.45303030303030306,0.42653794635564707,0.4500300030003,0.3,6
575,כאן 11,Other_last_short,1.45,2,lt1.5,1.0,"('כאן 11', '2024-11-18', 15)","('כאן 11', '2024-11-18', 15)",4,overnight,24,70,0.3947368421052632,0.3915307971014493,0.37999037999038004,0.1,14
577,כאן 11,PrimeShow1_middle_standard,1.5833333333333333,3,1.5-2.5,1.0,"('כאן 11', '2024-11-18', 29)","('כאן 11', '2024-11-18', 29)",12,afternoon,406,16,0.9242649242649245,0.8418852704204699,0.9290726165726166,0.8000000000000002,11
578,כאן 11,PrimeShow1_last_standard,1.7666666666666666,2,1.5-2.5,2.0,"('כאן 11', '2024-11-18', 29)","('כאן 11', '2024-11-18', 29)",12,afternoon,16,39,1.0630249505928855,0.9901838977151568,1.059113300492611,0.9,14
579,כאן 11,Other_first_standard,1.5833333333333333,3,1.5-2.5,1.0,"('כאן 11', '2024-11-18', 33)","('כאן 11', '2024-11-18', 33)",13,afternoon,39,17,0.5715674283963184,0.566697138182061,0.5678190917207181,0.43333333333333335,9
581,כאן 11,PrimeShow1_last_standard,2.0166666666666666,3,1.5-2.5,1.0,"('כאן 11', '2024-11-18', 37)","('כאן 11', '2024-11-18', 37)",14,afternoon,43,52,0.4343921081795827,0.41055269935632754,0.4279771465283833,0.39999999999999997,13
582,כאן 11,PrimeShow2_middle_standard,1.5666666666666667,2,1.5-2.5,1.0,"('כאן 11', '2024-11-18', 46)","('כאן 11', '2024-11-18', 46)",15,afternoon,52,53,0.8364530103958105,0.8123073098399308,0.8441163120340104,0.8666666666666667,7
583,כאן 11,Other_middle_standard,1.95,3,1.5-2.5,1.0,"('כאן 11', '2024-11-18', 49)","('כאן 11', '2024-11-18', 49)",16,afternoon,53,25,0.44644709675524563,0.44260459427233895,0.45327150818109785,0.5,1
584,כאן 11,Other_last_standard,1.8333333333333333,3,1.5-2.5,2.0,"('כאן 11', '2024-11-18', 49)","('כאן 11', '2024-11-18', 49)",16,afternoon,25,40,0.9684195946257907,0.9063824135965004,0.957886455750406,1.1666666666666667,13
585,כאן 11,News_middle_standard,2.1333333333333333,3,1.5-2.5,1.0,"('כאן 11', '2024-11-18', 53)","('כאן 11', '2024-11-18', 53)",17,early_evening,40,14,0.9834010170443381,0.995746687484839,0.9834010170443381,1.5333333333333332,10
586,כאן 11,News_last_standard,1.9333333333333333,3,1.5-2.5,2.0,"('כאן 11', '2024-11-18', 53)","('כאן 11', '2024-11-18', 53)",17,early_evening,14,15,1.0095550816141226,0.9704001817830185,0.996244663798708,1.9333333333333333,11
587,כאן 11,News_first_standard,2.033333333333333,3,1.5-2.5,1.0,"('כאן 11', '2024-11-18', 56)","('כאן 11', '2024-11-18', 56)",18,early_evening,9,20,0.9501393104974115,0.9328462270082053,0.9328462270082053,2.1666666666666665,8
588,כאן 11,News_middle_standard,1.85,3,1.5-2.5,2.0,"('כאן 11', '2024-11-18', 56)","('כאן 11', '2024-11-18', 56)",18,early_evening,20,189,0.5903657237542904,0.5678512664683876,0.5784258381128723,1.4000000000000001,0
589,כאן 11,PrimeShow2_last_standard,2.716666666666667,4,2.5-3.5,1.0,"('כאן 11', '2024-11-18', 63)","('כאן 11', '2024-11-18', 63)",22,late_evening,47,6,1.2822204767394512,1.2730110758691386,1.2822204767394512,5.266666666666667,1
590,כאן 11,Other_first_short,1.3333333333333333,3,lt1.5,1.0,"('כאן 11', '2024-11-18', 65)","('כאן 11', '2024-11-18', 65)",22,late_evening,6,37,1.2060954771305221,1.187901665183684,1.202918714348063,4.4,10
591,כאן 11,News_last_standard,1.7166666666666666,2,1.5-2.5,1.0,"('כאן 11', '2024-11-18', 67)","('כאן 11', '2024-11-18', 67)",23,late_evening,37,5,1.0963386277872182,1.1177757739180416,1.0963386277872182,2.6666666666666665,4
592,כאן 11,PrimeShow2_first_short,0.3,2,lt1.5,1.0,"('כאן 11', '2024-11-18', 69)","('כאן 11', '2024-11-18', 69)",23,late_evening,5,24,0.8999010931177619,0.9131065011704621,0.9053805019004867,1.8666666666666665,10
593,כאן 11,Other_last_standard,1.6333333333333333,2,1.5-2.5,1.0,"('כאן 11', '2024-11-18', 70)","('כאן 11', '2024-11-18', 70)",23,late_evening,24,31,0.8261890614831792,0.8571203924696641,0.8369174316322074,1.2666666666666666,5
594,כאן 11,Other_middle_standard,1.8666666666666667,3,1.5-2.5,1.0,"('כאן 11', '2024-11-19', 0)","('כאן 11', '2024-11-19', 0)",0,overnight,31,29,1.386850306625113,1.4136759581881533,1.3920628443174863,1.5999999999999999,7
595,כאן 11,Other_last_standard,1.6,2,1.5-2.5,1.0,"('כאן 11', '2024-11-19', 2)","('כאן 11', '2024-11-19', 2)",0,overnight,29,33,1.0598430556469345,1.0457419590643275,1.0705506138167167,0.9333333333333332,8
596,כאן 11,Other_middle_standard,1.7166666666666666,3,1.5-2.5,1.0,"('כאן 11', '2024-11-19', 4)","('כאן 11', '2024-11-19', 4)",1,overnight,33,17,1.2183578310660421,1.2424604087895228,1.2184625045789943,0.8000000000000002,12
597,כאן 11,Other_last_standard,1.7,3,1.5-2.5,2.0,"('כאן 11', '2024-11-19', 4)","('כאן 11', '2024-11-19', 4)",1,overnight,17,52,1.3969094922737308,1.3320252888598212,1.3847882801525184,0.6999999999999998,1
598,כאן 11,Other_last_standard,1.8666666666666667,2,1.5-2.5,1.0,"('כאן 11', '2024-11-19', 8)","('כאן 11', '2024-11-19', 8)",2,overnight,52,51,1.9051931512664495,1.8855273838514062,1.9051931512664495,1.2,10
599,כאן 11,Other_first_standard,2.066666666666667,3,1.5-2.5,1.0,"('כאן 11', '2024-11-19', 13)","('כאן 11', '2024-11-19', 13)",3,overnight,51,17,0.36451507208387945,0.3580338460830977,0.3580338460830977,0.13333333333333333,2
600,כאן 11,Other_last_short,1.2,3,lt1.5,2.0,"('כאן 11', '2024-11-19', 13)","('כאן 11', '2024-11-19', 13)",3,overnight,17,37,0.39307359307359313,0.3868544600938966,0.39307359307359313,0.10000000000000002,6
601,כאן 11,Other_last_short,1.2,2,lt1.5,1.0,"('כאן 11', '2024-11-19', 16)","('כאן 11', '2024-11-19', 16)",4,overnight,37,56,0.44776119402985076,0.4470765295778163,0.42862974951156213,0.10000000000000002,0
602,כאן 11,Other_middle_short,1.1833333333333333,3,lt1.5,1.0,"('כאן 11', '2024-11-19', 19)","('כאן 11', '2024-11-19', 19)",5,overnight,56,12,0.9783183500793232,0.9541520467836259,0.9751005390604947,0.20000000000000004,12
603,כאן 11,Other_last_short,1.2,2,lt1.5,2.0,"('כאן 11', '2024-11-19', 19)","('כאן 11', '2024-11-19', 19)",5,overnight,12,403,0.9945355191256832,0.7932437932437933,0.9109431803116256,0.20000000000000004,11
604,כאן 11,PrimeShow1_middle_short,1.4666666666666666,2,lt1.5,1.0,"('כאן 11', '2024-11-19', 28)","('כאן 11', '2024-11-19', 28)",12,afternoon,403,18,0.6153846153846154,0.5681587037377789,0.610848033545402,0.5333333333333333,10
605,כאן 11,PrimeShow1_last_standard,2.05,3,1.5-2.5,2.0,"('כאן 11', '2024-11-19', 28)","('כאן 11', '2024-11-19', 28)",12,afternoon,18,41,0.5896430335968379,0.5309908232269384,0.5856595511767925,0.5,14
606,כאן 11,Other_middle_short,1.1166666666666667,3,lt1.5,1.0,"('כאן 11', '2024-11-19', 32)","('כאן 11', '2024-11-19', 32)",13,afternoon,41,15,1.0810957052054386,1.0671669937037254,1.0961342215276162,0.8000000000000002,12
607,כאן 11,Other_last_short,1.4666666666666666,3,lt1.5,2.0,"('כאן 11', '2024-11-19', 32)","('כאן 11', '2024-11-19', 32)",13,afternoon,15,41,0.4542096132939725,0.4434229620145113,0.45481874723038107,0.3333333333333333,14
608,כאן 11,PrimeShow1_last_standard,2.65,4,2.5-3.5,1.0,"('כאן 11', '2024-11-19', 36)","('כאן 11', '2024-11-19', 36)",14,afternoon,41,27,0.327676671154932,0.3217501387347392,0.3249880861188282,0.3,12
609,כאן 11,Other_first_standard,2.8333333333333335,4,2.5-3.5,1.0,"('כאן 11', '2024-11-19', 39)","('כאן 11', '2024-11-19', 39)",14,afternoon,27,68,1.048608725523875,1.0666447811447812,1.0412254263060714,1.0,12
610,כאן 11,Other_first_standard,2.066666666666667,3,1.5-2.5,1.0,"('כאן 11', '2024-11-19', 45)","('כאן 11', '2024-11-19', 45)",16,afternoon,68,31,1.021216478720452,0.9854223487668557,0.984900412270662,1.2333333333333334,8
611,כאן 11,Other_last_standard,2.1666666666666665,3,1.5-2.5,2.0,"('כאן 11', '2024-11-19', 45)","('כאן 11', '2024-11-19', 45)",16,afternoon,31,23,0.5504741681424125,0.5234109937502204,0.552321965106482,0.6333333333333334,11
612,כאן 11,News_first_standard,2.4166666666666665,4,1.5-2.5,1.0,"('כאן 11', '2024-11-19', 48)","('כאן 11', '2024-11-19', 48)",17,early_evening,23,25,0.6925834022608216,0.7066985961816622,0.6948954441274516,0.9333333333333332,6
613,כאן 11,News_middle_standard,2.0833333333333335,3,1.5-2.5,2.0,"('כאן 11', '2024-11-19', 48)","('כאן 11', '2024-11-19', 48)",17,early_evening,25,22,0.7225038576965037,0.7407424535152985,0.7199214515302733,1.2666666666666668,4
614,כאן 11,News_first_standard,2.316666666666667,3,1.5-2.5,1.0,"('כאן 11', '2024-11-19', 52)","('כאן 11', '2024-11-19', 52)",18,early_evening,13,17,1.0766180901120477,0.9960152806467834,1.0580336429217911,2.466666666666667,12
615,כאן 11,News_middle_standard,2.0833333333333335,3,1.5-2.5,2.0,"('כאן 11', '2024-11-19', 52)","('כאן 11', '2024-11-19', 52)",18,early_evening,17,172,1.2487868386791334,1.2060755083591785,1.2265312766298362,2.966666666666667,1
616,כאן 11,News_last_short,1.3666666666666667,3,lt1.5,1.0,"('כאן 11', '2024-11-19', 56)","('כאן 11', '2024-11-19', 56)",21,late_evening,172,20,1.1320754716981132,1.12754476810501,1.1321463652997756,5.2,10
617,כאן 11,Other_last_standard,1.9166666666666667,3,1.5-2.5,1.0,"('כאן 11', '2024-11-19', 59)","('כאן 11', '2024-11-19', 59)",21,late_evening,20,22,1.528540758328697,1.438802713115143,1.5371480666833097,8.566666666666666,2
618,כאן 11,Other_middle_standard,2.2666666666666666,3,1.5-2.5,1.0,"('כאן 11', '2024-11-19', 61)","('כאן 11', '2024-11-19', 61)",22,late_evening,22,20,0.7827260458839408,0.7754781647418829,0.7754781647418829,3.8666666666666667,11
619,כאן 11,Other_first_short,0.9833333333333333,2,lt1.5,1.0,"('כאן 11', '2024-11-19', 64)","('כאן 11', '2024-11-19', 64)",22,late_evening,20,28,0.7797757292638315,0.7856952675774681,0.7797757292638315,3.033333333333333,3
620,כאן 11,News_last_standard,1.7,2,1.5-2.5,1.0,"('כאן 11', '2024-11-19', 65)","('כאן 11', '2024-11-19', 65)",23,late_evening,28,23,0.7420930980200874,0.744257775663745,0.7480393271198,2.1,2
621,כאן 11,PrimeShow2_last_short,0.9666666666666667,2,lt1.5,1.0,"('כאן 11', '2024-11-19', 67)","('כאן 11', '2024-11-19', 67)",23,late_evening,23,7,0.5030661721481792,0.4964177391794424,0.49264199228700895,1.0333333333333334,11
622,כאן 11,Other_last_standard,1.8833333333333333,3,1.5-2.5,1.0,"('כאן 11', '2024-11-19', 70)","('כאן 11', '2024-11-19', 70)",23,late_evening,23,6,0.5758071304990469,0.5697119277612799,0.5769938334289961,0.8333333333333334,12
623,כאן 11,Other_first_standard,2.5166666666666666,4,2.5-3.5,1.0,"('כאן 11', '2024-11-20', 0)","('כאן 11', '2024-11-20', 0)",0,overnight,6,36,0.5153750518027352,0.5166090257130849,0.5162060824885434,0.6666666666666666,5
624,כאן 11,Other_middle_standard,2.466666666666667,4,1.5-2.5,1.0,"('כאן 11', '2024-11-20', 3)","('כאן 11', '2024-11-20', 3)",1,overnight,24,34,0.47231512448903756,0.4624561779346368,0.4611970204254792,0.3666666666666667,8
625,כאן 11,Other_middle_standard,1.7166666666666666,3,1.5-2.5,1.0,"('כאן 11', '2024-11-20', 5)","('כאן 11', '2024-11-20', 5)",1,overnight,34,28,0.461878959892205,0.457634931016226,0.46147186147186153,0.2333333333333333,0
626,כאן 11,Other_last_standard,1.6,2,1.5-2.5,1.0,"('כאן 11', '2024-11-20', 7)","('כאן 11', '2024-11-20', 7)",2,overnight,28,22,6.192908809093257,5.622571615309237,6.110552763819096,8.133333333333333,0
627,כאן 11,Other_last_short,1.0,2,lt1.5,1.0,"('כאן 11', '2024-11-20', 9)","('כאן 11', '2024-11-20', 9)",2,overnight,22,27,0.924858736377061,0.8955233616345253,0.9171664286847533,0.6,8
629,כאן 11,Other_middle_standard,1.7,2,1.5-2.5,1.0,"('כאן 11', '2024-11-20', 16)","('כאן 11', '2024-11-20', 16)",4,overnight,63,72,1.1842105263157896,1.1587837837837835,1.1543522267206476,0.3,11
632,כאן 11,PrimeShow1_middle_standard,2.0166666666666666,3,1.5-2.5,1.0,"('כאן 11', '2024-11-20', 30)","('כאן 11', '2024-11-20', 30)",12,afternoon,405,17,1.0769230769230769,0.9938608316594464,1.0745237492770385,0.9333333333333332,10
633,כאן 11,PrimeShow1_last_standard,2.1666666666666665,3,1.5-2.5,2.0,"('כאן 11', '2024-11-20', 30)","('כאן 11', '2024-11-20', 30)",12,afternoon,17,39,0.8267971837944663,0.7701430315562329,0.8237547892720306,0.6999999999999998,14
634,כאן 11,Other_middle_standard,2.0,3,1.5-2.5,1.0,"('כאן 11', '2024-11-20', 36)","('כאן 11', '2024-11-20', 36)",13,afternoon,39,19,0.7544470762107061,0.7539738195418421,0.7478587169004133,0.5666666666666667,10
635,כאן 11,Other_last_standard,2.183333333333333,3,1.5-2.5,2.0,"('כאן 11', '2024-11-20', 36)","('כאן 11', '2024-11-20', 36)",13,afternoon,19,40,0.39191832192746406,0.3744548870109408,0.3913680853257253,0.3,1
636,כאן 11,PrimeShow1_last_standard,2.35,4,1.5-2.5,1.0,"('כאן 11', '2024-11-20', 40)","('כאן 11', '2024-11-20', 40)",14,afternoon,40,5,0.6882807037570812,0.6571896133570901,0.6801959524574365,0.6333333333333333,13
637,כאן 11,Other_first_standard,2.216666666666667,3,1.5-2.5,1.0,"('כאן 11', '2024-11-20', 44)","('כאן 11', '2024-11-20', 44)",14,afternoon,20,69,0.9440791087991363,0.9635303030303031,0.9381109481915934,0.9,12
638,כאן 11,Other_first_standard,2.183333333333333,3,1.5-2.5,1.0,"('כאן 11', '2024-11-20', 49)","('כאן 11', '2024-11-20', 49)",16,afternoon,69,19,0.38621895944230006,0.37373218297159566,0.3729377812804561,0.4666666666666666,8
639,כאן 11,Other_middle_standard,2.3333333333333335,4,1.5-2.5,2.0,"('כאן 11', '2024-11-20', 49)","('כאן 11', '2024-11-20', 49)",16,afternoon,19,30,0.6769230769230768,0.7013341964253605,0.6623376623376623,0.7333333333333334,14
640,כאן 11,News_first_standard,2.2666666666666666,4,1.5-2.5,1.0,"('כאן 11', '2024-11-20', 52)","('כאן 11', '2024-11-20', 52)",17,early_evening,30,31,0.9578948329781108,0.9431823765933025,0.9431823765933025,1.2666666666666666,2
641,כאן 11,News_middle_standard,2.433333333333333,3,1.5-2.5,2.0,"('כאן 11', '2024-11-20', 52)","('כאן 11', '2024-11-20', 52)",17,early_evening,31,21,1.2572565428359788,1.2575361036996746,1.2701316992659744,2.266666666666667,6
642,כאן 11,News_first_standard,2.1666666666666665,4,1.5-2.5,1.0,"('כאן 11', '2024-11-20', 56)","('כאן 11', '2024-11-20', 56)",18,early_evening,9,12,0.49541537840393546,0.4798788691272175,0.4805069634152542,1.1333333333333333,9
643,כאן 11,News_middle_standard,2.45,4,1.5-2.5,2.0,"('כאן 11', '2024-11-20', 56)","('כאן 11', '2024-11-20', 56)",18,early_evening,12,183,0.6840145690004048,0.6755644801057624,0.6840145690004048,1.5999999999999999,9
644,כאן 11,News_last_short,0.75,1,lt1.5,1.0,"('כאן 11', '2024-11-20', 60)","('כאן 11', '2024-11-20', 60)",21,late_evening,183,14,0.6890094580025062,0.6949358525163222,0.6974586170202054,3.2000000000000006,0
645,כאן 11,PrimeShow2_first_long,3.1333333333333333,4,2.5-3.5,1.0,"('כאן 11', '2024-11-20', 62)","('כאן 11', '2024-11-20', 62)",21,late_evening,14,35,0.621301775147929,0.5977121176807382,0.6074361724372571,3.5,14
646,כאן 11,PrimeShow2_last_long,3.3,4,2.5-3.5,2.0,"('כאן 11', '2024-11-20', 62)","('כאן 11', '2024-11-20', 62)",22,late_evening,35,31,0.7110479889305429,0.6889297867028653,0.7035624991401311,3.2999999999999994,7
647,כאן 11,Other_last_standard,2.0,3,1.5-2.5,1.0,"('כאן 11', '2024-11-20', 65)","('כאן 11', '2024-11-20', 65)",22,late_evening,31,21,0.793727417747375,0.7907233799968806,0.7803625155582314,2.4333333333333336,11
648,כאן 11,Other_first_short,1.1833333333333333,2,lt1.5,1.0,"('כאן 11', '2024-11-20', 68)","('כאן 11', '2024-11-20', 68)",23,late_evening,21,19,0.7960243746621455,0.8123461227699016,0.7960243746621455,1.9333333333333333,4
649,כאן 11,News_middle_standard,1.9,3,1.5-2.5,1.0,"('כאן 11', '2024-11-20', 69)","('כאן 11', '2024-11-20', 69)",23,late_evening,19,10,0.9510619103904506,0.9517857814910992,0.9512081493082828,1.6666666666666667,9
650,כאן 11,Other_first_standard,2.1666666666666665,3,1.5-2.5,1.0,"('כאן 11', '2024-11-21', 0)","('כאן 11', '2024-11-21', 0)",0,overnight,23,28,0.7122021700801265,0.7403173268887254,0.7206729023354949,0.8666666666666667,14
651,כאן 11,Other_last_standard,2.6,3,2.5-3.5,1.0,"('כאן 11', '2024-11-21', 1)","('כאן 11', '2024-11-21', 1)",0,overnight,28,32,0.7387246253073618,0.6974849054036979,0.7362361198326498,0.6999999999999998,14
652,כאן 11,Other_middle_standard,2.216666666666667,3,1.5-2.5,1.0,"('כאן 11', '2024-11-21', 3)","('כאן 11', '2024-11-21', 3)",1,overnight,32,18,0.7010664068472461,0.6955453326934852,0.7010664068472461,0.5,3
653,כאן 11,Other_last_standard,2.566666666666667,3,2.5-3.5,2.0,"('כאן 11', '2024-11-21', 3)","('כאן 11', '2024-11-21', 3)",1,overnight,18,24,0.9230240178047047,0.9176524398702827,0.92011157807005,0.5333333333333333,8
654,כאן 11,Other_middle_standard,2.3666666666666667,3,1.5-2.5,1.0,"('כאן 11', '2024-11-21', 7)","('כאן 11', '2024-11-21', 7)",2,overnight,24,20,0.26912217251990733,0.2537003707683004,0.26574155472857763,0.3,4
655,כאן 11,Other_first_standard,1.6166666666666667,2,1.5-2.5,1.0,"('כאן 11', '2024-11-21', 9)","('כאן 11', '2024-11-21', 9)",2,overnight,20,35,0.6459801740259193,0.6066565738439588,0.6275039367077603,0.7000000000000001,11
656,כאן 11,Other_last_standard,1.7666666666666666,2,1.5-2.5,2.0,"('כאן 11', '2024-11-21', 9)","('כאן 11', '2024-11-21', 9)",3,overnight,35,6,1.4788510101010102,1.389213706373398,1.4584705753184013,0.9666666666666667,2
657,כאן 11,Other_last_short,1.3166666666666667,3,lt1.5,1.0,"('כאן 11', '2024-11-21', 13)","('כאן 11', '2024-11-21', 13)",3,overnight,25,51,3.365269901152607,3.294467787114846,3.4050451106525874,1.2,4
658,כאן 11,Other_middle_short,1.0,2,lt1.5,1.0,"('כאן 11', '2024-11-21', 21)","('כאן 11', '2024-11-21', 21)",5,overnight,56,14,3.870967741935484,3.552447552447553,3.773596621957278,0.8000000000000002,9
659,כאן 11,Other_last_short,1.3,2,lt1.5,2.0,"('כאן 11', '2024-11-21', 21)","('כאן 11', '2024-11-21', 21)",5,overnight,14,432,4.022598870056497,3.564983164983165,4.0271646859083186,0.8000000000000002,9
660,כאן 11,Other_middle_standard,2.0833333333333335,3,1.5-2.5,1.0,"('כאן 11', '2024-11-21', 34)","('כאן 11', '2024-11-21', 34)",12,afternoon,432,18,0.7569721115537847,0.8286128422525031,0.7472800588369557,0.6333333333333333,7
661,כאן 11,Other_last_standard,1.8,3,1.5-2.5,2.0,"('כאן 11', '2024-11-21', 34)","('כאן 11', '2024-11-21', 34)",13,afternoon,18,81,0.4689989859481385,0.4416189654479276,0.44770090237992893,0.3666666666666667,12
662,כאן 11,PrimeShow1_middle_long,3.55,4,3.5-5,1.0,"('כאן 11', '2024-11-21', 40)","('כאן 11', '2024-11-21', 40)",14,afternoon,81,52,0.3556231003039514,0.350209460768967,0.3505350255070299,0.3333333333333333,5
663,כאן 11,PrimeShow1_middle_short,1.1833333333333333,2,lt1.5,1.0,"('כאן 11', '2024-11-21', 44)","('כאן 11', '2024-11-21', 44)",15,afternoon,52,38,0.36772752909218576,0.35829539774677704,0.3685833044843588,0.4000000000000001,0
664,כאן 11,Other_first_standard,2.8333333333333335,3,2.5-3.5,1.0,"('כאן 11', '2024-11-21', 47)","('כאן 11', '2024-11-21', 47)",16,afternoon,38,32,0.5012639587256261,0.46476501678451543,0.4772475277719413,0.6,9
665,כאן 11,Other_last_standard,2.3333333333333335,4,1.5-2.5,2.0,"('כאן 11', '2024-11-21', 47)","('כאן 11', '2024-11-21', 47)",16,afternoon,32,34,1.078997183618819,1.0100478927229106,1.0676538032914815,1.3,13
666,כאן 11,News_middle_standard,2.35,3,1.5-2.5,1.0,"('כאן 11', '2024-11-21', 50)","('כאן 11', '2024-11-21', 50)",17,early_evening,34,20,0.5321578617264417,0.5048078346946195,0.532216616219594,0.7666666666666666,5
667,כאן 11,News_last_standard,2.683333333333333,4,2.5-3.5,2.0,"('כאן 11', '2024-11-21', 50)","('כאן 11', '2024-11-21', 50)",17,early_evening,20,14,0.5525716523181708,0.5325003035382534,0.5416068076513026,1.0666666666666667,12
668,כאן 11,News_first_standard,2.75,4,2.5-3.5,1.0,"('כאן 11', '2024-11-21', 54)","('כאן 11', '2024-11-21', 54)",18,early_evening,12,21,0.5240174672489083,0.4943792523524085,0.5080302751637465,1.2,11
669,כאן 11,News_middle_standard,2.6333333333333333,4,2.5-3.5,2.0,"('כאן 11', '2024-11-21', 54)","('כאן 11', '2024-11-21', 54)",18,early_evening,21,168,0.7067103900300259,0.70126524604762,0.7345544826597193,1.7,5
670,כאן 11,News_last_short,0.8666666666666667,2,lt1.5,1.0,"('כאן 11', '2024-11-21', 58)","('כאן 11', '2024-11-21', 58)",21,late_evening,168,26,1.3497822931785193,1.3381622433532003,1.3491152719404982,6.2,11
671,כאן 11,PrimeShow2_last_long,3.1166666666666667,5,2.5-3.5,1.0,"('כאן 11', '2024-11-21', 60)","('כאן 11', '2024-11-21', 60)",21,late_evening,26,28,1.1681684462989137,1.146883742923871,1.1577488385085235,6.466666666666666,8
672,כאן 11,Other_middle_long,3.4833333333333334,4,2.5-3.5,1.0,"('כאן 11', '2024-11-21', 62)","('כאן 11', '2024-11-21', 62)",22,late_evening,28,44,1.4133718737674716,1.3394451666649745,1.4081920176523637,6.433333333333334,10
673,כאן 11,News_last_standard,2.15,4,1.5-2.5,1.0,"('כאן 11', '2024-11-21', 65)","('כאן 11', '2024-11-21', 65)",23,late_evening,44,23,0.8363454519932622,0.7928468722712226,0.8117647058823528,2.3000000000000003,12
674,כאן 11,PrimeShow2_middle_standard,2.3666666666666667,4,1.5-2.5,1.0,"('כאן 11', '2024-11-21', 67)","('כאן 11', '2024-11-21', 67)",23,late_evening,23,38,0.831638418079096,0.8282951166856551,0.8312263087870232,1.4666666666666668,8
675,כאן 11,Other_last_standard,2.183333333333333,4,1.5-2.5,1.0,"('כאן 11', '2024-11-22', 0)","('כאן 11', '2024-11-22', 0)",0,overnight,38,35,0.7894970453000196,0.7954217615560232,0.7816415046930661,0.9333333333333332,4
676,כאן 11,Other_middle_standard,2.6333333333333333,4,2.5-3.5,1.0,"('כאן 11', '2024-11-22', 2)","('כאן 11', '2024-11-22', 2)",0,overnight,35,16,1.0754596961493512,1.1018493138168595,1.0700250769132162,0.9333333333333332,12
677,כאן 11,Other_last_standard,2.0,3,1.5-2.5,2.0,"('כאן 11', '2024-11-22', 2)","('כאן 11', '2024-11-22', 2)",1,overnight,16,36,1.6315617328639478,1.576082474226804,1.6266918994528323,1.2,1
678,כאן 11,Other_last_standard,2.35,4,1.5-2.5,1.0,"('כאן 11', '2024-11-22', 5)","('כאן 11', '2024-11-22', 5)",1,overnight,36,18,1.3999999999999997,1.4922239448751078,1.4449692961738307,0.6999999999999998,9
679,כאן 11,Other_first_standard,2.4833333333333334,3,1.5-2.5,1.0,"('כאן 11', '2024-11-22', 8)","('כאן 11', '2024-11-22', 8)",2,overnight,18,10,0.45685869284422626,0.41492506465569984,0.4508006511695844,0.6,0
680,כאן 11,Other_middle_long,3.283333333333333,4,2.5-3.5,1.0,"('כאן 11', '2024-11-22', 12)","('כאן 11', '2024-11-22', 12)",2,overnight,29,57,0.7654671717171717,0.7147020759096634,0.7306379076956636,0.5,11
684,כאן 11,Other_last_standard,2.8666666666666667,4,2.5-3.5,2.0,"('כאן 11', '2024-11-22', 20)","('כאן 11', '2024-11-22', 20)",5,overnight,21,409,1.0112994350282485,0.9783739029640671,1.012079378774806,0.20000000000000004,8
685,כאן 11,PrimeShow2_middle_long,3.0,4,2.5-3.5,1.0,"('כאן 11', '2024-11-22', 31)","('כאן 11', '2024-11-22', 31)",12,afternoon,409,8,1.0505942618315085,1.0767404129793512,1.0577687626774848,0.9,0
686,כאן 11,PrimeShow2_last_long,3.1166666666666667,4,2.5-3.5,2.0,"('כאן 11', '2024-11-22', 31)","('כאן 11', '2024-11-22', 31)",12,afternoon,8,31,0.9461267934393578,0.9884840708815584,0.9302974566542929,0.8000000000000002,11
687,כאן 11,Other_middle_standard,2.8333333333333335,4,2.5-3.5,1.0,"('כאן 11', '2024-11-22', 34)","('כאן 11', '2024-11-22', 34)",13,afternoon,31,45,0.8835939439066767,0.8848733738136616,0.913535505684226,0.6999999999999998,0
688,כאן 11,Other_last_long,3.05,4,2.5-3.5,1.0,"('כאן 11', '2024-11-22', 38)","('כאן 11', '2024-11-22', 38)",14,afternoon,45,28,2.2649086194902925,2.226924984737485,2.226924984737485,1.8999999999999997,3
689,כאן 11,Other_middle_standard,2.0,3,1.5-2.5,1.0,"('כאן 11', '2024-11-22', 40)","('כאן 11', '2024-11-22', 40)",14,afternoon,28,36,3.776595744680851,3.578992569119423,3.6895083368744808,3.533333333333333,4
690,כאן 11,Other_last_standard,2.933333333333333,4,2.5-3.5,1.0,"('כאן 11', '2024-11-22', 42)","('כאן 11', '2024-11-22', 42)",15,afternoon,36,63,1.3695684571331246,1.3784801688359962,1.3741079990351974,1.3999999999999997,12
691,כאן 11,PrimeShow2_first_standard,2.3666666666666667,4,1.5-2.5,1.0,"('כאן 11', '2024-11-22', 48)","('כאן 11', '2024-11-22', 48)",16,afternoon,63,21,0.995164348638669,0.9458362834454447,0.9695928910390585,1.0999999999999999,3
692,כאן 11,PrimeShow2_last_standard,2.9,4,2.5-3.5,2.0,"('כאן 11', '2024-11-22', 48)","('כאן 11', '2024-11-22', 48)",16,afternoon,21,39,1.13181239813393,1.068751768734862,1.13181239813393,1.3333333333333333,12
693,כאן 11,Other_first_standard,2.7666666666666666,4,2.5-3.5,1.0,"('כאן 11', '2024-11-22', 51)","('כאן 11', '2024-11-22', 51)",17,early_evening,39,28,1.050418777181182,1.0641028254022604,1.050418777181182,1.5999999999999999,9
694,כאן 11,Other_first_standard,2.466666666666667,4,1.5-2.5,2.0,"('כאן 11', '2024-11-22', 51)","('כאן 11', '2024-11-22', 51)",17,early_evening,28,13,0.9334160463192719,0.8974766018263588,0.9130258376151185,1.9333333333333333,10
695,כאן 11,Other_middle_standard,2.8666666666666667,4,2.5-3.5,3.0,"('כאן 11', '2024-11-22', 51)","('כאן 11', '2024-11-22', 51)",18,early_evening,13,18,0.8733624454148471,0.8246550155331286,0.8461584827741827,2.0,11
696,כאן 11,Other_middle_standard,2.5,3,1.5-2.5,4.0,"('כאן 11', '2024-11-22', 51)","('כאן 11', '2024-11-22', 51)",18,early_evening,18,25,0.4894928682770179,0.47441364853055923,0.48569177133680735,1.1666666666666667,2
697,כאן 11,Other_last_standard,2.7,3,2.5-3.5,5.0,"('כאן 11', '2024-11-22', 51)","('כאן 11', '2024-11-22', 51)",18,early_evening,25,177,0.7834321437280725,0.7795195087486011,0.7834321437280725,2.266666666666667,14
698,כאן 11,News_last_short,1.4166666666666667,3,lt1.5,1.0,"('כאן 11', '2024-11-22', 57)","('כאן 11', '2024-11-22', 57)",21,late_evening,177,30,0.9343458923396252,0.9166019603311039,0.9395606875828627,4.866666666666666,13
699,כאן 11,PrimeShow2_middle_long,3.25,4,2.5-3.5,1.0,"('כאן 11', '2024-11-22', 59)","('כאן 11', '2024-11-22', 59)",22,late_evening,30,18,1.2038280406918138,1.17331294183318,1.2038280406918138,5.066666666666666,0
700,כאן 11,PrimeShow2_last_standard,2.816666666666667,4,2.5-3.5,2.0,"('כאן 11', '2024-11-22', 59)","('כאן 11', '2024-11-22', 59)",22,late_evening,18,26,1.393565299195896,1.406323417384672,1.3960715648600566,4.5,6
701,כאן 11,Other_last_long,3.1,4,2.5-3.5,1.0,"('כאן 11', '2024-11-22', 62)","('כאן 11', '2024-11-22', 62)",23,late_evening,26,28,2.498524302224828,2.5432629276100798,2.498524302224828,5.866666666666667,5
702,כאן 11,PrimeShow1_middle_standard,2.8833333333333333,4,2.5-3.5,1.0,"('כאן 11', '2024-11-22', 65)","('כאן 11', '2024-11-22', 65)",23,late_evening,28,20,1.4379084967320261,1.4460925435168062,1.4183565748176676,2.1999999999999997,6
703,כאן 11,Other_first_standard,1.6833333333333333,3,1.5-2.5,1.0,"('כאן 11', '2024-11-23', 0)","('כאן 11', '2024-11-23', 0)",0,overnight,20,19,1.0685307121725554,1.1112675563027565,1.0825376079845526,1.3,14
704,כאן 11,Other_first_standard,2.2666666666666666,3,1.5-2.5,1.0,"('כאן 11', '2024-11-23', 1)","('כאן 11', '2024-11-23', 1)",0,overnight,19,41,0.9147435765409476,0.9735192263915198,0.9255787972967268,0.9333333333333332,5
705,כאן 11,Other_middle_standard,2.316666666666667,3,1.5-2.5,1.0,"('כאן 11', '2024-11-23', 2)","('כאן 11', '2024-11-23', 2)",1,overnight,41,18,0.37324647917943765,0.370510720215342,0.3736914873008359,0.26666666666666666,3
706,כאן 11,Other_last_standard,2.683333333333333,3,2.5-3.5,2.0,"('כאן 11', '2024-11-23', 2)","('כאן 11', '2024-11-23', 2)",1,overnight,18,33,0.34689035887607805,0.34542061560774934,0.3463863990392231,0.20000000000000004,8
707,כאן 11,Other_middle_standard,1.7666666666666666,2,1.5-2.5,1.0,"('כאן 11', '2024-11-23', 6)","('כאן 11', '2024-11-23', 6)",2,overnight,33,33,0.2290105915784035,0.20927927128646676,0.22560468631897201,0.3,13
708,כאן 11,Other_middle_standard,2.5833333333333335,3,2.5-3.5,1.0,"('כאן 11', '2024-11-23', 8)","('כאן 11', '2024-11-23', 8)",2,overnight,33,18,0.16666666666666666,0.16605315214586738,0.1673046055068527,0.10000000000000002,2
709,כאן 11,Other_last_standard,2.6666666666666665,3,2.5-3.5,2.0,"('כאן 11', '2024-11-23', 8)","('כאן 11', '2024-11-23', 8)",3,overnight,18,33,0.16246857065900294,0.15210302807689086,0.16246857065900294,0.10000000000000002,7
711,כאן 11,Other_last_standard,2.1666666666666665,3,1.5-2.5,2.0,"('כאן 11', '2024-11-23', 11)","('כאן 11', '2024-11-23', 11)",4,overnight,18,30,0.8219178082191781,0.7781973894649953,0.8039831327502561,0.20000000000000004,2
712,כאן 11,Other_middle_standard,2.566666666666667,4,2.5-3.5,1.0,"('כאן 11', '2024-11-23', 14)","('כאן 11', '2024-11-23', 14)",4,overnight,30,18,3.1343283582089554,3.2153679653679657,3.2376806443970625,0.7000000000000001,4
713,כאן 11,Other_last_standard,1.7666666666666666,2,1.5-2.5,2.0,"('כאן 11', '2024-11-23', 14)","('כאן 11', '2024-11-23', 14)",4,overnight,18,55,2.0338983050847457,2.1521854190514875,2.0948940013814354,0.4000000000000001,10
714,כאן 11,Other_last_standard,1.85,2,1.5-2.5,1.0,"('כאן 11', '2024-11-23', 20)","('כאן 11', '2024-11-23', 20)",5,overnight,55,98,2.8725038402457757,2.8095238095238098,2.793130366900859,0.6,6
715,כאן 11,Other_middle_long,3.0,4,2.5-3.5,1.0,"('כאן 11', '2024-11-23', 23)","('כאן 11', '2024-11-23', 23)",7,morning,98,8,0.913708108378637,0.9342667902724576,0.9148279292073044,0.5666666666666667,0
716,כאן 11,Other_last_standard,2.683333333333333,3,2.5-3.5,2.0,"('כאן 11', '2024-11-23', 23)","('כאן 11', '2024-11-23', 23)",7,morning,8,23,0.7472370264476084,0.7512912091637965,0.7569378794563139,0.5333333333333333,11
717,כאן 11,Other_middle_standard,2.9,4,2.5-3.5,1.0,"('כאן 11', '2024-11-23', 26)","('כאן 11', '2024-11-23', 26)",8,morning,23,29,1.12408764807874,1.1539401365145026,1.1228351320775045,0.9,6
718,כאן 11,Other_first_standard,2.683333333333333,4,2.5-3.5,1.0,"('כאן 11', '2024-11-23', 28)","('כאן 11', '2024-11-23', 28)",8,morning,29,17,1.0000081998130443,1.003655647512877,1.003655647512877,0.9333333333333332,8
719,כאן 11,Other_middle_standard,2.35,3,1.5-2.5,2.0,"('כאן 11', '2024-11-23', 28)","('כאן 11', '2024-11-23', 28)",8,morning,17,54,1.4709227499925175,1.473702259789868,1.473702259789868,1.2666666666666666,13
720,כאן 11,Other_last_standard,1.9166666666666667,3,1.5-2.5,1.0,"('כאן 11', '2024-11-23', 33)","('כאן 11', '2024-11-23', 33)",9,morning,54,166,1.2347567322573776,1.1695087798279926,1.1692207385626174,1.2333333333333334,9
721,כאן 11,PrimeShow2_last_standard,2.9166666666666665,4,2.5-3.5,1.0,"('כאן 11', '2024-11-23', 37)","('כאן 11', '2024-11-23', 37)",12,afternoon,166,29,0.7895801562354112,0.8497011916927647,0.784678312797233,0.6666666666666666,12
722,כאן 11,Other_first_standard,2.8666666666666667,4,2.5-3.5,1.0,"('כאן 11', '2024-11-23', 41)","('כאן 11', '2024-11-23', 41)",13,afternoon,29,22,0.3379133245231154,0.32831272364904657,0.3389631561380699,0.26666666666666666,14
723,כאן 11,Other_last_standard,2.566666666666667,3,2.5-3.5,2.0,"('כאן 11', '2024-11-23', 41)","('כאן 11', '2024-11-23', 41)",13,afternoon,22,45,0.3764726725130658,0.3877148492533109,0.38612899114141874,0.26666666666666666,9
724,כאן 11,Other_middle_standard,2.466666666666667,3,1.5-2.5,1.0,"('כאן 11', '2024-11-23', 44)","('כאן 11', '2024-11-23', 44)",14,afternoon,45,17,0.585014985014985,0.5818904141050102,0.5826260695825912,0.5333333333333333,11
725,כאן 11,Other_last_long,3.066666666666667,4,2.5-3.5,2.0,"('כאן 11', '2024-11-23', 44)","('כאן 11', '2024-11-23', 44)",14,afternoon,17,35,0.7134786117836965,0.7302347929977664,0.716762684033286,0.6999999999999998,0
726,כאן 11,Other_last_standard,2.8666666666666667,4,2.5-3.5,1.0,"('כאן 11', '2024-11-23', 47)","('כאן 11', '2024-11-23', 47)",15,afternoon,35,26,1.4100793568999277,1.3802474940673877,1.4344499453481643,1.4666666666666668,8
727,כאן 11,Other_last_standard,1.9666666666666666,3,1.5-2.5,1.0,"('כאן 11', '2024-11-23', 49)","('כאן 11', '2024-11-23', 49)",15,afternoon,26,32,2.3627684964200477,2.3208628014386607,2.454446360239973,3.2999999999999994,7
728,כאן 11,Other_first_standard,2.433333333333333,3,1.5-2.5,1.0,"('כאן 11', '2024-11-23', 51)","('כאן 11', '2024-11-23', 51)",16,afternoon,32,16,2.1996109531647465,2.22208525417982,2.213245250998408,2.4,11
729,כאן 11,Other_middle_standard,2.9166666666666665,4,2.5-3.5,2.0,"('כאן 11', '2024-11-23', 51)","('כאן 11', '2024-11-23', 51)",16,afternoon,16,23,1.0423525722860536,0.9733897251780559,1.027483390050235,1.2666666666666666,14
730,כאן 11,Other_middle_standard,2.566666666666667,4,2.5-3.5,3.0,"('כאן 11', '2024-11-23', 51)","('כאן 11', '2024-11-23', 51)",17,early_evening,23,29,1.3656324922258882,1.3428516599501057,1.3637267063479654,1.8666666666666665,10
731,כאן 11,Other_last_standard,2.5833333333333335,3,2.5-3.5,4.0,"('כאן 11', '2024-11-23', 51)","('כאן 11', '2024-11-23', 51)",17,early_evening,29,30,1.2951019335692977,1.2475428263824937,1.2690926705655394,2.5,12
732,כאן 11,News_first_standard,2.533333333333333,4,2.5-3.5,1.0,"('כאן 11', '2024-11-23', 56)","('כאן 11', '2024-11-23', 56)",18,early_evening,30,191,1.9912790697674418,1.7611597675203319,1.995053176125128,4.566666666666667,14
733,כאן 11,News_last_short,0.8166666666666667,2,lt1.5,1.0,"('כאן 11', '2024-11-23', 59)","('כאן 11', '2024-11-23', 59)",21,late_evening,191,29,0.8754289925252818,0.9194279736798197,0.8919284228144551,4.033333333333334,13
734,כאן 11,PrimeShow2_last_long,3.5833333333333335,5,3.5-5,1.0,"('כאן 11', '2024-11-23', 61)","('כאן 11', '2024-11-23', 61)",21,late_evening,29,41,0.9144272691969301,0.8973480635049045,0.919537768535303,4.766666666666667,13
735,כאן 11,Other_middle_long,3.216666666666667,4,2.5-3.5,1.0,"('כאן 11', '2024-11-23', 63)","('כאן 11', '2024-11-23', 63)",22,late_evening,41,13,0.633198763902529,0.6178361900981951,0.6352525353737764,2.2,13
736,כאן 11,Other_last_standard,1.95,3,1.5-2.5,2.0,"('כאן 11', '2024-11-23', 63)","('כאן 11', '2024-11-23', 63)",22,late_evening,13,44,0.8388080343496703,0.8745044348173519,0.8388935483595551,2.4666666666666663,14
737,כאן 11,PrimeShow1_middle_standard,2.6,3,2.5-3.5,1.0,"('כאן 11', '2024-11-23', 67)","('כאן 11', '2024-11-23', 67)",23,late_evening,44,27,0.7081545064377682,0.7130894507099779,0.7149275648190766,1.1,0
738,כאן 11,Other_first_standard,1.85,3,1.5-2.5,1.0,"('כאן 11', '2024-11-24', 0)","('כאן 11', '2024-11-24', 0)",0,overnight,27,23,0.24658401050135895,0.25644635914679,0.24981637107335822,0.3,14
739,כאן 11,Other_middle_standard,2.8333333333333335,4,2.5-3.5,1.0,"('כאן 11', '2024-11-24', 1)","('כאן 11', '2024-11-24', 1)",0,overnight,23,36,0.4425274940195318,0.42538969837985646,0.444187213505038,0.4333333333333333,9
740,כאן 11,Other_last_standard,1.8166666666666667,3,1.5-2.5,1.0,"('כאן 11', '2024-11-24', 3)","('כאן 11', '2024-11-24', 3)",1,overnight,36,26,1.2619195323250427,1.2519815988482732,1.2619195323250427,0.9,3
741,כאן 11,Other_middle_standard,2.4,3,1.5-2.5,1.0,"('כאן 11', '2024-11-24', 5)","('כאן 11', '2024-11-24', 5)",1,overnight,26,46,1.0649006622516557,1.011865832009717,1.0570912531177432,0.5333333333333333,1
742,כאן 11,Other_last_standard,2.1333333333333333,3,1.5-2.5,1.0,"('כאן 11', '2024-11-24', 7)","('כאן 11', '2024-11-24', 7)",2,overnight,46,35,1.2955445544554456,1.2471945629840366,1.3075780654988576,0.8666666666666667,4
743,כאן 11,Other_last_standard,2.65,4,2.5-3.5,1.0,"('כאן 11', '2024-11-24', 9)","('כאן 11', '2024-11-24', 9)",3,overnight,35,5,1.77315329179491,1.7003897807965418,1.82224690703789,1.0333333333333334,11
744,כאן 11,Other_middle_standard,2.066666666666667,3,1.5-2.5,1.0,"('כאן 11', '2024-11-24', 12)","('כאן 11', '2024-11-24', 12)",3,overnight,36,13,1.6144144144144146,1.7171299678762366,1.6290262865605332,0.4000000000000001,10
745,כאן 11,Other_last_standard,1.85,3,1.5-2.5,2.0,"('כאן 11', '2024-11-24', 12)","('כאן 11', '2024-11-24', 12)",4,overnight,13,67,1.5789473684210529,1.5968814968814968,1.597744360902256,0.4000000000000001,10
746,כאן 11,Other_middle_standard,2.066666666666667,3,1.5-2.5,1.0,"('כאן 11', '2024-11-24', 18)","('כאן 11', '2024-11-24', 18)",5,overnight,67,22,0.5002826455624647,0.4723037100949094,0.4849901056797609,0.10000000000000002,4
747,כאן 11,Other_first_standard,1.85,3,1.5-2.5,1.0,"('כאן 11', '2024-11-24', 20)","('כאן 11', '2024-11-24', 20)",5,overnight,22,393,0.4918032786885247,0.4704585537918871,0.4870327993897788,0.10000000000000002,13
748,כאן 11,PrimeShow1_middle_standard,2.4166666666666665,4,1.5-2.5,1.0,"('כאן 11', '2024-11-24', 26)","('כאן 11', '2024-11-24', 26)",12,afternoon,393,21,0.5710788890610576,0.5740933352209631,0.5740933352209631,0.5,3
749,כאן 11,PrimeShow1_last_standard,2.3,3,1.5-2.5,2.0,"('כאן 11', '2024-11-24', 26)","('כאן 11', '2024-11-24', 26)",12,afternoon,21,154,0.8683203137157264,0.9338133412254749,0.8624993244703848,0.7333333333333334,12
750,כאן 11,Other_middle_standard,1.8666666666666667,3,1.5-2.5,1.0,"('כאן 11', '2024-11-24', 31)","('כאן 11', '2024-11-24', 31)",15,afternoon,154,28,1.1688311688311688,1.2072019682397674,1.1777985616151192,1.2,3
751,כאן 11,Other_last_standard,1.8666666666666667,3,1.5-2.5,2.0,"('כאן 11', '2024-11-24', 31)","('כאן 11', '2024-11-24', 31)",15,afternoon,28,25,0.6652037688470631,0.6595058174403262,0.6653451619425448,0.9333333333333332,3
752,כאן 11,News_first_standard,2.7333333333333334,4,2.5-3.5,1.0,"('כאן 11', '2024-11-24', 34)","('כאן 11', '2024-11-24', 34)",16,afternoon,25,6,0.917252734452105,0.9094272583323679,0.9495592164904805,1.0333333333333334,0
753,כאן 11,News_middle_standard,2.6166666666666667,4,2.5-3.5,2.0,"('כאן 11', '2024-11-24', 34)","('כאן 11', '2024-11-24', 34)",16,afternoon,6,49,0.9715447154471545,0.9794265549906256,0.9756658712299418,1.0666666666666667,9
754,כאן 11,Other_first_standard,2.4833333333333334,4,1.5-2.5,1.0,"('כאן 11', '2024-11-24', 37)","('כאן 11', '2024-11-24', 37)",17,early_evening,49,28,0.37670201732963093,0.3702829517670594,0.37670201732963093,0.5333333333333333,1
755,כאן 11,Other_last_standard,2.65,3,2.5-3.5,2.0,"('כאן 11', '2024-11-24', 37)","('כאן 11', '2024-11-24', 37)",17,early_evening,28,8,1.0249619631832054,1.040920515354946,1.0421296713800416,2.033333333333333,2
756,כאן 11,News_middle_standard,1.9833333333333334,3,1.5-2.5,1.0,"('כאן 11', '2024-11-24', 41)","('כאן 11', '2024-11-24', 41)",18,early_evening,22,25,0.6970003370407819,0.7485371541034161,0.7017919253180818,1.6000000000000003,5
757,כאן 11,News_last_standard,1.7833333333333334,2,1.5-2.5,2.0,"('כאן 11', '2024-11-24', 41)","('כאן 11', '2024-11-24', 41)",18,early_evening,25,160,1.0849765106782072,1.0569921179761,1.062375451580299,2.933333333333333,2
758,כאן 11,News_last_short,0.8666666666666667,1,lt1.5,1.0,"('כאן 11', '2024-11-24', 45)","('כאן 11', '2024-11-24', 45)",21,late_evening,160,1,1.1865641683051857,1.2456632881666716,1.2087946202076276,5.466666666666666,13
760,כאן 11,PrimeShow2_last_long,3.8333333333333335,5,3.5-5,1.0,"('כאן 11', '2024-11-24', 47)","('כאן 11', '2024-11-24', 47)",22,late_evening,46,10,1.0745142715393425,1.052615060761043,1.0697464790044737,5.266666666666667,1
761,כאן 11,Other_first_standard,2.683333333333333,4,2.5-3.5,1.0,"('כאן 11', '2024-11-24', 49)","('כאן 11', '2024-11-24', 49)",22,late_evening,10,13,1.0518270751846794,1.024167104268961,1.0518270751846794,4.433333333333334,0
762,כאן 11,Other_first_standard,2.216666666666667,3,1.5-2.5,1.0,"('כאן 11', '2024-11-24', 51)","('כאן 11', '2024-11-24', 51)",22,late_evening,13,31,0.5823432461365411,0.5576646916345099,0.5804761811626801,2.0,1
763,כאן 11,News_last_standard,2.183333333333333,3,1.5-2.5,1.0,"('כאן 11', '2024-11-24', 52)","('כאן 11', '2024-11-24', 52)",23,late_evening,31,2,0.932720345756031,0.9515884636286992,0.932720345756031,2.2666666666666666,4
765,כאן 11,Other_middle_standard,2.566666666666667,3,2.5-3.5,1.0,"('כאן 11', '2024-11-24', 55)","('כאן 11', '2024-11-24', 55)",23,late_evening,29,12,0.786177043916982,0.7637770647278709,0.7706555860757968,1.2,7
766,כאן 11,Other_first_short,1.15,2,lt1.5,1.0,"('כאן 11', '2024-11-25', 0)","('כאן 11', '2024-11-25', 0)",0,overnight,12,7,0.9727862964497859,0.9769141302728395,0.9813085996120611,1.2333333333333334,6
767,כאן 11,PrimeShow2_middle_standard,2.45,3,1.5-2.5,1.0,"('כאן 11', '2024-11-25', 3)","('כאן 11', '2024-11-25', 3)",0,overnight,17,26,1.028367185403453,1.0322170504827743,1.0270548030133364,1.1,1
768,כאן 11,Other_middle_standard,1.5,2,lt1.5,1.0,"('כאן 11', '2024-11-25', 5)","('כאן 11', '2024-11-25', 5)",0,overnight,26,28,0.8966489467408584,0.9620483885947803,0.8732498682505092,0.7666666666666666,14
769,כאן 11,Other_middle_standard,2.8333333333333335,4,2.5-3.5,1.0,"('כאן 11', '2024-11-25', 7)","('כאן 11', '2024-11-25', 7)",1,overnight,28,39,0.9730855778791305,0.9948237718636008,0.968252709489823,0.6333333333333333,13
770,כאן 11,Other_middle_standard,2.05,3,1.5-2.5,1.0,"('כאן 11', '2024-11-25', 10)","('כאן 11', '2024-11-25', 10)",2,overnight,39,44,0.3037974683544304,0.29244360550638127,0.3002581550684863,0.4000000000000001,10
771,כאן 11,Other_middle_standard,2.183333333333333,3,1.5-2.5,1.0,"('כאן 11', '2024-11-25', 12)","('כאן 11', '2024-11-25', 12)",2,overnight,44,17,0.3061868686868687,0.28588083036386536,0.2922551630782655,0.20000000000000004,11
772,כאן 11,Other_last_standard,1.6166666666666667,2,1.5-2.5,2.0,"('כאן 11', '2024-11-25', 12)","('כאן 11', '2024-11-25', 12)",3,overnight,17,44,1.0092605486701016,0.9343717628035068,0.978763641251879,0.5666666666666668,0
775,כאן 11,Other_middle_standard,1.5833333333333333,2,1.5-2.5,1.0,"('כאן 11', '2024-11-25', 21)","('כאן 11', '2024-11-25', 21)",5,overnight,49,23,0.5357142857142857,0.6019652305366591,0.5590496156533892,0.10000000000000002,13
777,כאן 11,PrimeShow1_middle_standard,2.0833333333333335,3,1.5-2.5,1.0,"('כאן 11', '2024-11-25', 30)","('כאן 11', '2024-11-25', 30)",12,afternoon,403,18,0.6923076923076922,0.6721042104861464,0.6862181980149312,0.6,8
778,כאן 11,PrimeShow1_last_standard,2.716666666666667,3,2.5-3.5,2.0,"('כאן 11', '2024-11-25', 30)","('כאן 11', '2024-11-25', 30)",12,afternoon,18,44,0.5138339920948617,0.5250811843187314,0.5127728174603176,0.43333333333333335,13
779,כאן 11,Other_middle_standard,2.0833333333333335,3,1.5-2.5,1.0,"('כאן 11', '2024-11-25', 35)","('כאן 11', '2024-11-25', 35)",13,afternoon,44,14,0.9516659810777458,0.94476531772809,0.9576387921121162,0.6999999999999998,14
780,כאן 11,Other_last_standard,1.9666666666666666,3,1.5-2.5,2.0,"('כאן 11', '2024-11-25', 35)","('כאן 11', '2024-11-25', 35)",13,afternoon,14,34,0.7965961845114645,0.7779670002622064,0.7965961845114644,0.6,0
781,כאן 11,PrimeShow1_middle_standard,2.7,4,2.5-3.5,1.0,"('כאן 11', '2024-11-25', 39)","('כאן 11', '2024-11-25', 39)",14,afternoon,34,34,1.0176008202323992,1.0314304415213351,1.0359830412907702,0.9,6
782,כאן 11,Other_first_short,1.4833333333333334,3,lt1.5,1.0,"('כאן 11', '2024-11-25', 42)","('כאן 11', '2024-11-25', 42)",14,afternoon,34,17,0.41959071502183837,0.44971171171171176,0.42310313493866425,0.4000000000000001,13
783,כאן 11,Other_middle_short,0.6666666666666666,2,lt1.5,1.0,"('כאן 11', '2024-11-25', 47)","('כאן 11', '2024-11-25', 47)",15,afternoon,19,34,0.48612584273611986,0.5074482092081857,0.48612584273611986,0.6,6
784,כאן 11,Other_first_standard,2.4833333333333334,3,1.5-2.5,1.0,"('כאן 11', '2024-11-25', 50)","('כאן 11', '2024-11-25', 50)",16,afternoon,34,16,0.6741573033707865,0.6069398301956442,0.6622041596939995,0.8000000000000002,11
785,כאן 11,Other_middle_standard,2.75,4,2.5-3.5,2.0,"('כאן 11', '2024-11-25', 50)","('כאן 11', '2024-11-25', 50)",16,afternoon,16,45,0.8000000000000002,0.829323551623692,0.7830086580086579,0.8666666666666667,14
786,כאן 11,News_middle_standard,2.95,4,2.5-3.5,1.0,"('כאן 11', '2024-11-25', 53)","('כאן 11', '2024-11-25', 53)",17,early_evening,45,26,1.055568382975448,1.027367291496876,1.052525516595318,1.5,2
787,כאן 11,News_last_standard,2.45,4,1.5-2.5,2.0,"('כאן 11', '2024-11-25', 53)","('כאן 11', '2024-11-25', 53)",17,early_evening,26,10,0.9634192467714918,0.9836500184566876,0.9863253310613356,1.8999999999999997,1
788,כאן 11,News_first_standard,2.566666666666667,4,2.5-3.5,1.0,"('כאן 11', '2024-11-25', 57)","('כאן 11', '2024-11-25', 57)",18,early_evening,12,18,0.975254730713246,0.9203919996106639,0.9451940235930913,2.233333333333333,11
789,כאן 11,News_middle_standard,2.7,4,2.5-3.5,2.0,"('כאן 11', '2024-11-25', 57)","('כאן 11', '2024-11-25', 57)",18,early_evening,18,173,0.5733506791838073,0.555858571039893,0.5696699099879073,1.3666666666666665,2
790,כאן 11,News_last_short,0.9666666666666667,2,lt1.5,1.0,"('כאן 11', '2024-11-25', 61)","('כאן 11', '2024-11-25', 61)",21,late_evening,173,1,1.0783542351291289,1.1281350604473415,1.0968402020564416,4.966666666666666,13
792,כאן 11,PrimeShow2_last_long,3.5833333333333335,5,3.5-5,1.0,"('כאן 11', '2024-11-25', 63)","('כאן 11', '2024-11-25', 63)",22,late_evening,47,8,0.8765500891916563,0.8794189006661778,0.8823496711973924,4.2,3
793,כאן 11,Other_first_standard,2.6666666666666665,3,2.5-3.5,1.0,"('כאן 11', '2024-11-25', 65)","('כאן 11', '2024-11-25', 65)",22,late_evening,8,13,1.0297445011362678,1.0044989021056832,1.0297445011362678,4.333333333333333,0
794,כאן 11,Other_first_standard,2.8333333333333335,4,2.5-3.5,1.0,"('כאן 11', '2024-11-25', 67)","('כאן 11', '2024-11-25', 67)",22,late_evening,13,26,0.9951379643760395,0.9605785626641828,0.9916406700957509,3.4333333333333336,0
795,כאן 11,News_last_standard,2.3833333333333333,3,1.5-2.5,1.0,"('כאן 11', '2024-11-25', 68)","('כאן 11', '2024-11-25', 68)",23,late_evening,26,19,0.778588807785888,0.7448499923663108,0.7587355492101482,2.1333333333333333,14
796,כאן 11,Other_first_short,0.3,1,lt1.5,1.0,"('כאן 11', '2024-11-25', 71)","('כאן 11', '2024-11-25', 71)",23,late_evening,19,34,0.5192843333190621,0.5232760936436865,0.5212487677217893,0.9333333333333332,5
797,כאן 11,Other_first_long,3.1666666666666665,4,2.5-3.5,1.0,"('כאן 11', '2024-11-26', 0)","('כאן 11', '2024-11-26', 0)",0,overnight,34,40,0.879269725082986,0.8385163485149252,0.8715209283050145,1.1,9
798,כאן 11,Other_middle_standard,1.8666666666666667,3,1.5-2.5,1.0,"('כאן 11', '2024-11-26', 1)","('כאן 11', '2024-11-26', 1)",0,overnight,40,20,1.1250246541302393,1.1129166666666668,1.133634581376354,1.0,7
799,כאן 11,Other_last_standard,2.0,3,1.5-2.5,2.0,"('כאן 11', '2024-11-26', 1)","('כאן 11', '2024-11-26', 1)",1,overnight,20,24,1.3432895579756565,1.2745283018867923,1.3473477524849196,1.0,14
800,כאן 11,Other_middle_standard,1.8666666666666667,2,1.5-2.5,1.0,"('כאן 11', '2024-11-26', 4)","('כאן 11', '2024-11-26', 4)",1,overnight,24,10,1.9849439775910362,1.9130916578814017,1.9870448179271707,1.0999999999999999,10
801,כאן 11,Other_last_short,1.4166666666666667,2,lt1.5,2.0,"('כאן 11', '2024-11-26', 4)","('כאן 11', '2024-11-26', 4)",1,overnight,10,12,0.6,0.6323288111300566,0.6282033419084289,0.3,6
802,כאן 11,Other_first_standard,2.183333333333333,3,1.5-2.5,1.0,"('כאן 11', '2024-11-26', 7)","('כאן 11', '2024-11-26', 7)",2,overnight,12,18,0.26912217251990733,0.2537003707683004,0.26574155472857763,0.3,4
803,כאן 11,Other_last_standard,2.2,4,1.5-2.5,2.0,"('כאן 11', '2024-11-26', 7)","('כאן 11', '2024-11-26', 7)",2,overnight,18,57,0.443789571973827,0.4234238712105663,0.4234238712105663,0.5,9
804,כאן 11,Other_last_standard,2.183333333333333,3,1.5-2.5,1.0,"('כאן 11', '2024-11-26', 10)","('כאן 11', '2024-11-26', 10)",3,overnight,57,39,0.5869788106630213,0.5523153258114627,0.5606724563779778,0.3,9
805,כאן 11,Other_middle_standard,2.35,3,1.5-2.5,1.0,"('כאן 11', '2024-11-26', 14)","('כאן 11', '2024-11-26', 14)",4,overnight,39,13,1.2273232136245835,1.2402457757296466,1.2695652173913041,0.3,5
806,כאן 11,Other_last_short,1.2666666666666666,3,lt1.5,2.0,"('כאן 11', '2024-11-26', 14)","('כאן 11', '2024-11-26', 14)",4,overnight,13,56,1.2499999999999998,1.1213375995984691,1.2558685446009388,0.3,5
807,כאן 11,Other_middle_short,1.4166666666666667,2,lt1.5,1.0,"('כאן 11', '2024-11-26', 18)","('כאן 11', '2024-11-26', 18)",5,overnight,56,18,1.5447589437131553,1.4771255060728745,1.570354932423898,0.3,3
808,כאן 11,Other_last_short,1.2666666666666666,2,lt1.5,2.0,"('כאן 11', '2024-11-26', 18)","('כאן 11', '2024-11-26', 18)",5,overnight,18,407,2.3587570621468927,2.3181321410829607,2.3410986482599943,0.4666666666666666,7
809,כאן 11,PrimeShow1_middle_standard,2.6166666666666667,4,2.5-3.5,1.0,"('כאן 11', '2024-11-26', 27)","('כאן 11', '2024-11-26', 27)",12,afternoon,407,18,0.1923076923076923,0.17687230904535445,0.1920411003470214,0.16666666666666666,10
810,כאן 11,PrimeShow1_last_standard,2.433333333333333,3,1.5-2.5,2.0,"('כאן 11', '2024-11-26', 27)","('כאן 11', '2024-11-26', 27)",12,afternoon,18,46,0.35295207509881416,0.2823012196861184,0.359342727839664,0.3,1
811,כאן 11,Other_middle_standard,2.6333333333333333,4,2.5-3.5,1.0,"('כאן 11', '2024-11-26', 33)","('כאן 11', '2024-11-26', 33)",13,afternoon,46,10,0.42253521126760557,0.40958342099726486,0.4283499961249322,0.3,4
812,כאן 11,Other_last_standard,2.716666666666667,3,2.5-3.5,2.0,"('כאן 11', '2024-11-26', 33)","('כאן 11', '2024-11-26', 33)",13,afternoon,10,43,0.25864323988281485,0.24623607029304737,0.2594127222135768,0.20000000000000004,2
813,כאן 11,PrimeShow1_last_standard,2.15,3,1.5-2.5,1.0,"('כאן 11', '2024-11-26', 37)","('כאן 11', '2024-11-26', 37)",14,afternoon,43,56,0.4321890112189908,0.3747813231468842,0.42778559387555926,0.4000000000000001,2
814,כאן 11,Other_first_short,0.2,1,lt1.5,1.0,"('כאן 11', '2024-11-26', 44)","('כאן 11', '2024-11-26', 44)",15,afternoon,56,19,0.09193188227304644,0.08957384943669426,0.0921458261210897,0.10000000000000002,0
815,כאן 11,Other_middle_short,0.6666666666666666,2,lt1.5,1.0,"('כאן 11', '2024-11-26', 45)","('כאן 11', '2024-11-26', 45)",15,afternoon,19,21,0.45227295863543304,0.4525280574660357,0.4506534095077519,0.6333333333333333,4
816,כאן 11,Other_first_standard,2.6,4,2.5-3.5,1.0,"('כאן 11', '2024-11-26', 47)","('כאן 11', '2024-11-26', 47)",16,afternoon,21,27,0.5056179775280898,0.4552048726467331,0.49665311977049953,0.6,11
817,כאן 11,Other_last_standard,2.816666666666667,4,2.5-3.5,2.0,"('כאן 11', '2024-11-26', 47)","('כאן 11', '2024-11-26', 47)",16,afternoon,27,34,0.6997596356229877,0.6666872720747303,0.702716110765499,0.8000000000000002,11
818,כאן 11,News_middle_standard,2.95,4,2.5-3.5,1.0,"('כאן 11', '2024-11-26', 50)","('כאן 11', '2024-11-26', 50)",17,early_evening,34,19,0.7481669787437294,0.7241180098638803,0.7524920346065302,1.0666666666666667,3
819,כאן 11,News_last_standard,2.3666666666666667,3,1.5-2.5,2.0,"('כאן 11', '2024-11-26', 50)","('כאן 11', '2024-11-26', 50)",17,early_evening,19,16,1.092292887761351,1.043082708262986,1.0833941644788798,2.066666666666667,10
820,כאן 11,News_first_standard,2.5,4,1.5-2.5,1.0,"('כאן 11', '2024-11-26', 53)","('כאן 11', '2024-11-26', 53)",18,early_evening,13,22,0.6692816763142752,0.6199710043257136,0.6570858485351281,1.5333333333333332,12
821,כאן 11,News_last_standard,2.55,4,2.5-3.5,2.0,"('כאן 11', '2024-11-26', 53)","('כאן 11', '2024-11-26', 53)",18,early_evening,22,204,0.38352978367881496,0.37668589661205293,0.39194401380963373,0.9333333333333332,7
822,כאן 11,News_last_short,0.9833333333333333,2,lt1.5,1.0,"('כאן 11', '2024-11-26', 58)","('כאן 11', '2024-11-26', 58)",22,late_evening,204,17,1.4006602678404763,1.423014987655373,1.4233042684874286,7.0,4
824,כאן 11,Other_middle_long,4.1,5,3.5-5,1.0,"('כאן 11', '2024-11-26', 61)","('כאן 11', '2024-11-26', 61)",22,late_evening,16,30,2.082861767554546,2.0196339669437866,2.061755184042076,9.666666666666666,7
825,כאן 11,News_middle_standard,2.4166666666666665,3,1.5-2.5,1.0,"('כאן 11', '2024-11-26', 63)","('כאן 11', '2024-11-26', 63)",22,late_evening,30,30,1.7286897588038002,1.7230464382668575,1.6997246867843252,5.3,11
826,כאן 11,Other_first_short,0.3,1,lt1.5,1.0,"('כאן 11', '2024-11-26', 66)","('כאן 11', '2024-11-26', 66)",23,late_evening,30,23,0.8903002485620194,0.8534907516089181,0.8776022926915724,1.8,13
827,כאן 11,Other_middle_standard,1.7,2,1.5-2.5,1.0,"('כאן 11', '2024-11-26', 67)","('כאן 11', '2024-11-26', 67)",23,late_evening,23,24,0.9368191721132897,0.9410052556989698,0.9231761768656032,1.4333333333333333,6
828,כאן 11,Other_first_standard,2.6166666666666667,3,2.5-3.5,1.0,"('כאן 11', '2024-11-27', 0)","('כאן 11', '2024-11-27', 0)",0,overnight,24,13,0.9981635234464626,1.0302539882330526,1.0019298540204358,1.2,1
829,כאן 11,Other_first_standard,1.9666666666666666,3,1.5-2.5,1.0,"('כאן 11', '2024-11-27', 1)","('כאן 11', '2024-11-27', 1)",0,overnight,13,36,1.4636685824380604,1.4674242263596138,1.4607702406917895,1.5666666666666667,1
830,כאן 11,Other_middle_standard,1.9,2,1.5-2.5,1.0,"('כאן 11', '2024-11-27', 2)","('כאן 11', '2024-11-27', 2)",1,overnight,36,14,1.4286956846288537,1.4169565568679394,1.4127926564614521,1.1,9
831,כאן 11,Other_last_standard,2.05,4,1.5-2.5,2.0,"('כאן 11', '2024-11-27', 2)","('כאן 11', '2024-11-27', 2)",1,overnight,14,50,1.5022613065326633,1.4992762319057977,1.4992762319057977,1.0,9
832,כאן 11,Other_middle_short,1.3833333333333333,3,lt1.5,1.0,"('כאן 11', '2024-11-27', 8)","('כאן 11', '2024-11-27', 8)",2,overnight,50,27,8.878285172387915,9.48568668046929,9.55859356315582,11.600000000000001,2
833,כאן 11,Other_middle_standard,2.0,3,1.5-2.5,1.0,"('כאן 11', '2024-11-27', 10)","('כאן 11', '2024-11-27', 10)",2,overnight,27,83,1.3333333333333333,1.3512227287061724,1.333443086252075,0.8000000000000002,1
834,כאן 11,Other_last_standard,2.0166666666666666,3,1.5-2.5,1.0,"('כאן 11', '2024-11-27', 15)","('כאן 11', '2024-11-27', 15)",4,overnight,83,63,0.7894736842105264,0.7725225225225225,0.7695681511470985,0.20000000000000004,11
835,כאן 11,Other_middle_standard,2.183333333333333,3,1.5-2.5,1.0,"('כאן 11', '2024-11-27', 20)","('כאן 11', '2024-11-27', 20)",5,overnight,63,18,0.5357142857142857,0.5104414985367366,0.5593110593110593,0.10000000000000002,1
836,כאן 11,Other_last_short,1.3833333333333333,3,lt1.5,2.0,"('כאן 11', '2024-11-27', 20)","('כאן 11', '2024-11-27', 20)",5,overnight,18,404,0.5028248587570622,0.4973603778827453,0.4973603778827453,0.10000000000000002,6
837,כאן 11,PrimeShow1_middle_standard,2.183333333333333,3,1.5-2.5,1.0,"('כאן 11', '2024-11-27', 29)","('כאן 11', '2024-11-27', 29)",12,afternoon,404,19,0.3846153846153846,0.38977036255600145,0.382143591967925,0.3333333333333333,7
839,כאן 11,Other_middle_standard,2.1666666666666665,3,1.5-2.5,1.0,"('כאן 11', '2024-11-27', 34)","('כאן 11', '2024-11-27', 34)",13,afternoon,47,14,1.1473302634500468,1.1490168206586118,1.1462331925114195,0.8333333333333334,1
840,כאן 11,Other_last_standard,1.8666666666666667,3,1.5-2.5,2.0,"('כאן 11', '2024-11-27', 34)","('כאן 11', '2024-11-27', 34)",13,afternoon,14,39,0.47530110436570694,0.45306113085063227,0.4772248101926119,0.3666666666666667,2
841,כאן 11,PrimeShow1_last_long,3.066666666666667,4,2.5-3.5,1.0,"('כאן 11', '2024-11-27', 38)","('כאן 11', '2024-11-27', 38)",14,afternoon,39,26,0.43478641381639344,0.41598932929638277,0.42965444449543394,0.4000000000000001,13
842,כאן 11,Other_first_standard,2.966666666666667,3,2.5-3.5,1.0,"('כאן 11', '2024-11-27', 41)","('כאן 11', '2024-11-27', 41)",14,afternoon,26,18,0.9789223143740492,0.9972003367003367,0.9717809818616271,0.9333333333333332,12
843,כאן 11,Other_last_short,0.7666666666666667,2,lt1.5,1.0,"('כאן 11', '2024-11-27', 45)","('כאן 11', '2024-11-27', 45)",15,afternoon,22,29,0.580232646462016,0.5762552762552763,0.580232646462016,0.8000000000000002,9
844,כאן 11,Other_first_standard,2.3666666666666667,3,1.5-2.5,1.0,"('כאן 11', '2024-11-27', 48)","('כאן 11', '2024-11-27', 48)",16,afternoon,29,27,0.9188773011636006,0.8513177630169274,0.8746383925786029,1.0999999999999999,9
845,כאן 11,Other_last_standard,2.7,4,2.5-3.5,2.0,"('כאן 11', '2024-11-27', 48)","('כאן 11', '2024-11-27', 48)",16,afternoon,27,48,1.1950995290895106,1.1455666228152603,1.198372646063069,1.2999999999999998,8
846,כאן 11,News_middle_standard,2.7666666666666666,4,2.5-3.5,1.0,"('כאן 11', '2024-11-27', 51)","('כאן 11', '2024-11-27', 51)",17,early_evening,48,22,0.834240777392446,0.8177222141369306,0.834240777392446,1.4000000000000001,14
847,כאן 11,News_last_standard,2.5,4,1.5-2.5,2.0,"('כאן 11', '2024-11-27', 51)","('כאן 11', '2024-11-27', 51)",17,early_evening,22,2,0.8728529534981148,0.8694834906924059,0.8740476217603677,1.8,9
848,כאן 11,News_middle_standard,2.6166666666666667,3,2.5-3.5,1.0,"('כאן 11', '2024-11-27', 55)","('כאן 11', '2024-11-27', 55)",18,early_evening,25,10,0.5809964603484933,0.5775779253684675,0.5789338756351925,1.3666666666666665,10
849,כאן 11,News_last_standard,2.4833333333333334,3,1.5-2.5,2.0,"('כאן 11', '2024-11-27', 55)","('כאן 11', '2024-11-27', 55)",18,early_evening,10,170,0.6163347333243011,0.6056509171472543,0.6302701454629416,1.5,7
850,כאן 11,News_last_short,0.43333333333333335,2,lt1.5,1.0,"('כאן 11', '2024-11-27', 59)","('כאן 11', '2024-11-27', 59)",21,late_evening,170,14,0.8295821496640013,0.8610560015754634,0.8425632264824826,3.8333333333333335,14
852,כאן 11,PrimeShow2_first_long,3.5833333333333335,4,3.5-5,1.0,"('כאן 11', '2024-11-27', 61)","('כאן 11', '2024-11-27', 61)",21,late_evening,14,36,0.6153846153846153,0.5921700303543446,0.601729076870658,3.466666666666667,14
853,כאן 11,PrimeShow2_last_long,3.3,5,2.5-3.5,2.0,"('כאן 11', '2024-11-27', 61)","('כאן 11', '2024-11-27', 61)",22,late_evening,36,22,0.8153432208224153,0.7809394860004196,0.8041438024458532,3.766666666666667,8
854,כאן 11,Other_middle_long,3.433333333333333,5,2.5-3.5,1.0,"('כאן 11', '2024-11-27', 64)","('כאן 11', '2024-11-27', 64)",22,late_evening,22,48,0.5960863617438887,0.5761238927477518,0.5960863617438887,2.0,4
855,כאן 11,News_last_standard,2.25,3,1.5-2.5,1.0,"('כאן 11', '2024-11-27', 67)","('כאן 11', '2024-11-27', 67)",23,late_evening,48,2,0.7725534076248589,0.7520438246401375,0.7705060627752109,1.3,11
857,כאן 11,Other_first_standard,1.8666666666666667,3,1.5-2.5,1.0,"('כאן 11', '2024-11-28', 0)","('כאן 11', '2024-11-28', 0)",0,overnight,23,25,0.8254398955939513,0.788429238277692,0.8182566652852604,1.0333333333333334,9
858,כאן 11,Other_middle_long,3.55,4,3.5-5,1.0,"('כאן 11', '2024-11-28', 1)","('כאן 11', '2024-11-28', 1)",0,overnight,25,32,0.6304655232766739,0.6323334670108863,0.6213750407298794,0.6333333333333333,6
859,כאן 11,Other_last_standard,1.6,2,1.5-2.5,1.0,"('כאן 11', '2024-11-28', 3)","('כאן 11', '2024-11-28', 3)",1,overnight,32,33,0.21911180354565354,0.22044747171916723,0.21949485724978288,0.16666666666666666,11
860,כאן 11,Other_middle_standard,1.9333333333333333,3,1.5-2.5,1.0,"('כאן 11', '2024-11-28', 5)","('כאן 11', '2024-11-28', 5)",1,overnight,33,18,0.19782689716464552,0.19634993304058054,0.1982683982683983,0.10000000000000002,0
861,כאן 11,Other_first_standard,2.283333333333333,4,1.5-2.5,1.0,"('כאן 11', '2024-11-28', 7)","('כאן 11', '2024-11-28', 7)",2,overnight,18,36,0.3357415402718534,0.3101783115584583,0.3305675579865682,0.4000000000000001,5
862,כאן 11,Other_last_standard,1.6,3,1.5-2.5,2.0,"('כאן 11', '2024-11-28', 7)","('כאן 11', '2024-11-28', 7)",2,overnight,36,3,1.0482295482295483,1.058369429610044,1.041992541992542,0.6333333333333333,14
863,כאן 11,Other_middle_standard,2.6,4,2.5-3.5,1.0,"('כאן 11', '2024-11-28', 11)","('כאן 11', '2024-11-28', 11)",3,overnight,19,49,1.1713023864434249,1.0821915266117579,1.1784729793087085,0.6999999999999998,9
865,כאן 11,Other_last_standard,2.966666666666667,4,2.5-3.5,2.0,"('כאן 11', '2024-11-28', 15)","('כאן 11', '2024-11-28', 15)",4,overnight,14,53,1.1894736842105262,1.1104163200414103,1.1697368421052632,0.3,2
868,כאן 11,PrimeShow2_middle_standard,2.3,3,1.5-2.5,1.0,"('כאן 11', '2024-11-28', 28)","('כאן 11', '2024-11-28', 28)",12,afternoon,404,15,0.5,0.46799321941462635,0.498945144830467,0.43333333333333335,9
870,כאן 11,Other_middle_standard,2.3,3,1.5-2.5,1.0,"('כאן 11', '2024-11-28', 33)","('כאן 11', '2024-11-28', 33)",13,afternoon,47,15,0.3682798034502399,0.3660533312274606,0.3662799425275032,0.26666666666666666,1
871,כאן 11,Other_last_standard,2.216666666666667,3,1.5-2.5,2.0,"('כאן 11', '2024-11-28', 33)","('כאן 11', '2024-11-28', 33)",13,afternoon,15,38,0.2532742084560842,0.23660311895606015,0.2529396484025546,0.20000000000000004,3
872,כאן 11,PrimeShow1_last_short,1.4666666666666666,3,lt1.5,1.0,"('כאן 11', '2024-11-28', 37)","('כאן 11', '2024-11-28', 37)",14,afternoon,38,43,0.43478641381639344,0.41598932929638277,0.42965444449543394,0.4000000000000001,13
873,כאן 11,Other_first_short,0.2,1,lt1.5,1.0,"('כאן 11', '2024-11-28', 45)","('כאן 11', '2024-11-28', 45)",15,afternoon,43,21,0.488599348534202,0.49109685404630693,0.48969182632548974,0.5,13
874,כאן 11,Other_middle_standard,2.6666666666666665,3,2.5-3.5,1.0,"('כאן 11', '2024-11-28', 46)","('כאן 11', '2024-11-28', 46)",15,afternoon,21,38,0.8913199407305493,1.012382916525191,0.8968974447974795,1.0,4
875,כאן 11,Other_first_standard,2.35,3,1.5-2.5,1.0,"('כאן 11', '2024-11-28', 49)","('כאן 11', '2024-11-28', 49)",16,afternoon,38,25,0.6132308294471511,0.5967117713179948,0.642121964422377,0.7000000000000001,14
876,כאן 11,Other_last_short,1.3833333333333333,2,lt1.5,2.0,"('כאן 11', '2024-11-28', 49)","('כאן 11', '2024-11-28', 49)",16,afternoon,25,1,0.9035184725886461,0.8609608083203318,0.9075836259095992,1.0333333333333334,11
878,כאן 11,News_middle_short,0.85,2,lt1.5,2.0,"('כאן 11', '2024-11-28', 52)","('כאן 11', '2024-11-28', 52)",17,early_evening,17,1,1.0995059441099275,1.1031036012756783,1.0995059441099275,1.8666666666666665,1
880,כאן 11,News_first_standard,2.183333333333333,4,1.5-2.5,1.0,"('כאן 11', '2024-11-28', 56)","('כאן 11', '2024-11-28', 56)",18,early_evening,15,20,0.8438272231813412,0.7803899371273973,0.8295255058867287,1.9333333333333333,12
881,כאן 11,News_last_short,1.0166666666666666,2,lt1.5,2.0,"('כאן 11', '2024-11-28', 56)","('כאן 11', '2024-11-28', 56)",18,early_evening,20,171,0.8176498835874231,0.8113048563578354,0.8498960300198379,1.9666666666666668,5
883,כאן 11,News_last_short,0.2,1,lt1.5,1.0,"('כאן 11', '2024-11-28', 60)","('כאן 11', '2024-11-28', 60)",21,late_evening,170,2,0.6018965664013688,0.6087378695339067,0.6048739816786847,2.766666666666667,12
885,כאן 11,Other_last_standard,2.7666666666666666,3,2.5-3.5,1.0,"('כאן 11', '2024-11-28', 63)","('כאן 11', '2024-11-28', 63)",21,late_evening,29,1,0.8687605279711614,0.8525652601014113,0.8734538436900753,4.533333333333333,13
887,כאן 11,Other_last_long,3.3666666666666667,5,2.5-3.5,1.0,"('כאן 11', '2024-11-28', 65)","('כאן 11', '2024-11-28', 65)",22,late_evening,31,20,1.3173202213001733,1.309255447092009,1.3173202213001733,5.266666666666667,2
888,כאן 11,Other_middle_short,0.9833333333333333,2,lt1.5,1.0,"('כאן 11', '2024-11-28', 68)","('כאן 11', '2024-11-28', 68)",22,late_evening,20,20,1.1308197029864884,1.126199385826687,1.1118106533130456,3.466666666666667,11
889,כאן 11,News_middle_standard,2.0833333333333335,3,1.5-2.5,1.0,"('כאן 11', '2024-11-28', 69)","('כאן 11', '2024-11-28', 69)",23,late_evening,20,10,1.120595886008517,1.1051418470996581,1.120595886008517,2.966666666666667,2
890,כאן 11,Other_middle_standard,1.55,3,1.5-2.5,1.0,"('כאן 11', '2024-11-28', 72)","('כאן 11', '2024-11-28', 72)",23,late_evening,25,26,1.0319502478945204,1.0273665364879092,1.0121374621162476,1.5333333333333332,9
892,כאן 11,Other_last_standard,1.7166666666666666,3,1.5-2.5,1.0,"('כאן 11', '2024-11-29', 0)","('כאן 11', '2024-11-29', 0)",0,overnight,25,28,0.66385174759559,0.6792392566782811,0.666870706658505,0.7666666666666666,7
893,כאן 11,Other_last_standard,2.45,4,1.5-2.5,1.0,"('כאן 11', '2024-11-29', 2)","('כאן 11', '2024-11-29', 2)",1,overnight,18,37,0.3953266770125065,0.398431617035436,0.3953266770125065,0.3,11
894,כאן 11,Other_last_short,1.15,2,lt1.5,1.0,"('כאן 11', '2024-11-29', 5)","('כאן 11', '2024-11-29', 5)",1,overnight,37,9,0.5333333333333333,0.5637708915083071,0.5597101912234973,0.26666666666666666,6
895,כאן 11,Other_first_standard,2.15,3,1.5-2.5,1.0,"('כאן 11', '2024-11-29', 7)","('כאן 11', '2024-11-29', 7)",2,overnight,9,40,0.24559447489857225,0.23927806205156402,0.2467538055783265,0.20000000000000004,1
896,כאן 11,Other_last_standard,1.5833333333333333,3,1.5-2.5,1.0,"('כאן 11', '2024-11-29', 9)","('כאן 11', '2024-11-29', 9)",2,overnight,40,31,1.8583308583308582,1.893928430855982,1.8684603936000588,1.1333333333333333,13
897,כאן 11,Other_last_standard,2.1,3,1.5-2.5,1.0,"('כאן 11', '2024-11-29', 11)","('כאן 11', '2024-11-29', 11)",3,overnight,31,41,4.328796951551443,4.058430908882872,4.19611094934866,2.4,1
898,כאן 11,Other_middle_standard,1.5833333333333333,3,1.5-2.5,1.0,"('כאן 11', '2024-11-29', 15)","('כאן 11', '2024-11-29', 15)",3,overnight,41,14,0.8145131432802666,0.8056630682544199,0.8184170471841705,0.20000000000000004,14
899,כאן 11,Other_last_short,1.1333333333333333,2,lt1.5,2.0,"('כאן 11', '2024-11-29', 15)","('כאן 11', '2024-11-29', 15)",4,overnight,14,55,0.7894736842105264,0.7503194327775043,0.7569850552306695,0.20000000000000004,0
900,כאן 11,Other_middle_standard,1.7333333333333334,3,1.5-2.5,1.0,"('כאן 11', '2024-11-29', 19)","('כאן 11', '2024-11-29', 19)",5,overnight,55,24,2.142857142857143,2.2176870748299318,2.1693121693121693,0.4000000000000001,11
901,כאן 11,Other_last_standard,1.9166666666666667,3,1.5-2.5,2.0,"('כאן 11', '2024-11-29', 19)","('כאן 11', '2024-11-29', 19)",5,overnight,24,401,1.0112994350282485,0.9951316443119724,1.006614897900489,0.20000000000000004,7
902,כאן 11,PrimeShow2_middle_short,1.45,2,lt1.5,1.0,"('כאן 11', '2024-11-29', 43)","('כאן 11', '2024-11-29', 43)",14,afternoon,49,21,2.263374485596708,2.291998507184176,2.357144037995102,1.8333333333333333,13
904,כאן 11,Other_last_standard,2.15,3,1.5-2.5,1.0,"('כאן 11', '2024-11-29', 49)","('כאן 11', '2024-11-29', 49)",15,afternoon,30,24,1.3365155131264916,1.3120052135403937,1.3884835541070493,1.8666666666666665,7
905,כאן 11,Other_first_short,1.2,3,lt1.5,1.0,"('כאן 11', '2024-11-29', 51)","('כאן 11', '2024-11-29', 51)",16,afternoon,24,23,2.261324768877639,2.153110346075847,2.209082514130598,2.5,3
906,כאן 11,Other_last_standard,1.8333333333333333,3,1.5-2.5,2.0,"('כאן 11', '2024-11-29', 51)","('כאן 11', '2024-11-29', 51)",16,afternoon,23,47,1.6054911737999602,1.5039494416779362,1.590906827664812,1.9333333333333333,13
908,כאן 11,Other_first_short,1.3833333333333333,3,lt1.5,2.0,"('כאן 11', '2024-11-29', 54)","('כאן 11', '2024-11-29', 54)",17,early_evening,15,59,1.7110128665264046,1.6936484467532604,1.7071625344352617,3.4333333333333336,4
909,כאן 11,Other_middle_standard,2.1666666666666665,3,1.5-2.5,3.0,"('כאן 11', '2024-11-29', 54)","('כאן 11', '2024-11-29', 54)",18,early_evening,59,16,0.5870227220723411,0.5894069025886974,0.5932169994153857,1.5999999999999999,5
910,כאן 11,Other_last_short,0.8833333333333333,1,lt1.5,4.0,"('כאן 11', '2024-11-29', 54)","('כאן 11', '2024-11-29', 54)",19,early_evening,16,24,0.6216696269982237,0.5898283690183149,0.5898283690183149,2.333333333333333,8
912,כאן 11,News_last_short,0.2,1,lt1.5,1.0,"('כאן 11', '2024-11-29', 60)","('כאן 11', '2024-11-29', 60)",21,late_evening,142,2,1.014143362262938,0.988476194660159,1.0014073415653872,5.533333333333334,11
914,כאן 11,Other_middle_standard,1.9166666666666667,3,1.5-2.5,1.0,"('כאן 11', '2024-11-29', 63)","('כאן 11', '2024-11-29', 63)",22,late_evening,36,13,1.449614983084374,1.466693902681074,1.449614983084374,5.566666666666667,4
916,כאן 11,Other_middle_long,3.0833333333333335,4,2.5-3.5,1.0,"('כאן 11', '2024-11-29', 66)","('כאן 11', '2024-11-29', 66)",23,late_evening,23,13,2.0559610705596105,1.9755321404101398,2.027079727394923,5.633333333333333,0
917,כאן 11,PrimeShow1_first_short,0.2,2,lt1.5,1.0,"('כאן 11', '2024-11-29', 69)","('כאן 11', '2024-11-29', 69)",23,late_evening,13,20,1.322549617244155,1.344660180329135,1.322549617244155,2.533333333333333,1
918,כאן 11,Other_first_standard,2.35,4,1.5-2.5,1.0,"('כאן 11', '2024-11-30', 0)","('כאן 11', '2024-11-30', 0)",0,overnight,19,32,1.9764004684962029,1.943393257522412,1.9909731916979514,2.4333333333333336,12
919,כאן 11,Other_last_standard,2.566666666666667,3,2.5-3.5,1.0,"('כאן 11', '2024-11-30', 1)","('כאן 11', '2024-11-30', 1)",0,overnight,32,7,1.745998865199119,1.7282806689175965,1.7623737544825555,1.5999999999999999,2
920,כאן 11,Other_middle_short,1.0,2,lt1.5,1.0,"('כאן 11', '2024-11-30', 4)","('כאן 11', '2024-11-30', 4)",1,overnight,34,13,1.5821381694315646,1.6171145386675547,1.579494764726304,1.0,0
921,כאן 11,Other_last_short,1.15,2,lt1.5,2.0,"('כאן 11', '2024-11-30', 4)","('כאן 11', '2024-11-30', 4)",1,overnight,13,26,1.5621023568043437,1.5824942181106565,1.5656343656343659,0.8000000000000002,14
922,כאן 11,Other_middle_standard,1.95,3,1.5-2.5,1.0,"('כאן 11', '2024-11-30', 8)","('כאן 11', '2024-11-30', 8)",2,overnight,26,31,0.379746835443038,0.3637791721995122,0.3769291298608996,0.5,11
923,כאן 11,Other_middle_standard,2.2333333333333334,3,1.5-2.5,1.0,"('כאן 11', '2024-11-30', 10)","('כאן 11', '2024-11-30', 10)",2,overnight,31,18,0.3308913308913309,0.33451977965909463,0.3291093291093291,0.20000000000000004,14
924,כאן 11,Other_last_standard,2.65,4,2.5-3.5,2.0,"('כאן 11', '2024-11-30', 10)","('כאן 11', '2024-11-30', 10)",3,overnight,18,35,0.4183201058201058,0.4000862185764081,0.41200697450697454,0.26666666666666666,4
925,כאן 11,Other_middle_standard,2.1166666666666667,3,1.5-2.5,1.0,"('כאן 11', '2024-11-30', 13)","('כאן 11', '2024-11-30', 13)",3,overnight,35,15,0.6767109295199183,0.7020403444887581,0.6819963417820748,0.20000000000000004,12
926,כאן 11,Other_last_standard,2.0833333333333335,3,1.5-2.5,2.0,"('כאן 11', '2024-11-30', 13)","('כאן 11', '2024-11-30', 13)",3,overnight,15,72,0.8145131432802666,0.8056630682544199,0.8184170471841705,0.20000000000000004,14
928,כאן 11,Other_last_standard,1.9166666666666667,3,1.5-2.5,2.0,"('כאן 11', '2024-11-30', 19)","('כאן 11', '2024-11-30', 19)",5,overnight,12,9,0.9783183500793232,0.9541520467836259,0.9751005390604947,0.20000000000000004,12
929,כאן 11,Other_middle_short,1.25,2,lt1.5,,,cd:כאן 11|2024-11-30,5,overnight,9,91,1.0112994350282485,0.9783739029640671,1.012079378774806,0.20000000000000004,8
931,כאן 11,PrimeShow1_last_short,1.15,3,lt1.5,1.0,"('כאן 11', '2024-11-30', 36)","('כאן 11', '2024-11-30', 36)",12,afternoon,11,27,1.4044260700389104,1.4781263700014897,1.3991371298633288,1.2,2
932,כאן 11,Other_last_short,1.2166666666666666,3,lt1.5,1.0,"('כאן 11', '2024-11-30', 39)","('כאן 11', '2024-11-30', 39)",13,afternoon,24,54,1.219885043414455,1.1959392468913828,1.2349689606777852,0.9,13
933,כאן 11,Other_last_short,1.4166666666666667,2,lt1.5,1.0,"('כאן 11', '2024-11-30', 47)","('כאן 11', '2024-11-30', 47)",15,afternoon,40,25,1.0764008861737335,1.0443354170344648,1.0764959336819746,1.1333333333333333,10
935,כאן 11,Other_middle_short,1.1333333333333333,2,lt1.5,2.0,"('כאן 11', '2024-11-30', 51)","('כאן 11', '2024-11-30', 51)",17,early_evening,18,25,1.946790363004285,1.9596234465983138,1.950203156743241,2.6,4
936,כאן 11,Other_last_standard,1.6833333333333333,3,1.5-2.5,3.0,"('כאן 11', '2024-11-30', 51)","('כאן 11', '2024-11-30', 51)",17,early_evening,25,28,1.9498193913879576,1.9256487913888645,1.9498193913879576,3.3000000000000003,0
937,כאן 11,Other_last_short,0.5,1,lt1.5,1.0,"('כאן 11', '2024-11-30', 56)","('כאן 11', '2024-11-30', 56)",18,early_evening,28,207,1.481124846875014,1.3603831298992901,1.4959445316588174,3.1333333333333333,0
938,כאן 11,News_last_standard,1.5166666666666666,2,1.5-2.5,1.0,"('כאן 11', '2024-11-30', 59)","('כאן 11', '2024-11-30', 59)",21,late_evening,207,32,1.392298969321362,1.4094260842013941,1.3994416983650595,6.3999999999999995,12
939,כאן 11,PrimeShow2_last_standard,2.15,3,1.5-2.5,1.0,"('כאן 11', '2024-11-30', 61)","('כאן 11', '2024-11-30', 61)",22,late_evening,32,55,1.553326713440483,1.5376582399121874,1.5794684203842655,7.833333333333333,0
940,כאן 11,Other_last_standard,2.5,4,1.5-2.5,1.0,"('כאן 11', '2024-11-30', 63)","('כאן 11', '2024-11-30', 63)",22,late_evening,55,48,1.8628163111952005,1.8957500243735985,1.8134927722274936,5.666666666666667,12
941,כאן 11,PrimeShow1_middle_standard,2.4833333333333334,3,1.5-2.5,1.0,"('כאן 11', '2024-11-30', 66)","('כאן 11', '2024-11-30', 66)",23,late_evening,48,999971116490,1.4274494404084035,1.487740891965994,1.4533288062699825,2.1999999999999997,3
942,עכשיו 14,Other_middle_standard,1.6833333333333333,3,1.5-2.5,1.0,"('עכשיו 14', '2024-11-01', 1)","('עכשיו 14', '2024-11-01', 1)",2,overnight,1000028840477,89,0.9523809523809524,0.9676246929693377,0.9676246929693377,0.6666666666666666,7
943,עכשיו 14,Other_first_short,0.8666666666666667,2,lt1.5,1.0,"('עכשיו 14', '2024-11-01', 6)","('עכשיו 14', '2024-11-01', 6)",4,overnight,89,138,0.5142857142857142,0.4999682579989842,0.5027932960893855,0.3,8
944,עכשיו 14,PrimeShow1_middle_short,1.35,2,lt1.5,1.0,"('עכשיו 14', '2024-11-01', 11)","('עכשיו 14', '2024-11-01', 11)",6,morning,138,2,0.9621045772158604,0.9706349206349207,0.9603431716946632,1.1,12
945,עכשיו 14,Other_first_short,1.35,3,lt1.5,1.0,"('עכשיו 14', '2024-11-01', 13)","('עכשיו 14', '2024-11-01', 13)",7,morning,60,1,1.079819258689673,1.080956479174475,1.080956479174475,2.3,0
947,עכשיו 14,Other_last_long,4.25,5,3.5-5,3.0,"('עכשיו 14', '2024-11-01', 13)","('עכשיו 14', '2024-11-01', 13)",8,morning,76,1,1.2675477701409479,1.291589913679466,1.2734404754563953,3.0,4
948,עכשיו 14,Other_first_standard,1.5833333333333333,2,1.5-2.5,1.0,"('עכשיו 14', '2024-11-01', 16)","('עכשיו 14', '2024-11-01', 16)",9,morning,61,2,1.8624161073825503,1.9302214817644907,1.8739637987174564,3.7000000000000006,11
950,עכשיו 14,Other_middle_standard,1.85,3,1.5-2.5,3.0,"('עכשיו 14', '2024-11-01', 16)","('עכשיו 14', '2024-11-01', 16)",10,morning,48,1,1.664733832879134,1.9631211897336922,1.667941300782528,3.0,2
951,עכשיו 14,Other_first_standard,2.6333333333333333,4,2.5-3.5,1.0,"('עכשיו 14', '2024-11-01', 19)","('עכשיו 14', '2024-11-01', 19)",11,morning,62,1,1.7489711934156376,1.7411474282098516,1.7711605115697189,2.8333333333333335,8
953,עכשיו 14,PrimeShow1_middle_short,1.0833333333333333,2,lt1.5,1.0,"('עכשיו 14', '2024-11-01', 21)","('עכשיו 14', '2024-11-01', 21)",12,afternoon,52,1,0.8260105448154658,0.8981046511682148,0.8312243042889337,1.5666666666666667,6
954,עכשיו 14,PrimeShow1_last_standard,1.5833333333333333,3,1.5-2.5,2.0,"('עכשיו 14', '2024-11-01', 21)","('עכשיו 14', '2024-11-01', 21)",13,afternoon,47,1,1.3597246127366611,1.4053004342782256,1.3743636388474005,2.6333333333333333,10
956,עכשיו 14,Other_middle_standard,1.7166666666666666,3,1.5-2.5,1.0,"('עכשיו 14', '2024-11-01', 24)","('עכשיו 14', '2024-11-01', 24)",14,afternoon,48,1,1.5076806039149135,1.483663120910706,1.483663120910706,3.6,2
958,עכשיו 14,Other_middle_short,0.8,2,lt1.5,1.0,"('עכשיו 14', '2024-11-01', 26)","('עכשיו 14', '2024-11-01', 26)",15,afternoon,67,22,1.2068082744364321,1.2144931802570895,1.2144931802570895,2.6,12
959,עכשיו 14,Other_middle_short,0.7333333333333333,2,lt1.5,,,cd:עכשיו 14|2024-11-01,16,afternoon,22,511,1.1811554937583708,1.1674535498701666,1.1674535498701666,2.4666666666666663,5
961,עכשיו 14,Other_middle_short,1.3333333333333333,2,lt1.5,1.0,"('עכשיו 14', '2024-11-02', 5)","('עכשיו 14', '2024-11-02', 5)",19,early_evening,1044,89,0.7196969696969697,0.7162765243149884,0.7141908100834241,3.1666666666666665,0
962,עכשיו 14,News_middle_long,3.8666666666666667,5,3.5-5,1.0,"('עכשיו 14', '2024-11-02', 7)","('עכשיו 14', '2024-11-02', 7)",20,late_evening,89,1,0.947022972339428,0.936033636028102,0.930723301433139,6.733333333333333,0
964,עכשיו 14,PrimeShow2_middle_short,1.45,3,lt1.5,1.0,"('עכשיו 14', '2024-11-02', 9)","('עכשיו 14', '2024-11-02', 9)",21,late_evening,80,1,1.0850904561866495,1.1088267431820524,1.0850904561866495,7.966666666666666,11
965,עכשיו 14,News_last_long,5.283333333333333,6,5-7,1.0,"('עכשיו 14', '2024-11-02', 13)","('עכשיו 14', '2024-11-02', 13)",23,late_evening,44,30,1.268693919254918,1.2959457628686797,1.2654532585304916,3.3666666666666667,13
966,עכשיו 14,Other_middle_short,1.1666666666666667,2,lt1.5,1.0,"('עכשיו 14', '2024-11-03', 0)","('עכשיו 14', '2024-11-03', 0)",0,overnight,30,1,0.9569455019711667,0.9626513856817954,0.9569455019711667,1.8,3
968,עכשיו 14,Other_middle_standard,1.6333333333333333,2,1.5-2.5,1.0,"('עכשיו 14', '2024-11-03', 7)","('עכשיו 14', '2024-11-03', 7)",3,overnight,99,101,1.0096153846153846,1.0293686780606905,1.006394920868605,0.6999999999999998,3
969,עכשיו 14,Other_middle_short,1.0,2,lt1.5,1.0,"('עכשיו 14', '2024-11-03', 11)","('עכשיו 14', '2024-11-03', 11)",4,overnight,101,27,1.288375886485518,1.2636535512241267,1.2702027622685865,0.6999999999999998,0
970,עכשיו 14,Other_middle_short,1.2,2,lt1.5,1.0,"('עכשיו 14', '2024-11-03', 13)","('עכשיו 14', '2024-11-03', 13)",5,overnight,27,32,0.5744732974032337,0.5744888023369036,0.5744888023369036,0.3,13
971,עכשיו 14,Other_middle_standard,1.55,2,1.5-2.5,1.0,"('עכשיו 14', '2024-11-03', 15)","('עכשיו 14', '2024-11-03', 15)",5,overnight,32,40,1.0766688547480736,1.0766688547480736,1.0766688547480736,0.7333333333333334,1
972,עכשיו 14,PrimeShow1_middle_short,1.4666666666666666,3,lt1.5,1.0,"('עכשיו 14', '2024-11-03', 18)","('עכשיו 14', '2024-11-03', 18)",6,morning,40,67,1.1955122143279413,1.2046536796536798,1.192422285461509,1.3666666666666665,12
973,עכשיו 14,Other_first_short,1.3166666666666667,2,lt1.5,1.0,"('עכשיו 14', '2024-11-03', 20)","('עכשיו 14', '2024-11-03', 20)",7,morning,67,1,1.5076923076923077,1.498020908737252,1.4972039895755518,3.266666666666667,6
975,עכשיו 14,Other_middle_long,3.066666666666667,4,2.5-3.5,3.0,"('עכשיו 14', '2024-11-03', 20)","('עכשיו 14', '2024-11-03', 20)",8,morning,41,1,1.4228187919463087,1.4303077031075884,1.4303077031075884,3.533333333333333,5
976,עכשיו 14,Other_last_standard,1.85,3,1.5-2.5,4.0,"('עכשיו 14', '2024-11-03', 20)","('עכשיו 14', '2024-11-03', 20)",8,morning,16,1,1.205357623523585,1.267520746533535,1.2011021911982571,3.0,11
977,עכשיו 14,Other_last_short,1.05,2,lt1.5,5.0,"('עכשיו 14', '2024-11-03', 20)","('עכשיו 14', '2024-11-03', 20)",9,morning,33,82,0.8619497412743792,0.9070796741343443,0.8619497412743792,1.8999999999999997,2
978,עכשיו 14,Other_middle_standard,1.5666666666666667,2,1.5-2.5,1.0,"('עכשיו 14', '2024-11-03', 25)","('עכשיו 14', '2024-11-03', 25)",10,morning,82,2,0.8059949447452102,0.8322889866030013,0.8196938090720054,1.5,10
980,עכשיו 14,News_first_short,1.3666666666666667,3,lt1.5,1.0,"('עכשיו 14', '2024-11-03', 28)","('עכשיו 14', '2024-11-03', 28)",11,morning,71,1,0.6542352509098195,0.6672991608675453,0.6526055843607925,1.0666666666666667,11
982,עכשיו 14,News_middle_long,3.15,4,2.5-3.5,3.0,"('עכשיו 14', '2024-11-03', 28)","('עכשיו 14', '2024-11-03', 28)",12,afternoon,42,71,1.2920353982300885,1.3072388274566091,1.2917552634848324,2.433333333333333,12
983,עכשיו 14,PrimeShow1_middle_short,0.43333333333333335,2,lt1.5,1.0,"('עכשיו 14', '2024-11-03', 33)","('עכשיו 14', '2024-11-03', 33)",15,afternoon,60,1,1.7168618441941692,1.8923685263262857,1.7231053723841019,3.733333333333333,12
984,עכשיו 14,Other_first_standard,1.7666666666666666,3,1.5-2.5,1.0,"('עכשיו 14', '2024-11-03', 36)","('עכשיו 14', '2024-11-03', 36)",16,afternoon,59,1,1.8992267735986328,2.805213939645229,1.9164970177663145,3.766666666666667,14
985,עכשיו 14,News_first_standard,1.5,2,lt1.5,1.0,"('עכשיו 14', '2024-11-03', 38)","('עכשיו 14', '2024-11-03', 38)",17,early_evening,57,1,1.6786053117303814,1.9213189368477026,1.673715378377285,4.2,14
988,עכשיו 14,Other_first_short,0.75,2,lt1.5,1.0,"('עכשיו 14', '2024-11-03', 41)","('עכשיו 14', '2024-11-03', 41)",18,early_evening,11,3,1.6303317535545023,1.6150006272315265,1.6053443144223118,5.733333333333334,10
991,עכשיו 14,Other_first_standard,1.5,2,lt1.5,1.0,"('עכשיו 14', '2024-11-03', 43)","('עכשיו 14', '2024-11-03', 43)",19,early_evening,45,1,1.4015151515151516,1.3942612871086342,1.3899552964370174,6.166666666666667,0
993,עכשיו 14,News_middle_standard,2.5833333333333335,4,2.5-3.5,1.0,"('עכשיו 14', '2024-11-03', 46)","('עכשיו 14', '2024-11-03', 46)",20,late_evening,46,78,1.3407158047275656,1.3949802557316622,1.342267132456629,9.333333333333334,5
995,עכשיו 14,PrimeShow2_middle_short,1.4333333333333333,2,lt1.5,1.0,"('עכשיו 14', '2024-11-03', 48)","('עכשיו 14', '2024-11-03', 48)",21,late_evening,76,1,1.289377532249067,1.3175123329720935,1.289377532249067,9.466666666666667,11
997,עכשיו 14,Other_first_standard,2.283333333333333,3,1.5-2.5,1.0,"('עכשיו 14', '2024-11-03', 51)","('עכשיו 14', '2024-11-03', 51)",22,late_evening,58,55,1.0904512253905196,1.116639345960431,1.0904512253905196,4.7,12
998,עכשיו 14,News_last_long,3.216666666666667,5,2.5-3.5,1.0,"('עכשיו 14', '2024-11-03', 52)","('עכשיו 14', '2024-11-03', 52)",23,late_evening,55,37,1.0433846031350393,1.0323924187381437,1.037378545473894,2.6666666666666665,9
1000,עכשיו 14,Other_middle_standard,1.8666666666666667,3,1.5-2.5,1.0,"('עכשיו 14', '2024-11-04', 0)","('עכשיו 14', '2024-11-04', 0)",0,overnight,36,1,1.1834453930744335,1.1812890898406974,1.1812890898406974,2.066666666666667,5
1002,עכשיו 14,Other_middle_standard,1.75,3,1.5-2.5,1.0,"('עכשיו 14', '2024-11-04', 2)","('עכשיו 14', '2024-11-04', 2)",1,overnight,24,1,1.0368378851258708,1.0140519846071825,1.0368378851258708,1.3,4
1004,עכשיו 14,Other_middle_long,4.016666666666667,5,3.5-5,1.0,"('עכשיו 14', '2024-11-04', 4)","('עכשיו 14', '2024-11-04', 4)",1,overnight,36,82,1.0146976017283185,1.0157126823793492,1.0146976017283185,1.0,14
1005,עכשיו 14,Other_middle_standard,2.6666666666666665,4,2.5-3.5,1.0,"('עכשיו 14', '2024-11-04', 7)","('עכשיו 14', '2024-11-04', 7)",3,overnight,82,93,0.44334975369458124,0.4650000339620847,0.4737450413230371,0.3,10
1006,עכשיו 14,Other_middle_standard,2.3833333333333333,3,1.5-2.5,1.0,"('עכשיו 14', '2024-11-04', 11)","('עכשיו 14', '2024-11-04', 11)",4,overnight,93,32,1.4634509089095353,1.4347905365518665,1.4457831325301205,0.8000000000000002,1
1007,עכשיו 14,Other_middle_standard,1.65,2,1.5-2.5,1.0,"('עכשיו 14', '2024-11-04', 13)","('עכשיו 14', '2024-11-04', 13)",5,overnight,32,63,1.1563275434243174,1.1368825862276168,1.1368825862276168,0.6,5
1008,עכשיו 14,Other_middle_short,1.3166666666666667,3,lt1.5,1.0,"('עכשיו 14', '2024-11-04', 17)","('עכשיו 14', '2024-11-04', 17)",6,morning,63,73,1.0322979547916884,1.0261238978337432,1.0261238978337432,1.1666666666666667,9
1009,עכשיו 14,Other_first_short,1.45,3,lt1.5,1.0,"('עכשיו 14', '2024-11-04', 19)","('עכשיו 14', '2024-11-04', 19)",7,morning,73,61,1.476923076923077,1.5408052510247423,1.478836291447073,3.1999999999999997,9
1010,עכשיו 14,Other_last_long,3.4166666666666665,4,2.5-3.5,2.0,"('עכשיו 14', '2024-11-04', 19)","('עכשיו 14', '2024-11-04', 19)",8,morning,61,33,1.2874421378905458,1.3511804452148235,1.2823287739007017,3.2000000000000006,12
1011,עכשיו 14,Other_last_short,1.0333333333333334,2,lt1.5,3.0,"('עכשיו 14', '2024-11-04', 19)","('עכשיו 14', '2024-11-04', 19)",9,morning,33,1,0.7763750448408141,0.8719773002284213,0.7763750448408141,1.7,3
1012,עכשיו 14,Other_middle_standard,1.9,3,1.5-2.5,1.0,"('עכשיו 14', '2024-11-04', 23)","('עכשיו 14', '2024-11-04', 23)",10,morning,74,2,0.7709543977149611,0.7739867635791854,0.7739867635791854,1.4666666666666668,5
1014,עכשיו 14,News_first_short,1.3333333333333333,2,lt1.5,1.0,"('עכשיו 14', '2024-11-04', 26)","('עכשיו 14', '2024-11-04', 26)",11,morning,77,1,1.3460393167919527,1.4078338081506108,1.3369503231445323,2.2,12
1015,עכשיו 14,News_middle_standard,1.7833333333333334,3,1.5-2.5,2.0,"('עכשיו 14', '2024-11-04', 26)","('עכשיו 14', '2024-11-04', 26)",12,afternoon,38,1,0.9757441769648413,1.000950489642482,0.9734847048340013,1.8333333333333333,7
1016,עכשיו 14,News_last_short,0.9833333333333333,2,lt1.5,3.0,"('עכשיו 14', '2024-11-04', 26)","('עכשיו 14', '2024-11-04', 26)",13,afternoon,42,1,1.2162254704627589,1.2200818407758973,1.2225267044544152,2.4,8
1019,עכשיו 14,PrimeShow1_middle_short,1.0,2,lt1.5,2.0,"('עכשיו 14', '2024-11-04', 31)","('עכשיו 14', '2024-11-04', 31)",15,afternoon,57,1,1.330846734362531,1.3285215495846998,1.3305296680413157,2.966666666666667,10
1021,עכשיו 14,Other_first_standard,1.5333333333333334,2,1.5-2.5,1.0,"('עכשיו 14', '2024-11-04', 34)","('עכשיו 14', '2024-11-04', 34)",16,afternoon,58,1,1.7057791060545313,1.7777118848378783,1.7057791060545313,3.466666666666667,11
1025,עכשיו 14,Other_first_long,4.316666666666666,5,3.5-5,1.0,"('עכשיו 14', '2024-11-04', 41)","('עכשיו 14', '2024-11-04', 41)",19,early_evening,46,43,1.3333333333333333,1.465459772046991,1.3155006184299258,5.866666666666667,1
1026,עכשיו 14,PrimeShow1_first_standard,1.9833333333333334,3,1.5-2.5,1.0,"('עכשיו 14', '2024-11-04', 43)","('עכשיו 14', '2024-11-04', 43)",19,early_evening,43,50,1.2597499232271339,1.2590336305628134,1.2556819903432406,6.6000000000000005,3
1027,עכשיו 14,News_last_long,5.066666666666666,6,5-7,1.0,"('עכשיו 14', '2024-11-04', 44)","('עכשיו 14', '2024-11-04', 44)",20,late_evening,50,70,1.2215220552593313,1.3288022880404269,1.2345032516119514,8.4,10
1028,עכשיו 14,PrimeShow2_middle_standard,2.5,4,1.5-2.5,1.0,"('עכשיו 14', '2024-11-04', 46)","('עכשיו 14', '2024-11-04', 46)",21,late_evening,70,58,1.0104962822201404,1.0108203626925987,1.0104962822201404,7.5,10
1030,עכשיו 14,News_first_short,1.4166666666666667,3,lt1.5,1.0,"('עכשיו 14', '2024-11-04', 49)","('עכשיו 14', '2024-11-04', 49)",22,late_evening,57,55,1.1939243517549019,1.2447806118348754,1.1939243517549019,5.266666666666667,11
1031,עכשיו 14,PrimeShow2_first_long,3.45,5,2.5-3.5,1.0,"('עכשיו 14', '2024-11-04', 51)","('עכשיו 14', '2024-11-04', 51)",23,late_evening,54,1,0.8858071219035203,0.8841937082091125,0.8857408146903977,2.2666666666666666,8
1033,עכשיו 14,Other_middle_short,0.8666666666666667,2,lt1.5,1.0,"('עכשיו 14', '2024-11-05', 0)","('עכשיו 14', '2024-11-05', 0)",0,overnight,54,57,0.9555323263704562,1.0706036399319236,0.9555323263704562,1.3666666666666665,8
1034,עכשיו 14,Other_middle_long,3.3,4,2.5-3.5,1.0,"('עכשיו 14', '2024-11-05', 3)","('עכשיו 14', '2024-11-05', 3)",2,overnight,61,103,1.0047846889952152,1.0016100138325132,1.0016100138325132,0.6999999999999998,8
1035,עכשיו 14,Other_first_long,3.3,4,2.5-3.5,1.0,"('עכשיו 14', '2024-11-05', 8)","('עכשיו 14', '2024-11-05', 8)",4,overnight,103,52,0.5487804878048781,0.549478544701855,0.5578559926386013,0.3,9
1036,עכשיו 14,PrimeShow1_middle_standard,2.0833333333333335,3,1.5-2.5,1.0,"('עכשיו 14', '2024-11-05', 14)","('עכשיו 14', '2024-11-05', 14)",6,morning,51,2,1.0272671271514369,1.0157127314410055,1.015302222409807,1.1666666666666667,10
1037,עכשיו 14,Other_first_standard,2.6,4,2.5-3.5,1.0,"('עכשיו 14', '2024-11-05', 16)","('עכשיו 14', '2024-11-05', 16)",7,morning,71,1,1.4907503539405382,1.5674712111454692,1.4861887604951445,3.233333333333333,10
1038,עכשיו 14,Other_middle_long,4.666666666666667,5,3.5-5,2.0,"('עכשיו 14', '2024-11-05', 16)","('עכשיו 14', '2024-11-05', 16)",8,morning,53,32,1.337152668278496,1.3959068493544617,1.337093328587911,3.3666666666666667,8
1039,עכשיו 14,Other_last_standard,1.8333333333333333,3,1.5-2.5,3.0,"('עכשיו 14', '2024-11-05', 16)","('עכשיו 14', '2024-11-05', 16)",9,morning,32,1,1.1933836438882288,1.1782326376660734,1.1910202605737152,2.6666666666666665,14
1041,עכשיו 14,Other_middle_long,3.7333333333333334,5,3.5-5,1.0,"('עכשיו 14', '2024-11-05', 20)","('עכשיו 14', '2024-11-05', 20)",10,morning,84,1,0.7069646914053348,0.7137629137882481,0.6985289521125155,1.3,13
1043,עכשיו 14,News_first_short,1.4666666666666666,2,lt1.5,1.0,"('עכשיו 14', '2024-11-05', 23)","('עכשיו 14', '2024-11-05', 23)",11,morning,67,1,1.1043036960368602,1.1265652596144653,1.1014276917964532,1.8,11
1047,עכשיו 14,News_last_short,1.2833333333333334,2,lt1.5,5.0,"('עכשיו 14', '2024-11-05', 23)","('עכשיו 14', '2024-11-05', 23)",13,afternoon,46,1,1.188719065104151,1.1908787596636758,1.1799093345482055,2.3000000000000003,1
1049,עכשיו 14,PrimeShow1_first_standard,2.1,3,1.5-2.5,1.0,"('עכשיו 14', '2024-11-05', 28)","('עכשיו 14', '2024-11-05', 28)",14,afternoon,36,1,1.0026918709381507,1.0174251990363865,1.0018759900967245,2.1666666666666665,10
1051,עכשיו 14,PrimeShow1_middle_short,0.9166666666666666,2,lt1.5,3.0,"('עכשיו 14', '2024-11-05', 28)","('עכשיו 14', '2024-11-05', 28)",15,afternoon,61,1,0.744820766852908,0.9564319754537145,0.7560591564771135,1.5999999999999999,0
1053,עכשיו 14,Other_first_standard,1.5833333333333333,2,1.5-2.5,1.0,"('עכשיו 14', '2024-11-05', 31)","('עכשיו 14', '2024-11-05', 31)",16,afternoon,52,1,1.0266165757129726,1.0498408377793187,1.02495359575848,2.1,10
1056,עכשיו 14,News_first_standard,2.466666666666667,4,1.5-2.5,1.0,"('עכשיו 14', '2024-11-05', 33)","('עכשיו 14', '2024-11-05', 33)",17,early_evening,56,44,1.0561688720282414,1.0961667606152448,1.0532619091994586,2.6333333333333333,11
1058,עכשיו 14,Other_first_standard,2.216666666666667,3,1.5-2.5,1.0,"('עכשיו 14', '2024-11-05', 36)","('עכשיו 14', '2024-11-05', 36)",18,early_evening,12,1,1.2417061611374407,1.2648443486790468,1.2166877235013647,4.366666666666666,11
1060,עכשיו 14,Other_first_long,4.5,6,3.5-5,1.0,"('עכשיו 14', '2024-11-05', 38)","('עכשיו 14', '2024-11-05', 38)",19,early_evening,43,42,1.1439393939393938,1.1380971248611604,1.1345985074404716,5.033333333333334,0
1061,עכשיו 14,PrimeShow1_first_standard,2.0,3,1.5-2.5,1.0,"('עכשיו 14', '2024-11-05', 40)","('עכשיו 14', '2024-11-05', 40)",19,early_evening,42,126,1.185933757671583,1.1869149145536624,1.1869149145536624,6.2,2
1062,עכשיו 14,PrimeShow1_middle_standard,2.4,3,1.5-2.5,1.0,"('עכשיו 14', '2024-11-05', 42)","('עכשיו 14', '2024-11-05', 42)",21,late_evening,126,56,1.6566776801416074,1.657063159605429,1.6566776801416074,12.299999999999999,10
1063,עכשיו 14,PrimeShow1_last_short,1.2666666666666666,2,lt1.5,2.0,"('עכשיו 14', '2024-11-05', 42)","('עכשיו 14', '2024-11-05', 42)",22,late_evening,56,63,2.518695211607263,2.518695211607263,2.518695211607263,11.633333333333333,8
1064,עכשיו 14,Other_first_short,0.8333333333333334,2,lt1.5,1.0,"('עכשיו 14', '2024-11-05', 46)","('עכשיו 14', '2024-11-05', 46)",23,late_evening,63,1,3.7329461713388614,3.682818914399199,3.6760428972400625,9.433333333333332,12
1065,עכשיו 14,Other_middle_standard,1.6166666666666667,3,1.5-2.5,1.0,"('עכשיו 14', '2024-11-06', 0)","('עכשיו 14', '2024-11-06', 0)",0,overnight,49,63,4.0950570911388064,4.0040436295624415,4.0950570911388064,6.133333333333333,4
1067,עכשיו 14,Other_first_short,1.0833333333333333,2,lt1.5,1.0,"('עכשיו 14', '2024-11-06', 4)","('עכשיו 14', '2024-11-06', 4)",1,overnight,62,1,4.461465967647603,4.503847378191023,4.461465967647603,3.9666666666666663,9
1068,עכשיו 14,Other_middle_short,1.3333333333333333,3,lt1.5,1.0,"('עכשיו 14', '2024-11-06', 11)","('עכשיו 14', '2024-11-06', 11)",6,morning,226,1,3.236169941544258,3.264862914862915,3.2302452138820485,3.7000000000000006,12
1069,עכשיו 14,Other_first_short,1.25,2,lt1.5,1.0,"('עכשיו 14', '2024-11-06', 13)","('עכשיו 14', '2024-11-06', 13)",7,morning,77,1,2.0902110313921387,2.16172616880227,2.077365576192506,4.533333333333333,2
1070,עכשיו 14,Other_middle_short,0.8333333333333334,2,lt1.5,2.0,"('עכשיו 14', '2024-11-06', 13)","('עכשיו 14', '2024-11-06', 13)",8,morning,45,1,2.0229183703424125,2.0167014116082913,2.0167014116082913,5.1,4
1072,עכשיו 14,Other_first_standard,1.9,3,1.5-2.5,1.0,"('עכשיו 14', '2024-11-06', 16)","('עכשיו 14', '2024-11-06', 16)",9,morning,76,1,2.2599552572706934,2.266201069737335,2.266201069737335,4.5,9
1074,עכשיו 14,Other_middle_short,0.95,2,lt1.5,1.0,"('עכשיו 14', '2024-11-06', 17)","('עכשיו 14', '2024-11-06', 17)",10,morning,43,1,1.9867999294951726,1.9579137382119318,1.985316631781082,3.6666666666666665,12
1077,עכשיו 14,Other_last_standard,2.066666666666667,3,1.5-2.5,4.0,"('עכשיו 14', '2024-11-06', 17)","('עכשיו 14', '2024-11-06', 17)",11,morning,57,46,2.1690423754689325,2.155561128749351,2.154509684419684,3.5666666666666664,13
1079,עכשיו 14,News_first_short,1.3333333333333333,2,lt1.5,1.0,"('עכשיו 14', '2024-11-06', 20)","('עכשיו 14', '2024-11-06', 20)",12,afternoon,45,1,2.011661762791092,2.0298834730937307,2.0298834730937307,3.733333333333333,1
1081,עכשיו 14,News_last_standard,2.1666666666666665,3,1.5-2.5,3.0,"('עכשיו 14', '2024-11-06', 20)","('עכשיו 14', '2024-11-06', 20)",13,afternoon,60,1,2.1803407789232527,2.1952441983166833,2.1463457177742895,4.2,4
1083,עכשיו 14,Other_first_short,1.3,2,lt1.5,1.0,"('עכשיו 14', '2024-11-06', 23)","('עכשיו 14', '2024-11-06', 23)",14,afternoon,33,1,1.383915155437024,1.4300903774587985,1.388908735120288,3.0,11
1085,עכשיו 14,Other_middle_standard,1.5,2,lt1.5,3.0,"('עכשיו 14', '2024-11-06', 23)","('עכשיו 14', '2024-11-06', 23)",15,afternoon,55,1,1.5248291255706359,1.52254350127543,1.5248291255706359,3.4,10
1087,עכשיו 14,Other_first_standard,2.0166666666666666,3,1.5-2.5,1.0,"('עכשיו 14', '2024-11-06', 26)","('עכשיו 14', '2024-11-06', 26)",16,afternoon,59,1,2.252122185268893,2.4205289735213484,2.252122185268893,4.533333333333333,12
1089,עכשיו 14,News_first_standard,1.95,3,1.5-2.5,1.0,"('עכשיו 14', '2024-11-06', 28)","('עכשיו 14', '2024-11-06', 28)",17,early_evening,53,1,1.9294335519019779,1.9166295801809818,1.9166295801809818,4.8,9
1091,עכשיו 14,Other_first_short,1.0833333333333333,2,lt1.5,1.0,"('עכשיו 14', '2024-11-06', 31)","('עכשיו 14', '2024-11-06', 31)",18,early_evening,13,2,1.54359920802014,1.8425625078133965,1.5157120158148771,5.433333333333334,12
1094,עכשיו 14,Other_first_standard,2.783333333333333,4,2.5-3.5,1.0,"('עכשיו 14', '2024-11-06', 33)","('עכשיו 14', '2024-11-06', 33)",19,early_evening,44,45,1.409090909090909,1.55284055290459,1.3900269672441112,6.2,1
1095,עכשיו 14,PrimeShow1_first_standard,2.0,3,1.5-2.5,1.0,"('עכשיו 14', '2024-11-06', 35)","('עכשיו 14', '2024-11-06', 35)",19,early_evening,45,41,1.6970405596096267,1.8595101809032084,1.6847300260555667,8.933333333333334,4
1096,עכשיו 14,News_middle_short,1.4166666666666667,2,lt1.5,1.0,"('עכשיו 14', '2024-11-06', 36)","('עכשיו 14', '2024-11-06', 36)",20,late_evening,41,1,1.56586966713549,1.5545417847643792,1.5508939018347823,11.133333333333333,2
1098,עכשיו 14,PrimeShow2_middle_standard,1.6333333333333333,3,1.5-2.5,1.0,"('עכשיו 14', '2024-11-06', 38)","('עכשיו 14', '2024-11-06', 38)",21,late_evening,78,59,1.434450148583168,1.4649621975617861,1.434450148583168,10.533333333333333,11
1100,עכשיו 14,Other_first_short,1.1,2,lt1.5,1.0,"('עכשיו 14', '2024-11-06', 41)","('עכשיו 14', '2024-11-06', 41)",22,late_evening,58,58,1.075609039241505,1.1009327127637512,1.075609039241505,4.633333333333333,12
1101,עכשיו 14,PrimeShow1_first_short,1.2666666666666666,2,lt1.5,1.0,"('עכשיו 14', '2024-11-06', 43)","('עכשיו 14', '2024-11-06', 43)",23,late_evening,58,1,1.2463888241337926,1.2246531624821897,1.2256407182438194,3.1666666666666665,11
1103,עכשיו 14,Other_middle_short,1.45,3,lt1.5,1.0,"('עכשיו 14', '2024-11-07', 0)","('עכשיו 14', '2024-11-07', 0)",0,overnight,13,62,0.8142625839823557,0.8141630000972513,0.8143954298598824,1.6666666666666667,12
1104,עכשיו 14,Other_middle_short,0.5666666666666667,1,lt1.5,1.0,"('עכשיו 14', '2024-11-07', 3)","('עכשיו 14', '2024-11-07', 3)",1,overnight,62,99,0.6956560703382682,0.6981536552208111,0.6956560703382682,0.8000000000000002,1
1105,עכשיו 14,Other_middle_standard,2.6,4,2.5-3.5,1.0,"('עכשיו 14', '2024-11-07', 7)","('עכשיו 14', '2024-11-07', 7)",2,overnight,99,97,1.1483253588516746,1.156127786767237,1.1557400187957163,0.8000000000000002,10
1106,עכשיו 14,Other_first_long,3.3333333333333335,4,2.5-3.5,1.0,"('עכשיו 14', '2024-11-07', 12)","('עכשיו 14', '2024-11-07', 12)",4,overnight,97,16,0.5433684514359937,0.5423242467718795,0.5423242467718795,0.3,5
1107,עכשיו 14,Other_middle_standard,2.816666666666667,4,2.5-3.5,1.0,"('עכשיו 14', '2024-11-07', 13)","('עכשיו 14', '2024-11-07', 13)",4,overnight,16,11,0.5432639649507119,0.5325443786982249,0.5325443786982249,0.3,9
1108,עכשיו 14,PrimeShow1_middle_short,1.3333333333333333,2,lt1.5,1.0,"('עכשיו 14', '2024-11-07', 19)","('עכשיו 14', '2024-11-07', 19)",6,morning,79,1,1.0495686296900295,1.0588744588744587,1.0476470963941777,1.2,12
1109,עכשיו 14,Other_first_short,1.4666666666666666,3,lt1.5,1.0,"('עכשיו 14', '2024-11-07', 21)","('עכשיו 14', '2024-11-07', 21)",7,morning,69,57,1.2923076923076924,1.348897266137729,1.2943539810460143,2.7999999999999994,9
1110,עכשיו 14,Other_middle_standard,1.9166666666666667,3,1.5-2.5,2.0,"('עכשיו 14', '2024-11-07', 21)","('עכשיו 14', '2024-11-07', 21)",8,morning,57,35,1.3106801219384001,1.3684400461733153,1.310760203284534,3.2999999999999994,8
1112,עכשיו 14,Other_last_standard,2.05,3,1.5-2.5,4.0,"('עכשיו 14', '2024-11-07', 21)","('עכשיו 14', '2024-11-07', 21)",9,morning,33,1,1.8422485677962417,1.816884575567529,1.8422485677962417,4.1,0
1113,עכשיו 14,Other_middle_standard,1.55,2,1.5-2.5,1.0,"('עכשיו 14', '2024-11-07', 25)","('עכשיו 14', '2024-11-07', 25)",10,morning,62,1,1.5475151592423861,1.5377532064733337,1.5377532064733337,3.033333333333333,6
1115,עכשיו 14,News_first_standard,2.1333333333333333,4,1.5-2.5,1.0,"('עכשיו 14', '2024-11-07', 28)","('עכשיו 14', '2024-11-07', 28)",11,morning,90,1,1.4774337178708763,1.4960215466094746,1.4836597869471675,2.4,10
1116,עכשיו 14,News_middle_short,1.25,3,lt1.5,2.0,"('עכשיו 14', '2024-11-07', 28)","('עכשיו 14', '2024-11-07', 28)",12,afternoon,48,1,0.9740475742170339,0.9946066042841011,0.9700670139578799,1.8333333333333333,2
1118,עכשיו 14,News_last_standard,2.15,3,1.5-2.5,4.0,"('עכשיו 14', '2024-11-07', 28)","('עכשיו 14', '2024-11-07', 28)",13,afternoon,51,1,0.8793155816543484,0.9201142638747631,0.8778194933578284,1.7,12
1120,עכשיו 14,PrimeShow1_first_short,1.0833333333333333,2,lt1.5,1.0,"('עכשיו 14', '2024-11-07', 33)","('עכשיו 14', '2024-11-07', 33)",14,afternoon,23,1,0.990140967761147,0.9789846186487935,0.9789846186487935,2.1333333333333333,9
1122,עכשיו 14,PrimeShow1_middle_standard,1.5,3,lt1.5,3.0,"('עכשיו 14', '2024-11-07', 33)","('עכשיו 14', '2024-11-07', 33)",15,afternoon,59,1,1.2871911245587497,1.4158019644459976,1.2916359709602878,2.8000000000000003,12
1124,עכשיו 14,Other_first_standard,1.8333333333333333,3,1.5-2.5,1.0,"('עכשיו 14', '2024-11-07', 36)","('עכשיו 14', '2024-11-07', 36)",16,afternoon,57,1,1.6392726287728443,1.7613474154732878,1.6392726287728443,3.2999999999999994,12
1126,עכשיו 14,News_first_standard,1.7833333333333334,3,1.5-2.5,1.0,"('עכשיו 14', '2024-11-07', 38)","('עכשיו 14', '2024-11-07', 38)",17,early_evening,53,1,1.1512552002488408,1.1694032767518874,1.1461696056795152,2.8666666666666667,10
1128,עכשיו 14,News_first_short,0.4166666666666667,1,lt1.5,1.0,"('עכשיו 14', '2024-11-07', 41)","('עכשיו 14', '2024-11-07', 41)",18,early_evening,14,1,1.3554502369668249,1.3814204150078027,1.3281187786975304,4.766666666666667,11
1131,עכשיו 14,PrimeShow2_first_long,3.1166666666666667,4,2.5-3.5,1.0,"('עכשיו 14', '2024-11-07', 43)","('עכשיו 14', '2024-11-07', 43)",19,early_evening,45,45,1.3484848484848484,1.4929451681077766,1.330467987968518,5.933333333333334,1
1132,עכשיו 14,PrimeShow1_first_standard,2.0,3,1.5-2.5,1.0,"('עכשיו 14', '2024-11-07', 45)","('עכשיו 14', '2024-11-07', 45)",19,early_evening,45,44,1.4371633854208206,1.5812196272880545,1.4265304947977697,7.566666666666666,4
1133,עכשיו 14,News_middle_long,3.4166666666666665,5,2.5-3.5,1.0,"('עכשיו 14', '2024-11-07', 46)","('עכשיו 14', '2024-11-07', 46)",20,late_evening,44,77,1.3886228435850605,1.445484490811791,1.3902236817735627,9.666666666666666,5
1134,עכשיו 14,PrimeShow2_middle_short,1.0166666666666666,2,lt1.5,1.0,"('עכשיו 14', '2024-11-07', 48)","('עכשיו 14', '2024-11-07', 48)",21,late_evening,77,61,1.1617801279202302,1.1857937250079231,1.1617801279202302,8.533333333333333,11
1136,עכשיו 14,Other_middle_short,0.9666666666666667,2,lt1.5,1.0,"('עכשיו 14', '2024-11-07', 52)","('עכשיו 14', '2024-11-07', 52)",22,late_evening,60,58,1.118590463722235,1.1400107576456124,1.118590463722235,4.7,13
1137,עכשיו 14,PrimeShow1_first_standard,1.6333333333333333,2,1.5-2.5,1.0,"('עכשיו 14', '2024-11-07', 54)","('עכשיו 14', '2024-11-07', 54)",23,late_evening,58,1,1.556822528049979,1.536239897299659,1.5333517791348583,3.9333333333333336,12
1138,עכשיו 14,Other_middle_short,1.2166666666666666,2,lt1.5,1.0,"('עכשיו 14', '2024-11-08', 1)","('עכשיו 14', '2024-11-08', 1)",3,overnight,183,46,1.5384615384615383,1.5705266829438438,1.5338608759661392,1.0666666666666667,3
1139,עכשיו 14,Other_middle_short,1.2166666666666666,2,lt1.5,1.0,"('עכשיו 14', '2024-11-08', 3)","('עכשיו 14', '2024-11-08', 3)",3,overnight,46,179,0.8333333333333334,0.8381100268359839,0.8381100268359839,0.5,5
1140,עכשיו 14,Other_last_short,1.2,3,lt1.5,1.0,"('עכשיו 14', '2024-11-08', 6)","('עכשיו 14', '2024-11-08', 6)",6,morning,179,1,1.2701063380552036,1.2644415643782436,1.2644415643782436,1.9333333333333333,5
1141,עכשיו 14,Other_first_standard,1.5,2,lt1.5,1.0,"('עכשיו 14', '2024-11-08', 8)","('עכשיו 14', '2024-11-08', 8)",7,morning,56,1,1.2135176651305686,1.2528796737124317,1.2079639544404515,2.6333333333333333,4
1142,עכשיו 14,Other_middle_short,1.3833333333333333,3,lt1.5,2.0,"('עכשיו 14', '2024-11-08', 8)","('עכשיו 14', '2024-11-08', 8)",8,morning,60,1,2.3131679757919135,2.365991456993582,2.280778045483928,5.433333333333334,7
1143,עכשיו 14,Other_middle_short,0.9833333333333333,2,lt1.5,3.0,"('עכשיו 14', '2024-11-08', 8)","('עכשיו 14', '2024-11-08', 8)",8,morning,3,39,2.1489971346704873,2.2783127297380323,2.1567496495863256,5.0,10
1144,עכשיו 14,Other_last_short,1.15,2,lt1.5,4.0,"('עכשיו 14', '2024-11-08', 8)","('עכשיו 14', '2024-11-08', 8)",9,morning,39,1,2.367901695748341,2.3535572998430143,2.3535572998430143,4.933333333333334,5
1146,עכשיו 14,Other_middle_short,1.2666666666666666,2,lt1.5,1.0,"('עכשיו 14', '2024-11-08', 12)","('עכשיו 14', '2024-11-08', 12)",10,morning,78,1,2.2288488210818307,2.2344588608724067,2.2344588608724067,3.8333333333333335,11
1148,עכשיו 14,Other_first_short,1.3,3,lt1.5,1.0,"('עכשיו 14', '2024-11-08', 14)","('עכשיו 14', '2024-11-08', 14)",11,morning,57,49,2.324977001731554,2.431712941351055,2.30927783088601,3.7999999999999994,12
1150,עכשיו 14,Other_middle_standard,1.6333333333333333,2,1.5-2.5,1.0,"('עכשיו 14', '2024-11-08', 15)","('עכשיו 14', '2024-11-08', 15)",12,afternoon,48,2,2.3335362332412477,2.374669836007099,2.3309099806438645,4.4,3
1152,עכשיו 14,Other_last_short,1.4166666666666667,2,lt1.5,3.0,"('עכשיו 14', '2024-11-08', 15)","('עכשיו 14', '2024-11-08', 15)",13,afternoon,32,1,1.8306950586006276,1.840465932031533,1.8434362569393257,3.6,9
1154,עכשיו 14,Other_last_short,0.7166666666666667,1,lt1.5,1.0,"('עכשיו 14', '2024-11-08', 18)","('עכשיו 14', '2024-11-08', 18)",14,afternoon,88,1,1.5811965811965811,1.607320310935583,1.584259944087042,3.7000000000000006,10
1156,עכשיו 14,Other_middle_short,1.1833333333333333,3,lt1.5,1.0,"('עכשיו 14', '2024-11-08', 20)","('עכשיו 14', '2024-11-08', 20)",15,afternoon,33,24,1.2405446293494704,1.2353573823285837,1.2224919216967773,2.733333333333333,1
1158,עכשיו 14,Other_middle_short,0.65,2,lt1.5,,,cd:עכשיו 14|2024-11-08,15,afternoon,23,517,1.2658791063206467,1.2810275274362792,1.2810275274362792,2.6666666666666665,12
1162,עכשיו 14,Other_middle_standard,1.8333333333333333,2,1.5-2.5,1.0,"('עכשיו 14', '2024-11-09', 6)","('עכשיו 14', '2024-11-09', 6)",19,early_evening,1078,94,0.7499999999999999,0.7462347352599421,0.7439471777156457,3.3000000000000003,0
1163,עכשיו 14,News_middle_short,0.85,2,lt1.5,1.0,"('עכשיו 14', '2024-11-09', 8)","('עכשיו 14', '2024-11-09', 8)",20,late_evening,94,81,1.13476762578555,1.180678199472548,1.1360714012174224,7.900000000000001,5
1165,עכשיו 14,PrimeShow2_middle_short,1.1166666666666667,2,lt1.5,1.0,"('עכשיו 14', '2024-11-09', 10)","('עכשיו 14', '2024-11-09', 10)",21,late_evening,80,55,1.1976036087146145,1.3617138488924774,1.1976036087146145,8.666666666666666,12
1167,עכשיו 14,News_last_standard,2.316666666666667,3,1.5-2.5,1.0,"('עכשיו 14', '2024-11-09', 12)","('עכשיו 14', '2024-11-09', 12)",23,late_evening,44,18,1.4925499902931467,1.502014894441231,1.4963461928560466,4.033333333333333,9
1168,עכשיו 14,Other_middle_short,1.1666666666666667,2,lt1.5,1.0,"('עכשיו 14', '2024-11-10', 1)","('עכשיו 14', '2024-11-10', 1)",0,overnight,52,47,1.359657628624177,1.414093730605945,1.3547082116654947,2.0,6
1170,עכשיו 14,Other_middle_short,1.1166666666666667,2,lt1.5,1.0,"('עכשיו 14', '2024-11-10', 3)","('עכשיו 14', '2024-11-10', 3)",1,overnight,45,1,1.5352516221097463,1.524841915085818,1.540302127160251,1.5333333333333332,9
1172,עכשיו 14,Other_middle_standard,2.6666666666666665,4,2.5-3.5,1.0,"('עכשיו 14', '2024-11-10', 7)","('עכשיו 14', '2024-11-10', 7)",3,overnight,90,87,1.6256157635467983,1.6953560185444243,1.7248754352057463,1.1,11
1173,עכשיו 14,Other_first_standard,2.6666666666666665,3,2.5-3.5,1.0,"('עכשיו 14', '2024-11-10', 12)","('עכשיו 14', '2024-11-10', 12)",4,overnight,87,39,1.4634146341463417,1.4621978080301463,1.4845487309255427,0.8000000000000002,11
1174,עכשיו 14,Other_middle_short,0.8833333333333333,2,lt1.5,1.0,"('עכשיו 14', '2024-11-10', 14)","('עכשיו 14', '2024-11-10', 14)",5,overnight,39,65,1.4218684541265185,1.4019526011079178,1.3973141788308236,0.7333333333333334,7
1175,עכשיו 14,PrimeShow1_middle_short,0.8666666666666667,2,lt1.5,1.0,"('עכשיו 14', '2024-11-10', 18)","('עכשיו 14', '2024-11-10', 18)",6,morning,65,46,1.2804257915790902,1.4420901932712955,1.2862588954083383,1.4666666666666668,13
1177,עכשיו 14,Other_middle_standard,1.55,3,1.5-2.5,2.0,"('עכשיו 14', '2024-11-10', 20)","('עכשיו 14', '2024-11-10', 20)",8,morning,80,1,1.085111601667893,1.124385837120672,1.0808581570048157,2.733333333333333,7
1178,עכשיו 14,Other_last_short,1.0666666666666667,2,lt1.5,3.0,"('עכשיו 14', '2024-11-10', 20)","('עכשיו 14', '2024-11-10', 20)",9,morning,38,1,1.0051400513971236,1.1336512681804163,1.0051400513971236,2.2,3
1180,עכשיו 14,Other_middle_short,1.35,3,lt1.5,1.0,"('עכשיו 14', '2024-11-10', 24)","('עכשיו 14', '2024-11-10', 24)",10,morning,82,1,1.0332560874385661,1.0431919509212852,1.0209269300105996,1.8999999999999997,13
1182,עכשיו 14,News_first_short,0.7333333333333333,2,lt1.5,1.0,"('עכשיו 14', '2024-11-10', 27)","('עכשיו 14', '2024-11-10', 27)",11,morning,70,36,0.8770622776008401,0.9168177624739097,0.8711117725258256,1.4333333333333333,12
1184,עכשיו 14,News_middle_standard,1.7,2,1.5-2.5,3.0,"('עכשיו 14', '2024-11-10', 27)","('עכשיו 14', '2024-11-10', 27)",12,afternoon,35,1,1.0166497203863751,1.0378740468584058,1.009500867825219,1.8999999999999997,4
1186,עכשיו 14,News_last_short,0.8,2,lt1.5,5.0,"('עכשיו 14', '2024-11-10', 27)","('עכשיו 14', '2024-11-10', 27)",13,afternoon,64,1,1.0154905335628228,1.0455692694047731,1.0159694762196174,1.9666666666666668,11
1188,עכשיו 14,PrimeShow1_first_short,0.6333333333333333,1,lt1.5,1.0,"('עכשיו 14', '2024-11-10', 32)","('עכשיו 14', '2024-11-10', 32)",14,afternoon,28,1,0.8900417479479423,0.9658218437776028,0.8933708010701186,1.9333333333333333,12
1190,עכשיו 14,PrimeShow1_middle_short,0.7333333333333333,1,lt1.5,3.0,"('עכשיו 14', '2024-11-10', 32)","('עכשיו 14', '2024-11-10', 32)",15,afternoon,55,1,0.9418062246171575,0.9403945154936482,0.9418062246171576,2.1,10
1192,עכשיו 14,Other_first_standard,1.95,3,1.5-2.5,1.0,"('עכשיו 14', '2024-11-10', 35)","('עכשיו 14', '2024-11-10', 35)",16,afternoon,64,53,1.1784511784511784,2.4901683764627927,1.1922542051248,2.3333333333333335,1
1194,עכשיו 14,News_first_short,0.43333333333333335,2,lt1.5,1.0,"('עכשיו 14', '2024-11-10', 37)","('עכשיו 14', '2024-11-10', 37)",17,early_evening,51,1,1.6176132243645835,1.6812568636563958,1.6135992133468873,4.033333333333333,11
1197,עכשיו 14,Other_first_short,0.36666666666666664,1,lt1.5,1.0,"('עכשיו 14', '2024-11-10', 40)","('עכשיו 14', '2024-11-10', 40)",18,early_evening,11,2,1.3649289099526065,1.3521115330668654,1.3440918834456532,4.8,10
1198,עכשיו 14,Other_first_short,0.95,2,lt1.5,2.0,"('עכשיו 14', '2024-11-10', 40)","('עכשיו 14', '2024-11-10', 40)",18,early_evening,11,1,1.3649289099526065,1.3521115330668654,1.3440918834456532,4.8,10
1199,עכשיו 14,Other_first_standard,1.9,3,1.5-2.5,1.0,"('עכשיו 14', '2024-11-10', 42)","('עכשיו 14', '2024-11-10', 42)",19,early_evening,48,46,1.196969696969697,1.19081946126367,1.1871862816344931,5.266666666666667,0
1200,עכשיו 14,PrimeShow1_first_standard,1.6666666666666667,3,1.5-2.5,1.0,"('עכשיו 14', '2024-11-10', 44)","('עכשיו 14', '2024-11-10', 44)",19,early_evening,46,37,1.5079599837136677,1.5071278201771776,1.5032340028632625,7.900000000000001,3
1201,עכשיו 14,News_middle_short,1.0666666666666667,2,lt1.5,1.0,"('עכשיו 14', '2024-11-10', 45)","('עכשיו 14', '2024-11-10', 45)",20,late_evening,37,1,1.2376933895921238,1.2361997916706706,1.2325689140602876,8.799999999999999,12
1203,עכשיו 14,PrimeShow2_middle_short,0.7666666666666667,2,lt1.5,1.0,"('עכשיו 14', '2024-11-10', 47)","('עכשיו 14', '2024-11-10', 47)",21,late_evening,89,59,1.0958089767049122,1.958482506865445,1.1102490054900318,7.8,13
1204,עכשיו 14,Other_middle_short,1.0333333333333334,2,lt1.5,1.0,"('עכשיו 14', '2024-11-10', 50)","('עכשיו 14', '2024-11-10', 50)",22,late_evening,59,59,0.9764814076293379,0.9952332564930074,0.9764814076293379,4.1,13
1205,עכשיו 14,PrimeShow1_first_short,0.9166666666666666,2,lt1.5,1.0,"('עכשיו 14', '2024-11-10', 52)","('עכשיו 14', '2024-11-10', 52)",23,late_evening,59,45,0.8804713606492746,0.9763249569172218,0.8711804120603164,2.2,13
1207,עכשיו 14,Other_first_short,0.95,2,lt1.5,1.0,"('עכשיו 14', '2024-11-11', 0)","('עכשיו 14', '2024-11-11', 0)",0,overnight,44,132,0.702168126777457,0.7017139902022976,0.7011847898683531,1.1,14
1208,עכשיו 14,Other_middle_standard,1.75,3,1.5-2.5,1.0,"('עכשיו 14', '2024-11-11', 2)","('עכשיו 14', '2024-11-11', 2)",2,overnight,132,209,1.3875598086124403,1.3962286140795268,1.3909125257938124,0.9666666666666667,12
1209,עכשיו 14,PrimeShow1_middle_short,0.75,2,lt1.5,1.0,"('עכשיו 14', '2024-11-11', 11)","('עכשיו 14', '2024-11-11', 11)",6,morning,209,72,1.10566818089362,1.2648174659985685,1.1109827754934039,1.2666666666666666,13
1210,עכשיו 14,Other_first_short,1.0333333333333334,3,lt1.5,1.0,"('עכשיו 14', '2024-11-11', 13)","('עכשיו 14', '2024-11-11', 13)",7,morning,72,57,1.4892402076451159,1.5923215958704617,1.4817469925163884,3.233333333333333,11
1211,עכשיו 14,Other_last_short,1.1333333333333333,2,lt1.5,2.0,"('עכשיו 14', '2024-11-11', 13)","('עכשיו 14', '2024-11-11', 13)",8,morning,56,1,1.000469870652588,1.059071991703812,1.0009184926652144,2.5,10
1212,עכשיו 14,Other_last_short,1.4166666666666667,2,lt1.5,3.0,"('עכשיו 14', '2024-11-11', 13)","('עכשיו 14', '2024-11-11', 13)",9,morning,33,89,0.7661519153589383,0.768884318499366,0.7661519153589383,1.7,1
1214,עכשיו 14,Other_middle_short,1.45,3,lt1.5,1.0,"('עכשיו 14', '2024-11-11', 17)","('עכשיו 14', '2024-11-11', 17)",10,morning,88,69,0.8267392049058281,0.9451485639911473,0.8227738859169013,1.5,1
1216,עכשיו 14,News_first_short,1.3,2,lt1.5,1.0,"('עכשיו 14', '2024-11-11', 20)","('עכשיו 14', '2024-11-11', 20)",11,morning,68,1,0.8565704743221515,0.8958942415503887,0.8507865692737931,1.3999999999999997,12
1218,עכשיו 14,News_middle_standard,1.5,3,lt1.5,3.0,"('עכשיו 14', '2024-11-11', 20)","('עכשיו 14', '2024-11-11', 20)",12,afternoon,54,26,1.1014075783010315,1.1499324247767353,1.1092537506392517,2.1,9
1220,עכשיו 14,News_last_short,0.95,2,lt1.5,5.0,"('עכשיו 14', '2024-11-11', 20)","('עכשיו 14', '2024-11-11', 20)",13,afternoon,24,1,0.9258194283362068,0.9240879980874173,0.9243365576838031,1.8333333333333333,7
1222,עכשיו 14,PrimeShow1_first_short,0.85,2,lt1.5,1.0,"('עכשיו 14', '2024-11-11', 25)","('עכשיו 14', '2024-11-11', 25)",14,afternoon,48,1,1.1042944785276074,1.2582839606538057,1.1117617539792486,2.4,13
1225,עכשיו 14,PrimeShow1_middle_short,1.1333333333333333,2,lt1.5,4.0,"('עכשיו 14', '2024-11-11', 25)","('עכשיו 14', '2024-11-11', 25)",15,afternoon,54,60,1.1066071570727314,1.1046180935147836,1.106290090751516,2.466666666666667,10
1227,עכשיו 14,Other_first_long,3.033333333333333,4,2.5-3.5,1.0,"('עכשיו 14', '2024-11-11', 28)","('עכשיו 14', '2024-11-11', 28)",16,afternoon,59,63,1.8537372197903625,1.9324853993957174,1.8537372197903625,3.766666666666667,11
1232,עכשיו 14,Other_first_short,1.15,2,lt1.5,1.0,"('עכשיו 14', '2024-11-11', 33)","('עכשיו 14', '2024-11-11', 33)",18,early_evening,12,2,1.1279620853080567,1.1497510664915034,1.105205180213537,3.9666666666666663,11
1234,עכשיו 14,Other_first_standard,2.8833333333333333,4,2.5-3.5,1.0,"('עכשיו 14', '2024-11-11', 35)","('עכשיו 14', '2024-11-11', 35)",19,early_evening,45,45,1.106060606060606,1.1004805286399197,1.0971164734277192,4.866666666666666,0
1235,עכשיו 14,PrimeShow1_first_standard,1.6833333333333333,3,1.5-2.5,1.0,"('עכשיו 14', '2024-11-11', 37)","('עכשיו 14', '2024-11-11', 37)",19,early_evening,45,45,1.1071098614606674,1.1064989059528647,1.1036401540008762,5.8,3
1236,עכשיו 14,News_middle_short,1.2666666666666666,3,lt1.5,1.0,"('עכשיו 14', '2024-11-11', 38)","('עכשיו 14', '2024-11-11', 38)",20,late_evening,45,80,1.2927913019930781,1.345305249208099,1.294276615776224,9.0,5
1237,עכשיו 14,PrimeShow2_middle_short,1.4833333333333334,3,lt1.5,1.0,"('עכשיו 14', '2024-11-11', 40)","('עכשיו 14', '2024-11-11', 40)",21,late_evening,80,60,1.344965219460298,1.528542290525494,1.344965219460298,9.733333333333333,12
1238,עכשיו 14,Other_first_short,1.05,2,lt1.5,1.0,"('עכשיו 14', '2024-11-11', 43)","('עכשיו 14', '2024-11-11', 43)",22,late_evening,60,58,1.0852486930007714,1.1616149472166069,1.0852486930007714,4.433333333333334,14
1239,עכשיו 14,Other_middle_standard,1.6833333333333333,3,1.5-2.5,2.0,"('עכשיו 14', '2024-11-11', 43)","('עכשיו 14', '2024-11-11', 43)",23,late_evening,58,38,0.6803642332289849,0.7544329212542168,0.6731848638647898,1.7,13
1241,עכשיו 14,Other_first_short,0.7,2,lt1.5,1.0,"('עכשיו 14', '2024-11-12', 7)","('עכשיו 14', '2024-11-12', 7)",3,overnight,90,58,0.625,0.6352633414719219,0.6226996687523003,0.43333333333333335,3
1242,עכשיו 14,Other_first_standard,2.966666666666667,4,2.5-3.5,1.0,"('עכשיו 14', '2024-11-12', 9)","('עכשיו 14', '2024-11-12', 9)",4,overnight,58,38,0.5142857142857142,0.5242758057935536,0.5242758057935536,0.3,2
1243,עכשיו 14,Other_last_standard,2.216666666666667,3,1.5-2.5,1.0,"('עכשיו 14', '2024-11-12', 10)","('עכשיו 14', '2024-11-12', 10)",4,overnight,38,103,0.5521610942080791,0.5520631397212973,0.554447418180186,0.3,13
1244,עכשיו 14,Other_first_short,0.31666666666666665,2,lt1.5,1.0,"('עכשיו 14', '2024-11-12', 16)","('עכשיו 14', '2024-11-12', 16)",7,morning,72,1,1.1065596979707408,1.1632067141442257,1.1032260452572031,2.4,10
1245,עכשיו 14,Other_last_short,1.1833333333333333,2,lt1.5,2.0,"('עכשיו 14', '2024-11-12', 16)","('עכשיו 14', '2024-11-12', 16)",8,morning,60,2,0.9655276240596158,1.012735326688815,0.9615507533230551,2.4,12
1246,עכשיו 14,Other_last_short,0.95,2,lt1.5,3.0,"('עכשיו 14', '2024-11-12', 16)","('עכשיו 14', '2024-11-12', 16)",9,morning,30,1,0.9136503416975121,0.9010886299721834,0.9136503416975121,2.033333333333333,0
1248,עכשיו 14,PrimeShow1_middle_standard,1.7666666666666666,2,1.5-2.5,1.0,"('עכשיו 14', '2024-11-12', 21)","('עכשיו 14', '2024-11-12', 21)",10,morning,79,1,0.8179451989967347,0.8242817361395979,0.8183476984668347,1.5333333333333332,8
1250,עכשיו 14,PrimeShow1_last_short,0.3,1,lt1.5,3.0,"('עכשיו 14', '2024-11-12', 21)","('עכשיו 14', '2024-11-12', 21)",11,morning,69,1,0.49382716049382713,0.4941749497067467,0.4941749497067467,0.8000000000000002,5
1252,עכשיו 14,PrimeShow1_middle_short,0.7333333333333333,2,lt1.5,1.0,"('עכשיו 14', '2024-11-12', 25)","('עכשיו 14', '2024-11-12', 25)",12,afternoon,53,1,0.5670620724282935,0.5837674364374668,0.5654777321443988,1.0666666666666667,1
1254,עכשיו 14,PrimeShow1_last_short,0.9,2,lt1.5,3.0,"('עכשיו 14', '2024-11-12', 25)","('עכשיו 14', '2024-11-12', 25)",13,afternoon,62,18,0.378657487091222,0.38178706473863544,0.38067812801326034,0.7333333333333334,6
1256,עכשיו 14,Other_first_short,0.9,2,lt1.5,1.0,"('עכשיו 14', '2024-11-12', 28)","('עכשיו 14', '2024-11-12', 28)",14,afternoon,17,2,0.44736859719049543,0.4536591748783791,0.4469952281899526,0.9666666666666667,10
1259,עכשיו 14,Other_middle_short,0.21666666666666667,1,lt1.5,4.0,"('עכשיו 14', '2024-11-12', 28)","('עכשיו 14', '2024-11-12', 28)",15,afternoon,59,1,0.7358846491473825,0.8124324194827963,0.7388004689301151,1.6000000000000003,12
1264,עכשיו 14,News_first_short,0.18333333333333332,1,lt1.5,1.0,"('עכשיו 14', '2024-11-12', 33)","('עכשיו 14', '2024-11-12', 33)",17,early_evening,56,1,1.7851304173603761,2.0444474758153444,1.7803499587487048,4.466666666666667,14
1267,עכשיו 14,Other_first_short,0.9666666666666667,2,lt1.5,1.0,"('עכשיו 14', '2024-11-12', 36)","('עכשיו 14', '2024-11-12', 36)",18,early_evening,12,1,1.3933649289099526,1.4182333675917247,1.3653715347602897,4.8999999999999995,11
1269,עכשיו 14,Other_first_long,3.183333333333333,5,2.5-3.5,1.0,"('עכשיו 14', '2024-11-12', 38)","('עכשיו 14', '2024-11-12', 38)",19,early_evening,47,44,1.5075757575757576,1.5002333709818236,1.4957928181017186,6.633333333333333,0
1270,עכשיו 14,PrimeShow1_first_standard,2.0,3,1.5-2.5,1.0,"('עכשיו 14', '2024-11-12', 40)","('עכשיו 14', '2024-11-12', 40)",19,early_evening,44,54,1.0816442093805925,1.0810437875884416,1.0782343244632113,5.666666666666667,3
1271,עכשיו 14,News_last_short,1.4666666666666666,2,lt1.5,1.0,"('עכשיו 14', '2024-11-12', 41)","('עכשיו 14', '2024-11-12', 41)",20,late_evening,54,1,1.219392681252338,1.2447580252841115,1.215995163487004,8.433333333333334,14
1273,עכשיו 14,PrimeShow2_middle_short,1.2166666666666666,2,lt1.5,1.0,"('עכשיו 14', '2024-11-12', 43)","('עכשיו 14', '2024-11-12', 43)",21,late_evening,71,1,1.1191134795126907,1.270346762898939,1.1191134795126907,8.1,12
1275,עכשיו 14,Other_last_short,0.45,1,lt1.5,1.0,"('עכשיו 14', '2024-11-12', 46)","('עכשיו 14', '2024-11-12', 46)",22,late_evening,60,59,0.8724089532227856,0.931609661277711,0.8724089532227856,3.5666666666666664,14
1276,עכשיו 14,PrimeShow1_first_standard,1.6333333333333333,2,1.5-2.5,1.0,"('עכשיו 14', '2024-11-12', 48)","('עכשיו 14', '2024-11-12', 48)",23,late_evening,59,38,0.7470213791463686,0.8295692691447517,0.7385750622473154,1.8666666666666665,13
1277,עכשיו 14,Other_middle_short,0.5666666666666667,2,lt1.5,1.0,"('עכשיו 14', '2024-11-13', 0)","('עכשיו 14', '2024-11-13', 0)",0,overnight,38,1,0.9358054712383432,0.9182832757071947,0.9358054712383432,1.5999999999999999,7
1278,עכשיו 14,Other_middle_short,1.4166666666666667,2,lt1.5,1.0,"('עכשיו 14', '2024-11-13', 7)","('עכשיו 14', '2024-11-13', 7)",3,overnight,142,285,1.437707029812293,1.4524323546344273,1.4223679546260193,1.0,1
1279,עכשיו 14,Other_first_short,1.2833333333333334,3,lt1.5,1.0,"('עכשיו 14', '2024-11-13', 18)","('עכשיו 14', '2024-11-13', 18)",7,morning,285,57,1.1527864072920375,1.1934978239384115,1.1451891330831332,2.5,2
1280,עכשיו 14,Other_last_standard,1.5833333333333333,2,1.5-2.5,2.0,"('עכשיו 14', '2024-11-13', 18)","('עכשיו 14', '2024-11-13', 18)",8,morning,56,1,0.979491097138156,1.0146517045572725,0.9933298018815054,2.3333333333333335,1
1281,עכשיו 14,Other_last_standard,1.55,3,1.5-2.5,3.0,"('עכשיו 14', '2024-11-13', 18)","('עכשיו 14', '2024-11-13', 18)",9,morning,22,86,0.7626892871276912,0.764089810573329,0.764089810573329,1.7333333333333334,11
1283,עכשיו 14,Other_middle_standard,1.6,3,1.5-2.5,1.0,"('עכשיו 14', '2024-11-13', 22)","('עכשיו 14', '2024-11-13', 22)",10,morning,85,1,0.5707919531448943,0.5885022817672412,0.5784633736189707,1.0666666666666667,9
1285,עכשיו 14,News_first_short,1.25,3,lt1.5,1.0,"('עכשיו 14', '2024-11-13', 25)","('עכשיו 14', '2024-11-13', 25)",11,morning,58,56,1.0901759530791788,1.0909209637318658,1.0909209637318658,1.8,11
1287,עכשיו 14,News_middle_short,0.4666666666666667,1,lt1.5,3.0,"('עכשיו 14', '2024-11-13', 25)","('עכשיו 14', '2024-11-13', 25)",12,afternoon,54,1,1.1157346387999751,1.1313968879891803,1.1189761892689898,2.1,9
1289,עכשיו 14,News_last_short,1.3666666666666667,3,lt1.5,5.0,"('עכשיו 14', '2024-11-13', 25)","('עכשיו 14', '2024-11-13', 25)",13,afternoon,61,25,1.503260519312614,1.61047319098272,1.50389542670622,2.9,13
1291,עכשיו 14,PrimeShow1_first_short,0.85,2,lt1.5,1.0,"('עכשיו 14', '2024-11-13', 30)","('עכשיו 14', '2024-11-13', 30)",14,afternoon,25,2,1.3883787496008277,1.407967873571968,1.3872355949857524,3.0,10
1294,עכשיו 14,PrimeShow1_middle_short,1.45,2,lt1.5,4.0,"('עכשיו 14', '2024-11-13', 30)","('עכשיו 14', '2024-11-13', 30)",15,afternoon,56,1,0.9866541400751174,0.9851752067076314,0.9866541400751174,2.2,10
1296,עכשיו 14,Other_first_short,0.3333333333333333,1,lt1.5,1.0,"('עכשיו 14', '2024-11-13', 33)","('עכשיו 14', '2024-11-13', 33)",16,afternoon,60,1,1.606646201366645,1.72699627043512,1.606646201366645,3.233333333333333,12
1297,עכשיו 14,Other_first_short,0.5833333333333334,2,lt1.5,2.0,"('עכשיו 14', '2024-11-13', 33)","('עכשיו 14', '2024-11-13', 33)",16,afternoon,60,48,1.606646201366645,1.72699627043512,1.606646201366645,3.233333333333333,12
1299,עכשיו 14,Other_first_short,0.3,1,lt1.5,1.0,"('עכשיו 14', '2024-11-13', 35)","('עכשיו 14', '2024-11-13', 35)",17,early_evening,46,1,1.6496118922779839,1.6496118922779839,1.6496118922779839,4.033333333333333,1
1302,עכשיו 14,PrimeShow2_first_short,0.48333333333333334,2,lt1.5,1.0,"('עכשיו 14', '2024-11-13', 38)","('עכשיו 14', '2024-11-13', 38)",18,early_evening,11,1,1.3744075829383886,1.3614507716232034,1.3535947883207917,4.833333333333333,10
1305,עכשיו 14,Other_first_standard,2.433333333333333,4,1.5-2.5,1.0,"('עכשיו 14', '2024-11-13', 40)","('עכשיו 14', '2024-11-13', 40)",19,early_evening,46,45,1.3333333333333333,1.3269185474068388,1.3230162433606858,5.866666666666667,0
1306,עכשיו 14,PrimeShow1_first_standard,1.6666666666666667,3,1.5-2.5,1.0,"('עכשיו 14', '2024-11-13', 42)","('עכשיו 14', '2024-11-13', 42)",19,early_evening,45,56,1.037082440177666,1.0364925521011668,1.0337323778026952,5.433333333333333,3
1307,עכשיו 14,News_last_short,1.0333333333333334,2,lt1.5,1.0,"('עכשיו 14', '2024-11-13', 43)","('עכשיו 14', '2024-11-13', 43)",20,late_evening,56,71,1.2020088507321989,1.227132145726687,1.2018451149362794,8.4,1
1308,עכשיו 14,PrimeShow2_middle_short,0.7,2,lt1.5,1.0,"('עכשיו 14', '2024-11-13', 45)","('עכשיו 14', '2024-11-13', 45)",21,late_evening,71,60,1.250346140086374,2.234678757833649,1.266822583187344,8.9,13
1310,עכשיו 14,Other_middle_short,0.3333333333333333,1,lt1.5,1.0,"('עכשיו 14', '2024-11-14', 4)","('עכשיו 14', '2024-11-14', 4)",3,overnight,164,203,1.0096153846153846,0.9900628099939738,0.9984949569827256,0.6999999999999998,5
1311,עכשיו 14,PrimeShow1_middle_short,0.4666666666666667,1,lt1.5,1.0,"('עכשיו 14', '2024-11-14', 12)","('עכשיו 14', '2024-11-14', 12)",6,morning,203,71,1.3967048613465318,1.5814364113576715,1.4035649834567057,1.6000000000000003,13
1312,עכשיו 14,Other_first_short,0.7833333333333333,2,lt1.5,1.0,"('עכשיו 14', '2024-11-14', 14)","('עכשיו 14', '2024-11-14', 14)",7,morning,71,1,1.0615384615384615,1.1079078117986845,1.0632193415735116,2.3,9
1313,עכשיו 14,Other_last_short,0.36666666666666664,1,lt1.5,2.0,"('עכשיו 14', '2024-11-14', 14)","('עכשיו 14', '2024-11-14', 14)",8,morning,61,1,0.5716437991366643,0.6059704461494743,0.5713925708095937,1.3999999999999997,13
1314,עכשיו 14,Other_last_short,1.0333333333333334,2,lt1.5,3.0,"('עכשיו 14', '2024-11-14', 14)","('עכשיו 14', '2024-11-14', 14)",9,morning,30,79,0.9435907298468557,0.9305994167541004,0.9435907298468557,2.1,0
1316,עכשיו 14,Other_middle_short,0.3,2,lt1.5,1.0,"('עכשיו 14', '2024-11-14', 18)","('עכשיו 14', '2024-11-14', 18)",10,morning,78,1,1.0514133753570374,1.0557453265916434,1.0557453265916434,2.0,5
1319,עכשיו 14,News_first_short,0.9666666666666667,1,lt1.5,1.0,"('עכשיו 14', '2024-11-14', 21)","('עכשיו 14', '2024-11-14', 21)",11,morning,80,1,1.3211831335046185,1.6000587207145067,1.3148970661747155,2.1666666666666665,13
1321,עכשיו 14,News_middle_short,0.75,2,lt1.5,3.0,"('עכשיו 14', '2024-11-14', 21)","('עכשיו 14', '2024-11-14', 21)",12,afternoon,43,1,0.9557522123893806,0.9724273075811253,0.94686397637782,1.8,13
1323,עכשיו 14,News_last_short,1.0833333333333333,2,lt1.5,5.0,"('עכשיו 14', '2024-11-14', 21)","('עכשיו 14', '2024-11-14', 21)",13,afternoon,34,1,1.001686199780521,1.001686199780521,1.001686199780521,2.0,5
1325,עכשיו 14,PrimeShow1_first_short,1.0,2,lt1.5,1.0,"('עכשיו 14', '2024-11-14', 26)","('עכשיו 14', '2024-11-14', 26)",14,afternoon,47,1,1.0642780346748522,1.0807780255471073,1.0637479395655731,2.3,10
1327,עכשיו 14,PrimeShow1_middle_short,0.8166666666666667,2,lt1.5,3.0,"('עכשיו 14', '2024-11-14', 26)","('עכשיו 14', '2024-11-14', 26)",15,afternoon,60,58,1.203703703703704,1.4782896712766727,1.219492470431332,2.6,13
1329,עכשיו 14,Other_first_short,1.35,2,lt1.5,1.0,"('עכשיו 14', '2024-11-14', 29)","('עכשיו 14', '2024-11-14', 29)",16,afternoon,56,1,1.6392726287728443,1.7613474154732878,1.6392726287728443,3.2999999999999994,12
1331,עכשיו 14,News_first_short,0.38333333333333336,1,lt1.5,1.0,"('עכשיו 14', '2024-11-14', 31)","('עכשיו 14', '2024-11-14', 31)",17,early_evening,54,1,1.6882543579142306,1.6770508826583592,1.6770508826583592,4.199999999999999,9
1335,עכשיו 14,News_first_short,1.05,2,lt1.5,1.0,"('עכשיו 14', '2024-11-14', 34)","('עכשיו 14', '2024-11-14', 34)",18,early_evening,10,1,1.5545023696682465,1.5370655304375271,1.5370655304375271,5.466666666666666,9
1337,עכשיו 14,PrimeShow2_first_standard,2.433333333333333,3,1.5-2.5,1.0,"('עכשיו 14', '2024-11-14', 36)","('עכשיו 14', '2024-11-14', 36)",19,early_evening,48,46,1.4924242424242422,1.6454248908997027,1.4723412158253426,6.566666666666666,1
1338,עכשיו 14,PrimeShow1_first_standard,1.6666666666666667,2,1.5-2.5,1.0,"('עכשיו 14', '2024-11-14', 38)","('עכשיו 14', '2024-11-14', 38)",19,early_evening,46,50,1.3296931666182967,1.4589449689348903,1.3199836325431813,7.0,4
1340,עכשיו 14,PrimeShow2_middle_short,1.35,2,lt1.5,1.0,"('עכשיו 14', '2024-11-14', 41)","('עכשיו 14', '2024-11-14', 41)",21,late_evening,75,1,1.0685593718926574,1.214080582292606,1.0685593718926574,7.733333333333333,12
1341,עכשיו 14,PrimeShow1_first_short,0.45,1,lt1.5,1.0,"('עכשיו 14', '2024-11-14', 46)","('עכשיו 14', '2024-11-14', 46)",23,late_evening,59,1,1.187648366064707,1.323290278959566,1.1754012065610804,2.966666666666667,13
1345,עכשיו 14,Other_last_short,1.3,2,lt1.5,3.0,"('עכשיו 14', '2024-11-15', 12)","('עכשיו 14', '2024-11-15', 12)",9,morning,25,1,2.0129664354840924,2.019660472551162,2.0129664354840924,4.466666666666667,1
1347,עכשיו 14,Other_middle_short,1.35,3,lt1.5,1.0,"('עכשיו 14', '2024-11-15', 16)","('עכשיו 14', '2024-11-15', 16)",10,morning,78,1,1.7070147539111764,1.7044723100191426,1.7067685212705779,3.233333333333333,6
1349,עכשיו 14,Other_last_short,0.5,2,lt1.5,3.0,"('עכשיו 14', '2024-11-15', 16)","('עכשיו 14', '2024-11-15', 16)",11,morning,36,1,1.8449799196787149,1.8752952434939765,1.8752952434939765,3.0666666666666664,0
1352,עכשיו 14,PrimeShow1_first_short,1.0833333333333333,2,lt1.5,1.0,"('עכשיו 14', '2024-11-15', 21)","('עכשיו 14', '2024-11-15', 21)",12,afternoon,76,1,1.2128876461616676,1.2388570217622368,1.2046739170054181,2.2666666666666666,4
1354,עכשיו 14,PrimeShow1_last_short,1.3333333333333333,3,lt1.5,3.0,"('עכשיו 14', '2024-11-15', 21)","('עכשיו 14', '2024-11-15', 21)",13,afternoon,63,52,0.8944762851109888,0.947635255311546,0.916083676700102,1.7333333333333334,9
1356,עכשיו 14,Other_middle_standard,1.65,2,1.5-2.5,1.0,"('עכשיו 14', '2024-11-15', 24)","('עכשיו 14', '2024-11-15', 24)",14,afternoon,51,1,1.3389121338912133,1.3283555791203419,1.3218767971313556,3.2000000000000006,3
1358,עכשיו 14,Other_middle_short,1.0666666666666667,3,lt1.5,1.0,"('עכשיו 14', '2024-11-15', 26)","('עכשיו 14', '2024-11-15', 26)",15,afternoon,50,23,0.9388896529592445,0.9186500473918966,0.9364292315164201,2.066666666666667,11
1360,עכשיו 14,Other_middle_short,0.9166666666666666,2,lt1.5,,,cd:עכשיו 14|2024-11-15,15,afternoon,23,488,0.7870407915010947,0.7731326290334343,0.7802255219221274,1.7,6
1362,עכשיו 14,Other_middle_short,1.0333333333333334,2,lt1.5,1.0,"('עכשיו 14', '2024-11-16', 8)","('עכשיו 14', '2024-11-16', 8)",19,early_evening,1064,91,0.7954545454545453,0.8776266258289498,0.7845902911658195,3.5,1
1365,עכשיו 14,PrimeShow2_middle_short,1.3666666666666667,3,lt1.5,1.0,"('עכשיו 14', '2024-11-16', 12)","('עכשיו 14', '2024-11-16', 12)",21,late_evening,82,99,1.3403759583313395,1.5236676387149088,1.3403759583313395,9.7,12
1366,עכשיו 14,News_last_short,0.7,2,lt1.5,1.0,"('עכשיו 14', '2024-11-16', 14)","('עכשיו 14', '2024-11-16', 14)",23,late_evening,99,41,1.4352954088199095,1.438906430769985,1.438906430769985,3.933333333333333,8
1368,עכשיו 14,Other_first_standard,1.65,3,1.5-2.5,1.0,"('עכשיו 14', '2024-11-17', 0)","('עכשיו 14', '2024-11-17', 0)",0,overnight,40,53,1.3170192631769984,1.315902813857782,1.3202170818690326,2.4333333333333336,5
1369,עכשיו 14,Other_middle_short,0.9333333333333333,2,lt1.5,1.0,"('עכשיו 14', '2024-11-17', 2)","('עכשיו 14', '2024-11-17', 2)",1,overnight,53,1,1.3018346318170395,1.2874702969030525,1.3005852773168645,1.5,0
1370,עכשיו 14,Other_middle_standard,1.9166666666666667,3,1.5-2.5,1.0,"('עכשיו 14', '2024-11-17', 7)","('עכשיו 14', '2024-11-17', 7)",3,overnight,105,204,1.0080051527419946,1.034540072859745,1.0080051527419949,0.6999999999999998,2
1371,עכשיו 14,PrimeShow1_middle_short,0.7,1,lt1.5,1.0,"('עכשיו 14', '2024-11-17', 16)","('עכשיו 14', '2024-11-17', 16)",6,morning,204,71,0.7856464845074242,0.8895579813886902,0.7895053031943968,0.9,13
1372,עכשיו 14,Other_first_short,0.6166666666666667,2,lt1.5,1.0,"('עכשיו 14', '2024-11-17', 18)","('עכשיו 14', '2024-11-17', 18)",7,morning,71,60,0.953846153846154,0.9950902307759533,0.9550729090350484,2.066666666666667,9
1374,עכשיו 14,Other_last_short,0.45,2,lt1.5,3.0,"('עכשיו 14', '2024-11-17', 18)","('עכשיו 14', '2024-11-17', 18)",8,morning,59,2,1.0137149037651711,1.0723967588492784,1.0141455808972921,2.533333333333333,10
1376,עכשיו 14,Other_last_short,1.25,2,lt1.5,5.0,"('עכשיו 14', '2024-11-17', 18)","('עכשיו 14', '2024-11-17', 18)",9,morning,32,1,1.051618714684772,1.055950321704893,1.051618714684772,2.3333333333333335,1
1378,עכשיו 14,Other_middle_standard,1.7166666666666666,2,1.5-2.5,1.0,"('עכשיו 14', '2024-11-17', 22)","('עכשיו 14', '2024-11-17', 22)",10,morning,86,1,1.6443373944141235,1.8053922912440374,1.624675786676103,3.0,0
1380,עכשיו 14,News_first_short,1.4333333333333333,2,lt1.5,1.0,"('עכשיו 14', '2024-11-17', 25)","('עכשיו 14', '2024-11-17', 25)",11,morning,69,1,1.3665725155966124,1.4270677145174524,1.357152841059916,2.233333333333333,12
1382,עכשיו 14,News_middle_short,0.85,2,lt1.5,3.0,"('עכשיו 14', '2024-11-17', 25)","('עכשיו 14', '2024-11-17', 25)",12,afternoon,34,1,1.8192679206914082,1.8572482943782,1.8064752371609185,3.4,4
1385,עכשיו 14,News_last_short,0.9833333333333333,2,lt1.5,6.0,"('עכשיו 14', '2024-11-17', 25)","('עכשיו 14', '2024-11-17', 25)",13,afternoon,50,1,1.3798185941043084,1.458569212157033,1.4132455681672214,2.6999999999999997,12
1387,עכשיו 14,PrimeShow1_first_short,0.6,2,lt1.5,1.0,"('עכשיו 14', '2024-11-17', 30)","('עכשיו 14', '2024-11-17', 30)",14,afternoon,39,1,1.3460596759670367,1.3303641971447338,1.3303641971447338,2.9,9
1390,עכשיו 14,PrimeShow1_middle_short,1.3166666666666667,2,lt1.5,4.0,"('עכשיו 14', '2024-11-17', 30)","('עכשיו 14', '2024-11-17', 30)",15,afternoon,57,1,1.1514550725306913,1.149398784728767,1.1511380062094763,2.566666666666667,10
1392,עכשיו 14,Other_first_short,0.31666666666666665,1,lt1.5,1.0,"('עכשיו 14', '2024-11-17', 33)","('עכשיו 14', '2024-11-17', 33)",16,afternoon,55,1,1.6362003791252544,1.5975093520508377,1.6007823921370798,3.3666666666666667,8
1395,עכשיו 14,News_middle_short,0.6166666666666667,2,lt1.5,1.0,"('עכשיו 14', '2024-11-17', 35)","('עכשיו 14', '2024-11-17', 35)",17,early_evening,69,1,1.3773586526156674,1.6703558946221204,1.3822449331614652,3.5,4
1399,עכשיו 14,PrimeShow2_first_standard,1.6666666666666667,3,1.5-2.5,1.0,"('עכשיו 14', '2024-11-17', 37)","('עכשיו 14', '2024-11-17', 37)",17,early_evening,33,14,1.2835433468036872,1.304614129712302,1.2835433468036872,4.166666666666667,11
1400,עכשיו 14,Other_first_short,0.43333333333333335,1,lt1.5,1.0,"('עכשיו 14', '2024-11-17', 38)","('עכשיו 14', '2024-11-17', 38)",18,early_evening,14,1,1.363638807013143,1.6331948440804682,1.3391617381268592,4.8,12
1403,עכשיו 14,Other_first_short,1.0,2,lt1.5,1.0,"('עכשיו 14', '2024-11-17', 40)","('עכשיו 14', '2024-11-17', 40)",19,early_evening,45,47,1.2878787878787878,1.4229139251989145,1.2706395533692938,5.666666666666667,1
1405,עכשיו 14,PrimeShow1_first_standard,1.6666666666666667,3,1.5-2.5,1.0,"('עכשיו 14', '2024-11-17', 42)","('עכשיו 14', '2024-11-17', 42)",19,early_evening,45,39,1.2726658232997268,1.3982560171623544,1.2634114628956337,6.7,4
1406,עכשיו 14,News_middle_short,1.3,3,lt1.5,1.0,"('עכשיו 14', '2024-11-17', 43)","('עכשיו 14', '2024-11-17', 43)",20,late_evening,39,84,1.157993436474449,1.144621180520644,1.1380865077628795,8.233333333333333,0
1408,עכשיו 14,PrimeShow2_middle_short,0.8666666666666667,2,lt1.5,1.0,"('עכשיו 14', '2024-11-17', 45)","('עכשיו 14', '2024-11-17', 45)",21,late_evening,83,1,1.3527749887503078,1.381791393854965,1.3527749887503078,9.933333333333332,11
1410,עכשיו 14,Other_middle_short,0.45,1,lt1.5,1.0,"('עכשיו 14', '2024-11-17', 49)","('עכשיו 14', '2024-11-17', 49)",22,late_evening,37,58,1.0278062957024343,1.098476518103074,1.0278062957024343,4.2,14
1411,עכשיו 14,PrimeShow1_first_standard,1.6166666666666667,2,1.5-2.5,1.0,"('עכשיו 14', '2024-11-17', 51)","('עכשיו 14', '2024-11-17', 51)",23,late_evening,58,1,1.108372751275951,1.0937523949267216,1.0915715120759293,2.7999999999999994,12
1412,עכשיו 14,Other_first_short,1.4833333333333334,3,lt1.5,1.0,"('עכשיו 14', '2024-11-18', 0)","('עכשיו 14', '2024-11-18', 0)",0,overnight,14,81,0.953538838739985,0.9506494140395322,0.9530109113827893,1.9333333333333333,13
1413,עכשיו 14,Other_middle_standard,1.5,2,lt1.5,1.0,"('עכשיו 14', '2024-11-18', 2)","('עכשיו 14', '2024-11-18', 2)",1,overnight,80,1,0.993384744736162,1.0071457326892108,0.9966850747691653,1.0,6
1414,עכשיו 14,Other_middle_standard,1.5666666666666667,3,1.5-2.5,1.0,"('עכשיו 14', '2024-11-18', 6)","('עכשיו 14', '2024-11-18', 6)",2,overnight,80,19,1.291866028708134,1.2838045891931902,1.273979135831299,0.9,13
1415,עכשיו 14,Other_last_short,1.15,3,lt1.5,2.0,"('עכשיו 14', '2024-11-18', 6)","('עכשיו 14', '2024-11-18', 6)",3,overnight,19,185,1.5075376884422111,1.4765661827364138,1.4707521298285322,1.0,4
1416,עכשיו 14,PrimeShow1_middle_short,0.7166666666666667,2,lt1.5,1.0,"('עכשיו 14', '2024-11-18', 17)","('עכשיו 14', '2024-11-18', 17)",6,morning,185,1,1.0235688069096476,1.0152085640457733,1.0137663726276396,1.1666666666666667,11
1418,עכשיו 14,Other_first_standard,1.6,3,1.5-2.5,1.0,"('עכשיו 14', '2024-11-18', 19)","('עכשיו 14', '2024-11-18', 19)",7,morning,74,57,1.1975460122699386,1.300370280365664,1.19761198528615,2.6,12
1419,עכשיו 14,Other_last_short,1.0666666666666667,2,lt1.5,2.0,"('עכשיו 14', '2024-11-18', 19)","('עכשיו 14', '2024-11-18', 19)",8,morning,57,1,1.1651790360727987,1.2252700549824171,1.1610654514916485,2.9,11
1420,עכשיו 14,Other_last_standard,1.6,3,1.5-2.5,3.0,"('עכשיו 14', '2024-11-18', 19)","('עכשיו 14', '2024-11-18', 19)",9,morning,31,88,1.1533523274667628,1.1373163503171135,1.1533523274667628,2.566666666666667,0
1422,עכשיו 14,Other_middle_short,1.0,2,lt1.5,1.0,"('עכשיו 14', '2024-11-18', 23)","('עכשיו 14', '2024-11-18', 23)",10,morning,88,1,1.3154699155312988,1.4455916808304548,1.2999382630071186,2.4,0
1424,עכשיו 14,News_first_standard,2.033333333333333,3,1.5-2.5,1.0,"('עכשיו 14', '2024-11-18', 26)","('עכשיו 14', '2024-11-18', 26)",11,morning,68,1,0.981603285366098,1.0013913418795248,0.9790468371524028,1.6000000000000003,11
1426,עכשיו 14,News_middle_standard,1.6,3,1.5-2.5,3.0,"('עכשיו 14', '2024-11-18', 26)","('עכשיו 14', '2024-11-18', 26)",12,afternoon,40,55,1.0094458043055294,1.023462205833587,1.0124355219523817,1.8999999999999997,9
1428,עכשיו 14,News_last_standard,1.9333333333333333,3,1.5-2.5,5.0,"('עכשיו 14', '2024-11-18', 26)","('עכשיו 14', '2024-11-18', 26)",13,afternoon,53,34,0.945017182130584,0.9835353179236707,0.9469335877867461,1.8333333333333333,6
1430,עכשיו 14,PrimeShow1_first_standard,2.183333333333333,3,1.5-2.5,1.0,"('עכשיו 14', '2024-11-18', 31)","('עכשיו 14', '2024-11-18', 31)",14,afternoon,33,1,0.8132839520134197,0.8851023683212852,0.8161372069573046,1.7666666666666666,12
1432,עכשיו 14,PrimeShow1_middle_short,0.85,2,lt1.5,3.0,"('עכשיו 14', '2024-11-18', 31)","('עכשיו 14', '2024-11-18', 31)",15,afternoon,55,1,1.1809535976044379,1.1788703294442142,1.1806365312832225,2.6333333333333333,10
1434,עכשיו 14,Other_first_long,3.0166666666666666,4,2.5-3.5,1.0,"('עכשיו 14', '2024-11-18', 34)","('עכשיו 14', '2024-11-18', 34)",16,afternoon,64,1,1.7003367003367,3.425215448451963,1.7221437631582386,3.3666666666666667,2
1436,עכשיו 14,News_last_short,0.2833333333333333,1,lt1.5,1.0,"('עכשיו 14', '2024-11-18', 36)","('עכשיו 14', '2024-11-18', 36)",17,early_evening,90,1,2.0512682858446047,2.0560699118304275,2.0560699118304275,6.5,7
1441,עכשיו 14,Other_first_short,0.5333333333333333,2,lt1.5,1.0,"('עכשיו 14', '2024-11-18', 39)","('עכשיו 14', '2024-11-18', 39)",18,early_evening,14,1,1.5292875701786854,2.621696221649351,1.5299011562681244,5.400000000000001,13
1444,עכשיו 14,Other_first_long,3.216666666666667,4,2.5-3.5,1.0,"('עכשיו 14', '2024-11-18', 41)","('עכשיו 14', '2024-11-18', 41)",19,early_evening,42,45,1.4696969696969695,1.4626800508999562,1.4583740602283395,6.466666666666666,0
1445,עכשיו 14,PrimeShow1_first_standard,1.6666666666666667,3,1.5-2.5,1.0,"('עכשיו 14', '2024-11-18', 43)","('עכשיו 14', '2024-11-18', 43)",19,early_evening,45,51,1.393390987937049,1.3926009592631658,1.3889042972562844,7.3,3
1447,עכשיו 14,PrimeShow2_middle_short,0.4666666666666667,1,lt1.5,1.0,"('עכשיו 14', '2024-11-18', 46)","('עכשיו 14', '2024-11-18', 46)",21,late_evening,69,1,1.3828540080251575,1.3806109254910954,1.3824244185252619,10.366666666666667,9
1449,עכשיו 14,Other_middle_short,1.2,3,lt1.5,1.0,"('עכשיו 14', '2024-11-18', 49)","('עכשיו 14', '2024-11-18', 49)",22,late_evening,58,1,1.2126053806900876,1.2422233505305538,1.2126053806900876,5.233333333333333,12
1450,עכשיו 14,PrimeShow1_first_short,0.31666666666666665,1,lt1.5,1.0,"('עכשיו 14', '2024-11-18', 51)","('עכשיו 14', '2024-11-18', 51)",23,late_evening,56,1,0.7345127394859309,0.721844573132651,0.7228537593157881,1.8666666666666665,11
1452,עכשיו 14,Other_middle_short,1.2333333333333334,3,lt1.5,1.0,"('עכשיו 14', '2024-11-19', 0)","('עכשיו 14', '2024-11-19', 0)",0,overnight,37,32,0.7505505072127964,0.744253933009694,0.7505505072127964,1.3,6
1453,עכשיו 14,Other_last_short,1.4166666666666667,3,lt1.5,1.0,"('עכשיו 14', '2024-11-19', 7)","('עכשיו 14', '2024-11-19', 7)",3,overnight,115,199,0.8315176203107238,0.830412119755251,0.8404722923779184,0.5666666666666667,7
1454,עכשיו 14,PrimeShow1_middle_short,0.75,2,lt1.5,1.0,"('עכשיו 14', '2024-11-19', 16)","('עכשיו 14', '2024-11-19', 16)",6,morning,199,74,1.1057529324021969,1.2546140539250776,1.110898023984827,1.2666666666666666,13
1455,עכשיו 14,Other_last_short,0.7,2,lt1.5,1.0,"('עכשיו 14', '2024-11-19', 18)","('עכשיו 14', '2024-11-19', 18)",8,morning,56,1,0.9472060427139019,1.002031725169279,0.9473350794771628,2.3666666666666667,10
1456,עכשיו 14,Other_last_standard,1.6333333333333333,2,1.5-2.5,2.0,"('עכשיו 14', '2024-11-19', 18)","('עכשיו 14', '2024-11-19', 18)",9,morning,33,1,1.3929196488215487,1.3737419961608148,1.3929196488215487,3.1,0
1458,עכשיו 14,Other_middle_standard,1.6833333333333333,3,1.5-2.5,1.0,"('עכשיו 14', '2024-11-19', 22)","('עכשיו 14', '2024-11-19', 22)",10,morning,84,74,1.3668127900979885,1.3845633522742868,1.3836218560048572,2.533333333333333,11
1460,עכשיו 14,News_first_short,0.6666666666666666,1,lt1.5,1.0,"('עכשיו 14', '2024-11-19', 25)","('עכשיו 14', '2024-11-19', 25)",11,morning,72,1,1.0401212902483268,1.087871579025472,1.0330979769753201,1.7,12
1462,עכשיו 14,News_middle_short,1.15,2,lt1.5,3.0,"('עכשיו 14', '2024-11-19', 25)","('עכשיו 14', '2024-11-19', 25)",12,afternoon,40,1,1.168141592920354,1.1858771110027835,1.1757827687184863,2.2,10
1464,עכשיו 14,News_last_short,1.45,2,lt1.5,5.0,"('עכשיו 14', '2024-11-19', 25)","('עכשיו 14', '2024-11-19', 25)",13,afternoon,55,1,0.980505231529949,1.0382464054050333,1.0036284488624532,1.8999999999999997,9
1466,עכשיו 14,PrimeShow1_first_standard,2.3333333333333335,4,1.5-2.5,1.0,"('עכשיו 14', '2024-11-19', 30)","('עכשיו 14', '2024-11-19', 30)",14,afternoon,27,58,1.407979402831444,1.3913674176733304,1.3913674176733304,3.033333333333333,9
1468,עכשיו 14,PrimeShow1_middle_standard,2.5166666666666666,4,2.5-3.5,3.0,"('עכשיו 14', '2024-11-19', 30)","('עכשיו 14', '2024-11-19', 30)",15,afternoon,57,56,1.584426303565469,1.5820599648471372,1.584426303565469,3.533333333333333,10
1470,עכשיו 14,Other_first_short,0.3333333333333333,2,lt1.5,1.0,"('עכשיו 14', '2024-11-19', 33)","('עכשיו 14', '2024-11-19', 33)",16,afternoon,55,1,1.4472149045238336,1.4403320080920905,1.4351404717365892,2.966666666666667,9
1473,עכשיו 14,Other_middle_standard,1.6666666666666667,2,1.5-2.5,4.0,"('עכשיו 14', '2024-11-19', 33)","('עכשיו 14', '2024-11-19', 33)",16,afternoon,22,39,1.4967486806881094,1.4965714006807795,1.4965714006807795,3.1666666666666665,6
1474,עכשיו 14,News_first_standard,2.9166666666666665,4,2.5-3.5,1.0,"('עכשיו 14', '2024-11-19', 36)","('עכשיו 14', '2024-11-19', 36)",17,early_evening,39,2,1.537797695580358,1.889976826655609,1.54869516585958,3.8666666666666667,1
1476,עכשיו 14,PrimeShow2_first_standard,1.6833333333333333,3,1.5-2.5,1.0,"('עכשיו 14', '2024-11-19', 38)","('עכשיו 14', '2024-11-19', 38)",17,early_evening,37,12,1.3478723249901525,1.4099830221217395,1.3456904729565693,4.5,13
1479,עכשיו 14,Other_first_long,3.45,5,2.5-3.5,1.0,"('עכשיו 14', '2024-11-19', 41)","('עכשיו 14', '2024-11-19', 41)",19,early_evening,42,44,1.3560606060606062,1.3495349186324628,1.3455653334820656,5.966666666666666,0
1480,עכשיו 14,PrimeShow1_first_standard,1.6666666666666667,3,1.5-2.5,1.0,"('עכשיו 14', '2024-11-19', 43)","('עכשיו 14', '2024-11-19', 43)",19,early_evening,44,43,1.2216830198202253,1.2210193957341637,1.2179141996483829,6.3999999999999995,3
1483,עכשיו 14,PrimeShow2_middle_short,0.7,2,lt1.5,1.0,"('עכשיו 14', '2024-11-19', 46)","('עכשיו 14', '2024-11-19', 46)",21,late_evening,78,1,1.2839874777746318,1.2842574760439565,1.2839874777746318,9.533333333333333,10
1486,עכשיו 14,PrimeShow1_first_short,0.9333333333333333,1,lt1.5,1.0,"('עכשיו 14', '2024-11-19', 51)","('עכשיו 14', '2024-11-19', 51)",23,late_evening,58,1,1.081726695100124,1.067431066970897,1.0656014179716229,2.733333333333333,12
1488,עכשיו 14,Other_middle_standard,1.55,3,1.5-2.5,1.0,"('עכשיו 14', '2024-11-20', 0)","('עכשיו 14', '2024-11-20', 0)",0,overnight,15,83,0.8991436778305785,0.8949722603179313,0.8967524520350975,1.8,14
1490,עכשיו 14,Other_middle_standard,1.75,3,1.5-2.5,1.0,"('עכשיו 14', '2024-11-20', 4)","('עכשיו 14', '2024-11-20', 4)",1,overnight,81,1,0.8009037734026029,0.7953477868112016,0.8035973760962056,0.8000000000000002,9
1492,עכשיו 14,Other_middle_standard,1.95,3,1.5-2.5,1.0,"('עכשיו 14', '2024-11-20', 8)","('עכשיו 14', '2024-11-20', 8)",3,overnight,81,202,0.14423076923076925,0.14705266829438438,0.1437707029812293,0.10000000000000002,3
1493,עכשיו 14,PrimeShow1_middle_short,0.9166666666666666,2,lt1.5,1.0,"('עכשיו 14', '2024-11-20', 17)","('עכשיו 14', '2024-11-20', 17)",6,morning,202,1,1.108048161853772,1.1164141414141415,1.1051183607619939,1.2666666666666666,12
1494,עכשיו 14,Other_first_short,0.5833333333333334,1,lt1.5,1.0,"('עכשיו 14', '2024-11-20', 19)","('עכשיו 14', '2024-11-20', 19)",7,morning,71,1,1.0142991977347806,1.066463905652584,1.0108186648885142,2.1999999999999997,10
1495,עכשיו 14,Other_last_standard,1.65,3,1.5-2.5,2.0,"('עכשיו 14', '2024-11-20', 19)","('עכשיו 14', '2024-11-20', 19)",8,morning,61,1,0.979004518752458,1.027831945046303,0.9750455928964022,2.433333333333333,12
1497,עכשיו 14,Other_last_short,1.4333333333333333,3,lt1.5,4.0,"('עכשיו 14', '2024-11-20', 19)","('עכשיו 14', '2024-11-20', 19)",9,morning,31,77,0.8619497412743792,0.9070796741343443,0.8619497412743792,1.8999999999999997,2
1499,עכשיו 14,Other_middle_standard,1.65,2,1.5-2.5,1.0,"('עכשיו 14', '2024-11-20', 23)","('עכשיו 14', '2024-11-20', 23)",10,morning,76,1,0.8445962612733148,0.8434829467271644,0.8445962612733148,1.6000000000000003,6
1501,עכשיו 14,News_first_short,0.9,2,lt1.5,1.0,"('עכשיו 14', '2024-11-20', 26)","('עכשיו 14', '2024-11-20', 26)",11,morning,79,44,0.9789376849396018,1.0238791332004442,0.972327507741478,1.6000000000000003,12
1503,עכשיו 14,News_middle_standard,1.85,3,1.5-2.5,3.0,"('עכשיו 14', '2024-11-20', 26)","('עכשיו 14', '2024-11-20', 26)",12,afternoon,42,1,0.7787610619469026,0.7880248011950725,0.778444995429096,1.4666666666666668,12
1505,עכשיו 14,News_last_short,1.35,3,lt1.5,5.0,"('עכשיו 14', '2024-11-20', 26)","('עכשיו 14', '2024-11-20', 26)",13,afternoon,48,36,0.9169172394043527,0.9234758040817194,0.9029304029304029,1.7666666666666666,4
1507,עכשיו 14,PrimeShow1_first_standard,2.1166666666666667,3,1.5-2.5,1.0,"('עכשיו 14', '2024-11-20', 31)","('עכשיו 14', '2024-11-20', 31)",14,afternoon,35,1,1.150848623637066,1.2532122650353008,1.154747714097674,2.5,12
1509,עכשיו 14,PrimeShow1_middle_standard,1.8833333333333333,3,1.5-2.5,3.0,"('עכשיו 14', '2024-11-20', 31)","('עכשיו 14', '2024-11-20', 31)",15,afternoon,55,61,1.06233588183078,1.1028857841578612,1.0621773486701724,2.333333333333333,11
1511,עכשיו 14,Other_first_standard,2.7666666666666666,4,2.5-3.5,1.0,"('עכשיו 14', '2024-11-20', 34)","('עכשיו 14', '2024-11-20', 34)",16,afternoon,60,1,1.6638749302065883,2.4539533852683593,1.6791256842500768,3.2999999999999994,14
1513,עכשיו 14,News_first_standard,2.0166666666666666,3,1.5-2.5,1.0,"('עכשיו 14', '2024-11-20', 36)","('עכשיו 14', '2024-11-20', 36)",17,early_evening,58,2,1.571879178363387,1.9395937586877954,1.578794366243722,3.9666666666666663,2
1517,עכשיו 14,PrimeShow2_first_standard,1.6833333333333333,3,1.5-2.5,1.0,"('עכשיו 14', '2024-11-20', 38)","('עכשיו 14', '2024-11-20', 38)",17,early_evening,35,15,1.4774905856076848,1.52280204229721,1.4774905856076848,4.866666666666667,12
1519,עכשיו 14,Other_first_long,4.683333333333334,6,3.5-5,1.0,"('עכשיו 14', '2024-11-20', 41)","('עכשיו 14', '2024-11-20', 41)",18,early_evening,41,44,1.2490723562152133,1.2521198380911338,1.2521198380911338,5.5,14
1520,עכשיו 14,PrimeShow1_first_standard,1.8,3,1.5-2.5,1.0,"('עכשיו 14', '2024-11-20', 43)","('עכשיו 14', '2024-11-20', 43)",19,early_evening,44,45,1.2089400964255332,1.2082764723394714,1.205171276253691,6.333333333333333,3
1522,עכשיו 14,PrimeShow2_middle_short,1.3833333333333333,2,lt1.5,1.0,"('עכשיו 14', '2024-11-20', 46)","('עכשיו 14', '2024-11-20', 46)",21,late_evening,78,1,1.311808599147217,1.3396461253270668,1.311808599147217,9.633333333333333,11
1524,עכשיו 14,News_first_short,0.6833333333333333,2,lt1.5,1.0,"('עכשיו 14', '2024-11-20', 49)","('עכשיו 14', '2024-11-20', 49)",22,late_evening,59,57,1.252290727379853,1.2748617796219455,1.252290727379853,5.266666666666667,13
1526,עכשיו 14,Other_middle_short,0.9166666666666666,2,lt1.5,1.0,"('עכשיו 14', '2024-11-21', 2)","('עכשיו 14', '2024-11-21', 2)",1,overnight,86,93,0.8133172305906197,0.8041307443658311,0.8093663965256505,0.9,11
1527,עכשיו 14,Other_middle_long,3.1333333333333333,4,2.5-3.5,1.0,"('עכשיו 14', '2024-11-21', 6)","('עכשיו 14', '2024-11-21', 6)",3,overnight,93,30,0.7177033492822966,0.7095495106505468,0.7012141084721729,0.5,0
1528,עכשיו 14,Other_first_short,0.9833333333333333,2,lt1.5,1.0,"('עכשיו 14', '2024-11-21', 8)","('עכשיו 14', '2024-11-21', 8)",3,overnight,30,172,1.1426342900754565,1.1327268392483278,1.1327268392483278,0.7333333333333334,3
1529,עכשיו 14,PrimeShow1_middle_standard,1.5833333333333333,3,1.5-2.5,1.0,"('עכשיו 14', '2024-11-21', 16)","('עכשיו 14', '2024-11-21', 16)",6,morning,172,1,1.49097982852877,1.4789036544850498,1.4765437048917402,1.7,11
1530,עכשיו 14,Other_first_standard,2.35,3,1.5-2.5,1.0,"('עכשיו 14', '2024-11-21', 18)","('עכשיו 14', '2024-11-21', 18)",7,morning,67,1,1.6461538461538463,1.6356173641990812,1.6347749163135774,3.5666666666666664,6
1532,עכשיו 14,Other_last_short,0.9333333333333333,2,lt1.5,3.0,"('עכשיו 14', '2024-11-21', 18)","('עכשיו 14', '2024-11-21', 18)",8,morning,64,1,1.2837995337995338,1.3617356924999593,1.2918285418285418,3.1,14
1535,עכשיו 14,Other_last_standard,2.716666666666667,4,2.5-3.5,6.0,"('עכשיו 14', '2024-11-21', 18)","('עכשיו 14', '2024-11-21', 18)",9,morning,26,79,1.1717617529019058,1.1759407224107952,1.1717617529019058,2.6,1
1537,עכשיו 14,Other_middle_standard,2.7,4,2.5-3.5,1.0,"('עכשיו 14', '2024-11-21', 22)","('עכשיו 14', '2024-11-21', 22)",10,morning,77,1,1.227043995393813,1.2371988279181958,1.2279932775092863,2.3,8
1539,עכשיו 14,News_first_standard,2.2,3,1.5-2.5,1.0,"('עכשיו 14', '2024-11-21', 25)","('עכשיו 14', '2024-11-21', 25)",11,morning,74,41,1.3289623050983275,1.3553710571145672,1.3244001804874792,2.1666666666666665,11
1541,עכשיו 14,News_middle_short,1.4166666666666667,2,lt1.5,3.0,"('עכשיו 14', '2024-11-21', 25)","('עכשיו 14', '2024-11-21', 25)",12,afternoon,39,1,1.2750894370175108,1.2927943652634781,1.2788659224661663,2.4,9
1543,עכשיו 14,News_last_standard,2.1,3,1.5-2.5,5.0,"('עכשיו 14', '2024-11-21', 25)","('עכשיו 14', '2024-11-21', 25)",13,afternoon,47,1,1.284983360455059,1.348264456660086,1.3205069108403453,2.5,14
1545,עכשיו 14,PrimeShow1_first_standard,1.7833333333333334,3,1.5-2.5,1.0,"('עכשיו 14', '2024-11-21', 30)","('עכשיו 14', '2024-11-21', 30)",14,afternoon,40,56,1.380368098159509,1.5728549508172571,1.3897021924740607,3.0,13
1547,עכשיו 14,PrimeShow1_middle_standard,1.9833333333333334,3,1.5-2.5,3.0,"('עכשיו 14', '2024-11-21', 30)","('עכשיו 14', '2024-11-21', 30)",15,afternoon,54,60,1.4423174998129478,1.5008747733723873,1.4423174998129478,3.1666666666666665,11
1549,עכשיו 14,Other_first_long,3.183333333333333,4,2.5-3.5,1.0,"('עכשיו 14', '2024-11-21', 33)","('עכשיו 14', '2024-11-21', 33)",16,afternoon,58,1,1.1378589986747052,1.4409243392256528,1.1399099651926765,2.266666666666667,13
1551,עכשיו 14,News_first_short,0.95,2,lt1.5,1.0,"('עכשיו 14', '2024-11-21', 35)","('עכשיו 14', '2024-11-21', 35)",17,early_evening,60,2,1.5143851379068198,1.8482126026431238,1.5209884334527632,3.8333333333333335,3
1555,עכשיו 14,PrimeShow2_first_standard,1.6666666666666667,3,1.5-2.5,1.0,"('עכשיו 14', '2024-11-21', 37)","('עכשיו 14', '2024-11-21', 37)",17,early_evening,32,13,1.3453160188764404,1.3674718465590026,1.3453160188764404,4.366666666666666,11
1556,עכשיו 14,News_first_short,0.43333333333333335,1,lt1.5,1.0,"('עכשיו 14', '2024-11-21', 38)","('עכשיו 14', '2024-11-21', 38)",18,early_evening,13,1,1.2701421800947867,1.2938030172435842,1.244551923311864,4.466666666666667,11
1559,עכשיו 14,PrimeShow2_first_long,4.233333333333333,6,3.5-5,1.0,"('עכשיו 14', '2024-11-21', 40)","('עכשיו 14', '2024-11-21', 40)",19,early_evening,44,43,1.1287878787878787,1.1231391389118233,1.1197750836996223,4.966666666666666,0
1560,עכשיו 14,PrimeShow1_first_standard,1.6666666666666667,3,1.5-2.5,1.0,"('עכשיו 14', '2024-11-21', 42)","('עכשיו 14', '2024-11-21', 42)",19,early_evening,43,43,1.1452456741613821,1.1445925837909723,1.1415366765319501,6.0,3
1562,עכשיו 14,PrimeShow2_middle_short,0.5333333333333333,2,lt1.5,1.0,"('עכשיו 14', '2024-11-21', 45)","('עכשיו 14', '2024-11-21', 45)",21,late_evening,74,3,0.9980682326451689,0.9920244511232461,0.9920244511232461,7.533333333333334,7
1566,עכשיו 14,PrimeShow2_first_short,1.0833333333333333,2,lt1.5,1.0,"('עכשיו 14', '2024-11-21', 50)","('עכשיו 14', '2024-11-21', 50)",23,late_evening,53,4,1.03849126344086,1.0472166208606677,1.0472166208606677,2.6666666666666665,7
1569,עכשיו 14,Other_middle_standard,2.3666666666666667,4,1.5-2.5,1.0,"('עכשיו 14', '2024-11-22', 1)","('עכשיו 14', '2024-11-22', 1)",3,overnight,184,101,1.2019230769230769,1.2205266829438437,1.1973224144276775,0.8333333333333334,3
1570,עכשיו 14,Other_middle_short,0.9166666666666666,2,lt1.5,1.0,"('עכשיו 14', '2024-11-22', 5)","('עכשיו 14', '2024-11-22', 5)",4,overnight,101,34,1.8182263421757987,1.7913376330554243,1.8000573723465287,1.0,2
1571,עכשיו 14,Other_middle_short,0.9166666666666666,2,lt1.5,1.0,"('עכשיו 14', '2024-11-22', 7)","('עכשיו 14', '2024-11-22', 7)",5,overnight,34,37,1.9396732299958106,1.9135518624960082,1.9068991337949395,1.0,7
1572,עכשיו 14,Other_first_standard,1.75,2,1.5-2.5,1.0,"('עכשיו 14', '2024-11-22', 10)","('עכשיו 14', '2024-11-22', 10)",6,morning,37,26,1.5484336579758058,1.5288792305979673,1.5288792305979673,1.2666666666666666,0
1573,עכשיו 14,PrimeShow1_middle_short,0.8,2,lt1.5,1.0,"('עכשיו 14', '2024-11-22', 12)","('עכשיו 14', '2024-11-22', 12)",6,morning,26,82,1.2244967346383677,1.2353535353535354,1.2222549457932075,1.3999999999999997,12
1575,עכשיו 14,Other_first_short,0.75,1,lt1.5,1.0,"('עכשיו 14', '2024-11-22', 14)","('עכשיו 14', '2024-11-22', 14)",7,morning,81,1,1.059365958930574,1.1025711359494867,1.057267591165896,2.3,5
1578,עכשיו 14,Other_last_short,0.6,1,lt1.5,4.0,"('עכשיו 14', '2024-11-22', 14)","('עכשיו 14', '2024-11-22', 14)",8,morning,50,1,1.2657826980883282,1.3417917021881216,1.265226406792672,3.1,13
1581,עכשיו 14,Other_last_short,0.7333333333333333,2,lt1.5,7.0,"('עכשיו 14', '2024-11-22', 14)","('עכשיו 14', '2024-11-22', 14)",9,morning,27,3,1.1867090307011914,1.1897790772051395,1.1867090307011914,2.6333333333333333,1
1584,עכשיו 14,Other_last_short,0.75,1,lt1.5,1.0,"('עכשיו 14', '2024-11-22', 18)","('עכשיו 14', '2024-11-22', 18)",10,morning,83,1,1.692999697620249,1.7645732741257039,1.6657228858067679,3.1,14
1587,עכשיו 14,Other_first_short,0.5,1,lt1.5,1.0,"('עכשיו 14', '2024-11-22', 20)","('עכשיו 14', '2024-11-22', 20)",11,morning,28,1,1.287574540586589,1.3246940308295294,1.3105534882161656,2.1333333333333333,1
1590,עכשיו 14,PrimeShow1_middle_short,0.75,2,lt1.5,1.0,"('עכשיו 14', '2024-11-22', 23)","('עכשיו 14', '2024-11-22', 23)",12,afternoon,85,1,1.4353229147053286,1.4844126434803628,1.4278985507246376,2.7000000000000006,0
1593,עכשיו 14,PrimeShow1_last_short,0.85,2,lt1.5,4.0,"('עכשיו 14', '2024-11-22', 23)","('עכשיו 14', '2024-11-22', 23)",13,afternoon,50,1,1.5834767641996557,1.6345119010163123,1.6000321532508428,3.0666666666666664,10
1596,עכשיו 14,Other_last_short,0.5,1,lt1.5,1.0,"('עכשיו 14', '2024-11-22', 26)","('עכשיו 14', '2024-11-22', 26)",14,afternoon,64,1,1.528384628927194,1.5191831577800254,1.5191831577800254,3.6,3
1599,עכשיו 14,Other_middle_short,0.75,2,lt1.5,1.0,"('עכשיו 14', '2024-11-22', 28)","('עכשיו 14', '2024-11-22', 28)",15,afternoon,32,1,1.365711913657119,1.3441502157814433,1.3650242503370806,3.0,10
1601,עכשיו 14,Other_middle_short,1.0666666666666667,2,lt1.5,,,cd:עכשיו 14|2024-11-22,15,afternoon,22,488,1.018523377236711,1.0005245787491501,1.0097036166051059,2.2,6
1603,עכשיו 14,Other_last_short,0.7333333333333333,2,lt1.5,1.0,"('עכשיו 14', '2024-11-23', 6)","('עכשיו 14', '2024-11-23', 6)",18,early_evening,1018,51,0.6824644549763033,0.6763111861528649,0.671728529226458,2.4,10
1605,עכשיו 14,Other_middle_long,3.3833333333333333,5,2.5-3.5,1.0,"('עכשיו 14', '2024-11-23', 8)","('עכשיו 14', '2024-11-23', 8)",19,early_evening,50,85,0.7723375968459175,2.593471806569235,0.7731100580306275,3.4,2
1606,עכשיו 14,News_middle_short,0.75,1,lt1.5,1.0,"('עכשיו 14', '2024-11-23', 10)","('עכשיו 14', '2024-11-23', 10)",20,late_evening,85,1,1.1673699015471166,1.1528063527248809,1.1489045723779336,8.3,1
1609,עכשיו 14,PrimeShow2_middle_short,0.85,2,lt1.5,1.0,"('עכשיו 14', '2024-11-23', 12)","('עכשיו 14', '2024-11-23', 12)",21,late_evening,78,4,0.8409514333761084,0.8377195583647589,0.837984887760403,6.333333333333333,8
1612,עכשיו 14,News_first_short,1.3166666666666667,3,lt1.5,1.0,"('עכשיו 14', '2024-11-23', 15)","('עכשיו 14', '2024-11-23', 15)",22,late_evening,59,41,1.3486687844736451,1.3740244659597358,1.3486687844736451,5.666666666666667,13
1613,עכשיו 14,News_last_short,0.6333333333333333,1,lt1.5,2.0,"('עכשיו 14', '2024-11-23', 15)","('עכשיו 14', '2024-11-23', 15)",23,late_evening,41,1,1.2532032790283152,1.27781804226571,1.2505060915013433,3.3666666666666667,11
1615,עכשיו 14,Other_first_short,1.3166666666666667,3,lt1.5,1.0,"('עכשיו 14', '2024-11-24', 0)","('עכשיו 14', '2024-11-24', 0)",0,overnight,25,52,1.3487945460825135,1.3444358059782158,1.3479489982727726,2.733333333333333,13
1617,עכשיו 14,Other_middle_short,1.4666666666666666,2,lt1.5,1.0,"('עכשיו 14', '2024-11-24', 2)","('עכשיו 14', '2024-11-24', 2)",1,overnight,51,130,0.7809635958666522,0.7834962768487302,0.7811187789827292,0.9333333333333332,7
1618,עכשיו 14,Other_middle_standard,2.9166666666666665,4,2.5-3.5,1.0,"('עכשיו 14', '2024-11-24', 7)","('עכשיו 14', '2024-11-24', 7)",3,overnight,130,96,1.35678391959799,1.3087543719596118,1.3087543719596118,0.9,3
1619,עכשיו 14,Other_middle_short,1.2333333333333334,2,lt1.5,1.0,"('עכשיו 14', '2024-11-24', 11)","('עכשיו 14', '2024-11-24', 11)",4,overnight,96,89,0.9090909090909091,0.8677759885489355,0.9072654253377145,0.5,12
1620,עכשיו 14,PrimeShow1_middle_standard,1.7,3,1.5-2.5,1.0,"('עכשיו 14', '2024-11-24', 16)","('עכשיו 14', '2024-11-24', 16)",6,morning,89,75,1.253736500720239,1.2641233766233766,1.2509905779771155,1.4333333333333333,12
1622,עכשיו 14,Other_first_short,0.2,2,lt1.5,1.0,"('עכשיו 14', '2024-11-24', 18)","('עכשיו 14', '2024-11-24', 18)",7,morning,75,2,1.3860376911224368,1.471976089504387,1.394642228035841,3.0,14
1625,עכשיו 14,Other_middle_short,0.2,1,lt1.5,4.0,"('עכשיו 14', '2024-11-24', 18)","('עכשיו 14', '2024-11-24', 18)",8,morning,48,1,1.097883597883598,1.1223514367197247,1.093981242678074,2.766666666666667,6
1628,עכשיו 14,Other_last_standard,2.8666666666666667,4,2.5-3.5,7.0,"('עכשיו 14', '2024-11-24', 18)","('עכשיו 14', '2024-11-24', 18)",9,morning,33,86,0.6713200820201971,0.6627978382360155,0.6700070912899116,1.5,14
1630,עכשיו 14,Other_middle_standard,2.816666666666667,4,2.5-3.5,1.0,"('עכשיו 14', '2024-11-24', 22)","('עכשיו 14', '2024-11-24', 22)",10,morning,85,1,0.9244922887608223,0.9333822718769396,0.9134609373779048,1.7,13
1632,עכשיו 14,News_first_standard,2.3333333333333335,4,1.5-2.5,1.0,"('עכשיו 14', '2024-11-24', 25)","('עכשיו 14', '2024-11-24', 25)",11,morning,69,43,0.9814780808654134,1.0010569524323882,0.978125463232192,1.5999999999999999,11
1634,עכשיו 14,News_middle_short,0.8166666666666667,2,lt1.5,3.0,"('עכשיו 14', '2024-11-24', 25)","('עכשיו 14', '2024-11-24', 25)",12,afternoon,42,1,1.097345132743363,1.1102821333520263,1.0972390009336992,2.0666666666666664,12
1636,עכשיו 14,Other_first_short,0.9833333333333333,2,lt1.5,1.0,"('עכשיו 14', '2024-11-24', 28)","('עכשיו 14', '2024-11-24', 28)",14,afternoon,86,1,1.4758921394418458,1.5271132376395535,1.4812893038074335,3.1999999999999997,11
1639,עכשיו 14,Other_middle_short,1.25,2,lt1.5,4.0,"('עכשיו 14', '2024-11-24', 28)","('עכשיו 14', '2024-11-24', 28)",15,afternoon,61,56,1.4152410575427685,1.5180579994737198,1.4185260074764006,3.0333333333333337,2
1641,עכשיו 14,Other_first_long,3.2,4,2.5-3.5,1.0,"('עכשיו 14', '2024-11-24', 31)","('עכשיו 14', '2024-11-24', 31)",16,afternoon,53,1,1.2100908583320642,1.7846933711042616,1.2211823158182378,2.4,14
1643,עכשיו 14,News_first_short,0.38333333333333336,1,lt1.5,1.0,"('עכשיו 14', '2024-11-24', 33)","('עכשיו 14', '2024-11-24', 33)",17,early_evening,55,1,1.1209968847352023,1.2448439628467662,1.115601809234027,2.7999999999999994,13
1646,עכשיו 14,Other_first_short,0.45,1,lt1.5,1.0,"('עכשיו 14', '2024-11-24', 36)","('עכשיו 14', '2024-11-24', 36)",18,early_evening,12,1,1.2322274881516588,1.2555072805184493,1.2073506553407671,4.333333333333334,11
1651,עכשיו 14,Other_first_short,0.8166666666666667,2,lt1.5,1.0,"('עכשיו 14', '2024-11-24', 38)","('עכשיו 14', '2024-11-24', 38)",19,early_evening,44,1,1.386363636363636,1.3797674360880945,1.3757305698334534,6.1000000000000005,0
1654,עכשיו 14,PrimeShow1_first_standard,1.6666666666666667,3,1.5-2.5,1.0,"('עכשיו 14', '2024-11-24', 40)","('עכשיו 14', '2024-11-24', 40)",19,early_evening,42,43,1.323367420134293,1.3226195263230174,1.3191200196231694,6.933333333333333,3
1655,עכשיו 14,News_middle_long,3.933333333333333,5,3.5-5,1.0,"('עכשיו 14', '2024-11-24', 41)","('עכשיו 14', '2024-11-24', 41)",20,late_evening,43,79,1.3419458726292968,1.3473204436998172,1.3359034229281501,9.5,3
1656,עכשיו 14,PrimeShow2_middle_short,1.0166666666666666,2,lt1.5,1.0,"('עכשיו 14', '2024-11-24', 43)","('עכשיו 14', '2024-11-24', 43)",21,late_evening,79,61,1.4253509675094647,1.455819758359007,1.4253509675094647,10.466666666666667,11
1659,עכשיו 14,PrimeShow2_first_short,0.85,2,lt1.5,1.0,"('עכשיו 14', '2024-11-24', 48)","('עכשיו 14', '2024-11-24', 48)",23,late_evening,56,1,1.3974316367137902,1.3730341974253253,1.3823099774662857,3.5666666666666664,10
1661,עכשיו 14,Other_middle_short,1.0833333333333333,2,lt1.5,1.0,"('עכשיו 14', '2024-11-25', 1)","('עכשיו 14', '2024-11-25', 1)",0,overnight,43,1,1.8934656655339832,1.802652661930585,1.8961474934679028,3.0,12
1663,עכשיו 14,Other_middle_short,0.8,2,lt1.5,1.0,"('עכשיו 14', '2024-11-25', 4)","('עכשיו 14', '2024-11-25', 4)",1,overnight,49,91,1.6581156944734285,1.6581156944734285,1.6581156944734285,1.7,3
1664,עכשיו 14,Other_middle_standard,1.9166666666666667,3,1.5-2.5,1.0,"('עכשיו 14', '2024-11-25', 8)","('עכשיו 14', '2024-11-25', 8)",3,overnight,91,45,0.7692307692307692,0.7528805848580568,0.7601590403666014,0.5333333333333333,5
1665,עכשיו 14,Other_middle_standard,1.9,2,1.5-2.5,1.0,"('עכשיו 14', '2024-11-25', 10)","('עכשיו 14', '2024-11-25', 10)",3,overnight,45,28,0.1679151061173533,0.1651073926073926,0.1657492292851409,0.10000000000000002,7
1666,עכשיו 14,Other_middle_standard,1.9166666666666667,3,1.5-2.5,1.0,"('עכשיו 14', '2024-11-25', 12)","('עכשיו 14', '2024-11-25', 12)",4,overnight,28,31,0.3428571428571428,0.3438762092608247,0.34155844155844156,0.20000000000000004,6
1667,עכשיו 14,Other_middle_standard,1.9,3,1.5-2.5,1.0,"('עכשיו 14', '2024-11-25', 14)","('עכשיו 14', '2024-11-25', 14)",4,overnight,31,90,0.18108798831690398,0.17751479289940833,0.17751479289940833,0.10000000000000002,9
1668,עכשיו 14,PrimeShow1_middle_standard,1.9333333333333333,3,1.5-2.5,1.0,"('עכשיו 14', '2024-11-25', 19)","('עכשיו 14', '2024-11-25', 19)",6,morning,90,1,1.140357376974265,1.1310815799187892,1.1293771718791767,1.3,11
1670,עכשיו 14,Other_first_short,0.31666666666666665,1,lt1.5,1.0,"('עכשיו 14', '2024-11-25', 21)","('עכשיו 14', '2024-11-25', 21)",7,morning,72,1,1.0440773949976403,1.11515250433453,1.038807653133124,2.2666666666666666,11
1673,עכשיו 14,Other_last_short,0.4,2,lt1.5,4.0,"('עכשיו 14', '2024-11-25', 21)","('עכשיו 14', '2024-11-25', 21)",8,morning,57,3,0.9910598605323887,1.0430547097495142,0.9876914044331366,2.466666666666667,11
1676,עכשיו 14,Other_last_short,1.1833333333333333,2,lt1.5,7.0,"('עכשיו 14', '2024-11-25', 21)","('עכשיו 14', '2024-11-25', 21)",9,morning,30,2,0.6739933784620397,0.6647138691100717,0.6739933784620397,1.5,0
1679,עכשיו 14,Other_middle_short,0.9666666666666667,2,lt1.5,1.0,"('עכשיו 14', '2024-11-25', 25)","('עכשיו 14', '2024-11-25', 25)",10,morning,84,1,1.1378695791253486,1.1216915106889866,1.1373051712721791,2.1,12
1682,עכשיו 14,News_first_standard,2.316666666666667,3,1.5-2.5,1.0,"('עכשיו 14', '2024-11-25', 28)","('עכשיו 14', '2024-11-25', 28)",11,morning,71,1,0.8179192681379587,0.8343201204495276,0.8156368455089078,1.3333333333333333,11
1684,עכשיו 14,News_first_short,1.4666666666666666,2,lt1.5,3.0,"('עכשיו 14', '2024-11-25', 28)","('עכשיו 14', '2024-11-25', 28)",12,afternoon,22,1,1.0735442653211045,1.0749392735167775,1.0749392735167775,1.8666666666666665,7
1686,עכשיו 14,News_last_standard,1.75,3,1.5-2.5,5.0,"('עכשיו 14', '2024-11-25', 28)","('עכשיו 14', '2024-11-25', 28)",13,afternoon,74,1,1.169715681577562,1.2388412947963239,1.1975575375118588,2.2666666666666666,9
1688,עכשיו 14,PrimeShow1_first_short,1.2166666666666666,3,lt1.5,1.0,"('עכשיו 14', '2024-11-25', 33)","('עכשיו 14', '2024-11-25', 33)",14,afternoon,26,1,1.1139804214899613,1.1009910597059867,1.1009910597059867,2.4,9
1691,עכשיו 14,PrimeShow1_middle_standard,1.8,3,1.5-2.5,4.0,"('עכשיו 14', '2024-11-25', 33)","('עכשיו 14', '2024-11-25', 33)",15,afternoon,54,1,0.9778883622806323,0.9717623892923907,0.9717623892923907,2.233333333333334,7
1693,עכשיו 14,Other_first_short,1.15,3,lt1.5,1.0,"('עכשיו 14', '2024-11-25', 36)","('עכשיו 14', '2024-11-25', 36)",16,afternoon,59,1,1.0266165757129726,1.0498408377793187,1.02495359575848,2.1,10
1696,עכשיו 14,News_first_short,0.4,1,lt1.5,1.0,"('עכשיו 14', '2024-11-25', 38)","('עכשיו 14', '2024-11-25', 38)",17,early_evening,61,1,1.505967252262961,1.8596144088004685,1.5127051276335441,3.7999999999999994,2
1700,עכשיו 14,Other_first_short,1.0333333333333334,2,lt1.5,1.0,"('עכשיו 14', '2024-11-25', 41)","('עכשיו 14', '2024-11-25', 41)",18,early_evening,11,1,1.4502369668246446,1.4784779169386877,1.420962071931063,5.1000000000000005,11
1703,עכשיו 14,Other_first_long,3.0166666666666666,4,2.5-3.5,1.0,"('עכשיו 14', '2024-11-25', 43)","('עכשיו 14', '2024-11-25', 43)",19,early_evening,45,1,1.3333333333333333,1.4526580554248651,1.3149478039130165,5.866666666666667,1
1704,עכשיו 14,PrimeShow1_first_standard,1.8,2,1.5-2.5,1.0,"('עכשיו 14', '2024-11-25', 45)","('עכשיו 14', '2024-11-25', 45)",19,early_evening,44,42,1.3361385562442998,1.4635332200447813,1.3265070526486704,7.033333333333334,4
1706,עכשיו 14,Other_middle_short,0.8833333333333333,2,lt1.5,1.0,"('עכשיו 14', '2024-11-25', 50)","('עכשיו 14', '2024-11-25', 50)",21,late_evening,80,1,1.274917811096779,1.2751895397191702,1.274917811096779,9.466666666666667,10
1710,עכשיו 14,Other_middle_short,0.95,2,lt1.5,1.0,"('עכשיו 14', '2024-11-26', 0)","('עכשיו 14', '2024-11-26', 0)",0,overnight,43,1,1.767234621165051,1.682475817801879,1.7697376605700426,2.7999999999999994,12
1712,עכשיו 14,Other_middle_short,1.2833333333333334,2,lt1.5,1.0,"('עכשיו 14', '2024-11-26', 2)","('עכשיו 14', '2024-11-26', 2)",1,overnight,24,1,1.6870651256947677,1.6799197476387062,1.6839614633732278,2.0,8
1714,עכשיו 14,Other_middle_standard,1.9,3,1.5-2.5,1.0,"('עכשיו 14', '2024-11-26', 7)","('עכשיו 14', '2024-11-26', 7)",3,overnight,113,29,1.2980769230769231,1.284188300363745,1.2837792304063615,0.9,4
1715,עכשיו 14,Other_middle_standard,1.9166666666666667,3,1.5-2.5,1.0,"('עכשיו 14', '2024-11-26', 10)","('עכשיו 14', '2024-11-26', 10)",3,overnight,18,151,1.4606741573033706,1.4172631891301999,1.4466757713079643,0.8666666666666667,9
1716,עכשיו 14,PrimeShow1_middle_short,0.9333333333333333,2,lt1.5,1.0,"('עכשיו 14', '2024-11-26', 17)","('עכשיו 14', '2024-11-26', 17)",6,morning,151,1,1.399424839586706,1.4118326118326119,1.3968627951922372,1.6000000000000003,12
1719,עכשיו 14,Other_first_short,0.45,1,lt1.5,1.0,"('עכשיו 14', '2024-11-26', 19)","('עכשיו 14', '2024-11-26', 19)",7,morning,74,1,0.645825028667911,0.6976501444507063,0.647827572662309,1.3999999999999997,13
1722,עכשיו 14,Other_middle_standard,1.7333333333333334,3,1.5-2.5,4.0,"('עכשיו 14', '2024-11-26', 19)","('עכשיו 14', '2024-11-26', 19)",8,morning,49,2,1.2962962962962965,1.3065052664141863,1.2916970673455532,3.266666666666667,5
1725,עכשיו 14,Other_last_standard,1.7833333333333334,3,1.5-2.5,7.0,"('עכשיו 14', '2024-11-26', 19)","('עכשיו 14', '2024-11-26', 19)",9,morning,41,1,1.102230519965608,1.2451973342211475,1.1034246834913757,2.3666666666666667,5
1726,עכשיו 14,Other_middle_short,0.7833333333333333,2,lt1.5,1.0,"('עכשיו 14', '2024-11-26', 23)","('עכשיו 14', '2024-11-26', 23)",10,morning,78,1,1.1559527617654932,1.139198513490107,1.1551304832151381,2.1333333333333333,12
1728,עכשיו 14,News_first_short,0.9166666666666666,2,lt1.5,1.0,"('עכשיו 14', '2024-11-26', 26)","('עכשיו 14', '2024-11-26', 26)",11,morning,70,1,1.2476211144869953,1.2729468258720487,1.2446763931173674,2.033333333333333,11
1731,עכשיו 14,News_middle_short,0.6166666666666667,2,lt1.5,4.0,"('עכשיו 14', '2024-11-26', 26)","('עכשיו 14', '2024-11-26', 26)",12,afternoon,46,2,0.7265423962844412,0.75133047102398,0.7227800782148607,1.3666666666666665,0
1733,עכשיו 14,News_last_standard,1.9833333333333334,3,1.5-2.5,6.0,"('עכשיו 14', '2024-11-26', 26)","('עכשיו 14', '2024-11-26', 26)",13,afternoon,55,1,1.2983274663724191,1.4083707170758275,1.299108231911941,2.5,14
1735,עכשיו 14,PrimeShow1_first_standard,1.7166666666666666,3,1.5-2.5,1.0,"('עכשיו 14', '2024-11-26', 31)","('עכשיו 14', '2024-11-26', 31)",14,afternoon,23,1,1.4346039302346103,1.4550763855927606,1.4336036684856088,3.1,10
1737,עכשיו 14,PrimeShow1_middle_short,1.0833333333333333,2,lt1.5,3.0,"('עכשיו 14', '2024-11-26', 31)","('עכשיו 14', '2024-11-26', 31)",15,afternoon,58,1,1.134387665527353,1.2508464204691914,1.1386028620408444,2.466666666666667,12
1740,עכשיו 14,Other_first_standard,1.9,3,1.5-2.5,1.0,"('עכשיו 14', '2024-11-26', 34)","('עכשיו 14', '2024-11-26', 34)",16,afternoon,56,2,1.9869971257852657,2.1349665642100457,1.9869971257852657,4.0,12
1744,עכשיו 14,News_middle_short,0.75,2,lt1.5,1.0,"('עכשיו 14', '2024-11-26', 36)","('עכשיו 14', '2024-11-26', 36)",17,early_evening,65,1,1.931547498991191,2.123771136770704,1.9316769924129253,5.033333333333334,8
1747,עכשיו 14,Other_first_short,0.65,2,lt1.5,1.0,"('עכשיו 14', '2024-11-26', 39)","('עכשיו 14', '2024-11-26', 39)",18,early_evening,12,1,1.6208530805687207,1.65064410817863,1.5882593891984513,5.7,11
1751,עכשיו 14,Other_first_standard,1.6666666666666667,2,1.5-2.5,1.0,"('עכשיו 14', '2024-11-26', 41)","('עכשיו 14', '2024-11-26', 41)",19,early_evening,43,1,1.325757575757576,1.3188803404342215,1.3147089119710926,5.833333333333333,0
1754,עכשיו 14,PrimeShow1_first_standard,1.6666666666666667,3,1.5-2.5,1.0,"('עכשיו 14', '2024-11-26', 43)","('עכשיו 14', '2024-11-26', 43)",19,early_evening,43,52,1.457093426264385,1.4563033975905022,1.4526067355836203,7.633333333333333,3
1755,עכשיו 14,News_last_short,0.5833333333333334,1,lt1.5,1.0,"('עכשיו 14', '2024-11-26', 44)","('עכשיו 14', '2024-11-26', 44)",20,late_evening,52,1,1.2554532234609794,1.2980366284251912,1.2627141981968844,8.633333333333333,12
1757,עכשיו 14,Other_middle_short,1.4833333333333334,3,lt1.5,1.0,"('עכשיו 14', '2024-11-26', 48)","('עכשיו 14', '2024-11-26', 48)",21,late_evening,68,62,1.0645163882607596,1.0649258258142977,1.0645163882607596,7.900000000000001,10
1759,עכשיו 14,PrimeShow2_first_short,1.4333333333333333,3,lt1.5,1.0,"('עכשיו 14', '2024-11-26', 53)","('עכשיו 14', '2024-11-26', 53)",23,late_evening,57,13,1.023475880885159,1.005572492952143,1.0061577444792784,2.6,11
1761,עכשיו 14,Other_first_short,1.4666666666666666,3,lt1.5,1.0,"('עכשיו 14', '2024-11-27', 0)","('עכשיו 14', '2024-11-27', 0)",0,overnight,12,1,0.8766249167680167,0.8790161425634979,0.8790161425634979,1.8,11
1763,עכשיו 14,Other_last_short,1.1166666666666667,3,lt1.5,1.0,"('עכשיו 14', '2024-11-27', 7)","('עכשיו 14', '2024-11-27', 7)",3,overnight,117,63,0.7270746494884426,0.7087898747182942,0.720281652517536,0.5,6
1764,עכשיו 14,Other_middle_short,0.9166666666666666,2,lt1.5,1.0,"('עכשיו 14', '2024-11-27', 10)","('עכשיו 14', '2024-11-27', 10)",4,overnight,63,134,1.4772727272727273,1.4603541609321955,1.4773020764546192,0.8666666666666667,11
1765,עכשיו 14,PrimeShow1_middle_standard,2.4,4,1.5-2.5,1.0,"('עכשיו 14', '2024-11-27', 16)","('עכשיו 14', '2024-11-27', 16)",6,morning,134,73,1.0526375787454751,1.0440753045404207,1.0425020048115476,1.2,11
1767,עכשיו 14,Other_first_short,0.4166666666666667,2,lt1.5,1.0,"('עכשיו 14', '2024-11-27', 18)","('עכשיו 14', '2024-11-27', 18)",7,morning,72,1,1.0440302029259083,1.1334693181601947,1.0440885636710184,2.2666666666666666,12
1770,עכשיו 14,Other_last_short,0.4,2,lt1.5,4.0,"('עכשיו 14', '2024-11-27', 18)","('עכשיו 14', '2024-11-27', 18)",8,morning,56,2,1.245536210974371,1.3097714380846532,1.2411389309048657,3.1,11
1773,עכשיו 14,Other_last_standard,1.9666666666666666,3,1.5-2.5,7.0,"('עכשיו 14', '2024-11-27', 18)","('עכשיו 14', '2024-11-27', 18)",9,morning,33,1,1.3763090215229046,1.4505121981030769,1.3763090215229046,3.033333333333333,2
1776,עכשיו 14,Other_first_short,0.65,1,lt1.5,1.0,"('עכשיו 14', '2024-11-27', 22)","('עכשיו 14', '2024-11-27', 22)",10,morning,38,42,1.4278100501945745,1.5000875990316367,1.435715816051965,2.8333333333333335,0
1777,עכשיו 14,Other_middle_short,1.4833333333333334,3,lt1.5,2.0,"('עכשיו 14', '2024-11-27', 22)","('עכשיו 14', '2024-11-27', 22)",10,morning,42,2,1.3546066418158909,1.3353470365345075,1.3539347277049751,2.5,12
1779,עכשיו 14,News_first_short,0.55,1,lt1.5,1.0,"('עכשיו 14', '2024-11-27', 26)","('עכשיו 14', '2024-11-27', 26)",11,morning,71,1,1.3662393155433004,1.4299792121285968,1.3570703858743096,2.2333333333333334,12
1782,עכשיו 14,News_middle_short,0.8833333333333333,2,lt1.5,4.0,"('עכשיו 14', '2024-11-27', 26)","('עכשיו 14', '2024-11-27', 26)",12,afternoon,47,2,1.3258728597961635,1.3492442250040335,1.3243806708203774,2.5,3
1784,עכשיו 14,News_last_short,1.2333333333333334,2,lt1.5,6.0,"('עכשיו 14', '2024-11-27', 26)","('עכשיו 14', '2024-11-27', 26)",13,afternoon,59,2,1.1876075731497417,1.2026318447055406,1.198685664595373,2.3000000000000003,5
1787,עכשיו 14,PrimeShow1_first_short,0.6666666666666666,1,lt1.5,1.0,"('עכשיו 14', '2024-11-27', 31)","('עכשיו 14', '2024-11-27', 31)",14,afternoon,20,1,1.56441717791411,1.782568944259558,1.5749958181372687,3.4,13
1790,עכשיו 14,PrimeShow1_middle_standard,1.9333333333333333,3,1.5-2.5,4.0,"('עכשיו 14', '2024-11-27', 31)","('עכשיו 14', '2024-11-27', 31)",15,afternoon,53,2,1.3601867262756695,1.3581565087772207,1.3601867262756695,3.033333333333333,10
1792,עכשיו 14,Other_first_short,0.6,2,lt1.5,1.0,"('עכשיו 14', '2024-11-27', 34)","('עכשיו 14', '2024-11-27', 34)",16,afternoon,55,1,1.577191306046384,1.5692402709420332,1.5636999255115704,3.233333333333333,9
1796,עכשיו 14,News_first_short,0.3,1,lt1.5,1.0,"('עכשיו 14', '2024-11-27', 36)","('עכשיו 14', '2024-11-27', 36)",17,early_evening,60,1,1.7184812685173858,1.9684293456912219,1.7140152022896666,4.3,14
1799,עכשיו 14,Other_first_short,0.4666666666666667,2,lt1.5,1.0,"('עכשיו 14', '2024-11-27', 39)","('עכשיו 14', '2024-11-27', 39)",18,early_evening,12,1,1.4786729857819907,1.5058507653559434,1.4489383901459556,5.2,11
1801,עכשיו 14,Other_first_short,0.6666666666666666,1,lt1.5,1.0,"('עכשיו 14', '2024-11-27', 41)","('עכשיו 14', '2024-11-27', 41)",19,early_evening,44,1,1.462121212121212,1.4548318372055498,1.4504585654296889,6.433333333333334,0
1804,עכשיו 14,PrimeShow1_first_standard,1.6666666666666667,3,1.5-2.5,1.0,"('עכשיו 14', '2024-11-27', 43)","('עכשיו 14', '2024-11-27', 43)",19,early_evening,44,33,1.4761046019670605,1.4752829721462222,1.4714384436590653,7.733333333333333,3
1805,עכשיו 14,News_middle_standard,2.55,3,2.5-3.5,1.0,"('עכשיו 14', '2024-11-27', 44)","('עכשיו 14', '2024-11-27', 44)",20,late_evening,33,88,1.2352157590570032,1.2361942181122032,1.2361942181122032,8.7,8
1806,עכשיו 14,Other_middle_short,0.7833333333333333,2,lt1.5,1.0,"('עכשיו 14', '2024-11-27', 48)","('עכשיו 14', '2024-11-27', 48)",21,late_evening,88,2,1.1640756350215156,1.1596631540302036,1.1600337728685635,8.766666666666667,8
1808,עכשיו 14,PrimeShow2_first_short,0.55,1,lt1.5,1.0,"('עכשיו 14', '2024-11-27', 53)","('עכשיו 14', '2024-11-27', 53)",23,late_evening,57,1,0.839640479705753,0.8250646996909757,0.8258527727360229,2.1333333333333333,11
1811,עכשיו 14,Other_middle_short,1.0833333333333333,2,lt1.5,1.0,"('עכשיו 14', '2024-11-28', 0)","('עכשיו 14', '2024-11-28', 0)",0,overnight,38,1,0.7608679675302567,0.7461018363501348,0.7608679675302567,1.3,7
1813,עכשיו 14,Other_middle_standard,1.6666666666666667,3,1.5-2.5,1.0,"('עכשיו 14', '2024-11-28', 2)","('עכשיו 14', '2024-11-28', 2)",1,overnight,38,103,0.7933505027535,0.7818375576595925,0.7972872269430974,0.9,4
1815,עכשיו 14,Other_middle_short,1.4166666666666667,2,lt1.5,1.0,"('עכשיו 14', '2024-11-28', 7)","('עכשיו 14', '2024-11-28', 7)",3,overnight,102,49,1.153846153846154,1.1415007114344402,1.1411370936945435,0.8000000000000002,4
1816,עכשיו 14,Other_middle_short,1.1166666666666667,2,lt1.5,1.0,"('עכשיו 14', '2024-11-28', 9)","('עכשיו 14', '2024-11-28', 9)",3,overnight,49,51,0.5056179775280898,0.49062570836668934,0.5009518488629544,0.3,9
1817,עכשיו 14,Other_middle_short,1.25,3,lt1.5,1.0,"('עכשיו 14', '2024-11-28', 11)","('עכשיו 14', '2024-11-28', 11)",4,overnight,51,98,0.36586272722738383,0.3586976341379666,0.3614457831325301,0.20000000000000004,1
1818,עכשיו 14,PrimeShow1_middle_short,1.2833333333333334,3,lt1.5,1.0,"('עכשיו 14', '2024-11-28', 17)","('עכשיו 14', '2024-11-28', 17)",6,morning,98,1,0.7309129047807542,0.725216869693614,0.7240711039828923,0.8333333333333334,11
1821,עכשיו 14,Other_first_short,0.2833333333333333,1,lt1.5,1.0,"('עכשיו 14', '2024-11-28', 19)","('עכשיו 14', '2024-11-28', 19)",7,morning,74,1,1.1224895308497262,1.2128789957284474,1.1261372063079393,2.433333333333333,13
1824,עכשיו 14,Other_last_standard,1.5333333333333334,2,1.5-2.5,4.0,"('עכשיו 14', '2024-11-28', 19)","('עכשיו 14', '2024-11-28', 19)",8,morning,54,2,1.1739319308137626,1.2423662567773077,1.1743104846042314,2.9333333333333336,10
1827,עכשיו 14,Other_last_short,1.45,2,lt1.5,7.0,"('עכשיו 14', '2024-11-28', 19)","('עכשיו 14', '2024-11-28', 19)",9,morning,31,1,1.123479069931217,1.1078281988121974,1.123479069931217,2.5,0
1831,עכשיו 14,Other_middle_short,0.6666666666666666,2,lt1.5,1.0,"('עכשיו 14', '2024-11-28', 23)","('עכשיו 14', '2024-11-28', 23)",10,morning,82,2,1.6977954184918496,1.6723710504219869,1.696473380164379,3.1333333333333333,12
1834,עכשיו 14,News_first_standard,1.6,2,1.5-2.5,1.0,"('עכשיו 14', '2024-11-28', 26)","('עכשיו 14', '2024-11-28', 26)",11,morning,70,1,1.7381723481686755,1.7730742416135674,1.733114524843906,2.8333333333333335,11
1836,עכשיו 14,News_middle_short,0.48333333333333334,2,lt1.5,3.0,"('עכשיו 14', '2024-11-28', 26)","('עכשיו 14', '2024-11-28', 26)",12,afternoon,46,2,1.7542835624176236,1.804797924859025,1.7482193732193732,3.2999999999999994,1
1840,עכשיו 14,News_last_short,1.3,3,lt1.5,7.0,"('עכשיו 14', '2024-11-28', 26)","('עכשיו 14', '2024-11-28', 26)",13,afternoon,50,1,1.703958691910499,1.7548617415313628,1.7049954690957019,3.2999999999999994,11
1843,עכשיו 14,PrimeShow1_first_short,0.7,2,lt1.5,1.0,"('עכשיו 14', '2024-11-28', 31)","('עכשיו 14', '2024-11-28', 31)",14,afternoon,26,2,1.5684371761619602,1.6207690944533049,1.5740965664696598,3.4,11
1847,עכשיו 14,PrimeShow1_middle_short,1.3833333333333333,2,lt1.5,5.0,"('עכשיו 14', '2024-11-28', 31)","('עכשיו 14', '2024-11-28', 31)",15,afternoon,54,1,1.0907199030239363,1.089267381661452,1.0908784361845438,2.433333333333333,10
1851,עכשיו 14,Other_first_short,0.8833333333333333,2,lt1.5,1.0,"('עכשיו 14', '2024-11-28', 34)","('עכשיו 14', '2024-11-28', 34)",16,afternoon,58,2,1.1921982754711593,1.2809799385260277,1.1921982754711593,2.4,12
1854,עכשיו 14,News_first_short,1.0833333333333333,2,lt1.5,1.0,"('עכשיו 14', '2024-11-28', 36)","('עכשיו 14', '2024-11-28', 36)",17,early_evening,54,1,1.3636379884550134,1.4161513235070335,1.3600449793479286,3.4,11
1857,עכשיו 14,News_first_short,1.35,3,lt1.5,1.0,"('עכשיו 14', '2024-11-28', 39)","('עכשיו 14', '2024-11-28', 39)",18,early_evening,11,1,1.2796208530805688,1.2675079659944963,1.2601429816484853,4.5,10
1859,עכשיו 14,PrimeShow2_first_standard,2.1,3,1.5-2.5,1.0,"('עכשיו 14', '2024-11-28', 41)","('עכשיו 14', '2024-11-28', 41)",19,early_evening,44,1,1.3181818181818181,1.3117495310861966,1.3078472270400436,5.8,0
1863,עכשיו 14,PrimeShow1_first_standard,2.65,4,2.5-3.5,1.0,"('עכשיו 14', '2024-11-28', 43)","('עכשיו 14', '2024-11-28', 43)",19,early_evening,43,45,1.183891635361457,1.3039630822540065,1.1751704791078716,6.233333333333333,4
1864,עכשיו 14,News_middle_standard,2.966666666666667,4,2.5-3.5,1.0,"('עכשיו 14', '2024-11-28', 44)","('עכשיו 14', '2024-11-28', 44)",20,late_evening,45,74,1.362094037809016,1.5134181729570286,1.3717892512024568,9.366666666666667,7
1865,עכשיו 14,PrimeShow2_middle_standard,2.9833333333333334,4,2.5-3.5,1.0,"('עכשיו 14', '2024-11-28', 46)","('עכשיו 14', '2024-11-28', 46)",21,late_evening,74,1,1.0493912673115142,1.047694520764354,1.0490749332252276,7.866666666666667,9
1868,עכשיו 14,PrimeShow2_first_short,0.9166666666666666,2,lt1.5,1.0,"('עכשיו 14', '2024-11-28', 51)","('עכשיו 14', '2024-11-28', 51)",23,late_evening,56,1,1.0840470042862864,1.0651735823320114,1.0723542512112303,2.766666666666667,10
1871,עכשיו 14,Other_middle_standard,1.6,2,1.5-2.5,1.0,"('עכשיו 14', '2024-11-29', 2)","('עכשיו 14', '2024-11-29', 2)",3,overnight,205,54,1.933894882025516,2.0179991115267213,1.9801077928502615,1.3,8
1872,עכשיו 14,Other_first_standard,1.6,3,1.5-2.5,1.0,"('עכשיו 14', '2024-11-29', 5)","('עכשיו 14', '2024-11-29', 5)",4,overnight,54,46,1.2,1.186515997968512,1.186515997968512,0.6999999999999998,3
1873,עכשיו 14,Other_first_standard,1.6,3,1.5-2.5,1.0,"('עכשיו 14', '2024-11-29', 8)","('עכשיו 14', '2024-11-29', 8)",5,overnight,46,14,1.3347577199064744,1.3348293936564577,1.3348293936564577,0.6999999999999998,6
1874,עכשיו 14,Other_middle_short,1.1833333333333333,2,lt1.5,1.0,"('עכשיו 14', '2024-11-29', 9)","('עכשיו 14', '2024-11-29', 9)",5,overnight,14,63,0.7758692919983243,0.7654207449984033,0.7627596535179758,0.4000000000000001,7
1875,עכשיו 14,PrimeShow1_middle_short,1.1166666666666667,2,lt1.5,1.0,"('עכשיו 14', '2024-11-29', 13)","('עכשיו 14', '2024-11-29', 13)",6,morning,63,1,1.140357376974265,1.1310815799187892,1.1293771718791767,1.3,11
1877,עכשיו 14,Other_middle_standard,2.0,3,1.5-2.5,1.0,"('עכשיו 14', '2024-11-29', 15)","('עכשיו 14', '2024-11-29', 15)",7,morning,73,1,0.7380857470490413,0.7973144508008071,0.7403743687569246,1.6000000000000003,13
1879,עכשיו 14,Other_last_short,1.4333333333333333,3,lt1.5,3.0,"('עכשיו 14', '2024-11-29', 15)","('עכשיו 14', '2024-11-29', 15)",8,morning,55,1,1.0185398144189117,1.0792455242966752,1.0180553026452757,2.5,13
1881,עכשיו 14,PrimeShow2_first_short,0.9,2,lt1.5,1.0,"('עכשיו 14', '2024-11-29', 20)","('עכשיו 14', '2024-11-29', 20)",9,morning,68,1,0.4697986577181208,0.48640167620517233,0.47263575480953807,0.9333333333333332,11
1883,עכשיו 14,PrimeShow2_first_short,0.31666666666666665,2,lt1.5,1.0,"('עכשיו 14', '2024-11-29', 23)","('עכשיו 14', '2024-11-29', 23)",10,morning,58,1,0.3300970873786408,0.33633416100712615,0.3302174508940286,0.5666666666666668,12
1885,עכשיו 14,PrimeShow2_first_standard,1.5666666666666667,3,1.5-2.5,1.0,"('עכשיו 14', '2024-11-29', 26)","('עכשיו 14', '2024-11-29', 26)",11,morning,54,1,0.3898502327464077,0.3949791694239042,0.39161888048420385,0.6333333333333333,10
1886,עכשיו 14,PrimeShow2_first_short,0.31666666666666665,1,lt1.5,1.0,"('עכשיו 14', '2024-11-29', 29)","('עכשיו 14', '2024-11-29', 29)",12,afternoon,33,1,0.5910502622691012,0.601565655419588,0.5942509299421165,1.1,2
1889,עכשיו 14,Other_first_short,0.5833333333333334,2,lt1.5,1.0,"('עכשיו 14', '2024-11-29', 31)","('עכשיו 14', '2024-11-29', 31)",13,afternoon,50,1,0.7312925170068026,0.7616806677695632,0.7438241753533069,1.4333333333333333,11
1891,עכשיו 14,Other_first_short,0.7833333333333333,2,lt1.5,1.0,"('עכשיו 14', '2024-11-29', 35)","('עכשיו 14', '2024-11-29', 35)",14,afternoon,87,1,0.18518518518518515,0.1883438945179978,0.18583919273574445,0.43333333333333335,11
1893,עכשיו 14,Other_middle_short,0.7,2,lt1.5,1.0,"('עכשיו 14', '2024-11-29', 36)","('עכשיו 14', '2024-11-29', 36)",15,afternoon,23,1,0.32143982143110733,0.3266200486768285,0.3226194982478096,0.6999999999999998,8
1899,עכשיו 14,Other_middle_standard,1.8166666666666667,3,1.5-2.5,1.0,"('עכשיו 14', '2024-11-30', 6)","('עכשיו 14', '2024-11-30', 6)",17,early_evening,1008,61,0.5770132014310324,0.5944566669589569,0.5770132014310324,1.8999999999999997,12
1900,עכשיו 14,Other_middle_long,3.5,4,2.5-3.5,1.0,"('עכשיו 14', '2024-11-30', 8)","('עכשיו 14', '2024-11-30', 8)",19,early_evening,61,89,0.765151515151515,0.7612349602555587,0.7588801216070182,3.3666666666666667,0
1901,עכשיו 14,News_middle_standard,2.1333333333333333,3,1.5-2.5,1.0,"('עכשיו 14', '2024-11-30', 10)","('עכשיו 14', '2024-11-30', 10)",20,late_evening,89,1,1.2142522269104548,1.2055242732942826,1.2027049308002697,8.633333333333333,2
1903,עכשיו 14,Other_middle_standard,2.25,3,1.5-2.5,1.0,"('עכשיו 14', '2024-11-30', 14)","('עכשיו 14', '2024-11-30', 14)",21,late_evening,81,58,1.2067821309725308,1.3714631525136474,1.2067821309725308,8.733333333333333,12
1904,עכשיו 14,News_first_standard,2.6666666666666665,4,2.5-3.5,1.0,"('עכשיו 14', '2024-11-30', 16)","('עכשיו 14', '2024-11-30', 16)",22,late_evening,58,42,1.0525415156207454,1.0769151528727419,1.0525415156207454,4.533333333333333,12
1905,עכשיו 14,News_last_standard,1.75,3,1.5-2.5,2.0,"('עכשיו 14', '2024-11-30', 16)","('עכשיו 14', '2024-11-30', 16)",23,late_evening,42,15,1.231367686696493,1.2606706559034626,1.22837374128002,3.3000000000000003,12
1911,קשת 12,Other_middle_short,1.1,2,lt1.5,1.0,"('קשת 12', '2024-11-01', 6)","('קשת 12', '2024-11-01', 6)",2,overnight,17,48,0.5695548602889638,0.5585325975365313,0.5658691701998788,0.9666666666666668,0
1912,קשת 12,Other_middle_standard,2.1666666666666665,3,1.5-2.5,1.0,"('קשת 12', '2024-11-01', 8)","('קשת 12', '2024-11-01', 8)",3,overnight,48,54,0.2552480637494043,0.254777160013302,0.2552480637494043,0.3,4
1913,קשת 12,Other_middle_long,3.533333333333333,4,3.5-5,1.0,"('קשת 12', '2024-11-01', 10)","('קשת 12', '2024-11-01', 10)",4,overnight,54,94,0.4583333333333333,0.45905115814906244,0.45905115814906244,0.3666666666666667,0
1914,קשת 12,News_last_short,0.3,1,lt1.5,1.0,"('קשת 12', '2024-11-01', 17)","('קשת 12', '2024-11-01', 17)",6,morning,31,1,1.0066062715656976,1.0241963153576492,1.0035481675901625,2.166666666666667,9
1916,קשת 12,PrimeShow1_first_short,0.3,1,lt1.5,1.0,"('קשת 12', '2024-11-01', 22)","('קשת 12', '2024-11-01', 22)",7,morning,58,1,1.1790130246556518,1.1604493267236367,1.158800630235012,5.133333333333334,8
1918,קשת 12,PrimeShow1_first_long,5.716666666666667,7,5-7,3.0,"('קשת 12', '2024-11-01', 22)","('קשת 12', '2024-11-01', 22)",7,morning,17,2,1.2367469510326652,1.5010870151565918,1.2396594318768417,5.466666666666666,11
1920,קשת 12,PrimeShow1_first_long,5.233333333333333,7,5-7,5.0,"('קשת 12', '2024-11-01', 22)","('קשת 12', '2024-11-01', 22)",7,morning,16,12,1.4907275320970044,1.491300204216536,1.4420615461941617,6.966666666666666,6
1921,קשת 12,PrimeShow1_middle_short,0.3,1,lt1.5,6.0,"('קשת 12', '2024-11-01', 22)","('קשת 12', '2024-11-01', 22)",8,morning,12,19,1.5926675200277913,1.5989735702738332,1.5621555618410559,8.166666666666666,9
1922,קשת 12,PrimeShow1_middle_short,0.3,2,lt1.5,7.0,"('קשת 12', '2024-11-01', 22)","('קשת 12', '2024-11-01', 22)",8,morning,12,18,1.5926675200277913,1.5989735702738332,1.5621555618410559,8.166666666666666,9
1923,קשת 12,PrimeShow1_middle_long,5.533333333333333,6,5-7,8.0,"('קשת 12', '2024-11-01', 22)","('קשת 12', '2024-11-01', 22)",8,morning,19,2,1.5108258315062448,1.7876551568494694,1.5108258315062448,7.5,13
1925,קשת 12,PrimeShow1_middle_long,6.15,7,5-7,10.0,"('קשת 12', '2024-11-01', 22)","('קשת 12', '2024-11-01', 22)",8,morning,15,9,1.4181741496969476,1.5858393186545783,1.4122419390703191,7.166666666666667,6
1926,קשת 12,PrimeShow1_last_short,0.2,1,lt1.5,11.0,"('קשת 12', '2024-11-01', 22)","('קשת 12', '2024-11-01', 22)",9,morning,9,1,1.4123767421097806,1.4014202505467201,1.3900005441884877,7.1000000000000005,6
1928,קשת 12,PrimeShow1_last_short,0.95,2,lt1.5,13.0,"('קשת 12', '2024-11-01', 22)","('קשת 12', '2024-11-01', 22)",9,morning,18,1,1.3669881194829656,1.3751501054575934,1.3633908892079705,6.766666666666667,10
1930,קשת 12,PrimeShow1_last_long,5.016666666666667,6,5-7,15.0,"('קשת 12', '2024-11-01', 22)","('קשת 12', '2024-11-01', 22)",9,morning,14,36,1.1426734514338506,1.1269596059829896,1.1463564122020111,5.633333333333333,1
1931,קשת 12,PrimeShow2_middle_long,7.016666666666667,8,7-13,1.0,"('קשת 12', '2024-11-01', 40)","('קשת 12', '2024-11-01', 40)",10,morning,36,16,1.1020604690587874,1.0532738871611544,1.1052927227080096,4.966666666666667,12
1933,קשת 12,PrimeShow2_last_short,1.0833333333333333,2,lt1.5,3.0,"('קשת 12', '2024-11-01', 40)","('קשת 12', '2024-11-01', 40)",10,morning,15,1,1.288876355965176,1.2675020004713182,1.2840117523633345,5.566666666666667,5
1935,קשת 12,Other_middle_short,0.75,1,lt1.5,1.0,"('קשת 12', '2024-11-01', 46)","('קשת 12', '2024-11-01', 46)",11,morning,32,1,1.1874394986668477,1.2210452879897498,1.1920999483523425,4.3999999999999995,10
1938,קשת 12,Other_middle_standard,1.55,2,1.5-2.5,1.0,"('קשת 12', '2024-11-01', 48)","('קשת 12', '2024-11-01', 48)",11,morning,19,22,0.9244607385588277,0.9101787322729954,0.9241607302010708,3.466666666666667,8
1939,קשת 12,PrimeShow2_middle_short,0.7333333333333333,2,lt1.5,1.0,"('קשת 12', '2024-11-01', 52)","('קשת 12', '2024-11-01', 52)",12,afternoon,22,1,0.8025950699033552,0.7742312155693419,0.8051886943362424,3.266666666666667,1
1942,קשת 12,Other_middle_long,3.75,5,3.5-5,1.0,"('קשת 12', '2024-11-01', 55)","('קשת 12', '2024-11-01', 55)",12,afternoon,26,20,0.944,0.9556168405519836,0.9463247554945998,3.9333333333333336,5
1943,קשת 12,PrimeShow2_middle_standard,2.9166666666666665,4,2.5-3.5,1.0,"('קשת 12', '2024-11-01', 59)","('קשת 12', '2024-11-01', 59)",13,afternoon,20,21,0.907601403621297,0.924360729898873,0.9057214728195877,4.033333333333333,14
1945,קשת 12,News_middle_short,0.7,1,lt1.5,1.0,"('קשת 12', '2024-11-01', 61)","('קשת 12', '2024-11-01', 61)",13,afternoon,20,2,0.8957400808406072,0.8678133170252362,0.9017749107517664,4.033333333333334,8
1947,קשת 12,PrimeShow2_first_long,6.983333333333333,8,5-7,1.0,"('קשת 12', '2024-11-01', 65)","('קשת 12', '2024-11-01', 65)",14,afternoon,24,1,1.2453555463426063,1.2377148519219847,1.232990840486409,5.933333333333334,5
1949,קשת 12,Other_first_short,0.7,2,lt1.5,1.0,"('קשת 12', '2024-11-01', 66)","('קשת 12', '2024-11-01', 66)",14,afternoon,28,1,1.1168831168831168,1.1220168422269328,1.1104145954917366,5.733333333333333,12
1951,קשת 12,Other_middle_short,1.25,2,lt1.5,3.0,"('קשת 12', '2024-11-01', 66)","('קשת 12', '2024-11-01', 66)",15,afternoon,29,2,0.8541384323611619,0.8493929697722953,0.8521074218820818,5.1000000000000005,14
1954,קשת 12,Other_first_short,0.8666666666666667,2,lt1.5,1.0,"('קשת 12', '2024-11-01', 70)","('קשת 12', '2024-11-01', 70)",16,afternoon,23,1,0.9960745829244356,1.0022042862264313,0.9939777492083565,6.766666666666667,1
1957,קשת 12,Other_first_long,6.133333333333334,7,5-7,1.0,"('קשת 12', '2024-11-01', 71)","('קשת 12', '2024-11-01', 71)",16,afternoon,31,35,0.8784566555414624,0.8690653870151182,0.8610308890542576,6.633333333333333,10
1958,קשת 12,Other_middle_short,1.0,2,lt1.5,2.0,"('קשת 12', '2024-11-01', 71)","('קשת 12', '2024-11-01', 71)",17,early_evening,35,1,1.1159083361009632,1.0970253195831614,1.1062600925505885,11.199999999999998,6
1961,קשת 12,Other_last_long,5.083333333333333,6,5-7,5.0,"('קשת 12', '2024-11-01', 71)","('קשת 12', '2024-11-01', 71)",17,early_evening,9,15,1.1087114872081825,1.0785366877236147,1.1142703026590202,10.799999999999999,8
1965,קשת 12,Other_first_long,6.35,7,5-7,1.0,"('קשת 12', '2024-11-01', 76)","('קשת 12', '2024-11-01', 76)",18,early_evening,21,28,1.0193735120970306,0.9867640082007822,1.0193735120970306,11.799999999999999,0
1966,קשת 12,Other_middle_long,8.05,9,7-13,2.0,"('קשת 12', '2024-11-01', 76)","('קשת 12', '2024-11-01', 76)",19,early_evening,28,28,0.9475635421725758,1.0258474019471984,0.956440123743576,11.066666666666668,4
1967,קשת 12,Other_first_short,0.45,2,lt1.5,1.0,"('קשת 12', '2024-11-01', 80)","('קשת 12', '2024-11-01', 80)",19,early_evening,12,44,0.882025119954101,0.9743976273305467,0.8774874890326391,11.933333333333332,7
1968,קשת 12,News_middle_long,10.116666666666667,12,7-13,1.0,"('קשת 12', '2024-11-01', 81)","('קשת 12', '2024-11-01', 81)",20,late_evening,3,20,1.1219639511409147,1.08202326451873,1.1194114920166887,18.950000000000003,11
1969,קשת 12,News_middle_long,8.7,10,7-13,2.0,"('קשת 12', '2024-11-01', 81)","('קשת 12', '2024-11-01', 81)",21,late_evening,20,13,1.1337584177718103,1.0576257923673285,1.1239430073271262,19.03333333333333,12
1970,קשת 12,News_last_long,9.0,10,7-13,3.0,"('קשת 12', '2024-11-01', 81)","('קשת 12', '2024-11-01', 81)",21,late_evening,13,11,0.9273807242766815,0.8532933977350008,0.9019902714652911,16.133333333333336,4
1971,קשת 12,News_last_short,1.3333333333333333,3,lt1.5,4.0,"('קשת 12', '2024-11-01', 81)","('קשת 12', '2024-11-01', 81)",21,late_evening,11,1,0.7956291616868705,0.7476492632748535,0.7886190286810173,15.533333333333333,9
1973,קשת 12,Other_middle_long,10.6,12,7-13,1.0,"('קשת 12', '2024-11-01', 89)","('קשת 12', '2024-11-01', 89)",22,late_evening,27,16,0.7570270736333852,0.7191819802248,0.7514081012952935,14.633333333333333,9
1974,קשת 12,Other_first_long,9.2,10,7-13,1.0,"('קשת 12', '2024-11-01', 91)","('קשת 12', '2024-11-01', 91)",22,late_evening,16,11,0.7760273816836745,0.7067719285308995,0.7722357526910342,13.566666666666668,6
1975,קשת 12,Other_middle_standard,2.55,4,2.5-3.5,1.0,"('קשת 12', '2024-11-01', 92)","('קשת 12', '2024-11-01', 92)",23,late_evening,11,33,0.7097917622853562,0.5960029852895605,0.7097917622853562,8.133333333333333,11
1976,קשת 12,Other_first_short,0.95,2,lt1.5,1.0,"('קשת 12', '2024-11-01', 94)","('קשת 12', '2024-11-01', 94)",23,late_evening,33,1,0.5659831430006478,0.5686531764476186,0.5659831430006478,4.5,2
1978,קשת 12,Other_first_long,5.316666666666666,6,5-7,1.0,"('קשת 12', '2024-11-02', 0)","('קשת 12', '2024-11-02', 0)",0,overnight,19,15,0.947635764023997,0.9394073798679908,0.947635764023997,5.066666666666666,14
1980,קשת 12,Other_middle_long,4.266666666666667,5,3.5-5,3.0,"('קשת 12', '2024-11-02', 0)","('קשת 12', '2024-11-02', 0)",0,overnight,14,35,1.0005215196148864,1.06503951740628,1.0005215196148864,4.033333333333333,4
1981,קשת 12,Other_middle_standard,2.7666666666666666,4,2.5-3.5,1.0,"('קשת 12', '2024-11-02', 3)","('קשת 12', '2024-11-02', 3)",1,overnight,35,36,0.6629020148038149,0.6832623828519861,0.6629020148038149,1.5999999999999999,13
1982,קשת 12,Other_first_standard,1.6,2,1.5-2.5,1.0,"('קשת 12', '2024-11-02', 14)","('קשת 12', '2024-11-02', 14)",4,overnight,60,14,1.4156742464304601,1.4029617942326473,1.4029617942326473,1.1666666666666667,2
1983,קשת 12,Other_first_short,1.1,2,lt1.5,2.0,"('קשת 12', '2024-11-02', 14)","('קשת 12', '2024-11-02', 14)",4,overnight,14,15,1.5562024182713836,1.5618856299417552,1.5652371171642103,1.2,2
1984,קשת 12,Other_first_standard,1.6833333333333333,2,1.5-2.5,3.0,"('קשת 12', '2024-11-02', 14)","('קשת 12', '2024-11-02', 14)",4,overnight,15,15,1.481498207777393,1.502248324627083,1.502248324627083,1.2,3
1985,קשת 12,Other_middle_long,3.4166666666666665,4,2.5-3.5,4.0,"('קשת 12', '2024-11-02', 14)","('קשת 12', '2024-11-02', 14)",5,overnight,15,97,1.5027843019170932,1.5244138250336057,1.5377261341916661,1.2333333333333334,4
1986,קשת 12,News_last_standard,1.6333333333333333,3,1.5-2.5,1.0,"('קשת 12', '2024-11-02', 20)","('קשת 12', '2024-11-02', 20)",6,morning,97,1,0.15030371543770746,0.1452090607246033,0.1500649102039779,0.5,14
1988,קשת 12,PrimeShow2_middle_standard,2.75,4,2.5-3.5,1.0,"('קשת 12', '2024-11-02', 22)","('קשת 12', '2024-11-02', 22)",7,morning,24,1,0.12928367077286576,0.1357289722089398,0.12868451848303944,0.5666666666666667,11
1990,קשת 12,News_middle_short,1.1333333333333333,2,lt1.5,1.0,"('קשת 12', '2024-11-02', 28)","('קשת 12', '2024-11-02', 28)",8,morning,18,21,0.4540455501638285,0.4378121375444414,0.45255517835982645,2.333333333333333,2
1992,קשת 12,PrimeShow2_first_standard,1.7,2,1.5-2.5,1.0,"('קשת 12', '2024-11-02', 34)","('קשת 12', '2024-11-02', 34)",9,morning,35,1,0.5278139496219452,0.5218910318795914,0.5251747047284817,2.6666666666666665,14
1995,קשת 12,PrimeShow2_middle_long,5.45,7,5-7,4.0,"('קשת 12', '2024-11-02', 34)","('קשת 12', '2024-11-02', 34)",9,morning,18,32,0.6862091938707527,0.6683685382679184,0.6782129112661782,3.4333333333333336,10
1996,קשת 12,PrimeShow2_middle_long,5.266666666666667,6,5-7,1.0,"('קשת 12', '2024-11-02', 39)","('קשת 12', '2024-11-02', 39)",10,morning,32,1,0.6832409939899434,0.6987507358348357,0.683615591010069,3.1333333333333333,3
1998,קשת 12,Other_first_long,5.783333333333333,7,5-7,1.0,"('קשת 12', '2024-11-02', 41)","('קשת 12', '2024-11-02', 41)",10,morning,9,35,0.7001710425277703,0.7073839977677165,0.7009235541473918,3.1333333333333333,4
2000,קשת 12,PrimeShow1_first_short,1.25,3,lt1.5,1.0,"('קשת 12', '2024-11-02', 44)","('קשת 12', '2024-11-02', 44)",11,morning,34,1,1.0512164928074732,1.0143293399107354,1.047696036171149,3.9666666666666663,0
2003,קשת 12,PrimeShow1_middle_long,4.783333333333333,6,3.5-5,4.0,"('קשת 12', '2024-11-02', 44)","('קשת 12', '2024-11-02', 44)",11,morning,14,24,1.0549645390070923,0.9970030507445751,1.0654453241715425,3.966666666666667,7
2004,קשת 12,PrimeShow1_first_short,1.4333333333333333,2,lt1.5,1.0,"('קשת 12', '2024-11-02', 48)","('קשת 12', '2024-11-02', 48)",12,afternoon,24,1,1.0251445486590118,0.8863438659847178,1.0255618301496043,4.0,6
2007,קשת 12,Other_middle_long,4.816666666666666,6,3.5-5,1.0,"('קשת 12', '2024-11-02', 50)","('קשת 12', '2024-11-02', 50)",12,afternoon,26,22,0.9272414193722738,0.9796587693293098,0.9300521285066923,3.8333333333333335,9
2008,קשת 12,PrimeShow1_first_long,5.983333333333333,7,5-7,1.0,"('קשת 12', '2024-11-02', 53)","('קשת 12', '2024-11-02', 53)",13,afternoon,22,1,0.8341622916091002,0.76323577245646,0.8320252855427152,3.6666666666666665,6
2010,קשת 12,Other_middle_short,0.85,2,lt1.5,1.0,"('קשת 12', '2024-11-02', 55)","('קשת 12', '2024-11-02', 55)",13,afternoon,31,1,0.5778253748657162,0.5584918382057302,0.5779119467157682,2.6666666666666665,0
2012,קשת 12,PrimeShow2_first_long,4.866666666666666,6,3.5-5,1.0,"('קשת 12', '2024-11-02', 59)","('קשת 12', '2024-11-02', 59)",14,afternoon,29,12,0.7315393405380849,0.7206960942618682,0.7242487619648235,3.6333333333333333,4
2014,קשת 12,PrimeShow2_middle_short,0.7833333333333333,2,lt1.5,3.0,"('קשת 12', '2024-11-02', 59)","('קשת 12', '2024-11-02', 59)",14,afternoon,11,1,0.7488327747978542,0.755106914853865,0.7494489866524021,3.8333333333333335,6
2016,קשת 12,Other_first_short,1.1166666666666667,2,lt1.5,1.0,"('קשת 12', '2024-11-02', 62)","('קשת 12', '2024-11-02', 62)",15,afternoon,21,2,0.8702250829126359,0.8702250829126359,0.8702250829126359,4.833333333333333,0
2019,קשת 12,Other_middle_short,0.9,2,lt1.5,1.0,"('קשת 12', '2024-11-02', 65)","('קשת 12', '2024-11-02', 65)",16,afternoon,48,1,0.8202496357256125,0.8120871612594636,0.8188114704975876,6.0,10
2022,קשת 12,Other_last_long,5.033333333333333,6,5-7,4.0,"('קשת 12', '2024-11-02', 65)","('קשת 12', '2024-11-02', 65)",16,afternoon,10,11,0.890995993621963,0.9318520674770454,0.9074636412512148,6.833333333333333,13
2023,קשת 12,Other_first_short,1.0166666666666666,2,lt1.5,1.0,"('קשת 12', '2024-11-02', 68)","('קשת 12', '2024-11-02', 68)",16,afternoon,11,1,0.9853487066965473,0.9772622533981382,0.9853487066965473,8.533333333333333,14
2026,קשת 12,News_last_long,4.55,5,3.5-5,1.0,"('קשת 12', '2024-11-02', 69)","('קשת 12', '2024-11-02', 69)",17,early_evening,35,12,1.305393335623497,1.319358411490039,1.3160004808767212,12.666666666666666,14
2027,קשת 12,PrimeShow2_first_short,1.3166666666666667,2,lt1.5,1.0,"('קשת 12', '2024-11-02', 71)","('קשת 12', '2024-11-02', 71)",18,early_evening,12,2,1.362237115877277,1.3412557460443235,1.3539937841632514,14.533333333333333,0
2030,קשת 12,News_middle_long,6.233333333333333,7,5-7,1.0,"('קשת 12', '2024-11-02', 72)","('קשת 12', '2024-11-02', 72)",18,early_evening,26,22,1.3215949273698133,1.2888170161176014,1.3215949273698133,15.5,3
2031,קשת 12,PrimeShow2_first_long,8.683333333333334,9,7-13,1.0,"('קשת 12', '2024-11-02', 74)","('קשת 12', '2024-11-02', 74)",19,early_evening,22,42,1.2275862068965517,1.1961991664502634,1.2026968715899458,14.833333333333334,1
2035,קשת 12,News_middle_long,10.4,11,7-13,2.0,"('קשת 12', '2024-11-02', 78)","('קשת 12', '2024-11-02', 78)",20,late_evening,9,17,1.0516969218626677,1.0089506201685896,1.0393560835727718,17.76666666666667,0
2036,קשת 12,News_last_long,7.916666666666667,9,7-13,3.0,"('קשת 12', '2024-11-02', 78)","('קשת 12', '2024-11-02', 78)",21,late_evening,17,14,1.072323617930352,1.0001993666646154,1.063347345544228,18.0,12
2040,קשת 12,Other_last_long,9.433333333333334,11,7-13,1.0,"('קשת 12', '2024-11-02', 87)","('קשת 12', '2024-11-02', 87)",22,late_evening,16,14,1.0340274361432178,0.9515435558775519,1.0271041210392389,18.36666666666667,13
2043,קשת 12,Other_middle_long,6.283333333333333,7,5-7,,,cd:קשת 12|2024-11-02,23,late_evening,40,13,1.3596423242117686,1.153478033280116,1.3596423242117686,9.0,9
2044,קשת 12,Other_first_short,0.9833333333333333,2,lt1.5,1.0,"('קשת 12', '2024-11-03', 1)","('קשת 12', '2024-11-03', 1)",0,overnight,17,2,1.3319110240012237,1.4475327817926162,1.3319110240012237,5.566666666666666,1
2047,קשת 12,News_first_long,3.533333333333333,4,3.5-5,1.0,"('קשת 12', '2024-11-03', 2)","('קשת 12', '2024-11-03', 2)",0,overnight,9,1,1.4317390565928474,1.433562129618087,1.4317390565928474,4.6,5
2049,קשת 12,News_last_short,1.4833333333333334,3,lt1.5,3.0,"('קשת 12', '2024-11-03', 2)","('קשת 12', '2024-11-03', 2)",1,overnight,26,2,1.0620620493551334,1.0620004749042231,1.059052742540058,2.4333333333333336,6
2051,קשת 12,Other_middle_standard,1.9,3,1.5-2.5,1.0,"('קשת 12', '2024-11-03', 6)","('קשת 12', '2024-11-03', 6)",2,overnight,43,61,0.9242992615990073,0.8971289484816732,0.9168368571136153,1.6000000000000003,9
2052,קשת 12,Other_last_standard,1.6333333333333333,3,1.5-2.5,1.0,"('קשת 12', '2024-11-03', 8)","('קשת 12', '2024-11-03', 8)",3,overnight,61,39,1.1302864175430745,1.1348008385744237,1.142253413100169,1.2333333333333334,12
2053,קשת 12,Other_first_short,1.2333333333333334,2,lt1.5,1.0,"('קשת 12', '2024-11-03', 11)","('קשת 12', '2024-11-03', 11)",3,overnight,39,27,1.371212121212121,1.368327873984456,1.3582229174334437,1.1,8
2054,קשת 12,Other_middle_short,1.45,3,lt1.5,2.0,"('קשת 12', '2024-11-03', 11)","('קשת 12', '2024-11-03', 11)",4,overnight,27,18,1.2820979122717684,1.2798041871785555,1.2857977790765636,1.0,6
2055,קשת 12,Other_first_standard,1.8166666666666667,3,1.5-2.5,1.0,"('קשת 12', '2024-11-03', 19)","('קשת 12', '2024-11-03', 19)",5,overnight,10,12,1.4494419547068336,1.4354693298411245,1.4494419547068336,2.1333333333333333,14
2056,קשת 12,News_last_short,0.3,1,lt1.5,1.0,"('קשת 12', '2024-11-03', 20)","('קשת 12', '2024-11-03', 20)",6,morning,12,56,1.443042269585984,1.5643148114215004,1.4465580655701278,3.1999999999999997,13
2057,קשת 12,News_last_short,0.3,2,lt1.5,2.0,"('קשת 12', '2024-11-03', 20)","('קשת 12', '2024-11-03', 20)",6,morning,12,55,1.443042269585984,1.5643148114215004,1.4465580655701278,3.1999999999999997,13
2058,קשת 12,News_first_short,0.3,2,lt1.5,1.0,"('קשת 12', '2024-11-03', 24)","('קשת 12', '2024-11-03', 24)",7,morning,55,13,1.1365316157441274,1.1418018802731469,1.1150013192165826,4.966666666666667,9
2060,קשת 12,News_first_long,6.9,8,5-7,3.0,"('קשת 12', '2024-11-03', 24)","('קשת 12', '2024-11-03', 24)",7,morning,13,20,1.358858858858859,1.308754150666619,1.3231975776950449,6.033333333333334,8
2061,קשת 12,News_middle_long,6.883333333333334,8,5-7,4.0,"('קשת 12', '2024-11-03', 24)","('קשת 12', '2024-11-03', 24)",7,morning,20,10,1.1626248216833097,1.1412296121887755,1.131175574985644,5.433333333333333,5
2062,קשת 12,News_middle_short,0.3,1,lt1.5,5.0,"('קשת 12', '2024-11-03', 24)","('קשת 12', '2024-11-03', 24)",8,morning,10,1,1.0301998805858519,0.9909019506178102,1.0063524013768141,5.266666666666667,7
2064,קשת 12,News_middle_long,7.583333333333333,9,7-13,7.0,"('קשת 12', '2024-11-03', 24)","('קשת 12', '2024-11-03', 24)",8,morning,14,11,0.9761431563109954,0.9652621900302396,0.9749741965517282,4.999999999999999,7
2065,קשת 12,News_last_long,7.833333333333333,9,7-13,8.0,"('קשת 12', '2024-11-03', 24)","('קשת 12', '2024-11-03', 24)",8,morning,11,17,1.1740196121172461,1.1961482598405981,1.1763906855571156,5.900000000000001,11
2066,קשת 12,News_last_short,0.2,1,lt1.5,9.0,"('קשת 12', '2024-11-03', 24)","('קשת 12', '2024-11-03', 24)",9,morning,17,14,0.9217299274636588,0.9147173424382157,0.9073149794257672,4.633333333333333,6
2067,קשת 12,News_last_short,0.2,1,lt1.5,10.0,"('קשת 12', '2024-11-03', 24)","('קשת 12', '2024-11-03', 24)",9,morning,17,14,0.9217299274636588,0.9147173424382157,0.9073149794257672,4.633333333333333,6
2068,קשת 12,News_last_long,6.216666666666667,7,5-7,11.0,"('קשת 12', '2024-11-03', 24)","('קשת 12', '2024-11-03', 24)",9,morning,14,27,0.9121268445150043,0.9114670047948995,0.9159598461202326,4.566666666666666,5
2069,קשת 12,Other_first_long,5.85,7,5-7,1.0,"('קשת 12', '2024-11-03', 36)","('קשת 12', '2024-11-03', 36)",9,morning,27,26,0.8690040742349057,0.8663704186852961,0.8715339653973743,4.233333333333333,8
2070,קשת 12,Other_middle_long,4.25,5,3.5-5,2.0,"('קשת 12', '2024-11-03', 36)","('קשת 12', '2024-11-03', 36)",10,morning,26,14,0.8485101702551533,0.8384897590946205,0.8500146915576603,3.8333333333333335,10
2072,קשת 12,Other_last_long,3.9833333333333334,5,3.5-5,4.0,"('קשת 12', '2024-11-03', 36)","('קשת 12', '2024-11-03', 36)",10,morning,12,1,0.8103665811609967,0.7989504925295439,0.8175283220579938,3.533333333333333,13
2074,קשת 12,Other_first_long,5.766666666666667,7,5-7,1.0,"('קשת 12', '2024-11-03', 41)","('קשת 12', '2024-11-03', 41)",11,morning,21,15,0.5178366795268984,0.5239420056090868,0.5182845062239377,2.0,10
2076,קשת 12,Other_last_long,5.583333333333333,7,5-7,3.0,"('קשת 12', '2024-11-03', 41)","('קשת 12', '2024-11-03', 41)",11,morning,14,1,0.6238789594199211,0.6039413807858781,0.6156405602866583,2.3333333333333335,1
2078,קשת 12,Other_first_long,5.383333333333334,6,5-7,1.0,"('קשת 12', '2024-11-03', 45)","('קשת 12', '2024-11-03', 45)",12,afternoon,20,1,0.788593209680073,0.7964647435153996,0.7909538258680734,3.0,0
2080,קשת 12,Other_middle_long,5.3,6,5-7,1.0,"('קשת 12', '2024-11-03', 46)","('קשת 12', '2024-11-03', 46)",13,afternoon,33,1,0.9194528875379939,0.9080745404932994,0.9154874673952961,4.033333333333333,2
2082,קשת 12,Other_last_short,0.75,2,lt1.5,3.0,"('קשת 12', '2024-11-03', 46)","('קשת 12', '2024-11-03', 46)",13,afternoon,15,1,0.8394698085419735,0.8387304182511214,0.842737413180202,3.8000000000000003,9
2084,קשת 12,Other_first_long,4.233333333333333,5,3.5-5,1.0,"('קשת 12', '2024-11-03', 50)","('קשת 12', '2024-11-03', 50)",14,afternoon,35,25,1.0621942697414397,1.0600043279575784,1.052140644682081,5.066666666666666,3
2086,קשת 12,Other_middle_long,3.6333333333333333,5,3.5-5,1.0,"('קשת 12', '2024-11-03', 51)","('קשת 12', '2024-11-03', 51)",14,afternoon,24,1,0.9840285028470556,0.9784194328496675,0.9815361653685565,5.0,2
2088,קשת 12,News_middle_short,1.4333333333333333,3,lt1.5,1.0,"('קשת 12', '2024-11-03', 54)","('קשת 12', '2024-11-03', 54)",15,afternoon,54,1,1.0875685008632985,1.085985575920741,1.0857395866418227,6.8999999999999995,2
2091,קשת 12,News_last_short,1.1,3,lt1.5,4.0,"('קשת 12', '2024-11-03', 54)","('קשת 12', '2024-11-03', 54)",15,afternoon,15,6,1.086518052365374,1.0715129258766953,1.080036491179256,7.366666666666667,12
2092,קשת 12,Other_first_standard,1.55,2,1.5-2.5,1.0,"('קשת 12', '2024-11-03', 57)","('קשת 12', '2024-11-03', 57)",16,afternoon,6,1,1.0907434450900269,1.0205792182544053,1.0881401459214417,7.366666666666667,5
2095,קשת 12,News_last_long,5.4,6,5-7,1.0,"('קשת 12', '2024-11-03', 58)","('קשת 12', '2024-11-03', 58)",16,afternoon,31,35,1.1300687581706121,1.1821854900620747,1.1508849429057149,8.666666666666666,13
2096,קשת 12,PrimeShow2_middle_long,8.65,10,7-13,1.0,"('קשת 12', '2024-11-03', 60)","('קשת 12', '2024-11-03', 60)",17,early_evening,35,9,1.0694121554300897,1.0441816392585468,1.0613043516059342,10.733333333333334,8
2098,קשת 12,PrimeShow2_last_short,0.65,2,lt1.5,3.0,"('קשת 12', '2024-11-03', 60)","('קשת 12', '2024-11-03', 60)",17,early_evening,8,1,1.2296763696626287,1.1857950263935149,1.2288807100015053,11.933333333333332,11
2100,קשת 12,Other_first_standard,2.5833333333333335,4,2.5-3.5,1.0,"('קשת 12', '2024-11-03', 63)","('קשת 12', '2024-11-03', 63)",17,early_evening,7,21,1.214701611638695,1.2084469143942014,1.214701611638695,12.166666666666666,7
2101,קשת 12,News_first_short,1.0333333333333334,2,lt1.5,1.0,"('קשת 12', '2024-11-03', 64)","('קשת 12', '2024-11-03', 64)",18,early_evening,21,1,1.16938950988822,1.1484740204473687,1.1504351605765997,13.6,1
2103,קשת 12,News_last_long,4.733333333333333,6,3.5-5,3.0,"('קשת 12', '2024-11-03', 64)","('קשת 12', '2024-11-03', 64)",18,early_evening,13,7,1.3479359730412803,1.305776176459322,1.3381491964303673,16.0,9
2105,קשת 12,Other_first_long,8.3,9,7-13,1.0,"('קשת 12', '2024-11-03', 68)","('קשת 12', '2024-11-03', 68)",18,early_evening,7,43,1.1724137931034482,1.1430870287823798,1.1421365372258672,14.166666666666666,14
2108,קשת 12,News_first_long,10.566666666666666,12,7-13,1.0,"('קשת 12', '2024-11-03', 72)","('קשת 12', '2024-11-03', 72)",20,late_evening,3,19,0.977815411530168,0.9697211076912303,0.977815411530168,17.7,8
2109,קשת 12,News_middle_long,10.233333333333333,11,7-13,2.0,"('קשת 12', '2024-11-03', 72)","('קשת 12', '2024-11-03', 72)",20,late_evening,19,11,1.1825038615464314,1.1054133344474748,1.1857053630610639,19.7,8
2110,קשת 12,News_last_long,7.483333333333333,8,7-13,3.0,"('קשת 12', '2024-11-03', 72)","('קשת 12', '2024-11-03', 72)",21,late_evening,11,16,1.3053640381844007,1.193543707283016,1.3090591756745729,21.53333333333333,14
2111,קשת 12,News_last_standard,1.5,2,lt1.5,4.0,"('קשת 12', '2024-11-03', 72)","('קשת 12', '2024-11-03', 72)",21,late_evening,16,1,1.3861962000775498,1.1871065523209936,1.4084049675755919,23.833333333333332,7
2113,קשת 12,Other_middle_long,9.383333333333333,10,7-13,1.0,"('קשת 12', '2024-11-03', 81)","('קשת 12', '2024-11-03', 81)",22,late_evening,14,26,1.1894669490340153,1.065700369042206,1.2099617186490546,21.399999999999995,8
2114,קשת 12,Other_first_long,3.9166666666666665,5,3.5-5,1.0,"('קשת 12', '2024-11-03', 85)","('קשת 12', '2024-11-03', 85)",23,late_evening,26,2,2.0050055687236514,1.5866028546486015,2.00945998703351,21.666666666666668,13
2116,קשת 12,Other_first_long,6.283333333333333,7,5-7,1.0,"('קשת 12', '2024-11-03', 87)","('קשת 12', '2024-11-03', 87)",23,late_evening,31,2,1.3662436500050816,1.2528428757764267,1.3662436500050816,10.0,6
2118,קשת 12,PrimeShow1_first_short,1.25,2,lt1.5,1.0,"('קשת 12', '2024-11-04', 2)","('קשת 12', '2024-11-04', 2)",0,overnight,6,2,1.298708788190081,1.2910047109955185,1.3023412638811267,6.333333333333333,4
2121,קשת 12,PrimeShow2_first_long,3.966666666666667,5,3.5-5,1.0,"('קשת 12', '2024-11-04', 3)","('קשת 12', '2024-11-04', 3)",0,overnight,9,1,1.4566478721583336,1.4477392991670666,1.4566478721583336,5.400000000000001,8
2123,קשת 12,PrimeShow2_last_standard,2.7666666666666666,4,2.5-3.5,3.0,"('קשת 12', '2024-11-04', 3)","('קשת 12', '2024-11-04', 3)",1,overnight,20,1,1.4565162464488408,1.4559240201029686,1.4559240201029686,3.9,4
2125,קשת 12,Other_last_standard,1.7166666666666666,3,1.5-2.5,1.0,"('קשת 12', '2024-11-04', 6)","('קשת 12', '2024-11-04', 6)",1,overnight,39,16,1.4429969496695474,1.4342351636744162,1.4464500467240053,2.7000000000000006,4
2126,קשת 12,Other_first_short,1.1833333333333333,2,lt1.5,1.0,"('קשת 12', '2024-11-04', 8)","('קשת 12', '2024-11-04', 8)",2,overnight,16,82,1.1464977449535125,1.117583338284776,1.137893393978641,2.0,7
2127,קשת 12,Other_last_standard,1.6,3,1.5-2.5,2.0,"('קשת 12', '2024-11-04', 8)","('קשת 12', '2024-11-04', 8)",3,overnight,82,114,1.0334456476133274,1.0283503172621316,1.0334456476133271,1.1,0
2128,קשת 12,Other_first_short,1.1833333333333333,2,lt1.5,1.0,"('קשת 12', '2024-11-04', 16)","('קשת 12', '2024-11-04', 16)",5,overnight,114,12,1.761893041735523,1.6746837514100943,1.7929585627354392,1.4000000000000001,11
2129,קשת 12,Other_middle_standard,2.783333333333333,4,2.5-3.5,2.0,"('קשת 12', '2024-11-04', 16)","('קשת 12', '2024-11-04', 16)",5,overnight,12,26,1.3574112298310939,1.3553367548862678,1.3574112298310936,1.3,9
2130,קשת 12,News_last_short,0.3,1,lt1.5,1.0,"('קשת 12', '2024-11-04', 19)","('קשת 12', '2024-11-04', 19)",6,morning,26,60,1.1864524841771977,1.1820245752332554,1.1864524841771977,2.5,8
2131,קשת 12,News_last_short,0.3,2,lt1.5,2.0,"('קשת 12', '2024-11-04', 19)","('קשת 12', '2024-11-04', 19)",6,morning,26,59,1.1864524841771977,1.1820245752332554,1.1864524841771977,2.5,8
2132,קשת 12,News_first_short,0.3,2,lt1.5,1.0,"('קשת 12', '2024-11-04', 24)","('קשת 12', '2024-11-04', 24)",7,morning,60,14,1.3399662211225285,1.318979226681509,1.3170522408705423,5.833333333333333,8
2134,קשת 12,News_first_long,7.033333333333333,8,7-13,3.0,"('קשת 12', '2024-11-04', 24)","('קשת 12', '2024-11-04', 24)",7,morning,14,1,1.2162162162162165,1.1709867902209743,1.184231197859722,5.400000000000001,8
2136,קשת 12,News_middle_long,7.533333333333333,9,7-13,5.0,"('קשת 12', '2024-11-04', 24)","('קשת 12', '2024-11-04', 24)",7,morning,18,11,1.3052781740370902,1.2814226865254266,1.2703141524693586,6.1000000000000005,5
2137,קשת 12,News_middle_short,0.3,1,lt1.5,6.0,"('קשת 12', '2024-11-04', 24)","('קשת 12', '2024-11-04', 24)",8,morning,11,14,1.1506037565118452,1.1554073732941479,1.128599280401864,5.900000000000001,9
2138,קשת 12,News_middle_short,0.3,2,lt1.5,7.0,"('קשת 12', '2024-11-04', 24)","('קשת 12', '2024-11-04', 24)",8,morning,11,13,1.1506037565118452,1.1554073732941479,1.128599280401864,5.900000000000001,9
2139,קשת 12,News_middle_long,6.966666666666667,8,5-7,8.0,"('קשת 12', '2024-11-04', 24)","('קשת 12', '2024-11-04', 24)",8,morning,13,2,1.154104909221461,1.1446993817781361,1.1481136966839403,5.900000000000001,8
2141,קשת 12,News_last_long,7.7,8,7-13,10.0,"('קשת 12', '2024-11-04', 24)","('קשת 12', '2024-11-04', 24)",8,morning,15,13,1.3066316480630336,1.2905487419540904,1.2956126533659986,6.633333333333333,3
2142,קשת 12,News_last_short,0.3,1,lt1.5,11.0,"('קשת 12', '2024-11-04', 24)","('קשת 12', '2024-11-04', 24)",9,morning,13,14,1.1140766250538097,1.0874649946956343,1.088991468685163,5.633333333333333,8
2143,קשת 12,News_last_short,0.3,2,lt1.5,12.0,"('קשת 12', '2024-11-04', 24)","('קשת 12', '2024-11-04', 24)",9,morning,13,13,1.1140766250538097,1.0874649946956343,1.088991468685163,5.633333333333333,8
2144,קשת 12,News_last_long,7.283333333333333,9,7-13,13.0,"('קשת 12', '2024-11-04', 24)","('קשת 12', '2024-11-04', 24)",9,morning,13,21,1.039773484343771,1.0390508702310395,1.0388027485222617,5.2,7
2145,קשת 12,Other_first_long,7.166666666666667,8,7-13,1.0,"('קשת 12', '2024-11-04', 36)","('קשת 12', '2024-11-04', 36)",9,morning,21,20,1.0307167235494878,1.016678598252188,1.0290937082653213,5.033333333333333,6
2146,קשת 12,Other_middle_long,5.95,7,5-7,2.0,"('קשת 12', '2024-11-04', 36)","('קשת 12', '2024-11-04', 36)",10,morning,20,1,0.8213965310183485,0.8400265734575636,0.8218252983660791,3.766666666666667,3
2148,קשת 12,Other_last_long,5.6,6,5-7,4.0,"('קשת 12', '2024-11-04', 36)","('קשת 12', '2024-11-04', 36)",10,morning,18,2,0.9118905603315287,0.9090682584058847,0.9177128859957038,3.966666666666667,14
2150,קשת 12,Other_first_long,4.95,6,3.5-5,1.0,"('קשת 12', '2024-11-04', 41)","('קשת 12', '2024-11-04', 41)",11,morning,19,10,0.673187683384968,0.6811246072918129,0.6737698580911191,2.6,10
2152,קשת 12,Other_middle_long,4.35,5,3.5-5,3.0,"('קשת 12', '2024-11-04', 41)","('קשת 12', '2024-11-04', 41)",11,morning,8,2,0.629691001445158,0.6480253954806772,0.6322005946828679,2.333333333333333,10
2154,קשת 12,Other_first_long,6.883333333333334,8,5-7,1.0,"('קשת 12', '2024-11-04', 45)","('קשת 12', '2024-11-04', 45)",12,afternoon,29,43,0.6977120054269018,0.6870494372703334,0.6977036399130858,2.6666666666666665,1
2156,קשת 12,Other_middle_standard,1.9666666666666666,3,1.5-2.5,1.0,"('קשת 12', '2024-11-04', 46)","('קשת 12', '2024-11-04', 46)",12,afternoon,42,8,1.0719999999999998,1.09501322398164,1.0803044059076106,4.466666666666666,6
2157,קשת 12,Other_middle_long,4.8,6,3.5-5,2.0,"('קשת 12', '2024-11-04', 46)","('קשת 12', '2024-11-04', 46)",13,afternoon,8,1,1.1018237082066868,1.0940986987278556,1.0970652006755983,4.833333333333333,1
2159,קשת 12,Other_last_long,4.066666666666666,5,3.5-5,4.0,"('קשת 12', '2024-11-04', 46)","('קשת 12', '2024-11-04', 46)",13,afternoon,30,2,1.1771457022157223,1.1399439587092,1.1856270847935677,5.3,8
2161,קשת 12,Other_first_long,5.0,6,3.5-5,1.0,"('קשת 12', '2024-11-04', 50)","('קשת 12', '2024-11-04', 50)",14,afternoon,18,27,1.2997903563941302,1.2979409432761078,1.2875215844829104,6.2,3
2163,קשת 12,Other_middle_long,5.066666666666666,6,5-7,1.0,"('קשת 12', '2024-11-04', 51)","('קשת 12', '2024-11-04', 51)",14,afternoon,26,1,1.0245930312092464,1.0400486574083005,1.030274922070191,5.233333333333333,5
2165,קשת 12,News_middle_short,1.2333333333333334,2,lt1.5,1.0,"('קשת 12', '2024-11-04', 54)","('קשת 12', '2024-11-04', 54)",15,afternoon,44,1,1.1650600913932472,1.1363807337485226,1.157949465930417,7.333333333333333,11
2168,קשת 12,News_last_short,0.8666666666666667,2,lt1.5,4.0,"('קשת 12', '2024-11-04', 54)","('קשת 12', '2024-11-04', 54)",15,afternoon,21,6,1.1727646259068023,1.1796482608552237,1.175356833778233,7.933333333333333,11
2169,קשת 12,Other_first_short,1.2333333333333334,2,lt1.5,1.0,"('קשת 12', '2024-11-04', 57)","('קשת 12', '2024-11-04', 57)",16,afternoon,6,1,1.2365063788027477,1.1895310560732988,1.2328173815224959,8.4,3
2172,קשת 12,News_middle_long,7.233333333333333,9,7-13,1.0,"('קשת 12', '2024-11-04', 58)","('קשת 12', '2024-11-04', 58)",16,afternoon,26,41,1.0507726269315674,1.0235810870808228,1.0270404194313831,7.933333333333334,8
2173,קשת 12,PrimeShow2_middle_short,1.2166666666666666,3,lt1.5,1.0,"('קשת 12', '2024-11-04', 60)","('קשת 12', '2024-11-04', 60)",17,early_evening,41,1,1.138528488697067,1.1141940445112046,1.1406958667981517,11.333333333333334,12
2176,קשת 12,PrimeShow2_last_long,3.55,4,3.5-5,4.0,"('קשת 12', '2024-11-04', 60)","('קשת 12', '2024-11-04', 60)",17,early_evening,5,7,0.9618687736173134,0.9328158751155864,0.9640148820682793,9.333333333333334,12
2177,קשת 12,Other_first_standard,2.5,4,1.5-2.5,1.0,"('קשת 12', '2024-11-04', 63)","('קשת 12', '2024-11-04', 63)",17,early_evening,7,19,1.1184243269615883,1.1124494518854842,1.1184243269615883,11.200000000000001,7
2178,קשת 12,News_first_short,1.3833333333333333,2,lt1.5,1.0,"('קשת 12', '2024-11-04', 64)","('קשת 12', '2024-11-04', 64)",18,early_evening,19,1,1.0846612464516239,1.076818094351496,1.077469296483035,12.6,14
2180,קשת 12,News_middle_long,6.5,8,5-7,3.0,"('קשת 12', '2024-11-04', 64)","('קשת 12', '2024-11-04', 64)",18,early_evening,14,8,1.0980061780398762,1.0667152286412087,1.0819129887896244,13.033333333333333,7
2182,קשת 12,Other_first_long,10.633333333333333,11,7-13,1.0,"('קשת 12', '2024-11-04', 69)","('קשת 12', '2024-11-04', 69)",19,early_evening,7,39,1.100689655172414,1.0641347377022727,1.068572647328911,13.299999999999999,0
2185,קשת 12,News_middle_long,10.866666666666667,12,7-13,1.0,"('קשת 12', '2024-11-04', 74)","('קשת 12', '2024-11-04', 74)",20,late_evening,3,18,1.0478215196916056,0.9845277215614257,1.0478215196916056,17.75,13
2186,קשת 12,Other_first_long,9.583333333333334,11,7-13,1.0,"('קשת 12', '2024-11-04', 77)","('קשת 12', '2024-11-04', 77)",20,late_evening,18,27,0.958904109589041,0.8843083641802663,0.9616025924713772,15.866666666666667,12
2187,קשת 12,Other_middle_long,10.533333333333333,11,7-13,2.0,"('קשת 12', '2024-11-04', 77)","('קשת 12', '2024-11-04', 77)",21,late_evening,27,13,1.0787507185284537,0.9926944769493593,1.0490249670080012,18.766666666666666,4
2188,קשת 12,Other_last_short,1.25,2,lt1.5,3.0,"('קשת 12', '2024-11-04', 77)","('קשת 12', '2024-11-04', 77)",21,late_evening,13,1,0.6966023561550282,0.664018904513701,0.6791924558752443,13.6,12
2191,קשת 12,Other_first_long,11.0,12,7-13,1.0,"('קשת 12', '2024-11-04', 85)","('קשת 12', '2024-11-04', 85)",22,late_evening,25,17,0.780575770628821,0.7121883653891533,0.7833231813186257,14.133333333333333,6
2192,קשת 12,Other_middle_long,6.366666666666666,7,5-7,1.0,"('קשת 12', '2024-11-04', 86)","('קשת 12', '2024-11-04', 86)",23,late_evening,17,2,0.6742498362927113,0.6725096664104502,0.6742498362927113,9.9,4
2194,קשת 12,Other_middle_long,8.0,9,7-13,1.0,"('קשת 12', '2024-11-04', 88)","('קשת 12', '2024-11-04', 88)",23,late_evening,36,1,0.6462911194664929,0.6331083935597769,0.6462911194664929,5.0,4
2196,קשת 12,Other_first_short,1.45,2,lt1.5,1.0,"('קשת 12', '2024-11-05', 1)","('קשת 12', '2024-11-05', 1)",0,overnight,19,1,0.7504378959095644,0.8085725556242046,0.7504378959095644,3.0666666666666664,3
2199,קשת 12,Other_first_long,3.7333333333333334,5,3.5-5,1.0,"('קשת 12', '2024-11-05', 2)","('קשת 12', '2024-11-05', 2)",0,overnight,10,1,0.5823366322086272,0.6022946610336705,0.5823366322086272,1.7999999999999998,8
2201,קשת 12,Other_middle_long,7.616666666666666,8,7-13,1.0,"('קשת 12', '2024-11-05', 3)","('קשת 12', '2024-11-05', 3)",1,overnight,37,2,0.7397666561010275,0.734313463138147,0.7397666561010275,1.5,6
2203,קשת 12,Other_last_standard,1.5333333333333334,2,1.5-2.5,1.0,"('קשת 12', '2024-11-05', 7)","('קשת 12', '2024-11-05', 7)",3,overnight,81,148,1.6632478632478633,1.6748997594226143,1.6807597743293996,1.8,0
2204,קשת 12,Other_middle_long,3.2333333333333334,4,2.5-3.5,1.0,"('קשת 12', '2024-11-05', 14)","('קשת 12', '2024-11-05', 14)",5,overnight,148,21,1.403774230676154,1.4046701458584234,1.3979306075864626,1.4666666666666668,14
2205,קשת 12,News_last_short,0.3,1,lt1.5,1.0,"('קשת 12', '2024-11-05', 16)","('קשת 12', '2024-11-05', 16)",6,morning,21,60,1.3627559911454787,1.3580670060558155,1.3627559911454787,2.866666666666667,8
2206,קשת 12,News_last_short,0.3,2,lt1.5,2.0,"('קשת 12', '2024-11-05', 16)","('קשת 12', '2024-11-05', 16)",6,morning,21,59,1.3627559911454787,1.3580670060558155,1.3627559911454787,2.866666666666667,8
2207,קשת 12,News_first_short,0.3,1,lt1.5,1.0,"('קשת 12', '2024-11-05', 22)","('קשת 12', '2024-11-05', 22)",7,morning,59,1,1.1102575130199666,1.092897377704557,1.091370665201989,4.833333333333333,8
2209,קשת 12,News_first_long,7.216666666666667,8,7-13,3.0,"('קשת 12', '2024-11-05', 22)","('קשת 12', '2024-11-05', 22)",7,morning,12,2,1.1561561561561564,1.1407573281162373,1.1373487613971311,5.133333333333333,6
2211,קשת 12,News_middle_long,7.1,8,7-13,5.0,"('קשת 12', '2024-11-05', 22)","('קשת 12', '2024-11-05', 22)",7,morning,20,8,0.9843081312410843,0.983481327314535,0.9524518364468247,4.6000000000000005,6
2212,קשת 12,News_middle_short,0.3,2,lt1.5,6.0,"('קשת 12', '2024-11-05', 22)","('קשת 12', '2024-11-05', 22)",8,morning,8,13,1.0391851703468573,1.0080306030901296,1.0209299658564166,5.3,6
2214,קשת 12,News_middle_long,8.133333333333333,9,7-13,8.0,"('קשת 12', '2024-11-05', 22)","('קשת 12', '2024-11-05', 22)",8,morning,13,1,1.2426805465191932,1.2070148888135963,1.240900840042049,6.366666666666667,5
2216,קשת 12,News_last_long,8.383333333333333,9,7-13,10.0,"('קשת 12', '2024-11-05', 22)","('קשת 12', '2024-11-05', 22)",8,morning,18,10,0.9323703217334208,0.9207696497142424,0.9244494082940559,4.733333333333333,3
2217,קשת 12,News_last_short,0.3,1,lt1.5,11.0,"('קשת 12', '2024-11-05', 22)","('קשת 12', '2024-11-05', 22)",9,morning,10,1,0.9880567892620181,0.980479598624659,0.9725805074576422,4.966666666666667,6
2219,קשת 12,News_last_long,7.8,9,7-13,13.0,"('קשת 12', '2024-11-05', 22)","('קשת 12', '2024-11-05', 22)",9,morning,13,23,1.0519139722454536,1.0510174075107417,1.0563595318090617,5.266666666666667,5
2220,קשת 12,Other_first_long,7.633333333333334,9,7-13,1.0,"('קשת 12', '2024-11-05', 38)","('קשת 12', '2024-11-05', 38)",9,morning,23,23,1.1262798634812283,1.1108963687004094,1.1244620863629617,5.5,6
2221,קשת 12,Other_middle_long,7.3,8,7-13,2.0,"('קשת 12', '2024-11-05', 38)","('קשת 12', '2024-11-05', 38)",10,morning,23,1,1.1979459307602542,1.1602085422466526,1.2002919297729797,5.433333333333334,7
2223,קשת 12,Other_last_long,6.95,8,5-7,4.0,"('קשת 12', '2024-11-05', 38)","('קשת 12', '2024-11-05', 38)",10,morning,16,2,1.230450931769564,1.2003997217405429,1.213037665805058,5.333333333333333,2
2225,קשת 12,PrimeShow1_first_long,6.65,7,5-7,1.0,"('קשת 12', '2024-11-05', 43)","('קשת 12', '2024-11-05', 43)",11,morning,18,1,1.033456512629704,0.9975530498786312,1.0298457878744998,3.9,0
2227,קשת 12,PrimeShow1_last_long,6.016666666666667,7,5-7,3.0,"('קשת 12', '2024-11-05', 43)","('קשת 12', '2024-11-05', 43)",11,morning,11,2,0.8454417730285941,0.7437395622464793,0.8382460286983747,3.1666666666666665,4
2229,קשת 12,Other_first_long,6.25,8,5-7,1.0,"('קשת 12', '2024-11-05', 47)","('קשת 12', '2024-11-05', 47)",12,afternoon,19,24,0.7938740961803018,0.7849893956874713,0.7942332032890079,3.033333333333333,1
2231,קשת 12,Other_first_long,6.8,8,5-7,1.0,"('קשת 12', '2024-11-05', 48)","('קשת 12', '2024-11-05', 48)",12,afternoon,23,23,1.0204081632653061,1.0507861878515026,1.019023829407203,4.166666666666667,2
2232,קשת 12,Other_middle_long,6.366666666666666,7,5-7,2.0,"('קשת 12', '2024-11-05', 48)","('קשת 12', '2024-11-05', 48)",13,afternoon,23,32,1.0410334346504557,1.0281267438640136,1.0365564768533544,4.566666666666666,2
2234,קשת 12,Other_last_long,5.033333333333333,6,5-7,4.0,"('קשת 12', '2024-11-05', 48)","('קשת 12', '2024-11-05', 48)",13,afternoon,30,1,0.8456316954571297,0.8357205618579351,0.8446171641652468,3.8333333333333335,10
2236,קשת 12,Other_first_long,6.65,8,5-7,1.0,"('קשת 12', '2024-11-05', 53)","('קשת 12', '2024-11-05', 53)",14,afternoon,15,33,0.9503843466107619,0.9339551697610217,0.9388653750731555,4.533333333333333,2
2238,קשת 12,Other_middle_long,6.05,7,5-7,1.0,"('קשת 12', '2024-11-05', 54)","('קשת 12', '2024-11-05', 54)",14,afternoon,32,2,1.0779220779220777,1.0828975433989247,1.0716047636676747,5.533333333333334,12
2240,קשת 12,News_middle_short,1.35,2,lt1.5,1.0,"('קשת 12', '2024-11-05', 56)","('קשת 12', '2024-11-05', 56)",15,afternoon,45,1,0.9458749343142406,0.9625982185156574,0.9488757857656288,6.0,6
2243,קשת 12,News_last_short,0.9666666666666667,2,lt1.5,4.0,"('קשת 12', '2024-11-05', 56)","('קשת 12', '2024-11-05', 56)",15,afternoon,11,4,0.9017823347355763,0.9070813899156178,0.9037919510311362,6.099999999999999,11
2244,קשת 12,Other_first_short,1.25,2,lt1.5,1.0,"('קשת 12', '2024-11-05', 60)","('קשת 12', '2024-11-05', 60)",16,afternoon,4,2,0.9126594700686947,0.9182598737653745,0.9107280196069135,6.2,1
2247,קשת 12,News_middle_long,7.116666666666666,8,7-13,1.0,"('קשת 12', '2024-11-05', 61)","('קשת 12', '2024-11-05', 61)",16,afternoon,27,40,1.1125827814569538,1.0837563386560973,1.0873520023832917,8.4,8
2248,קשת 12,PrimeShow2_middle_long,8.25,9,7-13,1.0,"('קשת 12', '2024-11-05', 63)","('קשת 12', '2024-11-05', 63)",17,early_evening,40,11,0.96515983284108,0.9463153883320063,0.9623984953308119,9.666666666666666,10
2250,קשת 12,PrimeShow2_last_short,0.8666666666666667,2,lt1.5,3.0,"('קשת 12', '2024-11-05', 63)","('קשת 12', '2024-11-05', 63)",17,early_evening,9,1,0.8485056681552731,0.8574664704496652,0.8553537941624877,8.233333333333334,14
2252,קשת 12,Other_first_standard,2.65,3,2.5-3.5,1.0,"('קשת 12', '2024-11-05', 67)","('קשת 12', '2024-11-05', 67)",17,early_evening,6,27,0.8030656762070842,0.8014588612099861,0.7992986135821788,8.1,8
2253,קשת 12,News_middle_standard,1.5333333333333334,3,1.5-2.5,1.0,"('קשת 12', '2024-11-05', 68)","('קשת 12', '2024-11-05', 68)",18,early_evening,27,1,0.840662856488871,0.827256132373809,0.8420589288953769,9.733333333333333,7
2255,קשת 12,News_last_long,5.666666666666667,7,5-7,3.0,"('קשת 12', '2024-11-05', 68)","('קשת 12', '2024-11-05', 68)",18,early_evening,8,3,0.9070485818590283,0.8812645303710188,0.8995396967531848,10.766666666666666,10
2257,קשת 12,Other_first_long,10.983333333333333,12,7-13,1.0,"('קשת 12', '2024-11-05', 73)","('קשת 12', '2024-11-05', 73)",18,early_evening,9,36,0.9572413793103447,0.9333317333415118,0.932575356257808,11.566666666666668,14
2260,קשת 12,PrimeShow2_first_long,9.8,11,7-13,1.0,"('קשת 12', '2024-11-05', 80)","('קשת 12', '2024-11-05', 80)",20,late_evening,11,23,1.13013698630137,1.0523822438001498,1.1337365750117236,18.7,13
2261,קשת 12,PrimeShow2_middle_long,9.966666666666667,11,7-13,2.0,"('קשת 12', '2024-11-05', 80)","('קשת 12', '2024-11-05', 80)",21,late_evening,23,16,1.2224564092738073,1.1359192310659845,1.1680177544055093,21.266666666666666,1
2262,קשת 12,Other_first_long,10.816666666666666,12,7-13,1.0,"('קשת 12', '2024-11-05', 83)","('קשת 12', '2024-11-05', 83)",21,late_evening,16,9,1.0961242957145296,1.0449394354993604,1.0688119037626247,21.400000000000002,12
2265,קשת 12,Other_first_long,5.016666666666667,6,5-7,1.0,"('קשת 12', '2024-11-05', 89)","('קשת 12', '2024-11-05', 89)",23,late_evening,17,2,1.3218795813824535,1.340931955324682,1.3224690814586348,13.766666666666666,5
2267,קשת 12,Other_last_long,7.033333333333333,8,7-13,3.0,"('קשת 12', '2024-11-05', 89)","('קשת 12', '2024-11-05', 89)",23,late_evening,20,2,1.7254819847441967,1.7112353791369765,1.7254819847441967,13.566666666666665,3
2270,קשת 12,Other_first_short,1.45,2,lt1.5,1.0,"('קשת 12', '2024-11-06', 1)","('קשת 12', '2024-11-06', 1)",0,overnight,9,1,1.9747429559538119,2.003088373911504,1.9747429559538119,9.233333333333334,9
2273,קשת 12,Other_first_long,4.416666666666667,5,3.5-5,1.0,"('קשת 12', '2024-11-06', 3)","('קשת 12', '2024-11-06', 3)",0,overnight,8,2,1.6061408333548315,1.6430043427992207,1.6061408333548315,5.566666666666666,11
2275,קשת 12,Other_first_standard,2.4,3,1.5-2.5,1.0,"('קשת 12', '2024-11-06', 4)","('קשת 12', '2024-11-06', 4)",1,overnight,19,2,2.2930983208001208,2.290987558567387,2.2930983208001208,6.0,6
2277,קשת 12,Other_first_long,8.033333333333333,9,7-13,1.0,"('קשת 12', '2024-11-06', 7)","('קשת 12', '2024-11-06', 7)",2,overnight,91,6,2.9408664720661863,2.9107399106299603,2.9407638669215643,4.266666666666667,12
2278,קשת 12,Other_middle_long,5.466666666666667,6,5-7,2.0,"('קשת 12', '2024-11-06', 7)","('קשת 12', '2024-11-06', 7)",3,overnight,43,11,1.9366825862180972,1.9344896571958998,1.9344896571958998,1.8333333333333333,10
2279,קשת 12,Other_middle_long,5.783333333333333,6,5-7,3.0,"('קשת 12', '2024-11-06', 7)","('קשת 12', '2024-11-06', 7)",4,overnight,36,13,1.5562024182713836,1.5618856299417552,1.5652371171642103,1.2,2
2280,קשת 12,Other_last_long,7.066666666666666,8,7-13,4.0,"('קשת 12', '2024-11-06', 7)","('קשת 12', '2024-11-06', 7)",5,overnight,27,11,2.000023148550033,2.0036788348730976,2.0088181234918316,1.6000000000000003,3
2282,קשת 12,Other_last_short,1.45,3,lt1.5,1.0,"('קשת 12', '2024-11-06', 16)","('קשת 12', '2024-11-06', 16)",7,morning,103,8,1.2612612612612613,1.2478586233115734,1.2478586233115734,5.599999999999999,5
2285,קשת 12,Other_last_long,6.583333333333333,8,5-7,4.0,"('קשת 12', '2024-11-06', 16)","('קשת 12', '2024-11-06', 16)",7,morning,10,35,1.3383270888295866,1.3487166397054258,1.3336696310054867,6.166666666666667,11
2286,קשת 12,Other_first_long,7.816666666666666,9,7-13,1.0,"('קשת 12', '2024-11-06', 19)","('קשת 12', '2024-11-06', 19)",8,morning,35,1,1.284560515394839,1.2742242424980021,1.277883383514099,6.566666666666666,8
2288,קשת 12,Other_middle_long,7.35,9,7-13,3.0,"('קשת 12', '2024-11-06', 19)","('קשת 12', '2024-11-06', 19)",8,morning,15,21,1.3722915298752463,1.36511041686514,1.3577285281595834,6.966666666666666,4
2290,קשת 12,Other_last_standard,1.55,2,1.5-2.5,5.0,"('קשת 12', '2024-11-06', 19)","('קשת 12', '2024-11-06', 19)",9,morning,20,1,1.3627182441507033,1.339745285507351,1.3578796699262767,6.833333333333333,3
2292,קשת 12,Other_first_long,7.283333333333333,8,7-13,1.0,"('קשת 12', '2024-11-06', 23)","('קשת 12', '2024-11-06', 23)",9,morning,30,20,1.264952980305635,1.2939641699612208,1.2759591405504331,6.133333333333333,10
2293,קשת 12,News_first_long,6.333333333333333,7,5-7,1.0,"('קשת 12', '2024-11-06', 24)","('קשת 12', '2024-11-06', 24)",10,morning,20,17,1.4625329558715479,1.4161003886999348,1.465313399145889,6.633333333333333,7
2295,קשת 12,News_middle_long,7.05,8,7-13,3.0,"('קשת 12', '2024-11-06', 24)","('קשת 12', '2024-11-06', 24)",10,morning,15,2,1.3273473318948934,1.320398220108039,1.3270964495708204,5.766666666666667,0
2297,קשת 12,News_middle_long,5.8,7,5-7,5.0,"('קשת 12', '2024-11-06', 24)","('קשת 12', '2024-11-06', 24)",11,morning,23,1,1.618221121303505,1.4910882803698045,1.6250564086302155,6.0,3
2299,קשת 12,News_last_long,4.95,6,3.5-5,7.0,"('קשת 12', '2024-11-06', 24)","('קשת 12', '2024-11-06', 24)",11,morning,10,1,2.1681695222817976,1.925383645145643,2.1707055680876417,8.133333333333333,5
2301,קשת 12,Other_first_long,5.466666666666667,7,5-7,1.0,"('קשת 12', '2024-11-06', 29)","('קשת 12', '2024-11-06', 29)",12,afternoon,46,10,1.9249592169657423,1.998452911825212,1.9445515463071743,7.866666666666667,13
2303,קשת 12,Other_middle_long,6.416666666666667,8,5-7,3.0,"('קשת 12', '2024-11-06', 29)","('קשת 12', '2024-11-06', 29)",12,afternoon,9,32,1.8765036086607856,1.7716397980388336,1.8699051161247722,7.8,14
2304,קשת 12,Other_last_long,5.516666666666667,7,5-7,4.0,"('קשת 12', '2024-11-06', 29)","('קשת 12', '2024-11-06', 29)",13,afternoon,32,19,1.3991163475699555,1.3907826187973578,1.4047024239171586,6.333333333333333,8
2306,קשת 12,Other_last_long,5.5,7,5-7,6.0,"('קשת 12', '2024-11-06', 29)","('קשת 12', '2024-11-06', 29)",13,afternoon,18,1,1.319543509272468,1.2281216875239302,1.310853392125477,6.166666666666667,3
2308,קשת 12,Other_middle_long,5.783333333333333,7,5-7,1.0,"('קשת 12', '2024-11-06', 34)","('קשת 12', '2024-11-06', 34)",14,afternoon,25,15,1.0893244725189026,1.0622370112060533,1.0812019119840308,5.433333333333333,6
2310,קשת 12,Other_last_long,5.916666666666667,7,5-7,3.0,"('קשת 12', '2024-11-06', 34)","('קשת 12', '2024-11-06', 34)",14,afternoon,14,1,1.1948051948051948,1.2003198406359152,1.1879219477294376,6.133333333333333,12
2312,קשת 12,News_middle_short,1.45,2,lt1.5,1.0,"('קשת 12', '2024-11-06', 37)","('קשת 12', '2024-11-06', 37)",15,afternoon,43,1,1.0718066785305822,1.0708021329836874,1.0694549479896385,6.8,3
2315,קשת 12,News_last_short,0.8833333333333333,2,lt1.5,4.0,"('קשת 12', '2024-11-06', 37)","('קשת 12', '2024-11-06', 37)",15,afternoon,10,10,1.1367127829726822,1.137256419068028,1.1367127829726822,7.5,7
2316,קשת 12,Other_first_long,5.566666666666666,7,5-7,1.0,"('קשת 12', '2024-11-06', 40)","('קשת 12', '2024-11-06', 40)",16,afternoon,10,31,1.295387634936212,1.247737500585524,1.291641150001192,8.799999999999999,3
2318,קשת 12,News_middle_short,1.3,2,lt1.5,1.0,"('קשת 12', '2024-11-06', 41)","('קשת 12', '2024-11-06', 41)",16,afternoon,29,1,1.4832235425690066,1.467288708127586,1.4537784881795182,11.199999999999998,10
2320,קשת 12,PrimeShow2_middle_short,1.45,2,lt1.5,1.0,"('קשת 12', '2024-11-06', 43)","('קשת 12', '2024-11-06', 43)",17,early_evening,36,1,1.2454334108269676,1.2160246590554127,1.235989098164336,12.5,8
2323,קשת 12,PrimeShow2_last_long,3.7333333333333334,5,3.5-5,4.0,"('קשת 12', '2024-11-06', 43)","('קשת 12', '2024-11-06', 43)",17,early_evening,7,9,1.1116420214589515,1.0738276883138147,1.109815494854203,10.799999999999999,10
2324,קשת 12,Other_first_standard,2.466666666666667,3,1.5-2.5,1.0,"('קשת 12', '2024-11-06', 46)","('קשת 12', '2024-11-06', 46)",17,early_evening,9,24,1.0772585667049268,1.0751897789269225,1.0722511298010888,10.866666666666667,8
2325,קשת 12,News_middle_standard,1.5,2,lt1.5,1.0,"('קשת 12', '2024-11-06', 47)","('קשת 12', '2024-11-06', 47)",18,early_evening,24,2,1.2553740326741187,1.2423480907488988,1.2479955038962698,14.6,4
2327,קשת 12,News_last_long,5.433333333333334,7,5-7,3.0,"('קשת 12', '2024-11-06', 47)","('קשת 12', '2024-11-06', 47)",18,early_evening,11,8,1.0923897781522045,1.0582920208367754,1.0844954684406554,12.966666666666667,9
2329,קשת 12,Other_first_long,7.983333333333333,9,7-13,1.0,"('קשת 12', '2024-11-06', 51)","('קשת 12', '2024-11-06', 51)",19,early_evening,6,42,1.1779310344827587,1.1386145420748475,1.1435683244283301,14.233333333333334,0
2330,קשת 12,News_last_short,1.15,2,lt1.5,1.0,"('קשת 12', '2024-11-06', 52)","('קשת 12', '2024-11-06', 52)",19,early_evening,42,1,1.1567435333181482,1.1458116383620813,1.150581815509459,15.566666666666668,5
2334,קשת 12,News_middle_long,10.116666666666667,11,7-13,2.0,"('קשת 12', '2024-11-06', 56)","('קשת 12', '2024-11-06', 56)",20,late_evening,16,16,1.2707182320441988,1.2075879376208134,1.2427302335785066,21.46666666666667,2
2335,קשת 12,News_last_long,9.25,10,7-13,3.0,"('קשת 12', '2024-11-06', 56)","('קשת 12', '2024-11-06', 56)",21,late_evening,16,13,1.2771358013637195,1.1791788265527652,1.2735523416045864,21.299999999999997,13
2339,קשת 12,Other_first_long,10.283333333333333,11,7-13,1.0,"('קשת 12', '2024-11-06', 65)","('קשת 12', '2024-11-06', 65)",22,late_evening,16,17,1.764084009459932,1.6443724740859633,1.764084009459932,32.86666666666667,5
2340,קשת 12,Other_first_long,5.033333333333333,6,5-7,1.0,"('קשת 12', '2024-11-06', 69)","('קשת 12', '2024-11-06', 69)",22,late_evening,15,1,1.602859801429176,1.4368935280039734,1.5964902090830861,25.633333333333336,14
2342,קשת 12,Other_middle_long,8.216666666666667,9,7-13,1.0,"('קשת 12', '2024-11-06', 70)","('קשת 12', '2024-11-06', 70)",23,late_evening,43,1,1.0387953411463031,1.0171506970372837,1.0387953411463031,8.033333333333333,4
2344,קשת 12,Other_first_short,1.3666666666666667,2,lt1.5,1.0,"('קשת 12', '2024-11-07', 1)","('קשת 12', '2024-11-07', 1)",0,overnight,8,1,1.0429619383083963,1.0416960671782671,1.0459688707746757,5.133333333333334,3
2347,קשת 12,Other_first_long,3.933333333333333,5,3.5-5,1.0,"('קשת 12', '2024-11-07', 2)","('קשת 12', '2024-11-07', 2)",0,overnight,20,1,0.8672877912034948,0.8679477076640197,0.8672877912034948,2.8666666666666667,3
2349,קשת 12,Other_middle_standard,2.8833333333333333,4,2.5-3.5,3.0,"('קשת 12', '2024-11-07', 2)","('קשת 12', '2024-11-07', 2)",1,overnight,18,1,0.9465104975657063,0.9862395914795091,0.9460853274976792,2.3000000000000003,12
2351,קשת 12,Other_first_short,1.0666666666666667,2,lt1.5,1.0,"('קשת 12', '2024-11-07', 11)","('קשת 12', '2024-11-07', 11)",4,overnight,24,77,1.3711964038727524,1.37515330298244,1.39255382451585,1.1,4
2352,קשת 12,News_first_short,0.95,2,lt1.5,1.0,"('קשת 12', '2024-11-07', 15)","('קשת 12', '2024-11-07', 15)",5,overnight,77,20,1.2605042016806722,1.3428436571659377,1.3085135536852275,1.0,7
2353,קשת 12,News_last_short,0.3,1,lt1.5,1.0,"('קשת 12', '2024-11-07', 18)","('קשת 12', '2024-11-07', 18)",6,morning,26,62,1.5798605258440555,1.6081101911936553,1.5749953604284315,3.4,9
2354,קשת 12,News_last_short,0.3,2,lt1.5,2.0,"('קשת 12', '2024-11-07', 18)","('קשת 12', '2024-11-07', 18)",6,morning,26,61,1.5798605258440555,1.6081101911936553,1.5749953604284315,3.4,9
2355,קשת 12,News_first_short,0.3,1,lt1.5,1.0,"('קשת 12', '2024-11-07', 23)","('קשת 12', '2024-11-07', 23)",7,morning,61,12,1.4300429818978113,1.512581485949603,1.421676922588457,6.266666666666667,11
2356,קשת 12,News_first_short,0.3,2,lt1.5,2.0,"('קשת 12', '2024-11-07', 23)","('קשת 12', '2024-11-07', 23)",7,morning,61,11,1.4300429818978113,1.512581485949603,1.421676922588457,6.266666666666667,11
2357,קשת 12,News_first_long,6.1,7,5-7,3.0,"('קשת 12', '2024-11-07', 23)","('קשת 12', '2024-11-07', 23)",7,morning,11,1,1.5240240240240241,1.4671628701214814,1.483906562433961,6.766666666666667,8
2359,קשת 12,News_middle_long,6.083333333333333,7,5-7,5.0,"('קשת 12', '2024-11-07', 23)","('קשת 12', '2024-11-07', 23)",7,morning,18,13,1.4764621968616265,1.4535538748060401,1.4493061923100434,6.8999999999999995,4
2360,קשת 12,News_middle_short,0.3,1,lt1.5,6.0,"('קשת 12', '2024-11-07', 23)","('קשת 12', '2024-11-07', 23)",8,morning,13,14,1.290183302443953,1.2530977121320699,1.2592754158635762,6.599999999999999,8
2361,קשת 12,News_middle_short,0.3,2,lt1.5,7.0,"('קשת 12', '2024-11-07', 23)","('קשת 12', '2024-11-07', 23)",8,morning,13,13,1.290183302443953,1.2530977121320699,1.2592754158635762,6.599999999999999,8
2362,קשת 12,News_middle_long,5.866666666666666,7,5-7,8.0,"('קשת 12', '2024-11-07', 23)","('קשת 12', '2024-11-07', 23)",8,morning,13,1,1.4446856023639125,1.428610381285785,1.4429148293106,7.400000000000001,7
2364,קשת 12,News_last_long,6.616666666666666,8,5-7,10.0,"('קשת 12', '2024-11-07', 23)","('קשת 12', '2024-11-07', 23)",8,morning,16,10,1.0571240971766251,1.0601173786899607,1.0521106959873314,5.366666666666667,1
2365,קשת 12,News_last_short,0.3,1,lt1.5,11.0,"('קשת 12', '2024-11-07', 23)","('קשת 12', '2024-11-07', 23)",9,morning,10,1,1.1157467142823683,1.1247366552604563,1.1157467142823683,5.566666666666667,3
2367,קשת 12,News_last_long,5.916666666666667,7,5-7,13.0,"('קשת 12', '2024-11-07', 23)","('קשת 12', '2024-11-07', 23)",9,morning,13,30,1.1476806375330766,1.1256271481057165,1.1426687564992644,5.766666666666667,2
2368,קשת 12,Other_first_long,5.533333333333333,6,5-7,1.0,"('קשת 12', '2024-11-07', 37)","('קשת 12', '2024-11-07', 37)",9,morning,30,30,1.293395854495376,1.2896158537984268,1.297344952895327,6.3,8
2369,קשת 12,Other_middle_long,4.95,6,3.5-5,2.0,"('קשת 12', '2024-11-07', 37)","('קשת 12', '2024-11-07', 37)",10,morning,30,12,1.4363253228106252,1.4072272083136514,1.4359391699423327,6.466666666666666,13
2371,קשת 12,Other_last_long,5.05,6,5-7,4.0,"('קשת 12', '2024-11-07', 37)","('קשת 12', '2024-11-07', 37)",10,morning,11,2,1.2582935602424299,1.2517166613488737,1.2580589846136514,5.466666666666666,0
2373,קשת 12,Other_first_long,6.616666666666666,7,5-7,1.0,"('קשת 12', '2024-11-07', 41)","('קשת 12', '2024-11-07', 41)",11,morning,18,1,1.303219826513536,1.3184629095406748,1.3043468441436092,5.033333333333333,10
2375,קשת 12,Other_middle_short,0.85,2,lt1.5,3.0,"('קשת 12', '2024-11-07', 41)","('קשת 12', '2024-11-07', 41)",11,morning,10,1,1.1888760880696365,1.2011381762399234,1.1877550474895575,4.433333333333334,13
2377,קשת 12,Other_first_long,5.533333333333333,7,5-7,1.0,"('קשת 12', '2024-11-07', 45)","('קשת 12', '2024-11-07', 45)",12,afternoon,28,29,1.3493304549585077,1.3633695023173047,1.353438994672329,5.133333333333334,0
2379,קשת 12,Other_first_long,6.3,7,5-7,1.0,"('קשת 12', '2024-11-07', 46)","('קשת 12', '2024-11-07', 46)",12,afternoon,28,21,1.3281041116173347,1.3605214763002724,1.3223316370114924,5.433333333333334,5
2380,קשת 12,Other_middle_long,5.8,7,5-7,2.0,"('קשת 12', '2024-11-07', 46)","('קשת 12', '2024-11-07', 46)",13,afternoon,21,32,1.21580547112462,1.2009405239723943,1.2106271150132686,5.333333333333333,2
2382,קשת 12,Other_last_short,0.9833333333333333,2,lt1.5,4.0,"('קשת 12', '2024-11-07', 46)","('קשת 12', '2024-11-07', 46)",13,afternoon,29,1,1.4853132954577404,1.4681916808199313,1.4835245166009996,6.733333333333333,10
2384,קשת 12,Other_first_long,5.95,7,5-7,1.0,"('קשת 12', '2024-11-07', 50)","('קשת 12', '2024-11-07', 50)",14,afternoon,32,25,1.3477960009914896,1.3408460516816738,1.3477960009914896,6.6000000000000005,0
2386,קשת 12,Other_last_long,4.45,5,3.5-5,3.0,"('קשת 12', '2024-11-07', 50)","('קשת 12', '2024-11-07', 50)",14,afternoon,23,1,1.0194805194805194,0.9798073572723407,1.0365231514553448,5.233333333333333,1
2388,קשת 12,News_middle_standard,1.65,2,1.5-2.5,1.0,"('קשת 12', '2024-11-07', 53)","('קשת 12', '2024-11-07', 53)",15,afternoon,39,2,1.1148274238979112,1.1230178431562887,1.1166243053840879,7.066666666666666,1
2391,קשת 12,News_last_short,1.1833333333333333,2,lt1.5,4.0,"('קשת 12', '2024-11-07', 53)","('קשת 12', '2024-11-07', 53)",15,afternoon,13,9,0.990494923550234,0.9909422190717213,0.990494923550234,6.533333333333334,7
2392,קשת 12,Other_first_short,1.3,2,lt1.5,1.0,"('קשת 12', '2024-11-07', 56)","('קשת 12', '2024-11-07', 56)",16,afternoon,9,1,1.0255152109911678,1.0235679245032585,1.023075476133945,6.966666666666668,2
2395,קשת 12,News_middle_long,5.816666666666666,7,5-7,1.0,"('קשת 12', '2024-11-07', 57)","('קשת 12', '2024-11-07', 57)",16,afternoon,30,41,1.1918795750210913,1.1788041344880886,1.1681188467878612,9.0,10
2396,קשת 12,PrimeShow2_middle_standard,1.5166666666666666,3,1.5-2.5,1.0,"('קשת 12', '2024-11-07', 59)","('קשת 12', '2024-11-07', 59)",17,early_evening,41,1,1.2757958762138275,1.2485662986423829,1.2782100874501412,12.700000000000001,12
2399,קשת 12,PrimeShow2_last_long,4.05,5,3.5-5,4.0,"('קשת 12', '2024-11-07', 59)","('קשת 12', '2024-11-07', 59)",17,early_evening,8,5,0.9859154929577464,0.9963854607533561,0.9939007692499068,9.566666666666668,14
2400,קשת 12,Other_first_standard,2.5833333333333335,3,2.5-3.5,1.0,"('קשת 12', '2024-11-07', 62)","('קשת 12', '2024-11-07', 62)",17,early_evening,5,28,0.9913601597179672,0.9894250474631043,0.9867202411189983,10.0,8
2401,קשת 12,News_middle_standard,1.65,2,1.5-2.5,1.0,"('קשת 12', '2024-11-07', 63)","('קשת 12', '2024-11-07', 63)",18,early_evening,28,1,1.041546451240623,1.014453325848842,1.0452740919791241,12.033333333333333,8
2403,קשת 12,News_last_long,4.75,6,3.5-5,3.0,"('קשת 12', '2024-11-07', 63)","('קשת 12', '2024-11-07', 63)",18,early_evening,10,1,1.1738275765234485,1.1336545779732257,1.1656986852667206,13.933333333333332,11
2405,קשת 12,Other_first_long,7.25,8,7-13,1.0,"('קשת 12', '2024-11-07', 67)","('קשת 12', '2024-11-07', 67)",19,early_evening,8,38,1.0068965517241377,0.973412462297973,0.9775239654783606,12.166666666666666,0
2409,קשת 12,News_middle_long,8.766666666666667,9,7-13,2.0,"('קשת 12', '2024-11-07', 72)","('קשת 12', '2024-11-07', 72)",20,late_evening,12,16,0.9530386740331491,0.9093346727208057,0.9367392077766863,16.099999999999998,1
2410,קשת 12,News_last_long,3.45,4,2.5-3.5,3.0,"('קשת 12', '2024-11-07', 72)","('קשת 12', '2024-11-07', 72)",21,late_evening,16,16,1.0206103844629408,0.9582972166977882,0.9977278297489259,17.166666666666668,10
2411,קשת 12,News_last_short,1.05,2,lt1.5,4.0,"('קשת 12', '2024-11-07', 72)","('קשת 12', '2024-11-07', 72)",21,late_evening,16,1,0.9657022418087756,0.9363146483582199,0.9552502136071084,16.8,14
2414,קשת 12,Other_middle_long,9.5,10,7-13,1.0,"('קשת 12', '2024-11-07', 82)","('קשת 12', '2024-11-07', 82)",22,late_evening,14,14,0.8940460512627006,0.8489499843895872,0.8932699327815201,17.066666666666666,1
2415,קשת 12,Other_first_long,4.933333333333334,6,3.5-5,1.0,"('קשת 12', '2024-11-07', 86)","('קשת 12', '2024-11-07', 86)",23,late_evening,11,1,1.2959281349803462,1.228714206819679,1.2959281349803462,18.23333333333333,6
2417,קשת 12,PrimeShow1_first_short,1.0833333333333333,3,lt1.5,1.0,"('קשת 12', '2024-11-07', 88)","('קשת 12', '2024-11-07', 88)",23,late_evening,41,1,0.911072887751184,0.7732993505929268,0.911072887751184,6.033333333333334,9
2419,קשת 12,Other_first_long,4.333333333333333,5,3.5-5,1.0,"('קשת 12', '2024-11-08', 0)","('קשת 12', '2024-11-08', 0)",0,overnight,15,19,0.6251422067350995,0.6269341977138362,0.6251422067350995,3.4,13
2421,קשת 12,Other_middle_standard,2.55,4,2.5-3.5,3.0,"('קשת 12', '2024-11-08', 0)","('קשת 12', '2024-11-08', 0)",0,overnight,18,28,0.8048696960849616,0.8131673715021606,0.8048696960849616,3.1,6
2422,קשת 12,Other_first_long,3.3333333333333335,4,2.5-3.5,1.0,"('קשת 12', '2024-11-08', 3)","('קשת 12', '2024-11-08', 3)",1,overnight,28,11,0.948617651893899,0.9640036561666481,0.948617651893899,2.433333333333333,7
2423,קשת 12,Other_first_short,1.4,2,lt1.5,1.0,"('קשת 12', '2024-11-08', 4)","('קשת 12', '2024-11-08', 4)",1,overnight,11,12,0.6256558681155004,0.6252597492590616,0.6236561044424164,1.4333333333333333,6
2424,קשת 12,Other_middle_short,0.7666666666666667,2,lt1.5,2.0,"('קשת 12', '2024-11-08', 4)","('קשת 12', '2024-11-08', 4)",1,overnight,12,17,0.6348416056018841,0.6433091001182417,0.6351892623950978,1.3,4
2425,קשת 12,Other_last_short,0.8833333333333333,2,lt1.5,3.0,"('קשת 12', '2024-11-08', 4)","('קשת 12', '2024-11-08', 4)",1,overnight,17,7,0.6459390315354306,0.6658389191506678,0.6565587746146214,1.2,7
2426,קשת 12,Other_first_short,0.45,1,lt1.5,1.0,"('קשת 12', '2024-11-08', 8)","('קשת 12', '2024-11-08', 8)",2,overnight,7,82,0.612653643546971,0.6022853979426116,0.6093627702356212,1.1,0
2427,קשת 12,Other_last_short,0.6833333333333333,2,lt1.5,1.0,"('קשת 12', '2024-11-08', 9)","('קשת 12', '2024-11-08', 9)",3,overnight,82,167,0.6481481481481483,0.6508990952599395,0.6508990952599395,0.6999999999999998,7
2428,קשת 12,Other_last_short,0.3,1,lt1.5,1.0,"('קשת 12', '2024-11-08', 12)","('קשת 12', '2024-11-08', 12)",6,morning,167,1,1.2417244438219297,1.3400040201614891,1.2386016124548236,2.7000000000000006,10
2430,קשת 12,PrimeShow1_first_short,0.3,1,lt1.5,1.0,"('קשת 12', '2024-11-08', 16)","('קשת 12', '2024-11-08', 16)",7,morning,58,17,1.2509423133757427,1.2566836124465623,1.2271109228084223,5.466666666666666,9
2431,קשת 12,PrimeShow1_first_short,0.3,2,lt1.5,2.0,"('קשת 12', '2024-11-08', 16)","('קשת 12', '2024-11-08', 16)",7,morning,58,16,1.2509423133757427,1.2566836124465623,1.2271109228084223,5.466666666666666,9
2432,קשת 12,PrimeShow1_first_long,7.916666666666667,9,7-13,3.0,"('קשת 12', '2024-11-08', 16)","('קשת 12', '2024-11-08', 16)",7,morning,16,1,1.1915486915486915,1.4470441821607964,1.1944038177383633,5.266666666666667,11
2434,קשת 12,PrimeShow1_first_short,0.8833333333333333,2,lt1.5,5.0,"('קשת 12', '2024-11-08', 16)","('קשת 12', '2024-11-08', 16)",7,morning,19,15,1.5306017497003017,1.8610116870083175,1.5406711273627873,7.233333333333334,9
2435,קשת 12,PrimeShow1_middle_short,0.3,1,lt1.5,6.0,"('קשת 12', '2024-11-08', 16)","('קשת 12', '2024-11-08', 16)",8,morning,15,24,1.725452398469071,1.7995258416311046,1.7064030192717548,8.866666666666667,10
2436,קשת 12,PrimeShow1_middle_short,0.3,2,lt1.5,7.0,"('קשת 12', '2024-11-08', 16)","('קשת 12', '2024-11-08', 16)",8,morning,15,23,1.725452398469071,1.7995258416311046,1.7064030192717548,8.866666666666667,10
2437,קשת 12,PrimeShow1_middle_long,4.833333333333333,6,3.5-5,8.0,"('קשת 12', '2024-11-08', 16)","('קשת 12', '2024-11-08', 16)",8,morning,23,1,1.788617886178862,1.87389075036695,1.8312553230651918,8.8,4
2439,קשת 12,PrimeShow1_middle_long,4.8,6,3.5-5,10.0,"('קשת 12', '2024-11-08', 16)","('קשת 12', '2024-11-08', 16)",8,morning,14,8,1.7905405405405403,2.213011044109304,1.798621561574041,8.833333333333334,10
2440,קשת 12,PrimeShow1_last_short,0.3,1,lt1.5,11.0,"('קשת 12', '2024-11-08', 16)","('קשת 12', '2024-11-08', 16)",9,morning,8,1,1.7995930027785387,1.7558795654463821,1.7590291977910386,9.1,8
2442,קשת 12,PrimeShow1_last_short,1.0166666666666666,2,lt1.5,13.0,"('קשת 12', '2024-11-08', 16)","('קשת 12', '2024-11-08', 16)",9,morning,18,1,1.5587044534412957,1.6099861817450158,1.555521986856535,7.7,12
2444,קשת 12,PrimeShow1_last_long,5.016666666666667,6,5-7,15.0,"('קשת 12', '2024-11-08', 16)","('קשת 12', '2024-11-08', 16)",9,morning,15,19,1.6040955631399314,1.5784024715495883,1.5965884315922745,7.833333333333333,5
2445,קשת 12,Other_first_long,7.666666666666667,9,7-13,1.0,"('קשת 12', '2024-11-08', 31)","('קשת 12', '2024-11-08', 31)",10,morning,19,28,1.826856770979104,1.8084846919294992,1.823826128776797,8.466666666666667,14
2447,קשת 12,Other_middle_short,0.9333333333333333,2,lt1.5,3.0,"('קשת 12', '2024-11-08', 31)","('קשת 12', '2024-11-08', 31)",10,morning,27,1,1.6902848820814491,1.6620772347395765,1.6837629931971196,7.300000000000001,5
2449,קשת 12,Other_middle_short,1.15,3,lt1.5,5.0,"('קשת 12', '2024-11-08', 31)","('קשת 12', '2024-11-08', 31)",11,morning,16,1,1.9977371514155013,1.9932550507016302,1.9966766224096961,7.733333333333333,9
2452,קשת 12,Other_first_short,0.85,1,lt1.5,1.0,"('קשת 12', '2024-11-08', 35)","('קשת 12', '2024-11-08', 35)",11,morning,39,21,2.069974628959521,2.064551132316154,2.071572323271996,7.833333333333333,13
2453,קשת 12,Other_first_long,7.683333333333334,8,7-13,1.0,"('קשת 12', '2024-11-08', 36)","('קשת 12', '2024-11-08', 36)",12,afternoon,21,1,2.093213409648406,1.9975502056805066,2.1012899956483495,8.533333333333333,4
2455,קשת 12,Other_first_short,0.9333333333333333,2,lt1.5,3.0,"('קשת 12', '2024-11-08', 36)","('קשת 12', '2024-11-08', 36)",12,afternoon,8,1,1.9186705350602178,2.00778859434724,1.9313862422902013,7.866666666666667,6
2457,קשת 12,Other_middle_long,6.15,7,5-7,5.0,"('קשת 12', '2024-11-08', 36)","('קשת 12', '2024-11-08', 36)",13,afternoon,27,39,2.1786405084277423,2.0332820773437965,2.18082490281129,9.566666666666668,5
2460,קשת 12,Other_first_long,6.733333333333333,8,5-7,1.0,"('קשת 12', '2024-11-08', 41)","('קשת 12', '2024-11-08', 41)",14,afternoon,9,30,2.2361984626135567,2.197704232526537,2.209116254981152,10.666666666666666,2
2462,קשת 12,Other_first_short,0.8333333333333334,2,lt1.5,1.0,"('קשת 12', '2024-11-08', 42)","('קשת 12', '2024-11-08', 42)",14,afternoon,28,1,1.5584415584415583,1.525349679441412,1.5500543962929563,8.0,9
2464,קשת 12,Other_middle_short,1.0166666666666666,2,lt1.5,3.0,"('קשת 12', '2024-11-08', 42)","('קשת 12', '2024-11-08', 42)",15,afternoon,32,2,1.3007701033242012,1.2936705820602412,1.2977313976733653,7.766666666666666,14
2467,קשת 12,Other_last_short,1.1166666666666667,2,lt1.5,6.0,"('קשת 12', '2024-11-08', 42)","('קשת 12', '2024-11-08', 42)",15,afternoon,19,20,1.5441176470588234,1.5066486116995588,1.5475560452510173,9.799999999999999,10
2468,קשת 12,Other_first_short,0.9833333333333333,1,lt1.5,1.0,"('קשת 12', '2024-11-08', 46)","('קשת 12', '2024-11-08', 46)",16,afternoon,20,2,1.295387634936212,1.3033433775567942,1.2926246900710348,8.8,1
2471,קשת 12,Other_middle_long,5.35,6,5-7,1.0,"('קשת 12', '2024-11-08', 47)","('קשת 12', '2024-11-08', 47)",16,afternoon,39,27,1.2908445194509415,1.3064482482074344,1.3041036003173725,9.966666666666667,2
2472,קשת 12,Other_middle_short,1.3166666666666667,2,lt1.5,2.0,"('קשת 12', '2024-11-08', 47)","('קשת 12', '2024-11-08', 47)",17,early_evening,27,1,1.00631019594819,0.9981269950422599,0.9997311118213413,10.1,4
2475,קשת 12,Other_last_short,1.2666666666666666,2,lt1.5,5.0,"('קשת 12', '2024-11-08', 47)","('קשת 12', '2024-11-08', 47)",17,early_evening,16,14,0.9445840144053815,0.9553963898584147,0.9523277099593118,9.166666666666666,0
2476,קשת 12,Other_first_long,7.183333333333334,9,7-13,1.0,"('קשת 12', '2024-11-08', 51)","('קשת 12', '2024-11-08', 51)",18,early_evening,14,26,0.8908701390952163,0.8776865891448562,0.8857880979316498,9.5,0
2478,קשת 12,Other_first_short,0.8333333333333334,2,lt1.5,1.0,"('קשת 12', '2024-11-08', 52)","('קשת 12', '2024-11-08', 52)",18,early_evening,25,1,0.8307008847576767,0.8180962955794343,0.8281481888154084,9.799999999999999,4
2480,קשת 12,Other_middle_long,5.366666666666666,6,5-7,3.0,"('קשת 12', '2024-11-08', 52)","('קשת 12', '2024-11-08', 52)",19,early_evening,34,11,0.9150134728785098,0.9067183886276199,0.919859780022661,10.666666666666666,11
2481,קשת 12,Other_first_short,0.36666666666666664,2,lt1.5,1.0,"('קשת 12', '2024-11-08', 57)","('קשת 12', '2024-11-08', 57)",19,early_evening,3,55,0.8050097446854236,0.9341251748867517,0.8006778091604962,10.9,7
2482,קשת 12,PrimeShow2_first_long,6.15,7,5-7,1.0,"('קשת 12', '2024-11-08', 60)","('קשת 12', '2024-11-08', 60)",20,late_evening,5,14,0.8994598976004345,0.8443056588751073,0.8989580492624714,14.933333333333332,9
2483,קשת 12,Other_first_long,6.383333333333334,8,5-7,1.0,"('קשת 12', '2024-11-08', 61)","('קשת 12', '2024-11-08', 61)",21,late_evening,14,20,0.9597974636603999,0.8776057475199872,0.962503761540526,15.833333333333334,14
2484,קשת 12,Other_middle_long,5.466666666666667,6,5-7,2.0,"('קשת 12', '2024-11-08', 61)","('קשת 12', '2024-11-08', 61)",21,late_evening,20,22,0.88018611865064,0.805678202576945,0.9090014926581373,15.133333333333335,11
2485,קשת 12,Other_last_long,6.983333333333333,8,5-7,3.0,"('קשת 12', '2024-11-08', 61)","('קשת 12', '2024-11-08', 61)",22,late_evening,22,11,0.8093447845907816,0.7827167416288433,0.8273595354596212,14.933333333333332,8
2486,קשת 12,Other_last_short,0.9666666666666667,2,lt1.5,4.0,"('קשת 12', '2024-11-08', 61)","('קשת 12', '2024-11-08', 61)",22,late_evening,11,1,0.7504699912384635,0.7143339516873753,0.7507837599626669,14.5,11
2488,קשת 12,Other_first_long,8.45,10,7-13,1.0,"('קשת 12', '2024-11-08', 69)","('קשת 12', '2024-11-08', 69)",22,late_evening,18,10,0.47934686597225484,0.4393833258393622,0.4738965475941426,8.466666666666667,1
2489,קשת 12,Other_middle_standard,1.6833333333333333,3,1.5-2.5,2.0,"('קשת 12', '2024-11-08', 69)","('קשת 12', '2024-11-08', 69)",23,late_evening,10,1,0.4577864207413847,0.4500308373685627,0.4577864207413847,6.566666666666666,5
2491,קשת 12,Other_middle_long,5.966666666666667,7,5-7,4.0,"('קשת 12', '2024-11-08', 69)","('קשת 12', '2024-11-08', 69)",23,late_evening,12,54,0.6428486060040289,0.6671275007830749,0.6419771089658669,6.666666666666667,6
2492,קשת 12,News_first_long,7.45,9,7-13,1.0,"('קשת 12', '2024-11-09', 0)","('קשת 12', '2024-11-09', 0)",0,overnight,54,19,1.0446333257354594,1.0508071692553536,1.0414137012061293,5.066666666666666,6
2494,קשת 12,News_last_long,3.8,5,3.5-5,3.0,"('קשת 12', '2024-11-09', 0)","('קשת 12', '2024-11-09', 0)",0,overnight,17,28,1.028727078301886,1.029653876462387,1.028727078301886,3.4,3
2495,קשת 12,Other_middle_long,3.25,4,2.5-3.5,1.0,"('קשת 12', '2024-11-09', 3)","('קשת 12', '2024-11-09', 3)",1,overnight,28,32,1.0610057328996245,1.0649121301854183,1.063750356027363,2.433333333333333,5
2496,קשת 12,Other_middle_standard,1.6166666666666667,2,1.5-2.5,1.0,"('קשת 12', '2024-11-09', 5)","('קשת 12', '2024-11-09', 5)",1,overnight,32,48,1.085580627407815,1.0501253294658008,1.0700650602188522,2.0,10
2497,קשת 12,Other_middle_standard,1.6833333333333333,2,1.5-2.5,1.0,"('קשת 12', '2024-11-09', 8)","('קשת 12', '2024-11-09', 8)",2,overnight,48,22,0.7851548036116096,0.8143628828380788,0.7851548036116096,1.1,14
2498,קשת 12,Other_last_short,1.2166666666666666,3,lt1.5,2.0,"('קשת 12', '2024-11-09', 8)","('קשת 12', '2024-11-09', 8)",3,overnight,22,31,0.9165702818480833,0.8919779367097008,0.9165702818480833,1.0333333333333334,7
2499,קשת 12,Other_first_short,1.45,2,lt1.5,1.0,"('קשת 12', '2024-11-09', 11)","('קשת 12', '2024-11-09', 11)",3,overnight,31,78,0.5281864773923509,0.5275773304417406,0.5275773304417406,0.5,10
2500,קשת 12,Other_middle_standard,2.1333333333333333,3,1.5-2.5,1.0,"('קשת 12', '2024-11-09', 14)","('קשת 12', '2024-11-09', 14)",4,overnight,78,22,0.5928853754940712,0.5796948639550327,0.5882773018112143,0.5,14
2501,קשת 12,Other_middle_short,1.2833333333333334,3,lt1.5,1.0,"('קשת 12', '2024-11-09', 16)","('קשת 12', '2024-11-09', 16)",5,overnight,22,20,0.25210084033613445,0.2674614930572411,0.262072697417525,0.20000000000000004,8
2504,קשת 12,PrimeShow2_middle_standard,1.5,2,lt1.5,1.0,"('קשת 12', '2024-11-09', 23)","('קשת 12', '2024-11-09', 23)",7,morning,26,1,0.04567954187146435,0.04941705295687597,0.04519851596787246,0.2,10
2506,קשת 12,PrimeShow2_first_standard,1.9166666666666667,3,1.5-2.5,1.0,"('קשת 12', '2024-11-09', 29)","('קשת 12', '2024-11-09', 29)",8,morning,52,1,0.26257066092756803,0.2618183119744445,0.2618183119744445,1.3333333333333333,4
2508,קשת 12,News_middle_short,1.3666666666666667,2,lt1.5,1.0,"('קשת 12', '2024-11-09', 31)","('קשת 12', '2024-11-09', 31)",8,morning,29,48,0.4064214982027952,0.418814949257643,0.41014713545088216,2.0,6
2509,קשת 12,PrimeShow2_middle_short,1.2,2,lt1.5,1.0,"('קשת 12', '2024-11-09', 36)","('קשת 12', '2024-11-09', 36)",9,morning,48,1,0.6330115910291749,0.6368647629917441,0.6312662292420196,3.1333333333333333,10
2512,קשת 12,Other_first_long,4.233333333333333,5,3.5-5,1.0,"('קשת 12', '2024-11-09', 38)","('קשת 12', '2024-11-09', 38)",9,morning,24,13,0.7505040783985982,0.7862164385532413,0.7549290344345647,3.6333333333333333,11
2513,קשת 12,PrimeShow2_middle_long,6.2,8,5-7,1.0,"('קשת 12', '2024-11-09', 41)","('קשת 12', '2024-11-09', 41)",10,morning,13,20,0.9249837930506732,0.9139644769157821,0.9240522890952457,4.3,13
2515,קשת 12,Other_middle_short,1.05,2,lt1.5,1.0,"('קשת 12', '2024-11-09', 43)","('קשת 12', '2024-11-09', 43)",10,morning,19,1,0.8108043155464384,0.7846919016935735,0.8117162812794215,3.5666666666666664,10
2517,קשת 12,PrimeShow2_first_short,1.3,2,lt1.5,1.0,"('קשת 12', '2024-11-09', 47)","('קשת 12', '2024-11-09', 47)",11,morning,34,1,1.6471647164716472,1.6564426412784867,1.6509774850356296,6.099999999999999,7
2520,קשת 12,PrimeShow2_last_long,5.666666666666667,7,5-7,4.0,"('קשת 12', '2024-11-09', 47)","('קשת 12', '2024-11-09', 47)",11,morning,15,35,1.5511637542032932,1.5701124743525599,1.534024342521575,5.766666666666666,14
2521,קשת 12,Other_first_long,4.7,6,3.5-5,1.0,"('קשת 12', '2024-11-09', 53)","('קשת 12', '2024-11-09', 53)",12,afternoon,35,16,1.3476724022942512,1.3403603839942286,1.331428485753576,5.5,10
2523,קשת 12,Other_last_short,1.0166666666666666,2,lt1.5,3.0,"('קשת 12', '2024-11-09', 53)","('קשת 12', '2024-11-09', 53)",12,afternoon,15,1,1.2583662328048855,1.236330663341736,1.2589494013929248,5.233333333333333,1
2525,קשת 12,PrimeShow2_first_long,3.8333333333333335,5,3.5-5,1.0,"('קשת 12', '2024-11-09', 58)","('קשת 12', '2024-11-09', 58)",13,afternoon,13,16,1.0095790734088606,0.9414135856693223,1.0104949914813457,4.433333333333333,5
2527,קשת 12,Other_middle_long,4.383333333333334,6,3.5-5,1.0,"('קשת 12', '2024-11-09', 59)","('קשת 12', '2024-11-09', 59)",13,afternoon,15,1,1.0751104565537553,1.0739773539589053,1.0767061542174556,4.866666666666667,10
2529,קשת 12,PrimeShow1_first_long,3.7666666666666666,5,3.5-5,1.0,"('קשת 12', '2024-11-09', 63)","('קשת 12', '2024-11-09', 63)",14,afternoon,51,15,1.1177978816593275,1.0945337179866357,1.1224651404551844,5.6000000000000005,8
2531,קשת 12,PrimeShow1_last_long,4.466666666666667,5,3.5-5,3.0,"('קשת 12', '2024-11-09', 63)","('קשת 12', '2024-11-09', 63)",14,afternoon,15,1,1.0129870129870129,1.0176779573777475,1.0071463334484179,5.2,12
2533,קשת 12,Other_first_short,1.0833333333333333,2,lt1.5,1.0,"('קשת 12', '2024-11-09', 66)","('קשת 12', '2024-11-09', 66)",15,afternoon,12,1,1.4325025750080724,1.4325025750080724,1.4325025750080724,7.966666666666666,0
2536,קשת 12,Other_middle_short,1.1166666666666667,2,lt1.5,4.0,"('קשת 12', '2024-11-09', 66)","('קשת 12', '2024-11-09', 66)",15,afternoon,19,35,1.1606017511318676,1.1342337536631126,1.152180897499082,7.333333333333333,12
2537,קשת 12,Other_first_short,1.1333333333333333,2,lt1.5,1.0,"('קשת 12', '2024-11-09', 69)","('קשת 12', '2024-11-09', 69)",16,afternoon,35,1,0.9371933267909714,0.9028927493891096,0.9344945687676288,6.366666666666666,3
2540,קשת 12,Other_first_long,4.916666666666667,6,3.5-5,1.0,"('קשת 12', '2024-11-09', 70)","('קשת 12', '2024-11-09', 70)",16,afternoon,14,30,0.852290669648733,0.8438642798098125,0.8508525044207084,6.233333333333334,10
2541,קשת 12,Other_first_short,1.1166666666666667,2,lt1.5,1.0,"('קשת 12', '2024-11-09', 72)","('קשת 12', '2024-11-09', 72)",17,early_evening,30,6,0.8287707512138868,0.8189097523476344,0.8287736815498382,7.233333333333333,0
2544,קשת 12,PrimeShow1_first_short,0.8833333333333333,2,lt1.5,1.0,"('קשת 12', '2024-11-09', 74)","('קשת 12', '2024-11-09', 74)",17,early_evening,51,1,1.1189043432318482,1.1141874417121889,1.1202320033918312,11.799999999999999,14
2548,קשת 12,News_middle_long,4.266666666666667,5,3.5-5,1.0,"('קשת 12', '2024-11-09', 75)","('קשת 12', '2024-11-09', 75)",18,early_evening,26,21,1.1128944590255332,1.095948178469892,1.1035408938366096,13.200000000000001,5
2549,קשת 12,PrimeShow2_first_long,7.916666666666667,9,7-13,1.0,"('קשת 12', '2024-11-09', 77)","('קשת 12', '2024-11-09', 77)",19,early_evening,21,16,1.1310344827586205,1.0934178343782863,1.0980390280355818,13.666666666666666,0
2552,קשת 12,News_middle_long,8.016666666666667,9,7-13,1.0,"('קשת 12', '2024-11-09', 82)","('קשת 12', '2024-11-09', 82)",20,late_evening,5,13,1.2252252252252254,1.1185683328702425,1.233268125947439,20.400000000000002,1
2553,קשת 12,News_middle_long,8.5,9,7-13,2.0,"('קשת 12', '2024-11-09', 82)","('קשת 12', '2024-11-09', 82)",20,late_evening,13,16,1.1754016420320514,1.09408353720207,1.1809214342024166,19.633333333333336,7
2554,קשת 12,News_last_long,7.083333333333333,8,7-13,3.0,"('קשת 12', '2024-11-09', 82)","('קשת 12', '2024-11-09', 82)",21,late_evening,16,15,1.3990167963949203,1.2721710465176297,1.4219264882079006,22.766666666666666,1
2555,קשת 12,News_last_short,1.1,3,lt1.5,4.0,"('קשת 12', '2024-11-09', 82)","('קשת 12', '2024-11-09', 82)",21,late_evening,15,1,1.3629313687475768,1.1741090034830908,1.3990432939751625,23.433333333333337,8
2558,קשת 12,Other_middle_long,9.383333333333333,10,7-13,1.0,"('קשת 12', '2024-11-09', 91)","('קשת 12', '2024-11-09', 91)",22,late_evening,11,12,1.2633163156484921,1.198837341375649,1.2622495655924497,24.03333333333333,2
2561,קשת 12,Other_middle_long,8.783333333333333,10,7-13,1.0,"('קשת 12', '2024-11-09', 97)","('קשת 12', '2024-11-09', 97)",23,late_evening,35,15,0.9806590499991588,0.9236254107459415,0.9806590499991588,7.3999999999999995,5
2562,קשת 12,Other_first_standard,1.9166666666666667,3,1.5-2.5,1.0,"('קשת 12', '2024-11-10', 1)","('קשת 12', '2024-11-10', 1)",0,overnight,15,1,1.0645082470251817,1.1539496587421558,1.0645082470251817,4.633333333333333,14
2565,קשת 12,Other_first_long,4.15,6,3.5-5,1.0,"('קשת 12', '2024-11-10', 3)","('קשת 12', '2024-11-10', 3)",0,overnight,9,1,1.1082912005682362,1.1025024965313681,1.1079338183063736,3.733333333333333,1
2567,קשת 12,Other_middle_standard,2.0833333333333335,3,1.5-2.5,1.0,"('קשת 12', '2024-11-10', 4)","('קשת 12', '2024-11-10', 4)",1,overnight,34,2,1.0205834152736808,1.0169676471786957,1.0203163457157034,2.3000000000000003,11
2569,קשת 12,Other_middle_standard,1.5833333333333333,3,1.5-2.5,1.0,"('קשת 12', '2024-11-10', 8)","('קשת 12', '2024-11-10', 8)",2,overnight,62,14,1.5164301240250608,1.5441398195492024,1.4853135456150532,2.0,13
2570,קשת 12,Other_last_short,1.2666666666666666,3,lt1.5,2.0,"('קשת 12', '2024-11-10', 8)","('קשת 12', '2024-11-10', 8)",3,overnight,14,29,1.4739120207010117,1.4953927161035543,1.5078567062952228,1.6000000000000003,14
2571,קשת 12,Other_middle_standard,1.65,3,1.5-2.5,1.0,"('קשת 12', '2024-11-10', 11)","('קשת 12', '2024-11-10', 11)",3,overnight,29,18,1.694571722236631,1.7362014116427167,1.694571722236631,1.5,0
2572,קשת 12,Other_first_standard,1.6166666666666667,2,1.5-2.5,1.0,"('קשת 12', '2024-11-10', 13)","('קשת 12', '2024-11-10', 13)",4,overnight,18,21,1.4836555004554193,1.493784260893803,1.500625390869293,1.2,5
2573,קשת 12,Other_middle_standard,1.5833333333333333,3,1.5-2.5,2.0,"('קשת 12', '2024-11-10', 13)","('קשת 12', '2024-11-10', 13)",4,overnight,21,20,1.038961038961039,1.0494087558307743,1.042025125509699,0.8000000000000002,12
2574,קשת 12,Other_last_short,1.2833333333333334,2,lt1.5,3.0,"('קשת 12', '2024-11-10', 13)","('קשת 12', '2024-11-10', 13)",4,overnight,20,56,1.9672351433995985,2.005530213146335,1.9949680562427148,1.6000000000000003,4
2575,קשת 12,Other_last_standard,2.5,4,1.5-2.5,1.0,"('קשת 12', '2024-11-10', 17)","('קשת 12', '2024-11-10', 17)",5,overnight,56,19,1.515792836321527,1.5235690235690236,1.5206458310236746,1.6000000000000003,1
2576,קשת 12,News_last_short,0.3,1,lt1.5,1.0,"('קשת 12', '2024-11-10', 19)","('קשת 12', '2024-11-10', 19)",6,morning,19,1,1.3740984479532046,1.3686716941102695,1.3740984479532046,2.9,8
2578,קשת 12,News_first_short,0.3,1,lt1.5,1.0,"('קשת 12', '2024-11-10', 25)","('קשת 12', '2024-11-10', 25)",7,morning,59,1,1.0950726726139146,1.078036614044662,1.076507988865237,4.766666666666667,8
2580,קשת 12,News_first_long,7.316666666666666,8,7-13,3.0,"('קשת 12', '2024-11-10', 25)","('קשת 12', '2024-11-10', 25)",7,morning,14,24,1.178678678678679,1.134605803667479,1.1476803418382753,5.233333333333333,8
2581,קשת 12,News_middle_long,5.5,6,5-7,4.0,"('קשת 12', '2024-11-10', 25)","('קשת 12', '2024-11-10', 25)",7,morning,24,6,1.3473058753476732,1.637808538268741,1.3559244138215032,6.366666666666667,9
2582,קשת 12,News_middle_short,0.3,2,lt1.5,5.0,"('קשת 12', '2024-11-10', 25)","('קשת 12', '2024-11-10', 25)",8,morning,6,15,1.21800699570088,1.1982355602806154,1.2068167433151682,6.2,5
2584,קשת 12,News_middle_long,9.116666666666667,10,7-13,7.0,"('קשת 12', '2024-11-10', 25)","('קשת 12', '2024-11-10', 25)",8,morning,15,17,1.2556929082628498,1.232882479510898,1.25570134441949,6.433333333333334,6
2585,קשת 12,News_last_long,6.416666666666667,7,5-7,8.0,"('קשת 12', '2024-11-10', 25)","('קשת 12', '2024-11-10', 25)",8,morning,17,14,1.2409717662508208,1.2315531640437218,1.2320998945925996,6.3,2
2586,קשת 12,News_last_short,0.3,2,lt1.5,9.0,"('קשת 12', '2024-11-10', 25)","('קשת 12', '2024-11-10', 25)",9,morning,14,16,1.136986903948231,1.110534534113777,1.1116613285455015,5.733333333333333,7
2588,קשת 12,News_last_long,6.816666666666666,8,5-7,11.0,"('קשת 12', '2024-11-10', 25)","('קשת 12', '2024-11-10', 25)",9,morning,16,23,1.1469022058377634,1.1530889933299024,1.148204095662235,5.7,9
2589,קשת 12,Other_first_long,4.966666666666667,6,3.5-5,1.0,"('קשת 12', '2024-11-10', 38)","('קשת 12', '2024-11-10', 38)",9,morning,23,23,1.2008359281217453,1.2059461931291147,1.2051932106461922,5.833333333333333,9
2590,קשת 12,Other_middle_long,4.983333333333333,6,3.5-5,2.0,"('קשת 12', '2024-11-10', 38)","('קשת 12', '2024-11-10', 38)",10,morning,23,1,1.1979513333621474,1.1600041430981236,1.2002973323748727,5.433333333333333,7
2592,קשת 12,Other_last_long,4.016666666666667,5,3.5-5,4.0,"('קשת 12', '2024-11-10', 38)","('קשת 12', '2024-11-10', 38)",10,morning,13,2,1.182078399072586,1.1516914732161656,1.1948669761528172,5.166666666666667,12
2594,קשת 12,Other_first_long,5.216666666666667,6,5-7,1.0,"('קשת 12', '2024-11-10', 43)","('קשת 12', '2024-11-10', 43)",11,morning,22,13,0.8030868291380786,0.814590663510999,0.8057501739177471,3.1,11
2596,קשת 12,Other_last_long,3.45,5,2.5-3.5,3.0,"('קשת 12', '2024-11-10', 43)","('קשת 12', '2024-11-10', 43)",11,morning,11,1,0.7410714285714285,0.7432288752055812,0.7368258110207201,2.766666666666667,14
2598,קשת 12,Other_first_long,5.3,7,5-7,1.0,"('קשת 12', '2024-11-10', 47)","('קשת 12', '2024-11-10', 47)",12,afternoon,25,35,0.8410866480002829,0.8491583754339252,0.8433137779365749,3.1999999999999997,0
2600,קשת 12,Other_first_long,3.716666666666667,4,3.5-5,1.0,"('קשת 12', '2024-11-10', 48)","('קשת 12', '2024-11-10', 48)",12,afternoon,34,18,0.9239465902193985,0.9011250662027472,0.9221406348939412,3.8333333333333335,11
2601,קשת 12,Other_middle_long,3.95,5,3.5-5,2.0,"('קשת 12', '2024-11-10', 48)","('קשת 12', '2024-11-10', 48)",13,afternoon,18,39,0.9650455927051672,0.9533803856373027,0.9609133385213943,4.233333333333333,2
2603,קשת 12,Other_last_long,3.9166666666666665,5,3.5-5,4.0,"('קשת 12', '2024-11-10', 48)","('קשת 12', '2024-11-10', 48)",13,afternoon,38,1,1.285650522178875,1.2425966840320857,1.28583380772786,5.933333333333334,0
2605,קשת 12,Other_first_long,5.483333333333333,6,5-7,1.0,"('קשת 12', '2024-11-10', 53)","('קשת 12', '2024-11-10', 53)",14,afternoon,12,1,1.146051712089448,1.143676893116394,1.1352050095144017,5.466666666666666,3
2607,קשת 12,Other_middle_standard,2.966666666666667,4,2.5-3.5,1.0,"('קשת 12', '2024-11-10', 54)","('קשת 12', '2024-11-10', 54)",14,afternoon,31,1,1.4025974025974026,1.3975516470862408,1.3941574259325016,7.2,11
2609,קשת 12,News_middle_short,1.3833333333333333,3,lt1.5,1.0,"('קשת 12', '2024-11-10', 56)","('קשת 12', '2024-11-10', 56)",15,afternoon,42,1,1.1907499616720327,1.1768054607933751,1.1852609295826095,7.533333333333334,13
2612,קשת 12,News_last_short,1.0666666666666667,2,lt1.5,4.0,"('קשת 12', '2024-11-10', 56)","('קשת 12', '2024-11-10', 56)",15,afternoon,17,9,1.2631397352287852,1.2637315416110606,1.2631397352287852,8.333333333333334,7
2613,קשת 12,Other_first_short,1.0166666666666666,2,lt1.5,1.0,"('קשת 12', '2024-11-10', 59)","('קשת 12', '2024-11-10', 59)",16,afternoon,9,1,1.3199214916584887,1.317113599058503,1.3168824866678763,8.966666666666667,2
2616,קשת 12,News_middle_long,5.016666666666667,6,5-7,1.0,"('קשת 12', '2024-11-10', 60)","('קשת 12', '2024-11-10', 60)",16,afternoon,28,48,1.2362030905077261,1.204308347707669,1.208372751153964,9.333333333333334,8
2617,קשת 12,PrimeShow2_middle_standard,1.5333333333333334,2,1.5-2.5,1.0,"('קשת 12', '2024-11-10', 62)","('קשת 12', '2024-11-10', 62)",17,early_evening,48,1,1.1586926282672785,1.162053832817006,1.1541921193307763,11.466666666666669,1
2620,קשת 12,Other_first_standard,2.65,3,2.5-3.5,1.0,"('קשת 12', '2024-11-10', 65)","('קשת 12', '2024-11-10', 65)",17,early_evening,12,22,0.9947307456648388,0.9927654042103841,0.9900908270658698,10.033333333333333,8
2621,קשת 12,News_middle_standard,1.9833333333333334,3,1.5-2.5,1.0,"('קשת 12', '2024-11-10', 66)","('קשת 12', '2024-11-10', 66)",18,early_evening,22,1,1.0260819719117225,1.0086061485558317,1.0126067755394537,11.933333333333332,2
2623,קשת 12,News_last_long,3.65,5,3.5-5,3.0,"('קשת 12', '2024-11-10', 66)","('קשת 12', '2024-11-10', 66)",18,early_evening,14,4,1.1232799775344002,1.0882133112696686,1.11515263623198,13.333333333333334,9
2625,קשת 12,Other_first_long,8.016666666666667,9,7-13,1.0,"('קשת 12', '2024-11-10', 70)","('קשת 12', '2024-11-10', 70)",18,early_evening,11,40,0.9931034482758619,0.9681677667441445,0.967351147237845,12.0,14
2628,קשת 12,News_middle_long,8.133333333333333,9,7-13,1.0,"('קשת 12', '2024-11-10', 75)","('קשת 12', '2024-11-10', 75)",20,late_evening,3,12,1.0126132408282829,0.9513041967486362,1.0126132408282829,17.15,13
2629,קשת 12,News_middle_long,8.116666666666667,9,7-13,2.0,"('קשת 12', '2024-11-10', 75)","('קשת 12', '2024-11-10', 75)",20,late_evening,12,11,1.1228749722292417,1.0696403374091832,1.100354267756466,18.96666666666667,3
2630,קשת 12,News_last_long,5.916666666666667,7,5-7,3.0,"('קשת 12', '2024-11-10', 75)","('קשת 12', '2024-11-10', 75)",21,late_evening,11,14,1.2703131193024177,1.1993740231815273,1.2424539620540112,21.366666666666664,7
2634,קשת 12,Other_middle_long,10.166666666666666,12,7-13,1.0,"('קשת 12', '2024-11-10', 84)","('קשת 12', '2024-11-10', 84)",22,late_evening,42,10,1.2105535437144337,1.1458723192989957,1.1976778747082724,23.400000000000002,8
2635,קשת 12,Other_first_long,5.916666666666667,7,5-7,1.0,"('קשת 12', '2024-11-10', 87)","('קשת 12', '2024-11-10', 87)",23,late_evening,23,1,1.7720898582345104,1.597365398114077,1.7720898582345104,23.433333333333334,8
2637,קשת 12,Other_first_long,6.1,7,5-7,1.0,"('קשת 12', '2024-11-10', 89)","('קשת 12', '2024-11-10', 89)",23,late_evening,35,2,1.174867837768459,1.0771394441158495,1.174867837768459,8.6,6
2639,קשת 12,PrimeShow1_first_standard,1.7,2,1.5-2.5,1.0,"('קשת 12', '2024-11-11', 2)","('קשת 12', '2024-11-11', 2)",0,overnight,13,2,1.496362266341782,1.5897590039950795,1.496362266341782,6.733333333333333,12
2642,קשת 12,Other_first_standard,2.4166666666666665,3,1.5-2.5,1.0,"('קשת 12', '2024-11-11', 4)","('קשת 12', '2024-11-11', 4)",0,overnight,9,1,1.1780137478902484,1.2006628456604673,1.1780137478902484,4.0,14
2644,קשת 12,Other_middle_standard,2.316666666666667,3,1.5-2.5,1.0,"('קשת 12', '2024-11-11', 5)","('קשת 12', '2024-11-11', 5)",1,overnight,42,2,0.9019755572026336,0.899922550946835,0.9019755572026336,1.9333333333333333,0
2646,קשת 12,News_last_short,0.3,1,lt1.5,1.0,"('קשת 12', '2024-11-11', 17)","('קשת 12', '2024-11-11', 17)",6,morning,39,1,1.6096194532417891,1.7388611818010578,1.6057336875379689,3.5,10
2648,קשת 12,News_first_short,0.3,2,lt1.5,1.0,"('קשת 12', '2024-11-11', 21)","('קשת 12', '2024-11-11', 21)",7,morning,58,13,1.3806434685894715,1.386202749449198,1.3546506509872582,6.033333333333334,9
2650,קשת 12,News_first_long,5.4,6,5-7,3.0,"('קשת 12', '2024-11-11', 21)","('קשת 12', '2024-11-11', 21)",7,morning,13,2,1.193693693693694,1.1495464788145249,1.1623385875460588,5.3,8
2652,קשת 12,News_middle_long,5.666666666666667,7,5-7,5.0,"('קשת 12', '2024-11-11', 21)","('קשת 12', '2024-11-11', 21)",7,morning,20,11,1.269614835948645,1.269957795643155,1.2284997007780758,5.933333333333334,6
2653,קשת 12,News_middle_short,0.3,2,lt1.5,6.0,"('קשת 12', '2024-11-11', 21)","('קשת 12', '2024-11-11', 21)",8,morning,11,16,1.1468352627908065,1.1137606607921722,1.1193505296855797,5.866666666666667,8
2655,קשת 12,News_middle_long,5.333333333333333,6,5-7,8.0,"('קשת 12', '2024-11-11', 21)","('קשת 12', '2024-11-11', 21)",8,morning,16,2,1.1772666551768365,1.2208182265012868,1.1750056721644409,5.966666666666666,10
2657,קשת 12,News_last_long,5.916666666666667,7,5-7,10.0,"('קשת 12', '2024-11-11', 21)","('קשת 12', '2024-11-11', 21)",8,morning,18,12,1.1315357386649965,1.1997375432257844,1.1233737528097694,5.733333333333333,5
2658,קשת 12,News_last_short,0.3,1,lt1.5,11.0,"('קשת 12', '2024-11-11', 21)","('קשת 12', '2024-11-11', 21)",9,morning,12,16,0.8833144183983617,0.8619589911689979,0.8634309089761244,4.466666666666667,8
2659,קשת 12,News_last_short,0.3,2,lt1.5,12.0,"('קשת 12', '2024-11-11', 21)","('קשת 12', '2024-11-11', 21)",9,morning,12,15,0.8833144183983617,0.8619589911689979,0.8634309089761244,4.466666666666667,8
2660,קשת 12,News_last_long,5.283333333333333,6,5-7,13.0,"('קשת 12', '2024-11-11', 21)","('קשת 12', '2024-11-11', 21)",9,morning,16,25,0.9389035345357386,0.9438836942515475,0.939945299497349,4.666666666666666,9
2661,קשת 12,Other_first_long,4.766666666666667,6,3.5-5,1.0,"('קשת 12', '2024-11-11', 36)","('קשת 12', '2024-11-11', 36)",9,morning,25,27,0.8851829494508928,0.8890212609338292,0.8884485384259122,4.3,9
2662,קשת 12,Other_middle_long,4.05,5,3.5-5,2.0,"('קשת 12', '2024-11-11', 36)","('קשת 12', '2024-11-11', 36)",10,morning,27,21,0.86474532600735,0.8297395577776104,0.8668858895081716,3.9,11
2664,קשת 12,Other_last_long,4.366666666666666,6,3.5-5,4.0,"('קשת 12', '2024-11-11', 36)","('קשת 12', '2024-11-11', 36)",10,morning,21,1,0.96864718871559,0.9881141262948715,0.9659113078152365,4.166666666666667,6
2666,קשת 12,Other_first_long,4.466666666666667,5,3.5-5,1.0,"('קשת 12', '2024-11-11', 40)","('קשת 12', '2024-11-11', 40)",11,morning,13,1,0.9758357840474288,0.9893422428790369,0.979327365706606,3.766666666666667,11
2668,קשת 12,Other_middle_long,4.316666666666666,5,3.5-5,3.0,"('קשת 12', '2024-11-11', 40)","('קשת 12', '2024-11-11', 40)",11,morning,7,2,1.035103510351035,1.037720602503614,1.041323341935885,3.8333333333333335,9
2670,קשת 12,Other_first_long,4.566666666666666,6,3.5-5,1.0,"('קשת 12', '2024-11-11', 44)","('קשת 12', '2024-11-11', 44)",12,afternoon,30,38,1.1828321547680003,1.1946505043669895,1.1862346329308386,4.5,0
2672,קשת 12,Other_first_long,4.233333333333333,5,3.5-5,1.0,"('קשת 12', '2024-11-11', 45)","('קשת 12', '2024-11-11', 45)",12,afternoon,37,16,0.7221186268731703,0.6770009051368432,0.7177097463097061,3.0,13
2673,קשת 12,Other_middle_long,5.316666666666666,6,5-7,2.0,"('קשת 12', '2024-11-11', 45)","('קשת 12', '2024-11-11', 45)",13,afternoon,16,27,0.6382978723404255,0.6292923108061911,0.6381609616321565,2.7999999999999994,3
2675,קשת 12,Other_last_long,4.816666666666666,6,3.5-5,4.0,"('קשת 12', '2024-11-11', 45)","('קשת 12', '2024-11-11', 45)",13,afternoon,26,2,0.9718100890207713,0.9340727096426793,0.9866910761341483,4.366666666666666,5
2677,קשת 12,Other_first_long,4.383333333333334,5,3.5-5,1.0,"('קשת 12', '2024-11-11', 49)","('קשת 12', '2024-11-11', 49)",14,afternoon,21,38,0.7896575821104124,0.7883488289297887,0.7822053885589796,3.766666666666667,3
2679,קשת 12,Other_last_long,4.416666666666667,6,3.5-5,1.0,"('קשת 12', '2024-11-11', 50)","('קשת 12', '2024-11-11', 50)",14,afternoon,37,1,0.85013172181027,0.8291977111314389,0.8610338493542052,4.366666666666667,0
2681,קשת 12,News_middle_standard,1.8166666666666667,3,1.5-2.5,1.0,"('קשת 12', '2024-11-11', 52)","('קשת 12', '2024-11-11', 52)",15,afternoon,42,1,1.1348567277673023,1.1332439235748033,1.1323072186419418,7.2,3
2684,קשת 12,News_last_short,1.1,3,lt1.5,4.0,"('קשת 12', '2024-11-11', 52)","('קשת 12', '2024-11-11', 52)",15,afternoon,16,2,1.2143556726248657,1.1975870101757484,1.2070753859257912,8.233333333333333,12
2688,קשת 12,News_middle_long,5.25,6,5-7,1.0,"('קשת 12', '2024-11-11', 56)","('קשת 12', '2024-11-11', 56)",16,afternoon,30,52,1.262693156732892,1.234726754208826,1.2329481780988683,9.533333333333333,9
2689,קשת 12,PrimeShow2_last_standard,1.8166666666666667,3,1.5-2.5,1.0,"('קשת 12', '2024-11-11', 58)","('קשת 12', '2024-11-11', 58)",17,early_evening,52,1,1.1311149394420923,1.105299404072716,1.1315083358156333,11.033333333333331,6
2692,קשת 12,Other_first_standard,2.3,3,1.5-2.5,1.0,"('קשת 12', '2024-11-11', 61)","('קשת 12', '2024-11-11', 61)",17,early_evening,7,21,1.0772980400601924,1.075145272657365,1.0721987235801373,10.866666666666667,8
2693,קשת 12,News_first_standard,2.0166666666666666,3,1.5-2.5,1.0,"('קשת 12', '2024-11-11', 62)","('קשת 12', '2024-11-11', 62)",18,early_evening,21,1,1.1063341931785613,1.0865229862097794,1.0883170342475346,12.866666666666667,1
2695,קשת 12,News_last_long,3.0833333333333335,4,2.5-3.5,3.0,"('קשת 12', '2024-11-11', 62)","('קשת 12', '2024-11-11', 62)",18,early_evening,13,1,0.9688289806234204,0.9412400511736205,0.9546166466968901,11.5,7
2697,קשת 12,Other_first_long,8.366666666666667,10,7-13,1.0,"('קשת 12', '2024-11-11', 66)","('קשת 12', '2024-11-11', 66)",18,early_evening,12,40,0.8937931034482759,0.8714476170175937,0.8707314015489538,10.800000000000002,14
2698,קשת 12,News_last_short,1.1166666666666667,2,lt1.5,1.0,"('קשת 12', '2024-11-11', 67)","('קשת 12', '2024-11-11', 67)",19,early_evening,40,1,1.0555189571596453,1.0478844833806824,1.0517816467250027,14.133333333333333,3
2701,קשת 12,News_first_long,7.533333333333333,8,7-13,1.0,"('קשת 12', '2024-11-11', 71)","('קשת 12', '2024-11-11', 71)",20,late_evening,3,15,0.9274281734886506,0.9137384531084831,0.9274281734886506,16.4,10
2702,קשת 12,News_middle_long,8.5,9,7-13,2.0,"('קשת 12', '2024-11-11', 71)","('קשת 12', '2024-11-11', 71)",20,late_evening,15,11,1.1444356748224151,1.0875436722897522,1.119148620918784,19.333333333333332,2
2703,קשת 12,News_last_long,9.433333333333334,11,7-13,3.0,"('קשת 12', '2024-11-11', 71)","('קשת 12', '2024-11-11', 71)",21,late_evening,11,11,1.0503369005152596,1.0085075728088266,1.0374075984823197,17.666666666666668,6
2704,קשת 12,News_last_short,1.25,3,lt1.5,4.0,"('קשת 12', '2024-11-11', 71)","('קשת 12', '2024-11-11', 71)",21,late_evening,11,1,1.2603282311613777,1.2362748235069552,1.2603282311613777,21.7,12
2706,קשת 12,Other_middle_long,9.133333333333333,10,7-13,1.0,"('קשת 12', '2024-11-11', 80)","('קשת 12', '2024-11-11', 80)",22,late_evening,22,14,0.9242972926366616,0.8781687050805808,0.9222175891973756,17.866666666666667,10
2707,קשת 12,Other_last_short,0.6833333333333333,2,lt1.5,2.0,"('קשת 12', '2024-11-11', 80)","('קשת 12', '2024-11-11', 80)",22,late_evening,14,18,1.0604914933837428,0.9660792217782189,1.0553701248144414,18.7,3
2708,קשת 12,Other_first_long,4.516666666666667,5,3.5-5,1.0,"('קשת 12', '2024-11-11', 84)","('קשת 12', '2024-11-11', 84)",23,late_evening,18,2,0.8462217041631281,0.7761949094668217,0.8462217041631281,11.6,7
2710,קשת 12,Other_middle_long,5.516666666666667,7,5-7,1.0,"('קשת 12', '2024-11-11', 86)","('קשת 12', '2024-11-11', 86)",23,late_evening,38,12,1.121695519051178,0.9999962456953785,1.121695519051178,7.933333333333334,7
2711,קשת 12,Other_first_standard,1.5333333333333334,3,1.5-2.5,1.0,"('קשת 12', '2024-11-12', 3)","('קשת 12', '2024-11-12', 3)",0,overnight,7,1,1.4181365840315916,1.415637489658702,1.4220477994417804,6.900000000000001,5
2714,קשת 12,Other_first_standard,2.466666666666667,3,1.5-2.5,1.0,"('קשת 12', '2024-11-12', 5)","('קשת 12', '2024-11-12', 5)",0,overnight,20,1,1.174090135384574,1.1746829096502875,1.174090135384574,3.766666666666667,5
2716,קשת 12,Other_middle_long,3.75,5,3.5-5,1.0,"('קשת 12', '2024-11-12', 6)","('קשת 12', '2024-11-12', 6)",1,overnight,16,1,1.6026626918275915,1.6681015151874048,1.6033466610674612,3.9666666666666663,9
2718,קשת 12,Other_middle_short,0.7166666666666667,2,lt1.5,1.0,"('קשת 12', '2024-11-12', 10)","('קשת 12', '2024-11-12', 10)",2,overnight,83,140,0.8790393101905517,0.8803641644565826,0.8803641644565826,1.3,8
2719,קשת 12,Other_middle_short,0.7,1,lt1.5,1.0,"('קשת 12', '2024-11-12', 15)","('קשת 12', '2024-11-12', 15)",4,overnight,140,39,1.6205533596837942,1.5844789524074245,1.6076507533717954,1.3666666666666665,14
2720,קשת 12,Other_middle_short,1.05,2,lt1.5,1.0,"('קשת 12', '2024-11-12', 17)","('קשת 12', '2024-11-12', 17)",5,overnight,39,12,1.159339310092232,1.1645544087866428,1.1651850131272392,1.1,8
2721,קשת 12,Other_last_short,1.4166666666666667,3,lt1.5,2.0,"('קשת 12', '2024-11-12', 17)","('קשת 12', '2024-11-12', 17)",5,overnight,12,7,1.305289380393508,1.3135380488777721,1.3077953320286415,1.5333333333333332,6
2722,קשת 12,Other_first_short,1.4166666666666667,2,lt1.5,1.0,"('קשת 12', '2024-11-12', 20)","('קשת 12', '2024-11-12', 20)",6,morning,7,9,1.180060272764746,1.1797504965377332,1.180060272764746,1.8,0
2723,קשת 12,News_last_short,0.3,2,lt1.5,1.0,"('קשת 12', '2024-11-12', 21)","('קשת 12', '2024-11-12', 21)",6,morning,9,58,1.3789158991145591,1.4991983696854543,1.37523810994759,3.0,10
2725,קשת 12,News_first_short,0.3,1,lt1.5,1.0,"('קשת 12', '2024-11-12', 26)","('קשת 12', '2024-11-12', 26)",7,morning,58,1,1.5560937637801449,1.561544756205195,1.5266565827943586,6.8,9
2727,קשת 12,News_first_long,5.683333333333334,6,5-7,3.0,"('קשת 12', '2024-11-12', 26)","('קשת 12', '2024-11-12', 26)",7,morning,16,2,1.40278033135176,1.7045122660774792,1.4061706762470474,6.199999999999999,11
2729,קשת 12,News_middle_long,6.15,8,5-7,5.0,"('קשת 12', '2024-11-12', 26)","('קשת 12', '2024-11-12', 26)",7,morning,16,11,1.1911554921540657,1.1692972654657312,1.1590681518450292,5.566666666666666,5
2730,קשת 12,News_middle_short,0.3,2,lt1.5,6.0,"('קשת 12', '2024-11-12', 26)","('קשת 12', '2024-11-12', 26)",8,morning,11,13,1.179429809062195,1.1452469897638702,1.151145018398071,6.033333333333334,8
2732,קשת 12,News_middle_long,6.1,8,5-7,8.0,"('קשת 12', '2024-11-12', 26)","('קשת 12', '2024-11-12', 26)",8,morning,13,1,1.047719617490783,1.0360696361384658,1.046404418661183,5.366666666666667,7
2734,קשת 12,News_last_long,5.45,6,5-7,10.0,"('קשת 12', '2024-11-12', 26)","('קשת 12', '2024-11-12', 26)",8,morning,17,12,0.9258043335521996,0.920974676987233,0.9159833509146496,4.7,4
2735,קשת 12,News_last_short,0.3,2,lt1.5,11.0,"('קשת 12', '2024-11-12', 26)","('קשת 12', '2024-11-12', 26)",9,morning,12,16,0.79567244603516,0.7896838476718179,0.7831662265804772,4.0,6
2737,קשת 12,News_last_long,5.016666666666667,6,5-7,13.0,"('קשת 12', '2024-11-12', 26)","('קשת 12', '2024-11-12', 26)",9,morning,16,25,0.6819816184711948,0.6790660779196669,0.6812277711542761,3.4,8
2738,קשת 12,Other_first_long,5.116666666666666,7,5-7,1.0,"('קשת 12', '2024-11-12', 38)","('קשת 12', '2024-11-12', 38)",9,morning,25,22,0.7801124916783019,0.7778043206002233,0.7824572688532726,3.7999999999999994,8
2739,קשת 12,Other_middle_long,4.566666666666666,6,3.5-5,2.0,"('קשת 12', '2024-11-12', 38)","('קשת 12', '2024-11-12', 38)",10,morning,22,25,0.7990957700703113,0.7867054608457025,0.799916975140471,3.6333333333333333,6
2741,קשת 12,Other_last_long,4.433333333333334,5,3.5-5,4.0,"('קשת 12', '2024-11-12', 38)","('קשת 12', '2024-11-12', 38)",10,morning,24,2,0.9066246155588296,0.9238351715685829,0.9038235946370391,3.9,6
2743,קשת 12,PrimeShow1_first_long,5.033333333333333,6,5-7,1.0,"('קשת 12', '2024-11-12', 43)","('קשת 12', '2024-11-12', 43)",11,morning,19,12,0.615608321645703,0.5928087058062156,0.615608321645703,2.3,1
2745,קשת 12,PrimeShow1_last_long,4.833333333333333,6,3.5-5,3.0,"('קשת 12', '2024-11-12', 43)","('קשת 12', '2024-11-12', 43)",11,morning,11,1,0.6678539626001782,0.5922034089299423,0.65954284985762,2.5,3
2747,קשת 12,Other_first_long,4.75,6,3.5-5,1.0,"('קשת 12', '2024-11-12', 47)","('קשת 12', '2024-11-12', 47)",12,afternoon,20,32,0.8936569659899717,0.9022782247042574,0.8960424680835056,3.4,0
2749,קשת 12,Other_first_long,5.333333333333333,6,5-7,1.0,"('קשת 12', '2024-11-12', 48)","('קשת 12', '2024-11-12', 48)",12,afternoon,30,20,0.7860266510415329,0.8360555778093001,0.7923060654377999,3.233333333333333,7
2750,קשת 12,Other_middle_long,5.633333333333334,6,5-7,2.0,"('קשת 12', '2024-11-12', 48)","('קשת 12', '2024-11-12', 48)",13,afternoon,20,1,0.9498480243161094,0.9382403402171664,0.945773293101258,4.166666666666667,2
2752,קשת 12,Other_last_long,5.433333333333334,6,5-7,4.0,"('קשת 12', '2024-11-12', 48)","('קשת 12', '2024-11-12', 48)",13,afternoon,29,2,1.1994117879105322,1.1613897670758435,1.2082193775106023,5.400000000000001,8
2754,קשת 12,Other_first_long,4.616666666666666,5,3.5-5,1.0,"('קשת 12', '2024-11-12', 52)","('קשת 12', '2024-11-12', 52)",14,afternoon,21,1,1.150630228631708,1.0992506564184756,1.1763903805375548,5.5,7
2756,קשת 12,Other_last_long,4.466666666666667,5,3.5-5,3.0,"('קשת 12', '2024-11-12', 52)","('קשת 12', '2024-11-12', 52)",14,afternoon,31,1,1.0318110275984547,1.023492325374095,1.0358645831309043,5.300000000000001,14
2758,קשת 12,News_middle_standard,1.6,2,1.5-2.5,1.0,"('קשת 12', '2024-11-12', 55)","('קשת 12', '2024-11-12', 55)",15,afternoon,48,2,1.5761822332716584,1.5223521656812096,1.5722488962198122,10.0,8
2761,קשת 12,News_last_short,1.45,2,lt1.5,4.0,"('קשת 12', '2024-11-12', 55)","('קשת 12', '2024-11-12', 55)",15,afternoon,11,5,1.2340118208142044,1.2169308854639203,1.2265793761929429,8.366666666666667,12
2762,קשת 12,Other_first_short,1.0666666666666667,2,lt1.5,1.0,"('קשת 12', '2024-11-12', 58)","('קשת 12', '2024-11-12', 58)",16,afternoon,5,1,1.1040235525024533,1.0629306114820247,1.1007938241101949,7.5,3
2764,קשת 12,News_last_long,5.4,7,5-7,1.0,"('קשת 12', '2024-11-12', 59)","('קשת 12', '2024-11-12', 59)",16,afternoon,37,36,1.4386585663603764,1.4426414996843275,1.442272690077419,11.166666666666666,3
2765,קשת 12,PrimeShow2_middle_standard,1.7166666666666666,3,1.5-2.5,1.0,"('קשת 12', '2024-11-12', 61)","('קשת 12', '2024-11-12', 61)",17,early_evening,36,1,1.4287472012297364,1.4084402049049114,1.4324015212004986,14.166666666666666,0
2768,קשת 12,Other_first_standard,2.783333333333333,4,2.5-3.5,1.0,"('קשת 12', '2024-11-12', 64)","('קשת 12', '2024-11-12', 64)",17,early_evening,10,21,1.3145062932118412,1.3077183343701364,1.3145062932118412,13.166666666666666,7
2769,קשת 12,News_first_short,1.2666666666666666,2,lt1.5,1.0,"('קשת 12', '2024-11-12', 65)","('קשת 12', '2024-11-12', 65)",18,early_evening,21,1,1.2267125250788193,1.2047209513542223,1.206730727033799,14.266666666666666,1
2771,קשת 12,News_middle_long,5.05,6,5-7,3.0,"('קשת 12', '2024-11-12', 65)","('קשת 12', '2024-11-12', 65)",18,early_evening,11,1,1.1409954274474712,1.1236460846008391,1.1314014160147285,13.533333333333331,5
2773,קשת 12,Other_first_long,9.566666666666666,11,7-13,1.0,"('קשת 12', '2024-11-12', 69)","('קשת 12', '2024-11-12', 69)",18,early_evening,9,39,1.0951724137931034,1.0676909577098999,1.0667873213709618,13.233333333333334,14
2777,קשת 12,News_last_long,6.816666666666666,7,5-7,2.0,"('קשת 12', '2024-11-12', 74)","('קשת 12', '2024-11-12', 74)",21,late_evening,26,11,1.0959175584621483,1.0290141144431406,1.071425462690502,18.433333333333334,10
2778,קשת 12,News_last_short,1.4333333333333333,3,lt1.5,3.0,"('קשת 12', '2024-11-12', 74)","('קשת 12', '2024-11-12', 74)",21,late_evening,11,1,0.9429138091183074,0.9248732236262062,0.9429138091183074,16.233333333333334,12
2780,קשת 12,Other_first_long,8.75,10,7-13,1.0,"('קשת 12', '2024-11-12', 82)","('קשת 12', '2024-11-12', 82)",21,late_evening,21,20,1.0670991975414035,1.0162229134260745,1.0424012049608191,20.833333333333332,13
2781,קשת 12,Other_middle_long,7.766666666666667,9,7-13,2.0,"('קשת 12', '2024-11-12', 82)","('קשת 12', '2024-11-12', 82)",22,late_evening,5,22,1.1619067676045922,1.1059448830864496,1.1617705481412315,21.866666666666664,3
2782,קשת 12,Other_last_long,6.3,7,5-7,3.0,"('קשת 12', '2024-11-12', 82)","('קשת 12', '2024-11-12', 82)",23,late_evening,22,10,1.5751121269222315,1.5541560378607722,1.5751121269222315,23.633333333333336,3
2783,קשת 12,Other_first_short,0.8333333333333334,2,lt1.5,1.0,"('קשת 12', '2024-11-12', 89)","('קשת 12', '2024-11-12', 89)",23,late_evening,4,2,2.892537661788657,2.855945960552887,2.869217609729644,26.433333333333334,7
2786,קשת 12,Other_middle_short,1.2666666666666666,2,lt1.5,1.0,"('קשת 12', '2024-11-13', 1)","('קשת 12', '2024-11-13', 1)",0,overnight,25,2,1.092268101515751,1.1613869855754078,1.092268101515751,4.4,4
2789,קשת 12,Other_last_standard,1.5666666666666667,3,1.5-2.5,4.0,"('קשת 12', '2024-11-13', 1)","('קשת 12', '2024-11-13', 1)",0,overnight,12,1,1.043385119648108,1.0710869528181612,1.043385119648108,3.1666666666666665,9
2791,קשת 12,Other_first_standard,2.1333333333333333,3,1.5-2.5,1.0,"('קשת 12', '2024-11-13', 4)","('קשת 12', '2024-11-13', 4)",1,overnight,10,1,1.1023034443191202,1.1264115066765494,1.1023034443191202,2.766666666666667,8
2793,קשת 12,News_last_short,0.3,1,lt1.5,1.0,"('קשת 12', '2024-11-13', 18)","('קשת 12', '2024-11-13', 18)",6,morning,32,61,1.3321529039602618,1.331316423154509,1.3321529039602618,2.733333333333333,7
2794,קשת 12,News_last_short,0.3,2,lt1.5,2.0,"('קשת 12', '2024-11-13', 18)","('קשת 12', '2024-11-13', 18)",6,morning,32,60,1.3321529039602618,1.331316423154509,1.3321529039602618,2.733333333333333,7
2795,קשת 12,News_first_short,0.3,1,lt1.5,1.0,"('קשת 12', '2024-11-13', 23)","('קשת 12', '2024-11-13', 23)",7,morning,61,16,1.5083999804855779,1.484786234480711,1.4826781853675157,6.566666666666666,8
2796,קשת 12,News_first_short,0.3,2,lt1.5,2.0,"('קשת 12', '2024-11-13', 23)","('קשת 12', '2024-11-13', 23)",7,morning,61,15,1.5083999804855779,1.484786234480711,1.4826781853675157,6.566666666666666,8
2797,קשת 12,News_first_long,5.966666666666667,7,5-7,3.0,"('קשת 12', '2024-11-13', 23)","('קשת 12', '2024-11-13', 23)",7,morning,15,1,1.3663663663663665,1.3725314563612458,1.3370800552326516,6.066666666666667,9
2799,קשת 12,News_middle_long,5.4,6,5-7,5.0,"('קשת 12', '2024-11-13', 23)","('קשת 12', '2024-11-13', 23)",7,morning,19,12,1.383737517831669,1.3835064211704877,1.3389374260471494,6.466666666666666,6
2800,קשת 12,News_middle_short,0.3,1,lt1.5,6.0,"('קשת 12', '2024-11-13', 23)","('קשת 12', '2024-11-13', 23)",8,morning,12,1,1.2054799583564406,1.1707196477072663,1.1765903213157423,6.166666666666667,8
2802,קשת 12,News_middle_long,6.633333333333334,8,5-7,8.0,"('קשת 12', '2024-11-13', 23)","('קשת 12', '2024-11-13', 23)",8,morning,19,1,1.3427151495629521,1.5892117655909124,1.3427151495629521,6.666666666666667,13
2804,קשת 12,News_last_long,6.3,8,5-7,10.0,"('קשת 12', '2024-11-13', 23)","('קשת 12', '2024-11-13', 23)",8,morning,15,6,1.2098381700345673,1.4305537603403602,1.2098381700345673,6.066666666666666,7
2805,קשת 12,News_last_short,0.3,1,lt1.5,11.0,"('קשת 12', '2024-11-13', 23)","('קשת 12', '2024-11-13', 23)",9,morning,6,17,0.9111038725303658,0.9049717395207688,0.902876290222741,4.566666666666666,5
2806,קשת 12,News_last_short,0.3,2,lt1.5,12.0,"('קשת 12', '2024-11-13', 23)","('קשת 12', '2024-11-13', 23)",9,morning,6,16,0.9111038725303658,0.9049717395207688,0.902876290222741,4.566666666666666,5
2807,קשת 12,News_last_long,7.55,9,7-13,13.0,"('קשת 12', '2024-11-13', 23)","('קשת 12', '2024-11-13', 23)",9,morning,16,18,1.0131112591605598,1.012408783989872,1.0122025623579551,5.066666666666666,7
2808,קשת 12,Other_first_short,1.15,2,lt1.5,1.0,"('קשת 12', '2024-11-13', 39)","('קשת 12', '2024-11-13', 39)",9,morning,18,35,1.1619630514499548,1.153575280414277,1.1635525341123856,5.7,3
2809,קשת 12,Other_middle_long,5.15,6,5-7,2.0,"('קשת 12', '2024-11-13', 39)","('קשת 12', '2024-11-13', 39)",10,morning,35,1,0.9501957261460477,0.9422430209525078,0.9521271559967351,4.3,9
2811,קשת 12,Other_last_long,5.166666666666667,7,5-7,4.0,"('קשת 12', '2024-11-13', 39)","('קשת 12', '2024-11-13', 39)",10,morning,14,1,1.005131710121564,0.9994784105907714,1.004780900158442,4.366666666666666,0
2813,קשת 12,Other_first_long,5.45,7,5-7,1.0,"('קשת 12', '2024-11-13', 44)","('קשת 12', '2024-11-13', 44)",11,morning,15,15,0.9350601116871755,0.9343756593900768,0.9353722497591382,3.6333333333333333,8
2815,קשת 12,Other_last_long,5.283333333333333,6,5-7,3.0,"('קשת 12', '2024-11-13', 44)","('קשת 12', '2024-11-13', 44)",11,morning,14,2,0.7857142857142857,0.7878737546342074,0.7814400347520915,2.9333333333333336,14
2817,קשת 12,Other_first_long,5.333333333333333,6,5-7,1.0,"('קשת 12', '2024-11-13', 48)","('קשת 12', '2024-11-13', 48)",12,afternoon,23,1,0.736022891690384,0.7438909984605576,0.7383860310962435,2.7999999999999994,0
2819,קשת 12,Other_first_long,5.866666666666666,7,5-7,1.0,"('קשת 12', '2024-11-13', 49)","('קשת 12', '2024-11-13', 49)",12,afternoon,32,18,0.8465504129486293,0.8936481095196577,0.8490604334721218,3.5,9
2820,קשת 12,Other_middle_long,5.35,7,5-7,2.0,"('קשת 12', '2024-11-13', 49)","('קשת 12', '2024-11-13', 49)",13,afternoon,18,30,1.048632218844985,1.0338054540641146,1.0482973289515636,4.6000000000000005,3
2822,קשת 12,Other_last_long,5.683333333333334,7,5-7,4.0,"('קשת 12', '2024-11-13', 49)","('קשת 12', '2024-11-13', 49)",13,afternoon,29,2,0.9891349925822945,0.9732614553546081,0.9891349925822945,4.466666666666666,9
2824,קשת 12,Other_first_long,4.55,5,3.5-5,1.0,"('קשת 12', '2024-11-13', 53)","('קשת 12', '2024-11-13', 53)",14,afternoon,14,1,1.104122990915444,1.0850597362037788,1.0906104030783645,5.266666666666667,2
2826,קשת 12,Other_middle_long,5.433333333333334,6,5-7,1.0,"('קשת 12', '2024-11-13', 54)","('קשת 12', '2024-11-13', 54)",14,afternoon,33,2,1.0974025974025974,1.0936966412448612,1.0907797139741982,5.633333333333333,11
2828,קשת 12,News_middle_standard,1.5333333333333334,3,1.5-2.5,1.0,"('קשת 12', '2024-11-13', 56)","('קשת 12', '2024-11-13', 56)",15,afternoon,46,1,1.1611144720631288,1.1650578440231099,1.1594335990083027,7.366666666666667,4
2831,קשת 12,News_last_short,1.15,2,lt1.5,4.0,"('קשת 12', '2024-11-13', 56)","('קשת 12', '2024-11-13', 56)",15,afternoon,9,8,1.066009430818927,1.0665255410360277,1.066009430818927,7.033333333333334,7
2832,קשת 12,Other_first_short,1.2333333333333334,2,lt1.5,1.0,"('קשת 12', '2024-11-13', 59)","('קשת 12', '2024-11-13', 59)",16,afternoon,8,1,0.9813542688910696,0.9874401428330781,0.9792407144286123,6.666666666666667,1
2835,קשת 12,News_last_long,6.483333333333333,7,5-7,1.0,"('קשת 12', '2024-11-13', 60)","('קשת 12', '2024-11-13', 60)",16,afternoon,30,47,0.9844071785819359,0.973400077675604,0.9647042853625735,7.433333333333334,10
2836,קשת 12,PrimeShow2_middle_short,1.4333333333333333,3,lt1.5,1.0,"('קשת 12', '2024-11-13', 62)","('קשת 12', '2024-11-13', 62)",17,early_evening,47,1,0.9238602860071238,0.9518698799675716,0.9196802908322965,9.066666666666666,3
2839,קשת 12,News_middle_standard,1.5,3,lt1.5,1.0,"('קשת 12', '2024-11-13', 65)","('קשת 12', '2024-11-13', 65)",18,early_evening,37,1,1.0628151752842212,1.0486404442763642,1.0636388719534189,12.333333333333334,6
2841,קשת 12,News_last_long,4.8,5,3.5-5,3.0,"('קשת 12', '2024-11-13', 65)","('קשת 12', '2024-11-13', 65)",18,early_evening,10,1,1.1906767761864645,1.1568700154996578,1.1807395972418198,14.133333333333333,10
2843,קשת 12,Other_first_long,9.75,11,7-13,1.0,"('קשת 12', '2024-11-13', 69)","('קשת 12', '2024-11-13', 69)",18,early_evening,8,41,1.089655172413793,1.0624201909657944,1.0615500226394097,13.166666666666666,14
2847,קשת 12,News_middle_long,5.483333333333333,7,5-7,2.0,"('קשת 12', '2024-11-13', 73)","('קשת 12', '2024-11-13', 73)",20,late_evening,12,13,0.9689766317485898,0.9018043876512504,0.9688211058480678,16.033333333333335,11
2848,קשת 12,News_last_long,5.15,6,5-7,3.0,"('קשת 12', '2024-11-13', 73)","('קשת 12', '2024-11-13', 73)",21,late_evening,13,13,0.9931050918467094,0.9034725872452866,1.0022119601348938,16.233333333333334,0
2851,קשת 12,Other_middle_long,9.933333333333334,11,7-13,1.0,"('קשת 12', '2024-11-13', 81)","('קשת 12', '2024-11-13', 81)",22,late_evening,29,16,0.972174819646041,0.9068775730925599,0.972174819646041,18.200000000000003,4
2852,קשת 12,Other_first_long,8.283333333333333,10,7-13,1.0,"('קשת 12', '2024-11-13', 83)","('קשת 12', '2024-11-13', 83)",22,late_evening,16,26,0.8532283619857335,0.8035735464207483,0.8532931925680565,16.3,0
2853,קשת 12,Other_first_long,3.9166666666666665,5,3.5-5,1.0,"('קשת 12', '2024-11-13', 85)","('קשת 12', '2024-11-13', 85)",23,late_evening,26,2,0.6417452676256159,0.6305268607426505,0.6417452676256159,9.200000000000001,5
2855,קשת 12,Other_middle_long,5.4,7,5-7,1.0,"('קשת 12', '2024-11-13', 87)","('קשת 12', '2024-11-13', 87)",23,late_evening,37,1,0.6271559335795446,0.6223477025762856,0.6271559335795446,4.933333333333334,3
2857,קשת 12,Other_first_standard,1.5,2,lt1.5,1.0,"('קשת 12', '2024-11-14', 1)","('קשת 12', '2024-11-14', 1)",0,overnight,20,2,0.8967913467942471,0.9269357814092443,0.8967913467942471,4.1,11
2860,קשת 12,Other_first_standard,1.8166666666666667,3,1.5-2.5,1.0,"('קשת 12', '2024-11-14', 3)","('קשת 12', '2024-11-14', 3)",0,overnight,9,1,0.7428935980325949,0.7651900184473818,0.7431447315139038,2.533333333333333,13
2862,קשת 12,Other_middle_long,3.75,5,3.5-5,1.0,"('קשת 12', '2024-11-14', 4)","('קשת 12', '2024-11-14', 4)",1,overnight,24,1,0.4767888543148053,0.502268471780004,0.4767888543148053,1.1666666666666667,11
2864,קשת 12,News_last_short,0.3,2,lt1.5,1.0,"('קשת 12', '2024-11-14', 18)","('קשת 12', '2024-11-14', 18)",6,morning,27,57,1.0382766884006982,1.0570299097486389,1.0350795796990022,2.2333333333333334,9
2866,קשת 12,News_first_short,0.3,1,lt1.5,1.0,"('קשת 12', '2024-11-14', 24)","('קשת 12', '2024-11-14', 24)",7,morning,57,1,1.1634674521102255,1.1534970423877093,1.1552147020763834,5.033333333333334,7
2868,קשת 12,News_first_long,7.8,9,7-13,3.0,"('קשת 12', '2024-11-14', 24)","('קשת 12', '2024-11-14', 24)",7,morning,14,5,1.253753753753754,1.2194180192209727,1.2254648098750287,5.566666666666666,7
2869,קשת 12,News_first_short,0.3,1,lt1.5,4.0,"('קשת 12', '2024-11-14', 24)","('קשת 12', '2024-11-14', 24)",7,morning,5,2,1.4267922169907363,1.432881614572462,1.412984835606783,6.333333333333333,5
2871,קשת 12,News_middle_long,5.466666666666667,7,5-7,6.0,"('קשת 12', '2024-11-14', 24)","('קשת 12', '2024-11-14', 24)",7,morning,17,7,1.1992123874190472,1.4575609774828369,1.2068021773445046,5.666666666666667,9
2872,קשת 12,News_middle_short,0.3,1,lt1.5,7.0,"('קשת 12', '2024-11-14', 24)","('קשת 12', '2024-11-14', 24)",8,morning,7,10,1.1345278997771078,1.0912089764169148,1.1082151979617685,5.8,7
2873,קשת 12,News_middle_short,0.3,2,lt1.5,8.0,"('קשת 12', '2024-11-14', 24)","('קשת 12', '2024-11-14', 24)",8,morning,7,9,1.1345278997771078,1.0912089764169148,1.1082151979617685,5.8,7
2874,קשת 12,News_middle_long,6.866666666666666,8,5-7,9.0,"('קשת 12', '2024-11-14', 24)","('קשת 12', '2024-11-14', 24)",8,morning,9,1,1.1741065675288065,1.1314719486883191,1.1698294481873583,6.033333333333334,2
2876,קשת 12,News_last_standard,1.5,2,lt1.5,11.0,"('קשת 12', '2024-11-14', 24)","('קשת 12', '2024-11-14', 24)",8,morning,22,19,1.057124097176625,1.043767910120209,1.048080037483187,5.366666666666667,3
2877,קשת 12,News_last_short,0.3,1,lt1.5,12.0,"('קשת 12', '2024-11-14', 24)","('קשת 12', '2024-11-14', 24)",9,morning,19,12,0.9360675197954578,0.9135312222300799,0.9149865123261609,4.733333333333333,8
2878,קשת 12,News_last_short,0.3,1,lt1.5,13.0,"('קשת 12', '2024-11-14', 24)","('קשת 12', '2024-11-14', 24)",9,morning,19,12,0.9360675197954578,0.9135312222300799,0.9149865123261609,4.733333333333333,8
2879,קשת 12,News_last_long,7.533333333333333,9,7-13,14.0,"('קשת 12', '2024-11-14', 24)","('קשת 12', '2024-11-14', 24)",9,morning,12,23,1.0852383871745077,1.084571275719495,1.089885731928677,5.433333333333334,5
2880,קשת 12,Other_first_standard,1.7,3,1.5-2.5,1.0,"('קשת 12', '2024-11-14', 40)","('קשת 12', '2024-11-14', 40)",9,morning,23,24,1.1399317406143343,1.1246496643340518,1.1380815031903844,5.566666666666666,6
2881,קשת 12,Other_middle_long,4.883333333333334,6,3.5-5,2.0,"('קשת 12', '2024-11-14', 40)","('קשת 12', '2024-11-14', 40)",10,morning,24,1,0.9363679197477394,0.9626965731825039,0.9386423299878747,4.3,2
2883,קשת 12,Other_last_long,4.25,6,3.5-5,4.0,"('קשת 12', '2024-11-14', 40)","('קשת 12', '2024-11-14', 40)",10,morning,24,1,1.0382258432917748,1.0128539109630987,1.0234184500247185,4.499999999999999,2
2885,קשת 12,Other_first_long,4.283333333333333,6,3.5-5,1.0,"('קשת 12', '2024-11-14', 45)","('קשת 12', '2024-11-14', 45)",11,morning,13,32,0.9657883490712392,0.9658322551940944,0.9658322551940944,3.766666666666667,7
2887,קשת 12,Other_middle_long,5.25,6,5-7,1.0,"('קשת 12', '2024-11-14', 47)","('קשת 12', '2024-11-14', 47)",11,morning,31,1,0.9504661761352505,0.9623345845792146,0.9397751907339925,3.5333333333333337,14
2889,קשת 12,Other_first_long,5.916666666666667,7,5-7,1.0,"('קשת 12', '2024-11-14', 49)","('קשת 12', '2024-11-14', 49)",12,afternoon,9,1,0.7534822646290479,0.761424468495993,0.7557086112048964,2.8666666666666667,0
2891,קשת 12,Other_middle_long,6.316666666666666,7,5-7,1.0,"('קשת 12', '2024-11-14', 50)","('קשת 12', '2024-11-14', 50)",12,afternoon,41,12,1.21697410235881,1.221352102678638,1.2163297985452626,5.066666666666666,3
2892,קשת 12,Other_middle_long,7.833333333333333,9,7-13,2.0,"('קשת 12', '2024-11-14', 50)","('קשת 12', '2024-11-14', 50)",13,afternoon,12,1,1.0010131712259371,0.9161058175036958,0.9984761771936261,4.3999999999999995,6
2894,קשת 12,Other_last_short,1.4166666666666667,2,lt1.5,4.0,"('קשת 12', '2024-11-14', 50)","('קשת 12', '2024-11-14', 50)",13,afternoon,22,2,1.2605011539729638,1.2203069742992685,1.2808719759244835,5.666666666666667,7
2896,קשת 12,Other_first_long,5.316666666666666,6,5-7,1.0,"('קשת 12', '2024-11-14', 55)","('קשת 12', '2024-11-14', 55)",14,afternoon,28,1,0.9888579387186631,0.9309160325907251,1.0242518164017311,4.733333333333333,9
2898,קשת 12,Other_middle_long,5.666666666666667,7,5-7,3.0,"('קשת 12', '2024-11-14', 55)","('קשת 12', '2024-11-14', 55)",14,afternoon,18,1,1.1445089003085434,1.1574132664542425,1.1513582124428923,5.833333333333333,4
2900,קשת 12,News_middle_short,1.2833333333333334,2,lt1.5,1.0,"('קשת 12', '2024-11-14', 59)","('קשת 12', '2024-11-14', 59)",15,afternoon,51,1,1.0980699426381166,1.0963425772277866,1.0961561165368257,6.966666666666666,2
2903,קשת 12,News_last_short,1.05,2,lt1.5,4.0,"('קשת 12', '2024-11-14', 59)","('קשת 12', '2024-11-14', 59)",15,afternoon,13,7,0.9143374905549067,0.918667010934963,0.9106374649507295,6.066666666666666,8
2904,קשת 12,Other_first_short,0.7666666666666667,2,lt1.5,1.0,"('קשת 12', '2024-11-14', 62)","('קשת 12', '2024-11-14', 62)",16,afternoon,7,1,0.9715407262021589,0.9776545325190837,0.9694008298730404,6.6000000000000005,1
2907,קשת 12,News_middle_long,5.083333333333333,6,5-7,1.0,"('קשת 12', '2024-11-14', 63)","('קשת 12', '2024-11-14', 63)",16,afternoon,27,53,1.2630716419919639,1.2360524053754256,1.2630599362623018,9.533333333333333,5
2908,קשת 12,Other_last_short,1.1833333333333333,2,lt1.5,1.0,"('קשת 12', '2024-11-14', 66)","('קשת 12', '2024-11-14', 66)",17,early_evening,53,2,0.886577152014247,0.9132364623237749,0.8825617145172538,8.700000000000001,3
2911,קשת 12,Other_first_standard,2.216666666666667,4,1.5-2.5,1.0,"('קשת 12', '2024-11-14', 69)","('קשת 12', '2024-11-14', 69)",17,early_evening,7,24,0.8056220250241647,0.8012339254005227,0.8056220250241647,8.066666666666666,7
2912,קשת 12,News_middle_standard,1.5,2,lt1.5,1.0,"('קשת 12', '2024-11-14', 70)","('קשת 12', '2024-11-14', 70)",18,early_evening,24,2,0.9028374892519347,0.893520689271979,0.8975842628171463,10.5,4
2914,קשת 12,News_last_long,4.616666666666666,5,3.5-5,3.0,"('קשת 12', '2024-11-14', 70)","('קשת 12', '2024-11-14', 70)",18,early_evening,15,1,0.9987265028534086,0.965858850939922,1.0015024143128846,11.766666666666666,13
2916,קשת 12,Other_first_long,8.466666666666667,10,7-13,1.0,"('קשת 12', '2024-11-14', 74)","('קשת 12', '2024-11-14', 74)",18,early_evening,5,38,1.042758620689655,1.0221145892879806,1.0221145892879806,12.6,13
2920,קשת 12,News_middle_long,8.233333333333333,9,7-13,2.0,"('קשת 12', '2024-11-14', 79)","('קשת 12', '2024-11-14', 79)",20,late_evening,13,10,1.0090743802161792,0.9479921351852932,1.0108298848458535,16.933333333333334,6
2921,קשת 12,News_last_long,5.283333333333333,7,5-7,3.0,"('קשת 12', '2024-11-14', 79)","('קשת 12', '2024-11-14', 79)",21,late_evening,10,14,1.0463733650416172,0.9799534750196698,1.018809515046166,17.599999999999998,9
2922,קשת 12,News_last_short,1.0333333333333334,2,lt1.5,4.0,"('קשת 12', '2024-11-14', 79)","('קשת 12', '2024-11-14', 79)",21,late_evening,14,1,1.017436290477103,0.9861576136831863,1.0062033749155532,17.7,14
2925,קשת 12,Other_first_long,10.083333333333334,11,7-13,1.0,"('קשת 12', '2024-11-14', 88)","('קשת 12', '2024-11-14', 88)",22,late_evening,17,22,1.2593043066378493,1.2023311072913376,1.2495615306321965,24.46666666666667,0
2926,קשת 12,News_first_standard,2.466666666666667,4,1.5-2.5,1.0,"('קשת 12', '2024-11-14', 92)","('קשת 12', '2024-11-14', 92)",23,late_evening,22,1,0.7423737799178323,0.6681808649193491,0.7423737799178323,9.366666666666665,9
2928,קשת 12,PrimeShow2_first_long,7.416666666666667,8,7-13,1.0,"('קשת 12', '2024-11-14', 94)","('קשת 12', '2024-11-14', 94)",23,late_evening,35,1,0.6805612629093014,0.6667365030484712,0.6805612629093014,5.266666666666667,4
2930,קשת 12,Other_first_long,3.816666666666667,5,3.5-5,1.0,"('קשת 12', '2024-11-15', 0)","('קשת 12', '2024-11-15', 0)",0,overnight,10,1,0.47802460094866156,0.4715455747715355,0.47867133453343397,2.733333333333333,9
2932,קשת 12,Other_middle_standard,2.7333333333333334,4,2.5-3.5,1.0,"('קשת 12', '2024-11-15', 1)","('קשת 12', '2024-11-15', 1)",0,overnight,30,22,0.8539925814076009,0.8714612965445374,0.8539925814076009,2.9,14
2933,קשת 12,Other_last_standard,2.716666666666667,4,2.5-3.5,2.0,"('קשת 12', '2024-11-15', 1)","('קשת 12', '2024-11-15', 1)",1,overnight,22,12,0.7411449550215715,0.771404489502649,0.7414961824690723,1.8333333333333333,9
2934,קשת 12,Other_first_short,1.2833333333333334,2,lt1.5,1.0,"('קשת 12', '2024-11-15', 5)","('קשת 12', '2024-11-15', 5)",1,overnight,11,35,0.7065440647389013,0.7014894676655947,0.7065440647389013,1.4333333333333333,6
2935,קשת 12,Other_first_short,1.15,2,lt1.5,1.0,"('קשת 12', '2024-11-15', 7)","('קשת 12', '2024-11-15', 7)",2,overnight,35,71,0.48740661691924364,0.48459382729197165,0.4894310525751733,0.8333333333333334,12
2936,קשת 12,News_last_short,0.3,1,lt1.5,1.0,"('קשת 12', '2024-11-15', 18)","('קשת 12', '2024-11-15', 18)",6,morning,43,1,0.6649068155043244,0.6625064706728603,0.6649068155043244,1.3999999999999997,8
2938,קשת 12,PrimeShow1_first_short,0.3,1,lt1.5,1.0,"('קשת 12', '2024-11-15', 23)","('קשת 12', '2024-11-15', 23)",7,morning,63,11,1.1229132766706984,1.1629600659462838,1.1296006565093022,4.933333333333333,12
2939,קשת 12,PrimeShow1_first_short,0.3,2,lt1.5,2.0,"('קשת 12', '2024-11-15', 23)","('קשת 12', '2024-11-15', 23)",7,morning,63,10,1.1229132766706984,1.1629600659462838,1.1296006565093022,4.933333333333333,12
2940,קשת 12,PrimeShow1_first_long,7.233333333333333,9,7-13,3.0,"('קשת 12', '2024-11-15', 23)","('קשת 12', '2024-11-15', 23)",7,morning,10,1,1.0810810810810811,1.040877146863088,1.052649953653086,4.8,8
2942,קשת 12,PrimeShow1_first_short,1.0333333333333334,2,lt1.5,5.0,"('קשת 12', '2024-11-15', 23)","('קשת 12', '2024-11-15', 23)",7,morning,22,13,0.934753668374038,1.2653575224966704,0.9519515935826597,4.433333333333333,10
2943,קשת 12,PrimeShow1_middle_short,0.3,1,lt1.5,6.0,"('קשת 12', '2024-11-15', 23)","('קשת 12', '2024-11-15', 23)",8,morning,13,1,1.0920267739855305,1.0976152105605088,1.0713025246626133,5.6000000000000005,9
2945,קשת 12,PrimeShow1_middle_long,4.766666666666667,6,3.5-5,8.0,"('קשת 12', '2024-11-15', 23)","('קשת 12', '2024-11-15', 23)",8,morning,14,2,1.097945475773046,1.1116289134868371,1.0940097690324386,5.6000000000000005,9
2947,קשת 12,PrimeShow1_middle_long,5.9,7,5-7,10.0,"('קשת 12', '2024-11-15', 23)","('קשת 12', '2024-11-15', 23)",8,morning,18,11,0.9735617059773043,1.0295388506451137,0.9663591247243685,4.933333333333333,5
2948,קשת 12,PrimeShow1_last_short,0.2,2,lt1.5,11.0,"('קשת 12', '2024-11-15', 23)","('קשת 12', '2024-11-15', 23)",9,morning,11,19,1.0445243571013176,1.0204229122565849,1.0213142896225433,5.266666666666667,7
2950,קשת 12,PrimeShow1_last_long,6.166666666666667,7,5-7,13.0,"('קשת 12', '2024-11-15', 23)","('קשת 12', '2024-11-15', 23)",9,morning,19,23,1.2685560053981109,1.310233922349798,1.2660521505863986,6.266666666666667,12
2951,קשת 12,PrimeShow1_last_short,0.8666666666666667,2,lt1.5,14.0,"('קשת 12', '2024-11-15', 23)","('קשת 12', '2024-11-15', 23)",9,morning,23,31,1.4046368097944175,1.4731334098816653,1.4131232077881395,6.8,11
2952,קשת 12,PrimeShow1_middle_long,5.8,7,5-7,1.0,"('קשת 12', '2024-11-15', 37)","('קשת 12', '2024-11-15', 37)",10,morning,31,14,1.043957237128832,1.0240674124944318,1.043522020254713,4.7,13
2954,קשת 12,PrimeShow1_last_short,0.4666666666666667,1,lt1.5,3.0,"('קשת 12', '2024-11-15', 37)","('קשת 12', '2024-11-15', 37)",10,morning,12,28,0.7850180612305323,0.7656268623909144,0.7751305316684144,3.4,3
2955,קשת 12,PrimeShow1_first_long,5.816666666666666,6,5-7,1.0,"('קשת 12', '2024-11-15', 41)","('קשת 12', '2024-11-15', 41)",11,morning,28,1,0.7762368702869445,0.7475520195838433,0.7762368702869445,2.9,1
2957,קשת 12,Other_middle_long,3.816666666666667,5,3.5-5,1.0,"('קשת 12', '2024-11-15', 43)","('קשת 12', '2024-11-15', 43)",11,morning,23,17,0.7602862254025045,0.7666020918296163,0.7664067572453512,2.8333333333333335,1
2958,קשת 12,PrimeShow1_first_long,7.183333333333334,8,7-13,1.0,"('קשת 12', '2024-11-15', 46)","('קשת 12', '2024-11-15', 46)",12,afternoon,17,1,0.7230171744333861,0.6246245780525608,0.7244937912046424,2.8333333333333335,7
2960,קשת 12,Other_middle_short,1.2166666666666666,3,lt1.5,1.0,"('קשת 12', '2024-11-15', 48)","('קשת 12', '2024-11-15', 48)",12,afternoon,22,50,0.719609991284902,0.7703440095899744,0.7241327988969254,2.9666666666666663,8
2961,קשת 12,News_first_long,6.133333333333334,7,5-7,1.0,"('קשת 12', '2024-11-15', 54)","('קשת 12', '2024-11-15', 54)",13,afternoon,50,1,0.9493184312811115,0.9339204777532358,0.9502727414430524,4.266666666666667,0
2963,קשת 12,News_last_short,0.5333333333333333,2,lt1.5,3.0,"('קשת 12', '2024-11-15', 54)","('קשת 12', '2024-11-15', 54)",13,afternoon,15,1,0.8302349203371872,0.896237473105289,0.8333671054337959,3.9,8
2965,קשת 12,PrimeShow2_first_long,5.016666666666667,6,5-7,1.0,"('קשת 12', '2024-11-15', 60)","('קשת 12', '2024-11-15', 60)",14,afternoon,9,33,1.0074654293871526,1.0016739625061841,0.9974806834771383,4.8,5
2967,קשת 12,Other_first_long,4.7,6,3.5-5,1.0,"('קשת 12', '2024-11-15', 61)","('קשת 12', '2024-11-15', 61)",14,afternoon,32,1,1.258881753373004,1.26519443153948,1.2542063702448556,6.466666666666666,13
2969,קשת 12,Other_middle_short,0.8833333333333333,2,lt1.5,3.0,"('קשת 12', '2024-11-15', 61)","('קשת 12', '2024-11-15', 61)",15,afternoon,28,1,0.8668397737159795,0.8612280999379841,0.8684147064766113,5.2,3
2972,קשת 12,Other_last_short,1.2333333333333334,3,lt1.5,6.0,"('קשת 12', '2024-11-15', 61)","('קשת 12', '2024-11-15', 61)",15,afternoon,10,25,0.7724645296899633,0.7888385801322931,0.7748484027312833,4.8999999999999995,5
2973,קשת 12,Other_first_short,0.6666666666666666,2,lt1.5,1.0,"('קשת 12', '2024-11-15', 65)","('קשת 12', '2024-11-15', 65)",16,afternoon,25,1,0.986261040235525,0.9841182799980532,0.9839865688830387,6.699999999999999,2
2976,קשת 12,Other_middle_short,0.8666666666666667,1,lt1.5,1.0,"('קשת 12', '2024-11-15', 66)","('קשת 12', '2024-11-15', 66)",16,afternoon,37,31,0.8073163856219397,0.8169760754888054,0.8155426586229937,6.233333333333333,2
2977,קשת 12,Other_middle_short,0.9666666666666667,2,lt1.5,2.0,"('קשת 12', '2024-11-15', 66)","('קשת 12', '2024-11-15', 66)",17,early_evening,31,2,0.8160271141649519,0.8139553612133882,0.8139553612133882,8.166666666666666,3
2983,קשת 12,Other_first_short,1.0,2,lt1.5,1.0,"('קשת 12', '2024-11-15', 71)","('קשת 12', '2024-11-15', 71)",18,early_evening,30,34,0.9744453805110923,0.946752300629676,0.9663380988763186,11.566666666666668,10
2984,קשת 12,Other_middle_long,7.566666666666666,8,7-13,2.0,"('קשת 12', '2024-11-15', 71)","('קשת 12', '2024-11-15', 71)",19,early_evening,34,16,0.8857564556500174,0.8747074644166872,0.8856352631834778,10.666666666666666,0
2986,קשת 12,News_middle_long,5.75,7,5-7,1.0,"('קשת 12', '2024-11-15', 77)","('קשת 12', '2024-11-15', 77)",20,late_evening,4,21,0.9017363851617994,0.8649831508222087,0.8910963572662453,15.233333333333334,0
2987,קשת 12,News_middle_long,6.316666666666666,8,5-7,2.0,"('קשת 12', '2024-11-15', 77)","('קשת 12', '2024-11-15', 77)",21,late_evening,21,14,1.0643135782381041,0.9928184366405145,1.0552028497117283,17.866666666666667,12
2988,קשת 12,News_last_long,6.283333333333333,7,5-7,3.0,"('קשת 12', '2024-11-15', 77)","('קשת 12', '2024-11-15', 77)",21,late_evening,14,11,0.8200804751868175,0.7617199777271525,0.7809732758825261,14.266666666666666,3
2989,קשת 12,News_last_short,1.15,3,lt1.5,4.0,"('קשת 12', '2024-11-15', 77)","('קשת 12', '2024-11-15', 77)",21,late_evening,11,22,0.724278542906876,0.6896974967116165,0.7244048486278795,13.733333333333334,5
2991,קשת 12,Other_middle_long,9.833333333333334,11,7-13,1.0,"('קשת 12', '2024-11-15', 85)","('קשת 12', '2024-11-15', 85)",22,late_evening,21,14,0.7064184833065322,0.6554883296690404,0.7069987867176478,13.033333333333331,14
2992,קשת 12,Other_first_long,8.0,9,7-13,1.0,"('קשת 12', '2024-11-15', 88)","('קשת 12', '2024-11-15', 88)",22,late_evening,13,8,0.697876585358657,0.6294960898240908,0.697876585358657,12.033333333333333,7
2993,קשת 12,Other_first_long,4.066666666666666,5,3.5-5,1.0,"('קשת 12', '2024-11-15', 89)","('קשת 12', '2024-11-15', 89)",23,late_evening,8,35,0.5066031256770474,0.45669492053791333,0.5066031256770474,6.7,8
2994,קשת 12,Other_last_long,6.7,8,5-7,2.0,"('קשת 12', '2024-11-15', 89)","('קשת 12', '2024-11-15', 89)",23,late_evening,35,25,0.9601254034503404,0.9646382811146893,0.9601254034503404,7.633333333333333,2
2995,קשת 12,Other_first_long,4.066666666666666,5,3.5-5,1.0,"('קשת 12', '2024-11-16', 0)","('קשת 12', '2024-11-16', 0)",0,overnight,25,19,0.5468181302522664,0.5435081500444948,0.5482872398788582,2.6666666666666665,4
2997,קשת 12,Other_first_standard,2.066666666666667,3,1.5-2.5,1.0,"('קשת 12', '2024-11-16', 1)","('קשת 12', '2024-11-16', 1)",0,overnight,18,20,0.8161284796460667,0.8408257447476807,0.8161284796460667,2.8000000000000003,12
2998,קשת 12,Other_middle_long,3.65,5,3.5-5,1.0,"('קשת 12', '2024-11-16', 2)","('קשת 12', '2024-11-16', 2)",1,overnight,20,38,0.6102307847162468,0.6097269469753049,0.6097269469753049,1.6333333333333335,4
2999,קשת 12,Other_last_short,1.0,2,lt1.5,1.0,"('קשת 12', '2024-11-16', 4)","('קשת 12', '2024-11-16', 4)",1,overnight,12,14,0.45592078599080404,0.4594828769715928,0.4523744005031842,0.8333333333333334,13
3000,קשת 12,Other_middle_short,1.2833333333333334,2,lt1.5,1.0,"('קשת 12', '2024-11-16', 13)","('קשת 12', '2024-11-16', 13)",4,overnight,32,28,0.35573122529644263,0.3397816938672969,0.3439801917355593,0.3,10
3001,קשת 12,News_last_standard,1.65,3,1.5-2.5,1.0,"('קשת 12', '2024-11-16', 19)","('קשת 12', '2024-11-16', 19)",6,morning,64,27,0.09202653125940775,0.09202653125940775,0.09202653125940775,0.3,9
3003,קשת 12,PrimeShow2_middle_standard,1.5333333333333334,3,1.5-2.5,1.0,"('קשת 12', '2024-11-16', 21)","('קשת 12', '2024-11-16', 21)",7,morning,27,71,0.10705318457137565,0.10516368013467148,0.10475766879570166,0.4666666666666666,8
3005,קשת 12,News_last_standard,1.5666666666666667,3,1.5-2.5,1.0,"('קשת 12', '2024-11-16', 26)","('קשת 12', '2024-11-16', 26)",8,morning,71,12,0.23422251138581654,0.23018400447220144,0.23412587196413417,1.2,6
3007,קשת 12,PrimeShow2_first_short,0.9333333333333333,2,lt1.5,1.0,"('קשת 12', '2024-11-16', 28)","('קשת 12', '2024-11-16', 28)",8,morning,11,30,0.24390243902439024,0.2522718517920597,0.24767118006710834,1.2,5
3008,קשת 12,PrimeShow2_first_long,4.35,5,3.5-5,1.0,"('קשת 12', '2024-11-16', 32)","('קשת 12', '2024-11-16', 32)",9,morning,30,1,0.45751635759461995,0.45402343486159674,0.45029098229888226,2.3000000000000003,6
3010,קשת 12,Other_middle_long,4.716666666666667,6,3.5-5,1.0,"('קשת 12', '2024-11-16', 33)","('קשת 12', '2024-11-16', 33)",9,morning,25,24,0.6331869480830882,0.6442658436914489,0.6314707870385358,3.1666666666666665,6
3011,קשת 12,PrimeShow1_first_long,5.433333333333334,7,5-7,1.0,"('קשת 12', '2024-11-16', 37)","('קשת 12', '2024-11-16', 37)",10,morning,24,44,0.7337291076042952,0.7351494643283147,0.7339705520476821,3.533333333333333,5
3013,קשת 12,Other_first_long,5.6,7,5-7,1.0,"('קשת 12', '2024-11-16', 39)","('קשת 12', '2024-11-16', 39)",10,morning,43,20,0.8133682315762547,0.8443975820266855,0.8192956313930718,3.4333333333333336,10
3014,קשת 12,Other_first_long,4.35,5,3.5-5,1.0,"('קשת 12', '2024-11-16', 43)","('קשת 12', '2024-11-16', 43)",11,morning,20,1,0.8190819081908192,0.8477097356937616,0.8190913285252908,3.0333333333333337,6
3016,קשת 12,Other_first_long,4.633333333333334,5,3.5-5,1.0,"('קשת 12', '2024-11-16', 45)","('קשת 12', '2024-11-16', 45)",11,morning,29,15,0.9938218483481664,0.9866222117175645,0.9898041519232832,3.733333333333333,10
3017,קשת 12,PrimeShow2_first_long,4.55,6,3.5-5,1.0,"('קשת 12', '2024-11-16', 48)","('קשת 12', '2024-11-16', 48)",12,afternoon,15,19,0.87008543102771,0.848686646998563,0.8718206516240513,3.533333333333333,14
3019,קשת 12,PrimeShow2_last_long,4.883333333333334,5,3.5-5,3.0,"('קשת 12', '2024-11-16', 48)","('קשת 12', '2024-11-16', 48)",12,afternoon,19,23,0.48522318502274037,0.5198346849139629,0.4885516075529008,2.0,8
3020,קשת 12,PrimeShow1_first_long,4.083333333333333,5,3.5-5,1.0,"('קשת 12', '2024-11-16', 53)","('קשת 12', '2024-11-16', 53)",13,afternoon,23,21,0.5541586073500967,0.5178436974254067,0.5548007825277534,2.4333333333333336,5
3022,קשת 12,PrimeShow2_middle_long,3.7333333333333334,4,3.5-5,1.0,"('קשת 12', '2024-11-16', 54)","('קשת 12', '2024-11-16', 54)",13,afternoon,20,2,0.6674908108655053,0.6566407512580813,0.6681566086529059,3.0,0
3024,קשת 12,PrimeShow1_first_long,4.35,5,3.5-5,1.0,"('קשת 12', '2024-11-16', 58)","('קשת 12', '2024-11-16', 58)",14,afternoon,30,1,0.6227022756965334,0.6194210649852857,0.616384902913138,2.9666666666666663,5
3026,קשת 12,PrimeShow2_last_long,4.15,5,3.5-5,1.0,"('קשת 12', '2024-11-16', 59)","('קשת 12', '2024-11-16', 59)",14,afternoon,31,1,0.5974025974025973,0.5950009367531678,0.5938646128310493,3.066666666666667,11
3028,קשת 12,Other_first_short,1.05,2,lt1.5,1.0,"('קשת 12', '2024-11-16', 61)","('קשת 12', '2024-11-16', 61)",15,afternoon,24,1,0.86289631572289,0.8571311702185519,0.86289631572289,5.133333333333333,12
3031,קשת 12,Other_last_short,1.0833333333333333,2,lt1.5,4.0,"('קשת 12', '2024-11-16', 61)","('קשת 12', '2024-11-16', 61)",15,afternoon,24,18,0.8593968021640507,0.8845779397294075,0.859992004010499,5.466666666666666,13
3032,קשת 12,Other_first_short,0.6833333333333333,2,lt1.5,1.0,"('קשת 12', '2024-11-16', 64)","('קשת 12', '2024-11-16', 64)",16,afternoon,18,1,0.8390578999018645,0.8373308512850461,0.8371261825684494,5.7,2
3035,קשת 12,Other_middle_long,4.65,5,3.5-5,1.0,"('קשת 12', '2024-11-16', 65)","('קשת 12', '2024-11-16', 65)",16,afternoon,22,24,0.7204423310785986,0.7031298441595069,0.7204423310785986,5.366666666666667,2
3036,קשת 12,Other_first_short,0.9833333333333333,2,lt1.5,1.0,"('קשת 12', '2024-11-16', 67)","('קשת 12', '2024-11-16', 67)",17,early_evening,24,1,0.8136301094032893,0.8042470177551367,0.8136286442353136,7.1000000000000005,0
3042,קשת 12,News_middle_long,4.433333333333334,6,3.5-5,1.0,"('קשת 12', '2024-11-16', 70)","('קשת 12', '2024-11-16', 70)",18,early_evening,20,29,1.0444316214656661,1.0264863199784668,1.0612773512520308,12.066666666666668,11
3043,קשת 12,PrimeShow2_first_long,9.15,10,7-13,1.0,"('קשת 12', '2024-11-16', 72)","('קשת 12', '2024-11-16', 72)",19,early_evening,29,26,1.139310344827586,1.101331087260146,1.1060676062178445,13.766666666666666,0
3045,קשת 12,News_first_long,8.75,9,7-13,1.0,"('קשת 12', '2024-11-16', 77)","('קשת 12', '2024-11-16', 77)",20,late_evening,9,12,1.0419602060952036,1.0170759326448506,1.0419602060952036,18.333333333333332,11
3046,קשת 12,News_middle_long,9.216666666666667,11,7-13,2.0,"('קשת 12', '2024-11-16', 77)","('קשת 12', '2024-11-16', 77)",20,late_evening,12,10,1.1148382004735595,1.063683801152851,1.095729361979328,18.833333333333332,1
3047,קשת 12,News_last_long,7.783333333333333,9,7-13,3.0,"('קשת 12', '2024-11-16', 77)","('קשת 12', '2024-11-16', 77)",21,late_evening,10,14,1.0562822037257233,1.0145701126169389,1.043514765204694,17.766666666666666,6
3048,קשת 12,News_last_short,1.1333333333333333,2,lt1.5,4.0,"('קשת 12', '2024-11-16', 77)","('קשת 12', '2024-11-16', 77)",21,late_evening,14,1,1.1395492799976419,1.1204781550572094,1.1368069260133211,19.8,13
3050,קשת 12,Other_middle_long,9.65,11,7-13,1.0,"('קשת 12', '2024-11-16', 86)","('קשת 12', '2024-11-16', 86)",22,late_evening,30,12,1.113320079522863,1.0403046616157001,1.1214190941772755,20.533333333333335,12
3051,קשת 12,Other_first_long,5.933333333333334,7,5-7,1.0,"('קשת 12', '2024-11-16', 90)","('קשת 12', '2024-11-16', 90)",23,late_evening,20,40,1.7506956247572771,1.6601173378184768,1.7506956247572771,24.633333333333336,6
3052,קשת 12,Other_first_long,7.05,8,7-13,1.0,"('קשת 12', '2024-11-16', 93)","('קשת 12', '2024-11-16', 93)",23,late_evening,40,14,1.3124938541010926,1.1703231892439088,1.3124938541010926,9.299999999999999,7
3053,קשת 12,Other_first_short,1.2333333333333334,2,lt1.5,1.0,"('קשת 12', '2024-11-17', 1)","('קשת 12', '2024-11-17', 1)",0,overnight,8,1,0.9826169066973459,0.9882287849282605,0.9796099742310665,4.766666666666667,6
3056,קשת 12,Other_first_standard,2.0166666666666666,3,1.5-2.5,1.0,"('קשת 12', '2024-11-17', 3)","('קשת 12', '2024-11-17', 3)",0,overnight,17,1,1.0364973783368325,1.032438380190656,1.0364973783368325,3.466666666666667,2
3058,קשת 12,Other_middle_standard,1.6833333333333333,3,1.5-2.5,3.0,"('קשת 12', '2024-11-17', 3)","('קשת 12', '2024-11-17', 3)",1,overnight,23,1,0.8224191333690055,0.8057059038359554,0.8224191333690055,1.9666666666666668,14
3060,קשת 12,Other_first_short,1.1166666666666667,2,lt1.5,1.0,"('קשת 12', '2024-11-17', 8)","('קשת 12', '2024-11-17', 8)",3,overnight,102,100,0.762739370334307,0.7589283216809716,0.7558054956336687,1.0,0
3061,קשת 12,Other_last_short,1.0,2,lt1.5,2.0,"('קשת 12', '2024-11-17', 8)","('קשת 12', '2024-11-17', 8)",4,overnight,100,30,0.29465247250322196,0.2983345571515006,0.29991207567817163,0.2333333333333333,11
3062,קשת 12,Other_middle_short,1.1166666666666667,2,lt1.5,1.0,"('קשת 12', '2024-11-17', 14)","('קשת 12', '2024-11-17', 14)",5,overnight,9,25,0.6302521008403361,0.6714218285829688,0.6542567768426137,0.5,7
3063,קשת 12,News_last_short,0.3,1,lt1.5,1.0,"('קשת 12', '2024-11-17', 19)","('קשת 12', '2024-11-17', 19)",6,morning,20,60,1.503473793163928,1.49798729069201,1.503473793163928,3.1666666666666665,8
3064,קשת 12,News_last_short,0.3,2,lt1.5,2.0,"('קשת 12', '2024-11-17', 19)","('קשת 12', '2024-11-17', 19)",6,morning,20,59,1.503473793163928,1.49798729069201,1.503473793163928,3.1666666666666665,8
3065,קשת 12,News_first_short,0.3,2,lt1.5,1.0,"('קשת 12', '2024-11-17', 24)","('קשת 12', '2024-11-17', 24)",7,morning,59,14,1.3631788569829046,1.3420487486562918,1.3401846675152103,5.933333333333334,8
3067,קשת 12,News_first_long,7.033333333333333,8,7-13,3.0,"('קשת 12', '2024-11-17', 24)","('קשת 12', '2024-11-17', 24)",7,morning,14,21,1.448948948948949,1.3951842188143744,1.410843595864285,6.433333333333334,8
3068,קשת 12,News_middle_long,5.916666666666667,7,5-7,4.0,"('קשת 12', '2024-11-17', 24)","('קשת 12', '2024-11-17', 24)",7,morning,21,11,1.262482168330956,1.2625353934839108,1.2216031490539379,5.900000000000001,6
3069,קשת 12,News_middle_short,0.3,1,lt1.5,5.0,"('קשת 12', '2024-11-17', 24)","('קשת 12', '2024-11-17', 24)",8,morning,11,1,1.0881820679975396,1.0568552543107643,1.0621107380554171,5.566666666666666,8
3071,קשת 12,News_middle_long,6.5,8,5-7,7.0,"('קשת 12', '2024-11-17', 24)","('קשת 12', '2024-11-17', 24)",8,morning,13,19,0.9826451013879853,0.971639561084559,0.9812222668453803,5.033333333333333,7
3072,קשת 12,News_last_long,5.55,7,5-7,8.0,"('קשת 12', '2024-11-17', 24)","('קשת 12', '2024-11-17', 24)",8,morning,19,11,1.1818778726198291,1.1672365732984955,1.1718972083997377,6.0,3
3073,קשת 12,News_last_short,0.3,2,lt1.5,9.0,"('קשת 12', '2024-11-17', 24)","('קשת 12', '2024-11-17', 24)",9,morning,11,16,1.0108512393691613,1.004035892192811,1.0016846989764536,5.066666666666666,5
3075,קשת 12,News_last_long,4.733333333333333,6,3.5-5,11.0,"('קשת 12', '2024-11-17', 24)","('קשת 12', '2024-11-17', 24)",9,morning,16,27,0.9864490339773485,0.9857666977487046,0.9855625091546534,4.933333333333334,7
3076,קשת 12,Other_first_long,4.7,6,3.5-5,1.0,"('קשת 12', '2024-11-17', 37)","('קשת 12', '2024-11-17', 37)",9,morning,27,21,0.9606809224319828,0.9649793400800123,0.9642502871256086,4.666666666666667,9
3077,קשת 12,Other_middle_long,4.9,6,3.5-5,2.0,"('קשת 12', '2024-11-17', 37)","('קשת 12', '2024-11-17', 37)",10,morning,21,25,1.0013123833203825,0.9969860532259207,0.9989321865574502,4.566666666666666,5
3079,קשת 12,Other_last_short,0.7833333333333333,2,lt1.5,4.0,"('קשת 12', '2024-11-17', 37)","('קשת 12', '2024-11-17', 37)",10,morning,24,1,1.1113708916500982,1.0925081699468786,1.1070210467441075,4.8,5
3081,קשת 12,Other_first_long,4.866666666666666,6,3.5-5,1.0,"('קשת 12', '2024-11-17', 41)","('קשת 12', '2024-11-17', 41)",11,morning,18,1,0.9407416017321824,0.9520247486130118,0.941525298452001,3.6333333333333333,10
3083,קשת 12,Other_last_long,4.083333333333333,5,3.5-5,3.0,"('קשת 12', '2024-11-17', 41)","('קשת 12', '2024-11-17', 41)",11,morning,13,2,0.8385701564686427,0.8398154191128625,0.830904767818628,3.1333333333333333,0
3085,קשת 12,Other_first_long,5.016666666666667,6,5-7,1.0,"('קשת 12', '2024-11-17', 46)","('קשת 12', '2024-11-17', 46)",12,afternoon,8,35,0.9287294712062574,0.9381975994787419,0.9314251044576696,3.533333333333333,0
3087,קשת 12,Other_first_long,4.966666666666667,6,3.5-5,1.0,"('קשת 12', '2024-11-17', 47)","('קשת 12', '2024-11-17', 47)",12,afternoon,34,16,0.7564584693655777,0.7695631526905782,0.7576402847029451,3.1333333333333333,10
3088,קשת 12,Other_middle_long,4.216666666666667,6,3.5-5,2.0,"('קשת 12', '2024-11-17', 47)","('קשת 12', '2024-11-17', 47)",13,afternoon,16,37,0.6990881458966566,0.6944726208620722,0.696133861952808,3.0666666666666664,1
3090,קשת 12,Other_last_long,4.266666666666667,5,3.5-5,4.0,"('קשת 12', '2024-11-17', 47)","('קשת 12', '2024-11-17', 47)",13,afternoon,37,1,0.8244163402648946,0.814820091390804,0.8254468592231143,3.766666666666667,13
3092,קשת 12,Other_first_long,3.9166666666666665,5,3.5-5,1.0,"('קשת 12', '2024-11-17', 51)","('קשת 12', '2024-11-17', 51)",14,afternoon,12,21,1.1390635918937806,1.128342700908269,1.1282114973662505,5.433333333333334,1
3094,קשת 12,Other_middle_long,4.683333333333334,6,3.5-5,1.0,"('קשת 12', '2024-11-17', 52)","('קשת 12', '2024-11-17', 52)",14,afternoon,20,1,1.0116821213721099,1.003829130548354,1.019142360439553,5.1,11
3096,קשת 12,News_middle_short,1.3166666666666667,2,lt1.5,1.0,"('קשת 12', '2024-11-17', 54)","('קשת 12', '2024-11-17', 54)",15,afternoon,60,1,0.9141829353917078,0.9128351327788368,0.9120744005491153,5.8,3
3099,קשת 12,News_last_short,1.0833333333333333,2,lt1.5,4.0,"('קשת 12', '2024-11-17', 54)","('קשת 12', '2024-11-17', 54)",15,afternoon,14,5,0.9874454410163076,1.0040918714020275,0.9869434148150136,6.6000000000000005,9
3100,קשת 12,Other_first_short,1.1333333333333333,2,lt1.5,1.0,"('קשת 12', '2024-11-17', 57)","('קשת 12', '2024-11-17', 57)",16,afternoon,5,1,0.9322865554465162,0.9424176498777806,0.9279959514291759,6.333333333333333,0
3103,קשת 12,News_middle_long,4.15,5,3.5-5,1.0,"('קשת 12', '2024-11-17', 58)","('קשת 12', '2024-11-17', 58)",16,afternoon,28,49,0.9227373068432673,0.901782051186406,0.9093647480856112,6.966666666666666,7
3104,קשת 12,PrimeShow2_middle_standard,1.75,3,1.5-2.5,1.0,"('קשת 12', '2024-11-17', 60)","('קשת 12', '2024-11-17', 60)",17,early_evening,49,1,0.9816211524794451,0.9676400640010713,0.9842051274460082,9.733333333333334,0
3106,קשת 12,PrimeShow2_last_short,0.9833333333333333,2,lt1.5,3.0,"('קשת 12', '2024-11-17', 60)","('קשת 12', '2024-11-17', 60)",17,early_evening,7,4,0.8586170485014103,0.8542251559046926,0.8637407753649757,8.366666666666665,3
3108,קשת 12,Other_first_standard,2.183333333333333,3,1.5-2.5,1.0,"('קשת 12', '2024-11-17', 63)","('קשת 12', '2024-11-17', 63)",17,early_evening,4,19,0.9119660844931556,0.9101643225532342,0.9076018046228382,9.200000000000001,8
3109,קשת 12,News_first_short,1.3333333333333333,3,lt1.5,1.0,"('קשת 12', '2024-11-17', 64)","('קשת 12', '2024-11-17', 64)",18,early_evening,19,1,0.8608443002548872,0.8545932998357314,0.8551069545043131,10.0,14
3111,קשת 12,News_last_long,3.2333333333333334,4,2.5-3.5,3.0,"('קשת 12', '2024-11-17', 64)","('קשת 12', '2024-11-17', 64)",18,early_evening,16,1,0.9042403819151924,0.8773538204659607,0.8947969635435814,10.733333333333334,8
3113,קשת 12,Other_first_long,10.433333333333334,11,7-13,1.0,"('קשת 12', '2024-11-17', 68)","('קשת 12', '2024-11-17', 68)",18,early_evening,8,40,0.979310344827586,0.9546707606036868,0.9538541410973873,11.833333333333334,14
3116,קשת 12,News_middle_long,9.916666666666666,11,7-13,1.0,"('קשת 12', '2024-11-17', 72)","('קשת 12', '2024-11-17', 72)",20,late_evening,3,17,0.8858637918093077,0.8568222268918086,0.887015686377501,14.8,7
3117,קשת 12,News_last_long,9.633333333333333,10,7-13,2.0,"('קשת 12', '2024-11-17', 72)","('קשת 12', '2024-11-17', 72)",21,late_evening,17,15,0.918838542173236,0.8850543296355173,0.918838542173236,15.366666666666667,4
3120,קשת 12,Other_middle_long,8.583333333333334,10,7-13,1.0,"('קשת 12', '2024-11-17', 81)","('קשת 12', '2024-11-17', 81)",22,late_evening,30,11,0.9723477317910718,0.9251756999848716,0.9879102878797531,17.933333333333334,10
3121,קשת 12,Other_last_long,8.233333333333333,10,7-13,2.0,"('קשת 12', '2024-11-17', 81)","('קשת 12', '2024-11-17', 81)",22,late_evening,15,6,1.1021668722023323,1.0103684622275957,1.0897351383761975,19.46666666666667,1
3122,קשת 12,Other_first_long,6.166666666666667,7,5-7,1.0,"('קשת 12', '2024-11-17', 85)","('קשת 12', '2024-11-17', 85)",23,late_evening,6,1,1.1692724340588825,1.0972577340655192,1.1692724340588825,18.233333333333334,1
3124,קשת 12,Other_middle_long,5.483333333333333,7,5-7,1.0,"('קשת 12', '2024-11-17', 87)","('קשת 12', '2024-11-17', 87)",23,late_evening,41,1,1.047547381104847,0.9856214260944647,1.047547381104847,7.8999999999999995,5
3126,קשת 12,Other_first_standard,1.5,3,lt1.5,1.0,"('קשת 12', '2024-11-18', 1)","('קשת 12', '2024-11-18', 1)",0,overnight,6,1,1.2948203593331924,1.292538577514467,1.2983914690555385,6.3,5
3129,קשת 12,PrimeShow2_first_short,0.8333333333333334,2,lt1.5,1.0,"('קשת 12', '2024-11-18', 4)","('קשת 12', '2024-11-18', 4)",0,overnight,15,1,0.6005721292581662,0.6031617928329369,0.6005817882382165,2.033333333333333,0
3131,קשת 12,News_middle_long,4.166666666666667,5,3.5-5,1.0,"('קשת 12', '2024-11-18', 5)","('קשת 12', '2024-11-18', 5)",1,overnight,19,1,0.42915647271566854,0.43654899610071257,0.42915647271566854,1.1,7
3133,קשת 12,Other_middle_short,1.1666666666666667,2,lt1.5,1.0,"('קשת 12', '2024-11-18', 17)","('קשת 12', '2024-11-18', 17)",5,overnight,67,14,0.8655138186458876,0.8818568258941344,0.8655138186458875,0.8000000000000002,6
3134,קשת 12,News_last_short,0.3,1,lt1.5,1.0,"('קשת 12', '2024-11-18', 20)","('קשת 12', '2024-11-18', 20)",6,morning,16,62,1.0287896029943873,1.0249358022861699,1.0287896029943873,2.1666666666666665,8
3135,קשת 12,News_last_short,0.3,2,lt1.5,2.0,"('קשת 12', '2024-11-18', 20)","('קשת 12', '2024-11-18', 20)",6,morning,16,61,1.0287896029943873,1.0249358022861699,1.0287896029943873,2.1666666666666665,8
3136,קשת 12,News_first_short,0.3,2,lt1.5,1.0,"('קשת 12', '2024-11-18', 25)","('קשת 12', '2024-11-18', 25)",7,morning,61,14,1.16556823012153,1.2207961879499232,1.1458729209727065,5.1,10
3138,קשת 12,News_first_long,7.716666666666667,8,7-13,3.0,"('קשת 12', '2024-11-18', 25)","('קשת 12', '2024-11-18', 25)",7,morning,14,4,1.0910400196114483,1.195187917736251,1.078793580307432,4.833333333333333,10
3139,קשת 12,News_first_short,0.2,2,lt1.5,4.0,"('קשת 12', '2024-11-18', 25)","('קשת 12', '2024-11-18', 25)",7,morning,4,1,1.0175048886715476,1.0285915933600795,1.0146537069250516,4.533333333333333,6
3141,קשת 12,News_middle_long,6.966666666666667,8,5-7,6.0,"('קשת 12', '2024-11-18', 25)","('קשת 12', '2024-11-18', 25)",7,morning,14,10,1.0038040893961009,1.0730499288188857,0.9770681095676667,4.7,7
3142,קשת 12,News_middle_short,0.3,1,lt1.5,7.0,"('קשת 12', '2024-11-18', 25)","('קשת 12', '2024-11-18', 25)",8,morning,10,1,0.8320272284434019,0.8361870780725785,0.8162219570430409,4.266666666666667,9
3144,קשת 12,News_middle_long,6.9,8,5-7,9.0,"('קשת 12', '2024-11-18', 25)","('קשת 12', '2024-11-18', 25)",8,morning,14,1,0.9411839631380675,0.9542982579048154,0.937926826525151,4.8,9
3146,קשת 12,News_last_long,8.0,9,7-13,11.0,"('קשת 12', '2024-11-18', 25)","('קשת 12', '2024-11-18', 25)",8,morning,15,11,1.0374261326329612,1.024992244214184,1.0286336032603167,5.266666666666667,3
3147,קשת 12,News_last_short,0.3,2,lt1.5,12.0,"('קשת 12', '2024-11-18', 25)","('קשת 12', '2024-11-18', 25)",9,morning,11,18,0.8990194700533175,0.8785620320568439,0.879058789996336,4.533333333333333,7
3149,קשת 12,News_last_long,3.8833333333333333,4,3.5-5,14.0,"('קשת 12', '2024-11-18', 25)","('קשת 12', '2024-11-18', 25)",9,morning,18,27,0.9505633324433354,0.9808159571827236,0.9480399022504287,4.7,11
3150,קשת 12,Other_first_long,3.533333333333333,5,3.5-5,1.0,"('קשת 12', '2024-11-18', 39)","('קשת 12', '2024-11-18', 39)",9,morning,27,22,1.0328211836723658,1.083186330795342,1.0390611821971614,5.0,11
3151,קשת 12,Other_middle_long,4.416666666666667,6,3.5-5,2.0,"('קשת 12', '2024-11-18', 39)","('קשת 12', '2024-11-18', 39)",10,morning,22,12,1.0803528979556556,1.0464415352256717,1.082481674837573,4.9,7
3153,קשת 12,Other_last_long,4.016666666666667,5,3.5-5,4.0,"('קשת 12', '2024-11-18', 39)","('קשת 12', '2024-11-18', 39)",10,morning,11,2,1.1624772132977734,1.1239055257259734,1.155502437185407,5.133333333333334,9
3155,קשת 12,Other_first_long,5.85,7,5-7,1.0,"('קשת 12', '2024-11-18', 44)","('קשת 12', '2024-11-18', 44)",11,morning,26,11,0.9067362020836888,0.9194416111318217,0.9098964889910622,3.5,11
3157,קשת 12,Other_last_long,5.333333333333333,7,5-7,3.0,"('קשת 12', '2024-11-18', 44)","('קשת 12', '2024-11-18', 44)",11,morning,10,1,0.8581669226830518,0.8673395738448412,0.8574036610115088,3.2000000000000006,13
3159,קשת 12,Other_first_long,5.983333333333333,7,5-7,1.0,"('קשת 12', '2024-11-18', 48)","('קשת 12', '2024-11-18', 48)",12,afternoon,24,1,0.8936954058247113,0.9030374375956516,0.8963877324978209,3.4,0
3161,קשת 12,Other_first_long,5.833333333333333,7,5-7,1.0,"('קשת 12', '2024-11-18', 49)","('קשת 12', '2024-11-18', 49)",12,afternoon,33,15,0.7564649260605246,0.7700928088706611,0.7576791812090665,3.1333333333333333,10
3162,קשת 12,Other_middle_long,4.45,5,3.5-5,2.0,"('קשת 12', '2024-11-18', 49)","('קשת 12', '2024-11-18', 49)",13,afternoon,15,1,0.7598784194528875,0.7545911111893542,0.7566083325138192,3.3333333333333335,1
3164,קשת 12,Other_last_long,4.116666666666666,5,3.5-5,4.0,"('קשת 12', '2024-11-18', 49)","('קשת 12', '2024-11-18', 49)",13,afternoon,26,1,0.9124629080118692,0.8798183675627405,0.9246062426575219,4.1,3
3166,קשת 12,Other_first_long,5.283333333333333,7,5-7,1.0,"('קשת 12', '2024-11-18', 53)","('קשת 12', '2024-11-18', 53)",14,afternoon,21,33,0.9853249475890987,0.9832326100599657,0.9832326100599657,4.7,0
3168,קשת 12,Other_middle_long,4.616666666666666,6,3.5-5,1.0,"('קשת 12', '2024-11-18', 54)","('קשת 12', '2024-11-18', 54)",14,afternoon,32,1,0.9415584415584415,0.9216576261722595,0.9364884156970134,4.833333333333333,9
3170,קשת 12,News_last_short,1.4,3,lt1.5,1.0,"('קשת 12', '2024-11-18', 57)","('קשת 12', '2024-11-18', 57)",15,afternoon,55,1,1.2546076374965296,1.2597749576576989,1.258983610500231,7.966666666666668,11
3173,קשת 12,News_last_short,0.75,2,lt1.5,4.0,"('קשת 12', '2024-11-18', 57)","('קשת 12', '2024-11-18', 57)",15,afternoon,3,9,1.0491769166743736,1.0491769166743736,1.0491769166743736,6.9,6
3174,קשת 12,Other_first_short,1.1333333333333333,2,lt1.5,1.0,"('קשת 12', '2024-11-18', 60)","('קשת 12', '2024-11-18', 60)",16,afternoon,9,1,0.9224730127576054,0.9281113534032689,0.9205582830422022,6.266666666666667,1
3177,קשת 12,News_last_long,3.216666666666667,5,2.5-3.5,1.0,"('קשת 12', '2024-11-18', 61)","('קשת 12', '2024-11-18', 61)",16,afternoon,33,45,0.997325379707153,1.0143891254432682,0.9902906705819071,7.566666666666666,11
3178,קשת 12,PrimeShow2_middle_standard,1.5,3,lt1.5,1.0,"('קשת 12', '2024-11-18', 63)","('קשת 12', '2024-11-18', 63)",17,early_evening,45,1,0.9143907904851295,0.9013664203720149,0.9167726049592376,9.066666666666666,0
3180,קשת 12,PrimeShow2_last_short,0.8666666666666667,2,lt1.5,3.0,"('קשת 12', '2024-11-18', 63)","('קשת 12', '2024-11-18', 63)",17,early_evening,6,1,0.8908239689810532,0.889380318637348,0.8974772944729995,8.666666666666666,2
3182,קשת 12,Other_first_standard,2.316666666666667,3,1.5-2.5,1.0,"('קשת 12', '2024-11-18', 66)","('קשת 12', '2024-11-18', 66)",17,early_evening,4,21,0.8260282041509304,0.8244124013191193,0.8220773823735904,8.333333333333334,8
3183,קשת 12,News_middle_short,1.4333333333333333,3,lt1.5,1.0,"('קשת 12', '2024-11-18', 67)","('קשת 12', '2024-11-18', 67)",18,early_evening,21,1,0.8713098308971053,0.8556689590539261,0.8571189410432861,10.133333333333333,1
3185,קשת 12,News_last_long,3.3666666666666667,4,2.5-3.5,3.0,"('קשת 12', '2024-11-18', 67)","('קשת 12', '2024-11-18', 67)",18,early_evening,15,1,0.7666385846672283,0.7426489169510675,0.7610511689855287,9.100000000000001,9
3187,קשת 12,Other_first_long,8.816666666666666,10,7-13,1.0,"('קשת 12', '2024-11-18', 71)","('קשת 12', '2024-11-18', 71)",18,early_evening,8,42,0.7806896551724138,0.7610234034051632,0.7603674303591191,9.433333333333334,14
3190,קשת 12,News_first_long,8.15,9,7-13,1.0,"('קשת 12', '2024-11-18', 75)","('קשת 12', '2024-11-18', 75)",20,late_evening,3,34,1.0110298940719908,0.9379866561191472,1.0110298940719908,16.9,14
3191,קשת 12,News_last_long,8.166666666666666,10,7-13,2.0,"('קשת 12', '2024-11-18', 75)","('קשת 12', '2024-11-18', 75)",21,late_evening,34,11,1.3991280221957985,1.311118873050549,1.375974971082245,23.53333333333333,11
3192,קשת 12,News_last_long,9.216666666666667,11,7-13,3.0,"('קשת 12', '2024-11-18', 75)","('קשת 12', '2024-11-18', 75)",21,late_evening,11,2,1.2032956505077603,1.1182987541367295,1.1499596807326502,20.933333333333334,1
3195,קשת 12,Other_middle_long,10.85,12,7-13,1.0,"('קשת 12', '2024-11-18', 86)","('קשת 12', '2024-11-18', 86)",22,late_evening,47,12,0.8200912960248671,0.7546448905884833,0.8144726409355766,14.566666666666668,13
3196,קשת 12,Other_first_long,5.883333333333334,6,5-7,1.0,"('קשת 12', '2024-11-18', 88)","('קשת 12', '2024-11-18', 88)",23,late_evening,12,2,0.7582161899774301,0.7187489250067478,0.7582161899774301,10.666666666666666,6
3198,קשת 12,Other_middle_long,5.533333333333333,7,5-7,1.0,"('קשת 12', '2024-11-18', 90)","('קשת 12', '2024-11-18', 90)",23,late_evening,37,1,1.0980425312618507,1.0062821821957992,1.0980425312618507,8.033333333333333,6
3200,קשת 12,Other_first_short,1.0833333333333333,2,lt1.5,1.0,"('קשת 12', '2024-11-19', 1)","('קשת 12', '2024-11-19', 1)",0,overnight,17,1,0.904107736196541,0.9876130678572808,0.904107736196541,3.733333333333333,2
3203,קשת 12,Other_middle_short,0.8333333333333334,2,lt1.5,1.0,"('קשת 12', '2024-11-19', 2)","('קשת 12', '2024-11-19', 2)",0,overnight,12,1,0.8621474150903484,0.8916163266605341,0.8621474150903484,2.6666666666666665,8
3205,קשת 12,Other_first_long,4.65,5,3.5-5,1.0,"('קשת 12', '2024-11-19', 4)","('קשת 12', '2024-11-19', 4)",1,overnight,14,2,0.9484214892581178,0.9815530581780484,0.9484584605683809,2.3333333333333335,10
3207,קשת 12,Other_middle_short,1.15,3,lt1.5,1.0,"('קשת 12', '2024-11-19', 7)","('קשת 12', '2024-11-19', 7)",2,overnight,65,45,1.6849424555001535,1.670033269873162,1.6805656601918635,2.766666666666667,6
3208,קשת 12,Other_first_short,1.15,2,lt1.5,1.0,"('קשת 12', '2024-11-19', 15)","('קשת 12', '2024-11-19', 15)",4,overnight,110,36,0.35573122529644263,0.34781691837301953,0.3529663810867285,0.3,14
3209,קשת 12,Other_last_standard,1.8166666666666667,3,1.5-2.5,1.0,"('קשת 12', '2024-11-19', 17)","('קשת 12', '2024-11-19', 17)",5,overnight,15,14,0.49682439421021307,0.49561696535919547,0.49682439421021307,0.6,7
3210,קשת 12,News_last_short,0.3,2,lt1.5,1.0,"('קשת 12', '2024-11-19', 20)","('קשת 12', '2024-11-19', 20)",6,morning,14,61,0.9961631755881882,0.9923093748799708,0.9961631755881882,2.1,8
3212,קשת 12,News_first_short,0.3,1,lt1.5,1.0,"('קשת 12', '2024-11-19', 25)","('קשת 12', '2024-11-19', 25)",7,morning,61,1,1.203678039273193,1.2596630264463151,1.183144866463108,5.266666666666667,10
3214,קשת 12,News_first_long,7.35,8,7-13,3.0,"('קשת 12', '2024-11-19', 25)","('קשת 12', '2024-11-19', 25)",7,morning,17,1,0.9297052154195011,1.6473712334465522,0.9600951373023227,4.1000000000000005,13
3216,קשת 12,News_first_long,7.466666666666667,9,7-13,5.0,"('קשת 12', '2024-11-19', 25)","('קשת 12', '2024-11-19', 25)",7,morning,11,11,1.1412268188302426,1.1235059316991973,1.1202151720765328,5.333333333333333,4
3217,קשת 12,News_middle_short,0.3,2,lt1.5,6.0,"('קשת 12', '2024-11-19', 25)","('קשת 12', '2024-11-19', 25)",8,morning,11,13,1.0099764000352718,0.9810926869619839,0.985799109171599,5.166666666666667,8
3219,קשת 12,News_middle_long,7.783333333333333,9,7-13,8.0,"('קשת 12', '2024-11-19', 25)","('קשת 12', '2024-11-19', 25)",8,morning,13,1,0.8590022500542182,0.8494548854253838,0.8579785514989039,4.4,7
3221,קשת 12,News_last_long,6.916666666666667,8,5-7,10.0,"('קשת 12', '2024-11-19', 25)","('קשת 12', '2024-11-19', 25)",8,morning,15,13,0.9717662508207484,0.9643708179408704,0.9648074880600216,4.933333333333334,2
3222,קשת 12,News_last_short,0.3,1,lt1.5,11.0,"('קשת 12', '2024-11-19', 25)","('קשת 12', '2024-11-19', 25)",9,morning,13,1,1.36174829385293,1.3303319553625599,1.3314550504914626,6.866666666666667,7
3224,קשת 12,News_last_long,5.85,7,5-7,13.0,"('קשת 12', '2024-11-19', 25)","('קשת 12', '2024-11-19', 25)",9,morning,15,24,1.3504550549204215,1.3448368252387652,1.34892962979013,6.733333333333333,8
3225,קשת 12,Other_first_long,4.25,6,3.5-5,1.0,"('קשת 12', '2024-11-19', 37)","('קשת 12', '2024-11-19', 37)",9,morning,24,30,1.1975426405820804,1.1939165886866803,1.2011215110070357,5.833333333333333,8
3226,קשת 12,Other_middle_long,5.316666666666666,6,5-7,2.0,"('קשת 12', '2024-11-19', 37)","('קשת 12', '2024-11-19', 37)",10,morning,30,16,0.9995017943549266,0.9791907055487594,0.9992607485391977,4.5,13
3228,קשת 12,Other_last_long,5.083333333333333,6,5-7,4.0,"('קשת 12', '2024-11-19', 37)","('קשת 12', '2024-11-19', 37)",10,morning,14,2,1.0791204267222556,1.0498106644730407,1.0664241429430794,4.666666666666666,4
3230,קשת 12,PrimeShow1_first_long,6.416666666666667,7,5-7,1.0,"('קשת 12', '2024-11-19', 42)","('קשת 12', '2024-11-19', 42)",11,morning,17,1,0.8409652725581345,0.8228896635976283,0.840324064601283,3.233333333333333,13
3232,קשת 12,PrimeShow1_middle_long,6.033333333333333,7,5-7,3.0,"('קשת 12', '2024-11-19', 42)","('קשת 12', '2024-11-19', 42)",11,morning,10,2,0.7226179875333926,0.7237960888968994,0.7159895056167195,2.6999999999999997,0
3234,קשת 12,Other_first_long,5.266666666666667,6,5-7,1.0,"('קשת 12', '2024-11-19', 46)","('קשת 12', '2024-11-19', 46)",12,afternoon,22,1,0.8411250878350224,0.8499175883253192,0.8436590423508902,3.2000000000000006,0
3236,קשת 12,Other_first_long,5.05,7,5-7,1.0,"('קשת 12', '2024-11-19', 47)","('קשת 12', '2024-11-19', 47)",12,afternoon,26,23,0.963265306122449,0.991984149786281,0.9618874140503749,3.933333333333333,2
3237,קשת 12,Other_middle_long,5.683333333333334,6,5-7,2.0,"('קשת 12', '2024-11-19', 47)","('קשת 12', '2024-11-19', 47)",13,afternoon,23,1,1.041033434650456,1.033832977949486,1.0365621597414092,4.566666666666666,1
3239,קשת 12,Other_last_standard,2.7,4,2.5-3.5,4.0,"('קשת 12', '2024-11-19', 47)","('קשת 12', '2024-11-19', 47)",13,afternoon,25,1,1.0905044510385755,1.0513634629627824,1.104983550881651,4.8999999999999995,3
3241,קשת 12,Other_first_long,5.216666666666667,7,5-7,1.0,"('קשת 12', '2024-11-19', 51)","('קשת 12', '2024-11-19', 51)",14,afternoon,23,33,0.9503843466107619,0.9416127085317069,0.9415053601791463,4.533333333333333,1
3243,קשת 12,Other_middle_long,4.833333333333333,6,3.5-5,1.0,"('קשת 12', '2024-11-19', 52)","('קשת 12', '2024-11-19', 52)",14,afternoon,32,1,0.8636363636363636,0.8510440002704757,0.8595494281070533,4.433333333333334,10
3245,קשת 12,News_middle_short,1.4166666666666667,3,lt1.5,1.0,"('קשת 12', '2024-11-19', 54)","('קשת 12', '2024-11-19', 54)",15,afternoon,38,1,0.8477997677091178,0.830060373144026,0.8450146237279604,5.300000000000001,10
3248,קשת 12,News_last_short,1.1333333333333333,2,lt1.5,4.0,"('קשת 12', '2024-11-19', 54)","('קשת 12', '2024-11-19', 54)",15,afternoon,20,7,1.070013168537111,1.0751364343201775,1.0656348049055013,7.099999999999999,8
3249,קשת 12,Other_first_short,1.3166666666666667,2,lt1.5,1.0,"('קשת 12', '2024-11-19', 57)","('קשת 12', '2024-11-19', 57)",16,afternoon,7,1,1.030421982335623,1.0367188666403806,1.0282245917130404,7.0,1
3252,קשת 12,News_last_long,5.7,6,5-7,1.0,"('קשת 12', '2024-11-19', 58)","('קשת 12', '2024-11-19', 58)",16,afternoon,31,42,1.0726820704959972,1.0614349358245414,1.0515109758734658,8.1,10
3253,קשת 12,PrimeShow2_middle_standard,1.5166666666666666,3,1.5-2.5,1.0,"('קשת 12', '2024-11-19', 60)","('קשת 12', '2024-11-19', 60)",17,early_evening,42,1,1.0547706161718358,1.0322785287404581,1.0567757024155906,10.5,12
3255,קשת 12,PrimeShow2_last_standard,2.2666666666666666,3,1.5-2.5,3.0,"('קשת 12', '2024-11-19', 60)","('קשת 12', '2024-11-19', 60)",17,early_evening,7,1,0.9962212298179319,1.0068615931134248,1.0043090035978983,9.666666666666666,14
3257,קשת 12,Other_first_standard,2.6333333333333333,3,2.5-3.5,1.0,"('קשת 12', '2024-11-19', 63)","('קשת 12', '2024-11-19', 63)",17,early_evening,6,20,0.994651798954307,0.9926325444705206,0.9898740609910123,10.033333333333333,8
3258,קשת 12,News_first_standard,1.6166666666666667,3,1.5-2.5,1.0,"('קשת 12', '2024-11-19', 64)","('קשת 12', '2024-11-19', 64)",18,early_evening,20,1,1.0117512181140729,0.9978151260504203,0.9979454886801472,11.766666666666666,0
3260,קשת 12,News_middle_long,5.816666666666666,7,5-7,3.0,"('קשת 12', '2024-11-19', 64)","('קשת 12', '2024-11-19', 64)",18,early_evening,9,1,1.042543595090268,1.0267669942767481,1.039372063768056,12.300000000000002,4
3262,קשת 12,Other_first_long,10.733333333333333,11,7-13,1.0,"('קשת 12', '2024-11-19', 68)","('קשת 12', '2024-11-19', 68)",18,early_evening,10,40,1.026206896551724,1.0004917845095729,0.9996483905932306,12.4,14
3266,קשת 12,News_middle_long,8.7,10,7-13,2.0,"('קשת 12', '2024-11-19', 72)","('קשת 12', '2024-11-19', 72)",20,late_evening,18,17,1.1541195964260493,1.0841185527685218,1.1561244034883398,19.366666666666664,6
3267,קשת 12,News_last_long,9.0,10,7-13,3.0,"('קשת 12', '2024-11-19', 72)","('קשת 12', '2024-11-19', 72)",21,late_evening,17,13,1.0733306022122082,0.9966472703661754,1.0965829730163918,17.46666666666667,2
3268,קשת 12,News_last_short,0.85,1,lt1.5,4.0,"('קשת 12', '2024-11-19', 72)","('קשת 12', '2024-11-19', 72)",21,late_evening,13,1,1.1845676618844514,1.0377118877362124,1.223876065490435,20.366666666666667,9
3271,קשת 12,Other_middle_long,9.383333333333333,10,7-13,1.0,"('קשת 12', '2024-11-19', 81)","('קשת 12', '2024-11-19', 81)",22,late_evening,12,24,1.3294282461205216,1.2403432553982832,1.3294282461205216,24.26666666666667,5
3272,קשת 12,Other_first_long,5.3,6,5-7,1.0,"('קשת 12', '2024-11-19', 85)","('קשת 12', '2024-11-19', 85)",23,late_evening,24,1,1.784665835270893,1.6087728479092291,1.784665835270893,23.600000000000005,8
3274,קשת 12,Other_first_long,4.25,5,3.5-5,1.0,"('קשת 12', '2024-11-19', 89)","('קשת 12', '2024-11-19', 89)",23,late_evening,11,2,1.1623866786612789,1.0364395792421655,1.1623866786612789,8.233333333333333,7
3276,קשת 12,Other_first_standard,1.8166666666666667,3,1.5-2.5,1.0,"('קשת 12', '2024-11-20', 0)","('קשת 12', '2024-11-20', 0)",0,overnight,9,1,1.1041286798791905,1.1028293144902868,1.1074424421889677,5.433333333333334,3
3279,קשת 12,Other_last_short,0.7,2,lt1.5,4.0,"('קשת 12', '2024-11-20', 0)","('קשת 12', '2024-11-20', 0)",0,overnight,16,1,0.899090226983588,0.9264178932295449,0.8993703374050478,3.0666666666666664,13
3281,קשת 12,Other_first_long,3.033333333333333,4,2.5-3.5,1.0,"('קשת 12', '2024-11-20', 5)","('קשת 12', '2024-11-20', 5)",1,overnight,23,1,0.8890058164462408,0.9070506650735877,0.8890058164462408,2.2333333333333334,8
3283,קשת 12,Other_middle_standard,1.8166666666666667,3,1.5-2.5,1.0,"('קשת 12', '2024-11-20', 6)","('קשת 12', '2024-11-20', 6)",1,overnight,29,39,0.7054377479815859,0.7087335408307012,0.7083037091808805,1.3333333333333333,12
3284,קשת 12,Other_middle_short,1.4333333333333333,2,lt1.5,1.0,"('קשת 12', '2024-11-20', 8)","('קשת 12', '2024-11-20', 8)",2,overnight,39,22,0.6363885755033004,0.6378235908141963,0.6326734820271515,1.0333333333333334,8
3285,קשת 12,Other_last_short,0.85,2,lt1.5,2.0,"('קשת 12', '2024-11-20', 8)","('קשת 12', '2024-11-20', 8)",2,overnight,22,38,0.6511262441068623,0.6880038891589694,0.6553889953575655,0.9,1
3286,קשת 12,Other_first_short,1.4333333333333333,3,lt1.5,1.0,"('קשת 12', '2024-11-20', 11)","('קשת 12', '2024-11-20', 11)",3,overnight,38,105,0.5584293213853047,0.5483900388797737,0.5538496495551711,0.6,10
3287,קשת 12,Other_last_short,0.7,1,lt1.5,1.0,"('קשת 12', '2024-11-20', 15)","('קשת 12', '2024-11-20', 15)",5,overnight,105,11,1.4462809917355373,1.4065378661168655,1.4248673075530867,1.1666666666666667,12
3288,קשת 12,Other_first_short,1.4333333333333333,3,lt1.5,1.0,"('קשת 12', '2024-11-20', 17)","('קשת 12', '2024-11-20', 17)",5,overnight,11,16,0.6302521008403361,0.6686537326431027,0.6551817435438125,0.5,8
3289,קשת 12,Other_middle_standard,2.0166666666666666,3,1.5-2.5,2.0,"('קשת 12', '2024-11-20', 17)","('קשת 12', '2024-11-20', 17)",5,overnight,16,25,0.785524907395479,0.7956645108871827,0.7874406162077395,0.7666666666666666,11
3290,קשת 12,News_last_short,0.3,2,lt1.5,1.0,"('קשת 12', '2024-11-20', 20)","('קשת 12', '2024-11-20', 20)",6,morning,25,61,1.090584681310341,1.0863580998831375,1.090584681310341,2.3000000000000003,8
3292,קשת 12,News_first_short,0.3,1,lt1.5,1.0,"('קשת 12', '2024-11-20', 26)","('קשת 12', '2024-11-20', 26)",7,morning,61,15,1.5769220501901706,1.6526662100511313,1.5504610298066568,6.8999999999999995,10
3293,קשת 12,News_first_short,0.3,2,lt1.5,2.0,"('קשת 12', '2024-11-20', 26)","('קשת 12', '2024-11-20', 26)",7,morning,61,14,1.5769220501901706,1.6526662100511313,1.5504610298066568,6.8999999999999995,10
3294,קשת 12,News_first_long,6.5,8,5-7,3.0,"('קשת 12', '2024-11-20', 26)","('קשת 12', '2024-11-20', 26)",7,morning,14,1,1.196349410635125,1.3121610489804791,1.1831575716750062,5.3,10
3296,קשת 12,News_middle_long,6.183333333333334,7,5-7,5.0,"('קשת 12', '2024-11-20', 26)","('קשת 12', '2024-11-20', 26)",7,morning,16,11,0.9058487874465051,0.9053541384624975,0.8767852273618192,4.233333333333333,6
3297,קשת 12,News_middle_short,0.3,1,lt1.5,6.0,"('קשת 12', '2024-11-20', 26)","('קשת 12', '2024-11-20', 26)",8,morning,11,1,0.8470843864407572,0.822844894321027,0.8268023857399472,4.333333333333333,8
3299,קשת 12,News_middle_long,6.633333333333334,7,5-7,8.0,"('קשת 12', '2024-11-20', 26)","('קשת 12', '2024-11-20', 26)",8,morning,13,2,0.9631223229776621,0.9523612027193408,0.9617964016267398,4.933333333333333,7
3301,קשת 12,News_last_long,6.916666666666667,8,5-7,10.0,"('קשת 12', '2024-11-20', 26)","('קשת 12', '2024-11-20', 26)",8,morning,18,11,0.8798424162836507,0.875072855804569,0.8705202516760152,4.466666666666667,4
3302,קשת 12,News_last_short,0.3,2,lt1.5,11.0,"('קשת 12', '2024-11-20', 26)","('קשת 12', '2024-11-20', 26)",9,morning,11,17,1.0577256772333308,1.0335841372629124,1.034250900230564,5.333333333333333,7
3304,קשת 12,News_last_long,5.133333333333334,6,5-7,13.0,"('קשת 12', '2024-11-20', 26)","('קשת 12', '2024-11-20', 26)",9,morning,17,23,1.1178837915626287,1.1247951882620193,1.1147688980170487,5.533333333333334,10
3305,קשת 12,Other_first_long,4.783333333333333,6,3.5-5,1.0,"('קשת 12', '2024-11-20', 41)","('קשת 12', '2024-11-20', 41)",9,morning,23,27,1.115458308190752,1.1121891644814799,1.1188520646282099,5.433333333333334,8
3306,קשת 12,Other_middle_long,5.216666666666667,6,5-7,2.0,"('קשת 12', '2024-11-20', 41)","('קשת 12', '2024-11-20', 41)",10,morning,27,21,0.9517772273793247,0.9398181481591674,0.95333678917672,4.3,10
3308,קשת 12,Other_last_long,5.083333333333333,6,5-7,4.0,"('קשת 12', '2024-11-20', 41)","('קשת 12', '2024-11-20', 41)",10,morning,21,2,1.0927585920267535,1.116164192131787,1.089697011019215,4.7,6
3310,קשת 12,Other_first_long,5.833333333333333,7,5-7,1.0,"('קשת 12', '2024-11-20', 45)","('קשת 12', '2024-11-20', 45)",11,morning,16,8,1.1001916874462463,1.0572809802075083,1.0960864058834392,4.2,14
3312,קשת 12,Other_last_long,5.633333333333334,7,5-7,3.0,"('קשת 12', '2024-11-20', 45)","('קשת 12', '2024-11-20', 45)",11,morning,8,1,1.3229646697388633,1.3366183459934688,1.3218919314487063,4.933333333333333,13
3314,קשת 12,Other_first_long,5.516666666666667,7,5-7,1.0,"('קשת 12', '2024-11-20', 49)","('קשת 12', '2024-11-20', 49)",12,afternoon,25,29,1.1039766777834668,1.1149707304614906,1.1071415977104426,4.2,0
3316,קשת 12,Other_first_long,5.2,7,5-7,1.0,"('קשת 12', '2024-11-20', 50)","('קשת 12', '2024-11-20', 50)",12,afternoon,28,21,1.010420151458476,1.0345701796646127,1.0056350602500699,4.133333333333334,5
3317,קשת 12,Other_middle_long,6.0,7,5-7,2.0,"('קשת 12', '2024-11-20', 50)","('קשת 12', '2024-11-20', 50)",13,afternoon,21,1,1.1474164133738602,1.1337255142553795,1.1425139592868199,5.033333333333333,2
3319,קשת 12,Other_last_short,0.9333333333333333,2,lt1.5,4.0,"('קשת 12', '2024-11-20', 50)","('קשת 12', '2024-11-20', 50)",13,afternoon,22,1,1.1053412462908012,1.0840892284328085,1.1188847295994144,4.966666666666667,2
3321,קשת 12,Other_first_long,6.183333333333334,7,5-7,1.0,"('קשת 12', '2024-11-20', 54)","('קשת 12', '2024-11-20', 54)",14,afternoon,26,1,0.9154437456324249,0.9071416154633166,0.9070414236675934,4.366666666666666,1
3323,קשת 12,Other_middle_long,5.783333333333333,7,5-7,1.0,"('קשת 12', '2024-11-20', 55)","('קשת 12', '2024-11-20', 55)",14,afternoon,26,1,0.8092177368703638,0.8212908199965274,0.8136184548637156,4.133333333333334,5
3325,קשת 12,News_middle_standard,1.6166666666666667,2,1.5-2.5,1.0,"('קשת 12', '2024-11-20', 58)","('קשת 12', '2024-11-20', 58)",15,afternoon,48,2,0.8366961398219103,0.8482334407811644,0.8381703344212766,5.3,0
3328,קשת 12,Other_first_standard,1.5,3,lt1.5,1.0,"('קשת 12', '2024-11-20', 61)","('קשת 12', '2024-11-20', 61)",16,afternoon,5,1,0.8341511285574091,0.839162255735876,0.832394682470209,5.666666666666667,1
3331,קשת 12,News_middle_long,4.866666666666666,6,3.5-5,1.0,"('קשת 12', '2024-11-20', 62)","('קשת 12', '2024-11-20', 62)",16,afternoon,27,48,0.8432671081677704,0.8241101452640965,0.8310382096962393,6.366666666666667,7
3332,קשת 12,PrimeShow2_middle_long,8.3,9,7-13,1.0,"('קשת 12', '2024-11-20', 64)","('קשת 12', '2024-11-20', 64)",17,early_evening,48,8,1.0993293797470585,1.0836284810278751,1.1019126161391188,10.9,0
3334,קשת 12,PrimeShow2_last_short,0.8333333333333334,2,lt1.5,3.0,"('קשת 12', '2024-11-20', 64)","('קשת 12', '2024-11-20', 64)",17,early_evening,6,1,1.0840029663839832,1.0883699549635613,1.0944301485290533,10.533333333333333,1
3336,קשת 12,Other_first_standard,2.25,3,1.5-2.5,1.0,"('קשת 12', '2024-11-20', 67)","('קשת 12', '2024-11-20', 67)",17,early_evening,5,26,1.0972057688992942,1.0950680226996934,1.0921523922073477,11.066666666666668,8
3337,קשת 12,News_middle_standard,1.9166666666666667,3,1.5-2.5,1.0,"('קשת 12', '2024-11-20', 68)","('קשת 12', '2024-11-20', 68)",18,early_evening,26,1,1.042657022639945,1.0288856575301162,1.0434423416088974,12.1,6
3339,קשת 12,News_last_long,3.966666666666667,5,3.5-5,3.0,"('קשת 12', '2024-11-20', 68)","('קשת 12', '2024-11-20', 68)",18,early_evening,7,9,1.0474585790508284,1.014719700371616,1.0399029606270342,12.433333333333332,9
3341,קשת 12,Other_first_long,8.35,10,7-13,1.0,"('קשת 12', '2024-11-20', 72)","('קשת 12', '2024-11-20', 72)",18,early_evening,7,40,0.9406896551724137,0.9171944535749681,0.9164514636962857,11.366666666666667,14
3342,קשת 12,News_last_short,0.9666666666666667,2,lt1.5,1.0,"('קשת 12', '2024-11-20', 73)","('קשת 12', '2024-11-20', 73)",19,early_evening,40,1,0.9335245082779444,0.9266491573908038,0.9301735216732415,12.5,3
3345,קשת 12,News_first_long,9.416666666666666,10,7-13,1.0,"('קשת 12', '2024-11-20', 77)","('קשת 12', '2024-11-20', 77)",20,late_evening,3,11,0.9651334034243735,0.9341145974336522,0.9651334034243735,16.9,11
3346,קשת 12,News_middle_long,9.216666666666667,11,7-13,2.0,"('קשת 12', '2024-11-20', 77)","('קשת 12', '2024-11-20', 77)",20,late_evening,11,14,1.1325966850828728,1.0806715833506804,1.1132343984064839,19.133333333333333,1
3347,קשת 12,News_last_long,9.433333333333334,10,7-13,3.0,"('קשת 12', '2024-11-20', 77)","('קשת 12', '2024-11-20', 77)",21,late_evening,14,12,1.0206103844629408,0.9582746860282714,0.9978238149688264,17.166666666666668,10
3351,קשת 12,Other_first_long,9.65,11,7-13,1.0,"('קשת 12', '2024-11-20', 86)","('קשת 12', '2024-11-20', 86)",21,late_evening,12,24,1.301007341642479,1.2401987445659022,1.2685375904009277,25.399999999999995,12
3352,קשת 12,Other_first_short,1.2666666666666666,2,lt1.5,1.0,"('קשת 12', '2024-11-20', 90)","('קשת 12', '2024-11-20', 90)",22,late_evening,9,13,1.1477502516167621,1.0453004846460427,1.142020045394802,20.066666666666666,6
3353,קשת 12,Other_middle_long,4.816666666666666,5,3.5-5,1.0,"('קשת 12', '2024-11-20', 91)","('קשת 12', '2024-11-20', 91)",23,late_evening,13,2,0.8085985613015172,0.7950204955792394,0.8085985613015172,11.6,5
3355,קשת 12,Other_middle_long,4.633333333333334,6,3.5-5,1.0,"('קשת 12', '2024-11-20', 93)","('קשת 12', '2024-11-20', 93)",23,late_evening,12,1,0.7373928274328215,0.7318842258833694,0.7373928274328215,5.8,3
3357,קשת 12,Other_first_standard,1.55,2,1.5-2.5,1.0,"('קשת 12', '2024-11-21', 2)","('קשת 12', '2024-11-21', 2)",0,overnight,10,2,0.6777437361988511,0.6871090183198212,0.6777437361988511,3.1666666666666665,9
3360,קשת 12,Other_middle_short,0.6666666666666666,2,lt1.5,1.0,"('קשת 12', '2024-11-21', 3)","('קשת 12', '2024-11-21', 3)",0,overnight,10,1,1.001311685706711,1.0205634188113974,1.001311685706711,3.4,14
3362,קשת 12,Other_first_long,3.35,5,2.5-3.5,1.0,"('קשת 12', '2024-11-21', 5)","('קשת 12', '2024-11-21', 5)",1,overnight,25,1,1.2750626312026545,1.3329126809256335,1.2744895758935744,3.1,12
3364,קשת 12,Other_middle_short,1.1666666666666667,2,lt1.5,1.0,"('קשת 12', '2024-11-21', 9)","('קשת 12', '2024-11-21', 9)",2,overnight,99,135,0.6812457064346232,0.6824664886282346,0.6678243520348784,0.9,12
3365,קשת 12,Other_middle_standard,1.65,2,1.5-2.5,1.0,"('קשת 12', '2024-11-21', 16)","('קשת 12', '2024-11-21', 16)",5,overnight,135,23,0.6198347107438017,0.5944802558296174,0.6050242686606323,0.5,13
3366,קשת 12,Other_last_standard,2.65,4,2.5-3.5,1.0,"('קשת 12', '2024-11-21', 18)","('קשת 12', '2024-11-21', 18)",5,overnight,12,15,0.8243539906771998,0.8450272939693088,0.8240198637925152,0.9333333333333332,4
3367,קשת 12,News_last_short,0.3,2,lt1.5,1.0,"('קשת 12', '2024-11-21', 21)","('קשת 12', '2024-11-21', 21)",6,morning,15,60,0.828466235177343,0.8279583718309929,0.828466235177343,1.7000000000000002,7
3369,קשת 12,News_first_short,0.3,2,lt1.5,1.0,"('קשת 12', '2024-11-21', 26)","('קשת 12', '2024-11-21', 26)",7,morning,60,13,0.9801388947568782,0.9648518969240287,0.9635081604005462,4.266666666666667,8
3371,קשת 12,News_first_long,6.033333333333333,7,5-7,3.0,"('קשת 12', '2024-11-21', 26)","('קשת 12', '2024-11-21', 26)",7,morning,13,1,0.885885885885886,0.8614146657979879,0.8658009113477378,3.933333333333333,7
3373,קשת 12,News_first_long,7.216666666666667,8,7-13,5.0,"('קשת 12', '2024-11-21', 26)","('קשת 12', '2024-11-21', 26)",7,morning,19,10,1.1055634807417976,1.088400155343646,1.08522525826762,5.166666666666666,4
3374,קשת 12,News_middle_short,0.3,2,lt1.5,6.0,"('קשת 12', '2024-11-21', 26)","('קשת 12', '2024-11-21', 26)",8,morning,10,12,1.1895259667883977,1.1539761141951237,1.1686990784325924,6.066666666666666,6
3376,קשת 12,News_middle_long,6.75,8,5-7,8.0,"('קשת 12', '2024-11-21', 26)","('קשת 12', '2024-11-21', 26)",8,morning,12,1,1.1708587397299215,1.126623035689175,1.1610839674893283,6.0,4
3378,קשת 12,News_last_long,7.6,8,7-13,10.0,"('קשת 12', '2024-11-21', 26)","('קשת 12', '2024-11-21', 26)",8,morning,20,12,1.4313854235062375,1.4247498842936235,1.4161279756640894,7.266666666666667,4
3379,קשת 12,News_last_short,0.3,1,lt1.5,11.0,"('קשת 12', '2024-11-21', 26)","('קשת 12', '2024-11-21', 26)",9,morning,12,1,1.3645625432108428,1.331925698390987,1.3338567899015255,6.8999999999999995,8
3381,קשת 12,News_last_long,6.116666666666666,8,5-7,13.0,"('קשת 12', '2024-11-21', 26)","('קשת 12', '2024-11-21', 26)",9,morning,7,27,1.1718301097816648,1.1527515074113628,1.1666955396389143,5.8999999999999995,1
3382,קשת 12,Other_first_long,5.8,7,5-7,1.0,"('קשת 12', '2024-11-21', 38)","('קשת 12', '2024-11-21', 38)",9,morning,27,22,1.0921501706484642,1.074831564373765,1.0869406537195163,5.333333333333333,5
3383,קשת 12,Other_middle_long,5.25,7,5-7,2.0,"('קשת 12', '2024-11-21', 38)","('קשת 12', '2024-11-21', 38)",10,morning,22,20,1.0685744433260294,1.0927541309109614,1.0691003337083949,4.9,3
3385,קשת 12,Other_last_long,5.65,6,5-7,4.0,"('קשת 12', '2024-11-21', 38)","('קשת 12', '2024-11-21', 38)",10,morning,18,2,0.9425302114859528,0.9395263254694551,0.9485952898651936,4.1,14
3387,קשת 12,Other_first_long,5.816666666666666,7,5-7,1.0,"('קשת 12', '2024-11-21', 43)","('קשת 12', '2024-11-21', 43)",11,morning,18,13,0.8630660998031475,0.8734595331355903,0.8637975629657871,3.3333333333333335,10
3389,קשת 12,Other_last_long,6.166666666666667,7,5-7,3.0,"('קשת 12', '2024-11-21', 43)","('קשת 12', '2024-11-21', 43)",11,morning,12,2,1.0535714285714286,1.0569249285469924,1.0473021857970313,3.9333333333333336,14
3391,קשת 12,Other_first_long,5.483333333333333,7,5-7,1.0,"('קשת 12', '2024-11-21', 47)","('קשת 12', '2024-11-21', 47)",12,afternoon,22,29,1.1653343419945967,1.1779961340866318,1.1690494745331728,4.433333333333334,0
3393,קשת 12,Other_first_long,6.466666666666667,7,5-7,1.0,"('קשת 12', '2024-11-21', 48)","('קשת 12', '2024-11-21', 48)",12,afternoon,28,20,1.4014739470926558,1.435448216060852,1.3952049729418186,5.733333333333334,5
3394,קשת 12,Other_middle_long,4.8,6,3.5-5,2.0,"('קשת 12', '2024-11-21', 48)","('קשת 12', '2024-11-21', 48)",13,afternoon,20,30,1.2006079027355623,1.1923961727017904,1.195481334727443,5.266666666666667,1
3396,קשת 12,Other_last_short,1.4166666666666667,2,lt1.5,4.0,"('קשת 12', '2024-11-21', 48)","('קשת 12', '2024-11-21', 48)",13,afternoon,28,2,0.8679525222551927,0.8374163683578929,0.8857466315537929,3.9,6
3398,קשת 12,Other_first_long,6.7,8,5-7,1.0,"('קשת 12', '2024-11-21', 53)","('קשת 12', '2024-11-21', 53)",14,afternoon,21,39,0.8106219426974145,0.8030554669955685,0.8029600462377369,3.8666666666666667,1
3400,קשת 12,Other_last_short,1.45,3,lt1.5,1.0,"('קשת 12', '2024-11-21', 54)","('קשת 12', '2024-11-21', 54)",14,afternoon,37,1,1.2922077922077921,1.254068207373044,1.3124371639268693,6.633333333333333,2
3402,קשת 12,News_middle_short,1.3833333333333333,2,lt1.5,1.0,"('קשת 12', '2024-11-21', 56)","('קשת 12', '2024-11-21', 56)",15,afternoon,48,2,1.0821232066131763,1.0303574624760892,1.0787091898985202,6.866666666666667,9
3405,קשת 12,News_last_short,1.1166666666666667,2,lt1.5,4.0,"('קשת 12', '2024-11-21', 56)","('קשת 12', '2024-11-21', 56)",15,afternoon,12,4,1.0255152109911678,1.0170126984821368,1.016575420925582,6.966666666666666,13
3406,קשת 12,Other_first_short,1.15,2,lt1.5,1.0,"('קשת 12', '2024-11-21', 59)","('קשת 12', '2024-11-21', 59)",16,afternoon,4,1,0.9028459273797841,0.8689539467008877,0.9001832308802858,6.133333333333333,3
3409,קשת 12,News_middle_long,4.483333333333333,5,3.5-5,1.0,"('קשת 12', '2024-11-21', 60)","('קשת 12', '2024-11-21', 60)",16,afternoon,28,47,1.121412803532009,1.0964566184105664,1.0949627837660072,8.466666666666667,9
3410,קשת 12,PrimeShow2_middle_long,8.566666666666666,10,7-13,1.0,"('קשת 12', '2024-11-21', 62)","('קשת 12', '2024-11-21', 62)",17,early_evening,47,7,1.032066257344631,1.0174465281484013,1.0346715494543666,10.233333333333333,0
3412,קשת 12,PrimeShow2_last_standard,1.6166666666666667,3,1.5-2.5,3.0,"('קשת 12', '2024-11-21', 62)","('קשת 12', '2024-11-21', 62)",17,early_evening,5,1,0.9125052709436131,0.9161551865020247,0.9212460291119435,8.866666666666667,1
3414,קשת 12,Other_first_standard,2.45,3,1.5-2.5,1.0,"('קשת 12', '2024-11-21', 65)","('קשת 12', '2024-11-21', 65)",17,early_evening,3,23,0.9035549703752468,0.9020429316764432,0.8970085505697709,9.15,8
3415,קשת 12,News_middle_standard,1.9833333333333334,3,1.5-2.5,1.0,"('קשת 12', '2024-11-21', 66)","('קשת 12', '2024-11-21', 66)",18,early_evening,23,2,0.9458297506448842,0.932397158004326,0.9366348095146417,11.0,3
3417,קשת 12,News_last_long,5.333333333333333,6,5-7,3.0,"('קשת 12', '2024-11-21', 66)","('קשת 12', '2024-11-21', 66)",18,early_evening,12,8,1.0025273799494523,0.9740239349214765,0.994259452884629,11.9,10
3419,קשת 12,Other_first_long,7.95,9,7-13,1.0,"('קשת 12', '2024-11-21', 70)","('קשת 12', '2024-11-21', 70)",18,early_evening,5,36,0.9213793103448275,0.8981557717965472,0.8973793139053114,11.133333333333333,14
3422,קשת 12,News_first_long,9.433333333333334,10,7-13,1.0,"('קשת 12', '2024-11-21', 75)","('קשת 12', '2024-11-21', 75)",20,late_evening,4,16,0.9546309078266049,0.9509437504844599,0.9546309078266049,17.333333333333332,8
3423,קשת 12,News_middle_long,8.6,9,7-13,2.0,"('קשת 12', '2024-11-21', 75)","('קשת 12', '2024-11-21', 75)",20,late_evening,16,10,0.8959337378022884,0.8535161291838461,0.8780393395378482,15.133333333333333,3
3424,קשת 12,News_last_long,10.883333333333333,12,7-13,3.0,"('קשת 12', '2024-11-21', 75)","('קשת 12', '2024-11-21', 75)",21,late_evening,10,14,0.8263971462544589,0.7932711400032352,0.816084190351062,13.9,6
3428,קשת 12,Other_middle_long,9.65,10,7-13,1.0,"('קשת 12', '2024-11-21', 84)","('קשת 12', '2024-11-21', 84)",22,late_evening,17,12,0.9678307067232798,0.884251410432753,0.9706942051887099,17.53333333333333,6
3429,קשת 12,Other_first_long,4.983333333333333,6,3.5-5,1.0,"('קשת 12', '2024-11-21', 88)","('קשת 12', '2024-11-21', 88)",23,late_evening,9,1,1.3187463127071186,1.2107427109498132,1.3187463127071186,18.099999999999998,7
3431,קשת 12,News_middle_long,6.716666666666667,8,5-7,1.0,"('קשת 12', '2024-11-21', 90)","('קשת 12', '2024-11-21', 90)",23,late_evening,10,1,0.9496276577067816,0.8940160208344629,0.9496276577067816,7.166666666666667,5
3433,קשת 12,Other_first_long,3.6,5,3.5-5,1.0,"('קשת 12', '2024-11-22', 0)","('קשת 12', '2024-11-22', 0)",0,overnight,27,22,1.0422764991437685,1.0761807463733157,1.0422764991437685,4.766666666666667,11
3435,קשת 12,Other_middle_standard,1.8833333333333333,3,1.5-2.5,1.0,"('קשת 12', '2024-11-22', 1)","('קשת 12', '2024-11-22', 1)",0,overnight,20,12,0.9213522870217999,0.9392679977326704,0.9213522870217999,2.9,7
3436,קשת 12,Other_first_long,3.1,4,2.5-3.5,1.0,"('קשת 12', '2024-11-22', 3)","('קשת 12', '2024-11-22', 3)",1,overnight,12,21,1.1080335922585143,1.10700278613045,1.1080335922585143,2.9,6
3437,קשת 12,Other_middle_short,1.35,3,lt1.5,1.0,"('קשת 12', '2024-11-22', 4)","('קשת 12', '2024-11-22', 4)",1,overnight,21,22,1.6200337731514622,1.6160136761458936,1.6200337731514622,3.466666666666667,0
3438,קשת 12,Other_last_short,0.8333333333333334,2,lt1.5,2.0,"('קשת 12', '2024-11-22', 4)","('קשת 12', '2024-11-22', 4)",1,overnight,22,30,1.4270074776403892,1.3932772682619055,1.4209679021533639,2.6333333333333333,9
3439,קשת 12,PrimeShow1_first_short,0.85,2,lt1.5,1.0,"('קשת 12', '2024-11-22', 10)","('קשת 12', '2024-11-22', 10)",2,overnight,30,79,1.816861208145182,1.8211791980947127,1.8169464087927067,2.9333333333333336,10
3440,קשת 12,Other_last_short,1.3,2,lt1.5,1.0,"('קשת 12', '2024-11-22', 12)","('קשת 12', '2024-11-22', 12)",3,overnight,79,107,1.3556573777893046,1.3889611293141735,1.3556573777893046,1.2,0
3441,קשת 12,News_middle_short,1.4166666666666667,3,lt1.5,1.0,"('קשת 12', '2024-11-22', 17)","('קשת 12', '2024-11-22', 17)",5,overnight,107,10,1.7044370229007633,1.7091751293237027,1.7044370229007633,1.4666666666666668,3
3442,קשת 12,News_last_short,0.3,2,lt1.5,1.0,"('קשת 12', '2024-11-22', 20)","('קשת 12', '2024-11-22', 20)",6,morning,21,58,0.8115878392672068,0.8110501016063658,0.8115878392672068,1.6666666666666667,7
3444,קשת 12,PrimeShow1_first_short,0.3,2,lt1.5,1.0,"('קשת 12', '2024-11-22', 26)","('קשת 12', '2024-11-22', 26)",7,morning,58,15,0.823476138969259,0.8206451785026507,0.8206451785026507,3.5333333333333337,6
3446,קשת 12,PrimeShow1_first_long,5.183333333333334,6,5-7,3.0,"('קשת 12', '2024-11-22', 26)","('קשת 12', '2024-11-22', 26)",7,morning,15,1,1.1261261261261264,1.094474350679717,1.1003408878466814,5.0,7
3449,קשת 12,PrimeShow1_middle_short,0.3,1,lt1.5,6.0,"('קשת 12', '2024-11-22', 26)","('קשת 12', '2024-11-22', 26)",8,morning,10,1,1.3888290401609753,1.3357486552361741,1.3566978243797587,7.099999999999999,7
3451,קשת 12,PrimeShow1_middle_long,6.716666666666667,8,5-7,8.0,"('קשת 12', '2024-11-22', 26)","('קשת 12', '2024-11-22', 26)",8,morning,15,2,1.2650036510333813,1.2547987634938602,1.2584322188235004,6.466666666666666,8
3453,קשת 12,PrimeShow1_middle_long,6.966666666666667,8,5-7,10.0,"('קשת 12', '2024-11-22', 26)","('קשת 12', '2024-11-22', 26)",8,morning,16,9,1.346027577150361,1.3388371921327036,1.331762924372968,6.833333333333333,4
3454,קשת 12,PrimeShow1_last_short,0.2,1,lt1.5,11.0,"('קשת 12', '2024-11-22', 26)","('קשת 12', '2024-11-22', 26)",9,morning,9,18,1.3965649591689768,1.387195506568979,1.3839172750405242,7.0,5
3455,קשת 12,PrimeShow1_last_short,0.2,1,lt1.5,12.0,"('קשת 12', '2024-11-22', 26)","('קשת 12', '2024-11-22', 26)",9,morning,9,18,1.3965649591689768,1.387195506568979,1.3839172750405242,7.0,5
3456,קשת 12,PrimeShow1_last_long,6.633333333333334,7,5-7,13.0,"('קשת 12', '2024-11-22', 26)","('קשת 12', '2024-11-22', 26)",9,morning,18,21,1.3304550549204215,1.3248558547344835,1.328956243253495,6.633333333333333,8
3457,קשת 12,PrimeShow1_last_long,6.816666666666666,8,5-7,14.0,"('קשת 12', '2024-11-22', 26)","('קשת 12', '2024-11-22', 26)",9,morning,21,28,1.1399317406143343,1.1218784200995504,1.1344634630335906,5.566666666666666,5
3458,קשת 12,PrimeShow1_middle_long,4.033333333333333,5,3.5-5,1.0,"('קשת 12', '2024-11-22', 46)","('קשת 12', '2024-11-22', 46)",10,morning,28,11,0.9739718903960511,0.9612274150267665,0.9756083272023695,4.3999999999999995,10
3460,קשת 12,PrimeShow1_middle_long,4.516666666666667,6,3.5-5,3.0,"('קשת 12', '2024-11-22', 46)","('קשת 12', '2024-11-22', 46)",10,morning,10,30,1.0230110978551012,0.9901013303189373,1.0242459660386007,4.5,10
3461,קשת 12,PrimeShow2_first_long,5.133333333333334,6,5-7,1.0,"('קשת 12', '2024-11-22', 51)","('קשת 12', '2024-11-22', 51)",11,morning,30,1,1.1927292580283497,1.151431697637328,1.1886671926787453,4.5,0
3463,קשת 12,Other_first_long,5.616666666666666,7,5-7,1.0,"('קשת 12', '2024-11-22', 53)","('קשת 12', '2024-11-22', 53)",11,morning,20,23,0.7439397512847293,0.7544499671673462,0.7385260678495635,2.766666666666667,12
3464,קשת 12,PrimeShow1_first_long,5.35,6,5-7,1.0,"('קשת 12', '2024-11-22', 56)","('קשת 12', '2024-11-22', 56)",12,afternoon,23,1,0.7020851091731689,0.685615311628979,0.695920909421153,2.8333333333333335,11
3466,קשת 12,Other_middle_long,5.333333333333333,6,5-7,1.0,"('קשת 12', '2024-11-22', 59)","('קשת 12', '2024-11-22', 59)",12,afternoon,29,36,0.6488524152655458,0.6513918850151769,0.6495036163963931,2.6999999999999997,2
3467,קשת 12,News_first_long,3.9833333333333334,5,3.5-5,1.0,"('קשת 12', '2024-11-22', 64)","('קשת 12', '2024-11-22', 64)",13,afternoon,36,9,0.5924502564884809,0.5806465527775742,0.5901317847795066,2.6666666666666665,13
3469,קשת 12,News_middle_short,0.5333333333333333,2,lt1.5,3.0,"('קשת 12', '2024-11-22', 64)","('קשת 12', '2024-11-22', 64)",13,afternoon,7,1,0.4910812351151259,0.4886603585968981,0.48965783842513727,2.233333333333333,11
3471,קשת 12,PrimeShow2_first_long,6.483333333333333,8,5-7,1.0,"('קשת 12', '2024-11-22', 69)","('קשת 12', '2024-11-22', 69)",14,afternoon,18,31,0.5101327742837177,0.5095045292966262,0.5053401255058714,2.433333333333333,3
3473,קשת 12,Other_first_short,0.8333333333333334,2,lt1.5,1.0,"('קשת 12', '2024-11-22', 70)","('קשת 12', '2024-11-22', 70)",14,afternoon,29,1,0.8571428571428571,0.8536965193907906,0.8520141683765706,4.3999999999999995,11
3475,קשת 12,Other_last_short,1.2166666666666666,2,lt1.5,3.0,"('קשת 12', '2024-11-22', 70)","('קשת 12', '2024-11-22', 70)",15,afternoon,46,2,0.6946267319387337,0.7041028262864657,0.6957895705426252,4.3999999999999995,0
3478,קשת 12,Other_last_short,1.1,2,lt1.5,6.0,"('קשת 12', '2024-11-22', 70)","('קשת 12', '2024-11-22', 70)",15,afternoon,7,15,0.7470020286900692,0.7529417103767185,0.7502450576957207,4.766666666666667,0
3479,קשת 12,Other_first_short,1.3166666666666667,3,lt1.5,1.0,"('קשת 12', '2024-11-22', 74)","('קשת 12', '2024-11-22', 74)",16,afternoon,15,1,0.888125613346418,0.8935909684672594,0.8862301258715811,6.033333333333334,1
3482,קשת 12,Other_first_long,5.633333333333334,7,5-7,1.0,"('קשת 12', '2024-11-22', 75)","('קשת 12', '2024-11-22', 75)",16,afternoon,21,48,0.8488278771910917,0.8220579656960361,0.8501347079957072,6.300000000000001,1
3483,קשת 12,Other_last_short,1.2,2,lt1.5,2.0,"('קשת 12', '2024-11-22', 75)","('קשת 12', '2024-11-22', 75)",17,early_evening,48,1,1.0050980628959412,0.985424364915719,1.002198797502184,10.066666666666666,10
3486,קשת 12,Other_last_short,1.35,2,lt1.5,5.0,"('קשת 12', '2024-11-22', 75)","('קשת 12', '2024-11-22', 75)",17,early_evening,11,13,1.0579329636354713,1.0701474124416606,1.0665859966359053,10.266666666666666,0
3490,קשת 12,Other_middle_standard,1.7166666666666666,3,1.5-2.5,1.0,"('קשת 12', '2024-11-22', 80)","('קשת 12', '2024-11-22', 80)",18,early_evening,36,26,1.0193072118114705,1.029569230315942,1.0273956914137599,11.966666666666667,2
3491,קשת 12,Other_middle_long,6.283333333333333,7,5-7,2.0,"('קשת 12', '2024-11-22', 80)","('קשת 12', '2024-11-22', 80)",19,early_evening,26,12,0.927357710147068,0.9159919661376676,0.9272750124103304,11.166666666666666,0
3492,קשת 12,Other_last_short,0.8,1,lt1.5,3.0,"('קשת 12', '2024-11-22', 80)","('קשת 12', '2024-11-22', 80)",19,early_evening,12,12,0.8327754891230109,0.8327714254049962,0.8327714254049962,10.699999999999998,3
3493,קשת 12,Other_first_short,0.6,1,lt1.5,1.0,"('קשת 12', '2024-11-22', 85)","('קשת 12', '2024-11-22', 85)",19,early_evening,6,1,0.8376862842179427,0.9253624599354059,0.8333720891434808,11.333333333333334,7
3495,קשת 12,News_middle_long,6.016666666666667,7,5-7,1.0,"('קשת 12', '2024-11-22', 86)","('קשת 12', '2024-11-22', 86)",20,late_evening,14,12,1.0699910243892352,1.0029778868842885,1.066283362205297,17.733333333333334,10
3496,קשת 12,News_middle_long,5.9,7,5-7,2.0,"('קשת 12', '2024-11-22', 86)","('קשת 12', '2024-11-22', 86)",21,late_evening,12,14,1.0193704190482629,0.9411441745268712,1.0165572356859525,17.000000000000004,13
3497,קשת 12,News_last_long,6.2,7,5-7,3.0,"('קשת 12', '2024-11-22', 86)","('קשת 12', '2024-11-22', 86)",21,late_evening,14,12,0.8411573098294692,0.7812714623522181,0.8008594760672727,14.633333333333333,3
3498,קשת 12,News_last_short,1.1833333333333333,2,lt1.5,4.0,"('קשת 12', '2024-11-22', 86)","('קשת 12', '2024-11-22', 86)",21,late_evening,12,1,0.7127515873024257,0.6761719237300111,0.7127515873024257,13.700000000000001,6
3500,קשת 12,Other_last_long,10.216666666666667,11,7-13,1.0,"('קשת 12', '2024-11-22', 94)","('קשת 12', '2024-11-22', 94)",22,late_evening,19,8,0.7207309883744348,0.6842780487717567,0.7207309883744348,13.366666666666667,4
3501,קשת 12,Other_first_long,7.85,9,7-13,1.0,"('קשת 12', '2024-11-22', 97)","('קשת 12', '2024-11-22', 97)",22,late_evening,8,10,0.7714648279792061,0.6957661133390213,0.7714648279792061,13.300000000000002,7
3502,קשת 12,Other_middle_long,3.55,5,3.5-5,1.0,"('קשת 12', '2024-11-22', 98)","('קשת 12', '2024-11-22', 98)",23,late_evening,10,15,0.4879303312832395,0.4240898151173318,0.4879303312832395,5.866666666666667,10
3503,קשת 12,Other_middle_long,4.35,5,3.5-5,1.0,"('קשת 12', '2024-11-22', 101)","('קשת 12', '2024-11-22', 101)",23,late_evening,22,16,0.7066670931840906,0.6300360194744067,0.7066670931840906,5.0,7
3504,קשת 12,Other_first_long,4.566666666666666,5,3.5-5,1.0,"('קשת 12', '2024-11-23', 0)","('קשת 12', '2024-11-23', 0)",0,overnight,16,1,0.8583712827008548,0.8447635638168559,0.8571975810099716,4.766666666666667,12
3506,קשת 12,Other_first_standard,2.5,4,1.5-2.5,1.0,"('קשת 12', '2024-11-23', 1)","('קשת 12', '2024-11-23', 1)",0,overnight,12,37,0.9433585736268136,1.0290171182673664,0.9433585736268136,4.033333333333332,0
3507,קשת 12,Other_middle_standard,2.966666666666667,4,2.5-3.5,1.0,"('קשת 12', '2024-11-23', 2)","('קשת 12', '2024-11-23', 2)",1,overnight,37,33,0.840072884733506,0.8694074491125434,0.8400913703886377,2.066666666666667,10
3508,קשת 12,Other_last_short,1.1166666666666667,2,lt1.5,1.0,"('קשת 12', '2024-11-23', 4)","('קשת 12', '2024-11-23', 4)",1,overnight,10,17,0.5083353132177081,0.5159991239398539,0.5033667622638881,0.9333333333333335,12
3509,קשת 12,Other_middle_short,1.25,2,lt1.5,1.0,"('קשת 12', '2024-11-23', 7)","('קשת 12', '2024-11-23', 7)",2,overnight,17,11,0.49089205070401265,0.481662279925473,0.4880375529981829,0.8333333333333334,0
3510,קשת 12,Other_last_short,1.2666666666666666,2,lt1.5,2.0,"('קשת 12', '2024-11-23', 7)","('קשת 12', '2024-11-23', 7)",2,overnight,11,46,0.4979295888386798,0.5003754735560779,0.49421104853477366,0.8000000000000002,12
3511,קשת 12,Other_middle_short,1.2333333333333334,2,lt1.5,1.0,"('קשת 12', '2024-11-23', 10)","('קשת 12', '2024-11-23', 10)",3,overnight,46,62,0.7369560103505058,0.7476963580517771,0.7539283531476114,0.8000000000000002,14
3512,קשת 12,Other_first_standard,1.75,3,1.5-2.5,1.0,"('קשת 12', '2024-11-23', 14)","('קשת 12', '2024-11-23', 14)",4,overnight,62,34,0.6475145425700687,0.6408122511888679,0.6408122511888679,0.5333333333333333,2
3513,קשת 12,PrimeShow1_first_short,1.45,2,lt1.5,1.0,"('קשת 12', '2024-11-23', 17)","('קשת 12', '2024-11-23', 17)",4,overnight,34,16,0.47880715961309805,0.48574960596818517,0.4720805401463371,0.4000000000000001,8
3514,קשת 12,PrimeShow1_middle_short,1.2166666666666666,3,lt1.5,2.0,"('קשת 12', '2024-11-23', 17)","('קשת 12', '2024-11-23', 17)",5,overnight,16,15,0.6611570247933884,0.6432632393276602,0.6431292539320682,0.5333333333333333,10
3515,קשת 12,PrimeShow1_middle_standard,1.5,2,lt1.5,3.0,"('קשת 12', '2024-11-23', 17)","('קשת 12', '2024-11-23', 17)",5,overnight,15,62,0.5027952603635596,0.488696890870804,0.5078450367306062,0.4000000000000001,12
3516,קשת 12,News_middle_short,0.3,1,lt1.5,1.0,"('קשת 12', '2024-11-23', 22)","('קשת 12', '2024-11-23', 22)",6,morning,62,1,0.10347793945999255,0.10344069578955435,0.10344069578955435,0.3,0
3518,קשת 12,PrimeShow2_middle_short,0.3,1,lt1.5,1.0,"('קשת 12', '2024-11-23', 24)","('קשת 12', '2024-11-23', 24)",7,morning,42,1,0.08329947112887011,0.0824311500403435,0.08405374500439776,0.3666666666666667,13
3520,קשת 12,News_middle_standard,1.9,3,1.5-2.5,1.0,"('קשת 12', '2024-11-23', 30)","('קשת 12', '2024-11-23', 30)",8,morning,61,1,0.34311333568086927,0.33508724598128786,0.34430977395869683,1.7666666666666666,0
3522,קשת 12,PrimeShow2_first_short,1.0,2,lt1.5,1.0,"('קשת 12', '2024-11-23', 32)","('קשת 12', '2024-11-23', 32)",8,morning,14,52,0.453929539295393,0.5721647289707787,0.4672342293113463,2.2333333333333334,2
3523,קשת 12,PrimeShow1_middle_long,4.333333333333333,5,3.5-5,1.0,"('קשת 12', '2024-11-23', 35)","('קשת 12', '2024-11-23', 35)",9,morning,52,1,0.5724008765198927,0.5756210302808006,0.5707893030892358,2.8333333333333335,10
3525,קשת 12,PrimeShow1_last_long,4.416666666666667,5,3.5-5,3.0,"('קשת 12', '2024-11-23', 35)","('קשת 12', '2024-11-23', 35)",9,morning,16,28,0.5689842683131888,0.5641083348605466,0.5717577946399294,2.7999999999999994,2
3526,קשת 12,PrimeShow2_middle_long,5.583333333333333,6,5-7,1.0,"('קשת 12', '2024-11-23', 40)","('קשת 12', '2024-11-23', 40)",10,morning,28,7,0.6846551126282105,0.693506277435335,0.6837588122714214,3.1333333333333333,4
3528,קשת 12,Other_middle_long,3.8666666666666667,5,3.5-5,1.0,"('קשת 12', '2024-11-23', 42)","('קשת 12', '2024-11-23', 42)",10,morning,6,48,0.6536235385221245,0.6882178488087533,0.6548208505549605,2.9333333333333336,1
3529,קשת 12,PrimeShow1_first_long,5.6,7,5-7,1.0,"('קשת 12', '2024-11-23', 45)","('קשת 12', '2024-11-23', 45)",11,morning,48,17,0.9630963096309632,0.9463067773770862,0.9665373283649097,3.5666666666666664,8
3531,קשת 12,PrimeShow1_last_long,5.433333333333334,6,5-7,3.0,"('קשת 12', '2024-11-23', 45)","('קשת 12', '2024-11-23', 45)",11,morning,15,22,0.5903398926654742,0.5953812323051983,0.5951551624494466,2.2,1
3532,קשת 12,PrimeShow1_first_long,5.916666666666667,7,5-7,1.0,"('קשת 12', '2024-11-23', 49)","('קשת 12', '2024-11-23', 49)",12,afternoon,22,28,0.7567657718612845,0.7416251690547271,0.7559340243261751,3.0666666666666664,13
3534,קשת 12,Other_middle_long,3.683333333333333,4,3.5-5,1.0,"('קשת 12', '2024-11-23', 51)","('קשת 12', '2024-11-23', 51)",12,afternoon,26,14,0.761006240890148,0.7638650474868894,0.7617927733956994,3.1666666666666665,2
3535,קשת 12,PrimeShow2_first_long,4.9,5,3.5-5,1.0,"('קשת 12', '2024-11-23', 55)","('קשת 12', '2024-11-23', 55)",13,afternoon,14,1,0.7978723404255318,0.7714418396994578,0.799308195676501,3.5,4
3537,קשת 12,Other_middle_short,0.8333333333333334,1,lt1.5,1.0,"('קשת 12', '2024-11-23', 56)","('קשת 12', '2024-11-23', 56)",13,afternoon,22,2,0.6528189910979227,0.640695325896245,0.6606209206077661,2.9333333333333336,2
3539,קשת 12,PrimeShow1_first_long,5.8,7,5-7,1.0,"('קשת 12', '2024-11-23', 60)","('קשת 12', '2024-11-23', 60)",14,afternoon,41,23,0.7093196648178798,0.7139840941887529,0.7093196648178798,3.5,1
3541,קשת 12,PrimeShow1_last_long,3.8666666666666667,5,3.5-5,3.0,"('קשת 12', '2024-11-23', 60)","('קשת 12', '2024-11-23', 60)",14,afternoon,22,1,0.6878824351280605,0.6712115560506117,0.6966000787707446,3.533333333333333,0
3543,קשת 12,Other_first_short,1.3,2,lt1.5,1.0,"('קשת 12', '2024-11-23', 63)","('קשת 12', '2024-11-23', 63)",15,afternoon,11,1,0.6379844016323452,0.6353229241034305,0.6371750331926558,3.6,1
3546,קשת 12,Other_first_short,1.05,2,lt1.5,1.0,"('קשת 12', '2024-11-23', 64)","('קשת 12', '2024-11-23', 64)",15,afternoon,11,43,0.5945403069568848,0.5905962804944292,0.5956190687238925,3.5666666666666664,3
3547,קשת 12,Other_first_short,1.1166666666666667,2,lt1.5,1.0,"('קשת 12', '2024-11-23', 66)","('קשת 12', '2024-11-23', 66)",16,afternoon,43,1,0.7262021589793916,0.7245721939802586,0.724584346445972,4.933333333333333,2
3550,קשת 12,Other_first_long,3.566666666666667,5,3.5-5,1.0,"('קשת 12', '2024-11-23', 67)","('קשת 12', '2024-11-23', 67)",16,afternoon,10,34,0.7343440664594315,0.7343397955970697,0.7343397955970697,5.266666666666667,7
3551,קשת 12,Other_first_standard,1.5166666666666666,2,1.5-2.5,1.0,"('קשת 12', '2024-11-23', 69)","('קשת 12', '2024-11-23', 69)",17,early_evening,34,1,0.7944876898014513,0.7851119239931773,0.7944935504733541,6.933333333333334,0
3554,קשת 12,News_last_standard,2.6666666666666665,4,2.5-3.5,1.0,"('קשת 12', '2024-11-23', 70)","('קשת 12', '2024-11-23', 70)",17,early_evening,38,9,1.2109469118006888,1.2046369470884357,1.2181123701279926,11.800000000000002,3
3555,קשת 12,PrimeShow2_first_standard,1.5833333333333333,2,1.5-2.5,1.0,"('קשת 12', '2024-11-23', 72)","('קשת 12', '2024-11-23', 72)",18,early_evening,9,1,1.130959355551872,1.1135403883813382,1.1242634895469015,12.066666666666668,0
3558,קשת 12,News_middle_long,3.3,4,2.5-3.5,1.0,"('קשת 12', '2024-11-23', 73)","('קשת 12', '2024-11-23', 73)",18,early_evening,19,29,1.0473167916907096,1.031556333762649,1.0547543066503546,12.1,13
3559,קשת 12,PrimeShow2_first_long,8.366666666666667,9,7-13,1.0,"('קשת 12', '2024-11-23', 75)","('קשת 12', '2024-11-23', 75)",19,early_evening,29,7,1.1779310344827585,1.1386918668236088,1.143557609639305,14.233333333333334,0
3562,קשת 12,News_first_long,6.85,8,5-7,1.0,"('קשת 12', '2024-11-23', 80)","('קשת 12', '2024-11-23', 80)",20,late_evening,7,13,1.0727376255278067,1.0738690522198608,1.0727376255278067,19.7,6
3563,קשת 12,News_middle_long,7.1,8,7-13,2.0,"('קשת 12', '2024-11-23', 80)","('קשת 12', '2024-11-23', 80)",20,late_evening,13,12,1.2180070022177008,1.176199978384595,1.2165037319951528,20.566666666666666,11
3564,קשת 12,News_last_long,5.533333333333333,7,5-7,3.0,"('קשת 12', '2024-11-23', 80)","('קשת 12', '2024-11-23', 80)",21,late_evening,12,16,1.2392856172790803,1.171834660330977,1.2493580788013492,20.533333333333335,0
3567,קשת 12,Other_middle_long,8.983333333333333,10,7-13,1.0,"('קשת 12', '2024-11-23', 89)","('קשת 12', '2024-11-23', 89)",22,late_evening,12,14,1.424163154955287,1.3275066719697917,1.424163154955287,26.53333333333333,5
3569,קשת 12,Other_first_long,3.85,5,3.5-5,1.0,"('קשת 12', '2024-11-23', 95)","('קשת 12', '2024-11-23', 95)",23,late_evening,12,32,1.0842513935970939,0.9415738235161265,1.0842513935970939,13.033333333333331,10
3570,קשת 12,Other_first_long,6.816666666666666,8,5-7,1.0,"('קשת 12', '2024-11-23', 98)","('קשת 12', '2024-11-23', 98)",23,late_evening,32,21,1.05954269832831,1.0652241241381613,1.05954269832831,8.533333333333333,1
3571,קשת 12,Other_first_standard,1.7,2,1.5-2.5,1.0,"('קשת 12', '2024-11-24', 1)","('קשת 12', '2024-11-24', 1)",0,overnight,9,2,1.0483149418431255,1.06323984103933,1.0483149418431255,4.8999999999999995,9
3574,קשת 12,Other_first_standard,1.9,3,1.5-2.5,1.0,"('קשת 12', '2024-11-24', 3)","('קשת 12', '2024-11-24', 3)",0,overnight,10,1,1.0459214526118654,1.0781027666331593,1.0462595169136275,3.5666666666666664,13
3576,קשת 12,Other_middle_standard,1.7666666666666666,3,1.5-2.5,1.0,"('קשת 12', '2024-11-24', 4)","('קשת 12', '2024-11-24', 4)",1,overnight,26,1,0.9461126120430552,0.9884007378267019,0.945687441975028,2.3,12
3577,קשת 12,Other_first_short,1.05,3,lt1.5,1.0,"('קשת 12', '2024-11-24', 13)","('קשת 12', '2024-11-24', 13)",4,overnight,98,27,0.7277796118997836,0.7451516178906946,0.7252930210107694,0.5666666666666667,6
3578,קשת 12,Other_middle_short,1.2333333333333334,3,lt1.5,2.0,"('קשת 12', '2024-11-24', 13)","('קשת 12', '2024-11-24', 13)",5,overnight,27,18,0.49181973301214493,0.5009142386735749,0.5021154917788585,0.4000000000000001,5
3579,קשת 12,Other_middle_short,1.4666666666666666,3,lt1.5,3.0,"('קשת 12', '2024-11-24', 13)","('קשת 12', '2024-11-24', 13)",5,overnight,18,16,0.37815126050420167,0.3757472946977926,0.3879310344827586,0.3,10
3580,קשת 12,Other_last_standard,1.6333333333333333,3,1.5-2.5,4.0,"('קשת 12', '2024-11-24', 13)","('קשת 12', '2024-11-24', 13)",5,overnight,16,21,0.8462892729866215,0.8540797479197618,0.8435594634666636,0.8666666666666667,13
3581,קשת 12,News_last_short,0.3,2,lt1.5,1.0,"('קשת 12', '2024-11-24', 18)","('קשת 12', '2024-11-24', 18)",6,morning,21,63,0.9710349194381354,0.9710349194381354,0.9710349194381354,1.9333333333333333,6
3583,קשת 12,News_first_short,0.3,1,lt1.5,1.0,"('קשת 12', '2024-11-24', 23)","('קשת 12', '2024-11-24', 23)",7,morning,63,1,1.0284425559895851,1.0771731070146382,1.0110643420347412,4.5,10
3585,קשת 12,News_first_long,5.45,7,5-7,3.0,"('קשת 12', '2024-11-24', 23)","('קשת 12', '2024-11-24', 23)",7,morning,27,11,1.5515318500809299,1.5825447927372387,1.5663660174709386,7.0,8
3586,קשת 12,News_middle_long,4.666666666666667,5,3.5-5,4.0,"('קשת 12', '2024-11-24', 23)","('קשת 12', '2024-11-24', 23)",7,morning,11,10,1.2231311706629053,1.639736466892426,1.2446081610007427,5.8,10
3587,קשת 12,News_middle_short,0.3,1,lt1.5,5.0,"('קשת 12', '2024-11-24', 23)","('קשת 12', '2024-11-24', 23)",8,morning,10,1,1.0790734061098828,1.083921516866815,1.058490224854798,5.533333333333334,9
3589,קשת 12,News_middle_long,6.2,7,5-7,7.0,"('קשת 12', '2024-11-24', 23)","('קשת 12', '2024-11-24', 23)",8,morning,15,17,1.1838283124541862,1.2280880099459335,1.1816056511877633,6.0,10
3590,קשת 12,News_last_long,5.716666666666667,7,5-7,8.0,"('קשת 12', '2024-11-24', 23)","('קשת 12', '2024-11-24', 23)",8,morning,17,14,1.1753118844386077,1.1608212170723806,1.1653528830829745,5.966666666666666,3
3591,קשת 12,News_last_short,0.3,1,lt1.5,9.0,"('קשת 12', '2024-11-24', 23)","('קשת 12', '2024-11-24', 23)",9,morning,14,1,1.0612974340912353,1.0352651106962643,1.0373197675476187,5.366666666666667,8
3593,קשת 12,News_last_long,4.966666666666667,6,3.5-5,11.0,"('קשת 12', '2024-11-24', 23)","('קשת 12', '2024-11-24', 23)",9,morning,15,26,0.9995225678023655,1.0058665262301365,1.0007870274939483,4.966666666666667,9
3594,קשת 12,Other_first_long,4.716666666666667,5,3.5-5,1.0,"('קשת 12', '2024-11-24', 36)","('קשת 12', '2024-11-24', 36)",9,morning,26,18,0.8867562216954279,0.9066712088543998,0.8944833372814003,4.3,10
3595,קשת 12,Other_middle_long,6.033333333333333,7,5-7,2.0,"('קשת 12', '2024-11-24', 36)","('קשת 12', '2024-11-24', 36)",10,morning,18,27,0.8636881466906078,0.8878914515796653,0.865729257658744,3.966666666666667,2
3597,קשת 12,Other_last_short,0.8,1,lt1.5,4.0,"('קשת 12', '2024-11-24', 36)","('קשת 12', '2024-11-24', 36)",10,morning,25,2,0.9338951731982633,0.9182555898495816,0.9302791393760176,4.033333333333333,5
3599,קשת 12,Other_first_long,4.716666666666667,5,3.5-5,1.0,"('קשת 12', '2024-11-24', 40)","('קשת 12', '2024-11-24', 40)",11,morning,18,1,0.8544305212193825,0.8645564799828765,0.8551993161642507,3.2999999999999994,10
3601,קשת 12,Other_last_long,3.4166666666666665,5,2.5-3.5,3.0,"('קשת 12', '2024-11-24', 40)","('קשת 12', '2024-11-24', 40)",11,morning,12,1,0.8581669226830518,0.8673395738448412,0.8574036610115088,3.2000000000000006,13
3603,קשת 12,Other_first_long,4.75,6,3.5-5,1.0,"('קשת 12', '2024-11-24', 44)","('קשת 12', '2024-11-24', 44)",12,afternoon,26,37,1.0689426124019208,1.0803566727938911,1.0722651211256948,4.066666666666666,0
3605,קשת 12,Other_first_long,5.383333333333334,7,5-7,1.0,"('קשת 12', '2024-11-24', 45)","('קשת 12', '2024-11-24', 45)",12,afternoon,36,61,1.2684064244145787,1.1986622443455186,1.2613490973248258,5.266666666666667,12
3606,קשת 12,Other_last_long,4.05,5,3.5-5,2.0,"('קשת 12', '2024-11-24', 45)","('קשת 12', '2024-11-24', 45)",13,afternoon,61,38,1.6258720105581783,1.5505357142857144,1.6116772707053642,7.6000000000000005,4
3608,קשת 12,Other_middle_long,4.3,5,3.5-5,1.0,"('קשת 12', '2024-11-24', 48)","('קשת 12', '2024-11-24', 48)",14,afternoon,37,10,1.3529021922695827,1.3370257726154604,1.3472951057465032,6.866666666666667,1
3610,קשת 12,Other_last_long,4.183333333333334,6,3.5-5,3.0,"('קשת 12', '2024-11-24', 48)","('קשת 12', '2024-11-24', 48)",14,afternoon,9,1,1.4017262711365106,1.3679372174795954,1.4193474569288966,7.2,0
3612,קשת 12,News_middle_standard,1.5666666666666667,3,1.5-2.5,1.0,"('קשת 12', '2024-11-24', 51)","('קשת 12', '2024-11-24', 51)",15,afternoon,36,1,1.397899537193757,1.3666588280590855,1.3879510175945926,8.833333333333334,12
3615,קשת 12,News_last_short,1.1166666666666667,2,lt1.5,4.0,"('קשת 12', '2024-11-24', 51)","('קשת 12', '2024-11-24', 51)",15,afternoon,24,1,1.3199214916584887,1.3207903768464535,1.310670752569605,8.966666666666667,14
3619,קשת 12,News_middle_long,4.033333333333333,5,3.5-5,1.0,"('קשת 12', '2024-11-24', 55)","('קשת 12', '2024-11-24', 55)",16,afternoon,27,45,1.28476821192053,1.255587517010774,1.2660884272471575,9.700000000000001,7
3620,קשת 12,Other_middle_long,7.55,9,7-13,1.0,"('קשת 12', '2024-11-24', 58)","('קשת 12', '2024-11-24', 58)",17,early_evening,45,7,1.1413883571342636,1.1208082487356699,1.1430623749297324,11.4,11
3622,קשת 12,Other_last_short,1.2666666666666666,2,lt1.5,3.0,"('קשת 12', '2024-11-24', 58)","('קשת 12', '2024-11-24', 58)",17,early_evening,6,1,1.1747195178576149,1.1327001350661676,1.173939070120869,11.4,11
3624,קשת 12,Other_first_standard,2.35,4,1.5-2.5,1.0,"('קשת 12', '2024-11-24', 61)","('קשת 12', '2024-11-24', 61)",17,early_evening,7,22,1.0316677822680032,1.0263317149870126,1.0316677822680032,10.333333333333334,7
3625,קשת 12,News_middle_standard,1.6666666666666667,2,1.5-2.5,1.0,"('קשת 12', '2024-11-24', 62)","('קשת 12', '2024-11-24', 62)",18,early_evening,22,2,1.0117512181140729,0.9945803638482502,0.9985285827402143,11.766666666666666,2
3627,קשת 12,News_last_long,4.466666666666667,6,3.5-5,3.0,"('קשת 12', '2024-11-24', 62)","('קשת 12', '2024-11-24', 62)",18,early_evening,17,11,1.2560140687468395,1.2143999300531212,1.2593815678944007,14.800000000000002,13
3628,קשת 12,Other_first_long,7.966666666666667,9,7-13,1.0,"('קשת 12', '2024-11-24', 65)","('קשת 12', '2024-11-24', 65)",18,early_evening,11,42,1.2717241379310344,1.239772668884694,1.2387150796880109,15.366666666666665,14
3632,קשת 12,News_middle_long,6.933333333333334,8,5-7,2.0,"('קשת 12', '2024-11-24', 69)","('קשת 12', '2024-11-24', 69)",20,late_evening,18,13,1.1682678930150427,1.1130115035477968,1.1450078853243948,19.733333333333334,3
3633,קשת 12,News_last_long,6.95,8,5-7,3.0,"('קשת 12', '2024-11-24', 69)","('קשת 12', '2024-11-24', 69)",21,late_evening,13,10,1.2029330162504954,1.1267617025403283,1.1720382614508118,20.233333333333334,8
3634,קשת 12,News_last_short,1.1833333333333333,2,lt1.5,4.0,"('קשת 12', '2024-11-24', 69)","('קשת 12', '2024-11-24', 69)",21,late_evening,10,1,1.1288978116803898,1.108325038431265,1.1288978116803898,19.0,10
3636,קשת 12,Other_middle_long,9.05,10,7-13,1.0,"('קשת 12', '2024-11-24', 77)","('קשת 12', '2024-11-24', 77)",21,late_evening,11,35,1.176370155369643,1.1149901509067142,1.1465025159829416,22.96666666666667,11
3637,קשת 12,Other_first_long,11.7,13,7-13,1.0,"('קשת 12', '2024-11-24', 81)","('קשת 12', '2024-11-24', 81)",22,late_evening,8,8,1.4234404536862002,1.2892180722487696,1.4128707155036768,25.099999999999998,4
3638,קשת 12,Other_first_long,3.933333333333333,5,3.5-5,1.0,"('קשת 12', '2024-11-24', 82)","('קשת 12', '2024-11-24', 82)",23,late_evening,8,1,0.9241313323746482,0.8315311391180348,0.9241313323746482,11.666666666666666,9
3640,קשת 12,Other_middle_long,7.583333333333333,8,7-13,1.0,"('קשת 12', '2024-11-24', 84)","('קשת 12', '2024-11-24', 84)",23,late_evening,7,2,0.9178976951164746,0.8990219337396693,0.9178976951164746,7.099999999999999,4
3642,קשת 12,PrimeShow1_first_short,1.25,2,lt1.5,1.0,"('קשת 12', '2024-11-25', 2)","('קשת 12', '2024-11-25', 2)",0,overnight,10,2,1.0568664874048086,1.0301356077461439,1.0568664874048086,5.433333333333334,1
3645,קשת 12,News_middle_short,0.85,2,lt1.5,1.0,"('קשת 12', '2024-11-25', 4)","('קשת 12', '2024-11-25', 4)",0,overnight,19,1,0.9228416776826814,0.9392176729658893,0.9228030417624801,3.1333333333333333,14
3647,קשת 12,PrimeShow2_first_standard,2.1333333333333333,3,1.5-2.5,1.0,"('קשת 12', '2024-11-25', 6)","('קשת 12', '2024-11-25', 6)",1,overnight,22,2,1.114818520091262,1.1385089961021193,1.114818520091262,2.7999999999999994,8
3649,קשת 12,Other_middle_short,1.1333333333333333,2,lt1.5,1.0,"('קשת 12', '2024-11-25', 19)","('קשת 12', '2024-11-25', 19)",5,overnight,7,33,1.4416502536050189,1.4485159795603877,1.4316286686528141,1.3,5
3650,קשת 12,News_last_short,0.3,1,lt1.5,1.0,"('קשת 12', '2024-11-25', 23)","('קשת 12', '2024-11-25', 23)",6,morning,33,61,1.191889781616238,1.2147833221451483,1.1879976492837385,2.566666666666667,9
3651,קשת 12,News_last_short,0.3,2,lt1.5,2.0,"('קשת 12', '2024-11-25', 23)","('קשת 12', '2024-11-25', 23)",6,morning,33,60,1.191889781616238,1.2147833221451483,1.1879976492837385,2.566666666666667,9
3652,קשת 12,News_first_short,0.3,2,lt1.5,1.0,"('קשת 12', '2024-11-25', 28)","('קשת 12', '2024-11-25', 28)",7,morning,60,12,1.1808527233696176,1.2353500277490126,1.1606518788388314,5.166666666666667,10
3654,קשת 12,News_first_long,4.366666666666666,6,3.5-5,3.0,"('קשת 12', '2024-11-25', 28)","('קשת 12', '2024-11-25', 28)",7,morning,12,1,1.163663663663664,1.1198941270762834,1.1329484332477489,5.166666666666667,8
3656,קשת 12,News_middle_long,4.683333333333334,6,3.5-5,5.0,"('קשת 12', '2024-11-25', 28)","('קשת 12', '2024-11-25', 28)",7,morning,22,13,0.9824465555791625,1.0502190792695476,0.9562794263853758,4.6,7
3657,קשת 12,News_middle_short,0.3,1,lt1.5,6.0,"('קשת 12', '2024-11-25', 28)","('קשת 12', '2024-11-25', 28)",8,morning,13,1,1.1999843191936213,1.2519898846214637,1.1867635072554752,6.166666666666667,10
3659,קשת 12,News_middle_long,6.5,8,5-7,8.0,"('קשת 12', '2024-11-25', 28)","('קשת 12', '2024-11-25', 28)",8,morning,11,1,1.2429516373888527,1.2290976735247086,1.2413915674222336,6.366666666666667,7
3661,קשת 12,News_last_long,6.3,7,5-7,10.0,"('קשת 12', '2024-11-25', 28)","('קשת 12', '2024-11-25', 28)",8,morning,13,18,1.2738017071569272,1.2836308527472855,1.2704921901617408,6.466666666666666,14
3662,קשת 12,News_last_short,0.3,1,lt1.5,11.0,"('קשת 12', '2024-11-25', 28)","('קשת 12', '2024-11-25', 28)",9,morning,18,17,1.2326797897181023,1.2027211653697594,1.2049057467869804,6.233333333333334,8
3663,קשת 12,News_last_short,0.3,2,lt1.5,12.0,"('קשת 12', '2024-11-25', 28)","('קשת 12', '2024-11-25', 28)",9,morning,18,16,1.2326797897181023,1.2027211653697594,1.2049057467869804,6.233333333333334,8
3664,קשת 12,News_last_long,5.1,6,5-7,13.0,"('קשת 12', '2024-11-25', 28)","('קשת 12', '2024-11-25', 28)",9,morning,16,22,1.3333361573668026,1.3415202713390053,1.3297926170959122,6.599999999999999,10
3665,קשת 12,Other_first_long,5.7,6,5-7,1.0,"('קשת 12', '2024-11-25', 42)","('קשת 12', '2024-11-25', 42)",9,morning,22,33,1.031669832014633,1.0142768873653323,1.031669832014633,5.033333333333333,7
3666,קשת 12,Other_middle_long,5.066666666666666,6,5-7,2.0,"('קשת 12', '2024-11-25', 42)","('קשת 12', '2024-11-25', 42)",10,morning,33,18,1.3656801108405727,1.410544138491499,1.3589253608856842,6.133333333333333,0
3668,קשת 12,Other_last_long,3.8333333333333335,4,3.5-5,4.0,"('קשת 12', '2024-11-25', 42)","('קשת 12', '2024-11-25', 42)",10,morning,16,2,1.3586399950394832,1.4514415208359563,1.3604326268555125,5.766666666666667,8
3670,קשת 12,Other_first_long,6.066666666666666,7,5-7,1.0,"('קשת 12', '2024-11-25', 46)","('קשת 12', '2024-11-25', 46)",11,morning,13,10,1.3742444181881686,1.3776658283068433,1.377446990705474,5.3,12
3672,קשת 12,Other_last_short,1.1833333333333333,2,lt1.5,3.0,"('קשת 12', '2024-11-25', 46)","('קשת 12', '2024-11-25', 46)",11,morning,9,2,1.3855606758832562,1.4001477577581742,1.3842965237397633,5.166666666666667,13
3674,קשת 12,Other_first_long,6.85,8,5-7,1.0,"('קשת 12', '2024-11-25', 50)","('קשת 12', '2024-11-25', 50)",12,afternoon,29,1,1.226615126536248,1.239503111928985,1.2302668225272722,4.666666666666667,0
3676,קשת 12,Other_first_standard,1.6,3,1.5-2.5,1.0,"('קשת 12', '2024-11-25', 51)","('קשת 12', '2024-11-25', 51)",12,afternoon,25,26,1.1751905982621433,1.2004151431492247,1.1663678347439421,4.8,4
3677,קשת 12,Other_middle_long,3.6333333333333333,5,3.5-5,2.0,"('קשת 12', '2024-11-25', 51)","('קשת 12', '2024-11-25', 51)",13,afternoon,26,32,0.9498480243161094,0.9380495664423724,0.9457618753475138,4.166666666666667,2
3679,קשת 12,Other_last_short,1.4666666666666666,2,lt1.5,4.0,"('קשת 12', '2024-11-25', 51)","('קשת 12', '2024-11-25', 51)",13,afternoon,31,2,0.9995536867313645,0.9675511572496048,1.007219551753648,4.500000000000001,8
3681,קשת 12,Other_first_long,7.15,8,7-13,1.0,"('קשת 12', '2024-11-25', 55)","('קשת 12', '2024-11-25', 55)",14,afternoon,23,28,0.979488446079253,0.9736169543485994,0.969769828974691,4.666666666666667,5
3683,קשת 12,Other_last_short,1.1,2,lt1.5,3.0,"('קשת 12', '2024-11-25', 55)","('קשת 12', '2024-11-25', 55)",14,afternoon,26,1,0.9155844155844156,0.901687195937368,0.9112206900467997,4.7,10
3685,קשת 12,News_middle_standard,1.55,2,1.5-2.5,1.0,"('קשת 12', '2024-11-25', 58)","('קשת 12', '2024-11-25', 58)",15,afternoon,54,2,0.9931686810299526,1.0106456043109209,0.9963138356244751,6.3,6
3688,קשת 12,News_last_short,1.0166666666666666,3,lt1.5,4.0,"('קשת 12', '2024-11-25', 58)","('קשת 12', '2024-11-25', 58)",15,afternoon,12,5,0.8478774612514258,0.8613948796494392,0.8477590043710981,5.699999999999999,10
3689,קשת 12,Other_first_long,7.466666666666667,9,7-13,1.0,"('קשת 12', '2024-11-25', 61)","('קשת 12', '2024-11-25', 61)",16,afternoon,5,32,0.9715407262021588,0.9693908230578304,0.9693261508877642,6.599999999999999,2
3691,קשת 12,News_last_short,1.3,2,lt1.5,1.0,"('קשת 12', '2024-11-25', 62)","('קשת 12', '2024-11-25', 62)",16,afternoon,30,1,0.9399765890790553,0.9734675732511556,0.9447085285539799,7.166666666666667,12
3693,קשת 12,PrimeShow2_middle_long,8.533333333333333,10,7-13,1.0,"('קשת 12', '2024-11-25', 64)","('קשת 12', '2024-11-25', 64)",17,early_evening,39,11,0.9797409498505479,0.9579390677017298,0.9743751814624272,9.833333333333334,9
3695,קשת 12,PrimeShow2_last_short,0.5166666666666667,1,lt1.5,3.0,"('קשת 12', '2024-11-25', 64)","('קשת 12', '2024-11-25', 64)",17,early_evening,9,1,0.8965991068361386,0.9061236839953418,0.9038688857980426,8.7,14
3697,קשת 12,Other_first_standard,2.2666666666666666,4,1.5-2.5,1.0,"('קשת 12', '2024-11-25', 67)","('קשת 12', '2024-11-25', 67)",17,early_evening,6,21,0.8820310542174358,0.8773592197169161,0.8820310542174358,8.833333333333334,7
3698,קשת 12,News_first_short,1.4833333333333334,2,lt1.5,1.0,"('קשת 12', '2024-11-25', 68)","('קשת 12', '2024-11-25', 68)",18,early_evening,21,2,0.9687589567211236,0.951406037404627,0.9529915132888501,11.266666666666667,1
3700,קשת 12,News_middle_long,5.216666666666667,6,5-7,3.0,"('קשת 12', '2024-11-25', 68)","('קשת 12', '2024-11-25', 68)",18,early_evening,10,1,1.053852707265192,1.0377817891039298,1.0448569111368038,12.5,5
3702,קשת 12,Other_first_long,9.183333333333334,10,7-13,1.0,"('קשת 12', '2024-11-25', 72)","('קשת 12', '2024-11-25', 72)",18,early_evening,9,33,0.8689655172413793,0.8471283879870009,0.8464054789158504,10.500000000000002,14
3706,קשת 12,News_middle_long,7.05,8,7-13,2.0,"('קשת 12', '2024-11-25', 77)","('קשת 12', '2024-11-25', 77)",20,late_evening,15,11,1.1059629331184528,1.0387322693471095,1.1098423348230981,18.3,14
3707,קשת 12,News_last_long,7.716666666666667,8,7-13,3.0,"('קשת 12', '2024-11-25', 77)","('קשת 12', '2024-11-25', 77)",21,late_evening,11,14,1.0774272839000407,0.9999662423924919,1.1006896389408498,17.53333333333333,2
3710,קשת 12,Other_first_long,8.983333333333333,10,7-13,1.0,"('קשת 12', '2024-11-25', 87)","('קשת 12', '2024-11-25', 87)",22,late_evening,38,24,1.0207059819485507,0.9610663893376358,1.0208250976227895,19.5,0
3711,קשת 12,Other_first_long,3.0833333333333335,4,2.5-3.5,1.0,"('קשת 12', '2024-11-25', 89)","('קשת 12', '2024-11-25', 89)",23,late_evening,24,2,0.6552796768146399,0.6459872551684228,0.6552796768146399,9.833333333333334,3
3713,קשת 12,Other_first_long,5.033333333333333,6,5-7,1.0,"('קשת 12', '2024-11-25', 92)","('קשת 12', '2024-11-25', 92)",23,late_evening,6,1,0.8665543127880372,0.8483908186691803,0.8665543127880372,6.7,4
3715,קשת 12,Other_first_short,0.9833333333333333,2,lt1.5,1.0,"('קשת 12', '2024-11-26', 1)","('קשת 12', '2024-11-26', 1)",0,overnight,13,2,0.5548392747774242,0.5880918685072132,0.5548392747774242,2.5,12
3718,קשת 12,Other_middle_short,0.8833333333333333,2,lt1.5,1.0,"('קשת 12', '2024-11-26', 2)","('קשת 12', '2024-11-26', 2)",0,overnight,11,1,0.6545954362380065,0.653904750358651,0.6545954362380065,2.1666666666666665,3
3720,קשת 12,Other_middle_short,1.4166666666666667,3,lt1.5,1.0,"('קשת 12', '2024-11-26', 4)","('קשת 12', '2024-11-26', 4)",1,overnight,38,1,0.8367821273665704,0.8380053008129226,0.8346815192958131,1.8333333333333333,14
3721,קשת 12,Other_middle_short,1.1333333333333333,2,lt1.5,1.0,"('קשת 12', '2024-11-26', 10)","('קשת 12', '2024-11-26', 10)",3,overnight,100,160,0.641549190721265,0.6449121109498468,0.6489250356944788,0.6999999999999998,12
3722,קשת 12,News_last_short,0.3,1,lt1.5,1.0,"('קשת 12', '2024-11-26', 17)","('קשת 12', '2024-11-26', 17)",6,morning,15,59,1.1929463837407683,1.2127296685810895,1.1894712655867512,2.566666666666667,9
3723,קשת 12,News_last_short,0.3,2,lt1.5,2.0,"('קשת 12', '2024-11-26', 17)","('קשת 12', '2024-11-26', 17)",6,morning,15,58,1.1929463837407683,1.2127296685810895,1.1894712655867512,2.566666666666667,9
3724,קשת 12,News_first_short,0.3,2,lt1.5,1.0,"('קשת 12', '2024-11-26', 22)","('קשת 12', '2024-11-26', 22)",7,morning,59,17,1.3171652610944875,1.2967534977867465,1.2950781306553214,5.733333333333334,8
3726,קשת 12,News_first_long,4.7,5,3.5-5,3.0,"('קשת 12', '2024-11-26', 22)","('קשת 12', '2024-11-26', 22)",7,morning,17,6,1.2744887744887745,1.5470829570981304,1.2774551256384166,5.633333333333333,11
3727,קשת 12,News_first_short,0.3,1,lt1.5,4.0,"('קשת 12', '2024-11-26', 22)","('קשת 12', '2024-11-26', 22)",7,morning,6,1,1.1821780235194899,1.194797219870686,1.1786982790180092,5.266666666666667,6
3729,קשת 12,News_middle_long,5.75,7,5-7,6.0,"('קשת 12', '2024-11-26', 22)","('קשת 12', '2024-11-26', 22)",7,morning,12,10,1.1198288159771757,1.0993001037435974,1.089749815799383,5.233333333333333,5
3730,קשת 12,News_middle_short,0.3,2,lt1.5,7.0,"('קשת 12', '2024-11-26', 22)","('קשת 12', '2024-11-26', 22)",8,morning,10,17,1.0652392765972747,1.0327659451096736,1.0462017032987194,5.433333333333333,6
3732,קשת 12,News_middle_long,6.033333333333333,7,5-7,9.0,"('קשת 12', '2024-11-26', 22)","('קשת 12', '2024-11-26', 22)",8,morning,17,2,0.9150741245691321,0.9283629909859418,0.9119527019817538,4.666666666666667,9
3734,קשת 12,News_last_long,6.766666666666667,7,5-7,11.0,"('קשת 12', '2024-11-26', 22)","('קשת 12', '2024-11-26', 22)",8,morning,16,13,0.8207485226526591,0.8161298243975962,0.812070139450368,4.166666666666666,4
3735,קשת 12,News_last_short,0.3,1,lt1.5,12.0,"('קשת 12', '2024-11-26', 22)","('קשת 12', '2024-11-26', 22)",9,morning,13,10,0.9030903090309031,0.8812558126525492,0.8827610835936172,4.566666666666666,8
3736,קשת 12,News_last_short,0.3,2,lt1.5,13.0,"('קשת 12', '2024-11-26', 22)","('קשת 12', '2024-11-26', 22)",9,morning,13,9,0.9030903090309031,0.8812558126525492,0.8827610835936172,4.566666666666666,8
3737,קשת 12,News_last_long,6.083333333333333,7,5-7,14.0,"('קשת 12', '2024-11-26', 22)","('קשת 12', '2024-11-26', 22)",9,morning,9,26,0.9505902311444122,0.9346767086554696,0.9471980372219845,4.766666666666667,3
3738,קשת 12,Other_first_long,6.283333333333333,7,5-7,1.0,"('קשת 12', '2024-11-26', 37)","('קשת 12', '2024-11-26', 37)",9,morning,26,23,0.9215017064846416,0.9071139870468933,0.9170041654288293,4.5,5
3739,קשת 12,Other_middle_long,5.033333333333333,6,5-7,2.0,"('קשת 12', '2024-11-26', 37)","('קשת 12', '2024-11-26', 37)",10,morning,23,21,0.9322780348668852,0.9445496627133698,0.9311184222378978,4.266666666666667,4
3741,קשת 12,Other_last_long,5.15,6,5-7,4.0,"('קשת 12', '2024-11-26', 37)","('קשת 12', '2024-11-26', 37)",10,morning,19,2,0.7212361319602504,0.7172308080327426,0.7210090891102552,3.1333333333333333,0
3743,קשת 12,PrimeShow1_first_long,4.6,6,3.5-5,1.0,"('קשת 12', '2024-11-26', 42)","('קשת 12', '2024-11-26', 42)",11,morning,22,13,0.7066769813403075,0.6820870887578354,0.7042397421305445,2.6666666666666665,0
3745,קשת 12,PrimeShow1_last_standard,1.5833333333333333,3,1.5-2.5,3.0,"('קשת 12', '2024-11-26', 42)","('קשת 12', '2024-11-26', 42)",11,morning,12,1,0.6678539626001782,0.5919723156194165,0.6594421602757093,2.5,3
3747,קשת 12,Other_first_long,4.866666666666666,6,3.5-5,1.0,"('קשת 12', '2024-11-26', 46)","('קשת 12', '2024-11-26', 46)",12,afternoon,23,41,0.7710185172371906,0.7793841558832352,0.7733999293919784,2.9333333333333336,0
3749,קשת 12,Other_middle_standard,1.5333333333333334,2,1.5-2.5,1.0,"('קשת 12', '2024-11-26', 47)","('קשת 12', '2024-11-26', 47)",12,afternoon,39,13,0.8976736475232867,0.882757707441027,0.8981783470038703,3.733333333333333,1
3750,קשת 12,Other_middle_long,4.533333333333333,5,3.5-5,2.0,"('קשת 12', '2024-11-26', 47)","('קשת 12', '2024-11-26', 47)",13,afternoon,13,1,0.7764575849682233,0.7719281221079619,0.7725322872938315,3.4,0
3752,קשת 12,Other_last_standard,1.5833333333333333,2,1.5-2.5,4.0,"('קשת 12', '2024-11-26', 47)","('קשת 12', '2024-11-26', 47)",13,afternoon,44,2,1.0762705848409706,1.0487334718833772,1.0726144075207646,5.033333333333333,5
3754,קשת 12,Other_first_long,5.783333333333333,7,5-7,1.0,"('קשת 12', '2024-11-26', 51)","('קשת 12', '2024-11-26', 51)",14,afternoon,7,1,0.8944793850454228,0.8860975975476593,0.8859950202329903,4.266666666666667,1
3756,קשת 12,Other_middle_standard,1.5833333333333333,3,1.5-2.5,1.0,"('קשת 12', '2024-11-26', 52)","('קשת 12', '2024-11-26', 52)",14,afternoon,26,1,0.8484036008440962,0.8611341544414527,0.8531455163483788,4.333333333333333,5
3758,קשת 12,News_middle_standard,1.6166666666666667,2,1.5-2.5,1.0,"('קשת 12', '2024-11-26', 55)","('קשת 12', '2024-11-26', 55)",15,afternoon,59,2,0.9721492380451918,0.9730112444745896,0.972555276341832,6.166666666666667,7
3761,קשת 12,News_last_short,1.3166666666666667,3,lt1.5,4.0,"('קשת 12', '2024-11-26', 55)","('קשת 12', '2024-11-26', 55)",15,afternoon,10,5,1.0807511303129733,1.0982613983142444,1.080931254286704,7.266666666666667,10
3762,קשת 12,Other_first_short,1.25,3,lt1.5,1.0,"('קשת 12', '2024-11-26', 58)","('קשת 12', '2024-11-26', 58)",16,afternoon,5,1,1.1629048086359175,1.160551094357654,1.1602421118358066,7.8999999999999995,2
3765,קשת 12,News_last_long,5.05,6,5-7,1.0,"('קשת 12', '2024-11-26', 59)","('קשת 12', '2024-11-26', 59)",16,afternoon,34,41,1.0535687867252401,1.0950379820567464,1.0765231499872943,8.1,14
3766,קשת 12,PrimeShow2_middle_long,8.516666666666667,10,7-13,1.0,"('קשת 12', '2024-11-26', 61)","('קשת 12', '2024-11-26', 61)",17,early_evening,41,6,1.149722499390183,1.133431067229575,1.1526622750187123,11.4,0
3768,קשת 12,PrimeShow2_last_short,1.0166666666666666,2,lt1.5,3.0,"('קשת 12', '2024-11-26', 61)","('קשת 12', '2024-11-26', 61)",17,early_evening,5,2,1.0613670295695372,1.0734244468311596,1.0700390593451983,10.299999999999999,0
3770,קשת 12,Other_first_standard,2.283333333333333,4,1.5-2.5,1.0,"('קשת 12', '2024-11-26', 64)","('קשת 12', '2024-11-26', 64)",17,early_evening,4,26,0.9985621342937092,0.9932436003326354,0.9985621342937092,10.0,7
3771,קשת 12,News_middle_standard,1.7166666666666666,3,1.5-2.5,1.0,"('קשת 12', '2024-11-26', 65)","('קשת 12', '2024-11-26', 65)",18,early_evening,26,1,1.0886675905165308,1.0741220833324083,1.089512178564622,12.633333333333333,6
3773,קשת 12,News_last_long,4.883333333333334,6,3.5-5,3.0,"('קשת 12', '2024-11-26', 65)","('קשת 12', '2024-11-26', 65)",18,early_evening,9,1,1.0783487784330243,1.0446995212008285,1.070555351150851,12.799999999999999,9
3775,קשת 12,Other_first_long,8.716666666666667,10,7-13,1.0,"('קשת 12', '2024-11-26', 69)","('קשת 12', '2024-11-26', 69)",18,early_evening,9,30,1.0675862068965516,1.0407607965774204,1.039883934648525,12.9,14
3779,קשת 12,Other_first_long,8.616666666666667,9,7-13,1.0,"('קשת 12', '2024-11-26', 77)","('קשת 12', '2024-11-26', 77)",20,late_evening,17,16,1.21071716357776,1.1166042842483057,1.2141639109750046,20.03333333333333,12
3780,קשת 12,Other_middle_long,8.05,9,7-13,2.0,"('קשת 12', '2024-11-26', 77)","('קשת 12', '2024-11-26', 77)",21,late_evening,16,10,1.1941827120032775,1.1587259264446252,1.2109452624557688,19.433333333333334,6
3781,קשת 12,Other_middle_long,8.316666666666666,9,7-13,3.0,"('קשת 12', '2024-11-26', 77)","('קשת 12', '2024-11-26', 77)",21,late_evening,10,21,1.0895696006203954,0.9546184438254839,1.125766228203546,18.733333333333334,9
3784,קשת 12,Other_middle_long,9.633333333333333,11,7-13,1.0,"('קשת 12', '2024-11-26', 84)","('קשת 12', '2024-11-26', 84)",22,late_evening,13,32,1.3774522317400908,1.2675721362830246,1.3682066589811974,24.46666666666667,13
3787,קשת 12,Other_first_long,5.966666666666667,7,5-7,1.0,"('קשת 12', '2024-11-26', 90)","('קשת 12', '2024-11-26', 90)",23,late_evening,19,2,1.5275837543304196,1.4397818987590314,1.5275837543304196,11.533333333333333,5
3789,קשת 12,Other_first_short,1.3,3,lt1.5,1.0,"('קשת 12', '2024-11-27', 1)","('קשת 12', '2024-11-27', 1)",0,overnight,17,1,1.6078262329028696,1.7432064713568083,1.6078262329028696,7.0,14
3792,קשת 12,Other_first_short,0.9,2,lt1.5,1.0,"('קשת 12', '2024-11-27', 2)","('קשת 12', '2024-11-27', 2)",0,overnight,17,1,1.3524854079604103,1.3653256238408125,1.3524854079604103,4.033333333333333,10
3794,קשת 12,Other_middle_standard,1.65,2,1.5-2.5,1.0,"('קשת 12', '2024-11-27', 4)","('קשת 12', '2024-11-27', 4)",1,overnight,40,2,1.1571629755697048,1.139759134024445,1.156547890474019,2.3333333333333335,7
3796,קשת 12,Other_last_short,0.9166666666666666,2,lt1.5,1.0,"('קשת 12', '2024-11-27', 9)","('קשת 12', '2024-11-27', 9)",3,overnight,79,97,1.9889807162534439,1.9781982152840463,1.9867088535819188,1.6000000000000003,7
3797,קשת 12,Other_middle_short,0.85,1,lt1.5,1.0,"('קשת 12', '2024-11-27', 16)","('קשת 12', '2024-11-27', 16)",5,overnight,97,15,1.2102449724404856,1.218214335319378,1.2102449724404856,1.0,0
3798,קשת 12,Other_last_short,1.15,2,lt1.5,2.0,"('קשת 12', '2024-11-27', 16)","('קשת 12', '2024-11-27', 16)",5,overnight,15,24,1.268871215630521,1.2731973995271866,1.2680649347020887,1.3333333333333333,0
3799,קשת 12,News_last_short,0.3,1,lt1.5,1.0,"('קשת 12', '2024-11-27', 19)","('קשת 12', '2024-11-27', 19)",6,morning,24,1,1.1957346496063026,1.2903742416369897,1.1927274786602005,2.6,10
3801,קשת 12,News_first_short,0.3,1,lt1.5,1.0,"('קשת 12', '2024-11-27', 25)","('קשת 12', '2024-11-27', 25)",7,morning,55,1,1.0333886500660023,1.0299455900390464,1.0299455900390464,4.433333333333334,6
3803,קשת 12,News_first_long,6.233333333333333,7,5-7,3.0,"('קשת 12', '2024-11-27', 25)","('קשת 12', '2024-11-27', 25)",7,morning,23,1,1.2244897959183674,2.2421398433354107,1.2762949537023769,5.400000000000001,0
3805,קשת 12,News_middle_short,0.3,1,lt1.5,5.0,"('קשת 12', '2024-11-27', 25)","('קשת 12', '2024-11-27', 25)",8,morning,10,19,1.1801645025508307,1.1351588413486466,1.1528624827857563,6.033333333333334,7
3806,קשת 12,News_middle_short,0.3,2,lt1.5,6.0,"('קשת 12', '2024-11-27', 25)","('קשת 12', '2024-11-27', 25)",8,morning,10,18,1.1801645025508307,1.1351588413486466,1.1528624827857563,6.033333333333334,7
3807,קשת 12,News_middle_long,6.266666666666667,7,5-7,7.0,"('קשת 12', '2024-11-27', 25)","('קשת 12', '2024-11-27', 25)",8,morning,19,1,0.932373762567535,1.0262081128747795,0.932373762567535,4.7,11
3809,קשת 12,News_last_long,5.916666666666667,7,5-7,9.0,"('קשת 12', '2024-11-27', 25)","('קשת 12', '2024-11-27', 25)",8,morning,15,11,0.9671518443314359,1.0280038223506167,0.9603557048146274,4.8999999999999995,5
3810,קשת 12,News_last_short,0.3,1,lt1.5,10.0,"('קשת 12', '2024-11-27', 25)","('קשת 12', '2024-11-27', 25)",9,morning,11,18,1.031375216100261,1.0085169931268336,1.0086098745895384,5.2,7
3811,קשת 12,News_last_short,0.3,2,lt1.5,11.0,"('קשת 12', '2024-11-27', 25)","('קשת 12', '2024-11-27', 25)",9,morning,11,17,1.031375216100261,1.0085169931268336,1.0086098745895384,5.2,7
3812,קשת 12,News_last_long,5.933333333333334,6,5-7,12.0,"('קשת 12', '2024-11-27', 25)","('קשת 12', '2024-11-27', 25)",9,morning,17,24,1.1111361532360429,1.1180384315052627,1.108102231350382,5.5,10
3813,קשת 12,Other_first_long,5.516666666666667,6,5-7,1.0,"('קשת 12', '2024-11-27', 39)","('קשת 12', '2024-11-27', 39)",9,morning,24,21,1.090949994750299,1.09506526872429,1.0948848398250304,5.3,9
3814,קשת 12,Other_middle_long,8.55,10,7-13,2.0,"('קשת 12', '2024-11-27', 39)","('קשת 12', '2024-11-27', 39)",10,morning,21,25,1.0232372123464097,1.0188216696230705,1.020804122322079,4.666666666666667,5
3816,קשת 12,Other_last_short,1.3,2,lt1.5,4.0,"('קשת 12', '2024-11-27', 39)","('קשת 12', '2024-11-27', 39)",10,morning,24,2,0.9621400916045714,1.0139663444957199,0.9671985427089534,4.066666666666666,9
3818,קשת 12,Other_first_long,6.0,7,5-7,1.0,"('קשת 12', '2024-11-27', 43)","('קשת 12', '2024-11-27', 43)",11,morning,15,10,0.81246881133186,0.813517176286708,0.8141688771557729,3.1333333333333333,12
3820,קשת 12,Other_last_short,1.2666666666666666,3,lt1.5,3.0,"('קשת 12', '2024-11-27', 43)","('קשת 12', '2024-11-27', 43)",11,morning,9,1,0.9029057859703021,0.913029794113351,0.9020546682752612,3.3666666666666667,13
3821,קשת 12,Other_first_long,6.366666666666666,7,5-7,1.0,"('קשת 12', '2024-11-27', 47)","('קשת 12', '2024-11-27', 47)",12,afternoon,29,1,0.9287679110409969,0.9389568123701358,0.9317703688719848,3.533333333333333,0
3823,קשת 12,Other_first_short,1.45,2,lt1.5,1.0,"('קשת 12', '2024-11-27', 48)","('קשת 12', '2024-11-27', 48)",12,afternoon,34,20,1.0195521460340158,0.9637894573912024,1.013970156749853,4.233333333333333,12
3824,קשת 12,Other_middle_long,4.933333333333334,6,3.5-5,2.0,"('קשת 12', '2024-11-27', 48)","('קשת 12', '2024-11-27', 48)",13,afternoon,20,1,0.851063829787234,0.8390583793312895,0.8508369979616984,3.733333333333333,3
3826,קשת 12,Other_last_standard,1.5666666666666667,2,1.5-2.5,4.0,"('קשת 12', '2024-11-27', 48)","('קשת 12', '2024-11-27', 48)",13,afternoon,24,2,0.8679525222551927,0.831441971874017,0.8774833196593876,3.9,4
3828,קשת 12,Other_first_long,6.516666666666667,7,5-7,1.0,"('קשת 12', '2024-11-27', 52)","('קשת 12', '2024-11-27', 52)",14,afternoon,25,1,1.0761705101327745,1.0575683272690706,1.0631189941436567,5.133333333333333,2
3830,קשת 12,Other_last_standard,1.5666666666666667,3,1.5-2.5,1.0,"('קשת 12', '2024-11-27', 53)","('קשת 12', '2024-11-27', 53)",14,afternoon,35,1,1.0317857774111825,1.0079716236034948,1.0443426746461864,5.3,0
3832,קשת 12,News_middle_standard,1.7,3,1.5-2.5,1.0,"('קשת 12', '2024-11-27', 55)","('קשת 12', '2024-11-27', 55)",15,afternoon,41,1,1.0156049163801952,1.029644927058244,1.0174044767535964,6.433333333333334,0
3835,קשת 12,News_last_short,1.3166666666666667,3,lt1.5,4.0,"('קשת 12', '2024-11-27', 55)","('קשת 12', '2024-11-27', 55)",15,afternoon,17,4,1.010235327749692,1.0164034003513491,1.0125659454086704,6.833333333333333,11
3836,קשת 12,Other_first_long,8.266666666666667,9,7-13,1.0,"('קשת 12', '2024-11-27', 58)","('קשת 12', '2024-11-27', 58)",16,afternoon,4,1,0.9371933267909714,0.9347533392619335,0.9350769066384531,6.366666666666667,2
3838,קשת 12,News_middle_short,0.7166666666666667,2,lt1.5,1.0,"('קשת 12', '2024-11-27', 59)","('קשת 12', '2024-11-27', 59)",16,afternoon,27,1,0.9889624724061811,0.9672916205198242,0.9657004383223521,7.466666666666666,9
3840,קשת 12,PrimeShow2_middle_long,8.333333333333334,10,7-13,1.0,"('קשת 12', '2024-11-27', 61)","('קשת 12', '2024-11-27', 61)",17,early_evening,44,7,1.1613996526158932,1.1404934796661286,1.163069261309786,11.6,11
3842,קשת 12,PrimeShow2_last_standard,1.5666666666666667,3,1.5-2.5,3.0,"('קשת 12', '2024-11-27', 61)","('קשת 12', '2024-11-27', 61)",17,early_evening,5,1,1.1095843352799724,1.0759321578296468,1.1120725942389178,10.766666666666666,12
3844,קשת 12,Other_first_standard,2.283333333333333,4,1.5-2.5,1.0,"('קשת 12', '2024-11-27', 64)","('קשת 12', '2024-11-27', 64)",17,early_evening,7,18,1.0186115342230098,1.0131458662433863,1.0186115342230098,10.200000000000001,7
3845,קשת 12,News_first_standard,1.6666666666666667,3,1.5-2.5,1.0,"('קשת 12', '2024-11-27', 65)","('קשת 12', '2024-11-27', 65)",18,early_evening,18,1,1.1238819651375567,1.1145876453227164,1.1227109378272344,12.933333333333332,13
3847,קשת 12,News_last_long,5.516666666666667,6,5-7,3.0,"('קשת 12', '2024-11-27', 65)","('קשת 12', '2024-11-27', 65)",18,early_evening,18,1,1.2580735748385286,1.2151308412307296,1.2492689553224912,14.933333333333332,11
3849,קשת 12,Other_first_long,9.95,11,7-13,1.0,"('קשת 12', '2024-11-27', 69)","('קשת 12', '2024-11-27', 69)",18,early_evening,8,35,1.0206896551724138,0.9951916762412681,0.9943616695299472,12.333333333333334,14
3850,קשת 12,Other_first_short,0.2,2,lt1.5,1.0,"('קשת 12', '2024-11-27', 73)","('קשת 12', '2024-11-27', 73)",19,early_evening,5,30,1.057742060791665,1.0477865810357752,1.0520894576080095,14.233333333333334,5
3853,קשת 12,News_middle_long,8.433333333333334,9,7-13,2.0,"('קשת 12', '2024-11-27', 74)","('קשת 12', '2024-11-27', 74)",20,late_evening,16,13,0.9926382952602598,0.9458121871263788,0.9730694178866192,16.766666666666666,3
3854,קשת 12,News_last_long,7.733333333333333,8,7-13,3.0,"('קשת 12', '2024-11-27', 74)","('קשת 12', '2024-11-27', 74)",21,late_evening,13,12,0.89179548156956,0.835143592962302,0.8682893901507506,15.0,9
3855,קשת 12,News_last_short,1.05,2,lt1.5,4.0,"('קשת 12', '2024-11-27', 74)","('קשת 12', '2024-11-27', 74)",21,late_evening,12,1,0.9668994207555236,0.9507089060268606,0.9646418263138857,16.8,13
3858,קשת 12,Other_first_long,9.466666666666667,11,7-13,1.0,"('קשת 12', '2024-11-27', 83)","('קשת 12', '2024-11-27', 83)",21,late_evening,13,28,1.2190541232712995,1.1455616421166244,1.2085162213652463,23.8,9
3859,קשת 12,Other_middle_long,4.766666666666667,6,3.5-5,1.0,"('קשת 12', '2024-11-27', 87)","('קשת 12', '2024-11-27', 87)",23,late_evening,18,1,0.8433458575229649,0.8292812886126883,0.8433458575229649,12.1,5
3861,קשת 12,Other_middle_long,5.233333333333333,6,5-7,1.0,"('קשת 12', '2024-11-27', 89)","('קשת 12', '2024-11-27', 89)",23,late_evening,12,2,0.8375619288681699,0.8533080486682647,0.8375619288681699,6.966666666666666,14
3863,קשת 12,Other_first_standard,1.5666666666666667,3,1.5-2.5,1.0,"('קשת 12', '2024-11-28', 1)","('קשת 12', '2024-11-28', 1)",0,overnight,15,1,0.752820053621219,0.766094750487165,0.752820053621219,3.466666666666667,10
3866,קשת 12,Other_first_short,1.0,2,lt1.5,1.0,"('קשת 12', '2024-11-28', 3)","('קשת 12', '2024-11-28', 3)",0,overnight,9,1,1.0111445273979598,1.030243553491532,1.0111348684179096,3.4333333333333336,14
3868,קשת 12,Other_middle_long,3.183333333333333,5,2.5-3.5,1.0,"('קשת 12', '2024-11-28', 5)","('קשת 12', '2024-11-28', 5)",1,overnight,28,1,1.0594113551310744,1.037827078098278,1.0594113551310744,2.533333333333333,14
3870,קשת 12,Other_first_short,1.1,2,lt1.5,1.0,"('קשת 12', '2024-11-28', 8)","('קשת 12', '2024-11-28', 8)",2,overnight,41,109,0.653893454077925,0.6456956925059659,0.6548086634496689,1.1666666666666667,1
3871,קשת 12,News_last_short,0.3,1,lt1.5,1.0,"('קשת 12', '2024-11-28', 18)","('קשת 12', '2024-11-28', 18)",6,morning,16,1,0.9917732633064089,1.0073941473359689,0.9889931687831952,2.1333333333333333,9
3873,קשת 12,News_first_short,0.3,2,lt1.5,1.0,"('קשת 12', '2024-11-28', 24)","('קשת 12', '2024-11-28', 24)",7,morning,57,15,1.0862662394552485,1.0768053345677489,1.0784257682363094,4.7,7
3875,קשת 12,News_first_long,4.566666666666666,5,3.5-5,3.0,"('קשת 12', '2024-11-28', 24)","('קשת 12', '2024-11-28', 24)",7,morning,15,1,1.3363363363363365,1.2862702577097396,1.3011173649172025,5.933333333333334,8
3877,קשת 12,News_middle_long,5.933333333333334,7,5-7,5.0,"('קשת 12', '2024-11-28', 24)","('קשת 12', '2024-11-28', 24)",7,morning,21,7,1.1626248216833097,1.1620949692682077,1.124989493127429,5.433333333333334,6
3878,קשת 12,News_middle_short,0.3,2,lt1.5,6.0,"('קשת 12', '2024-11-28', 24)","('קשת 12', '2024-11-28', 24)",8,morning,7,23,1.0503085110419017,1.0477693333251097,1.0477693333251097,5.333333333333333,4
3880,קשת 12,News_middle_long,7.266666666666667,8,7-13,8.0,"('קשת 12', '2024-11-28', 24)","('קשת 12', '2024-11-28', 24)",8,morning,23,1,0.9133331234302839,1.0805554803279922,0.9133331234302839,4.533333333333333,13
3882,קשת 12,News_last_long,6.716666666666667,8,5-7,10.0,"('קשת 12', '2024-11-28', 24)","('קשת 12', '2024-11-28', 24)",8,morning,11,11,0.9717662508207484,0.9598923611829241,0.9635290833785448,4.933333333333334,3
3883,קשת 12,News_last_short,0.3,1,lt1.5,11.0,"('קשת 12', '2024-11-28', 24)","('קשת 12', '2024-11-28', 24)",9,morning,11,1,0.9151292673976522,0.9081367299350518,0.9008466741217568,4.6,6
3885,קשת 12,News_last_long,8.366666666666667,10,7-13,13.0,"('קשת 12', '2024-11-28', 24)","('קשת 12', '2024-11-28', 24)",9,morning,10,25,0.7961135907921036,0.7808021350469895,0.7926026083292248,4.0,2
3886,קשת 12,Other_first_standard,1.6666666666666667,3,1.5-2.5,1.0,"('קשת 12', '2024-11-28', 39)","('קשת 12', '2024-11-28', 39)",9,morning,25,24,0.7713310580204777,0.7608532287104043,0.7701300267101944,3.766666666666667,6
3887,קשת 12,Other_middle_long,5.533333333333333,6,5-7,2.0,"('קשת 12', '2024-11-28', 39)","('קשת 12', '2024-11-28', 39)",10,morning,24,1,0.8492639272130659,0.8731434035841316,0.8513267644076072,3.9,2
3889,קשת 12,Other_last_long,4.816666666666666,6,3.5-5,4.0,"('קשת 12', '2024-11-28', 39)","('קשת 12', '2024-11-28', 39)",10,morning,19,1,0.9709178523169291,0.9573058723488242,0.9794836154496119,4.233333333333333,13
3891,קשת 12,Other_first_long,7.3,9,7-13,1.0,"('קשת 12', '2024-11-28', 43)","('קשת 12', '2024-11-28', 43)",11,morning,20,10,0.8975786105883071,0.9079172005713634,0.8983548177482245,3.466666666666667,10
3893,קשת 12,Other_last_short,1.3666666666666667,2,lt1.5,3.0,"('קשת 12', '2024-11-28', 43)","('קשת 12', '2024-11-28', 43)",11,morning,8,1,0.9206989247311829,0.9300668003069363,0.9199281113741948,3.4333333333333336,13
3895,קשת 12,Other_first_long,7.366666666666666,9,7-13,1.0,"('קשת 12', '2024-11-28', 47)","('קשת 12', '2024-11-28', 47)",12,afternoon,29,25,0.9199421249848162,0.9288381493394238,0.922406813156971,3.5,0
3897,קשת 12,Other_first_standard,2.4,3,1.5-2.5,1.0,"('קשת 12', '2024-11-28', 48)","('קשת 12', '2024-11-28', 48)",12,afternoon,24,29,0.9387755102040817,0.9606520532619122,0.931790822418839,3.8333333333333335,3
3898,קשת 12,Other_middle_long,4.616666666666666,6,3.5-5,2.0,"('קשת 12', '2024-11-28', 48)","('קשת 12', '2024-11-28', 48)",13,afternoon,29,36,0.8130699088145897,0.7858878592319186,0.8143956597735027,3.5666666666666664,4
3900,קשת 12,Other_last_standard,2.1166666666666667,3,1.5-2.5,4.0,"('קשת 12', '2024-11-28', 48)","('קשת 12', '2024-11-28', 48)",13,afternoon,35,2,0.6355058346437494,0.6138962329201075,0.6355139200499208,2.9333333333333336,0
3902,קשת 12,Other_first_long,7.1,8,7-13,1.0,"('קשת 12', '2024-11-28', 52)","('קשת 12', '2024-11-28', 52)",14,afternoon,14,33,0.6498951781970651,0.6480944571927665,0.6437488274504849,3.1,3
3904,קשת 12,Other_middle_standard,2.3,3,1.5-2.5,1.0,"('קשת 12', '2024-11-28', 53)","('קשת 12', '2024-11-28', 53)",14,afternoon,32,1,0.8176641893427375,0.8217725792655924,0.8143924830551037,4.2,13
3906,קשת 12,News_middle_standard,1.6666666666666667,2,1.5-2.5,1.0,"('קשת 12', '2024-11-28', 55)","('קשת 12', '2024-11-28', 55)",15,afternoon,47,2,0.9719753639763841,0.970966940112393,0.9697878940374772,6.166666666666667,3
3909,קשת 12,News_last_short,1.4,3,lt1.5,4.0,"('קשת 12', '2024-11-28', 55)","('קשת 12', '2024-11-28', 55)",15,afternoon,13,5,0.986499593243852,1.0021336132143919,0.9866375593500925,6.633333333333333,10
3910,קשת 12,Other_first_short,1.2666666666666666,3,lt1.5,1.0,"('קשת 12', '2024-11-28', 58)","('קשת 12', '2024-11-28', 58)",16,afternoon,5,1,1.069676153091266,1.067162651588555,1.067245828138752,7.266666666666667,2
3913,קשת 12,News_middle_long,6.733333333333333,8,5-7,1.0,"('קשת 12', '2024-11-28', 59)","('קשת 12', '2024-11-28', 59)",16,afternoon,25,43,1.0331125827814571,1.0064241529500044,1.0097634492863394,7.8,8
3914,קשת 12,Other_middle_short,1.3666666666666667,2,lt1.5,1.0,"('קשת 12', '2024-11-28', 62)","('קשת 12', '2024-11-28', 62)",17,early_evening,43,1,0.9557432068181163,0.9390984307095148,0.9617103318344645,9.5,13
3916,קשת 12,Other_last_short,1.0,2,lt1.5,3.0,"('קשת 12', '2024-11-28', 62)","('קשת 12', '2024-11-28', 62)",17,early_evening,5,8,0.930951563036757,0.9406429428719889,0.9384688199867514,9.033333333333333,14
3918,קשת 12,Other_first_standard,2.316666666666667,3,1.5-2.5,1.0,"('קשת 12', '2024-11-28', 65)","('קשת 12', '2024-11-28', 65)",17,early_evening,7,26,0.9749019635362689,0.9729438178680648,0.9703079847254085,9.833333333333334,8
3919,קשת 12,News_middle_standard,1.5666666666666667,3,1.5-2.5,1.0,"('קשת 12', '2024-11-28', 66)","('קשת 12', '2024-11-28', 66)",18,early_evening,26,1,1.0398479302769548,1.025985160987852,1.0406582468579808,12.066666666666668,6
3921,קשת 12,News_last_long,4.733333333333333,6,3.5-5,3.0,"('קשת 12', '2024-11-28', 66)","('קשת 12', '2024-11-28', 66)",18,early_evening,8,5,0.9070485818590283,0.878689813528602,0.9004910726785198,10.766666666666667,9
3923,קשת 12,Other_first_long,8.7,9,7-13,1.0,"('קשת 12', '2024-11-28', 70)","('קשת 12', '2024-11-28', 70)",19,early_evening,10,28,0.8827586206896552,0.8532959933485511,0.8570332121599661,10.666666666666666,0
3927,קשת 12,News_last_long,9.883333333333333,11,7-13,2.0,"('קשת 12', '2024-11-28', 75)","('קשת 12', '2024-11-28', 75)",21,late_evening,21,12,1.036092796925395,1.0005372854220191,1.0311753494174631,17.4,5
3930,קשת 12,Other_middle_long,9.65,10,7-13,1.0,"('קשת 12', '2024-11-28', 82)","('קשת 12', '2024-11-28', 82)",22,late_evening,50,7,0.8753808028372525,0.8267886108469318,0.8681761091196174,16.900000000000002,5
3931,קשת 12,Other_first_long,10.216666666666667,12,7-13,1.0,"('קשת 12', '2024-11-28', 85)","('קשת 12', '2024-11-28', 85)",22,late_evening,8,12,1.012940712350135,0.9230896259287404,0.9957265451581444,17.933333333333334,0
3932,קשת 12,News_first_long,3.933333333333333,5,3.5-5,1.0,"('קשת 12', '2024-11-28', 86)","('קשת 12', '2024-11-28', 86)",23,late_evening,12,2,0.6642459236416416,0.599105175059451,0.6642459236416416,8.766666666666667,8
3934,קשת 12,PrimeShow2_first_long,6.25,7,5-7,1.0,"('קשת 12', '2024-11-28', 88)","('קשת 12', '2024-11-28', 88)",23,late_evening,35,2,0.8787874551564966,0.8281686242067773,0.8787874551564966,6.633333333333334,5
3936,קשת 12,Other_first_long,4.716666666666667,5,3.5-5,1.0,"('קשת 12', '2024-11-29', 0)","('קשת 12', '2024-11-29', 0)",0,overnight,7,1,0.6581268062315958,0.657525287442925,0.657525287442925,3.9333333333333336,5
3938,קשת 12,Other_last_standard,2.4166666666666665,3,1.5-2.5,1.0,"('קשת 12', '2024-11-29', 1)","('קשת 12', '2024-11-29', 1)",1,overnight,41,7,0.6781381567737484,0.6766883639010883,0.6756536313794451,1.8,5
3939,קשת 12,Other_first_short,1.0,2,lt1.5,1.0,"('קשת 12', '2024-11-29', 6)","('קשת 12', '2024-11-29', 6)",1,overnight,43,19,1.1857425614579402,1.1931975858346233,1.1760948187750608,2.1666666666666665,13
3940,קשת 12,Other_first_standard,2.4,3,1.5-2.5,1.0,"('קשת 12', '2024-11-29', 7)","('קשת 12', '2024-11-29', 7)",2,overnight,19,64,1.010656800430067,0.985177672067539,1.0218254528012745,1.7,3
3941,קשת 12,News_middle_short,1.05,2,lt1.5,1.0,"('קשת 12', '2024-11-29', 9)","('קשת 12', '2024-11-29', 9)",3,overnight,64,118,1.3003179066354908,1.283260222271789,1.293645383624934,1.3999999999999997,9
3942,קשת 12,News_first_standard,1.75,2,1.5-2.5,1.0,"('קשת 12', '2024-11-29', 14)","('קשת 12', '2024-11-29', 14)",5,overnight,118,43,0.37815126050420167,0.40119223958586164,0.39310904612628755,0.3,8
3943,קשת 12,News_last_short,0.3,1,lt1.5,1.0,"('קשת 12', '2024-11-29', 16)","('קשת 12', '2024-11-29', 16)",6,morning,43,1,0.8275197758553757,0.8269820381945348,0.8275197758553757,1.7,7
3945,קשת 12,PrimeShow1_first_short,0.3,1,lt1.5,1.0,"('קשת 12', '2024-11-29', 21)","('קשת 12', '2024-11-29', 21)",7,morning,61,1,0.8390661221143977,0.8425375040918884,0.8233292517227319,3.6666666666666665,9
3947,קשת 12,PrimeShow1_first_long,4.866666666666666,6,3.5-5,3.0,"('קשת 12', '2024-11-29', 21)","('קשת 12', '2024-11-29', 21)",7,morning,16,3,0.8673469387755102,1.0561483416707196,0.8697571651253009,3.8333333333333335,11
3948,קשת 12,PrimeShow1_first_short,0.3,2,lt1.5,4.0,"('קשת 12', '2024-11-29', 21)","('קשת 12', '2024-11-29', 21)",7,morning,3,1,0.9248125528930706,0.9246757807296901,0.9114638244596731,4.1,4
3950,קשת 12,PrimeShow1_first_long,4.883333333333334,6,3.5-5,6.0,"('קשת 12', '2024-11-29', 21)","('קשת 12', '2024-11-29', 21)",7,morning,17,12,0.9505356646295016,1.0911178725563386,0.9395142839107709,4.466666666666666,8
3951,קשת 12,PrimeShow1_middle_short,0.3,1,lt1.5,7.0,"('קשת 12', '2024-11-29', 21)","('קשת 12', '2024-11-29', 21)",8,morning,12,13,0.9405371246038533,0.9811095305832148,0.9301188309075923,4.833333333333333,10
3952,קשת 12,PrimeShow1_middle_short,0.3,2,lt1.5,8.0,"('קשת 12', '2024-11-29', 21)","('קשת 12', '2024-11-29', 21)",8,morning,12,12,0.9405371246038533,0.9811095305832148,0.9301188309075923,4.833333333333333,10
3953,קשת 12,PrimeShow1_middle_long,6.1,7,5-7,9.0,"('קשת 12', '2024-11-29', 21)","('קשת 12', '2024-11-29', 21)",8,morning,12,2,0.9259246815533876,0.9183889564498569,0.9211220063637341,4.733333333333333,8
3955,קשת 12,PrimeShow1_middle_long,6.683333333333334,8,5-7,11.0,"('קשת 12', '2024-11-29', 21)","('קשת 12', '2024-11-29', 21)",8,morning,17,9,1.201575837163493,1.1956557775048235,1.188804123081847,6.1000000000000005,4
3956,קשת 12,PrimeShow1_last_short,0.3,1,lt1.5,12.0,"('קשת 12', '2024-11-29', 21)","('קשת 12', '2024-11-29', 21)",9,morning,9,1,1.2303149239905096,1.2220479714817654,1.2191888832398727,6.166666666666667,5
3958,קשת 12,PrimeShow1_last_long,5.7,7,5-7,14.0,"('קשת 12', '2024-11-29', 21)","('קשת 12', '2024-11-29', 21)",9,morning,19,15,0.9629922372022582,0.9688385552246235,0.9603068636895133,4.766666666666667,10
3959,קשת 12,PrimeShow1_last_long,4.9,6,3.5-5,15.0,"('קשת 12', '2024-11-29', 21)","('קשת 12', '2024-11-29', 21)",9,morning,15,1,1.1426688829708642,1.1269687634574466,1.146347269094086,5.633333333333333,1
3961,קשת 12,PrimeShow2_first_long,7.133333333333334,8,7-13,1.0,"('קשת 12', '2024-11-29', 41)","('קשת 12', '2024-11-29', 41)",10,morning,30,14,0.9999787314789345,0.9787769970455414,1.0020206195085288,4.533333333333334,8
3963,קשת 12,PrimeShow2_last_short,0.75,2,lt1.5,3.0,"('קשת 12', '2024-11-29', 41)","('קשת 12', '2024-11-29', 41)",10,morning,13,1,1.1724860559434835,1.1692528952453545,1.1797573353695594,5.1000000000000005,14
3965,קשת 12,Other_middle_long,5.166666666666667,7,5-7,1.0,"('קשת 12', '2024-11-29', 44)","('קשת 12', '2024-11-29', 44)",11,morning,27,19,1.040478287888776,1.0182391764250172,1.0395826344946972,4.0,13
3967,קשת 12,Other_first_short,0.9333333333333333,2,lt1.5,1.0,"('קשת 12', '2024-11-29', 46)","('קשת 12', '2024-11-29', 46)",11,morning,18,1,0.7542080378250592,0.7461690132352498,0.759212048673449,2.8333333333333335,8
3969,קשת 12,Other_middle_long,5.883333333333334,7,5-7,1.0,"('קשת 12', '2024-11-29', 48)","('קשת 12', '2024-11-29', 48)",12,afternoon,40,1,0.6132461161079313,0.5964770181229367,0.615113008171702,2.5,5
3971,קשת 12,Other_first_long,4.516666666666667,6,3.5-5,1.0,"('קשת 12', '2024-11-29', 51)","('קשת 12', '2024-11-29', 51)",13,afternoon,63,7,0.8902077151335309,0.87815609393671,0.8974146143053393,4.0,1
3973,קשת 12,Other_middle_short,1.1666666666666667,2,lt1.5,3.0,"('קשת 12', '2024-11-29', 51)","('קשת 12', '2024-11-29', 51)",13,afternoon,6,1,0.8608809793080932,0.8508214084133199,0.8619648326301017,3.9333333333333336,13
3975,קשת 12,Other_first_short,1.2,2,lt1.5,1.0,"('קשת 12', '2024-11-29', 54)","('קשת 12', '2024-11-29', 54)",14,afternoon,13,1,0.9294199860237597,0.9272486308811069,0.9272486308811069,4.433333333333334,0
3978,קשת 12,Other_first_short,0.75,2,lt1.5,1.0,"('קשת 12', '2024-11-29', 55)","('קשת 12', '2024-11-29', 55)",14,afternoon,36,1,0.9604203314507916,0.9377513389620727,0.9723274500805091,4.933333333333334,0
3980,קשת 12,Other_middle_short,1.2666666666666666,2,lt1.5,3.0,"('קשת 12', '2024-11-29', 55)","('קשת 12', '2024-11-29', 55)",15,afternoon,32,1,0.9782796286477297,0.9545270292396729,0.9833420266413747,5.900000000000001,5
3983,קשת 12,Other_first_long,8.35,10,7-13,1.0,"('קשת 12', '2024-11-29', 59)","('קשת 12', '2024-11-29', 59)",16,afternoon,13,45,0.7507360157016681,0.7588894745496537,0.7473188541711983,5.1,0
3985,קשת 12,Other_middle_short,0.7333333333333333,2,lt1.5,1.0,"('קשת 12', '2024-11-29', 60)","('קשת 12', '2024-11-29', 60)",16,afternoon,43,1,0.8285778421619603,0.8338749782234585,0.8289109329963279,6.866666666666667,9
3986,קשת 12,Other_middle_short,1.3166666666666667,2,lt1.5,2.0,"('קשת 12', '2024-11-29', 60)","('קשת 12', '2024-11-29', 60)",17,early_evening,23,1,0.8867485885088011,0.87942100565619,0.8808792936371731,8.9,4
3989,קשת 12,Other_first_standard,1.6666666666666667,2,1.5-2.5,1.0,"('קשת 12', '2024-11-29', 65)","('קשת 12', '2024-11-29', 65)",17,early_evening,18,2,0.8518240769703486,0.8467634576517563,0.8589843169271504,8.866666666666667,13
3993,קשת 12,Other_middle_long,6.366666666666666,7,5-7,1.0,"('קשת 12', '2024-11-29', 66)","('קשת 12', '2024-11-29', 66)",19,early_evening,34,7,0.7484497755865739,0.7407506860697973,0.7484343776946529,8.966666666666667,14
3994,קשת 12,Other_first_short,0.5166666666666667,2,lt1.5,1.0,"('קשת 12', '2024-11-29', 70)","('קשת 12', '2024-11-29', 70)",19,early_evening,25,57,0.7424066359337971,0.8959175154177551,0.743113951030849,10.066666666666668,8
3996,קשת 12,News_middle_long,7.35,9,7-13,1.0,"('קשת 12', '2024-11-29', 71)","('קשת 12', '2024-11-29', 71)",20,late_evening,3,20,0.7837229980478531,0.7413799413554609,0.7796438725668877,13.0,9
3997,קשת 12,News_last_long,6.883333333333334,8,5-7,2.0,"('קשת 12', '2024-11-29', 71)","('קשת 12', '2024-11-29', 71)",21,late_evening,20,20,0.8702607339667772,0.8461172290905153,0.8739692374395283,14.233333333333334,7
3998,קשת 12,News_last_short,0.8,2,lt1.5,3.0,"('קשת 12', '2024-11-29', 71)","('קשת 12', '2024-11-29', 71)",21,late_evening,20,1,0.7074725258343353,0.6695748081503924,0.7074782238367866,13.300000000000002,4
4000,קשת 12,Other_last_long,7.066666666666666,8,7-13,1.0,"('קשת 12', '2024-11-29', 78)","('קשת 12', '2024-11-29', 78)",22,late_evening,43,12,0.6885647402638279,0.6536324993001514,0.6885647402638279,12.766666666666666,4
4001,קשת 12,Other_first_long,4.35,5,3.5-5,1.0,"('קשת 12', '2024-11-29', 80)","('קשת 12', '2024-11-29', 80)",22,late_evening,12,11,0.7214978384815237,0.6315722808444151,0.7214978384815237,12.200000000000001,8
4002,קשת 12,Other_first_long,3.55,5,3.5-5,1.0,"('קשת 12', '2024-11-29', 81)","('קשת 12', '2024-11-29', 81)",23,late_evening,11,31,0.5729748779775002,0.5166588319449265,0.5729748779775002,7.566666666666666,8
4003,קשת 12,Other_last_long,4.733333333333333,6,3.5-5,2.0,"('קשת 12', '2024-11-29', 81)","('קשת 12', '2024-11-29', 81)",23,late_evening,31,1,0.8503312121786198,0.8692562969766621,0.8503312121786198,7.133333333333333,13
4005,קשת 12,Other_first_long,4.866666666666666,6,3.5-5,1.0,"('קשת 12', '2024-11-30', 1)","('קשת 12', '2024-11-30', 1)",0,overnight,13,15,0.8407400406237359,0.8357225255848948,0.8430640961573262,4.1,4
4007,קשת 12,Other_first_standard,1.5333333333333334,3,1.5-2.5,1.0,"('קשת 12', '2024-11-30', 2)","('קשת 12', '2024-11-30', 2)",0,overnight,15,28,1.1061815474639292,1.1094228406160298,1.1061815474639292,4.0,9
4008,קשת 12,Other_last_standard,1.6,3,1.5-2.5,1.0,"('קשת 12', '2024-11-30', 3)","('קשת 12', '2024-11-30', 3)",1,overnight,28,26,1.1854907799463208,1.2340679307703848,1.1860268639451377,2.9333333333333336,9
4009,קשת 12,Other_last_short,1.3666666666666667,2,lt1.5,1.0,"('קשת 12', '2024-11-30', 5)","('קשת 12', '2024-11-30', 5)",1,overnight,12,9,0.7139068103129181,0.7265459929582567,0.7175039602565455,1.3333333333333333,5
4010,קשת 12,Other_middle_short,1.25,3,lt1.5,1.0,"('קשת 12', '2024-11-30', 9)","('קשת 12', '2024-11-30', 9)",2,overnight,11,115,0.49930699930699934,0.49683430573748605,0.4955884590030932,0.8000000000000002,13
4011,קשת 12,Other_middle_short,1.2833333333333334,2,lt1.5,1.0,"('קשת 12', '2024-11-30', 16)","('קשת 12', '2024-11-30', 16)",5,overnight,37,32,0.6008804910183488,0.6058514394430147,0.6173324824363089,0.5,3
4012,קשת 12,Other_last_standard,1.9166666666666667,3,1.5-2.5,2.0,"('קשת 12', '2024-11-30', 16)","('קשת 12', '2024-11-30', 16)",5,overnight,19,56,0.6166132934216395,0.6102890062073736,0.6166132934216395,0.8000000000000002,10
4013,קשת 12,News_last_short,1.4166666666666667,2,lt1.5,1.0,"('קשת 12', '2024-11-30', 22)","('קשת 12', '2024-11-30', 22)",6,morning,56,27,0.12876240868534602,0.1287114413248437,0.1287114413248437,0.4666666666666666,8
4015,קשת 12,PrimeShow2_middle_standard,1.7,3,1.5-2.5,1.0,"('קשת 12', '2024-11-30', 24)","('קשת 12', '2024-11-30', 24)",7,morning,26,49,0.0900900900900901,0.08888936534543668,0.08875826662547105,0.39999999999999997,6
4017,קשת 12,News_middle_standard,2.1666666666666665,3,1.5-2.5,1.0,"('קשת 12', '2024-11-30', 27)","('קשת 12', '2024-11-30', 27)",8,morning,49,32,0.2003838338225333,0.21603058764143293,0.20213953019503972,1.0333333333333334,12
4019,קשת 12,PrimeShow2_middle_short,0.9333333333333333,1,lt1.5,1.0,"('קשת 12', '2024-11-30', 29)","('קשת 12', '2024-11-30', 29)",8,morning,31,41,0.25607353906762964,0.2568028465335877,0.2548480612180494,1.3,1
4020,קשת 12,Other_first_long,4.05,5,3.5-5,1.0,"('קשת 12', '2024-11-30', 31)","('קשת 12', '2024-11-30', 31)",9,morning,41,18,0.25641025641025644,0.2649195875005019,0.25568893249888,1.2666666666666666,12
4022,קשת 12,Other_middle_long,3.5,4,2.5-3.5,3.0,"('קשת 12', '2024-11-30', 31)","('קשת 12', '2024-11-30', 31)",9,morning,17,1,0.3543645199584508,0.3524282318166512,0.353298553368367,1.7333333333333334,4
4024,קשת 12,Other_first_long,4.0,5,3.5-5,1.0,"('קשת 12', '2024-11-30', 34)","('קשת 12', '2024-11-30', 34)",10,morning,41,13,0.5455287502267369,0.5477135800328274,0.5460804902934421,2.433333333333333,5
4026,קשת 12,Other_middle_long,3.466666666666667,5,2.5-3.5,3.0,"('קשת 12', '2024-11-30', 34)","('קשת 12', '2024-11-30', 34)",10,morning,12,1,0.5847595416882531,0.614463528216952,0.5852069995681729,2.5,7
4028,קשת 12,Other_first_long,4.666666666666667,6,3.5-5,1.0,"('קשת 12', '2024-11-30', 37)","('קשת 12', '2024-11-30', 37)",11,morning,31,18,0.7321428571428571,0.7341513423434511,0.7281655891468923,2.733333333333333,14
4030,קשת 12,Other_middle_long,3.95,5,3.5-5,3.0,"('קשת 12', '2024-11-30', 37)","('קשת 12', '2024-11-30', 37)",11,morning,17,1,1.2185053380782918,1.2001234352481953,1.2202670937139855,4.566666666666666,7
4032,קשת 12,Other_last_long,5.683333333333334,7,5-7,5.0,"('קשת 12', '2024-11-30', 37)","('קשת 12', '2024-11-30', 37)",12,afternoon,15,35,0.995369014687402,0.9756540418362407,0.9942957920614544,4.033333333333333,13
4034,קשת 12,Other_first_short,0.9,2,lt1.5,1.0,"('קשת 12', '2024-11-30', 41)","('קשת 12', '2024-11-30', 41)",12,afternoon,33,1,0.9742365469425084,0.9818090165249121,0.9737578805375415,4.133333333333333,9
4036,קשת 12,Other_middle_long,4.95,6,3.5-5,3.0,"('קשת 12', '2024-11-30', 41)","('קשת 12', '2024-11-30', 41)",13,afternoon,23,19,0.7074436576471802,0.6975469129516952,0.7000754132378605,3.2000000000000006,5
4038,קשת 12,Other_last_short,0.5666666666666667,2,lt1.5,5.0,"('קשת 12', '2024-11-30', 41)","('קשת 12', '2024-11-30', 41)",13,afternoon,17,1,0.8423350119240348,0.8263876514610216,0.8447657490832691,3.8666666666666667,14
4040,קשת 12,Other_first_long,5.766666666666667,7,5-7,1.0,"('קשת 12', '2024-11-30', 45)","('קשת 12', '2024-11-30', 45)",14,afternoon,17,33,0.6786317397871025,0.6759216225564657,0.6708361253815799,3.233333333333333,4
4042,קשת 12,Other_last_short,0.5666666666666667,1,lt1.5,3.0,"('קשת 12', '2024-11-30', 45)","('קשת 12', '2024-11-30', 45)",14,afternoon,31,1,0.5581006809133835,0.5609076955320543,0.5557941370202448,2.866666666666667,13
4044,קשת 12,Other_first_short,1.3666666666666667,3,lt1.5,1.0,"('קשת 12', '2024-11-30', 48)","('קשת 12', '2024-11-30', 48)",15,afternoon,15,1,0.48618971518712,0.48618971518712,0.48618971518712,2.6999999999999997,0
4047,קשת 12,Other_first_short,0.7333333333333333,2,lt1.5,1.0,"('קשת 12', '2024-11-30', 51)","('קשת 12', '2024-11-30', 51)",16,afternoon,24,1,0.5397448478900883,0.5381843661928211,0.5385343903661859,3.6666666666666665,2
4050,קשת 12,Other_middle_standard,2.816666666666667,4,2.5-3.5,1.0,"('קשת 12', '2024-11-30', 52)","('קשת 12', '2024-11-30', 52)",16,afternoon,16,29,0.40853724768458877,0.402323710417241,0.407372603888402,3.0,11
4051,קשת 12,Other_first_short,1.2333333333333334,3,lt1.5,1.0,"('קשת 12', '2024-11-30', 54)","('קשת 12', '2024-11-30', 54)",16,afternoon,29,7,0.4378807201111497,0.43586958875205206,0.43782357856009946,3.766666666666667,13
4054,קשת 12,PrimeShow1_first_short,1.25,2,lt1.5,1.0,"('קשת 12', '2024-11-30', 56)","('קשת 12', '2024-11-30', 56)",17,early_evening,50,1,1.0919996260334819,1.0856003276046262,1.101154148500582,11.366666666666667,13
4058,קשת 12,News_middle_short,1.1666666666666667,3,lt1.5,1.0,"('קשת 12', '2024-11-30', 57)","('קשת 12', '2024-11-30', 57)",18,early_evening,24,25,1.0172318576285881,1.0017348988894603,1.0141376807288693,12.0,4
4059,קשת 12,PrimeShow2_first_long,6.15,7,5-7,1.0,"('קשת 12', '2024-11-30', 59)","('קשת 12', '2024-11-30', 59)",19,early_evening,25,43,1.1751724137931034,1.1454000490560332,1.1517541339488229,14.200000000000001,1
4062,קשת 12,News_first_long,7.183333333333334,8,7-13,1.0,"('קשת 12', '2024-11-30', 63)","('קשת 12', '2024-11-30', 63)",20,late_evening,7,10,1.0175468911870313,0.9621964327795142,1.0175468911870313,17.400000000000002,13
4063,קשת 12,News_middle_long,6.866666666666666,8,5-7,2.0,"('קשת 12', '2024-11-30', 63)","('קשת 12', '2024-11-30', 63)",20,late_evening,10,19,0.9352801894238358,0.8972935564659478,0.9243243197995219,15.799999999999999,0
4064,קשת 12,News_last_long,5.8,7,5-7,3.0,"('קשת 12', '2024-11-30', 63)","('קשת 12', '2024-11-30', 63)",21,late_evening,19,13,0.9433214427269124,0.8841347399825173,0.9275335131376563,15.866666666666667,11
4068,קשת 12,Other_middle_long,9.0,10,7-13,1.0,"('קשת 12', '2024-11-30', 72)","('קשת 12', '2024-11-30', 72)",22,late_evening,11,38,1.2404405904045623,1.1870170858553177,1.2588597474385503,22.933333333333337,7
4071,קשת 12,Other_first_long,7.366666666666666,8,7-13,1.0,"('קשת 12', '2024-11-30', 81)","('קשת 12', '2024-11-30', 81)",23,late_evening,42,999971116485,1.1526252832440613,1.144079394843594,1.1526252832440613,9.066666666666666,3
4075,רשת 13,Other_middle_standard,2.95,4,2.5-3.5,1.0,"('רשת 13', '2024-11-01', 6)","('רשת 13', '2024-11-01', 6)",2,overnight,83,142,0.7600677830940988,0.7526694400462063,0.7670307955718173,0.5,12
4076,רשת 13,Other_middle_standard,2.45,4,1.5-2.5,1.0,"('רשת 13', '2024-11-01', 13)","('רשת 13', '2024-11-01', 13)",5,overnight,142,15,0.6338185890257559,0.6641979172099653,0.6406338426711942,0.20000000000000004,7
4077,רשת 13,Other_first_standard,2.95,4,2.5-3.5,1.0,"('רשת 13', '2024-11-01', 15)","('רשת 13', '2024-11-01', 15)",5,overnight,15,31,1.1808518279106515,1.1836400397903917,1.1787150757738993,0.4666666666666666,10
4078,רשת 13,PrimeShow1_first_short,0.4,1,lt1.5,1.0,"('רשת 13', '2024-11-01', 19)","('רשת 13', '2024-11-01', 19)",6,morning,31,1,0.7114698607338115,0.709563696077247,0.7114698607338115,0.6,14
4080,רשת 13,Other_first_long,7.883333333333334,9,7-13,1.0,"('רשת 13', '2024-11-01', 21)","('רשת 13', '2024-11-01', 21)",7,morning,72,1,1.7477184977184976,1.8056446016024685,1.744991555529672,2.5333333333333337,12
4082,רשת 13,Other_middle_long,7.233333333333333,8,7-13,3.0,"('רשת 13', '2024-11-01', 21)","('רשת 13', '2024-11-01', 21)",8,morning,10,41,1.485712073927675,1.3411687266876324,1.4509537811292084,2.5666666666666664,2
4083,רשת 13,Other_last_short,0.3,2,lt1.5,4.0,"('רשת 13', '2024-11-01', 21)","('רשת 13', '2024-11-01', 21)",9,morning,41,11,1.6873245205745013,1.6628891441803437,1.6883822818982142,2.9333333333333336,5
4085,רשת 13,Other_last_long,5.833333333333333,7,5-7,6.0,"('רשת 13', '2024-11-01', 21)","('רשת 13', '2024-11-01', 21)",9,morning,11,11,1.9320559157962018,1.70726981411327,1.95140115389144,2.9,2
4086,רשת 13,Other_last_long,5.566666666666666,7,5-7,7.0,"('רשת 13', '2024-11-01', 21)","('רשת 13', '2024-11-01', 21)",9,morning,11,25,2.0227858452550147,2.0258917990813097,2.0027205250710103,3.1666666666666665,4
4087,רשת 13,Other_first_short,0.3,2,lt1.5,1.0,"('רשת 13', '2024-11-01', 30)","('רשת 13', '2024-11-01', 30)",10,morning,25,37,1.6835014058725069,1.6762878259971392,1.6919394176607832,2.766666666666667,5
4089,רשת 13,Other_middle_long,6.716666666666667,8,5-7,3.0,"('רשת 13', '2024-11-01', 30)","('רשת 13', '2024-11-01', 30)",10,morning,37,16,1.7837002168997185,1.871644235268213,1.7651069260882692,2.766666666666667,13
4090,רשת 13,Other_middle_short,0.3,1,lt1.5,4.0,"('רשת 13', '2024-11-01', 30)","('רשת 13', '2024-11-01', 30)",11,morning,16,1,1.6842105263157894,1.571236718410554,1.6342158176657666,2.6666666666666665,6
4092,רשת 13,Other_last_long,5.183333333333334,6,5-7,6.0,"('רשת 13', '2024-11-01', 30)","('רשת 13', '2024-11-01', 30)",11,morning,16,37,1.5732758620689655,1.5495584056524077,1.5845769302579746,2.433333333333333,8
4093,רשת 13,News_last_short,0.3,1,lt1.5,1.0,"('רשת 13', '2024-11-01', 37)","('רשת 13', '2024-11-01', 37)",12,afternoon,37,1,1.7218543046357615,1.619211785922521,1.6644061384866653,2.6,5
4095,רשת 13,Other_last_long,3.3833333333333333,4,2.5-3.5,1.0,"('רשת 13', '2024-11-01', 40)","('רשת 13', '2024-11-01', 40)",12,afternoon,28,11,1.2766017645841563,1.3562243773367388,1.2811408199643495,1.6000000000000003,4
4096,רשת 13,Other_first_standard,1.5166666666666666,2,1.5-2.5,1.0,"('רשת 13', '2024-11-01', 42)","('רשת 13', '2024-11-01', 42)",12,afternoon,11,16,0.9895833333333334,0.9575662699567463,0.9733431060530275,1.2666666666666668,3
4097,רשת 13,News_last_short,0.3,1,lt1.5,1.0,"('רשת 13', '2024-11-01', 44)","('רשת 13', '2024-11-01', 44)",13,afternoon,16,6,0.8349875345926461,0.7760361879906471,0.7836932687494271,1.0666666666666667,5
4098,רשת 13,News_last_short,0.3,2,lt1.5,2.0,"('רשת 13', '2024-11-01', 44)","('רשת 13', '2024-11-01', 44)",13,afternoon,16,5,0.8349875345926461,0.7760361879906471,0.7836932687494271,1.0666666666666667,5
4099,רשת 13,Other_first_long,6.316666666666666,7,5-7,1.0,"('רשת 13', '2024-11-01', 47)","('רשת 13', '2024-11-01', 47)",13,afternoon,5,25,0.858909611646983,0.8787366892577171,0.8578428566238828,1.0999999999999999,11
4100,רשת 13,Other_middle_long,6.916666666666667,7,5-7,1.0,"('רשת 13', '2024-11-01', 49)","('רשת 13', '2024-11-01', 49)",13,afternoon,25,16,0.6145378064217579,0.5897916691977232,0.6204107759325935,0.7999999999999999,12
4101,רשת 13,News_last_short,0.3,1,lt1.5,1.0,"('רשת 13', '2024-11-01', 51)","('רשת 13', '2024-11-01', 51)",14,afternoon,16,1,0.8173076923076922,0.8396104306723103,0.8222720466161008,1.1333333333333335,4
4103,רשת 13,Other_middle_long,5.95,7,5-7,1.0,"('רשת 13', '2024-11-01', 54)","('רשת 13', '2024-11-01', 54)",14,afternoon,50,46,0.8272058823529412,0.7791020340670328,0.8045868242924711,1.5,10
4104,רשת 13,Other_last_long,6.883333333333334,8,5-7,2.0,"('רשת 13', '2024-11-01', 54)","('רשת 13', '2024-11-01', 54)",15,afternoon,46,22,0.7826489911196739,0.7762184679990266,0.7838158951611595,1.3999999999999997,2
4106,רשת 13,Other_first_long,6.233333333333333,7,5-7,1.0,"('רשת 13', '2024-11-01', 57)","('רשת 13', '2024-11-01', 57)",16,afternoon,21,15,1.082544198333672,1.064767745422559,1.0708273923584928,2.533333333333333,1
4107,רשת 13,Other_middle_long,4.783333333333333,6,3.5-5,2.0,"('רשת 13', '2024-11-01', 57)","('רשת 13', '2024-11-01', 57)",16,afternoon,15,1,1.0782865583456422,1.0331795401906743,1.0912141449788544,2.4333333333333336,7
4109,רשת 13,News_last_short,0.3,2,lt1.5,1.0,"('רשת 13', '2024-11-01', 61)","('רשת 13', '2024-11-01', 61)",17,early_evening,24,26,0.6939210493126499,0.6811256245847455,0.6910281579807113,2.066666666666667,7
4111,רשת 13,Other_middle_long,4.616666666666666,6,3.5-5,1.0,"('רשת 13', '2024-11-01', 64)","('רשת 13', '2024-11-01', 64)",17,early_evening,25,43,1.2656960247184113,1.2348890000676283,1.266144497550399,3.9,4
4113,רשת 13,Other_first_long,5.566666666666666,6,5-7,1.0,"('רשת 13', '2024-11-01', 66)","('רשת 13', '2024-11-01', 66)",18,early_evening,42,1,0.8678505778226561,0.8495574757798202,0.8616872268000307,3.466666666666667,7
4115,רשת 13,Other_last_long,8.583333333333334,9,7-13,3.0,"('רשת 13', '2024-11-01', 66)","('רשת 13', '2024-11-01', 66)",19,early_evening,55,73,0.6140304916059414,0.6095480783716708,0.612142305682843,3.533333333333333,9
4116,רשת 13,Other_middle_long,6.633333333333334,8,5-7,1.0,"('רשת 13', '2024-11-01', 69)","('רשת 13', '2024-11-01', 69)",20,late_evening,73,18,0.9674253391179041,0.9273770931662643,0.965802517059851,5.5,0
4117,רשת 13,Other_last_long,6.75,7,5-7,2.0,"('רשת 13', '2024-11-01', 69)","('רשת 13', '2024-11-01', 69)",21,late_evening,18,14,0.7357268981753973,0.7406536378645243,0.7525221774488928,4.166666666666667,10
4118,רשת 13,Other_last_short,1.25,2,lt1.5,3.0,"('רשת 13', '2024-11-01', 69)","('רשת 13', '2024-11-01', 69)",21,late_evening,14,1,0.5027444696875228,0.5007950100752668,0.5027444696875228,3.6666666666666665,0
4119,רשת 13,Other_last_long,9.516666666666667,10,7-13,1.0,"('רשת 13', '2024-11-01', 74)","('רשת 13', '2024-11-01', 74)",22,late_evening,41,8,0.5363436395119293,0.4843857086764205,0.5363436395119293,4.533333333333333,13
4120,רשת 13,Other_first_long,9.066666666666666,10,7-13,1.0,"('רשת 13', '2024-11-01', 76)","('רשת 13', '2024-11-01', 76)",22,late_evening,8,33,0.5817489535271803,0.513802816432757,0.5797973173674662,5.333333333333333,0
4121,רשת 13,Other_first_long,3.8666666666666667,5,3.5-5,1.0,"('רשת 13', '2024-11-01', 78)","('רשת 13', '2024-11-01', 78)",23,late_evening,33,33,0.6579011606680422,0.7062992217060584,0.6634376484740881,3.5,12
4122,רשת 13,Other_first_long,5.883333333333334,7,5-7,1.0,"('רשת 13', '2024-11-01', 80)","('רשת 13', '2024-11-01', 80)",23,late_evening,33,15,0.4099041191279662,0.41716689849326277,0.4099041191279662,1.3999999999999997,4
4123,רשת 13,News_last_short,0.2,2,lt1.5,1.0,"('רשת 13', '2024-11-02', 0)","('רשת 13', '2024-11-02', 0)",0,overnight,15,27,0.5820865453252754,0.5870651780493917,0.5820865453252754,1.6000000000000003,10
4125,רשת 13,Other_first_long,3.466666666666667,5,2.5-3.5,1.0,"('רשת 13', '2024-11-02', 5)","('רשת 13', '2024-11-02', 5)",0,overnight,20,34,1.1170236176600528,1.1283612067552058,1.1151091588749786,2.1,8
4126,רשת 13,Other_middle_standard,1.9666666666666666,3,1.5-2.5,1.0,"('רשת 13', '2024-11-02', 6)","('רשת 13', '2024-11-02', 6)",1,overnight,34,57,1.212229298878388,1.2406232890450093,1.21105111963991,1.8,1
4127,רשת 13,Other_middle_short,1.3333333333333333,3,lt1.5,1.0,"('רשת 13', '2024-11-02', 9)","('רשת 13', '2024-11-02', 9)",2,overnight,57,67,1.029150377153416,1.0671352010525978,1.0338115190238337,0.9333333333333332,0
4130,רשת 13,Other_middle_long,3.5833333333333335,5,3.5-5,1.0,"('רשת 13', '2024-11-02', 21)","('רשת 13', '2024-11-02', 21)",6,morning,40,28,0.35479754753975906,0.3554502693111304,0.3548049140916209,0.3,0
4131,רשת 13,Other_first_long,3.4833333333333334,4,2.5-3.5,1.0,"('רשת 13', '2024-11-02', 23)","('רשת 13', '2024-11-02', 23)",6,morning,28,20,0.28063072261148986,0.2785918618002576,0.28020599271315955,0.4000000000000001,2
4132,רשת 13,Other_last_long,3.5833333333333335,4,3.5-5,2.0,"('רשת 13', '2024-11-02', 23)","('רשת 13', '2024-11-02', 23)",7,morning,20,34,0.2307400947800504,0.21786563595689992,0.22957055479910957,0.3666666666666667,10
4133,רשת 13,Other_middle_long,4.733333333333333,6,3.5-5,1.0,"('רשת 13', '2024-11-02', 26)","('רשת 13', '2024-11-02', 26)",7,morning,34,29,0.44883492949249676,0.4983434732421625,0.46007791528948694,0.6666666666666666,2
4134,רשת 13,Other_middle_long,4.933333333333334,6,3.5-5,1.0,"('רשת 13', '2024-11-02', 28)","('רשת 13', '2024-11-02', 28)",8,morning,29,19,0.4863813229571985,0.5431537306537306,0.48461158944388094,0.8333333333333334,6
4135,רשת 13,Other_first_long,3.3,4,2.5-3.5,1.0,"('רשת 13', '2024-11-02', 30)","('רשת 13', '2024-11-02', 30)",8,morning,19,45,0.6029106029106029,0.5531460014872152,0.6047996389555682,0.9666666666666668,0
4136,רשת 13,Other_middle_long,7.116666666666666,8,7-13,1.0,"('רשת 13', '2024-11-02', 32)","('רשת 13', '2024-11-02', 32)",9,morning,45,1,0.6613929805419168,0.6552609321236772,0.6475873002337451,1.0333333333333334,3
4138,רשת 13,Other_middle_long,5.383333333333334,6,5-7,1.0,"('רשת 13', '2024-11-02', 34)","('רשת 13', '2024-11-02', 34)",10,morning,44,28,1.6932053453792584,1.6836152849548034,1.699512599135491,2.6,10
4139,רשת 13,Other_first_short,0.8833333333333333,2,lt1.5,1.0,"('רשת 13', '2024-11-02', 36)","('רשת 13', '2024-11-02', 36)",10,morning,28,12,1.681222707423581,1.7219117412049403,1.7380154078472525,2.566666666666667,13
4141,רשת 13,Other_middle_long,7.15,8,7-13,1.0,"('רשת 13', '2024-11-02', 37)","('רשת 13', '2024-11-02', 37)",11,morning,12,1,1.3958333333333333,1.403170580219622,1.387159052853062,2.233333333333333,11
4143,רשת 13,Other_middle_long,7.016666666666667,8,7-13,1.0,"('רשת 13', '2024-11-02', 39)","('רשת 13', '2024-11-02', 39)",12,afternoon,63,1,1.328125,1.355877835704189,1.3496314696571436,1.7,7
4145,רשת 13,Other_last_long,5.133333333333334,6,5-7,3.0,"('רשת 13', '2024-11-02', 39)","('רשת 13', '2024-11-02', 39)",13,afternoon,46,1,0.9877403572647628,0.9884165303577269,0.9829185790278889,1.2333333333333334,1
4147,רשת 13,Other_middle_long,5.4,6,5-7,1.0,"('רשת 13', '2024-11-02', 42)","('רשת 13', '2024-11-02', 42)",13,afternoon,26,48,0.6623066917184565,0.6004774661560798,0.6606965586141198,0.9,3
4148,רשת 13,Other_middle_long,5.033333333333333,6,5-7,1.0,"('רשת 13', '2024-11-02', 44)","('רשת 13', '2024-11-02', 44)",14,afternoon,48,1,0.6172839506172839,0.6029820889382638,0.628185953997621,1.0,11
4150,רשת 13,Other_first_long,6.183333333333334,8,5-7,1.0,"('רשת 13', '2024-11-02', 46)","('רשת 13', '2024-11-02', 46)",15,afternoon,50,36,1.2919380355066987,1.266960216052898,1.2919380355066987,2.1333333333333333,7
4152,רשת 13,Other_last_long,6.05,7,5-7,3.0,"('רשת 13', '2024-11-02', 46)","('רשת 13', '2024-11-02', 46)",16,afternoon,36,45,1.0859169544972056,1.0698832438109454,1.0859169544972056,2.5,5
4154,רשת 13,News_last_short,0.2,1,lt1.5,1.0,"('רשת 13', '2024-11-02', 50)","('רשת 13', '2024-11-02', 50)",17,early_evening,45,30,1.2888888888888888,1.2825444683551404,1.277712979623138,3.8666666666666667,11
4155,רשת 13,News_last_short,0.21666666666666667,2,lt1.5,2.0,"('רשת 13', '2024-11-02', 50)","('רשת 13', '2024-11-02', 50)",17,early_evening,45,29,1.2888888888888888,1.2825444683551404,1.277712979623138,3.8666666666666667,11
4156,רשת 13,Other_middle_long,5.3,7,5-7,1.0,"('רשת 13', '2024-11-02', 53)","('רשת 13', '2024-11-02', 53)",17,early_evening,29,14,1.080943580943581,1.054154995331466,1.0829074485138612,3.4333333333333336,11
4157,רשת 13,Other_first_long,6.1,7,5-7,1.0,"('רשת 13', '2024-11-02', 55)","('רשת 13', '2024-11-02', 55)",18,early_evening,14,87,1.1941096888271414,1.1913513666559503,1.1986164518982176,4.1,1
4159,רשת 13,Other_middle_long,8.066666666666666,9,7-13,1.0,"('רשת 13', '2024-11-02', 57)","('רשת 13', '2024-11-02', 57)",19,early_evening,86,9,0.9266644109306522,0.8211299102815097,0.933389522833234,5.333333333333333,4
4160,רשת 13,News_middle_long,6.766666666666667,8,5-7,1.0,"('רשת 13', '2024-11-02', 60)","('רשת 13', '2024-11-02', 60)",20,late_evening,54,9,1.0961795524231615,1.050737411085758,1.0961795524231615,6.133333333333333,1
4161,רשת 13,News_last_long,6.65,7,5-7,2.0,"('רשת 13', '2024-11-02', 60)","('רשת 13', '2024-11-02', 60)",21,late_evening,9,18,0.9369676320272572,0.8662196989183619,0.9070636823545296,5.5,2
4162,רשת 13,News_last_standard,1.5,2,lt1.5,3.0,"('רשת 13', '2024-11-02', 60)","('רשת 13', '2024-11-02', 60)",21,late_evening,18,1,1.0083102622257791,0.9678836271439879,1.0083102622257791,6.366666666666667,11
4163,רשת 13,Other_middle_long,10.366666666666667,11,7-13,1.0,"('רשת 13', '2024-11-02', 66)","('רשת 13', '2024-11-02', 66)",22,late_evening,18,18,0.9485663574821568,0.8722721008041491,0.9485663574821568,8.6,12
4164,רשת 13,Other_last_long,10.8,12,7-13,2.0,"('רשת 13', '2024-11-02', 66)","('רשת 13', '2024-11-02', 66)",22,late_evening,18,14,1.2958314669746203,1.2030624881901402,1.2653974452216188,11.866666666666667,10
4165,רשת 13,Other_first_long,5.883333333333334,7,5-7,1.0,"('רשת 13', '2024-11-02', 70)","('רשת 13', '2024-11-02', 70)",23,late_evening,14,33,0.9290432812069159,0.9012515389639927,0.9158771372277563,6.633333333333333,5
4166,רשת 13,Other_middle_long,5.483333333333333,7,5-7,1.0,"('רשת 13', '2024-11-02', 72)","('רשת 13', '2024-11-02', 72)",23,late_evening,9,15,0.8610058823428096,0.8845902993243858,0.857380137185713,2.8666666666666667,9
4167,רשת 13,Other_first_long,6.916666666666667,8,5-7,1.0,"('רשת 13', '2024-11-03', 0)","('רשת 13', '2024-11-03', 0)",0,overnight,15,10,1.0364129246555502,1.0327488991550842,1.0364129246555502,2.6,0
4169,רשת 13,Other_first_long,6.35,7,5-7,1.0,"('רשת 13', '2024-11-03', 1)","('רשת 13', '2024-11-03', 1)",0,overnight,9,44,1.3494076814447145,1.4225365497076023,1.3506704192117196,2.5666666666666664,2
4170,רשת 13,Other_last_long,4.116666666666666,5,3.5-5,1.0,"('רשת 13', '2024-11-03', 3)","('רשת 13', '2024-11-03', 3)",1,overnight,44,34,1.861208452798131,1.8673317450412954,1.8597522582505395,2.6999999999999997,7
4171,רשת 13,Other_first_long,3.933333333333333,5,3.5-5,1.0,"('רשת 13', '2024-11-03', 7)","('רשת 13', '2024-11-03', 7)",2,overnight,34,39,1.3919521710762839,1.3876490700947475,1.3949376021725344,1.5,0
4172,רשת 13,Other_middle_long,4.916666666666667,6,3.5-5,1.0,"('רשת 13', '2024-11-03', 9)","('רשת 13', '2024-11-03', 9)",2,overnight,39,11,1.530746704050148,1.5349213532452926,1.514484613355113,1.2333333333333334,13
4173,רשת 13,Other_first_long,4.2,5,3.5-5,1.0,"('רשת 13', '2024-11-03', 11)","('רשת 13', '2024-11-03', 11)",2,overnight,11,18,1.9118725202691047,1.8211180124223603,1.9224489348645568,1.2,14
4174,רשת 13,Other_first_long,3.8333333333333335,5,3.5-5,1.0,"('רשת 13', '2024-11-03', 12)","('רשת 13', '2024-11-03', 12)",3,overnight,18,19,1.2796352583586625,1.2673617054661646,1.2797218024202155,0.6,6
4175,רשת 13,Other_last_long,3.2,4,2.5-3.5,2.0,"('רשת 13', '2024-11-03', 12)","('רשת 13', '2024-11-03', 12)",3,overnight,19,85,1.0037606837606838,0.9801009949502525,1.0037606837606838,0.4000000000000001,14
4176,רשת 13,Other_last_long,3.2,5,2.5-3.5,1.0,"('רשת 13', '2024-11-03', 17)","('רשת 13', '2024-11-03', 17)",5,overnight,85,16,1.1347325904287928,1.1302158785950078,1.1302158785950078,0.3,12
4177,רשת 13,Other_first_long,3.65,5,3.5-5,1.0,"('רשת 13', '2024-11-03', 19)","('רשת 13', '2024-11-03', 19)",5,overnight,16,39,2.150369676142872,2.161680963311989,2.195175438596491,0.6999999999999998,2
4178,רשת 13,PrimeShow1_first_long,3.816666666666667,5,3.5-5,1.0,"('רשת 13', '2024-11-03', 22)","('רשת 13', '2024-11-03', 22)",6,morning,39,53,1.734617658958638,1.7376473861596127,1.7348088841835947,1.4666666666666668,0
4179,רשת 13,Other_first_short,0.9333333333333333,2,lt1.5,1.0,"('רשת 13', '2024-11-03', 24)","('רשת 13', '2024-11-03', 24)",7,morning,53,1,1.2000035457220861,1.1466248328454227,1.1900859989250818,1.8999999999999997,12
4181,רשת 13,Other_first_long,7.7,9,7-13,3.0,"('רשת 13', '2024-11-03', 24)","('רשת 13', '2024-11-03', 24)",7,morning,14,24,1.2743233504163998,1.3071508333986905,1.28100418653147,1.9000000000000001,4
4182,רשת 13,Other_middle_short,0.9333333333333333,2,lt1.5,4.0,"('רשת 13', '2024-11-03', 24)","('רשת 13', '2024-11-03', 24)",8,morning,9,1,0.9392032426515186,0.8739377774025492,0.9345150339495718,1.6333333333333335,1
4184,רשת 13,Other_middle_long,6.133333333333334,7,5-7,6.0,"('רשת 13', '2024-11-03', 24)","('רשת 13', '2024-11-03', 24)",8,morning,14,22,0.7889332849531675,0.7187295538208317,0.7889332849531675,1.3333333333333333,9
4185,רשת 13,Other_last_short,0.2,1,lt1.5,7.0,"('רשת 13', '2024-11-03', 24)","('רשת 13', '2024-11-03', 24)",9,morning,22,11,0.8754885905153627,0.860144458385641,0.8754885905153627,1.5,7
4186,רשת 13,Other_last_short,0.21666666666666667,2,lt1.5,8.0,"('רשת 13', '2024-11-03', 24)","('רשת 13', '2024-11-03', 24)",9,morning,22,10,0.8754885905153627,0.860144458385641,0.8754885905153627,1.5,7
4187,רשת 13,Other_last_long,7.383333333333334,8,7-13,9.0,"('רשת 13', '2024-11-03', 24)","('רשת 13', '2024-11-03', 24)",9,morning,11,18,0.9620219751005706,0.9182072829131652,0.9759472765142748,1.4333333333333333,3
4188,רשת 13,Other_last_long,5.516666666666667,6,5-7,10.0,"('רשת 13', '2024-11-03', 24)","('רשת 13', '2024-11-03', 24)",9,morning,18,19,0.7358711243517599,0.7509268800258617,0.7284219806294887,1.1666666666666667,13
4189,רשת 13,Other_first_short,0.2,1,lt1.5,1.0,"('רשת 13', '2024-11-03', 35)","('רשת 13', '2024-11-03', 35)",10,morning,19,22,1.187112461647659,1.2158714068955563,1.1821346956690302,1.9333333333333333,7
4190,רשת 13,Other_first_short,0.21666666666666667,2,lt1.5,2.0,"('רשת 13', '2024-11-03', 35)","('רשת 13', '2024-11-03', 35)",10,morning,19,21,1.187112461647659,1.2158714068955563,1.1821346956690302,1.9333333333333333,7
4191,רשת 13,Other_first_long,7.316666666666666,9,7-13,3.0,"('רשת 13', '2024-11-03', 35)","('רשת 13', '2024-11-03', 35)",10,morning,21,30,0.9170305676855893,0.8280893752849977,0.9137238621588349,1.3999999999999997,14
4192,רשת 13,Other_middle_short,0.2,1,lt1.5,4.0,"('רשת 13', '2024-11-03', 35)","('רשת 13', '2024-11-03', 35)",11,morning,30,22,0.9894736842105264,0.898919394386867,0.9552870718430522,1.5666666666666667,7
4193,רשת 13,Other_middle_short,0.21666666666666667,1,lt1.5,5.0,"('רשת 13', '2024-11-03', 35)","('רשת 13', '2024-11-03', 35)",11,morning,30,22,0.9894736842105264,0.898919394386867,0.9552870718430522,1.5666666666666667,7
4194,רשת 13,Other_last_long,5.216666666666667,7,5-7,6.0,"('רשת 13', '2024-11-03', 35)","('רשת 13', '2024-11-03', 35)",11,morning,22,30,0.5603448275862069,0.5812628331226345,0.5411703937773457,0.8666666666666666,14
4195,רשת 13,News_last_short,0.2,1,lt1.5,1.0,"('רשת 13', '2024-11-03', 43)","('רשת 13', '2024-11-03', 43)",12,afternoon,30,1,1.0375275938189847,0.9736478536055481,1.0027150819362534,1.5666666666666667,5
4197,רשת 13,Other_middle_long,4.216666666666667,5,3.5-5,1.0,"('רשת 13', '2024-11-03', 46)","('רשת 13', '2024-11-03', 46)",12,afternoon,22,30,0.8197616231462105,0.7852073070607553,0.8134548907733041,1.0333333333333334,13
4198,רשת 13,News_last_short,0.2,1,lt1.5,1.0,"('רשת 13', '2024-11-03', 49)","('רשת 13', '2024-11-03', 49)",13,afternoon,30,1,1.0526315789473684,1.0477329800249484,1.0451985248147537,1.3333333333333333,2
4201,רשת 13,Other_middle_long,4.533333333333333,5,3.5-5,1.0,"('רשת 13', '2024-11-03', 54)","('רשת 13', '2024-11-03', 54)",13,afternoon,20,30,0.8955761075379871,0.8943334891755508,0.9358589647411852,1.0666666666666667,1
4202,רשת 13,News_last_short,0.2,1,lt1.5,1.0,"('רשת 13', '2024-11-03', 57)","('רשת 13', '2024-11-03', 57)",14,afternoon,30,1,0.8646928610957386,0.8857357641318532,0.8696298556415352,1.2,5
4204,רשת 13,Other_middle_long,9.633333333333333,10,7-13,1.0,"('רשת 13', '2024-11-03', 60)","('רשת 13', '2024-11-03', 60)",14,afternoon,28,70,1.0198969116663774,0.9855615932426289,1.0036995494877574,1.6666666666666667,4
4205,רשת 13,Other_first_long,5.15,6,5-7,1.0,"('רשת 13', '2024-11-03', 63)","('רשת 13', '2024-11-03', 63)",15,afternoon,70,1,1.3852387876123906,1.397507136184397,1.3945624468988955,2.533333333333333,8
4207,רשת 13,Other_middle_long,6.75,8,5-7,1.0,"('רשת 13', '2024-11-03', 64)","('רשת 13', '2024-11-03', 64)",16,afternoon,34,37,1.0538558831073492,1.0192886593832233,1.0660078283819432,2.3666666666666667,3
4209,רשת 13,Other_middle_long,8.883333333333333,10,7-13,1.0,"('רשת 13', '2024-11-03', 66)","('רשת 13', '2024-11-03', 66)",17,early_evening,36,27,0.7317416466371717,0.7230016225027658,0.7317416466371717,2.1,2
4211,רשת 13,Other_first_standard,2.0,3,1.5-2.5,1.0,"('רשת 13', '2024-11-03', 68)","('רשת 13', '2024-11-03', 68)",17,early_evening,26,34,1.108505506285937,1.0873881703226138,1.0990669570211546,3.6666666666666665,8
4212,רשת 13,News_middle_long,9.233333333333333,11,7-13,1.0,"('רשת 13', '2024-11-03', 69)","('רשת 13', '2024-11-03', 69)",18,early_evening,34,21,1.2386525154515668,1.1691587150294926,1.222563040010536,5.0,14
4214,רשת 13,PrimeShow2_first_long,9.716666666666667,10,7-13,1.0,"('רשת 13', '2024-11-03', 71)","('רשת 13', '2024-11-03', 71)",19,early_evening,20,1,1.338819210065277,1.3299202760001905,1.299727791077395,6.033333333333334,0
4216,רשת 13,Other_first_standard,2.3,3,1.5-2.5,1.0,"('רשת 13', '2024-11-03', 74)","('רשת 13', '2024-11-03', 74)",19,early_evening,15,30,1.3797101406407706,1.3148453873387758,1.3379666187823822,8.166666666666668,5
4217,רשת 13,News_middle_long,9.0,10,7-13,1.0,"('רשת 13', '2024-11-03', 75)","('רשת 13', '2024-11-03', 75)",20,late_evening,20,15,1.441949556400518,1.3509961725361788,1.441979062256119,8.433333333333332,13
4218,רשת 13,News_last_long,7.85,9,7-13,2.0,"('רשת 13', '2024-11-03', 75)","('רשת 13', '2024-11-03', 75)",21,late_evening,15,16,1.4482781536880658,1.4094734283200683,1.4430491304409125,8.366666666666667,7
4219,רשת 13,News_last_standard,1.8166666666666667,3,1.5-2.5,3.0,"('רשת 13', '2024-11-03', 75)","('רשת 13', '2024-11-03', 75)",21,late_evening,16,1,0.9765585732289727,0.9533134902899402,0.9765585732289727,7.633333333333333,1
4220,רשת 13,Other_middle_long,10.716666666666667,12,7-13,1.0,"('רשת 13', '2024-11-03', 82)","('רשת 13', '2024-11-03', 82)",22,late_evening,33,13,1.2744762428098706,1.1572730072350714,1.2730014233133915,13.466666666666667,7
4221,רשת 13,Other_first_long,11.25,12,7-13,1.0,"('רשת 13', '2024-11-03', 84)","('רשת 13', '2024-11-03', 84)",22,late_evening,13,23,1.1896179198819314,1.072052522170049,1.1817857921564112,10.966666666666667,1
4222,רשת 13,Other_middle_long,7.066666666666666,8,7-13,1.0,"('רשת 13', '2024-11-03', 86)","('רשת 13', '2024-11-03', 86)",23,late_evening,23,1,1.0597451937394615,1.0279489123615067,1.0446334931660726,7.566666666666667,5
4223,רשת 13,Other_last_long,7.933333333333334,9,7-13,1.0,"('רשת 13', '2024-11-03', 88)","('רשת 13', '2024-11-03', 88)",23,late_evening,31,28,1.489078780849307,1.3715734441264325,1.489078780849307,5.599999999999999,14
4224,רשת 13,Other_middle_long,6.4,7,5-7,1.0,"('רשת 13', '2024-11-04', 0)","('רשת 13', '2024-11-04', 0)",0,overnight,28,1,1.2493781174217073,1.2019502337198997,1.248749958898812,2.8333333333333335,5
4226,רשת 13,PrimeShow1_first_long,5.166666666666667,7,5-7,1.0,"('רשת 13', '2024-11-04', 3)","('רשת 13', '2024-11-04', 3)",0,overnight,17,83,1.3696838264401645,1.279743501681433,1.3671541277778694,2.466666666666667,14
4227,רשת 13,Other_middle_long,3.3333333333333335,5,2.5-3.5,1.0,"('רשת 13', '2024-11-04', 7)","('רשת 13', '2024-11-04', 7)",2,overnight,83,21,1.4115512008750442,1.3882013258509271,1.4150655217325385,1.3,13
4228,רשת 13,Other_middle_long,3.466666666666667,4,2.5-3.5,1.0,"('רשת 13', '2024-11-04', 9)","('רשת 13', '2024-11-04', 9)",2,overnight,21,162,1.4516286380994792,1.4350602229347966,1.4497325888921537,1.2,8
4229,רשת 13,Other_last_standard,2.15,3,1.5-2.5,1.0,"('רשת 13', '2024-11-04', 15)","('רשת 13', '2024-11-04', 15)",5,overnight,162,24,1.8881578947368423,1.9925937516298962,1.9150381100314273,0.6,8
4230,רשת 13,Other_middle_standard,1.5833333333333333,2,1.5-2.5,1.0,"('רשת 13', '2024-11-04', 17)","('רשת 13', '2024-11-04', 17)",5,overnight,24,24,1.67163566444142,1.7299500858651518,1.7434850073905073,0.8000000000000002,4
4231,רשת 13,PrimeShow1_first_long,3.3666666666666667,4,2.5-3.5,1.0,"('רשת 13', '2024-11-04', 20)","('רשת 13', '2024-11-04', 20)",6,morning,24,1,1.5415180315899246,1.5373880081673688,1.5415180315899246,1.3,14
4233,רשת 13,Other_first_short,0.5,1,lt1.5,1.0,"('רשת 13', '2024-11-04', 22)","('רשת 13', '2024-11-04', 22)",7,morning,57,1,1.4007424320905433,1.4019941676707355,1.4007424320905433,2.1,0
4235,רשת 13,Other_first_long,6.866666666666666,8,5-7,3.0,"('רשת 13', '2024-11-04', 22)","('רשת 13', '2024-11-04', 22)",7,morning,15,22,1.8107383087764255,1.7586433123782654,1.7471669989410026,2.7000000000000006,7
4236,רשת 13,Other_middle_short,0.5,1,lt1.5,4.0,"('רשת 13', '2024-11-04', 22)","('רשת 13', '2024-11-04', 22)",8,morning,7,1,1.5389536459745188,1.5003353950198495,1.5800155398586841,2.7000000000000006,14
4238,רשת 13,Other_middle_long,8.2,9,7-13,6.0,"('רשת 13', '2024-11-04', 22)","('רשת 13', '2024-11-04', 22)",8,morning,19,18,1.8384929848310143,1.682530321997717,1.8384929848310143,3.0,11
4239,רשת 13,Other_last_long,7.083333333333333,8,7-13,7.0,"('רשת 13', '2024-11-04', 22)","('רשת 13', '2024-11-04', 22)",9,morning,8,18,1.4615006400392583,1.3023217329938939,1.4615006400392583,2.266666666666667,0
4240,רשת 13,Other_last_long,7.133333333333334,8,7-13,8.0,"('רשת 13', '2024-11-04', 22)","('רשת 13', '2024-11-04', 22)",9,morning,18,19,1.7671826625386997,1.8411448416700644,1.7699582817564403,2.7999999999999994,10
4241,רשת 13,Other_first_long,6.95,8,5-7,1.0,"('רשת 13', '2024-11-04', 33)","('רשת 13', '2024-11-04', 33)",10,morning,22,32,1.8545157024478884,1.7013415096969815,1.8530526894845505,2.8333333333333335,13
4242,רשת 13,Other_last_long,8.733333333333333,9,7-13,2.0,"('רשת 13', '2024-11-04', 33)","('רשת 13', '2024-11-04', 33)",11,morning,22,28,1.293103448275862,1.3421323129638918,1.249710628052874,2.0,14
4243,רשת 13,Other_middle_long,7.383333333333334,9,7-13,1.0,"('רשת 13', '2024-11-04', 43)","('רשת 13', '2024-11-04', 43)",12,afternoon,17,20,1.4583333333333333,1.4875834073995462,1.4809696080556158,1.8666666666666665,7
4244,רשת 13,Other_middle_short,0.8166666666666667,2,lt1.5,1.0,"('רשת 13', '2024-11-04', 45)","('רשת 13', '2024-11-04', 45)",12,afternoon,20,15,1.148898399017584,1.0877572001590372,1.1353418076681019,1.4666666666666668,5
4245,רשת 13,Other_middle_long,5.25,6,5-7,1.0,"('רשת 13', '2024-11-04', 52)","('רשת 13', '2024-11-04', 52)",13,afternoon,15,31,0.8123249299719887,0.801519446359713,0.8050682734982165,0.9666666666666668,13
4246,רשת 13,Other_middle_long,5.516666666666667,6,5-7,1.0,"('רשת 13', '2024-11-04', 58)","('רשת 13', '2024-11-04', 58)",14,afternoon,30,63,1.478199399126461,1.473981098811618,1.468679982373402,2.4,5
4247,רשת 13,Other_last_long,4.383333333333334,5,3.5-5,1.0,"('רשת 13', '2024-11-04', 60)","('רשת 13', '2024-11-04', 60)",15,afternoon,63,51,0.6140736932812113,0.6167341864088334,0.613066226807946,1.0666666666666667,13
4249,רשת 13,Other_last_long,7.283333333333333,8,7-13,1.0,"('רשת 13', '2024-11-04', 62)","('רשת 13', '2024-11-04', 62)",16,afternoon,50,1,1.0772423604962549,1.0207794594644928,1.077766776428011,2.4333333333333336,8
4251,רשת 13,Other_first_long,8.366666666666667,10,7-13,1.0,"('רשת 13', '2024-11-04', 64)","('רשת 13', '2024-11-04', 64)",17,early_evening,25,32,1.3333333333333333,1.3464331218300576,1.325025532706074,4.0,12
4253,רשת 13,Other_first_standard,2.0,3,1.5-2.5,1.0,"('רשת 13', '2024-11-04', 66)","('רשת 13', '2024-11-04', 66)",17,early_evening,31,37,1.5216698339992856,1.4924444072206817,1.508672744966657,5.033333333333333,8
4254,רשת 13,News_middle_long,7.933333333333334,9,7-13,1.0,"('רשת 13', '2024-11-04', 67)","('רשת 13', '2024-11-04', 67)",18,early_evening,37,19,1.256301824212272,1.1801364015397824,1.237528238838023,5.033333333333334,2
4256,רשת 13,PrimeShow2_first_long,9.183333333333334,10,7-13,1.0,"('רשת 13', '2024-11-04', 69)","('רשת 13', '2024-11-04', 69)",18,early_evening,18,42,0.990565489042546,0.9665934708392374,0.9861820753557868,4.433333333333334,14
4258,רשת 13,Other_first_standard,2.216666666666667,4,1.5-2.5,1.0,"('רשת 13', '2024-11-04', 71)","('רשת 13', '2024-11-04', 71)",19,early_evening,41,45,1.2727943463165738,1.2135788572536987,1.234909762145555,7.533333333333334,5
4259,רשת 13,News_middle_long,8.4,10,7-13,1.0,"('רשת 13', '2024-11-04', 72)","('רשת 13', '2024-11-04', 72)",20,late_evening,45,18,1.1061319102911875,1.0846972544790967,1.1051930236150738,7.066666666666666,8
4260,רשת 13,News_last_long,8.25,9,7-13,2.0,"('רשת 13', '2024-11-04', 72)","('רשת 13', '2024-11-04', 72)",21,late_evening,18,16,1.3515048268029528,1.2547682011575394,1.3184666601510182,7.933333333333333,5
4261,רשת 13,News_last_standard,1.7,3,1.5-2.5,3.0,"('רשת 13', '2024-11-04', 72)","('רשת 13', '2024-11-04', 72)",21,late_evening,16,1,1.3987030471203905,1.3819990601865666,1.3987030471203905,9.566666666666668,14
4264,רשת 13,Other_middle_long,12.15,13,7-13,1.0,"('רשת 13', '2024-11-04', 78)","('רשת 13', '2024-11-04', 78)",22,late_evening,19,14,1.8647077686460551,1.7104759838319845,1.8647077686460551,16.799999999999997,12
4265,רשת 13,Other_last_long,11.166666666666666,12,7-13,2.0,"('רשת 13', '2024-11-04', 78)","('רשת 13', '2024-11-04', 78)",22,late_evening,10,6,2.168656701302384,2.043481473005993,2.1823545797608266,17.0,4
4266,רשת 13,Other_first_long,8.783333333333333,10,7-13,1.0,"('רשת 13', '2024-11-04', 83)","('רשת 13', '2024-11-04', 83)",23,late_evening,6,1,2.270117075393365,2.1506310964327717,2.256474703245075,16.099999999999998,6
4267,רשת 13,PrimeShow1_first_long,8.616666666666667,10,7-13,1.0,"('רשת 13', '2024-11-04', 86)","('רשת 13', '2024-11-04', 86)",23,late_evening,34,1,1.127791468008793,1.1298093580785313,1.1308439919667037,3.8333333333333335,5
4268,רשת 13,Other_last_long,5.2,6,5-7,1.0,"('רשת 13', '2024-11-05', 1)","('רשת 13', '2024-11-05', 1)",0,overnight,36,13,0.8126635921725041,0.8515484001499433,0.8137001878923141,1.5333333333333332,6
4269,רשת 13,Other_first_long,4.133333333333334,6,3.5-5,1.0,"('רשת 13', '2024-11-05', 3)","('רשת 13', '2024-11-05', 3)",0,overnight,13,53,0.2799670865923854,0.28435579892601587,0.2803831673348302,0.4666666666666666,9
4270,רשת 13,Other_last_long,3.7,5,3.5-5,1.0,"('רשת 13', '2024-11-05', 4)","('רשת 13', '2024-11-05', 4)",1,overnight,53,32,1.0606857268046883,1.016565753867911,1.054973298243994,1.2666666666666666,7
4271,רשת 13,Other_middle_long,5.633333333333334,7,5-7,1.0,"('רשת 13', '2024-11-05', 7)","('רשת 13', '2024-11-05', 7)",2,overnight,32,28,0.6563706563706564,0.6568707745178334,0.6652719261414913,0.5666666666666667,13
4272,רשת 13,Other_middle_long,4.983333333333333,6,3.5-5,1.0,"('רשת 13', '2024-11-05', 9)","('רשת 13', '2024-11-05', 9)",3,overnight,28,135,0.8152334444208998,0.8341633347612928,0.8182524946277048,0.5,2
4273,רשת 13,Other_middle_long,5.733333333333333,6,5-7,1.0,"('רשת 13', '2024-11-05', 15)","('רשת 13', '2024-11-05', 15)",5,overnight,135,48,1.2676371780515119,1.3283958344199307,1.2812676853423883,0.4000000000000001,7
4274,רשת 13,PrimeShow1_first_standard,2.85,4,2.5-3.5,1.0,"('רשת 13', '2024-11-05', 19)","('רשת 13', '2024-11-05', 19)",6,morning,48,54,0.5518035541999938,0.5533927252746483,0.5516589838034952,0.4666666666666666,0
4276,רשת 13,Other_first_short,0.5166666666666667,2,lt1.5,1.0,"('רשת 13', '2024-11-05', 21)","('רשת 13', '2024-11-05', 21)",7,morning,54,1,1.3051784337985695,1.2461039430409484,1.293959217533727,2.066666666666667,12
4278,רשת 13,Other_first_long,9.133333333333333,11,7-13,3.0,"('רשת 13', '2024-11-05', 21)","('רשת 13', '2024-11-05', 21)",7,morning,13,21,0.8482142857142859,0.8641427364984141,0.8431384035813233,1.2666666666666666,5
4279,רשת 13,Other_middle_short,0.5166666666666667,2,lt1.5,4.0,"('רשת 13', '2024-11-05', 21)","('רשת 13', '2024-11-05', 21)",8,morning,5,1,0.8538899430740038,0.8686091574830227,0.859677524676702,1.5,12
4281,רשת 13,Other_middle_long,8.966666666666667,10,7-13,6.0,"('רשת 13', '2024-11-05', 21)","('רשת 13', '2024-11-05', 21)",8,morning,15,20,0.984451315140924,0.9654614696368351,0.9754823439244998,1.7,6
4282,רשת 13,Other_last_long,7.966666666666667,9,7-13,7.0,"('רשת 13', '2024-11-05', 21)","('רשת 13', '2024-11-05', 21)",9,morning,8,19,0.6150967694286376,0.571756665210482,0.6146943581804383,1.0,13
4283,רשת 13,Other_last_long,8.183333333333334,9,7-13,8.0,"('רשת 13', '2024-11-05', 21)","('רשת 13', '2024-11-05', 21)",9,morning,19,17,0.7152587350729765,0.7449641525554781,0.7167540297784365,1.1333333333333333,10
4284,רשת 13,Other_first_long,6.15,7,5-7,1.0,"('רשת 13', '2024-11-05', 32)","('רשת 13', '2024-11-05', 32)",10,morning,19,16,0.629587803500847,0.6261157689386606,0.6318246308398175,0.9666666666666667,10
4285,רשת 13,Other_middle_long,6.316666666666666,8,5-7,2.0,"('רשת 13', '2024-11-05', 32)","('רשת 13', '2024-11-05', 32)",10,morning,16,11,0.8817204301075269,0.8587007814702851,0.8852293273963876,1.3666666666666665,2
4286,רשת 13,Other_last_long,9.016666666666667,10,7-13,3.0,"('רשת 13', '2024-11-05', 32)","('רשת 13', '2024-11-05', 32)",11,morning,28,21,0.7786622189530693,0.8143604978595059,0.7781036429494946,1.2,4
4287,רשת 13,Other_middle_long,8.333333333333334,10,7-13,1.0,"('רשת 13', '2024-11-05', 43)","('רשת 13', '2024-11-05', 43)",12,afternoon,26,11,1.0079575596816974,0.9706770702687892,0.9848789198844307,1.2666666666666666,1
4288,רשת 13,Other_first_standard,2.85,4,2.5-3.5,1.0,"('רשת 13', '2024-11-05', 45)","('רשת 13', '2024-11-05', 45)",12,afternoon,11,11,0.9432415262316112,0.900944556444661,0.9401308206146624,1.2,6
4289,רשת 13,Other_first_long,10.066666666666666,11,7-13,1.0,"('רשת 13', '2024-11-05', 51)","('רשת 13', '2024-11-05', 51)",13,afternoon,24,27,0.784313725490196,0.7861745287173844,0.7857249610255254,0.9333333333333332,14
4290,רשת 13,Other_middle_long,9.45,10,7-13,1.0,"('רשת 13', '2024-11-05', 57)","('רשת 13', '2024-11-05', 57)",14,afternoon,19,9,0.7784493041749503,0.7287631299750589,0.7789806846433353,1.3,10
4291,רשת 13,Other_last_long,5.066666666666666,6,5-7,2.0,"('רשת 13', '2024-11-05', 57)","('רשת 13', '2024-11-05', 57)",14,afternoon,9,35,0.7651847979525958,0.7206157614273058,0.7610231929173953,1.2666666666666668,13
4292,רשת 13,Other_middle_long,5.583333333333333,7,5-7,1.0,"('רשת 13', '2024-11-05', 60)","('רשת 13', '2024-11-05', 60)",15,afternoon,35,59,0.632585432630507,0.630572885874005,0.6313892957117435,1.0333333333333334,8
4294,רשת 13,Other_middle_long,7.966666666666667,9,7-13,1.0,"('רשת 13', '2024-11-05', 62)","('רשת 13', '2024-11-05', 62)",16,afternoon,58,39,0.7292628388152105,0.7136418557651435,0.7241902646979329,1.6333333333333335,13
4296,רשת 13,Other_middle_long,9.466666666666667,11,7-13,1.0,"('רשת 13', '2024-11-05', 64)","('רשת 13', '2024-11-05', 64)",17,early_evening,38,28,0.9591452951755777,0.9685721368632692,0.9584554700955087,2.8333333333333335,0
4298,רשת 13,Other_first_standard,2.0,3,1.5-2.5,1.0,"('רשת 13', '2024-11-05', 66)","('רשת 13', '2024-11-05', 66)",17,early_evening,27,40,1.179029415586525,1.156373108194128,1.1686317443604226,3.9,8
4299,רשת 13,News_middle_long,9.0,10,7-13,1.0,"('רשת 13', '2024-11-05', 67)","('רשת 13', '2024-11-05', 67)",18,early_evening,40,15,1.1686228895703359,1.157641348068602,1.1767058620777993,4.533333333333334,5
4301,רשת 13,PrimeShow2_first_long,10.65,12,7-13,1.0,"('רשת 13', '2024-11-05', 69)","('רשת 13', '2024-11-05', 69)",18,early_evening,14,29,1.124633247843752,1.0974374840804006,1.1196624482689386,5.033333333333333,14
4302,רשת 13,Other_first_standard,2.0,3,1.5-2.5,1.0,"('רשת 13', '2024-11-05', 72)","('רשת 13', '2024-11-05', 72)",19,early_evening,12,76,1.2915801636532163,1.2229324619218698,1.2366144218444435,7.666666666666667,6
4303,רשת 13,PrimeShow1_first_long,8.65,9,7-13,1.0,"('רשת 13', '2024-11-05', 74)","('רשת 13', '2024-11-05', 74)",21,late_evening,76,24,1.3301942319011182,1.3306654283250747,1.3475793226862358,7.533333333333332,9
4304,רשת 13,PrimeShow2_middle_long,8.216666666666667,10,7-13,1.0,"('רשת 13', '2024-11-05', 75)","('רשת 13', '2024-11-05', 75)",21,late_evening,24,13,0.875637311980511,0.8496276818699862,0.8758261977726057,9.133333333333333,11
4305,רשת 13,PrimeShow2_last_standard,1.75,2,1.5-2.5,2.0,"('רשת 13', '2024-11-05', 75)","('רשת 13', '2024-11-05', 75)",22,late_evening,13,14,0.8123360591096848,0.7474003494596696,0.8110624439600391,8.633333333333333,3
4306,רשת 13,Other_first_long,10.066666666666666,11,7-13,1.0,"('רשת 13', '2024-11-05', 78)","('רשת 13', '2024-11-05', 78)",22,late_evening,14,24,0.865265760197775,0.7856023123430838,0.9291808999017421,7.0,3
4307,רשת 13,Other_first_long,9.333333333333334,11,7-13,1.0,"('רשת 13', '2024-11-05', 79)","('רשת 13', '2024-11-05', 79)",22,late_evening,24,20,0.7843566720170183,0.8002223546036409,0.7839022996046191,6.066666666666666,7
4308,רשת 13,Other_middle_long,5.716666666666667,7,5-7,2.0,"('רשת 13', '2024-11-05', 79)","('רשת 13', '2024-11-05', 79)",23,late_evening,20,1,0.9020116807268007,0.8856692580439511,0.8850363238906803,4.633333333333334,7
4309,רשת 13,Other_last_long,6.233333333333333,7,5-7,3.0,"('רשת 13', '2024-11-05', 79)","('רשת 13', '2024-11-05', 79)",23,late_evening,19,4,0.9013465006151099,0.911874541747904,0.9013465006151099,3.1,3
4310,רשת 13,Other_middle_long,5.083333333333333,6,5-7,1.0,"('רשת 13', '2024-11-06', 0)","('רשת 13', '2024-11-06', 0)",0,overnight,28,1,2.026803506152451,2.00532918464585,2.018486401316359,4.133333333333333,12
4312,רשת 13,Other_first_standard,2.966666666666667,4,2.5-3.5,1.0,"('רשת 13', '2024-11-06', 2)","('רשת 13', '2024-11-06', 2)",0,overnight,21,38,1.8194890450244532,1.8480805768326585,1.8221199223478273,3.033333333333333,9
4313,רשת 13,Other_middle_short,0.7833333333333333,2,lt1.5,1.0,"('רשת 13', '2024-11-06', 4)","('רשת 13', '2024-11-06', 4)",1,overnight,38,1,1.989821882951654,1.906018407999788,1.989821882951654,2.6,5
4314,רשת 13,Other_middle_long,4.483333333333333,5,3.5-5,1.0,"('רשת 13', '2024-11-06', 7)","('רשת 13', '2024-11-06', 7)",2,overnight,77,109,2.843772233771496,2.7581811496506927,2.843772233771496,2.0,9
4315,רשת 13,Other_middle_long,3.55,4,3.5-5,1.0,"('רשת 13', '2024-11-06', 9)","('רשת 13', '2024-11-06', 9)",4,overnight,109,43,1.8608788471802171,1.8269193958460475,1.8269193958460475,0.4666666666666666,2
4316,רשת 13,Other_last_long,3.8333333333333335,5,3.5-5,2.0,"('רשת 13', '2024-11-06', 9)","('רשת 13', '2024-11-06', 9)",5,overnight,43,46,1.6164115380610227,1.6492813524690064,1.6377192982456144,0.5333333333333333,3
4317,רשת 13,Other_middle_long,3.55,4,3.5-5,1.0,"('רשת 13', '2024-11-06', 12)","('רשת 13', '2024-11-06', 12)",6,morning,46,1,1.6082896557860575,1.587428156208472,1.6081832071262463,1.6333333333333335,8
4319,רשת 13,Other_first_short,0.8166666666666667,2,lt1.5,1.0,"('רשת 13', '2024-11-06', 14)","('רשת 13', '2024-11-06', 14)",7,morning,52,1,2.8361858190709053,2.6866544214706596,2.885086960253037,3.866666666666667,4
4321,רשת 13,Other_first_long,5.8,7,5-7,3.0,"('רשת 13', '2024-11-06', 14)","('רשת 13', '2024-11-06', 14)",7,morning,11,1,1.9225456438180653,1.8674907366408846,1.8553553541350283,2.8666666666666667,7
4322,רשת 13,Other_middle_short,0.8166666666666667,2,lt1.5,4.0,"('רשת 13', '2024-11-06', 14)","('רשת 13', '2024-11-06', 14)",8,morning,22,29,1.878557874762808,1.877394177291477,1.8785263093339875,3.2999999999999994,6
4324,רשת 13,Other_middle_long,8.333333333333334,10,7-13,6.0,"('רשת 13', '2024-11-06', 14)","('רשת 13', '2024-11-06', 14)",8,morning,23,91,1.4672671057937894,1.4343438490235547,1.4519223747687853,2.533333333333333,6
4325,רשת 13,Other_first_long,4.75,6,3.5-5,1.0,"('רשת 13', '2024-11-06', 19)","('רשת 13', '2024-11-06', 19)",10,morning,91,4,1.1085271224137472,1.1118136514898704,1.1118136514898704,1.7666666666666666,1
4327,רשת 13,Other_middle_long,6.433333333333334,8,5-7,3.0,"('רשת 13', '2024-11-06', 19)","('רשת 13', '2024-11-06', 19)",10,morning,26,6,1.189634699353922,1.1298282493343006,1.1877407608359833,1.8333333333333333,7
4332,רשת 13,Other_first_long,6.566666666666666,7,5-7,1.0,"('רשת 13', '2024-11-06', 28)","('רשת 13', '2024-11-06', 28)",12,afternoon,17,9,1.604876064506817,1.5526841758773644,1.6107461774549696,2.0333333333333337,7
4334,רשת 13,Other_middle_long,7.066666666666666,8,7-13,3.0,"('רשת 13', '2024-11-06', 28)","('רשת 13', '2024-11-06', 28)",13,afternoon,19,32,2.4929971988795514,2.375129954515919,2.4489909018726554,2.9666666666666663,12
4335,רשת 13,Other_last_long,6.5,8,5-7,4.0,"('רשת 13', '2024-11-06', 28)","('רשת 13', '2024-11-06', 28)",14,afternoon,17,80,0.9373015873015872,0.8839462630588857,0.9325888348716503,1.5666666666666667,9
4337,רשת 13,Other_first_long,6.483333333333333,8,5-7,1.0,"('רשת 13', '2024-11-06', 37)","('רשת 13', '2024-11-06', 37)",15,afternoon,79,33,0.9908323475642543,0.973206814093655,0.9827330160813915,1.7999999999999998,6
4339,רשת 13,Other_middle_long,7.533333333333333,9,7-13,1.0,"('רשת 13', '2024-11-06', 38)","('רשת 13', '2024-11-06', 38)",16,afternoon,32,34,1.5097159940209266,1.4695837566100345,1.4999834943876593,3.3666666666666667,1
4341,רשת 13,Other_first_long,6.9,8,5-7,1.0,"('רשת 13', '2024-11-06', 40)","('רשת 13', '2024-11-06', 40)",17,early_evening,33,1,1.222222222222222,1.2420735114307977,1.2191213869050783,3.6666666666666665,13
4344,רשת 13,Other_first_standard,2.0,3,1.5-2.5,1.0,"('רשת 13', '2024-11-06', 42)","('רשת 13', '2024-11-06', 42)",17,early_evening,29,45,0.8767217295260371,0.8598814924517318,0.8691834178871126,2.9,8
4347,רשת 13,PrimeShow2_first_long,7.716666666666667,8,7-13,1.0,"('רשת 13', '2024-11-06', 45)","('רשת 13', '2024-11-06', 45)",19,early_evening,12,1,1.1318589018696532,1.1232824522403593,1.1001577443730923,5.1000000000000005,0
4349,רשת 13,Other_first_standard,2.216666666666667,3,1.5-2.5,1.0,"('רשת 13', '2024-11-06', 48)","('רשת 13', '2024-11-06', 48)",19,early_evening,10,43,1.2860756389717598,1.217679009929605,1.2315335454280623,7.633333333333333,6
4350,רשת 13,News_middle_long,6.966666666666667,8,5-7,1.0,"('רשת 13', '2024-11-06', 49)","('רשת 13', '2024-11-06', 49)",20,late_evening,43,30,1.0607621009268795,1.0456379270653728,1.0540013566933295,6.866666666666667,6
4351,רשת 13,News_last_short,1.3833333333333333,3,lt1.5,2.0,"('רשת 13', '2024-11-06', 49)","('רשת 13', '2024-11-06', 49)",21,late_evening,29,24,1.2124779281930549,1.176915460980233,1.2526750228792805,6.866666666666667,13
4353,רשת 13,News_last_short,1.0,2,lt1.5,4.0,"('רשת 13', '2024-11-06', 49)","('רשת 13', '2024-11-06', 49)",21,late_evening,17,1,0.7778322965418673,0.7654719804457063,0.7778532838521,8.0,9
4354,רשת 13,Other_middle_long,10.716666666666667,12,7-13,1.0,"('רשת 13', '2024-11-06', 55)","('רשת 13', '2024-11-06', 55)",22,late_evening,34,13,1.4173877214668316,1.252481530160627,1.459062886675943,11.466666666666667,0
4356,רשת 13,Other_last_long,3.3833333333333333,4,2.5-3.5,3.0,"('רשת 13', '2024-11-06', 55)","('רשת 13', '2024-11-06', 55)",22,late_evening,12,6,1.2273189426204818,1.0974417497394293,1.1786263052321473,11.333333333333334,9
4357,רשת 13,Other_first_long,7.3,8,7-13,1.0,"('רשת 13', '2024-11-06', 58)","('רשת 13', '2024-11-06', 58)",22,late_evening,6,8,1.4328231292517006,1.3377013950134684,1.4490668646771916,11.233333333333334,3
4358,רשת 13,Other_first_long,7.466666666666667,8,7-13,1.0,"('רשת 13', '2024-11-06', 60)","('רשת 13', '2024-11-06', 60)",23,late_evening,8,1,0.9205347990815057,0.9154066551006387,0.9078540558140618,6.666666666666667,3
4360,רשת 13,Other_first_long,5.583333333333333,6,5-7,1.0,"('רשת 13', '2024-11-07', 0)","('רשת 13', '2024-11-07', 0)",0,overnight,17,1,1.2304392363255,1.2139440108514845,1.2304392363255,3.0666666666666664,1
4362,רשת 13,Other_first_long,4.416666666666667,5,3.5-5,1.0,"('רשת 13', '2024-11-07', 1)","('רשת 13', '2024-11-07', 1)",0,overnight,3,72,1.462895656974604,1.3896839859549313,1.456913339824732,3.05,10
4363,רשת 13,Other_last_long,3.783333333333333,5,3.5-5,1.0,"('רשת 13', '2024-11-07', 3)","('רשת 13', '2024-11-07', 3)",1,overnight,72,29,0.8374379994488841,0.8445497484650977,0.837710687057959,1.0666666666666667,11
4364,רשת 13,Other_middle_short,1.1,2,lt1.5,1.0,"('רשת 13', '2024-11-07', 7)","('רשת 13', '2024-11-07', 7)",2,overnight,32,19,0.7650235729804553,0.7798879797640863,0.7650235729804553,0.6,1
4365,רשת 13,Other_first_short,1.0833333333333333,2,lt1.5,1.0,"('רשת 13', '2024-11-07', 9)","('רשת 13', '2024-11-07', 9)",3,overnight,19,32,0.6964716919363431,0.6956701663598216,0.6964716919363431,0.4000000000000001,6
4366,רשת 13,Other_middle_short,1.4166666666666667,2,lt1.5,1.0,"('רשת 13', '2024-11-07', 11)","('רשת 13', '2024-11-07', 11)",3,overnight,17,90,0.5539192548538343,0.5603470603470604,0.5625110209839534,0.20000000000000004,11
4368,רשת 13,Other_first_short,1.05,2,lt1.5,1.0,"('רשת 13', '2024-11-07', 18)","('רשת 13', '2024-11-07', 18)",5,overnight,16,29,0.43956633748389873,0.41272440944881894,0.4083333333333333,0.2,0
4369,רשת 13,PrimeShow1_first_standard,2.95,4,2.5-3.5,1.0,"('רשת 13', '2024-11-07', 21)","('רשת 13', '2024-11-07', 21)",6,morning,29,1,0.5124334754598363,0.5135376528108803,0.5122889050633376,0.43333333333333335,0
4371,רשת 13,Other_first_short,0.5666666666666667,1,lt1.5,1.0,"('רשת 13', '2024-11-07', 23)","('רשת 13', '2024-11-07', 23)",7,morning,51,1,1.3426880186036678,1.2682189489067939,1.3341113920767684,2.1333333333333333,10
4374,רשת 13,Other_middle_standard,1.75,3,1.5-2.5,4.0,"('רשת 13', '2024-11-07', 23)","('רשת 13', '2024-11-07', 23)",8,morning,7,1,1.4251016535646517,1.3873227374076513,1.462824016407027,2.5,14
4377,רשת 13,Other_last_long,6.016666666666667,7,5-7,7.0,"('רשת 13', '2024-11-07', 23)","('רשת 13', '2024-11-07', 23)",9,morning,14,12,1.3422863577669908,1.2774887732870928,1.36174286255286,2.0,3
4378,רשת 13,Other_last_long,6.066666666666666,8,5-7,8.0,"('רשת 13', '2024-11-07', 23)","('רשת 13', '2024-11-07', 23)",9,morning,12,22,0.9493868616839963,0.9873161978727921,0.9636062861869313,1.5,6
4379,רשת 13,Other_first_long,5.85,6,5-7,1.0,"('רשת 13', '2024-11-07', 34)","('רשת 13', '2024-11-07', 34)",10,morning,14,26,1.2266870596959583,1.209426661761099,1.2164153436678016,1.8999999999999997,5
4381,רשת 13,Other_last_long,7.2,9,7-13,3.0,"('רשת 13', '2024-11-07', 34)","('רשת 13', '2024-11-07', 34)",11,morning,27,25,0.6690344082818203,0.7046025097806755,0.6675049169072246,1.0333333333333334,3
4382,רשת 13,Other_middle_standard,2.3,4,1.5-2.5,1.0,"('רשת 13', '2024-11-07', 45)","('רשת 13', '2024-11-07', 45)",12,afternoon,17,39,1.248917748917749,1.297395968631854,1.2824644542533241,1.6000000000000003,8
4384,רשת 13,Other_middle_long,4.016666666666667,6,3.5-5,1.0,"('רשת 13', '2024-11-07', 52)","('רשת 13', '2024-11-07', 52)",13,afternoon,19,58,1.11383648772033,1.077910346203029,1.1157925774187791,1.3333333333333333,9
4385,רשת 13,Other_first_long,7.55,8,7-13,1.0,"('רשת 13', '2024-11-07', 56)","('רשת 13', '2024-11-07', 56)",14,afternoon,58,1,1.2516961721733095,1.1061859412532538,1.2378187479299714,2.1,12
4386,רשת 13,Other_first_long,6.25,7,5-7,1.0,"('רשת 13', '2024-11-07', 59)","('רשת 13', '2024-11-07', 59)",15,afternoon,77,1,1.7196259229158943,1.711017737439213,1.7155080213903744,3.1333333333333333,7
4388,רשת 13,Other_middle_long,7.833333333333333,9,7-13,1.0,"('רשת 13', '2024-11-07', 60)","('רשת 13', '2024-11-07', 60)",16,afternoon,34,32,1.2272206829643484,1.179412020505409,1.2593997866644158,2.766666666666667,4
4390,רשת 13,Other_first_long,9.033333333333333,10,7-13,1.0,"('רשת 13', '2024-11-07', 62)","('רשת 13', '2024-11-07', 62)",17,early_evening,31,30,1.1803131991051454,1.1953619517644862,1.1776808972390858,3.533333333333333,14
4392,רשת 13,Other_first_standard,2.0,3,1.5-2.5,1.0,"('רשת 13', '2024-11-07', 64)","('רשת 13', '2024-11-07', 64)",17,early_evening,29,36,1.0984045577104247,1.0769530035919213,1.0886880603682079,3.633333333333333,8
4393,רשת 13,News_middle_long,7.75,9,7-13,1.0,"('רשת 13', '2024-11-07', 65)","('רשת 13', '2024-11-07', 65)",18,early_evening,36,1,1.1378057585587664,1.0628242666110292,1.1154171137938667,4.566666666666666,1
4395,רשת 13,PrimeShow2_first_long,6.833333333333333,8,5-7,1.0,"('רשת 13', '2024-11-07', 67)","('רשת 13', '2024-11-07', 67)",18,early_evening,19,34,1.3403489510093707,1.3076202743568903,1.3343012773064586,6.0,14
4396,רשת 13,Other_first_standard,2.216666666666667,3,1.5-2.5,1.0,"('רשת 13', '2024-11-07', 70)","('רשת 13', '2024-11-07', 70)",19,early_evening,11,53,1.1401461321406714,1.079315686413594,1.091895297708495,6.766666666666667,6
4397,רשת 13,News_middle_long,5.466666666666667,7,5-7,1.0,"('רשת 13', '2024-11-07', 71)","('רשת 13', '2024-11-07', 71)",20,late_evening,53,25,1.0959194633289264,1.0506105676350421,1.0959194633289264,6.133333333333333,1
4398,רשת 13,News_last_long,5.983333333333333,7,5-7,2.0,"('רשת 13', '2024-11-07', 71)","('רשת 13', '2024-11-07', 71)",21,late_evening,25,15,0.8197606218109676,0.753447792809029,0.8194746908958394,4.7,2
4399,רשת 13,Other_middle_long,8.383333333333333,9,7-13,1.0,"('רשת 13', '2024-11-07', 76)","('רשת 13', '2024-11-07', 76)",22,late_evening,29,24,0.9841750831863473,0.9221826864620087,0.9784083879263304,10.366666666666667,8
4400,רשת 13,Other_last_long,9.383333333333333,10,7-13,2.0,"('רשת 13', '2024-11-07', 76)","('רשת 13', '2024-11-07', 76)",22,late_evening,24,4,1.299162821698215,1.2053286841687683,1.2680024667915075,11.9,10
4401,רשת 13,Other_middle_long,6.466666666666667,7,5-7,1.0,"('רשת 13', '2024-11-07', 80)","('רשת 13', '2024-11-07', 80)",23,late_evening,13,1,0.9956217596053859,0.9387090348811323,0.9942492961031117,6.900000000000001,7
4402,רשת 13,Other_last_long,6.75,8,5-7,1.0,"('רשת 13', '2024-11-07', 82)","('רשת 13', '2024-11-07', 82)",23,late_evening,30,20,1.3125764030466887,1.2095784891455625,1.3125764030466887,4.933333333333334,14
4403,רשת 13,Other_first_long,5.766666666666667,7,5-7,1.0,"('רשת 13', '2024-11-08', 0)","('רשת 13', '2024-11-08', 0)",0,overnight,20,12,1.3436447833719118,1.3426710270283648,1.3436447833719118,3.6333333333333333,11
4405,רשת 13,Other_first_long,3.5833333333333335,4,3.5-5,1.0,"('רשת 13', '2024-11-08', 1)","('רשת 13', '2024-11-08', 1)",0,overnight,11,74,1.284541535493436,1.336170583521767,1.284541535493436,2.533333333333333,14
4406,רשת 13,Other_first_long,4.95,6,3.5-5,1.0,"('רשת 13', '2024-11-08', 3)","('רשת 13', '2024-11-08', 3)",1,overnight,74,40,1.288656698492764,1.2789929541943195,1.2909334272888298,1.5666666666666667,1
4407,רשת 13,Other_last_long,3.9,5,3.5-5,1.0,"('רשת 13', '2024-11-08', 5)","('רשת 13', '2024-11-08', 5)",2,overnight,40,38,0.8182011742349641,0.8313972274338127,0.8182679416248678,0.6999999999999998,1
4408,רשת 13,Other_middle_long,4.166666666666667,6,3.5-5,1.0,"('רשת 13', '2024-11-08', 7)","('רשת 13', '2024-11-08', 7)",3,overnight,38,196,1.4096897649529228,1.4101205991728356,1.4096897649529228,0.6999999999999998,13
4409,רשת 13,Other_middle_short,0.5,1,lt1.5,1.0,"('רשת 13', '2024-11-08', 12)","('רשת 13', '2024-11-08', 12)",6,morning,196,1,1.6464190132877663,1.667350631301839,1.667350631301839,1.9666666666666668,4
4411,רשת 13,Other_first_long,4.016666666666667,5,3.5-5,1.0,"('רשת 13', '2024-11-08', 14)","('רשת 13', '2024-11-08', 14)",7,morning,63,1,2.867315769205853,2.79969943397372,2.7801312740241175,4.266666666666667,8
4413,רשת 13,Other_middle_long,6.033333333333333,7,5-7,3.0,"('רשת 13', '2024-11-08', 14)","('רשת 13', '2024-11-08', 14)",8,morning,12,20,2.605303917494617,2.2176799440950385,2.542666482122775,4.466666666666667,4
4414,רשת 13,Other_middle_long,4.983333333333333,6,3.5-5,4.0,"('רשת 13', '2024-11-08', 14)","('רשת 13', '2024-11-08', 14)",8,morning,20,18,2.182952182952183,1.9978666341361049,2.19063391175206,3.5,0
4415,רשת 13,Other_last_long,5.083333333333333,6,5-7,5.0,"('רשת 13', '2024-11-08', 14)","('רשת 13', '2024-11-08', 14)",9,morning,7,10,2.249420192271724,1.9720953513389228,2.251018146889813,3.4333333333333336,1
4416,רשת 13,Other_last_long,4.883333333333334,6,3.5-5,6.0,"('רשת 13', '2024-11-08', 14)","('רשת 13', '2024-11-08', 14)",9,morning,10,31,1.9257363999853272,1.8856570492398113,1.8789307492236362,3.0,1
4417,רשת 13,Other_middle_long,7.466666666666667,8,7-13,1.0,"('רשת 13', '2024-11-08', 24)","('רשת 13', '2024-11-08', 24)",10,morning,45,8,1.9899395061382101,1.8897641267242546,1.9866752552667954,3.0666666666666664,7
4418,רשת 13,Other_last_long,5.516666666666667,7,5-7,2.0,"('רשת 13', '2024-11-08', 24)","('רשת 13', '2024-11-08', 24)",11,morning,30,23,2.4218284444825833,2.2757482157748865,2.4200760527046157,3.7000000000000006,8
4419,רשת 13,Other_middle_long,4.45,6,3.5-5,1.0,"('רשת 13', '2024-11-08', 34)","('רשת 13', '2024-11-08', 34)",12,afternoon,23,11,2.1485411140583555,2.0673567414381093,2.097244060505141,2.7000000000000006,1
4420,רשת 13,Other_first_standard,1.85,3,1.5-2.5,1.0,"('רשת 13', '2024-11-08', 36)","('רשת 13', '2024-11-08', 36)",12,afternoon,11,17,1.328125,1.301755113003823,1.3064948782766195,1.7,2
4421,רשת 13,Other_first_long,7.033333333333333,8,7-13,1.0,"('רשת 13', '2024-11-08', 41)","('רשת 13', '2024-11-08', 41)",13,afternoon,6,21,1.751345851065288,1.7721960369372838,1.7269839140080478,2.2333333333333334,12
4422,רשת 13,Other_middle_long,5.483333333333333,6,5-7,1.0,"('רשת 13', '2024-11-08', 43)","('רשת 13', '2024-11-08', 43)",13,afternoon,21,49,0.9287769711858153,0.8825581797555427,0.9280519036227014,1.1666666666666667,10
4425,רשת 13,Other_last_standard,1.65,2,1.5-2.5,3.0,"('רשת 13', '2024-11-08', 45)","('רשת 13', '2024-11-08', 45)",15,afternoon,48,1,0.8865979381443299,0.8837357896778472,0.9072254694689715,1.4333333333333333,1
4428,רשת 13,Other_first_long,5.983333333333333,7,5-7,1.0,"('רשת 13', '2024-11-08', 48)","('רשת 13', '2024-11-08', 48)",15,afternoon,14,1,0.8383226880244892,0.8462712346900196,0.8440101954120646,1.5333333333333332,8
4432,רשת 13,Other_middle_short,0.5,2,lt1.5,3.0,"('רשת 13', '2024-11-08', 50)","('רשת 13', '2024-11-08', 50)",18,early_evening,61,1,1.001727115716753,1.0052476402842057,1.0152741413293944,3.866666666666667,6
4435,רשת 13,Other_last_long,5.266666666666667,6,5-7,6.0,"('רשת 13', '2024-11-08', 50)","('רשת 13', '2024-11-08', 50)",19,early_evening,38,1,0.632848479173929,0.6319963754934853,0.6319963754934853,3.6333333333333333,8
4437,רשת 13,Other_last_long,6.466666666666667,7,5-7,1.0,"('רשת 13', '2024-11-08', 54)","('רשת 13', '2024-11-08', 54)",21,late_evening,98,12,0.7237355216891106,0.7150657315399641,0.7265399601336148,4.133333333333333,8
4438,רשת 13,Other_last_long,3.9,5,3.5-5,2.0,"('רשת 13', '2024-11-08', 54)","('רשת 13', '2024-11-08', 54)",21,late_evening,12,31,0.8543228477573993,0.8196656439338894,0.8543228477573993,5.3999999999999995,11
4439,רשת 13,Other_middle_long,4.6,5,3.5-5,1.0,"('רשת 13', '2024-11-08', 57)","('רשת 13', '2024-11-08', 57)",22,late_evening,31,16,0.418066194439032,0.3856731691717301,0.4133205019190426,4.466666666666666,1
4440,רשת 13,Other_first_long,5.283333333333333,7,5-7,1.0,"('רשת 13', '2024-11-08', 59)","('רשת 13', '2024-11-08', 59)",22,late_evening,16,44,0.6314273191535466,0.5006323619700144,0.6495608617222927,5.166666666666667,6
4441,רשת 13,Other_last_long,3.85,5,3.5-5,1.0,"('רשת 13', '2024-11-08', 61)","('רשת 13', '2024-11-08', 61)",23,late_evening,44,22,0.8995069473983434,0.8783475630132038,0.8995069473983434,5.0,11
4442,רשת 13,Other_first_long,5.283333333333333,7,5-7,1.0,"('רשת 13', '2024-11-08', 63)","('רשת 13', '2024-11-08', 63)",23,late_evening,22,22,0.43372918372918373,0.4159831084835108,0.43372918372918373,1.8999999999999997,7
4443,רשת 13,Other_middle_long,7.633333333333334,9,7-13,1.0,"('רשת 13', '2024-11-09', 3)","('רשת 13', '2024-11-09', 3)",0,overnight,26,13,1.3842499240807637,1.4608239348370928,1.385911979057849,2.6333333333333333,2
4444,רשת 13,Other_first_long,4.783333333333333,6,3.5-5,1.0,"('רשת 13', '2024-11-09', 5)","('רשת 13', '2024-11-09', 5)",0,overnight,13,14,1.3927959643946073,1.4091756949319638,1.4025402790531958,2.3333333333333335,8
4445,רשת 13,Other_middle_long,4.283333333333333,5,3.5-5,1.0,"('רשת 13', '2024-11-09', 6)","('רשת 13', '2024-11-09', 6)",1,overnight,14,56,1.88470066518847,1.8758714158042462,1.880428555278676,2.8333333333333335,12
4446,רשת 13,Other_middle_long,4.366666666666666,6,3.5-5,1.0,"('רשת 13', '2024-11-09', 10)","('רשת 13', '2024-11-09', 10)",2,overnight,56,66,1.9879178798662782,1.9358661482098982,1.9879178798662782,1.866666666666667,12
4447,רשת 13,Other_middle_long,4.35,5,3.5-5,1.0,"('רשת 13', '2024-11-09', 13)","('רשת 13', '2024-11-09', 13)",3,overnight,66,28,1.7266782847014313,1.6842899822018815,1.7185146028809306,0.8000000000000002,8
4448,רשת 13,Other_middle_long,3.95,5,3.5-5,1.0,"('רשת 13', '2024-11-09', 15)","('רשת 13', '2024-11-09', 15)",3,overnight,28,75,1.6415506415506413,1.6730769230769231,1.6822429906542056,0.6,10
4449,רשת 13,Other_first_long,4.116666666666666,5,3.5-5,1.0,"('רשת 13', '2024-11-09', 19)","('רשת 13', '2024-11-09', 19)",5,overnight,75,15,0.7407407407407409,0.7585747585747585,0.7502374169040836,0.20000000000000004,14
4450,רשת 13,Other_middle_long,3.05,4,2.5-3.5,2.0,"('רשת 13', '2024-11-09', 19)","('רשת 13', '2024-11-09', 19)",5,overnight,15,36,0.6082057690305114,0.6211319043046787,0.6188596491228071,0.20000000000000004,3
4451,רשת 13,Other_middle_long,3.1,5,2.5-3.5,1.0,"('רשת 13', '2024-11-09', 22)","('רשת 13', '2024-11-09', 22)",6,morning,36,37,0.3629863368819192,0.3636253876264552,0.36405900280965753,0.3,12
4452,רשת 13,Other_middle_standard,2.966666666666667,4,2.5-3.5,1.0,"('רשת 13', '2024-11-09', 24)","('רשת 13', '2024-11-09', 24)",6,morning,37,16,0.4646884905942171,0.45137332286398485,0.4646884905942171,0.6999999999999998,8
4453,רשת 13,Other_last_standard,2.7,4,2.5-3.5,2.0,"('רשת 13', '2024-11-09', 24)","('רשת 13', '2024-11-09', 24)",7,morning,16,30,0.4421065694765581,0.4224407278904188,0.4384527364460828,0.6999999999999998,12
4454,רשת 13,Other_middle_short,1.1833333333333333,2,lt1.5,1.0,"('רשת 13', '2024-11-09', 27)","('רשת 13', '2024-11-09', 27)",7,morning,30,32,0.5842696629213483,0.7420562990443177,0.6052716759219052,0.8666666666666666,0
4455,רשת 13,Other_middle_long,4.283333333333333,6,3.5-5,1.0,"('רשת 13', '2024-11-09', 29)","('רשת 13', '2024-11-09', 29)",8,morning,32,20,0.5622097701732018,0.49563366171314077,0.5471072297968519,0.9666666666666667,3
4456,רשת 13,Other_middle_standard,1.9833333333333334,3,1.5-2.5,1.0,"('רשת 13', '2024-11-09', 31)","('רשת 13', '2024-11-09', 31)",8,morning,20,26,0.41523968909861025,0.40490022362892014,0.41829326349781293,0.6666666666666666,13
4457,רשת 13,Other_middle_long,4.716666666666667,6,3.5-5,1.0,"('רשת 13', '2024-11-09', 33)","('רשת 13', '2024-11-09', 33)",9,morning,26,33,0.18024144385734167,0.17363746740312888,0.18024144385734167,0.3,11
4459,רשת 13,Other_middle_standard,2.9833333333333334,4,2.5-3.5,1.0,"('רשת 13', '2024-11-09', 37)","('רשת 13', '2024-11-09', 37)",10,morning,40,64,0.3272730732273501,0.28740263228579105,0.32680460427395536,0.5,0
4461,רשת 13,Other_middle_long,4.166666666666667,5,3.5-5,1.0,"('רשת 13', '2024-11-09', 39)","('רשת 13', '2024-11-09', 39)",11,morning,63,49,0.7184332670266174,0.6916350632212452,0.7200572830199968,1.0999999999999999,7
4463,רשת 13,Other_first_long,4.183333333333334,5,3.5-5,1.0,"('רשת 13', '2024-11-09', 42)","('רשת 13', '2024-11-09', 42)",12,afternoon,24,1,1.349206349206349,1.348639680309207,1.3539258697879388,1.7,9
4465,רשת 13,Other_last_short,1.2333333333333334,2,lt1.5,3.0,"('רשת 13', '2024-11-09', 42)","('רשת 13', '2024-11-09', 42)",13,afternoon,10,5,1.5803108808290156,1.637465126388823,1.6019197199346884,2.033333333333333,9
4466,רשת 13,Other_first_short,1.25,2,lt1.5,1.0,"('רשת 13', '2024-11-09', 45)","('רשת 13', '2024-11-09', 45)",13,afternoon,5,10,1.989510793884864,1.9994298974179634,1.9879400623885919,2.5,0
4467,רשת 13,Other_first_standard,1.85,2,1.5-2.5,1.0,"('רשת 13', '2024-11-09', 46)","('רשת 13', '2024-11-09', 46)",13,afternoon,10,21,1.455017761294462,1.3986742424242424,1.4440561142384656,1.7333333333333334,11
4468,רשת 13,Other_first_long,6.416666666666667,7,5-7,1.0,"('רשת 13', '2024-11-09', 48)","('רשת 13', '2024-11-09', 48)",13,afternoon,21,1,1.5698920845979671,1.4232082279472795,1.566195328002971,2.1333333333333333,3
4470,רשת 13,Other_first_standard,1.9,3,1.5-2.5,1.0,"('רשת 13', '2024-11-09', 50)","('רשת 13', '2024-11-09', 50)",14,afternoon,48,1,1.1267148243196148,1.0617872873415222,1.1210412399814418,1.8666666666666665,13
4473,רשת 13,Other_first_short,1.05,2,lt1.5,1.0,"('רשת 13', '2024-11-09', 52)","('רשת 13', '2024-11-09', 52)",15,afternoon,35,1,1.6082474226804122,1.5859573164874654,1.638105743262467,2.6,0
4476,רשת 13,Other_last_short,1.0833333333333333,2,lt1.5,1.0,"('רשת 13', '2024-11-09', 53)","('רשת 13', '2024-11-09', 53)",16,afternoon,41,2,1.2803254970353521,1.2663406882256238,1.2846791231219497,2.9333333333333336,6
4479,רשת 13,Other_first_long,5.616666666666666,7,5-7,1.0,"('רשת 13', '2024-11-09', 55)","('רשת 13', '2024-11-09', 55)",16,afternoon,8,23,1.2394628472229774,1.1737565648949788,1.2400746658100263,2.8000000000000003,8
4480,רשת 13,Other_middle_short,0.5,2,lt1.5,1.0,"('רשת 13', '2024-11-09', 60)","('רשת 13', '2024-11-09', 60)",17,early_evening,20,1,1.3093533109963849,1.234377635457597,1.2977329623132972,3.9,13
4482,רשת 13,Other_last_long,3.6166666666666667,5,3.5-5,3.0,"('רשת 13', '2024-11-09', 60)","('רשת 13', '2024-11-09', 60)",17,early_evening,10,9,1.1312437178358719,1.1054098812506545,1.116382421994703,3.6999999999999997,1
4483,רשת 13,Other_first_short,1.0833333333333333,2,lt1.5,1.0,"('רשת 13', '2024-11-09', 63)","('רשת 13', '2024-11-09', 63)",17,early_evening,9,1,1.1172756987458345,1.1250484334652022,1.1250484334652022,3.766666666666667,14
4486,רשת 13,Other_middle_short,0.5,2,lt1.5,1.0,"('רשת 13', '2024-11-09', 65)","('רשת 13', '2024-11-09', 65)",19,early_evening,84,1,0.8208092485549133,0.7262033719779407,0.8209002016523762,4.733333333333333,0
4488,רשת 13,Other_first_standard,2.3,4,1.5-2.5,1.0,"('רשת 13', '2024-11-09', 67)","('רשת 13', '2024-11-09', 67)",19,early_evening,10,60,0.803235266036236,0.7762188909052788,0.7887558250679304,4.733333333333333,4
4489,רשת 13,News_middle_long,5.483333333333333,7,5-7,1.0,"('רשת 13', '2024-11-09', 68)","('רשת 13', '2024-11-09', 68)",20,late_evening,60,22,1.2099213551119175,1.1849377928611167,1.2314728133863129,6.666666666666667,7
4490,רשת 13,News_last_long,6.283333333333333,8,5-7,2.0,"('רשת 13', '2024-11-09', 68)","('רשת 13', '2024-11-09', 68)",21,late_evening,22,11,1.0935699233926244,1.0368290825669275,1.0937764829237475,6.466666666666666,5
4491,רשת 13,News_last_standard,1.95,3,1.5-2.5,3.0,"('רשת 13', '2024-11-09', 68)","('רשת 13', '2024-11-09', 68)",21,late_evening,11,2,0.5567804996422586,0.5539843767679278,0.5566650694359786,5.7,8
4494,רשת 13,Other_middle_long,12.5,13,7-13,1.0,"('רשת 13', '2024-11-09', 74)","('רשת 13', '2024-11-09', 74)",22,late_evening,27,15,0.7273882869450925,0.7012402220323696,0.724000549077564,7.6000000000000005,9
4495,רשת 13,Other_first_long,8.25,9,7-13,1.0,"('רשת 13', '2024-11-09', 76)","('רשת 13', '2024-11-09', 76)",22,late_evening,15,21,0.8264462809917354,0.746648761299144,0.8001060908368128,7.666666666666667,6
4496,רשת 13,Other_middle_long,6.583333333333333,8,5-7,1.0,"('רשת 13', '2024-11-09', 78)","('רשת 13', '2024-11-09', 78)",23,late_evening,21,22,0.569541121639365,0.5524368629277361,0.5613776276741689,4.066666666666666,5
4497,רשת 13,Other_middle_long,9.966666666666667,11,7-13,1.0,"('רשת 13', '2024-11-09', 80)","('רשת 13', '2024-11-09', 80)",23,late_evening,22,42,0.5363710989083826,0.5351060697232238,0.5363710989083826,2.4999999999999996,4
4498,רשת 13,Other_middle_long,6.25,8,5-7,1.0,"('רשת 13', '2024-11-10', 0)","('רשת 13', '2024-11-10', 0)",0,overnight,42,5,0.7259244838645927,0.7038087237453009,0.7240318062557259,1.5,11
4500,רשת 13,Other_first_long,6.1,7,5-7,1.0,"('רשת 13', '2024-11-10', 2)","('רשת 13', '2024-11-10', 2)",0,overnight,4,34,0.8687646170202733,0.8779854620976116,0.8668079359497778,1.6333333333333335,8
4501,רשת 13,Other_middle_long,4.85,6,3.5-5,1.0,"('רשת 13', '2024-11-10', 4)","('רשת 13', '2024-11-10', 4)",1,overnight,34,24,1.0235073528272356,1.0412286066785008,1.0266171560520485,1.5,3
4502,רשת 13,Other_middle_long,6.25,7,5-7,1.0,"('רשת 13', '2024-11-10', 6)","('רשת 13', '2024-11-10', 6)",1,overnight,24,42,0.7424393788030152,0.7404294803817604,0.745871531783134,0.9,2
4503,רשת 13,Other_middle_long,3.1333333333333333,5,2.5-3.5,1.0,"('רשת 13', '2024-11-10', 9)","('רשת 13', '2024-11-10', 9)",2,overnight,42,37,0.8333596837944662,0.8012734096435133,0.8249018756424303,0.6999999999999998,5
4504,רשת 13,Other_middle_standard,2.8833333333333333,4,2.5-3.5,1.0,"('רשת 13', '2024-11-10', 11)","('רשת 13', '2024-11-10', 11)",3,overnight,37,16,0.6279543671481506,0.6361343503937008,0.6323254210578154,0.3,1
4505,רשת 13,Other_last_long,3.0,4,2.5-3.5,2.0,"('רשת 13', '2024-11-10', 11)","('רשת 13', '2024-11-10', 11)",3,overnight,16,106,0.234375,0.24676112438830092,0.23937532002048134,0.10000000000000002,5
4506,רשת 13,Other_last_standard,2.4833333333333334,4,1.5-2.5,1.0,"('רשת 13', '2024-11-10', 19)","('רשת 13', '2024-11-10', 19)",5,overnight,106,21,0.6271929824561404,0.6620197128671705,0.6361530542210021,0.20000000000000004,9
4507,רשת 13,Other_middle_standard,1.7333333333333334,3,1.5-2.5,1.0,"('רשת 13', '2024-11-10', 21)","('רשת 13', '2024-11-10', 21)",5,overnight,21,21,0.8554026344142077,0.8781113319309338,0.8847245992218399,0.4000000000000001,3
4508,רשת 13,PrimeShow1_first_standard,2.85,4,2.5-3.5,1.0,"('רשת 13', '2024-11-10', 24)","('רשת 13', '2024-11-10', 24)",6,morning,21,1,1.229795726114334,1.243805007263095,1.243805007263095,1.0,11
4510,רשת 13,Other_first_short,0.5833333333333334,2,lt1.5,1.0,"('רשת 13', '2024-11-10', 26)","('רשת 13', '2024-11-10', 26)",7,morning,56,1,0.7772691069145301,0.7296227014462318,0.7710053931480009,1.2333333333333334,11
4512,רשת 13,Other_first_long,6.95,8,5-7,3.0,"('רשת 13', '2024-11-10', 26)","('רשת 13', '2024-11-10', 26)",7,morning,19,19,0.7410187937723586,0.7653730229151704,0.7312868718024039,1.1,9
4514,רשת 13,Other_middle_short,0.8333333333333334,2,lt1.5,5.0,"('רשת 13', '2024-11-10', 26)","('רשת 13', '2024-11-10', 26)",8,morning,5,1,0.6641366223908918,0.6831856532455335,0.6673879690828844,1.1666666666666667,11
4516,רשת 13,Other_middle_long,7.716666666666667,9,7-13,7.0,"('רשת 13', '2024-11-10', 26)","('רשת 13', '2024-11-10', 26)",8,morning,16,20,0.7529013756329256,0.7367400756588759,0.7453410323456328,1.3,6
4517,רשת 13,Other_last_long,7.5,8,7-13,8.0,"('רשת 13', '2024-11-10', 26)","('רשת 13', '2024-11-10', 26)",9,morning,5,15,0.31779899221757985,0.3081099912085828,0.31795995671685956,0.5333333333333333,10
4518,רשת 13,Other_last_long,5.566666666666666,6,5-7,9.0,"('רשת 13', '2024-11-10', 26)","('רשת 13', '2024-11-10', 26)",9,morning,15,27,0.5128205128205129,0.5065236892294075,0.5006987968352736,0.8000000000000002,2
4519,רשת 13,Other_first_long,5.816666666666666,7,5-7,1.0,"('רשת 13', '2024-11-10', 37)","('רשת 13', '2024-11-10', 37)",10,morning,19,18,0.8664165364794533,0.8594324927996237,0.8722224658076084,1.3333333333333333,9
4520,רשת 13,Other_middle_long,5.033333333333333,6,5-7,2.0,"('רשת 13', '2024-11-10', 37)","('רשת 13', '2024-11-10', 37)",10,morning,18,12,0.9038746755654431,0.8739979210833152,0.9026493510618444,1.3999999999999997,3
4521,רשת 13,Other_last_long,7.45,8,7-13,3.0,"('רשת 13', '2024-11-10', 37)","('רשת 13', '2024-11-10', 37)",11,morning,30,23,1.217347846428961,1.1884118896205635,1.2209710348347584,1.8666666666666665,6
4522,רשת 13,Other_middle_long,9.016666666666667,10,7-13,1.0,"('רשת 13', '2024-11-10', 48)","('רשת 13', '2024-11-10', 48)",12,afternoon,17,10,0.9642984633167879,0.9997283791663762,0.9894195262130969,1.2333333333333334,9
4523,רשת 13,Other_first_long,4.816666666666666,6,3.5-5,1.0,"('רשת 13', '2024-11-10', 50)","('רשת 13', '2024-11-10', 50)",12,afternoon,10,16,0.9114583333333334,0.8732128423695608,0.9087161460436238,1.1666666666666667,13
4524,רשת 13,Other_first_long,8.016666666666667,9,7-13,1.0,"('רשת 13', '2024-11-10', 56)","('רשת 13', '2024-11-10', 56)",13,afternoon,13,13,0.7587114059720256,0.7576620772995711,0.7581376824576594,0.9333333333333332,3
4525,רשת 13,Other_middle_long,3.4166666666666665,4,2.5-3.5,1.0,"('רשת 13', '2024-11-10', 57)","('רשת 13', '2024-11-10', 57)",13,afternoon,13,10,0.7291900057097839,0.6915938665309866,0.7266972172287423,0.9,9
4526,רשת 13,Other_first_long,3.3666666666666667,4,2.5-3.5,1.0,"('רשת 13', '2024-11-10', 59)","('רשת 13', '2024-11-10', 59)",13,afternoon,10,9,0.9489051094890512,0.9224748343253116,0.9410473819556356,1.3,7
4527,רשת 13,Other_middle_long,7.333333333333333,9,7-13,1.0,"('רשת 13', '2024-11-10', 64)","('רשת 13', '2024-11-10', 64)",14,afternoon,31,68,0.7407407407407408,0.7553135540966958,0.7474271143710673,1.2,6
4528,רשת 13,Other_first_long,4.216666666666667,5,3.5-5,1.0,"('רשת 13', '2024-11-10', 67)","('רשת 13', '2024-11-10', 67)",15,afternoon,68,1,0.5854521369691122,0.5823382133887313,0.5840240641711231,1.0666666666666667,7
4530,רשת 13,Other_last_long,6.133333333333334,7,5-7,1.0,"('רשת 13', '2024-11-10', 68)","('רשת 13', '2024-11-10', 68)",16,afternoon,41,26,0.8263520730590428,0.7827393572507498,0.826767235671683,1.8666666666666665,8
4532,רשת 13,Other_first_long,8.45,9,7-13,1.0,"('רשת 13', '2024-11-10', 70)","('רשת 13', '2024-11-10', 70)",17,early_evening,25,1,0.9111111111111111,0.9027703212080395,0.9039891395154553,2.733333333333333,10
4534,רשת 13,Other_first_standard,2.0,3,1.5-2.5,1.0,"('רשת 13', '2024-11-10', 72)","('רשת 13', '2024-11-10', 72)",17,early_evening,33,36,0.9182254802831142,0.9003823266570405,0.9139065941184091,3.033333333333333,7
4535,רשת 13,News_middle_long,7.5,8,7-13,1.0,"('רשת 13', '2024-11-10', 73)","('רשת 13', '2024-11-10', 73)",18,early_evening,36,1,1.1665276351950107,1.0962008604231068,1.1475681314624986,4.7,0
4537,רשת 13,PrimeShow2_first_long,9.483333333333333,11,7-13,1.0,"('רשת 13', '2024-11-10', 75)","('רשת 13', '2024-11-10', 75)",18,early_evening,20,23,1.1915282742785973,1.1622642763729096,1.1861339278846779,5.333333333333333,14
4538,רשת 13,Other_first_standard,1.9666666666666666,3,1.5-2.5,1.0,"('רשת 13', '2024-11-10', 78)","('רשת 13', '2024-11-10', 78)",19,early_evening,18,49,1.4712681480630068,1.3932581255988703,1.4086920567553431,8.733333333333334,6
4539,רשת 13,News_middle_long,7.566666666666666,8,7-13,1.0,"('רשת 13', '2024-11-10', 79)","('רשת 13', '2024-11-10', 79)",20,late_evening,49,17,1.5087895790605053,1.4132969713565018,1.5114451060645921,8.933333333333334,12
4540,רשת 13,News_last_long,6.483333333333333,7,5-7,2.0,"('רשת 13', '2024-11-10', 79)","('רשת 13', '2024-11-10', 79)",21,late_evening,17,13,1.1058217470166192,1.049084543171663,1.0893191517340914,6.466666666666666,6
4541,רשת 13,News_last_standard,1.65,3,1.5-2.5,3.0,"('רשת 13', '2024-11-10', 79)","('רשת 13', '2024-11-10', 79)",21,late_evening,13,1,1.3576692861305737,1.3142369579154234,1.3635611833575905,8.4,10
4542,רשת 13,Other_middle_long,9.6,10,7-13,1.0,"('רשת 13', '2024-11-10', 85)","('רשת 13', '2024-11-10', 85)",22,late_evening,41,33,1.2439951339898854,1.199095807653221,1.2381128471099634,13.0,9
4543,רשת 13,Other_first_long,9.116666666666667,10,7-13,1.0,"('רשת 13', '2024-11-10', 87)","('רשת 13', '2024-11-10', 87)",22,late_evening,33,7,1.4363167053422863,1.4306006590749611,1.4492714863383043,11.166666666666666,6
4544,רשת 13,Other_first_long,5.8,6,5-7,1.0,"('רשת 13', '2024-11-10', 89)","('רשת 13', '2024-11-10', 89)",23,late_evening,7,1,1.0161637949420506,0.9564660124187699,1.0146736917110102,7.066666666666666,7
4546,רשת 13,Other_middle_long,7.7,9,7-13,1.0,"('רשת 13', '2024-11-10', 91)","('רשת 13', '2024-11-10', 91)",23,late_evening,37,13,1.1350019825108069,1.1273863668985158,1.1397854248247603,3.8333333333333335,6
4547,רשת 13,Other_first_standard,2.45,3,1.5-2.5,1.0,"('רשת 13', '2024-11-11', 0)","('רשת 13', '2024-11-11', 0)",0,overnight,13,5,0.8821196362374115,0.8714880354779914,0.8821196362374115,2.3333333333333335,12
4550,רשת 13,PrimeShow1_first_long,3.566666666666667,5,3.5-5,1.0,"('רשת 13', '2024-11-11', 3)","('רשת 13', '2024-11-11', 3)",0,overnight,18,42,0.38960020084102176,0.39745752885201974,0.3877709397801485,0.7333333333333334,7
4551,רשת 13,Other_middle_standard,1.7666666666666666,3,1.5-2.5,1.0,"('רשת 13', '2024-11-11', 5)","('רשת 13', '2024-11-11', 5)",1,overnight,42,23,0.278465103786019,0.28406217922757365,0.2798128505219449,0.4000000000000001,8
4553,רשת 13,Other_middle_long,5.7,6,5-7,1.0,"('רשת 13', '2024-11-11', 7)","('רשת 13', '2024-11-11', 7)",1,overnight,21,32,0.1652900924623677,0.16633422545405577,0.1669839496209848,0.20000000000000004,3
4554,רשת 13,Other_middle_long,5.55,7,5-7,1.0,"('רשת 13', '2024-11-11', 10)","('רשת 13', '2024-11-11', 10)",2,overnight,32,22,0.4615384615384615,0.46646758740823696,0.4651490533843476,0.4000000000000001,10
4555,רשת 13,Other_middle_long,5.366666666666666,6,5-7,1.0,"('רשת 13', '2024-11-11', 12)","('רשת 13', '2024-11-11', 12)",2,overnight,22,43,0.7021233552258872,0.6927724323114791,0.7010664068472461,0.5,8
4556,רשת 13,Other_middle_long,5.35,6,5-7,1.0,"('רשת 13', '2024-11-11', 14)","('רשת 13', '2024-11-11', 14)",3,overnight,43,95,0.23936507936507936,0.22859078590785908,0.23625,0.10000000000000002,11
4557,רשת 13,Other_middle_long,5.233333333333333,6,5-7,1.0,"('רשת 13', '2024-11-11', 18)","('רשת 13', '2024-11-11', 18)",5,overnight,95,13,0.9575190550157137,0.9833098628279351,0.9444925678250926,0.3,6
4558,רשת 13,Other_first_short,1.35,2,lt1.5,1.0,"('רשת 13', '2024-11-11', 20)","('רשת 13', '2024-11-11', 20)",5,overnight,13,35,0.7649213531566472,0.762743952847304,0.7585110967463908,0.3,9
4559,רשת 13,PrimeShow1_first_standard,2.6,3,2.5-3.5,1.0,"('רשת 13', '2024-11-11', 23)","('רשת 13', '2024-11-11', 23)",6,morning,35,1,1.537456039338956,1.540284500348232,1.5374879610636905,1.3,0
4561,רשת 13,Other_first_short,0.8666666666666667,2,lt1.5,1.0,"('רשת 13', '2024-11-11', 25)","('רשת 13', '2024-11-11', 25)",7,morning,57,1,1.0217241549417364,1.0225522552255226,1.0217241549417364,1.5333333333333332,0
4563,רשת 13,Other_first_long,7.416666666666667,8,7-13,3.0,"('רשת 13', '2024-11-11', 25)","('רשת 13', '2024-11-11', 25)",7,morning,15,1,1.0554239935506624,1.0941955362984646,1.0421531908643606,1.5666666666666667,9
4564,רשת 13,Other_middle_short,1.0833333333333333,2,lt1.5,4.0,"('רשת 13', '2024-11-11', 25)","('רשת 13', '2024-11-11', 25)",8,morning,7,1,1.1005692599620494,1.100816621603204,1.1196747898440937,1.9333333333333333,13
4566,רשת 13,Other_middle_long,6.933333333333334,8,5-7,6.0,"('רשת 13', '2024-11-11', 25)","('רשת 13', '2024-11-11', 25)",8,morning,17,22,1.1252038431822136,1.0754165806357874,1.111332101312958,1.9333333333333333,7
4567,רשת 13,Other_last_long,5.55,7,5-7,7.0,"('רשת 13', '2024-11-11', 25)","('רשת 13', '2024-11-11', 25)",9,morning,12,15,0.9396004504368936,0.8942421413009648,0.9532200037870021,1.3999999999999997,3
4568,רשת 13,Other_last_long,5.883333333333334,6,5-7,8.0,"('רשת 13', '2024-11-11', 25)","('רשת 13', '2024-11-11', 25)",9,morning,15,21,0.6937195931003982,0.7307833963116493,0.7013915032695411,1.0999999999999999,9
4569,רשת 13,Other_first_long,6.566666666666666,7,5-7,1.0,"('רשת 13', '2024-11-11', 36)","('רשת 13', '2024-11-11', 36)",10,morning,21,33,0.5437624325092355,0.5314069755072403,0.5424474370298543,0.8333333333333334,11
4570,רשת 13,Other_last_long,6.166666666666667,7,5-7,2.0,"('רשת 13', '2024-11-11', 36)","('רשת 13', '2024-11-11', 36)",11,morning,31,23,0.7184332670266174,0.692004160841202,0.7200099210800516,1.1,7
4571,רשת 13,PrimeShow1_first_standard,2.3666666666666667,3,1.5-2.5,1.0,"('רשת 13', '2024-11-11', 48)","('רשת 13', '2024-11-11', 48)",12,afternoon,31,1,1.0079575596816974,1.0534404654567462,1.0055686028402586,1.2666666666666666,7
4573,רשת 13,Other_first_long,4.35,6,3.5-5,1.0,"('רשת 13', '2024-11-11', 55)","('רשת 13', '2024-11-11', 55)",13,afternoon,5,19,1.3495790155440417,1.3891413656362754,1.3682957756356784,1.7333333333333334,10
4574,רשת 13,Other_middle_long,4.95,6,3.5-5,1.0,"('רשת 13', '2024-11-11', 57)","('רשת 13', '2024-11-11', 57)",13,afternoon,19,14,0.9192200557103066,0.901902411239795,0.9356137489585289,1.1,4
4575,רשת 13,Other_first_long,6.266666666666667,8,5-7,1.0,"('רשת 13', '2024-11-11', 59)","('רשת 13', '2024-11-11', 59)",13,afternoon,14,5,1.094890510948905,1.0757871835745154,1.0878507188878261,1.5,8
4577,רשת 13,Other_middle_long,5.5,7,5-7,1.0,"('רשת 13', '2024-11-11', 64)","('רשת 13', '2024-11-11', 64)",14,afternoon,32,66,1.1111111111111112,1.085367760088875,1.1307347171957178,1.8,11
4578,רשת 13,Other_first_long,5.05,7,5-7,1.0,"('רשת 13', '2024-11-11', 67)","('רשת 13', '2024-11-11', 67)",15,afternoon,66,41,0.4374263206282866,0.4414191510488865,0.4404418011894648,0.8000000000000002,8
4580,רשת 13,Other_last_long,4.616666666666666,6,3.5-5,1.0,"('רשת 13', '2024-11-11', 68)","('רשת 13', '2024-11-11', 68)",16,afternoon,41,29,1.2947259834039433,1.2133365386353197,1.2973442128262962,2.9333333333333336,10
4582,רשת 13,Other_middle_long,4.166666666666667,6,3.5-5,1.0,"('רשת 13', '2024-11-11', 70)","('רשת 13', '2024-11-11', 70)",17,early_evening,28,34,1.180462341536167,1.1954020114088455,1.1778793128901122,3.533333333333333,14
4584,רשת 13,Other_first_standard,1.6666666666666667,2,1.5-2.5,1.0,"('רשת 13', '2024-11-11', 72)","('רשת 13', '2024-11-11', 72)",17,early_evening,33,38,1.1588782769710555,1.1366121321376264,1.1487405475256054,3.8333333333333335,8
4585,רשת 13,News_middle_long,6.833333333333333,8,5-7,1.0,"('רשת 13', '2024-11-11', 73)","('רשת 13', '2024-11-11', 73)",18,early_evening,38,1,1.1729684908789386,1.1017132065577993,1.155270159088231,4.7,2
4587,רשת 13,PrimeShow2_first_long,8.933333333333334,10,7-13,1.0,"('רשת 13', '2024-11-11', 75)","('רשת 13', '2024-11-11', 75)",18,early_evening,18,26,1.102171748884773,1.0752763804445031,1.0972229297836062,4.933333333333333,14
4588,רשת 13,Other_first_standard,1.9666666666666666,2,1.5-2.5,1.0,"('רשת 13', '2024-11-11', 78)","('רשת 13', '2024-11-11', 78)",19,early_evening,16,42,1.1343012489193145,1.0740834110839017,1.0859712596565387,6.733333333333334,6
4589,רשת 13,News_middle_long,6.45,7,5-7,1.0,"('רשת 13', '2024-11-11', 79)","('רשת 13', '2024-11-11', 79)",20,late_evening,4,23,0.9669805784053679,0.944172579959953,0.9669805784053679,6.066666666666666,9
4590,רשת 13,News_last_short,0.6833333333333333,2,lt1.5,2.0,"('רשת 13', '2024-11-11', 79)","('רשת 13', '2024-11-11', 79)",21,late_evening,23,18,1.2378535334668264,1.2240874026823612,1.242901522666934,7.066666666666666,8
4592,רשת 13,News_last_short,1.0,2,lt1.5,4.0,"('רשת 13', '2024-11-11', 79)","('רשת 13', '2024-11-11', 79)",21,late_evening,13,2,1.075697332279656,1.0298311506735838,1.075697332279656,6.933333333333333,12
4593,רשת 13,Other_middle_standard,1.85,3,1.5-2.5,1.0,"('רשת 13', '2024-11-11', 86)","('רשת 13', '2024-11-11', 86)",22,late_evening,39,35,0.9792061802500315,0.9438880809039017,0.9745611596906111,10.233333333333334,9
4595,רשת 13,Other_first_long,10.283333333333333,11,7-13,1.0,"('רשת 13', '2024-11-11', 88)","('רשת 13', '2024-11-11', 88)",22,late_evening,24,13,1.211734693877551,1.1838571010696002,1.2307953849114004,9.5,1
4596,רשת 13,Other_first_short,1.3333333333333333,2,lt1.5,1.0,"('רשת 13', '2024-11-11', 90)","('רשת 13', '2024-11-11', 90)",23,late_evening,13,7,1.3683215683513374,1.2021893990102204,1.3683215683513374,8.6,9
4598,רשת 13,PrimeShow1_middle_long,6.683333333333334,7,5-7,1.0,"('רשת 13', '2024-11-11', 93)","('רשת 13', '2024-11-11', 93)",23,late_evening,35,17,0.9505949459421705,0.9387706158549275,0.951893235522299,3.1999999999999997,7
4599,רשת 13,Other_first_standard,1.7333333333333334,2,1.5-2.5,1.0,"('רשת 13', '2024-11-12', 0)","('רשת 13', '2024-11-12', 0)",0,overnight,17,1,0.7442759966648625,0.7416496992937263,0.7442759966648625,1.8666666666666665,0
4602,רשת 13,Other_middle_long,5.45,7,5-7,1.0,"('רשת 13', '2024-11-12', 1)","('רשת 13', '2024-11-12', 1)",0,overnight,18,37,0.9878408082577298,0.9305969871624797,0.9946190767182412,1.8,12
4603,רשת 13,Other_middle_long,4.366666666666666,5,3.5-5,1.0,"('רשת 13', '2024-11-12', 3)","('רשת 13', '2024-11-12', 3)",1,overnight,37,16,0.9976695212691281,1.0183360355770665,0.9976695212691281,1.3999999999999997,10
4604,רשת 13,Other_first_long,3.966666666666667,5,3.5-5,1.0,"('רשת 13', '2024-11-12', 5)","('רשת 13', '2024-11-12', 5)",1,overnight,16,42,1.228428042702333,1.2170001936842603,1.228428042702333,1.5,0
4605,רשת 13,Other_middle_long,4.816666666666666,6,3.5-5,1.0,"('רשת 13', '2024-11-12', 8)","('רשת 13', '2024-11-12', 8)",2,overnight,42,25,0.8175943619688396,0.8296993656749754,0.8176515911601857,0.7000000000000001,1
4606,רשת 13,Other_first_long,5.516666666666667,7,5-7,1.0,"('רשת 13', '2024-11-12', 10)","('רשת 13', '2024-11-12', 10)",3,overnight,25,12,0.48649596300367687,0.4855647380049189,0.4891400666525399,0.3,1
4607,רשת 13,Other_middle_long,4.95,6,3.5-5,2.0,"('רשת 13', '2024-11-12', 10)","('רשת 13', '2024-11-12', 10)",3,overnight,12,122,0.6353011687144141,0.6310632926609365,0.6309301148047494,0.3,4
4608,רשת 13,Other_middle_long,3.5,5,2.5-3.5,1.0,"('רשת 13', '2024-11-12', 16)","('רשת 13', '2024-11-12', 16)",5,overnight,122,15,1.0416666666666667,1.0306901547731295,1.0449561403508774,0.3333333333333333,11
4609,רשת 13,Other_first_short,0.95,2,lt1.5,1.0,"('רשת 13', '2024-11-12', 18)","('רשת 13', '2024-11-12', 18)",5,overnight,15,27,1.3219510837587265,1.2420933894891044,1.2447485806974858,0.6,0
4610,רשת 13,PrimeShow1_first_short,1.15,2,lt1.5,1.0,"('רשת 13', '2024-11-12', 21)","('רשת 13', '2024-11-12', 21)",6,morning,27,1,1.5517953613815323,1.5413604195520376,1.551795361381532,1.3,13
4613,רשת 13,Other_first_short,1.35,2,lt1.5,1.0,"('רשת 13', '2024-11-12', 23)","('רשת 13', '2024-11-12', 23)",7,morning,57,1,0.5607230038693641,0.5534088131035326,0.5607230038693641,0.8666666666666667,14
4615,רשת 13,Other_first_standard,1.7666666666666666,3,1.5-2.5,3.0,"('רשת 13', '2024-11-12', 23)","('רשת 13', '2024-11-12', 23)",7,morning,17,6,0.8065783601695831,0.788991494344788,0.7828816452270929,1.2,8
4617,רשת 13,Other_middle_short,1.4166666666666667,2,lt1.5,5.0,"('רשת 13', '2024-11-12', 23)","('רשת 13', '2024-11-12', 23)",8,morning,8,1,0.9148806278165699,0.8683693568453407,0.9280833603696714,1.6000000000000003,0
4619,רשת 13,Other_middle_long,7.283333333333333,8,7-13,7.0,"('רשת 13', '2024-11-12', 23)","('רשת 13', '2024-11-12', 23)",8,morning,16,18,1.2823006998893458,1.1679287807076855,1.2823006998893458,2.166666666666667,9
4620,רשת 13,Other_last_long,6.566666666666666,7,5-7,8.0,"('רשת 13', '2024-11-12', 23)","('רשת 13', '2024-11-12', 23)",9,morning,6,19,1.0614885833037306,1.022594035188004,1.0614885833037306,1.7666666666666666,11
4621,רשת 13,Other_last_long,6.45,7,5-7,9.0,"('רשת 13', '2024-11-12', 23)","('רשת 13', '2024-11-12', 23)",9,morning,19,23,1.2025566914663954,1.2506005173055366,1.2205679625034465,1.8999999999999997,6
4622,רשת 13,Other_first_standard,1.8333333333333333,3,1.5-2.5,1.0,"('רשת 13', '2024-11-12', 34)","('רשת 13', '2024-11-12', 34)",10,morning,18,40,1.3863700390134799,1.3749250573091167,1.3952097223530846,2.1333333333333333,9
4624,רשת 13,Other_last_long,8.783333333333333,10,7-13,3.0,"('רשת 13', '2024-11-12', 34)","('רשת 13', '2024-11-12', 34)",11,morning,19,34,1.228448275862069,1.207711878729083,1.2249672000359522,1.8999999999999997,10
4625,רשת 13,Other_middle_standard,2.033333333333333,3,1.5-2.5,1.0,"('רשת 13', '2024-11-12', 44)","('רשת 13', '2024-11-12', 44)",12,afternoon,25,1,0.7978761028650977,0.8476402358354617,0.8007130124777184,1.0,4
4627,רשת 13,Other_first_long,4.466666666666667,6,3.5-5,1.0,"('רשת 13', '2024-11-12', 46)","('רשת 13', '2024-11-12', 46)",12,afternoon,10,6,0.9523809523809522,0.9521272422462936,0.9557627047282219,1.2,9
4628,רשת 13,Other_first_long,4.483333333333333,5,3.5-5,1.0,"('רשת 13', '2024-11-12', 47)","('רשת 13', '2024-11-12', 47)",13,afternoon,6,24,0.9133165163158837,0.8493499709818494,0.8565088027300097,1.1666666666666667,5
4633,רשת 13,Other_last_long,5.4,6,5-7,3.0,"('רשת 13', '2024-11-12', 52)","('רשת 13', '2024-11-12', 52)",14,afternoon,9,57,0.9165551857817595,0.8922142304653127,0.9147070989245547,1.5999999999999999,4
4634,רשת 13,Other_first_long,4.683333333333334,6,3.5-5,1.0,"('רשת 13', '2024-11-12', 56)","('רשת 13', '2024-11-12', 56)",15,afternoon,57,1,1.1559710721582965,1.1358417748348497,1.146908965424043,2.1,6
4636,רשת 13,Other_first_standard,1.6166666666666667,3,1.5-2.5,1.0,"('רשת 13', '2024-11-12', 58)","('רשת 13', '2024-11-12', 58)",16,afternoon,53,2,1.652295276018066,1.6603521838960722,1.6602341128048466,4.1000000000000005,5
4639,רשת 13,Other_middle_long,7.233333333333333,9,7-13,1.0,"('רשת 13', '2024-11-12', 59)","('רשת 13', '2024-11-12', 59)",17,early_evening,20,30,1.137942556941187,1.1481494224210333,1.1370802755911005,3.3666666666666667,0
4641,רשת 13,Other_first_standard,1.6666666666666667,3,1.5-2.5,1.0,"('רשת 13', '2024-11-12', 61)","('רשת 13', '2024-11-12', 61)",17,early_evening,29,23,0.8968728681415067,0.8794736120438514,0.8891552598832201,2.966666666666667,8
4642,רשת 13,News_middle_short,1.4666666666666666,2,lt1.5,1.0,"('רשת 13', '2024-11-12', 62)","('רשת 13', '2024-11-12', 62)",18,early_evening,23,4,0.853325468635047,0.853325468635047,0.853325468635047,3.2999999999999994,3
4645,רשת 13,PrimeShow2_first_long,8.033333333333333,9,7-13,1.0,"('רשת 13', '2024-11-12', 64)","('רשת 13', '2024-11-12', 64)",18,early_evening,36,44,1.0277139645101538,1.0025422205208454,1.02308081882666,4.6000000000000005,14
4646,רשת 13,Other_first_standard,1.8833333333333333,3,1.5-2.5,1.0,"('רשת 13', '2024-11-12', 66)","('רשת 13', '2024-11-12', 66)",19,early_evening,44,51,1.0220671666923413,0.9676254594810737,0.9785983965113045,6.066666666666667,6
4649,רשת 13,News_last_long,6.45,7,5-7,3.0,"('רשת 13', '2024-11-12', 67)","('רשת 13', '2024-11-12', 67)",21,late_evening,26,18,1.1562595433761775,1.0955831449875975,1.1564894241446855,6.833333333333333,5
4650,רשת 13,News_last_short,1.3833333333333333,2,lt1.5,4.0,"('רשת 13', '2024-11-12', 67)","('רשת 13', '2024-11-12', 67)",21,late_evening,18,1,0.662722168054496,0.6496181240183755,0.662722168054496,7.066666666666667,14
4651,רשת 13,Other_middle_standard,1.85,2,1.5-2.5,1.0,"('רשת 13', '2024-11-12', 74)","('רשת 13', '2024-11-12', 74)",22,late_evening,27,10,0.8510235677880149,0.7685598664711742,0.8510235677880149,7.2,13
4652,רשת 13,Other_last_long,12.783333333333333,14,7-13,2.0,"('רשת 13', '2024-11-12', 74)","('רשת 13', '2024-11-12', 74)",22,late_evening,10,5,0.8424116868697428,0.6584197222879523,0.8424116868697428,7.233333333333333,9
4653,רשת 13,Other_first_long,8.533333333333333,10,7-13,1.0,"('רשת 13', '2024-11-12', 77)","('רשת 13', '2024-11-12', 77)",22,late_evening,5,14,0.9664844594520785,0.9104116537558918,0.9664844594520785,8.266666666666666,12
4654,רשת 13,Other_middle_long,7.0,8,5-7,1.0,"('רשת 13', '2024-11-12', 79)","('רשת 13', '2024-11-12', 79)",23,late_evening,14,1,0.4575417291517876,0.4440158772981353,0.45119830886247864,3.266666666666667,5
4655,רשת 13,Other_last_standard,1.6833333333333333,3,1.5-2.5,1.0,"('רשת 13', '2024-11-12', 81)","('רשת 13', '2024-11-12', 81)",23,late_evening,31,28,1.1532119958732008,1.063010610445127,1.1532119958732008,4.333333333333334,14
4657,רשת 13,Other_first_long,7.666666666666667,8,7-13,1.0,"('רשת 13', '2024-11-13', 0)","('רשת 13', '2024-11-13', 0)",0,overnight,22,1,0.7902189206068515,0.7873091527925679,0.7902189206068515,2.0,14
4659,רשת 13,Other_first_long,4.533333333333333,6,3.5-5,1.0,"('רשת 13', '2024-11-13', 2)","('רשת 13', '2024-11-13', 2)",0,overnight,19,42,0.8319963727244607,0.7938369639825668,0.8313938535959666,1.5333333333333332,11
4660,רשת 13,Other_last_long,5.166666666666667,7,5-7,1.0,"('רשת 13', '2024-11-13', 4)","('רשת 13', '2024-11-13', 4)",1,overnight,42,4,0.8599639129386482,0.8553349853053707,0.8656255326353556,1.1666666666666667,13
4661,רשת 13,Other_first_short,1.05,2,lt1.5,1.0,"('רשת 13', '2024-11-13', 6)","('רשת 13', '2024-11-13', 6)",1,overnight,4,30,0.9627976190476191,1.0062087769844208,0.9625270562770561,1.2333333333333334,8
4662,רשת 13,Other_middle_long,3.0833333333333335,4,2.5-3.5,1.0,"('רשת 13', '2024-11-13', 8)","('רשת 13', '2024-11-13', 8)",2,overnight,30,16,0.9062852324799312,0.8981359649122808,0.9062852324799312,0.9,9
4663,רשת 13,Other_middle_long,3.65,5,3.5-5,1.0,"('רשת 13', '2024-11-13', 10)","('רשת 13', '2024-11-13', 10)",2,overnight,16,29,0.9266409266409269,0.9299848358671888,0.9413581587494632,0.8000000000000002,13
4664,רשת 13,Other_middle_standard,2.8333333333333335,4,2.5-3.5,1.0,"('רשת 13', '2024-11-13', 12)","('רשת 13', '2024-11-13', 12)",3,overnight,29,30,0.48649596300367687,0.4855647380049189,0.4891400666525399,0.3,1
4665,רשת 13,Other_first_long,3.4833333333333334,4,2.5-3.5,1.0,"('רשת 13', '2024-11-13', 14)","('רשת 13', '2024-11-13', 14)",3,overnight,30,13,0.7031249999999999,0.7505154066808549,0.7090383555539921,0.3,4
4666,רשת 13,Other_middle_long,3.65,5,3.5-5,2.0,"('רשת 13', '2024-11-13', 14)","('רשת 13', '2024-11-13', 14)",3,overnight,13,88,0.7941313460642757,0.8439312567132116,0.7941313460642757,0.3,5
4667,רשת 13,Other_middle_long,3.6166666666666667,4,3.5-5,1.0,"('רשת 13', '2024-11-13', 19)","('רשת 13', '2024-11-13', 19)",5,overnight,88,24,0.9507278835386339,0.9962968758149481,0.9609507640067911,0.3,7
4668,רשת 13,Other_middle_standard,1.8833333333333333,3,1.5-2.5,1.0,"('רשת 13', '2024-11-13', 21)","('רשת 13', '2024-11-13', 21)",5,overnight,24,23,0.21208033573141488,0.2172227839568588,0.21898976982097187,0.1,4
4669,רשת 13,PrimeShow1_first_long,3.15,5,2.5-3.5,1.0,"('רשת 13', '2024-11-13', 24)","('רשת 13', '2024-11-13', 24)",6,morning,23,54,0.47431324048920764,0.473042464051498,0.47431324048920764,0.4000000000000001,14
4671,רשת 13,Other_first_standard,1.5333333333333334,2,1.5-2.5,1.0,"('רשת 13', '2024-11-13', 26)","('רשת 13', '2024-11-13', 26)",7,morning,53,1,1.3894777897834685,1.3276708590841737,1.3779943145448315,2.2,12
4674,רשת 13,Other_first_long,7.183333333333334,8,7-13,4.0,"('רשת 13', '2024-11-13', 26)","('רשת 13', '2024-11-13', 26)",7,morning,27,11,0.7629389437699521,0.852898161951556,0.7823140985200226,1.1333333333333333,2
4675,רשת 13,Other_middle_short,1.3666666666666667,2,lt1.5,5.0,"('רשת 13', '2024-11-13', 26)","('רשת 13', '2024-11-13', 26)",8,morning,7,1,1.0436432637571158,1.0438509918868293,1.061778556979794,1.8333333333333333,13
4678,רשת 13,Other_middle_long,8.283333333333333,9,7-13,8.0,"('רשת 13', '2024-11-13', 26)","('רשת 13', '2024-11-13', 26)",8,morning,21,14,0.747405560683569,0.7280609208461829,0.7526402596536307,1.2,13
4679,רשת 13,Other_last_standard,1.8,3,1.5-2.5,9.0,"('רשת 13', '2024-11-13', 26)","('רשת 13', '2024-11-13', 26)",9,morning,5,18,0.961287700572489,0.9260664928166874,0.961287700572489,1.6000000000000003,11
4681,רשת 13,Other_last_long,8.066666666666666,9,7-13,11.0,"('רשת 13', '2024-11-13', 26)","('רשת 13', '2024-11-13', 26)",9,morning,13,28,1.005740801878141,0.9850174408738082,0.9813063787959186,1.5666666666666667,1
4682,רשת 13,Other_first_standard,1.8,3,1.5-2.5,1.0,"('רשת 13', '2024-11-13', 37)","('רשת 13', '2024-11-13', 37)",10,morning,27,29,1.062205910031997,0.9507392834816001,1.069913197390224,1.6333333333333335,5
4684,רשת 13,Other_last_standard,1.7833333333333334,2,1.5-2.5,3.0,"('רשת 13', '2024-11-13', 37)","('רשת 13', '2024-11-13', 37)",11,morning,24,1,1.120689655172414,1.155627517188262,1.1034004057722602,1.7333333333333334,1
4686,רשת 13,Other_middle_long,10.533333333333333,11,7-13,1.0,"('רשת 13', '2024-11-13', 47)","('רשת 13', '2024-11-13', 47)",12,afternoon,18,19,1.1729055466784521,1.2155307811252059,1.203351947873323,1.5,9
4687,רשת 13,Other_middle_long,3.433333333333333,4,2.5-3.5,1.0,"('רשת 13', '2024-11-13', 49)","('רשת 13', '2024-11-13', 49)",12,afternoon,19,9,1.4260651629072683,1.4122206743888708,1.4349071618037135,1.8,8
4688,רשת 13,Other_first_long,6.566666666666666,7,5-7,1.0,"('רשת 13', '2024-11-13', 55)","('רשת 13', '2024-11-13', 55)",13,afternoon,10,14,1.2276709523267721,1.2269164582245653,1.223069041503502,1.5333333333333332,1
4689,רשת 13,Other_middle_long,5.216666666666667,6,5-7,1.0,"('רשת 13', '2024-11-13', 56)","('רשת 13', '2024-11-13', 56)",13,afternoon,14,25,0.555256313578233,0.5221353626196241,0.5565215875294575,0.6666666666666666,6
4690,רשת 13,Other_first_long,8.516666666666667,9,7-13,1.0,"('רשת 13', '2024-11-13', 62)","('רשת 13', '2024-11-13', 62)",14,afternoon,16,16,0.5371428571428571,0.5101898241105997,0.5329787768590649,0.9,8
4691,רשת 13,Other_last_long,5.516666666666667,7,5-7,2.0,"('רשת 13', '2024-11-13', 62)","('רשת 13', '2024-11-13', 62)",14,afternoon,16,61,0.8145250523723457,0.7628470405926215,0.8168699267341344,1.3999999999999997,2
4692,רשת 13,Other_first_long,4.416666666666667,5,3.5-5,1.0,"('רשת 13', '2024-11-13', 66)","('רשת 13', '2024-11-13', 66)",15,afternoon,61,1,1.0551415797317438,1.0791068383117455,1.0659151096814476,1.9333333333333336,9
4694,רשת 13,Other_last_standard,2.05,3,1.5-2.5,1.0,"('רשת 13', '2024-11-13', 67)","('רשת 13', '2024-11-13', 67)",16,afternoon,38,6,0.9896602658788772,0.9476517602040971,1.000581494536033,2.2333333333333334,7
4697,רשת 13,Other_first_long,7.616666666666666,8,7-13,1.0,"('רשת 13', '2024-11-13', 69)","('רשת 13', '2024-11-13', 69)",17,early_evening,27,1,0.9222222222222222,0.9371430830385988,0.9198842774293631,2.766666666666667,13
4699,רשת 13,Other_first_standard,1.6666666666666667,2,1.5-2.5,1.0,"('רשת 13', '2024-11-13', 71)","('רשת 13', '2024-11-13', 71)",17,early_evening,32,37,1.4813777084754574,1.453110555295779,1.4690797996234963,4.8999999999999995,8
4700,רשת 13,News_middle_standard,2.033333333333333,3,1.5-2.5,1.0,"('רשת 13', '2024-11-13', 72)","('רשת 13', '2024-11-13', 72)",18,early_evening,37,6,0.9798453191100559,0.9155587314432209,0.9606222669196899,3.9333333333333336,1
4703,רשת 13,PrimeShow2_first_long,8.85,10,7-13,1.0,"('רשת 13', '2024-11-13', 74)","('רשת 13', '2024-11-13', 74)",19,early_evening,20,43,1.228106386783416,1.2172765596099226,1.194774329620934,5.533333333333334,0
4704,רשת 13,Other_first_standard,2.216666666666667,3,1.5-2.5,1.0,"('רשת 13', '2024-11-13', 76)","('רשת 13', '2024-11-13', 76)",19,early_evening,43,53,1.1481932774492616,1.262395126906413,1.1267154778428388,6.900000000000001,7
4705,רשת 13,News_middle_short,1.1666666666666667,2,lt1.5,1.0,"('רשת 13', '2024-11-13', 77)","('רשת 13', '2024-11-13', 77)",20,late_evening,3,22,1.0798548094373865,1.0527926091268318,1.097237500141754,5.95,5
4707,רשת 13,News_last_long,5.85,7,5-7,3.0,"('רשת 13', '2024-11-13', 77)","('רשת 13', '2024-11-13', 77)",21,late_evening,17,16,1.0653325485579754,1.0338096678480024,1.1004111694773833,6.033333333333334,13
4708,רשת 13,News_last_short,0.75,2,lt1.5,4.0,"('רשת 13', '2024-11-13', 77)","('רשת 13', '2024-11-13', 77)",21,late_evening,16,2,0.851604344289329,0.827006858604712,0.851604344289329,7.966666666666666,5
4709,רשת 13,Other_middle_long,10.2,11,7-13,1.0,"('רשת 13', '2024-11-13', 84)","('רשת 13', '2024-11-13', 84)",22,late_evening,31,18,1.2792125735890802,1.2329725593059393,1.2732107240102015,13.366666666666667,9
4710,רשת 13,Other_last_long,10.066666666666666,11,7-13,2.0,"('רשת 13', '2024-11-13', 84)","('רשת 13', '2024-11-13', 84)",22,late_evening,18,19,1.602587136183974,1.4170095032490064,1.5275386591793014,14.866666666666667,7
4711,רשת 13,Other_first_long,7.233333333333333,9,7-13,1.0,"('רשת 13', '2024-11-13', 87)","('רשת 13', '2024-11-13', 87)",23,late_evening,19,1,1.7850694235838303,1.695334164143827,1.7736543766173156,12.666666666666666,6
4712,רשת 13,Other_last_long,5.266666666666667,6,5-7,1.0,"('רשת 13', '2024-11-13', 89)","('רשת 13', '2024-11-13', 89)",23,late_evening,39,28,1.9422474776415488,1.9958060986195456,1.9340812749653542,6.466666666666666,9
4713,רשת 13,Other_first_long,4.216666666666667,5,3.5-5,1.0,"('רשת 13', '2024-11-14', 1)","('רשת 13', '2024-11-14', 1)",0,overnight,28,1,1.241769396041141,1.2281522547781965,1.2364951344377653,2.533333333333333,12
4715,רשת 13,Other_middle_long,4.216666666666667,5,3.5-5,1.0,"('רשת 13', '2024-11-14', 2)","('רשת 13', '2024-11-14', 2)",0,overnight,11,48,1.2215280287774737,1.1412121021477812,1.2198526590017271,2.2,14
4716,רשת 13,Other_middle_long,4.366666666666666,5,3.5-5,1.0,"('רשת 13', '2024-11-14', 4)","('רשת 13', '2024-11-14', 4)",1,overnight,48,33,1.079177819635835,1.0641828625383585,1.0776479007633588,1.4000000000000001,6
4717,רשת 13,Other_middle_short,0.7833333333333333,2,lt1.5,1.0,"('רשת 13', '2024-11-14', 7)","('רשת 13', '2024-11-14', 7)",2,overnight,33,33,0.9772277544519538,0.961062456358334,0.9796607458148343,0.9,13
4718,רשת 13,Other_last_standard,1.6833333333333333,3,1.5-2.5,1.0,"('רשת 13', '2024-11-14', 9)","('רשת 13', '2024-11-14', 9)",2,overnight,33,39,0.6447648396800939,0.6519282131457234,0.6447648396800939,0.5,2
4719,רשת 13,Other_last_short,1.4333333333333333,3,lt1.5,1.0,"('רשת 13', '2024-11-14', 16)","('רשת 13', '2024-11-14', 16)",5,overnight,118,10,1.25,1.2311273626730241,1.2543859649122808,0.4000000000000001,11
4720,רשת 13,Other_first_short,0.6833333333333333,2,lt1.5,1.0,"('רשת 13', '2024-11-14', 18)","('רשת 13', '2024-11-14', 18)",5,overnight,10,36,1.0575924594616184,1.0688412548018411,1.0490454509146099,0.4000000000000001,8
4721,רשת 13,PrimeShow1_first_long,5.116666666666666,6,5-7,1.0,"('רשת 13', '2024-11-14', 21)","('רשת 13', '2024-11-14', 21)",6,morning,36,54,0.9859637110578569,0.9854815227015808,0.9866082916106075,0.8333333333333334,0
4724,רשת 13,Other_first_long,7.366666666666666,8,7-13,2.0,"('רשת 13', '2024-11-14', 23)","('רשת 13', '2024-11-14', 23)",7,morning,14,24,0.8035714285714287,0.7999798762972419,0.7829489515050255,1.2,6
4726,רשת 13,Other_middle_long,7.916666666666667,9,7-13,4.0,"('רשת 13', '2024-11-14', 23)","('רשת 13', '2024-11-14', 23)",8,morning,17,19,1.0651665039656824,0.9707296084578032,1.0651665039656824,1.8,9
4727,רשת 13,Other_last_long,7.35,9,7-13,5.0,"('רשת 13', '2024-11-14', 23)","('רשת 13', '2024-11-14', 23)",9,morning,10,21,0.932716649005063,0.8241992206064062,0.942055729464833,1.3999999999999997,2
4728,רשת 13,Other_last_long,7.233333333333333,8,7-13,6.0,"('רשת 13', '2024-11-14', 23)","('רשת 13', '2024-11-14', 23)",9,morning,21,14,0.7079023780485159,0.6921314274697733,0.7074548072994212,1.1333333333333333,1
4729,רשת 13,Other_first_long,7.183333333333334,8,7-13,1.0,"('רשת 13', '2024-11-14', 34)","('רשת 13', '2024-11-14', 34)",10,morning,20,31,0.5446166019938342,0.522185991759785,0.5464428679386373,0.8333333333333334,12
4730,רשת 13,Other_last_long,8.716666666666667,10,7-13,2.0,"('רשת 13', '2024-11-14', 34)","('רשת 13', '2024-11-14', 34)",11,morning,18,31,0.9051724137931035,0.8906876276702581,0.9065773336591771,1.3999999999999997,9
4731,רשת 13,Other_middle_short,1.35,2,lt1.5,1.0,"('רשת 13', '2024-11-14', 44)","('רשת 13', '2024-11-14', 44)",12,afternoon,19,1,0.39096851555948414,0.4051769270417353,0.40111731595777433,0.5,9
4733,רשת 13,Other_first_long,3.0166666666666666,4,2.5-3.5,1.0,"('רשת 13', '2024-11-14', 46)","('רשת 13', '2024-11-14', 46)",12,afternoon,7,22,0.1856763925729443,0.19665586637036533,0.19109311835423778,0.2333333333333333,9
4734,רשת 13,Other_middle_short,1.4666666666666666,2,lt1.5,1.0,"('רשת 13', '2024-11-14', 52)","('רשת 13', '2024-11-14', 52)",13,afternoon,20,1,0.9226483889645244,0.8829647373854691,0.9192768016297427,1.1,10
4736,רשת 13,Other_first_long,4.583333333333333,5,3.5-5,1.0,"('רשת 13', '2024-11-14', 54)","('רשת 13', '2024-11-14', 54)",13,afternoon,10,18,0.9858259519637057,0.9358145746067607,0.9824691324778844,1.2666666666666666,11
4737,רשת 13,Other_middle_long,9.333333333333334,11,7-13,1.0,"('רשת 13', '2024-11-14', 59)","('רשת 13', '2024-11-14', 59)",14,afternoon,22,10,0.35833191328221153,0.32846943125692807,0.3576246941464332,0.6,11
4738,רשת 13,Other_last_long,5.733333333333333,7,5-7,2.0,"('רשת 13', '2024-11-14', 59)","('רשת 13', '2024-11-14', 59)",14,afternoon,10,34,0.5270037708829868,0.4887973908775334,0.52944995483602,0.9,1
4739,רשת 13,Other_middle_long,4.65,6,3.5-5,1.0,"('רשת 13', '2024-11-14', 62)","('רשת 13', '2024-11-14', 62)",15,afternoon,34,37,0.7422680412371134,0.7345854687017698,0.7498186947814937,1.2,11
4741,רשת 13,Other_first_long,7.95,9,7-13,1.0,"('רשת 13', '2024-11-14', 64)","('רשת 13', '2024-11-14', 64)",16,afternoon,36,1,1.639997605796946,1.6349488209112446,1.6349488209112446,3.733333333333333,8
4743,רשת 13,Other_first_long,3.566666666666667,5,3.5-5,1.0,"('רשת 13', '2024-11-14', 66)","('רשת 13', '2024-11-14', 66)",17,early_evening,54,2,0.7000000000000001,0.7068773889607801,0.6956384046706888,2.1,12
4746,רשת 13,Other_first_standard,1.6666666666666667,2,1.5-2.5,1.0,"('רשת 13', '2024-11-14', 68)","('רשת 13', '2024-11-14', 68)",17,early_evening,34,43,1.2495939317155573,1.225941590353661,1.2390349701668741,4.133333333333334,8
4747,רשת 13,News_last_long,6.6,8,5-7,1.0,"('רשת 13', '2024-11-14', 69)","('רשת 13', '2024-11-14', 69)",18,early_evening,43,16,1.3816925734024181,1.3908774181550896,1.4055934469458924,5.333333333333333,7
4749,רשת 13,PrimeShow2_first_long,5.65,6,5-7,1.0,"('רשת 13', '2024-11-14', 71)","('רשת 13', '2024-11-14', 71)",19,early_evening,15,35,1.264908895559196,1.2567534980189603,1.2282421580183682,5.7,0
4750,רשת 13,Other_first_standard,2.216666666666667,3,1.5-2.5,1.0,"('רשת 13', '2024-11-14', 74)","('רשת 13', '2024-11-14', 74)",19,early_evening,10,47,1.3591159921953733,1.2867646309846148,1.301513246180134,8.066666666666666,6
4751,רשת 13,News_middle_long,5.433333333333334,6,5-7,1.0,"('רשת 13', '2024-11-14', 75)","('רשת 13', '2024-11-14', 75)",20,late_evening,47,19,1.2340706794245369,1.1956234771907182,1.2340706794245369,7.566666666666666,10
4752,רשת 13,News_last_long,6.75,8,5-7,2.0,"('רשת 13', '2024-11-14', 75)","('רשת 13', '2024-11-14', 75)",21,late_evening,19,16,1.1300397501419648,1.0281636438643107,1.0933368569877266,6.633333333333333,4
4753,רשת 13,Other_middle_long,10.95,12,7-13,1.0,"('רשת 13', '2024-11-14', 80)","('רשת 13', '2024-11-14', 80)",22,late_evening,39,19,1.0032607998241405,0.941417700278218,0.997384372557636,10.566666666666668,8
4754,רשת 13,Other_last_long,10.35,12,7-13,2.0,"('רשת 13', '2024-11-14', 80)","('רשת 13', '2024-11-14', 80)",22,late_evening,19,15,1.1768122860430335,1.0316237321427246,1.119830195440055,10.9,8
4755,רשת 13,Other_first_long,6.083333333333333,7,5-7,1.0,"('רשת 13', '2024-11-14', 83)","('רשת 13', '2024-11-14', 83)",23,late_evening,15,1,1.1563784744269006,1.1186130061557413,1.1355970103604631,8.3,4
4756,רשת 13,Other_last_long,6.716666666666667,7,5-7,1.0,"('רשת 13', '2024-11-14', 85)","('רשת 13', '2024-11-14', 85)",23,late_evening,40,11,1.0890930291462773,1.0751679986530234,1.09100112696774,3.6666666666666665,7
4757,רשת 13,Other_first_standard,1.5,3,lt1.5,1.0,"('רשת 13', '2024-11-15', 0)","('רשת 13', '2024-11-15', 0)",0,overnight,11,4,1.0292943422812624,1.0362162648434687,1.0292943422812624,2.8666666666666667,9
4760,רשת 13,Other_first_long,4.466666666666667,6,3.5-5,1.0,"('רשת 13', '2024-11-15', 1)","('רשת 13', '2024-11-15', 1)",0,overnight,10,32,1.1113519722866365,1.0736917404784359,1.1081975096051917,2.3000000000000003,11
4761,רשת 13,Other_middle_short,1.4,2,lt1.5,1.0,"('רשת 13', '2024-11-15', 2)","('רשת 13', '2024-11-15', 2)",1,overnight,32,1,0.8429561259222685,0.8488484941573177,0.8502942851718247,1.3,3
4763,רשת 13,Other_last_standard,2.45,3,1.5-2.5,1.0,"('רשת 13', '2024-11-15', 4)","('רשת 13', '2024-11-15', 4)",1,overnight,41,36,1.4972375690607735,1.4652773746638028,1.5056874267954001,1.8,5
4764,רשת 13,Other_middle_standard,2.716666666666667,4,2.5-3.5,1.0,"('רשת 13', '2024-11-15', 6)","('רשת 13', '2024-11-15', 6)",2,overnight,36,29,1.9305019305019309,1.935599923835218,1.959639394422003,1.6666666666666667,13
4765,רשת 13,Other_middle_standard,1.7333333333333334,3,1.5-2.5,1.0,"('רשת 13', '2024-11-15', 8)","('רשת 13', '2024-11-15', 8)",3,overnight,29,27,1.7742277381746074,1.7044071976616735,1.7718356497980519,1.1,0
4766,רשת 13,Other_first_long,3.6,5,3.5-5,1.0,"('רשת 13', '2024-11-15', 10)","('רשת 13', '2024-11-15', 10)",3,overnight,27,15,2.040328092959672,2.086921005120313,2.0559440559440563,0.9,14
4767,רשת 13,Other_middle_standard,2.1166666666666667,3,1.5-2.5,2.0,"('רשת 13', '2024-11-15', 10)","('רשת 13', '2024-11-15', 10)",3,overnight,15,95,2.01067887109077,2.0017793280834346,2.0443149250787815,0.7666666666666666,3
4768,רשת 13,Other_last_standard,1.9333333333333333,3,1.5-2.5,1.0,"('רשת 13', '2024-11-15', 15)","('רשת 13', '2024-11-15', 15)",5,overnight,95,16,0.9375,0.9432460195172059,0.9441489361702127,0.3,10
4769,רשת 13,PrimeShow1_first_long,3.55,5,3.5-5,1.0,"('רשת 13', '2024-11-15', 21)","('רשת 13', '2024-11-15', 21)",6,morning,30,85,1.185783101223019,1.182606160128745,1.185783101223019,1.0,14
4770,רשת 13,Other_first_long,7.566666666666666,9,7-13,1.0,"('רשת 13', '2024-11-15', 23)","('רשת 13', '2024-11-15', 23)",7,morning,85,22,1.056179775280899,1.2969054033827272,1.0843763687987649,1.5666666666666667,13
4771,רשת 13,Other_middle_long,6.616666666666666,7,5-7,2.0,"('רשת 13', '2024-11-15', 23)","('רשת 13', '2024-11-15', 23)",8,morning,22,26,1.062618595825427,1.0630522207654776,1.0811960327079493,1.8666666666666665,13
4772,רשת 13,Other_middle_short,1.2666666666666666,2,lt1.5,3.0,"('רשת 13', '2024-11-15', 23)","('רשת 13', '2024-11-15', 23)",8,morning,26,20,1.8711018711018712,1.7124571149738042,1.8776862100731944,3.0,0
4774,רשת 13,Other_last_long,6.916666666666667,8,5-7,5.0,"('רשת 13', '2024-11-15', 23)","('רשת 13', '2024-11-15', 23)",9,morning,11,13,1.633115217902251,1.5555911253390244,1.6562015666968222,2.433333333333333,3
4775,רשת 13,Other_last_long,6.583333333333333,8,5-7,6.0,"('רשת 13', '2024-11-15', 23)","('רשת 13', '2024-11-15', 23)",9,morning,13,21,1.7016806722689075,1.7877038261908043,1.7296863007601537,2.7000000000000006,8
4776,רשת 13,Other_first_standard,1.8666666666666667,3,1.5-2.5,1.0,"('רשת 13', '2024-11-15', 31)","('רשת 13', '2024-11-15', 31)",10,morning,27,31,2.1086956521739126,1.7628225433103484,2.125615628750657,3.233333333333333,3
4778,רשת 13,Other_last_long,8.816666666666666,10,7-13,3.0,"('רשת 13', '2024-11-15', 31)","('רשת 13', '2024-11-15', 31)",11,morning,24,26,1.6163793103448276,1.66618427002912,1.591351787678045,2.5,1
4779,רשת 13,Other_middle_long,9.4,10,7-13,1.0,"('רשת 13', '2024-11-15', 41)","('רשת 13', '2024-11-15', 41)",12,afternoon,22,12,2.03908092635233,1.9027507871228213,1.9836511804293664,2.566666666666667,14
4780,רשת 13,Other_first_long,3.2666666666666666,4,2.5-3.5,1.0,"('רשת 13', '2024-11-15', 43)","('רשת 13', '2024-11-15', 43)",12,afternoon,12,13,1.827752777853722,1.7302754599149368,1.8062511351701371,2.3333333333333335,5
4781,רשת 13,Other_middle_standard,2.25,3,1.5-2.5,1.0,"('רשת 13', '2024-11-15', 48)","('רשת 13', '2024-11-15', 48)",13,afternoon,11,17,1.5154245075544643,1.513711604991955,1.5126315571890079,1.8666666666666665,3
4782,רשת 13,Other_first_standard,1.6166666666666667,2,1.5-2.5,1.0,"('רשת 13', '2024-11-15', 50)","('רשת 13', '2024-11-15', 50)",13,afternoon,17,1,1.4618455855765264,1.386678832842313,1.4768213325361927,1.7666666666666666,7
4788,רשת 13,Other_last_long,4.583333333333333,5,3.5-5,2.0,"('רשת 13', '2024-11-15', 58)","('רשת 13', '2024-11-15', 58)",16,afternoon,14,1,0.8341870567833519,0.7918956202092032,0.8358452687508424,1.8999999999999997,11
4794,רשת 13,Other_middle_long,4.316666666666666,5,3.5-5,1.0,"('רשת 13', '2024-11-15', 70)","('רשת 13', '2024-11-15', 70)",20,late_evening,9,20,0.6449564921900044,0.6350310321646018,0.6449564921900044,3.6666666666666665,12
4796,רשת 13,Other_last_long,5.266666666666667,6,5-7,3.0,"('רשת 13', '2024-11-15', 70)","('רשת 13', '2024-11-15', 70)",21,late_evening,18,2,0.6724249575319732,0.6487835464244799,0.6697769138344375,4.033333333333333,6
4797,רשת 13,Other_middle_long,8.416666666666666,10,7-13,1.0,"('רשת 13', '2024-11-15', 76)","('רשת 13', '2024-11-15', 76)",21,late_evening,27,12,0.5167635934792232,0.5001382328377468,0.5175103664379438,5.566666666666666,12
4798,רשת 13,Other_first_long,5.516666666666667,7,5-7,1.0,"('רשת 13', '2024-11-15', 78)","('רשת 13', '2024-11-15', 78)",22,late_evening,12,39,0.6798516687268231,0.6175955095541349,0.7301049080162247,5.5,3
4799,רשת 13,Other_first_standard,1.5666666666666667,2,1.5-2.5,1.0,"('רשת 13', '2024-11-15', 80)","('רשת 13', '2024-11-15', 80)",23,late_evening,39,1,0.55228671858326,0.5493628504499246,0.5447124301213075,4.0,3
4801,רשת 13,Other_first_long,5.65,6,5-7,1.0,"('רשת 13', '2024-11-15', 82)","('רשת 13', '2024-11-15', 82)",23,late_evening,27,23,0.31854686527583725,0.31301046396167026,0.31854686527583725,1.4333333333333333,6
4802,רשת 13,Other_first_standard,1.65,3,1.5-2.5,1.0,"('רשת 13', '2024-11-16', 3)","('רשת 13', '2024-11-16', 3)",0,overnight,15,20,0.4416289112746854,0.42479038981115785,0.44142627949310626,1.0,5
4804,רשת 13,Other_middle_long,4.8,6,3.5-5,3.0,"('רשת 13', '2024-11-16', 3)","('רשת 13', '2024-11-16', 3)",0,overnight,13,42,0.3841603143224505,0.3618988283409643,0.3867963076126493,0.6999999999999998,12
4805,רשת 13,Other_first_long,4.35,6,3.5-5,1.0,"('רשת 13', '2024-11-16', 6)","('רשת 13', '2024-11-16', 6)",1,overnight,42,48,0.5202682746542396,0.5046792148506071,0.5241574996489922,0.6999999999999998,14
4806,רשת 13,Other_middle_long,3.6666666666666665,5,3.5-5,1.0,"('רשת 13', '2024-11-16', 9)","('רשת 13', '2024-11-16', 9)",2,overnight,48,35,0.9034334458352915,0.8889595182335229,0.8889460672531379,0.8000000000000002,7
4807,רשת 13,Other_middle_long,4.116666666666666,5,3.5-5,1.0,"('רשת 13', '2024-11-16', 11)","('רשת 13', '2024-11-16', 11)",3,overnight,35,27,1.297322568009805,1.2948393013464505,1.3043735110734398,0.8000000000000002,1
4808,רשת 13,Other_middle_long,3.283333333333333,4,2.5-3.5,1.0,"('רשת 13', '2024-11-16', 13)","('רשת 13', '2024-11-16', 13)",3,overnight,27,113,1.3883037287140338,1.4638574146059051,1.3778930867244448,0.6,2
4809,רשת 13,Other_middle_long,3.1166666666666667,4,2.5-3.5,1.0,"('רשת 13', '2024-11-16', 21)","('רשת 13', '2024-11-16', 21)",5,overnight,113,46,0.9375,0.9111139952411853,0.9280981272299775,0.3,13
4810,רשת 13,Other_middle_short,1.1333333333333333,2,lt1.5,1.0,"('רשת 13', '2024-11-16', 23)","('רשת 13', '2024-11-16', 23)",6,morning,46,31,0.5102707175389841,0.5298550180221274,0.5075203773369813,0.43333333333333335,2
4811,רשת 13,Other_middle_short,1.4666666666666666,3,lt1.5,1.0,"('רשת 13', '2024-11-16', 25)","('רשת 13', '2024-11-16', 25)",6,morning,31,17,0.06865655739998668,0.06749122524984595,0.06865655739998668,0.10000000000000002,4
4812,רשת 13,Other_last_short,1.4666666666666666,3,lt1.5,2.0,"('רשת 13', '2024-11-16', 25)","('רשת 13', '2024-11-16', 25)",7,morning,17,33,0.06250341938008323,0.06175345402431586,0.06302539552729401,0.10000000000000002,8
4813,רשת 13,Other_last_standard,2.2,4,1.5-2.5,1.0,"('רשת 13', '2024-11-16', 28)","('רשת 13', '2024-11-16', 28)",7,morning,33,27,0.20224719101123592,0.24818515192336477,0.20755126443574365,0.3,13
4814,רשת 13,Other_middle_standard,1.5833333333333333,3,1.5-2.5,1.0,"('רשת 13', '2024-11-16', 30)","('רשת 13', '2024-11-16', 30)",8,morning,27,27,0.2846299810246679,0.2848281485818736,0.28948116432149923,0.5,13
4816,רשת 13,Other_middle_long,3.816666666666667,5,3.5-5,1.0,"('רשת 13', '2024-11-16', 32)","('רשת 13', '2024-11-16', 32)",8,morning,24,19,0.33126718235063096,0.3178859552621929,0.33230886710210233,0.5333333333333333,12
4817,רשת 13,Other_middle_long,4.083333333333333,5,3.5-5,1.0,"('רשת 13', '2024-11-16', 34)","('רשת 13', '2024-11-16', 34)",9,morning,19,33,0.5180114517952502,0.5105721405109784,0.5183514465064437,0.9,5
4818,רשת 13,Other_middle_long,4.783333333333333,6,3.5-5,1.0,"('רשת 13', '2024-11-16', 36)","('רשת 13', '2024-11-16', 36)",9,morning,33,41,0.5052631578947369,0.5212147552425593,0.4997609100064109,0.8000000000000002,12
4819,רשת 13,Other_middle_long,6.066666666666666,7,5-7,1.0,"('רשת 13', '2024-11-16', 38)","('רשת 13', '2024-11-16', 38)",10,morning,41,1,0.8509099903911105,0.7802497775044616,0.8502969914908108,1.3,13
4821,רשת 13,PrimeShow1_first_long,7.616666666666666,8,7-13,1.0,"('רשת 13', '2024-11-16', 41)","('רשת 13', '2024-11-16', 41)",11,morning,29,1,0.7595849419625816,0.7547655156703771,0.7547655156703771,1.2,4
4823,רשת 13,PrimeShow2_middle_short,0.7333333333333333,2,lt1.5,1.0,"('רשת 13', '2024-11-16', 42)","('רשת 13', '2024-11-16', 42)",12,afternoon,47,46,0.4415011037527594,0.4441859077620667,0.4441859077620667,0.6666666666666666,0
4824,רשת 13,PrimeShow2_last_long,7.3,9,7-13,2.0,"('רשת 13', '2024-11-16', 42)","('רשת 13', '2024-11-16', 42)",12,afternoon,46,30,0.3385416666666667,0.331688793741229,0.3328874265122706,0.43333333333333335,2
4826,רשת 13,Other_last_long,4.9,6,3.5-5,1.0,"('רשת 13', '2024-11-16', 45)","('רשת 13', '2024-11-16', 45)",13,afternoon,29,1,0.4193856313475111,0.40134760790248597,0.41785309164988305,0.5,10
4828,רשת 13,Other_middle_short,1.4666666666666666,2,lt1.5,1.0,"('רשת 13', '2024-11-16', 47)","('רשת 13', '2024-11-16', 47)",13,afternoon,17,27,0.7112058582646817,0.648297960822369,0.7100739738137763,0.9666666666666668,3
4836,רשת 13,Other_first_standard,2.5166666666666666,4,2.5-3.5,1.0,"('רשת 13', '2024-11-16', 56)","('רשת 13', '2024-11-16', 56)",16,afternoon,13,36,0.8819133034379671,0.8582235867609982,0.876159871460922,1.9666666666666668,1
4839,רשת 13,Other_last_short,0.9833333333333333,2,lt1.5,3.0,"('רשת 13', '2024-11-16', 61)","('רשת 13', '2024-11-16', 61)",17,early_evening,15,64,1.1285082727262503,1.1082046898411149,1.1270486477585255,3.6999999999999997,2
4843,רשת 13,Other_first_standard,1.85,2,1.5-2.5,1.0,"('רשת 13', '2024-11-16', 68)","('רשת 13', '2024-11-16', 68)",19,early_evening,16,45,0.5689022805534775,0.5431026986997333,0.5526067382635772,3.3666666666666667,5
4844,רשת 13,News_middle_long,7.233333333333333,8,7-13,1.0,"('רשת 13', '2024-11-16', 69)","('רשת 13', '2024-11-16', 69)",20,late_evening,45,27,1.0504634397528323,1.035585112384106,1.0436874084154475,6.8,6
4845,רשת 13,News_last_long,7.55,9,7-13,2.0,"('רשת 13', '2024-11-16', 69)","('רשת 13', '2024-11-16', 69)",21,late_evening,27,15,1.1418481459682168,1.1490556289618343,1.1685445486007966,6.466666666666666,10
4846,רשת 13,Other_middle_long,11.016666666666667,12,7-13,1.0,"('רשת 13', '2024-11-16', 74)","('רשת 13', '2024-11-16', 74)",22,late_evening,36,18,1.0195834633504335,0.9835616916736415,1.0174417116116863,10.4,10
4847,רשת 13,Other_last_long,11.816666666666666,13,7-13,2.0,"('רשת 13', '2024-11-16', 74)","('רשת 13', '2024-11-16', 74)",22,late_evening,18,8,1.2709673890088304,1.1390666464674946,1.2212367875804668,11.733333333333333,9
4848,רשת 13,Other_middle_long,4.833333333333333,6,3.5-5,1.0,"('רשת 13', '2024-11-16', 78)","('רשת 13', '2024-11-16', 78)",23,late_evening,12,19,1.1585291129281041,1.2425485186679217,1.168020234881326,6.166666666666667,12
4849,רשת 13,Other_first_long,9.466666666666667,11,7-13,1.0,"('רשת 13', '2024-11-16', 80)","('רשת 13', '2024-11-16', 80)",23,late_evening,19,36,0.7724109967100622,0.758505008459354,0.7724109967100622,3.466666666666667,6
4850,רשת 13,Other_middle_long,5.933333333333334,7,5-7,1.0,"('רשת 13', '2024-11-17', 0)","('רשת 13', '2024-11-17', 0)",0,overnight,36,1,0.9916481083136822,0.9580986349833736,0.9916481083136822,2.1666666666666665,7
4852,רשת 13,Other_first_standard,2.7666666666666666,4,2.5-3.5,1.0,"('רשת 13', '2024-11-17', 2)","('רשת 13', '2024-11-17', 2)",0,overnight,13,44,0.768320628644901,0.7237976566819286,0.7735926152252987,1.3999999999999997,12
4853,רשת 13,Other_last_standard,2.8333333333333335,3,2.5-3.5,1.0,"('רשת 13', '2024-11-17', 4)","('רשת 13', '2024-11-17', 4)",1,overnight,44,68,1.1400445786410698,1.1044727364858753,1.1486915688625994,1.5333333333333332,14
4854,רשת 13,Other_middle_long,3.3,5,2.5-3.5,1.0,"('רשת 13', '2024-11-17', 8)","('רשת 13', '2024-11-17', 8)",2,overnight,68,35,0.728752902652443,0.7283508974423175,0.7297642536297504,0.6,9
4855,רשת 13,Other_last_standard,1.7666666666666666,3,1.5-2.5,1.0,"('רשת 13', '2024-11-17', 12)","('רשת 13', '2024-11-17', 12)",4,overnight,17,73,0.9344119226638025,0.9371293139681501,0.9344119226638022,0.3,8
4856,רשת 13,Other_middle_standard,2.533333333333333,4,2.5-3.5,1.0,"('רשת 13', '2024-11-17', 17)","('רשת 13', '2024-11-17', 17)",5,overnight,73,24,1.2587719298245614,1.3283958344199307,1.2766920733542848,0.4000000000000001,8
4857,רשת 13,PrimeShow1_first_standard,2.05,3,1.5-2.5,1.0,"('רשת 13', '2024-11-17', 22)","('רשת 13', '2024-11-17', 22)",6,morning,24,55,1.3043614113453212,1.3008667761416197,1.304361411345321,1.1,14
4859,רשת 13,Other_first_standard,1.6166666666666667,2,1.5-2.5,1.0,"('רשת 13', '2024-11-17', 24)","('רשת 13', '2024-11-17', 24)",7,morning,54,1,0.9245048433143532,0.8681188523732621,0.9165430716192947,1.4666666666666668,11
4861,רשת 13,Other_first_short,1.4666666666666666,3,lt1.5,3.0,"('רשת 13', '2024-11-17', 24)","('רשת 13', '2024-11-17', 24)",7,morning,13,6,1.0745315502882768,1.092251363603587,1.0717871264324763,1.5999999999999999,3
4864,רשת 13,Other_middle_short,0.2,1,lt1.5,6.0,"('רשת 13', '2024-11-17', 24)","('רשת 13', '2024-11-17', 24)",8,morning,24,10,1.0056925996204933,1.005445753438935,1.0058030102979274,1.7666666666666668,6
4865,רשת 13,Other_middle_short,0.2,2,lt1.5,7.0,"('רשת 13', '2024-11-17', 24)","('רשת 13', '2024-11-17', 24)",8,morning,24,9,1.0056925996204933,1.005445753438935,1.0058030102979274,1.7666666666666668,6
4866,רשת 13,Other_middle_short,0.9166666666666666,2,lt1.5,8.0,"('רשת 13', '2024-11-17', 24)","('רשת 13', '2024-11-17', 24)",8,morning,9,1,0.8245506590334178,0.7667439593797668,0.8189580388802528,1.4333333333333333,1
4868,רשת 13,Other_middle_long,5.983333333333333,7,5-7,10.0,"('רשת 13', '2024-11-17', 24)","('רשת 13', '2024-11-17', 24)",8,morning,15,24,0.4657371145722983,0.4449814470691298,0.46018841782459613,0.8000000000000002,7
4869,רשת 13,Other_last_short,0.2,2,lt1.5,11.0,"('רשת 13', '2024-11-17', 24)","('רשת 13', '2024-11-17', 24)",9,morning,24,7,0.7587567784466476,0.7454585306008888,0.7587567784466476,1.3,7
4871,רשת 13,Other_last_long,7.883333333333334,8,7-13,13.0,"('רשת 13', '2024-11-17', 24)","('רשת 13', '2024-11-17', 24)",9,morning,7,30,0.644382268598387,0.5747261733169488,0.644382268598387,1.0,0
4872,רשת 13,Other_first_long,7.7,9,7-13,1.0,"('רשת 13', '2024-11-17', 34)","('רשת 13', '2024-11-17', 34)",9,morning,30,4,0.4323957405286156,0.4120864774673196,0.4306731733392648,0.6999999999999998,7
4873,רשת 13,Other_first_short,0.2,1,lt1.5,2.0,"('רשת 13', '2024-11-17', 34)","('רשת 13', '2024-11-17', 34)",10,morning,4,1,0.44534412955465585,0.448577236264295,0.4512143670659827,0.7333333333333334,4
4875,רשת 13,Other_middle_long,8.45,9,7-13,4.0,"('רשת 13', '2024-11-17', 34)","('רשת 13', '2024-11-17', 34)",10,morning,38,15,0.2578799206239328,0.2706245011422123,0.2552303289189079,0.4000000000000001,13
4876,רשת 13,Other_middle_short,0.2,1,lt1.5,5.0,"('רשת 13', '2024-11-17', 34)","('רשת 13', '2024-11-17', 34)",11,morning,15,1,0.46315789473684216,0.43404629300470043,0.44979106781850353,0.7333333333333334,6
4878,רשת 13,Other_last_standard,1.5333333333333334,2,1.5-2.5,7.0,"('רשת 13', '2024-11-17', 34)","('רשת 13', '2024-11-17', 34)",11,morning,27,29,0.7786622189530693,0.8143604978595059,0.7781036429494946,1.2,4
4880,רשת 13,News_last_short,0.2,1,lt1.5,1.0,"('רשת 13', '2024-11-17', 42)","('רשת 13', '2024-11-17', 42)",12,afternoon,22,22,1.0596026490066226,1.0159978722251741,1.0316529503484766,1.6000000000000003,4
4881,רשת 13,News_last_short,0.2,2,lt1.5,2.0,"('רשת 13', '2024-11-17', 42)","('רשת 13', '2024-11-17', 42)",12,afternoon,22,21,1.0596026490066226,1.0159978722251741,1.0316529503484766,1.6000000000000003,4
4882,רשת 13,Other_middle_long,8.133333333333333,10,7-13,1.0,"('רשת 13', '2024-11-17', 45)","('רשת 13', '2024-11-17', 45)",12,afternoon,21,11,1.1043063390701262,1.110309758509586,1.118077651395109,1.3999999999999997,11
4883,רשת 13,Other_first_standard,1.5333333333333334,3,1.5-2.5,1.0,"('רשת 13', '2024-11-17', 47)","('רשת 13', '2024-11-17', 47)",12,afternoon,11,15,1.015625,0.9990369312041466,0.9990527443852139,1.3,1
4884,רשת 13,News_last_short,0.2,1,lt1.5,1.0,"('רשת 13', '2024-11-17', 49)","('רשת 13', '2024-11-17', 49)",13,afternoon,15,1,0.9990330156098909,0.9632353850687408,0.9683738568738792,1.2666666666666666,3
4886,רשת 13,Other_first_standard,1.7666666666666666,3,1.5-2.5,1.0,"('רשת 13', '2024-11-17', 53)","('רשת 13', '2024-11-17', 53)",13,afternoon,19,41,0.66667698354973,0.6493797494077842,0.6691599712046257,0.8000000000000002,8
4888,רשת 13,News_last_short,0.2,1,lt1.5,1.0,"('רשת 13', '2024-11-17', 55)","('רשת 13', '2024-11-17', 55)",14,afternoon,35,16,0.49273449077599046,0.5138314967860422,0.4956144042610384,0.6999999999999998,6
4889,רשת 13,News_last_short,0.2,1,lt1.5,2.0,"('רשת 13', '2024-11-17', 55)","('רשת 13', '2024-11-17', 55)",14,afternoon,35,16,0.49273449077599046,0.5138314967860422,0.4956144042610384,0.6999999999999998,6
4890,רשת 13,Other_first_standard,2.4833333333333334,4,1.5-2.5,1.0,"('רשת 13', '2024-11-17', 58)","('רשת 13', '2024-11-17', 58)",14,afternoon,16,19,1.074285714285714,1.0199552857752552,1.0645117705855995,1.8,7
4892,רשת 13,Other_last_long,6.683333333333334,7,5-7,3.0,"('רשת 13', '2024-11-17', 58)","('רשת 13', '2024-11-17', 58)",14,afternoon,13,63,1.2273365857977456,1.1386391169740209,1.2188350309060014,2.066666666666667,14
4893,רשת 13,Other_first_long,5.016666666666667,6,5-7,1.0,"('רשת 13', '2024-11-17', 62)","('רשת 13', '2024-11-17', 62)",15,afternoon,63,1,1.385139070145214,1.3981986439372625,1.395072217502124,2.533333333333333,8
4895,רשת 13,Other_middle_long,8.666666666666666,10,7-13,1.0,"('רשת 13', '2024-11-17', 63)","('רשת 13', '2024-11-17', 63)",16,afternoon,23,1,1.2803832986894355,1.2693448110951697,1.2903872093485287,2.9,8
4897,רשת 13,Other_middle_long,6.2,8,5-7,1.0,"('רשת 13', '2024-11-17', 65)","('רשת 13', '2024-11-17', 65)",17,early_evening,42,31,0.9917819424124432,1.000934565132009,0.9910182075023668,2.9333333333333336,0
4899,רשת 13,Other_first_standard,1.6666666666666667,3,1.5-2.5,1.0,"('רשת 13', '2024-11-17', 67)","('רשת 13', '2024-11-17', 67)",17,early_evening,30,38,0.8666512360718578,0.8503483392141041,0.8592115758910053,2.8666666666666667,8
4900,רשת 13,News_middle_long,8.35,10,7-13,1.0,"('רשת 13', '2024-11-17', 68)","('רשת 13', '2024-11-17', 68)",18,early_evening,38,17,1.401360544217687,1.3338516700205283,1.388318414246368,5.566666666666666,3
4902,רשת 13,PrimeShow2_first_long,6.866666666666666,8,5-7,1.0,"('רשת 13', '2024-11-17', 70)","('רשת 13', '2024-11-17', 70)",18,early_evening,16,34,1.1621543212613392,1.1346889842814882,1.1572154779135964,5.2,14
4903,רשת 13,Other_first_standard,1.8833333333333333,2,1.5-2.5,1.0,"('רשת 13', '2024-11-17', 73)","('רשת 13', '2024-11-17', 73)",19,early_evening,11,49,1.2701627757370433,1.397526727536586,1.2466060224780893,7.633333333333333,7
4904,רשת 13,News_middle_long,8.416666666666666,10,7-13,1.0,"('רשת 13', '2024-11-17', 74)","('רשת 13', '2024-11-17', 74)",20,late_evening,49,9,1.446586411250285,1.3552253062897723,1.449094408976367,8.566666666666666,12
4905,רשת 13,News_last_long,8.05,9,7-13,2.0,"('רשת 13', '2024-11-17', 74)","('רשת 13', '2024-11-17', 74)",21,late_evening,9,16,1.203861442362294,1.1449010626953262,1.1850078645336657,7.066666666666666,0
4906,רשת 13,News_last_standard,1.7833333333333334,3,1.5-2.5,3.0,"('רשת 13', '2024-11-17', 74)","('רשת 13', '2024-11-17', 74)",21,late_evening,15,1,1.1269059199909597,1.0900049656241582,1.131341393184332,6.8999999999999995,9
4909,רשת 13,Other_middle_long,10.766666666666667,11,7-13,1.0,"('רשת 13', '2024-11-17', 80)","('רשת 13', '2024-11-17', 80)",22,late_evening,20,18,1.3416654341313796,1.211797336436722,1.3416654341313796,11.366666666666667,13
4910,רשת 13,Other_last_long,10.266666666666667,11,7-13,2.0,"('רשת 13', '2024-11-17', 80)","('רשת 13', '2024-11-17', 80)",22,late_evening,18,17,1.3578129952411848,1.2877032860269355,1.3448129778532782,12.133333333333333,11
4911,רשת 13,Other_first_long,5.783333333333333,7,5-7,1.0,"('רשת 13', '2024-11-17', 85)","('רשת 13', '2024-11-17', 85)",23,late_evening,17,1,1.3519756342118203,1.227328516953334,1.3519756342118203,9.0,8
4913,רשת 13,Other_middle_long,7.083333333333333,8,7-13,1.0,"('רשת 13', '2024-11-17', 87)","('רשת 13', '2024-11-17', 87)",23,late_evening,36,25,0.8686198707920131,0.8624872030247236,0.8723527008290861,2.9333333333333336,6
4914,רשת 13,Other_first_long,7.416666666666667,9,7-13,1.0,"('רשת 13', '2024-11-18', 0)","('רשת 13', '2024-11-18', 0)",0,overnight,25,20,0.8085940098656574,0.7793717634350839,0.8107390444890399,1.7333333333333334,8
4916,רשת 13,PrimeShow1_first_standard,1.5,2,lt1.5,1.0,"('רשת 13', '2024-11-18', 3)","('רשת 13', '2024-11-18', 3)",0,overnight,19,45,1.0092357061793136,1.0148030087974969,1.0065902549937233,1.7,6
4918,רשת 13,Other_middle_long,3.8,5,3.5-5,1.0,"('רשת 13', '2024-11-18', 5)","('רשת 13', '2024-11-18', 5)",1,overnight,42,8,1.0095373376623378,1.0218694208265793,1.0078721374045803,1.3,7
4919,רשת 13,Other_first_standard,2.216666666666667,3,1.5-2.5,1.0,"('רשת 13', '2024-11-18', 7)","('רשת 13', '2024-11-18', 7)",1,overnight,8,24,0.8295029653643415,0.8272704991518482,0.8387886990001993,1.0,4
4920,רשת 13,Other_middle_short,0.8166666666666667,2,lt1.5,1.0,"('רשת 13', '2024-11-18', 10)","('רשת 13', '2024-11-18', 10)",2,overnight,24,31,0.5514755575803981,0.5727832868008087,0.5542191923477379,0.5,0
4921,רשת 13,Other_last_short,0.7666666666666667,2,lt1.5,1.0,"('רשת 13', '2024-11-18', 12)","('רשת 13', '2024-11-18', 12)",2,overnight,31,23,0.6447648396800939,0.6519282131457234,0.6447648396800939,0.5,2
4922,רשת 13,Other_first_short,0.8166666666666667,1,lt1.5,1.0,"('רשת 13', '2024-11-18', 14)","('רשת 13', '2024-11-18', 14)",3,overnight,23,16,0.5736364087855875,0.5774561403508772,0.5691741151666673,0.3,11
4923,רשת 13,Other_middle_short,0.7666666666666667,1,lt1.5,2.0,"('רשת 13', '2024-11-18', 14)","('רשת 13', '2024-11-18', 14)",3,overnight,16,117,0.6667403803626714,0.6583458270864567,0.6687487704111744,0.3,12
4924,רשת 13,PrimeShow1_first_standard,2.05,3,1.5-2.5,1.0,"('רשת 13', '2024-11-18', 25)","('רשת 13', '2024-11-18', 25)",6,morning,32,1,1.1464130224828617,1.142751087664977,1.1464130224828615,0.9666666666666667,14
4926,רשת 13,Other_first_short,1.05,2,lt1.5,1.0,"('רשת 13', '2024-11-18', 27)","('רשת 13', '2024-11-18', 27)",7,morning,54,1,0.882355537382116,0.8283025084124166,0.8750478713211652,1.3999999999999997,11
4928,רשת 13,Other_first_long,8.7,10,7-13,3.0,"('רשת 13', '2024-11-18', 27)","('רשת 13', '2024-11-18', 27)",7,morning,15,1,1.205357142857143,1.2024040395878857,1.176208580495092,1.8,6
4930,רשת 13,Other_middle_short,0.2,1,lt1.5,5.0,"('רשת 13', '2024-11-18', 27)","('רשת 13', '2024-11-18', 27)",8,morning,19,1,1.5569512485479902,1.5575569052981109,1.5560169938430193,2.733333333333333,5
4932,רשת 13,Other_middle_standard,1.7333333333333334,3,1.5-2.5,7.0,"('רשת 13', '2024-11-18', 27)","('רשת 13', '2024-11-18', 27)",8,morning,7,1,1.480075901328273,1.482756546332858,1.5036741070544977,2.6,13
4934,רשת 13,Other_middle_long,8.583333333333334,10,7-13,9.0,"('רשת 13', '2024-11-18', 27)","('רשת 13', '2024-11-18', 27)",8,morning,11,23,1.3102119460500965,1.2940901066639494,1.2940901066639494,2.2666666666666666,3
4935,רשת 13,Other_last_short,0.2,1,lt1.5,10.0,"('רשת 13', '2024-11-18', 27)","('רשת 13', '2024-11-18', 27)",9,morning,23,8,1.0935797315677507,1.07787451885651,1.0942974981802698,1.8999999999999997,5
4936,רשת 13,Other_last_short,0.2,2,lt1.5,11.0,"('רשת 13', '2024-11-18', 27)","('רשת 13', '2024-11-18', 27)",9,morning,23,7,1.0935797315677507,1.07787451885651,1.0942974981802698,1.8999999999999997,5
4937,רשת 13,Other_last_long,9.833333333333334,11,7-13,12.0,"('רשת 13', '2024-11-18', 27)","('רשת 13', '2024-11-18', 27)",9,morning,7,27,1.2917032158001387,1.2006889969420123,1.2908581521789204,2.1,13
4938,רשת 13,Other_first_long,9.733333333333333,11,7-13,1.0,"('רשת 13', '2024-11-18', 37)","('רשת 13', '2024-11-18', 37)",9,morning,27,5,1.0942349149431176,1.0423231950475733,1.1048348784197841,1.7666666666666666,5
4939,רשת 13,Other_first_short,0.2,1,lt1.5,2.0,"('רשת 13', '2024-11-18', 37)","('רשת 13', '2024-11-18', 37)",10,morning,5,1,0.730229144850219,0.7267644729734033,0.733720735935023,1.2,5
4941,רשת 13,Other_middle_long,6.733333333333333,8,5-7,4.0,"('רשת 13', '2024-11-18', 37)","('רשת 13', '2024-11-18', 37)",10,morning,21,13,1.089375496628202,1.04058445900888,1.0923584952506615,1.6666666666666667,12
4942,רשת 13,Other_middle_long,6.733333333333333,8,5-7,5.0,"('רשת 13', '2024-11-18', 37)","('רשת 13', '2024-11-18', 37)",10,morning,13,11,0.9032258064516127,0.8792262324526771,0.906501148567347,1.3999999999999997,2
4943,רשת 13,Other_middle_short,0.2,1,lt1.5,6.0,"('רשת 13', '2024-11-18', 37)","('רשת 13', '2024-11-18', 37)",11,morning,11,1,1.20084388185654,1.1756278172894545,1.1796227710320955,1.8999999999999997,5
4945,רשת 13,Other_last_standard,1.65,3,1.5-2.5,8.0,"('רשת 13', '2024-11-18', 37)","('רשת 13', '2024-11-18', 37)",11,morning,23,18,1.5948275862068966,1.6552135598972406,1.541391763316897,2.466666666666667,14
4947,רשת 13,Other_last_long,6.433333333333334,7,5-7,10.0,"('רשת 13', '2024-11-18', 37)","('רשת 13', '2024-11-18', 37)",11,morning,13,9,1.8708425720620843,1.830815104601512,1.8768482995644007,2.7999999999999994,4
4948,רשת 13,News_last_short,0.2,1,lt1.5,1.0,"('רשת 13', '2024-11-18', 47)","('רשת 13', '2024-11-18', 47)",12,afternoon,9,16,1.6777041942604856,1.6088358953665514,1.6337442272942224,2.533333333333333,4
4949,רשת 13,News_last_short,0.2,2,lt1.5,2.0,"('רשת 13', '2024-11-18', 47)","('רשת 13', '2024-11-18', 47)",12,afternoon,9,15,1.6777041942604856,1.6088358953665514,1.6337442272942224,2.533333333333333,4
4950,רשת 13,Other_middle_long,9.05,10,7-13,1.0,"('רשת 13', '2024-11-18', 50)","('רשת 13', '2024-11-18', 50)",12,afternoon,15,21,1.300865800865801,1.2915268874348158,1.2915268874348158,1.6666666666666667,5
4951,רשת 13,Other_middle_standard,1.55,2,1.5-2.5,1.0,"('רשת 13', '2024-11-18', 52)","('רשת 13', '2024-11-18', 52)",12,afternoon,21,13,1.2011864260522465,1.136442000262894,1.1876322505398174,1.5333333333333332,5
4952,רשת 13,News_last_short,0.2,1,lt1.5,1.0,"('רשת 13', '2024-11-18', 54)","('רשת 13', '2024-11-18', 54)",13,afternoon,13,1,1.2055738119996233,1.1360908613198026,1.1384407897580493,1.5333333333333332,4
4954,רשת 13,Other_first_long,9.216666666666667,11,7-13,1.0,"('רשת 13', '2024-11-18', 58)","('רשת 13', '2024-11-18', 58)",13,afternoon,13,36,1.6774727979450004,1.6771461499092126,1.6734843556171375,2.0666666666666664,3
4955,רשת 13,News_last_short,0.2,2,lt1.5,1.0,"('רשת 13', '2024-11-18', 61)","('רשת 13', '2024-11-18', 61)",14,afternoon,36,28,1.0817307692307692,1.110916547112318,1.0879362121162799,1.5,4
4957,רשת 13,Other_middle_long,8.383333333333333,9,7-13,1.0,"('רשת 13', '2024-11-18', 64)","('רשת 13', '2024-11-18', 64)",14,afternoon,28,72,1.3354842923893384,1.2450100002598286,1.3145104387466036,2.1999999999999997,3
4958,רשת 13,Other_first_long,5.033333333333333,6,5-7,1.0,"('רשת 13', '2024-11-18', 67)","('רשת 13', '2024-11-18', 67)",15,afternoon,72,1,1.0388875114921807,1.0483704837411052,1.0460492778249788,1.8999999999999997,8
4960,רשת 13,Other_middle_standard,2.1666666666666665,3,1.5-2.5,1.0,"('רשת 13', '2024-11-18', 68)","('רשת 13', '2024-11-18', 68)",16,afternoon,32,7,0.9417040358744395,0.9170402547735547,0.9357354343901058,2.1,1
4963,רשת 13,Other_middle_long,8.933333333333334,10,7-13,1.0,"('רשת 13', '2024-11-18', 70)","('רשת 13', '2024-11-18', 70)",17,early_evening,34,29,0.9587969521273437,0.9679895026011375,0.9581071270472749,2.8333333333333335,0
4965,רשת 13,Other_first_standard,1.6666666666666667,2,1.5-2.5,1.0,"('רשת 13', '2024-11-18', 72)","('רשת 13', '2024-11-18', 72)",17,early_evening,28,37,0.9875885228860085,0.9689719267242681,0.9793690373631984,3.266666666666666,8
4966,רשת 13,News_middle_long,7.433333333333334,8,7-13,1.0,"('רשת 13', '2024-11-18', 73)","('רשת 13', '2024-11-18', 73)",18,early_evening,37,1,1.0462288804527489,0.9774058071194839,1.0255332080150046,4.2,1
4968,רשת 13,PrimeShow2_first_long,9.016666666666667,11,7-13,1.0,"('רשת 13', '2024-11-18', 75)","('רשת 13', '2024-11-18', 75)",18,early_evening,19,28,1.213778008727,1.1839592900497689,1.2082637842114254,5.433333333333334,14
4969,רשת 13,Other_first_standard,1.8833333333333333,3,1.5-2.5,1.0,"('רשת 13', '2024-11-18', 78)","('רשת 13', '2024-11-18', 78)",19,early_evening,13,35,1.252361340982892,1.1858661492756555,1.1992481109007034,7.433333333333334,6
4970,רשת 13,News_middle_long,7.716666666666667,8,7-13,1.0,"('רשת 13', '2024-11-18', 79)","('רשת 13', '2024-11-18', 79)",20,late_evening,10,29,1.0590860028299776,1.0384903924621034,1.0582132349338718,6.766666666666667,8
4971,רשת 13,News_last_long,6.933333333333334,8,5-7,2.0,"('רשת 13', '2024-11-18', 79)","('רשת 13', '2024-11-18', 79)",21,late_evening,29,18,1.5008828722778105,1.4153531846510783,1.5269350490562736,8.5,14
4972,רשת 13,News_last_standard,2.1,3,1.5-2.5,3.0,"('רשת 13', '2024-11-18', 79)","('רשת 13', '2024-11-18', 79)",21,late_evening,18,1,1.1992075005344367,1.1810834215005437,1.1992137967275067,12.333333333333334,9
4975,רשת 13,Other_middle_long,10.966666666666667,12,7-13,1.0,"('רשת 13', '2024-11-18', 86)","('רשת 13', '2024-11-18', 86)",22,late_evening,39,17,1.8282370650132762,1.4112247464699699,1.8464699314069215,15.199999999999998,7
4976,רשת 13,Other_last_long,10.25,11,7-13,2.0,"('רשת 13', '2024-11-18', 86)","('רשת 13', '2024-11-18', 86)",22,late_evening,17,9,2.077321735413833,2.0004248531217113,2.0940265845929087,16.233333333333334,5
4977,רשת 13,Other_first_long,8.483333333333333,9,7-13,1.0,"('רשת 13', '2024-11-18', 89)","('רשת 13', '2024-11-18', 89)",23,late_evening,9,1,2.525980331207615,2.2172762672659334,2.525980331207615,15.866666666666665,9
4979,רשת 13,PrimeShow1_first_long,5.033333333333333,6,5-7,1.0,"('רשת 13', '2024-11-18', 92)","('רשת 13', '2024-11-18', 92)",23,late_evening,35,17,1.2227092641936739,1.2320480966407328,1.2195290155805163,4.1000000000000005,8
4980,רשת 13,Other_first_long,7.766666666666667,9,7-13,1.0,"('רשת 13', '2024-11-19', 0)","('רשת 13', '2024-11-19', 0)",0,overnight,17,10,1.3290440191146464,1.3244020952891182,1.3290440191146464,3.3333333333333335,0
4982,רשת 13,Other_middle_short,1.4,3,lt1.5,1.0,"('רשת 13', '2024-11-19', 1)","('רשת 13', '2024-11-19', 1)",0,overnight,9,36,0.9830747401500158,1.043043472555735,0.9853280997131725,1.8666666666666665,3
4984,רשת 13,Other_middle_long,3.7666666666666666,5,3.5-5,1.0,"('רשת 13', '2024-11-19', 3)","('רשת 13', '2024-11-19', 3)",1,overnight,33,15,0.9926993870970865,0.9945660660191749,1.0007589398651764,1.5,11
4985,רשת 13,Other_first_long,3.9,5,3.5-5,1.0,"('רשת 13', '2024-11-19', 5)","('רשת 13', '2024-11-19', 5)",1,overnight,15,10,0.599037142455991,0.5637905604719765,0.5980664748186568,0.8000000000000002,0
4986,רשת 13,Other_middle_standard,2.65,3,2.5-3.5,1.0,"('רשת 13', '2024-11-19', 6)","('רשת 13', '2024-11-19', 6)",1,overnight,10,47,0.7031374117019858,0.6970504938386436,0.7031374117019858,0.8666666666666667,14
4987,רשת 13,Other_middle_short,1.3,2,lt1.5,1.0,"('רשת 13', '2024-11-19', 9)","('רשת 13', '2024-11-19', 9)",2,overnight,47,32,0.5913353483685965,0.5774258421317244,0.5776712673264398,0.5,3
4988,רשת 13,Other_middle_standard,2.033333333333333,3,1.5-2.5,1.0,"('רשת 13', '2024-11-19', 11)","('רשת 13', '2024-11-19', 11)",3,overnight,32,25,1.2188254608886002,1.2174227911296875,1.2188254608886002,0.6999999999999998,6
4989,רשת 13,Other_first_standard,2.45,4,1.5-2.5,1.0,"('רשת 13', '2024-11-19', 13)","('רשת 13', '2024-11-19', 13)",3,overnight,25,19,0.7764423076923078,0.8306542056074767,0.7791338340310269,0.3333333333333333,3
4990,רשת 13,Other_middle_long,3.6166666666666667,5,3.5-5,2.0,"('רשת 13', '2024-11-19', 13)","('רשת 13', '2024-11-19', 13)",3,overnight,19,87,0.2735917735917736,0.27884615384615385,0.28037383177570097,0.10000000000000002,10
4991,רשת 13,Other_last_standard,2.0833333333333335,3,1.5-2.5,1.0,"('רשת 13', '2024-11-19', 18)","('רשת 13', '2024-11-19', 18)",5,overnight,87,24,0.625,0.6155636813365121,0.6271929824561404,0.20000000000000004,11
4992,רשת 13,Other_middle_short,1.1166666666666667,2,lt1.5,1.0,"('רשת 13', '2024-11-19', 20)","('רשת 13', '2024-11-19', 20)",5,overnight,24,21,1.1667809897109258,1.143883937584725,1.162691597474206,0.6,7
4993,רשת 13,PrimeShow1_first_long,3.2,5,2.5-3.5,1.0,"('רשת 13', '2024-11-19', 23)","('רשת 13', '2024-11-19', 23)",6,morning,21,53,0.23715662024460382,0.236521232025749,0.23715662024460382,0.20000000000000004,14
4995,רשת 13,Other_first_standard,1.85,3,1.5-2.5,1.0,"('רשת 13', '2024-11-19', 25)","('רשת 13', '2024-11-19', 25)",7,morning,52,25,1.2605080959891404,1.1837581104447121,1.250716136878655,2.0,11
4997,רשת 13,Other_first_long,8.783333333333333,10,7-13,3.0,"('רשת 13', '2024-11-19', 25)","('רשת 13', '2024-11-19', 25)",7,morning,18,19,1.2098675402543746,1.183487241517182,1.1743224678406394,1.8,8
4999,רשת 13,Other_middle_short,0.2,1,lt1.5,5.0,"('רשת 13', '2024-11-19', 25)","('רשת 13', '2024-11-19', 25)",8,morning,18,8,1.0436432637571158,1.0428435480665483,1.0435737104962075,1.8333333333333333,6
5000,רשת 13,Other_middle_short,0.2,2,lt1.5,6.0,"('רשת 13', '2024-11-19', 25)","('רשת 13', '2024-11-19', 25)",8,morning,18,7,1.0436432637571158,1.0428435480665483,1.0435737104962075,1.8333333333333333,6
5001,רשת 13,Other_middle_short,1.3333333333333333,2,lt1.5,7.0,"('רשת 13', '2024-11-19', 25)","('רשת 13', '2024-11-19', 25)",8,morning,7,1,1.1399656636848288,1.111359551866555,1.1703818813768028,2.0,14
5003,רשת 13,Other_middle_long,8.266666666666667,10,7-13,9.0,"('רשת 13', '2024-11-19', 25)","('רשת 13', '2024-11-19', 25)",8,morning,13,21,1.1560693641618498,1.1466525453102818,1.1430433902150903,2.0,5
5004,רשת 13,Other_last_short,0.3,1,lt1.5,10.0,"('רשת 13', '2024-11-19', 25)","('רשת 13', '2024-11-19', 25)",9,morning,21,1,1.457717691912454,1.4366686442765273,1.4586621216657687,2.533333333333333,5
5006,רשת 13,Other_last_long,8.766666666666667,10,7-13,12.0,"('רשת 13', '2024-11-19', 25)","('רשת 13', '2024-11-19', 25)",9,morning,5,32,1.1413686618601897,1.1003234023194275,1.1414893852346493,1.9000000000000001,11
5007,רשת 13,Other_first_long,8.2,9,7-13,1.0,"('רשת 13', '2024-11-19', 35)","('רשת 13', '2024-11-19', 35)",9,morning,32,6,0.7412498409061982,0.7064339613725478,0.7382968685815969,1.2,7
5008,רשת 13,Other_first_short,0.3,1,lt1.5,2.0,"('רשת 13', '2024-11-19', 35)","('רשת 13', '2024-11-19', 35)",10,morning,6,1,0.9165197555467453,0.8986929916994805,0.9171509199187787,1.5,6
5010,רשת 13,Other_middle_standard,1.65,3,1.5-2.5,4.0,"('רשת 13', '2024-11-19', 35)","('רשת 13', '2024-11-19', 35)",10,morning,15,30,0.6474826841438892,0.6424512518749279,0.6463768791286901,1.0,7
5012,רשת 13,Other_middle_long,6.116666666666666,7,5-7,6.0,"('רשת 13', '2024-11-19', 35)","('רשת 13', '2024-11-19', 35)",10,morning,25,6,0.4783615536415992,0.4682454668687623,0.4717896200512901,0.7333333333333334,9
5013,רשת 13,Other_middle_short,0.31666666666666665,1,lt1.5,7.0,"('רשת 13', '2024-11-19', 35)","('רשת 13', '2024-11-19', 35)",11,morning,6,1,0.6105263157894737,0.5727870600782083,0.5930303419816695,0.9666666666666667,6
5015,רשת 13,Other_last_standard,1.6166666666666667,2,1.5-2.5,9.0,"('רשת 13', '2024-11-19', 35)","('רשת 13', '2024-11-19', 35)",11,morning,19,1,1.120689655172414,1.1098379922626804,1.116482112098677,1.7333333333333334,11
5017,רשת 13,Other_last_long,6.583333333333333,8,5-7,11.0,"('רשת 13', '2024-11-19', 35)","('רשת 13', '2024-11-19', 35)",11,morning,9,15,1.1699779249448123,1.1276030030465947,1.186470226112708,1.7666666666666666,12
5018,רשת 13,News_last_short,0.3,1,lt1.5,1.0,"('רשת 13', '2024-11-19', 45)","('רשת 13', '2024-11-19', 45)",12,afternoon,15,1,0.9492273730684327,0.9127215189488208,0.9257207469586461,1.4333333333333336,4
5020,רשת 13,Other_middle_long,8.55,10,7-13,1.0,"('רשת 13', '2024-11-19', 48)","('רשת 13', '2024-11-19', 48)",12,afternoon,25,10,0.9549071618037134,0.9008175555816885,0.925563299422587,1.2,0
5021,רשת 13,Other_first_standard,2.4833333333333334,3,1.5-2.5,1.0,"('רשת 13', '2024-11-19', 50)","('רשת 13', '2024-11-19', 50)",12,afternoon,10,12,0.8601229329852046,0.8295376072949798,0.8476189314231305,1.1,4
5022,רשת 13,News_last_short,0.3,2,lt1.5,1.0,"('רשת 13', '2024-11-19', 52)","('רשת 13', '2024-11-19', 52)",13,afternoon,12,10,1.3408619975134688,1.2936730781124373,1.3002796847190439,1.7,3
5024,רשת 13,Other_first_standard,1.6166666666666667,3,1.5-2.5,1.0,"('רשת 13', '2024-11-19', 55)","('רשת 13', '2024-11-19', 55)",13,afternoon,9,30,1.2122354386552745,1.218149313501144,1.2031008806990462,1.5333333333333332,14
5026,רשת 13,Other_middle_long,4.266666666666667,5,3.5-5,1.0,"('רשת 13', '2024-11-19', 57)","('רשת 13', '2024-11-19', 57)",13,afternoon,25,14,1.9997886449499351,1.8218275084795936,1.9930931638018994,2.7000000000000006,1
5027,רשת 13,News_last_short,0.3,1,lt1.5,1.0,"('רשת 13', '2024-11-19', 59)","('רשת 13', '2024-11-19', 59)",14,afternoon,14,14,1.9230769230769231,1.9745017251396118,1.9337177316969953,2.6666666666666665,4
5028,רשת 13,News_last_short,0.3,2,lt1.5,2.0,"('רשת 13', '2024-11-19', 59)","('רשת 13', '2024-11-19', 59)",14,afternoon,14,13,1.9230769230769231,1.9745017251396118,1.9337177316969953,2.6666666666666665,4
5029,רשת 13,Other_first_long,9.95,11,7-13,1.0,"('רשת 13', '2024-11-19', 62)","('רשת 13', '2024-11-19', 62)",14,afternoon,13,17,1.4869134485628634,1.4517596630977916,1.4961306666381136,2.466666666666667,3
5030,רשת 13,Other_last_long,5.05,6,5-7,2.0,"('רשת 13', '2024-11-19', 62)","('רשת 13', '2024-11-19', 62)",14,afternoon,17,33,1.0020138549141118,0.932756538397468,1.0073622441979113,1.7,0
5031,רשת 13,Other_middle_long,6.7,8,5-7,1.0,"('רשת 13', '2024-11-19', 65)","('רשת 13', '2024-11-19', 65)",15,afternoon,33,61,0.7547453297941603,0.7525530187276891,0.7536755822545796,1.2333333333333334,8
5033,רשת 13,Other_middle_long,8.033333333333333,9,7-13,1.0,"('רשת 13', '2024-11-19', 67)","('רשת 13', '2024-11-19', 67)",16,afternoon,60,1,0.7174887892376681,0.6981284440359777,0.7126520911254479,1.6000000000000003,1
5035,רשת 13,Other_first_long,8.416666666666666,10,7-13,1.0,"('רשת 13', '2024-11-19', 69)","('רשת 13', '2024-11-19', 69)",17,early_evening,31,32,0.8333333333333334,0.8415207011437859,0.8281409579412963,2.5,12
5037,רשת 13,Other_first_standard,1.6666666666666667,2,1.5-2.5,1.0,"('רשת 13', '2024-11-19', 71)","('רשת 13', '2024-11-19', 71)",17,early_evening,31,38,0.8968627164343955,0.8792855118557511,0.8889658115567468,2.966666666666667,8
5038,רשת 13,News_middle_long,7.816666666666666,9,7-13,1.0,"('רשת 13', '2024-11-19', 72)","('רשת 13', '2024-11-19', 72)",18,early_evening,38,1,1.2811774461028194,1.20332934852671,1.261876625337436,5.133333333333334,2
5040,רשת 13,PrimeShow2_first_long,5.516666666666667,7,5-7,1.0,"('רשת 13', '2024-11-19', 74)","('רשת 13', '2024-11-19', 74)",18,early_evening,17,35,1.3180263050161496,1.2860543850490656,1.3121304656619628,5.8999999999999995,14
5042,רשת 13,Other_first_standard,1.8833333333333333,3,1.5-2.5,1.0,"('רשת 13', '2024-11-19', 77)","('רשת 13', '2024-11-19', 77)",19,early_evening,9,45,1.5599704476108969,1.4870173299285898,1.5132342104482455,9.233333333333333,5
5043,רשת 13,News_middle_long,6.816666666666666,8,5-7,1.0,"('רשת 13', '2024-11-19', 78)","('רשת 13', '2024-11-19', 78)",20,late_evening,45,20,1.4906619075338015,1.4629256544991935,1.486280117853468,9.633333333333333,7
5045,רשת 13,News_last_long,8.016666666666667,9,7-13,3.0,"('רשת 13', '2024-11-19', 78)","('רשת 13', '2024-11-19', 78)",21,late_evening,19,17,1.306076093128904,1.1883845837749594,1.2636293853174667,7.666666666666667,4
5046,רשת 13,News_last_short,0.2,2,lt1.5,4.0,"('רשת 13', '2024-11-19', 78)","('רשת 13', '2024-11-19', 78)",21,late_evening,17,25,1.1374271179810431,1.1232809262772665,1.1374271179810431,7.766666666666666,14
5048,רשת 13,Other_middle_long,12.1,13,7-13,1.0,"('רשת 13', '2024-11-19', 83)","('רשת 13', '2024-11-19', 83)",21,late_evening,25,18,0.7634428082953599,0.7568532435345704,0.7698987016253515,8.233333333333334,10
5049,רשת 13,Other_first_long,6.733333333333333,8,5-7,1.0,"('רשת 13', '2024-11-19', 85)","('רשת 13', '2024-11-19', 85)",22,late_evening,18,33,0.8262095068892519,0.6702808417562109,0.8262095068892519,7.199999999999999,10
5050,רשת 13,Other_first_long,8.033333333333333,9,7-13,1.0,"('רשת 13', '2024-11-19', 88)","('רשת 13', '2024-11-19', 88)",23,late_evening,33,1,0.5555942965554516,0.5391620327807592,0.547907081634472,3.9666666666666663,5
5052,רשת 13,Other_first_long,5.916666666666667,7,5-7,1.0,"('רשת 13', '2024-11-19', 90)","('רשת 13', '2024-11-19', 90)",23,late_evening,28,1,1.1409800185753831,1.0361288397649044,1.1409800185753831,4.466666666666666,12
5054,רשת 13,Other_first_long,7.883333333333334,9,7-13,1.0,"('רשת 13', '2024-11-20', 0)","('רשת 13', '2024-11-20', 0)",0,overnight,29,17,1.0449168833111189,1.0049741139700155,1.044430567035329,2.3666666666666667,5
5056,רשת 13,Other_first_standard,2.8833333333333333,4,2.5-3.5,1.0,"('רשת 13', '2024-11-20', 1)","('רשת 13', '2024-11-20', 1)",0,overnight,16,35,0.838571812916398,0.7975879976265756,0.8329232558659717,1.5,0
5058,רשת 13,Other_first_long,5.05,6,5-7,1.0,"('רשת 13', '2024-11-20', 3)","('רשת 13', '2024-11-20', 3)",1,overnight,31,51,1.0681983146874552,1.0904471901927373,1.0735893016311586,1.5333333333333332,8
5059,רשת 13,Other_last_long,3.2,4,2.5-3.5,1.0,"('רשת 13', '2024-11-20', 6)","('רשת 13', '2024-11-20', 6)",2,overnight,51,20,0.8922178774026546,0.9153562531141007,0.9023154403570647,0.8000000000000002,4
5060,רשת 13,Other_middle_standard,2.9833333333333334,4,2.5-3.5,1.0,"('רשת 13', '2024-11-20', 8)","('רשת 13', '2024-11-20', 8)",2,overnight,20,22,1.1081002242381848,1.1267459202744952,1.109793966308925,0.9,12
5061,רשת 13,Other_first_long,3.466666666666667,4,2.5-3.5,1.0,"('רשת 13', '2024-11-20', 10)","('רשת 13', '2024-11-20', 10)",3,overnight,22,20,0.8860801484832513,0.888877831406567,0.893517304514785,0.5,7
5062,רשת 13,Other_middle_long,3.15,4,2.5-3.5,2.0,"('רשת 13', '2024-11-20', 10)","('רשת 13', '2024-11-20', 10)",3,overnight,20,104,1.1392551468887346,1.166326299069662,1.1335156071998178,0.5,0
5063,רשת 13,Other_middle_standard,1.8,3,1.5-2.5,1.0,"('רשת 13', '2024-11-20', 16)","('רשת 13', '2024-11-20', 16)",5,overnight,104,53,1.7150321112395297,1.7872109895564847,1.746301654704195,0.5,2
5064,רשת 13,PrimeShow1_first_standard,2.3833333333333333,3,1.5-2.5,1.0,"('רשת 13', '2024-11-20', 20)","('רשת 13', '2024-11-20', 20)",6,morning,53,1,1.2471756514594536,1.247674241268873,1.2494087020016826,1.0333333333333334,12
5066,רשת 13,Other_first_standard,1.6,3,1.5-2.5,1.0,"('רשת 13', '2024-11-20', 22)","('רשת 13', '2024-11-20', 22)",7,morning,54,1,0.98607367475292,0.9319673864969329,0.9794462815275886,1.5666666666666667,10
5068,רשת 13,Other_first_standard,1.9,3,1.5-2.5,3.0,"('רשת 13', '2024-11-20', 22)","('רשת 13', '2024-11-20', 22)",7,morning,17,6,0.8258928571428573,0.8223123825007158,0.8046409254746566,1.2333333333333334,6
5071,רשת 13,Other_middle_short,0.2,1,lt1.5,6.0,"('רשת 13', '2024-11-20', 22)","('רשת 13', '2024-11-20', 22)",8,morning,23,11,0.873947518416173,1.0412846246003984,0.8722902650796388,1.5333333333333332,8
5072,רשת 13,Other_middle_short,0.2,2,lt1.5,7.0,"('רשת 13', '2024-11-20', 22)","('רשת 13', '2024-11-20', 22)",8,morning,23,10,0.873947518416173,1.0412846246003984,0.8722902650796388,1.5333333333333332,8
5073,רשת 13,Other_middle_standard,1.6333333333333333,3,1.5-2.5,8.0,"('רשת 13', '2024-11-20', 22)","('רשת 13', '2024-11-20', 22)",8,morning,10,1,1.360998828907106,1.1591020265548568,1.328170067472767,2.3333333333333335,4
5076,רשת 13,Other_middle_long,8.833333333333334,10,7-13,11.0,"('רשת 13', '2024-11-20', 22)","('רשת 13', '2024-11-20', 22)",8,morning,12,18,1.1232065447799011,1.0062572991579077,1.1232065447799011,1.8666666666666665,10
5077,רשת 13,Other_last_short,0.3,1,lt1.5,12.0,"('רשת 13', '2024-11-20', 22)","('רשת 13', '2024-11-20', 22)",9,morning,18,1,0.778098552515044,0.7637317786518859,0.7781741068953093,1.3333333333333333,7
5079,רשת 13,Other_last_long,8.116666666666667,9,7-13,14.0,"('רשת 13', '2024-11-20', 22)","('רשת 13', '2024-11-20', 22)",9,morning,3,32,1.0230702368592608,0.9855338575419799,1.0230702368592608,1.7,11
5080,רשת 13,Other_first_long,8.55,9,7-13,1.0,"('רשת 13', '2024-11-20', 32)","('רשת 13', '2024-11-20', 32)",9,morning,32,6,0.7417589410716557,0.7096334206188724,0.7448621383047613,1.2,6
5081,רשת 13,Other_first_short,0.3,2,lt1.5,2.0,"('רשת 13', '2024-11-20', 32)","('רשת 13', '2024-11-20', 32)",10,morning,6,19,1.03449128853781,1.0295830033789881,1.0394377092412823,1.7,5
5083,רשת 13,Other_middle_long,7.966666666666667,9,7-13,4.0,"('רשת 13', '2024-11-20', 32)","('רשת 13', '2024-11-20', 32)",10,morning,19,11,0.8466026726896292,0.8418076424774017,0.8497562995677455,1.3,10
5084,רשת 13,Other_middle_standard,1.75,3,1.5-2.5,5.0,"('רשת 13', '2024-11-20', 32)","('רשת 13', '2024-11-20', 32)",10,morning,11,22,0.8387122633477668,0.8727587953788566,0.8417327116553759,1.3,14
5086,רשת 13,Other_middle_short,0.3,1,lt1.5,7.0,"('רשת 13', '2024-11-20', 32)","('רשת 13', '2024-11-20', 32)",11,morning,16,28,0.8811403508771929,0.8399306161932237,0.8513661066373949,1.3999999999999997,8
5087,רשת 13,Other_middle_short,0.3,2,lt1.5,8.0,"('רשת 13', '2024-11-20', 32)","('רשת 13', '2024-11-20', 32)",11,morning,16,27,0.8811403508771929,0.8399306161932237,0.8513661066373949,1.3999999999999997,8
5088,רשת 13,Other_last_standard,1.95,3,1.5-2.5,9.0,"('רשת 13', '2024-11-20', 32)","('רשת 13', '2024-11-20', 32)",11,morning,27,28,0.9782639516871227,0.9544977207802061,0.9811243635864363,1.5,6
5090,רשת 13,News_last_short,0.3,1,lt1.5,1.0,"('רשת 13', '2024-11-20', 41)","('רשת 13', '2024-11-20', 41)",12,afternoon,21,1,1.0375275938189845,0.9701638677048513,0.9962758235060637,1.5666666666666667,6
5092,רשת 13,Other_middle_long,6.066666666666666,7,5-7,1.0,"('רשת 13', '2024-11-20', 44)","('רשת 13', '2024-11-20', 44)",12,afternoon,18,17,0.9157776640554266,0.9315204026983034,0.9300997949283571,1.1666666666666667,10
5093,רשת 13,Other_middle_short,1.4,3,lt1.5,1.0,"('רשת 13', '2024-11-20', 46)","('רשת 13', '2024-11-20', 46)",12,afternoon,17,16,0.78125,0.7581148268377579,0.7686053347285137,1.0,3
5094,רשת 13,News_last_short,0.3,2,lt1.5,1.0,"('רשת 13', '2024-11-20', 48)","('רשת 13', '2024-11-20', 48)",13,afternoon,16,6,0.7531216601956195,0.7089100193838682,0.7141850983453342,0.9666666666666667,6
5096,רשת 13,Other_first_short,1.35,2,lt1.5,1.0,"('רשת 13', '2024-11-20', 52)","('רשת 13', '2024-11-20', 52)",13,afternoon,5,52,0.6024410134111826,0.6132634575569358,0.5917116713884736,0.7666666666666666,13
5098,רשת 13,News_last_short,0.3,1,lt1.5,1.0,"('רשת 13', '2024-11-20', 55)","('רשת 13', '2024-11-20', 55)",14,afternoon,46,31,0.49273449077599046,0.5138314967860422,0.4956144042610384,0.6999999999999998,6
5099,רשת 13,News_last_short,0.3,2,lt1.5,2.0,"('רשת 13', '2024-11-20', 55)","('רשת 13', '2024-11-20', 55)",14,afternoon,46,30,0.49273449077599046,0.5138314967860422,0.4956144042610384,0.6999999999999998,6
5100,רשת 13,Other_middle_short,1.2333333333333334,2,lt1.5,1.0,"('רשת 13', '2024-11-20', 58)","('רשת 13', '2024-11-20', 58)",14,afternoon,30,1,0.7407407407407408,0.741970527111279,0.7531930186570562,1.2,7
5102,רשת 13,Other_first_long,6.116666666666666,7,5-7,1.0,"('רשת 13', '2024-11-20', 61)","('רשת 13', '2024-11-20', 61)",15,afternoon,67,29,0.9326717882585648,0.9283492289199328,0.9302807486631016,1.7,7
5104,רשת 13,Other_middle_long,7.966666666666667,9,7-13,1.0,"('רשת 13', '2024-11-20', 62)","('רשת 13', '2024-11-20', 62)",16,afternoon,28,40,0.8007936420763931,0.8014701345180798,0.807675076235301,1.8,12
5106,רשת 13,Other_middle_long,7.3,8,7-13,1.0,"('רשת 13', '2024-11-20', 64)","('רשת 13', '2024-11-20', 64)",17,early_evening,39,1,0.5862350309251216,0.5917325408223949,0.5857915719450774,1.7333333333333334,0
5108,רשת 13,Other_first_standard,1.6666666666666667,3,1.5-2.5,1.0,"('רשת 13', '2024-11-20', 66)","('רשת 13', '2024-11-20', 66)",17,early_evening,29,33,0.8464696423350552,0.8296853496645381,0.8389133243993493,2.8000000000000003,8
5109,רשת 13,News_middle_long,6.933333333333334,8,5-7,1.0,"('רשת 13', '2024-11-20', 67)","('רשת 13', '2024-11-20', 67)",18,early_evening,33,24,0.8738664468260513,0.8350480909873688,0.8715801634188424,3.533333333333333,13
5111,רשת 13,PrimeShow2_first_long,8.033333333333333,9,7-13,1.0,"('רשת 13', '2024-11-20', 69)","('רשת 13', '2024-11-20', 69)",18,early_evening,22,38,1.0498688069400917,1.02412491233437,1.0450938026612966,4.7,14
5112,רשת 13,Other_first_standard,2.0166666666666666,3,1.5-2.5,1.0,"('רשת 13', '2024-11-20', 72)","('רשת 13', '2024-11-20', 72)",19,early_evening,5,37,1.190538069430705,1.12736582568936,1.139972220785418,7.066666666666666,6
5113,רשת 13,News_middle_long,6.1,7,5-7,1.0,"('רשת 13', '2024-11-20', 73)","('רשת 13', '2024-11-20', 73)",20,late_evening,11,17,1.3350610793207494,1.2633921665114582,1.3350610793207494,8.033333333333333,11
5114,רשת 13,News_last_short,0.7833333333333333,1,lt1.5,2.0,"('רשת 13', '2024-11-20', 73)","('רשת 13', '2024-11-20', 73)",21,late_evening,17,1,1.1300397501419648,1.0281556399029104,1.093463612706923,6.633333333333333,4
5116,רשת 13,News_last_standard,1.5,3,lt1.5,4.0,"('רשת 13', '2024-11-20', 73)","('רשת 13', '2024-11-20', 73)",21,late_evening,19,1,1.114337217864968,1.0998065093948621,1.114337217864968,7.6000000000000005,14
5117,רשת 13,Other_middle_long,10.283333333333333,12,7-13,1.0,"('רשת 13', '2024-11-20', 80)","('רשת 13', '2024-11-20', 80)",22,late_evening,38,18,1.4073646264860216,1.356827381654561,1.4045022853772287,14.333333333333334,10
5118,רשת 13,Other_last_long,9.6,11,7-13,2.0,"('רשת 13', '2024-11-20', 80)","('רשת 13', '2024-11-20', 80)",22,late_evening,18,4,1.545175197427995,1.3831158123318008,1.4842494631023981,14.266666666666666,9
5119,רשת 13,Other_first_long,8.816666666666666,10,7-13,1.0,"('רשת 13', '2024-11-20', 85)","('רשת 13', '2024-11-20', 85)",23,late_evening,11,1,1.2998793232959625,1.2576779207453679,1.2766351498030044,9.333333333333334,4
5121,רשת 13,Other_last_long,4.9,6,3.5-5,1.0,"('רשת 13', '2024-11-20', 87)","('רשת 13', '2024-11-20', 87)",23,late_evening,38,15,1.5148801030987793,1.4956618597400952,1.5172745737623374,5.1000000000000005,7
5122,רשת 13,Other_first_long,4.1,5,3.5-5,1.0,"('רשת 13', '2024-11-21', 0)","('רשת 13', '2024-11-21', 0)",0,overnight,15,3,1.3249639440741163,1.3082163682950603,1.3249639440741163,3.5,12
5125,רשת 13,Other_middle_long,6.433333333333334,8,5-7,1.0,"('רשת 13', '2024-11-21', 1)","('רשת 13', '2024-11-21', 1)",0,overnight,25,63,0.9994320235452058,0.9338291143140801,0.9976106405083532,1.8,14
5126,רשת 13,Other_last_long,4.516666666666667,5,3.5-5,1.0,"('רשת 13', '2024-11-21', 3)","('רשת 13', '2024-11-21', 3)",1,overnight,63,19,0.9296120133446637,0.8949995220733822,0.9203090179198341,1.1,9
5127,רשת 13,Other_first_long,4.633333333333334,6,3.5-5,1.0,"('רשת 13', '2024-11-21', 6)","('רשת 13', '2024-11-21', 6)",2,overnight,19,30,0.3321033210332103,0.3472377020983832,0.33458170402599546,0.3,2
5128,רשת 13,Other_middle_long,5.833333333333333,7,5-7,1.0,"('רשת 13', '2024-11-21', 8)","('רשת 13', '2024-11-21', 8)",2,overnight,30,40,0.3697602404403733,0.36653900660389804,0.36938771012676547,0.26666666666666666,7
5129,רשת 13,Other_middle_long,4.116666666666666,5,3.5-5,1.0,"('רשת 13', '2024-11-21', 10)","('רשת 13', '2024-11-21', 10)",3,overnight,40,96,0.7105654761904762,0.6584774721883514,0.706845238095238,0.3,8
5130,רשת 13,Other_middle_long,5.016666666666667,6,5-7,1.0,"('רשת 13', '2024-11-21', 14)","('רשת 13', '2024-11-21', 14)",5,overnight,96,11,1.530550871718907,1.5259346841625323,1.4929164631167564,0.4666666666666666,3
5131,רשת 13,Other_first_long,3.65,5,3.5-5,1.0,"('רשת 13', '2024-11-21', 16)","('רשת 13', '2024-11-21', 16)",5,overnight,11,5,1.204040404040404,1.2365812566269214,1.2166666666666668,0.4000000000000001,4
5132,רשת 13,Other_first_standard,2.6666666666666665,3,2.5-3.5,1.0,"('רשת 13', '2024-11-21', 17)","('רשת 13', '2024-11-21', 17)",5,overnight,5,30,1.357334307992203,1.2956397732957938,1.3419674236280075,0.6,13
5133,רשת 13,PrimeShow1_first_standard,2.85,4,2.5-3.5,1.0,"('רשת 13', '2024-11-21', 20)","('רשת 13', '2024-11-21', 20)",6,morning,30,51,1.0643926426192774,1.0663508079333914,1.0644147422748624,0.9,0
5135,רשת 13,Other_first_standard,1.8333333333333333,3,1.5-2.5,1.0,"('רשת 13', '2024-11-21', 22)","('רשת 13', '2024-11-21', 22)",7,morning,50,1,1.2569844653210878,1.2078834693997773,1.2596270550590312,2.0,9
5137,רשת 13,Other_first_long,7.066666666666666,8,7-13,3.0,"('רשת 13', '2024-11-21', 22)","('רשת 13', '2024-11-21', 22)",7,morning,17,25,0.8258928571428572,0.8421377363495872,0.8222767512031028,1.2333333333333332,5
5139,רשת 13,Other_middle_standard,1.55,2,1.5-2.5,5.0,"('רשת 13', '2024-11-21', 22)","('רשת 13', '2024-11-21', 22)",8,morning,14,1,0.46692607003891046,0.526950026950027,0.4654545013212756,0.8000000000000002,6
5141,רשת 13,Other_last_long,8.333333333333334,10,7-13,7.0,"('רשת 13', '2024-11-21', 22)","('רשת 13', '2024-11-21', 22)",8,morning,14,14,0.7267018055399799,0.7074620371873254,0.7320255011737228,1.1666666666666667,13
5142,רשת 13,Other_last_short,0.4,1,lt1.5,8.0,"('רשת 13', '2024-11-21', 22)","('רשת 13', '2024-11-21', 22)",9,morning,14,1,0.7180363138903075,0.6974083842894111,0.717998536700175,1.2333333333333334,6
5144,רשת 13,Other_last_long,6.366666666666666,7,5-7,10.0,"('רשת 13', '2024-11-21', 22)","('רשת 13', '2024-11-21', 22)",9,morning,7,1,0.8157671246164995,0.7449180850357231,0.8157671246164995,1.3,14
5146,רשת 13,Other_first_long,6.583333333333333,7,5-7,1.0,"('רשת 13', '2024-11-21', 32)","('רשת 13', '2024-11-21', 32)",9,morning,29,7,1.050103941283781,1.0007814452777761,1.0459205638239288,1.7,7
5148,רשת 13,Other_first_short,0.4,2,lt1.5,3.0,"('רשת 13', '2024-11-21', 32)","('רשת 13', '2024-11-21', 32)",10,morning,5,23,0.7910815735877371,0.7873281790545205,0.794864130596275,1.3,5
5150,רשת 13,Other_middle_long,6.383333333333334,8,5-7,5.0,"('רשת 13', '2024-11-21', 32)","('רשת 13', '2024-11-21', 32)",10,morning,22,18,0.8296943231441047,0.7490065793759365,0.8264819251404733,1.2666666666666666,14
5151,רשת 13,Other_middle_long,4.15,5,3.5-5,6.0,"('רשת 13', '2024-11-21', 32)","('רשת 13', '2024-11-21', 32)",10,morning,18,1,1.2178799303348384,1.1927660179940212,1.2009556621846473,1.8666666666666665,9
5153,רשת 13,Other_middle_short,0.4,1,lt1.5,8.0,"('רשת 13', '2024-11-21', 32)","('רשת 13', '2024-11-21', 32)",11,morning,5,1,0.6741283588718633,0.6589813678413948,0.6615044965209574,1.0666666666666667,5
5155,רשת 13,Other_last_long,8.2,9,7-13,10.0,"('רשת 13', '2024-11-21', 32)","('רשת 13', '2024-11-21', 32)",11,morning,31,19,0.7184332670266174,0.692004160841202,0.7200099210800516,1.1,7
5156,רשת 13,News_last_short,0.4,2,lt1.5,1.0,"('רשת 13', '2024-11-21', 41)","('רשת 13', '2024-11-21', 41)",12,afternoon,19,19,1.0154525386313467,0.9733194321957407,0.9880799655990212,1.5333333333333332,4
5158,רשת 13,PrimeShow1_first_standard,2.183333333333333,3,1.5-2.5,1.0,"('רשת 13', '2024-11-21', 46)","('רשת 13', '2024-11-21', 46)",12,afternoon,18,3,0.7560993489494798,0.7824746148545255,0.7747816172728065,0.9666666666666668,9
5161,רשת 13,News_last_short,0.4,2,lt1.5,1.0,"('רשת 13', '2024-11-21', 49)","('רשת 13', '2024-11-21', 49)",13,afternoon,35,23,0.8608942703439415,0.8000013296028476,0.8082030726709958,1.1,5
5163,רשת 13,Other_middle_standard,1.9,3,1.5-2.5,1.0,"('רשת 13', '2024-11-21', 53)","('רשת 13', '2024-11-21', 53)",13,afternoon,22,33,1.4285714285714282,1.4415395923971095,1.4375401602651874,1.7,14
5165,רשת 13,News_last_short,0.4,1,lt1.5,1.0,"('רשת 13', '2024-11-21', 56)","('רשת 13', '2024-11-21', 56)",14,afternoon,27,1,1.0576923076923077,1.0857684874497575,1.0633687620039716,1.4666666666666668,4
5167,רשת 13,Other_middle_standard,2.05,3,1.5-2.5,1.0,"('רשת 13', '2024-11-21', 59)","('רשת 13', '2024-11-21', 59)",14,afternoon,25,17,1.3989845664966027,1.2589956594922878,1.3973777890015768,2.333333333333333,0
5169,רשת 13,Other_last_long,3.716666666666667,4,3.5-5,3.0,"('רשת 13', '2024-11-21', 59)","('רשת 13', '2024-11-21', 59)",14,afternoon,11,58,0.9358941689902953,0.9115414835451924,0.9340473332355551,1.6333333333333335,4
5170,רשת 13,Other_first_long,4.75,6,3.5-5,1.0,"('רשת 13', '2024-11-21', 63)","('רשת 13', '2024-11-21', 63)",15,afternoon,58,3,1.0484373307333985,1.025975596917431,1.0358054648537658,1.8999999999999997,5
5173,רשת 13,Other_middle_long,7.916666666666667,9,7-13,1.0,"('רשת 13', '2024-11-21', 64)","('רשת 13', '2024-11-21', 64)",16,afternoon,33,39,1.3706981187146763,1.3410849383688206,1.3772106645507698,3.066666666666667,2
5175,רשת 13,Other_middle_long,8.183333333333334,9,7-13,1.0,"('רשת 13', '2024-11-21', 66)","('רשת 13', '2024-11-21', 66)",17,early_evening,38,26,1.570926143024619,1.4725606609419135,1.5779517768301847,4.466666666666666,4
5177,רשת 13,Other_first_standard,1.6666666666666667,2,1.5-2.5,1.0,"('רשת 13', '2024-11-21', 68)","('רשת 13', '2024-11-21', 68)",17,early_evening,24,38,1.1891303641620372,1.16680827492482,1.1790106410133692,3.9333333333333336,8
5178,רשת 13,News_middle_long,8.616666666666667,9,7-13,1.0,"('רשת 13', '2024-11-21', 69)","('רשת 13', '2024-11-21', 69)",18,early_evening,38,1,1.4059286898839138,1.320581384232849,1.3847696060856434,5.633333333333333,2
5180,רשת 13,PrimeShow2_first_long,7.05,8,7-13,1.0,"('רשת 13', '2024-11-21', 71)","('רשת 13', '2024-11-21', 71)",19,early_evening,18,33,1.124456977369283,1.116211745169652,1.092831737047085,5.066666666666666,0
5181,רשת 13,Other_first_standard,1.8833333333333333,3,1.5-2.5,1.0,"('רשת 13', '2024-11-21', 74)","('רשת 13', '2024-11-21', 74)",19,early_evening,9,58,1.2952756658789877,1.234681384684387,1.2563211635431704,7.666666666666667,5
5182,רשת 13,News_middle_long,6.583333333333333,8,5-7,1.0,"('רשת 13', '2024-11-21', 75)","('רשת 13', '2024-11-21', 75)",20,late_evening,58,20,1.1796733212341195,1.1557059670977736,1.1992197865753393,6.5,5
5183,רשת 13,News_last_long,6.483333333333333,7,5-7,2.0,"('רשת 13', '2024-11-21', 75)","('רשת 13', '2024-11-21', 75)",21,late_evening,20,13,1.3720733965996976,1.2613973661373785,1.3717317432141671,7.866666666666667,2
5184,רשת 13,Other_middle_long,10.916666666666666,12,7-13,1.0,"('רשת 13', '2024-11-21', 80)","('רשת 13', '2024-11-21', 80)",22,late_evening,24,17,1.0134722214225187,0.9354013431403901,1.00233159461851,10.833333333333334,1
5185,רשת 13,Other_first_long,6.716666666666667,8,5-7,1.0,"('רשת 13', '2024-11-21', 82)","('רשת 13', '2024-11-21', 82)",22,late_evening,17,32,1.0598497726764993,0.9073649534015317,1.0579641849047456,9.633333333333333,14
5186,רשת 13,Other_first_long,6.716666666666667,8,5-7,1.0,"('רשת 13', '2024-11-21', 84)","('רשת 13', '2024-11-21', 84)",23,late_evening,32,1,0.58601690489,0.5311344261090049,0.58601690489,3.9,8
5188,רשת 13,Other_first_long,5.966666666666667,7,5-7,1.0,"('רשת 13', '2024-11-21', 86)","('רשת 13', '2024-11-21', 86)",23,late_evening,26,35,1.0897449997724633,0.989721839755039,1.0897449997724633,4.266666666666667,12
5190,רשת 13,Other_first_long,6.533333333333333,8,5-7,1.0,"('רשת 13', '2024-11-22', 0)","('רשת 13', '2024-11-22', 0)",0,overnight,32,19,0.699994265552769,0.6747051891901258,0.7018869431616359,1.5,8
5193,רשת 13,Other_middle_long,5.3,7,5-7,1.0,"('רשת 13', '2024-11-22', 2)","('רשת 13', '2024-11-22', 2)",1,overnight,35,71,0.9578847573957598,0.9550228588813643,0.9637963422547132,1.3,13
5194,רשת 13,Other_last_long,4.433333333333334,5,3.5-5,1.0,"('רשת 13', '2024-11-22', 4)","('רשת 13', '2024-11-22', 4)",2,overnight,71,33,0.7563293383447981,0.7628885194294938,0.7532171975377163,0.6,0
5195,רשת 13,Other_middle_standard,1.8666666666666667,3,1.5-2.5,1.0,"('רשת 13', '2024-11-22', 6)","('רשת 13', '2024-11-22', 6)",3,overnight,33,119,0.6428790098620192,0.6316087433257055,0.6428790098620192,0.3,7
5196,רשת 13,PrimeShow1_first_standard,2.4833333333333334,4,1.5-2.5,1.0,"('רשת 13', '2024-11-22', 16)","('רשת 13', '2024-11-22', 16)",6,morning,48,62,1.2099544562730642,1.2120846254215172,1.2135300093655255,1.0,12
5198,רשת 13,Other_first_long,7.066666666666666,8,7-13,1.0,"('רשת 13', '2024-11-22', 18)","('רשת 13', '2024-11-22', 18)",7,morning,61,20,1.076289229061101,1.0734939437952218,1.076289229061101,1.5,2
5199,רשת 13,Other_first_long,6.433333333333334,8,5-7,2.0,"('רשת 13', '2024-11-22', 18)","('רשת 13', '2024-11-22', 18)",7,morning,20,16,1.2134831460674158,1.5118205603714723,1.2509891955619439,1.8,14
5200,רשת 13,Other_middle_long,7.733333333333333,9,7-13,3.0,"('רשת 13', '2024-11-22', 18)","('רשת 13', '2024-11-22', 18)",8,morning,8,18,1.035175076554387,0.9630457713899485,1.0294422536601944,1.8,1
5201,רשת 13,Other_middle_long,7.966666666666667,9,7-13,4.0,"('רשת 13', '2024-11-22', 18)","('רשת 13', '2024-11-22', 18)",8,morning,18,16,1.1585813568293974,1.103089475614228,1.1617064110838118,1.8666666666666665,12
5202,רשת 13,Other_last_short,0.4,1,lt1.5,5.0,"('רשת 13', '2024-11-22', 18)","('רשת 13', '2024-11-22', 18)",9,morning,16,11,1.0478715914580292,1.0186974328309832,1.0478715914580292,1.8,6
5203,רשת 13,Other_last_short,0.4,2,lt1.5,6.0,"('רשת 13', '2024-11-22', 18)","('רשת 13', '2024-11-22', 18)",9,morning,16,10,1.0478715914580292,1.0186974328309832,1.0478715914580292,1.8,6
5204,רשת 13,Other_last_long,5.916666666666667,7,5-7,7.0,"('רשת 13', '2024-11-22', 18)","('רשת 13', '2024-11-22', 18)",9,morning,10,11,1.2657798018536275,1.117195540891007,1.2778870631798194,1.9000000000000001,2
5206,רשת 13,Other_last_long,8.183333333333334,10,7-13,9.0,"('רשת 13', '2024-11-22', 18)","('רשת 13', '2024-11-22', 18)",9,morning,9,23,1.1922677313651702,1.1938498170254246,1.18092545085054,1.8666666666666665,4
5207,רשת 13,Other_first_short,0.4,1,lt1.5,1.0,"('רשת 13', '2024-11-22', 29)","('רשת 13', '2024-11-22', 29)",10,morning,23,1,1.0792082195791588,1.0590045538855921,1.0799235392007966,1.7666666666666666,6
5209,רשת 13,Other_first_standard,1.7666666666666666,3,1.5-2.5,3.0,"('רשת 13', '2024-11-22', 29)","('רשת 13', '2024-11-22', 29)",10,morning,25,31,0.9789712986643933,0.8124585070792888,0.9811087905828745,1.5,2
5211,רשת 13,Other_middle_short,0.4,1,lt1.5,5.0,"('רשת 13', '2024-11-22', 29)","('רשת 13', '2024-11-22', 29)",11,morning,24,1,1.2428603153453255,1.214307903479441,1.2189336393919727,1.9666666666666668,5
5213,רשת 13,Other_last_long,9.25,10,7-13,7.0,"('רשת 13', '2024-11-22', 29)","('רשת 13', '2024-11-22', 29)",11,morning,20,31,1.3146551724137931,1.302182387573369,1.3103121449476998,2.033333333333333,11
5214,רשת 13,News_last_short,0.4,1,lt1.5,1.0,"('רשת 13', '2024-11-22', 36)","('רשת 13', '2024-11-22', 36)",12,afternoon,31,1,1.1258278145695364,1.0515472687603833,1.0812926281029343,1.7,6
5216,רשת 13,Other_middle_long,5.433333333333334,6,5-7,1.0,"('רשת 13', '2024-11-22', 39)","('רשת 13', '2024-11-22', 39)",12,afternoon,26,1,0.7978761028650977,0.82652566331902,0.7978985885551152,1.0,3
5218,רשת 13,Other_first_standard,1.5666666666666667,3,1.5-2.5,1.0,"('רשת 13', '2024-11-22', 41)","('רשת 13', '2024-11-22', 41)",12,afternoon,10,14,0.7049640394105504,0.6674911153476478,0.6965503531430608,0.9,5
5219,רשת 13,News_last_short,0.4,1,lt1.5,1.0,"('רשת 13', '2024-11-22', 43)","('רשת 13', '2024-11-22', 43)",13,afternoon,14,11,0.9350775849240384,0.8813063148792897,0.8868873206695959,1.2,6
5220,רשת 13,News_last_short,0.4,2,lt1.5,2.0,"('רשת 13', '2024-11-22', 43)","('רשת 13', '2024-11-22', 43)",13,afternoon,14,10,0.9350775849240384,0.8813063148792897,0.8868873206695959,1.2,6
5221,רשת 13,Other_middle_standard,2.9,4,2.5-3.5,1.0,"('רשת 13', '2024-11-22', 46)","('רשת 13', '2024-11-22', 46)",13,afternoon,10,22,0.8847312509909625,0.8841888429084092,0.8793275146932938,1.1,2
5222,רשת 13,Other_middle_long,5.25,7,5-7,1.0,"('רשת 13', '2024-11-22', 48)","('רשת 13', '2024-11-22', 48)",13,afternoon,22,16,1.0760143883537199,1.0330865231088222,1.0865799066209711,1.3999999999999997,12
5223,רשת 13,News_last_short,0.4,1,lt1.5,1.0,"('רשת 13', '2024-11-22', 50)","('רשת 13', '2024-11-22', 50)",14,afternoon,16,1,0.7211538461538461,0.7406110314082119,0.7252908080775199,1.0,4
5231,רשת 13,News_last_short,0.4,1,lt1.5,1.0,"('רשת 13', '2024-11-22', 59)","('רשת 13', '2024-11-22', 59)",17,early_evening,23,1,0.7922476315820571,0.7922476315820571,0.7922476315820571,2.3,5
5237,רשת 13,Other_middle_long,6.383333333333334,7,5-7,1.0,"('רשת 13', '2024-11-22', 67)","('רשת 13', '2024-11-22', 67)",20,late_evening,67,14,0.24403948265072914,0.2368481866029488,0.24403948265072914,1.5,10
5238,רשת 13,Other_middle_long,5.5,6,5-7,2.0,"('רשת 13', '2024-11-22', 67)","('רשת 13', '2024-11-22', 67)",21,late_evening,14,28,0.42021578648495167,0.3991881432445929,0.41307847307261975,2.4666666666666663,0
5239,רשת 13,Other_first_long,7.583333333333333,9,7-13,1.0,"('רשת 13', '2024-11-22', 73)","('רשת 13', '2024-11-22', 73)",21,late_evening,23,15,0.29086943027578654,0.2815593529771962,0.29131271585073165,3.1333333333333333,12
5240,רשת 13,Other_middle_long,6.466666666666667,8,5-7,1.0,"('רשת 13', '2024-11-22', 74)","('רשת 13', '2024-11-22', 74)",22,late_evening,15,44,0.2719406674907293,0.22708265103393246,0.2863751535840926,2.2,5
5241,רשת 13,Other_first_long,5.533333333333333,7,5-7,1.0,"('רשת 13', '2024-11-22', 77)","('רשת 13', '2024-11-22', 77)",23,late_evening,44,32,0.6728975273793325,0.6610840804949548,0.6728975273793325,3.733333333333333,11
5242,רשת 13,Other_first_standard,1.6666666666666667,3,1.5-2.5,1.0,"('רשת 13', '2024-11-22', 79)","('רשת 13', '2024-11-22', 79)",23,late_evening,32,19,0.8294020645378511,0.8441921174653153,0.8294020645378511,2.8333333333333335,4
5244,רשת 13,News_last_short,0.4,1,lt1.5,1.0,"('רשת 13', '2024-11-23', 0)","('רשת 13', '2024-11-23', 0)",0,overnight,14,1,0.8365292719505458,0.8437112184573693,0.8365292719505458,2.3,10
5246,רשת 13,Other_first_long,4.066666666666666,5,3.5-5,1.0,"('רשת 13', '2024-11-23', 4)","('רשת 13', '2024-11-23', 4)",0,overnight,17,22,1.113081141717562,1.1652916694594844,1.1144015019872926,2.1,6
5247,רשת 13,Other_middle_long,3.05,4,2.5-3.5,2.0,"('רשת 13', '2024-11-23', 4)","('רשת 13', '2024-11-23', 4)",1,overnight,22,51,0.7968136742608979,0.7995624842216831,0.8037966949353753,1.2333333333333334,2
5248,רשת 13,Other_last_long,3.5,4,2.5-3.5,1.0,"('רשת 13', '2024-11-23', 7)","('רשת 13', '2024-11-23', 7)",1,overnight,51,26,1.2872968146038988,1.279792277911351,1.2872968146038988,1.5,11
5249,רשת 13,Other_middle_long,3.316666666666667,4,2.5-3.5,1.0,"('רשת 13', '2024-11-23', 10)","('רשת 13', '2024-11-23', 10)",2,overnight,26,62,0.6923076923076922,0.6997013811123555,0.6977235800765212,0.6,10
5250,רשת 13,Other_middle_long,3.35,4,2.5-3.5,1.0,"('רשת 13', '2024-11-23', 13)","('רשת 13', '2024-11-23', 13)",3,overnight,62,34,0.9114041175109878,0.9330610392557296,0.9068124857598542,0.4000000000000001,0
5251,רשת 13,Other_middle_long,3.35,4,2.5-3.5,1.0,"('רשת 13', '2024-11-23', 15)","('רשת 13', '2024-11-23', 15)",4,overnight,34,85,1.2329931972789114,1.237379162191192,1.237379162191192,0.4000000000000001,7
5252,רשת 13,Other_middle_standard,2.6166666666666667,3,2.5-3.5,1.0,"('רשת 13', '2024-11-23', 19)","('רשת 13', '2024-11-23', 19)",5,overnight,85,39,0.2961538461538462,0.3077667643910838,0.2961538461538462,0.10000000000000002,5
5253,רשת 13,Other_middle_standard,2.95,4,2.5-3.5,1.0,"('רשת 13', '2024-11-23', 21)","('רשת 13', '2024-11-23', 21)",6,morning,39,35,0.3538675312644743,0.3603283180916182,0.3520363648114437,0.3,1
5255,רשת 13,Other_middle_long,3.0166666666666666,4,2.5-3.5,1.0,"('רשת 13', '2024-11-23', 23)","('רשת 13', '2024-11-23', 23)",6,morning,34,20,0.06536692390645166,0.06427918215071922,0.06536692390645166,0.10000000000000002,9
5258,רשת 13,Other_first_long,7.366666666666666,8,7-13,1.0,"('רשת 13', '2024-11-23', 28)","('רשת 13', '2024-11-23', 28)",8,morning,19,16,0.34155597722960146,0.3473999527698581,0.3437849189371322,0.6,12
5260,רשת 13,Other_first_long,4.466666666666667,5,3.5-5,1.0,"('רשת 13', '2024-11-23', 30)","('רשת 13', '2024-11-23', 30)",8,morning,15,19,0.36608863198458574,0.36375010275838987,0.36247120161287555,0.6333333333333333,5
5261,רשת 13,Other_middle_long,5.45,7,5-7,1.0,"('רשת 13', '2024-11-23', 31)","('רשת 13', '2024-11-23', 31)",8,morning,19,43,0.3947368421052631,0.3833783230457141,0.3833783230457141,0.6999999999999998,13
5263,רשת 13,Other_middle_long,4.45,5,3.5-5,1.0,"('רשת 13', '2024-11-23', 33)","('רשת 13', '2024-11-23', 33)",9,morning,42,13,0.6855962250153121,0.6675708502024292,0.6947696888725279,1.1,2
5264,רשת 13,Other_first_long,4.833333333333333,6,3.5-5,1.0,"('רשת 13', '2024-11-23', 35)","('רשת 13', '2024-11-23', 35)",10,morning,13,16,0.6072874493927125,0.6117060741629988,0.6161012921658118,1.0,4
5267,רשת 13,Other_middle_long,4.466666666666667,6,3.5-5,3.0,"('רשת 13', '2024-11-23', 36)","('רשת 13', '2024-11-23', 36)",10,morning,15,26,0.882322951427512,0.8882495235561519,0.8854386812512232,1.3666666666666665,0
5268,רשת 13,Other_first_long,7.116666666666666,9,7-13,1.0,"('רשת 13', '2024-11-23', 39)","('רשת 13', '2024-11-23', 39)",11,morning,26,39,0.6598943408526069,0.6539909219229689,0.6536843983620723,1.0333333333333334,1
5270,רשת 13,Other_middle_standard,1.95,3,1.5-2.5,1.0,"('רשת 13', '2024-11-23', 40)","('רשת 13', '2024-11-23', 40)",12,afternoon,38,5,0.35320088300220753,0.34438360542029667,0.3497679163763585,0.5333333333333333,3
5273,רשת 13,Other_first_standard,1.7833333333333334,3,1.5-2.5,1.0,"('רשת 13', '2024-11-23', 43)","('רשת 13', '2024-11-23', 43)",13,afternoon,26,6,0.4804300830583685,0.4804837427561977,0.478335929933892,0.6,1
5276,רשת 13,Other_last_long,4.45,5,3.5-5,1.0,"('רשת 13', '2024-11-23', 44)","('רשת 13', '2024-11-23', 44)",13,afternoon,21,15,0.22465789339868267,0.21057685014450678,0.22504637366388516,0.3,0
5280,רשת 13,Other_middle_short,1.1,2,lt1.5,1.0,"('רשת 13', '2024-11-23', 49)","('רשת 13', '2024-11-23', 49)",14,afternoon,25,9,0.7277256860200193,0.7123677763906886,0.7291379721854089,1.3,7
5283,רשת 13,Other_first_long,4.45,6,3.5-5,1.0,"('רשת 13', '2024-11-23', 52)","('רשת 13', '2024-11-23', 52)",15,afternoon,5,50,0.7676767676767677,0.7555175502604173,0.7555175502604173,1.2666666666666666,0
5287,רשת 13,Other_first_standard,2.683333333333333,3,2.5-3.5,1.0,"('רשת 13', '2024-11-23', 55)","('רשת 13', '2024-11-23', 55)",16,afternoon,12,35,0.7150122500243232,0.6992767602027848,0.718661992087024,1.6000000000000003,2
5288,רשת 13,News_last_short,0.4,2,lt1.5,1.0,"('רשת 13', '2024-11-23', 57)","('רשת 13', '2024-11-23', 57)",17,early_evening,35,20,1.5666666666666667,1.5409681757546527,1.5562784743401485,4.7,9
5291,רשת 13,Other_last_long,5.15,6,5-7,2.0,"('רשת 13', '2024-11-23', 60)","('רשת 13', '2024-11-23', 60)",17,early_evening,7,8,0.9681025548857883,0.9463038313774508,0.9557717790130668,3.1666666666666665,1
5292,רשת 13,Other_first_short,0.9833333333333333,2,lt1.5,1.0,"('רשת 13', '2024-11-23', 63)","('רשת 13', '2024-11-23', 63)",17,early_evening,8,1,1.2452204061212957,1.2541108882840686,1.2541108882840686,4.2,14
5297,רשת 13,Other_first_standard,1.8833333333333333,3,1.5-2.5,1.0,"('רשת 13', '2024-11-23', 67)","('רשת 13', '2024-11-23', 67)",19,early_evening,16,30,0.6867842014213051,0.6729601116387055,0.6805862705310098,4.033333333333333,3
5298,רשת 13,News_middle_long,7.183333333333334,8,7-13,1.0,"('רשת 13', '2024-11-23', 68)","('רשת 13', '2024-11-23', 68)",20,late_evening,12,17,0.7466529351184347,0.7401861319584796,0.7387820213697314,4.833333333333333,3
5299,רשת 13,News_last_long,7.866666666666666,9,7-13,2.0,"('רשת 13', '2024-11-23', 68)","('רשת 13', '2024-11-23', 68)",20,late_evening,17,17,1.0252322777064953,1.009463318003283,1.0252322777064953,5.833333333333333,12
5300,רשת 13,News_last_short,0.2,2,lt1.5,3.0,"('רשת 13', '2024-11-23', 68)","('רשת 13', '2024-11-23', 68)",21,late_evening,17,38,1.2888328048043076,1.2520747018562832,1.2836691195941132,7.8,7
5302,רשת 13,Other_last_long,10.916666666666666,12,7-13,1.0,"('רשת 13', '2024-11-23', 74)","('רשת 13', '2024-11-23', 74)",22,late_evening,19,11,2.1688441947085986,1.7220591505635567,2.2334221392378386,17.733333333333334,6
5304,רשת 13,Other_first_long,11.016666666666667,12,7-13,1.0,"('רשת 13', '2024-11-23', 78)","('רשת 13', '2024-11-23', 78)",22,late_evening,4,11,1.9770408163265305,1.846017479192026,1.9994512193269653,15.5,3
5305,רשת 13,Other_middle_long,5.15,6,5-7,1.0,"('רשת 13', '2024-11-23', 80)","('רשת 13', '2024-11-23', 80)",23,late_evening,11,25,0.9909793015192033,0.8745486525772703,0.9909793015192033,5.866666666666667,10
5306,רשת 13,Other_first_long,7.666666666666667,8,7-13,1.0,"('רשת 13', '2024-11-23', 82)","('רשת 13', '2024-11-23', 82)",23,late_evening,25,24,0.6834563269288845,0.6225141482063962,0.6834563269288845,2.8000000000000003,10
5307,רשת 13,Other_first_long,3.933333333333333,5,3.5-5,1.0,"('רשת 13', '2024-11-24', 0)","('רשת 13', '2024-11-24', 0)",0,overnight,24,3,0.6901969352931893,0.689727164171717,0.6901969352931893,1.8666666666666665,11
5310,רשת 13,Other_first_long,3.283333333333333,4,2.5-3.5,1.0,"('רשת 13', '2024-11-24', 2)","('רשת 13', '2024-11-24', 2)",0,overnight,21,14,0.6398135728759932,0.6325384103469228,0.6364507420601417,1.2,9
5311,רשת 13,Other_middle_short,1.1,3,lt1.5,1.0,"('רשת 13', '2024-11-24', 3)","('רשת 13', '2024-11-24', 3)",0,overnight,14,21,0.7725386289932047,0.7950250848165027,0.7667645181145183,1.2666666666666666,11
5312,רשת 13,Other_first_standard,2.3833333333333333,3,1.5-2.5,1.0,"('רשת 13', '2024-11-24', 5)","('רשת 13', '2024-11-24', 5)",1,overnight,21,72,0.9347208787093956,0.9367364842469956,0.9330672700321743,1.3666666666666665,4
5313,רשת 13,Other_middle_long,3.45,4,2.5-3.5,1.0,"('רשת 13', '2024-11-24', 9)","('רשת 13', '2024-11-24', 9)",2,overnight,72,36,1.182670696737193,1.1548516842634489,1.1553425346528796,1.0,3
5314,רשת 13,Other_middle_long,3.15,5,2.5-3.5,1.0,"('רשת 13', '2024-11-24', 11)","('רשת 13', '2024-11-24', 11)",3,overnight,36,20,0.1970513087677017,0.19789600813628275,0.1970513087677017,0.10000000000000002,12
5315,רשת 13,Other_last_long,3.0166666666666666,4,2.5-3.5,2.0,"('רשת 13', '2024-11-24', 11)","('רשת 13', '2024-11-24', 11)",3,overnight,20,97,0.234375,0.23416853179570837,0.23685515873015875,0.10000000000000002,6
5316,רשת 13,Other_middle_long,3.066666666666667,4,2.5-3.5,1.0,"('רשת 13', '2024-11-24', 17)","('רשת 13', '2024-11-24', 17)",5,overnight,97,52,0.7155351203948994,0.7465573642044231,0.7280429377807655,0.20000000000000004,1
5317,רשת 13,PrimeShow1_first_standard,2.25,3,1.5-2.5,1.0,"('רשת 13', '2024-11-24', 21)","('רשת 13', '2024-11-24', 21)",6,morning,52,1,0.5722395755862958,0.5778432880458002,0.5778432880458002,0.4666666666666666,11
5319,רשת 13,Other_first_short,0.9833333333333333,2,lt1.5,1.0,"('רשת 13', '2024-11-24', 23)","('רשת 13', '2024-11-24', 23)",7,morning,57,1,1.3024364462766238,1.222118730633371,1.2913493594986782,2.066666666666667,11
5321,רשת 13,Other_first_long,6.166666666666667,7,5-7,3.0,"('רשת 13', '2024-11-24', 23)","('רשת 13', '2024-11-24', 23)",7,morning,25,1,0.8764044943820225,1.0922104340075618,0.9034921967947374,1.3,14
5323,רשת 13,Other_middle_short,0.9666666666666667,2,lt1.5,5.0,"('רשת 13', '2024-11-24', 23)","('רשת 13', '2024-11-24', 23)",8,morning,5,1,0.6072106261859581,0.6242083697173517,0.6099455387590981,1.0666666666666667,11
5325,רשת 13,Other_middle_long,7.716666666666667,8,7-13,7.0,"('רשת 13', '2024-11-24', 23)","('רשת 13', '2024-11-24', 23)",8,morning,16,27,0.3468208092485549,0.34446844646226954,0.3433386093471203,0.6,4
5326,רשת 13,Other_last_short,0.31666666666666665,1,lt1.5,8.0,"('רשת 13', '2024-11-24', 23)","('רשת 13', '2024-11-24', 23)",9,morning,27,1,0.42946563498399853,0.42031662684036464,0.42916341746293774,0.7333333333333334,8
5328,רשת 13,Other_last_long,6.3,7,5-7,10.0,"('רשת 13', '2024-11-24', 23)","('רשת 13', '2024-11-24', 23)",9,morning,3,37,0.5443636895761182,0.5113451822446771,0.5438204343910493,0.9,12
5329,רשת 13,Other_first_long,5.4,7,5-7,1.0,"('רשת 13', '2024-11-24', 33)","('רשת 13', '2024-11-24', 33)",9,morning,37,6,0.4923935775484045,0.4688791458243416,0.49119775624170486,0.7999999999999999,10
5330,רשת 13,Other_first_short,0.3,1,lt1.5,2.0,"('רשת 13', '2024-11-24', 33)","('רשת 13', '2024-11-24', 33)",10,morning,6,1,0.4093373043184772,0.4163996500587333,0.407928129774493,0.6666666666666666,7
5332,רשת 13,Other_middle_long,5.066666666666666,6,5-7,4.0,"('רשת 13', '2024-11-24', 33)","('רשת 13', '2024-11-24', 33)",10,morning,21,21,0.2838427947598253,0.256530519184418,0.282566274622216,0.43333333333333335,14
5333,רשת 13,Other_middle_long,4.916666666666667,6,3.5-5,5.0,"('רשת 13', '2024-11-24', 33)","('רשת 13', '2024-11-24', 33)",10,morning,21,5,0.26162901082209983,0.26403998615941426,0.2621338965130589,0.4000000000000001,10
5334,רשת 13,Other_middle_short,0.3,1,lt1.5,6.0,"('רשת 13', '2024-11-24', 33)","('רשת 13', '2024-11-24', 33)",11,morning,5,1,0.42131912058627585,0.41148077472782535,0.4131628605142004,0.6666666666666666,5
5336,רשת 13,Other_last_long,7.866666666666666,8,7-13,8.0,"('רשת 13', '2024-11-24', 33)","('רשת 13', '2024-11-24', 33)",11,morning,23,29,0.7112068965517242,0.7383865863906222,0.6875318309141839,1.1,14
5337,רשת 13,News_last_short,0.3,2,lt1.5,1.0,"('רשת 13', '2024-11-24', 42)","('רשת 13', '2024-11-24', 42)",12,afternoon,29,26,1.1037527593818985,1.0349948247885845,1.0664099249126544,1.6666666666666667,5
5339,רשת 13,Other_middle_long,3.9166666666666665,5,3.5-5,1.0,"('רשת 13', '2024-11-24', 45)","('רשת 13', '2024-11-24', 45)",12,afternoon,26,85,0.7168152830295164,0.7269999437032032,0.7112332522358908,0.9,2
5340,רשת 13,Other_middle_short,0.3,2,lt1.5,1.0,"('רשת 13', '2024-11-24', 48)","('רשת 13', '2024-11-24', 48)",14,afternoon,85,40,1.609756097560976,1.640269612417569,1.6310876074567762,2.2,1
5342,רשת 13,Other_last_long,4.283333333333333,6,3.5-5,3.0,"('רשת 13', '2024-11-24', 48)","('רשת 13', '2024-11-24', 48)",14,afternoon,35,1,1.3033192873512236,1.2479586656841992,1.3103883351958048,2.1333333333333333,12
5345,רשת 13,Other_first_long,5.083333333333333,6,5-7,1.0,"('רשת 13', '2024-11-24', 52)","('רשת 13', '2024-11-24', 52)",15,afternoon,63,1,1.0061003827310886,1.0010024147627192,1.0036096256684492,1.8333333333333333,7
5347,רשת 13,Other_middle_long,7.183333333333334,8,7-13,1.0,"('רשת 13', '2024-11-24', 53)","('רשת 13', '2024-11-24', 53)",16,afternoon,36,37,0.8275938923024482,0.7966643902237122,0.8523180929393099,1.8666666666666665,5
5349,רשת 13,Other_middle_long,8.833333333333334,10,7-13,1.0,"('רשת 13', '2024-11-24', 55)","('רשת 13', '2024-11-24', 55)",17,early_evening,36,24,0.9378663540445488,0.8793730041412307,0.9422155559241845,2.6666666666666665,4
5351,רשת 13,Other_first_standard,1.6666666666666667,3,1.5-2.5,1.0,"('רשת 13', '2024-11-24', 57)","('רשת 13', '2024-11-24', 57)",17,early_evening,22,35,0.6962983952509866,0.6827048775019638,0.692738048970074,2.3,7
5352,רשת 13,News_middle_long,7.166666666666667,8,7-13,1.0,"('רשת 13', '2024-11-24', 58)","('רשת 13', '2024-11-24', 58)",18,early_evening,35,1,1.2881986160696297,1.2158144365584602,1.271444650951749,5.2,14
5355,רשת 13,PrimeShow2_first_long,7.716666666666667,9,7-13,1.0,"('רשת 13', '2024-11-24', 60)","('רשת 13', '2024-11-24', 60)",18,early_evening,20,33,1.347940659546671,1.3149156251542664,1.3418610296166882,6.033333333333334,14
5356,רשת 13,Other_first_standard,1.8833333333333333,3,1.5-2.5,1.0,"('רשת 13', '2024-11-24', 63)","('רשת 13', '2024-11-24', 63)",19,early_evening,10,41,1.3870042803476377,1.3132527050496392,1.3278946926085629,8.233333333333334,6
5357,רשת 13,News_middle_long,8.283333333333333,9,7-13,1.0,"('רשת 13', '2024-11-24', 64)","('רשת 13', '2024-11-24', 64)",20,late_evening,41,22,1.3388259526261586,1.3272426374498754,1.3218098579787911,8.666666666666666,4
5358,רשת 13,News_last_long,7.883333333333334,9,7-13,2.0,"('רשת 13', '2024-11-24', 64)","('רשת 13', '2024-11-24', 64)",21,late_evening,22,14,1.3401476433844406,1.219376327790143,1.296723619251754,7.866666666666667,4
5359,רשת 13,Other_middle_long,11.616666666666667,13,7-13,1.0,"('רשת 13', '2024-11-24', 69)","('רשת 13', '2024-11-24', 69)",22,late_evening,14,10,1.5812415767502712,1.2546247114398985,1.6274643323176632,12.933333333333332,6
5360,רשת 13,Other_first_long,10.216666666666667,12,7-13,1.0,"('רשת 13', '2024-11-24', 74)","('רשת 13', '2024-11-24', 74)",22,late_evening,6,7,1.6214353593239774,1.5647427869217843,1.6358674399072608,12.666666666666666,5
5361,רשת 13,Other_first_long,5.383333333333334,6,5-7,1.0,"('רשת 13', '2024-11-24', 76)","('רשת 13', '2024-11-24', 76)",23,late_evening,7,1,1.197538610126398,1.0876866383371178,1.197538610126398,7.966666666666666,8
5363,רשת 13,Other_middle_long,9.333333333333334,10,7-13,1.0,"('רשת 13', '2024-11-24', 78)","('רשת 13', '2024-11-24', 78)",23,late_evening,36,15,1.4710379050964866,1.4732318749893754,1.4751079370403668,5.0,5
5364,רשת 13,Other_first_long,5.583333333333333,6,5-7,1.0,"('רשת 13', '2024-11-25', 0)","('רשת 13', '2024-11-25', 0)",0,overnight,15,1,0.7107134962738412,0.7073168414427039,0.7107134962738412,1.8,14
5367,רשת 13,Other_middle_standard,2.3333333333333335,3,1.5-2.5,1.0,"('רשת 13', '2024-11-25', 2)","('רשת 13', '2024-11-25', 2)",1,overnight,53,74,0.6736853018612367,0.6898012494096856,0.6732542780195637,1.0,1
5368,רשת 13,Other_middle_standard,2.8333333333333335,4,2.5-3.5,1.0,"('רשת 13', '2024-11-25', 7)","('רשת 13', '2024-11-25', 7)",2,overnight,74,30,0.9412150704855233,0.9427350427350426,0.9315992524388328,0.8000000000000002,2
5369,רשת 13,Other_middle_short,1.1333333333333333,2,lt1.5,1.0,"('רשת 13', '2024-11-25', 9)","('רשת 13', '2024-11-25', 9)",3,overnight,30,41,1.36155955308384,1.3576238576238577,1.3496781296893177,0.8000000000000002,5
5370,רשת 13,Other_middle_standard,1.8833333333333333,3,1.5-2.5,1.0,"('רשת 13', '2024-11-25', 11)","('רשת 13', '2024-11-25', 11)",3,overnight,41,92,1.3081617086193746,1.2736073274364061,1.3238295503741728,0.5,2
5371,רשת 13,Other_last_standard,2.1666666666666665,3,1.5-2.5,1.0,"('רשת 13', '2024-11-25', 15)","('רשת 13', '2024-11-25', 15)",5,overnight,92,11,1.5958650916928558,1.638849771379892,1.5741542797084875,0.5,6
5372,רשת 13,Other_first_long,3.1,4,2.5-3.5,1.0,"('רשת 13', '2024-11-25', 17)","('רשת 13', '2024-11-25', 17)",5,overnight,11,11,1.806060606060606,1.8548718849403822,1.825,0.6,4
5373,רשת 13,Other_middle_long,3.283333333333333,4,2.5-3.5,1.0,"('רשת 13', '2024-11-25', 18)","('רשת 13', '2024-11-25', 18)",5,overnight,11,23,1.4219928405102003,1.4620945341282845,1.4720144350646436,0.6666666666666666,3
5374,רשת 13,PrimeShow1_first_standard,2.8333333333333335,4,2.5-3.5,1.0,"('רשת 13', '2024-11-25', 21)","('רשת 13', '2024-11-25', 21)",6,morning,23,56,1.9764611933389749,1.9705753997550983,1.9764611933389749,1.6666666666666667,14
5376,רשת 13,Other_first_short,1.25,2,lt1.5,1.0,"('רשת 13', '2024-11-25', 23)","('רשת 13', '2024-11-25', 23)",7,morning,54,1,0.7448821558574478,0.726172608601952,0.7431644725277847,1.1666666666666667,13
5379,רשת 13,Other_first_long,7.633333333333334,9,7-13,4.0,"('רשת 13', '2024-11-25', 23)","('רשת 13', '2024-11-25', 23)",7,morning,15,20,0.8271941063420885,0.8020891750344391,0.7978446071064055,1.2333333333333334,7
5381,רשת 13,Other_middle_short,0.9833333333333333,2,lt1.5,6.0,"('רשת 13', '2024-11-25', 23)","('רשת 13', '2024-11-25', 23)",8,morning,5,1,0.9867172675521821,1.0150218323871019,0.9914505304335813,1.7333333333333334,11
5384,רשת 13,Other_last_long,7.5,9,7-13,9.0,"('רשת 13', '2024-11-25', 23)","('רשת 13', '2024-11-25', 23)",8,morning,20,19,0.9468146701917179,0.8628707630736029,0.9468146701917179,1.6000000000000003,9
5385,רשת 13,Other_last_short,0.3,1,lt1.5,10.0,"('רשת 13', '2024-11-25', 23)","('רשת 13', '2024-11-25', 23)",9,morning,19,1,0.8925686859829162,0.8681189169339127,0.8925686859829162,1.5333333333333332,6
5387,רשת 13,Other_last_long,4.983333333333333,6,3.5-5,12.0,"('רשת 13', '2024-11-25', 23)","('רשת 13', '2024-11-25', 23)",9,morning,9,31,0.9180250065462162,0.8042824738885068,0.9187241116916302,1.3999999999999997,1
5389,רשת 13,Other_first_long,7.283333333333333,8,7-13,1.0,"('רשת 13', '2024-11-25', 33)","('רשת 13', '2024-11-25', 33)",9,morning,29,7,1.3383394849603327,1.2747505794381404,1.3325053499773085,2.1666666666666665,7
5390,רשת 13,Other_first_short,0.3,1,lt1.5,2.0,"('רשת 13', '2024-11-25', 33)","('רשת 13', '2024-11-25', 33)",10,morning,7,1,1.3850873768585856,1.357753005626113,1.386055162229037,2.2666666666666666,6
5392,רשת 13,Other_middle_long,5.483333333333333,7,5-7,4.0,"('רשת 13', '2024-11-25', 33)","('רשת 13', '2024-11-25', 33)",10,morning,17,34,1.1047012117065644,1.0958512817929147,1.1120463753406178,1.7,9
5394,רשת 13,Other_middle_short,0.3,1,lt1.5,6.0,"('רשת 13', '2024-11-25', 33)","('רשת 13', '2024-11-25', 33)",11,morning,32,1,1.2236322601939322,1.2154294401486434,1.2154294401486434,1.9333333333333333,4
5396,רשת 13,Other_last_long,7.983333333333333,9,7-13,8.0,"('רשת 13', '2024-11-25', 33)","('רשת 13', '2024-11-25', 33)",11,morning,28,23,0.7122309525582781,0.7513429771853497,0.7107014611836826,1.1,3
5397,רשת 13,News_last_short,0.3,1,lt1.5,1.0,"('רשת 13', '2024-11-25', 41)","('רשת 13', '2024-11-25', 41)",12,afternoon,23,1,0.37527593818984545,0.361194037117985,0.3660023513688326,0.5666666666666665,4
5399,רשת 13,Other_middle_long,7.933333333333334,9,7-13,1.0,"('רשת 13', '2024-11-25', 44)","('רשת 13', '2024-11-25', 44)",12,afternoon,17,20,0.4947916666666667,0.5039955221262677,0.5015300631475214,0.6333333333333333,7
5400,רשת 13,Other_first_standard,2.8833333333333333,4,2.5-3.5,1.0,"('רשת 13', '2024-11-25', 46)","('רשת 13', '2024-11-25', 46)",12,afternoon,20,20,0.3917830323659544,0.3705652371325987,0.38757498131368323,0.5,5
5401,רשת 13,Other_first_long,6.05,7,5-7,1.0,"('רשת 13', '2024-11-25', 48)","('רשת 13', '2024-11-25', 48)",13,afternoon,20,10,0.44550893279332243,0.45394668737060045,0.43838410915243564,0.5666666666666667,13
5402,רשת 13,Other_middle_long,4.75,6,3.5-5,2.0,"('רשת 13', '2024-11-25', 48)","('רשת 13', '2024-11-25', 48)",13,afternoon,10,1,0.5042016806722688,0.508778679669568,0.5073671153877132,0.6,14
5404,רשת 13,Other_first_long,3.05,4,2.5-3.5,1.0,"('רשת 13', '2024-11-25', 51)","('רשת 13', '2024-11-25', 51)",13,afternoon,9,25,0.3785240526158442,0.3603660399750033,0.38015520368653183,0.5,14
5405,רשת 13,Other_middle_long,4.316666666666666,5,3.5-5,1.0,"('רשת 13', '2024-11-25', 52)","('רשת 13', '2024-11-25', 52)",14,afternoon,25,3,0.6606104519390609,0.6632864998072429,0.662785178141032,1.0666666666666667,12
5408,רשת 13,Other_last_long,4.1,5,3.5-5,4.0,"('רשת 13', '2024-11-25', 52)","('רשת 13', '2024-11-25', 52)",14,afternoon,19,7,1.6049382716049383,1.5612038063615097,1.6323559223915023,2.6,9
5409,רשת 13,Other_last_long,3.183333333333333,4,2.5-3.5,5.0,"('רשת 13', '2024-11-25', 52)","('רשת 13', '2024-11-25', 52)",14,afternoon,7,59,0.9130948462033169,0.9073164014996348,0.9163727346604148,1.5999999999999999,5
5410,רשת 13,Other_first_long,3.783333333333333,5,3.5-5,1.0,"('רשת 13', '2024-11-25', 57)","('רשת 13', '2024-11-25', 57)",15,afternoon,59,3,0.7318736752350713,0.7278185931747547,0.7300802139037433,1.3333333333333333,7
5413,רשת 13,Other_middle_long,7.75,8,7-13,1.0,"('רשת 13', '2024-11-25', 58)","('רשת 13', '2024-11-25', 58)",16,afternoon,27,1,0.7414462653950813,0.7423043762941023,0.7480549761297999,1.6666666666666667,12
5415,רשת 13,Other_middle_long,10.95,12,7-13,1.0,"('רשת 13', '2024-11-25', 60)","('רשת 13', '2024-11-25', 60)",17,early_evening,41,1,0.6040856147985053,0.5965992449349042,0.6040856147985053,1.7333333333333334,2
5417,רשת 13,Other_first_standard,1.6666666666666667,2,1.5-2.5,1.0,"('רשת 13', '2024-11-25', 62)","('רשת 13', '2024-11-25', 62)",17,early_evening,24,40,0.5135853821234917,0.5148060118299452,0.5093456684717603,1.7,9
5418,רשת 13,News_middle_long,8.9,10,7-13,1.0,"('רשת 13', '2024-11-25', 63)","('רשת 13', '2024-11-25', 63)",18,early_evening,40,1,0.8421892072891333,0.8343912507994666,0.8480780352766463,3.266666666666667,5
5420,רשת 13,PrimeShow2_first_long,6.6,7,5-7,1.0,"('רשת 13', '2024-11-25', 65)","('רשת 13', '2024-11-25', 65)",18,early_evening,13,1,0.8494464232173033,0.8297400548144779,0.8459540641160493,3.7999999999999994,14
5422,רשת 13,Other_first_standard,2.216666666666667,3,1.5-2.5,1.0,"('רשת 13', '2024-11-25', 68)","('רשת 13', '2024-11-25', 68)",19,early_evening,5,36,1.1175543363613496,1.0580026708566492,1.070052669892423,6.633333333333333,6
5423,רשת 13,News_middle_long,7.583333333333333,8,7-13,1.0,"('רשת 13', '2024-11-25', 69)","('רשת 13', '2024-11-25', 69)",20,late_evening,15,19,1.0558320641025183,1.0122655960681004,1.0540912186220612,6.0,0
5424,רשת 13,News_last_long,7.516666666666667,8,7-13,2.0,"('רשת 13', '2024-11-25', 69)","('רשת 13', '2024-11-25', 69)",21,late_evening,19,13,0.9299587992937021,0.9282246705497234,0.9619298208705794,5.266666666666667,11
5425,רשת 13,Other_middle_long,8.65,9,7-13,1.0,"('רשת 13', '2024-11-25', 76)","('רשת 13', '2024-11-25', 76)",22,late_evening,38,23,1.47243001540221,1.3896858331836162,1.47243001540221,14.266666666666666,11
5426,רשת 13,Other_last_long,9.433333333333334,10,7-13,2.0,"('רשת 13', '2024-11-25', 76)","('רשת 13', '2024-11-25', 76)",22,late_evening,23,15,1.9316448904276406,1.8215275099152108,1.9316448904276406,16.566666666666666,12
5427,רשת 13,Other_first_long,5.15,6,5-7,1.0,"('רשת 13', '2024-11-25', 80)","('רשת 13', '2024-11-25', 80)",23,late_evening,15,1,1.46623889184088,1.3895625050894873,1.4571727327321742,10.399999999999999,6
5429,רשת 13,PrimeShow1_last_long,4.183333333333334,5,3.5-5,1.0,"('רשת 13', '2024-11-25', 83)","('רשת 13', '2024-11-25', 83)",23,late_evening,41,26,1.2008098857559137,1.2314137636650726,1.1954867297860694,4.0,9
5431,רשת 13,Other_middle_long,5.283333333333333,6,5-7,1.0,"('רשת 13', '2024-11-26', 0)","('רשת 13', '2024-11-26', 0)",0,overnight,25,1,1.4209409812885998,1.3552152234681512,1.4270538446632886,3.0,9
5434,רשת 13,Other_middle_standard,1.5666666666666667,3,1.5-2.5,1.0,"('רשת 13', '2024-11-26', 2)","('רשת 13', '2024-11-26', 2)",0,overnight,21,34,1.3672402954581173,1.3758268150036477,1.3719989037949951,2.3,7
5435,רשת 13,Other_middle_standard,2.8333333333333335,4,2.5-3.5,1.0,"('רשת 13', '2024-11-26', 4)","('רשת 13', '2024-11-26', 4)",1,overnight,34,39,1.0812190274292963,1.0742817182557933,1.088608508502988,1.4666666666666668,13
5436,רשת 13,Other_middle_standard,2.25,3,1.5-2.5,1.0,"('רשת 13', '2024-11-26', 7)","('רשת 13', '2024-11-26', 7)",2,overnight,39,29,1.0252584454455376,1.008375420875421,1.0252584454455376,1.0,10
5437,רשת 13,Other_middle_standard,1.7,2,1.5-2.5,1.0,"('רשת 13', '2024-11-26', 9)","('רשת 13', '2024-11-26', 9)",2,overnight,29,42,0.734702037552326,0.7512451354507838,0.7418456236325383,0.6,11
5438,רשת 13,Other_middle_long,3.0166666666666666,4,2.5-3.5,1.0,"('רשת 13', '2024-11-26', 11)","('רשת 13', '2024-11-26', 11)",3,overnight,42,112,0.8674799291001981,0.8557370651204281,0.8696870052368774,0.4000000000000001,9
5439,רשת 13,Other_middle_standard,1.6,2,1.5-2.5,1.0,"('רשת 13', '2024-11-26', 16)","('רשת 13', '2024-11-26', 16)",5,overnight,112,22,1.294997662459093,1.2844174109996895,1.2429458740017747,0.4000000000000001,4
5440,רשת 13,Other_middle_standard,2.033333333333333,3,1.5-2.5,1.0,"('רשת 13', '2024-11-26', 18)","('רשת 13', '2024-11-26', 18)",5,overnight,22,30,0.9465852130325815,0.9360348675172098,0.9506766381766383,0.4000000000000001,12
5441,רשת 13,PrimeShow1_first_standard,2.8666666666666667,3,2.5-3.5,1.0,"('רשת 13', '2024-11-26', 21)","('רשת 13', '2024-11-26', 21)",6,morning,30,1,1.185783101223019,1.182606160128745,1.185783101223019,1.0,14
5443,רשת 13,Other_first_short,1.3833333333333333,2,lt1.5,1.0,"('רשת 13', '2024-11-26', 23)","('רשת 13', '2024-11-26', 23)",7,morning,54,1,1.2000035457220861,1.1466248328454227,1.1900859989250818,1.8999999999999997,12
5445,רשת 13,Other_first_long,7.783333333333333,9,7-13,3.0,"('רשת 13', '2024-11-26', 23)","('רשת 13', '2024-11-26', 23)",7,morning,18,1,0.9185361767521539,0.8975432168322044,0.8911396972093861,1.3666666666666665,8
5447,רשת 13,Other_middle_short,0.2,1,lt1.5,5.0,"('רשת 13', '2024-11-26', 23)","('רשת 13', '2024-11-26', 23)",8,morning,16,1,1.0259666236174343,1.017725183745629,1.0272926543455891,1.8,4
5449,רשת 13,Other_middle_short,1.3833333333333333,3,lt1.5,7.0,"('רשת 13', '2024-11-26', 23)","('רשת 13', '2024-11-26', 23)",8,morning,7,1,1.0056925996204933,1.0228893538725488,1.0117220537493699,1.7666666666666666,12
5451,רשת 13,Other_middle_long,4.733333333333333,6,3.5-5,9.0,"('רשת 13', '2024-11-26', 23)","('רשת 13', '2024-11-26', 23)",8,morning,14,27,1.0982658959537572,1.0908167471305203,1.0872389295992144,1.8999999999999997,4
5453,רשת 13,Other_last_short,0.2,1,lt1.5,11.0,"('רשת 13', '2024-11-26', 23)","('רשת 13', '2024-11-26', 23)",9,morning,25,1,1.4358468414798224,1.3966720229241645,1.4358468414798224,2.466666666666667,6
5455,רשת 13,Other_last_long,7.1,9,7-13,13.0,"('רשת 13', '2024-11-26', 23)","('רשת 13', '2024-11-26', 23)",9,morning,9,28,0.9616683967381139,0.8427691461750967,0.9624174379653431,1.4666666666666668,1
5456,רשת 13,Other_first_long,6.933333333333334,8,5-7,1.0,"('רשת 13', '2024-11-26', 33)","('רשת 13', '2024-11-26', 33)",9,morning,28,5,1.276568664884816,1.2158810826570947,1.2709806109288422,2.066666666666667,7
5457,רשת 13,Other_first_short,0.2,1,lt1.5,2.0,"('רשת 13', '2024-11-26', 33)","('רשת 13', '2024-11-26', 33)",10,morning,5,29,1.0728744939271253,1.0803861560366121,1.0878580266413942,1.7666666666666666,4
5458,רשת 13,Other_first_short,0.2,2,lt1.5,3.0,"('רשת 13', '2024-11-26', 33)","('רשת 13', '2024-11-26', 33)",10,morning,5,28,1.0728744939271253,1.0803861560366121,1.0878580266413942,1.7666666666666666,4
5459,רשת 13,Other_middle_long,8.85,10,7-13,4.0,"('רשת 13', '2024-11-26', 33)","('רשת 13', '2024-11-26', 33)",10,morning,28,23,1.2391304347826086,1.036394499809134,1.2491766708750505,1.8999999999999997,3
5460,רשת 13,Other_middle_short,0.2,1,lt1.5,5.0,"('רשת 13', '2024-11-26', 33)","('רשת 13', '2024-11-26', 33)",11,morning,23,1,0.9480346435709528,0.9281272241758853,0.9312811350253386,1.5,5
5462,רשת 13,Other_last_long,7.966666666666667,9,7-13,7.0,"('רשת 13', '2024-11-26', 33)","('רשת 13', '2024-11-26', 33)",11,morning,30,22,0.9130463549079811,0.8908645393948591,0.9157160726806737,1.3999999999999997,6
5463,רשת 13,News_last_short,0.2,1,lt1.5,1.0,"('רשת 13', '2024-11-26', 41)","('רשת 13', '2024-11-26', 41)",12,afternoon,22,25,1.1479028697571745,1.072312629689679,1.1024329421028611,1.7333333333333334,6
5464,רשת 13,News_last_short,0.2,2,lt1.5,2.0,"('רשת 13', '2024-11-26', 41)","('רשת 13', '2024-11-26', 41)",12,afternoon,22,24,1.1479028697571745,1.072312629689679,1.1024329421028611,1.7333333333333334,6
5465,רשת 13,Other_middle_long,4.666666666666667,6,3.5-5,1.0,"('רשת 13', '2024-11-26', 44)","('רשת 13', '2024-11-26', 44)",12,afternoon,24,26,0.9018567639257293,0.8698955548083748,0.881475559943213,1.1333333333333335,1
5467,רשת 13,Other_middle_long,5.1,6,5-7,1.0,"('רשת 13', '2024-11-26', 46)","('רשת 13', '2024-11-26', 46)",13,afternoon,23,18,1.3947368421052635,1.3880482015104014,1.3849706487551652,1.7666666666666666,2
5468,רשת 13,Other_first_long,7.1,8,7-13,1.0,"('רשת 13', '2024-11-26', 48)","('רשת 13', '2024-11-26', 48)",13,afternoon,18,1,1.50978827285104,1.4446284857870222,1.504271129939579,1.7999999999999998,10
5470,רשת 13,Other_first_long,3.7,5,3.5-5,1.0,"('רשת 13', '2024-11-26', 49)","('רשת 13', '2024-11-26', 49)",13,afternoon,14,11,1.5001150883503824,1.3507283022209757,1.49653701478519,2.033333333333333,2
5471,רשת 13,Other_middle_long,3.0166666666666666,4,2.5-3.5,2.0,"('רשת 13', '2024-11-26', 49)","('רשת 13', '2024-11-26', 49)",14,afternoon,11,26,1.4083020637898687,1.4454774944701996,1.431372549019608,1.9333333333333333,2
5472,רשת 13,Other_last_long,4.366666666666666,5,3.5-5,3.0,"('רשת 13', '2024-11-26', 49)","('רשת 13', '2024-11-26', 49)",14,afternoon,26,4,1.364503325171915,1.2551125891321464,1.3767132612947959,2.2666666666666666,1
5475,רשת 13,Other_last_long,3.4166666666666665,5,2.5-3.5,6.0,"('רשת 13', '2024-11-26', 49)","('רשת 13', '2024-11-26', 49)",14,afternoon,11,57,1.7886022544476756,1.7819045838568401,1.7958173623606843,3.1333333333333333,5
5476,רשת 13,Other_first_long,7.133333333333334,8,7-13,1.0,"('רשת 13', '2024-11-26', 55)","('רשת 13', '2024-11-26', 55)",15,afternoon,57,1,1.1559710721582965,1.1358417748348497,1.146908965424043,2.1,6
5478,רשת 13,Other_middle_long,7.233333333333333,8,7-13,1.0,"('רשת 13', '2024-11-26', 56)","('רשת 13', '2024-11-26', 56)",16,afternoon,30,1,1.0592421324768955,1.0208228075875134,1.0449993703052358,2.3666666666666667,14
5480,רשת 13,Other_first_long,7.783333333333333,8,7-13,1.0,"('רשת 13', '2024-11-26', 58)","('רשת 13', '2024-11-26', 58)",17,early_evening,33,1,1.111111111111111,1.106660737201733,1.1019477266118425,3.3333333333333335,11
5483,רשת 13,Other_first_standard,1.6666666666666667,3,1.5-2.5,1.0,"('רשת 13', '2024-11-26', 60)","('רשת 13', '2024-11-26', 60)",17,early_evening,31,36,0.977477422603385,0.9583486598054756,0.9688006923837783,3.233333333333334,8
5484,רשת 13,News_middle_long,8.683333333333334,10,7-13,1.0,"('רשת 13', '2024-11-26', 61)","('רשת 13', '2024-11-26', 61)",18,early_evening,36,19,1.2620391208827446,1.1790149722957868,1.2370012563334212,5.066666666666667,1
5486,רשת 13,PrimeShow2_first_long,6.7,8,5-7,1.0,"('רשת 13', '2024-11-26', 63)","('רשת 13', '2024-11-26', 63)",18,early_evening,17,32,1.1544017792846357,1.1265569729236706,1.1493111015881674,5.166666666666667,14
5488,רשת 13,Other_first_standard,1.8833333333333333,2,1.5-2.5,1.0,"('רשת 13', '2024-11-26', 66)","('רשת 13', '2024-11-26', 66)",19,early_evening,12,40,1.4040791108810788,1.329739281899059,1.3447502468131491,8.333333333333334,6
5489,רשת 13,News_middle_long,8.1,9,7-13,1.0,"('רשת 13', '2024-11-26', 67)","('רשת 13', '2024-11-26', 67)",20,late_evening,8,14,1.334754881466852,1.2631984855885374,1.334754881466852,8.033333333333333,11
5490,רשת 13,News_middle_long,7.8,9,7-13,2.0,"('רשת 13', '2024-11-26', 67)","('רשת 13', '2024-11-26', 67)",21,late_evening,14,11,1.3515048268029528,1.2331224301392132,1.3102257474770278,7.933333333333333,3
5491,רשת 13,News_last_long,4.333333333333333,5,3.5-5,3.0,"('רשת 13', '2024-11-26', 67)","('רשת 13', '2024-11-26', 67)",21,late_evening,11,30,1.3275865186508984,1.2899547467385308,1.322290431255827,8.033333333333333,7
5493,רשת 13,News_last_short,0.2,1,lt1.5,5.0,"('רשת 13', '2024-11-26', 67)","('רשת 13', '2024-11-26', 67)",21,late_evening,29,1,1.1441575552303598,1.125785874041988,1.1552612717414275,12.333333333333334,11
5495,רשת 13,Other_last_short,1.4666666666666666,2,lt1.5,1.0,"('רשת 13', '2024-11-26', 74)","('רשת 13', '2024-11-26', 74)",22,late_evening,17,11,1.4731123962011792,1.419544715683099,1.4644738362128749,11.066666666666665,13
5496,רשת 13,Other_first_long,9.383333333333333,10,7-13,1.0,"('רשת 13', '2024-11-26', 78)","('רשת 13', '2024-11-26', 78)",23,late_evening,11,34,1.7398565889157085,1.5427210259049478,1.7398565889157085,10.266666666666667,10
5497,רשת 13,Other_first_short,0.9833333333333333,2,lt1.5,1.0,"('רשת 13', '2024-11-26', 81)","('רשת 13', '2024-11-26', 81)",23,late_evening,34,1,1.5608015391256285,1.573413744894794,1.5561010591651427,5.233333333333333,8
5499,רשת 13,Other_first_long,3.4833333333333334,5,2.5-3.5,1.0,"('רשת 13', '2024-11-27', 0)","('רשת 13', '2024-11-27', 0)",0,overnight,11,1,1.2196911983650687,1.21939621940434,1.2196911983650687,3.3000000000000003,11
5502,רשת 13,Other_middle_long,5.616666666666666,6,5-7,1.0,"('רשת 13', '2024-11-27', 1)","('רשת 13', '2024-11-27', 1)",0,overnight,21,36,0.8174341399487397,0.8088747432076618,0.8132027593250267,1.5333333333333332,9
5503,רשת 13,Other_middle_long,6.9,8,5-7,1.0,"('רשת 13', '2024-11-27', 3)","('רשת 13', '2024-11-27', 3)",1,overnight,36,25,0.8897348685784422,0.8858432889057969,0.8877157961092719,1.3,5
5504,רשת 13,Other_last_long,5.866666666666666,7,5-7,1.0,"('רשת 13', '2024-11-27', 5)","('רשת 13', '2024-11-27', 5)",1,overnight,25,61,1.0046633178411029,0.9626283212897017,0.9991073764562847,1.2,7
5505,רשת 13,Other_middle_short,0.95,2,lt1.5,1.0,"('רשת 13', '2024-11-27', 9)","('רשת 13', '2024-11-27', 9)",2,overnight,61,143,0.6372908400897016,0.6070393374741202,0.640816311621519,0.4000000000000001,14
5508,רשת 13,PrimeShow1_first_standard,2.65,4,2.5-3.5,1.0,"('רשת 13', '2024-11-27', 22)","('רשת 13', '2024-11-27', 22)",6,morning,28,1,1.07431986557183,1.0670956750744878,1.07431986557183,0.9,13
5510,רשת 13,Other_first_short,1.0666666666666667,2,lt1.5,1.0,"('רשת 13', '2024-11-27', 24)","('רשת 13', '2024-11-27', 24)",7,morning,53,1,1.134457119491292,1.0649603679588215,1.1250615488414983,1.8,11
5513,רשת 13,Other_first_long,5.616666666666666,7,5-7,4.0,"('רשת 13', '2024-11-27', 24)","('רשת 13', '2024-11-27', 24)",7,morning,21,1,1.640449438202247,1.7878306327963076,1.6307461655074016,2.433333333333333,10
5516,רשת 13,Other_middle_short,0.2,1,lt1.5,7.0,"('רשת 13', '2024-11-27', 24)","('רשת 13', '2024-11-27', 24)",8,morning,17,1,1.082279348633848,1.2049623503216478,1.0815965241844203,1.8999999999999997,7
5518,רשת 13,Other_middle_short,0.6166666666666667,2,lt1.5,9.0,"('רשת 13', '2024-11-27', 24)","('רשת 13', '2024-11-27', 24)",8,morning,3,1,1.3092979127134723,1.334943418775754,1.3065375302663438,2.3,11
5521,רשת 13,Other_middle_long,4.816666666666666,6,3.5-5,12.0,"('רשת 13', '2024-11-27', 24)","('רשת 13', '2024-11-27', 24)",8,morning,18,27,1.0617466505354665,1.0396697943670805,1.0513905051321164,1.8333333333333333,6
5523,רשת 13,Other_last_short,0.2,1,lt1.5,14.0,"('רשת 13', '2024-11-27', 24)","('רשת 13', '2024-11-27', 24)",9,morning,25,1,1.3667533296678478,1.334789410921136,1.3657711227244003,2.3333333333333335,8
5525,רשת 13,Other_last_long,4.733333333333333,6,3.5-5,16.0,"('רשת 13', '2024-11-27', 24)","('רשת 13', '2024-11-27', 24)",9,morning,7,1,1.1147446508061198,0.9766287182931869,1.1155935641969796,1.7,1
5527,רשת 13,Other_first_long,4.316666666666666,6,3.5-5,1.0,"('רשת 13', '2024-11-27', 34)","('רשת 13', '2024-11-27', 34)",9,morning,25,13,0.9543165713109788,0.920617477760335,0.969690580655862,1.5333333333333332,3
5529,רשת 13,Other_first_short,0.2,1,lt1.5,3.0,"('רשת 13', '2024-11-27', 34)","('רשת 13', '2024-11-27', 34)",10,morning,11,1,0.7332158044373962,0.7189543933595844,0.733720735935023,1.2,6
5531,רשת 13,Other_middle_long,4.5,6,3.5-5,5.0,"('רשת 13', '2024-11-27', 34)","('רשת 13', '2024-11-27', 34)",10,morning,30,12,0.6493506493506493,0.6419564314569411,0.6433489362096588,1.0,7
5533,רשת 13,Other_middle_long,3.6166666666666667,4,3.5-5,7.0,"('רשת 13', '2024-11-27', 34)","('רשת 13', '2024-11-27', 34)",10,morning,10,1,0.8044526197174764,0.7872624991881484,0.7934541861823464,1.2333333333333334,9
5535,רשת 13,Other_middle_short,0.2,2,lt1.5,9.0,"('רשת 13', '2024-11-27', 34)","('רשת 13', '2024-11-27', 34)",11,morning,6,26,1.0105263157894735,0.9386084449184343,0.9805032193769981,1.5999999999999999,6
5537,רשת 13,Other_last_long,3.9833333333333334,5,3.5-5,11.0,"('רשת 13', '2024-11-27', 34)","('רשת 13', '2024-11-27', 34)",11,morning,26,28,0.776979220972667,0.8196468842021996,0.7753106849276535,1.2,3
5539,רשת 13,News_last_short,0.2,2,lt1.5,1.0,"('רשת 13', '2024-11-27', 43)","('רשת 13', '2024-11-27', 43)",12,afternoon,25,16,0.9050772626931566,0.8484035941730284,0.874368588985091,1.3666666666666665,5
5541,רשת 13,Other_middle_long,4.35,5,3.5-5,1.0,"('רשת 13', '2024-11-27', 46)","('רשת 13', '2024-11-27', 46)",12,afternoon,16,21,0.8854166666666666,0.9044862752727921,0.9003912219573325,1.1333333333333335,7
5542,רשת 13,Other_middle_short,1.3666666666666667,2,lt1.5,1.0,"('רשת 13', '2024-11-27', 48)","('רשת 13', '2024-11-27', 48)",12,afternoon,21,18,0.8333333333333334,0.8168759036462189,0.8198904206310327,1.0666666666666667,2
5543,רשת 13,News_last_short,0.2,1,lt1.5,1.0,"('רשת 13', '2024-11-27', 50)","('רשת 13', '2024-11-27', 50)",13,afternoon,18,1,0.6233850566160256,0.5875375432528599,0.5912582137797306,0.8000000000000002,6
5545,רשת 13,Other_middle_long,4.116666666666666,5,3.5-5,1.0,"('רשת 13', '2024-11-27', 54)","('רשת 13', '2024-11-27', 54)",13,afternoon,13,1,0.44245018810619413,0.4524465001978559,0.448623505048473,0.5333333333333333,5
5547,רשת 13,Other_first_long,3.8,5,3.5-5,1.0,"('רשת 13', '2024-11-27', 56)","('רשת 13', '2024-11-27', 56)",13,afternoon,9,23,1.0948108449877307,1.0301456865745722,1.0984190113318102,1.3333333333333333,8
5548,רשת 13,News_last_short,0.2,1,lt1.5,1.0,"('רשת 13', '2024-11-27', 58)","('רשת 13', '2024-11-27', 58)",14,afternoon,23,1,1.0567699686404721,1.0829451683466662,1.063467920416347,1.4666666666666668,5
5550,רשת 13,Other_middle_long,5.75,7,5-7,1.0,"('רשת 13', '2024-11-27', 61)","('רשת 13', '2024-11-27', 61)",14,afternoon,19,13,0.8184493041749503,0.7665242984701722,0.8190610059284756,1.3666666666666665,10
5551,רשת 13,Other_last_standard,1.8333333333333333,2,1.5-2.5,2.0,"('רשת 13', '2024-11-27', 61)","('רשת 13', '2024-11-27', 61)",14,afternoon,13,66,0.8109596202246517,0.7514621752591197,0.8057129628139306,1.3666666666666665,14
5552,רשת 13,Other_first_long,3.7,5,3.5-5,1.0,"('רשת 13', '2024-11-27', 65)","('רשת 13', '2024-11-27', 65)",15,afternoon,66,1,1.1009248306269492,1.0817540712712856,1.0922942527848027,2.0,6
5555,רשת 13,Other_middle_standard,1.8166666666666667,3,1.5-2.5,1.0,"('רשת 13', '2024-11-27', 66)","('רשת 13', '2024-11-27', 66)",16,afternoon,35,4,1.0202074939036647,0.9803273759381556,1.0470474004963923,2.3,4
5559,רשת 13,Other_middle_long,6.383333333333334,8,5-7,1.0,"('רשת 13', '2024-11-27', 68)","('רשת 13', '2024-11-27', 68)",17,early_evening,36,2,0.8792497069167644,0.8233178178234654,0.8834316318010297,2.5,4
5562,רשת 13,Other_first_standard,1.6666666666666667,2,1.5-2.5,1.0,"('רשת 13', '2024-11-27', 70)","('רשת 13', '2024-11-27', 70)",17,early_evening,24,30,1.279835867199428,1.2557807764883728,1.2691962604894547,4.233333333333333,8
5563,רשת 13,News_middle_long,5.866666666666666,7,5-7,1.0,"('רשת 13', '2024-11-27', 71)","('רשת 13', '2024-11-27', 71)",18,early_evening,30,1,1.0379438763102466,1.0113920040798834,1.0361707698374978,4.166666666666667,9
5566,רשת 13,PrimeShow2_first_long,5.966666666666667,7,5-7,1.0,"('רשת 13', '2024-11-27', 73)","('רשת 13', '2024-11-27', 73)",18,early_evening,24,1,1.4073608499363275,1.372800834745103,1.4009655465886717,6.3,14
5568,רשת 13,Other_first_standard,1.8833333333333333,3,1.5-2.5,1.0,"('רשת 13', '2024-11-27', 76)","('רשת 13', '2024-11-27', 76)",19,early_evening,15,51,1.2466865307624269,1.1803492812807386,1.1936652765863498,7.3999999999999995,6
5569,רשת 13,News_middle_long,8.266666666666667,9,7-13,1.0,"('רשת 13', '2024-11-27', 77)","('רשת 13', '2024-11-27', 77)",20,late_evening,51,16,1.097640295799427,1.0443114681048857,1.097610789943826,6.333333333333333,14
5570,רשת 13,News_last_long,7.883333333333334,9,7-13,2.0,"('רשת 13', '2024-11-27', 77)","('רשת 13', '2024-11-27', 77)",21,late_evening,16,16,1.0625569860839856,1.0503165964614753,1.066763643750742,6.066666666666666,8
5571,רשת 13,News_last_short,0.2,2,lt1.5,3.0,"('רשת 13', '2024-11-27', 77)","('רשת 13', '2024-11-27', 77)",21,late_evening,16,1,1.100608757808218,1.0565666975938692,1.100608757808218,9.200000000000001,2
5573,רשת 13,Other_middle_long,9.766666666666667,10,7-13,1.0,"('רשת 13', '2024-11-27', 82)","('רשת 13', '2024-11-27', 82)",22,late_evening,35,18,1.1763656479918587,1.1336444948601676,1.1705531506471105,12.299999999999999,9
5574,רשת 13,Other_last_long,10.133333333333333,11,7-13,2.0,"('רשת 13', '2024-11-27', 82)","('רשת 13', '2024-11-27', 82)",22,late_evening,18,7,1.3151275601868486,1.1892401830933812,1.2746024300147392,12.200000000000001,6
5575,רשת 13,Other_middle_long,3.6333333333333333,5,3.5-5,1.0,"('רשת 13', '2024-11-27', 87)","('רשת 13', '2024-11-27', 87)",23,late_evening,12,2,1.1044461473445724,1.0465934192799573,1.0977641690942883,7.833333333333333,6
5578,רשת 13,Other_middle_long,7.25,8,7-13,1.0,"('רשת 13', '2024-11-27', 89)","('רשת 13', '2024-11-27', 89)",23,late_evening,26,1,1.1421809715649376,1.04582458235752,1.1421809715649376,4.8,9
5580,רשת 13,Other_first_standard,2.8,4,2.5-3.5,1.0,"('רשת 13', '2024-11-28', 0)","('רשת 13', '2024-11-28', 0)",0,overnight,17,1,1.2585820728608346,1.2381588544391022,1.258635967997068,3.6333333333333333,6
5583,רשת 13,Other_middle_long,3.1333333333333333,4,2.5-3.5,1.0,"('רשת 13', '2024-11-28', 1)","('רשת 13', '2024-11-28', 1)",0,overnight,21,45,1.299049858571433,1.3793662821976405,1.3022101419999936,2.466666666666667,3
5584,רשת 13,Other_middle_short,1.4666666666666666,3,lt1.5,1.0,"('רשת 13', '2024-11-28', 3)","('רשת 13', '2024-11-28', 3)",1,overnight,45,13,1.3013698630136985,1.2983405771336636,1.2974307789289354,1.8999999999999997,6
5586,רשת 13,Other_last_long,4.366666666666666,5,3.5-5,3.0,"('רשת 13', '2024-11-28', 3)","('רשת 13', '2024-11-28', 3)",1,overnight,11,39,1.0779830856166732,1.056416712565898,1.0758587786259541,1.4000000000000001,6
5587,רשת 13,Other_first_long,5.7,7,5-7,1.0,"('רשת 13', '2024-11-28', 7)","('רשת 13', '2024-11-28', 7)",2,overnight,39,45,1.4129536817756236,1.4471084537452248,1.4283795275767954,1.2666666666666666,4
5588,רשת 13,Other_middle_long,5.183333333333334,7,5-7,1.0,"('רשת 13', '2024-11-28', 9)","('רשת 13', '2024-11-28', 9)",3,overnight,45,10,1.302201062285988,1.3003952627371784,1.291789043841841,0.6999999999999998,10
5589,רשת 13,Other_middle_long,3.25,4,2.5-3.5,2.0,"('רשת 13', '2024-11-28', 9)","('רשת 13', '2024-11-28', 9)",3,overnight,10,105,1.097612958226769,1.0731703357360869,1.097612958226769,0.5,11
5590,רשת 13,Other_middle_long,5.2,6,5-7,1.0,"('רשת 13', '2024-11-28', 15)","('רשת 13', '2024-11-28', 15)",5,overnight,105,29,1.4814814814814818,1.517149517149517,1.5004748338081673,0.4000000000000001,14
5591,רשת 13,Other_middle_standard,2.816666666666667,3,2.5-3.5,1.0,"('רשת 13', '2024-11-28', 17)","('רשת 13', '2024-11-28', 17)",5,overnight,29,24,0.3527395474924408,0.3644553692146175,0.366108686037344,0.16666666666666666,3
5592,רשת 13,PrimeShow1_first_standard,2.75,4,2.5-3.5,1.0,"('רשת 13', '2024-11-28', 20)","('רשת 13', '2024-11-28', 20)",6,morning,24,53,0.7516217093416682,0.7488276932851883,0.7509943174099285,0.6333333333333333,14
5594,רשת 13,Other_first_short,1.2,2,lt1.5,1.0,"('רשת 13', '2024-11-28', 22)","('רשת 13', '2024-11-28', 22)",7,morning,52,1,1.1748850483589661,1.1105347768397977,1.167088115152694,1.8666666666666665,10
5597,רשת 13,Other_first_long,5.433333333333334,7,5-7,4.0,"('רשת 13', '2024-11-28', 22)","('רשת 13', '2024-11-28', 22)",7,morning,19,1,1.4978379244074311,1.4543486054644628,1.4454040470673963,2.2333333333333334,7
5600,רשת 13,Other_middle_short,0.2,1,lt1.5,7.0,"('רשת 13', '2024-11-28', 22)","('רשת 13', '2024-11-28', 22)",8,morning,20,1,1.1582528264586835,1.1584709161157856,1.1574259761998305,2.033333333333333,5
5602,רשת 13,Other_middle_short,1.2,2,lt1.5,9.0,"('רשת 13', '2024-11-28', 22)","('רשת 13', '2024-11-28', 22)",8,morning,6,1,1.252371916508539,1.2737998268228132,1.260544702769485,2.2,12
5605,רשת 13,Other_middle_long,6.866666666666666,8,5-7,12.0,"('רשת 13', '2024-11-28', 22)","('רשת 13', '2024-11-28', 22)",8,morning,18,21,1.2026972011478603,1.0978616455289885,1.2026972011478603,2.033333333333333,9
5607,רשת 13,Other_last_short,0.2,1,lt1.5,14.0,"('רשת 13', '2024-11-28', 22)","('רשת 13', '2024-11-28', 22)",9,morning,19,5,1.0700794860063494,1.0521264017059615,1.0700794860063494,1.8333333333333333,7
5608,רשת 13,Other_last_short,0.2,2,lt1.5,15.0,"('רשת 13', '2024-11-28', 22)","('רשת 13', '2024-11-28', 22)",9,morning,19,4,1.0700794860063494,1.0521264017059615,1.0700794860063494,1.8333333333333333,7
5609,רשת 13,Other_last_long,5.5,6,5-7,16.0,"('רשת 13', '2024-11-28', 22)","('רשת 13', '2024-11-28', 22)",9,morning,4,1,1.1465375835650946,1.0924121758499188,1.1465375835650946,1.9000000000000001,12
5611,רשת 13,Other_first_long,5.5,7,5-7,1.0,"('רשת 13', '2024-11-28', 32)","('רשת 13', '2024-11-28', 32)",9,morning,32,8,1.0089092528955073,0.9611575220148213,1.0046387397552194,1.6333333333333335,7
5613,רשת 13,Other_first_short,0.2,1,lt1.5,3.0,"('רשת 13', '2024-11-28', 32)","('רשת 13', '2024-11-28', 32)",10,morning,6,1,1.160925023692544,1.1383444561526752,1.1617244985637865,1.8999999999999997,6
5615,רשת 13,Other_middle_long,3.05,4,2.5-3.5,5.0,"('רשת 13', '2024-11-28', 32)","('רשת 13', '2024-11-28', 32)",10,morning,18,27,0.8248635422548466,0.8197081949635895,0.8277298678496837,1.2666666666666666,10
5617,רשת 13,Other_middle_long,4.283333333333333,5,3.5-5,7.0,"('רשת 13', '2024-11-28', 32)","('רשת 13', '2024-11-28', 32)",10,morning,25,6,0.7412189101955574,0.7481406132793854,0.742419939548843,1.1333333333333333,10
5618,רשת 13,Other_middle_short,0.2,1,lt1.5,8.0,"('רשת 13', '2024-11-28', 32)","('רשת 13', '2024-11-28', 32)",11,morning,6,15,0.8216300244281592,0.8043769276191006,0.8071103170219601,1.3,5
5619,רשת 13,Other_middle_short,0.2,1,lt1.5,9.0,"('רשת 13', '2024-11-28', 32)","('רשת 13', '2024-11-28', 32)",11,morning,6,15,0.8216300244281592,0.8043769276191006,0.8071103170219601,1.3,5
5620,רשת 13,Other_last_long,4.133333333333334,6,3.5-5,10.0,"('רשת 13', '2024-11-28', 32)","('רשת 13', '2024-11-28', 32)",11,morning,15,17,0.7758620689655172,0.7748713596876332,0.7860957650087546,1.2,5
5622,רשת 13,Other_last_long,6.75,8,5-7,12.0,"('רשת 13', '2024-11-28', 32)","('רשת 13', '2024-11-28', 32)",11,morning,14,17,0.8167770419426047,0.787309082897797,0.8283783570786456,1.2333333333333334,12
5623,רשת 13,News_last_short,0.2,1,lt1.5,1.0,"('רשת 13', '2024-11-28', 42)","('רשת 13', '2024-11-28', 42)",12,afternoon,17,28,0.7947019867549668,0.7422686603014471,0.7632653845432475,1.2,6
5624,רשת 13,News_last_short,0.2,2,lt1.5,2.0,"('רשת 13', '2024-11-28', 42)","('רשת 13', '2024-11-28', 42)",12,afternoon,17,27,0.7947019867549668,0.7422686603014471,0.7632653845432475,1.2,6
5625,רשת 13,Other_middle_long,4.916666666666667,6,3.5-5,1.0,"('רשת 13', '2024-11-28', 45)","('רשת 13', '2024-11-28', 45)",12,afternoon,27,13,1.2500056436593485,1.3288080240040887,1.254402852049911,1.5666666666666667,4
5627,רשת 13,Other_first_long,3.566666666666667,4,3.5-5,1.0,"('רשת 13', '2024-11-28', 47)","('רשת 13', '2024-11-28', 47)",12,afternoon,12,11,0.8943380848864453,0.8638830643318797,0.8973433138444872,1.1333333333333335,7
5628,רשת 13,News_last_short,0.2,1,lt1.5,1.0,"('רשת 13', '2024-11-28', 49)","('רשת 13', '2024-11-28', 49)",13,afternoon,11,13,1.0130007170010416,0.9558224898043696,0.961410421611197,1.3,6
5629,רשת 13,News_last_short,0.2,1,lt1.5,2.0,"('רשת 13', '2024-11-28', 49)","('רשת 13', '2024-11-28', 49)",13,afternoon,11,13,1.0130007170010416,0.9558224898043696,0.961410421611197,1.3,6
5630,רשת 13,Other_middle_long,3.1666666666666665,5,2.5-3.5,1.0,"('רשת 13', '2024-11-28', 52)","('רשת 13', '2024-11-28', 52)",13,afternoon,13,9,1.0686418377556486,1.0657831392235046,1.0736436076126752,1.3,4
5632,רשת 13,Other_first_standard,1.8166666666666667,3,1.5-2.5,1.0,"('רשת 13', '2024-11-28', 54)","('רשת 13', '2024-11-28', 54)",13,afternoon,8,30,0.9775028107755762,0.9610538878118725,1.0286421162812829,1.1666666666666667,2
5633,רשת 13,News_last_short,0.2,1,lt1.5,1.0,"('רשת 13', '2024-11-28', 56)","('רשת 13', '2024-11-28', 56)",14,afternoon,30,28,1.4903846153846156,1.5301351062946846,1.4985432468504836,2.066666666666667,4
5634,רשת 13,News_last_short,0.2,2,lt1.5,2.0,"('רשת 13', '2024-11-28', 56)","('רשת 13', '2024-11-28', 56)",14,afternoon,30,27,1.4903846153846156,1.5301351062946846,1.4985432468504836,2.066666666666667,4
5635,רשת 13,Other_middle_long,4.666666666666667,6,3.5-5,1.0,"('רשת 13', '2024-11-28', 59)","('רשת 13', '2024-11-28', 59)",14,afternoon,27,10,2.394372550890262,2.1929376022669227,2.386587933294631,3.966666666666667,2
5637,רשת 13,Other_last_long,5.316666666666666,6,5-7,3.0,"('רשת 13', '2024-11-28', 59)","('רשת 13', '2024-11-28', 59)",14,afternoon,8,60,2.77346346445402,2.597650255803172,2.781721559591578,4.766666666666667,2
5638,רשת 13,Other_first_long,3.283333333333333,4,2.5-3.5,1.0,"('רשת 13', '2024-11-28', 63)","('רשת 13', '2024-11-28', 63)",15,afternoon,60,2,1.115958849699059,1.1103382162354896,1.1133021390374331,2.033333333333333,7
5641,רשת 13,Other_middle_long,4.933333333333334,6,3.5-5,1.0,"('רשת 13', '2024-11-28', 64)","('רשת 13', '2024-11-28', 64)",16,afternoon,37,1,0.990140980482987,0.9534386596652431,1.0198395917441105,2.2333333333333334,5
5644,רשת 13,Other_first_long,7.116666666666666,8,7-13,1.0,"('רשת 13', '2024-11-28', 66)","('רשת 13', '2024-11-28', 66)",17,early_evening,28,1,1.2,1.2117898096470519,1.1925229794354666,3.6,12
5647,רשת 13,Other_first_standard,1.6666666666666667,2,1.5-2.5,1.0,"('רשת 13', '2024-11-28', 68)","('רשת 13', '2024-11-28', 68)",17,early_evening,31,35,0.9674069291492057,0.9488155065678479,0.958828850387671,3.1999999999999997,8
5648,רשת 13,News_middle_long,6.216666666666667,7,5-7,1.0,"('רשת 13', '2024-11-28', 69)","('רשת 13', '2024-11-28', 69)",18,early_evening,35,1,1.1559254172042586,1.0916741311717675,1.141450204455051,4.666666666666667,14
5651,רשת 13,PrimeShow2_first_long,6.333333333333333,7,5-7,1.0,"('רשת 13', '2024-11-28', 71)","('רשת 13', '2024-11-28', 71)",19,early_evening,21,27,1.19098734784864,1.1825492623125442,1.1570672799544675,5.366666666666667,0
5653,רשת 13,Other_first_standard,2.8666666666666667,4,2.5-3.5,1.0,"('רשת 13', '2024-11-28', 74)","('רשת 13', '2024-11-28', 74)",19,early_evening,17,51,1.1511489612213721,1.0900360970404934,1.1021039519437055,6.833333333333333,6
5654,רשת 13,News_middle_long,8.15,10,7-13,1.0,"('רשת 13', '2024-11-28', 75)","('רשת 13', '2024-11-28', 75)",20,late_evening,51,18,1.3713268649611132,1.3145217841166295,1.368907384801834,7.8,0
5655,רשת 13,News_last_long,7.933333333333334,9,7-13,2.0,"('רשת 13', '2024-11-28', 75)","('רשת 13', '2024-11-28', 75)",21,late_evening,18,12,1.2654502648616834,1.2455239622296759,1.311813193627389,7.166666666666667,12
5656,רשת 13,News_last_short,0.2,1,lt1.5,3.0,"('רשת 13', '2024-11-28', 75)","('רשת 13', '2024-11-28', 75)",21,late_evening,12,1,0.9969181868394431,0.9574442389099914,0.9969181868394431,8.299999999999999,2
5658,רשת 13,Other_first_long,11.55,13,7-13,1.0,"('רשת 13', '2024-11-28', 82)","('רשת 13', '2024-11-28', 82)",22,late_evening,6,36,1.2937783271528636,1.1700491640387083,1.3834719453215703,10.466666666666667,2
5660,רשת 13,Other_first_long,6.483333333333333,8,5-7,1.0,"('רשת 13', '2024-11-28', 85)","('רשת 13', '2024-11-28', 85)",23,late_evening,35,1,0.7189847674598009,0.697618633944196,0.7089354353557006,5.133333333333333,5
5662,רשת 13,Other_first_long,6.75,8,5-7,1.0,"('רשת 13', '2024-11-28', 87)","('רשת 13', '2024-11-28', 87)",23,late_evening,22,26,0.6466029129580532,0.6347950156642179,0.6466029129580532,2.9,6
5664,רשת 13,Other_first_standard,2.9,4,2.5-3.5,1.0,"('רשת 13', '2024-11-29', 0)","('רשת 13', '2024-11-29', 0)",0,overnight,24,1,0.6341724052926153,0.6383672398430404,0.6341724052926153,1.7666666666666666,9
5666,רשת 13,Other_first_long,3.65,5,3.5-5,1.0,"('רשת 13', '2024-11-29', 1)","('רשת 13', '2024-11-29', 1)",0,overnight,17,30,0.8411255164246093,0.8874018379281537,0.8421104378925118,1.6000000000000003,2
5667,רשת 13,Other_first_long,3.816666666666667,4,3.5-5,1.0,"('רשת 13', '2024-11-29', 2)","('רשת 13', '2024-11-29', 2)",1,overnight,30,18,0.8707966278298759,0.8442208012850214,0.8597530923882463,1.3333333333333333,6
5668,רשת 13,Other_middle_standard,2.2333333333333334,3,1.5-2.5,2.0,"('רשת 13', '2024-11-29', 2)","('רשת 13', '2024-11-29', 2)",1,overnight,18,38,0.6559762569239086,0.6621737035121928,0.6540358278600764,0.9,12
5669,רשת 13,Other_first_long,5.016666666666667,6,5-7,1.0,"('רשת 13', '2024-11-29', 6)","('רשת 13', '2024-11-29', 6)",2,overnight,38,44,0.6465483895923052,0.6494455201549023,0.6465483895923052,0.6666666666666666,7
5670,רשת 13,Other_middle_long,4.366666666666666,6,3.5-5,1.0,"('רשת 13', '2024-11-29', 8)","('רשת 13', '2024-11-29', 8)",2,overnight,44,27,0.44333133971291866,0.43433887951693456,0.44333133971291866,0.3,11
5671,רשת 13,Other_first_long,3.05,4,2.5-3.5,1.0,"('רשת 13', '2024-11-29', 10)","('רשת 13', '2024-11-29', 10)",3,overnight,27,15,1.3468497446825618,1.3630755418750802,1.3572603866721513,0.6,13
5672,רשת 13,Other_middle_long,3.3333333333333335,4,2.5-3.5,2.0,"('רשת 13', '2024-11-29', 10)","('רשת 13', '2024-11-29', 10)",3,overnight,15,91,1.556298773690078,1.51852487135506,1.5751001837958356,0.6,1
5673,רשת 13,Other_middle_long,3.3833333333333333,5,2.5-3.5,1.0,"('רשת 13', '2024-11-29', 15)","('רשת 13', '2024-11-29', 15)",5,overnight,91,51,0.9643102264927933,0.9675324675324676,0.9287030941408821,0.3,5
5674,רשת 13,PrimeShow1_first_standard,1.9,3,1.5-2.5,1.0,"('רשת 13', '2024-11-29', 20)","('רשת 13', '2024-11-29', 20)",6,morning,51,64,1.1036071083999877,1.1067854505492967,1.1033179676069904,0.9333333333333332,0
5676,רשת 13,Other_first_long,4.316666666666666,6,3.5-5,1.0,"('רשת 13', '2024-11-29', 22)","('רשת 13', '2024-11-29', 22)",7,morning,63,17,1.3202933985330074,1.4172413793103447,1.3765247038037727,1.8,6
5678,רשת 13,Other_first_long,3.5833333333333335,4,3.5-5,3.0,"('רשת 13', '2024-11-29', 22)","('רשת 13', '2024-11-29', 22)",7,morning,15,1,1.146067415730337,1.4063825275657338,1.1761238318025473,1.7,13
5680,רשת 13,Other_middle_long,6.0,7,5-7,5.0,"('רשת 13', '2024-11-29', 22)","('רשת 13', '2024-11-29', 22)",8,morning,13,19,1.634241245136187,1.5959780535252233,1.6124548470577258,2.7999999999999994,5
5681,רשת 13,Other_middle_long,5.9,7,5-7,6.0,"('רשת 13', '2024-11-29', 22)","('רשת 13', '2024-11-29', 22)",8,morning,19,13,1.5176715176715174,1.3876387288164294,1.5232447324607186,2.433333333333333,0
5682,רשת 13,Other_last_short,0.2,1,lt1.5,7.0,"('רשת 13', '2024-11-29', 22)","('רשת 13', '2024-11-29', 22)",9,morning,13,18,1.4035208912028618,1.3790715213471556,1.400991202495111,2.4666666666666663,4
5683,רשת 13,Other_last_short,0.2,1,lt1.5,8.0,"('רשת 13', '2024-11-29', 22)","('רשת 13', '2024-11-29', 22)",9,morning,13,18,1.4035208912028618,1.3790715213471556,1.400991202495111,2.4666666666666663,4
5684,רשת 13,Other_last_long,3.8666666666666667,5,3.5-5,9.0,"('רשת 13', '2024-11-29', 22)","('רשת 13', '2024-11-29', 22)",9,morning,18,16,1.9730941704035871,2.4370783730158725,2.0045342913318946,2.9333333333333336,7
5686,רשת 13,Other_last_long,5.9,7,5-7,11.0,"('רשת 13', '2024-11-29', 22)","('רשת 13', '2024-11-29', 22)",9,morning,14,17,0.9052631578947369,0.9337976482998659,0.895328480478024,1.4333333333333333,12
5687,רשת 13,Other_first_short,0.2,1,lt1.5,1.0,"('רשת 13', '2024-11-29', 33)","('רשת 13', '2024-11-29', 33)",10,morning,17,32,0.7909578897894902,0.7877841838364082,0.7947404467980279,1.3,5
5688,רשת 13,Other_first_short,0.2,2,lt1.5,2.0,"('רשת 13', '2024-11-29', 33)","('רשת 13', '2024-11-29', 33)",10,morning,17,31,0.7909578897894902,0.7877841838364082,0.7947404467980279,1.3,5
5689,רשת 13,Other_first_long,5.2,7,5-7,3.0,"('רשת 13', '2024-11-29', 33)","('רשת 13', '2024-11-29', 33)",10,morning,31,12,1.515151515151515,1.4962509910522144,1.5007474036131379,2.3333333333333335,7
5690,רשת 13,Other_middle_long,4.633333333333334,5,3.5-5,4.0,"('רשת 13', '2024-11-29', 33)","('רשת 13', '2024-11-29', 33)",10,morning,12,8,1.7005885703436494,1.7162599100361928,1.7038703273348828,2.6,10
5691,רשת 13,Other_middle_short,0.2,1,lt1.5,5.0,"('רשת 13', '2024-11-29', 33)","('רשת 13', '2024-11-29', 33)",11,morning,8,19,1.936842105263158,1.7549858562656289,1.8698412819964325,3.0666666666666664,7
5692,רשת 13,Other_middle_short,0.2,2,lt1.5,6.0,"('רשת 13', '2024-11-29', 33)","('רשת 13', '2024-11-29', 33)",11,morning,8,18,1.936842105263158,1.7549858562656289,1.8698412819964325,3.0666666666666664,7
5693,רשת 13,Other_last_long,3.8333333333333335,5,3.5-5,7.0,"('רשת 13', '2024-11-29', 33)","('רשת 13', '2024-11-29', 33)",11,morning,18,35,1.6810344827586208,1.6648215026311395,1.6748628121489093,2.6,11
5695,רשת 13,News_last_short,0.2,1,lt1.5,1.0,"('רשת 13', '2024-11-29', 41)","('רשת 13', '2024-11-29', 41)",12,afternoon,33,1,1.7660044150110377,1.6592846456675119,1.7070500617276034,2.6666666666666665,5
5697,רשת 13,Other_middle_long,3.966666666666667,5,3.5-5,1.0,"('רשת 13', '2024-11-29', 46)","('רשת 13', '2024-11-29', 46)",13,afternoon,88,14,1.5598885793871868,1.5301749601578727,1.5865615867637126,1.8666666666666665,4
5699,רשת 13,Other_first_long,4.466666666666667,5,3.5-5,1.0,"('רשת 13', '2024-11-29', 48)","('רשת 13', '2024-11-29', 48)",13,afternoon,12,1,0.875912408759124,0.851423958422898,0.8688735116516989,1.2,7
5709,רשת 13,News_last_short,0.2,1,lt1.5,1.0,"('רשת 13', '2024-11-29', 56)","('רשת 13', '2024-11-29', 56)",17,early_evening,31,1,0.7229631973782681,0.7229631973782681,0.7229631973782681,2.1,5
5713,רשת 13,Other_first_short,0.9333333333333333,2,lt1.5,1.0,"('רשת 13', '2024-11-29', 61)","('רשת 13', '2024-11-29', 61)",18,early_evening,44,1,0.8025607120205546,0.7845605686496219,0.8056085026429235,3.233333333333333,10
5717,רשת 13,Other_last_short,0.9333333333333333,2,lt1.5,5.0,"('רשת 13', '2024-11-29', 61)","('רשת 13', '2024-11-29', 61)",19,early_evening,38,1,0.44508670520231214,0.39373508814036223,0.44520576509256277,2.5666666666666664,0
5720,רשת 13,Other_last_long,5.866666666666666,7,5-7,1.0,"('רשת 13', '2024-11-29', 67)","('רשת 13', '2024-11-29', 67)",21,late_evening,75,10,0.5826957033549147,0.5827196849274392,0.5902977686618779,3.3000000000000003,9
5722,רשת 13,Other_first_standard,2.75,3,2.5-3.5,1.0,"('רשת 13', '2024-11-29', 73)","('רשת 13', '2024-11-29', 73)",21,late_evening,25,1,0.41438979640676926,0.4087267179711205,0.41420390581996225,4.466666666666667,7
5724,רשת 13,Other_middle_long,5.916666666666667,7,5-7,1.0,"('רשת 13', '2024-11-29', 74)","('רשת 13', '2024-11-29', 74)",22,late_evening,21,43,0.3831891223733004,0.34652274508932823,0.4096770024326552,3.1,2
5725,רשת 13,Other_middle_long,5.483333333333333,7,5-7,1.0,"('רשת 13', '2024-11-29', 77)","('רשת 13', '2024-11-29', 77)",23,late_evening,43,12,0.5074688898710181,0.48131057778437475,0.5042965185019287,3.6,6
5726,רשת 13,Other_first_long,4.783333333333333,6,3.5-5,1.0,"('רשת 13', '2024-11-29', 79)","('רשת 13', '2024-11-29', 79)",23,late_evening,12,33,0.6683971447112264,0.650130464794855,0.6515228895797417,3.4333333333333336,9
5727,רשת 13,Other_first_short,0.2,1,lt1.5,1.0,"('רשת 13', '2024-11-30', 0)","('רשת 13', '2024-11-30', 0)",0,overnight,33,1,0.7971733520988241,0.8253594860174199,0.7981177228628703,2.4,2
5729,רשת 13,Other_last_long,7.0,8,5-7,1.0,"('רשת 13', '2024-11-30', 2)","('רשת 13', '2024-11-30', 2)",0,overnight,36,40,1.084212759625187,1.0711166729357753,1.0787625289029712,2.033333333333333,9
5730,רשת 13,Other_middle_long,3.15,5,2.5-3.5,1.0,"('רשת 13', '2024-11-30', 4)","('רשת 13', '2024-11-30', 4)",1,overnight,40,56,0.5774605971838876,0.5856333034817275,0.5747651037120359,0.8000000000000002,11
5731,רשת 13,Other_middle_long,3.533333333333333,5,3.5-5,1.0,"('רשת 13', '2024-11-30', 7)","('רשת 13', '2024-11-30', 7)",2,overnight,56,21,1.7713097713097712,1.8083709434773265,1.7976370035193565,1.5333333333333332,11
5732,רשת 13,Other_last_long,3.1333333333333333,4,2.5-3.5,2.0,"('רשת 13', '2024-11-30', 7)","('רשת 13', '2024-11-30', 7)",2,overnight,21,151,1.0548499258784787,1.0374635925567544,1.0516945247371288,0.7666666666666666,6
5733,רשת 13,Other_middle_standard,2.8666666666666667,4,2.5-3.5,1.0,"('רשת 13', '2024-11-30', 16)","('רשת 13', '2024-11-30', 16)",5,overnight,151,44,0.9375,0.9432460195172059,0.9441489361702127,0.3,10
5734,רשת 13,Other_middle_standard,2.4166666666666665,3,1.5-2.5,1.0,"('רשת 13', '2024-11-30', 18)","('רשת 13', '2024-11-30', 18)",6,morning,44,1,0.3629863368819192,0.3636253876264552,0.36405900280965753,0.3,12
5735,רשת 13,Other_middle_standard,2.2666666666666666,3,1.5-2.5,1.0,"('רשת 13', '2024-11-30', 20)","('רשת 13', '2024-11-30', 20)",6,morning,27,22,0.38901082053667163,0.38901082053667163,0.38901082053667163,0.5,12
5736,רשת 13,Other_last_standard,2.4166666666666665,4,1.5-2.5,2.0,"('רשת 13', '2024-11-30', 20)","('רשת 13', '2024-11-30', 20)",7,morning,22,17,0.06135175425703907,0.06090625213934861,0.06090625213934861,0.10000000000000002,6
5737,רשת 13,Other_middle_standard,2.2666666666666666,3,1.5-2.5,1.0,"('רשת 13', '2024-11-30', 23)","('רשת 13', '2024-11-30', 23)",7,morning,17,31,0.21296002286222337,0.2253970169668809,0.21386781535296387,0.3,11
5738,רשת 13,Other_middle_standard,2.216666666666667,3,1.5-2.5,1.0,"('רשת 13', '2024-11-30', 25)","('רשת 13', '2024-11-30', 25)",7,morning,31,36,0.15278206044197093,0.15227314269711825,0.15227314269711825,0.26666666666666666,14
5739,רשת 13,Other_middle_long,3.9166666666666665,4,3.5-5,1.0,"('רשת 13', '2024-11-30', 27)","('רשת 13', '2024-11-30', 27)",8,morning,36,1,0.4657371145722983,0.4449814470691298,0.46018841782459613,0.8000000000000002,7
5741,רשת 13,Other_middle_long,4.783333333333333,6,3.5-5,1.0,"('רשת 13', '2024-11-30', 29)","('רשת 13', '2024-11-30', 29)",9,morning,23,27,0.5239357957290146,0.5093487164154916,0.5239357957290146,0.9,6
5742,רשת 13,Other_first_standard,2.2333333333333334,4,1.5-2.5,1.0,"('רשת 13', '2024-11-30', 31)","('רשת 13', '2024-11-30', 31)",9,morning,27,44,0.5462184873949579,0.5739125442101879,0.5551490187236691,0.8666666666666667,8
5744,רשת 13,Other_middle_long,4.033333333333333,5,3.5-5,1.0,"('רשת 13', '2024-11-30', 33)","('רשת 13', '2024-11-30', 33)",10,morning,44,74,0.694522868435912,0.6904014832243748,0.6973268142459311,1.0666666666666667,10
5746,רשת 13,Other_first_long,4.533333333333333,5,3.5-5,1.0,"('רשת 13', '2024-11-30', 35)","('רשת 13', '2024-11-30', 35)",11,morning,70,1,0.3090507726269316,0.30027305672168664,0.3124936711424347,0.4666666666666666,13
5748,רשת 13,Other_last_long,4.883333333333334,6,3.5-5,3.0,"('רשת 13', '2024-11-30', 35)","('רשת 13', '2024-11-30', 35)",12,afternoon,36,1,0.47444799333425913,0.4689297961983147,0.4783505877026235,0.6,12
5750,רשת 13,Other_first_long,3.95,5,3.5-5,1.0,"('רשת 13', '2024-11-30', 38)","('רשת 13', '2024-11-30', 38)",13,afternoon,26,21,0.42105263157894735,0.4181723480801239,0.4174482180200683,0.5333333333333333,2
5751,רשת 13,Other_middle_long,3.35,5,2.5-3.5,1.0,"('רשת 13', '2024-11-30', 39)","('רשת 13', '2024-11-30', 39)",13,afternoon,21,11,0.2521008403361344,0.2402899610136452,0.2477143342887199,0.3,12
5753,רשת 13,Other_first_long,5.066666666666666,6,5-7,1.0,"('רשת 13', '2024-11-30', 41)","('רשת 13', '2024-11-30', 41)",13,afternoon,5,33,0.40973514183209375,0.392523056544355,0.41262670495957493,0.5333333333333333,12
5760,רשת 13,News_last_short,0.2,2,lt1.5,1.0,"('רשת 13', '2024-11-30', 48)","('רשת 13', '2024-11-30', 48)",17,early_evening,26,17,0.7888888888888889,0.7720489519314189,0.7852128355403082,2.3666666666666667,8
5763,רשת 13,Other_last_long,5.233333333333333,6,5-7,2.0,"('רשת 13', '2024-11-30', 51)","('רשת 13', '2024-11-30', 51)",17,early_evening,8,51,1.032318730988971,1.0113706387237988,1.018812080718875,3.366666666666667,0
5767,רשת 13,Other_first_standard,2.033333333333333,3,1.5-2.5,1.0,"('רשת 13', '2024-11-30', 60)","('רשת 13', '2024-11-30', 60)",19,early_evening,25,52,0.5727780386801236,0.5422418430170747,0.5483575850996886,3.4,6
5768,רשת 13,News_middle_long,6.033333333333333,7,5-7,1.0,"('רשת 13', '2024-11-30', 61)","('רשת 13', '2024-11-30', 61)",20,late_evening,52,16,0.9205897932584675,0.8825550339221301,0.9190259829116162,5.233333333333333,0
5769,רשת 13,News_last_long,7.016666666666667,8,7-13,2.0,"('רשת 13', '2024-11-30', 61)","('רשת 13', '2024-11-30', 61)",21,late_evening,16,15,1.0441072949728538,1.0161424900820288,1.0401536432493963,6.033333333333334,7
5770,רשת 13,Other_middle_long,10.35,11,7-13,1.0,"('רשת 13', '2024-11-30', 66)","('רשת 13', '2024-11-30', 66)",22,late_evening,6,15,1.4961077996163077,1.4422117565149144,1.4890829225329494,15.633333333333333,9
5771,רשת 13,Other_first_long,8.216666666666667,9,7-13,1.0,"('רשת 13', '2024-11-30', 72)","('רשת 13', '2024-11-30', 72)",22,late_evening,8,16,1.6495922787607114,1.5532769311113912,1.6495922787607114,14.1,12
5772,רשת 13,Other_middle_long,6.833333333333333,8,5-7,1.0,"('רשת 13', '2024-11-30', 74)","('רשת 13', '2024-11-30', 74)",23,late_evening,16,1,0.8599333128403998,0.8153716433864494,0.8546041995858031,6.1000000000000005,6
5774,רשת 13,Other_first_long,6.5,7,5-7,1.0,"('רשת 13', '2024-11-30', 76)","('רשת 13', '2024-11-30', 76)",23,late_evening,19,999971116501,0.7776282178747876,0.7776282178747876,0.7776282178747876,3.6666666666666665,3
