channel,channel_name,program_type,break_position,break_length,daypart,date,hour,len_min,break_seconds,num_spots,shed,log_effect,observed_ratio,expected_ratio,ordinal,first_break,prog_key,cluster,start_min
כאן 11,Other_last_standard,Other,last,standard,overnight,2024-11-01,2,1.8,108.0,3,-0.09879230279336282,0.09879230279336282,1.08,0.9784053156146179,1.0,1,"('כאן 11', '2024-11-01', 7)","('כאן 11', '2024-11-01', 7)",2024-11-01 02:33:00
כאן 11,Other_middle_short,Other,middle,short,overnight,2024-11-01,3,1.3833333333333333,83.0,3,0.21518289337390906,-0.21518289337390906,0.7297297297297297,0.9049295774647886,1.0,1,"('כאן 11', '2024-11-01', 9)","('כאן 11', '2024-11-01', 9)",2024-11-01 03:05:00
כאן 11,Other_last_standard,Other,last,standard,overnight,2024-11-01,3,2.316666666666667,139.0,3,0.0689928714869516,-0.0689928714869516,0.8000000000000002,0.8571428571428574,1.0,1,"('כאן 11', '2024-11-01', 11)","('כאן 11', '2024-11-01', 11)",2024-11-01 03:39:00
כאן 11,Other_first_short,Other,first,short,overnight,2024-11-01,3,1.3833333333333333,83.0,2,-0.2982340026692794,0.2982340026692794,1.2499999999999998,0.9276595744680852,1.0,1,"('כאן 11', '2024-11-01', 13)","('כאן 11', '2024-11-01', 13)",2024-11-01 03:48:00
כאן 11,PrimeShow2_middle_standard,PrimeShow2,middle,standard,afternoon,2024-11-01,12,2.0166666666666666,121.0,4,0.06028757198676005,-0.06028757198676005,0.9210526315789475,0.9782886334610471,1.0,1,"('כאן 11', '2024-11-01', 30)","('כאן 11', '2024-11-01', 30)",2024-11-01 12:24:00
כאן 11,PrimeShow2_last_standard,PrimeShow2,last,standard,afternoon,2024-11-01,12,2.4833333333333334,149.0,4,-0.1453348083494073,0.1453348083494073,1.1428571428571428,0.9882659713168186,2.0,0,"('כאן 11', '2024-11-01', 30)","('כאן 11', '2024-11-01', 30)",2024-11-01 12:38:00
כאן 11,Other_last_standard,Other,last,standard,afternoon,2024-11-01,13,2.0166666666666666,121.0,4,-0.013793322132335873,0.013793322132335873,1.0,0.9863013698630136,1.0,1,"('כאן 11', '2024-11-01', 35)","('כאן 11', '2024-11-01', 35)",2024-11-01 13:27:00
כאן 11,PrimeShow2_middle_short,PrimeShow2,middle,short,afternoon,2024-11-01,14,0.65,39.0,2,0.21019591105738442,-0.21019591105738442,0.8909090909090911,1.0993103448275863,1.0,1,"('כאן 11', '2024-11-01', 43)","('כאן 11', '2024-11-01', 43)",2024-11-01 14:15:00
כאן 11,Other_last_short,Other,last,short,afternoon,2024-11-01,14,1.3333333333333333,80.0,3,-0.19942685377496913,0.19942685377496913,1.181818181818182,0.9681456200227533,1.0,1,"('כאן 11', '2024-11-01', 45)","('כאן 11', '2024-11-01', 45)",2024-11-01 14:45:00
כאן 11,Other_first_standard,Other,first,standard,afternoon,2024-11-01,15,1.85,111.0,3,-0.08214939488780383,0.08214939488780383,1.0975609756097562,1.011001100110011,1.0,1,"('כאן 11', '2024-11-01', 47)","('כאן 11', '2024-11-01', 47)",2024-11-01 15:07:00
כאן 11,Other_last_standard,Other,last,standard,afternoon,2024-11-01,15,1.6833333333333333,101.0,3,-0.01494325879557557,0.01494325879557557,1.0,0.9851678376268542,2.0,0,"('כאן 11', '2024-11-01', 47)","('כאן 11', '2024-11-01', 47)",2024-11-01 15:42:00
כאן 11,Other_middle_standard,Other,middle,standard,afternoon,2024-11-01,16,2.5,150.0,4,-0.21270688256708775,0.21270688256708775,1.144927536231884,0.9255514705882353,1.0,1,"('כאן 11', '2024-11-01', 51)","('כאן 11', '2024-11-01', 51)",2024-11-01 16:11:00
כאן 11,Other_last_short,Other,last,short,afternoon,2024-11-01,16,1.15,69.0,3,0.15657112665570966,-0.15657112665570966,0.8714285714285714,1.0191304347826085,1.0,1,"('כאן 11', '2024-11-01', 53)","('כאן 11', '2024-11-01', 53)",2024-11-01 16:53:00
כאן 11,Other_first_standard,Other,first,standard,early_evening,2024-11-01,17,2.6333333333333333,158.0,5,-0.053947596890684596,0.053947596890684596,1.1818181818181817,1.1197511664074649,1.0,1,"('כאן 11', '2024-11-01', 55)","('כאן 11', '2024-11-01', 55)",2024-11-01 17:19:00
כאן 11,Other_last_standard,Other,last,standard,early_evening,2024-11-01,17,2.283333333333333,137.0,6,-0.05909754219053753,0.05909754219053753,1.0793650793650793,1.017425519955031,2.0,0,"('כאן 11', '2024-11-01', 55)","('כאן 11', '2024-11-01', 55)",2024-11-01 17:43:00
כאן 11,Other_middle_standard,Other,middle,standard,early_evening,2024-11-01,18,2.25,135.0,6,0.22132533658488837,-0.22132533658488837,0.8870967741935485,1.1068566340160284,1.0,1,"('כאן 11', '2024-11-01', 58)","('כאן 11', '2024-11-01', 58)",2024-11-01 18:40:00
כאן 11,Other_middle_standard,Other,middle,standard,early_evening,2024-11-01,18,2.1666666666666665,130.0,3,-0.19849359159907276,0.19849359159907276,1.278688524590164,1.0484798685291699,2.0,0,"('כאן 11', '2024-11-01', 58)","('כאן 11', '2024-11-01', 58)",2024-11-01 18:52:00
כאן 11,Other_last_standard,Other,last,standard,early_evening,2024-11-01,19,1.7833333333333334,107.0,4,0.30203195168793173,-0.30203195168793173,0.7123287671232876,0.9634990560100694,3.0,0,"('כאן 11', '2024-11-01', 58)","('כאן 11', '2024-11-01', 58)",2024-11-01 19:15:00
כאן 11,News_last_short,News,last,short,late_evening,2024-11-01,21,0.4166666666666667,25.0,2,-0.11298580856783041,0.11298580856783041,1.0799999999999998,0.9646164021164021,1.0,1,"('כאן 11', '2024-11-01', 62)","('כאן 11', '2024-11-01', 62)",2024-11-01 21:59:00
כאן 11,News_last_short,News,last,short,late_evening,2024-11-01,22,0.8,48.0,2,-0.028402759754925306,0.028402759754925306,1.0592592592592593,1.0295966175294253,2.0,0,"('כאן 11', '2024-11-01', 62)","('כאן 11', '2024-11-01', 62)",2024-11-01 22:02:00
כאן 11,PrimeShow2_middle_standard,PrimeShow2,middle,standard,late_evening,2024-11-01,22,2.933333333333333,176.0,6,-0.011759046193250883,0.011759046193250883,0.9393939393939394,0.9284122562674095,1.0,1,"('כאן 11', '2024-11-01', 64)","('כאן 11', '2024-11-01', 64)",2024-11-01 22:32:00
כאן 11,PrimeShow2_last_standard,PrimeShow2,last,standard,late_evening,2024-11-01,22,2.6666666666666665,160.0,6,-0.15984870094189618,0.15984870094189618,1.0814814814814815,0.9217171717171716,2.0,0,"('כאן 11', '2024-11-01', 64)","('כאן 11', '2024-11-01', 64)",2024-11-01 22:53:00
כאן 11,Other_middle_standard,Other,middle,standard,late_evening,2024-11-01,23,2.3333333333333335,140.0,5,-0.03639209535213911,0.03639209535213911,0.8376623376623377,0.8077260755048288,1.0,1,"('כאן 11', '2024-11-01', 67)","('כאן 11', '2024-11-01', 67)",2024-11-01 23:18:00
כאן 11,PrimeShow1_middle_standard,PrimeShow1,middle,standard,late_evening,2024-11-01,23,2.533333333333333,152.0,4,0.054411172432601955,-0.054411172432601955,0.957983193277311,1.011552346570397,1.0,1,"('כאן 11', '2024-11-01', 70)","('כאן 11', '2024-11-01', 70)",2024-11-01 23:45:00
כאן 11,Other_middle_standard,Other,middle,standard,overnight,2024-11-02,0,2.466666666666667,148.0,4,-0.1313893823691039,0.1313893823691039,1.0606060606060606,0.9300202839756593,1.0,1,"('כאן 11', '2024-11-02', 0)","('כאן 11', '2024-11-02', 0)",2024-11-02 00:29:00
כאן 11,Other_middle_short,Other,middle,short,overnight,2024-11-02,1,1.0166666666666666,61.0,2,-0.03614851411631109,0.03614851411631109,1.0,0.9644970414201184,1.0,1,"('כאן 11', '2024-11-02', 2)","('כאן 11', '2024-11-02', 2)",2024-11-02 01:12:00
כאן 11,Other_last_standard,Other,last,standard,overnight,2024-11-02,1,2.1166666666666667,127.0,2,0.30017108402255555,-0.30017108402255555,0.7021276595744681,0.9479353680430878,2.0,0,"('כאן 11', '2024-11-02', 2)","('כאן 11', '2024-11-02', 2)",2024-11-02 01:31:00
כאן 11,Other_first_short,Other,first,short,overnight,2024-11-02,2,1.1666666666666667,70.0,2,0.29425930273977685,-0.29425930273977685,1.0434782608695654,1.4004854368932036,1.0,1,"('כאן 11', '2024-11-02', 7)","('כאן 11', '2024-11-02', 7)",2024-11-02 02:02:00
כאן 11,Other_first_short,Other,first,short,overnight,2024-11-02,3,0.9,54.0,2,-0.10643984657750209,0.10643984657750209,1.0,0.8990291262135922,1.0,1,"('כאן 11', '2024-11-02', 13)","('כאן 11', '2024-11-02', 13)",2024-11-02 03:16:00
כאן 11,Other_last_short,Other,last,short,overnight,2024-11-02,3,0.9666666666666667,58.0,2,-0.032129090815061004,0.032129090815061004,0.9230769230769232,0.8938906752411574,2.0,0,"('כאן 11', '2024-11-02', 13)","('כאן 11', '2024-11-02', 13)",2024-11-02 03:35:00
כאן 11,Other_middle_short,Other,middle,short,overnight,2024-11-02,4,0.9666666666666667,58.0,2,-0.027524673390089804,0.027524673390089804,1.0,0.9728506787330319,1.0,1,"('כאן 11', '2024-11-02', 16)","('כאן 11', '2024-11-02', 16)",2024-11-02 04:04:00
כאן 11,Other_middle_short,Other,middle,short,overnight,2024-11-02,5,1.0166666666666666,61.0,2,0.4567584024957149,-0.4567584024957149,0.6,0.9473684210526315,1.0,1,"('כאן 11', '2024-11-02', 19)","('כאן 11', '2024-11-02', 19)",2024-11-02 05:10:00
כאן 11,Other_last_short,Other,last,short,overnight,2024-11-02,5,1.1666666666666667,70.0,2,1.0163741904311372,-1.0163741904311372,0.3333333333333334,0.9210526315789473,2.0,0,"('כאן 11', '2024-11-02', 19)","('כאן 11', '2024-11-02', 19)",2024-11-02 05:25:00
כאן 11,Other_last_short,Other,last,short,overnight,2024-11-02,5,1.0166666666666666,61.0,2,0.1409363406311005,-0.1409363406311005,1.0,1.1513513513513516,1.0,1,"('כאן 11', '2024-11-02', 22)","('כאן 11', '2024-11-02', 22)",2024-11-02 05:52:00
כאן 11,PrimeShow1_middle_standard,PrimeShow1,middle,standard,morning,2024-11-02,7,1.7166666666666666,103.0,3,0.016755913728439077,-0.016755913728439077,1.0,1.0168970814132106,1.0,1,"('כאן 11', '2024-11-02', 28)","('כאן 11', '2024-11-02', 28)",2024-11-02 07:45:00
כאן 11,Other_first_short,Other,first,short,morning,2024-11-02,7,1.1666666666666667,70.0,2,0.12890806263965016,-0.12890806263965016,0.8571428571428573,0.9750733137829912,1.0,1,"('כאן 11', '2024-11-02', 30)","('כאן 11', '2024-11-02', 30)",2024-11-02 07:58:00
כאן 11,Other_first_short,Other,first,short,morning,2024-11-02,8,1.0333333333333334,62.0,2,-0.28351663947271755,0.28351663947271755,1.4444444444444442,1.0878552971576227,1.0,1,"('כאן 11', '2024-11-02', 38)","('כאן 11', '2024-11-02', 38)",2024-11-02 08:58:00
כאן 11,PrimeShow2_middle_standard,PrimeShow2,middle,standard,morning,2024-11-02,9,2.2,132.0,3,0.008507850134217114,-0.008507850134217114,0.9591836734693876,0.9673790776152982,1.0,1,"('כאן 11', '2024-11-02', 41)","('כאן 11', '2024-11-02', 41)",2024-11-02 09:36:00
כאן 11,Other_first_short,Other,first,short,morning,2024-11-02,9,0.8833333333333333,53.0,2,0.13324099041542528,-0.13324099041542528,0.9545454545454544,1.0905923344947737,1.0,1,"('כאן 11', '2024-11-02', 43)","('כאן 11', '2024-11-02', 43)",2024-11-02 09:52:00
כאן 11,Other_first_standard,Other,first,standard,morning,2024-11-02,9,1.5666666666666667,94.0,3,-0.052930293995811964,0.052930293995811964,1.0476190476190477,0.9936102236421726,1.0,1,"('כאן 11', '2024-11-02', 45)","('כאן 11', '2024-11-02', 45)",2024-11-02 09:56:00
כאן 11,PrimeShow1_middle_standard,PrimeShow1,middle,standard,afternoon,2024-11-02,12,2.2,132.0,4,0.03850656960536242,-0.03850656960536242,0.9824561403508772,1.0210249671484888,1.0,1,"('כאן 11', '2024-11-02', 48)","('כאן 11', '2024-11-02', 48)",2024-11-02 12:29:00
כאן 11,PrimeShow1_last_standard,PrimeShow1,last,standard,afternoon,2024-11-02,12,2.3,138.0,3,-0.02994116669877054,0.02994116669877054,0.987179487179487,0.9580602883355176,2.0,0,"('כאן 11', '2024-11-02', 48)","('כאן 11', '2024-11-02', 48)",2024-11-02 12:49:00
כאן 11,Other_last_standard,Other,last,standard,afternoon,2024-11-02,13,1.7166666666666666,103.0,3,-0.11684426878564828,0.11684426878564828,1.0701754385964914,0.9521604938271604,1.0,1,"('כאן 11', '2024-11-02', 53)","('כאן 11', '2024-11-02', 53)",2024-11-02 13:33:00
כאן 11,Other_middle_standard,Other,middle,standard,afternoon,2024-11-02,14,2.1666666666666665,130.0,3,0.06899287148695146,-0.06899287148695146,0.8888888888888888,0.9523809523809523,1.0,1,"('כאן 11', '2024-11-02', 57)","('כאן 11', '2024-11-02', 57)",2024-11-02 14:05:00
כאן 11,Other_middle_standard,Other,middle,standard,afternoon,2024-11-02,14,1.8833333333333333,113.0,4,0.03690681314114463,-0.03690681314114463,0.9354838709677419,0.9706546275395033,1.0,1,"('כאן 11', '2024-11-02', 59)","('כאן 11', '2024-11-02', 59)",2024-11-02 14:46:00
כאן 11,Other_last_standard,Other,last,standard,afternoon,2024-11-02,15,2.316666666666667,139.0,3,-0.010669598187586171,0.010669598187586171,1.086206896551724,1.0746791131855309,2.0,0,"('כאן 11', '2024-11-02', 59)","('כאן 11', '2024-11-02', 59)",2024-11-02 15:03:00
כאן 11,Other_last_standard,Other,last,standard,afternoon,2024-11-02,15,1.9,114.0,4,-0.04765142828576678,0.04765142828576678,1.016393442622951,0.9690966719492867,1.0,1,"('כאן 11', '2024-11-02', 64)","('כאן 11', '2024-11-02', 64)",2024-11-02 15:48:00
כאן 11,News_first_short,News,first,short,afternoon,2024-11-02,16,1.3833333333333333,83.0,2,-0.10410531125715203,0.10410531125715203,1.0999999999999999,0.9912434325744308,1.0,1,"('כאן 11', '2024-11-02', 66)","('כאן 11', '2024-11-02', 66)",2024-11-02 16:03:00
כאן 11,News_middle_standard,News,middle,standard,afternoon,2024-11-02,16,2.45,147.0,5,-0.13859670175672242,0.13859670175672242,1.2089552238805972,1.052491103202847,2.0,0,"('כאן 11', '2024-11-02', 66)","('כאן 11', '2024-11-02', 66)",2024-11-02 16:52:00
כאן 11,News_last_standard,News,last,standard,early_evening,2024-11-02,17,2.066666666666667,124.0,5,-0.33314391084089323,0.33314391084089323,1.4745762711864405,1.0567802271209086,3.0,0,"('כאן 11', '2024-11-02', 66)","('כאן 11', '2024-11-02', 66)",2024-11-02 17:28:00
כאן 11,News_first_standard,News,first,standard,early_evening,2024-11-02,18,2.433333333333333,146.0,5,0.17462070672084543,-0.17462070672084543,0.8656716417910448,1.0308370044052864,1.0,1,"('כאן 11', '2024-11-02', 70)","('כאן 11', '2024-11-02', 70)",2024-11-02 18:18:00
כאן 11,PrimeShow2_middle_standard,PrimeShow2,middle,standard,late_evening,2024-11-02,21,2.9833333333333334,179.0,8,0.07829565655528176,-0.07829565655528176,0.8892857142857141,0.961711229946524,1.0,1,"('כאן 11', '2024-11-02', 75)","('כאן 11', '2024-11-02', 75)",2024-11-02 21:58:00
כאן 11,PrimeShow2_last_standard,PrimeShow2,last,standard,late_evening,2024-11-02,22,2.8833333333333333,173.0,6,0.023176960550294327,-0.023176960550294327,0.929889298892989,0.9516930022573362,2.0,0,"('כאן 11', '2024-11-02', 75)","('כאן 11', '2024-11-02', 75)",2024-11-02 22:16:00
כאן 11,Other_middle_long,Other,middle,long,late_evening,2024-11-02,22,3.0166666666666666,181.0,6,0.22473973619511795,-0.22473973619511795,0.7567567567567565,0.9474570562478949,1.0,1,"('כאן 11', '2024-11-02', 78)","('כאן 11', '2024-11-02', 78)",2024-11-02 22:50:00
כאן 11,Other_middle_standard,Other,middle,standard,late_evening,2024-11-02,23,2.3333333333333335,140.0,6,-0.03275278647180804,0.03275278647180804,0.9230769230769229,0.8933333333333331,2.0,0,"('כאן 11', '2024-11-02', 78)","('כאן 11', '2024-11-02', 78)",2024-11-02 23:12:00
כאן 11,Other_first_short,Other,first,short,late_evening,2024-11-02,23,0.6,36.0,2,0.316032139891537,-0.316032139891537,0.638888888888889,0.8763474952441344,1.0,1,"('כאן 11', '2024-11-02', 81)","('כאן 11', '2024-11-02', 81)",2024-11-02 23:39:00
כאן 11,Other_first_standard,Other,first,standard,overnight,2024-11-03,0,2.466666666666667,148.0,4,-0.46127070443594387,0.46127070443594387,1.5312500000000002,0.9654255319148937,1.0,1,"('כאן 11', '2024-11-03', 0)","('כאן 11', '2024-11-03', 0)",2024-11-03 00:10:00
כאן 11,PrimeShow2_middle_standard,PrimeShow2,middle,standard,overnight,2024-11-03,1,1.7333333333333334,104.0,3,-0.0358592051781261,0.0358592051781261,0.9375,0.9044776119402985,1.0,1,"('כאן 11', '2024-11-03', 3)","('כאן 11', '2024-11-03', 3)",2024-11-03 01:15:00
כאן 11,PrimeShow2_last_short,PrimeShow2,last,short,overnight,2024-11-03,1,1.1666666666666667,70.0,2,-0.05705647184485546,0.05705647184485546,1.0,0.9445407279029463,2.0,0,"('כאן 11', '2024-11-03', 3)","('כאן 11', '2024-11-03', 3)",2024-11-03 01:29:00
כאן 11,Other_first_short,Other,first,short,overnight,2024-11-03,2,1.4666666666666666,88.0,3,0.6430703037632959,-0.6430703037632959,0.8461538461538461,1.6096491228070178,1.0,1,"('כאן 11', '2024-11-03', 7)","('כאן 11', '2024-11-03', 7)",2024-11-03 02:00:00
כאן 11,Other_middle_standard,Other,middle,standard,overnight,2024-11-03,2,2.75,165.0,3,-0.05989814158106908,0.05989814158106908,1.0,0.941860465116279,1.0,1,"('כאן 11', '2024-11-03', 9)","('כאן 11', '2024-11-03', 9)",2024-11-03 02:33:00
כאן 11,Other_middle_standard,Other,middle,standard,overnight,2024-11-03,3,1.65,99.0,3,-0.21180036223532844,0.21180036223532844,1.1111111111111112,0.8990291262135922,1.0,1,"('כאן 11', '2024-11-03', 11)","('כאן 11', '2024-11-03', 11)",2024-11-03 03:16:00
כאן 11,Other_last_standard,Other,last,standard,overnight,2024-11-03,3,2.25,135.0,3,-0.3601598555652366,0.3601598555652366,1.2666666666666666,0.8835820895522386,2.0,0,"('כאן 11', '2024-11-03', 11)","('כאן 11', '2024-11-03', 11)",2024-11-03 03:32:00
כאן 11,Other_middle_standard,Other,middle,standard,overnight,2024-11-03,4,2.933333333333333,176.0,4,0.298964043896885,-0.298964043896885,0.8181818181818181,1.1032863849765258,1.0,1,"('כאן 11', '2024-11-03', 14)","('כאן 11', '2024-11-03', 14)",2024-11-03 04:05:00
כאן 11,Other_middle_short,Other,middle,short,overnight,2024-11-03,4,1.3,78.0,2,-0.20080916126131987,0.20080916126131987,1.1538461538461537,0.9439252336448599,2.0,0,"('כאן 11', '2024-11-03', 14)","('כאן 11', '2024-11-03', 14)",2024-11-03 04:27:00
כאן 11,Other_middle_short,Other,middle,short,overnight,2024-11-03,5,1.1833333333333333,71.0,2,0.29794476439690787,-0.29794476439690787,0.6666666666666669,0.8980582524271845,1.0,1,"('כאן 11', '2024-11-03', 19)","('כאן 11', '2024-11-03', 19)",2024-11-03 05:22:00
כאן 11,Other_last_short,Other,last,short,overnight,2024-11-03,5,1.0166666666666666,61.0,2,0.1285188508009784,-0.1285188508009784,1.0,1.1371428571428572,2.0,0,"('כאן 11', '2024-11-03', 19)","('כאן 11', '2024-11-03', 19)",2024-11-03 05:44:00
כאן 11,Other_first_standard,Other,first,standard,morning,2024-11-03,6,2.066666666666667,124.0,3,-0.1550980981832981,0.1550980981832981,1.4,1.1988636363636365,1.0,1,"('כאן 11', '2024-11-03', 22)","('כאן 11', '2024-11-03', 22)",2024-11-03 06:06:00
כאן 11,Other_last_standard,Other,last,standard,morning,2024-11-03,6,2.1166666666666667,127.0,3,0.6294313661738372,-0.6294313661738372,0.6000000000000002,1.1259259259259258,2.0,0,"('כאן 11', '2024-11-03', 22)","('כאן 11', '2024-11-03', 22)",2024-11-03 06:47:00
כאן 11,Other_last_short,Other,last,short,morning,2024-11-03,7,0.9333333333333333,56.0,2,-0.431882421425871,0.431882421425871,1.5555555555555554,1.01,3.0,0,"('כאן 11', '2024-11-03', 22)","('כאן 11', '2024-11-03', 22)",2024-11-03 07:06:00
כאן 11,News_middle_short,News,middle,short,morning,2024-11-03,8,0.43333333333333335,26.0,2,-0.0981920261792137,0.0981920261792137,1.1999999999999997,1.0877697841726617,1.0,1,"('כאן 11', '2024-11-03', 27)","('כאן 11', '2024-11-03', 27)",2024-11-03 08:05:00
כאן 11,News_last_short,News,last,short,morning,2024-11-03,9,0.9333333333333333,56.0,2,0.1622173158625519,-0.1622173158625519,0.8000000000000002,0.9408926417370325,1.0,1,"('כאן 11', '2024-11-03', 30)","('כאן 11', '2024-11-03', 30)",2024-11-03 09:05:00
כאן 11,News_last_short,News,last,short,morning,2024-11-03,10,1.4,84.0,4,0.3682559612421993,-0.3682559612421993,0.6956521739130436,1.0053648068669527,1.0,1,"('כאן 11', '2024-11-03', 33)","('כאן 11', '2024-11-03', 33)",2024-11-03 10:04:00
כאן 11,PrimeShow1_first_standard,PrimeShow1,first,standard,afternoon,2024-11-03,12,1.65,99.0,3,-0.18072689501687006,0.18072689501687006,1.1904761904761907,0.9936467598475223,1.0,1,"('כאן 11', '2024-11-03', 39)","('כאן 11', '2024-11-03', 39)",2024-11-03 12:19:00
כאן 11,PrimeShow1_last_standard,PrimeShow1,last,standard,afternoon,2024-11-03,12,2.7,162.0,4,-0.12040083819846198,0.12040083819846198,1.1249999999999998,0.9973856209150328,2.0,0,"('כאן 11', '2024-11-03', 39)","('כאן 11', '2024-11-03', 39)",2024-11-03 12:42:00
כאן 11,Other_middle_standard,Other,middle,standard,afternoon,2024-11-03,13,2.2,132.0,4,-0.0708260525686124,0.0708260525686124,1.0,0.9316239316239316,1.0,1,"('כאן 11', '2024-11-03', 42)","('כאן 11', '2024-11-03', 42)",2024-11-03 13:23:00
כאן 11,Other_last_standard,Other,last,standard,afternoon,2024-11-03,13,2.466666666666667,148.0,4,0.14593415934156545,-0.14593415934156545,0.9375,1.0848000000000002,2.0,0,"('כאן 11', '2024-11-03', 42)","('כאן 11', '2024-11-03', 42)",2024-11-03 13:39:00
כאן 11,News_last_standard,News,last,standard,afternoon,2024-11-03,14,2.566666666666667,154.0,4,-0.21924491089855203,0.21924491089855203,1.333333333333333,1.0708333333333335,1.0,1,"('כאן 11', '2024-11-03', 45)","('כאן 11', '2024-11-03', 45)",2024-11-03 14:11:00
כאן 11,Other_last_standard,Other,last,standard,afternoon,2024-11-03,14,2.0833333333333335,125.0,4,-0.009939341902558,0.009939341902558,1.0,0.9901098901098899,1.0,1,"('כאן 11', '2024-11-03', 49)","('כאן 11', '2024-11-03', 49)",2024-11-03 14:48:00
כאן 11,News_middle_standard,News,middle,standard,afternoon,2024-11-03,15,1.6,96.0,3,-0.34556878822810866,0.34556878822810866,1.4444444444444446,1.0224032586558047,1.0,1,"('כאן 11', '2024-11-03', 51)","('כאן 11', '2024-11-03', 51)",2024-11-03 15:29:00
כאן 11,News_last_standard,News,last,standard,afternoon,2024-11-03,15,2.4166666666666665,145.0,5,-0.09279083350147177,0.09279083350147177,1.2500000000000002,1.1392301392301392,2.0,0,"('כאן 11', '2024-11-03', 51)","('כאן 11', '2024-11-03', 51)",2024-11-03 15:53:00
כאן 11,Other_first_standard,Other,first,standard,afternoon,2024-11-03,16,1.8,108.0,6,-0.2253308637350796,0.2253308637350796,1.1379310344827587,0.908355795148248,1.0,1,"('כאן 11', '2024-11-03', 54)","('כאן 11', '2024-11-03', 54)",2024-11-03 16:07:00
כאן 11,Other_last_standard,Other,last,standard,afternoon,2024-11-03,16,2.35,141.0,5,0.12522591956346185,-0.12522591956346185,1.0,1.1334044823906082,2.0,0,"('כאן 11', '2024-11-03', 54)","('כאן 11', '2024-11-03', 54)",2024-11-03 16:35:00
כאן 11,News_first_standard,News,first,standard,early_evening,2024-11-03,17,1.9166666666666667,115.0,8,0.39246697490577687,-0.39246697490577687,0.693877551020408,1.027375201288245,1.0,1,"('כאן 11', '2024-11-03', 58)","('כאן 11', '2024-11-03', 58)",2024-11-03 17:12:00
כאן 11,News_first_standard,News,first,standard,early_evening,2024-11-03,17,2.2333333333333334,134.0,7,0.27591580375998837,-0.27591580375998837,0.8378378378378377,1.1040498442367601,2.0,0,"('כאן 11', '2024-11-03', 58)","('כאן 11', '2024-11-03', 58)",2024-11-03 17:36:00
כאן 11,News_middle_standard,News,middle,standard,early_evening,2024-11-03,18,1.6666666666666667,100.0,4,-0.0689170248488176,0.0689170248488176,1.0666666666666669,0.995631067961165,3.0,0,"('כאן 11', '2024-11-03', 58)","('כאן 11', '2024-11-03', 58)",2024-11-03 18:14:00
כאן 11,News_last_standard,News,last,standard,early_evening,2024-11-03,18,2.3333333333333335,140.0,7,0.23275696430953585,-0.23275696430953585,0.8125,1.0254357041921809,4.0,0,"('כאן 11', '2024-11-03', 58)","('כאן 11', '2024-11-03', 58)",2024-11-03 18:25:00
כאן 11,Other_first_standard,Other,first,standard,late_evening,2024-11-03,21,2.8,168.0,7,-0.040274301375084656,0.040274301375084656,0.9915966386554622,0.9524542829643888,1.0,1,"('כאן 11', '2024-11-03', 68)","('כאן 11', '2024-11-03', 68)",2024-11-03 21:43:00
כאן 11,Other_last_long,Other,last,long,late_evening,2024-11-03,22,3.433333333333333,206.0,8,0.09072510970709602,-0.09072510970709602,0.8590604026845639,0.9406436233611443,2.0,0,"('כאן 11', '2024-11-03', 68)","('כאן 11', '2024-11-03', 68)",2024-11-03 22:19:00
כאן 11,Other_middle_long,Other,middle,long,late_evening,2024-11-03,22,3.5833333333333335,215.0,7,0.493834778066544,-0.493834778066544,0.5789473684210527,0.9486560992419021,1.0,1,"('כאן 11', '2024-11-03', 71)","('כאן 11', '2024-11-03', 71)",2024-11-03 22:51:00
כאן 11,Other_first_standard,Other,first,standard,late_evening,2024-11-03,23,2.2666666666666666,136.0,6,0.27319347278820294,-0.27319347278820294,0.7466666666666666,0.9812353401094606,1.0,1,"('כאן 11', '2024-11-03', 73)","('כאן 11', '2024-11-03', 73)",2024-11-03 23:04:00
כאן 11,News_last_standard,News,last,standard,late_evening,2024-11-03,23,2.2333333333333334,134.0,3,0.40684391525308,-0.40684391525308,0.5967741935483872,0.8963963963963966,1.0,1,"('כאן 11', '2024-11-03', 75)","('כאן 11', '2024-11-03', 75)",2024-11-03 23:40:00
כאן 11,PrimeShow2_first_short,PrimeShow2,first,short,late_evening,2024-11-03,23,0.3,18.0,3,0.5445245117349642,-0.5445245117349642,0.5813953488372093,1.0022026431718063,1.0,1,"('כאן 11', '2024-11-03', 77)","('כאן 11', '2024-11-03', 77)",2024-11-03 23:50:00
כאן 11,Other_first_standard,Other,first,standard,overnight,2024-11-04,0,2.6333333333333333,158.0,6,-0.25013309323507477,0.25013309323507477,1.2272727272727273,0.9556737588652484,1.0,1,"('כאן 11', '2024-11-04', 0)","('כאן 11', '2024-11-04', 0)",2024-11-04 00:10:00
כאן 11,News_last_standard,News,last,standard,overnight,2024-11-04,0,2.433333333333333,146.0,4,-0.07192256108243002,0.07192256108243002,1.0,0.9306029579067121,1.0,1,"('כאן 11', '2024-11-04', 1)","('כאן 11', '2024-11-04', 1)",2024-11-04 00:41:00
כאן 11,PrimeShow2_middle_standard,PrimeShow2,middle,standard,overnight,2024-11-04,1,2.1166666666666667,127.0,3,-0.06765864847381493,0.06765864847381493,1.0,0.9345794392523363,1.0,1,"('כאן 11', '2024-11-04', 3)","('כאן 11', '2024-11-04', 3)",2024-11-04 01:18:00
כאן 11,PrimeShow2_last_standard,PrimeShow2,last,standard,overnight,2024-11-04,1,1.8333333333333333,110.0,2,-0.053468956221022775,0.053468956221022775,1.0,0.9479353680430878,2.0,0,"('כאן 11', '2024-11-04', 3)","('כאן 11', '2024-11-04', 3)",2024-11-04 01:31:00
כאן 11,Other_middle_standard,Other,middle,standard,overnight,2024-11-04,2,1.9666666666666666,118.0,2,-0.16633467865593113,0.16633467865593113,1.2000000000000004,1.0161153519932147,1.0,1,"('כאן 11', '2024-11-04', 7)","('כאן 11', '2024-11-04', 7)",2024-11-04 02:09:00
כאן 11,Other_last_short,Other,last,short,overnight,2024-11-04,3,1.1833333333333333,71.0,2,-0.0842037008354312,0.0842037008354312,1.0,0.9192439862542956,1.0,1,"('כאן 11', '2024-11-04', 9)","('כאן 11', '2024-11-04', 9)",2024-11-04 03:03:00
כאן 11,Other_last_short,Other,last,short,overnight,2024-11-04,3,1.4666666666666666,88.0,2,-1.4647659765613859,1.4647659765613859,4.0,0.9245283018867925,1.0,1,"('כאן 11', '2024-11-04', 13)","('כאן 11', '2024-11-04', 13)",2024-11-04 03:34:00
כאן 11,Other_last_standard,Other,last,standard,overnight,2024-11-04,4,2.3333333333333335,140.0,3,0.2687821213212968,-0.2687821213212968,0.6666666666666669,0.8722466960352424,1.0,1,"('כאן 11', '2024-11-04', 17)","('כאן 11', '2024-11-04', 17)",2024-11-04 04:18:00
כאן 11,Other_middle_standard,Other,middle,standard,overnight,2024-11-04,5,1.8833333333333333,113.0,3,-0.12937913752375527,0.12937913752375527,1.0,0.8786407766990292,1.0,1,"('כאן 11', '2024-11-04', 20)","('כאן 11', '2024-11-04', 20)",2024-11-04 05:22:00
כאן 11,Other_last_standard,Other,last,standard,overnight,2024-11-04,5,1.8,108.0,3,0.09072885338976219,-0.09072885338976219,1.0,1.094972067039106,2.0,0,"('כאן 11', '2024-11-04', 20)","('כאן 11', '2024-11-04', 20)",2024-11-04 05:37:00
כאן 11,Other_first_standard,Other,first,standard,morning,2024-11-04,6,2.0166666666666666,121.0,3,-0.4320586976816119,0.4320586976816119,1.9999999999999996,1.298342541436464,1.0,1,"('כאן 11', '2024-11-04', 24)","('כאן 11', '2024-11-04', 24)",2024-11-04 06:08:00
כאן 11,Other_middle_standard,Other,middle,standard,morning,2024-11-04,6,1.9666666666666666,118.0,2,0.6509722555092325,-0.6509722555092325,0.6,1.1504424778761062,2.0,0,"('כאן 11', '2024-11-04', 24)","('כאן 11', '2024-11-04', 24)",2024-11-04 06:33:00
כאן 11,News_last_short,News,last,short,morning,2024-11-04,7,1.0666666666666667,64.0,3,0.7261870346381456,-0.7261870346381456,0.4999999999999999,1.0335917312661498,1.0,1,"('כאן 11', '2024-11-04', 27)","('כאן 11', '2024-11-04', 27)",2024-11-04 07:05:00
כאן 11,News_last_short,News,last,short,morning,2024-11-04,8,1.25,75.0,3,0.14656500155553315,-0.14656500155553315,0.9444444444444444,1.093525179856115,1.0,1,"('כאן 11', '2024-11-04', 30)","('כאן 11', '2024-11-04', 30)",2024-11-04 08:05:00
כאן 11,News_last_short,News,last,short,morning,2024-11-04,9,1.1166666666666667,67.0,3,0.10612784921150854,-0.10612784921150854,0.8461538461538461,0.9408926417370325,1.0,1,"('כאן 11', '2024-11-04', 33)","('כאן 11', '2024-11-04', 33)",2024-11-04 09:05:00
כאן 11,News_last_short,News,last,short,morning,2024-11-04,10,0.9833333333333333,59.0,3,0.08539317522636744,-0.08539317522636744,0.923076923076923,1.0053648068669527,1.0,1,"('כאן 11', '2024-11-04', 36)","('כאן 11', '2024-11-04', 36)",2024-11-04 10:04:00
כאן 11,News_last_short,News,last,short,morning,2024-11-04,11,1.0666666666666667,64.0,3,-0.07522342123758763,0.07522342123758763,1.15625,1.072463768115942,1.0,1,"('כאן 11', '2024-11-04', 39)","('כאן 11', '2024-11-04', 39)",2024-11-04 11:05:00
כאן 11,PrimeShow1_middle_standard,PrimeShow1,middle,standard,afternoon,2024-11-04,12,1.8833333333333333,113.0,3,0.29670611849122663,-0.29670611849122663,0.7234042553191489,0.9732824427480916,1.0,1,"('כאן 11', '2024-11-04', 42)","('כאן 11', '2024-11-04', 42)",2024-11-04 12:22:00
כאן 11,PrimeShow1_last_standard,PrimeShow1,last,standard,afternoon,2024-11-04,12,2.45,147.0,4,-0.06930917704075086,0.06930917704075086,1.0689655172413792,0.9973856209150328,2.0,0,"('כאן 11', '2024-11-04', 42)","('כאן 11', '2024-11-04', 42)",2024-11-04 12:42:00
כאן 11,Other_middle_standard,Other,middle,standard,afternoon,2024-11-04,13,1.8666666666666667,112.0,3,-0.2760375663677005,0.2760375663677005,1.2352941176470587,0.9373219373219375,1.0,1,"('כאן 11', '2024-11-04', 47)","('כאן 11', '2024-11-04', 47)",2024-11-04 13:23:00
כאן 11,Other_last_standard,Other,last,standard,afternoon,2024-11-04,13,2.433333333333333,146.0,4,0.13388498236767496,-0.13388498236767496,0.8571428571428573,0.9799382716049382,2.0,0,"('כאן 11', '2024-11-04', 47)","('כאן 11', '2024-11-04', 47)",2024-11-04 13:33:00
כאן 11,News_last_standard,News,last,standard,afternoon,2024-11-04,14,2.533333333333333,152.0,4,0.009618635778721317,-0.009618635778721317,1.0588235294117647,1.0690571049136788,1.0,1,"('כאן 11', '2024-11-04', 52)","('כאן 11', '2024-11-04', 52)",2024-11-04 14:16:00
כאן 11,PrimeShow2_middle_standard,PrimeShow2,middle,standard,afternoon,2024-11-04,14,1.7666666666666666,106.0,3,0.19485507074345515,-0.19485507074345515,0.8148148148148149,0.9901098901098899,1.0,1,"('כאן 11', '2024-11-04', 54)","('כאן 11', '2024-11-04', 54)",2024-11-04 14:48:00
כאן 11,News_middle_standard,News,middle,standard,afternoon,2024-11-04,15,1.9166666666666667,115.0,5,0.4044336485015017,-0.4044336485015017,0.6666666666666669,0.9989690721649483,1.0,1,"('כאן 11', '2024-11-04', 56)","('כאן 11', '2024-11-04', 56)",2024-11-04 15:26:00
כאן 11,News_last_standard,News,last,standard,afternoon,2024-11-04,15,2.0,120.0,5,0.061286485751194095,-0.061286485751194095,0.9130434782608694,0.9707509881422925,2.0,0,"('כאן 11', '2024-11-04', 56)","('כאן 11', '2024-11-04', 56)",2024-11-04 15:49:00
כאן 11,Other_first_standard,Other,first,standard,afternoon,2024-11-04,16,1.8,108.0,5,-0.11228512559445729,0.11228512559445729,1.0,0.8937893789378939,1.0,1,"('כאן 11', '2024-11-04', 59)","('כאן 11', '2024-11-04', 59)",2024-11-04 16:10:00
כאן 11,Other_last_standard,Other,last,standard,afternoon,2024-11-04,16,2.5166666666666666,151.0,5,-0.22035220267693906,0.22035220267693906,1.2857142857142858,1.0314465408805034,2.0,0,"('כאן 11', '2024-11-04', 59)","('כאן 11', '2024-11-04', 59)",2024-11-04 16:33:00
כאן 11,News_first_standard,News,first,standard,early_evening,2024-11-04,17,2.216666666666667,133.0,7,0.09188955810337103,-0.09188955810337103,0.9354838709677419,1.025518341307815,1.0,1,"('כאן 11', '2024-11-04', 63)","('כאן 11', '2024-11-04', 63)",2024-11-04 17:13:00
כאן 11,News_first_standard,News,first,standard,early_evening,2024-11-04,17,2.0833333333333335,125.0,7,0.02417707579706714,-0.02417707579706714,1.0526315789473684,1.0783912747102933,2.0,0,"('כאן 11', '2024-11-04', 63)","('כאן 11', '2024-11-04', 63)",2024-11-04 17:27:00
כאן 11,News_middle_standard,News,middle,standard,early_evening,2024-11-04,18,2.4,144.0,7,-0.11449587608692594,0.11449587608692594,1.0833333333333333,0.9661335841956727,3.0,0,"('כאן 11', '2024-11-04', 63)","('כאן 11', '2024-11-04', 63)",2024-11-04 18:11:00
כאן 11,News_last_standard,News,last,standard,early_evening,2024-11-04,18,2.3333333333333335,140.0,5,0.019790407233804597,-0.019790407233804597,0.9454545454545455,0.9643518518518517,4.0,0,"('כאן 11', '2024-11-04', 63)","('כאן 11', '2024-11-04', 63)",2024-11-04 18:29:00
כאן 11,PrimeShow2_middle_long,PrimeShow2,middle,long,late_evening,2024-11-04,21,4.016666666666667,241.0,9,0.050103829631671606,-0.050103829631671606,0.8818897637795274,0.9272014848422355,1.0,1,"('כאן 11', '2024-11-04', 72)","('כאן 11', '2024-11-04', 72)",2024-11-04 21:57:00
כאן 11,PrimeShow2_last_long,PrimeShow2,last,long,late_evening,2024-11-04,22,3.966666666666667,238.0,8,-0.15857871234338927,0.15857871234338927,1.1081081081081081,0.9456104716768226,2.0,0,"('כאן 11', '2024-11-04', 72)","('כאן 11', '2024-11-04', 72)",2024-11-04 22:13:00
כאן 11,Other_last_long,Other,last,long,late_evening,2024-11-04,22,3.433333333333333,206.0,7,-0.1857315350334775,0.1857315350334775,1.1442307692307692,0.9502796768178994,1.0,1,"('כאן 11', '2024-11-04', 75)","('כאן 11', '2024-11-04', 75)",2024-11-04 22:41:00
כאן 11,News_last_standard,News,last,standard,late_evening,2024-11-04,23,2.15,129.0,4,0.12273822364157688,-0.12273822364157688,0.7894736842105262,0.8925698059630859,1.0,1,"('כאן 11', '2024-11-04', 78)","('כאן 11', '2024-11-04', 78)",2024-11-04 23:20:00
כאן 11,PrimeShow2_middle_standard,PrimeShow2,middle,standard,late_evening,2024-11-04,23,2.5,150.0,6,0.19813682801150806,-0.19813682801150806,0.75,0.9143468950749464,1.0,1,"('כאן 11', '2024-11-04', 80)","('כאן 11', '2024-11-04', 80)",2024-11-04 23:52:00
כאן 11,Other_first_standard,Other,first,standard,overnight,2024-11-05,0,2.066666666666667,124.0,6,0.5794276395154522,-0.5794276395154522,0.5405405405405405,0.9648737650933039,1.0,1,"('כאן 11', '2024-11-05', 0)","('כאן 11', '2024-11-05', 0)",2024-11-05 00:34:00
כאן 11,Other_middle_standard,Other,middle,standard,overnight,2024-11-05,0,2.466666666666667,148.0,4,-0.08654045633105649,0.08654045633105649,1.0,0.9170984455958548,2.0,0,"('כאן 11', '2024-11-05', 0)","('כאן 11', '2024-11-05', 0)",2024-11-05 00:56:00
כאן 11,Other_last_standard,Other,last,standard,overnight,2024-11-05,1,1.8166666666666667,109.0,3,0.2537805207760995,-0.2537805207760995,0.6923076923076924,0.8923076923076924,3.0,0,"('כאן 11', '2024-11-05', 0)","('כאן 11', '2024-11-05', 0)",2024-11-05 01:38:00
כאן 11,Other_last_standard,Other,last,standard,overnight,2024-11-05,1,1.8166666666666667,109.0,2,0.43564910574362736,-0.43564910574362736,1.0,1.5459662288930585,4.0,0,"('כאן 11', '2024-11-05', 0)","('כאן 11', '2024-11-05', 0)",2024-11-05 01:57:00
כאן 11,Other_first_standard,Other,first,standard,overnight,2024-11-05,2,1.95,117.0,3,0.1538727090124037,-0.1538727090124037,1.0,1.1663424124513617,1.0,1,"('כאן 11', '2024-11-05', 5)","('כאן 11', '2024-11-05', 5)",2024-11-05 02:04:00
כאן 11,Other_last_standard,Other,last,standard,overnight,2024-11-05,2,2.1166666666666667,127.0,3,-0.45292189196144395,0.45292189196144395,1.0,0.6357677902621723,2.0,0,"('כאן 11', '2024-11-05', 5)","('כאן 11', '2024-11-05', 5)",2024-11-05 02:24:00
כאן 11,Other_last_standard,Other,last,standard,overnight,2024-11-05,3,2.1166666666666667,127.0,3,0.2008506972626548,-0.2008506972626548,0.75,0.9168316831683165,2.0,0,"('כאן 11', '2024-11-05', 8)","('כאן 11', '2024-11-05', 8)",2024-11-05 03:12:00
כאן 11,Other_last_short,Other,last,short,overnight,2024-11-05,3,1.0666666666666667,64.0,2,0.09030607308849807,-0.09030607308849807,0.8235294117647061,0.9013605442176873,1.0,1,"('כאן 11', '2024-11-05', 11)","('כאן 11', '2024-11-05', 11)",2024-11-05 03:39:00
כאן 11,Other_first_standard,Other,first,standard,morning,2024-11-05,6,2.0166666666666666,121.0,3,0.1813741384379148,-0.1813741384379148,1.0,1.1988636363636365,1.0,1,"('כאן 11', '2024-11-05', 22)","('כאן 11', '2024-11-05', 22)",2024-11-05 06:06:00
כאן 11,Other_last_short,Other,last,short,morning,2024-11-05,7,1.0666666666666667,64.0,3,0.19184956304560985,-0.19184956304560985,0.8749999999999997,1.060052219321149,3.0,0,"('כאן 11', '2024-11-05', 22)","('כאן 11', '2024-11-05', 22)",2024-11-05 07:04:00
כאן 11,News_first_short,News,first,short,morning,2024-11-05,8,1.0,60.0,3,0.342890093475019,-0.342890093475019,0.7878787878787877,1.1101321585903083,1.0,1,"('כאן 11', '2024-11-05', 27)","('כאן 11', '2024-11-05', 27)",2024-11-05 08:04:00
כאן 11,News_middle_short,News,middle,short,morning,2024-11-05,9,1.0666666666666667,64.0,3,-0.1666371915529869,0.1666371915529869,1.1153846153846154,0.9441805225653206,2.0,0,"('כאן 11', '2024-11-05', 27)","('כאן 11', '2024-11-05', 27)",2024-11-05 09:03:00
כאן 11,News_first_short,News,first,short,morning,2024-11-05,10,0.7333333333333333,44.0,3,0.10543392610981335,-0.10543392610981335,0.9047619047619049,1.0053648068669527,1.0,1,"('כאן 11', '2024-11-05', 30)","('כאן 11', '2024-11-05', 30)",2024-11-05 10:04:00
כאן 11,News_middle_short,News,middle,short,morning,2024-11-05,11,1.0833333333333333,65.0,3,0.36335955382641916,-0.36335955382641916,0.7586206896551725,1.0910125142207052,2.0,0,"('כאן 11', '2024-11-05', 30)","('כאן 11', '2024-11-05', 30)",2024-11-05 11:04:00
כאן 11,Other_middle_standard,Other,middle,standard,afternoon,2024-11-05,12,2.0166666666666666,121.0,3,0.12055578927154045,-0.12055578927154045,0.8571428571428574,0.9669631512071155,1.0,1,"('כאן 11', '2024-11-05', 33)","('כאן 11', '2024-11-05', 33)",2024-11-05 12:23:00
כאן 11,Other_last_standard,Other,last,standard,afternoon,2024-11-05,12,2.7666666666666666,166.0,4,-0.12835003388252514,0.12835003388252514,1.1578947368421053,1.018421052631579,2.0,0,"('כאן 11', '2024-11-05', 33)","('כאן 11', '2024-11-05', 33)",2024-11-05 12:43:00
כאן 11,Other_middle_standard,Other,middle,standard,afternoon,2024-11-05,13,2.5166666666666666,151.0,4,0.2092544391535429,-0.2092544391535429,0.8181818181818181,1.0086206896551726,1.0,1,"('כאן 11', '2024-11-05', 36)","('כאן 11', '2024-11-05', 36)",2024-11-05 13:17:00
כאן 11,Other_last_standard,Other,last,standard,afternoon,2024-11-05,13,2.2666666666666666,136.0,3,1.0405567724086164,-1.0405567724086164,0.3333333333333334,0.9435975609756099,2.0,0,"('כאן 11', '2024-11-05', 36)","('כאן 11', '2024-11-05', 36)",2024-11-05 13:28:00
כאן 11,Other_middle_standard,Other,middle,standard,afternoon,2024-11-05,13,2.6333333333333333,158.0,4,-0.6944903641064131,0.6944903641064131,2.0,0.9986577181208053,1.0,1,"('כאן 11', '2024-11-05', 39)","('כאן 11', '2024-11-05', 39)",2024-11-05 13:53:00
כאן 11,Other_middle_standard,Other,middle,standard,afternoon,2024-11-05,14,1.7166666666666666,103.0,3,-0.04169752354159967,0.04169752354159967,1.0,0.959159859976663,1.0,1,"('כאן 11', '2024-11-05', 43)","('כאן 11', '2024-11-05', 43)",2024-11-05 14:33:00
כאן 11,Other_last_standard,Other,last,standard,afternoon,2024-11-05,14,2.5166666666666666,151.0,4,1.0916918458235354,-1.0916918458235354,0.3333333333333334,0.9931034482758619,2.0,0,"('כאן 11', '2024-11-05', 43)","('כאן 11', '2024-11-05', 43)",2024-11-05 14:50:00
כאן 11,News_middle_standard,News,middle,standard,afternoon,2024-11-05,15,2.3,138.0,7,0.06521763831138006,-0.06521763831138006,1.0,1.0673913043478263,1.0,1,"('כאן 11', '2024-11-05', 46)","('כאן 11', '2024-11-05', 46)",2024-11-05 15:23:00
כאן 11,News_last_standard,News,last,standard,afternoon,2024-11-05,15,2.3833333333333333,143.0,6,0.4291038612429962,-0.4291038612429962,0.6428571428571429,0.9873517786561264,2.0,0,"('כאן 11', '2024-11-05', 46)","('כאן 11', '2024-11-05', 46)",2024-11-05 15:49:00
כאן 11,Other_first_standard,Other,first,standard,afternoon,2024-11-05,16,1.7666666666666666,106.0,6,0.19156294019670755,-0.19156294019670755,0.75,0.908355795148248,1.0,1,"('כאן 11', '2024-11-05', 49)","('כאן 11', '2024-11-05', 49)",2024-11-05 16:07:00
כאן 11,Other_last_standard,Other,last,standard,afternoon,2024-11-05,16,2.1333333333333333,128.0,6,-0.32048633476967825,0.32048633476967825,1.5,1.08869395711501,2.0,0,"('כאן 11', '2024-11-05', 49)","('כאן 11', '2024-11-05', 49)",2024-11-05 16:41:00
כאן 11,News_first_standard,News,first,standard,early_evening,2024-11-05,17,2.45,147.0,9,-0.21064949261224233,0.21064949261224233,1.2777777777777777,1.035074045206547,1.0,1,"('כאן 11', '2024-11-05', 53)","('כאן 11', '2024-11-05', 53)",2024-11-05 17:17:00
כאן 11,News_middle_standard,News,middle,standard,early_evening,2024-11-05,17,2.3666666666666667,142.0,8,0.0787598338606472,-0.0787598338606472,1.0000000000000002,1.0819444444444446,2.0,0,"('כאן 11', '2024-11-05', 53)","('כאן 11', '2024-11-05', 53)",2024-11-05 17:26:00
כאן 11,News_first_standard,News,first,standard,early_evening,2024-11-05,18,2.8,168.0,8,0.0019408060434623988,-0.0019408060434623988,0.9999999999999999,1.0019426906265176,1.0,1,"('כאן 11', '2024-11-05', 57)","('כאן 11', '2024-11-05', 57)",2024-11-05 18:15:00
כאן 11,News_last_standard,News,last,standard,early_evening,2024-11-05,18,2.6666666666666665,160.0,7,0.010730839452406007,-0.010730839452406007,0.9750000000000001,0.9855189058728882,2.0,0,"('כאן 11', '2024-11-05', 57)","('כאן 11', '2024-11-05', 57)",2024-11-05 18:47:00
כאן 11,News_last_long,News,last,long,late_evening,2024-11-05,22,3.2,192.0,9,-0.13968794086890934,0.13968794086890934,1.0939226519337015,0.9513074842200182,1.0,1,"('כאן 11', '2024-11-05', 61)","('כאן 11', '2024-11-05', 61)",2024-11-05 22:15:00
כאן 11,News_last_standard,News,last,standard,late_evening,2024-11-05,22,2.8333333333333335,170.0,10,0.20199548991263871,-0.20199548991263871,0.7434782608695653,0.9099002849002851,2.0,0,"('כאן 11', '2024-11-05', 61)","('כאן 11', '2024-11-05', 61)",2024-11-05 22:56:00
כאן 11,Other_middle_standard,Other,middle,standard,late_evening,2024-11-05,23,2.4,144.0,9,0.9931167987966841,-0.9931167987966841,0.3286713286713287,0.887292817679558,1.0,1,"('כאן 11', '2024-11-05', 64)","('כאן 11', '2024-11-05', 64)",2024-11-05 23:29:00
כאן 11,Other_last_standard,Other,last,standard,late_evening,2024-11-05,23,2.183333333333333,131.0,6,-0.41756828050511086,0.41756828050511086,1.5227272727272727,1.002939015429831,2.0,0,"('כאן 11', '2024-11-05', 64)","('כאן 11', '2024-11-05', 64)",2024-11-05 23:48:00
כאן 11,Other_first_short,Other,first,short,overnight,2024-11-06,0,0.7666666666666667,46.0,2,0.11887840771287653,-0.11887840771287653,0.84375,0.9502590673575131,1.0,1,"('כאן 11', '2024-11-06', 0)","('כאן 11', '2024-11-06', 0)",2024-11-06 00:31:00
כאן 11,News_last_standard,News,last,standard,overnight,2024-11-06,0,1.9833333333333334,119.0,5,0.013560083614472945,-0.013560083614472945,0.926470588235294,0.9391191709844562,1.0,1,"('כאן 11', '2024-11-06', 1)","('כאן 11', '2024-11-06', 1)",2024-11-06 00:56:00
כאן 11,PrimeShow2_middle_standard,PrimeShow2,middle,standard,overnight,2024-11-06,1,2.183333333333333,131.0,4,0.2127994069087661,-0.2127994069087661,0.75,0.9278523489932887,1.0,1,"('כאן 11', '2024-11-06', 3)","('כאן 11', '2024-11-06', 3)",2024-11-06 01:26:00
כאן 11,PrimeShow2_last_short,PrimeShow2,last,short,overnight,2024-11-06,1,1.4333333333333333,86.0,3,0.35748042122754903,-0.35748042122754903,0.6296296296296297,0.9001956947162425,2.0,0,"('כאן 11', '2024-11-06', 3)","('כאן 11', '2024-11-06', 3)",2024-11-06 01:39:00
כאן 11,Other_first_standard,Other,first,standard,overnight,2024-11-06,2,1.8166666666666667,109.0,3,0.0372810857244885,-0.0372810857244885,1.047619047619048,1.0874125874125875,1.0,1,"('כאן 11', '2024-11-06', 7)","('כאן 11', '2024-11-06', 7)",2024-11-06 02:54:00
כאן 11,Other_middle_standard,Other,middle,standard,overnight,2024-11-06,3,2.1333333333333333,128.0,3,-0.02247285585205863,0.02247285585205863,1.0,0.9777777777777777,2.0,0,"('כאן 11', '2024-11-06', 7)","('כאן 11', '2024-11-06', 7)",2024-11-06 03:52:00
כאן 11,Other_middle_standard,Other,middle,standard,morning,2024-11-06,7,2.15,129.0,5,0.4811388425859483,-0.4811388425859483,0.6666666666666666,1.0786106032906764,1.0,1,"('כאן 11', '2024-11-06', 10)","('כאן 11', '2024-11-06', 10)",2024-11-06 07:29:00
כאן 11,Other_last_standard,Other,last,standard,morning,2024-11-06,8,2.0166666666666666,121.0,5,0.16891569056570677,-0.16891569056570677,0.8163265306122448,0.966547192353644,2.0,0,"('כאן 11', '2024-11-06', 10)","('כאן 11', '2024-11-06', 10)",2024-11-06 08:38:00
כאן 11,Other_last_short,Other,last,short,morning,2024-11-06,9,1.4833333333333334,89.0,4,-0.07725164025668965,0.07725164025668965,1.0384615384615385,0.9612590799031475,3.0,0,"('כאן 11', '2024-11-06', 10)","('כאן 11', '2024-11-06', 10)",2024-11-06 09:06:00
כאן 11,News_last_short,News,last,short,morning,2024-11-06,10,0.9833333333333333,59.0,3,0.04826487842733361,-0.04826487842733361,0.96,1.007470651013874,1.0,1,"('כאן 11', '2024-11-06', 14)","('כאן 11', '2024-11-06', 14)",2024-11-06 10:05:00
כאן 11,News_last_short,News,last,short,morning,2024-11-06,11,1.0,60.0,3,0.044640780622620474,-0.044640780622620474,1.0256410256410255,1.072463768115942,1.0,1,"('כאן 11', '2024-11-06', 17)","('כאן 11', '2024-11-06', 17)",2024-11-06 11:05:00
כאן 11,PrimeShow2_middle_standard,PrimeShow2,middle,standard,afternoon,2024-11-06,12,2.4,144.0,4,0.5832522176354262,-0.5832522176354262,0.5588235294117646,1.0013315579227697,1.0,1,"('כאן 11', '2024-11-06', 21)","('כאן 11', '2024-11-06', 21)",2024-11-06 12:53:00
כאן 11,PrimeShow2_last_standard,PrimeShow2,last,standard,afternoon,2024-11-06,13,2.3333333333333335,140.0,3,0.1108175551208849,-0.1108175551208849,0.8399999999999997,0.9384404924760603,2.0,0,"('כאן 11', '2024-11-06', 21)","('כאן 11', '2024-11-06', 21)",2024-11-06 13:10:00
כאן 11,Other_middle_standard,Other,middle,standard,afternoon,2024-11-06,13,2.433333333333333,146.0,4,0.6025310227559878,-0.6025310227559878,0.5789473684210527,1.0575842696629214,1.0,1,"('כאן 11', '2024-11-06', 26)","('כאן 11', '2024-11-06', 26)",2024-11-06 13:48:00
כאן 11,Other_last_standard,Other,last,standard,afternoon,2024-11-06,14,2.3666666666666667,142.0,3,0.011095814255054227,-0.011095814255054227,1.0,1.01115760111576,2.0,0,"('כאן 11', '2024-11-06', 26)","('כאן 11', '2024-11-06', 26)",2024-11-06 14:09:00
כאן 11,Other_last_standard,Other,last,standard,afternoon,2024-11-06,14,2.4,144.0,4,-0.3433926794657869,0.3433926794657869,1.4000000000000001,0.9931034482758619,1.0,1,"('כאן 11', '2024-11-06', 31)","('כאן 11', '2024-11-06', 31)",2024-11-06 14:50:00
כאן 11,News_first_standard,News,first,standard,afternoon,2024-11-06,15,2.283333333333333,137.0,7,0.11778303565638339,-0.11778303565638339,0.888888888888889,1.0,1.0,1,"('כאן 11', '2024-11-06', 33)","('כאן 11', '2024-11-06', 33)",2024-11-06 15:12:00
כאן 11,News_last_standard,News,last,standard,afternoon,2024-11-06,15,2.066666666666667,124.0,6,0.1431008436406732,-0.1431008436406732,0.8666666666666667,0.9999999999999999,2.0,0,"('כאן 11', '2024-11-06', 33)","('כאן 11', '2024-11-06', 33)",2024-11-06 15:50:00
כאן 11,Other_middle_short,Other,middle,short,afternoon,2024-11-06,16,1.4166666666666667,85.0,5,-0.25538763430511413,0.25538763430511413,1.2499999999999998,0.9682702149437051,1.0,1,"('כאן 11', '2024-11-06', 36)","('כאן 11', '2024-11-06', 36)",2024-11-06 16:31:00
כאן 11,Other_last_standard,Other,last,standard,afternoon,2024-11-06,16,2.15,129.0,6,-0.07039611746576613,0.07039611746576613,1.1199999999999999,1.0438675022381378,2.0,0,"('כאן 11', '2024-11-06', 36)","('כאן 11', '2024-11-06', 36)",2024-11-06 16:47:00
כאן 11,News_middle_standard,News,middle,standard,early_evening,2024-11-06,17,1.9,114.0,8,0.2353836062087115,-0.2353836062087115,0.8484848484848485,1.0736677115987459,1.0,1,"('כאן 11', '2024-11-06', 39)","('כאן 11', '2024-11-06', 39)",2024-11-06 17:18:00
כאן 11,News_last_standard,News,last,standard,early_evening,2024-11-06,17,2.183333333333333,131.0,8,-0.01334507088231926,0.01334507088231926,1.0999999999999999,1.085417937766931,2.0,0,"('כאן 11', '2024-11-06', 39)","('כאן 11', '2024-11-06', 39)",2024-11-06 17:37:00
כאן 11,News_first_standard,News,first,standard,early_evening,2024-11-06,18,2.1666666666666665,130.0,7,0.24359530329248963,-0.24359530329248963,0.7849462365591399,1.0014563106796115,1.0,1,"('כאן 11', '2024-11-06', 42)","('כאן 11', '2024-11-06', 42)",2024-11-06 18:14:00
כאן 11,News_last_standard,News,last,standard,early_evening,2024-11-06,18,2.316666666666667,139.0,7,0.14746116515888405,-0.14746116515888405,0.8632478632478633,1.0004078303425776,2.0,0,"('כאן 11', '2024-11-06', 42)","('כאן 11', '2024-11-06', 42)",2024-11-06 18:48:00
כאן 11,News_last_standard,News,last,standard,late_evening,2024-11-06,21,1.85,111.0,4,0.4114056074529455,-0.4114056074529455,0.6641221374045801,1.0021186440677967,1.0,1,"('כאן 11', '2024-11-06', 47)","('כאן 11', '2024-11-06', 47)",2024-11-06 21:51:00
כאן 11,News_last_short,News,last,short,late_evening,2024-11-06,21,1.1166666666666667,67.0,4,0.08592644019041806,-0.08592644019041806,0.8275862068965517,0.901842343702809,2.0,0,"('כאן 11', '2024-11-06', 47)","('כאן 11', '2024-11-06', 47)",2024-11-06 21:56:00
כאן 11,News_last_short,News,last,short,late_evening,2024-11-06,21,0.8,48.0,4,0.03088196094363651,-0.03088196094363651,0.9583333333333335,0.9883902656843043,3.0,0,"('כאן 11', '2024-11-06', 47)","('כאן 11', '2024-11-06', 47)",2024-11-06 21:59:00
כאן 11,Other_middle_long,Other,middle,long,late_evening,2024-11-06,22,3.8666666666666667,232.0,11,0.0820466501637763,-0.0820466501637763,0.8269230769230769,0.8976303317535544,1.0,1,"('כאן 11', '2024-11-06', 51)","('כאן 11', '2024-11-06', 51)",2024-11-06 22:22:00
כאן 11,Other_last_long,Other,last,long,late_evening,2024-11-06,22,3.5166666666666666,211.0,12,0.5011999155418706,-0.5011999155418706,0.5599999999999999,0.9243924392439244,2.0,0,"('כאן 11', '2024-11-06', 51)","('כאן 11', '2024-11-06', 51)",2024-11-06 22:39:00
כאן 11,News_first_standard,News,first,standard,late_evening,2024-11-06,23,2.1166666666666667,127.0,8,0.10949299689155592,-0.10949299689155592,0.8000000000000002,0.8925698059630859,1.0,1,"('כאן 11', '2024-11-06', 55)","('כאן 11', '2024-11-06', 55)",2024-11-06 23:20:00
כאן 11,News_last_standard,News,last,standard,late_evening,2024-11-06,23,2.2333333333333334,134.0,8,0.6711223056798594,-0.6711223056798594,0.4594594594594596,0.8989010989010989,2.0,0,"('כאן 11', '2024-11-06', 55)","('כאן 11', '2024-11-06', 55)",2024-11-06 23:54:00
כאן 11,News_last_standard,News,last,standard,overnight,2024-11-07,0,2.0,120.0,4,0.6107352045586029,-0.6107352045586029,0.5000000000000001,0.920892494929006,1.0,1,"('כאן 11', '2024-11-07', 0)","('כאן 11', '2024-11-07', 0)",2024-11-07 00:29:00
כאן 11,PrimeShow2_first_short,PrimeShow2,first,short,overnight,2024-11-07,0,0.8666666666666667,52.0,3,0.8749209422155777,-0.8749209422155777,0.4,0.9594742606790797,1.0,1,"('כאן 11', '2024-11-07', 2)","('כאן 11', '2024-11-07', 2)",2024-11-07 00:37:00
כאן 11,Other_middle_short,Other,middle,short,overnight,2024-11-07,1,1.3166666666666667,79.0,3,-0.22976022891860615,0.22976022891860615,1.1666666666666663,0.9271781534460337,1.0,1,"('כאן 11', '2024-11-07', 3)","('כאן 11', '2024-11-07', 3)",2024-11-07 01:00:00
כאן 11,Other_middle_standard,Other,middle,standard,overnight,2024-11-07,3,2.1666666666666665,130.0,4,-0.810710170005737,0.810710170005737,2.0,0.8890845070422534,1.0,1,"('כאן 11', '2024-11-07', 11)","('כאן 11', '2024-11-07', 11)",2024-11-07 03:05:00
כאן 11,Other_last_standard,Other,last,standard,overnight,2024-11-07,3,2.0833333333333335,125.0,4,-0.37777430796297845,0.37777430796297845,1.2857142857142858,0.8812095032397409,2.0,0,"('כאן 11', '2024-11-07', 11)","('כאן 11', '2024-11-07', 11)",2024-11-07 03:21:00
כאן 11,Other_middle_standard,Other,middle,standard,overnight,2024-11-07,5,1.9833333333333334,119.0,3,-0.10088122485378019,0.10088122485378019,1.0,0.9040404040404041,1.0,1,"('כאן 11', '2024-11-07', 18)","('כאן 11', '2024-11-07', 18)",2024-11-07 05:23:00
כאן 11,Other_first_standard,Other,first,standard,morning,2024-11-07,6,2.15,129.0,4,-0.3393308304807605,0.3393308304807605,1.7142857142857149,1.2209944751381212,1.0,1,"('כאן 11', '2024-11-07', 22)","('כאן 11', '2024-11-07', 22)",2024-11-07 06:07:00
כאן 11,Other_middle_standard,Other,middle,standard,morning,2024-11-07,6,1.85,111.0,4,-0.5027934520687265,0.5027934520687265,1.8,1.0887096774193548,2.0,0,"('כאן 11', '2024-11-07', 22)","('כאן 11', '2024-11-07', 22)",2024-11-07 06:38:00
כאן 11,News_last_short,News,last,short,morning,2024-11-07,7,0.6666666666666666,40.0,2,0.6357151314740699,-0.6357151314740699,0.5555555555555556,1.0490956072351423,1.0,1,"('כאן 11', '2024-11-07', 25)","('כאן 11', '2024-11-07', 25)",2024-11-07 07:05:00
כאן 11,News_last_short,News,last,short,morning,2024-11-07,8,1.0833333333333333,65.0,3,0.04076325564391278,-0.04076325564391278,1.0714285714285716,1.1160058737151248,1.0,1,"('כאן 11', '2024-11-07', 28)","('כאן 11', '2024-11-07', 28)",2024-11-07 08:04:00
כאן 11,News_last_short,News,last,short,morning,2024-11-07,9,0.45,27.0,2,0.14799435948263542,-0.14799435948263542,0.8125,0.9420989143546441,1.0,1,"('כאן 11', '2024-11-07', 31)","('כאן 11', '2024-11-07', 31)",2024-11-07 09:05:00
כאן 11,News_last_short,News,last,short,morning,2024-11-07,10,0.6666666666666666,40.0,2,0.04617246207308588,-0.04617246207308588,0.9600000000000002,1.0053648068669527,1.0,1,"('כאן 11', '2024-11-07', 34)","('כאן 11', '2024-11-07', 34)",2024-11-07 10:04:00
כאן 11,News_last_short,News,last,short,morning,2024-11-07,11,0.6,36.0,2,0.1538465898142719,-0.1538465898142719,0.9166666666666665,1.0691192865105907,1.0,1,"('כאן 11', '2024-11-07', 37)","('כאן 11', '2024-11-07', 37)",2024-11-07 11:05:00
כאן 11,Other_middle_standard,Other,middle,standard,afternoon,2024-11-07,12,2.2333333333333334,134.0,4,-0.025807883955872475,0.025807883955872475,1.0,0.9745222929936307,1.0,1,"('כאן 11', '2024-11-07', 40)","('כאן 11', '2024-11-07', 40)",2024-11-07 12:21:00
כאן 11,Other_last_standard,Other,last,standard,afternoon,2024-11-07,12,2.75,165.0,4,0.22708314931828988,-0.22708314931828988,0.8000000000000002,1.0039473684210527,2.0,0,"('כאן 11', '2024-11-07', 40)","('כאן 11', '2024-11-07', 40)",2024-11-07 12:43:00
כאן 11,Other_middle_standard,Other,middle,standard,afternoon,2024-11-07,13,2.25,135.0,4,-0.3133208905506457,0.3133208905506457,1.2499999999999998,0.913769123783032,1.0,1,"('כאן 11', '2024-11-07', 45)","('כאן 11', '2024-11-07', 45)",2024-11-07 13:21:00
כאן 11,Other_last_standard,Other,last,standard,afternoon,2024-11-07,13,2.0166666666666666,121.0,4,0.7281826110320923,-0.7281826110320923,0.5,1.0356564019448946,2.0,0,"('כאן 11', '2024-11-07', 45)","('כאן 11', '2024-11-07', 45)",2024-11-07 13:36:00
כאן 11,News_first_standard,News,first,standard,afternoon,2024-11-07,15,1.75,105.0,5,0.14861837599807917,-0.14861837599807917,0.8823529411764705,1.0237324703344124,1.0,1,"('כאן 11', '2024-11-07', 56)","('כאן 11', '2024-11-07', 56)",2024-11-07 15:19:00
כאן 11,News_last_standard,News,last,standard,afternoon,2024-11-07,15,2.3333333333333335,140.0,6,-0.02997069747054891,0.02997069747054891,1.0,0.9704739704739705,2.0,0,"('כאן 11', '2024-11-07', 56)","('כאן 11', '2024-11-07', 56)",2024-11-07 15:43:00
כאן 11,Other_first_standard,Other,first,standard,afternoon,2024-11-07,16,1.55,93.0,5,-0.011847875332854862,0.011847875332854862,0.8125,0.8029304029304029,1.0,1,"('כאן 11', '2024-11-07', 59)","('כאן 11', '2024-11-07', 59)",2024-11-07 16:01:00
כאן 11,Other_last_standard,Other,last,standard,afternoon,2024-11-07,16,1.8,108.0,5,-0.7940011541158808,0.7940011541158808,2.4999999999999996,1.130081300813008,2.0,0,"('כאן 11', '2024-11-07', 59)","('כאן 11', '2024-11-07', 59)",2024-11-07 16:39:00
כאן 11,News_first_standard,News,first,standard,early_evening,2024-11-07,17,1.95,117.0,8,0.22649932186160593,-0.22649932186160593,0.8863636363636364,1.1116788321167883,1.0,1,"('כאן 11', '2024-11-07', 63)","('כאן 11', '2024-11-07', 63)",2024-11-07 17:24:00
כאן 11,News_first_standard,News,first,standard,early_evening,2024-11-07,17,2.466666666666667,148.0,7,0.32119479798783956,-0.32119479798783956,0.7872340425531915,1.085417937766931,2.0,0,"('כאן 11', '2024-11-07', 63)","('כאן 11', '2024-11-07', 63)",2024-11-07 17:37:00
כאן 11,News_last_standard,News,last,standard,early_evening,2024-11-07,18,1.75,105.0,7,-0.19350467050141282,0.19350467050141282,1.25,1.0300824842309557,3.0,0,"('כאן 11', '2024-11-07', 63)","('כאן 11', '2024-11-07', 63)",2024-11-07 18:19:00
כאן 11,News_last_standard,News,last,standard,early_evening,2024-11-07,18,2.283333333333333,137.0,7,0.18546355333650882,-0.18546355333650882,0.9183673469387754,1.1055088702147522,4.0,0,"('כאן 11', '2024-11-07', 63)","('כאן 11', '2024-11-07', 63)",2024-11-07 18:37:00
כאן 11,News_last_short,News,last,short,late_evening,2024-11-07,21,0.7166666666666667,43.0,4,-0.029889605937468384,0.029889605937468384,1.02,0.989963724304716,1.0,1,"('כאן 11', '2024-11-07', 70)","('כאן 11', '2024-11-07', 70)",2024-11-07 21:26:00
כאן 11,News_last_short,News,last,short,late_evening,2024-11-07,21,0.8,48.0,4,-0.14509387510516197,0.14509387510516197,1.2941176470588236,1.1193355319408818,2.0,0,"('כאן 11', '2024-11-07', 70)","('כאן 11', '2024-11-07', 70)",2024-11-07 21:29:00
כאן 11,Other_last_long,Other,last,long,late_evening,2024-11-07,21,3.45,207.0,9,0.03527820727998443,-0.03527820727998443,0.8950617283950617,0.9272014848422355,1.0,1,"('כאן 11', '2024-11-07', 73)","('כאן 11', '2024-11-07', 73)",2024-11-07 21:57:00
כאן 11,Other_last_long,Other,last,long,late_evening,2024-11-07,22,3.6333333333333333,218.0,10,-0.07699675605961286,0.07699675605961286,1.0,0.9258928571428572,1.0,1,"('כאן 11', '2024-11-07', 75)","('כאן 11', '2024-11-07', 75)",2024-11-07 22:37:00
כאן 11,Other_first_standard,Other,first,standard,late_evening,2024-11-07,22,2.2666666666666666,136.0,7,0.4441331842638281,-0.4441331842638281,0.5867768595041323,0.9148661722025154,1.0,1,"('כאן 11', '2024-11-07', 77)","('כאן 11', '2024-11-07', 77)",2024-11-07 22:46:00
כאן 11,News_middle_standard,News,middle,standard,late_evening,2024-11-07,23,1.95,117.0,4,0.1553752189702707,-0.1553752189702707,0.6914893617021276,0.8077260755048288,1.0,1,"('כאן 11', '2024-11-07', 79)","('כאן 11', '2024-11-07', 79)",2024-11-07 23:18:00
כאן 11,PrimeShow2_first_short,PrimeShow2,first,short,late_evening,2024-11-07,23,0.4,24.0,4,0.11399060821715493,-0.11399060821715493,0.8333333333333334,0.9339513325608343,1.0,1,"('כאן 11', '2024-11-07', 81)","('כאן 11', '2024-11-07', 81)",2024-11-07 23:31:00
כאן 11,Other_middle_standard,Other,middle,standard,late_evening,2024-11-07,23,2.066666666666667,124.0,6,0.08948628544387899,-0.08948628544387899,0.8888888888888891,0.9720998531571218,1.0,1,"('כאן 11', '2024-11-07', 82)","('כאן 11', '2024-11-07', 82)",2024-11-07 23:49:00
כאן 11,Other_first_standard,Other,first,standard,overnight,2024-11-08,0,2.5833333333333335,155.0,3,-0.24351707703985337,0.24351707703985337,1.1515151515151514,0.9026336791699919,1.0,1,"('כאן 11', '2024-11-08', 0)","('כאן 11', '2024-11-08', 0)",2024-11-08 00:00:00
כאן 11,Other_last_standard,Other,last,standard,overnight,2024-11-08,0,2.183333333333333,131.0,6,0.3470624963759796,-0.3470624963759796,0.6521739130434783,0.9227642276422765,1.0,1,"('כאן 11', '2024-11-08', 1)","('כאן 11', '2024-11-08', 1)",2024-11-08 00:28:00
כאן 11,Other_middle_long,Other,middle,long,overnight,2024-11-08,1,3.1,186.0,4,-0.068887213501751,0.068887213501751,1.0,0.9334319526627218,1.0,1,"('כאן 11', '2024-11-08', 3)","('כאן 11', '2024-11-08', 3)",2024-11-08 01:12:00
כאן 11,Other_last_standard,Other,last,standard,overnight,2024-11-08,1,2.4,144.0,4,-0.3697470255060851,0.3697470255060851,1.3750000000000002,0.9500000000000002,2.0,0,"('כאן 11', '2024-11-08', 3)","('כאן 11', '2024-11-08', 3)",2024-11-08 01:24:00
כאן 11,Other_last_standard,Other,last,standard,overnight,2024-11-08,1,1.7333333333333334,104.0,3,0.4328539407712977,-0.4328539407712977,1.1111111111111112,1.7129455909943716,1.0,1,"('כאן 11', '2024-11-08', 6)","('כאן 11', '2024-11-08', 6)",2024-11-08 01:57:00
כאן 11,Other_first_short,Other,first,short,overnight,2024-11-08,2,1.4666666666666666,88.0,3,0.13705145452226067,-0.13705145452226067,0.9999999999999998,1.1468871595330739,1.0,1,"('כאן 11', '2024-11-08', 8)","('כאן 11', '2024-11-08', 8)",2024-11-08 02:04:00
כאן 11,Other_last_standard,Other,last,standard,overnight,2024-11-08,2,1.6333333333333333,98.0,3,-0.19145220365982948,0.19145220365982948,1.173913043478261,0.9693693693693695,1.0,1,"('כאן 11', '2024-11-08', 10)","('כאן 11', '2024-11-08', 10)",2024-11-08 02:41:00
כאן 11,Other_last_standard,Other,last,standard,overnight,2024-11-08,3,1.8833333333333333,113.0,3,0.19065493835309882,-0.19065493835309882,0.8333333333333334,1.00836820083682,1.0,1,"('כאן 11', '2024-11-08', 12)","('כאן 11', '2024-11-08', 12)",2024-11-08 03:18:00
כאן 11,Other_middle_standard,Other,middle,standard,afternoon,2024-11-08,12,2.0,120.0,3,1.1515751178477918,-1.1515751178477918,0.3125,0.9884910485933504,1.0,1,"('כאן 11', '2024-11-08', 24)","('כאן 11', '2024-11-08', 24)",2024-11-08 12:25:00
כאן 11,Other_last_standard,Other,last,standard,afternoon,2024-11-08,12,2.0833333333333335,125.0,4,0.46860299334364414,-0.46860299334364414,0.6,0.9586563307493541,2.0,0,"('כאן 11', '2024-11-08', 24)","('כאן 11', '2024-11-08', 24)",2024-11-08 12:41:00
כאן 11,Other_middle_standard,Other,middle,standard,afternoon,2024-11-08,14,1.8666666666666667,112.0,4,0.11188699331021863,-0.11188699331021863,0.8588235294117645,0.9604966139954852,1.0,1,"('כאן 11', '2024-11-08', 29)","('כאן 11', '2024-11-08', 29)",2024-11-08 14:46:00
כאן 11,Other_middle_standard,Other,middle,standard,afternoon,2024-11-08,14,1.9666666666666666,118.0,4,0.03594315614147951,-0.03594315614147951,0.913978494623656,0.9474272930648768,2.0,0,"('כאן 11', '2024-11-08', 29)","('כאן 11', '2024-11-08', 29)",2024-11-08 14:56:00
כאן 11,Other_middle_standard,Other,middle,standard,afternoon,2024-11-08,15,1.8833333333333333,113.0,4,0.15778536332960885,-0.15778536332960885,1.0318471337579618,1.2082051282051283,3.0,0,"('כאן 11', '2024-11-08', 29)","('כאן 11', '2024-11-08', 29)",2024-11-08 15:31:00
כאן 11,Other_last_standard,Other,last,standard,afternoon,2024-11-08,15,1.7333333333333334,104.0,3,-0.07793646408917129,0.07793646408917129,0.8638743455497382,0.7991038088125467,4.0,0,"('כאן 11', '2024-11-08', 29)","('כאן 11', '2024-11-08', 29)",2024-11-08 15:58:00
כאן 11,Other_last_standard,Other,last,standard,afternoon,2024-11-08,16,2.25,135.0,4,0.24687798848280346,-0.24687798848280346,0.761467889908257,0.9746963562753037,5.0,0,"('כאן 11', '2024-11-08', 29)","('כאן 11', '2024-11-08', 29)",2024-11-08 16:30:00
כאן 11,Other_last_standard,Other,last,standard,afternoon,2024-11-08,16,2.25,135.0,6,0.23660626524240613,-0.23660626524240613,0.8230088495575221,1.0427046263345194,6.0,0,"('כאן 11', '2024-11-08', 29)","('כאן 11', '2024-11-08', 29)",2024-11-08 16:52:00
כאן 11,Other_middle_standard,Other,middle,standard,early_evening,2024-11-08,17,2.5,150.0,7,0.02325112734060182,-0.02325112734060182,1.1216216216216217,1.1480061349693251,1.0,1,"('כאן 11', '2024-11-08', 36)","('כאן 11', '2024-11-08', 36)",2024-11-08 17:21:00
כאן 11,Other_last_standard,Other,last,standard,early_evening,2024-11-08,17,2.6666666666666665,160.0,7,0.19310757433339182,-0.19310757433339182,0.8350515463917528,1.012928611579539,2.0,0,"('כאן 11', '2024-11-08', 36)","('כאן 11', '2024-11-08', 36)",2024-11-08 17:43:00
כאן 11,Other_first_standard,Other,first,standard,early_evening,2024-11-08,18,2.0166666666666666,121.0,7,0.2541423433319296,-0.2541423433319296,0.8023255813953488,1.0344827586206895,1.0,1,"('כאן 11', '2024-11-08', 39)","('כאן 11', '2024-11-08', 39)",2024-11-08 18:23:00
כאן 11,Other_middle_standard,Other,middle,standard,early_evening,2024-11-08,18,2.2666666666666666,136.0,7,0.12540545196386382,-0.12540545196386382,0.91,1.0315832649712877,2.0,0,"('כאן 11', '2024-11-08', 39)","('כאן 11', '2024-11-08', 39)",2024-11-08 18:51:00
כאן 11,Other_last_standard,Other,last,standard,early_evening,2024-11-08,19,2.1333333333333333,128.0,4,0.207938687153953,-0.207938687153953,0.7826086956521738,0.9634990560100694,3.0,0,"('כאן 11', '2024-11-08', 39)","('כאן 11', '2024-11-08', 39)",2024-11-08 19:15:00
כאן 11,PrimeShow2_middle_long,PrimeShow2,middle,long,late_evening,2024-11-08,22,3.2666666666666666,196.0,7,-0.23352485327487388,0.23352485327487388,1.095890410958904,0.8676579925650558,1.0,1,"('כאן 11', '2024-11-08', 45)","('כאן 11', '2024-11-08', 45)",2024-11-08 22:26:00
כאן 11,PrimeShow2_last_standard,PrimeShow2,last,standard,late_evening,2024-11-08,22,2.183333333333333,131.0,7,-0.08445478908090215,0.08445478908090215,0.9944751381215469,0.9139357828533597,2.0,0,"('כאן 11', '2024-11-08', 45)","('כאן 11', '2024-11-08', 45)",2024-11-08 22:49:00
כאן 11,Other_middle_standard,Other,middle,standard,late_evening,2024-11-08,23,2.3666666666666667,142.0,6,0.2640933573845306,-0.2640933573845306,0.7244897959183673,0.9434666666666666,1.0,1,"('כאן 11', '2024-11-08', 48)","('כאן 11', '2024-11-08', 48)",2024-11-08 23:23:00
כאן 11,PrimeShow1_first_short,PrimeShow1,first,short,late_evening,2024-11-08,23,0.2,12.0,2,0.07507205979212014,-0.07507205979212014,0.9135802469135801,0.9848046309696094,1.0,1,"('כאן 11', '2024-11-08', 51)","('כאן 11', '2024-11-08', 51)",2024-11-08 23:44:00
כאן 11,Other_first_standard,Other,first,standard,overnight,2024-11-09,0,2.55,153.0,5,-0.15117073492867333,0.15117073492867333,1.0980392156862744,0.9439853076216713,1.0,1,"('כאן 11', '2024-11-09', 0)","('כאן 11', '2024-11-09', 0)",2024-11-09 00:17:00
כאן 11,Other_first_standard,Other,first,standard,overnight,2024-11-09,0,1.6833333333333333,101.0,3,0.24688865112891611,-0.24688865112891611,0.7391304347826088,0.9461139896373058,1.0,1,"('כאן 11', '2024-11-09', 1)","('כאן 11', '2024-11-09', 1)",2024-11-09 00:31:00
כאן 11,Other_middle_short,Other,middle,short,overnight,2024-11-09,1,1.2,72.0,2,-0.0465837647185215,0.0465837647185215,1.0,0.9544846050870146,1.0,1,"('כאן 11', '2024-11-09', 2)","('כאן 11', '2024-11-09', 2)",2024-11-09 01:01:00
כאן 11,Other_last_standard,Other,last,standard,overnight,2024-11-09,1,2.466666666666667,148.0,3,-0.15708777263126053,0.15708777263126053,1.0555555555555556,0.9021084337349395,2.0,0,"('כאן 11', '2024-11-09', 2)","('כאן 11', '2024-11-09', 2)",2024-11-09 01:16:00
כאן 11,Other_last_standard,Other,last,standard,overnight,2024-11-09,1,1.8166666666666667,109.0,3,-0.06050994949247429,0.06050994949247429,1.6666666666666663,1.5688073394495414,1.0,1,"('כאן 11', '2024-11-09', 5)","('כאן 11', '2024-11-09', 5)",2024-11-09 01:54:00
כאן 11,Other_middle_standard,Other,middle,standard,overnight,2024-11-09,2,2.0,120.0,3,0.03581403347530595,-0.03581403347530595,1.0,1.0364630811303557,1.0,1,"('כאן 11', '2024-11-09', 7)","('כאן 11', '2024-11-09', 7)",2024-11-09 02:17:00
כאן 11,Other_middle_short,Other,middle,short,overnight,2024-11-09,2,1.4333333333333333,86.0,3,0.16941815195804655,-0.16941815195804655,1.0,1.1846153846153844,1.0,1,"('כאן 11', '2024-11-09', 9)","('כאן 11', '2024-11-09', 9)",2024-11-09 02:50:00
כאן 11,Other_last_standard,Other,last,standard,overnight,2024-11-09,3,1.5166666666666666,91.0,3,0.0019436352085712523,-0.0019436352085712523,1.0,1.001945525291829,2.0,0,"('כאן 11', '2024-11-09', 9)","('כאן 11', '2024-11-09', 9)",2024-11-09 03:10:00
כאן 11,Other_middle_standard,Other,middle,standard,overnight,2024-11-09,3,2.466666666666667,148.0,3,-0.1163635890021576,0.1163635890021576,1.0,0.8901515151515148,1.0,1,"('כאן 11', '2024-11-09', 12)","('כאן 11', '2024-11-09', 12)",2024-11-09 03:42:00
כאן 11,Other_last_standard,Other,last,standard,overnight,2024-11-09,4,2.316666666666667,139.0,3,-0.04989697114462304,0.04989697114462304,1.0,0.9513274336283186,2.0,0,"('כאן 11', '2024-11-09', 12)","('כאן 11', '2024-11-09', 12)",2024-11-09 04:03:00
כאן 11,Other_middle_short,Other,middle,short,overnight,2024-11-09,4,1.1666666666666667,70.0,2,0.03045920748470844,-0.03045920748470844,1.0,1.0309278350515463,1.0,1,"('כאן 11', '2024-11-09', 15)","('כאן 11', '2024-11-09', 15)",2024-11-09 04:35:00
כאן 11,Other_last_standard,Other,last,standard,overnight,2024-11-09,4,1.5833333333333333,95.0,3,0.40287778454321377,-0.40287778454321377,0.7499999999999998,1.122093023255814,2.0,0,"('כאן 11', '2024-11-09', 15)","('כאן 11', '2024-11-09', 15)",2024-11-09 04:55:00
כאן 11,Other_last_standard,Other,last,standard,overnight,2024-11-09,5,2.1333333333333333,128.0,3,-0.032039353744616306,0.032039353744616306,1.2,1.1621621621621625,1.0,1,"('כאן 11', '2024-11-09', 21)","('כאן 11', '2024-11-09', 21)",2024-11-09 05:52:00
כאן 11,Other_middle_standard,Other,middle,standard,morning,2024-11-09,7,2.1,126.0,4,-0.023812603936261556,0.023812603936261556,1.1818181818181817,1.1540084388185652,1.0,1,"('כאן 11', '2024-11-09', 24)","('כאן 11', '2024-11-09', 24)",2024-11-09 07:23:00
כאן 11,Other_last_standard,Other,last,standard,morning,2024-11-09,7,2.4166666666666665,145.0,4,0.2494608596315833,-0.2494608596315833,0.8181818181818181,1.05,2.0,0,"('כאן 11', '2024-11-09', 24)","('כאן 11', '2024-11-09', 24)",2024-11-09 07:38:00
כאן 11,Other_first_standard,Other,first,standard,morning,2024-11-09,7,1.9333333333333333,116.0,4,0.2862147207578316,-0.2862147207578316,0.7499999999999998,0.9985337243401761,1.0,1,"('כאן 11', '2024-11-09', 27)","('כאן 11', '2024-11-09', 27)",2024-11-09 07:58:00
כאן 11,Other_last_standard,Other,last,standard,morning,2024-11-09,8,2.4833333333333334,149.0,4,-0.2208211014803087,0.2208211014803087,1.1538461538461537,0.9252232142857143,2.0,0,"('כאן 11', '2024-11-09', 27)","('כאן 11', '2024-11-09', 27)",2024-11-09 08:31:00
כאן 11,Other_middle_standard,Other,middle,standard,morning,2024-11-09,9,2.7,162.0,4,-0.5307267780832853,0.5307267780832853,1.6666666666666663,0.9802955665024632,1.0,1,"('כאן 11', '2024-11-09', 30)","('כאן 11', '2024-11-09', 30)",2024-11-09 09:07:00
כאן 11,Other_last_standard,Other,last,standard,morning,2024-11-09,9,2.6333333333333333,158.0,4,-0.2958177651574322,0.2958177651574322,1.3636363636363635,1.0144404332129964,2.0,0,"('כאן 11', '2024-11-09', 30)","('כאן 11', '2024-11-09', 30)",2024-11-09 09:19:00
כאן 11,PrimeShow1_middle_long,PrimeShow1,middle,long,afternoon,2024-11-09,12,3.15,189.0,5,0.11852166547658892,-0.11852166547658892,0.8813559322033898,0.9922580645161289,1.0,1,"('כאן 11', '2024-11-09', 39)","('כאן 11', '2024-11-09', 39)",2024-11-09 12:26:00
כאן 11,PrimeShow1_last_standard,PrimeShow1,last,standard,afternoon,2024-11-09,12,1.85,111.0,4,0.014759751363549262,-0.014759751363549262,0.9344262295081969,0.9483204134366924,2.0,0,"('כאן 11', '2024-11-09', 39)","('כאן 11', '2024-11-09', 39)",2024-11-09 12:50:00
כאן 11,Other_middle_standard,Other,middle,standard,afternoon,2024-11-09,13,2.6333333333333333,158.0,4,0.2686502816536523,-0.2686502816536523,0.7916666666666665,1.0356564019448946,1.0,1,"('כאן 11', '2024-11-09', 43)","('כאן 11', '2024-11-09', 43)",2024-11-09 13:36:00
כאן 11,Other_last_standard,Other,last,standard,afternoon,2024-11-09,13,1.9333333333333333,116.0,4,-0.1613173977623516,0.1613173977623516,1.1481481481481481,0.9770992366412213,2.0,0,"('כאן 11', '2024-11-09', 43)","('כאן 11', '2024-11-09', 43)",2024-11-09 13:57:00
כאן 11,Other_middle_standard,Other,middle,standard,afternoon,2024-11-09,14,2.2,132.0,4,-0.3820592796044973,0.3820592796044973,1.4500000000000002,0.9895591647331785,1.0,1,"('כאן 11', '2024-11-09', 53)","('כאן 11', '2024-11-09', 53)",2024-11-09 14:34:00
כאן 11,PrimeShow1_first_standard,PrimeShow1,first,standard,afternoon,2024-11-09,15,2.3666666666666667,142.0,4,0.3533164841099889,-0.3533164841099889,0.7500000000000001,1.0678362573099414,1.0,1,"('כאן 11', '2024-11-09', 57)","('כאן 11', '2024-11-09', 57)",2024-11-09 15:05:00
כאן 11,Other_last_long,Other,last,long,afternoon,2024-11-09,15,3.4833333333333334,209.0,5,-0.23367908412594218,0.23367908412594218,1.173076923076923,0.928626247122026,1.0,1,"('כאן 11', '2024-11-09', 59)","('כאן 11', '2024-11-09', 59)",2024-11-09 15:44:00
כאן 11,Other_first_standard,Other,first,standard,afternoon,2024-11-09,16,2.15,129.0,4,0.07972529773594075,-0.07972529773594075,0.8846153846153845,0.958029197080292,1.0,1,"('כאן 11', '2024-11-09', 61)","('כאן 11', '2024-11-09', 61)",2024-11-09 16:06:00
כאן 11,Other_middle_standard,Other,middle,standard,afternoon,2024-11-09,16,2.25,135.0,6,0.07470473651185358,-0.07470473651185358,1.0487804878048783,1.13013013013013,2.0,0,"('כאן 11', '2024-11-09', 61)","('כאן 11', '2024-11-09', 61)",2024-11-09 16:40:00
כאן 11,Other_middle_standard,Other,middle,standard,early_evening,2024-11-09,17,2.3333333333333335,140.0,6,0.5830597214975114,-0.5830597214975114,0.5517241379310345,0.9884201819685693,3.0,0,"('כאן 11', '2024-11-09', 61)","('כאן 11', '2024-11-09', 61)",2024-11-09 17:02:00
כאן 11,Other_middle_standard,Other,middle,standard,early_evening,2024-11-09,17,2.1333333333333333,128.0,5,-0.15630326058879968,0.15630326058879968,1.2040816326530612,1.0298507462686566,4.0,0,"('כאן 11', '2024-11-09', 61)","('כאן 11', '2024-11-09', 61)",2024-11-09 17:16:00
כאן 11,News_first_standard,News,first,standard,early_evening,2024-11-09,18,2.033333333333333,122.0,7,0.13745169172797148,-0.13745169172797148,0.8677685950413223,0.995631067961165,1.0,1,"('כאן 11', '2024-11-09', 66)","('כאן 11', '2024-11-09', 66)",2024-11-09 18:14:00
כאן 11,PrimeShow2_last_standard,PrimeShow2,last,standard,late_evening,2024-11-09,21,2.7333333333333334,164.0,7,0.039140319179309546,-0.039140319179309546,0.8412698412698413,0.8748502994011976,1.0,1,"('כאן 11', '2024-11-09', 71)","('כאן 11', '2024-11-09', 71)",2024-11-09 21:55:00
כאן 11,Other_middle_standard,Other,middle,standard,late_evening,2024-11-09,22,2.35,141.0,7,0.015314088278356147,-0.015314088278356147,0.9135802469135804,0.9276785714285716,1.0,1,"('כאן 11', '2024-11-09', 73)","('כאן 11', '2024-11-09', 73)",2024-11-09 22:37:00
כאן 11,Other_last_standard,Other,last,standard,late_evening,2024-11-09,22,2.533333333333333,152.0,6,0.18369798560321673,-0.18369798560321673,0.7884615384615383,0.9474570562478949,2.0,0,"('כאן 11', '2024-11-09', 73)","('כאן 11', '2024-11-09', 73)",2024-11-09 22:50:00
כאן 11,PrimeShow1_first_short,PrimeShow1,first,short,late_evening,2024-11-09,23,1.05,63.0,5,0.24924218333334439,-0.24924218333334439,0.6415094339622641,0.8230904302019316,1.0,1,"('כאן 11', '2024-11-09', 77)","('כאן 11', '2024-11-09', 77)",2024-11-09 23:18:00
כאן 11,PrimeShow2_last_standard,PrimeShow2,last,standard,late_evening,2024-11-09,23,2.183333333333333,131.0,6,-0.04408372343924272,0.04408372343924272,1.0571428571428572,1.011552346570397,1.0,1,"('כאן 11', '2024-11-09', 78)","('כאן 11', '2024-11-09', 78)",2024-11-09 23:45:00
כאן 11,Other_first_standard,Other,first,standard,overnight,2024-11-10,0,2.4,144.0,5,-0.5431734576315098,0.5431734576315098,1.6666666666666667,0.9681697612732098,1.0,1,"('כאן 11', '2024-11-10', 0)","('כאן 11', '2024-11-10', 0)",2024-11-10 00:07:00
כאן 11,Other_middle_short,Other,middle,short,overnight,2024-11-10,1,1.1833333333333333,71.0,2,0.04401688541677467,-0.04401688541677467,0.909090909090909,0.9500000000000002,1.0,1,"('כאן 11', '2024-11-10', 3)","('כאן 11', '2024-11-10', 3)",2024-11-10 01:24:00
כאן 11,Other_last_standard,Other,last,standard,overnight,2024-11-10,1,1.8333333333333333,110.0,2,1.7374474798743156,-1.7374474798743156,0.16666666666666663,0.9471365638766522,2.0,0,"('כאן 11', '2024-11-10', 3)","('כאן 11', '2024-11-10', 3)",2024-11-10 01:45:00
כאן 11,Other_last_standard,Other,last,standard,overnight,2024-11-10,2,1.6833333333333333,101.0,3,1.3921366367441186,-1.3921366367441186,0.3000000000000001,1.20703125,1.0,1,"('כאן 11', '2024-11-10', 8)","('כאן 11', '2024-11-10', 8)",2024-11-10 02:52:00
כאן 11,Other_middle_standard,Other,middle,standard,overnight,2024-11-10,3,2.3666666666666667,142.0,3,-0.8025810216054072,0.8025810216054072,2.0,0.8963414634146343,1.0,1,"('כאן 11', '2024-11-10', 10)","('כאן 11', '2024-11-10', 10)",2024-11-10 03:33:00
כאן 11,Other_last_standard,Other,last,standard,overnight,2024-11-10,3,1.95,117.0,2,0.867500567704723,-0.867500567704723,0.37500000000000006,0.8928571428571429,2.0,0,"('כאן 11', '2024-11-10', 10)","('כאן 11', '2024-11-10', 10)",2024-11-10 03:46:00
כאן 11,Other_first_standard,Other,first,standard,morning,2024-11-10,6,1.8166666666666667,109.0,3,-0.3393308304807603,0.3393308304807603,1.7142857142857144,1.2209944751381212,1.0,1,"('כאן 11', '2024-11-10', 21)","('כאן 11', '2024-11-10', 21)",2024-11-10 06:07:00
כאן 11,Other_middle_standard,Other,middle,standard,morning,2024-11-10,6,2.1,126.0,3,-0.3706789920227487,0.3706789920227487,1.6666666666666663,1.1504424778761062,2.0,0,"('כאן 11', '2024-11-10', 21)","('כאן 11', '2024-11-10', 21)",2024-11-10 06:33:00
כאן 11,PrimeShow1_middle_standard,PrimeShow1,middle,standard,afternoon,2024-11-10,12,1.7333333333333334,104.0,3,0.18785000703308982,-0.18785000703308982,0.8181818181818181,0.9872611464968153,1.0,1,"('כאן 11', '2024-11-10', 27)","('כאן 11', '2024-11-10', 27)",2024-11-10 12:21:00
כאן 11,PrimeShow1_last_standard,PrimeShow1,last,standard,afternoon,2024-11-10,12,2.433333333333333,146.0,3,-0.0843411484337508,0.0843411484337508,1.0666666666666667,0.9803921568627452,2.0,0,"('כאן 11', '2024-11-10', 27)","('כאן 11', '2024-11-10', 27)",2024-11-10 12:42:00
כאן 11,Other_middle_standard,Other,middle,standard,afternoon,2024-11-10,13,1.7166666666666666,103.0,3,0.6570081339440721,-0.6570081339440721,0.5,0.9645061728395061,1.0,1,"('כאן 11', '2024-11-10', 32)","('כאן 11', '2024-11-10', 32)",2024-11-10 13:33:00
כאן 11,Other_last_short,Other,last,short,afternoon,2024-11-10,13,1.2833333333333334,77.0,2,0.06147186409366779,-0.06147186409366779,1.0,1.0634005763688759,2.0,0,"('כאן 11', '2024-11-10', 32)","('כאן 11', '2024-11-10', 32)",2024-11-10 13:47:00
כאן 11,PrimeShow1_last_long,PrimeShow1,last,long,afternoon,2024-11-10,14,3.033333333333333,182.0,4,0.09302224092288858,-0.09302224092288858,0.9230769230769232,1.013064133016627,1.0,1,"('כאן 11', '2024-11-10', 36)","('כאן 11', '2024-11-10', 36)",2024-11-10 14:32:00
כאן 11,PrimeShow2_middle_standard,PrimeShow2,middle,standard,afternoon,2024-11-10,15,2.716666666666667,163.0,5,-0.17333803842478115,0.17333803842478115,1.2307692307692306,1.0348964013086153,1.0,1,"('כאן 11', '2024-11-10', 42)","('כאן 11', '2024-11-10', 42)",2024-11-10 15:18:00
כאן 11,Other_last_long,Other,last,long,afternoon,2024-11-10,15,3.05,183.0,6,-0.018495540835209934,0.018495540835209934,1.15,1.1289256198347108,1.0,1,"('כאן 11', '2024-11-10', 44)","('כאן 11', '2024-11-10', 44)",2024-11-10 15:52:00
כאן 11,Other_first_short,Other,first,short,afternoon,2024-11-10,16,1.4166666666666667,85.0,4,0.7559320970164886,-0.7559320970164886,0.4285714285714285,0.9126838235294119,1.0,1,"('כאן 11', '2024-11-10', 46)","('כאן 11', '2024-11-10', 46)",2024-11-10 16:11:00
כאן 11,Other_last_standard,Other,last,standard,afternoon,2024-11-10,16,2.1666666666666665,130.0,7,-0.17162452097519842,0.17162452097519842,1.3,1.0949839914621131,2.0,0,"('כאן 11', '2024-11-10', 46)","('כאן 11', '2024-11-10', 46)",2024-11-10 16:35:00
כאן 11,News_first_standard,News,first,standard,early_evening,2024-11-10,17,1.85,111.0,7,0.3018628015827978,-0.3018628015827978,0.7714285714285714,1.043261231281198,1.0,1,"('כאן 11', '2024-11-10', 50)","('כאן 11', '2024-11-10', 50)",2024-11-10 17:07:00
כאן 11,News_last_standard,News,last,standard,early_evening,2024-11-10,17,2.1666666666666665,130.0,8,0.17820409513114832,-0.17820409513114832,0.8888888888888891,1.0622837370242215,2.0,0,"('כאן 11', '2024-11-10', 50)","('כאן 11', '2024-11-10', 50)",2024-11-10 17:46:00
כאן 11,News_first_standard,News,first,standard,early_evening,2024-11-10,18,2.1333333333333333,128.0,7,-0.03515016237799993,0.03515016237799993,1.03125,0.995631067961165,1.0,1,"('כאן 11', '2024-11-10', 53)","('כאן 11', '2024-11-10', 53)",2024-11-10 18:14:00
כאן 11,News_last_standard,News,last,standard,early_evening,2024-11-10,18,2.1,126.0,6,0.1703893929294382,-0.1703893929294382,0.8378378378378377,0.9934800325998367,2.0,0,"('כאן 11', '2024-11-10', 53)","('כאן 11', '2024-11-10', 53)",2024-11-10 18:45:00
כאן 11,News_last_short,News,last,short,late_evening,2024-11-10,21,0.9,54.0,3,-0.1318694392155321,0.1318694392155321,1.108108108108108,0.9712073554318896,1.0,1,"('כאן 11', '2024-11-10', 58)","('כאן 11', '2024-11-10', 58)",2024-11-10 21:25:00
כאן 11,News_last_short,News,last,short,late_evening,2024-11-10,21,0.85,51.0,3,0.23500148771724078,-0.23500148771724078,0.9024390243902439,1.1415047334329846,2.0,0,"('כאן 11', '2024-11-10', 58)","('כאן 11', '2024-11-10', 58)",2024-11-10 21:28:00
כאן 11,Other_last_standard,Other,last,standard,late_evening,2024-11-10,22,1.7666666666666666,106.0,7,0.22682749059306456,-0.22682749059306456,0.7478260869565218,0.9382326420198378,1.0,1,"('כאן 11', '2024-11-10', 61)","('כאן 11', '2024-11-10', 61)",2024-11-10 22:15:00
כאן 11,Other_first_standard,Other,first,standard,late_evening,2024-11-10,22,1.9166666666666667,115.0,7,0.5295877193666144,-0.5295877193666144,0.5301204819277108,0.9002675747993188,1.0,1,"('כאן 11', '2024-11-10', 63)","('כאן 11', '2024-11-10', 63)",2024-11-10 22:25:00
כאן 11,Other_first_short,Other,first,short,late_evening,2024-11-10,22,1.3166666666666667,79.0,6,0.3502162327224392,-0.3502162327224392,0.6666666666666665,0.9462496204069237,1.0,1,"('כאן 11', '2024-11-10', 65)","('כאן 11', '2024-11-10', 65)",2024-11-10 22:40:00
כאן 11,News_last_standard,News,last,standard,late_evening,2024-11-10,23,1.5666666666666667,94.0,3,0.2465338668700781,-0.2465338668700781,0.75,0.9596868884540117,1.0,1,"('כאן 11', '2024-11-10', 66)","('כאן 11', '2024-11-10', 66)",2024-11-10 23:03:00
כאן 11,PrimeShow2_first_short,PrimeShow2,first,short,late_evening,2024-11-10,23,0.4,24.0,4,0.28498364251484853,-0.28498364251484853,0.702127659574468,0.9336474283470749,1.0,1,"('כאן 11', '2024-11-10', 68)","('כאן 11', '2024-11-10', 68)",2024-11-10 23:13:00
כאן 11,Other_last_standard,Other,last,standard,late_evening,2024-11-10,23,2.966666666666667,178.0,6,0.23261033075549994,-0.23261033075549994,0.6999999999999998,0.8833227647431833,1.0,1,"('כאן 11', '2024-11-10', 69)","('כאן 11', '2024-11-10', 69)",2024-11-10 23:39:00
כאן 11,Other_middle_short,Other,middle,short,overnight,2024-11-11,0,0.8666666666666667,52.0,2,-0.19576614721270016,0.19576614721270016,1.125,0.9249800478850757,,0,,cd:כאן 11|2024-11-11,2024-11-11 00:00:00
כאן 11,Other_last_standard,Other,last,standard,overnight,2024-11-11,0,1.6,96.0,3,0.2835291411135582,-0.2835291411135582,0.7,0.9294653014789532,1.0,1,"('כאן 11', '2024-11-11', 0)","('כאן 11', '2024-11-11', 0)",2024-11-11 00:41:00
כאן 11,Other_middle_standard,Other,middle,standard,overnight,2024-11-11,1,1.85,111.0,3,-0.19003192835061464,0.19003192835061464,1.090909090909091,0.9021084337349395,1.0,1,"('כאן 11', '2024-11-11', 2)","('כאן 11', '2024-11-11', 2)",2024-11-11 01:16:00
כאן 11,Other_last_standard,Other,last,standard,overnight,2024-11-11,1,1.7666666666666666,106.0,3,0.39727092421912846,-0.39727092421912846,0.6,0.8926553672316385,2.0,0,"('כאן 11', '2024-11-11', 2)","('כאן 11', '2024-11-11', 2)",2024-11-11 01:36:00
כאן 11,Other_first_short,Other,first,short,overnight,2024-11-11,1,0.8833333333333333,53.0,2,-0.29268391802425425,0.29268391802425425,1.8125000000000002,1.3525925925925926,1.0,1,"('כאן 11', '2024-11-11', 6)","('כאן 11', '2024-11-11', 6)",2024-11-11 01:59:00
כאן 11,Other_middle_standard,Other,middle,standard,overnight,2024-11-11,2,1.8333333333333333,110.0,2,0.3980945341079668,-0.3980945341079668,0.6363636363636362,0.9475357710651829,1.0,1,"('כאן 11', '2024-11-11', 8)","('כאן 11', '2024-11-11', 8)",2024-11-11 02:31:00
כאן 11,Other_last_standard,Other,last,standard,overnight,2024-11-11,2,1.85,111.0,2,-1.1136501660326499,1.1136501660326499,3.2499999999999996,1.0671641791044777,2.0,0,"('כאן 11', '2024-11-11', 8)","('כאן 11', '2024-11-11', 8)",2024-11-11 02:48:00
כאן 11,Other_last_short,Other,last,short,overnight,2024-11-11,3,1.2,72.0,2,-0.10686314554236113,0.10686314554236113,1.0,0.8986486486486488,1.0,1,"('כאן 11', '2024-11-11', 13)","('כאן 11', '2024-11-11', 13)",2024-11-11 03:38:00
כאן 11,Other_middle_standard,Other,middle,standard,overnight,2024-11-11,4,1.8333333333333333,110.0,2,-0.1120391944771314,0.1120391944771314,1.0,0.8940092165898618,1.0,1,"('כאן 11', '2024-11-11', 18)","('כאן 11', '2024-11-11', 18)",2024-11-11 04:28:00
כאן 11,Other_middle_standard,Other,middle,standard,overnight,2024-11-11,5,1.95,117.0,2,-0.7806346346830609,0.7806346346830609,2.0,0.9162303664921467,1.0,1,"('כאן 11', '2024-11-11', 21)","('כאן 11', '2024-11-11', 21)",2024-11-11 05:24:00
כאן 11,Other_last_standard,Other,last,standard,overnight,2024-11-11,5,1.85,111.0,2,0.04396312342111642,-0.04396312342111642,1.0,1.0449438202247194,2.0,0,"('כאן 11', '2024-11-11', 21)","('כאן 11', '2024-11-11', 21)",2024-11-11 05:38:00
כאן 11,Other_first_standard,Other,first,standard,morning,2024-11-11,6,2.05,123.0,3,0.2766322362651958,-0.2766322362651958,1.0,1.3186813186813184,1.0,1,"('כאן 11', '2024-11-11', 26)","('כאן 11', '2024-11-11', 26)",2024-11-11 06:09:00
כאן 11,Other_middle_standard,Other,middle,standard,morning,2024-11-11,6,1.7666666666666666,106.0,3,-0.31906509993916116,0.31906509993916116,1.615384615384615,1.174107142857143,2.0,0,"('כאן 11', '2024-11-11', 26)","('כאן 11', '2024-11-11', 26)",2024-11-11 06:36:00
כאן 11,Other_last_standard,Other,last,standard,afternoon,2024-11-11,13,2.466666666666667,148.0,4,0.4617387440902725,-0.4617387440902725,0.6666666666666669,1.057887120115774,1.0,1,"('כאן 11', '2024-11-11', 36)","('כאן 11', '2024-11-11', 36)",2024-11-11 13:03:00
כאן 11,Other_middle_standard,Other,middle,standard,afternoon,2024-11-11,13,2.05,123.0,3,-0.5251320194172283,0.5251320194172283,1.833333333333333,1.084375,1.0,1,"('כאן 11', '2024-11-11', 40)","('כאן 11', '2024-11-11', 40)",2024-11-11 13:41:00
כאן 11,PrimeShow1_last_standard,PrimeShow1,last,standard,afternoon,2024-11-11,14,2.3666666666666667,142.0,4,0.7213843507415553,-0.7213843507415553,0.5,1.0286396181384247,1.0,1,"('כאן 11', '2024-11-11', 45)","('כאן 11', '2024-11-11', 45)",2024-11-11 14:28:00
כאן 11,PrimeShow2_middle_standard,PrimeShow2,middle,standard,afternoon,2024-11-11,15,1.5666666666666667,94.0,3,0.6908915036362803,-0.6908915036362803,0.523809523809524,1.0452586206896552,1.0,1,"('כאן 11', '2024-11-11', 52)","('כאן 11', '2024-11-11', 52)",2024-11-11 15:21:00
כאן 11,Other_last_standard,Other,last,standard,afternoon,2024-11-11,16,1.8333333333333333,110.0,5,-0.17201543970177513,0.17201543970177513,1.3333333333333333,1.1226215644820294,1.0,1,"('כאן 11', '2024-11-11', 56)","('כאן 11', '2024-11-11', 56)",2024-11-11 16:36:00
כאן 11,Other_last_standard,Other,last,standard,afternoon,2024-11-11,16,1.8833333333333333,113.0,5,0.7687196081025779,-0.7687196081025779,0.4615384615384616,0.9955396966993756,2.0,0,"('כאן 11', '2024-11-11', 56)","('כאן 11', '2024-11-11', 56)",2024-11-11 16:45:00
כאן 11,News_last_standard,News,last,standard,early_evening,2024-11-11,17,1.9666666666666666,118.0,6,0.27120710856053404,-0.27120710856053404,0.8275862068965516,1.085417937766931,1.0,1,"('כאן 11', '2024-11-11', 59)","('כאן 11', '2024-11-11', 59)",2024-11-11 17:37:00
כאן 11,News_last_standard,News,last,standard,early_evening,2024-11-11,17,2.15,129.0,5,0.29695961209688193,-0.29695961209688193,0.8032786885245903,1.0810210876803554,2.0,0,"('כאן 11', '2024-11-11', 59)","('כאן 11', '2024-11-11', 59)",2024-11-11 17:50:00
כאן 11,News_first_standard,News,first,standard,early_evening,2024-11-11,18,1.8833333333333333,113.0,5,-0.08117762199075856,0.08117762199075856,1.0909090909090908,1.0058508044856167,1.0,1,"('כאן 11', '2024-11-11', 63)","('כאן 11', '2024-11-11', 63)",2024-11-11 18:16:00
כאן 11,News_middle_standard,News,middle,standard,early_evening,2024-11-11,18,2.1333333333333333,128.0,5,0.10567832910401015,-0.10567832910401015,0.8666666666666667,0.9632690541781452,2.0,0,"('כאן 11', '2024-11-11', 63)","('כאן 11', '2024-11-11', 63)",2024-11-11 18:30:00
כאן 11,News_last_short,News,last,short,late_evening,2024-11-11,21,0.6333333333333333,38.0,2,0.13961767762023072,-0.13961767762023072,0.8684210526315791,0.9985401459854016,1.0,1,"('כאן 11', '2024-11-11', 67)","('כאן 11', '2024-11-11', 67)",2024-11-11 21:24:00
כאן 11,News_last_short,News,last,short,late_evening,2024-11-11,21,0.7666666666666667,46.0,2,-0.476901273312323,0.476901273312323,1.7272727272727273,1.0721247563352825,2.0,0,"('כאן 11', '2024-11-11', 67)","('כאן 11', '2024-11-11', 67)",2024-11-11 21:27:00
כאן 11,Other_first_standard,Other,first,standard,late_evening,2024-11-11,21,2.2333333333333334,134.0,7,-0.005273192239582697,0.005273192239582697,0.9610389610389611,0.955984555984556,1.0,1,"('כאן 11', '2024-11-11', 70)","('כאן 11', '2024-11-11', 70)",2024-11-11 21:42:00
כאן 11,Other_last_standard,Other,last,standard,late_evening,2024-11-11,22,2.2,132.0,6,0.11923909614090916,-0.11923909614090916,0.8698224852071006,0.9799761620977355,2.0,0,"('כאן 11', '2024-11-11', 70)","('כאן 11', '2024-11-11', 70)",2024-11-11 22:19:00
כאן 11,Other_middle_standard,Other,middle,standard,late_evening,2024-11-11,22,2.216666666666667,133.0,6,0.17231585686057455,-0.17231585686057455,0.8157894736842106,0.9692011549566893,1.0,1,"('כאן 11', '2024-11-11', 73)","('כאן 11', '2024-11-11', 73)",2024-11-11 22:43:00
כאן 11,Other_first_short,Other,first,short,late_evening,2024-11-11,23,1.2833333333333334,77.0,5,0.038831855112716016,-0.038831855112716016,0.9333333333333332,0.9702892885066458,1.0,1,"('כאן 11', '2024-11-11', 76)","('כאן 11', '2024-11-11', 76)",2024-11-11 23:04:00
כאן 11,News_last_standard,News,last,standard,late_evening,2024-11-11,23,1.85,111.0,3,0.1075516617300807,-0.1075516617300807,0.8333333333333334,0.9279569892473116,1.0,1,"('כאן 11', '2024-11-11', 77)","('כאן 11', '2024-11-11', 77)",2024-11-11 23:25:00
כאן 11,PrimeShow2_first_short,PrimeShow2,first,short,late_evening,2024-11-11,23,0.2,12.0,2,0.12123631624814422,-0.12123631624814422,0.8571428571428571,0.9676214196762143,1.0,1,"('כאן 11', '2024-11-11', 79)","('כאן 11', '2024-11-11', 79)",2024-11-11 23:36:00
כאן 11,Other_last_short,Other,last,short,late_evening,2024-11-11,23,1.2,72.0,2,0.10367842947484159,-0.10367842947484159,0.8225806451612904,0.9124423963133642,1.0,1,"('כאן 11', '2024-11-11', 80)","('כאן 11', '2024-11-11', 80)",2024-11-11 23:58:00
כאן 11,Other_first_standard,Other,first,standard,overnight,2024-11-12,0,1.95,117.0,4,-0.05667238709891086,0.05667238709891086,1.0,0.9449035812672176,1.0,1,"('כאן 11', '2024-11-12', 0)","('כאן 11', '2024-11-12', 0)",2024-11-12 00:17:00
כאן 11,Other_last_standard,Other,last,standard,overnight,2024-11-12,0,1.8166666666666667,109.0,2,-0.03674590192021264,0.03674590192021264,0.9285714285714288,0.8950695322376737,1.0,1,"('כאן 11', '2024-11-12', 1)","('כאן 11', '2024-11-12', 1)",2024-11-12 00:58:00
כאן 11,Other_middle_standard,Other,middle,standard,overnight,2024-11-12,1,1.7333333333333334,104.0,3,-0.06152918994686168,0.06152918994686168,1.0,0.9403254972875227,1.0,1,"('כאן 11', '2024-11-12', 3)","('כאן 11', '2024-11-12', 3)",2024-11-12 01:32:00
כאן 11,Other_last_standard,Other,last,standard,overnight,2024-11-12,1,2.316666666666667,139.0,3,0.21473621547823615,-0.21473621547823615,1.0,1.23953488372093,2.0,0,"('כאן 11', '2024-11-12', 3)","('כאן 11', '2024-11-12', 3)",2024-11-12 01:51:00
כאן 11,Other_first_short,Other,first,short,overnight,2024-11-12,2,0.8666666666666667,52.0,2,0.5366242598725665,-0.5366242598725665,0.8787878787878787,1.5029239766081874,1.0,1,"('כאן 11', '2024-11-12', 6)","('כאן 11', '2024-11-12', 6)",2024-11-12 02:00:00
כאן 11,Other_last_standard,Other,last,standard,overnight,2024-11-12,2,1.7,102.0,3,0.1863400823380053,-0.1863400823380053,0.7741935483870969,0.9327731092436975,1.0,1,"('כאן 11', '2024-11-12', 7)","('כאן 11', '2024-11-12', 7)",2024-11-12 02:35:00
כאן 11,Other_first_standard,Other,first,standard,overnight,2024-11-12,2,1.8666666666666667,112.0,2,0.6746623658858423,-0.6746623658858423,0.5,0.9816849816849818,1.0,1,"('כאן 11', '2024-11-12', 9)","('כאן 11', '2024-11-12', 9)",2024-11-12 02:42:00
כאן 11,Other_last_short,Other,last,short,overnight,2024-11-12,3,1.0666666666666667,64.0,2,-0.09402894964827645,0.09402894964827645,1.0,0.9102564102564101,1.0,1,"('כאן 11', '2024-11-12', 10)","('כאן 11', '2024-11-12', 10)",2024-11-12 03:00:00
כאן 11,Other_middle_standard,Other,middle,standard,overnight,2024-11-12,5,2.3333333333333335,140.0,3,-0.10265415406008321,0.10265415406008321,1.0,0.902439024390244,1.0,1,"('כאן 11', '2024-11-12', 19)","('כאן 11', '2024-11-12', 19)",2024-11-12 05:21:00
כאן 11,Other_last_standard,Other,last,standard,overnight,2024-11-12,5,1.7333333333333334,104.0,3,0.07961762796469139,-0.07961762796469139,1.0,1.0828729281767955,2.0,0,"('כאן 11', '2024-11-12', 19)","('כאן 11', '2024-11-12', 19)",2024-11-12 05:36:00
כאן 11,Other_first_standard,Other,first,standard,morning,2024-11-12,6,2.4833333333333334,149.0,3,0.1813741384379148,-0.1813741384379148,1.0,1.1988636363636365,1.0,1,"('כאן 11', '2024-11-12', 24)","('כאן 11', '2024-11-12', 24)",2024-11-12 06:06:00
כאן 11,Other_middle_standard,Other,middle,standard,morning,2024-11-12,6,1.85,111.0,3,1.4758808948816464,-1.4758808948816464,0.2777777777777778,1.2152466367713004,2.0,0,"('כאן 11', '2024-11-12', 24)","('כאן 11', '2024-11-12', 24)",2024-11-12 06:34:00
כאן 11,PrimeShow1_middle_standard,PrimeShow1,middle,standard,afternoon,2024-11-12,12,2.966666666666667,178.0,4,0.44667868197505867,-0.44667868197505867,0.6315789473684212,0.9872286079182631,1.0,1,"('כאן 11', '2024-11-12', 30)","('כאן 11', '2024-11-12', 30)",2024-11-12 12:24:00
כאן 11,PrimeShow1_last_standard,PrimeShow1,last,standard,afternoon,2024-11-12,12,2.3666666666666667,142.0,4,-0.23961838851771494,0.23961838851771494,1.2857142857142858,1.011764705882353,2.0,0,"('כאן 11', '2024-11-12', 30)","('כאן 11', '2024-11-12', 30)",2024-11-12 12:44:00
כאן 11,PrimeShow2_middle_standard,PrimeShow2,middle,standard,afternoon,2024-11-12,13,1.7666666666666666,106.0,3,-0.40386382674119076,0.40386382674119076,1.4444444444444446,0.9645061728395061,1.0,1,"('כאן 11', '2024-11-12', 38)","('כאן 11', '2024-11-12', 38)",2024-11-12 13:33:00
כאן 11,PrimeShow2_last_standard,PrimeShow2,last,standard,afternoon,2024-11-12,13,1.8,108.0,3,-0.28048492023329485,0.28048492023329485,1.3999999999999997,1.0575842696629214,2.0,0,"('כאן 11', '2024-11-12', 38)","('כאן 11', '2024-11-12', 38)",2024-11-12 13:48:00
כאן 11,PrimeShow1_last_short,PrimeShow1,last,short,afternoon,2024-11-12,14,1.2,72.0,2,0.013150219386878648,-0.013150219386878648,1.0,1.0132370637785801,1.0,1,"('כאן 11', '2024-11-12', 42)","('כאן 11', '2024-11-12', 42)",2024-11-12 14:27:00
כאן 11,PrimeShow2_middle_standard,PrimeShow2,middle,standard,afternoon,2024-11-12,15,1.8666666666666667,112.0,5,0.34892384218288885,-0.34892384218288885,0.7419354838709676,1.0517241379310347,1.0,1,"('כאן 11', '2024-11-12', 49)","('כאן 11', '2024-11-12', 49)",2024-11-12 15:21:00
כאן 11,Other_last_standard,Other,last,standard,afternoon,2024-11-12,15,1.9666666666666666,118.0,5,0.45313100148131646,-0.45313100148131646,0.6666666666666669,1.0488201790073228,1.0,1,"('כאן 11', '2024-11-12', 51)","('כאן 11', '2024-11-12', 51)",2024-11-12 15:51:00
כאן 11,Other_first_standard,Other,first,standard,afternoon,2024-11-12,16,2.066666666666667,124.0,5,0.10495602209662919,-0.10495602209662919,0.8333333333333331,0.9255514705882353,1.0,1,"('כאן 11', '2024-11-12', 53)","('כאן 11', '2024-11-12', 53)",2024-11-12 16:11:00
כאן 11,News_first_standard,News,first,standard,afternoon,2024-11-12,16,2.1333333333333333,128.0,6,0.002545896502645549,-0.002545896502645549,1.0185185185185184,1.0211148648648651,1.0,1,"('כאן 11', '2024-11-12', 55)","('כאן 11', '2024-11-12', 55)",2024-11-12 16:55:00
כאן 11,News_middle_standard,News,middle,standard,early_evening,2024-11-12,17,2.066666666666667,124.0,5,0.4989139221825984,-0.4989139221825984,0.675,1.1116788321167883,2.0,0,"('כאן 11', '2024-11-12', 55)","('כאן 11', '2024-11-12', 55)",2024-11-12 17:24:00
כאן 11,News_last_standard,News,last,standard,early_evening,2024-11-12,17,2.1333333333333333,128.0,6,0.41495840426014585,-0.41495840426014585,0.671875,1.017425519955031,3.0,0,"('כאן 11', '2024-11-12', 55)","('כאן 11', '2024-11-12', 55)",2024-11-12 17:43:00
כאן 11,News_first_standard,News,first,standard,early_evening,2024-11-12,18,2.0166666666666666,121.0,5,-0.055890583031907665,0.055890583031907665,1.0149253731343284,0.9597566682264858,1.0,1,"('כאן 11', '2024-11-12', 60)","('כאן 11', '2024-11-12', 60)",2024-11-12 18:10:00
כאן 11,News_middle_standard,News,middle,standard,early_evening,2024-11-12,18,2.1333333333333333,128.0,6,0.2263170631289183,-0.2263170631289183,0.8026315789473684,1.006478482184174,2.0,0,"('כאן 11', '2024-11-12', 60)","('כאן 11', '2024-11-12', 60)",2024-11-12 18:32:00
כאן 11,News_last_short,News,last,short,late_evening,2024-11-12,21,0.8333333333333334,50.0,2,-0.11788836800310572,0.11788836800310572,1.1354581673306774,1.0091898428053205,1.0,1,"('כאן 11', '2024-11-12', 65)","('כאן 11', '2024-11-12', 65)",2024-11-12 21:26:00
כאן 11,Other_middle_long,Other,middle,long,late_evening,2024-11-12,22,3.533333333333333,212.0,10,0.007979243696174268,-0.007979243696174268,0.9380952380952381,0.9456104716768226,1.0,1,"('כאן 11', '2024-11-12', 71)","('כאן 11', '2024-11-12', 71)",2024-11-12 22:13:00
כאן 11,Other_middle_standard,Other,middle,standard,late_evening,2024-11-12,22,2.7333333333333334,164.0,8,0.16992340199243805,-0.16992340199243805,0.7849999999999999,0.9303930393039305,1.0,1,"('כאן 11', '2024-11-12', 73)","('כאן 11', '2024-11-12', 73)",2024-11-12 22:39:00
כאן 11,News_middle_standard,News,middle,standard,late_evening,2024-11-12,23,2.3666666666666667,142.0,4,0.04438524593610771,-0.04438524593610771,0.9,0.9408465068842429,1.0,1,"('כאן 11', '2024-11-12', 76)","('כאן 11', '2024-11-12', 76)",2024-11-12 23:22:00
כאן 11,PrimeShow2_first_short,PrimeShow2,first,short,late_evening,2024-11-12,23,0.2,12.0,2,0.33896415423953535,-0.33896415423953535,0.6865671641791042,0.9635922330097086,1.0,1,"('כאן 11', '2024-11-12', 78)","('כאן 11', '2024-11-12', 78)",2024-11-12 23:33:00
כאן 11,Other_first_short,Other,first,short,late_evening,2024-11-12,23,0.3,18.0,3,0.3517954853481561,-0.3517954853481561,0.6666666666666666,0.9477451682176091,1.0,1,"('כאן 11', '2024-11-12', 80)","('כאן 11', '2024-11-12', 80)",2024-11-12 23:51:00
כאן 11,Other_first_short,Other,first,short,overnight,2024-11-13,0,1.3166666666666667,79.0,3,-0.025223196129353937,0.025223196129353937,1.0,0.9750922509225092,1.0,1,"('כאן 11', '2024-11-13', 0)","('כאן 11', '2024-11-13', 0)",2024-11-13 00:15:00
כאן 11,Other_last_standard,Other,last,standard,overnight,2024-11-13,0,1.6333333333333333,98.0,3,0.11988555788761959,-0.11988555788761959,0.8181818181818181,0.9223918575063614,1.0,1,"('כאן 11', '2024-11-13', 1)","('כאן 11', '2024-11-13', 1)",2024-11-13 00:57:00
כאן 11,Other_middle_standard,Other,middle,standard,overnight,2024-11-13,1,1.95,117.0,3,0.13914150551528956,-0.13914150551528956,0.8181818181818181,0.9403254972875227,1.0,1,"('כאן 11', '2024-11-13', 3)","('כאן 11', '2024-11-13', 3)",2024-11-13 01:32:00
כאן 11,Other_last_standard,Other,last,standard,overnight,2024-11-13,1,1.6666666666666667,100.0,3,0.13425411465525805,-0.13425411465525805,0.8823529411764705,1.009132420091324,2.0,0,"('כאן 11', '2024-11-13', 3)","('כאן 11', '2024-11-13', 3)",2024-11-13 01:49:00
כאן 11,Other_last_short,Other,last,short,overnight,2024-11-13,2,1.2833333333333334,77.0,2,-0.0454213530820282,0.0454213530820282,1.1142857142857143,1.0648055832502492,1.0,1,"('כאן 11', '2024-11-13', 8)","('כאן 11', '2024-11-13', 8)",2024-11-13 02:19:00
כאן 11,Other_last_standard,Other,last,standard,overnight,2024-11-13,2,1.7333333333333334,104.0,3,0.09592553650364123,-0.09592553650364123,0.8918918918918919,0.9816849816849818,1.0,1,"('כאן 11', '2024-11-13', 10)","('כאן 11', '2024-11-13', 10)",2024-11-13 02:43:00
כאן 11,Other_middle_standard,Other,middle,standard,overnight,2024-11-13,3,1.7833333333333334,107.0,2,0.15014576523066242,-0.15014576523066242,0.7999999999999999,0.9296028880866428,1.0,1,"('כאן 11', '2024-11-13', 12)","('כאן 11', '2024-11-13', 12)",2024-11-13 03:07:00
כאן 11,Other_last_short,Other,last,short,overnight,2024-11-13,4,1.2833333333333334,77.0,2,-0.08786135579133426,0.08786135579133426,1.0,0.9158878504672897,1.0,1,"('כאן 11', '2024-11-13', 18)","('כאן 11', '2024-11-13', 18)",2024-11-13 04:27:00
כאן 11,Other_first_standard,Other,first,standard,morning,2024-11-13,6,1.9,114.0,3,-0.32945148532807567,0.32945148532807567,1.6666666666666663,1.1988636363636365,1.0,1,"('כאן 11', '2024-11-13', 25)","('כאן 11', '2024-11-13', 25)",2024-11-13 06:06:00
כאן 11,Other_middle_standard,Other,middle,standard,morning,2024-11-13,6,2.1333333333333333,128.0,3,-0.5295177567781432,0.5295177567781432,2.0,1.1777777777777778,2.0,0,"('כאן 11', '2024-11-13', 25)","('כאן 11', '2024-11-13', 25)",2024-11-13 06:35:00
כאן 11,PrimeShow2_first_standard,PrimeShow2,first,standard,afternoon,2024-11-13,12,1.8333333333333333,110.0,3,-0.04222263042234659,0.04222263042234659,1.0,0.9586563307493541,1.0,1,"('כאן 11', '2024-11-13', 35)","('כאן 11', '2024-11-13', 35)",2024-11-13 12:41:00
כאן 11,PrimeShow2_last_standard,PrimeShow2,last,standard,afternoon,2024-11-13,12,1.5166666666666666,91.0,3,-0.08798413971225195,0.08798413971225195,1.0,0.9157754010695187,2.0,0,"('כאן 11', '2024-11-13', 35)","('כאן 11', '2024-11-13', 35)",2024-11-13 12:58:00
כאן 11,Other_middle_standard,Other,middle,standard,afternoon,2024-11-13,13,2.216666666666667,133.0,4,0.06922146904195303,-0.06922146904195303,0.9,0.9645061728395061,1.0,1,"('כאן 11', '2024-11-13', 38)","('כאן 11', '2024-11-13', 38)",2024-11-13 13:33:00
כאן 11,Other_last_standard,Other,last,standard,afternoon,2024-11-13,13,1.5166666666666666,91.0,3,0.06127082539304114,-0.06127082539304114,1.0,1.0631868131868132,2.0,0,"('כאן 11', '2024-11-13', 38)","('כאן 11', '2024-11-13', 38)",2024-11-13 13:49:00
כאן 11,PrimeShow1_last_standard,PrimeShow1,last,standard,afternoon,2024-11-13,14,1.8166666666666667,109.0,3,-0.12591350964564818,0.12591350964564818,1.1666666666666665,1.0286396181384247,1.0,1,"('כאן 11', '2024-11-13', 42)","('כאן 11', '2024-11-13', 42)",2024-11-13 14:28:00
כאן 11,PrimeShow2_middle_standard,PrimeShow2,middle,standard,afternoon,2024-11-13,15,1.7666666666666666,106.0,5,0.05330819619375406,-0.05330819619375406,0.9705882352941178,1.0237324703344124,1.0,1,"('כאן 11', '2024-11-13', 49)","('כאן 11', '2024-11-13', 49)",2024-11-13 15:19:00
כאן 11,Other_last_standard,Other,last,standard,afternoon,2024-11-13,15,2.0,120.0,5,0.18134541477392188,-0.18134541477392188,0.9230769230769232,1.1066115702479338,1.0,1,"('כאן 11', '2024-11-13', 51)","('כאן 11', '2024-11-13', 51)",2024-11-13 15:52:00
כאן 11,Other_first_standard,Other,first,standard,afternoon,2024-11-13,16,1.8666666666666667,112.0,6,0.3985404981715334,-0.3985404981715334,0.6,0.8937893789378939,1.0,1,"('כאן 11', '2024-11-13', 53)","('כאן 11', '2024-11-13', 53)",2024-11-13 16:10:00
כאן 11,Other_last_standard,Other,last,standard,afternoon,2024-11-13,16,2.0833333333333335,125.0,5,0.9571314615819033,-0.9571314615819033,0.43749999999999994,1.139344262295082,2.0,0,"('כאן 11', '2024-11-13', 53)","('כאן 11', '2024-11-13', 53)",2024-11-13 16:38:00
כאן 11,News_middle_standard,News,middle,standard,early_evening,2024-11-13,17,2.033333333333333,122.0,7,0.08499321283339248,-0.08499321283339248,1.0333333333333334,1.125,1.0,1,"('כאן 11', '2024-11-13', 57)","('כאן 11', '2024-11-13', 57)",2024-11-13 17:21:00
כאן 11,News_last_standard,News,last,standard,early_evening,2024-11-13,17,1.9666666666666666,118.0,6,-0.2584805977865235,0.2584805977865235,1.3125000000000002,1.0135440180586905,2.0,0,"('כאן 11', '2024-11-13', 57)","('כאן 11', '2024-11-13', 57)",2024-11-13 17:42:00
כאן 11,News_first_standard,News,first,standard,early_evening,2024-11-13,18,2.55,153.0,6,-0.10348166607411863,0.10348166607411863,1.129032258064516,1.0180399804973184,1.0,1,"('כאן 11', '2024-11-13', 61)","('כאן 11', '2024-11-13', 61)",2024-11-13 18:16:00
כאן 11,News_middle_standard,News,middle,standard,early_evening,2024-11-13,18,1.9666666666666666,118.0,6,0.12771082669233746,-0.12771082669233746,0.9444444444444444,1.073100812231247,2.0,0,"('כאן 11', '2024-11-13', 61)","('כאן 11', '2024-11-13', 61)",2024-11-13 18:34:00
כאן 11,PrimeShow2_last_short,PrimeShow2,last,short,late_evening,2024-11-13,22,1.05,63.0,5,0.23407099342277551,-0.23407099342277551,0.7816091954022989,0.9877462758289283,1.0,1,"('כאן 11', '2024-11-13', 67)","('כאן 11', '2024-11-13', 67)",2024-11-13 22:20:00
כאן 11,Other_first_short,Other,first,short,late_evening,2024-11-13,22,0.85,51.0,5,0.6817785806895459,-0.6817785806895459,0.45714285714285713,0.9039504260263361,1.0,1,"('כאן 11', '2024-11-13', 69)","('כאן 11', '2024-11-13', 69)",2024-11-13 22:28:00
כאן 11,Other_middle_standard,Other,middle,standard,late_evening,2024-11-13,22,2.0,120.0,6,0.15667912618061705,-0.15667912618061705,0.7692307692307692,0.8997078870496592,1.0,1,"('כאן 11', '2024-11-13', 70)","('כאן 11', '2024-11-13', 70)",2024-11-13 22:47:00
כאן 11,Other_last_standard,Other,last,standard,late_evening,2024-11-13,23,1.85,111.0,5,0.08766867278660284,-0.08766867278660284,0.923076923076923,1.0076551168412569,2.0,0,"('כאן 11', '2024-11-13', 70)","('כאן 11', '2024-11-13', 70)",2024-11-13 23:09:00
כאן 11,Other_first_standard,Other,first,standard,overnight,2024-11-14,0,2.15,129.0,4,0.013715881439369186,-0.013715881439369186,0.9285714285714288,0.9413953488372092,1.0,1,"('כאן 11', '2024-11-14', 0)","('כאן 11', '2024-11-14', 0)",2024-11-14 00:19:00
כאן 11,News_last_standard,News,last,standard,overnight,2024-11-14,0,1.8,108.0,3,-0.02264247674975989,0.02264247674975989,1.0,0.9776119402985074,1.0,1,"('כאן 11', '2024-11-14', 1)","('כאן 11', '2024-11-14', 1)",2024-11-14 00:51:00
כאן 11,PrimeShow2_middle_short,PrimeShow2,middle,short,overnight,2024-11-14,1,1.45,87.0,3,-0.01292279441323501,0.01292279441323501,0.9444444444444444,0.9323181049069375,1.0,1,"('כאן 11', '2024-11-14', 3)","('כאן 11', '2024-11-14', 3)",2024-11-14 01:27:00
כאן 11,PrimeShow2_last_standard,PrimeShow2,last,standard,overnight,2024-11-14,1,1.7166666666666666,103.0,3,0.0847989190986457,-0.0847989190986457,0.8823529411764706,0.9604395604395604,2.0,0,"('כאן 11', '2024-11-14', 3)","('כאן 11', '2024-11-14', 3)",2024-11-14 01:46:00
כאן 11,Other_last_standard,Other,last,standard,overnight,2024-11-14,2,2.533333333333333,152.0,3,0.10582682482925128,-0.10582682482925128,0.9599999999999999,1.0671641791044777,1.0,1,"('כאן 11', '2024-11-14', 7)","('כאן 11', '2024-11-14', 7)",2024-11-14 02:48:00
כאן 11,Other_middle_standard,Other,middle,standard,overnight,2024-11-14,3,1.6666666666666667,100.0,3,-0.07546337324833657,0.07546337324833657,0.958333333333333,0.8886756238003839,1.0,1,"('כאן 11', '2024-11-14', 9)","('כאן 11', '2024-11-14', 9)",2024-11-14 03:15:00
כאן 11,Other_last_standard,Other,last,standard,overnight,2024-11-14,3,2.533333333333333,152.0,3,0.41952699476474065,-0.41952699476474065,0.5714285714285716,0.869281045751634,2.0,0,"('כאן 11', '2024-11-14', 9)","('כאן 11', '2024-11-14', 9)",2024-11-14 03:37:00
כאן 11,Other_middle_standard,Other,middle,standard,overnight,2024-11-14,3,1.95,117.0,3,0.004514680354526613,-0.004514680354526613,1.0,1.004524886877828,1.0,1,"('כאן 11', '2024-11-14', 12)","('כאן 11', '2024-11-14', 12)",2024-11-14 03:55:00
כאן 11,Other_middle_short,Other,middle,short,overnight,2024-11-14,5,1.1666666666666667,70.0,2,-0.09863638862057739,0.09863638862057739,1.1333333333333333,1.0268817204301075,1.0,1,"('כאן 11', '2024-11-14', 17)","('כאן 11', '2024-11-14', 17)",2024-11-14 05:19:00
כאן 11,Other_last_short,Other,last,short,overnight,2024-11-14,5,1.3666666666666667,82.0,2,0.6785155182918812,-0.6785155182918812,0.5555555555555556,1.094972067039106,2.0,0,"('כאן 11', '2024-11-14', 17)","('כאן 11', '2024-11-14', 17)",2024-11-14 05:37:00
כאן 11,Other_first_standard,Other,first,standard,morning,2024-11-14,6,2.25,135.0,4,-0.05032508388751597,0.05032508388751597,1.2000000000000004,1.1411042944785277,1.0,1,"('כאן 11', '2024-11-14', 21)","('כאן 11', '2024-11-14', 21)",2024-11-14 06:04:00
כאן 11,Other_middle_standard,Other,middle,standard,morning,2024-11-14,6,1.7333333333333334,104.0,4,0.11401857840094097,-0.11401857840094097,1.0,1.1207729468599035,2.0,0,"('כאן 11', '2024-11-14', 21)","('כאן 11', '2024-11-14', 21)",2024-11-14 06:31:00
כאן 11,PrimeShow2_middle_standard,PrimeShow2,middle,standard,afternoon,2024-11-14,12,1.75,105.0,3,-0.01157569195788915,0.01157569195788915,1.0,0.9884910485933504,1.0,1,"('כאן 11', '2024-11-14', 27)","('כאן 11', '2024-11-14', 27)",2024-11-14 12:25:00
כאן 11,PrimeShow2_last_standard,PrimeShow2,last,standard,afternoon,2024-11-14,12,1.7333333333333334,104.0,4,-0.37129621249291467,0.37129621249291467,1.4666666666666668,1.011764705882353,2.0,0,"('כאן 11', '2024-11-14', 27)","('כאן 11', '2024-11-14', 27)",2024-11-14 12:44:00
כאן 11,Other_middle_standard,Other,middle,standard,afternoon,2024-11-14,13,2.3333333333333335,140.0,4,-0.0567081053710433,0.0567081053710433,1.0,0.9448698315467075,1.0,1,"('כאן 11', '2024-11-14', 31)","('כאן 11', '2024-11-14', 31)",2024-11-14 13:31:00
כאן 11,Other_last_standard,Other,last,standard,afternoon,2024-11-14,13,1.7333333333333334,104.0,4,0.06655400242619822,-0.06655400242619822,0.9677419354838711,1.0343406593406592,2.0,0,"('כאן 11', '2024-11-14', 31)","('כאן 11', '2024-11-14', 31)",2024-11-14 13:49:00
כאן 11,PrimeShow1_last_standard,PrimeShow1,last,standard,afternoon,2024-11-14,14,2.3333333333333335,140.0,4,-0.4892161394331356,0.4892161394331356,1.6666666666666667,1.0218446601941749,1.0,1,"('כאן 11', '2024-11-14', 35)","('כאן 11', '2024-11-14', 35)",2024-11-14 14:26:00
כאן 11,PrimeShow2_middle_standard,PrimeShow2,middle,standard,afternoon,2024-11-14,15,2.966666666666667,178.0,4,0.0843117469281244,-0.0843117469281244,0.9512195121951221,1.0348964013086153,1.0,1,"('כאן 11', '2024-11-14', 42)","('כאן 11', '2024-11-14', 42)",2024-11-14 15:18:00
כאן 11,Other_last_standard,Other,last,standard,afternoon,2024-11-14,15,2.0833333333333335,125.0,5,0.08472505872321144,-0.08472505872321144,0.8918918918918919,0.9707509881422925,1.0,1,"('כאן 11', '2024-11-14', 45)","('כאן 11', '2024-11-14', 45)",2024-11-14 15:49:00
כאן 11,Other_middle_standard,Other,middle,standard,afternoon,2024-11-14,16,1.6166666666666667,97.0,5,0.1624034827186118,-0.1624034827186118,0.825,0.9704761904761904,1.0,1,"('כאן 11', '2024-11-14', 47)","('כאן 11', '2024-11-14', 47)",2024-11-14 16:12:00
כאן 11,Other_last_standard,Other,last,standard,afternoon,2024-11-14,16,2.25,135.0,6,0.2816890675845404,-0.2816890675845404,0.8214285714285714,1.08869395711501,2.0,0,"('כאן 11', '2024-11-14', 47)","('כאן 11', '2024-11-14', 47)",2024-11-14 16:41:00
כאן 11,News_first_standard,News,first,standard,early_evening,2024-11-14,17,2.25,135.0,7,-0.090775834245072,0.090775834245072,1.125,1.027375201288245,1.0,1,"('כאן 11', '2024-11-14', 51)","('כאן 11', '2024-11-14', 51)",2024-11-14 17:12:00
כאן 11,News_last_standard,News,last,standard,early_evening,2024-11-14,17,2.35,141.0,6,0.6692848444963804,-0.6692848444963804,0.5263157894736843,1.027810650887574,2.0,0,"('כאן 11', '2024-11-14', 51)","('כאן 11', '2024-11-14', 51)",2024-11-14 17:39:00
כאן 11,News_first_standard,News,first,standard,early_evening,2024-11-14,18,2.3,138.0,7,0.17333437409868835,-0.17333437409868835,0.807017543859649,0.9597566682264858,1.0,1,"('כאן 11', '2024-11-14', 55)","('כאן 11', '2024-11-14', 55)",2024-11-14 18:10:00
כאן 11,News_middle_standard,News,middle,standard,early_evening,2024-11-14,18,2.316666666666667,139.0,6,-0.20361578837072442,0.20361578837072442,1.3529411764705885,1.1036965914546326,2.0,0,"('כאן 11', '2024-11-14', 55)","('כאן 11', '2024-11-14', 55)",2024-11-14 18:35:00
כאן 11,PrimeShow2_last_standard,PrimeShow2,last,standard,late_evening,2024-11-14,21,2.1333333333333333,128.0,7,-0.06383007302410104,0.06383007302410104,0.949367088607595,0.8906624102154829,1.0,1,"('כאן 11', '2024-11-14', 61)","('כאן 11', '2024-11-14', 61)",2024-11-14 21:54:00
כאן 11,Other_middle_standard,Other,middle,standard,late_evening,2024-11-14,22,2.75,165.0,7,0.06237515349750669,-0.06237515349750669,0.8348623853211009,0.8885954381752702,1.0,1,"('כאן 11', '2024-11-14', 63)","('כאן 11', '2024-11-14', 63)",2024-11-14 22:24:00
כאן 11,Other_middle_standard,Other,middle,standard,late_evening,2024-11-14,23,2.216666666666667,133.0,5,0.12543146844097414,-0.12543146844097414,0.9166666666666669,1.039167686658507,1.0,1,"('כאן 11', '2024-11-14', 65)","('כאן 11', '2024-11-14', 65)",2024-11-14 23:07:00
כאן 11,Other_last_standard,Other,last,standard,late_evening,2024-11-14,23,2.6666666666666665,160.0,5,-0.19179235046954288,0.19179235046954288,1.1363636363636362,0.9380434782608695,2.0,0,"('כאן 11', '2024-11-14', 65)","('כאן 11', '2024-11-14', 65)",2024-11-14 23:24:00
כאן 11,Other_middle_standard,Other,middle,standard,overnight,2024-11-15,0,2.6333333333333333,158.0,5,-0.03328377195627435,0.03328377195627435,0.9642857142857144,0.9327188940092166,1.0,1,"('כאן 11', '2024-11-15', 0)","('כאן 11', '2024-11-15', 0)",2024-11-15 00:18:00
כאן 11,Other_middle_standard,Other,middle,standard,overnight,2024-11-15,0,2.65,159.0,4,0.0957468158751026,-0.0957468158751026,0.8064516129032258,0.8874841972187103,1.0,1,"('כאן 11', '2024-11-15', 2)","('כאן 11', '2024-11-15', 2)",2024-11-15 00:59:00
כאן 11,Other_last_standard,Other,last,standard,overnight,2024-11-15,1,2.466666666666667,148.0,4,-0.1514754087376071,0.1514754087376071,1.0555555555555556,0.907185628742515,2.0,0,"('כאן 11', '2024-11-15', 2)","('כאן 11', '2024-11-15', 2)",2024-11-15 01:14:00
כאן 11,Other_last_long,Other,last,long,overnight,2024-11-15,1,3.3333333333333335,200.0,5,-0.23458958401944785,0.23458958401944785,2.357142857142857,1.8642533936651586,1.0,1,"('כאן 11', '2024-11-15', 5)","('כאן 11', '2024-11-15', 5)",2024-11-15 01:55:00
כאן 11,Other_last_standard,Other,last,standard,overnight,2024-11-15,2,1.5666666666666667,94.0,3,0.06635782384894627,-0.06635782384894627,1.0,1.068609022556391,1.0,1,"('כאן 11', '2024-11-15', 7)","('כאן 11', '2024-11-15', 7)",2024-11-15 02:18:00
כאן 11,Other_middle_standard,Other,middle,standard,overnight,2024-11-15,2,2.55,153.0,4,0.5226259977206343,-0.5226259977206343,0.6304347826086957,1.0631970260223047,1.0,1,"('כאן 11', '2024-11-15', 9)","('כאן 11', '2024-11-15', 9)",2024-11-15 02:47:00
כאן 11,Other_last_standard,Other,last,standard,overnight,2024-11-15,4,1.6833333333333333,101.0,3,0.012739025777429712,-0.012739025777429712,1.0,1.0128205128205128,1.0,1,"('כאן 11', '2024-11-15', 14)","('כאן 11', '2024-11-15', 14)",2024-11-15 04:11:00
כאן 11,Other_middle_standard,Other,middle,standard,overnight,2024-11-15,5,1.8333333333333333,110.0,3,1.5067837583740171,-1.5067837583740171,0.20000000000000004,0.902439024390244,1.0,1,"('כאן 11', '2024-11-15', 19)","('כאן 11', '2024-11-15', 19)",2024-11-15 05:21:00
כאן 11,Other_last_short,Other,last,short,overnight,2024-11-15,5,1.3666666666666667,82.0,2,0.04396312342111642,-0.04396312342111642,1.0,1.0449438202247194,2.0,0,"('כאן 11', '2024-11-15', 19)","('כאן 11', '2024-11-15', 19)",2024-11-15 05:38:00
כאן 11,PrimeShow2_middle_standard,PrimeShow2,middle,standard,afternoon,2024-11-15,12,2.15,129.0,4,-0.003741927406036464,0.003741927406036464,0.9705882352941178,0.9669631512071155,1.0,1,"('כאן 11', '2024-11-15', 34)","('כאן 11', '2024-11-15', 34)",2024-11-15 12:23:00
כאן 11,PrimeShow2_last_standard,PrimeShow2,last,standard,afternoon,2024-11-15,12,2.55,153.0,4,-0.22152394670695383,0.22152394670695383,1.2333333333333334,0.9882659713168186,2.0,0,"('כאן 11', '2024-11-15', 34)","('כאן 11', '2024-11-15', 34)",2024-11-15 12:38:00
כאן 11,Other_middle_standard,Other,middle,standard,afternoon,2024-11-15,13,2.15,129.0,4,0.10745167984147058,-0.10745167984147058,0.8333333333333334,0.9278642149929276,1.0,1,"('כאן 11', '2024-11-15', 39)","('כאן 11', '2024-11-15', 39)",2024-11-15 13:22:00
כאן 11,Other_last_standard,Other,last,standard,afternoon,2024-11-15,14,1.7833333333333334,107.0,4,-0.14410034397375698,0.14410034397375698,1.1,0.9523809523809523,1.0,1,"('כאן 11', '2024-11-15', 43)","('כאן 11', '2024-11-15', 43)",2024-11-15 14:05:00
כאן 11,Other_middle_standard,Other,middle,standard,afternoon,2024-11-15,14,2.15,129.0,4,-0.04731043880739603,0.04731043880739603,1.0925925925925926,1.0421052631578946,1.0,1,"('כאן 11', '2024-11-15', 45)","('כאן 11', '2024-11-15', 45)",2024-11-15 14:35:00
כאן 11,Other_middle_standard,Other,middle,standard,afternoon,2024-11-15,15,1.75,105.0,3,0.07224490687332877,-0.07224490687332877,0.9333333333333331,1.0032573289902278,1.0,1,"('כאן 11', '2024-11-15', 49)","('כאן 11', '2024-11-15', 49)",2024-11-15 15:16:00
כאן 11,Other_last_standard,Other,last,standard,afternoon,2024-11-15,15,1.8833333333333333,113.0,4,0.3353601173342402,-0.3353601173342402,0.8,1.1187551187551186,1.0,1,"('כאן 11', '2024-11-15', 51)","('כאן 11', '2024-11-15', 51)",2024-11-15 15:53:00
כאן 11,Other_first_standard,Other,first,standard,afternoon,2024-11-15,16,2.5,150.0,5,-0.5743092827243375,0.5743092827243375,1.7096774193548385,0.9627085377821392,1.0,1,"('כאן 11', '2024-11-15', 53)","('כאן 11', '2024-11-15', 53)",2024-11-15 16:18:00
כאן 11,Other_last_standard,Other,last,standard,afternoon,2024-11-15,16,2.316666666666667,139.0,4,0.14179090515834725,-0.14179090515834725,0.911111111111111,1.0499058380414314,2.0,0,"('כאן 11', '2024-11-15', 53)","('כאן 11', '2024-11-15', 53)",2024-11-15 16:42:00
כאן 11,Other_first_standard,Other,first,standard,early_evening,2024-11-15,17,2.5166666666666666,151.0,5,0.42811678920219104,-0.42811678920219104,0.7192982456140349,1.1036662452591657,1.0,1,"('כאן 11', '2024-11-15', 56)","('כאן 11', '2024-11-15', 56)",2024-11-15 17:34:00
כאן 11,Other_middle_standard,Other,middle,standard,early_evening,2024-11-15,17,2.55,153.0,6,0.0952087595089402,-0.0952087595089402,0.8947368421052633,0.9841107124551511,2.0,0,"('כאן 11', '2024-11-15', 56)","('כאן 11', '2024-11-15', 56)",2024-11-15 17:57:00
כאן 11,Other_last_standard,Other,last,standard,early_evening,2024-11-15,18,2.3,138.0,6,0.24196014353772197,-0.24196014353772197,1.0727272727272728,1.3663793103448274,3.0,0,"('כאן 11', '2024-11-15', 56)","('כאן 11', '2024-11-15', 56)",2024-11-15 18:58:00
כאן 11,Other_last_standard,Other,last,standard,early_evening,2024-11-15,19,2.4833333333333334,149.0,5,-0.02747635340564246,0.02747635340564246,0.9838709677419353,0.9572057898049089,4.0,0,"('כאן 11', '2024-11-15', 56)","('כאן 11', '2024-11-15', 56)",2024-11-15 19:15:00
כאן 11,News_last_short,News,last,short,late_evening,2024-11-15,21,0.48333333333333334,29.0,2,0.056878069289929875,-0.056878069289929875,0.910344827586207,0.9636243386243386,1.0,1,"('כאן 11', '2024-11-15', 61)","('כאן 11', '2024-11-15', 61)",2024-11-15 21:59:00
כאן 11,News_last_short,News,last,short,late_evening,2024-11-15,22,0.6833333333333333,41.0,2,-0.11743992362694072,0.11743992362694072,1.159090909090909,1.0306566003202928,2.0,0,"('כאן 11', '2024-11-15', 61)","('כאן 11', '2024-11-15', 61)",2024-11-15 22:01:00
כאן 11,PrimeShow2_middle_standard,PrimeShow2,middle,standard,late_evening,2024-11-15,22,2.7666666666666666,166.0,6,-0.04858157505003439,0.04858157505003439,0.9787234042553192,0.9323119777158775,1.0,1,"('כאן 11', '2024-11-15', 63)","('כאן 11', '2024-11-15', 63)",2024-11-15 22:32:00
כאן 11,PrimeShow2_last_standard,PrimeShow2,last,standard,late_evening,2024-11-15,22,2.9166666666666665,175.0,6,-0.04538288820945322,0.04538288820945322,0.9927007299270075,0.9486560992419021,2.0,0,"('כאן 11', '2024-11-15', 63)","('כאן 11', '2024-11-15', 63)",2024-11-15 22:51:00
כאן 11,Other_last_standard,Other,last,standard,late_evening,2024-11-15,23,1.9666666666666666,118.0,4,0.01273654862605457,-0.01273654862605457,0.9090909090909092,0.920743639921722,1.0,1,"('כאן 11', '2024-11-15', 66)","('כאן 11', '2024-11-15', 66)",2024-11-15 23:21:00
כאן 11,PrimeShow1_last_standard,PrimeShow1,last,standard,late_evening,2024-11-15,23,2.65,159.0,4,-0.18232697789123914,0.18232697789123914,1.0972222222222223,0.9143468950749464,1.0,1,"('כאן 11', '2024-11-15', 69)","('כאן 11', '2024-11-15', 69)",2024-11-15 23:52:00
כאן 11,Other_middle_standard,Other,middle,standard,overnight,2024-11-16,0,2.716666666666667,163.0,4,0.1111226003235286,-0.1111226003235286,0.84375,0.9429175475687104,1.0,1,"('כאן 11', '2024-11-16', 0)","('כאן 11', '2024-11-16', 0)",2024-11-16 00:32:00
כאן 11,Other_last_standard,Other,last,standard,overnight,2024-11-16,0,2.216666666666667,133.0,4,-0.056544028425441095,0.056544028425441095,1.0344827586206895,0.9776119402985074,2.0,0,"('כאן 11', '2024-11-16', 0)","('כאן 11', '2024-11-16', 0)",2024-11-16 00:51:00
כאן 11,Other_last_short,Other,last,short,overnight,2024-11-16,1,1.25,75.0,2,0.33352576207176676,-0.33352576207176676,1.0,1.3958810068649885,1.0,1,"('כאן 11', '2024-11-16', 3)","('כאן 11', '2024-11-16', 3)",2024-11-16 01:53:00
כאן 11,Other_first_standard,Other,first,standard,overnight,2024-11-16,2,2.1666666666666665,130.0,3,-0.23971610679599606,0.23971610679599606,1.2499999999999998,0.9835640138408307,1.0,1,"('כאן 11', '2024-11-16', 5)","('כאן 11', '2024-11-16', 5)",2024-11-16 02:16:00
כאן 11,Other_middle_short,Other,middle,short,overnight,2024-11-16,2,1.35,81.0,2,0.3275707957890373,-0.3275707957890373,0.8000000000000002,1.1100746268656716,2.0,0,"('כאן 11', '2024-11-16', 5)","('כאן 11', '2024-11-16', 5)",2024-11-16 02:49:00
כאן 11,Other_middle_standard,Other,middle,standard,overnight,2024-11-16,3,2.15,129.0,3,-0.7982635257855974,0.7982635257855974,2.083333333333333,0.9377289377289378,3.0,0,"('כאן 11', '2024-11-16', 5)","('כאן 11', '2024-11-16', 5)",2024-11-16 03:08:00
כאן 11,Other_last_short,Other,last,short,overnight,2024-11-16,3,1.35,81.0,2,-0.12310605814529835,0.12310605814529835,1.0,0.884169884169884,4.0,0,"('כאן 11', '2024-11-16', 5)","('כאן 11', '2024-11-16', 5)",2024-11-16 03:45:00
כאן 11,Other_last_short,Other,last,short,overnight,2024-11-16,4,1.35,81.0,2,-0.36179004460550246,0.36179004460550246,1.3333333333333333,0.9285714285714288,5.0,0,"('כאן 11', '2024-11-16', 5)","('כאן 11', '2024-11-16', 5)",2024-11-16 04:02:00
כאן 11,Other_middle_short,Other,middle,short,overnight,2024-11-16,4,1.2666666666666666,76.0,2,0.03045920748470844,-0.03045920748470844,1.0,1.0309278350515463,1.0,1,"('כאן 11', '2024-11-16', 11)","('כאן 11', '2024-11-16', 11)",2024-11-16 04:34:00
כאן 11,Other_middle_short,Other,middle,short,overnight,2024-11-16,5,1.25,75.0,2,0.24126409242740476,-0.24126409242740476,0.7777777777777777,0.99,1.0,1,"('כאן 11', '2024-11-16', 17)","('כאן 11', '2024-11-16', 17)",2024-11-16 05:50:00
כאן 11,Other_middle_standard,Other,middle,standard,morning,2024-11-16,7,1.9833333333333334,119.0,3,0.526142501790912,-0.526142501790912,0.6666666666666669,1.1282608695652174,1.0,1,"('כאן 11', '2024-11-16', 20)","('כאן 11', '2024-11-16', 20)",2024-11-16 07:22:00
כאן 11,Other_last_standard,Other,last,standard,morning,2024-11-16,7,2.283333333333333,137.0,4,-0.36283829164640063,0.36283829164640063,1.4999999999999996,1.0435483870967743,2.0,0,"('כאן 11', '2024-11-16', 20)","('כאן 11', '2024-11-16', 20)",2024-11-16 07:38:00
כאן 11,Other_first_standard,Other,first,standard,morning,2024-11-16,7,2.066666666666667,124.0,3,0.027159768350351277,-0.027159768350351277,0.9,0.9247787610619468,1.0,1,"('כאן 11', '2024-11-16', 23)","('כאן 11', '2024-11-16', 23)",2024-11-16 07:55:00
כאן 11,Other_last_standard,Other,last,standard,morning,2024-11-16,8,2.3,138.0,4,-0.4905088978633183,0.4905088978633183,1.6666666666666667,1.0205245153933866,2.0,0,"('כאן 11', '2024-11-16', 23)","('כאן 11', '2024-11-16', 23)",2024-11-16 08:26:00
כאן 11,Other_first_standard,Other,first,standard,morning,2024-11-16,8,2.066666666666667,124.0,3,-0.051096682662304646,0.051096682662304646,1.0,0.950186799501868,1.0,1,"('כאן 11', '2024-11-16', 26)","('כאן 11', '2024-11-16', 26)",2024-11-16 08:45:00
כאן 11,Other_middle_standard,Other,middle,standard,morning,2024-11-16,9,1.95,117.0,4,-0.5541224295193149,0.5541224295193149,1.6666666666666667,0.9576271186440678,2.0,0,"('כאן 11', '2024-11-16', 26)","('כאן 11', '2024-11-16', 26)",2024-11-16 09:06:00
כאן 11,Other_middle_standard,Other,middle,standard,morning,2024-11-16,9,1.9833333333333334,119.0,3,-0.035973421565939245,0.035973421565939245,1.0434782608695652,1.0066079295154184,1.0,1,"('כאן 11', '2024-11-16', 31)","('כאן 11', '2024-11-16', 31)",2024-11-16 09:53:00
כאן 11,PrimeShow1_middle_standard,PrimeShow1,middle,standard,afternoon,2024-11-16,12,1.9333333333333333,116.0,4,0.03320985171156487,-0.03320985171156487,0.9661016949152541,0.9987244897959185,1.0,1,"('כאן 11', '2024-11-16', 34)","('כאן 11', '2024-11-16', 34)",2024-11-16 12:18:00
כאן 11,PrimeShow1_last_standard,PrimeShow1,last,standard,afternoon,2024-11-16,12,1.9833333333333334,119.0,3,-0.024756964725276,0.024756964725276,1.0,0.9755469755469753,2.0,0,"('כאן 11', '2024-11-16', 34)","('כאן 11', '2024-11-16', 34)",2024-11-16 12:39:00
כאן 11,Other_first_short,Other,first,short,afternoon,2024-11-16,13,1.3666666666666667,82.0,3,0.04562616082677564,-0.04562616082677564,0.9649122807017543,1.0099573257467995,1.0,1,"('כאן 11', '2024-11-16', 39)","('כאן 11', '2024-11-16', 39)",2024-11-16 13:14:00
כאן 11,Other_last_standard,Other,last,standard,afternoon,2024-11-16,13,2.6666666666666665,160.0,4,-0.20383715768539334,0.20383715768539334,1.2857142857142856,1.0486223662884926,2.0,0,"('כאן 11', '2024-11-16', 39)","('כאן 11', '2024-11-16', 39)",2024-11-16 13:36:00
כאן 11,Other_last_standard,Other,last,standard,afternoon,2024-11-16,14,1.7166666666666666,103.0,3,-0.0036104084512324774,0.0036104084512324774,0.9666666666666667,0.9631828978622328,1.0,1,"('כאן 11', '2024-11-16', 44)","('כאן 11', '2024-11-16', 44)",2024-11-16 14:32:00
כאן 11,Other_first_standard,Other,first,standard,afternoon,2024-11-16,16,1.8833333333333333,113.0,5,0.003964326301909071,-0.003964326301909071,0.9047619047619049,0.908355795148248,1.0,1,"('כאן 11', '2024-11-16', 52)","('כאן 11', '2024-11-16', 52)",2024-11-16 16:07:00
כאן 11,Other_middle_standard,Other,middle,standard,afternoon,2024-11-16,16,2.4,144.0,4,0.08545005646103963,-0.08545005646103963,0.9444444444444444,1.028695652173913,2.0,0,"('כאן 11', '2024-11-16', 52)","('כאן 11', '2024-11-16', 52)",2024-11-16 16:53:00
כאן 11,Other_last_standard,Other,last,standard,early_evening,2024-11-16,17,2.25,135.0,5,0.19292977271771306,-0.19292977271771306,0.9333333333333332,1.1319444444444442,3.0,0,"('כאן 11', '2024-11-16', 52)","('כאן 11', '2024-11-16', 52)",2024-11-16 17:20:00
כאן 11,Other_last_standard,Other,last,standard,early_evening,2024-11-16,17,2.216666666666667,133.0,5,-0.41454817374401476,0.41454817374401476,1.6428571428571428,1.0853350189633375,4.0,0,"('כאן 11', '2024-11-16', 52)","('כאן 11', '2024-11-16', 52)",2024-11-16 17:34:00
כאן 11,News_first_standard,News,first,standard,early_evening,2024-11-16,18,2.45,147.0,7,-0.017457518794109613,0.017457518794109613,1.0220588235294121,1.004371053909665,1.0,1,"('כאן 11', '2024-11-16', 57)","('כאן 11', '2024-11-16', 57)",2024-11-16 18:15:00
כאן 11,PrimeShow2_last_standard,PrimeShow2,last,standard,late_evening,2024-11-16,22,2.433333333333333,146.0,7,0.14489135441446135,-0.14489135441446135,0.8750000000000002,1.0114247311827957,1.0,1,"('כאן 11', '2024-11-16', 62)","('כאן 11', '2024-11-16', 62)",2024-11-16 22:00:00
כאן 11,Other_middle_standard,Other,middle,standard,late_evening,2024-11-16,22,1.9666666666666666,118.0,5,0.008038442388518377,-0.008038442388518377,0.9054054054054054,0.9127127852227455,1.0,1,"('כאן 11', '2024-11-16', 64)","('כאן 11', '2024-11-16', 64)",2024-11-16 22:55:00
כאן 11,Other_last_standard,Other,last,standard,late_evening,2024-11-16,23,2.3,138.0,6,-0.23539781623767692,0.23539781623767692,1.1304347826086956,0.8933333333333331,2.0,0,"('כאן 11', '2024-11-16', 64)","('כאן 11', '2024-11-16', 64)",2024-11-16 23:12:00
כאן 11,PrimeShow1_middle_standard,PrimeShow1,middle,standard,late_evening,2024-11-16,23,2.033333333333333,122.0,3,0.04362816251822794,-0.04362816251822794,0.9193548387096772,0.9603524229074889,1.0,1,"('כאן 11', '2024-11-16', 68)","('כאן 11', '2024-11-16', 68)",2024-11-16 23:50:00
כאן 11,Other_first_standard,Other,first,standard,overnight,2024-11-17,0,2.15,129.0,3,0.1827190243629949,-0.1827190243629949,0.794871794871795,0.9542253521126761,1.0,1,"('כאן 11', '2024-11-17', 0)","('כאן 11', '2024-11-17', 0)",2024-11-17 00:09:00
כאן 11,Other_middle_standard,Other,middle,standard,overnight,2024-11-17,0,1.95,117.0,3,0.1411258003556873,-0.1411258003556873,0.8333333333333334,0.9596412556053812,1.0,1,"('כאן 11', '2024-11-17', 1)","('כאן 11', '2024-11-17', 1)",2024-11-17 00:38:00
כאן 11,Other_first_standard,Other,first,standard,overnight,2024-11-17,1,2.15,129.0,3,-0.06770043207654228,0.06770043207654228,1.0,0.934540389972145,1.0,1,"('כאן 11', '2024-11-17', 3)","('כאן 11', '2024-11-17', 3)",2024-11-17 01:07:00
כאן 11,Other_last_standard,Other,last,standard,overnight,2024-11-17,1,1.95,117.0,3,-0.2632462322341129,0.2632462322341129,1.212121212121212,0.9315789473684211,2.0,0,"('כאן 11', '2024-11-17', 3)","('כאן 11', '2024-11-17', 3)",2024-11-17 01:30:00
כאן 11,Other_last_standard,Other,last,standard,overnight,2024-11-17,2,2.05,123.0,3,-0.30979375197641057,0.30979375197641057,1.2045454545454544,0.8836524300441824,1.0,1,"('כאן 11', '2024-11-17', 8)","('כאן 11', '2024-11-17', 8)",2024-11-17 02:30:00
כאן 11,Other_last_standard,Other,last,standard,overnight,2024-11-17,3,2.05,123.0,3,-0.0981920261792136,0.0981920261792136,1.0,0.906474820143885,1.0,1,"('כאן 11', '2024-11-17', 10)","('כאן 11', '2024-11-17', 10)",2024-11-17 03:40:00
כאן 11,Other_last_short,Other,last,short,overnight,2024-11-17,4,1.4833333333333334,89.0,2,-0.023530497410194272,0.023530497410194272,1.0,0.9767441860465115,1.0,1,"('כאן 11', '2024-11-17', 15)","('כאן 11', '2024-11-17', 15)",2024-11-17 04:20:00
כאן 11,Other_first_standard,Other,first,standard,overnight,2024-11-17,5,1.8,108.0,3,-0.021282215971511233,0.021282215971511233,1.0434782608695654,1.021505376344086,1.0,1,"('כאן 11', '2024-11-17', 20)","('כאן 11', '2024-11-17', 20)",2024-11-17 05:19:00
כאן 11,Other_last_standard,Other,last,standard,overnight,2024-11-17,5,2.15,129.0,3,0.8162072733171722,-0.8162072733171722,0.4285714285714287,0.9693877551020409,2.0,0,"('כאן 11', '2024-11-17', 20)","('כאן 11', '2024-11-17', 20)",2024-11-17 05:42:00
כאן 11,PrimeShow1_first_standard,PrimeShow1,first,standard,afternoon,2024-11-17,12,2.05,123.0,3,0.18104523243435003,-0.18104523243435003,0.8333333333333334,0.9987244897959185,1.0,1,"('כאן 11', '2024-11-17', 28)","('כאן 11', '2024-11-17', 28)",2024-11-17 12:18:00
כאן 11,PrimeShow1_last_standard,PrimeShow1,last,standard,afternoon,2024-11-17,12,1.85,111.0,3,-0.09938104426229522,0.09938104426229522,1.0588235294117647,0.9586563307493541,2.0,0,"('כאן 11', '2024-11-17', 28)","('כאן 11', '2024-11-17', 28)",2024-11-17 12:41:00
כאן 11,Other_first_standard,Other,first,standard,afternoon,2024-11-17,13,2.05,123.0,3,0.3419292760842715,-0.3419292760842715,0.6666666666666665,0.9384404924760603,1.0,1,"('כאן 11', '2024-11-17', 33)","('כאן 11', '2024-11-17', 33)",2024-11-17 13:10:00
כאן 11,Other_last_standard,Other,last,standard,afternoon,2024-11-17,13,1.85,111.0,3,0.038542976766783844,-0.038542976766783844,1.0,1.0392953929539297,2.0,0,"('כאן 11', '2024-11-17', 33)","('כאן 11', '2024-11-17', 33)",2024-11-17 13:52:00
כאן 11,PrimeShow1_last_standard,PrimeShow1,last,standard,afternoon,2024-11-17,14,2.05,123.0,3,-0.11943109955476833,0.11943109955476833,1.1538461538461537,1.0239520958083834,1.0,1,"('כאן 11', '2024-11-17', 37)","('כאן 11', '2024-11-17', 37)",2024-11-17 14:29:00
כאן 11,PrimeShow2_middle_standard,PrimeShow2,middle,standard,afternoon,2024-11-17,15,2.816666666666667,169.0,5,0.3274744422628044,-0.3274744422628044,0.7619047619047619,1.0571120689655173,1.0,1,"('כאן 11', '2024-11-17', 44)","('כאן 11', '2024-11-17', 44)",2024-11-17 15:21:00
כאן 11,Other_middle_standard,Other,middle,standard,afternoon,2024-11-17,16,1.6166666666666667,97.0,5,0.2974864582746036,-0.2974864582746036,0.7111111111111111,0.9574898785425101,1.0,1,"('כאן 11', '2024-11-17', 47)","('כאן 11', '2024-11-17', 47)",2024-11-17 16:30:00
כאן 11,Other_last_standard,Other,last,standard,afternoon,2024-11-17,16,2.05,123.0,3,0.16671817019078095,-0.16671817019078095,0.9642857142857144,1.1392276422764225,2.0,0,"('כאן 11', '2024-11-17', 47)","('כאן 11', '2024-11-17', 47)",2024-11-17 16:39:00
כאן 11,News_first_standard,News,first,standard,early_evening,2024-11-17,17,2.216666666666667,133.0,6,0.10096559412759526,-0.10096559412759526,0.9230769230769232,1.0211433046202036,1.0,1,"('כאן 11', '2024-11-17', 51)","('כאן 11', '2024-11-17', 51)",2024-11-17 17:15:00
כאן 11,News_last_standard,News,last,standard,early_evening,2024-11-17,17,2.066666666666667,124.0,6,0.1293078259470474,-0.1293078259470474,0.8852459016393444,1.0074455899198167,2.0,0,"('כאן 11', '2024-11-17', 51)","('כאן 11', '2024-11-17', 51)",2024-11-17 17:41:00
כאן 11,News_first_standard,News,first,standard,early_evening,2024-11-17,18,2.216666666666667,133.0,6,-0.16548143081979377,0.16548143081979377,1.1400000000000001,0.9661335841956727,1.0,1,"('כאן 11', '2024-11-17', 54)","('כאן 11', '2024-11-17', 54)",2024-11-17 18:11:00
כאן 11,News_middle_standard,News,middle,standard,early_evening,2024-11-17,18,2.4,144.0,6,0.03859978795481579,-0.03859978795481579,0.9374999999999998,0.9743947858472998,2.0,0,"('כאן 11', '2024-11-17', 54)","('כאן 11', '2024-11-17', 54)",2024-11-17 18:28:00
כאן 11,Other_last_standard,Other,last,standard,late_evening,2024-11-17,22,2.7,162.0,8,0.03936882840784175,-0.03936882840784175,0.9179104477611941,0.9547682709447416,1.0,1,"('כאן 11', '2024-11-17', 62)","('כאן 11', '2024-11-17', 62)",2024-11-17 22:11:00
כאן 11,Other_first_short,Other,first,short,late_evening,2024-11-17,22,1.15,69.0,5,0.3905662860086288,-0.3905662860086288,0.6216216216216215,0.9186432637571157,1.0,1,"('כאן 11', '2024-11-17', 64)","('כאן 11', '2024-11-17', 64)",2024-11-17 22:23:00
כאן 11,News_middle_standard,News,middle,standard,late_evening,2024-11-17,22,2.15,129.0,3,0.8199340135934339,-0.8199340135934339,0.39622641509433953,0.8995726495726497,1.0,1,"('כאן 11', '2024-11-17', 66)","('כאן 11', '2024-11-17', 66)",2024-11-17 22:56:00
כאן 11,PrimeShow2_first_short,PrimeShow2,first,short,late_evening,2024-11-17,23,0.3,18.0,3,-0.388874058044111,0.388874058044111,1.4864864864864864,1.0075697211155377,1.0,1,"('כאן 11', '2024-11-17', 68)","('כאן 11', '2024-11-17', 68)",2024-11-17 23:10:00
כאן 11,Other_last_standard,Other,last,standard,late_evening,2024-11-17,23,2.1166666666666667,127.0,4,0.1886295627769349,-0.1886295627769349,0.7272727272727273,0.8782498414711476,1.0,1,"('כאן 11', '2024-11-17', 69)","('כאן 11', '2024-11-17', 69)",2024-11-17 23:39:00
כאן 11,Other_first_standard,Other,first,standard,overnight,2024-11-18,0,2.033333333333333,122.0,4,-0.04268638123141427,0.04268638123141427,1.0,0.9582118561710398,1.0,1,"('כאן 11', '2024-11-18', 0)","('כאן 11', '2024-11-18', 0)",2024-11-18 00:23:00
כאן 11,Other_middle_short,Other,middle,short,overnight,2024-11-18,0,1.05,63.0,2,0.09527331412442494,-0.09527331412442494,0.8571428571428574,0.9428223844282237,1.0,1,"('כאן 11', '2024-11-18', 1)","('כאן 11', '2024-11-18', 1)",2024-11-18 00:49:00
כאן 11,Other_middle_standard,Other,middle,standard,overnight,2024-11-18,1,1.85,111.0,3,-0.4315576094817472,0.4315576094817472,1.4285714285714286,0.9278523489932887,1.0,1,"('כאן 11', '2024-11-18', 3)","('כאן 11', '2024-11-18', 3)",2024-11-18 01:26:00
כאן 11,Other_last_standard,Other,last,standard,overnight,2024-11-18,1,2.066666666666667,124.0,3,-0.26115945694280207,0.26115945694280207,1.2222222222222223,0.941304347826087,2.0,0,"('כאן 11', '2024-11-18', 3)","('כאן 11', '2024-11-18', 3)",2024-11-18 01:44:00
כאן 11,Other_middle_standard,Other,middle,standard,overnight,2024-11-18,2,1.7833333333333334,107.0,3,-0.2193912016956592,0.2193912016956592,1.2499999999999998,1.0037593984962405,1.0,1,"('כאן 11', '2024-11-18', 7)","('כאן 11', '2024-11-18', 7)",2024-11-18 02:18:00
כאן 11,Other_last_standard,Other,last,standard,overnight,2024-11-18,2,1.95,117.0,3,-0.38199275192302246,0.38199275192302246,1.3333333333333337,0.91,2.0,0,"('כאן 11', '2024-11-18', 7)","('כאן 11', '2024-11-18', 7)",2024-11-18 02:36:00
כאן 11,PrimeShow1_middle_standard,PrimeShow1,middle,standard,afternoon,2024-11-18,12,1.5833333333333333,95.0,3,-0.22702203064278054,0.22702203064278054,1.2499999999999998,0.9961290322580644,1.0,1,"('כאן 11', '2024-11-18', 29)","('כאן 11', '2024-11-18', 29)",2024-11-18 12:26:00
כאן 11,PrimeShow1_last_standard,PrimeShow1,last,standard,afternoon,2024-11-18,12,1.7666666666666666,106.0,3,-0.07407676652422376,0.07407676652422376,1.0740740740740742,0.9973856209150328,2.0,0,"('כאן 11', '2024-11-18', 29)","('כאן 11', '2024-11-18', 29)",2024-11-18 12:44:00
כאן 11,Other_first_standard,Other,first,standard,afternoon,2024-11-18,13,1.5833333333333333,95.0,3,0.7268784014284548,-0.7268784014284548,0.4615384615384616,0.9547445255474452,1.0,1,"('כאן 11', '2024-11-18', 33)","('כאן 11', '2024-11-18', 33)",2024-11-18 13:24:00
כאן 11,PrimeShow1_last_standard,PrimeShow1,last,standard,afternoon,2024-11-18,14,2.0166666666666666,121.0,4,0.11524854717123954,-0.11524854717123954,0.9166666666666669,1.0286396181384247,1.0,1,"('כאן 11', '2024-11-18', 37)","('כאן 11', '2024-11-18', 37)",2024-11-18 14:28:00
כאן 11,PrimeShow2_middle_standard,PrimeShow2,middle,standard,afternoon,2024-11-18,15,1.5666666666666667,94.0,3,-0.2706718856632194,0.2706718856632194,1.3846153846153846,1.0562770562770565,1.0,1,"('כאן 11', '2024-11-18', 46)","('כאן 11', '2024-11-18', 46)",2024-11-18 15:22:00
כאן 11,Other_middle_standard,Other,middle,standard,afternoon,2024-11-18,16,1.95,117.0,4,0.051724793854871415,-0.051724793854871415,0.9333333333333332,0.9828801611278952,1.0,1,"('כאן 11', '2024-11-18', 49)","('כאן 11', '2024-11-18', 49)",2024-11-18 16:16:00
כאן 11,Other_last_standard,Other,last,standard,afternoon,2024-11-18,16,1.8333333333333333,110.0,5,0.038983076704931244,-0.038983076704931244,0.9714285714285715,1.0100456621004568,2.0,0,"('כאן 11', '2024-11-18', 49)","('כאן 11', '2024-11-18', 49)",2024-11-18 16:43:00
כאן 11,News_middle_standard,News,middle,standard,early_evening,2024-11-18,17,2.1333333333333333,128.0,6,0.303783385976801,-0.303783385976801,0.8043478260869564,1.0898716119828815,1.0,1,"('כאן 11', '2024-11-18', 53)","('כאן 11', '2024-11-18', 53)",2024-11-18 17:25:00
כאן 11,News_last_standard,News,last,standard,early_evening,2024-11-18,17,1.9333333333333333,116.0,6,0.23921962239533506,-0.23921962239533506,0.793103448275862,1.0074455899198167,2.0,0,"('כאן 11', '2024-11-18', 53)","('כאן 11', '2024-11-18', 53)",2024-11-18 17:41:00
כאן 11,News_first_standard,News,first,standard,early_evening,2024-11-18,18,2.033333333333333,122.0,5,0.2483847646945519,-0.2483847646945519,0.7692307692307693,0.9861177596936332,1.0,1,"('כאן 11', '2024-11-18', 56)","('כאן 11', '2024-11-18', 56)",2024-11-18 18:08:00
כאן 11,News_middle_standard,News,middle,standard,early_evening,2024-11-18,18,1.85,111.0,5,-0.03742251453666314,0.03742251453666314,1.0,0.9632690541781452,2.0,0,"('כאן 11', '2024-11-18', 56)","('כאן 11', '2024-11-18', 56)",2024-11-18 18:30:00
כאן 11,PrimeShow2_last_standard,PrimeShow2,last,standard,late_evening,2024-11-18,22,2.716666666666667,163.0,9,0.09452195139655513,-0.09452195139655513,0.8227848101265822,0.9043501756282086,1.0,1,"('כאן 11', '2024-11-18', 63)","('כאן 11', '2024-11-18', 63)",2024-11-18 22:31:00
כאן 11,Other_first_short,Other,first,short,late_evening,2024-11-18,22,1.3333333333333333,80.0,7,0.32291788898019047,-0.32291788898019047,0.6818181818181818,0.9416945034922563,1.0,1,"('כאן 11', '2024-11-18', 65)","('כאן 11', '2024-11-18', 65)",2024-11-18 22:40:00
כאן 11,News_last_standard,News,last,standard,late_evening,2024-11-18,23,1.7166666666666666,103.0,3,0.11491690237804428,-0.11491690237804428,0.75,0.8413351623228166,1.0,1,"('כאן 11', '2024-11-18', 67)","('כאן 11', '2024-11-18', 67)",2024-11-18 23:19:00
כאן 11,PrimeShow2_first_short,PrimeShow2,first,short,late_evening,2024-11-18,23,0.3,18.0,3,0.6078937882012133,-0.6078937882012133,0.5178571428571429,0.9510752688172042,1.0,1,"('כאן 11', '2024-11-18', 69)","('כאן 11', '2024-11-18', 69)",2024-11-18 23:25:00
כאן 11,Other_last_standard,Other,last,standard,late_evening,2024-11-18,23,1.6333333333333333,98.0,3,0.053941348024467727,-0.053941348024467727,0.9210526315789475,0.9720998531571218,1.0,1,"('כאן 11', '2024-11-18', 70)","('כאן 11', '2024-11-18', 70)",2024-11-18 23:50:00
כאן 11,Other_middle_standard,Other,middle,standard,overnight,2024-11-19,0,1.8666666666666667,112.0,4,0.03744721897350858,-0.03744721897350858,0.9166666666666669,0.9516441005802708,1.0,1,"('כאן 11', '2024-11-19', 0)","('כאן 11', '2024-11-19', 0)",2024-11-19 00:22:00
כאן 11,Other_last_standard,Other,last,standard,overnight,2024-11-19,0,1.6,96.0,3,-0.09416844432469713,0.09416844432469713,1.1071428571428574,1.0076433121019108,1.0,1,"('כאן 11', '2024-11-19', 2)","('כאן 11', '2024-11-19', 2)",2024-11-19 00:53:00
כאן 11,Other_middle_standard,Other,middle,standard,overnight,2024-11-19,1,1.7166666666666666,103.0,3,-0.07008120825318365,0.07008120825318365,1.0,0.9323181049069375,1.0,1,"('כאן 11', '2024-11-19', 4)","('כאן 11', '2024-11-19', 4)",2024-11-19 01:27:00
כאן 11,Other_last_standard,Other,last,standard,overnight,2024-11-19,1,1.7,102.0,3,-0.04036422385536035,0.04036422385536035,1.0,0.9604395604395604,2.0,0,"('כאן 11', '2024-11-19', 4)","('כאן 11', '2024-11-19', 4)",2024-11-19 01:46:00
כאן 11,Other_last_standard,Other,last,standard,overnight,2024-11-19,2,1.8666666666666667,112.0,3,-0.1412710169635971,0.1412710169635971,1.1111111111111112,0.9647266313932982,1.0,1,"('כאן 11', '2024-11-19', 8)","('כאן 11', '2024-11-19', 8)",2024-11-19 02:40:00
כאן 11,Other_first_standard,Other,first,standard,overnight,2024-11-19,3,2.066666666666667,124.0,3,0.1639109949507745,-0.1639109949507745,0.7500000000000001,0.8835820895522386,1.0,1,"('כאן 11', '2024-11-19', 13)","('כאן 11', '2024-11-19', 13)",2024-11-19 03:32:00
כאן 11,Other_last_short,Other,last,short,overnight,2024-11-19,3,1.2,72.0,2,-0.03104462168196005,0.03104462168196005,1.0,0.9694323144104805,2.0,0,"('כאן 11', '2024-11-19', 13)","('כאן 11', '2024-11-19', 13)",2024-11-19 03:51:00
כאן 11,Other_last_short,Other,last,short,overnight,2024-11-19,4,1.2,72.0,2,-0.07924937165414049,0.07924937165414049,1.0,0.9238095238095239,1.0,1,"('כאן 11', '2024-11-19', 16)","('כאן 11', '2024-11-19', 16)",2024-11-19 04:30:00
כאן 11,Other_middle_short,Other,middle,short,overnight,2024-11-19,5,1.1833333333333333,71.0,2,-0.12048939725412659,0.12048939725412659,1.0,0.8864864864864863,1.0,1,"('כאן 11', '2024-11-19', 19)","('כאן 11', '2024-11-19', 19)",2024-11-19 05:27:00
כאן 11,Other_last_short,Other,last,short,overnight,2024-11-19,5,1.2,72.0,2,-0.10088122485378019,0.10088122485378019,1.0,0.9040404040404041,2.0,0,"('כאן 11', '2024-11-19', 19)","('כאן 11', '2024-11-19', 19)",2024-11-19 05:41:00
כאן 11,PrimeShow1_middle_short,PrimeShow1,middle,short,afternoon,2024-11-19,12,1.4666666666666666,88.0,2,0.2670095016470609,-0.2670095016470609,0.7500000000000001,0.9795396419437339,1.0,1,"('כאן 11', '2024-11-19', 28)","('כאן 11', '2024-11-19', 28)",2024-11-19 12:25:00
כאן 11,PrimeShow1_last_standard,PrimeShow1,last,standard,afternoon,2024-11-19,12,2.05,123.0,3,-0.17062551703076337,0.17062551703076337,1.2,1.011764705882353,2.0,0,"('כאן 11', '2024-11-19', 28)","('כאן 11', '2024-11-19', 28)",2024-11-19 12:44:00
כאן 11,Other_middle_short,Other,middle,short,afternoon,2024-11-19,13,1.1166666666666667,67.0,2,0.2198215290491695,-0.2198215290491695,0.7916666666666665,0.9863013698630136,1.0,1,"('כאן 11', '2024-11-19', 32)","('כאן 11', '2024-11-19', 32)",2024-11-19 13:27:00
כאן 11,Other_last_short,Other,last,short,afternoon,2024-11-19,13,1.4666666666666666,88.0,2,0.01726407317719303,-0.01726407317719303,1.1,1.1191553544494721,2.0,0,"('כאן 11', '2024-11-19', 32)","('כאן 11', '2024-11-19', 32)",2024-11-19 13:44:00
כאן 11,PrimeShow1_last_standard,PrimeShow1,last,standard,afternoon,2024-11-19,14,2.65,159.0,4,-0.4742001479577459,0.4742001479577459,1.6666666666666667,1.0373044524669073,1.0,1,"('כאן 11', '2024-11-19', 36)","('כאן 11', '2024-11-19', 36)",2024-11-19 14:27:00
כאן 11,Other_first_standard,Other,first,standard,afternoon,2024-11-19,14,2.8333333333333335,170.0,5,0.39030446787748285,-0.39030446787748285,0.6666666666666666,0.9849537037037036,1.0,1,"('כאן 11', '2024-11-19', 39)","('כאן 11', '2024-11-19', 39)",2024-11-19 14:57:00
כאן 11,Other_first_standard,Other,first,standard,afternoon,2024-11-19,16,2.066666666666667,124.0,6,0.17531910426473654,-0.17531910426473654,0.7297297297297297,0.8695652173913042,1.0,1,"('כאן 11', '2024-11-19', 45)","('כאן 11', '2024-11-19', 45)",2024-11-19 16:08:00
כאן 11,Other_last_standard,Other,last,standard,afternoon,2024-11-19,16,2.1666666666666665,130.0,3,-0.015104685218496297,0.015104685218496297,1.1052631578947367,1.08869395711501,2.0,0,"('כאן 11', '2024-11-19', 45)","('כאן 11', '2024-11-19', 45)",2024-11-19 16:41:00
כאן 11,News_first_standard,News,first,standard,early_evening,2024-11-19,17,2.4166666666666665,145.0,6,-0.2438214248292469,0.2438214248292469,1.3214285714285716,1.0355078447563997,1.0,1,"('כאן 11', '2024-11-19', 48)","('כאן 11', '2024-11-19', 48)",2024-11-19 17:06:00
כאן 11,News_middle_standard,News,middle,standard,early_evening,2024-11-19,17,2.0833333333333335,125.0,5,-0.15172613861162895,0.15172613861162895,1.2631578947368423,1.0853350189633375,2.0,0,"('כאן 11', '2024-11-19', 48)","('כאן 11', '2024-11-19', 48)",2024-11-19 17:34:00
כאן 11,News_first_standard,News,first,standard,early_evening,2024-11-19,18,2.316666666666667,139.0,5,-0.02704172500301095,0.02704172500301095,1.0,0.9733206288708909,1.0,1,"('כאן 11', '2024-11-19', 52)","('כאן 11', '2024-11-19', 52)",2024-11-19 18:12:00
כאן 11,News_middle_standard,News,middle,standard,early_evening,2024-11-19,18,2.0833333333333335,125.0,5,0.16836346630111673,-0.16836346630111673,0.8314606741573034,0.9839228295819936,2.0,0,"('כאן 11', '2024-11-19', 52)","('כאן 11', '2024-11-19', 52)",2024-11-19 18:31:00
כאן 11,News_last_short,News,last,short,late_evening,2024-11-19,21,1.3666666666666667,82.0,2,-0.37922916790644234,0.37922916790644234,1.5064102564102564,1.0309702395354463,1.0,1,"('כאן 11', '2024-11-19', 56)","('כאן 11', '2024-11-19', 56)",2024-11-19 21:25:00
כאן 11,Other_last_standard,Other,last,standard,late_evening,2024-11-19,21,1.9166666666666667,115.0,7,-0.12548713599324324,0.12548713599324324,1.1361867704280155,1.0021929824561404,1.0,1,"('כאן 11', '2024-11-19', 59)","('כאן 11', '2024-11-19', 59)",2024-11-19 21:47:00
כאן 11,Other_middle_standard,Other,middle,standard,late_evening,2024-11-19,22,2.2666666666666666,136.0,8,0.08529736491787138,-0.08529736491787138,0.896551724137931,0.9763814616755792,1.0,1,"('כאן 11', '2024-11-19', 61)","('כאן 11', '2024-11-19', 61)",2024-11-19 22:11:00
כאן 11,Other_first_short,Other,first,short,late_evening,2024-11-19,22,0.9833333333333333,59.0,4,0.10916646008391907,-0.10916646008391907,0.8571428571428572,0.9560125678377606,1.0,1,"('כאן 11', '2024-11-19', 64)","('כאן 11', '2024-11-19', 64)",2024-11-19 22:33:00
כאן 11,News_last_standard,News,last,standard,late_evening,2024-11-19,23,1.7,102.0,3,0.1427018934570869,-0.1427018934570869,0.8412698412698413,0.9703087885985747,1.0,1,"('כאן 11', '2024-11-19', 65)","('כאן 11', '2024-11-19', 65)",2024-11-19 23:02:00
כאן 11,PrimeShow2_last_short,PrimeShow2,last,short,late_evening,2024-11-19,23,0.9666666666666667,58.0,6,0.04949874693078744,-0.04949874693078744,0.8709677419354838,0.9151643690349944,1.0,1,"('כאן 11', '2024-11-19', 67)","('כאן 11', '2024-11-19', 67)",2024-11-19 23:26:00
כאן 11,Other_last_standard,Other,last,standard,late_evening,2024-11-19,23,1.8833333333333333,113.0,3,0.14980392341649693,-0.14980392341649693,0.7999999999999999,0.9292851652574939,1.0,1,"('כאן 11', '2024-11-19', 70)","('כאן 11', '2024-11-19', 70)",2024-11-19 23:57:00
כאן 11,Other_first_standard,Other,first,standard,overnight,2024-11-20,0,2.5166666666666666,151.0,5,0.2354346878984911,-0.2354346878984911,0.75,0.9490940465918896,1.0,1,"('כאן 11', '2024-11-20', 0)","('כאן 11', '2024-11-20', 0)",2024-11-20 00:05:00
כאן 11,Other_middle_standard,Other,middle,standard,overnight,2024-11-20,1,2.466666666666667,148.0,4,0.1370654455075786,-0.1370654455075786,0.8181818181818181,0.938375350140056,1.0,1,"('כאן 11', '2024-11-20', 3)","('כאן 11', '2024-11-20', 3)",2024-11-20 01:08:00
כאן 11,Other_middle_standard,Other,middle,standard,overnight,2024-11-20,1,1.7166666666666666,103.0,3,0.505303798581683,-0.505303798581683,0.5714285714285715,0.9471365638766522,1.0,1,"('כאן 11', '2024-11-20', 5)","('כאן 11', '2024-11-20', 5)",2024-11-20 01:45:00
כאן 11,Other_last_standard,Other,last,standard,overnight,2024-11-20,2,1.6,96.0,3,0.023135640692490328,-0.023135640692490328,0.8278688524590164,0.8472454090150252,1.0,1,"('כאן 11', '2024-11-20', 7)","('כאן 11', '2024-11-20', 7)",2024-11-20 02:15:00
כאן 11,Other_last_short,Other,last,short,overnight,2024-11-20,2,1.0,60.0,2,1.0228050807614275,-1.0228050807614275,0.3333333333333334,0.926994906621392,1.0,1,"('כאן 11', '2024-11-20', 9)","('כאן 11', '2024-11-20', 9)",2024-11-20 02:38:00
כאן 11,Other_middle_standard,Other,middle,standard,overnight,2024-11-20,4,1.7,102.0,3,0.012739025777429712,-0.012739025777429712,1.0,1.0128205128205128,1.0,1,"('כאן 11', '2024-11-20', 16)","('כאן 11', '2024-11-20', 16)",2024-11-20 04:11:00
כאן 11,PrimeShow1_middle_standard,PrimeShow1,middle,standard,afternoon,2024-11-20,12,2.0166666666666666,121.0,4,-0.08056856344484079,0.08056856344484079,1.0714285714285716,0.9884910485933504,1.0,1,"('כאן 11', '2024-11-20', 30)","('כאן 11', '2024-11-20', 30)",2024-11-20 12:25:00
כאן 11,PrimeShow1_last_standard,PrimeShow1,last,standard,afternoon,2024-11-20,12,2.1666666666666665,130.0,4,-0.16265734738158671,0.16265734738158671,1.1904761904761907,1.011764705882353,2.0,0,"('כאן 11', '2024-11-20', 30)","('כאן 11', '2024-11-20', 30)",2024-11-20 12:44:00
כאן 11,Other_middle_standard,Other,middle,standard,afternoon,2024-11-20,13,2.0,120.0,4,0.3077910253744944,-0.3077910253744944,0.7058823529411766,0.960294117647059,1.0,1,"('כאן 11', '2024-11-20', 36)","('כאן 11', '2024-11-20', 36)",2024-11-20 13:25:00
כאן 11,Other_last_standard,Other,last,standard,afternoon,2024-11-20,13,2.183333333333333,131.0,4,0.06725222700916747,-0.06725222700916747,1.0,1.0695652173913044,2.0,0,"('כאן 11', '2024-11-20', 36)","('כאן 11', '2024-11-20', 36)",2024-11-20 13:46:00
כאן 11,PrimeShow1_last_standard,PrimeShow1,last,standard,afternoon,2024-11-20,14,2.35,141.0,5,-0.21353148272682815,0.21353148272682815,1.2631578947368425,1.0202863961813844,1.0,1,"('כאן 11', '2024-11-20', 40)","('כאן 11', '2024-11-20', 40)",2024-11-20 14:28:00
כאן 11,Other_first_standard,Other,first,standard,afternoon,2024-11-20,14,2.216666666666667,133.0,3,0.24317957807463023,-0.24317957807463023,0.7777777777777778,0.9918981481481481,1.0,1,"('כאן 11', '2024-11-20', 44)","('כאן 11', '2024-11-20', 44)",2024-11-20 14:57:00
כאן 11,Other_first_standard,Other,first,standard,afternoon,2024-11-20,16,2.183333333333333,131.0,6,-0.20875481386211048,0.20875481386211048,1.0714285714285716,0.8695652173913042,1.0,1,"('כאן 11', '2024-11-20', 49)","('כאן 11', '2024-11-20', 49)",2024-11-20 16:08:00
כאן 11,Other_middle_standard,Other,middle,standard,afternoon,2024-11-20,16,2.3333333333333335,140.0,5,-0.17933806004260483,0.17933806004260483,1.1363636363636362,0.9497991967871485,2.0,0,"('כאן 11', '2024-11-20', 49)","('כאן 11', '2024-11-20', 49)",2024-11-20 16:29:00
כאן 11,News_first_standard,News,first,standard,early_evening,2024-11-20,17,2.2666666666666666,136.0,7,-0.05129329438755048,0.05129329438755048,1.0526315789473684,1.0,1.0,1,"('כאן 11', '2024-11-20', 52)","('כאן 11', '2024-11-20', 52)",2024-11-20 17:02:00
כאן 11,News_middle_standard,News,middle,standard,early_evening,2024-11-20,17,2.433333333333333,146.0,7,0.12883805875059107,-0.12883805875059107,0.9705882352941178,1.1040498442367601,2.0,0,"('כאן 11', '2024-11-20', 52)","('כאן 11', '2024-11-20', 52)",2024-11-20 17:36:00
כאן 11,News_first_standard,News,first,standard,early_evening,2024-11-20,18,2.1666666666666665,130.0,7,-0.005120661139767533,0.005120661139767533,0.9705882352941175,0.9656308851224106,1.0,1,"('כאן 11', '2024-11-20', 56)","('כאן 11', '2024-11-20', 56)",2024-11-20 18:09:00
כאן 11,News_middle_standard,News,middle,standard,early_evening,2024-11-20,18,2.45,147.0,6,0.14315826375495483,-0.14315826375495483,0.8958333333333336,1.033713200379867,2.0,0,"('כאן 11', '2024-11-20', 56)","('כאן 11', '2024-11-20', 56)",2024-11-20 18:24:00
כאן 11,News_last_short,News,last,short,late_evening,2024-11-20,21,0.75,45.0,2,0.13751762729235772,-0.13751762729235772,1.0,1.1474219317356573,1.0,1,"('כאן 11', '2024-11-20', 60)","('כאן 11', '2024-11-20', 60)",2024-11-20 21:30:00
כאן 11,PrimeShow2_first_long,PrimeShow2,first,long,late_evening,2024-11-20,21,3.1333333333333333,188.0,10,0.3319305077918916,-0.3319305077918916,0.6857142857142857,0.9556498264558428,1.0,1,"('כאן 11', '2024-11-20', 62)","('כאן 11', '2024-11-20', 62)",2024-11-20 21:44:00
כאן 11,PrimeShow2_last_long,PrimeShow2,last,long,late_evening,2024-11-20,22,3.3,198.0,10,-0.0016601450510409371,0.0016601450510409371,0.9090909090909091,0.9075829383886256,2.0,0,"('כאן 11', '2024-11-20', 62)","('כאן 11', '2024-11-20', 62)",2024-11-20 22:22:00
כאן 11,Other_last_standard,Other,last,standard,late_evening,2024-11-20,22,2.0,120.0,5,0.15927228817797678,-0.15927228817797678,0.7671232876712328,0.8995726495726497,1.0,1,"('כאן 11', '2024-11-20', 65)","('כאן 11', '2024-11-20', 65)",2024-11-20 22:56:00
כאן 11,Other_first_short,Other,first,short,late_evening,2024-11-20,23,1.1833333333333333,71.0,4,-0.25545688591885,0.25545688591885,1.0862068965517242,0.8413351623228166,1.0,1,"('כאן 11', '2024-11-20', 68)","('כאן 11', '2024-11-20', 68)",2024-11-20 23:19:00
כאן 11,News_middle_standard,News,middle,standard,late_evening,2024-11-20,23,1.9,114.0,3,-0.0019907968317147973,0.0019907968317147973,0.88,0.8782498414711476,1.0,1,"('כאן 11', '2024-11-20', 69)","('כאן 11', '2024-11-20', 69)",2024-11-20 23:39:00
כאן 11,Other_first_standard,Other,first,standard,overnight,2024-11-21,0,2.1666666666666665,130.0,5,-0.13165112373396282,0.13165112373396282,1.1153846153846154,0.9777983348751155,1.0,1,"('כאן 11', '2024-11-21', 0)","('כאן 11', '2024-11-21', 0)",2024-11-21 00:14:00
כאן 11,Other_last_standard,Other,last,standard,overnight,2024-11-21,0,2.6,156.0,4,-0.18384140276372457,0.18384140276372457,1.1428571428571432,0.9509345794392525,1.0,1,"('כאן 11', '2024-11-21', 1)","('כאן 11', '2024-11-21', 1)",2024-11-21 00:44:00
כאן 11,Other_middle_standard,Other,middle,standard,overnight,2024-11-21,1,2.216666666666667,133.0,4,-0.06765864847381493,0.06765864847381493,1.0,0.9345794392523363,1.0,1,"('כאן 11', '2024-11-21', 3)","('כאן 11', '2024-11-21', 3)",2024-11-21 01:18:00
כאן 11,Other_last_standard,Other,last,standard,overnight,2024-11-21,1,2.566666666666667,154.0,4,0.16507975035944827,-0.16507975035944827,0.7500000000000001,0.8846153846153845,2.0,0,"('כאן 11', '2024-11-21', 3)","('כאן 11', '2024-11-21', 3)",2024-11-21 01:38:00
כאן 11,Other_middle_standard,Other,middle,standard,overnight,2024-11-21,2,2.3666666666666667,142.0,4,0.1538727090124037,-0.1538727090124037,1.0,1.1663424124513617,1.0,1,"('כאן 11', '2024-11-21', 7)","('כאן 11', '2024-11-21', 7)",2024-11-21 02:04:00
כאן 11,Other_first_standard,Other,first,standard,overnight,2024-11-21,2,1.6166666666666667,97.0,3,-0.6001509238860172,0.6001509238860172,1.1428571428571426,0.6271186440677967,1.0,1,"('כאן 11', '2024-11-21', 9)","('כאן 11', '2024-11-21', 9)",2024-11-21 02:26:00
כאן 11,Other_last_standard,Other,last,standard,overnight,2024-11-21,3,1.7666666666666666,106.0,3,-0.1731924994585708,0.1731924994585708,1.103448275862069,0.9279731993299832,2.0,0,"('כאן 11', '2024-11-21', 9)","('כאן 11', '2024-11-21', 9)",2024-11-21 03:02:00
כאן 11,Other_last_short,Other,last,short,overnight,2024-11-21,3,1.3166666666666667,79.0,2,0.27103483901862413,-0.27103483901862413,0.6666666666666669,0.8742138364779872,1.0,1,"('כאן 11', '2024-11-21', 13)","('כאן 11', '2024-11-21', 13)",2024-11-21 03:34:00
כאן 11,Other_middle_short,Other,middle,short,overnight,2024-11-21,5,1.0,60.0,2,-0.06488762220587471,0.06488762220587471,1.0,0.9371727748691101,1.0,1,"('כאן 11', '2024-11-21', 21)","('כאן 11', '2024-11-21', 21)",2024-11-21 05:24:00
כאן 11,Other_last_short,Other,last,short,overnight,2024-11-21,5,1.3,78.0,2,-0.02259983191724092,0.02259983191724092,1.0,0.9776536312849162,2.0,0,"('כאן 11', '2024-11-21', 21)","('כאן 11', '2024-11-21', 21)",2024-11-21 05:39:00
כאן 11,Other_middle_standard,Other,middle,standard,afternoon,2024-11-21,12,2.0833333333333335,125.0,4,0.43705947352638125,-0.43705947352638125,0.6315789473684212,0.9777777777777777,1.0,1,"('כאן 11', '2024-11-21', 34)","('כאן 11', '2024-11-21', 34)",2024-11-21 12:52:00
כאן 11,Other_last_standard,Other,last,standard,afternoon,2024-11-21,13,1.8,108.0,4,1.2520519837515889,-1.2520519837515889,0.27272727272727276,0.953867028493894,2.0,0,"('כאן 11', '2024-11-21', 34)","('כאן 11', '2024-11-21', 34)",2024-11-21 13:12:00
כאן 11,PrimeShow1_middle_long,PrimeShow1,middle,long,afternoon,2024-11-21,14,3.55,213.0,6,0.1644014968362027,-0.1644014968362027,0.9,1.0608187134502924,1.0,1,"('כאן 11', '2024-11-21', 40)","('כאן 11', '2024-11-21', 40)",2024-11-21 14:35:00
כאן 11,PrimeShow1_middle_short,PrimeShow1,middle,short,afternoon,2024-11-21,15,1.1833333333333333,71.0,2,0.08248048657120081,-0.08248048657120081,1.0,1.085977482088025,1.0,1,"('כאן 11', '2024-11-21', 44)","('כאן 11', '2024-11-21', 44)",2024-11-21 15:30:00
כאן 11,Other_first_standard,Other,first,standard,afternoon,2024-11-21,16,2.8333333333333335,170.0,5,-0.2993602960598763,0.2993602960598763,1.1666666666666667,0.8648409893992932,1.0,1,"('כאן 11', '2024-11-21', 47)","('כאן 11', '2024-11-21', 47)",2024-11-21 16:09:00
כאן 11,Other_last_standard,Other,last,standard,afternoon,2024-11-21,16,2.3333333333333335,140.0,7,0.21323157588984654,-0.21323157588984654,0.8205128205128205,1.0155251141552513,2.0,0,"('כאן 11', '2024-11-21', 47)","('כאן 11', '2024-11-21', 47)",2024-11-21 16:43:00
כאן 11,News_middle_standard,News,middle,standard,early_evening,2024-11-21,17,2.35,141.0,6,-0.054982134417353334,0.054982134417353334,1.173913043478261,1.111111111111111,1.0,1,"('כאן 11', '2024-11-21', 50)","('כאן 11', '2024-11-21', 50)",2024-11-21 17:20:00
כאן 11,News_last_standard,News,last,standard,early_evening,2024-11-21,17,2.683333333333333,161.0,6,0.3514596799654218,-0.3514596799654218,0.71875,1.0214446952595935,2.0,0,"('כאן 11', '2024-11-21', 50)","('כאן 11', '2024-11-21', 50)",2024-11-21 17:42:00
כאן 11,News_first_standard,News,first,standard,early_evening,2024-11-21,18,2.75,165.0,8,-0.24049365954642227,0.24049365954642227,1.2222222222222223,0.9609595484477894,1.0,1,"('כאן 11', '2024-11-21', 54)","('כאן 11', '2024-11-21', 54)",2024-11-21 18:11:00
כאן 11,News_middle_standard,News,middle,standard,early_evening,2024-11-21,18,2.6333333333333333,158.0,5,0.025802696579228096,-0.025802696579228096,1.0980392156862744,1.126740278444551,2.0,0,"('כאן 11', '2024-11-21', 54)","('כאן 11', '2024-11-21', 54)",2024-11-21 18:35:00
כאן 11,News_last_short,News,last,short,late_evening,2024-11-21,21,0.8666666666666667,52.0,2,0.030016546042120475,-0.030016546042120475,1.0,1.0304715840386942,1.0,1,"('כאן 11', '2024-11-21', 58)","('כאן 11', '2024-11-21', 58)",2024-11-21 21:26:00
כאן 11,PrimeShow2_last_long,PrimeShow2,last,long,late_evening,2024-11-21,21,3.1166666666666667,187.0,9,-0.1896070854618973,0.1896070854618973,1.061855670103093,0.8784563357867514,1.0,1,"('כאן 11', '2024-11-21', 60)","('כאן 11', '2024-11-21', 60)",2024-11-21 21:53:00
כאן 11,Other_middle_long,Other,middle,long,late_evening,2024-11-21,22,3.4833333333333334,209.0,9,0.03957974825694721,-0.03957974825694721,0.8393782383419692,0.8732668450498662,1.0,1,"('כאן 11', '2024-11-21', 62)","('כאן 11', '2024-11-21', 62)",2024-11-21 22:25:00
כאן 11,News_last_standard,News,last,standard,late_evening,2024-11-21,23,2.15,129.0,3,-0.1389638180545511,0.1389638180545511,0.9855072463768114,0.8576470588235294,1.0,1,"('כאן 11', '2024-11-21', 65)","('כאן 11', '2024-11-21', 65)",2024-11-21 23:12:00
כאן 11,PrimeShow2_middle_standard,PrimeShow2,middle,standard,late_evening,2024-11-21,23,2.3666666666666667,142.0,6,0.21342720624747277,-0.21342720624747277,0.7045454545454546,0.8721662468513854,1.0,1,"('כאן 11', '2024-11-21', 67)","('כאן 11', '2024-11-21', 67)",2024-11-21 23:38:00
כאן 11,Other_last_standard,Other,last,standard,overnight,2024-11-22,0,2.183333333333333,131.0,5,-0.1084124817244797,0.1084124817244797,1.0357142857142858,0.9293023255813955,1.0,1,"('כאן 11', '2024-11-22', 0)","('כאן 11', '2024-11-22', 0)",2024-11-22 00:19:00
כאן 11,Other_middle_standard,Other,middle,standard,overnight,2024-11-22,0,2.6333333333333333,158.0,4,0.17608217183323932,-0.17608217183323932,0.7499999999999999,0.8944020356234096,1.0,1,"('כאן 11', '2024-11-22', 2)","('כאן 11', '2024-11-22', 2)",2024-11-22 00:57:00
כאן 11,Other_last_standard,Other,last,standard,overnight,2024-11-22,1,2.0,120.0,4,0.43597594937170236,-0.43597594937170236,0.5833333333333333,0.9021084337349395,2.0,0,"('כאן 11', '2024-11-22', 2)","('כאן 11', '2024-11-22', 2)",2024-11-22 01:16:00
כאן 11,Other_last_standard,Other,last,standard,overnight,2024-11-22,1,2.35,141.0,4,0.5249456488403023,-0.5249456488403023,1.0,1.6903669724770642,1.0,1,"('כאן 11', '2024-11-22', 5)","('כאן 11', '2024-11-22', 5)",2024-11-22 01:54:00
כאן 11,Other_first_standard,Other,first,standard,overnight,2024-11-22,2,2.4833333333333334,149.0,5,0.050458221270129056,-0.050458221270129056,0.8333333333333334,0.8764607679465777,1.0,1,"('כאן 11', '2024-11-22', 8)","('כאן 11', '2024-11-22', 8)",2024-11-22 02:15:00
כאן 11,Other_middle_long,Other,middle,long,overnight,2024-11-22,2,3.283333333333333,197.0,5,-0.056776515802082005,0.056776515802082005,1.0,0.9448051948051948,1.0,1,"('כאן 11', '2024-11-22', 12)","('כאן 11', '2024-11-22', 12)",2024-11-22 02:56:00
כאן 11,Other_last_standard,Other,last,standard,overnight,2024-11-22,5,2.8666666666666667,172.0,4,-0.01699757636857102,0.01699757636857102,1.0,0.9831460674157304,2.0,0,"('כאן 11', '2024-11-22', 20)","('כאן 11', '2024-11-22', 20)",2024-11-22 05:38:00
כאן 11,PrimeShow2_middle_long,PrimeShow2,middle,long,afternoon,2024-11-22,12,3.0,180.0,5,0.10331861516481676,-0.10331861516481676,0.8888888888888891,0.9856396866840732,1.0,1,"('כאן 11', '2024-11-22', 31)","('כאן 11', '2024-11-22', 31)",2024-11-22 12:30:00
כאן 11,PrimeShow2_last_long,PrimeShow2,last,long,afternoon,2024-11-22,12,3.1166666666666667,187.0,5,0.1508228897345839,-0.1508228897345839,0.8333333333333331,0.9689922480620156,2.0,0,"('כאן 11', '2024-11-22', 31)","('כאן 11', '2024-11-22', 31)",2024-11-22 12:41:00
כאן 11,Other_middle_standard,Other,middle,standard,afternoon,2024-11-22,13,2.8333333333333335,170.0,5,-0.3968743967710362,0.3968743967710362,1.5238095238095242,1.0246376811594202,1.0,1,"('כאן 11', '2024-11-22', 34)","('כאן 11', '2024-11-22', 34)",2024-11-22 13:15:00
כאן 11,Other_last_long,Other,last,long,afternoon,2024-11-22,14,3.05,183.0,6,-0.1514032813099895,0.1514032813099895,1.087719298245614,0.9348958333333333,1.0,1,"('כאן 11', '2024-11-22', 38)","('כאן 11', '2024-11-22', 38)",2024-11-22 14:03:00
כאן 11,Other_middle_standard,Other,middle,standard,afternoon,2024-11-22,14,2.0,120.0,4,0.13115479389101278,-0.13115479389101278,0.8679245283018867,0.9895591647331785,1.0,1,"('כאן 11', '2024-11-22', 40)","('כאן 11', '2024-11-22', 40)",2024-11-22 14:34:00
כאן 11,Other_last_standard,Other,last,standard,afternoon,2024-11-22,15,2.933333333333333,176.0,6,-0.08012568489633662,0.08012568489633662,1.0952380952380953,1.010905125408942,1.0,1,"('כאן 11', '2024-11-22', 42)","('כאן 11', '2024-11-22', 42)",2024-11-22 15:12:00
כאן 11,PrimeShow2_first_standard,PrimeShow2,first,standard,afternoon,2024-11-22,16,2.3666666666666667,142.0,6,-0.20505865832052836,0.20505865832052836,1.181818181818182,0.9627085377821392,1.0,1,"('כאן 11', '2024-11-22', 48)","('כאן 11', '2024-11-22', 48)",2024-11-22 16:18:00
כאן 11,PrimeShow2_last_standard,PrimeShow2,last,standard,afternoon,2024-11-22,16,2.9,174.0,6,-0.12067216731572636,0.12067216731572636,1.175,1.0414312617702448,2.0,0,"('כאן 11', '2024-11-22', 48)","('כאן 11', '2024-11-22', 48)",2024-11-22 16:42:00
כאן 11,Other_first_standard,Other,first,standard,early_evening,2024-11-22,17,2.7666666666666666,166.0,8,-0.13052390236112513,0.13052390236112513,1.2708333333333333,1.1153284671532846,1.0,1,"('כאן 11', '2024-11-22', 51)","('כאן 11', '2024-11-22', 51)",2024-11-22 17:24:00
כאן 11,Other_first_standard,Other,first,standard,early_evening,2024-11-22,17,2.466666666666667,148.0,7,0.2748125773459563,-0.2748125773459563,0.7413793103448276,0.9758656873032528,2.0,0,"('כאן 11', '2024-11-22', 51)","('כאן 11', '2024-11-22', 51)",2024-11-22 17:55:00
כאן 11,Other_middle_standard,Other,middle,standard,early_evening,2024-11-22,18,2.8666666666666667,172.0,8,0.44360368549360535,-0.44360368549360535,0.6166666666666666,0.9609595484477894,3.0,0,"('כאן 11', '2024-11-22', 51)","('כאן 11', '2024-11-22', 51)",2024-11-22 18:11:00
כאן 11,Other_middle_standard,Other,middle,standard,early_evening,2024-11-22,18,2.5,150.0,7,0.3429298236371113,-0.3429298236371113,0.7142857142857143,1.006478482184174,4.0,0,"('כאן 11', '2024-11-22', 51)","('כאן 11', '2024-11-22', 51)",2024-11-22 18:32:00
כאן 11,Other_last_standard,Other,last,standard,early_evening,2024-11-22,18,2.7,162.0,6,0.45144183631077317,-0.45144183631077317,0.8529411764705883,1.3396081444487131,5.0,0,"('כאן 11', '2024-11-22', 51)","('כאן 11', '2024-11-22', 51)",2024-11-22 18:59:00
כאן 11,News_last_short,News,last,short,late_evening,2024-11-22,21,1.4166666666666667,85.0,2,-0.06133297406104629,0.06133297406104629,1.0068493150684932,0.946951871657754,1.0,1,"('כאן 11', '2024-11-22', 57)","('כאן 11', '2024-11-22', 57)",2024-11-22 21:58:00
כאן 11,PrimeShow2_middle_long,PrimeShow2,middle,long,late_evening,2024-11-22,22,3.25,195.0,9,-0.10665197459869838,0.10665197459869838,0.986842105263158,0.8870116156282999,1.0,1,"('כאן 11', '2024-11-22', 59)","('כאן 11', '2024-11-22', 59)",2024-11-22 22:30:00
כאן 11,PrimeShow2_last_standard,PrimeShow2,last,standard,late_evening,2024-11-22,22,2.816666666666667,169.0,8,-0.060089035599148355,0.060089035599148355,1.0074074074074073,0.9486560992419021,2.0,0,"('כאן 11', '2024-11-22', 59)","('כאן 11', '2024-11-22', 59)",2024-11-22 22:51:00
כאן 11,Other_last_long,Other,last,long,late_evening,2024-11-22,23,3.1,186.0,6,0.07110367585908367,-0.07110367585908367,0.8295454545454546,0.890676762896356,1.0,1,"('כאן 11', '2024-11-22', 62)","('כאן 11', '2024-11-22', 62)",2024-11-22 23:20:00
כאן 11,PrimeShow1_middle_standard,PrimeShow1,middle,standard,late_evening,2024-11-22,23,2.8833333333333333,173.0,7,-0.03965387782169351,0.03965387782169351,0.9696969696969696,0.9319971367215462,1.0,1,"('כאן 11', '2024-11-22', 65)","('כאן 11', '2024-11-22', 65)",2024-11-22 23:51:00
כאן 11,Other_first_standard,Other,first,standard,overnight,2024-11-23,0,1.6833333333333333,101.0,4,-0.12009030133288688,0.12009030133288688,1.1025641025641026,0.9777983348751155,1.0,1,"('כאן 11', '2024-11-23', 0)","('כאן 11', '2024-11-23', 0)",2024-11-23 00:14:00
כאן 11,Other_first_standard,Other,first,standard,overnight,2024-11-23,0,2.2666666666666666,136.0,3,0.2552225915356647,-0.2552225915356647,0.7499999999999999,0.9680616740088105,1.0,1,"('כאן 11', '2024-11-23', 1)","('כאן 11', '2024-11-23', 1)",2024-11-23 00:35:00
כאן 11,Other_middle_standard,Other,middle,standard,overnight,2024-11-23,1,2.316666666666667,139.0,4,0.22002342397796587,-0.22002342397796587,0.7500000000000001,0.9345794392523363,1.0,1,"('כאן 11', '2024-11-23', 2)","('כאן 11', '2024-11-23', 2)",2024-11-23 01:18:00
כאן 11,Other_last_standard,Other,last,standard,overnight,2024-11-23,1,2.683333333333333,161.0,4,-0.12260232209233252,0.12260232209233252,1.0,0.8846153846153845,2.0,0,"('כאן 11', '2024-11-23', 2)","('כאן 11', '2024-11-23', 2)",2024-11-23 01:38:00
כאן 11,Other_middle_standard,Other,middle,standard,overnight,2024-11-23,2,1.7666666666666666,106.0,3,-0.11778303565638351,0.11778303565638351,1.0,0.8888888888888888,1.0,1,"('כאן 11', '2024-11-23', 6)","('כאן 11', '2024-11-23', 6)",2024-11-23 02:13:00
כאן 11,Other_middle_standard,Other,middle,standard,overnight,2024-11-23,2,2.5833333333333335,155.0,4,-0.009337135995940186,0.009337135995940186,1.0,0.9907063197026019,1.0,1,"('כאן 11', '2024-11-23', 8)","('כאן 11', '2024-11-23', 8)",2024-11-23 02:47:00
כאן 11,Other_last_standard,Other,last,standard,overnight,2024-11-23,3,2.6666666666666665,160.0,4,-0.07299778608354743,0.07299778608354743,1.0,0.9296028880866428,2.0,0,"('כאן 11', '2024-11-23', 8)","('כאן 11', '2024-11-23', 8)",2024-11-23 03:07:00
כאן 11,Other_last_standard,Other,last,standard,overnight,2024-11-23,4,2.1666666666666665,130.0,4,-0.7624589804501739,0.7624589804501739,2.0,0.9330357142857145,2.0,0,"('כאן 11', '2024-11-23', 11)","('כאן 11', '2024-11-23', 11)",2024-11-23 04:02:00
כאן 11,Other_middle_standard,Other,middle,standard,overnight,2024-11-23,4,2.566666666666667,154.0,4,0.6049636079138816,-0.6049636079138816,0.5714285714285715,1.0463917525773194,1.0,1,"('כאן 11', '2024-11-23', 14)","('כאן 11', '2024-11-23', 14)",2024-11-23 04:34:00
כאן 11,Other_last_standard,Other,last,standard,overnight,2024-11-23,4,1.7666666666666666,106.0,3,-0.5779514684685128,0.5779514684685128,2.0,1.122093023255814,2.0,0,"('כאן 11', '2024-11-23', 14)","('כאן 11', '2024-11-23', 14)",2024-11-23 04:55:00
כאן 11,Other_last_standard,Other,last,standard,overnight,2024-11-23,5,1.85,111.0,3,0.06001800972625274,-0.06001800972625274,1.0,1.0618556701030926,1.0,1,"('כאן 11', '2024-11-23', 20)","('כאן 11', '2024-11-23', 20)",2024-11-23 05:51:00
כאן 11,Other_middle_long,Other,middle,long,morning,2024-11-23,7,3.0,180.0,5,0.1366543164243586,-0.1366543164243586,0.9411764705882353,1.0789946140035909,1.0,1,"('כאן 11', '2024-11-23', 23)","('כאן 11', '2024-11-23', 23)",2024-11-23 07:30:00
כאן 11,Other_last_standard,Other,last,standard,morning,2024-11-23,7,2.683333333333333,161.0,4,0.3322705497675129,-0.3322705497675129,0.7500000000000001,1.0455974842767297,2.0,0,"('כאן 11', '2024-11-23', 23)","('כאן 11', '2024-11-23', 23)",2024-11-23 07:41:00
כאן 11,Other_middle_standard,Other,middle,standard,morning,2024-11-23,8,2.9,174.0,5,0.20016691711396473,-0.20016691711396473,0.8888888888888891,1.0858725761772852,1.0,1,"('כאן 11', '2024-11-23', 26)","('כאן 11', '2024-11-23', 26)",2024-11-23 08:06:00
כאן 11,Other_first_standard,Other,first,standard,morning,2024-11-23,8,2.683333333333333,161.0,4,0.3462961744660498,-0.3462961744660498,0.6785714285714286,0.959378733572282,1.0,1,"('כאן 11', '2024-11-23', 28)","('כאן 11', '2024-11-23', 28)",2024-11-23 08:38:00
כאן 11,Other_middle_standard,Other,middle,standard,morning,2024-11-23,8,2.35,141.0,4,0.25129648381901515,-0.25129648381901515,0.8421052631578948,1.082687338501292,2.0,0,"('כאן 11', '2024-11-23', 28)","('כאן 11', '2024-11-23', 28)",2024-11-23 08:58:00
כאן 11,Other_last_standard,Other,last,standard,morning,2024-11-23,9,1.9166666666666667,115.0,4,-0.018037624316547797,0.018037624316547797,1.0,0.9821240799158779,1.0,1,"('כאן 11', '2024-11-23', 33)","('כאן 11', '2024-11-23', 33)",2024-11-23 09:54:00
כאן 11,PrimeShow2_last_standard,PrimeShow2,last,standard,afternoon,2024-11-23,12,2.9166666666666665,175.0,4,0.5082078212239117,-0.5082078212239117,0.6000000000000002,0.9973856209150328,1.0,1,"('כאן 11', '2024-11-23', 37)","('כאן 11', '2024-11-23', 37)",2024-11-23 12:42:00
כאן 11,Other_first_standard,Other,first,standard,afternoon,2024-11-23,13,2.8666666666666667,172.0,5,-0.7884257503059469,0.7884257503059469,2.25,1.0227596017069702,1.0,1,"('כאן 11', '2024-11-23', 41)","('כאן 11', '2024-11-23', 41)",2024-11-23 13:14:00
כאן 11,Other_last_standard,Other,last,standard,afternoon,2024-11-23,13,2.566666666666667,154.0,5,-0.1417479131102155,0.1417479131102155,1.25,1.0848000000000002,2.0,0,"('כאן 11', '2024-11-23', 41)","('כאן 11', '2024-11-23', 41)",2024-11-23 13:39:00
כאן 11,Other_middle_standard,Other,middle,standard,afternoon,2024-11-23,14,2.466666666666667,148.0,5,0.3963029337742657,-0.3963029337742657,0.6875000000000001,1.0218446601941749,1.0,1,"('כאן 11', '2024-11-23', 44)","('כאן 11', '2024-11-23', 44)",2024-11-23 14:26:00
כאן 11,Other_last_long,Other,last,long,afternoon,2024-11-23,14,3.066666666666667,184.0,5,-0.021852508437623378,0.021852508437623378,1.0,0.9783845278725827,2.0,0,"('כאן 11', '2024-11-23', 44)","('כאן 11', '2024-11-23', 44)",2024-11-23 14:45:00
כאן 11,Other_last_standard,Other,last,standard,afternoon,2024-11-23,15,2.8666666666666667,172.0,5,0.20671645619157206,-0.20671645619157206,0.8636363636363635,1.0619565217391302,1.0,1,"('כאן 11', '2024-11-23', 47)","('כאן 11', '2024-11-23', 47)",2024-11-23 15:23:00
כאן 11,Other_last_standard,Other,last,standard,afternoon,2024-11-23,15,1.9666666666666666,118.0,4,0.10130270710038541,-0.10130270710038541,1.0000000000000002,1.1066115702479338,1.0,1,"('כאן 11', '2024-11-23', 49)","('כאן 11', '2024-11-23', 49)",2024-11-23 15:52:00
כאן 11,Other_first_standard,Other,first,standard,afternoon,2024-11-23,16,2.433333333333333,146.0,6,0.20592435626906125,-0.20592435626906125,0.8055555555555556,0.9897540983606555,1.0,1,"('כאן 11', '2024-11-23', 51)","('כאן 11', '2024-11-23', 51)",2024-11-23 16:26:00
כאן 11,Other_middle_standard,Other,middle,standard,afternoon,2024-11-23,16,2.9166666666666665,175.0,5,0.03025891521288972,-0.03025891521288972,0.9736842105263159,1.0035971223021583,2.0,0,"('כאן 11', '2024-11-23', 51)","('כאן 11', '2024-11-23', 51)",2024-11-23 16:44:00
כאן 11,Other_middle_standard,Other,middle,standard,early_evening,2024-11-23,17,2.566666666666667,154.0,8,0.04137423843118311,-0.04137423843118311,1.0,1.0422420796100733,3.0,0,"('כאן 11', '2024-11-23', 51)","('כאן 11', '2024-11-23', 51)",2024-11-23 17:10:00
כאן 11,Other_last_standard,Other,last,standard,early_evening,2024-11-23,17,2.5833333333333335,155.0,7,-0.05108540344045271,0.05108540344045271,1.0666666666666667,1.0135440180586905,4.0,0,"('כאן 11', '2024-11-23', 51)","('כאן 11', '2024-11-23', 51)",2024-11-23 17:42:00
כאן 11,News_first_standard,News,first,standard,early_evening,2024-11-23,18,2.533333333333333,152.0,8,0.1423126840042205,-0.1423126840042205,0.8686131386861313,1.0014563106796115,1.0,1,"('כאן 11', '2024-11-23', 56)","('כאן 11', '2024-11-23', 56)",2024-11-23 18:14:00
כאן 11,News_last_short,News,last,short,late_evening,2024-11-23,21,0.8166666666666667,49.0,2,-0.10373353585315495,0.10373353585315495,1.2479338842975207,1.1249693100908422,1.0,1,"('כאן 11', '2024-11-23', 59)","('כאן 11', '2024-11-23', 59)",2024-11-23 21:28:00
כאן 11,PrimeShow2_last_long,PrimeShow2,last,long,late_evening,2024-11-23,21,3.5833333333333335,215.0,9,0.05060603537840669,-0.05060603537840669,0.916083916083916,0.9636363636363636,1.0,1,"('כאן 11', '2024-11-23', 61)","('כאן 11', '2024-11-23', 61)",2024-11-23 21:58:00
כאן 11,Other_middle_long,Other,middle,long,late_evening,2024-11-23,22,3.216666666666667,193.0,9,0.0979576691882985,-0.0979576691882985,0.8636363636363634,0.9525184472248959,1.0,1,"('כאן 11', '2024-11-23', 63)","('כאן 11', '2024-11-23', 63)",2024-11-23 22:43:00
כאן 11,Other_last_standard,Other,last,standard,late_evening,2024-11-23,22,1.95,117.0,3,0.21695724162234412,-0.21695724162234412,0.7702702702702703,0.9568998109640834,2.0,0,"('כאן 11', '2024-11-23', 63)","('כאן 11', '2024-11-23', 63)",2024-11-23 22:59:00
כאן 11,PrimeShow1_middle_standard,PrimeShow1,middle,standard,late_evening,2024-11-23,23,2.6,156.0,5,-0.279055131816258,0.279055131816258,1.3333333333333333,1.0086642599277977,1.0,1,"('כאן 11', '2024-11-23', 67)","('כאן 11', '2024-11-23', 67)",2024-11-23 23:45:00
כאן 11,Other_first_standard,Other,first,standard,overnight,2024-11-24,0,1.85,111.0,3,-0.46428458404800993,0.46428458404800993,1.5555555555555554,0.9777983348751155,1.0,1,"('כאן 11', '2024-11-24', 0)","('כאן 11', '2024-11-24', 0)",2024-11-24 00:14:00
כאן 11,Other_middle_standard,Other,middle,standard,overnight,2024-11-24,0,2.8333333333333335,170.0,5,-0.9362404991374937,0.9362404991374937,2.3846153846153846,0.935005701254276,1.0,1,"('כאן 11', '2024-11-24', 1)","('כאן 11', '2024-11-24', 1)",2024-11-24 00:39:00
כאן 11,Other_last_standard,Other,last,standard,overnight,2024-11-24,1,1.8166666666666667,109.0,3,0.3378064596343495,-0.3378064596343495,0.6666666666666666,0.9345794392523363,1.0,1,"('כאן 11', '2024-11-24', 3)","('כאן 11', '2024-11-24', 3)",2024-11-24 01:18:00
כאן 11,Other_middle_standard,Other,middle,standard,overnight,2024-11-24,1,2.4,144.0,3,-0.04036422385536035,0.04036422385536035,1.0,0.9604395604395604,1.0,1,"('כאן 11', '2024-11-24', 5)","('כאן 11', '2024-11-24', 5)",2024-11-24 01:46:00
כאן 11,Other_last_standard,Other,last,standard,overnight,2024-11-24,2,2.1333333333333333,128.0,3,-0.089298137647697,0.089298137647697,1.0384615384615385,0.9497487437185931,1.0,1,"('כאן 11', '2024-11-24', 7)","('כאן 11', '2024-11-24', 7)",2024-11-24 02:34:00
כאן 11,Other_last_standard,Other,last,standard,overnight,2024-11-24,3,2.65,159.0,4,-0.09654869154149598,0.09654869154149598,1.032258064516129,0.9372549019607841,1.0,1,"('כאן 11', '2024-11-24', 9)","('כאן 11', '2024-11-24', 9)",2024-11-24 03:11:00
כאן 11,Other_middle_standard,Other,middle,standard,overnight,2024-11-24,3,2.066666666666667,124.0,3,0.004514680354526613,-0.004514680354526613,1.0,1.004524886877828,1.0,1,"('כאן 11', '2024-11-24', 12)","('כאן 11', '2024-11-24', 12)",2024-11-24 03:55:00
כאן 11,Other_last_standard,Other,last,standard,overnight,2024-11-24,4,1.85,111.0,3,0.04752514186284506,-0.04752514186284506,1.0,1.0486725663716812,2.0,0,"('כאן 11', '2024-11-24', 12)","('כאן 11', '2024-11-24', 12)",2024-11-24 04:10:00
כאן 11,Other_middle_standard,Other,middle,standard,overnight,2024-11-24,5,2.066666666666667,124.0,3,0.02127739844728488,-0.02127739844728488,1.0,1.021505376344086,1.0,1,"('כאן 11', '2024-11-24', 18)","('כאן 11', '2024-11-24', 18)",2024-11-24 05:19:00
כאן 11,Other_first_standard,Other,first,standard,overnight,2024-11-24,5,1.85,111.0,3,0.06755815101129109,-0.06755815101129109,1.0,1.0698924731182795,1.0,1,"('כאן 11', '2024-11-24', 20)","('כאן 11', '2024-11-24', 20)",2024-11-24 05:43:00
כאן 11,PrimeShow1_middle_standard,PrimeShow1,middle,standard,afternoon,2024-11-24,12,2.4166666666666665,145.0,4,0.06643859168185492,-0.06643859168185492,0.9333333333333332,0.9974489795918369,1.0,1,"('כאן 11', '2024-11-24', 26)","('כאן 11', '2024-11-24', 26)",2024-11-24 12:18:00
כאן 11,PrimeShow1_last_standard,PrimeShow1,last,standard,afternoon,2024-11-24,12,2.3,138.0,4,0.3631896249599262,-0.3631896249599262,0.6818181818181818,0.9803921568627452,2.0,0,"('כאן 11', '2024-11-24', 26)","('כאן 11', '2024-11-24', 26)",2024-11-24 12:42:00
כאן 11,Other_middle_standard,Other,middle,standard,afternoon,2024-11-24,15,1.8666666666666667,112.0,4,0.23566216550185806,-0.23566216550185806,0.8055555555555556,1.019629225736096,1.0,1,"('כאן 11', '2024-11-24', 31)","('כאן 11', '2024-11-24', 31)",2024-11-24 15:18:00
כאן 11,Other_last_standard,Other,last,standard,afternoon,2024-11-24,15,1.8666666666666667,112.0,4,0.004976736756888478,-0.004976736756888478,0.9642857142857144,0.9690966719492867,2.0,0,"('כאן 11', '2024-11-24', 31)","('כאן 11', '2024-11-24', 31)",2024-11-24 15:48:00
כאן 11,News_first_standard,News,first,standard,afternoon,2024-11-24,16,2.7333333333333334,164.0,5,-0.12442991312168555,0.12442991312168555,1.129032258064516,0.9969356486210416,1.0,1,"('כאן 11', '2024-11-24', 34)","('כאן 11', '2024-11-24', 34)",2024-11-24 16:15:00
כאן 11,News_middle_standard,News,middle,standard,afternoon,2024-11-24,16,2.6166666666666667,157.0,5,0.46286438423626514,-0.46286438423626514,0.625,0.9928861788617889,2.0,0,"('כאן 11', '2024-11-24', 34)","('כאן 11', '2024-11-24', 34)",2024-11-24 16:24:00
כאן 11,Other_first_standard,Other,first,standard,early_evening,2024-11-24,17,2.4833333333333334,149.0,7,-0.44321008430272835,0.44321008430272835,1.625,1.0432050274941083,1.0,1,"('כאן 11', '2024-11-24', 37)","('כאן 11', '2024-11-24', 37)",2024-11-24 17:16:00
כאן 11,Other_last_standard,Other,last,standard,early_evening,2024-11-24,17,2.65,159.0,8,-0.03267440577542018,0.03267440577542018,1.081967213114754,1.0471859010801592,2.0,0,"('כאן 11', '2024-11-24', 37)","('כאן 11', '2024-11-24', 37)",2024-11-24 17:47:00
כאן 11,News_middle_standard,News,middle,standard,early_evening,2024-11-24,18,1.9833333333333334,119.0,5,0.020456210044031083,-0.020456210044031083,1.0208333333333335,1.0419307654802534,1.0,1,"('כאן 11', '2024-11-24', 41)","('כאן 11', '2024-11-24', 41)",2024-11-24 18:20:00
כאן 11,News_last_standard,News,last,standard,early_evening,2024-11-24,18,1.7833333333333334,107.0,3,-0.04361185437524244,0.04361185437524244,1.0227272727272727,0.9790828640386163,2.0,0,"('כאן 11', '2024-11-24', 41)","('כאן 11', '2024-11-24', 41)",2024-11-24 18:47:00
כאן 11,PrimeShow2_last_long,PrimeShow2,last,long,late_evening,2024-11-24,22,3.8333333333333335,230.0,11,-0.0030345813567309796,0.0030345813567309796,0.9430379746835443,0.9401805869074489,1.0,1,"('כאן 11', '2024-11-24', 47)","('כאן 11', '2024-11-24', 47)",2024-11-24 22:16:00
כאן 11,Other_first_standard,Other,first,standard,late_evening,2024-11-24,22,2.683333333333333,161.0,6,0.6433175418279434,-0.6433175418279434,0.4661654135338345,0.8870116156282999,1.0,1,"('כאן 11', '2024-11-24', 49)","('כאן 11', '2024-11-24', 49)",2024-11-24 22:30:00
כאן 11,Other_first_standard,Other,first,standard,late_evening,2024-11-24,22,2.216666666666667,133.0,5,-0.25731279911081223,0.25731279911081223,1.1833333333333333,0.9148661722025154,1.0,1,"('כאן 11', '2024-11-24', 51)","('כאן 11', '2024-11-24', 51)",2024-11-24 22:46:00
כאן 11,News_last_standard,News,last,standard,late_evening,2024-11-24,23,2.183333333333333,131.0,3,0.1012367984739643,-0.1012367984739643,0.7499999999999999,0.8299039780521261,1.0,1,"('כאן 11', '2024-11-24', 52)","('כאן 11', '2024-11-24', 52)",2024-11-24 23:19:00
כאן 11,PrimeShow2_first_short,PrimeShow2,first,short,late_evening,2024-11-24,23,0.2,12.0,2,0.18388557225243835,-0.18388557225243835,0.8627450980392157,1.0369146005509642,1.0,1,"('כאן 11', '2024-11-24', 54)","('כאן 11', '2024-11-24', 54)",2024-11-24 23:23:00
כאן 11,Other_middle_standard,Other,middle,standard,late_evening,2024-11-24,23,2.566666666666667,154.0,5,-0.1533274312420289,0.1533274312420289,1.0833333333333333,0.9293361884368307,1.0,1,"('כאן 11', '2024-11-24', 55)","('כאן 11', '2024-11-24', 55)",2024-11-24 23:52:00
כאן 11,Other_first_short,Other,first,short,overnight,2024-11-25,0,1.15,69.0,2,-0.13474109567262268,0.13474109567262268,1.135135135135135,0.9920424403183024,1.0,1,"('כאן 11', '2024-11-25', 0)","('כאן 11', '2024-11-25', 0)",2024-11-25 00:06:00
כאן 11,PrimeShow2_middle_standard,PrimeShow2,middle,standard,overnight,2024-11-25,0,2.45,147.0,5,-0.22244630540718346,0.22244630540718346,1.1818181818181817,0.9461139896373058,1.0,1,"('כאן 11', '2024-11-25', 3)","('כאן 11', '2024-11-25', 3)",2024-11-25 00:31:00
כאן 11,Other_middle_standard,Other,middle,standard,overnight,2024-11-25,0,1.5,90.0,2,-0.3146513702030433,0.3146513702030433,1.2173913043478262,0.888748419721871,1.0,1,"('כאן 11', '2024-11-25', 5)","('כאן 11', '2024-11-25', 5)",2024-11-25 00:59:00
כאן 11,Other_middle_standard,Other,middle,standard,overnight,2024-11-25,1,2.8333333333333335,170.0,4,-0.03836086787244637,0.03836086787244637,0.9473684210526316,0.9117147707979626,1.0,1,"('כאן 11', '2024-11-25', 7)","('כאן 11', '2024-11-25', 7)",2024-11-25 01:28:00
כאן 11,Other_middle_standard,Other,middle,standard,overnight,2024-11-25,2,2.05,123.0,3,0.656625074764754,-0.656625074764754,0.5,0.9641367806505422,1.0,1,"('כאן 11', '2024-11-25', 10)","('כאן 11', '2024-11-25', 10)",2024-11-25 02:10:00
כאן 11,Other_middle_standard,Other,middle,standard,overnight,2024-11-25,2,2.183333333333333,131.0,3,-0.9476205820150724,0.9476205820150724,2.4999999999999996,0.9691558441558443,1.0,1,"('כאן 11', '2024-11-25', 12)","('כאן 11', '2024-11-25', 12)",2024-11-25 02:56:00
כאן 11,Other_last_standard,Other,last,standard,overnight,2024-11-25,3,1.6166666666666667,97.0,3,-0.5559498448244282,0.5559498448244282,1.5294117647058825,0.8771593090211133,2.0,0,"('כאן 11', '2024-11-25', 12)","('כאן 11', '2024-11-25', 12)",2024-11-25 03:15:00
כאן 11,PrimeShow1_middle_standard,PrimeShow1,middle,standard,afternoon,2024-11-25,12,2.0833333333333335,125.0,3,-0.03359489055571751,0.03359489055571751,1.0,0.9669631512071155,1.0,1,"('כאן 11', '2024-11-25', 30)","('כאן 11', '2024-11-25', 30)",2024-11-25 12:23:00
כאן 11,PrimeShow1_last_standard,PrimeShow1,last,standard,afternoon,2024-11-25,12,2.716666666666667,163.0,4,0.37166437812939773,-0.37166437812939773,0.6923076923076923,1.0039473684210527,2.0,0,"('כאן 11', '2024-11-25', 30)","('כאן 11', '2024-11-25', 30)",2024-11-25 12:43:00
כאן 11,Other_middle_standard,Other,middle,standard,afternoon,2024-11-25,13,2.0833333333333335,125.0,3,0.09305102118653705,-0.09305102118653705,0.8571428571428573,0.9407294832826748,1.0,1,"('כאן 11', '2024-11-25', 35)","('כאן 11', '2024-11-25', 35)",2024-11-25 13:29:00
כאן 11,Other_last_standard,Other,last,standard,afternoon,2024-11-25,13,1.9666666666666666,118.0,4,0.08885333735569134,-0.08885333735569134,1.0,1.092920353982301,2.0,0,"('כאן 11', '2024-11-25', 35)","('כאן 11', '2024-11-25', 35)",2024-11-25 13:45:00
כאן 11,PrimeShow1_middle_standard,PrimeShow1,middle,standard,afternoon,2024-11-25,14,2.7,162.0,5,0.4205612467746606,-0.4205612467746606,0.7037037037037036,1.0716112531969308,1.0,1,"('כאן 11', '2024-11-25', 39)","('כאן 11', '2024-11-25', 39)",2024-11-25 14:21:00
כאן 11,Other_first_short,Other,first,short,afternoon,2024-11-25,14,1.4833333333333334,89.0,3,-0.2876820724517808,0.2876820724517808,1.333333333333333,0.9999999999999999,1.0,1,"('כאן 11', '2024-11-25', 42)","('כאן 11', '2024-11-25', 42)",2024-11-25 14:58:00
כאן 11,Other_middle_short,Other,middle,short,afternoon,2024-11-25,15,0.6666666666666666,40.0,2,-0.1982320197448776,0.1982320197448776,1.388888888888889,1.1391382405745065,1.0,1,"('כאן 11', '2024-11-25', 47)","('כאן 11', '2024-11-25', 47)",2024-11-25 15:36:00
כאן 11,Other_first_standard,Other,first,standard,afternoon,2024-11-25,16,2.4833333333333334,149.0,6,-0.11818752921758063,0.11818752921758063,1.0416666666666665,0.9255514705882353,1.0,1,"('כאן 11', '2024-11-25', 50)","('כאן 11', '2024-11-25', 50)",2024-11-25 16:11:00
כאן 11,Other_middle_standard,Other,middle,standard,afternoon,2024-11-25,16,2.75,165.0,7,-0.12561266068644186,0.12561266068644186,1.0769230769230769,0.9497991967871485,2.0,0,"('כאן 11', '2024-11-25', 50)","('כאן 11', '2024-11-25', 50)",2024-11-25 16:29:00
כאן 11,News_middle_standard,News,middle,standard,early_evening,2024-11-25,17,2.95,177.0,8,0.0436307474877588,-0.0436307474877588,1.0222222222222221,1.0678098207326576,1.0,1,"('כאן 11', '2024-11-25', 53)","('כאן 11', '2024-11-25', 53)",2024-11-25 17:17:00
כאן 11,News_last_standard,News,last,standard,early_evening,2024-11-25,17,2.45,147.0,7,0.13318041375719325,-0.13318041375719325,0.9298245614035089,1.0622837370242215,2.0,0,"('כאן 11', '2024-11-25', 53)","('כאן 11', '2024-11-25', 53)",2024-11-25 17:46:00
כאן 11,News_first_standard,News,first,standard,early_evening,2024-11-25,18,2.566666666666667,154.0,7,0.4036695396131326,-0.4036695396131326,0.6417910447761194,0.9609595484477894,1.0,1,"('כאן 11', '2024-11-25', 57)","('כאן 11', '2024-11-25', 57)",2024-11-25 18:11:00
כאן 11,News_middle_standard,News,middle,standard,early_evening,2024-11-25,18,2.7,162.0,6,-0.5703365951258019,0.5703365951258019,1.804878048780488,1.0203609440074037,2.0,0,"('כאן 11', '2024-11-25', 57)","('כאן 11', '2024-11-25', 57)",2024-11-25 18:32:00
כאן 11,PrimeShow2_last_long,PrimeShow2,last,long,late_evening,2024-11-25,22,3.5833333333333335,215.0,11,-0.019622888973093992,0.019622888973093992,0.9603174603174605,0.9416569428238042,1.0,1,"('כאן 11', '2024-11-25', 63)","('כאן 11', '2024-11-25', 63)",2024-11-25 22:18:00
כאן 11,Other_first_standard,Other,first,standard,late_evening,2024-11-25,22,2.6666666666666665,160.0,9,0.09367689894934013,-0.09367689894934013,0.8153846153846154,0.8954593453009504,1.0,1,"('כאן 11', '2024-11-25', 65)","('כאן 11', '2024-11-25', 65)",2024-11-25 22:30:00
כאן 11,Other_first_standard,Other,first,standard,late_evening,2024-11-25,22,2.8333333333333335,170.0,8,-0.08404679723642264,0.08404679723642264,0.9902912621359222,0.9104621309370989,1.0,1,"('כאן 11', '2024-11-25', 67)","('כאן 11', '2024-11-25', 67)",2024-11-25 22:45:00
כאן 11,News_last_standard,News,last,standard,late_evening,2024-11-25,23,2.3833333333333333,143.0,7,0.1949782203875021,-0.1949782203875021,0.6875000000000001,0.8355081059707394,1.0,1,"('כאן 11', '2024-11-25', 68)","('כאן 11', '2024-11-25', 68)",2024-11-25 23:14:00
כאן 11,Other_first_short,Other,first,short,late_evening,2024-11-25,23,0.3,18.0,3,0.2657307363482459,-0.2657307363482459,0.7499999999999999,0.978287841191067,1.0,1,"('כאן 11', '2024-11-25', 71)","('כאן 11', '2024-11-25', 71)",2024-11-25 23:35:00
כאן 11,Other_first_long,Other,first,long,overnight,2024-11-26,0,3.1666666666666665,190.0,6,0.14826484764999717,-0.14826484764999717,0.8181818181818181,0.9489436619718311,1.0,1,"('כאן 11', '2024-11-26', 0)","('כאן 11', '2024-11-26', 0)",2024-11-26 00:09:00
כאן 11,Other_middle_standard,Other,middle,standard,overnight,2024-11-26,0,1.8666666666666667,112.0,3,-0.0683240146170528,0.0683240146170528,1.0666666666666667,0.9962216624685141,1.0,1,"('כאן 11', '2024-11-26', 1)","('כאן 11', '2024-11-26', 1)",2024-11-26 00:52:00
כאן 11,Other_last_standard,Other,last,standard,overnight,2024-11-26,1,2.0,120.0,3,0.029177614805776658,-0.029177614805776658,0.9,0.9266467065868264,2.0,0,"('כאן 11', '2024-11-26', 1)","('כאן 11', '2024-11-26', 1)",2024-11-26 01:14:00
כאן 11,Other_middle_standard,Other,middle,standard,overnight,2024-11-26,1,1.8666666666666667,112.0,3,0.5707913384269587,-0.5707913384269587,0.5151515151515152,0.9116465863453813,1.0,1,"('כאן 11', '2024-11-26', 4)","('כאן 11', '2024-11-26', 4)",2024-11-26 01:40:00
כאן 11,Other_last_short,Other,last,short,overnight,2024-11-26,1,1.4166666666666667,85.0,2,0.06961283430904036,-0.06961283430904036,1.0,1.072093023255814,2.0,0,"('כאן 11', '2024-11-26', 4)","('כאן 11', '2024-11-26', 4)",2024-11-26 01:51:00
כאן 11,Other_first_standard,Other,first,standard,overnight,2024-11-26,2,2.183333333333333,131.0,3,-0.2138520711129138,0.2138520711129138,1.4444444444444446,1.1663424124513617,1.0,1,"('כאן 11', '2024-11-26', 7)","('כאן 11', '2024-11-26', 7)",2024-11-26 02:04:00
כאן 11,Other_last_standard,Other,last,standard,overnight,2024-11-26,2,2.2,132.0,3,-0.018586139053708983,0.018586139053708983,0.6,0.5889513108614232,2.0,0,"('כאן 11', '2024-11-26', 7)","('כאן 11', '2024-11-26', 7)",2024-11-26 02:24:00
כאן 11,Other_last_standard,Other,last,standard,overnight,2024-11-26,3,2.183333333333333,131.0,3,-0.35786118369823866,0.35786118369823866,1.0,0.6991701244813278,1.0,1,"('כאן 11', '2024-11-26', 10)","('כאן 11', '2024-11-26', 10)",2024-11-26 03:24:00
כאן 11,Other_middle_standard,Other,middle,standard,overnight,2024-11-26,4,2.35,141.0,3,0.09402894964827639,-0.09402894964827639,1.0,1.0985915492957747,1.0,1,"('כאן 11', '2024-11-26', 14)","('כאן 11', '2024-11-26', 14)",2024-11-26 04:05:00
כאן 11,Other_last_short,Other,last,short,overnight,2024-11-26,4,1.2666666666666666,76.0,2,-0.023530497410194272,0.023530497410194272,1.0,0.9767441860465115,2.0,0,"('כאן 11', '2024-11-26', 14)","('כאן 11', '2024-11-26', 14)",2024-11-26 04:20:00
כאן 11,Other_middle_short,Other,middle,short,overnight,2024-11-26,5,1.4166666666666667,85.0,2,0.13497543619675628,-0.13497543619675628,1.0,1.1445086705202312,1.0,1,"('כאן 11', '2024-11-26', 18)","('כאן 11', '2024-11-26', 18)",2024-11-26 05:18:00
כאן 11,Other_last_short,Other,last,short,overnight,2024-11-26,5,1.2666666666666666,76.0,2,0.24487953321702016,-0.24487953321702016,0.8571428571428574,1.094972067039106,2.0,0,"('כאן 11', '2024-11-26', 18)","('כאן 11', '2024-11-26', 18)",2024-11-26 05:37:00
כאן 11,PrimeShow1_middle_standard,PrimeShow1,middle,standard,afternoon,2024-11-26,12,2.6166666666666667,157.0,4,-0.6006568554226541,0.6006568554226541,1.8,0.9872122762148337,1.0,1,"('כאן 11', '2024-11-26', 27)","('כאן 11', '2024-11-26', 27)",2024-11-26 12:25:00
כאן 11,PrimeShow1_last_standard,PrimeShow1,last,standard,afternoon,2024-11-26,12,2.433333333333333,146.0,4,-0.6188492568433007,0.6188492568433007,1.8888888888888888,1.0172872340425532,2.0,0,"('כאן 11', '2024-11-26', 27)","('כאן 11', '2024-11-26', 27)",2024-11-26 12:46:00
כאן 11,Other_middle_standard,Other,middle,standard,afternoon,2024-11-26,13,2.6333333333333333,158.0,4,0.13194534946888803,-0.13194534946888803,0.888888888888889,1.0142630744849448,1.0,1,"('כאן 11', '2024-11-26', 33)","('כאן 11', '2024-11-26', 33)",2024-11-26 13:34:00
כאן 11,Other_last_standard,Other,last,standard,afternoon,2024-11-26,13,2.716666666666667,163.0,4,-0.6222349226871902,0.6222349226871902,2.0,1.0734870317002883,2.0,0,"('כאן 11', '2024-11-26', 33)","('כאן 11', '2024-11-26', 33)",2024-11-26 13:47:00
כאן 11,PrimeShow1_last_standard,PrimeShow1,last,standard,afternoon,2024-11-26,14,2.15,129.0,4,-0.03751196012691382,0.03751196012691382,1.0,0.9631828978622328,1.0,1,"('כאן 11', '2024-11-26', 37)","('כאן 11', '2024-11-26', 37)",2024-11-26 14:32:00
כאן 11,Other_first_short,Other,first,short,afternoon,2024-11-26,15,0.2,12.0,2,-0.8200372121783114,0.8200372121783114,2.3333333333333326,1.0276356192425795,1.0,1,"('כאן 11', '2024-11-26', 44)","('כאן 11', '2024-11-26', 44)",2024-11-26 15:30:00
כאן 11,Other_middle_short,Other,middle,short,afternoon,2024-11-26,15,0.6666666666666666,40.0,2,0.202623512589782,-0.202623512589782,0.7894736842105263,0.9667984189723319,1.0,1,"('כאן 11', '2024-11-26', 45)","('כאן 11', '2024-11-26', 45)",2024-11-26 15:49:00
כאן 11,Other_first_standard,Other,first,standard,afternoon,2024-11-26,16,2.6,156.0,8,0.6276277863667822,-0.6276277863667822,0.5,0.9365808823529412,1.0,1,"('כאן 11', '2024-11-26', 47)","('כאן 11', '2024-11-26', 47)",2024-11-26 16:11:00
כאן 11,Other_last_standard,Other,last,standard,afternoon,2024-11-26,16,2.816666666666667,169.0,6,0.12574627258230053,-0.12574627258230053,0.958333333333333,1.0867446393762183,2.0,0,"('כאן 11', '2024-11-26', 47)","('כאן 11', '2024-11-26', 47)",2024-11-26 16:41:00
כאן 11,News_middle_standard,News,middle,standard,early_evening,2024-11-26,17,2.95,177.0,8,-0.02361343196658354,0.02361343196658354,1.125,1.0987460815047019,1.0,1,"('כאן 11', '2024-11-26', 50)","('כאן 11', '2024-11-26', 50)",2024-11-26 17:18:00
כאן 11,News_last_standard,News,last,standard,early_evening,2024-11-26,17,2.3666666666666667,142.0,8,0.4994005217617176,-0.4994005217617176,0.6129032258064515,1.00990099009901,2.0,0,"('כאן 11', '2024-11-26', 50)","('כאן 11', '2024-11-26', 50)",2024-11-26 17:40:00
כאן 11,News_first_standard,News,first,standard,early_evening,2024-11-26,18,2.5,150.0,7,0.37638445307377444,-0.37638445307377444,0.673913043478261,0.9818961410195329,1.0,1,"('כאן 11', '2024-11-26', 53)","('כאן 11', '2024-11-26', 53)",2024-11-26 18:12:00
כאן 11,News_last_standard,News,last,standard,early_evening,2024-11-26,18,2.55,153.0,6,-0.266805804896869,0.266805804896869,1.4642857142857142,1.1213818860877685,2.0,0,"('כאן 11', '2024-11-26', 53)","('כאן 11', '2024-11-26', 53)",2024-11-26 18:37:00
כאן 11,Other_middle_long,Other,middle,long,late_evening,2024-11-26,22,4.1,246.0,15,0.02454970323789435,-0.02454970323789435,0.8758620689655173,0.8976303317535544,1.0,1,"('כאן 11', '2024-11-26', 61)","('כאן 11', '2024-11-26', 61)",2024-11-26 22:22:00
כאן 11,News_middle_standard,News,middle,standard,late_evening,2024-11-26,22,2.4166666666666665,145.0,8,0.3091083898274429,-0.3091083898274429,0.6603773584905661,0.8995726495726497,1.0,1,"('כאן 11', '2024-11-26', 63)","('כאן 11', '2024-11-26', 63)",2024-11-26 22:56:00
כאן 11,Other_first_short,Other,first,short,late_evening,2024-11-26,23,0.3,18.0,3,0.0028828490565609294,-0.0028828490565609294,0.9074074074074074,0.9100271002710026,1.0,1,"('כאן 11', '2024-11-26', 66)","('כאן 11', '2024-11-26', 66)",2024-11-26 23:28:00
כאן 11,Other_middle_standard,Other,middle,standard,late_evening,2024-11-26,23,1.7,102.0,5,-0.2166507169744014,0.2166507169744014,1.1627906976744187,0.9362920544022907,1.0,1,"('כאן 11', '2024-11-26', 67)","('כאן 11', '2024-11-26', 67)",2024-11-26 23:51:00
כאן 11,Other_first_standard,Other,first,standard,overnight,2024-11-27,0,2.6166666666666667,157.0,5,-0.041672696400568074,0.041672696400568074,1.0,0.9591836734693877,1.0,1,"('כאן 11', '2024-11-27', 0)","('כאן 11', '2024-11-27', 0)",2024-11-27 00:16:00
כאן 11,Other_first_standard,Other,first,standard,overnight,2024-11-27,0,1.9666666666666666,118.0,5,-0.0553922207440174,0.0553922207440174,1.0,0.9461139896373058,1.0,1,"('כאן 11', '2024-11-27', 1)","('כאן 11', '2024-11-27', 1)",2024-11-27 00:31:00
כאן 11,Other_middle_standard,Other,middle,standard,overnight,2024-11-27,1,1.9,114.0,3,-0.13523109048757412,0.13523109048757412,1.0909090909090908,0.9529243937232524,1.0,1,"('כאן 11', '2024-11-27', 2)","('כאן 11', '2024-11-27', 2)",2024-11-27 01:09:00
כאן 11,Other_last_standard,Other,last,standard,overnight,2024-11-27,1,2.05,123.0,3,-0.13890293642643337,0.13890293642643337,1.0666666666666667,0.9283333333333335,2.0,0,"('כאן 11', '2024-11-27', 2)","('כאן 11', '2024-11-27', 2)",2024-11-27 01:24:00
כאן 11,Other_middle_short,Other,middle,short,overnight,2024-11-27,2,1.3833333333333333,83.0,3,0.06201640586933013,-0.06201640586933013,0.9741379310344827,1.0364630811303557,1.0,1,"('כאן 11', '2024-11-27', 8)","('כאן 11', '2024-11-27', 8)",2024-11-27 02:17:00
כאן 11,Other_middle_standard,Other,middle,standard,overnight,2024-11-27,2,2.0,120.0,3,0.23443755793296875,-0.23443755793296875,0.7499999999999998,0.948148148148148,1.0,1,"('כאן 11', '2024-11-27', 10)","('כאן 11', '2024-11-27', 10)",2024-11-27 02:46:00
כאן 11,Other_last_standard,Other,last,standard,overnight,2024-11-27,4,2.0166666666666666,121.0,4,-0.012903404835907729,0.012903404835907729,1.0,0.9871794871794873,1.0,1,"('כאן 11', '2024-11-27', 15)","('כאן 11', '2024-11-27', 15)",2024-11-27 04:11:00
כאן 11,Other_middle_standard,Other,middle,standard,overnight,2024-11-27,5,2.183333333333333,131.0,3,0.24647180380511807,-0.24647180380511807,1.0,1.279503105590062,1.0,1,"('כאן 11', '2024-11-27', 20)","('כאן 11', '2024-11-27', 20)",2024-11-27 05:16:00
כאן 11,Other_last_short,Other,last,short,overnight,2024-11-27,5,1.3833333333333333,83.0,3,0.07961762796469139,-0.07961762796469139,1.0,1.0828729281767955,2.0,0,"('כאן 11', '2024-11-27', 20)","('כאן 11', '2024-11-27', 20)",2024-11-27 05:36:00
כאן 11,PrimeShow1_middle_standard,PrimeShow1,middle,standard,afternoon,2024-11-27,12,2.183333333333333,131.0,4,0.07827955705515559,-0.07827955705515559,0.9,0.9732824427480916,1.0,1,"('כאן 11', '2024-11-27', 29)","('כאן 11', '2024-11-27', 29)",2024-11-27 12:22:00
כאן 11,Other_middle_standard,Other,middle,standard,afternoon,2024-11-27,13,2.1666666666666665,130.0,4,0.2717959616009928,-0.2717959616009928,0.72,0.9448698315467075,1.0,1,"('כאן 11', '2024-11-27', 34)","('כאן 11', '2024-11-27', 34)",2024-11-27 13:31:00
כאן 11,Other_last_standard,Other,last,standard,afternoon,2024-11-27,13,1.8666666666666667,112.0,3,-0.6222349226871902,0.6222349226871902,2.0,1.0734870317002883,2.0,0,"('כאן 11', '2024-11-27', 34)","('כאן 11', '2024-11-27', 34)",2024-11-27 13:47:00
כאן 11,PrimeShow1_last_long,PrimeShow1,last,long,afternoon,2024-11-27,14,3.066666666666667,184.0,4,0.020083368454677317,-0.020083368454677317,1.0,1.0202863961813844,1.0,1,"('כאן 11', '2024-11-27', 38)","('כאן 11', '2024-11-27', 38)",2024-11-27 14:28:00
כאן 11,Other_first_standard,Other,first,standard,afternoon,2024-11-27,14,2.966666666666667,178.0,5,0.32833738641493704,-0.32833738641493704,0.7142857142857143,0.9918981481481481,1.0,1,"('כאן 11', '2024-11-27', 41)","('כאן 11', '2024-11-27', 41)",2024-11-27 14:57:00
כאן 11,Other_last_short,Other,last,short,afternoon,2024-11-27,15,0.7666666666666667,46.0,3,0.1357631689098678,-0.1357631689098678,0.9166666666666665,1.0499597099113618,1.0,1,"('כאן 11', '2024-11-27', 45)","('כאן 11', '2024-11-27', 45)",2024-11-27 15:39:00
כאן 11,Other_first_standard,Other,first,standard,afternoon,2024-11-27,16,2.3666666666666667,142.0,7,0.30677550751043936,-0.30677550751043936,0.6363636363636364,0.8648409893992932,1.0,1,"('כאן 11', '2024-11-27', 48)","('כאן 11', '2024-11-27', 48)",2024-11-27 16:09:00
כאן 11,Other_last_standard,Other,last,standard,afternoon,2024-11-27,16,2.7,162.0,5,-0.048072118921344636,0.048072118921344636,1.205128205128205,1.1485655737704918,2.0,0,"('כאן 11', '2024-11-27', 48)","('כאן 11', '2024-11-27', 48)",2024-11-27 16:38:00
כאן 11,News_middle_standard,News,middle,standard,early_evening,2024-11-27,17,2.7666666666666666,166.0,8,0.038146079386073235,-0.038146079386073235,1.0238095238095237,1.0636182902584492,1.0,1,"('כאן 11', '2024-11-27', 51)","('כאן 11', '2024-11-27', 51)",2024-11-27 17:29:00
כאן 11,News_last_standard,News,last,standard,early_evening,2024-11-27,17,2.5,150.0,7,0.2310149514521585,-0.2310149514521585,0.7962962962962963,1.0032362459546926,2.0,0,"('כאן 11', '2024-11-27', 51)","('כאן 11', '2024-11-27', 51)",2024-11-27 17:54:00
כאן 11,News_middle_standard,News,middle,standard,early_evening,2024-11-27,18,2.6166666666666667,157.0,8,0.025117599531291352,-0.025117599531291352,1.0,1.0254357041921809,1.0,1,"('כאן 11', '2024-11-27', 55)","('כאן 11', '2024-11-27', 55)",2024-11-27 18:25:00
כאן 11,News_last_standard,News,last,standard,early_evening,2024-11-27,18,2.4833333333333334,149.0,8,0.1227786008482604,-0.1227786008482604,0.9777777777777779,1.1055088702147522,2.0,0,"('כאן 11', '2024-11-27', 55)","('כאן 11', '2024-11-27', 55)",2024-11-27 18:37:00
כאן 11,PrimeShow2_first_long,PrimeShow2,first,long,late_evening,2024-11-27,21,3.5833333333333335,215.0,12,0.14467987953828854,-0.14467987953828854,0.8269230769230769,0.9556498264558428,1.0,1,"('כאן 11', '2024-11-27', 61)","('כאן 11', '2024-11-27', 61)",2024-11-27 21:44:00
כאן 11,PrimeShow2_last_long,PrimeShow2,last,long,late_evening,2024-11-27,22,3.3,198.0,10,-0.06633503323476868,0.06633503323476868,0.9380530973451326,0.8778462998102468,2.0,0,"('כאן 11', '2024-11-27', 61)","('כאן 11', '2024-11-27', 61)",2024-11-27 22:23:00
כאן 11,Other_middle_long,Other,middle,long,late_evening,2024-11-27,22,3.433333333333333,206.0,11,0.034024142761011206,-0.034024142761011206,0.8999999999999999,0.9311486262826878,1.0,1,"('כאן 11', '2024-11-27', 64)","('כאן 11', '2024-11-27', 64)",2024-11-27 22:49:00
כאן 11,News_last_standard,News,last,standard,late_evening,2024-11-27,23,2.25,135.0,6,-0.07527492223414323,0.07527492223414323,1.0,0.9274884640738299,1.0,1,"('כאן 11', '2024-11-27', 67)","('כאן 11', '2024-11-27', 67)",2024-11-27 23:41:00
כאן 11,PrimeShow2_first_short,PrimeShow2,first,short,late_evening,2024-11-27,23,0.5666666666666667,34.0,5,-0.032505570404931294,0.032505570404931294,1.0,0.9680170575692965,1.0,1,"('כאן 11', '2024-11-27', 69)","('כאן 11', '2024-11-27', 69)",2024-11-27 23:45:00
כאן 11,Other_first_standard,Other,first,standard,overnight,2024-11-28,0,1.8666666666666667,112.0,4,-0.16821627428577263,0.16821627428577263,1.1290322580645162,0.9542253521126761,1.0,1,"('כאן 11', '2024-11-28', 0)","('כאן 11', '2024-11-28', 0)",2024-11-28 00:09:00
כאן 11,Other_middle_long,Other,middle,long,overnight,2024-11-28,0,3.55,213.0,5,0.1849232826602682,-0.1849232826602682,0.7894736842105263,0.9498364231188657,1.0,1,"('כאן 11', '2024-11-28', 1)","('כאן 11', '2024-11-28', 1)",2024-11-28 00:36:00
כאן 11,Other_last_standard,Other,last,standard,overnight,2024-11-28,1,1.6,96.0,3,0.4826129136716342,-0.4826129136716342,0.6000000000000002,0.972181551976574,1.0,1,"('כאן 11', '2024-11-28', 3)","('כאן 11', '2024-11-28', 3)",2024-11-28 01:11:00
כאן 11,Other_middle_standard,Other,middle,standard,overnight,2024-11-28,1,1.9333333333333333,116.0,3,-0.054311989353739605,0.054311989353739605,1.0,0.9471365638766522,1.0,1,"('כאן 11', '2024-11-28', 5)","('כאן 11', '2024-11-28', 5)",2024-11-28 01:45:00
כאן 11,Other_first_standard,Other,first,standard,overnight,2024-11-28,2,2.283333333333333,137.0,3,-0.0006289967709212502,0.0006289967709212502,1.0833333333333333,1.0826521344232516,1.0,1,"('כאן 11', '2024-11-28', 7)","('כאן 11', '2024-11-28', 7)",2024-11-28 02:05:00
כאן 11,Other_last_standard,Other,last,standard,overnight,2024-11-28,2,1.6,96.0,3,0.947908839264619,-0.947908839264619,0.3684210526315789,0.9506398537477148,2.0,0,"('כאן 11', '2024-11-28', 7)","('כאן 11', '2024-11-28', 7)",2024-11-28 02:44:00
כאן 11,Other_middle_standard,Other,middle,standard,overnight,2024-11-28,3,2.6,156.0,4,-0.21245323337704825,0.21245323337704825,1.1904761904761907,0.9626168224299066,1.0,1,"('כאן 11', '2024-11-28', 11)","('כאן 11', '2024-11-28', 11)",2024-11-28 03:09:00
כאן 11,Other_last_standard,Other,last,standard,overnight,2024-11-28,4,2.966666666666667,178.0,4,-0.15415067982725822,0.15415067982725822,1.0,0.8571428571428572,2.0,0,"('כאן 11', '2024-11-28', 15)","('כאן 11', '2024-11-28', 15)",2024-11-28 04:17:00
כאן 11,PrimeShow2_middle_standard,PrimeShow2,middle,standard,afternoon,2024-11-28,12,2.3,138.0,3,0.0580921814233243,-0.0580921814233243,0.9230769230769232,0.9782886334610471,1.0,1,"('כאן 11', '2024-11-28', 28)","('כאן 11', '2024-11-28', 28)",2024-11-28 12:24:00
כאן 11,PrimeShow2_last_standard,PrimeShow2,last,standard,afternoon,2024-11-28,12,2.216666666666667,133.0,3,0.38566248081198445,-0.38566248081198445,0.6666666666666669,0.9803921568627452,2.0,0,"('כאן 11', '2024-11-28', 28)","('כאן 11', '2024-11-28', 28)",2024-11-28 12:42:00
כאן 11,Other_middle_standard,Other,middle,standard,afternoon,2024-11-28,13,2.3,138.0,3,-0.2798516566852531,0.2798516566852531,1.25,0.9448698315467075,1.0,1,"('כאן 11', '2024-11-28', 33)","('כאן 11', '2024-11-28', 33)",2024-11-28 13:31:00
כאן 11,Other_last_standard,Other,last,standard,afternoon,2024-11-28,13,2.216666666666667,133.0,4,-0.7913105439992855,0.7913105439992855,2.3333333333333326,1.0575842696629214,2.0,0,"('כאן 11', '2024-11-28', 33)","('כאן 11', '2024-11-28', 33)",2024-11-28 13:48:00
כאן 11,PrimeShow1_last_short,PrimeShow1,last,short,afternoon,2024-11-28,14,1.4666666666666666,88.0,2,0.7213843507415553,-0.7213843507415553,0.5,1.0286396181384247,1.0,1,"('כאן 11', '2024-11-28', 37)","('כאן 11', '2024-11-28', 37)",2024-11-28 14:28:00
כאן 11,Other_first_short,Other,first,short,afternoon,2024-11-28,15,0.2,12.0,2,-0.06345097345017224,0.06345097345017224,1.0666666666666667,1.001088139281828,1.0,1,"('כאן 11', '2024-11-28', 45)","('כאן 11', '2024-11-28', 45)",2024-11-28 15:13:00
כאן 11,Other_middle_standard,Other,middle,standard,afternoon,2024-11-28,15,2.6666666666666665,160.0,7,0.07534714227155825,-0.07534714227155825,1.1666666666666667,1.2579681274900398,1.0,1,"('כאן 11', '2024-11-28', 46)","('כאן 11', '2024-11-28', 46)",2024-11-28 15:34:00
כאן 11,Other_first_standard,Other,first,standard,afternoon,2024-11-28,16,2.35,141.0,5,0.1843037179979458,-0.1843037179979458,0.8571428571428573,1.0306122448979593,1.0,1,"('כאן 11', '2024-11-28', 49)","('כאן 11', '2024-11-28', 49)",2024-11-28 16:14:00
כאן 11,Other_last_short,Other,last,short,afternoon,2024-11-28,16,1.3833333333333333,83.0,2,0.06391584010436707,-0.06391584010436707,1.032258064516129,1.1003898635477585,2.0,0,"('כאן 11', '2024-11-28', 49)","('כאן 11', '2024-11-28', 49)",2024-11-28 16:41:00
כאן 11,News_first_standard,News,first,standard,early_evening,2024-11-28,17,1.55,93.0,6,-0.24492651407233013,0.24492651407233013,1.3124999999999998,1.027375201288245,1.0,1,"('כאן 11', '2024-11-28', 52)","('כאן 11', '2024-11-28', 52)",2024-11-28 17:12:00
כאן 11,News_first_standard,News,first,standard,early_evening,2024-11-28,18,2.183333333333333,131.0,6,0.37861162548659877,-0.37861162548659877,0.6724137931034483,0.9818961410195329,1.0,1,"('כאן 11', '2024-11-28', 56)","('כאן 11', '2024-11-28', 56)",2024-11-28 18:12:00
כאן 11,News_last_short,News,last,short,late_evening,2024-11-28,21,0.2,12.0,2,-0.1317542000336259,0.1317542000336259,1.1566265060240963,1.0138483965014577,1.0,1,"('כאן 11', '2024-11-28', 60)","('כאן 11', '2024-11-28', 60)",2024-11-28 21:27:00
כאן 11,News_last_short,News,last,short,late_evening,2024-11-28,21,0.2,12.0,2,-0.247426204548705,0.247426204548705,1.40625,1.098011023244668,2.0,0,"('כאן 11', '2024-11-28', 60)","('כאן 11', '2024-11-28', 60)",2024-11-28 21:29:00
כאן 11,Other_last_long,Other,last,long,late_evening,2024-11-28,22,3.3666666666666667,202.0,11,0.03459941131170241,-0.03459941131170241,0.8860759493670886,0.9172701949860725,1.0,1,"('כאן 11', '2024-11-28', 65)","('כאן 11', '2024-11-28', 65)",2024-11-28 22:32:00
כאן 11,Other_middle_short,Other,middle,short,late_evening,2024-11-28,22,0.9833333333333333,59.0,3,0.14172815982870143,-0.14172815982870143,0.7788461538461537,0.8974358974358976,1.0,1,"('כאן 11', '2024-11-28', 68)","('כאן 11', '2024-11-28', 68)",2024-11-28 22:56:00
כאן 11,News_middle_standard,News,middle,standard,late_evening,2024-11-28,23,2.0833333333333335,125.0,3,0.3191595981615982,-0.3191595981615982,0.5730337078651686,0.7884777123633308,1.0,1,"('כאן 11', '2024-11-28', 69)","('כאן 11', '2024-11-28', 69)",2024-11-28 23:17:00
כאן 11,Other_last_standard,Other,last,standard,overnight,2024-11-29,0,1.7166666666666666,103.0,4,0.041407620189605886,-0.041407620189605886,0.9130434782608694,0.9516441005802708,1.0,1,"('כאן 11', '2024-11-29', 0)","('כאן 11', '2024-11-29', 0)",2024-11-29 00:22:00
כאן 11,Other_last_standard,Other,last,standard,overnight,2024-11-29,1,2.45,147.0,4,-0.0619065558808288,0.0619065558808288,1.0,0.9399707174231333,1.0,1,"('כאן 11', '2024-11-29', 2)","('כאן 11', '2024-11-29', 2)",2024-11-29 01:11:00
כאן 11,Other_last_short,Other,last,short,overnight,2024-11-29,1,1.15,69.0,2,0.2031442269335631,-0.2031442269335631,0.8749999999999999,1.072093023255814,1.0,1,"('כאן 11', '2024-11-29', 5)","('כאן 11', '2024-11-29', 5)",2024-11-29 01:51:00
כאן 11,Other_first_standard,Other,first,standard,overnight,2024-11-29,2,2.15,129.0,2,0.44840155487870825,-0.44840155487870825,1.0,1.5658073270013568,1.0,1,"('כאן 11', '2024-11-29', 7)","('כאן 11', '2024-11-29', 7)",2024-11-29 02:01:00
כאן 11,Other_last_standard,Other,last,standard,overnight,2024-11-29,2,1.5833333333333333,95.0,3,-0.04747235154735539,0.04747235154735539,1.0294117647058825,0.9816849816849818,1.0,1,"('כאן 11', '2024-11-29', 9)","('כאן 11', '2024-11-29', 9)",2024-11-29 02:43:00
כאן 11,Other_last_standard,Other,last,standard,overnight,2024-11-29,3,2.1,126.0,3,-0.010986079343570487,0.010986079343570487,0.9305555555555556,0.920388349514563,1.0,1,"('כאן 11', '2024-11-29', 11)","('כאן 11', '2024-11-29', 11)",2024-11-29 03:16:00
כאן 11,Other_middle_standard,Other,middle,standard,overnight,2024-11-29,3,1.5833333333333333,95.0,3,-0.03233538064293635,0.03233538064293635,1.0,0.9681818181818183,1.0,1,"('כאן 11', '2024-11-29', 15)","('כאן 11', '2024-11-29', 15)",2024-11-29 03:59:00
כאן 11,Other_last_short,Other,last,short,overnight,2024-11-29,4,1.1333333333333333,68.0,2,-0.3893147179955925,0.3893147179955925,1.333333333333333,0.9033613445378152,2.0,0,"('כאן 11', '2024-11-29', 15)","('כאן 11', '2024-11-29', 15)",2024-11-29 04:15:00
כאן 11,Other_middle_standard,Other,middle,standard,overnight,2024-11-29,5,1.7333333333333334,104.0,3,-0.006042314455962474,0.006042314455962474,1.0,0.993975903614458,1.0,1,"('כאן 11', '2024-11-29', 19)","('כאן 11', '2024-11-29', 19)",2024-11-29 05:11:00
כאן 11,Other_last_standard,Other,last,standard,overnight,2024-11-29,5,1.9166666666666667,115.0,2,0.03836086787244637,-0.03836086787244637,1.0,1.0391061452513968,2.0,0,"('כאן 11', '2024-11-29', 19)","('כאן 11', '2024-11-29', 19)",2024-11-29 05:37:00
כאן 11,PrimeShow2_middle_short,PrimeShow2,middle,short,afternoon,2024-11-29,14,1.45,87.0,2,0.3504053309251371,-0.3504053309251371,0.8,1.135714285714286,1.0,1,"('כאן 11', '2024-11-29', 43)","('כאן 11', '2024-11-29', 43)",2024-11-29 14:13:00
כאן 11,Other_last_short,Other,last,short,afternoon,2024-11-29,15,1.25,75.0,2,-0.21111750443393557,0.21111750443393557,1.2444444444444442,1.007600434310532,1.0,1,"('כאן 11', '2024-11-29', 45)","('כאן 11', '2024-11-29', 45)",2024-11-29 15:16:00
כאן 11,Other_last_standard,Other,last,standard,afternoon,2024-11-29,15,2.15,129.0,6,-0.3041624010077789,0.3041624010077789,1.5000000000000002,1.1066115702479338,1.0,1,"('כאן 11', '2024-11-29', 49)","('כאן 11', '2024-11-29', 49)",2024-11-29 15:52:00
כאן 11,Other_first_short,Other,first,short,afternoon,2024-11-29,16,1.2,72.0,4,0.2571852866306899,-0.2571852866306899,0.7466666666666666,0.9656526005888125,1.0,1,"('כאן 11', '2024-11-29', 51)","('כאן 11', '2024-11-29', 51)",2024-11-29 16:18:00
כאן 11,Other_last_standard,Other,last,standard,afternoon,2024-11-29,16,1.8333333333333333,110.0,4,-0.04043531379521285,0.04043531379521285,1.0517241379310345,1.0100456621004568,2.0,0,"('כאן 11', '2024-11-29', 51)","('כאן 11', '2024-11-29', 51)",2024-11-29 16:43:00
כאן 11,Other_first_short,Other,first,short,early_evening,2024-11-29,17,0.4,24.0,4,0.11618271640652905,-0.11618271640652905,0.9358974358974358,1.0512010113780024,1.0,1,"('כאן 11', '2024-11-29', 54)","('כאן 11', '2024-11-29', 54)",2024-11-29 17:34:00
כאן 11,Other_first_short,Other,first,short,early_evening,2024-11-29,17,1.3833333333333333,83.0,5,0.2437576916935954,-0.2437576916935954,0.8252427184466019,1.0530386740331492,2.0,0,"('כאן 11', '2024-11-29', 54)","('כאן 11', '2024-11-29', 54)",2024-11-29 17:49:00
כאן 11,Other_middle_standard,Other,middle,standard,early_evening,2024-11-29,18,2.1666666666666665,130.0,5,-0.056435587782268676,0.056435587782268676,1.083333333333333,1.0238879736408566,3.0,0,"('כאן 11', '2024-11-29', 54)","('כאן 11', '2024-11-29', 54)",2024-11-29 18:50:00
כאן 11,Other_last_short,Other,last,short,early_evening,2024-11-29,19,0.8833333333333333,53.0,4,0.0055163042829846215,-0.0055163042829846215,0.9285714285714285,0.9337078651685393,4.0,0,"('כאן 11', '2024-11-29', 54)","('כאן 11', '2024-11-29', 54)",2024-11-29 19:08:00
כאן 11,Other_last_short,Other,last,short,early_evening,2024-11-29,19,0.3,18.0,3,0.0019336739673939812,-0.0019336739673939812,1.0547945205479454,1.0568361225134197,5.0,0,"('כאן 11', '2024-11-29', 54)","('כאן 11', '2024-11-29', 54)",2024-11-29 19:34:00
כאן 11,News_last_short,News,last,short,late_evening,2024-11-29,21,0.2,12.0,2,0.06660980511472239,-0.06660980511472239,0.8493975903614457,0.9079026744419868,1.0,1,"('כאן 11', '2024-11-29', 60)","('כאן 11', '2024-11-29', 60)",2024-11-29 21:56:00
כאן 11,News_last_short,News,last,short,late_evening,2024-11-29,21,0.2,12.0,2,-0.2794089063199342,0.2794089063199342,1.2836879432624115,0.9707641196013289,2.0,0,"('כאן 11', '2024-11-29', 60)","('כאן 11', '2024-11-29', 60)",2024-11-29 21:58:00
כאן 11,Other_middle_standard,Other,middle,standard,late_evening,2024-11-29,22,1.9166666666666667,115.0,6,-0.06611747218108865,0.06611747218108865,1.0179640718562875,0.9528356481481481,1.0,1,"('כאן 11', '2024-11-29', 63)","('כאן 11', '2024-11-29', 63)",2024-11-29 22:34:00
כאן 11,Other_last_short,Other,last,short,late_evening,2024-11-29,22,1.4166666666666667,85.0,6,-0.09584149370900072,0.09584149370900072,1.0649350649350648,0.9676085458304616,2.0,0,"('כאן 11', '2024-11-29', 63)","('כאן 11', '2024-11-29', 63)",2024-11-29 22:51:00
כאן 11,Other_middle_long,Other,middle,long,late_evening,2024-11-29,23,3.0833333333333335,185.0,5,-0.040591074915404035,0.040591074915404035,0.8165680473372783,0.7840863654538186,1.0,1,"('כאן 11', '2024-11-29', 66)","('כאן 11', '2024-11-29', 66)",2024-11-29 23:15:00
כאן 11,PrimeShow1_first_short,PrimeShow1,first,short,late_evening,2024-11-29,23,0.2,12.0,2,-0.017992755866390722,0.017992755866390722,0.9473684210526316,0.9304750869061412,1.0,1,"('כאן 11', '2024-11-29', 69)","('כאן 11', '2024-11-29', 69)",2024-11-29 23:31:00
כאן 11,Other_first_standard,Other,first,standard,overnight,2024-11-30,0,2.35,141.0,5,0.07781518089726656,-0.07781518089726656,0.9041095890410961,0.9772727272727272,1.0,1,"('כאן 11', '2024-11-30', 0)","('כאן 11', '2024-11-30', 0)",2024-11-30 00:12:00
כאן 11,Other_last_standard,Other,last,standard,overnight,2024-11-30,0,2.566666666666667,154.0,4,0.002604237341201618,-0.002604237341201618,0.958333333333333,0.9608323133414931,1.0,1,"('כאן 11', '2024-11-30', 1)","('כאן 11', '2024-11-30', 1)",2024-11-30 00:47:00
כאן 11,Other_middle_short,Other,middle,short,overnight,2024-11-30,1,1.0,60.0,2,0.16350528499447847,-0.16350528499447847,0.8000000000000002,0.9421052631578948,1.0,1,"('כאן 11', '2024-11-30', 4)","('כאן 11', '2024-11-30', 4)",2024-11-30 01:30:00
כאן 11,Other_last_short,Other,last,short,overnight,2024-11-30,1,1.15,69.0,2,-0.049007579106694496,0.049007579106694496,1.0,0.9521739130434783,2.0,0,"('כאן 11', '2024-11-30', 4)","('כאן 11', '2024-11-30', 4)",2024-11-30 01:44:00
כאן 11,Other_middle_standard,Other,middle,standard,overnight,2024-11-30,2,1.95,117.0,2,0.8315608981968374,-0.8315608981968374,0.4000000000000001,0.918760469011725,1.0,1,"('כאן 11', '2024-11-30', 8)","('כאן 11', '2024-11-30', 8)",2024-11-30 02:11:00
כאן 11,Other_middle_standard,Other,middle,standard,overnight,2024-11-30,2,2.2333333333333334,134.0,3,-0.05061999084650822,0.05061999084650822,1.0,0.9506398537477148,1.0,1,"('כאן 11', '2024-11-30', 10)","('כאן 11', '2024-11-30', 10)",2024-11-30 02:44:00
כאן 11,Other_last_standard,Other,last,standard,overnight,2024-11-30,3,2.65,159.0,3,0.16079032059715703,-0.16079032059715703,0.7500000000000001,0.8808290155440415,2.0,0,"('כאן 11', '2024-11-30', 10)","('כאן 11', '2024-11-30', 10)",2024-11-30 03:04:00
כאן 11,Other_middle_standard,Other,middle,standard,overnight,2024-11-30,3,2.1166666666666667,127.0,3,-0.1163635890021576,0.1163635890021576,1.0,0.8901515151515148,1.0,1,"('כאן 11', '2024-11-30', 13)","('כאן 11', '2024-11-30', 13)",2024-11-30 03:42:00
כאן 11,Other_last_standard,Other,last,standard,overnight,2024-11-30,3,2.0833333333333335,125.0,2,-0.03233538064293635,0.03233538064293635,1.0,0.9681818181818183,2.0,0,"('כאן 11', '2024-11-30', 13)","('כאן 11', '2024-11-30', 13)",2024-11-30 03:59:00
כאן 11,Other_last_standard,Other,last,standard,overnight,2024-11-30,5,1.9166666666666667,115.0,2,-0.12048939725412659,0.12048939725412659,1.0,0.8864864864864863,2.0,0,"('כאן 11', '2024-11-30', 19)","('כאן 11', '2024-11-30', 19)",2024-11-30 05:27:00
כאן 11,Other_middle_short,Other,middle,short,overnight,2024-11-30,5,1.25,75.0,2,0.449428231529281,-0.449428231529281,0.6666666666666665,1.0449438202247194,,0,,cd:כאן 11|2024-11-30,2024-11-30 05:38:00
כאן 11,PrimeShow1_last_short,PrimeShow1,last,short,afternoon,2024-11-30,12,1.15,69.0,2,0.2811843237942609,-0.2811843237942609,0.75,0.9935233160621761,1.0,1,"('כאן 11', '2024-11-30', 36)","('כאן 11', '2024-11-30', 36)",2024-11-30 12:32:00
כאן 11,Other_last_short,Other,last,short,afternoon,2024-11-30,13,1.2166666666666666,73.0,2,-0.239525621865027,0.239525621865027,1.2222222222222223,0.9618902439024392,1.0,1,"('כאן 11', '2024-11-30', 39)","('כאן 11', '2024-11-30', 39)",2024-11-30 13:28:00
כאן 11,Other_last_short,Other,last,short,afternoon,2024-11-30,15,1.4166666666666667,85.0,4,0.0897024752492895,-0.0897024752492895,0.9411764705882352,1.0295047418335086,1.0,1,"('כאן 11', '2024-11-30', 47)","('כאן 11', '2024-11-30', 47)",2024-11-30 15:25:00
כאן 11,Other_first_short,Other,first,short,afternoon,2024-11-30,16,0.8666666666666667,52.0,4,-0.08645380797602122,0.08645380797602122,1.0769230769230769,0.9877300613496932,1.0,1,"('כאן 11', '2024-11-30', 51)","('כאן 11', '2024-11-30', 51)",2024-11-30 16:27:00
כאן 11,Other_middle_short,Other,middle,short,early_evening,2024-11-30,17,1.1333333333333333,68.0,5,0.04669272799198222,-0.04669272799198222,0.9615384615384615,1.0074999999999998,2.0,0,"('כאן 11', '2024-11-30', 51)","('כאן 11', '2024-11-30', 51)",2024-11-30 17:04:00
כאן 11,Other_last_standard,Other,last,standard,early_evening,2024-11-30,17,1.6833333333333333,101.0,5,0.25311237813110576,-0.25311237813110576,0.818181818181818,1.0538411030860144,3.0,0,"('כאן 11', '2024-11-30', 51)","('כאן 11', '2024-11-30', 51)",2024-11-30 17:30:00
כאן 11,Other_last_short,Other,last,short,early_evening,2024-11-30,18,0.5,30.0,5,-0.11113668705218621,0.11113668705218621,1.1382978723404256,1.0185676392572944,1.0,1,"('כאן 11', '2024-11-30', 56)","('כאן 11', '2024-11-30', 56)",2024-11-30 18:00:00
כאן 11,News_last_standard,News,last,standard,late_evening,2024-11-30,21,1.5166666666666666,91.0,5,0.001208115841785845,-0.001208115841785845,1.067708333333333,1.0689990281827015,1.0,1,"('כאן 11', '2024-11-30', 59)","('כאן 11', '2024-11-30', 59)",2024-11-30 21:27:00
כאן 11,PrimeShow2_last_standard,PrimeShow2,last,standard,late_evening,2024-11-30,22,2.15,129.0,6,0.08423311733636138,-0.08423311733636138,0.9276595744680851,1.00918458781362,1.0,1,"('כאן 11', '2024-11-30', 61)","('כאן 11', '2024-11-30', 61)",2024-11-30 22:00:00
כאן 11,Other_last_standard,Other,last,standard,late_evening,2024-11-30,22,2.5,150.0,7,0.08494555309793227,-0.08494555309793227,0.8352941176470587,0.9093494489868468,1.0,1,"('כאן 11', '2024-11-30', 63)","('כאן 11', '2024-11-30', 63)",2024-11-30 22:57:00
כאן 11,PrimeShow1_middle_standard,PrimeShow1,middle,standard,late_evening,2024-11-30,23,2.4833333333333334,149.0,7,0.033706363634347564,-0.033706363634347564,0.9696969696969698,1.002939015429831,1.0,1,"('כאן 11', '2024-11-30', 66)","('כאן 11', '2024-11-30', 66)",2024-11-30 23:48:00
עכשיו 14,Other_middle_standard,Other,middle,standard,overnight,2024-11-01,2,1.6833333333333333,101.0,4,0.3020938511130843,-0.3020938511130843,0.75,1.0145161290322582,1.0,1,"('עכשיו 14', '2024-11-01', 1)","('עכשיו 14', '2024-11-01', 1)",2024-11-01 02:37:00
עכשיו 14,Other_first_short,Other,first,short,overnight,2024-11-01,4,0.8666666666666667,52.0,2,-0.02259983191724069,0.02259983191724069,1.0,0.9776536312849164,1.0,1,"('עכשיו 14', '2024-11-01', 6)","('עכשיו 14', '2024-11-01', 6)",2024-11-01 04:08:00
עכשיו 14,PrimeShow1_middle_short,PrimeShow1,middle,short,morning,2024-11-01,6,1.35,81.0,2,-0.2665047351644107,0.2665047351644107,1.3636363636363635,1.0446168768186228,1.0,1,"('עכשיו 14', '2024-11-01', 11)","('עכשיו 14', '2024-11-01', 11)",2024-11-01 06:27:00
עכשיו 14,Other_last_long,Other,last,long,morning,2024-11-01,8,4.25,255.0,6,-0.053762946203269844,0.053762946203269844,1.0333333333333334,0.9792452830188679,3.0,0,"('עכשיו 14', '2024-11-01', 13)","('עכשיו 14', '2024-11-01', 13)",2024-11-01 08:49:00
עכשיו 14,Other_first_standard,Other,first,standard,morning,2024-11-01,9,1.5833333333333333,95.0,2,-0.002253522080443279,0.002253522080443279,0.9999999999999999,0.9977490151941475,1.0,1,"('עכשיו 14', '2024-11-01', 16)","('עכשיו 14', '2024-11-01', 16)",2024-11-01 09:56:00
עכשיו 14,Other_first_short,Other,first,short,morning,2024-11-01,9,0.8666666666666667,52.0,2,0.07787975583545402,-0.07787975583545402,0.9459459459459459,1.0225606316976876,2.0,0,"('עכשיו 14', '2024-11-01', 16)","('עכשיו 14', '2024-11-01', 16)",2024-11-01 09:59:00
עכשיו 14,Other_middle_standard,Other,middle,standard,morning,2024-11-01,10,1.85,111.0,3,0.028016448736909214,-0.028016448736909214,0.9555555555555556,0.9827053736874616,3.0,0,"('עכשיו 14', '2024-11-01', 16)","('עכשיו 14', '2024-11-01', 16)",2024-11-01 10:47:00
עכשיו 14,Other_first_standard,Other,first,standard,morning,2024-11-01,11,2.6333333333333333,158.0,4,-0.06119882337695338,0.06119882337695338,1.0941176470588234,1.0291666666666668,1.0,1,"('עכשיו 14', '2024-11-01', 19)","('עכשיו 14', '2024-11-01', 19)",2024-11-01 11:53:00
עכשיו 14,Other_last_short,Other,last,short,morning,2024-11-01,11,1.3333333333333333,80.0,3,-0.07167141219869154,0.07167141219869154,1.096774193548387,1.0209176788124155,2.0,0,"('עכשיו 14', '2024-11-01', 19)","('עכשיו 14', '2024-11-01', 19)",2024-11-01 11:58:00
עכשיו 14,PrimeShow1_middle_short,PrimeShow1,middle,short,afternoon,2024-11-01,12,1.0833333333333333,65.0,2,-0.08996210205768766,0.08996210205768766,1.1276595744680853,1.0306423099587507,1.0,1,"('עכשיו 14', '2024-11-01', 21)","('עכשיו 14', '2024-11-01', 21)",2024-11-01 12:51:00
עכשיו 14,Other_middle_short,Other,middle,short,afternoon,2024-11-01,15,0.8,48.0,2,-0.13844124421851747,0.13844124421851747,1.1538461538461537,1.004670472236637,1.0,1,"('עכשיו 14', '2024-11-01', 26)","('עכשיו 14', '2024-11-01', 26)",2024-11-01 15:42:00
עכשיו 14,Other_middle_short,Other,middle,short,early_evening,2024-11-02,19,1.3333333333333333,80.0,2,-0.20257898066454408,0.20257898066454408,1.1684210526315792,0.9541583166332666,1.0,1,"('עכשיו 14', '2024-11-02', 5)","('עכשיו 14', '2024-11-02', 5)",2024-11-02 19:00:00
עכשיו 14,PrimeShow2_middle_short,PrimeShow2,middle,short,late_evening,2024-11-02,21,1.45,87.0,4,-0.03691832976750698,0.03691832976750698,0.9456066945606696,0.9113330307156908,1.0,1,"('עכשיו 14', '2024-11-02', 9)","('עכשיו 14', '2024-11-02', 9)",2024-11-02 21:56:00
עכשיו 14,News_last_long,News,last,long,late_evening,2024-11-02,23,5.283333333333333,317.0,8,0.03939801361426046,-0.03939801361426046,0.9207920792079208,0.9577935645633098,1.0,1,"('עכשיו 14', '2024-11-02', 13)","('עכשיו 14', '2024-11-02', 13)",2024-11-02 23:43:00
עכשיו 14,Other_middle_standard,Other,middle,standard,overnight,2024-11-03,3,1.6333333333333333,98.0,4,-0.06603058152308597,0.06603058152308597,1.0,0.9361022364217252,1.0,1,"('עכשיו 14', '2024-11-03', 7)","('עכשיו 14', '2024-11-03', 7)",2024-11-03 03:03:00
עכשיו 14,Other_middle_short,Other,middle,short,overnight,2024-11-03,4,1.0,60.0,2,-0.012170535620255291,0.012170535620255291,1.0,0.9879032258064515,1.0,1,"('עכשיו 14', '2024-11-03', 11)","('עכשיו 14', '2024-11-03', 11)",2024-11-03 04:45:00
עכשיו 14,Other_middle_short,Other,middle,short,overnight,2024-11-03,5,1.2,72.0,3,-0.008547060578458408,0.008547060578458408,1.0,0.9914893617021276,1.0,1,"('עכשיו 14', '2024-11-03', 13)","('עכשיו 14', '2024-11-03', 13)",2024-11-03 05:13:00
עכשיו 14,Other_middle_standard,Other,middle,standard,overnight,2024-11-03,5,1.55,93.0,4,0.11910707494790844,-0.11910707494790844,0.9545454545454543,1.0752864157119477,1.0,1,"('עכשיו 14', '2024-11-03', 15)","('עכשיו 14', '2024-11-03', 15)",2024-11-03 05:46:00
עכשיו 14,PrimeShow1_middle_short,PrimeShow1,middle,short,morning,2024-11-03,6,1.4666666666666666,88.0,2,0.04431319124102039,-0.04431319124102039,1.024390243902439,1.070805043646945,1.0,1,"('עכשיו 14', '2024-11-03', 18)","('עכשיו 14', '2024-11-03', 18)",2024-11-03 06:27:00
עכשיו 14,Other_middle_long,Other,middle,long,morning,2024-11-03,8,3.066666666666667,184.0,4,0.1335633546110691,-0.1335633546110691,0.8962264150943396,1.0242914979757083,3.0,0,"('עכשיו 14', '2024-11-03', 20)","('עכשיו 14', '2024-11-03', 20)",2024-11-03 08:20:00
עכשיו 14,Other_last_standard,Other,last,standard,morning,2024-11-03,8,1.85,111.0,3,0.011310979647298526,-0.011310979647298526,0.9333333333333331,0.9439501779359432,4.0,0,"('עכשיו 14', '2024-11-03', 20)","('עכשיו 14', '2024-11-03', 20)",2024-11-03 08:41:00
עכשיו 14,Other_last_short,Other,last,short,morning,2024-11-03,9,1.05,63.0,2,-0.08038234639946094,0.08038234639946094,1.035087719298246,0.9551411290322581,5.0,0,"('עכשיו 14', '2024-11-03', 20)","('עכשיו 14', '2024-11-03', 20)",2024-11-03 09:17:00
עכשיו 14,Other_middle_standard,Other,middle,standard,morning,2024-11-03,10,1.5666666666666667,94.0,2,0.242981893533874,-0.242981893533874,0.7999999999999999,1.0200364298724953,1.0,1,"('עכשיו 14', '2024-11-03', 25)","('עכשיו 14', '2024-11-03', 25)",2024-11-03 10:40:00
עכשיו 14,Other_middle_standard,Other,middle,standard,morning,2024-11-03,10,2.4166666666666665,145.0,5,-0.04941535956335043,0.04941535956335043,1.0,0.9517857142857142,2.0,0,"('עכשיו 14', '2024-11-03', 25)","('עכשיו 14', '2024-11-03', 25)",2024-11-03 10:43:00
עכשיו 14,News_middle_long,News,middle,long,afternoon,2024-11-03,12,3.15,189.0,4,0.057532181970806937,-0.057532181970806937,0.945205479452055,1.0011799410029496,3.0,0,"('עכשיו 14', '2024-11-03', 28)","('עכשיו 14', '2024-11-03', 28)",2024-11-03 12:42:00
עכשיו 14,PrimeShow1_middle_short,PrimeShow1,middle,short,afternoon,2024-11-03,15,0.43333333333333335,26.0,2,0.10995600082836411,-0.10995600082836411,0.8839285714285714,0.9866666666666668,1.0,1,"('עכשיו 14', '2024-11-03', 33)","('עכשיו 14', '2024-11-03', 33)",2024-11-03 15:12:00
עכשיו 14,Other_first_standard,Other,first,standard,afternoon,2024-11-03,16,1.7666666666666666,106.0,2,0.19025573989550568,-0.19025573989550568,0.8230088495575221,0.9954776710005654,1.0,1,"('עכשיו 14', '2024-11-03', 36)","('עכשיו 14', '2024-11-03', 36)",2024-11-03 16:14:00
עכשיו 14,Other_first_standard,Other,first,standard,late_evening,2024-11-03,22,2.283333333333333,137.0,4,-0.07946575726501558,0.07946575726501558,0.9361702127659575,0.8646558391337974,1.0,1,"('עכשיו 14', '2024-11-03', 51)","('עכשיו 14', '2024-11-03', 51)",2024-11-03 22:57:00
עכשיו 14,Other_middle_standard,Other,middle,standard,overnight,2024-11-04,0,1.8666666666666667,112.0,2,-0.23291334291001478,0.23291334291001478,1.161290322580645,0.9199999999999999,1.0,1,"('עכשיו 14', '2024-11-04', 0)","('עכשיו 14', '2024-11-04', 0)",2024-11-04 00:35:00
עכשיו 14,Other_middle_short,Other,middle,short,overnight,2024-11-04,0,1.3,78.0,2,0.10766486835702763,-0.10766486835702763,0.8750000000000001,0.974465148378192,2.0,0,"('עכשיו 14', '2024-11-04', 0)","('עכשיו 14', '2024-11-04', 0)",2024-11-04 00:39:00
עכשיו 14,Other_middle_long,Other,middle,long,overnight,2024-11-04,1,4.016666666666667,241.0,9,-0.08711387276176882,0.08711387276176882,1.0,0.9165727170236754,1.0,1,"('עכשיו 14', '2024-11-04', 4)","('עכשיו 14', '2024-11-04', 4)",2024-11-04 01:44:00
עכשיו 14,Other_middle_standard,Other,middle,standard,overnight,2024-11-04,3,2.6666666666666665,160.0,6,0.09051400754083169,-0.09051400754083169,1.0,1.094736842105263,1.0,1,"('עכשיו 14', '2024-11-04', 7)","('עכשיו 14', '2024-11-04', 7)",2024-11-04 03:10:00
עכשיו 14,Other_middle_standard,Other,middle,standard,overnight,2024-11-04,4,2.3833333333333333,143.0,6,-0.008064559836730519,0.008064559836730519,1.0,0.9919678714859437,1.0,1,"('עכשיו 14', '2024-11-04', 11)","('עכשיו 14', '2024-11-04', 11)",2024-11-04 04:46:00
עכשיו 14,Other_middle_standard,Other,middle,standard,overnight,2024-11-04,5,1.65,99.0,4,-0.04521760599329346,0.04521760599329346,1.0,0.9557894736842103,1.0,1,"('עכשיו 14', '2024-11-04', 13)","('עכשיו 14', '2024-11-04', 13)",2024-11-04 05:20:00
עכשיו 14,Other_middle_short,Other,middle,short,morning,2024-11-04,6,1.3166666666666667,79.0,2,0.0685682031909453,-0.0685682031909453,0.9428571428571428,1.0097751710654934,1.0,1,"('עכשיו 14', '2024-11-04', 17)","('עכשיו 14', '2024-11-04', 17)",2024-11-04 06:24:00
עכשיו 14,Other_first_short,Other,first,short,morning,2024-11-04,7,1.45,87.0,3,0.12477386048199901,-0.12477386048199901,0.8854166666666667,1.0030816640986133,1.0,1,"('עכשיו 14', '2024-11-04', 19)","('עכשיו 14', '2024-11-04', 19)",2024-11-04 07:39:00
עכשיו 14,Other_last_long,Other,last,long,morning,2024-11-04,8,3.4166666666666665,205.0,6,0.1371655713684846,-0.1371655713684846,0.8229166666666665,0.943900267141585,2.0,0,"('עכשיו 14', '2024-11-04', 19)","('עכשיו 14', '2024-11-04', 19)",2024-11-04 08:42:00
עכשיו 14,Other_last_short,Other,last,short,morning,2024-11-04,9,1.0333333333333334,62.0,2,0.03810267247563593,-0.03810267247563593,0.9215686274509804,0.9573604060913707,3.0,0,"('עכשיו 14', '2024-11-04', 19)","('עכשיו 14', '2024-11-04', 19)",2024-11-04 09:18:00
עכשיו 14,Other_middle_standard,Other,middle,standard,morning,2024-11-04,10,1.9,114.0,3,-0.12527067561715602,0.12527067561715602,1.0909090909090908,0.9624633431085043,1.0,1,"('עכשיו 14', '2024-11-04', 23)","('עכשיו 14', '2024-11-04', 23)",2024-11-04 10:35:00
עכשיו 14,Other_middle_short,Other,middle,short,morning,2024-11-04,10,0.8833333333333333,53.0,2,0.06306696758787197,-0.06306696758787197,0.9583333333333333,1.0207190737355272,2.0,0,"('עכשיו 14', '2024-11-04', 23)","('עכשיו 14', '2024-11-04', 23)",2024-11-04 10:39:00
עכשיו 14,News_first_short,News,first,short,morning,2024-11-04,11,1.3333333333333333,80.0,3,0.11951726461661319,-0.11951726461661319,0.8939393939393939,1.0074274139095203,1.0,1,"('עכשיו 14', '2024-11-04', 26)","('עכשיו 14', '2024-11-04', 26)",2024-11-04 11:57:00
עכשיו 14,News_middle_standard,News,middle,standard,afternoon,2024-11-04,12,1.7833333333333334,107.0,3,0.027744392745839053,-0.027744392745839053,0.9818181818181819,1.0094395280235986,2.0,0,"('עכשיו 14', '2024-11-04', 26)","('עכשיו 14', '2024-11-04', 26)",2024-11-04 12:37:00
עכשיו 14,PrimeShow1_first_short,PrimeShow1,first,short,afternoon,2024-11-04,14,0.48333333333333334,29.0,2,-0.09650563720909885,0.09650563720909885,1.0877192982456143,0.9876543209876543,1.0,1,"('עכשיו 14', '2024-11-04', 31)","('עכשיו 14', '2024-11-04', 31)",2024-11-04 14:11:00
עכשיו 14,News_first_short,News,first,short,early_evening,2024-11-04,17,1.3166666666666667,79.0,2,0.10022906274180363,-0.10022906274180363,0.9130434782608695,1.0093002657218777,1.0,1,"('עכשיו 14', '2024-11-04', 36)","('עכשיו 14', '2024-11-04', 36)",2024-11-04 17:14:00
עכשיו 14,Other_first_long,Other,first,long,early_evening,2024-11-04,19,4.316666666666666,259.0,6,0.05762904207837055,-0.05762904207837055,0.9602272727272726,1.0171898355754856,1.0,1,"('עכשיו 14', '2024-11-04', 41)","('עכשיו 14', '2024-11-04', 41)",2024-11-04 19:01:00
עכשיו 14,PrimeShow1_first_standard,PrimeShow1,first,standard,early_evening,2024-11-04,19,1.9833333333333334,119.0,2,-0.045450408819079705,0.045450408819079705,1.1414141414141417,1.0906976744186045,1.0,1,"('עכשיו 14', '2024-11-04', 43)","('עכשיו 14', '2024-11-04', 43)",2024-11-04 19:48:00
עכשיו 14,News_last_long,News,last,long,late_evening,2024-11-04,20,5.066666666666666,304.0,9,-0.012487838918205277,0.012487838918205277,1.0515873015873016,1.0385369039843242,1.0,1,"('עכשיו 14', '2024-11-04', 44)","('עכשיו 14', '2024-11-04', 44)",2024-11-04 20:40:00
עכשיו 14,News_first_short,News,first,short,late_evening,2024-11-04,22,1.4166666666666667,85.0,3,0.11430079453838315,-0.11430079453838315,0.759493670886076,0.851460221550856,1.0,1,"('עכשיו 14', '2024-11-04', 49)","('עכשיו 14', '2024-11-04', 49)",2024-11-04 22:56:00
עכשיו 14,Other_middle_short,Other,middle,short,overnight,2024-11-05,0,0.8666666666666667,52.0,2,-0.030874392411797312,0.030874392411797312,0.9512195121951221,0.9222999222999224,1.0,1,"('עכשיו 14', '2024-11-05', 0)","('עכשיו 14', '2024-11-05', 0)",2024-11-05 00:53:00
עכשיו 14,Other_middle_long,Other,middle,long,overnight,2024-11-05,2,3.3,198.0,7,0.020457046989520583,-0.020457046989520583,1.0,1.0206677265500794,1.0,1,"('עכשיו 14', '2024-11-05', 3)","('עכשיו 14', '2024-11-05', 3)",2024-11-05 02:53:00
עכשיו 14,Other_first_long,Other,first,long,overnight,2024-11-05,4,3.3,198.0,7,0.028515170308021233,-0.028515170308021233,1.0,1.0289256198347108,1.0,1,"('עכשיו 14', '2024-11-05', 8)","('עכשיו 14', '2024-11-05', 8)",2024-11-05 04:39:00
עכשיו 14,PrimeShow1_middle_standard,PrimeShow1,middle,standard,morning,2024-11-05,6,2.0833333333333335,125.0,3,-0.09190626883165602,0.09190626883165602,1.114285714285714,1.0164410058027078,1.0,1,"('עכשיו 14', '2024-11-05', 14)","('עכשיו 14', '2024-11-05', 14)",2024-11-05 06:25:00
עכשיו 14,Other_first_standard,Other,first,standard,morning,2024-11-05,7,2.6,156.0,4,0.20832279186031671,-0.20832279186031671,0.8144329896907218,1.003064351378958,1.0,1,"('עכשיו 14', '2024-11-05', 16)","('עכשיו 14', '2024-11-05', 16)",2024-11-05 07:40:00
עכשיו 14,Other_middle_long,Other,middle,long,morning,2024-11-05,8,4.666666666666667,280.0,8,0.09133894542998296,-0.09133894542998296,0.8514851485148515,0.9329214474845542,2.0,0,"('עכשיו 14', '2024-11-05', 16)","('עכשיו 14', '2024-11-05', 16)",2024-11-05 08:38:00
עכשיו 14,Other_last_standard,Other,last,standard,morning,2024-11-05,9,1.8333333333333333,110.0,3,-0.042140143784578074,0.042140143784578074,1.0125000000000002,0.9707196029776675,3.0,0,"('עכשיו 14', '2024-11-05', 16)","('עכשיו 14', '2024-11-05', 16)",2024-11-05 09:14:00
עכשיו 14,Other_last_short,Other,last,short,morning,2024-11-05,9,0.8666666666666667,52.0,2,0.06754632612268804,-0.06754632612268804,0.9012345679012345,0.9642126789366054,4.0,0,"('עכשיו 14', '2024-11-05', 16)","('עכשיו 14', '2024-11-05', 16)",2024-11-05 09:18:00
עכשיו 14,PrimeShow1_first_standard,PrimeShow1,first,standard,afternoon,2024-11-05,14,2.1,126.0,4,0.008382523863489515,-0.008382523863489515,0.9692307692307693,0.9773895169578622,1.0,1,"('עכשיו 14', '2024-11-05', 28)","('עכשיו 14', '2024-11-05', 28)",2024-11-05 14:10:00
עכשיו 14,PrimeShow1_first_short,PrimeShow1,first,short,afternoon,2024-11-05,14,0.9333333333333333,56.0,2,0.04924071610316313,-0.04924071610316313,1.0,1.0504731861198737,2.0,0,"('עכשיו 14', '2024-11-05', 28)","('עכשיו 14', '2024-11-05', 28)",2024-11-05 14:14:00
עכשיו 14,Other_first_standard,Other,first,standard,early_evening,2024-11-05,18,2.216666666666667,133.0,4,-0.006864859468183673,0.006864859468183673,0.9389312977099235,0.9325077399380806,1.0,1,"('עכשיו 14', '2024-11-05', 36)","('עכשיו 14', '2024-11-05', 36)",2024-11-05 18:11:00
עכשיו 14,Other_first_standard,Other,first,standard,early_evening,2024-11-05,18,1.95,117.0,4,0.11358358546754757,-0.11358358546754757,0.9756097560975611,1.092961487383798,2.0,0,"('עכשיו 14', '2024-11-05', 36)","('עכשיו 14', '2024-11-05', 36)",2024-11-05 18:15:00
עכשיו 14,Other_first_long,Other,first,long,early_evening,2024-11-05,19,4.5,270.0,9,0.03587318475768632,-0.03587318475768632,0.9867549668874173,1.0227955911823647,1.0,1,"('עכשיו 14', '2024-11-05', 38)","('עכשיו 14', '2024-11-05', 38)",2024-11-05 19:00:00
עכשיו 14,PrimeShow1_first_standard,PrimeShow1,first,standard,early_evening,2024-11-05,19,2.0,120.0,2,-0.016552070807713204,0.016552070807713204,1.0698924731182795,1.0523292916400764,1.0,1,"('עכשיו 14', '2024-11-05', 40)","('עכשיו 14', '2024-11-05', 40)",2024-11-05 19:47:00
עכשיו 14,PrimeShow1_middle_standard,PrimeShow1,middle,standard,late_evening,2024-11-05,21,2.4,144.0,5,-0.018726187005658534,0.018726187005658534,0.9051490514905149,0.8883567794073632,1.0,1,"('עכשיו 14', '2024-11-05', 42)","('עכשיו 14', '2024-11-05', 42)",2024-11-05 21:55:00
עכשיו 14,PrimeShow1_last_short,PrimeShow1,last,short,late_evening,2024-11-05,22,1.2666666666666666,76.0,3,-0.08881740607261734,0.08881740607261734,0.9942693409742122,0.9097690086621751,2.0,0,"('עכשיו 14', '2024-11-05', 42)","('עכשיו 14', '2024-11-05', 42)",2024-11-05 22:53:00
עכשיו 14,Other_first_short,Other,first,short,late_evening,2024-11-05,23,0.8333333333333334,50.0,2,0.06478938915784657,-0.06478938915784657,0.8268551236749118,0.8822000866175834,1.0,1,"('עכשיו 14', '2024-11-05', 46)","('עכשיו 14', '2024-11-05', 46)",2024-11-05 23:57:00
עכשיו 14,Other_first_short,Other,first,short,overnight,2024-11-06,1,1.0833333333333333,65.0,2,-0.03496893146769583,0.03496893146769583,1.008403361344538,0.97375,1.0,1,"('עכשיו 14', '2024-11-06', 4)","('עכשיו 14', '2024-11-06', 4)",2024-11-06 01:54:00
עכשיו 14,Other_middle_short,Other,middle,short,morning,2024-11-06,6,1.3333333333333333,80.0,2,-0.0011825489791140592,0.0011825489791140592,1.0720720720720718,1.070805043646945,1.0,1,"('עכשיו 14', '2024-11-06', 11)","('עכשיו 14', '2024-11-06', 11)",2024-11-06 06:27:00
עכשיו 14,Other_first_short,Other,first,short,morning,2024-11-06,7,1.25,75.0,2,0.2238825103205323,-0.2238825103205323,0.7941176470588236,0.9933808553971487,1.0,1,"('עכשיו 14', '2024-11-06', 13)","('עכשיו 14', '2024-11-06', 13)",2024-11-06 07:47:00
עכשיו 14,News_first_standard,News,first,standard,early_evening,2024-11-06,17,1.95,117.0,5,0.08523517758837379,-0.08523517758837379,0.9166666666666667,0.9982253771073646,1.0,1,"('עכשיו 14', '2024-11-06', 28)","('עכשיו 14', '2024-11-06', 28)",2024-11-06 17:09:00
עכשיו 14,News_first_short,News,first,short,early_evening,2024-11-06,17,0.5833333333333334,35.0,2,0.05139699271439701,-0.05139699271439701,0.9545454545454545,1.004888888888889,2.0,0,"('עכשיו 14', '2024-11-06', 28)","('עכשיו 14', '2024-11-06', 28)",2024-11-06 17:13:00
עכשיו 14,Other_first_standard,Other,first,standard,early_evening,2024-11-06,19,2.783333333333333,167.0,6,-0.1347634891914339,0.1347634891914339,1.150537634408602,1.00548081714001,1.0,1,"('עכשיו 14', '2024-11-06', 33)","('עכשיו 14', '2024-11-06', 33)",2024-11-06 19:01:00
עכשיו 14,PrimeShow1_first_standard,PrimeShow1,first,standard,early_evening,2024-11-06,19,2.0,120.0,2,0.04100525001386007,-0.04100525001386007,1.082089552238806,1.1273831971506392,1.0,1,"('עכשיו 14', '2024-11-06', 35)","('עכשיו 14', '2024-11-06', 35)",2024-11-06 19:49:00
עכשיו 14,Other_first_short,Other,first,short,late_evening,2024-11-06,22,1.1,66.0,3,-0.12988989000795445,0.12988989000795445,0.9928057553956835,0.8718741943799949,1.0,1,"('עכשיו 14', '2024-11-06', 41)","('עכשיו 14', '2024-11-06', 41)",2024-11-06 22:57:00
עכשיו 14,Other_middle_short,Other,middle,short,overnight,2024-11-07,0,1.45,87.0,4,-0.02306527293099596,0.02306527293099596,0.94,0.9185667752442997,1.0,1,"('עכשיו 14', '2024-11-07', 0)","('עכשיו 14', '2024-11-07', 0)",2024-11-07 00:12:00
עכשיו 14,Other_middle_short,Other,middle,short,overnight,2024-11-07,1,0.5666666666666667,34.0,2,-0.02148520145078612,0.02148520145078612,1.0,0.978743961352657,1.0,1,"('עכשיו 14', '2024-11-07', 3)","('עכשיו 14', '2024-11-07', 3)",2024-11-07 01:16:00
עכשיו 14,Other_middle_standard,Other,middle,standard,overnight,2024-11-07,2,2.6,156.0,6,0.0032051309489485526,-0.0032051309489485526,1.0,1.0032102728731944,1.0,1,"('עכשיו 14', '2024-11-07', 7)","('עכשיו 14', '2024-11-07', 7)",2024-11-07 02:55:00
עכשיו 14,Other_first_long,Other,first,long,overnight,2024-11-07,4,3.3333333333333335,200.0,8,-0.028515170308021233,0.028515170308021233,1.0,0.9718875502008032,1.0,1,"('עכשיו 14', '2024-11-07', 12)","('עכשיו 14', '2024-11-07', 12)",2024-11-07 04:35:00
עכשיו 14,Other_middle_standard,Other,middle,standard,overnight,2024-11-07,4,2.816666666666667,169.0,7,-0.04849434993861038,0.04849434993861038,1.0,0.9526627218934912,1.0,1,"('עכשיו 14', '2024-11-07', 13)","('עכשיו 14', '2024-11-07', 13)",2024-11-07 04:54:00
עכשיו 14,PrimeShow1_middle_short,PrimeShow1,middle,short,morning,2024-11-07,6,1.3333333333333333,80.0,2,0.22597174993338334,-0.22597174993338334,0.8333333333333334,1.0446168768186228,1.0,1,"('עכשיו 14', '2024-11-07', 19)","('עכשיו 14', '2024-11-07', 19)",2024-11-07 06:27:00
עכשיו 14,Other_first_short,Other,first,short,morning,2024-11-07,7,1.4666666666666666,88.0,3,0.22920110495682697,-0.22920110495682697,0.7976190476190476,1.0030816640986133,1.0,1,"('עכשיו 14', '2024-11-07', 21)","('עכשיו 14', '2024-11-07', 21)",2024-11-07 07:39:00
עכשיו 14,Other_last_standard,Other,last,standard,morning,2024-11-07,9,2.05,123.0,5,-0.06367219655502622,0.06367219655502622,1.0162601626016259,0.9535696455317024,4.0,0,"('עכשיו 14', '2024-11-07', 21)","('עכשיו 14', '2024-11-07', 21)",2024-11-07 09:15:00
עכשיו 14,News_first_standard,News,first,standard,morning,2024-11-07,11,2.1333333333333333,128.0,5,0.052595428973771244,-0.052595428973771244,0.9722222222222221,1.0247252747252746,1.0,1,"('עכשיו 14', '2024-11-07', 28)","('עכשיו 14', '2024-11-07', 28)",2024-11-07 11:55:00
עכשיו 14,PrimeShow1_first_short,PrimeShow1,first,short,afternoon,2024-11-07,14,1.0833333333333333,65.0,4,0.06147573160702552,-0.06147573160702552,0.9375,0.9969418960244649,1.0,1,"('עכשיו 14', '2024-11-07', 33)","('עכשיו 14', '2024-11-07', 33)",2024-11-07 14:09:00
עכשיו 14,PrimeShow1_first_short,PrimeShow1,first,short,afternoon,2024-11-07,14,1.4666666666666666,88.0,5,-0.13364571535772257,0.13364571535772257,1.15,1.0061349693251533,2.0,0,"('עכשיו 14', '2024-11-07', 33)","('עכשיו 14', '2024-11-07', 33)",2024-11-07 14:12:00
עכשיו 14,News_first_standard,News,first,standard,early_evening,2024-11-07,17,1.7833333333333334,107.0,5,0.09251653430453853,-0.09251653430453853,0.9069767441860466,0.9948911594846735,1.0,1,"('עכשיו 14', '2024-11-07', 38)","('עכשיו 14', '2024-11-07', 38)",2024-11-07 17:10:00
עכשיו 14,News_first_short,News,first,short,early_evening,2024-11-07,17,0.85,51.0,3,-0.16428676467948156,0.16428676467948156,1.205128205128205,1.0225496762670239,2.0,0,"('עכשיו 14', '2024-11-07', 38)","('עכשיו 14', '2024-11-07', 38)",2024-11-07 17:15:00
עכשיו 14,PrimeShow2_first_long,PrimeShow2,first,long,early_evening,2024-11-07,19,3.1166666666666667,187.0,9,0.028194103194772252,-0.028194103194772252,0.9775280898876405,1.00548081714001,1.0,1,"('עכשיו 14', '2024-11-07', 43)","('עכשיו 14', '2024-11-07', 43)",2024-11-07 19:01:00
עכשיו 14,PrimeShow1_first_standard,PrimeShow1,first,standard,early_evening,2024-11-07,19,2.0,120.0,2,0.0395176740325629,-0.0395176740325629,1.0837004405286346,1.1273831971506392,1.0,1,"('עכשיו 14', '2024-11-07', 45)","('עכשיו 14', '2024-11-07', 45)",2024-11-07 19:49:00
עכשיו 14,News_middle_long,News,middle,long,late_evening,2024-11-07,20,3.4166666666666665,205.0,9,-0.029473017591940126,0.029473017591940126,1.017241379310345,0.9876977152899824,1.0,1,"('עכשיו 14', '2024-11-07', 46)","('עכשיו 14', '2024-11-07', 46)",2024-11-07 20:35:00
עכשיו 14,Other_middle_short,Other,middle,short,late_evening,2024-11-07,22,0.9666666666666667,58.0,4,-0.1949554919758869,0.1949554919758869,1.0780141843971631,0.887066913514943,1.0,1,"('עכשיו 14', '2024-11-07', 52)","('עכשיו 14', '2024-11-07', 52)",2024-11-07 22:58:00
עכשיו 14,PrimeShow1_first_standard,PrimeShow1,first,standard,late_evening,2024-11-07,23,1.6333333333333333,98.0,4,-0.008612118819548056,0.008612118819548056,0.8898305084745762,0.8822000866175834,1.0,1,"('עכשיו 14', '2024-11-07', 54)","('עכשיו 14', '2024-11-07', 54)",2024-11-07 23:57:00
עכשיו 14,Other_middle_short,Other,middle,short,overnight,2024-11-08,3,1.2166666666666666,73.0,3,-0.0014920603855147901,0.0014920603855147901,0.9375,0.9361022364217252,1.0,1,"('עכשיו 14', '2024-11-08', 1)","('עכשיו 14', '2024-11-08', 1)",2024-11-08 03:03:00
עכשיו 14,Other_middle_short,Other,middle,short,overnight,2024-11-08,3,1.2166666666666666,73.0,3,0.06712893804888881,-0.06712893804888881,0.9333333333333332,0.9981378026070763,1.0,1,"('עכשיו 14', '2024-11-08', 3)","('עכשיו 14', '2024-11-08', 3)",2024-11-08 03:50:00
עכשיו 14,Other_last_short,Other,last,short,morning,2024-11-08,6,1.2,72.0,2,0.21897853140982187,-0.21897853140982187,0.8103448275862069,1.0087209302325584,1.0,1,"('עכשיו 14', '2024-11-08', 6)","('עכשיו 14', '2024-11-08', 6)",2024-11-08 06:50:00
עכשיו 14,Other_first_standard,Other,first,standard,morning,2024-11-08,7,1.5,90.0,3,-0.003062789530545767,0.003062789530545767,1.0,0.9969418960244648,1.0,1,"('עכשיו 14', '2024-11-08', 8)","('עכשיו 14', '2024-11-08', 8)",2024-11-08 07:49:00
עכשיו 14,Other_middle_standard,Other,middle,standard,afternoon,2024-11-08,12,1.6333333333333333,98.0,4,0.16914313976827322,-0.16914313976827322,0.8409090909090908,0.9958799293702176,1.0,1,"('עכשיו 14', '2024-11-08', 15)","('עכשיו 14', '2024-11-08', 15)",2024-11-08 12:48:00
עכשיו 14,Other_middle_standard,Other,middle,standard,afternoon,2024-11-08,12,1.5333333333333334,92.0,3,-0.0280214883008972,0.0280214883008972,1.063063063063063,1.0336879432624113,2.0,0,"('עכשיו 14', '2024-11-08', 15)","('עכשיו 14', '2024-11-08', 15)",2024-11-08 12:51:00
עכשיו 14,Other_middle_standard,Other,middle,standard,early_evening,2024-11-09,19,1.8333333333333333,110.0,7,-0.24759636641490176,0.24759636641490176,1.2222222222222223,0.9541583166332666,1.0,1,"('עכשיו 14', '2024-11-09', 6)","('עכשיו 14', '2024-11-09', 6)",2024-11-09 19:00:00
עכשיו 14,News_last_standard,News,last,standard,late_evening,2024-11-09,23,2.316666666666667,139.0,6,0.0762835635073841,-0.0762835635073841,0.8925619834710744,0.9633140972794726,1.0,1,"('עכשיו 14', '2024-11-09', 12)","('עכשיו 14', '2024-11-09', 12)",2024-11-09 23:39:00
עכשיו 14,Other_middle_standard,Other,middle,standard,overnight,2024-11-10,3,2.6666666666666665,160.0,6,0.3939296074835642,-0.3939296074835642,0.7272727272727274,1.0783972125435541,1.0,1,"('עכשיו 14', '2024-11-10', 7)","('עכשיו 14', '2024-11-10', 7)",2024-11-10 03:11:00
עכשיו 14,Other_first_standard,Other,first,standard,overnight,2024-11-10,4,2.6666666666666665,160.0,6,0.030459207484708654,-0.030459207484708654,1.0,1.0309278350515465,1.0,1,"('עכשיו 14', '2024-11-10', 12)","('עכשיו 14', '2024-11-10', 12)",2024-11-10 04:41:00
עכשיו 14,Other_middle_short,Other,middle,short,overnight,2024-11-10,5,0.8833333333333333,53.0,2,0.5606241574874379,-0.5606241574874379,0.5454545454545455,0.9555084745762707,1.0,1,"('עכשיו 14', '2024-11-10', 14)","('עכשיו 14', '2024-11-10', 14)",2024-11-10 05:22:00
עכשיו 14,PrimeShow1_middle_short,PrimeShow1,middle,short,morning,2024-11-10,6,0.8666666666666667,52.0,2,-0.09378188355684014,0.09378188355684014,1.1818181818181817,1.0760233918128657,1.0,1,"('עכשיו 14', '2024-11-10', 18)","('עכשיו 14', '2024-11-10', 18)",2024-11-10 06:28:00
עכשיו 14,Other_first_short,Other,first,short,morning,2024-11-10,7,0.9333333333333333,56.0,2,0.10859285823604288,-0.10859285823604288,0.9176470588235294,1.022908897176345,1.0,1,"('עכשיו 14', '2024-11-10', 20)","('עכשיו 14', '2024-11-10', 20)",2024-11-10 07:16:00
עכשיו 14,Other_middle_standard,Other,middle,standard,morning,2024-11-10,8,1.55,93.0,5,0.09881453281542385,-0.09881453281542385,0.878048780487805,0.969244288224956,2.0,0,"('עכשיו 14', '2024-11-10', 20)","('עכשיו 14', '2024-11-10', 20)",2024-11-10 08:37:00
עכשיו 14,Other_first_standard,Other,first,standard,early_evening,2024-11-10,19,1.9,114.0,6,-0.035440292805196796,0.035440292805196796,1.0,0.9651803607214431,1.0,1,"('עכשיו 14', '2024-11-10', 42)","('עכשיו 14', '2024-11-10', 42)",2024-11-10 19:00:00
עכשיו 14,PrimeShow1_first_standard,PrimeShow1,first,standard,early_evening,2024-11-10,19,1.6666666666666667,100.0,2,0.04954616496143956,-0.04954616496143956,1.0379746835443038,1.0906976744186045,1.0,1,"('עכשיו 14', '2024-11-10', 44)","('עכשיו 14', '2024-11-10', 44)",2024-11-10 19:48:00
עכשיו 14,PrimeShow2_middle_short,PrimeShow2,middle,short,late_evening,2024-11-10,21,0.7666666666666667,46.0,3,0.06228396621219866,-0.06228396621219866,0.9145299145299145,0.9733017377567139,1.0,1,"('עכשיו 14', '2024-11-10', 47)","('עכשיו 14', '2024-11-10', 47)",2024-11-10 21:58:00
עכשיו 14,Other_middle_short,Other,middle,short,late_evening,2024-11-10,22,1.0333333333333334,62.0,3,-0.10344105173210241,0.10344105173210241,0.983739837398374,0.887066913514943,1.0,1,"('עכשיו 14', '2024-11-10', 50)","('עכשיו 14', '2024-11-10', 50)",2024-11-10 22:58:00
עכשיו 14,Other_first_short,Other,first,short,overnight,2024-11-11,0,0.95,57.0,2,-0.2387570192283911,0.2387570192283911,1.212121212121212,0.9546742209631727,1.0,1,"('עכשיו 14', '2024-11-11', 0)","('עכשיו 14', '2024-11-11', 0)",2024-11-11 00:44:00
עכשיו 14,Other_middle_standard,Other,middle,standard,overnight,2024-11-11,2,1.75,105.0,4,0.15001872648197007,-0.15001872648197007,0.8620689655172414,1.0015999999999998,1.0,1,"('עכשיו 14', '2024-11-11', 2)","('עכשיו 14', '2024-11-11', 2)",2024-11-11 02:57:00
עכשיו 14,PrimeShow1_middle_short,PrimeShow1,middle,short,morning,2024-11-11,6,0.75,45.0,3,-0.026811257450656503,0.026811257450656503,1.1052631578947367,1.0760233918128657,1.0,1,"('עכשיו 14', '2024-11-11', 11)","('עכשיו 14', '2024-11-11', 11)",2024-11-11 06:28:00
עכשיו 14,Other_first_short,Other,first,short,morning,2024-11-11,7,1.0333333333333334,62.0,4,0.16799173123912972,-0.16799173123912972,0.845360824742268,1.0,1.0,1,"('עכשיו 14', '2024-11-11', 13)","('עכשיו 14', '2024-11-11', 13)",2024-11-11 07:41:00
עכשיו 14,Other_last_short,Other,last,short,morning,2024-11-11,8,1.1333333333333333,68.0,3,0.06920852816236117,-0.06920852816236117,0.8800000000000001,0.9430604982206405,2.0,0,"('עכשיו 14', '2024-11-11', 13)","('עכשיו 14', '2024-11-11', 13)",2024-11-11 08:40:00
עכשיו 14,Other_first_standard,Other,first,standard,early_evening,2024-11-11,19,2.8833333333333333,173.0,8,-0.10189084054545426,0.10189084054545426,1.095890410958904,0.9897294589178357,1.0,1,"('עכשיו 14', '2024-11-11', 35)","('עכשיו 14', '2024-11-11', 35)",2024-11-11 19:00:00
עכשיו 14,PrimeShow1_first_standard,PrimeShow1,first,standard,early_evening,2024-11-11,19,1.6833333333333333,101.0,2,-0.021985300090128224,0.021985300090128224,1.1149425287356325,1.0906976744186045,1.0,1,"('עכשיו 14', '2024-11-11', 37)","('עכשיו 14', '2024-11-11', 37)",2024-11-11 19:48:00
עכשיו 14,News_middle_short,News,middle,short,late_evening,2024-11-11,20,1.2666666666666666,76.0,5,0.028846407170158104,-0.028846407170158104,0.9518518518518518,0.9797092187250358,1.0,1,"('עכשיו 14', '2024-11-11', 38)","('עכשיו 14', '2024-11-11', 38)",2024-11-11 20:35:00
עכשיו 14,PrimeShow2_middle_short,PrimeShow2,middle,short,late_evening,2024-11-11,21,1.4833333333333334,89.0,4,0.04509009430035741,-0.04509009430035741,0.9041095890410958,0.9458090267116978,1.0,1,"('עכשיו 14', '2024-11-11', 40)","('עכשיו 14', '2024-11-11', 40)",2024-11-11 21:57:00
עכשיו 14,Other_first_short,Other,first,short,late_evening,2024-11-11,22,1.05,63.0,2,0.13205598066026808,-0.13205598066026808,0.7894736842105263,0.9009254218835058,1.0,1,"('עכשיו 14', '2024-11-11', 43)","('עכשיו 14', '2024-11-11', 43)",2024-11-11 22:59:00
עכשיו 14,Other_middle_standard,Other,middle,standard,late_evening,2024-11-11,23,1.6833333333333333,101.0,6,-0.18910510454351492,0.18910510454351492,1.0392156862745099,0.8601583113456464,2.0,0,"('עכשיו 14', '2024-11-11', 43)","('עכשיו 14', '2024-11-11', 43)",2024-11-11 23:58:00
עכשיו 14,Other_middle_short,Other,middle,short,overnight,2024-11-12,0,0.7,42.0,2,-0.04771039621461122,0.04771039621461122,1.0,0.9534098582039164,1.0,1,"('עכשיו 14', '2024-11-12', 0)","('עכשיו 14', '2024-11-12', 0)",2024-11-12 00:39:00
עכשיו 14,Other_first_short,Other,first,short,overnight,2024-11-12,3,0.7,42.0,2,-0.2091314251637592,0.2091314251637592,1.1538461538461537,0.9361022364217252,1.0,1,"('עכשיו 14', '2024-11-12', 7)","('עכשיו 14', '2024-11-12', 7)",2024-11-12 03:03:00
עכשיו 14,Other_first_standard,Other,first,standard,overnight,2024-11-12,4,2.966666666666667,178.0,7,0.038099846232270175,-0.038099846232270175,1.0,1.0388349514563104,1.0,1,"('עכשיו 14', '2024-11-12', 9)","('עכשיו 14', '2024-11-12', 9)",2024-11-12 04:02:00
עכשיו 14,Other_last_standard,Other,last,standard,overnight,2024-11-12,4,2.216666666666667,133.0,5,0.022335953942062864,-0.022335953942062864,1.0,1.0225872689938396,1.0,1,"('עכשיו 14', '2024-11-12', 10)","('עכשיו 14', '2024-11-12', 10)",2024-11-12 04:43:00
עכשיו 14,Other_first_short,Other,first,short,morning,2024-11-12,7,0.31666666666666665,19.0,2,0.04000272220501922,-0.04000272220501922,0.9583333333333333,0.9974463738508682,1.0,1,"('עכשיו 14', '2024-11-12', 16)","('עכשיו 14', '2024-11-12', 16)",2024-11-12 07:40:00
עכשיו 14,Other_last_short,Other,last,short,morning,2024-11-12,8,1.1833333333333333,71.0,6,0.230890256327321,-0.230890256327321,0.75,0.9447907390917187,2.0,0,"('עכשיו 14', '2024-11-12', 16)","('עכשיו 14', '2024-11-12', 16)",2024-11-12 08:42:00
עכשיו 14,Other_first_long,Other,first,long,early_evening,2024-11-12,19,3.183333333333333,191.0,9,0.03640840970330942,-0.03640840970330942,0.9748743718592965,1.0110220440881765,1.0,1,"('עכשיו 14', '2024-11-12', 38)","('עכשיו 14', '2024-11-12', 38)",2024-11-12 19:00:00
עכשיו 14,PrimeShow1_first_standard,PrimeShow1,first,standard,early_evening,2024-11-12,19,2.0,120.0,2,-0.0400741920959526,0.0400741920959526,1.1352941176470588,1.0906976744186045,1.0,1,"('עכשיו 14', '2024-11-12', 40)","('עכשיו 14', '2024-11-12', 40)",2024-11-12 19:48:00
עכשיו 14,Other_last_short,Other,last,short,late_evening,2024-11-12,22,0.45,27.0,2,-0.06268938807138336,0.06268938807138336,0.97196261682243,0.9129014697876974,1.0,1,"('עכשיו 14', '2024-11-12', 46)","('עכשיו 14', '2024-11-12', 46)",2024-11-12 22:59:00
עכשיו 14,PrimeShow1_first_standard,PrimeShow1,first,standard,late_evening,2024-11-12,23,1.6333333333333333,98.0,5,0.04330473492740383,-0.04330473492740383,0.8392857142857144,0.876429199648197,1.0,1,"('עכשיו 14', '2024-11-12', 48)","('עכשיו 14', '2024-11-12', 48)",2024-11-12 23:58:00
עכשיו 14,Other_middle_short,Other,middle,short,overnight,2024-11-13,0,0.5666666666666667,34.0,2,0.13062630668457634,-0.13062630668457634,0.8125000000000001,0.9258777633289988,1.0,1,"('עכשיו 14', '2024-11-13', 0)","('עכשיו 14', '2024-11-13', 0)",2024-11-13 00:37:00
עכשיו 14,Other_middle_short,Other,middle,short,overnight,2024-11-13,3,1.4166666666666667,85.0,3,0.130382071232899,-0.130382071232899,0.8666666666666666,0.9873617693522909,1.0,1,"('עכשיו 14', '2024-11-13', 7)","('עכשיו 14', '2024-11-13', 7)",2024-11-13 03:01:00
עכשיו 14,Other_first_short,Other,first,short,morning,2024-11-13,7,1.2833333333333334,77.0,3,0.09287575204852061,-0.09287575204852061,0.9066666666666666,0.994908350305499,1.0,1,"('עכשיו 14', '2024-11-13', 18)","('עכשיו 14', '2024-11-13', 18)",2024-11-13 07:47:00
עכשיו 14,Other_last_standard,Other,last,standard,morning,2024-11-13,8,1.5833333333333333,95.0,6,0.14656892991721568,-0.14656892991721568,0.8714285714285713,1.0089877010406814,2.0,0,"('עכשיו 14', '2024-11-13', 18)","('עכשיו 14', '2024-11-13', 18)",2024-11-13 08:46:00
עכשיו 14,Other_first_standard,Other,first,standard,early_evening,2024-11-13,19,2.433333333333333,146.0,7,-0.054775409590797415,0.054775409590797415,1.0454545454545452,0.9897294589178357,1.0,1,"('עכשיו 14', '2024-11-13', 40)","('עכשיו 14', '2024-11-13', 40)",2024-11-13 19:00:00
עכשיו 14,PrimeShow1_first_standard,PrimeShow1,first,standard,early_evening,2024-11-13,19,1.6666666666666667,100.0,2,0.03307328375198033,-0.03307328375198033,1.0552147239263805,1.0906976744186045,1.0,1,"('עכשיו 14', '2024-11-13', 42)","('עכשיו 14', '2024-11-13', 42)",2024-11-13 19:48:00
עכשיו 14,News_last_short,News,last,short,late_evening,2024-11-13,20,1.0333333333333334,62.0,6,0.03924457515930174,-0.03924457515930174,0.9761904761904763,1.0152623211446743,1.0,1,"('עכשיו 14', '2024-11-13', 43)","('עכשיו 14', '2024-11-13', 43)",2024-11-13 20:46:00
עכשיו 14,PrimeShow2_middle_short,PrimeShow2,middle,short,late_evening,2024-11-13,21,0.7,42.0,3,-0.008156979484498488,0.008156979484498488,0.9812734082397002,0.9733017377567139,1.0,1,"('עכשיו 14', '2024-11-13', 45)","('עכשיו 14', '2024-11-13', 45)",2024-11-13 21:58:00
עכשיו 14,PrimeShow2_middle_short,PrimeShow2,middle,short,late_evening,2024-11-13,23,1.4833333333333334,89.0,5,0.007862588277472077,-0.007862588277472077,0.8695652173913043,0.876429199648197,1.0,1,"('עכשיו 14', '2024-11-13', 49)","('עכשיו 14', '2024-11-13', 49)",2024-11-13 23:58:00
עכשיו 14,Other_middle_short,Other,middle,short,overnight,2024-11-14,3,0.3333333333333333,20.0,2,-0.09119820184532187,0.09119820184532187,1.0,0.9128367670364501,1.0,1,"('עכשיו 14', '2024-11-14', 4)","('עכשיו 14', '2024-11-14', 4)",2024-11-14 03:05:00
עכשיו 14,PrimeShow1_middle_short,PrimeShow1,middle,short,morning,2024-11-14,6,0.4666666666666667,28.0,2,-0.1056390284015842,0.1056390284015842,1.1666666666666663,1.0497076023391814,1.0,1,"('עכשיו 14', '2024-11-14', 12)","('עכשיו 14', '2024-11-14', 12)",2024-11-14 06:28:00
עכשיו 14,Other_first_short,Other,first,short,morning,2024-11-14,7,0.7833333333333333,47.0,4,0.023748147670616032,-0.023748147670616032,0.9710144927536233,0.9943502824858759,1.0,1,"('עכשיו 14', '2024-11-14', 14)","('עכשיו 14', '2024-11-14', 14)",2024-11-14 07:39:00
עכשיו 14,Other_last_short,Other,last,short,morning,2024-11-14,8,0.36666666666666664,22.0,2,-0.12979365884524585,0.12979365884524585,1.0952380952380953,0.9619220308250229,2.0,0,"('עכשיו 14', '2024-11-14', 14)","('עכשיו 14', '2024-11-14', 14)",2024-11-14 08:43:00
עכשיו 14,PrimeShow2_first_standard,PrimeShow2,first,standard,early_evening,2024-11-14,19,2.433333333333333,146.0,7,0.05789803695167514,-0.05789803695167514,0.9289340101522839,0.984304932735426,1.0,1,"('עכשיו 14', '2024-11-14', 36)","('עכשיו 14', '2024-11-14', 36)",2024-11-14 19:01:00
עכשיו 14,PrimeShow1_first_standard,PrimeShow1,first,standard,early_evening,2024-11-14,19,1.6666666666666667,100.0,2,0.02219787308394263,-0.02219787308394263,1.0571428571428572,1.0808715692436623,1.0,1,"('עכשיו 14', '2024-11-14', 38)","('עכשיו 14', '2024-11-14', 38)",2024-11-14 19:49:00
עכשיו 14,News_last_short,News,last,short,late_evening,2024-11-14,20,1.25,75.0,5,0.007818508352962134,-0.007818508352962134,1.0177777777777777,1.0257664709719505,1.0,1,"('עכשיו 14', '2024-11-14', 39)","('עכשיו 14', '2024-11-14', 39)",2024-11-14 20:41:00
עכשיו 14,PrimeShow2_middle_short,PrimeShow2,middle,short,late_evening,2024-11-14,21,1.35,81.0,4,0.1108737668460708,-0.1108737668460708,0.8275862068965516,0.9246238870125882,1.0,1,"('עכשיו 14', '2024-11-14', 41)","('עכשיו 14', '2024-11-14', 41)",2024-11-14 21:57:00
עכשיו 14,Other_first_short,Other,first,short,morning,2024-11-15,7,0.36666666666666664,22.0,2,0.06522233106506417,-0.06522233106506417,0.9411764705882355,1.0046082949308757,1.0,1,"('עכשיו 14', '2024-11-15', 12)","('עכשיו 14', '2024-11-15', 12)",2024-11-15 07:45:00
עכשיו 14,Other_last_short,Other,last,short,morning,2024-11-15,8,0.85,51.0,2,-0.047337867177153596,0.047337867177153596,1.024390243902439,0.9770276605719643,2.0,0,"('עכשיו 14', '2024-11-15', 12)","('עכשיו 14', '2024-11-15', 12)",2024-11-15 08:51:00
עכשיו 14,Other_middle_short,Other,middle,short,afternoon,2024-11-15,15,0.9166666666666666,55.0,2,1.5817244233825662,-1.5817244233825662,0.19607843137254902,0.9535951045385008,,0,,cd:עכשיו 14|2024-11-15,2024-11-15 15:51:00
עכשיו 14,Other_middle_short,Other,middle,short,early_evening,2024-11-16,19,1.0333333333333334,62.0,4,0.05914727382685679,-0.05914727382685679,0.9047619047619048,0.9598903836571999,1.0,1,"('עכשיו 14', '2024-11-16', 8)","('עכשיו 14', '2024-11-16', 8)",2024-11-16 19:01:00
עכשיו 14,PrimeShow2_middle_short,PrimeShow2,middle,short,late_evening,2024-11-16,21,1.3666666666666667,82.0,4,-0.041873553409737106,0.041873553409737106,0.9862542955326463,0.9458090267116978,1.0,1,"('עכשיו 14', '2024-11-16', 12)","('עכשיו 14', '2024-11-16', 12)",2024-11-16 21:57:00
עכשיו 14,Other_first_standard,Other,first,standard,overnight,2024-11-17,0,1.65,99.0,3,0.26180348644709917,-0.26180348644709917,0.7534246575342465,0.9789029535864979,1.0,1,"('עכשיו 14', '2024-11-17', 0)","('עכשיו 14', '2024-11-17', 0)",2024-11-17 00:20:00
עכשיו 14,Other_middle_short,Other,middle,short,overnight,2024-11-17,1,0.9333333333333333,56.0,2,-0.02437955947715068,0.02437955947715068,1.0,0.9759152215799614,1.0,1,"('עכשיו 14', '2024-11-17', 2)","('עכשיו 14', '2024-11-17', 2)",2024-11-17 01:15:00
עכשיו 14,Other_middle_standard,Other,middle,standard,overnight,2024-11-17,3,1.9166666666666667,115.0,4,-0.06443186015938901,0.06443186015938901,1.0,0.9375999999999999,1.0,1,"('עכשיו 14', '2024-11-17', 7)","('עכשיו 14', '2024-11-17', 7)",2024-11-17 03:02:00
עכשיו 14,PrimeShow1_middle_short,PrimeShow1,middle,short,morning,2024-11-17,6,0.7,42.0,2,-0.022947312556471054,0.022947312556471054,1.074074074074074,1.0497076023391814,1.0,1,"('עכשיו 14', '2024-11-17', 16)","('עכשיו 14', '2024-11-17', 16)",2024-11-17 06:28:00
עכשיו 14,Other_last_short,Other,last,short,morning,2024-11-17,8,0.45,27.0,2,0.007165841618811349,-0.007165841618811349,0.9473684210526316,0.9541814946619217,3.0,0,"('עכשיו 14', '2024-11-17', 18)","('עכשיו 14', '2024-11-17', 18)",2024-11-17 08:40:00
עכשיו 14,Other_last_short,Other,last,short,morning,2024-11-17,8,0.4166666666666667,25.0,2,-0.11614102784601502,0.11614102784601502,1.1111111111111112,0.9892773892773895,4.0,0,"('עכשיו 14', '2024-11-17', 18)","('עכשיו 14', '2024-11-17', 18)",2024-11-17 08:43:00
עכשיו 14,PrimeShow2_first_standard,PrimeShow2,first,standard,early_evening,2024-11-17,17,1.6666666666666667,100.0,2,-0.06971789333312345,0.06971789333312345,1.128,1.0520369736391646,1.0,1,"('עכשיו 14', '2024-11-17', 37)","('עכשיו 14', '2024-11-17', 37)",2024-11-17 17:56:00
עכשיו 14,PrimeShow1_first_standard,PrimeShow1,first,standard,early_evening,2024-11-17,19,1.6666666666666667,100.0,2,-0.06159283294805619,0.06159283294805619,1.1990049751243783,1.1273831971506392,1.0,1,"('עכשיו 14', '2024-11-17', 42)","('עכשיו 14', '2024-11-17', 42)",2024-11-17 19:49:00
עכשיו 14,Other_middle_short,Other,middle,short,late_evening,2024-11-17,22,0.45,27.0,2,0.13998439757146994,-0.13998439757146994,0.7936507936507936,0.9129014697876974,1.0,1,"('עכשיו 14', '2024-11-17', 49)","('עכשיו 14', '2024-11-17', 49)",2024-11-17 22:59:00
עכשיו 14,PrimeShow1_first_standard,PrimeShow1,first,standard,late_evening,2024-11-17,23,1.6166666666666667,97.0,4,0.04280052867430845,-0.04280052867430845,0.8452380952380955,0.8822000866175834,1.0,1,"('עכשיו 14', '2024-11-17', 51)","('עכשיו 14', '2024-11-17', 51)",2024-11-17 23:57:00
עכשיו 14,Other_first_short,Other,first,short,overnight,2024-11-18,0,1.4833333333333334,89.0,3,0.04165581279232543,-0.04165581279232543,0.8793103448275862,0.916712328767123,1.0,1,"('עכשיו 14', '2024-11-18', 0)","('עכשיו 14', '2024-11-18', 0)",2024-11-18 00:13:00
עכשיו 14,Other_middle_standard,Other,middle,standard,overnight,2024-11-18,1,1.5,90.0,3,-0.0044395189453650275,0.0044395189453650275,1.0,0.9955703211517166,1.0,1,"('עכשיו 14', '2024-11-18', 2)","('עכשיו 14', '2024-11-18', 2)",2024-11-18 01:36:00
עכשיו 14,Other_middle_standard,Other,middle,standard,overnight,2024-11-18,2,1.5666666666666667,94.0,4,-0.07935166478105378,0.07935166478105378,1.074074074074074,0.9921383647798743,1.0,1,"('עכשיו 14', '2024-11-18', 6)","('עכשיו 14', '2024-11-18', 6)",2024-11-18 02:58:00
עכשיו 14,Other_last_short,Other,last,short,overnight,2024-11-18,3,1.15,69.0,3,0.3046934182783177,-0.3046934182783177,0.6999999999999998,0.9493464052287581,2.0,0,"('עכשיו 14', '2024-11-18', 6)","('עכשיו 14', '2024-11-18', 6)",2024-11-18 03:19:00
עכשיו 14,Other_first_standard,Other,first,standard,morning,2024-11-18,7,1.6,96.0,5,0.08412851519611685,-0.08412851519611685,0.923076923076923,1.0040941658137155,1.0,1,"('עכשיו 14', '2024-11-18', 19)","('עכשיו 14', '2024-11-18', 19)",2024-11-18 07:42:00
עכשיו 14,Other_last_short,Other,last,short,morning,2024-11-18,8,1.0666666666666667,64.0,3,-0.014391533725413248,0.014391533725413248,0.9540229885057473,0.940391459074733,2.0,0,"('עכשיו 14', '2024-11-18', 19)","('עכשיו 14', '2024-11-18', 19)",2024-11-18 08:41:00
עכשיו 14,Other_first_long,Other,first,long,early_evening,2024-11-18,19,3.216666666666667,193.0,8,3.914001558249364e-05,-3.914001558249364e-05,0.9896907216494848,0.9897294589178357,1.0,1,"('עכשיו 14', '2024-11-18', 41)","('עכשיו 14', '2024-11-18', 41)",2024-11-18 19:00:00
עכשיו 14,PrimeShow1_first_standard,PrimeShow1,first,standard,early_evening,2024-11-18,19,1.6666666666666667,100.0,2,-0.004749633766819278,0.004749633766819278,1.095890410958904,1.0906976744186045,1.0,1,"('עכשיו 14', '2024-11-18', 43)","('עכשיו 14', '2024-11-18', 43)",2024-11-18 19:48:00
עכשיו 14,News_last_standard,News,last,standard,late_evening,2024-11-18,20,2.7333333333333334,164.0,5,0.12131048425892385,-0.12131048425892385,0.9112627986348124,1.0287932707861533,1.0,1,"('עכשיו 14', '2024-11-18', 44)","('עכשיו 14', '2024-11-18', 44)",2024-11-18 20:43:00
עכשיו 14,Other_middle_short,Other,middle,short,late_evening,2024-11-18,22,1.2,72.0,2,0.06663499383290375,-0.06663499383290375,0.8089171974522293,0.8646558391337974,1.0,1,"('עכשיו 14', '2024-11-18', 49)","('עכשיו 14', '2024-11-18', 49)",2024-11-18 22:57:00
עכשיו 14,Other_middle_short,Other,middle,short,overnight,2024-11-19,0,1.2333333333333334,74.0,3,-0.09057477708585536,0.09057477708585536,1.0,0.9134060295060937,1.0,1,"('עכשיו 14', '2024-11-19', 0)","('עכשיו 14', '2024-11-19', 0)",2024-11-19 00:36:00
עכשיו 14,Other_last_short,Other,last,short,overnight,2024-11-19,3,1.4166666666666667,85.0,3,0.30452866006062856,-0.30452866006062856,0.7058823529411766,0.9571663920922571,1.0,1,"('עכשיו 14', '2024-11-19', 7)","('עכשיו 14', '2024-11-19', 7)",2024-11-19 03:07:00
עכשיו 14,PrimeShow1_middle_short,PrimeShow1,middle,short,morning,2024-11-19,6,0.75,45.0,2,-0.0027137058715959173,0.0027137058715959173,1.0789473684210524,1.0760233918128657,1.0,1,"('עכשיו 14', '2024-11-19', 16)","('עכשיו 14', '2024-11-19', 16)",2024-11-19 06:28:00
עכשיו 14,Other_last_short,Other,last,short,morning,2024-11-19,8,0.7,42.0,3,-0.2385962227965246,0.2385962227965246,1.1971830985915493,0.9430604982206405,1.0,1,"('עכשיו 14', '2024-11-19', 18)","('עכשיו 14', '2024-11-19', 18)",2024-11-19 08:40:00
עכשיו 14,News_middle_short,News,middle,short,afternoon,2024-11-19,12,1.15,69.0,4,-0.10377823684669679,0.10377823684669679,1.1363636363636362,1.0243467933491686,3.0,0,"('עכשיו 14', '2024-11-19', 25)","('עכשיו 14', '2024-11-19', 25)",2024-11-19 12:40:00
עכשיו 14,News_middle_short,News,middle,short,afternoon,2024-11-19,12,1.1,66.0,4,0.1591661793512496,-0.1591661793512496,0.8400000000000001,0.9849275362318841,4.0,0,"('עכשיו 14', '2024-11-19', 25)","('עכשיו 14', '2024-11-19', 25)",2024-11-19 12:43:00
עכשיו 14,Other_middle_standard,Other,middle,standard,afternoon,2024-11-19,16,1.6666666666666667,100.0,4,0.11132825710220727,-0.11132825710220727,0.9157894736842105,1.0236344537815125,4.0,0,"('עכשיו 14', '2024-11-19', 33)","('עכשיו 14', '2024-11-19', 33)",2024-11-19 16:36:00
עכשיו 14,PrimeShow2_first_standard,PrimeShow2,first,standard,early_evening,2024-11-19,17,1.6833333333333333,101.0,2,-0.013696040429858412,0.013696040429858412,1.0592592592592593,1.0448504983388704,1.0,1,"('עכשיו 14', '2024-11-19', 38)","('עכשיו 14', '2024-11-19', 38)",2024-11-19 17:58:00
עכשיו 14,Other_first_long,Other,first,long,early_evening,2024-11-19,19,3.45,207.0,10,0.016563999590814834,-0.016563999590814834,0.9944134078212292,1.0110220440881765,1.0,1,"('עכשיו 14', '2024-11-19', 41)","('עכשיו 14', '2024-11-19', 41)",2024-11-19 19:00:00
עכשיו 14,PrimeShow1_first_standard,PrimeShow1,first,standard,early_evening,2024-11-19,19,1.6666666666666667,100.0,2,0.08162274288156722,-0.08162274288156722,1.0052083333333333,1.0906976744186045,1.0,1,"('עכשיו 14', '2024-11-19', 43)","('עכשיו 14', '2024-11-19', 43)",2024-11-19 19:48:00
עכשיו 14,Other_middle_standard,Other,middle,standard,overnight,2024-11-20,3,1.95,117.0,5,-0.08324271040420733,0.08324271040420733,1.0,0.9201277955271565,1.0,1,"('עכשיו 14', '2024-11-20', 8)","('עכשיו 14', '2024-11-20', 8)",2024-11-20 03:03:00
עכשיו 14,PrimeShow1_middle_short,PrimeShow1,middle,short,morning,2024-11-20,6,0.9166666666666666,55.0,2,-0.12542613690450535,0.12542613690450535,1.1842105263157896,1.0446168768186228,1.0,1,"('עכשיו 14', '2024-11-20', 17)","('עכשיו 14', '2024-11-20', 17)",2024-11-20 06:27:00
עכשיו 14,Other_first_short,Other,first,short,morning,2024-11-20,7,0.5833333333333334,35.0,2,-0.055751317824767076,0.055751317824767076,1.0454545454545454,0.9887640449438203,1.0,1,"('עכשיו 14', '2024-11-20', 19)","('עכשיו 14', '2024-11-20', 19)",2024-11-20 07:40:00
עכשיו 14,PrimeShow2_first_standard,PrimeShow2,first,standard,early_evening,2024-11-20,17,1.6833333333333333,101.0,2,0.05463430293053847,-0.05463430293053847,0.9931506849315067,1.0489203778677463,1.0,1,"('עכשיו 14', '2024-11-20', 38)","('עכשיו 14', '2024-11-20', 38)",2024-11-20 17:57:00
עכשיו 14,Other_first_standard,Other,first,standard,early_evening,2024-11-20,18,1.9,114.0,4,0.2760404557673376,-0.2760404557673376,0.8222222222222222,1.0836076366030283,1.0,1,"('עכשיו 14', '2024-11-20', 39)","('עכשיו 14', '2024-11-20', 39)",2024-11-20 18:15:00
עכשיו 14,Other_first_long,Other,first,long,early_evening,2024-11-20,18,4.683333333333334,281.0,16,0.026858364253196404,-0.026858364253196404,0.9939393939393938,1.020996711358462,1.0,1,"('עכשיו 14', '2024-11-20', 41)","('עכשיו 14', '2024-11-20', 41)",2024-11-20 18:59:00
עכשיו 14,PrimeShow1_first_standard,PrimeShow1,first,standard,early_evening,2024-11-20,19,1.8,108.0,2,0.0711514430142717,-0.0711514430142717,1.0157894736842106,1.0906976744186045,1.0,1,"('עכשיו 14', '2024-11-20', 43)","('עכשיו 14', '2024-11-20', 43)",2024-11-20 19:48:00
עכשיו 14,News_last_short,News,last,short,late_evening,2024-11-20,20,1.3166666666666667,79.0,2,0.08636297766833793,-0.08636297766833793,0.9186046511627907,1.0014646053702194,1.0,1,"('עכשיו 14', '2024-11-20', 44)","('עכשיו 14', '2024-11-20', 44)",2024-11-20 20:37:00
עכשיו 14,News_first_short,News,first,short,late_evening,2024-11-20,22,0.6833333333333333,41.0,2,0.08294776715751588,-0.08294776715751588,0.8164556962025317,0.887066913514943,1.0,1,"('עכשיו 14', '2024-11-20', 49)","('עכשיו 14', '2024-11-20', 49)",2024-11-20 22:58:00
עכשיו 14,PrimeShow2_middle_short,PrimeShow2,middle,short,late_evening,2024-11-20,23,1.0,60.0,3,0.07574001068055783,-0.07574001068055783,0.8125,0.876429199648197,1.0,1,"('עכשיו 14', '2024-11-20', 51)","('עכשיו 14', '2024-11-20', 51)",2024-11-20 23:58:00
עכשיו 14,Other_middle_short,Other,middle,short,overnight,2024-11-21,1,0.9166666666666666,55.0,2,-0.12164870850600044,0.12164870850600044,1.0740740740740742,0.9510489510489509,1.0,1,"('עכשיו 14', '2024-11-21', 2)","('עכשיו 14', '2024-11-21', 2)",2024-11-21 01:26:00
עכשיו 14,Other_middle_long,Other,middle,long,overnight,2024-11-21,3,3.1333333333333333,188.0,7,-0.05605951263046274,0.05605951263046274,1.0,0.9454828660436139,1.0,1,"('עכשיו 14', '2024-11-21', 6)","('עכשיו 14', '2024-11-21', 6)",2024-11-21 03:00:00
עכשיו 14,Other_first_short,Other,first,short,overnight,2024-11-21,3,0.9833333333333333,59.0,2,-0.04196419909903208,0.04196419909903208,1.0,0.9589041095890412,1.0,1,"('עכשיו 14', '2024-11-21', 8)","('עכשיו 14', '2024-11-21', 8)",2024-11-21 03:33:00
עכשיו 14,PrimeShow1_middle_standard,PrimeShow1,middle,standard,morning,2024-11-21,6,1.5833333333333333,95.0,4,-0.05471380367386307,0.05471380367386307,1.0980392156862744,1.0395752895752897,1.0,1,"('עכשיו 14', '2024-11-21', 16)","('עכשיו 14', '2024-11-21', 16)",2024-11-21 06:26:00
עכשיו 14,Other_last_short,Other,last,short,morning,2024-11-21,8,0.9333333333333333,56.0,4,0.08733359650652721,-0.08733359650652721,0.9032258064516128,0.9856547894493289,3.0,0,"('עכשיו 14', '2024-11-21', 18)","('עכשיו 14', '2024-11-21', 18)",2024-11-21 08:44:00
עכשיו 14,PrimeShow2_first_standard,PrimeShow2,first,standard,early_evening,2024-11-21,17,1.6666666666666667,100.0,2,0.13843384016184931,-0.13843384016184931,0.9160305343511449,1.0520369736391646,1.0,1,"('עכשיו 14', '2024-11-21', 37)","('עכשיו 14', '2024-11-21', 37)",2024-11-21 17:56:00
עכשיו 14,News_first_short,News,first,short,early_evening,2024-11-21,18,0.6333333333333333,38.0,2,0.009858285540510804,-0.009858285540510804,1.0638297872340425,1.0743691899070387,3.0,0,"('עכשיו 14', '2024-11-21', 38)","('עכשיו 14', '2024-11-21', 38)",2024-11-21 18:15:00
עכשיו 14,PrimeShow2_first_long,PrimeShow2,first,long,early_evening,2024-11-21,19,4.233333333333333,254.0,11,0.20620439422864317,-0.20620439422864317,0.8322147651006714,1.0227955911823647,1.0,1,"('עכשיו 14', '2024-11-21', 40)","('עכשיו 14', '2024-11-21', 40)",2024-11-21 19:00:00
עכשיו 14,PrimeShow1_first_standard,PrimeShow1,first,standard,early_evening,2024-11-21,19,1.6666666666666667,100.0,2,-0.033431568392905786,0.033431568392905786,1.1277777777777778,1.0906976744186045,1.0,1,"('עכשיו 14', '2024-11-21', 42)","('עכשיו 14', '2024-11-21', 42)",2024-11-21 19:48:00
עכשיו 14,News_middle_standard,News,middle,standard,late_evening,2024-11-21,20,2.9166666666666665,175.0,6,0.2260635438041651,-0.2260635438041651,0.7718631178707223,0.967650307716585,1.0,1,"('עכשיו 14', '2024-11-21', 43)","('עכשיו 14', '2024-11-21', 43)",2024-11-21 20:34:00
עכשיו 14,Other_middle_short,Other,middle,short,overnight,2024-11-22,4,0.9166666666666666,55.0,2,0.13102826240640417,-0.13102826240640417,0.8666666666666667,0.9880000000000001,1.0,1,"('עכשיו 14', '2024-11-22', 5)","('עכשיו 14', '2024-11-22', 5)",2024-11-22 04:47:00
עכשיו 14,Other_middle_short,Other,middle,short,overnight,2024-11-22,5,0.9166666666666666,55.0,2,-0.045511646082877485,0.045511646082877485,1.0,0.9555084745762707,1.0,1,"('עכשיו 14', '2024-11-22', 7)","('עכשיו 14', '2024-11-22', 7)",2024-11-22 05:22:00
עכשיו 14,Other_first_standard,Other,first,standard,morning,2024-11-22,6,1.75,105.0,4,-0.00735792738719044,0.00735792738719044,1.0263157894736843,1.0187919463087247,1.0,1,"('עכשיו 14', '2024-11-22', 10)","('עכשיו 14', '2024-11-22', 10)",2024-11-22 06:00:00
עכשיו 14,Other_middle_short,Other,middle,short,afternoon,2024-11-22,15,1.0666666666666667,64.0,2,1.4340884245765018,-1.4340884245765018,0.22727272727272727,0.9535951045385008,,0,,cd:עכשיו 14|2024-11-22,2024-11-22 15:51:00
עכשיו 14,Other_middle_long,Other,middle,long,early_evening,2024-11-23,19,3.3833333333333333,203.0,10,0.06336733224710835,-0.06336733224710835,0.9705882352941175,1.0340823024488766,1.0,1,"('עכשיו 14', '2024-11-23', 8)","('עכשיו 14', '2024-11-23', 8)",2024-11-23 19:02:00
עכשיו 14,News_first_short,News,first,short,late_evening,2024-11-23,22,1.3166666666666667,79.0,3,-0.027679819861998134,0.027679819861998134,0.9,0.875429780481354,1.0,1,"('עכשיו 14', '2024-11-23', 15)","('עכשיו 14', '2024-11-23', 15)",2024-11-23 22:58:00
עכשיו 14,Other_middle_short,Other,middle,short,overnight,2024-11-24,1,1.4666666666666666,88.0,5,0.2574625868907905,-0.2574625868907905,0.7499999999999999,0.970232558139535,1.0,1,"('עכשיו 14', '2024-11-24', 2)","('עכשיו 14', '2024-11-24', 2)",2024-11-24 01:07:00
עכשיו 14,Other_middle_standard,Other,middle,standard,overnight,2024-11-24,3,2.9166666666666665,175.0,7,-0.06335451583268498,0.06335451583268498,1.0,0.9386106623586429,1.0,1,"('עכשיו 14', '2024-11-24', 7)","('עכשיו 14', '2024-11-24', 7)",2024-11-24 03:18:00
עכשיו 14,Other_middle_short,Other,middle,short,overnight,2024-11-24,4,1.2333333333333334,74.0,3,-0.04748053823299453,0.04748053823299453,1.0,0.9536290322580645,1.0,1,"('עכשיו 14', '2024-11-24', 11)","('עכשיו 14', '2024-11-24', 11)",2024-11-24 04:57:00
עכשיו 14,PrimeShow1_first_standard,PrimeShow1,first,standard,early_evening,2024-11-24,19,1.6666666666666667,100.0,2,-0.05628328388200228,0.05628328388200228,1.153846153846154,1.0906976744186045,1.0,1,"('עכשיו 14', '2024-11-24', 40)","('עכשיו 14', '2024-11-24', 40)",2024-11-24 19:48:00
עכשיו 14,News_middle_long,News,middle,long,late_evening,2024-11-24,20,3.933333333333333,236.0,8,0.02246349251234238,-0.02246349251234238,0.9368421052631579,0.9581249999999999,1.0,1,"('עכשיו 14', '2024-11-24', 41)","('עכשיו 14', '2024-11-24', 41)",2024-11-24 20:33:00
עכשיו 14,News_first_short,News,first,short,late_evening,2024-11-24,22,0.8,48.0,2,-0.02704846670739436,0.02704846670739436,0.9379310344827586,0.9129014697876974,1.0,1,"('עכשיו 14', '2024-11-24', 46)","('עכשיו 14', '2024-11-24', 46)",2024-11-24 22:59:00
עכשיו 14,Other_middle_short,Other,middle,short,overnight,2024-11-25,1,0.8,48.0,2,0.16669684824030526,-0.16669684824030526,0.8235294117647057,0.972914409534128,1.0,1,"('עכשיו 14', '2024-11-25', 4)","('עכשיו 14', '2024-11-25', 4)",2024-11-25 01:33:00
עכשיו 14,Other_middle_standard,Other,middle,standard,overnight,2024-11-25,3,1.9166666666666667,115.0,5,0.03885492640287613,-0.03885492640287613,0.8749999999999999,0.9096671949286848,1.0,1,"('עכשיו 14', '2024-11-25', 8)","('עכשיו 14', '2024-11-25', 8)",2024-11-25 03:05:00
עכשיו 14,Other_middle_standard,Other,middle,standard,overnight,2024-11-25,3,1.9,114.0,5,-0.029908771392573148,0.029908771392573148,1.0,0.9705340699815838,1.0,1,"('עכשיו 14', '2024-11-25', 10)","('עכשיו 14', '2024-11-25', 10)",2024-11-25 03:52:00
עכשיו 14,Other_middle_standard,Other,middle,standard,overnight,2024-11-25,4,1.9166666666666667,115.0,5,-0.013371736965889083,0.013371736965889083,1.0,0.9867172675521824,1.0,1,"('עכשיו 14', '2024-11-25', 12)","('עכשיו 14', '2024-11-25', 12)",2024-11-25 04:21:00
עכשיו 14,Other_middle_standard,Other,middle,standard,overnight,2024-11-25,4,1.9,114.0,5,-0.03410561248651082,0.03410561248651082,1.0,0.9664694280078896,1.0,1,"('עכשיו 14', '2024-11-25', 14)","('עכשיו 14', '2024-11-25', 14)",2024-11-25 04:54:00
עכשיו 14,News_first_short,News,first,short,early_evening,2024-11-25,17,0.4,24.0,4,-0.03636764417087512,0.03636764417087512,1.0526315789473686,1.0150375939849623,1.0,1,"('עכשיו 14', '2024-11-25', 38)","('עכשיו 14', '2024-11-25', 38)",2024-11-25 17:17:00
עכשיו 14,Other_first_short,Other,first,short,early_evening,2024-11-25,18,1.0333333333333334,62.0,5,-0.06987782729691773,0.06987782729691773,0.9999999999999998,0.9325077399380806,1.0,1,"('עכשיו 14', '2024-11-25', 41)","('עכשיו 14', '2024-11-25', 41)",2024-11-25 18:11:00
עכשיו 14,Other_first_long,Other,first,long,early_evening,2024-11-25,19,3.0166666666666666,181.0,10,0.22718995677719997,-0.22718995677719997,0.8011363636363634,1.00548081714001,1.0,1,"('עכשיו 14', '2024-11-25', 43)","('עכשיו 14', '2024-11-25', 43)",2024-11-25 19:01:00
עכשיו 14,PrimeShow1_first_standard,PrimeShow1,first,standard,early_evening,2024-11-25,19,1.8,108.0,2,0.13632103299032766,-0.13632103299032766,0.9431279620853079,1.0808715692436623,1.0,1,"('עכשיו 14', '2024-11-25', 45)","('עכשיו 14', '2024-11-25', 45)",2024-11-25 19:49:00
עכשיו 14,News_middle_standard,News,middle,standard,late_evening,2024-11-25,20,1.85,111.0,9,-0.034811785636450376,0.034811785636450376,0.9906103286384977,0.9567187499999998,1.0,1,"('עכשיו 14', '2024-11-25', 46)","('עכשיו 14', '2024-11-25', 46)",2024-11-25 20:33:00
עכשיו 14,News_first_short,News,first,short,late_evening,2024-11-25,22,0.6666666666666666,40.0,3,-0.00944929237764952,0.00944929237764952,0.9215686274509803,0.9129014697876974,1.0,1,"('עכשיו 14', '2024-11-25', 53)","('עכשיו 14', '2024-11-25', 53)",2024-11-25 22:59:00
עכשיו 14,News_last_short,News,last,short,late_evening,2024-11-25,23,0.6333333333333333,38.0,3,-0.04843170268227975,0.04843170268227975,0.9499999999999998,0.9050862851952771,2.0,0,"('עכשיו 14', '2024-11-25', 53)","('עכשיו 14', '2024-11-25', 53)",2024-11-25 23:59:00
עכשיו 14,Other_middle_standard,Other,middle,standard,overnight,2024-11-26,3,1.9,114.0,5,-0.06392917372977039,0.06392917372977039,0.962962962962963,0.9033280507131537,1.0,1,"('עכשיו 14', '2024-11-26', 7)","('עכשיו 14', '2024-11-26', 7)",2024-11-26 03:04:00
עכשיו 14,Other_middle_standard,Other,middle,standard,overnight,2024-11-26,3,1.9166666666666667,115.0,5,0.03837001127296817,-0.03837001127296817,0.9230769230769232,0.9591836734693877,1.0,1,"('עכשיו 14', '2024-11-26', 10)","('עכשיו 14', '2024-11-26', 10)",2024-11-26 03:54:00
עכשיו 14,Other_last_standard,Other,last,standard,morning,2024-11-26,9,1.7833333333333334,107.0,9,-0.038096424521143195,0.038096424521143195,1.0140845070422535,0.9761781460383221,7.0,0,"('עכשיו 14', '2024-11-26', 19)","('עכשיו 14', '2024-11-26', 19)",2024-11-26 09:20:00
עכשיו 14,News_middle_short,News,middle,short,early_evening,2024-11-26,17,0.75,45.0,6,0.18688131765954535,-0.18688131765954535,0.8543046357615894,1.0298507462686566,1.0,1,"('עכשיו 14', '2024-11-26', 36)","('עכשיו 14', '2024-11-26', 36)",2024-11-26 17:23:00
עכשיו 14,Other_first_short,Other,first,short,early_evening,2024-11-26,18,0.18333333333333332,11.0,2,-0.005694569214280326,0.005694569214280326,1.0787878787878789,1.0726621049201694,4.0,0,"('עכשיו 14', '2024-11-26', 39)","('עכשיו 14', '2024-11-26', 39)",2024-11-26 18:17:00
עכשיו 14,PrimeShow1_first_standard,PrimeShow1,first,standard,early_evening,2024-11-26,19,1.6666666666666667,100.0,2,0.07812185279111725,-0.07812185279111725,1.0087336244541485,1.0906976744186045,1.0,1,"('עכשיו 14', '2024-11-26', 43)","('עכשיו 14', '2024-11-26', 43)",2024-11-26 19:48:00
עכשיו 14,Other_first_short,Other,first,short,overnight,2024-11-27,0,1.4666666666666666,88.0,3,-0.31943914181061495,0.31943914181061495,1.277777777777778,0.9283776451437873,1.0,1,"('עכשיו 14', '2024-11-27', 0)","('עכשיו 14', '2024-11-27', 0)",2024-11-27 00:11:00
עכשיו 14,Other_middle_short,Other,middle,short,overnight,2024-11-27,1,0.85,51.0,3,0.28757812775026853,-0.28757812775026853,0.7297297297297297,0.9728718428437793,1.0,1,"('עכשיו 14', '2024-11-27', 2)","('עכשיו 14', '2024-11-27', 2)",2024-11-27 01:08:00
עכשיו 14,Other_last_short,Other,last,short,overnight,2024-11-27,3,1.1166666666666667,67.0,3,-0.0886126583566037,0.0886126583566037,1.0,0.9151999999999999,1.0,1,"('עכשיו 14', '2024-11-27', 7)","('עכשיו 14', '2024-11-27', 7)",2024-11-27 03:06:00
עכשיו 14,Other_middle_short,Other,middle,short,overnight,2024-11-27,4,0.9166666666666666,55.0,2,0.07243810828831727,-0.07243810828831727,0.9230769230769232,0.9924242424242428,1.0,1,"('עכשיו 14', '2024-11-27', 10)","('עכשיו 14', '2024-11-27', 10)",2024-11-27 04:11:00
עכשיו 14,Other_first_short,Other,first,short,morning,2024-11-27,10,0.65,39.0,4,-0.034335268995893016,0.034335268995893016,1.0588235294117647,1.0230855855855854,1.0,1,"('עכשיו 14', '2024-11-27', 22)","('עכשיו 14', '2024-11-27', 22)",2024-11-27 10:00:00
עכשיו 14,News_first_short,News,first,short,early_evening,2024-11-27,17,0.36666666666666664,22.0,2,-0.02060972582095317,0.02060972582095317,1.054263565891473,1.0327578574590528,3.0,0,"('עכשיו 14', '2024-11-27', 36)","('עכשיו 14', '2024-11-27', 36)",2024-11-27 17:18:00
עכשיו 14,PrimeShow1_first_standard,PrimeShow1,first,standard,early_evening,2024-11-27,19,1.6666666666666667,100.0,2,0.048757997934326176,-0.048757997934326176,1.0387931034482758,1.0906976744186045,1.0,1,"('עכשיו 14', '2024-11-27', 43)","('עכשיו 14', '2024-11-27', 43)",2024-11-27 19:48:00
עכשיו 14,News_middle_standard,News,middle,standard,late_evening,2024-11-27,20,2.55,153.0,12,0.08069455982517675,-0.08069455982517675,0.946360153256705,1.0258920113672245,1.0,1,"('עכשיו 14', '2024-11-27', 44)","('עכשיו 14', '2024-11-27', 44)",2024-11-27 20:23:00
עכשיו 14,Other_middle_short,Other,middle,short,late_evening,2024-11-27,21,0.7833333333333333,47.0,4,0.027084154290990953,-0.027084154290990953,0.9353612167300378,0.9610408703322554,1.0,1,"('עכשיו 14', '2024-11-27', 48)","('עכשיו 14', '2024-11-27', 48)",2024-11-27 21:53:00
עכשיו 14,Other_middle_long,Other,middle,long,late_evening,2024-11-27,21,3.8833333333333333,233.0,11,0.05214153439216497,-0.05214153439216497,0.9024390243902441,0.9507419305491815,2.0,0,"('עכשיו 14', '2024-11-27', 48)","('עכשיו 14', '2024-11-27', 48)",2024-11-27 21:56:00
עכשיו 14,Other_middle_short,Other,middle,short,overnight,2024-11-28,3,1.4166666666666667,85.0,3,-0.09119820184532187,0.09119820184532187,1.0,0.9128367670364501,1.0,1,"('עכשיו 14', '2024-11-28', 7)","('עכשיו 14', '2024-11-28', 7)",2024-11-28 03:04:00
עכשיו 14,Other_middle_short,Other,middle,short,overnight,2024-11-28,3,1.1166666666666667,67.0,3,-0.03588675933352406,0.03588675933352406,1.0,0.9647495361781077,1.0,1,"('עכשיו 14', '2024-11-28', 9)","('עכשיו 14', '2024-11-28', 9)",2024-11-28 03:54:00
עכשיו 14,Other_middle_short,Other,middle,short,overnight,2024-11-28,4,1.25,75.0,3,-0.41352966794489465,0.41352966794489465,1.4999999999999996,0.9919678714859437,1.0,1,"('עכשיו 14', '2024-11-28', 11)","('עכשיו 14', '2024-11-28', 11)",2024-11-28 04:46:00
עכשיו 14,Other_last_standard,Other,last,standard,morning,2024-11-28,8,1.5333333333333334,92.0,6,-0.0003813640165713089,0.0003813640165713089,0.9545454545454544,0.9541814946619217,4.0,0,"('עכשיו 14', '2024-11-28', 19)","('עכשיו 14', '2024-11-28', 19)",2024-11-28 08:40:00
עכשיו 14,PrimeShow1_first_standard,PrimeShow1,first,standard,early_evening,2024-11-28,19,2.65,159.0,3,-0.02881404993261935,0.02881404993261935,1.1978609625668448,1.1638382568615127,1.0,1,"('עכשיו 14', '2024-11-28', 43)","('עכשיו 14', '2024-11-28', 43)",2024-11-28 19:49:00
עכשיו 14,News_middle_standard,News,middle,standard,late_evening,2024-11-28,20,2.966666666666667,178.0,12,-0.029403004943326684,0.029403004943326684,1.0462633451957293,1.0159479251423922,1.0,1,"('עכשיו 14', '2024-11-28', 44)","('עכשיו 14', '2024-11-28', 44)",2024-11-28 20:37:00
עכשיו 14,News_first_short,News,first,short,late_evening,2024-11-28,22,1.3333333333333333,80.0,6,-0.18672909633780901,0.18672909633780901,1.069182389937107,0.887066913514943,1.0,1,"('עכשיו 14', '2024-11-28', 49)","('עכשיו 14', '2024-11-28', 49)",2024-11-28 22:58:00
עכשיו 14,Other_middle_standard,Other,middle,standard,overnight,2024-11-29,3,1.6,96.0,4,-0.12299966431958594,0.12299966431958594,1.1538461538461537,1.0203045685279188,1.0,1,"('עכשיו 14', '2024-11-29', 2)","('עכשיו 14', '2024-11-29', 2)",2024-11-29 03:23:00
עכשיו 14,Other_first_standard,Other,first,standard,overnight,2024-11-29,4,1.6,96.0,4,-0.01901197948857189,0.01901197948857189,1.0,0.9811676082862524,1.0,1,"('עכשיו 14', '2024-11-29', 5)","('עכשיו 14', '2024-11-29', 5)",2024-11-29 04:18:00
עכשיו 14,Other_first_standard,Other,first,standard,overnight,2024-11-29,5,1.6,96.0,4,0.5553694970539714,-0.5553694970539714,0.5714285714285716,0.995762711864407,1.0,1,"('עכשיו 14', '2024-11-29', 8)","('עכשיו 14', '2024-11-29', 8)",2024-11-29 05:06:00
עכשיו 14,Other_middle_short,Other,middle,short,overnight,2024-11-29,5,1.1833333333333333,71.0,3,-0.045511646082877485,0.045511646082877485,1.0,0.9555084745762707,1.0,1,"('עכשיו 14', '2024-11-29', 9)","('עכשיו 14', '2024-11-29', 9)",2024-11-29 05:22:00
עכשיו 14,PrimeShow2_first_short,PrimeShow2,first,short,morning,2024-11-29,9,0.9,54.0,4,0.15189715774681473,-0.15189715774681473,0.8571428571428573,0.9977490151941475,1.0,1,"('עכשיו 14', '2024-11-29', 20)","('עכשיו 14', '2024-11-29', 20)",2024-11-29 09:56:00
עכשיו 14,PrimeShow2_last_short,PrimeShow2,last,short,morning,2024-11-29,9,0.6833333333333333,41.0,2,0.3099919771324243,-0.3099919771324243,0.7499999999999999,1.0225606316976876,2.0,0,"('עכשיו 14', '2024-11-29', 20)","('עכשיו 14', '2024-11-29', 20)",2024-11-29 09:59:00
עכשיו 14,PrimeShow2_first_standard,PrimeShow2,first,standard,morning,2024-11-29,11,1.5666666666666667,94.0,5,-0.4725236398075385,0.4725236398075385,1.6315789473684212,1.0171703296703296,1.0,1,"('עכשיו 14', '2024-11-29', 26)","('עכשיו 14', '2024-11-29', 26)",2024-11-29 11:55:00
עכשיו 14,Other_middle_standard,Other,middle,standard,early_evening,2024-11-30,17,1.8166666666666667,109.0,3,-0.15768255057203276,0.15768255057203276,1.2280701754385968,1.0489203778677463,1.0,1,"('עכשיו 14', '2024-11-30', 6)","('עכשיו 14', '2024-11-30', 6)",2024-11-30 17:57:00
עכשיו 14,Other_middle_long,Other,middle,long,early_evening,2024-11-30,19,3.5,210.0,10,-0.2235168674810055,0.2235168674810055,1.2376237623762376,0.9897294589178357,1.0,1,"('עכשיו 14', '2024-11-30', 8)","('עכשיו 14', '2024-11-30', 8)",2024-11-30 19:00:00
עכשיו 14,Other_middle_standard,Other,middle,standard,late_evening,2024-11-30,21,2.25,135.0,5,0.06159144537378795,-0.06159144537378795,0.8893129770992367,0.9458090267116978,1.0,1,"('עכשיו 14', '2024-11-30', 14)","('עכשיו 14', '2024-11-30', 14)",2024-11-30 21:57:00
עכשיו 14,News_first_standard,News,first,standard,late_evening,2024-11-30,22,2.6666666666666665,160.0,6,0.00043549556082878027,-0.00043549556082878027,0.8529411764705883,0.8533127094612014,1.0,1,"('עכשיו 14', '2024-11-30', 16)","('עכשיו 14', '2024-11-30', 16)",2024-11-30 22:57:00
עכשיו 14,News_last_standard,News,last,standard,late_evening,2024-11-30,23,1.75,105.0,3,-0.040942624900300935,0.040942624900300935,1.0,0.9598842018196857,2.0,0,"('עכשיו 14', '2024-11-30', 16)","('עכשיו 14', '2024-11-30', 16)",2024-11-30 23:42:00
קשת 12,Other_middle_short,Other,middle,short,overnight,2024-11-01,2,1.1,66.0,3,-0.0751033926340168,0.0751033926340168,1.0344827586206895,0.9596354166666666,1.0,1,"('קשת 12', '2024-11-01', 6)","('קשת 12', '2024-11-01', 6)",2024-11-01 02:15:00
קשת 12,Other_middle_standard,Other,middle,standard,overnight,2024-11-01,3,2.1666666666666665,130.0,3,-0.06340494837307202,0.06340494837307202,1.0,0.9385633270321362,1.0,1,"('קשת 12', '2024-11-01', 8)","('קשת 12', '2024-11-01', 8)",2024-11-01 03:04:00
קשת 12,Other_middle_long,Other,middle,long,overnight,2024-11-01,4,3.533333333333333,212.0,4,-0.2759284526343043,0.2759284526343043,1.3636363636363635,1.0348189415041784,1.0,1,"('קשת 12', '2024-11-01', 10)","('קשת 12', '2024-11-01', 10)",2024-11-01 04:00:00
קשת 12,PrimeShow1_first_long,PrimeShow1,first,long,morning,2024-11-01,7,5.716666666666667,343.0,12,0.07390998977350668,-0.07390998977350668,0.9512195121951221,1.0241874527588812,3.0,0,"('קשת 12', '2024-11-01', 22)","('קשת 12', '2024-11-01', 22)",2024-11-01 07:26:00
קשת 12,PrimeShow1_first_standard,PrimeShow1,first,standard,morning,2024-11-01,7,1.5666666666666667,94.0,4,-0.028110240399278397,0.028110240399278397,1.0320512820512822,1.0034440344403446,4.0,0,"('קשת 12', '2024-11-01', 22)","('קשת 12', '2024-11-01', 22)",2024-11-01 07:34:00
קשת 12,PrimeShow1_first_long,PrimeShow1,first,long,morning,2024-11-01,7,5.233333333333333,314.0,11,-0.027492062002723507,0.027492062002723507,1.0382775119617227,1.0101219231654013,5.0,0,"('קשת 12', '2024-11-01', 22)","('קשת 12', '2024-11-01', 22)",2024-11-01 07:51:00
קשת 12,PrimeShow1_middle_long,PrimeShow1,middle,long,morning,2024-11-01,8,5.533333333333333,332.0,16,0.15992572479825692,-0.15992572479825692,0.84,0.9856759176365263,8.0,0,"('קשת 12', '2024-11-01', 22)","('קשת 12', '2024-11-01', 22)",2024-11-01 08:28:00
קשת 12,PrimeShow1_middle_short,PrimeShow1,middle,short,morning,2024-11-01,8,1.0333333333333334,62.0,4,-0.04021596200083175,0.04021596200083175,1.0634920634920635,1.0215712988192551,9.0,0,"('קשת 12', '2024-11-01', 22)","('קשת 12', '2024-11-01', 22)",2024-11-01 08:35:00
קשת 12,PrimeShow1_middle_long,PrimeShow1,middle,long,morning,2024-11-01,8,6.15,369.0,14,0.06650408911105819,-0.06650408911105819,0.9069767441860465,0.9693453032625357,10.0,0,"('קשת 12', '2024-11-01', 22)","('קשת 12', '2024-11-01', 22)",2024-11-01 08:51:00
קשת 12,PrimeShow1_last_long,PrimeShow1,last,long,morning,2024-11-01,9,5.016666666666667,301.0,12,0.1518967859664898,-0.1518967859664898,0.8402366863905326,0.9780691838118922,15.0,0,"('קשת 12', '2024-11-01', 22)","('קשת 12', '2024-11-01', 22)",2024-11-01 09:46:00
קשת 12,Other_middle_standard,Other,middle,standard,morning,2024-11-01,11,1.55,93.0,4,0.0471865319383392,-0.0471865319383392,0.9615384615384616,1.0079976303317535,1.0,1,"('קשת 12', '2024-11-01', 48)","('קשת 12', '2024-11-01', 48)",2024-11-01 11:53:00
קשת 12,Other_middle_long,Other,middle,long,afternoon,2024-11-01,12,3.75,225.0,2,-0.06485618623695225,0.06485618623695225,1.1186440677966103,1.0483957219251336,1.0,1,"('קשת 12', '2024-11-01', 55)","('קשת 12', '2024-11-01', 55)",2024-11-01 12:50:00
קשת 12,News_middle_short,News,middle,short,afternoon,2024-11-01,13,0.7,42.0,2,0.05574140707962097,-0.05574140707962097,0.9669421487603304,1.0223713646532437,1.0,1,"('קשת 12', '2024-11-01', 61)","('קשת 12', '2024-11-01', 61)",2024-11-01 13:38:00
קשת 12,News_middle_short,News,middle,short,afternoon,2024-11-01,13,1.0666666666666667,64.0,3,-0.14056191473266247,0.14056191473266247,1.1623931623931625,1.0099683929005592,2.0,0,"('קשת 12', '2024-11-01', 61)","('קשת 12', '2024-11-01', 61)",2024-11-01 13:40:00
קשת 12,Other_middle_short,Other,middle,short,afternoon,2024-11-01,15,1.25,75.0,4,0.058022389864722614,-0.058022389864722614,0.9411764705882352,0.9974011509188787,3.0,0,"('קשת 12', '2024-11-01', 66)","('קשת 12', '2024-11-01', 66)",2024-11-01 15:14:00
קשת 12,Other_first_long,Other,first,long,afternoon,2024-11-01,16,6.133333333333334,368.0,12,-0.09669453502591044,0.09669453502591044,1.1356783919597992,1.0310066339775024,1.0,1,"('קשת 12', '2024-11-01', 71)","('קשת 12', '2024-11-01', 71)",2024-11-01 16:40:00
קשת 12,Other_last_long,Other,last,long,early_evening,2024-11-01,17,5.083333333333333,305.0,11,0.06984341015939392,-0.06984341015939392,0.9290123456790125,0.9962173314993122,5.0,0,"('קשת 12', '2024-11-01', 71)","('קשת 12', '2024-11-01', 71)",2024-11-01 17:38:00
קשת 12,Other_first_long,Other,first,long,early_evening,2024-11-01,18,6.35,381.0,13,0.13439101296635503,-0.13439101296635503,0.903954802259887,1.0339796506047227,1.0,1,"('קשת 12', '2024-11-01', 76)","('קשת 12', '2024-11-01', 76)",2024-11-01 18:30:00
קשת 12,Other_middle_long,Other,middle,long,early_evening,2024-11-01,19,8.05,483.0,17,0.12225034475040765,-0.12225034475040765,0.9246987951807228,1.0449438202247192,2.0,0,"('קשת 12', '2024-11-01', 76)","('קשת 12', '2024-11-01', 76)",2024-11-01 19:04:00
קשת 12,Other_first_short,Other,first,short,early_evening,2024-11-01,19,0.45,27.0,2,-0.10946050141557603,0.10946050141557603,1.2737430167597763,1.1416782416864124,1.0,1,"('קשת 12', '2024-11-01', 80)","('קשת 12', '2024-11-01', 80)",2024-11-01 19:52:00
קשת 12,News_middle_long,News,middle,long,late_evening,2024-11-01,20,10.116666666666667,607.0,22,-0.06305665440444952,0.06305665440444952,1.0424778761061946,0.9787723449001052,1.0,1,"('קשת 12', '2024-11-01', 81)","('קשת 12', '2024-11-01', 81)",2024-11-01 20:41:00
קשת 12,News_middle_long,News,middle,long,late_evening,2024-11-01,21,8.7,522.0,21,0.1908626431984615,-0.1908626431984615,0.8213660245183888,0.9940937130857069,2.0,0,"('קשת 12', '2024-11-01', 81)","('קשת 12', '2024-11-01', 81)",2024-11-01 21:12:00
קשת 12,News_last_long,News,last,long,late_evening,2024-11-01,21,9.0,540.0,18,0.1279661587186915,-0.1279661587186915,0.9049586776859506,1.0284986961380853,3.0,0,"('קשת 12', '2024-11-01', 81)","('קשת 12', '2024-11-01', 81)",2024-11-01 21:34:00
קשת 12,Other_middle_long,Other,middle,long,late_evening,2024-11-01,22,10.6,636.0,21,0.03243697738466865,-0.03243697738466865,0.8701594533029614,0.8988475581926062,1.0,1,"('קשת 12', '2024-11-01', 89)","('קשת 12', '2024-11-01', 89)",2024-11-01 22:24:00
קשת 12,Other_first_long,Other,first,long,late_evening,2024-11-01,22,9.2,552.0,17,0.28353702476202447,-0.28353702476202447,0.6289926289926289,0.8351877607788597,1.0,1,"('קשת 12', '2024-11-01', 91)","('קשת 12', '2024-11-01', 91)",2024-11-01 22:51:00
קשת 12,Other_middle_standard,Other,middle,standard,late_evening,2024-11-01,23,2.55,153.0,8,0.11361851995337027,-0.11361851995337027,0.8237704918032788,0.922890397672163,1.0,1,"('קשת 12', '2024-11-01', 92)","('קשת 12', '2024-11-01', 92)",2024-11-01 23:11:00
קשת 12,Other_middle_long,Other,middle,long,overnight,2024-11-02,0,4.266666666666667,256.0,10,-0.03852007559803319,0.03852007559803319,0.884297520661157,0.8508820286659314,3.0,0,"('קשת 12', '2024-11-02', 0)","('קשת 12', '2024-11-02', 0)",2024-11-02 00:34:00
קשת 12,Other_middle_standard,Other,middle,standard,overnight,2024-11-02,1,2.7666666666666666,166.0,6,-0.09332873402697088,0.09332873402697088,1.0416666666666667,0.9488479262672812,1.0,1,"('קשת 12', '2024-11-02', 3)","('קשת 12', '2024-11-02', 3)",2024-11-02 01:13:00
קשת 12,Other_first_standard,Other,first,standard,overnight,2024-11-02,4,1.6,96.0,2,-0.09440197344932548,0.09440197344932548,1.0285714285714285,0.9359145527369828,1.0,1,"('קשת 12', '2024-11-02', 14)","('קשת 12', '2024-11-02', 14)",2024-11-02 04:17:00
קשת 12,Other_first_short,Other,first,short,overnight,2024-11-02,4,1.1,66.0,2,0.03138631382067066,-0.03138631382067066,1.0,1.0318840579710145,2.0,0,"('קשת 12', '2024-11-02', 14)","('קשת 12', '2024-11-02', 14)",2024-11-02 04:32:00
קשת 12,Other_first_standard,Other,first,standard,overnight,2024-11-02,4,1.6833333333333333,101.0,2,-0.094754006263848,0.094754006263848,1.1666666666666667,1.0611961057023644,3.0,0,"('קשת 12', '2024-11-02', 14)","('קשת 12', '2024-11-02', 14)",2024-11-02 04:48:00
קשת 12,Other_middle_long,Other,middle,long,overnight,2024-11-02,5,3.4166666666666665,205.0,4,0.04251953718193995,-0.04251953718193995,0.9729729729729729,1.015235457063712,4.0,0,"('קשת 12', '2024-11-02', 14)","('קשת 12', '2024-11-02', 14)",2024-11-02 05:04:00
קשת 12,PrimeShow2_middle_long,PrimeShow2,middle,long,morning,2024-11-02,9,5.45,327.0,10,0.028807273116111615,-0.028807273116111615,0.9417475728155338,0.9692712906057945,4.0,0,"('קשת 12', '2024-11-02', 34)","('קשת 12', '2024-11-02', 34)",2024-11-02 09:40:00
קשת 12,PrimeShow1_middle_long,PrimeShow1,middle,long,morning,2024-11-02,11,4.783333333333333,287.0,8,-0.1333390970457336,0.1333390970457336,1.134453781512605,0.9928379588182633,4.0,0,"('קשת 12', '2024-11-02', 44)","('קשת 12', '2024-11-02', 44)",2024-11-02 11:37:00
קשת 12,Other_middle_long,Other,middle,long,afternoon,2024-11-02,12,4.816666666666666,289.0,11,-0.07292434780461984,0.07292434780461984,1.0869565217391304,1.0105121293800539,1.0,1,"('קשת 12', '2024-11-02', 50)","('קשת 12', '2024-11-02', 50)",2024-11-02 12:39:00
קשת 12,Other_first_short,Other,first,short,afternoon,2024-11-02,15,1.1166666666666667,67.0,4,0.08174091948159118,-0.08174091948159118,0.9517241379310345,1.0327868852459017,1.0,1,"('קשת 12', '2024-11-02', 62)","('קשת 12', '2024-11-02', 62)",2024-11-02 15:00:00
קשת 12,Other_last_long,Other,last,long,afternoon,2024-11-02,16,5.033333333333333,302.0,10,-0.10375530000135584,0.10375530000135584,1.2000000000000002,1.0817350250811448,4.0,0,"('קשת 12', '2024-11-02', 65)","('קשת 12', '2024-11-02', 65)",2024-11-02 16:43:00
קשת 12,Other_last_short,Other,last,short,early_evening,2024-11-02,17,0.6333333333333333,38.0,2,0.0657065478391568,-0.0657065478391568,0.9565217391304349,1.0214822771213747,3.0,0,"('קשת 12', '2024-11-02', 68)","('קשת 12', '2024-11-02', 68)",2024-11-02 17:09:00
קשת 12,News_last_long,News,last,long,early_evening,2024-11-02,17,4.55,273.0,8,0.02924654149315786,-0.02924654149315786,1.0105263157894737,1.0405171418677133,1.0,1,"('קשת 12', '2024-11-02', 69)","('קשת 12', '2024-11-02', 69)",2024-11-02 17:44:00
קשת 12,PrimeShow2_first_short,PrimeShow2,first,short,early_evening,2024-11-02,18,1.3166666666666667,79.0,6,-0.10376901289729283,0.10376901289729283,1.1490825688073396,1.0358215136142457,1.0,1,"('קשת 12', '2024-11-02', 71)","('קשת 12', '2024-11-02', 71)",2024-11-02 18:00:00
קשת 12,News_middle_long,News,middle,long,early_evening,2024-11-02,18,6.233333333333333,374.0,11,0.030437376800756876,-0.030437376800756876,0.9720430107526883,1.0020843202273804,1.0,1,"('קשת 12', '2024-11-02', 72)","('קשת 12', '2024-11-02', 72)",2024-11-02 18:33:00
קשת 12,PrimeShow2_first_long,PrimeShow2,first,long,early_evening,2024-11-02,19,8.683333333333334,521.0,22,0.041663612231106456,-0.041663612231106456,0.9258426966292135,0.9652314898216536,1.0,1,"('קשת 12', '2024-11-02', 74)","('קשת 12', '2024-11-02', 74)",2024-11-02 19:01:00
קשת 12,News_first_long,News,first,long,late_evening,2024-11-02,20,10.233333333333333,614.0,21,0.06261841414708098,-0.06261841414708098,0.9010416666666667,0.9592674455320493,1.0,1,"('קשת 12', '2024-11-02', 78)","('קשת 12', '2024-11-02', 78)",2024-11-02 20:26:00
קשת 12,News_middle_long,News,middle,long,late_evening,2024-11-02,20,10.4,624.0,21,0.13098731362839566,-0.13098731362839566,0.846153846153846,0.96457588560286,2.0,0,"('קשת 12', '2024-11-02', 78)","('קשת 12', '2024-11-02', 78)",2024-11-02 20:45:00
קשת 12,News_last_long,News,last,long,late_evening,2024-11-02,21,7.916666666666667,475.0,17,0.1753994990050974,-0.1753994990050974,0.8277777777777778,0.9864811655072844,3.0,0,"('קשת 12', '2024-11-02', 78)","('קשת 12', '2024-11-02', 78)",2024-11-02 21:12:00
קשת 12,Other_last_long,Other,last,long,late_evening,2024-11-02,22,9.433333333333334,566.0,28,-0.049510537840674405,0.049510537840674405,0.9528130671506355,0.906787555113954,1.0,1,"('קשת 12', '2024-11-02', 87)","('קשת 12', '2024-11-02', 87)",2024-11-02 22:43:00
קשת 12,Other_middle_long,Other,middle,long,late_evening,2024-11-02,23,6.283333333333333,377.0,20,0.31517231457750194,-0.31517231457750194,0.6629629629629629,0.9085877222408587,,0,,cd:קשת 12|2024-11-02,2024-11-02 23:54:00
קשת 12,Other_first_short,Other,first,short,overnight,2024-11-03,0,0.9833333333333333,59.0,5,-0.042860988067023445,0.042860988067023445,0.9880239520958084,0.9465709728867624,1.0,1,"('קשת 12', '2024-11-03', 1)","('קשת 12', '2024-11-03', 1)",2024-11-03 00:31:00
קשת 12,News_last_short,News,last,short,overnight,2024-11-03,1,1.4833333333333334,89.0,4,-0.13243694809924605,0.13243694809924605,1.1095890410958906,0.9719535783365572,3.0,0,"('קשת 12', '2024-11-03', 2)","('קשת 12', '2024-11-03', 2)",2024-11-03 01:21:00
קשת 12,News_last_short,News,last,short,overnight,2024-11-03,1,1.2,72.0,3,-0.004430004655908072,0.004430004655908072,0.9629629629629629,0.9587064676616914,4.0,0,"('קשת 12', '2024-11-03', 2)","('קשת 12', '2024-11-03', 2)",2024-11-03 01:25:00
קשת 12,Other_middle_standard,Other,middle,standard,overnight,2024-11-03,2,1.9,114.0,2,0.18510864023024115,-0.18510864023024115,0.8124999999999999,0.9777211966900066,1.0,1,"('קשת 12', '2024-11-03', 6)","('קשת 12', '2024-11-03', 6)",2024-11-03 02:09:00
קשת 12,Other_last_standard,Other,last,standard,overnight,2024-11-03,3,1.6333333333333333,98.0,2,0.08621004903191973,-0.08621004903191973,0.8918918918918919,0.9721936148300718,1.0,1,"('קשת 12', '2024-11-03', 8)","('קשת 12', '2024-11-03', 8)",2024-11-03 03:12:00
קשת 12,Other_first_short,Other,first,short,overnight,2024-11-03,3,1.2333333333333334,74.0,2,-0.030643066112085556,0.030643066112085556,1.0,0.9698216735253771,1.0,1,"('קשת 12', '2024-11-03', 11)","('קשת 12', '2024-11-03', 11)",2024-11-03 03:53:00
קשת 12,Other_middle_short,Other,middle,short,overnight,2024-11-03,4,1.45,87.0,2,0.21020304003847476,-0.21020304003847476,0.8000000000000002,0.9871428571428571,2.0,0,"('קשת 12', '2024-11-03', 11)","('קשת 12', '2024-11-03', 11)",2024-11-03 04:21:00
קשת 12,Other_first_standard,Other,first,standard,overnight,2024-11-03,5,1.8166666666666667,109.0,2,0.09114829675185121,-0.09114829675185121,1.2031250000000002,1.317940953822861,1.0,1,"('קשת 12', '2024-11-03', 19)","('קשת 12', '2024-11-03', 19)",2024-11-03 05:59:00
קשת 12,News_first_long,News,first,long,morning,2024-11-03,7,6.9,414.0,17,0.05982301361153193,-0.05982301361153193,0.9226519337016573,0.9795321637426899,3.0,0,"('קשת 12', '2024-11-03', 24)","('קשת 12', '2024-11-03', 24)",2024-11-03 07:23:00
קשת 12,News_middle_long,News,middle,long,morning,2024-11-03,7,6.883333333333334,413.0,19,0.05334312895334028,-0.05334312895334028,0.9631901840490799,1.0159648310967144,4.0,0,"('קשת 12', '2024-11-03', 24)","('קשת 12', '2024-11-03', 24)",2024-11-03 07:50:00
קשת 12,News_middle_long,News,middle,long,morning,2024-11-03,8,7.583333333333333,455.0,20,-0.16042656862628094,0.16042656862628094,1.1,0.936958405545927,7.0,0,"('קשת 12', '2024-11-03', 24)","('קשת 12', '2024-11-03', 24)",2024-11-03 08:22:00
קשת 12,News_last_long,News,last,long,morning,2024-11-03,8,7.833333333333333,470.0,19,0.2711956296063096,-0.2711956296063096,0.757062146892655,0.992910943730616,8.0,0,"('קשת 12', '2024-11-03', 24)","('קשת 12', '2024-11-03', 24)",2024-11-03 08:41:00
קשת 12,News_last_long,News,last,long,morning,2024-11-03,9,6.216666666666667,373.0,17,0.005267858431785993,-0.005267858431785993,0.9708029197080291,0.9759304657900599,11.0,0,"('קשת 12', '2024-11-03', 24)","('קשת 12', '2024-11-03', 24)",2024-11-03 09:20:00
קשת 12,Other_first_long,Other,first,long,morning,2024-11-03,9,5.85,351.0,13,0.05256879036552843,-0.05256879036552843,0.9448818897637795,0.995881949210707,1.0,1,"('קשת 12', '2024-11-03', 36)","('קשת 12', '2024-11-03', 36)",2024-11-03 09:53:00
קשת 12,News_last_short,News,last,short,afternoon,2024-11-03,15,1.1,66.0,5,-0.005655581790318059,0.005655581790318059,1.0045248868778278,0.9988597491448118,4.0,0,"('קשת 12', '2024-11-03', 54)","('קשת 12', '2024-11-03', 54)",2024-11-03 15:57:00
קשת 12,News_last_long,News,last,long,afternoon,2024-11-03,16,5.4,324.0,14,0.022476790141555368,-0.022476790141555368,1.0576923076923077,1.0817350250811448,1.0,1,"('קשת 12', '2024-11-03', 58)","('קשת 12', '2024-11-03', 58)",2024-11-03 16:43:00
קשת 12,Other_first_standard,Other,first,standard,early_evening,2024-11-03,17,2.5833333333333335,155.0,3,0.0668748662966604,-0.0668748662966604,0.9835616438356166,1.051586421122698,1.0,1,"('קשת 12', '2024-11-03', 63)","('קשת 12', '2024-11-03', 63)",2024-11-03 17:52:00
קשת 12,Other_first_long,Other,first,long,early_evening,2024-11-03,18,8.3,498.0,32,-0.06724132245285419,0.06724132245285419,1.0,0.9349695449659621,1.0,1,"('קשת 12', '2024-11-03', 68)","('קשת 12', '2024-11-03', 68)",2024-11-03 18:59:00
קשת 12,News_first_long,News,first,long,late_evening,2024-11-03,20,10.566666666666666,634.0,23,-0.02825551776870454,0.02825551776870454,0.9486692015209126,0.9222392168858979,1.0,1,"('קשת 12', '2024-11-03', 72)","('קשת 12', '2024-11-03', 72)",2024-11-03 20:23:00
קשת 12,News_middle_long,News,middle,long,late_evening,2024-11-03,20,10.233333333333333,614.0,21,0.03450771224656066,-0.03450771224656066,1.0,1.035110011368956,2.0,0,"('קשת 12', '2024-11-03', 72)","('קשת 12', '2024-11-03', 72)",2024-11-03 20:53:00
קשת 12,News_last_long,News,last,long,late_evening,2024-11-03,21,7.483333333333333,449.0,19,0.07853855062964837,-0.07853855062964837,0.9458204334365324,1.0230987437525327,3.0,0,"('קשת 12', '2024-11-03', 72)","('קשת 12', '2024-11-03', 72)",2024-11-03 21:14:00
קשת 12,Other_middle_long,Other,middle,long,late_evening,2024-11-03,22,9.383333333333333,563.0,30,0.03722958115756613,-0.03722958115756613,0.9579439252336448,0.9942799673140988,1.0,1,"('קשת 12', '2024-11-03', 81)","('קשת 12', '2024-11-03', 81)",2024-11-03 22:38:00
קשת 12,Other_first_long,Other,first,long,late_evening,2024-11-03,23,3.9166666666666665,235.0,16,1.1928180256334378,-1.1928180256334378,0.2907692307692307,0.9584792911601071,1.0,1,"('קשת 12', '2024-11-03', 85)","('קשת 12', '2024-11-03', 85)",2024-11-03 23:13:00
קשת 12,Other_last_standard,Other,last,standard,late_evening,2024-11-03,23,1.6833333333333333,101.0,5,-0.7020470137779742,0.7020470137779742,1.9788359788359788,0.9806514027732987,2.0,0,"('קשת 12', '2024-11-03', 85)","('קשת 12', '2024-11-03', 85)",2024-11-03 23:19:00
קשת 12,Other_first_long,Other,first,long,late_evening,2024-11-03,23,6.283333333333333,377.0,18,0.14222418514989846,-0.14222418514989846,0.71,0.8185128983308043,1.0,1,"('קשת 12', '2024-11-03', 87)","('קשת 12', '2024-11-03', 87)",2024-11-03 23:51:00
קשת 12,Other_first_short,Other,first,short,late_evening,2024-11-03,23,0.36666666666666664,22.0,3,-0.08549135589805204,0.08549135589805204,1.0938967136150235,1.004263997033741,2.0,0,"('קשת 12', '2024-11-03', 87)","('קשת 12', '2024-11-03', 87)",2024-11-03 23:59:00
קשת 12,PrimeShow1_first_short,PrimeShow1,first,short,overnight,2024-11-04,0,1.25,75.0,6,-0.07147449834235048,0.07147449834235048,1.0578947368421054,0.9849211788896505,1.0,1,"('קשת 12', '2024-11-04', 2)","('קשת 12', '2024-11-04', 2)",2024-11-04 00:19:00
קשת 12,Other_last_standard,Other,last,standard,overnight,2024-11-04,1,1.7166666666666666,103.0,3,0.1335533994246252,-0.1335533994246252,0.876543209876543,1.0017857142857145,1.0,1,"('קשת 12', '2024-11-04', 6)","('קשת 12', '2024-11-04', 6)",2024-11-04 01:49:00
קשת 12,Other_first_short,Other,first,short,overnight,2024-11-04,2,1.1833333333333333,71.0,2,0.19102775328714686,-0.19102775328714686,0.8000000000000002,0.968394437420986,1.0,1,"('קשת 12', '2024-11-04', 8)","('קשת 12', '2024-11-04', 8)",2024-11-04 02:07:00
קשת 12,Other_last_standard,Other,last,standard,overnight,2024-11-04,3,1.6,96.0,2,0.019434144825634325,-0.019434144825634325,0.9090909090909091,0.9269311064718162,2.0,0,"('קשת 12', '2024-11-04', 8)","('קשת 12', '2024-11-04', 8)",2024-11-04 03:30:00
קשת 12,Other_first_short,Other,first,short,overnight,2024-11-04,5,1.1833333333333333,71.0,2,0.00907550188286732,-0.00907550188286732,1.0714285714285714,1.0811965811965811,1.0,1,"('קשת 12', '2024-11-04', 16)","('קשת 12', '2024-11-04', 16)",2024-11-04 05:26:00
קשת 12,Other_middle_standard,Other,middle,standard,overnight,2024-11-04,5,2.783333333333333,167.0,4,0.09404382252238505,-0.09404382252238505,1.0,1.0986078886310904,2.0,0,"('קשת 12', '2024-11-04', 16)","('קשת 12', '2024-11-04', 16)",2024-11-04 05:39:00
קשת 12,News_middle_long,News,middle,long,morning,2024-11-04,7,7.533333333333333,452.0,20,0.04734023886963633,-0.04734023886963633,0.9890710382513661,1.03701989819528,5.0,0,"('קשת 12', '2024-11-04', 24)","('קשת 12', '2024-11-04', 24)",2024-11-04 07:50:00
קשת 12,News_middle_long,News,middle,long,morning,2024-11-04,8,6.966666666666667,418.0,25,-0.0035877550845763856,0.0035877550845763856,0.9322033898305083,0.9288648648648647,8.0,0,"('קשת 12', '2024-11-04', 24)","('קשת 12', '2024-11-04', 24)",2024-11-04 08:23:00
קשת 12,News_middle_short,News,middle,short,morning,2024-11-04,8,1.0,60.0,5,-0.04625215513817485,0.04625215513817485,1.0787878787878786,1.0300279329608941,9.0,0,"('קשת 12', '2024-11-04', 24)","('קשת 12', '2024-11-04', 24)",2024-11-04 08:32:00
קשת 12,News_last_long,News,last,long,morning,2024-11-04,8,7.7,462.0,22,0.01714254386445843,-0.01714254386445843,0.9396984924623116,0.9559461805555556,10.0,0,"('קשת 12', '2024-11-04', 24)","('קשת 12', '2024-11-04', 24)",2024-11-04 08:48:00
קשת 12,News_last_long,News,last,long,morning,2024-11-04,9,7.283333333333333,437.0,21,-0.008102624285877392,0.008102624285877392,0.9935897435897436,0.9855715871254163,13.0,0,"('קשת 12', '2024-11-04', 24)","('קשת 12', '2024-11-04', 24)",2024-11-04 09:22:00
קשת 12,Other_first_long,Other,first,long,morning,2024-11-04,9,7.166666666666667,430.0,16,0.25954460718164246,-0.25954460718164246,0.7615894039735099,0.9872785097682873,1.0,1,"('קשת 12', '2024-11-04', 36)","('קשת 12', '2024-11-04', 36)",2024-11-04 09:51:00
קשת 12,Other_last_long,Other,last,long,morning,2024-11-04,10,5.6,336.0,15,0.14355489649851272,-0.14355489649851272,0.8571428571428571,0.9894601542416455,4.0,0,"('קשת 12', '2024-11-04', 36)","('קשת 12', '2024-11-04', 36)",2024-11-04 10:44:00
קשת 12,Other_last_short,Other,last,short,morning,2024-11-04,10,0.4,24.0,3,0.08271108020984184,-0.08271108020984184,0.9019607843137254,0.9797349961028838,5.0,0,"('קשת 12', '2024-11-04', 36)","('קשת 12', '2024-11-04', 36)",2024-11-04 10:51:00
קשת 12,Other_middle_long,Other,middle,long,morning,2024-11-04,11,4.35,261.0,9,0.04346227733551016,-0.04346227733551016,0.9857142857142858,1.0295003010234798,3.0,0,"('קשת 12', '2024-11-04', 41)","('קשת 12', '2024-11-04', 41)",2024-11-04 11:25:00
קשת 12,Other_last_short,Other,last,short,morning,2024-11-04,11,1.2,72.0,3,-0.04806026011755279,0.04806026011755279,1.028985507246377,0.980701754385965,4.0,0,"('קשת 12', '2024-11-04', 41)","('קשת 12', '2024-11-04', 41)",2024-11-04 11:31:00
קשת 12,Other_middle_standard,Other,middle,standard,afternoon,2024-11-04,12,1.9666666666666666,118.0,5,0.0023998202069169736,-0.0023998202069169736,1.0447761194029854,1.0472864051585171,1.0,1,"('קשת 12', '2024-11-04', 46)","('קשת 12', '2024-11-04', 46)",2024-11-04 12:51:00
קשת 12,Other_last_long,Other,last,long,afternoon,2024-11-04,13,4.066666666666666,244.0,10,0.1966357202499721,-0.1966357202499721,0.8490566037735849,1.0335570469798658,4.0,0,"('קשת 12', '2024-11-04', 46)","('קשת 12', '2024-11-04', 46)",2024-11-04 13:38:00
קשת 12,Other_last_short,Other,last,short,afternoon,2024-11-04,13,1.3,78.0,4,-0.13684822327262158,0.13684822327262158,1.1703703703703703,1.0206830206830209,5.0,0,"('קשת 12', '2024-11-04', 46)","('קשת 12', '2024-11-04', 46)",2024-11-04 13:44:00
קשת 12,News_last_short,News,last,short,afternoon,2024-11-04,15,0.8666666666666667,52.0,3,-0.024537617743982734,0.024537617743982734,1.0336134453781511,1.008559670781893,4.0,0,"('קשת 12', '2024-11-04', 54)","('קשת 12', '2024-11-04', 54)",2024-11-04 15:56:00
קשת 12,News_middle_long,News,middle,long,afternoon,2024-11-04,16,7.233333333333333,434.0,15,-0.05274581242851889,0.05274581242851889,1.0840336134453783,1.028337169159954,1.0,1,"('קשת 12', '2024-11-04', 58)","('קשת 12', '2024-11-04', 58)",2024-11-04 16:38:00
קשת 12,PrimeShow2_last_long,PrimeShow2,last,long,early_evening,2024-11-04,17,3.55,213.0,9,-0.14569074115271677,0.14569074115271677,1.1678571428571431,1.0095249024558184,4.0,0,"('קשת 12', '2024-11-04', 60)","('קשת 12', '2024-11-04', 60)",2024-11-04 17:42:00
קשת 12,Other_first_standard,Other,first,standard,early_evening,2024-11-04,17,2.5,150.0,3,0.03552858388213523,-0.03552858388213523,1.0148809523809526,1.051586421122698,1.0,1,"('קשת 12', '2024-11-04', 63)","('קשת 12', '2024-11-04', 63)",2024-11-04 17:52:00
קשת 12,Other_first_long,Other,first,long,early_evening,2024-11-04,19,10.633333333333333,638.0,45,0.01594570738257045,-0.01594570738257045,0.9473684210526316,0.9625959650062489,1.0,1,"('קשת 12', '2024-11-04', 69)","('קשת 12', '2024-11-04', 69)",2024-11-04 19:00:00
קשת 12,News_middle_long,News,middle,long,late_evening,2024-11-04,20,10.866666666666667,652.0,25,0.07732895833324138,-0.07732895833324138,0.9183673469387756,0.9922017156225631,1.0,1,"('קשת 12', '2024-11-04', 74)","('קשת 12', '2024-11-04', 74)",2024-11-04 20:28:00
קשת 12,Other_first_long,Other,first,long,late_evening,2024-11-04,20,9.583333333333334,575.0,22,0.0658958792774362,-0.0658958792774362,0.9705882352941176,1.0367003367003367,1.0,1,"('קשת 12', '2024-11-04', 77)","('קשת 12', '2024-11-04', 77)",2024-11-04 20:57:00
קשת 12,Other_middle_long,Other,middle,long,late_evening,2024-11-04,21,10.533333333333333,632.0,29,0.34826199933680535,-0.34826199933680535,0.7335701598579041,1.0391779461070407,2.0,0,"('קשת 12', '2024-11-04', 77)","('קשת 12', '2024-11-04', 77)",2024-11-04 21:34:00
קשת 12,Other_first_long,Other,first,long,late_evening,2024-11-04,22,11.0,660.0,27,0.33298362381265706,-0.33298362381265706,0.6981132075471699,0.973954805738563,1.0,1,"('קשת 12', '2024-11-04', 85)","('קשת 12', '2024-11-04', 85)",2024-11-04 22:36:00
קשת 12,Other_middle_long,Other,middle,long,late_evening,2024-11-04,23,6.366666666666666,382.0,16,0.29865413159765136,-0.29865413159765136,0.5454545454545455,0.7352963439557944,1.0,1,"('קשת 12', '2024-11-04', 86)","('קשת 12', '2024-11-04', 86)",2024-11-04 23:04:00
קשת 12,Other_last_short,Other,last,short,late_evening,2024-11-04,23,1.15,69.0,5,-0.30000808691567066,0.30000808691567066,1.3333333333333333,0.9877496396952852,2.0,0,"('קשת 12', '2024-11-04', 86)","('קשת 12', '2024-11-04', 86)",2024-11-04 23:12:00
קשת 12,Other_middle_long,Other,middle,long,overnight,2024-11-05,1,7.616666666666666,457.0,23,-0.3598109715970803,0.3598109715970803,1.3333333333333333,0.9304109589041094,1.0,1,"('קשת 12', '2024-11-05', 3)","('קשת 12', '2024-11-05', 3)",2024-11-05 01:36:00
קשת 12,Other_last_standard,Other,last,standard,overnight,2024-11-05,1,1.7,102.0,10,0.028057217706702393,-0.028057217706702393,0.9499999999999998,0.9770318021201412,2.0,0,"('קשת 12', '2024-11-05', 3)","('קשת 12', '2024-11-05', 3)",2024-11-05 01:45:00
קשת 12,Other_last_standard,Other,last,standard,overnight,2024-11-05,3,1.5333333333333334,92.0,3,-0.030544765321858736,0.030544765321858736,1.0,0.9699170124481327,1.0,1,"('קשת 12', '2024-11-05', 7)","('קשת 12', '2024-11-05', 7)",2024-11-05 03:15:00
קשת 12,Other_middle_long,Other,middle,long,overnight,2024-11-05,5,3.2333333333333334,194.0,5,0.04521191197286868,-0.04521191197286868,1.0681818181818181,1.1175847457627117,1.0,1,"('קשת 12', '2024-11-05', 14)","('קשת 12', '2024-11-05', 14)",2024-11-05 05:44:00
קשת 12,News_first_long,News,first,long,morning,2024-11-05,7,7.216666666666667,433.0,22,0.11937337951721708,-0.11937337951721708,0.8376623376623376,0.9438700147710488,3.0,0,"('קשת 12', '2024-11-05', 22)","('קשת 12', '2024-11-05', 22)",2024-11-05 07:21:00
קשת 12,News_first_standard,News,first,standard,morning,2024-11-05,7,1.5666666666666667,94.0,9,0.04312774881465697,-0.04312774881465697,1.0077519379844961,1.0521648408972353,4.0,0,"('קשת 12', '2024-11-05', 22)","('קשת 12', '2024-11-05', 22)",2024-11-05 07:30:00
קשת 12,News_middle_long,News,middle,long,morning,2024-11-05,7,7.1,426.0,20,-0.032595478249451054,0.032595478249451054,1.0652173913043477,1.0310559006211182,5.0,0,"('קשת 12', '2024-11-05', 22)","('קשת 12', '2024-11-05', 22)",2024-11-05 07:51:00
קשת 12,News_last_long,News,last,long,morning,2024-11-05,8,8.383333333333333,503.0,24,-0.13083725242416597,0.13083725242416597,1.091549295774648,0.9576822916666666,10.0,0,"('קשת 12', '2024-11-05', 22)","('קשת 12', '2024-11-05', 22)",2024-11-05 08:48:00
קשת 12,News_last_long,News,last,long,morning,2024-11-05,9,7.8,468.0,29,-0.057305829658508355,0.057305829658508355,1.0379746835443036,0.9801649208825495,13.0,0,"('קשת 12', '2024-11-05', 22)","('קשת 12', '2024-11-05', 22)",2024-11-05 09:20:00
קשת 12,Other_first_long,Other,first,long,morning,2024-11-05,9,7.633333333333334,458.0,15,0.13892469576521055,-0.13892469576521055,0.8606060606060606,0.9888686960472514,1.0,1,"('קשת 12', '2024-11-05', 38)","('קשת 12', '2024-11-05', 38)",2024-11-05 09:51:00
קשת 12,Other_last_long,Other,last,long,morning,2024-11-05,10,6.95,417.0,19,0.1320420635307199,-0.1320420635307199,0.84375,0.9628506444275967,4.0,0,"('קשת 12', '2024-11-05', 38)","('קשת 12', '2024-11-05', 38)",2024-11-05 10:47:00
קשת 12,Other_last_short,Other,last,short,morning,2024-11-05,10,1.1333333333333333,68.0,5,0.051593949787586996,-0.051593949787586996,0.9407407407407408,0.9905511811023622,5.0,0,"('קשת 12', '2024-11-05', 38)","('קשת 12', '2024-11-05', 38)",2024-11-05 10:56:00
קשת 12,PrimeShow1_last_long,PrimeShow1,last,long,morning,2024-11-05,11,6.016666666666667,361.0,19,0.019216452627262334,-0.019216452627262334,0.9789473684210527,0.9979411764705883,3.0,0,"('קשת 12', '2024-11-05', 43)","('קשת 12', '2024-11-05', 43)",2024-11-05 11:34:00
קשת 12,PrimeShow1_last_short,PrimeShow1,last,short,morning,2024-11-05,11,0.9,54.0,3,-0.08216384574708716,0.08216384574708716,1.0645161290322578,0.9805481874447391,4.0,0,"('קשת 12', '2024-11-05', 43)","('קשת 12', '2024-11-05', 43)",2024-11-05 11:42:00
קשת 12,Other_first_long,Other,first,long,afternoon,2024-11-05,12,6.8,408.0,18,0.07122822288877083,-0.07122822288877083,0.9519999999999998,1.022282608695652,1.0,1,"('קשת 12', '2024-11-05', 48)","('קשת 12', '2024-11-05', 48)",2024-11-05 12:32:00
קשת 12,Other_middle_long,Other,middle,long,afternoon,2024-11-05,14,6.05,363.0,16,0.006687683952386685,-0.006687683952386685,0.9939759036144576,1.0006455777921242,1.0,1,"('קשת 12', '2024-11-05', 54)","('קשת 12', '2024-11-05', 54)",2024-11-05 14:42:00
קשת 12,Other_last_standard,Other,last,standard,afternoon,2024-11-05,14,1.5,90.0,4,0.10614636360253162,-0.10614636360253162,0.9151515151515152,1.0176344086021505,2.0,0,"('קשת 12', '2024-11-05', 54)","('קשת 12', '2024-11-05', 54)",2024-11-05 14:50:00
קשת 12,News_last_short,News,last,short,afternoon,2024-11-05,15,0.9666666666666667,58.0,4,-0.007737276354875285,0.007737276354875285,1.016393442622951,1.008559670781893,4.0,0,"('קשת 12', '2024-11-05', 56)","('קשת 12', '2024-11-05', 56)",2024-11-05 15:56:00
קשת 12,Other_first_short,Other,first,short,afternoon,2024-11-05,16,1.25,75.0,7,-0.012977594866285844,0.012977594866285844,1.0,0.9871062510200749,1.0,1,"('קשת 12', '2024-11-05', 60)","('קשת 12', '2024-11-05', 60)",2024-11-05 16:01:00
קשת 12,News_middle_long,News,middle,long,afternoon,2024-11-05,16,7.116666666666666,427.0,17,0.05463142412854946,-0.05463142412854946,0.9603174603174605,1.014240506329114,1.0,1,"('קשת 12', '2024-11-05', 61)","('קשת 12', '2024-11-05', 61)",2024-11-05 16:38:00
קשת 12,Other_first_standard,Other,first,standard,early_evening,2024-11-05,17,2.65,159.0,3,-0.03678368214766541,0.03678368214766541,1.0781893004115226,1.0392500822278257,1.0,1,"('קשת 12', '2024-11-05', 67)","('קשת 12', '2024-11-05', 67)",2024-11-05 17:53:00
קשת 12,Other_first_long,Other,first,long,early_evening,2024-11-05,18,10.983333333333333,659.0,45,-0.05469562896105601,0.05469562896105601,1.0201729106628243,0.9658724471515584,1.0,1,"('קשת 12', '2024-11-05', 73)","('קשת 12', '2024-11-05', 73)",2024-11-05 18:59:00
קשת 12,PrimeShow2_first_long,PrimeShow2,first,long,late_evening,2024-11-05,20,9.8,588.0,24,0.105874863098308,-0.105874863098308,0.9233511586452763,1.026473560121253,1.0,1,"('קשת 12', '2024-11-05', 80)","('קשת 12', '2024-11-05', 80)",2024-11-05 20:58:00
קשת 12,PrimeShow2_middle_long,PrimeShow2,middle,long,late_evening,2024-11-05,21,9.966666666666667,598.0,24,0.025243273319206998,-0.025243273319206998,0.9545454545454546,0.9789480107395656,2.0,0,"('קשת 12', '2024-11-05', 80)","('קשת 12', '2024-11-05', 80)",2024-11-05 21:31:00
קשת 12,Other_first_long,Other,first,long,late_evening,2024-11-05,21,10.816666666666666,649.0,28,0.09891860570321875,-0.09891860570321875,0.8286604361370714,0.9148215970256922,1.0,1,"('קשת 12', '2024-11-05', 83)","('קשת 12', '2024-11-05', 83)",2024-11-05 21:57:00
קשת 12,Other_middle_long,Other,middle,long,late_evening,2024-11-05,22,10.433333333333334,626.0,30,0.039676636797180455,-0.039676636797180455,0.936056838365897,0.9739430543572044,2.0,0,"('קשת 12', '2024-11-05', 83)","('קשת 12', '2024-11-05', 83)",2024-11-05 22:19:00
קשת 12,Other_first_long,Other,first,long,late_evening,2024-11-05,22,10.583333333333334,635.0,34,0.13198078628872306,-0.13198078628872306,0.7112561174551386,0.8116046786699957,1.0,1,"('קשת 12', '2024-11-05', 88)","('קשת 12', '2024-11-05', 88)",2024-11-05 22:53:00
קשת 12,Other_first_long,Other,first,long,late_evening,2024-11-05,23,5.016666666666667,301.0,15,0.11799585878088706,-0.11799585878088706,0.828087167070218,0.9317963496637848,1.0,1,"('קשת 12', '2024-11-05', 89)","('קשת 12', '2024-11-05', 89)",2024-11-05 23:20:00
קשת 12,Other_middle_short,Other,middle,short,late_evening,2024-11-05,23,1.0833333333333333,65.0,5,-0.23128997172350357,0.23128997172350357,1.2251461988304093,0.9721649484536082,2.0,0,"('קשת 12', '2024-11-05', 89)","('קשת 12', '2024-11-05', 89)",2024-11-05 23:27:00
קשת 12,Other_last_long,Other,last,long,late_evening,2024-11-05,23,7.033333333333333,422.0,26,0.2302269502981939,-0.2302269502981939,0.6191646191646191,0.7794574738626731,3.0,0,"('קשת 12', '2024-11-05', 89)","('קשת 12', '2024-11-05', 89)",2024-11-05 23:48:00
קשת 12,Other_first_long,Other,first,long,overnight,2024-11-06,0,4.416666666666667,265.0,12,-0.15235041558948448,0.15235041558948448,1.1137724550898205,0.95638229634381,1.0,1,"('קשת 12', '2024-11-06', 3)","('קשת 12', '2024-11-06', 3)",2024-11-06 00:41:00
קשת 12,Other_last_short,Other,last,short,overnight,2024-11-06,0,0.7,42.0,3,-0.08318502055841395,0.08318502055841395,1.0430107526881718,0.9597585513078473,2.0,0,"('קשת 12', '2024-11-06', 3)","('קשת 12', '2024-11-06', 3)",2024-11-06 00:47:00
קשת 12,Other_first_standard,Other,first,standard,overnight,2024-11-06,1,2.4,144.0,7,0.004114734112460008,-0.004114734112460008,0.9333333333333332,0.9371816638370117,1.0,1,"('קשת 12', '2024-11-06', 4)","('קשת 12', '2024-11-06', 4)",2024-11-06 01:06:00
קשת 12,Other_middle_short,Other,middle,short,overnight,2024-11-06,1,1.0,60.0,4,-0.0010675207845921922,0.0010675207845921922,0.9702380952380953,0.9692028985507247,2.0,0,"('קשת 12', '2024-11-06', 4)","('קשת 12', '2024-11-06', 4)",2024-11-06 01:10:00
קשת 12,Other_first_long,Other,first,long,overnight,2024-11-06,2,8.033333333333333,482.0,25,0.2799956395276244,-0.2799956395276244,0.6875000000000001,0.9096477794793262,1.0,1,"('קשת 12', '2024-11-06', 7)","('קשת 12', '2024-11-06', 7)",2024-11-06 02:42:00
קשת 12,Other_middle_long,Other,middle,long,overnight,2024-11-06,3,5.466666666666667,328.0,20,0.04495568211290868,-0.04495568211290868,0.8181818181818182,0.8558030480656506,2.0,0,"('קשת 12', '2024-11-06', 7)","('קשת 12', '2024-11-06', 7)",2024-11-06 03:40:00
קשת 12,Other_middle_long,Other,middle,long,overnight,2024-11-06,4,5.783333333333333,347.0,21,-0.14119153518475283,0.14119153518475283,1.1666666666666665,1.0130434782608697,3.0,0,"('קשת 12', '2024-11-06', 7)","('קשת 12', '2024-11-06', 7)",2024-11-06 04:32:00
קשת 12,Other_last_standard,Other,last,standard,morning,2024-11-06,7,1.6166666666666667,97.0,10,-0.05050269935172041,0.05050269935172041,1.106666666666667,1.0521648408972353,3.0,0,"('קשת 12', '2024-11-06', 16)","('קשת 12', '2024-11-06', 16)",2024-11-06 07:30:00
קשת 12,Other_last_long,Other,last,long,morning,2024-11-06,7,6.583333333333333,395.0,25,0.07254183328052552,-0.07254183328052552,0.9675675675675677,1.0403652090341182,4.0,0,"('קשת 12', '2024-11-06', 16)","('קשת 12', '2024-11-06', 16)",2024-11-06 07:41:00
קשת 12,Other_first_long,Other,first,long,morning,2024-11-06,9,7.283333333333333,437.0,25,0.07511977668962622,-0.07511977668962622,0.9293478260869567,1.0018492834026818,1.0,1,"('קשת 12', '2024-11-06', 23)","('קשת 12', '2024-11-06', 23)",2024-11-06 09:55:00
קשת 12,News_middle_long,News,middle,long,morning,2024-11-06,10,7.05,423.0,22,-0.011110919332840436,0.011110919332840436,0.9710982658959537,0.9603681922781898,3.0,0,"('קשת 12', '2024-11-06', 24)","('קשת 12', '2024-11-06', 24)",2024-11-06 10:45:00
קשת 12,News_middle_short,News,middle,short,morning,2024-11-06,10,1.2,72.0,5,-0.02428179373954851,0.02428179373954851,1.0297619047619049,1.0050585729499468,4.0,0,"('קשת 12', '2024-11-06', 24)","('קשת 12', '2024-11-06', 24)",2024-11-06 10:54:00
קשת 12,Other_middle_long,Other,middle,long,afternoon,2024-11-06,12,6.416666666666667,385.0,18,0.056149623957319594,-0.056149623957319594,0.9743589743589745,1.0306339904102293,3.0,0,"('קשת 12', '2024-11-06', 29)","('קשת 12', '2024-11-06', 29)",2024-11-06 12:44:00
קשת 12,News_last_short,News,last,short,afternoon,2024-11-06,15,0.8833333333333333,53.0,5,-0.07987077815018227,0.07987077815018227,1.12,1.0340239178036046,4.0,0,"('קשת 12', '2024-11-06', 37)","('קשת 12', '2024-11-06', 37)",2024-11-06 15:52:00
קשת 12,PrimeShow2_last_long,PrimeShow2,last,long,early_evening,2024-11-06,17,3.7333333333333334,224.0,10,0.07918701335339641,-0.07918701335339641,0.9197530864197532,0.9955469285224939,4.0,0,"('קשת 12', '2024-11-06', 43)","('קשת 12', '2024-11-06', 43)",2024-11-06 17:40:00
קשת 12,Other_first_standard,Other,first,standard,early_evening,2024-11-06,17,2.466666666666667,148.0,3,-0.05233902214004838,0.05233902214004838,1.0950920245398772,1.0392500822278257,1.0,1,"('קשת 12', '2024-11-06', 46)","('קשת 12', '2024-11-06', 46)",2024-11-06 17:53:00
קשת 12,News_middle_standard,News,middle,standard,early_evening,2024-11-06,18,1.5,90.0,9,0.07093614281201135,-0.07093614281201135,0.9178082191780822,0.9852787539177511,1.0,1,"('קשת 12', '2024-11-06', 47)","('קשת 12', '2024-11-06', 47)",2024-11-06 18:19:00
קשת 12,News_middle_long,News,middle,long,early_evening,2024-11-06,18,6.3,378.0,25,0.03319008628171137,-0.03319008628171137,0.9776119402985074,1.0106034316560633,2.0,0,"('קשת 12', '2024-11-06', 47)","('קשת 12', '2024-11-06', 47)",2024-11-06 18:22:00
קשת 12,Other_first_long,Other,first,long,early_evening,2024-11-06,19,7.983333333333333,479.0,35,-0.035162919722529384,0.035162919722529384,0.9789227166276345,0.9450990894483129,1.0,1,"('קשת 12', '2024-11-06', 51)","('קשת 12', '2024-11-06', 51)",2024-11-06 19:00:00
קשת 12,News_first_long,News,first,long,late_evening,2024-11-06,20,9.1,546.0,26,-0.029063124183120376,0.029063124183120376,0.9200652528548124,0.8937101185050136,1.0,1,"('קשת 12', '2024-11-06', 56)","('קשת 12', '2024-11-06', 56)",2024-11-06 20:22:00
קשת 12,News_middle_long,News,middle,long,late_evening,2024-11-06,20,10.116666666666667,607.0,22,0.013125713308481099,-0.013125713308481099,0.9378881987577639,0.9502797967453528,2.0,0,"('קשת 12', '2024-11-06', 56)","('קשת 12', '2024-11-06', 56)",2024-11-06 20:47:00
קשת 12,News_last_long,News,last,long,late_evening,2024-11-06,21,9.25,555.0,24,0.12285399965026134,-0.12285399965026134,0.8998435054773083,1.0174704397502328,3.0,0,"('קשת 12', '2024-11-06', 56)","('קשת 12', '2024-11-06', 56)",2024-11-06 21:13:00
קשת 12,Other_first_long,Other,first,long,late_evening,2024-11-06,22,10.283333333333333,617.0,41,0.154545002910403,-0.154545002910403,0.8884381338742393,1.0369199570559464,1.0,1,"('קשת 12', '2024-11-06', 65)","('קשת 12', '2024-11-06', 65)",2024-11-06 22:05:00
קשת 12,Other_first_short,Other,first,short,overnight,2024-11-07,4,1.0666666666666667,64.0,2,0.19979733296122243,-0.19979733296122243,0.8787878787878788,1.0731364275668074,1.0,1,"('קשת 12', '2024-11-07', 11)","('קשת 12', '2024-11-07', 11)",2024-11-07 04:04:00
קשת 12,News_first_short,News,first,short,overnight,2024-11-07,5,0.95,57.0,2,0.030066688598783784,-0.030066688598783784,1.0,1.0305232558139534,1.0,1,"('קשת 12', '2024-11-07', 15)","('קשת 12', '2024-11-07', 15)",2024-11-07 05:22:00
קשת 12,News_middle_long,News,middle,long,morning,2024-11-07,7,6.083333333333333,365.0,20,0.07117381834322864,-0.07117381834322864,0.9130434782608696,0.9803967327887982,5.0,0,"('קשת 12', '2024-11-07', 23)","('קשת 12', '2024-11-07', 23)",2024-11-07 07:49:00
קשת 12,News_last_long,News,last,long,morning,2024-11-07,8,6.616666666666666,397.0,20,-0.12224516523134155,0.12224516523134155,1.0869565217391304,0.9618819429318234,10.0,0,"('קשת 12', '2024-11-07', 23)","('קשת 12', '2024-11-07', 23)",2024-11-07 08:46:00
קשת 12,News_last_long,News,last,long,morning,2024-11-07,9,5.916666666666667,355.0,25,-0.05343459410357018,0.05343459410357018,1.0346820809248556,0.9808454425363277,13.0,0,"('קשת 12', '2024-11-07', 23)","('קשת 12', '2024-11-07', 23)",2024-11-07 09:17:00
קשת 12,Other_first_long,Other,first,long,morning,2024-11-07,9,5.533333333333333,332.0,16,0.010264407299501746,-0.010264407299501746,0.9841269841269842,0.994280485014871,1.0,1,"('קשת 12', '2024-11-07', 37)","('קשת 12', '2024-11-07', 37)",2024-11-07 09:53:00
קשת 12,Other_last_long,Other,last,long,morning,2024-11-07,10,5.05,303.0,16,-0.07032603444472697,0.07032603444472697,1.0426829268292686,0.9718742009716186,4.0,0,"('קשת 12', '2024-11-07', 37)","('קשת 12', '2024-11-07', 37)",2024-11-07 10:45:00
קשת 12,Other_last_short,Other,last,short,morning,2024-11-07,10,0.6166666666666667,37.0,5,-0.0007338222714591419,0.0007338222714591419,0.9941520467836258,0.9934227834780324,5.0,0,"('קשת 12', '2024-11-07', 37)","('קשת 12', '2024-11-07', 37)",2024-11-07 10:52:00
קשת 12,Other_first_long,Other,first,long,afternoon,2024-11-07,12,6.3,378.0,17,0.0754075753716857,-0.0754075753716857,0.9386503067484663,1.0121687398593835,1.0,1,"('קשת 12', '2024-11-07', 46)","('קשת 12', '2024-11-07', 46)",2024-11-07 12:35:00
קשת 12,News_middle_standard,News,middle,standard,afternoon,2024-11-07,15,1.65,99.0,10,0.011758446826991571,-0.011758446826991571,0.9905660377358491,1.0022823033707868,1.0,1,"('קשת 12', '2024-11-07', 53)","('קשת 12', '2024-11-07', 53)",2024-11-07 15:31:00
קשת 12,News_last_short,News,last,short,afternoon,2024-11-07,15,1.1833333333333333,71.0,6,-0.016303602402242802,0.016303602402242802,1.0510204081632653,1.0340239178036046,4.0,0,"('קשת 12', '2024-11-07', 53)","('קשת 12', '2024-11-07', 53)",2024-11-07 15:52:00
קשת 12,News_middle_long,News,middle,long,afternoon,2024-11-07,16,5.816666666666666,349.0,13,0.03797061800940147,-0.03797061800940147,0.9925925925925925,1.0310066339775024,1.0,1,"('קשת 12', '2024-11-07', 57)","('קשת 12', '2024-11-07', 57)",2024-11-07 16:40:00
קשת 12,PrimeShow2_last_long,PrimeShow2,last,long,early_evening,2024-11-07,17,4.05,243.0,12,0.02244625485179258,-0.02244625485179258,1.0174216027874565,1.0405171418677133,4.0,0,"('קשת 12', '2024-11-07', 59)","('קשת 12', '2024-11-07', 59)",2024-11-07 17:44:00
קשת 12,Other_first_standard,Other,first,standard,early_evening,2024-11-07,17,2.5833333333333335,155.0,3,-0.07780107742327788,0.07780107742327788,1.1233333333333335,1.0392500822278257,1.0,1,"('קשת 12', '2024-11-07', 62)","('קשת 12', '2024-11-07', 62)",2024-11-07 17:53:00
קשת 12,Other_first_long,Other,first,long,early_evening,2024-11-07,19,7.25,435.0,35,0.012146853052868292,-0.012146853052868292,0.9205479452054796,0.9317978932333514,1.0,1,"('קשת 12', '2024-11-07', 67)","('קשת 12', '2024-11-07', 67)",2024-11-07 19:00:00
קשת 12,News_first_long,News,first,long,late_evening,2024-11-07,20,8.866666666666667,532.0,22,0.03540250335854453,-0.03540250335854453,0.9087301587301586,0.9414777340578353,1.0,1,"('קשת 12', '2024-11-07', 72)","('קשת 12', '2024-11-07', 72)",2024-11-07 20:25:00
קשת 12,News_middle_long,News,middle,long,late_evening,2024-11-07,20,8.766666666666667,526.0,21,-0.05345610135162716,0.05345610135162716,1.0124223602484475,0.9597232997155417,2.0,0,"('קשת 12', '2024-11-07', 72)","('קשת 12', '2024-11-07', 72)",2024-11-07 20:46:00
קשת 12,News_last_long,News,last,long,late_evening,2024-11-07,21,3.45,207.0,14,0.055666184678230715,-0.055666184678230715,0.8757281553398057,0.9258589511754067,3.0,0,"('קשת 12', '2024-11-07', 72)","('קשת 12', '2024-11-07', 72)",2024-11-07 21:10:00
קשת 12,Other_middle_long,Other,middle,long,late_evening,2024-11-07,22,9.5,570.0,42,-0.09660283953471743,0.09660283953471743,1.041015625,0.9451552867279285,1.0,1,"('קשת 12', '2024-11-07', 82)","('קשת 12', '2024-11-07', 82)",2024-11-07 22:31:00
קשת 12,Other_middle_standard,Other,middle,standard,overnight,2024-11-08,0,2.55,153.0,5,-0.11231779434954237,0.11231779434954237,0.9892473118279569,0.884149855907781,3.0,0,"('קשת 12', '2024-11-08', 0)","('קשת 12', '2024-11-08', 0)",2024-11-08 00:36:00
קשת 12,Other_first_long,Other,first,long,overnight,2024-11-08,1,3.3333333333333335,200.0,9,0.21314254956960516,-0.21314254956960516,0.7534246575342466,0.9324090121317159,1.0,1,"('קשת 12', '2024-11-08', 3)","('קשת 12', '2024-11-08', 3)",2024-11-08 01:07:00
קשת 12,Other_first_short,Other,first,short,overnight,2024-11-08,1,1.4,84.0,2,-0.04252138914194462,0.04252138914194462,1.0232558139534884,0.9806576402321084,1.0,1,"('קשת 12', '2024-11-08', 4)","('קשת 12', '2024-11-08', 4)",2024-11-08 01:21:00
קשת 12,Other_middle_short,Other,middle,short,overnight,2024-11-08,1,0.7666666666666667,46.0,2,0.02456591873088164,-0.02456591873088164,0.9487179487179487,0.9723127035830619,2.0,0,"('קשת 12', '2024-11-08', 4)","('קשת 12', '2024-11-08', 4)",2024-11-08 01:34:00
קשת 12,Other_last_short,Other,last,short,overnight,2024-11-08,1,0.8833333333333333,53.0,2,0.04385274236261788,-0.04385274236261788,0.9722222222222223,1.0158054711246203,3.0,0,"('קשת 12', '2024-11-08', 4)","('קשת 12', '2024-11-08', 4)",2024-11-08 01:52:00
קשת 12,Other_first_short,Other,first,short,overnight,2024-11-08,2,0.45,27.0,2,-0.6009186672930282,0.6009186672930282,1.7575757575757573,0.9636923076923078,1.0,1,"('קשת 12', '2024-11-08', 8)","('קשת 12', '2024-11-08', 8)",2024-11-08 02:00:00
קשת 12,Other_last_short,Other,last,short,overnight,2024-11-08,3,0.6833333333333333,41.0,2,0.005151994909428112,-0.005151994909428112,1.0,1.0051652892561984,1.0,1,"('קשת 12', '2024-11-08', 9)","('קשת 12', '2024-11-08', 9)",2024-11-08 03:22:00
קשת 12,PrimeShow1_first_short,PrimeShow1,first,short,morning,2024-11-08,7,0.8833333333333333,53.0,2,-0.085621487610319,0.085621487610319,1.0829493087557602,0.9940842404164697,5.0,0,"('קשת 12', '2024-11-08', 16)","('קשת 12', '2024-11-08', 16)",2024-11-08 07:54:00
קשת 12,PrimeShow1_middle_long,PrimeShow1,middle,long,morning,2024-11-08,8,4.8,288.0,16,0.03220774698038277,-0.03220774698038277,0.9886792452830188,1.0210407239819004,10.0,0,"('קשת 12', '2024-11-08', 16)","('קשת 12', '2024-11-08', 16)",2024-11-08 08:55:00
קשת 12,PrimeShow1_last_long,PrimeShow1,last,long,morning,2024-11-08,9,5.016666666666667,301.0,16,0.03804469627940661,-0.03804469627940661,0.948936170212766,0.9857336956521741,15.0,0,"('קשת 12', '2024-11-08', 16)","('קשת 12', '2024-11-08', 16)",2024-11-08 09:50:00
קשת 12,Other_first_short,Other,first,short,morning,2024-11-08,11,0.85,51.0,2,-0.007626470761897212,0.007626470761897212,1.021276595744681,1.0135174845724362,1.0,1,"('קשת 12', '2024-11-08', 35)","('קשת 12', '2024-11-08', 35)",2024-11-08 11:58:00
קשת 12,Other_last_short,Other,last,short,afternoon,2024-11-08,13,1.05,63.0,4,0.03377802860759124,-0.03377802860759124,0.9764309764309763,1.0099762470308786,7.0,0,"('קשת 12', '2024-11-08', 36)","('קשת 12', '2024-11-08', 36)",2024-11-08 13:51:00
קשת 12,Other_middle_short,Other,middle,short,afternoon,2024-11-08,15,1.0166666666666666,61.0,5,0.10132869089651952,-0.10132869089651952,0.9012875536480687,0.9974011509188787,3.0,0,"('קשת 12', '2024-11-08', 42)","('קשת 12', '2024-11-08', 42)",2024-11-08 15:14:00
קשת 12,Other_last_short,Other,last,short,afternoon,2024-11-08,15,1.1166666666666667,67.0,4,0.05211853721668934,-0.05211853721668934,0.9523809523809526,1.0033339182312686,6.0,0,"('קשת 12', '2024-11-08', 42)","('קשת 12', '2024-11-08', 42)",2024-11-08 15:40:00
קשת 12,Other_first_short,Other,first,short,afternoon,2024-11-08,16,0.9833333333333333,59.0,4,0.05172920859628148,-0.05172920859628148,0.9545454545454545,1.0052227843969315,1.0,1,"('קשת 12', '2024-11-08', 46)","('קשת 12', '2024-11-08', 46)",2024-11-08 16:01:00
קשת 12,Other_middle_long,Other,middle,long,afternoon,2024-11-08,16,5.35,321.0,14,0.2338770745747768,-0.2338770745747768,0.8762541806020065,1.107137665358337,1.0,1,"('קשת 12', '2024-11-08', 47)","('קשת 12', '2024-11-08', 47)",2024-11-08 16:47:00
קשת 12,Other_last_short,Other,last,short,early_evening,2024-11-08,17,1.2666666666666666,76.0,3,0.04826979886470062,-0.04826979886470062,0.9745454545454548,1.0227403901650698,5.0,0,"('קשת 12', '2024-11-08', 47)","('קשת 12', '2024-11-08', 47)",2024-11-08 17:45:00
קשת 12,Other_middle_long,Other,middle,long,early_evening,2024-11-08,19,5.366666666666666,322.0,25,0.06376877240467471,-0.06376877240467471,0.9906250000000002,1.0558536118030273,3.0,0,"('קשת 12', '2024-11-08', 52)","('קשת 12', '2024-11-08', 52)",2024-11-08 19:11:00
קשת 12,Other_first_short,Other,first,short,early_evening,2024-11-08,19,0.36666666666666664,22.0,2,-0.13154098769663067,0.13154098769663067,1.3021806853582552,1.1416782416864124,1.0,1,"('קשת 12', '2024-11-08', 57)","('קשת 12', '2024-11-08', 57)",2024-11-08 19:52:00
קשת 12,PrimeShow2_first_long,PrimeShow2,first,long,late_evening,2024-11-08,20,6.15,369.0,18,0.0454178278106372,-0.0454178278106372,0.9620535714285715,1.0067554009765232,1.0,1,"('קשת 12', '2024-11-08', 60)","('קשת 12', '2024-11-08', 60)",2024-11-08 20:54:00
קשת 12,Other_first_long,Other,first,long,late_evening,2024-11-08,21,6.383333333333334,383.0,19,0.11772522180917266,-0.11772522180917266,0.9094736842105263,1.0230987437525327,1.0,1,"('קשת 12', '2024-11-08', 61)","('קשת 12', '2024-11-08', 61)",2024-11-08 21:14:00
קשת 12,Other_middle_long,Other,middle,long,late_evening,2024-11-08,21,5.466666666666667,328.0,15,0.26650330378939324,-0.26650330378939324,0.8722466960352424,1.1386237736100915,2.0,0,"('קשת 12', '2024-11-08', 61)","('קשת 12', '2024-11-08', 61)",2024-11-08 21:41:00
קשת 12,Other_last_long,Other,last,long,late_evening,2024-11-08,22,6.983333333333333,419.0,27,0.15645866905539269,-0.15645866905539269,0.9151785714285715,1.0701754385964912,3.0,0,"('קשת 12', '2024-11-08', 61)","('קשת 12', '2024-11-08', 61)",2024-11-08 22:08:00
קשת 12,Other_first_long,Other,first,long,late_evening,2024-11-08,22,8.45,507.0,21,0.17294301375961546,-0.17294301375961546,0.7559055118110237,0.8986192312476676,1.0,1,"('קשת 12', '2024-11-08', 69)","('קשת 12', '2024-11-08', 69)",2024-11-08 22:46:00
קשת 12,Other_middle_long,Other,middle,long,late_evening,2024-11-08,23,5.966666666666667,358.0,20,-0.20376046818635987,0.20376046818635987,1.1199999999999999,0.9135366506153023,4.0,0,"('קשת 12', '2024-11-08', 69)","('קשת 12', '2024-11-08', 69)",2024-11-08 23:21:00
קשת 12,News_last_long,News,last,long,overnight,2024-11-09,0,3.8,228.0,12,-0.16161490653429317,0.16161490653429317,1.0490196078431373,0.8924731182795699,3.0,0,"('קשת 12', '2024-11-09', 0)","('קשת 12', '2024-11-09', 0)",2024-11-09 00:48:00
קשת 12,Other_middle_long,Other,middle,long,overnight,2024-11-09,1,3.25,195.0,7,0.1282017981243192,-0.1282017981243192,0.8630136986301371,0.9810587663914521,1.0,1,"('קשת 12', '2024-11-09', 3)","('קשת 12', '2024-11-09', 3)",2024-11-09 01:20:00
קשת 12,Other_middle_standard,Other,middle,standard,overnight,2024-11-09,1,1.6166666666666667,97.0,3,0.18807345188724156,-0.18807345188724156,0.7999999999999999,0.9655377302436124,1.0,1,"('קשת 12', '2024-11-09', 5)","('קשת 12', '2024-11-09', 5)",2024-11-09 01:55:00
קשת 12,Other_middle_standard,Other,middle,standard,overnight,2024-11-09,2,1.6833333333333333,101.0,3,-0.03469488769507698,0.03469488769507698,1.0,0.9659000793021414,1.0,1,"('קשת 12', '2024-11-09', 8)","('קשת 12', '2024-11-09', 8)",2024-11-09 02:44:00
קשת 12,Other_last_short,Other,last,short,overnight,2024-11-09,3,1.2166666666666666,73.0,2,0.20328964065177862,-0.20328964065177862,0.7741935483870969,0.9487179487179488,2.0,0,"('קשת 12', '2024-11-09', 8)","('קשת 12', '2024-11-09', 8)",2024-11-09 03:07:00
קשת 12,Other_first_short,Other,first,short,overnight,2024-11-09,3,1.45,87.0,2,0.4429207550645267,-0.4429207550645267,0.6,0.9343493552168817,1.0,1,"('קשת 12', '2024-11-09', 11)","('קשת 12', '2024-11-09', 11)",2024-11-09 03:40:00
קשת 12,Other_middle_standard,Other,middle,standard,overnight,2024-11-09,4,2.1333333333333333,128.0,4,0.4460256305390751,-0.4460256305390751,0.6,0.9372549019607842,1.0,1,"('קשת 12', '2024-11-09', 14)","('קשת 12', '2024-11-09', 14)",2024-11-09 04:59:00
קשת 12,Other_middle_short,Other,middle,short,overnight,2024-11-09,5,1.2833333333333334,77.0,2,0.05933943978630894,-0.05933943978630894,1.0,1.0611353711790394,1.0,1,"('קשת 12', '2024-11-09', 16)","('קשת 12', '2024-11-09', 16)",2024-11-09 05:23:00
קשת 12,News_middle_short,News,middle,short,morning,2024-11-09,8,1.3666666666666667,82.0,2,-0.0053908486348764086,0.0053908486348764086,1.0333333333333332,1.0277777777777777,1.0,1,"('קשת 12', '2024-11-09', 31)","('קשת 12', '2024-11-09', 31)",2024-11-09 08:36:00
קשת 12,Other_first_long,Other,first,long,morning,2024-11-09,9,4.233333333333333,254.0,9,-0.1553858811106072,0.1553858811106072,1.1743119266055047,1.005310551835604,1.0,1,"('קשת 12', '2024-11-09', 38)","('קשת 12', '2024-11-09', 38)",2024-11-09 09:56:00
קשת 12,PrimeShow2_last_long,PrimeShow2,last,long,morning,2024-11-09,11,5.666666666666667,340.0,15,-0.06411263457702432,0.06411263457702432,1.0693641618497112,1.0029559562518475,4.0,0,"('קשת 12', '2024-11-09', 47)","('קשת 12', '2024-11-09', 47)",2024-11-09 11:44:00
קשת 12,Other_middle_short,Other,middle,short,afternoon,2024-11-09,15,1.1166666666666667,67.0,4,0.17187409700739859,-0.17187409700739859,0.8409090909090909,0.9986033519553071,4.0,0,"('קשת 12', '2024-11-09', 66)","('קשת 12', '2024-11-09', 66)",2024-11-09 15:27:00
קשת 12,Other_first_long,Other,first,long,afternoon,2024-11-09,16,4.916666666666667,295.0,10,0.09281524972409363,-0.09281524972409363,0.9358288770053476,1.0268466555437585,1.0,1,"('קשת 12', '2024-11-09', 70)","('קשת 12', '2024-11-09', 70)",2024-11-09 16:25:00
קשת 12,News_middle_long,News,middle,long,early_evening,2024-11-09,18,4.266666666666667,256.0,10,0.1675523920014446,-0.1675523920014446,0.8308080808080809,0.9823534875081268,1.0,1,"('קשת 12', '2024-11-09', 75)","('קשת 12', '2024-11-09', 75)",2024-11-09 18:35:00
קשת 12,PrimeShow2_first_long,PrimeShow2,first,long,early_evening,2024-11-09,19,7.916666666666667,475.0,27,0.11036687932509631,-0.11036687932509631,0.8463414634146343,0.9450990894483129,1.0,1,"('קשת 12', '2024-11-09', 77)","('קשת 12', '2024-11-09', 77)",2024-11-09 19:00:00
קשת 12,News_middle_long,News,middle,long,late_evening,2024-11-09,20,8.016666666666667,481.0,19,0.18618585630199255,-0.18618585630199255,0.8513071895424837,1.0255239118753356,1.0,1,"('קשת 12', '2024-11-09', 82)","('קשת 12', '2024-11-09', 82)",2024-11-09 20:31:00
קשת 12,News_middle_long,News,middle,long,late_evening,2024-11-09,20,8.5,510.0,20,0.05628613134892023,-0.05628613134892023,0.9507640067911713,1.0058135649849647,2.0,0,"('קשת 12', '2024-11-09', 82)","('קשת 12', '2024-11-09', 82)",2024-11-09 20:52:00
קשת 12,News_last_long,News,last,long,late_evening,2024-11-09,21,7.083333333333333,425.0,16,0.24291278625838586,-0.24291278625838586,0.8433382137628112,1.075220317812782,3.0,0,"('קשת 12', '2024-11-09', 82)","('קשת 12', '2024-11-09', 82)",2024-11-09 21:16:00
קשת 12,Other_middle_long,Other,middle,long,late_evening,2024-11-09,22,9.383333333333333,563.0,39,-0.08665993314183118,0.08665993314183118,1.0319001386962554,0.9462409526033156,1.0,1,"('קשת 12', '2024-11-09', 91)","('קשת 12', '2024-11-09', 91)",2024-11-09 22:32:00
קשת 12,Other_middle_long,Other,middle,long,late_evening,2024-11-09,23,8.783333333333333,527.0,29,-0.04628645104593063,0.04628645104593063,0.8378378378378377,0.7999411158545561,1.0,1,"('קשת 12', '2024-11-09', 97)","('קשת 12', '2024-11-09', 97)",2024-11-09 23:50:00
קשת 12,Other_middle_standard,Other,middle,standard,overnight,2024-11-10,1,2.0833333333333335,125.0,5,-0.03239094237203157,0.03239094237203157,0.9565217391304347,0.92603550295858,1.0,1,"('קשת 12', '2024-11-10', 4)","('קשת 12', '2024-11-10', 4)",2024-11-10 01:26:00
קשת 12,Other_middle_short,Other,middle,short,overnight,2024-11-10,1,0.65,39.0,2,-0.01935544295295609,0.01935544295295609,1.0,0.9808306709265175,2.0,0,"('קשת 12', '2024-11-10', 4)","('קשת 12', '2024-11-10', 4)",2024-11-10 01:30:00
קשת 12,Other_middle_standard,Other,middle,standard,overnight,2024-11-10,2,1.5833333333333333,95.0,3,0.08725199710319459,-0.08725199710319459,0.8000000000000002,0.872937293729373,1.0,1,"('קשת 12', '2024-11-10', 8)","('קשת 12', '2024-11-10', 8)",2024-11-10 02:58:00
קשת 12,Other_last_short,Other,last,short,overnight,2024-11-10,3,1.2666666666666666,76.0,3,-0.021164811192043158,0.021164811192043158,1.0,0.9790575916230367,2.0,0,"('קשת 12', '2024-11-10', 8)","('קשת 12', '2024-11-10', 8)",2024-11-10 03:14:00
קשת 12,Other_middle_standard,Other,middle,standard,overnight,2024-11-10,3,1.65,99.0,3,0.018953495758994784,-0.018953495758994784,0.8888888888888888,0.9058971141781682,1.0,1,"('קשת 12', '2024-11-10', 11)","('קשת 12', '2024-11-10', 11)",2024-11-10 03:45:00
קשת 12,Other_first_standard,Other,first,standard,overnight,2024-11-10,4,1.6166666666666667,97.0,3,-0.11967435796309661,0.11967435796309661,1.1944444444444444,1.059722222222222,1.0,1,"('קשת 12', '2024-11-10', 13)","('קשת 12', '2024-11-10', 13)",2024-11-10 04:05:00
קשת 12,Other_middle_standard,Other,middle,standard,overnight,2024-11-10,4,1.5833333333333333,95.0,3,-0.2530431987149671,0.2530431987149671,1.2916666666666665,1.0028943560057888,2.0,0,"('קשת 12', '2024-11-10', 13)","('קשת 12', '2024-11-10', 13)",2024-11-10 04:27:00
קשת 12,Other_last_short,Other,last,short,overnight,2024-11-10,4,1.2833333333333334,77.0,3,-0.00021310602105162335,0.00021310602105162335,1.0833333333333333,1.0831024930747921,3.0,0,"('קשת 12', '2024-11-10', 13)","('קשת 12', '2024-11-10', 13)",2024-11-10 04:49:00
קשת 12,Other_last_standard,Other,last,standard,overnight,2024-11-10,5,2.5,150.0,5,0.008262647473893242,-0.008262647473893242,1.1666666666666663,1.1763463569165789,1.0,1,"('קשת 12', '2024-11-10', 17)","('קשת 12', '2024-11-10', 17)",2024-11-10 05:46:00
קשת 12,News_first_long,News,first,long,morning,2024-11-10,7,7.316666666666666,439.0,23,-0.14058413246306012,0.14058413246306012,1.1273885350318473,0.9795321637426899,3.0,0,"('קשת 12', '2024-11-10', 25)","('קשת 12', '2024-11-10', 25)",2024-11-10 07:23:00
קשת 12,News_middle_long,News,middle,long,morning,2024-11-10,7,5.5,330.0,17,0.14801502839475023,-0.14801502839475023,0.9267015706806281,1.0745385707524848,4.0,0,"('קשת 12', '2024-11-10', 25)","('קשת 12', '2024-11-10', 25)",2024-11-10 07:54:00
קשת 12,News_middle_long,News,middle,long,morning,2024-11-10,8,9.116666666666667,547.0,28,0.02817358102600749,-0.02817358102600749,0.9119170984455959,0.9379744090219038,7.0,0,"('קשת 12', '2024-11-10', 25)","('קשת 12', '2024-11-10', 25)",2024-11-10 08:21:00
קשת 12,News_last_long,News,last,long,morning,2024-11-10,8,6.416666666666667,385.0,15,0.0075334815310521275,-0.0075334815310521275,0.9523809523809524,0.9595827900912648,8.0,0,"('קשת 12', '2024-11-10', 25)","('קשת 12', '2024-11-10', 25)",2024-11-10 08:47:00
קשת 12,News_last_long,News,last,long,morning,2024-11-10,9,6.816666666666666,409.0,23,-0.013817118708909816,0.013817118708909816,1.0175438596491226,1.0035810205908684,11.0,0,"('קשת 12', '2024-11-10', 25)","('קשת 12', '2024-11-10', 25)",2024-11-10 09:24:00
קשת 12,Other_first_long,Other,first,long,morning,2024-11-10,9,4.966666666666667,298.0,13,-0.03990965565383508,0.03990965565383508,1.0400000000000003,0.9993112947658402,1.0,1,"('קשת 12', '2024-11-10', 38)","('קשת 12', '2024-11-10', 38)",2024-11-10 09:54:00
קשת 12,Other_last_long,Other,last,long,morning,2024-11-10,10,4.016666666666667,241.0,13,0.057350952627569604,-0.057350952627569604,0.9483870967741935,1.0043679342240495,4.0,0,"('קשת 12', '2024-11-10', 38)","('קשת 12', '2024-11-10', 38)",2024-11-10 10:42:00
קשת 12,Other_last_short,Other,last,short,morning,2024-11-10,10,0.7833333333333333,47.0,4,-0.01751495700399748,0.01751495700399748,0.9931972789115645,0.9759529291378869,5.0,0,"('קשת 12', '2024-11-10', 38)","('קשת 12', '2024-11-10', 38)",2024-11-10 10:48:00
קשת 12,Other_first_long,Other,first,long,afternoon,2024-11-10,12,3.716666666666667,223.0,13,-0.006789152841237279,0.006789152841237279,1.008695652173913,1.0018706574024587,1.0,1,"('קשת 12', '2024-11-10', 48)","('קשת 12', '2024-11-10', 48)",2024-11-10 12:41:00
קשת 12,News_last_short,News,last,short,afternoon,2024-11-10,15,1.0666666666666667,64.0,3,-0.0019092366804701402,0.0019092366804701402,1.0359999999999998,1.0340239178036046,4.0,0,"('קשת 12', '2024-11-10', 56)","('קשת 12', '2024-11-10', 56)",2024-11-10 15:52:00
קשת 12,News_middle_long,News,middle,long,afternoon,2024-11-10,16,5.016666666666667,301.0,15,0.036984849349786436,-0.036984849349786436,0.9535714285714285,0.989499424626007,1.0,1,"('קשת 12', '2024-11-10', 60)","('קשת 12', '2024-11-10', 60)",2024-11-10 16:38:00
קשת 12,Other_first_standard,Other,first,standard,early_evening,2024-11-10,17,2.65,159.0,3,0.01550986004818418,-0.01550986004818418,1.0232558139534884,1.0392500822278257,1.0,1,"('קשת 12', '2024-11-10', 65)","('קשת 12', '2024-11-10', 65)",2024-11-10 17:53:00
קשת 12,Other_first_long,Other,first,long,early_evening,2024-11-10,18,8.016666666666667,481.0,38,0.013727740080812775,-0.013727740080812775,0.9222222222222224,0.9349695449659621,1.0,1,"('קשת 12', '2024-11-10', 70)","('קשת 12', '2024-11-10', 70)",2024-11-10 18:59:00
קשת 12,News_middle_long,News,middle,long,late_evening,2024-11-10,20,8.133333333333333,488.0,20,-0.0050141186866308855,0.0050141186866308855,0.9920948616600793,0.9871328307772292,1.0,1,"('קשת 12', '2024-11-10', 75)","('קשת 12', '2024-11-10', 75)",2024-11-10 20:28:00
קשת 12,News_middle_long,News,middle,long,late_evening,2024-11-10,20,8.116666666666667,487.0,23,-0.09052630909184127,0.09052630909184127,1.0439367311072059,0.9535843218153687,2.0,0,"('קשת 12', '2024-11-10', 75)","('קשת 12', '2024-11-10', 75)",2024-11-10 20:48:00
קשת 12,News_last_long,News,last,long,late_evening,2024-11-10,21,5.916666666666667,355.0,16,-0.025434615404919973,0.025434615404919973,0.950078003120125,0.9262178576043416,3.0,0,"('קשת 12', '2024-11-10', 75)","('קשת 12', '2024-11-10', 75)",2024-11-10 21:07:00
קשת 12,Other_middle_long,Other,middle,long,late_evening,2024-11-10,22,10.166666666666666,610.0,37,-0.07407205293603837,0.07407205293603837,0.9743589743589741,0.9047944036853779,1.0,1,"('קשת 12', '2024-11-10', 84)","('קשת 12', '2024-11-10', 84)",2024-11-10 22:23:00
קשת 12,Other_first_long,Other,first,long,late_evening,2024-11-10,23,6.1,366.0,18,0.0644264304302046,-0.0644264304302046,0.7674418604651163,0.8185128983308043,1.0,1,"('קשת 12', '2024-11-10', 89)","('קשת 12', '2024-11-10', 89)",2024-11-10 23:51:00
קשת 12,Other_middle_standard,Other,middle,standard,late_evening,2024-11-10,23,2.316666666666667,139.0,11,0.008296739088906152,-0.008296739088906152,0.9898989898989901,0.9981460882461993,2.0,0,"('קשת 12', '2024-11-10', 89)","('קשת 12', '2024-11-10', 89)",2024-11-10 23:59:00
קשת 12,PrimeShow1_first_standard,PrimeShow1,first,standard,overnight,2024-11-11,0,1.7,102.0,10,-0.008841637430868798,0.008841637430868798,0.9356435643564356,0.9274074074074075,1.0,1,"('קשת 12', '2024-11-11', 2)","('קשת 12', '2024-11-11', 2)",2024-11-11 00:27:00
קשת 12,Other_middle_standard,Other,middle,standard,overnight,2024-11-11,1,2.316666666666667,139.0,6,-0.17922215205466757,0.17922215205466757,1.1379310344827587,0.951219512195122,1.0,1,"('קשת 12', '2024-11-11', 5)","('קשת 12', '2024-11-11', 5)",2024-11-11 01:30:00
קשת 12,Other_middle_short,Other,middle,short,overnight,2024-11-11,1,0.26666666666666666,16.0,2,0.027240982826753687,-0.027240982826753687,0.9545454545454545,0.9809056192034917,2.0,0,"('קשת 12', '2024-11-11', 5)","('קשת 12', '2024-11-11', 5)",2024-11-11 01:34:00
קשת 12,News_first_long,News,first,long,morning,2024-11-11,7,5.4,324.0,19,0.05209084859704757,-0.05209084859704757,0.8867924528301887,0.9342105263157895,3.0,0,"('קשת 12', '2024-11-11', 21)","('קשת 12', '2024-11-11', 21)",2024-11-11 07:23:00
קשת 12,News_first_short,News,first,short,morning,2024-11-11,7,1.0833333333333333,65.0,7,0.029796385710734806,-0.029796385710734806,1.021276595744681,1.0521648408972353,4.0,0,"('קשת 12', '2024-11-11', 21)","('קשת 12', '2024-11-11', 21)",2024-11-11 07:30:00
קשת 12,News_middle_long,News,middle,long,morning,2024-11-11,7,5.666666666666667,340.0,14,0.027068615941496368,-0.027068615941496368,0.9831460674157303,1.0101219231654013,5.0,0,"('קשת 12', '2024-11-11', 21)","('קשת 12', '2024-11-11', 21)",2024-11-11 07:51:00
קשת 12,News_middle_long,News,middle,long,morning,2024-11-11,8,5.333333333333333,320.0,20,0.1349055769189745,-0.1349055769189745,0.8212290502793298,0.9398381098227957,8.0,0,"('קשת 12', '2024-11-11', 21)","('קשת 12', '2024-11-11', 21)",2024-11-11 08:25:00
קשת 12,News_middle_short,News,middle,short,morning,2024-11-11,8,0.7,42.0,4,-0.07506340145298153,0.07506340145298153,1.1020408163265305,1.022346368715084,9.0,0,"('קשת 12', '2024-11-11', 21)","('קשת 12', '2024-11-11', 21)",2024-11-11 08:32:00
קשת 12,News_last_long,News,last,long,morning,2024-11-11,8,5.916666666666667,355.0,20,0.11030352799309179,-0.11030352799309179,0.8604651162790699,0.9608099281515351,10.0,0,"('קשת 12', '2024-11-11', 21)","('קשת 12', '2024-11-11', 21)",2024-11-11 08:50:00
קשת 12,News_last_long,News,last,long,morning,2024-11-11,9,5.283333333333333,317.0,21,-0.046118774869621446,0.046118774869621446,1.0357142857142856,0.9890331244404654,13.0,0,"('קשת 12', '2024-11-11', 21)","('קשת 12', '2024-11-11', 21)",2024-11-11 09:24:00
קשת 12,Other_first_long,Other,first,long,morning,2024-11-11,9,4.766666666666667,286.0,12,-0.031225666360635233,0.031225666360635233,1.0310077519379846,0.9993112947658402,1.0,1,"('קשת 12', '2024-11-11', 36)","('קשת 12', '2024-11-11', 36)",2024-11-11 09:54:00
קשת 12,Other_middle_long,Other,middle,long,morning,2024-11-11,11,4.316666666666666,259.0,14,0.20444429937974815,-0.20444429937974815,0.8347826086956522,1.024147298520978,3.0,0,"('קשת 12', '2024-11-11', 40)","('קשת 12', '2024-11-11', 40)",2024-11-11 11:24:00
קשת 12,Other_last_short,Other,last,short,morning,2024-11-11,11,0.5166666666666667,31.0,2,-0.04871137955340075,0.04871137955340075,1.0520833333333333,1.002063071028588,4.0,0,"('קשת 12', '2024-11-11', 40)","('קשת 12', '2024-11-11', 40)",2024-11-11 11:30:00
קשת 12,Other_first_long,Other,first,long,afternoon,2024-11-11,12,4.233333333333333,254.0,13,0.21245397865543003,-0.21245397865543003,0.7999999999999999,0.9893673577884102,1.0,1,"('קשת 12', '2024-11-11', 45)","('קשת 12', '2024-11-11', 45)",2024-11-11 12:43:00
קשת 12,Other_last_long,Other,last,long,afternoon,2024-11-11,13,4.816666666666666,289.0,17,0.1686966771983982,-0.1686966771983982,0.8702290076335878,1.0301431801055012,4.0,0,"('קשת 12', '2024-11-11', 45)","('קשת 12', '2024-11-11', 45)",2024-11-11 13:35:00
קשת 12,Other_last_short,Other,last,short,afternoon,2024-11-11,13,0.7166666666666667,43.0,4,0.10418519884579086,-0.10418519884579086,0.9210526315789475,1.0221897098268715,5.0,0,"('קשת 12', '2024-11-11', 45)","('קשת 12', '2024-11-11', 45)",2024-11-11 13:42:00
קשת 12,News_last_short,News,last,short,afternoon,2024-11-11,15,1.1,66.0,6,0.08920729544684047,-0.08920729544684047,0.9109311740890689,0.9959276755171852,4.0,0,"('קשת 12', '2024-11-11', 52)","('קשת 12', '2024-11-11', 52)",2024-11-11 15:57:00
קשת 12,News_middle_long,News,middle,long,afternoon,2024-11-11,16,5.25,315.0,10,0.09290736009082803,-0.09290736009082803,0.9125874125874125,1.001436988072999,1.0,1,"('קשת 12', '2024-11-11', 56)","('קשת 12', '2024-11-11', 56)",2024-11-11 16:39:00
קשת 12,Other_first_standard,Other,first,standard,early_evening,2024-11-11,17,2.3,138.0,3,0.07600377373133713,-0.07600377373133713,0.9631901840490799,1.0392500822278257,1.0,1,"('קשת 12', '2024-11-11', 61)","('קשת 12', '2024-11-11', 61)",2024-11-11 17:53:00
קשת 12,Other_first_long,Other,first,long,early_evening,2024-11-11,18,8.366666666666667,502.0,40,-0.02171695242875718,0.02171695242875718,0.9691358024691359,0.9483160157649587,1.0,1,"('קשת 12', '2024-11-11', 66)","('קשת 12', '2024-11-11', 66)",2024-11-11 18:59:00
קשת 12,News_first_long,News,first,long,late_evening,2024-11-11,20,7.533333333333333,452.0,17,-0.13731651913727544,0.13731651913727544,1.0609243697478992,0.924801698832053,1.0,1,"('קשת 12', '2024-11-11', 71)","('קשת 12', '2024-11-11', 71)",2024-11-11 20:25:00
קשת 12,News_middle_long,News,middle,long,late_evening,2024-11-11,20,8.5,510.0,19,0.09192821803673598,-0.09192821803673598,0.8706896551724138,0.9545249887438092,2.0,0,"('קשת 12', '2024-11-11', 71)","('קשת 12', '2024-11-11', 71)",2024-11-11 20:47:00
קשת 12,News_last_long,News,last,long,late_evening,2024-11-11,21,9.433333333333334,566.0,34,-0.19790724121359127,0.19790724121359127,1.1377358490566036,0.9334507731454298,3.0,0,"('קשת 12', '2024-11-11', 71)","('קשת 12', '2024-11-11', 71)",2024-11-11 21:06:00
קשת 12,Other_middle_long,Other,middle,long,late_evening,2024-11-11,22,9.133333333333333,548.0,35,-0.06489867022146269,0.06489867022146269,0.9738805970149255,0.9126842980896104,1.0,1,"('קשת 12', '2024-11-11', 80)","('קשת 12', '2024-11-11', 80)",2024-11-11 22:25:00
קשת 12,Other_last_short,Other,last,short,late_evening,2024-11-11,22,0.6833333333333333,41.0,2,-0.00864002004712798,0.00864002004712798,0.9625668449197862,0.954286072615539,2.0,0,"('קשת 12', '2024-11-11', 80)","('קשת 12', '2024-11-11', 80)",2024-11-11 22:48:00
קשת 12,Other_first_long,Other,first,long,late_evening,2024-11-11,23,4.516666666666667,271.0,14,-0.04543557302343837,0.04543557302343837,0.810344827586207,0.7743502550400777,1.0,1,"('קשת 12', '2024-11-11', 84)","('קשת 12', '2024-11-11', 84)",2024-11-11 23:07:00
קשת 12,Other_middle_short,Other,middle,short,late_evening,2024-11-11,23,1.0666666666666667,64.0,6,-0.08681457986223276,0.08681457986223276,1.0851063829787235,0.9948766206608114,2.0,0,"('קשת 12', '2024-11-11', 84)","('קשת 12', '2024-11-11', 84)",2024-11-11 23:13:00
קשת 12,Other_middle_long,Other,middle,long,late_evening,2024-11-11,23,5.516666666666667,331.0,20,0.21775647659909464,-0.21775647659909464,0.6890756302521007,0.8567168863779031,1.0,1,"('קשת 12', '2024-11-11', 86)","('קשת 12', '2024-11-11', 86)",2024-11-11 23:52:00
קשת 12,Other_middle_short,Other,middle,short,overnight,2024-11-12,2,0.7166666666666667,43.0,2,-0.03133615204894628,0.03133615204894628,1.0,0.9691497366440934,1.0,1,"('קשת 12', '2024-11-12', 10)","('קשת 12', '2024-11-12', 10)",2024-11-12 02:38:00
קשת 12,Other_middle_short,Other,middle,short,overnight,2024-11-12,4,0.7,42.0,2,-0.023509489227506338,0.023509489227506338,0.9756097560975611,0.9529411764705882,1.0,1,"('קשת 12', '2024-11-12', 15)","('קשת 12', '2024-11-12', 15)",2024-11-12 04:59:00
קשת 12,Other_middle_short,Other,middle,short,overnight,2024-11-12,5,1.05,63.0,2,-0.030934629020422225,0.030934629020422225,1.121212121212121,1.0870588235294116,1.0,1,"('קשת 12', '2024-11-12', 17)","('קשת 12', '2024-11-12', 17)",2024-11-12 05:38:00
קשת 12,Other_last_short,Other,last,short,overnight,2024-11-12,5,1.4166666666666667,85.0,2,0.04376385758614311,-0.04376385758614311,1.108695652173913,1.1582938388625594,2.0,0,"('קשת 12', '2024-11-12', 17)","('קשת 12', '2024-11-12', 17)",2024-11-12 05:51:00
קשת 12,Other_first_short,Other,first,short,morning,2024-11-12,6,1.4166666666666667,85.0,2,0.13137295132806803,-0.13137295132806803,1.1111111111111112,1.267103347889374,1.0,1,"('קשת 12', '2024-11-12', 20)","('קשת 12', '2024-11-12', 20)",2024-11-12 06:00:00
קשת 12,News_first_long,News,first,long,morning,2024-11-12,7,5.683333333333334,341.0,22,0.0824397314668116,-0.0824397314668116,0.9354838709677419,1.015873015873016,3.0,0,"('קשת 12', '2024-11-12', 26)","('קשת 12', '2024-11-12', 26)",2024-11-12 07:26:00
קשת 12,News_first_standard,News,first,standard,morning,2024-11-12,7,1.8,108.0,10,0.009077582982468569,-0.009077582982468569,0.9885057471264368,0.9975198412698411,4.0,0,"('קשת 12', '2024-11-12', 26)","('קשת 12', '2024-11-12', 26)",2024-11-12 07:33:00
קשת 12,News_middle_long,News,middle,long,morning,2024-11-12,7,6.15,369.0,19,-0.05355325992911348,0.05355325992911348,1.0718562874251494,1.0159648310967144,5.0,0,"('קשת 12', '2024-11-12', 26)","('קשת 12', '2024-11-12', 26)",2024-11-12 07:50:00
קשת 12,News_last_long,News,last,long,morning,2024-11-12,8,5.45,327.0,18,0.06933447138057641,-0.06933447138057641,0.8936170212765957,0.9577739281074058,10.0,0,"('קשת 12', '2024-11-12', 26)","('קשת 12', '2024-11-12', 26)",2024-11-12 08:49:00
קשת 12,News_last_long,News,last,long,morning,2024-11-12,9,5.016666666666667,301.0,21,0.01885718987007184,-0.01885718987007184,0.9607843137254903,0.9790739091718612,13.0,0,"('קשת 12', '2024-11-12', 26)","('קשת 12', '2024-11-12', 26)",2024-11-12 09:23:00
קשת 12,Other_first_long,Other,first,long,morning,2024-11-12,9,5.116666666666666,307.0,15,0.14710441641290642,-0.14710441641290642,0.8596491228070178,0.995881949210707,1.0,1,"('קשת 12', '2024-11-12', 38)","('קשת 12', '2024-11-12', 38)",2024-11-12 09:53:00
קשת 12,Other_last_long,Other,last,long,morning,2024-11-12,10,4.433333333333334,266.0,14,0.16881547685932144,-0.16881547685932144,0.8205128205128206,0.9714064914992273,4.0,0,"('קשת 12', '2024-11-12', 38)","('קשת 12', '2024-11-12', 38)",2024-11-12 10:51:00
קשת 12,Other_last_short,Other,last,short,morning,2024-11-12,10,0.8,48.0,4,0.2084345934483828,-0.2084345934483828,0.8125,1.0007955449482895,5.0,0,"('קשת 12', '2024-11-12', 38)","('קשת 12', '2024-11-12', 38)",2024-11-12 10:57:00
קשת 12,Other_first_long,Other,first,long,afternoon,2024-11-12,12,5.333333333333333,320.0,18,-0.04167382119777428,0.04167382119777428,1.061855670103093,1.0185134767220256,1.0,1,"('קשת 12', '2024-11-12', 48)","('קשת 12', '2024-11-12', 48)",2024-11-12 12:37:00
קשת 12,Other_last_long,Other,last,long,afternoon,2024-11-12,13,5.433333333333334,326.0,15,0.14164793276650475,-0.14164793276650475,0.9074074074074072,1.0454884414615957,4.0,0,"('קשת 12', '2024-11-12', 48)","('קשת 12', '2024-11-12', 48)",2024-11-12 13:38:00
קשת 12,Other_last_short,Other,last,short,afternoon,2024-11-12,13,1.0,60.0,5,-0.042486316963594284,0.042486316963594284,1.0476190476190477,1.0040418449833572,5.0,0,"('קשת 12', '2024-11-12', 48)","('קשת 12', '2024-11-12', 48)",2024-11-12 13:45:00
קשת 12,News_middle_standard,News,middle,standard,afternoon,2024-11-12,15,1.6,96.0,9,0.080757624226969,-0.080757624226969,0.9199999999999999,0.9973794549266249,1.0,1,"('קשת 12', '2024-11-12', 55)","('קשת 12', '2024-11-12', 55)",2024-11-12 15:38:00
קשת 12,News_last_short,News,last,short,afternoon,2024-11-12,15,1.45,87.0,6,0.09431388017027416,-0.09431388017027416,0.9083665338645418,0.9982081772275616,4.0,0,"('קשת 12', '2024-11-12', 55)","('קשת 12', '2024-11-12', 55)",2024-11-12 15:57:00
קשת 12,News_last_long,News,last,long,afternoon,2024-11-12,16,5.4,324.0,15,0.061385687040681855,-0.061385687040681855,1.044776119402985,1.1109197876309371,1.0,1,"('קשת 12', '2024-11-12', 59)","('קשת 12', '2024-11-12', 59)",2024-11-12 16:48:00
קשת 12,Other_first_standard,Other,first,standard,early_evening,2024-11-12,17,2.783333333333333,167.0,3,0.050299901202447955,-0.050299901202447955,1.0,1.051586421122698,1.0,1,"('קשת 12', '2024-11-12', 64)","('קשת 12', '2024-11-12', 64)",2024-11-12 17:52:00
קשת 12,Other_first_long,Other,first,long,early_evening,2024-11-12,18,9.566666666666666,574.0,40,-0.11847700223254001,0.11847700223254001,1.0806045340050376,0.9598710139734861,1.0,1,"('קשת 12', '2024-11-12', 69)","('קשת 12', '2024-11-12', 69)",2024-11-12 18:59:00
קשת 12,News_middle_long,News,middle,long,late_evening,2024-11-12,20,9.35,561.0,23,0.11800670109948735,-0.11800670109948735,0.9373970345963757,1.0548075615395076,1.0,1,"('קשת 12', '2024-11-12', 74)","('קשת 12', '2024-11-12', 74)",2024-11-12 20:35:00
קשת 12,News_last_long,News,last,long,late_evening,2024-11-12,21,6.816666666666666,409.0,21,0.09211406266548428,-0.09211406266548428,0.8426763110307414,0.923986050116249,2.0,0,"('קשת 12', '2024-11-12', 74)","('קשת 12', '2024-11-12', 74)",2024-11-12 21:10:00
קשת 12,Other_first_long,Other,first,long,late_evening,2024-11-12,21,8.75,525.0,25,-0.1986253860572548,0.1986253860572548,1.1136,0.9129927169622505,1.0,1,"('קשת 12', '2024-11-12', 82)","('קשת 12', '2024-11-12', 82)",2024-11-12 21:58:00
קשת 12,Other_middle_long,Other,middle,long,late_evening,2024-11-12,22,7.766666666666667,466.0,29,-0.17073872793471145,0.17073872793471145,1.1356707317073171,0.9574179069218051,2.0,0,"('קשת 12', '2024-11-12', 82)","('קשת 12', '2024-11-12', 82)",2024-11-12 22:33:00
קשת 12,Other_last_long,Other,last,long,late_evening,2024-11-12,23,6.3,378.0,18,-0.34665496839648724,0.34665496839648724,1.0169252468265162,0.7190162234239572,3.0,0,"('קשת 12', '2024-11-12', 82)","('קשת 12', '2024-11-12', 82)",2024-11-12 23:03:00
קשת 12,Other_first_short,Other,first,short,late_evening,2024-11-12,23,0.8333333333333334,50.0,4,0.43155744056687984,-0.43155744056687984,0.609079445145019,0.9377713458755426,1.0,1,"('קשת 12', '2024-11-12', 89)","('קשת 12', '2024-11-12', 89)",2024-11-12 23:37:00
קשת 12,Other_middle_short,Other,middle,short,overnight,2024-11-13,0,1.2666666666666666,76.0,9,0.049230273921332585,-0.049230273921332585,0.8863636363636365,0.9310915104740902,1.0,1,"('קשת 12', '2024-11-13', 1)","('קשת 12', '2024-11-13', 1)",2024-11-13 00:34:00
קשת 12,News_middle_long,News,middle,long,morning,2024-11-13,7,5.4,324.0,18,0.09127059033972264,-0.09127059033972264,0.9020618556701031,0.9882677708764666,5.0,0,"('קשת 12', '2024-11-13', 23)","('קשת 12', '2024-11-13', 23)",2024-11-13 07:51:00
קשת 12,News_last_long,News,last,long,morning,2024-11-13,8,6.3,378.0,22,0.2789163421579692,-0.2789163421579692,0.7527472527472527,0.9949036117881674,10.0,0,"('קשת 12', '2024-11-13', 23)","('קשת 12', '2024-11-13', 23)",2024-11-13 08:52:00
קשת 12,News_last_long,News,last,long,morning,2024-11-13,9,7.55,453.0,31,-0.04689879911819951,0.04689879911819951,1.0328947368421053,0.9855715871254163,13.0,0,"('קשת 12', '2024-11-13', 23)","('קשת 12', '2024-11-13', 23)",2024-11-13 09:22:00
קשת 12,Other_first_short,Other,first,short,morning,2024-11-13,9,1.15,69.0,6,0.00904348660477788,-0.00904348660477788,0.9824561403508769,0.9913812655931048,1.0,1,"('קשת 12', '2024-11-13', 39)","('קשת 12', '2024-11-13', 39)",2024-11-13 09:48:00
קשת 12,Other_last_long,Other,last,long,morning,2024-11-13,11,5.283333333333333,317.0,16,0.07187728224681703,-0.07187728224681703,0.9204545454545454,0.9890500147972775,3.0,0,"('קשת 12', '2024-11-13', 44)","('קשת 12', '2024-11-13', 44)",2024-11-13 11:29:00
קשת 12,Other_last_short,Other,last,short,morning,2024-11-13,11,0.8166666666666667,49.0,5,-0.21798198358684942,0.21798198358684942,1.2469135802469136,1.0026929982046677,4.0,0,"('קשת 12', '2024-11-13', 44)","('קשת 12', '2024-11-13', 44)",2024-11-13 11:36:00
קשת 12,Other_first_long,Other,first,long,afternoon,2024-11-13,12,5.866666666666666,352.0,23,-0.23315548643041245,0.23315548643041245,1.2761904761904763,1.0107816711590296,1.0,1,"('קשת 12', '2024-11-13', 49)","('קשת 12', '2024-11-13', 49)",2024-11-13 12:39:00
קשת 12,Other_last_long,Other,last,long,afternoon,2024-11-13,13,5.683333333333334,341.0,17,0.05861198685167018,-0.05861198685167018,0.9850746268656719,1.0445374015748032,4.0,0,"('קשת 12', '2024-11-13', 49)","('קשת 12', '2024-11-13', 49)",2024-11-13 13:39:00
קשת 12,Other_last_short,Other,last,short,afternoon,2024-11-13,13,1.25,75.0,5,0.05281499023272824,-0.05281499023272824,0.9393939393939392,0.9903415783274441,5.0,0,"('קשת 12', '2024-11-13', 49)","('קשת 12', '2024-11-13', 49)",2024-11-13 13:47:00
קשת 12,Other_middle_long,Other,middle,long,afternoon,2024-11-13,14,5.433333333333334,326.0,16,-0.03153734884745095,0.03153734884745095,1.0118343195266273,0.980421686746988,1.0,1,"('קשת 12', '2024-11-13', 54)","('קשת 12', '2024-11-13', 54)",2024-11-13 14:41:00
קשת 12,Other_last_short,Other,last,short,afternoon,2024-11-13,14,0.6,36.0,3,0.046863181341876295,-0.046863181341876295,0.9707602339181287,1.0173359666447224,2.0,0,"('קשת 12', '2024-11-13', 54)","('קשת 12', '2024-11-13', 54)",2024-11-13 14:48:00
קשת 12,News_last_short,News,last,short,afternoon,2024-11-13,15,1.15,69.0,6,0.0287297659608751,-0.0287297659608751,1.004739336492891,1.0340239178036046,4.0,0,"('קשת 12', '2024-11-13', 56)","('קשת 12', '2024-11-13', 56)",2024-11-13 15:52:00
קשת 12,News_last_long,News,last,long,afternoon,2024-11-13,16,6.483333333333333,389.0,15,0.04863568116550125,-0.04863568116550125,0.9820627802690582,1.0310066339775024,1.0,1,"('קשת 12', '2024-11-13', 60)","('קשת 12', '2024-11-13', 60)",2024-11-13 16:40:00
קשת 12,Other_first_long,Other,first,long,early_evening,2024-11-13,18,9.75,585.0,37,0.013673603494876299,-0.013673603494876299,0.9468354430379747,0.9598710139734861,1.0,1,"('קשת 12', '2024-11-13', 69)","('קשת 12', '2024-11-13', 69)",2024-11-13 18:59:00
קשת 12,News_middle_long,News,middle,long,late_evening,2024-11-13,20,7.216666666666667,433.0,21,0.24086395315801562,-0.24086395315801562,0.8159851301115242,1.0382169868148046,1.0,1,"('קשת 12', '2024-11-13', 73)","('קשת 12', '2024-11-13', 73)",2024-11-13 20:37:00
קשת 12,News_middle_long,News,middle,long,late_evening,2024-11-13,20,5.483333333333333,329.0,16,0.11102217517366575,-0.11102217517366575,0.9209979209979209,1.0291412072785873,2.0,0,"('קשת 12', '2024-11-13', 73)","('קשת 12', '2024-11-13', 73)",2024-11-13 20:56:00
קשת 12,News_last_long,News,last,long,late_evening,2024-11-13,21,5.15,309.0,16,0.020110201970017543,-0.020110201970017543,1.0102669404517455,1.0307892751834327,3.0,0,"('קשת 12', '2024-11-13', 73)","('קשת 12', '2024-11-13', 73)",2024-11-13 21:15:00
קשת 12,Other_middle_long,Other,middle,long,late_evening,2024-11-13,22,9.933333333333334,596.0,33,0.17497334609903914,-0.17497334609903914,0.8534798534798536,1.0166775476289391,1.0,1,"('קשת 12', '2024-11-13', 81)","('קשת 12', '2024-11-13', 81)",2024-11-13 22:04:00
קשת 12,Other_first_long,Other,first,long,late_evening,2024-11-13,22,8.283333333333333,497.0,28,0.2804851451127975,-0.2804851451127975,0.707566462167689,0.9366565844578874,1.0,1,"('קשת 12', '2024-11-13', 83)","('קשת 12', '2024-11-13', 83)",2024-11-13 22:30:00
קשת 12,Other_first_long,Other,first,long,late_evening,2024-11-13,23,3.9166666666666665,235.0,12,-0.0672460302816591,0.0672460302816591,0.8152173913043479,0.7621998450813324,1.0,1,"('קשת 12', '2024-11-13', 85)","('קשת 12', '2024-11-13', 85)",2024-11-13 23:05:00
קשת 12,Other_middle_short,Other,middle,short,late_evening,2024-11-13,23,0.75,45.0,5,-0.1389592376253513,0.1389592376253513,1.12,0.9746951219512194,2.0,0,"('קשת 12', '2024-11-13', 85)","('קשת 12', '2024-11-13', 85)",2024-11-13 23:11:00
קשת 12,Other_first_standard,Other,first,standard,overnight,2024-11-14,0,1.5,90.0,8,-0.14526779309960774,0.14526779309960774,1.0731707317073174,0.9280680437424057,1.0,1,"('קשת 12', '2024-11-14', 1)","('קשת 12', '2024-11-14', 1)",2024-11-14 00:26:00
קשת 12,News_first_long,News,first,long,morning,2024-11-14,7,7.8,468.0,25,-0.1352221006836676,0.1352221006836676,1.1257485029940117,0.9833659491193737,3.0,0,"('קשת 12', '2024-11-14', 24)","('קשת 12', '2024-11-14', 24)",2024-11-14 07:22:00
קשת 12,News_first_short,News,first,short,morning,2024-11-14,7,0.3,18.0,3,-0.02219067100009736,0.02219067100009736,1.0105263157894737,0.9883490332176501,4.0,0,"('קשת 12', '2024-11-14', 24)","('קשת 12', '2024-11-14', 24)",2024-11-14 07:35:00
קשת 12,News_first_short,News,first,short,morning,2024-11-14,7,0.3,18.0,3,0.027452473036259542,-0.027452473036259542,1.015625,1.0438926511161275,5.0,0,"('קשת 12', '2024-11-14', 24)","('קשת 12', '2024-11-14', 24)",2024-11-14 07:37:00
קשת 12,News_middle_long,News,middle,long,morning,2024-11-14,7,5.466666666666667,328.0,20,0.06896535594754898,-0.06896535594754898,1.011764705882353,1.0840037860861336,6.0,0,"('קשת 12', '2024-11-14', 24)","('קשת 12', '2024-11-14', 24)",2024-11-14 07:54:00
קשת 12,News_last_standard,News,last,standard,morning,2024-11-14,8,1.5,90.0,7,-0.04618661085458988,0.04618661085458988,1.0186335403726705,0.9726562500000001,11.0,0,"('קשת 12', '2024-11-14', 24)","('קשת 12', '2024-11-14', 24)",2024-11-14 08:48:00
קשת 12,News_last_long,News,last,long,morning,2024-11-14,9,7.533333333333333,452.0,28,-0.07957582855229345,0.07957582855229345,1.0613496932515336,0.9801649208825495,14.0,0,"('קשת 12', '2024-11-14', 24)","('קשת 12', '2024-11-14', 24)",2024-11-14 09:20:00
קשת 12,Other_first_standard,Other,first,standard,morning,2024-11-14,9,1.7,102.0,6,0.04098370310173197,-0.04098370310173197,0.9461077844311377,0.985688323489323,1.0,1,"('קשת 12', '2024-11-14', 40)","('קשת 12', '2024-11-14', 40)",2024-11-14 09:51:00
קשת 12,Other_middle_long,Other,middle,long,afternoon,2024-11-14,12,6.316666666666666,379.0,19,0.05810281230644014,-0.05810281230644014,0.986842105263158,1.0458789010402774,1.0,1,"('קשת 12', '2024-11-14', 50)","('קשת 12', '2024-11-14', 50)",2024-11-14 12:48:00
קשת 12,Other_last_short,Other,last,short,afternoon,2024-11-14,13,1.4166666666666667,85.0,8,0.09926271843631274,-0.09926271843631274,0.9352941176470587,1.032898041185334,4.0,0,"('קשת 12', '2024-11-14', 50)","('קשת 12', '2024-11-14', 50)",2024-11-14 13:37:00
קשת 12,Other_last_short,Other,last,short,afternoon,2024-11-14,13,1.2166666666666666,73.0,5,0.04838531703342956,-0.04838531703342956,0.9622641509433962,1.0099683929005592,5.0,0,"('קשת 12', '2024-11-14', 50)","('קשת 12', '2024-11-14', 50)",2024-11-14 13:40:00
קשת 12,News_last_short,News,last,short,afternoon,2024-11-14,15,1.05,63.0,5,-0.07614571824975391,0.07614571824975391,1.1098901098901102,1.0285142571285644,4.0,0,"('קשת 12', '2024-11-14', 59)","('קשת 12', '2024-11-14', 59)",2024-11-14 15:53:00
קשת 12,News_middle_long,News,middle,long,afternoon,2024-11-14,16,5.083333333333333,305.0,13,0.17643205295006587,-0.17643205295006587,0.8356643356643356,0.9969085823641983,1.0,1,"('קשת 12', '2024-11-14', 63)","('קשת 12', '2024-11-14', 63)",2024-11-14 16:35:00
קשת 12,Other_last_short,Other,last,short,early_evening,2024-11-14,17,1.1833333333333333,71.0,9,-0.1109147185927394,0.1109147185927394,1.1034482758620687,0.987602840076637,1.0,1,"('קשת 12', '2024-11-14', 66)","('קשת 12', '2024-11-14', 66)",2024-11-14 17:33:00
קשת 12,Other_first_standard,Other,first,standard,early_evening,2024-11-14,17,2.216666666666667,133.0,3,-0.009838457536085567,0.009838457536085567,1.0619834710743803,1.051586421122698,1.0,1,"('קשת 12', '2024-11-14', 69)","('קשת 12', '2024-11-14', 69)",2024-11-14 17:52:00
קשת 12,News_middle_standard,News,middle,standard,early_evening,2024-11-14,18,1.5,90.0,10,-0.00526122792926303,0.00526122792926303,0.9904761904761905,0.9852787539177511,1.0,1,"('קשת 12', '2024-11-14', 70)","('קשת 12', '2024-11-14', 70)",2024-11-14 18:19:00
קשת 12,News_middle_long,News,middle,long,early_evening,2024-11-14,18,5.866666666666666,352.0,23,-0.024101525881222798,0.024101525881222798,1.0352564102564104,1.0106034316560633,2.0,0,"('קשת 12', '2024-11-14', 70)","('קשת 12', '2024-11-14', 70)",2024-11-14 18:22:00
קשת 12,Other_first_long,Other,first,long,early_evening,2024-11-14,18,8.466666666666667,508.0,35,-0.16850977259510364,0.16850977259510364,1.1137566137566137,0.9410385863685541,1.0,1,"('קשת 12', '2024-11-14', 74)","('קשת 12', '2024-11-14', 74)",2024-11-14 18:58:00
קשת 12,News_middle_long,News,middle,long,late_evening,2024-11-14,20,8.8,528.0,24,0.034808147677438464,-0.034808147677438464,0.9698681732580039,1.0042219143742992,1.0,1,"('קשת 12', '2024-11-14', 79)","('קשת 12', '2024-11-14', 79)",2024-11-14 20:29:00
קשת 12,News_middle_long,News,middle,long,late_evening,2024-11-14,20,8.233333333333333,494.0,21,0.06484266899982291,-0.06484266899982291,0.9291338582677166,0.9913775950122707,2.0,0,"('קשת 12', '2024-11-14', 79)","('קשת 12', '2024-11-14', 79)",2024-11-14 20:51:00
קשת 12,News_last_long,News,last,long,late_evening,2024-11-14,21,5.283333333333333,317.0,18,0.13454899838466616,-0.13454899838466616,0.8011363636363638,0.9165165937741189,3.0,0,"('קשת 12', '2024-11-14', 79)","('קשת 12', '2024-11-14', 79)",2024-11-14 21:09:00
קשת 12,Other_first_long,Other,first,long,late_evening,2024-11-14,22,10.083333333333334,605.0,37,0.0464923075051042,-0.0464923075051042,0.8991825613079019,0.9419746777948107,1.0,1,"('קשת 12', '2024-11-14', 88)","('קשת 12', '2024-11-14', 88)",2024-11-14 22:00:00
קשת 12,Other_middle_standard,Other,middle,standard,overnight,2024-11-15,0,2.7333333333333334,164.0,7,0.241438845124897,-0.241438845124897,0.735632183908046,0.9365183246073299,1.0,1,"('קשת 12', '2024-11-15', 1)","('קשת 12', '2024-11-15', 1)",2024-11-15 00:44:00
קשת 12,Other_last_standard,Other,last,standard,overnight,2024-11-15,1,2.716666666666667,163.0,7,-0.11616823160684547,0.11616823160684547,1.0727272727272728,0.9550763701707098,2.0,0,"('קשת 12', '2024-11-15', 1)","('קשת 12', '2024-11-15', 1)",2024-11-15 01:09:00
קשת 12,Other_first_short,Other,first,short,overnight,2024-11-15,1,1.2833333333333334,77.0,2,-0.09949915441005887,0.09949915441005887,1.0465116279069768,0.9473972602739725,1.0,1,"('קשת 12', '2024-11-15', 5)","('קשת 12', '2024-11-15', 5)",2024-11-15 01:36:00
קשת 12,Other_first_short,Other,first,short,overnight,2024-11-15,2,1.15,69.0,2,-0.11398163994985573,0.11398163994985573,1.1199999999999999,0.9993472584856399,1.0,1,"('קשת 12', '2024-11-15', 7)","('קשת 12', '2024-11-15', 7)",2024-11-15 02:12:00
קשת 12,PrimeShow1_first_short,PrimeShow1,first,short,morning,2024-11-15,7,1.0333333333333334,62.0,3,-0.027025405369612638,0.027025405369612638,1.0526315789473686,1.0245647507751015,5.0,0,"('קשת 12', '2024-11-15', 23)","('קשת 12', '2024-11-15', 23)",2024-11-15 07:55:00
קשת 12,PrimeShow1_middle_long,PrimeShow1,middle,long,morning,2024-11-15,8,4.766666666666667,286.0,16,0.055440751507308136,-0.055440751507308136,0.875,0.9248805905340859,8.0,0,"('קשת 12', '2024-11-15', 23)","('קשת 12', '2024-11-15', 23)",2024-11-15 08:24:00
קשת 12,PrimeShow1_middle_short,PrimeShow1,middle,short,morning,2024-11-15,8,1.2166666666666666,73.0,6,0.09369444554748196,-0.09369444554748196,0.9387755102040817,1.0309859154929577,9.0,0,"('קשת 12', '2024-11-15', 23)","('קשת 12', '2024-11-15', 23)",2024-11-15 08:31:00
קשת 12,PrimeShow1_middle_long,PrimeShow1,middle,long,morning,2024-11-15,8,5.9,354.0,16,0.001406541106608289,-0.001406541106608289,0.9594594594594594,0.9608099281515351,10.0,0,"('קשת 12', '2024-11-15', 23)","('קשת 12', '2024-11-15', 23)",2024-11-15 08:50:00
קשת 12,PrimeShow1_last_long,PrimeShow1,last,long,morning,2024-11-15,9,6.166666666666667,370.0,21,-0.02541941642245882,0.02541941642245882,1.0425531914893618,1.0163860830527498,13.0,0,"('קשת 12', '2024-11-15', 23)","('קשת 12', '2024-11-15', 23)",2024-11-15 09:27:00
קשת 12,PrimeShow1_last_short,PrimeShow1,last,short,morning,2024-11-15,9,0.8666666666666667,52.0,2,0.05612224582100883,-0.05612224582100883,0.9460784313725491,1.0006926806742096,14.0,0,"('קשת 12', '2024-11-15', 23)","('קשת 12', '2024-11-15', 23)",2024-11-15 09:56:00
קשת 12,PrimeShow1_last_short,PrimeShow1,last,short,morning,2024-11-15,10,0.4666666666666667,28.0,2,-0.0930706994080617,0.0930706994080617,1.0686274509803921,0.9736575481256332,3.0,0,"('קשת 12', '2024-11-15', 37)","('קשת 12', '2024-11-15', 37)",2024-11-15 10:48:00
קשת 12,Other_middle_long,Other,middle,long,morning,2024-11-15,11,3.816666666666667,229.0,10,0.10558591856647824,-0.10558591856647824,0.9176470588235294,1.0198376916140668,1.0,1,"('קשת 12', '2024-11-15', 43)","('קשת 12', '2024-11-15', 43)",2024-11-15 11:46:00
קשת 12,Other_middle_short,Other,middle,short,afternoon,2024-11-15,12,1.2166666666666666,73.0,3,-0.2026137526635086,0.2026137526635086,1.247191011235955,1.0184481823114488,1.0,1,"('קשת 12', '2024-11-15', 48)","('קשת 12', '2024-11-15', 48)",2024-11-15 12:38:00
קשת 12,Other_last_short,Other,last,short,afternoon,2024-11-15,15,1.2333333333333334,74.0,5,-0.16792009515763395,0.16792009515763395,1.183673469387755,1.000702864171499,6.0,0,"('קשת 12', '2024-11-15', 61)","('קשת 12', '2024-11-15', 61)",2024-11-15 15:35:00
קשת 12,Other_middle_short,Other,middle,short,afternoon,2024-11-15,16,0.8666666666666667,52.0,2,0.07497788428212426,-0.07497788428212426,0.9786096256684491,1.0548044773949703,1.0,1,"('קשת 12', '2024-11-15', 66)","('קשת 12', '2024-11-15', 66)",2024-11-15 16:47:00
קשת 12,Other_middle_short,Other,middle,short,early_evening,2024-11-15,17,0.9666666666666667,58.0,5,-0.06718699510864384,0.06718699510864384,1.0775510204081635,1.0075321222862206,2.0,0,"('קשת 12', '2024-11-15', 66)","('קשת 12', '2024-11-15', 66)",2024-11-15 17:18:00
קשת 12,Other_first_short,Other,first,short,early_evening,2024-11-15,18,1.0,60.0,2,-0.02294236116110611,0.02294236116110611,0.994236311239193,0.9716858522094319,1.0,1,"('קשת 12', '2024-11-15', 71)","('קשת 12', '2024-11-15', 71)",2024-11-15 18:40:00
קשת 12,Other_middle_long,Other,middle,long,early_evening,2024-11-15,19,7.566666666666666,454.0,28,0.0460501674628689,-0.0460501674628689,0.9812500000000001,1.0274933111910691,2.0,0,"('קשת 12', '2024-11-15', 71)","('קשת 12', '2024-11-15', 71)",2024-11-15 19:15:00
קשת 12,Other_first_short,Other,first,short,early_evening,2024-11-15,19,1.1833333333333333,71.0,2,-0.08651364980203585,0.08651364980203585,1.324175824175824,1.214432144321443,1.0,1,"('קשת 12', '2024-11-15', 76)","('קשת 12', '2024-11-15', 76)",2024-11-15 19:53:00
קשת 12,News_middle_long,News,middle,long,late_evening,2024-11-15,20,5.75,345.0,14,-0.10937095563293933,0.10937095563293933,1.0853391684901532,0.97289567760806,1.0,1,"('קשת 12', '2024-11-15', 77)","('קשת 12', '2024-11-15', 77)",2024-11-15 20:45:00
קשת 12,News_middle_long,News,middle,long,late_evening,2024-11-15,21,6.316666666666666,379.0,19,0.10715664692634053,-0.10715664692634053,0.8768656716417912,0.9760467252920331,2.0,0,"('קשת 12', '2024-11-15', 77)","('קשת 12', '2024-11-15', 77)",2024-11-15 21:12:00
קשת 12,News_last_long,News,last,long,late_evening,2024-11-15,21,6.283333333333333,377.0,17,0.011926170688551271,-0.011926170688551271,0.9228971962616823,0.9339697209217486,3.0,0,"('קשת 12', '2024-11-15', 77)","('קשת 12', '2024-11-15', 77)",2024-11-15 21:33:00
קשת 12,Other_middle_long,Other,middle,long,late_evening,2024-11-15,22,9.833333333333334,590.0,31,0.17637858085613475,-0.17637858085613475,0.874680306905371,1.0433970224820688,1.0,1,"('קשת 12', '2024-11-15', 85)","('קשת 12', '2024-11-15', 85)",2024-11-15 22:14:00
קשת 12,Other_first_long,Other,first,long,late_evening,2024-11-15,22,8.0,480.0,22,0.3618222444521737,-0.3618222444521737,0.5927977839335181,0.8512242268041238,1.0,1,"('קשת 12', '2024-11-15', 88)","('קשת 12', '2024-11-15', 88)",2024-11-15 22:52:00
קשת 12,Other_first_long,Other,first,long,late_evening,2024-11-15,23,4.066666666666666,244.0,11,-0.30514517820418285,0.30514517820418285,1.0945273631840795,0.8066845817937522,1.0,1,"('קשת 12', '2024-11-15', 89)","('קשת 12', '2024-11-15', 89)",2024-11-15 23:08:00
קשת 12,Other_last_long,Other,last,long,late_evening,2024-11-15,23,6.7,402.0,18,-0.35271289472645845,0.35271289472645845,1.0960698689956332,0.7702948162637975,2.0,0,"('קשת 12', '2024-11-15', 89)","('קשת 12', '2024-11-15', 89)",2024-11-15 23:47:00
קשת 12,Other_first_standard,Other,first,standard,overnight,2024-11-16,0,2.066666666666667,124.0,5,0.35114590245958677,-0.35114590245958677,0.6785714285714286,0.9640427599611274,1.0,1,"('קשת 12', '2024-11-16', 1)","('קשת 12', '2024-11-16', 1)",2024-11-16 00:42:00
קשת 12,Other_middle_long,Other,middle,long,overnight,2024-11-16,1,3.65,219.0,8,0.2688629928361575,-0.2688629928361575,0.693877551020408,0.9079220240564083,1.0,1,"('קשת 12', '2024-11-16', 2)","('קשת 12', '2024-11-16', 2)",2024-11-16 01:04:00
קשת 12,Other_last_short,Other,last,short,overnight,2024-11-16,1,1.0,60.0,2,-0.12325131695035654,0.12325131695035654,1.08,0.9547647768395657,1.0,1,"('קשת 12', '2024-11-16', 4)","('קשת 12', '2024-11-16', 4)",2024-11-16 01:58:00
קשת 12,Other_middle_short,Other,middle,short,overnight,2024-11-16,4,1.2833333333333334,77.0,2,-0.02580788395587259,0.02580788395587259,1.0,0.9745222929936306,1.0,1,"('קשת 12', '2024-11-16', 13)","('קשת 12', '2024-11-16', 13)",2024-11-16 04:55:00
קשת 12,PrimeShow2_first_short,PrimeShow2,first,short,morning,2024-11-16,8,0.9333333333333333,56.0,3,-0.14652741623904653,0.14652741623904653,1.1944444444444444,1.031644118321486,1.0,1,"('קשת 12', '2024-11-16', 28)","('קשת 12', '2024-11-16', 28)",2024-11-16 08:35:00
קשת 12,Other_middle_long,Other,middle,long,morning,2024-11-16,9,4.716666666666667,283.0,14,0.04848596932495525,-0.04848596932495525,0.9368421052631579,0.983385024368631,1.0,1,"('קשת 12', '2024-11-16', 33)","('קשת 12', '2024-11-16', 33)",2024-11-16 09:36:00
קשת 12,Other_first_long,Other,first,long,morning,2024-11-16,10,5.6,336.0,18,-0.17737927443415613,0.17737927443415613,1.1165048543689322,0.9350304958896843,1.0,1,"('קשת 12', '2024-11-16', 39)","('קשת 12', '2024-11-16', 39)",2024-11-16 10:55:00
קשת 12,Other_first_long,Other,first,long,morning,2024-11-16,11,4.633333333333334,278.0,18,0.1624691132407758,-0.1624691132407758,0.8660714285714288,1.0188568061284622,1.0,1,"('קשת 12', '2024-11-16', 45)","('קשת 12', '2024-11-16', 45)",2024-11-16 11:55:00
קשת 12,PrimeShow2_last_long,PrimeShow2,last,long,afternoon,2024-11-16,12,4.883333333333334,293.0,16,-0.20833245519583243,0.20833245519583243,1.25,1.0149213239283774,3.0,0,"('קשת 12', '2024-11-16', 48)","('קשת 12', '2024-11-16', 48)",2024-11-16 12:38:00
קשת 12,PrimeShow2_middle_long,PrimeShow2,middle,long,afternoon,2024-11-16,13,3.7333333333333334,224.0,15,0.07979521355025868,-0.07979521355025868,0.9,0.9747587230883447,1.0,1,"('קשת 12', '2024-11-16', 54)","('קשת 12', '2024-11-16', 54)",2024-11-16 13:30:00
קשת 12,PrimeShow2_last_short,PrimeShow2,last,short,afternoon,2024-11-16,13,0.8833333333333333,53.0,3,-0.23774911315221642,0.23774911315221642,1.3086419753086418,1.0317339426250316,2.0,0,"('קשת 12', '2024-11-16', 54)","('קשת 12', '2024-11-16', 54)",2024-11-16 13:35:00
קשת 12,Other_last_short,Other,last,short,afternoon,2024-11-16,15,1.0833333333333333,65.0,5,-0.008316421157415762,0.008316421157415762,1.0243902439024393,1.0159063100856496,4.0,0,"('קשת 12', '2024-11-16', 61)","('קשת 12', '2024-11-16', 61)",2024-11-16 15:43:00
קשת 12,Other_middle_long,Other,middle,long,afternoon,2024-11-16,16,4.65,279.0,12,-0.04964912485600111,0.04964912485600111,1.0869565217391304,1.0343078758949882,1.0,1,"('קשת 12', '2024-11-16', 65)","('קשת 12', '2024-11-16', 65)",2024-11-16 16:32:00
קשת 12,Other_last_short,Other,last,short,early_evening,2024-11-16,17,1.2333333333333334,74.0,6,0.03885743647760531,-0.03885743647760531,0.9949494949494949,1.0343716433941998,3.0,0,"('קשת 12', '2024-11-16', 67)","('קשת 12', '2024-11-16', 67)",2024-11-16 17:09:00
קשת 12,News_middle_long,News,middle,long,early_evening,2024-11-16,18,4.433333333333334,266.0,10,0.1165122131742822,-0.1165122131742822,0.9364640883977902,1.0521841102316036,1.0,1,"('קשת 12', '2024-11-16', 70)","('קשת 12', '2024-11-16', 70)",2024-11-16 18:26:00
קשת 12,PrimeShow2_first_long,PrimeShow2,first,long,early_evening,2024-11-16,19,9.15,549.0,32,0.03367260224917934,-0.03367260224917934,0.9249394673123487,0.9566148901981789,1.0,1,"('קשת 12', '2024-11-16', 72)","('קשת 12', '2024-11-16', 72)",2024-11-16 19:00:00
קשת 12,Other_first_standard,Other,first,standard,early_evening,2024-11-16,19,2.9166666666666665,175.0,9,0.05679107801670022,-0.05679107801670022,1.146726862302483,1.2137354532043925,1.0,1,"('קשת 12', '2024-11-16', 76)","('קשת 12', '2024-11-16', 76)",2024-11-16 19:51:00
קשת 12,News_first_long,News,first,long,late_evening,2024-11-16,20,8.75,525.0,23,0.05813148646926898,-0.05813148646926898,0.8981818181818183,0.9519419008525418,1.0,1,"('קשת 12', '2024-11-16', 77)","('קשת 12', '2024-11-16', 77)",2024-11-16 20:26:00
קשת 12,News_middle_long,News,middle,long,late_evening,2024-11-16,20,9.216666666666667,553.0,28,0.04991558603104893,-0.04991558603104893,0.9097345132743363,0.9562968709594001,2.0,0,"('קשת 12', '2024-11-16', 77)","('קשת 12', '2024-11-16', 77)",2024-11-16 20:46:00
קשת 12,News_last_long,News,last,long,late_evening,2024-11-16,21,7.783333333333333,467.0,27,-0.07429128286644106,0.07429128286644106,1.0037523452157597,0.9318849089841457,3.0,0,"('קשת 12', '2024-11-16', 77)","('קשת 12', '2024-11-16', 77)",2024-11-16 21:06:00
קשת 12,Other_middle_long,Other,middle,long,late_evening,2024-11-16,22,9.65,579.0,36,0.04806534297315601,-0.04806534297315601,1.0048701298701301,1.0543491447288609,1.0,1,"('קשת 12', '2024-11-16', 86)","('קשת 12', '2024-11-16', 86)",2024-11-16 22:12:00
קשת 12,Other_first_long,Other,first,long,late_evening,2024-11-16,23,5.933333333333334,356.0,19,0.2839171875761118,-0.2839171875761118,0.571041948579161,0.7585281111813015,1.0,1,"('קשת 12', '2024-11-16', 90)","('קשת 12', '2024-11-16', 90)",2024-11-16 23:06:00
קשת 12,Other_first_long,Other,first,long,late_evening,2024-11-16,23,7.05,423.0,26,0.35998611242117573,-0.35998611242117573,0.5949820788530468,0.852793471437539,1.0,1,"('קשת 12', '2024-11-16', 93)","('קשת 12', '2024-11-16', 93)",2024-11-16 23:52:00
קשת 12,Other_first_short,Other,first,short,overnight,2024-11-17,3,1.1166666666666667,67.0,2,-0.133651347041988,0.133651347041988,1.0,0.8748950461796808,1.0,1,"('קשת 12', '2024-11-17', 8)","('קשת 12', '2024-11-17', 8)",2024-11-17 03:00:00
קשת 12,Other_last_short,Other,last,short,overnight,2024-11-17,4,1.0,60.0,2,0.03927573529970917,-0.03927573529970917,1.0,1.040057224606581,2.0,0,"('קשת 12', '2024-11-17', 8)","('קשת 12', '2024-11-17', 8)",2024-11-17 04:41:00
קשת 12,Other_middle_short,Other,middle,short,overnight,2024-11-17,5,1.1166666666666667,67.0,2,0.030066688598783784,-0.030066688598783784,1.0,1.0305232558139534,1.0,1,"('קשת 12', '2024-11-17', 14)","('קשת 12', '2024-11-17', 14)",2024-11-17 05:22:00
קשת 12,News_first_long,News,first,long,morning,2024-11-17,7,7.033333333333333,422.0,27,0.14825978286058436,-0.14825978286058436,0.844559585492228,0.9795321637426899,3.0,0,"('קשת 12', '2024-11-17', 24)","('קשת 12', '2024-11-17', 24)",2024-11-17 07:23:00
קשת 12,News_middle_long,News,middle,long,morning,2024-11-17,7,5.916666666666667,355.0,16,0.14279565522750798,-0.14279565522750798,0.8757062146892653,1.0101219231654013,4.0,0,"('קשת 12', '2024-11-17', 24)","('קשת 12', '2024-11-17', 24)",2024-11-17 07:51:00
קשת 12,News_middle_long,News,middle,long,morning,2024-11-17,8,6.5,390.0,23,-0.16608668252709877,0.16608668252709877,1.099337748344371,0.931109185441941,7.0,0,"('קשת 12', '2024-11-17', 24)","('קשת 12', '2024-11-17', 24)",2024-11-17 08:22:00
קשת 12,News_last_long,News,last,long,morning,2024-11-17,8,5.55,333.0,20,0.1413458322865542,-0.1413458322865542,0.8333333333333334,0.9598524305555556,8.0,0,"('קשת 12', '2024-11-17', 24)","('קשת 12', '2024-11-17', 24)",2024-11-17 08:48:00
קשת 12,News_last_long,News,last,long,morning,2024-11-17,9,4.733333333333333,284.0,20,0.052965947074362134,-0.052965947074362134,0.9256756756756755,0.9760266370699223,11.0,0,"('קשת 12', '2024-11-17', 24)","('קשת 12', '2024-11-17', 24)",2024-11-17 09:22:00
קשת 12,Other_first_long,Other,first,long,morning,2024-11-17,9,4.7,282.0,16,-0.08292704073752553,0.08292704073752553,1.0857142857142856,0.9993112947658402,1.0,1,"('קשת 12', '2024-11-17', 37)","('קשת 12', '2024-11-17', 37)",2024-11-17 09:54:00
קשת 12,Other_last_long,Other,last,long,morning,2024-11-17,11,4.083333333333333,245.0,13,0.061946926976587754,-0.061946926976587754,0.925531914893617,0.9846788450206247,3.0,0,"('קשת 12', '2024-11-17', 41)","('קשת 12', '2024-11-17', 41)",2024-11-17 11:30:00
קשת 12,Other_last_short,Other,last,short,morning,2024-11-17,11,0.23333333333333334,14.0,2,0.04736668812274524,-0.04736668812274524,0.9540229885057473,1.000299222022741,4.0,0,"('קשת 12', '2024-11-17', 41)","('קשת 12', '2024-11-17', 41)",2024-11-17 11:36:00
קשת 12,Other_first_long,Other,first,long,afternoon,2024-11-17,12,4.966666666666667,298.0,16,0.10813820754194779,-0.10813820754194779,0.9042553191489362,1.0075228371843095,1.0,1,"('קשת 12', '2024-11-17', 47)","('קשת 12', '2024-11-17', 47)",2024-11-17 12:40:00
קשת 12,News_last_short,News,last,short,afternoon,2024-11-17,15,1.0833333333333333,65.0,5,0.10177794914756974,-0.10177794914756974,0.924242424242424,1.0232635427052177,4.0,0,"('קשת 12', '2024-11-17', 54)","('קשת 12', '2024-11-17', 54)",2024-11-17 15:54:00
קשת 12,News_middle_long,News,middle,long,afternoon,2024-11-17,16,4.15,249.0,14,-0.013794716677850236,0.013794716677850236,0.9952153110047849,0.9815808556925307,1.0,1,"('קשת 12', '2024-11-17', 58)","('קשת 12', '2024-11-17', 58)",2024-11-17 16:37:00
קשת 12,Other_first_standard,Other,first,standard,early_evening,2024-11-17,17,2.183333333333333,131.0,3,-0.028075112349786734,0.028075112349786734,1.0688405797101448,1.0392500822278257,1.0,1,"('קשת 12', '2024-11-17', 63)","('קשת 12', '2024-11-17', 63)",2024-11-17 17:53:00
קשת 12,Other_first_long,Other,first,long,early_evening,2024-11-17,18,10.433333333333334,626.0,43,-0.04095636399171358,0.04095636399171358,1.0,0.9598710139734861,1.0,1,"('קשת 12', '2024-11-17', 68)","('קשת 12', '2024-11-17', 68)",2024-11-17 18:59:00
קשת 12,News_middle_long,News,middle,long,late_evening,2024-11-17,20,9.916666666666666,595.0,26,0.04792332501988069,-0.04792332501988069,0.961883408071749,1.0091024697142092,1.0,1,"('קשת 12', '2024-11-17', 72)","('קשת 12', '2024-11-17', 72)",2024-11-17 20:37:00
קשת 12,News_last_long,News,last,long,late_evening,2024-11-17,21,9.633333333333333,578.0,30,-0.008908743547103401,0.008908743547103401,0.9609544468546638,0.9524315705554078,2.0,0,"('קשת 12', '2024-11-17', 72)","('קשת 12', '2024-11-17', 72)",2024-11-17 21:04:00
קשת 12,Other_middle_long,Other,middle,long,late_evening,2024-11-17,22,8.583333333333334,515.0,27,-0.02558191595813633,0.02558191595813633,1.1040892193308551,1.0762027175908924,1.0,1,"('קשת 12', '2024-11-17', 81)","('קשת 12', '2024-11-17', 81)",2024-11-17 22:10:00
קשת 12,Other_last_long,Other,last,long,late_evening,2024-11-17,22,8.233333333333333,494.0,26,-0.035944145258855115,0.035944145258855115,0.9315068493150686,0.8986192312476676,2.0,0,"('קשת 12', '2024-11-17', 81)","('קשת 12', '2024-11-17', 81)",2024-11-17 22:46:00
קשת 12,Other_middle_short,Other,middle,short,overnight,2024-11-18,5,1.1666666666666667,70.0,2,-0.35279055655718977,0.35279055655718977,1.4999999999999996,1.0540865384615383,1.0,1,"('קשת 12', '2024-11-18', 17)","('קשת 12', '2024-11-18', 17)",2024-11-18 05:36:00
קשת 12,News_first_long,News,first,long,morning,2024-11-18,7,7.716666666666667,463.0,26,0.061346953830591834,-0.061346953830591834,0.9379310344827586,0.9972718253968254,3.0,0,"('קשת 12', '2024-11-18', 25)","('קשת 12', '2024-11-18', 25)",2024-11-18 07:25:00
קשת 12,News_middle_long,News,middle,long,morning,2024-11-18,7,6.966666666666667,418.0,22,0.09106482204115451,-0.09106482204115451,0.9574468085106382,1.048729792147806,6.0,0,"('קשת 12', '2024-11-18', 25)","('קשת 12', '2024-11-18', 25)",2024-11-18 07:52:00
קשת 12,News_last_long,News,last,long,morning,2024-11-18,8,8.0,480.0,25,0.12151603996987534,-0.12151603996987534,0.8481012658227849,0.9576822916666666,11.0,0,"('קשת 12', '2024-11-18', 25)","('קשת 12', '2024-11-18', 25)",2024-11-18 08:48:00
קשת 12,News_last_long,News,last,long,morning,2024-11-18,9,3.8833333333333333,233.0,15,0.02642133478037858,-0.02642133478037858,0.9645390070921985,0.9903630658897357,14.0,0,"('קשת 12', '2024-11-18', 25)","('קשת 12', '2024-11-18', 25)",2024-11-18 09:26:00
קשת 12,Other_first_long,Other,first,long,morning,2024-11-18,9,3.533333333333333,212.0,13,0.14073447147497045,-0.14073447147497045,0.8733333333333334,1.005310551835604,1.0,1,"('קשת 12', '2024-11-18', 39)","('קשת 12', '2024-11-18', 39)",2024-11-18 09:56:00
קשת 12,Other_last_long,Other,last,long,morning,2024-11-18,10,4.016666666666667,241.0,15,0.010688051429171737,-0.010688051429171737,0.9740259740259741,0.9844922461230613,4.0,0,"('קשת 12', '2024-11-18', 39)","('קשת 12', '2024-11-18', 39)",2024-11-18 10:39:00
קשת 12,Other_last_short,Other,last,short,morning,2024-11-18,10,0.3,18.0,2,0.013931021359067451,-0.013931021359067451,0.9866666666666667,1.0005081300813008,5.0,0,"('קשת 12', '2024-11-18', 39)","('קשת 12', '2024-11-18', 39)",2024-11-18 10:45:00
קשת 12,Other_first_long,Other,first,long,afternoon,2024-11-18,12,5.833333333333333,350.0,12,0.15367008080394637,-0.15367008080394637,0.8617021276595747,1.0048361096184846,1.0,1,"('קשת 12', '2024-11-18', 49)","('קשת 12', '2024-11-18', 49)",2024-11-18 12:40:00
קשת 12,News_last_short,News,last,short,afternoon,2024-11-18,15,0.75,45.0,4,0.040613272939176895,-0.040613272939176895,0.9855072463768115,1.0263558033451596,4.0,0,"('קשת 12', '2024-11-18', 57)","('קשת 12', '2024-11-18', 57)",2024-11-18 15:51:00
קשת 12,News_last_long,News,last,long,afternoon,2024-11-18,16,3.216666666666667,193.0,11,0.0292565569359456,-0.0292565569359456,0.9955947136563879,1.0251526606571677,1.0,1,"('קשת 12', '2024-11-18', 61)","('קשת 12', '2024-11-18', 61)",2024-11-18 16:41:00
קשת 12,Other_first_standard,Other,first,standard,early_evening,2024-11-18,17,2.316666666666667,139.0,3,0.02657080740760915,-0.02657080740760915,1.012,1.0392500822278257,1.0,1,"('קשת 12', '2024-11-18', 66)","('קשת 12', '2024-11-18', 66)",2024-11-18 17:53:00
קשת 12,Other_first_long,Other,first,long,early_evening,2024-11-18,18,8.816666666666666,529.0,34,-0.0705810648055411,0.0705810648055411,1.0176678445229679,0.9483160157649587,1.0,1,"('קשת 12', '2024-11-18', 71)","('קשת 12', '2024-11-18', 71)",2024-11-18 18:59:00
קשת 12,News_first_long,News,first,long,late_evening,2024-11-18,20,8.15,489.0,20,0.02191706145282464,-0.02191706145282464,0.9819999999999998,1.00376014248961,1.0,1,"('קשת 12', '2024-11-18', 75)","('קשת 12', '2024-11-18', 75)",2024-11-18 20:29:00
קשת 12,News_last_long,News,last,long,late_evening,2024-11-18,21,8.166666666666666,490.0,23,0.04048816229093437,-0.04048816229093437,0.9376770538243626,0.9764209158817798,2.0,0,"('קשת 12', '2024-11-18', 75)","('קשת 12', '2024-11-18', 75)",2024-11-18 21:11:00
קשת 12,News_last_long,News,last,long,late_evening,2024-11-18,21,9.216666666666667,553.0,27,0.17031214706649422,-0.17031214706649422,0.8073248407643311,0.9572247986331461,3.0,0,"('קשת 12', '2024-11-18', 75)","('קשת 12', '2024-11-18', 75)",2024-11-18 21:31:00
קשת 12,Other_middle_long,Other,middle,long,late_evening,2024-11-18,22,10.85,651.0,37,-0.07964478083884492,0.07964478083884492,0.9816933638443934,0.9065391541948706,1.0,1,"('קשת 12', '2024-11-18', 86)","('קשת 12', '2024-11-18', 86)",2024-11-18 22:43:00
קשת 12,Other_first_long,Other,first,long,late_evening,2024-11-18,23,5.883333333333334,353.0,14,0.14045619209367083,-0.14045619209367083,0.65625,0.7552116234996842,1.0,1,"('קשת 12', '2024-11-18', 88)","('קשת 12', '2024-11-18', 88)",2024-11-18 23:06:00
קשת 12,Other_middle_short,Other,middle,short,late_evening,2024-11-18,23,0.8166666666666667,49.0,4,-0.3140208289503494,0.3140208289503494,1.361904761904762,0.9948766206608114,2.0,0,"('קשת 12', '2024-11-18', 88)","('קשת 12', '2024-11-18', 88)",2024-11-18 23:13:00
קשת 12,Other_first_long,Other,first,long,overnight,2024-11-19,1,4.65,279.0,11,0.05677358286801871,-0.05677358286801871,0.9,0.9525745257452575,1.0,1,"('קשת 12', '2024-11-19', 4)","('קשת 12', '2024-11-19', 4)",2024-11-19 01:10:00
קשת 12,Other_last_short,Other,last,short,overnight,2024-11-19,1,0.36666666666666664,22.0,2,0.07608998510599768,-0.07608998510599768,0.9047619047619045,0.9762920815552395,2.0,0,"('קשת 12', '2024-11-19', 4)","('קשת 12', '2024-11-19', 4)",2024-11-19 01:16:00
קשת 12,Other_middle_short,Other,middle,short,overnight,2024-11-19,2,1.15,69.0,2,0.11069363070547972,-0.11069363070547972,0.8795180722891565,0.9824679703304113,1.0,1,"('קשת 12', '2024-11-19', 7)","('קשת 12', '2024-11-19', 7)",2024-11-19 02:21:00
קשת 12,Other_first_short,Other,first,short,overnight,2024-11-19,4,1.15,69.0,2,1.0407615937343997,-1.0407615937343997,0.3333333333333334,0.9437908496732025,1.0,1,"('קשת 12', '2024-11-19', 15)","('קשת 12', '2024-11-19', 15)",2024-11-19 04:59:00
קשת 12,Other_last_standard,Other,last,standard,overnight,2024-11-19,5,1.8166666666666667,109.0,3,0.00919969689842387,-0.00919969689842387,1.1666666666666665,1.1774491682070243,1.0,1,"('קשת 12', '2024-11-19', 17)","('קשת 12', '2024-11-19', 17)",2024-11-19 05:52:00
קשת 12,News_first_long,News,first,long,morning,2024-11-19,7,7.466666666666667,448.0,22,0.11600363305532763,-0.11600363305532763,0.9125,1.024737456242707,5.0,0,"('קשת 12', '2024-11-19', 25)","('קשת 12', '2024-11-19', 25)",2024-11-19 07:49:00
קשת 12,News_last_long,News,last,long,morning,2024-11-19,8,6.916666666666667,415.0,21,-0.22984632480362438,0.22984632480362438,1.2094594594594594,0.9611038678835289,10.0,0,"('קשת 12', '2024-11-19', 25)","('קשת 12', '2024-11-19', 25)",2024-11-19 08:47:00
קשת 12,News_last_long,News,last,long,morning,2024-11-19,9,5.85,351.0,24,0.06613641296040987,-0.06613641296040987,0.9207920792079207,0.9837488869100625,13.0,0,"('קשת 12', '2024-11-19', 25)","('קשת 12', '2024-11-19', 25)",2024-11-19 09:23:00
קשת 12,Other_first_long,Other,first,long,morning,2024-11-19,9,4.25,255.0,16,0.005758445378795692,-0.005758445378795692,0.9885714285714287,0.994280485014871,1.0,1,"('קשת 12', '2024-11-19', 37)","('קשת 12', '2024-11-19', 37)",2024-11-19 09:53:00
קשת 12,Other_last_long,Other,last,long,morning,2024-11-19,10,5.083333333333333,305.0,18,0.04878622716930808,-0.04878622716930808,0.9214285714285714,0.9674961909598782,4.0,0,"('קשת 12', '2024-11-19', 37)","('קשת 12', '2024-11-19', 37)",2024-11-19 10:49:00
קשת 12,Other_last_short,Other,last,short,morning,2024-11-19,10,0.3,18.0,2,-0.03712002610927915,0.03712002610927915,1.0310077519379846,0.9934383202099738,5.0,0,"('קשת 12', '2024-11-19', 37)","('קשת 12', '2024-11-19', 37)",2024-11-19 10:56:00
קשת 12,PrimeShow1_middle_long,PrimeShow1,middle,long,morning,2024-11-19,11,6.033333333333333,362.0,14,-0.046435837007796466,0.046435837007796466,1.037037037037037,0.9899823217442546,3.0,0,"('קשת 12', '2024-11-19', 42)","('קשת 12', '2024-11-19', 42)",2024-11-19 11:30:00
קשת 12,PrimeShow1_last_short,PrimeShow1,last,short,morning,2024-11-19,11,0.23333333333333334,14.0,2,0.11689375147149926,-0.11689375147149926,0.8928571428571429,1.0035714285714286,4.0,0,"('קשת 12', '2024-11-19', 42)","('קשת 12', '2024-11-19', 42)",2024-11-19 11:38:00
קשת 12,Other_first_long,Other,first,long,afternoon,2024-11-19,12,5.05,303.0,15,-0.1711858569838085,0.1711858569838085,1.211864406779661,1.021195652173913,1.0,1,"('קשת 12', '2024-11-19', 47)","('קשת 12', '2024-11-19', 47)",2024-11-19 12:32:00
קשת 12,News_last_short,News,last,short,afternoon,2024-11-19,15,1.1333333333333333,68.0,5,0.06639747864567255,-0.06639747864567255,0.9624413145539907,1.0285142571285644,4.0,0,"('קשת 12', '2024-11-19', 54)","('קשת 12', '2024-11-19', 54)",2024-11-19 15:53:00
קשת 12,News_last_long,News,last,long,afternoon,2024-11-19,16,5.7,342.0,15,-0.007658849650087254,0.007658849650087254,1.0246913580246912,1.01687337755985,1.0,1,"('קשת 12', '2024-11-19', 58)","('קשת 12', '2024-11-19', 58)",2024-11-19 16:40:00
קשת 12,Other_first_standard,Other,first,standard,early_evening,2024-11-19,17,2.6333333333333333,158.0,3,-0.01644173975841818,0.01644173975841818,1.0564784053156147,1.0392500822278257,1.0,1,"('קשת 12', '2024-11-19', 63)","('קשת 12', '2024-11-19', 63)",2024-11-19 17:53:00
קשת 12,Other_first_long,Other,first,long,early_evening,2024-11-19,18,10.733333333333333,644.0,46,0.043126753218827626,-0.043126753218827626,0.9193548387096776,0.9598710139734861,1.0,1,"('קשת 12', '2024-11-19', 68)","('קשת 12', '2024-11-19', 68)",2024-11-19 18:59:00
קשת 12,News_first_long,News,first,long,late_evening,2024-11-19,20,9.8,588.0,25,-0.056164894188992995,0.056164894188992995,0.9669117647058822,0.914102171918018,1.0,1,"('קשת 12', '2024-11-19', 72)","('קשת 12', '2024-11-19', 72)",2024-11-19 20:23:00
קשת 12,News_middle_long,News,middle,long,late_evening,2024-11-19,20,8.7,522.0,20,0.17482710270373092,-0.17482710270373092,0.8382099827882961,0.9983418451946675,2.0,0,"('קשת 12', '2024-11-19', 72)","('קשת 12', '2024-11-19', 72)",2024-11-19 20:51:00
קשת 12,News_last_long,News,last,long,late_evening,2024-11-19,21,9.0,540.0,23,0.13257717412733938,-0.13257717412733938,0.9809160305343514,1.1199776785714288,3.0,0,"('קשת 12', '2024-11-19', 72)","('קשת 12', '2024-11-19', 72)",2024-11-19 21:17:00
קשת 12,Other_middle_long,Other,middle,long,late_evening,2024-11-19,22,9.383333333333333,563.0,36,0.06556253630888047,-0.06556253630888047,0.9093406593406593,0.9709571358986848,1.0,1,"('קשת 12', '2024-11-19', 81)","('קשת 12', '2024-11-19', 81)",2024-11-19 22:35:00
קשת 12,Other_first_long,Other,first,long,late_evening,2024-11-19,23,4.25,255.0,15,0.12145501452987684,-0.12145501452987684,0.7530364372469637,0.850282485875706,1.0,1,"('קשת 12', '2024-11-19', 89)","('קשת 12', '2024-11-19', 89)",2024-11-19 23:52:00
קשת 12,Other_first_short,Other,first,short,late_evening,2024-11-19,23,0.8833333333333333,53.0,5,-0.08451053798733338,0.08451053798733338,1.0913978494623655,1.002953119232189,2.0,0,"('קשת 12', '2024-11-19', 89)","('קשת 12', '2024-11-19', 89)",2024-11-19 23:58:00
קשת 12,Other_middle_standard,Other,middle,standard,overnight,2024-11-20,1,1.8166666666666667,109.0,3,0.017019005169594606,-0.017019005169594606,0.9750000000000001,0.9917355371900826,1.0,1,"('קשת 12', '2024-11-20', 6)","('קשת 12', '2024-11-20', 6)",2024-11-20 01:42:00
קשת 12,Other_middle_short,Other,middle,short,overnight,2024-11-20,2,1.4333333333333333,86.0,2,-0.07347186958492825,0.07347186958492825,1.064516129032258,0.9891082368958476,1.0,1,"('קשת 12', '2024-11-20', 8)","('קשת 12', '2024-11-20', 8)",2024-11-20 02:23:00
קשת 12,Other_last_short,Other,last,short,overnight,2024-11-20,2,0.85,51.0,2,-0.03960913809504559,0.03960913809504559,1.0,0.9611650485436896,2.0,0,"('קשת 12', '2024-11-20', 8)","('קשת 12', '2024-11-20', 8)",2024-11-20 02:46:00
קשת 12,Other_first_short,Other,first,short,overnight,2024-11-20,3,1.4333333333333333,86.0,2,-0.020726130517116855,0.020726130517116855,1.0,0.9794871794871796,1.0,1,"('קשת 12', '2024-11-20', 11)","('קשת 12', '2024-11-20', 11)",2024-11-20 03:25:00
קשת 12,Other_last_short,Other,last,short,overnight,2024-11-20,5,0.7,42.0,2,0.13907157300013803,-0.13907157300013803,0.8571428571428572,0.9850340136054423,1.0,1,"('קשת 12', '2024-11-20', 15)","('קשת 12', '2024-11-20', 15)",2024-11-20 05:12:00
קשת 12,Other_first_short,Other,first,short,overnight,2024-11-20,5,1.4333333333333333,86.0,2,-0.06582370316769705,0.06582370316769705,1.1333333333333333,1.0611353711790394,1.0,1,"('קשת 12', '2024-11-20', 17)","('קשת 12', '2024-11-20', 17)",2024-11-20 05:23:00
קשת 12,Other_middle_standard,Other,middle,standard,overnight,2024-11-20,5,2.0166666666666666,121.0,3,-0.20910890604474147,0.20910890604474147,1.347826086956522,1.0935005701254277,2.0,0,"('קשת 12', '2024-11-20', 17)","('קשת 12', '2024-11-20', 17)",2024-11-20 05:41:00
קשת 12,News_middle_long,News,middle,long,morning,2024-11-20,7,6.183333333333334,371.0,17,0.07513463291998712,-0.07513463291998712,0.937007874015748,1.0101219231654013,5.0,0,"('קשת 12', '2024-11-20', 26)","('קשת 12', '2024-11-20', 26)",2024-11-20 07:51:00
קשת 12,News_middle_long,News,middle,long,morning,2024-11-20,8,6.633333333333334,398.0,25,0.03051370243734368,-0.03051370243734368,0.9121621621621622,0.9404246100519931,8.0,0,"('קשת 12', '2024-11-20', 26)","('קשת 12', '2024-11-20', 26)",2024-11-20 08:22:00
קשת 12,News_middle_short,News,middle,short,morning,2024-11-20,8,1.25,75.0,10,-0.05994186859439818,0.05994186859439818,1.0666666666666667,1.0046072333563696,9.0,0,"('קשת 12', '2024-11-20', 26)","('קשת 12', '2024-11-20', 26)",2024-11-20 08:30:00
קשת 12,News_last_long,News,last,long,morning,2024-11-20,8,6.916666666666667,415.0,22,-0.21016221372094882,0.21016221372094882,1.1791044776119401,0.9556084885231702,10.0,0,"('קשת 12', '2024-11-20', 26)","('קשת 12', '2024-11-20', 26)",2024-11-20 08:49:00
קשת 12,News_last_long,News,last,long,morning,2024-11-20,9,5.133333333333334,308.0,21,-0.05313017678383383,0.05313017678383383,1.048192771084337,0.9939556749496306,13.0,0,"('קשת 12', '2024-11-20', 26)","('קשת 12', '2024-11-20', 26)",2024-11-20 09:25:00
קשת 12,Other_first_long,Other,first,long,morning,2024-11-20,9,4.783333333333333,287.0,16,0.025419233732856247,-0.025419233732856247,0.9693251533742331,0.994280485014871,1.0,1,"('קשת 12', '2024-11-20', 41)","('קשת 12', '2024-11-20', 41)",2024-11-20 09:53:00
קשת 12,Other_last_long,Other,last,long,morning,2024-11-20,10,5.083333333333333,305.0,19,0.10597291151078929,-0.10597291151078929,0.8723404255319148,0.9698608964451314,4.0,0,"('קשת 12', '2024-11-20', 41)","('קשת 12', '2024-11-20', 41)",2024-11-20 10:51:00
קשת 12,Other_last_short,Other,last,short,morning,2024-11-20,10,0.7,42.0,4,0.05830055857638187,-0.05830055857638187,0.9268292682926831,0.9824701195219123,5.0,0,"('קשת 12', '2024-11-20', 41)","('קשת 12', '2024-11-20', 41)",2024-11-20 10:58:00
קשת 12,Other_first_long,Other,first,long,afternoon,2024-11-20,12,5.2,312.0,13,0.020192506189978438,-0.020192506189978438,0.9919354838709675,1.0121687398593835,1.0,1,"('קשת 12', '2024-11-20', 50)","('קשת 12', '2024-11-20', 50)",2024-11-20 12:35:00
קשת 12,News_middle_standard,News,middle,standard,afternoon,2024-11-20,15,1.6166666666666667,97.0,10,0.02010193584796615,-0.02010193584796615,0.9811320754716982,1.0010542962572484,1.0,1,"('קשת 12', '2024-11-20', 58)","('קשת 12', '2024-11-20', 58)",2024-11-20 15:30:00
קשת 12,News_middle_long,News,middle,long,afternoon,2024-11-20,16,4.866666666666666,292.0,13,-0.0370715687134411,0.0370715687134411,1.0261780104712042,0.9888324873096447,1.0,1,"('קשת 12', '2024-11-20', 62)","('קשת 12', '2024-11-20', 62)",2024-11-20 16:37:00
קשת 12,Other_first_standard,Other,first,standard,early_evening,2024-11-20,17,2.25,135.0,3,0.011751869905854816,-0.011751869905854816,1.0271084337349397,1.0392500822278257,1.0,1,"('קשת 12', '2024-11-20', 67)","('קשת 12', '2024-11-20', 67)",2024-11-20 17:53:00
קשת 12,Other_first_long,Other,first,long,early_evening,2024-11-20,18,8.35,501.0,37,-0.03829616499252057,0.03829616499252057,0.9853372434017595,0.9483160157649587,1.0,1,"('קשת 12', '2024-11-20', 72)","('קשת 12', '2024-11-20', 72)",2024-11-20 18:59:00
קשת 12,News_first_long,News,first,long,late_evening,2024-11-20,20,9.416666666666666,565.0,25,-0.018284053787309525,0.018284053787309525,0.9744597249508841,0.956804546889801,1.0,1,"('קשת 12', '2024-11-20', 77)","('קשת 12', '2024-11-20', 77)",2024-11-20 20:26:00
קשת 12,News_middle_long,News,middle,long,late_evening,2024-11-20,20,9.216666666666667,553.0,21,0.08536624858797104,-0.08536624858797104,0.8780487804878048,0.9562968709594001,2.0,0,"('קשת 12', '2024-11-20', 77)","('קשת 12', '2024-11-20', 77)",2024-11-20 20:46:00
קשת 12,News_last_long,News,last,long,late_evening,2024-11-20,21,9.433333333333334,566.0,27,0.02389050290622287,-0.02389050290622287,0.9378640776699028,0.9605399121673986,3.0,0,"('קשת 12', '2024-11-20', 77)","('קשת 12', '2024-11-20', 77)",2024-11-20 21:10:00
קשת 12,Other_first_long,Other,first,long,late_evening,2024-11-20,21,9.65,579.0,42,-0.020824816095018378,0.020824816095018378,0.9304461942257218,0.9112701847844181,1.0,1,"('קשת 12', '2024-11-20', 86)","('קשת 12', '2024-11-20', 86)",2024-11-20 21:57:00
קשת 12,Other_first_short,Other,first,short,late_evening,2024-11-20,22,1.2666666666666666,76.0,2,0.42442539028089327,-0.42442539028089327,0.6029900332225914,0.9217979517005945,1.0,1,"('קשת 12', '2024-11-20', 90)","('קשת 12', '2024-11-20', 90)",2024-11-20 22:51:00
קשת 12,Other_middle_long,Other,middle,long,late_evening,2024-11-20,23,4.816666666666666,289.0,14,-0.006592672420164147,0.006592672420164147,0.7672413793103449,0.7621998450813324,1.0,1,"('קשת 12', '2024-11-20', 91)","('קשת 12', '2024-11-20', 91)",2024-11-20 23:05:00
קשת 12,Other_middle_short,Other,middle,short,late_evening,2024-11-20,23,1.3666666666666667,82.0,6,-0.0499472558093502,0.0499472558093502,1.0262172284644195,0.9762195121951219,2.0,0,"('קשת 12', '2024-11-20', 91)","('קשת 12', '2024-11-20', 91)",2024-11-20 23:11:00
קשת 12,Other_first_standard,Other,first,standard,overnight,2024-11-21,0,1.55,93.0,10,0.027744997365821575,-0.027744997365821575,0.9157894736842105,0.9415538132573058,1.0,1,"('קשת 12', '2024-11-21', 2)","('קשת 12', '2024-11-21', 2)",2024-11-21 00:24:00
קשת 12,Other_middle_short,Other,middle,short,overnight,2024-11-21,2,1.1666666666666667,70.0,2,-0.05681901166936531,0.05681901166936531,1.0,0.9447650453421269,1.0,1,"('קשת 12', '2024-11-21', 9)","('קשת 12', '2024-11-21', 9)",2024-11-21 02:57:00
קשת 12,Other_middle_standard,Other,middle,standard,overnight,2024-11-21,5,1.65,99.0,3,-0.37343743085468445,0.37343743085468445,1.3999999999999997,0.9637096774193546,1.0,1,"('קשת 12', '2024-11-21', 16)","('קשת 12', '2024-11-21', 16)",2024-11-21 05:13:00
קשת 12,Other_last_standard,Other,last,standard,overnight,2024-11-21,5,2.65,159.0,4,-0.14634576215787423,0.14634576215787423,1.3571428571428572,1.1723800195886387,1.0,1,"('קשת 12', '2024-11-21', 18)","('קשת 12', '2024-11-21', 18)",2024-11-21 05:49:00
קשת 12,News_first_long,News,first,long,morning,2024-11-21,7,7.216666666666667,433.0,19,-0.08390979284700649,0.08390979284700649,1.0903225806451613,1.0025670945157525,5.0,0,"('קשת 12', '2024-11-21', 26)","('קשת 12', '2024-11-21', 26)",2024-11-21 07:49:00
קשת 12,News_last_long,News,last,long,morning,2024-11-21,8,7.6,456.0,24,-0.022204083565229415,0.022204083565229415,0.977064220183486,0.9556084885231702,10.0,0,"('קשת 12', '2024-11-21', 26)","('קשת 12', '2024-11-21', 26)",2024-11-21 08:49:00
קשת 12,News_last_long,News,last,long,morning,2024-11-21,9,6.116666666666666,367.0,29,0.042622308316028985,-0.042622308316028985,0.9378531073446327,0.9786906854130054,13.0,0,"('קשת 12', '2024-11-21', 26)","('קשת 12', '2024-11-21', 26)",2024-11-21 09:16:00
קשת 12,Other_first_long,Other,first,long,morning,2024-11-21,9,5.8,348.0,19,0.014158296155999867,-0.014158296155999867,0.9687500000000001,0.9825634057971017,1.0,1,"('קשת 12', '2024-11-21', 38)","('קשת 12', '2024-11-21', 38)",2024-11-21 09:50:00
קשת 12,Other_last_long,Other,last,long,morning,2024-11-21,10,5.65,339.0,18,0.09205837073133757,-0.09205837073133757,0.902439024390244,0.9894601542416455,4.0,0,"('קשת 12', '2024-11-21', 38)","('קשת 12', '2024-11-21', 38)",2024-11-21 10:44:00
קשת 12,Other_last_short,Other,last,short,morning,2024-11-21,10,0.9833333333333333,59.0,3,0.026942981181912268,-0.026942981181912268,0.954954954954955,0.9810340348142376,5.0,0,"('קשת 12', '2024-11-21', 38)","('קשת 12', '2024-11-21', 38)",2024-11-21 10:51:00
קשת 12,Other_last_long,Other,last,long,morning,2024-11-21,11,6.166666666666667,370.0,18,-0.09031226330366694,0.09031226330366694,1.0932203389830508,0.998816217815922,3.0,0,"('קשת 12', '2024-11-21', 43)","('קשת 12', '2024-11-21', 43)",2024-11-21 11:29:00
קשת 12,Other_last_short,Other,last,short,morning,2024-11-21,11,0.6833333333333333,41.0,2,-0.04635165826164159,0.04635165826164159,1.0465116279069768,0.9991111111111111,4.0,0,"('קשת 12', '2024-11-21', 43)","('קשת 12', '2024-11-21', 43)",2024-11-21 11:37:00
קשת 12,Other_first_long,Other,first,long,afternoon,2024-11-21,12,6.466666666666667,388.0,21,0.103343967422504,-0.103343967422504,0.9127906976744184,1.0121687398593835,1.0,1,"('קשת 12', '2024-11-21', 48)","('קשת 12', '2024-11-21', 48)",2024-11-21 12:35:00
קשת 12,Other_last_short,Other,last,short,afternoon,2024-11-21,13,1.4166666666666667,85.0,9,0.055323526542971846,-0.055323526542971846,0.9743589743589743,1.0297829379101464,4.0,0,"('קשת 12', '2024-11-21', 48)","('קשת 12', '2024-11-21', 48)",2024-11-21 13:36:00
קשת 12,Other_last_short,Other,last,short,afternoon,2024-11-21,13,0.8833333333333333,53.0,4,-0.11410052892930309,0.11410052892930309,1.131578947368421,1.009558823529412,5.0,0,"('קשת 12', '2024-11-21', 48)","('קשת 12', '2024-11-21', 48)",2024-11-21 13:39:00
קשת 12,News_middle_short,News,middle,short,afternoon,2024-11-21,15,1.3833333333333333,83.0,8,0.03821175795499679,-0.03821175795499679,0.9611650485436892,0.9986035957409669,1.0,1,"('קשת 12', '2024-11-21', 56)","('קשת 12', '2024-11-21', 56)",2024-11-21 15:39:00
קשת 12,News_last_short,News,last,short,afternoon,2024-11-21,15,1.1166666666666667,67.0,6,0.1215448191043648,-0.1215448191043648,0.8803827751196173,0.9941634241245138,4.0,0,"('קשת 12', '2024-11-21', 56)","('קשת 12', '2024-11-21', 56)",2024-11-21 15:58:00
קשת 12,News_middle_long,News,middle,long,afternoon,2024-11-21,16,4.483333333333333,269.0,15,0.057711632564569335,-0.057711632564569335,0.9330708661417324,0.988504095416008,1.0,1,"('קשת 12', '2024-11-21', 60)","('קשת 12', '2024-11-21', 60)",2024-11-21 16:39:00
קשת 12,Other_first_standard,Other,first,standard,early_evening,2024-11-21,17,2.45,147.0,3,0.04136422753592441,-0.04136422753592441,0.9908925318761386,1.0327395543934192,1.0,1,"('קשת 12', '2024-11-21', 65)","('קשת 12', '2024-11-21', 65)",2024-11-21 17:53:00
קשת 12,News_middle_standard,News,middle,standard,early_evening,2024-11-21,18,1.9833333333333334,119.0,14,0.09679576316890635,-0.09679576316890635,0.890909090909091,0.9814569536423841,1.0,1,"('קשת 12', '2024-11-21', 66)","('קשת 12', '2024-11-21', 66)",2024-11-21 18:18:00
קשת 12,News_middle_long,News,middle,long,early_evening,2024-11-21,18,6.55,393.0,26,0.08465558168567344,-0.08465558168567344,0.9285714285714285,1.0106034316560633,2.0,0,"('קשת 12', '2024-11-21', 66)","('קשת 12', '2024-11-21', 66)",2024-11-21 18:22:00
קשת 12,Other_first_long,Other,first,long,early_evening,2024-11-21,18,7.95,477.0,41,-0.036843845268483486,0.036843845268483486,0.9700598802395213,0.9349695449659621,1.0,1,"('קשת 12', '2024-11-21', 70)","('קשת 12', '2024-11-21', 70)",2024-11-21 18:59:00
קשת 12,News_first_long,News,first,long,late_evening,2024-11-21,20,9.433333333333334,566.0,26,0.09588361774408434,-0.09588361774408434,0.823076923076923,0.9059039461609056,1.0,1,"('קשת 12', '2024-11-21', 75)","('קשת 12', '2024-11-21', 75)",2024-11-21 20:23:00
קשת 12,News_middle_long,News,middle,long,late_evening,2024-11-21,20,8.6,516.0,23,0.07411768556679989,-0.07411768556679989,0.8854625550660793,0.9535843218153687,2.0,0,"('קשת 12', '2024-11-21', 75)","('קשת 12', '2024-11-21', 75)",2024-11-21 20:48:00
קשת 12,News_last_long,News,last,long,late_evening,2024-11-21,21,10.883333333333333,653.0,38,0.047169424823094455,-0.047169424823094455,0.8992805755395683,0.9427154694330269,3.0,0,"('קשת 12', '2024-11-21', 75)","('קשת 12', '2024-11-21', 75)",2024-11-21 21:06:00
קשת 12,Other_middle_long,Other,middle,long,late_evening,2024-11-21,22,9.65,579.0,40,-0.021325142509771907,0.021325142509771907,1.005703422053232,0.9844837140570163,1.0,1,"('קשת 12', '2024-11-21', 84)","('קשת 12', '2024-11-21', 84)",2024-11-21 22:36:00
קשת 12,Other_middle_standard,Other,middle,standard,overnight,2024-11-22,0,1.8833333333333333,113.0,6,-0.02247552996702709,0.02247552996702709,0.9310344827586209,0.910342393222732,1.0,1,"('קשת 12', '2024-11-22', 1)","('קשת 12', '2024-11-22', 1)",2024-11-22 00:52:00
קשת 12,Other_first_long,Other,first,long,overnight,2024-11-22,1,3.1,186.0,7,-0.11613964991265364,0.11613964991265364,1.0344827586206897,0.9210526315789472,1.0,1,"('קשת 12', '2024-11-22', 3)","('קשת 12', '2024-11-22', 3)",2024-11-22 01:06:00
קשת 12,Other_middle_short,Other,middle,short,overnight,2024-11-22,1,1.35,81.0,2,-0.03496631654067284,0.03496631654067284,0.9807692307692307,0.9470679813181111,1.0,1,"('קשת 12', '2024-11-22', 4)","('קשת 12', '2024-11-22', 4)",2024-11-22 01:30:00
קשת 12,Other_last_short,Other,last,short,overnight,2024-11-22,1,0.8333333333333334,50.0,2,-0.13430824890181536,0.13430824890181536,1.1265822784810127,0.9849939975990397,2.0,0,"('קשת 12', '2024-11-22', 4)","('קשת 12', '2024-11-22', 4)",2024-11-22 01:54:00
קשת 12,PrimeShow1_first_short,PrimeShow1,first,short,overnight,2024-11-22,2,0.85,51.0,2,-0.05227975463468529,0.05227975463468529,1.0340909090909092,0.981417756366139,1.0,1,"('קשת 12', '2024-11-22', 10)","('קשת 12', '2024-11-22', 10)",2024-11-22 02:25:00
קשת 12,Other_last_short,Other,last,short,overnight,2024-11-22,3,1.3,78.0,3,-0.1057788381905946,0.1057788381905946,1.0,0.8996235884567128,1.0,1,"('קשת 12', '2024-11-22', 12)","('קשת 12', '2024-11-22', 12)",2024-11-22 03:45:00
קשת 12,News_middle_short,News,middle,short,overnight,2024-11-22,5,1.4166666666666667,85.0,3,0.04172542928216873,-0.04172542928216873,1.0681818181818181,1.1136950904392766,1.0,1,"('קשת 12', '2024-11-22', 17)","('קשת 12', '2024-11-22', 17)",2024-11-22 05:33:00
קשת 12,PrimeShow1_first_long,PrimeShow1,first,long,morning,2024-11-22,7,5.716666666666667,343.0,17,-0.023344957346918785,0.023344957346918785,1.0339805825242718,1.0101219231654013,5.0,0,"('קשת 12', '2024-11-22', 26)","('קשת 12', '2024-11-22', 26)",2024-11-22 07:51:00
קשת 12,PrimeShow1_middle_long,PrimeShow1,middle,long,morning,2024-11-22,8,6.716666666666667,403.0,25,-0.09420088538903233,0.09420088538903233,1.020618556701031,0.9288648648648647,8.0,0,"('קשת 12', '2024-11-22', 26)","('קשת 12', '2024-11-22', 26)",2024-11-22 08:23:00
קשת 12,PrimeShow1_middle_short,PrimeShow1,middle,short,morning,2024-11-22,8,1.0833333333333333,65.0,4,-0.010023216841716347,0.010023216841716347,1.0404040404040404,1.0300279329608941,9.0,0,"('קשת 12', '2024-11-22', 26)","('קשת 12', '2024-11-22', 26)",2024-11-22 08:32:00
קשת 12,PrimeShow1_middle_long,PrimeShow1,middle,long,morning,2024-11-22,8,6.966666666666667,418.0,21,-0.015701826230977704,0.015701826230977704,0.9707317073170731,0.9556084885231702,10.0,0,"('קשת 12', '2024-11-22', 26)","('קשת 12', '2024-11-22', 26)",2024-11-22 08:49:00
קשת 12,PrimeShow1_last_long,PrimeShow1,last,long,morning,2024-11-22,9,6.633333333333334,398.0,23,0.04047825116694962,-0.04047825116694962,0.9447236180904521,0.9837488869100625,13.0,0,"('קשת 12', '2024-11-22', 26)","('קשת 12', '2024-11-22', 26)",2024-11-22 09:23:00
קשת 12,PrimeShow1_last_long,PrimeShow1,last,long,morning,2024-11-22,9,6.816666666666666,409.0,17,-0.09370644433408204,0.09370644433408204,1.0778443113772456,0.98143115942029,14.0,0,"('קשת 12', '2024-11-22', 26)","('קשת 12', '2024-11-22', 26)",2024-11-22 09:50:00
קשת 12,PrimeShow1_middle_long,PrimeShow1,middle,long,morning,2024-11-22,10,4.516666666666667,271.0,15,0.04115475307407394,-0.04115475307407394,0.9555555555555557,0.9957016434892543,3.0,0,"('קשת 12', '2024-11-22', 46)","('קשת 12', '2024-11-22', 46)",2024-11-22 10:40:00
קשת 12,Other_first_long,Other,first,long,morning,2024-11-22,11,5.616666666666666,337.0,18,0.023204509364630397,-0.023204509364630397,0.9759036144578315,0.9988137603795968,1.0,1,"('קשת 12', '2024-11-22', 53)","('קשת 12', '2024-11-22', 53)",2024-11-22 11:42:00
קשת 12,Other_middle_long,Other,middle,long,afternoon,2024-11-22,12,5.333333333333333,320.0,14,0.0803890411676838,-0.0803890411676838,0.9629629629629631,1.0435712376369954,1.0,1,"('קשת 12', '2024-11-22', 59)","('קשת 12', '2024-11-22', 59)",2024-11-22 12:47:00
קשת 12,Other_last_short,Other,last,short,afternoon,2024-11-22,15,1.2166666666666666,73.0,5,-0.16600034378589465,0.16600034378589465,1.181818181818182,1.0010542962572484,3.0,0,"('קשת 12', '2024-11-22', 70)","('קשת 12', '2024-11-22', 70)",2024-11-22 15:30:00
קשת 12,Other_last_short,Other,last,short,afternoon,2024-11-22,15,1.1,66.0,4,-0.06699529190647191,0.06699529190647191,1.097902097902098,1.0267576075550893,6.0,0,"('קשת 12', '2024-11-22', 70)","('קשת 12', '2024-11-22', 70)",2024-11-22 15:45:00
קשת 12,Other_first_long,Other,first,long,afternoon,2024-11-22,16,5.633333333333334,338.0,17,-0.13022231473009502,0.13022231473009502,1.1746031746031749,1.031184407796102,1.0,1,"('קשת 12', '2024-11-22', 75)","('קשת 12', '2024-11-22', 75)",2024-11-22 16:31:00
קשת 12,Other_last_short,Other,last,short,early_evening,2024-11-22,17,1.35,81.0,2,-0.049532910694502136,0.049532910694502136,1.0746753246753247,1.0227403901650698,5.0,0,"('קשת 12', '2024-11-22', 75)","('קשת 12', '2024-11-22', 75)",2024-11-22 17:45:00
קשת 12,Other_middle_standard,Other,middle,standard,early_evening,2024-11-22,18,1.7166666666666666,103.0,3,0.07163828702604152,-0.07163828702604152,0.958217270194986,1.0293809024134313,1.0,1,"('קשת 12', '2024-11-22', 80)","('קשת 12', '2024-11-22', 80)",2024-11-22 18:47:00
קשת 12,Other_middle_long,Other,middle,long,early_evening,2024-11-22,19,6.283333333333333,377.0,28,0.1714982111973098,-0.1714982111973098,0.8626865671641791,1.0240797121505674,2.0,0,"('קשת 12', '2024-11-22', 80)","('קשת 12', '2024-11-22', 80)",2024-11-22 19:15:00
קשת 12,Other_last_short,Other,last,short,early_evening,2024-11-22,19,0.8,48.0,2,-0.01886972715316422,0.01886972715316422,1.0280373831775704,1.0088204773434797,3.0,0,"('קשת 12', '2024-11-22', 80)","('קשת 12', '2024-11-22', 80)",2024-11-22 19:33:00
קשת 12,News_middle_long,News,middle,long,late_evening,2024-11-22,20,6.016666666666667,361.0,18,0.09268998262568069,-0.09268998262568069,0.9248120300751881,1.014631213254944,1.0,1,"('קשת 12', '2024-11-22', 86)","('קשת 12', '2024-11-22', 86)",2024-11-22 20:55:00
קשת 12,News_middle_long,News,middle,long,late_evening,2024-11-22,21,5.9,354.0,16,0.099821668202106,-0.099821668202106,0.8941176470588236,0.9879766175102963,2.0,0,"('קשת 12', '2024-11-22', 86)","('קשת 12', '2024-11-22', 86)",2024-11-22 21:13:00
קשת 12,News_last_long,News,last,long,late_evening,2024-11-22,21,6.2,372.0,17,0.032251872395857376,-0.032251872395857376,0.9043280182232346,0.9339697209217486,3.0,0,"('קשת 12', '2024-11-22', 86)","('קשת 12', '2024-11-22', 86)",2024-11-22 21:33:00
קשת 12,Other_last_long,Other,last,long,late_evening,2024-11-22,22,10.216666666666667,613.0,34,-0.052992464562489565,0.052992464562489565,1.0074812967581048,0.9554823247453564,1.0,1,"('קשת 12', '2024-11-22', 94)","('קשת 12', '2024-11-22', 94)",2024-11-22 22:34:00
קשת 12,Other_first_long,Other,first,long,late_evening,2024-11-22,22,7.85,471.0,21,0.4572436899033453,-0.4572436899033453,0.5388471177944861,0.8512242268041238,1.0,1,"('קשת 12', '2024-11-22', 97)","('קשת 12', '2024-11-22', 97)",2024-11-22 22:52:00
קשת 12,Other_middle_long,Other,middle,long,late_evening,2024-11-22,23,3.55,213.0,9,-0.12889639012037388,0.12889639012037388,1.0,0.8790650406504067,1.0,1,"('קשת 12', '2024-11-22', 98)","('קשת 12', '2024-11-22', 98)",2024-11-22 23:10:00
קשת 12,Other_middle_long,Other,middle,long,late_evening,2024-11-22,23,4.35,261.0,13,0.09522752639364376,-0.09522752639364376,0.7733333333333333,0.8505963590709352,1.0,1,"('קשת 12', '2024-11-22', 101)","('קשת 12', '2024-11-22', 101)",2024-11-22 23:52:00
קשת 12,Other_first_standard,Other,first,standard,overnight,2024-11-23,0,2.5,150.0,7,-0.2590379973357921,0.2590379973357921,1.1487603305785123,0.8866059817945382,1.0,1,"('קשת 12', '2024-11-23', 1)","('קשת 12', '2024-11-23', 1)",2024-11-23 00:30:00
קשת 12,Other_middle_standard,Other,middle,standard,overnight,2024-11-23,1,2.966666666666667,178.0,6,0.04939528188636055,-0.04939528188636055,0.9032258064516129,0.9489611562782294,1.0,1,"('קשת 12', '2024-11-23', 2)","('קשת 12', '2024-11-23', 2)",2024-11-23 01:10:00
קשת 12,Other_last_short,Other,last,short,overnight,2024-11-23,1,1.1166666666666667,67.0,2,0.1076021664508092,-0.1076021664508092,0.8571428571428574,0.9545182525433872,1.0,1,"('קשת 12', '2024-11-23', 4)","('קשת 12', '2024-11-23', 4)",2024-11-23 01:57:00
קשת 12,Other_middle_short,Other,middle,short,overnight,2024-11-23,2,1.25,75.0,2,-0.00037984643808066515,0.00037984643808066515,0.9600000000000002,0.9596354166666666,1.0,1,"('קשת 12', '2024-11-23', 7)","('קשת 12', '2024-11-23', 7)",2024-11-23 02:15:00
קשת 12,Other_last_short,Other,last,short,overnight,2024-11-23,2,1.2666666666666666,76.0,2,-0.2651959982524524,0.2651959982524524,1.2499999999999998,0.9588194921070695,2.0,0,"('קשת 12', '2024-11-23', 7)","('קשת 12', '2024-11-23', 7)",2024-11-23 02:27:00
קשת 12,Other_middle_short,Other,middle,short,overnight,2024-11-23,3,1.2333333333333334,74.0,2,-0.030837105834550817,0.030837105834550817,1.0,0.9696335078534032,1.0,1,"('קשת 12', '2024-11-23', 10)","('קשת 12', '2024-11-23', 10)",2024-11-23 03:14:00
קשת 12,Other_first_standard,Other,first,standard,overnight,2024-11-23,4,1.75,105.0,3,0.21716219169693385,-0.21716219169693385,0.7500000000000001,0.9319092122830441,1.0,1,"('קשת 12', '2024-11-23', 14)","('קשת 12', '2024-11-23', 14)",2024-11-23 04:17:00
קשת 12,PrimeShow1_first_short,PrimeShow1,first,short,overnight,2024-11-23,4,1.45,87.0,3,0.003924138456134144,-0.003924138456134144,1.0,1.003931847968545,1.0,1,"('קשת 12', '2024-11-23', 17)","('קשת 12', '2024-11-23', 17)",2024-11-23 04:53:00
קשת 12,PrimeShow1_middle_short,PrimeShow1,middle,short,overnight,2024-11-23,5,1.2166666666666666,73.0,2,0.2604324300044052,-0.2604324300044052,0.7500000000000001,0.9731182795698924,2.0,0,"('קשת 12', '2024-11-23', 17)","('קשת 12', '2024-11-23', 17)",2024-11-23 05:10:00
קשת 12,PrimeShow1_middle_standard,PrimeShow1,middle,standard,overnight,2024-11-23,5,1.5,90.0,3,-0.210355429243317,0.210355429243317,1.333333333333333,1.080394922425952,3.0,0,"('קשת 12', '2024-11-23', 17)","('קשת 12', '2024-11-23', 17)",2024-11-23 05:27:00
קשת 12,PrimeShow2_first_short,PrimeShow2,first,short,morning,2024-11-23,8,1.0,60.0,3,0.156043016430995,-0.156043016430995,0.8805970149253732,1.0293091416608515,1.0,1,"('קשת 12', '2024-11-23', 32)","('קשת 12', '2024-11-23', 32)",2024-11-23 08:32:00
קשת 12,PrimeShow1_last_long,PrimeShow1,last,long,morning,2024-11-23,9,4.416666666666667,265.0,11,-0.08777061580669837,0.08777061580669837,1.0714285714285716,0.9813974591651539,3.0,0,"('קשת 12', '2024-11-23', 35)","('קשת 12', '2024-11-23', 35)",2024-11-23 09:47:00
קשת 12,Other_middle_long,Other,middle,long,morning,2024-11-23,10,3.8666666666666667,232.0,13,0.014769270167878365,-0.014769270167878365,0.9772727272727272,0.991813445795088,1.0,1,"('קשת 12', '2024-11-23', 42)","('קשת 12', '2024-11-23', 42)",2024-11-23 10:31:00
קשת 12,PrimeShow1_last_long,PrimeShow1,last,long,morning,2024-11-23,11,5.433333333333334,326.0,14,-0.024513592795138813,0.024513592795138813,1.0454545454545452,1.0201382626991282,3.0,0,"('קשת 12', '2024-11-23', 45)","('קשת 12', '2024-11-23', 45)",2024-11-23 11:46:00
קשת 12,Other_middle_long,Other,middle,long,afternoon,2024-11-23,12,3.683333333333333,221.0,10,6.338034963282099e-05,-6.338034963282099e-05,1.0210526315789472,1.0211173483025928,1.0,1,"('קשת 12', '2024-11-23', 51)","('קשת 12', '2024-11-23', 51)",2024-11-23 12:47:00
קשת 12,Other_middle_short,Other,middle,short,afternoon,2024-11-23,13,0.8333333333333334,50.0,2,0.045267667318427095,-0.045267667318427095,0.9545454545454544,0.9987484355444305,1.0,1,"('קשת 12', '2024-11-23', 56)","('קשת 12', '2024-11-23', 56)",2024-11-23 13:32:00
קשת 12,Other_middle_standard,Other,middle,standard,afternoon,2024-11-23,13,1.55,93.0,5,-0.061666228299127775,0.061666228299127775,1.0833333333333333,1.0185463659147869,2.0,0,"('קשת 12', '2024-11-23', 56)","('קשת 12', '2024-11-23', 56)",2024-11-23 13:34:00
קשת 12,Other_first_short,Other,first,short,afternoon,2024-11-23,15,1.05,63.0,4,-0.18952468627042074,0.18952468627042074,1.2429906542056077,1.028391167192429,1.0,1,"('קשת 12', '2024-11-23', 64)","('קשת 12', '2024-11-23', 64)",2024-11-23 15:18:00
קשת 12,Other_first_long,Other,first,long,afternoon,2024-11-23,16,3.566666666666667,214.0,9,-0.17153269494911189,0.17153269494911189,1.2215189873417722,1.0289742795165793,1.0,1,"('קשת 12', '2024-11-23', 67)","('קשת 12', '2024-11-23', 67)",2024-11-23 16:22:00
קשת 12,News_last_standard,News,last,standard,early_evening,2024-11-23,17,2.6666666666666665,160.0,5,0.06929286089324513,-0.06929286089324513,0.9887005649717514,1.0596398669572198,1.0,1,"('קשת 12', '2024-11-23', 70)","('קשת 12', '2024-11-23', 70)",2024-11-23 17:48:00
קשת 12,News_middle_long,News,middle,long,early_evening,2024-11-23,18,3.3,198.0,8,0.10453497595854622,-0.10453497595854622,0.9393939393939394,1.0429097249128243,1.0,1,"('קשת 12', '2024-11-23', 73)","('קשת 12', '2024-11-23', 73)",2024-11-23 18:28:00
קשת 12,PrimeShow2_first_long,PrimeShow2,first,long,early_evening,2024-11-23,19,8.366666666666667,502.0,39,0.08681550716395672,-0.08681550716395672,0.8665105386416861,0.9450990894483129,1.0,1,"('קשת 12', '2024-11-23', 75)","('קשת 12', '2024-11-23', 75)",2024-11-23 19:00:00
קשת 12,News_first_long,News,first,long,late_evening,2024-11-23,20,6.85,411.0,22,-0.09062082216575951,0.09062082216575951,0.9813874788494078,0.8963639663621514,1.0,1,"('קשת 12', '2024-11-23', 80)","('קשת 12', '2024-11-23', 80)",2024-11-23 20:21:00
קשת 12,News_middle_long,News,middle,long,late_evening,2024-11-23,20,7.1,426.0,20,0.05212799871112425,-0.05212799871112425,0.93354943273906,0.9835042060988433,2.0,0,"('קשת 12', '2024-11-23', 80)","('קשת 12', '2024-11-23', 80)",2024-11-23 20:41:00
קשת 12,News_last_long,News,last,long,late_evening,2024-11-23,21,5.533333333333333,332.0,20,0.1042169453121862,-0.1042169453121862,0.9431818181818183,1.0467820443482962,3.0,0,"('קשת 12', '2024-11-23', 80)","('קשת 12', '2024-11-23', 80)",2024-11-23 21:00:00
קשת 12,News_last_short,News,last,short,late_evening,2024-11-23,21,0.3,18.0,3,-0.026370701772898936,0.026370701772898936,1.0655172413793106,1.0377860564129855,4.0,0,"('קשת 12', '2024-11-23', 80)","('קשת 12', '2024-11-23', 80)",2024-11-23 21:24:00
קשת 12,News_last_short,News,last,short,late_evening,2024-11-23,21,0.3,18.0,3,-0.10431508279700535,0.10431508279700535,1.1423948220064724,1.0292307692307694,5.0,0,"('קשת 12', '2024-11-23', 80)","('קשת 12', '2024-11-23', 80)",2024-11-23 21:26:00
קשת 12,Other_middle_long,Other,middle,long,late_evening,2024-11-23,22,8.983333333333333,539.0,41,0.07834114801490569,-0.07834114801490569,0.9447236180904524,1.021710604795419,1.0,1,"('קשת 12', '2024-11-23', 89)","('קשת 12', '2024-11-23', 89)",2024-11-23 22:05:00
קשת 12,Other_first_long,Other,first,long,late_evening,2024-11-23,22,9.466666666666667,568.0,35,0.49427538574745894,-0.49427538574745894,0.5263835263835264,0.8629057477015448,1.0,1,"('קשת 12', '2024-11-23', 93)","('קשת 12', '2024-11-23', 93)",2024-11-23 22:49:00
קשת 12,Other_first_long,Other,first,long,late_evening,2024-11-23,23,3.85,231.0,10,0.11949939325758013,-0.11949939325758013,0.7800511508951408,0.8790650406504067,1.0,1,"('קשת 12', '2024-11-23', 95)","('קשת 12', '2024-11-23', 95)",2024-11-23 23:10:00
קשת 12,Other_first_long,Other,first,long,late_evening,2024-11-23,23,6.816666666666666,409.0,23,0.11891525708273215,-0.11891525708273215,0.6875000000000001,0.7743136984411644,1.0,1,"('קשת 12', '2024-11-23', 98)","('קשת 12', '2024-11-23', 98)",2024-11-23 23:46:00
קשת 12,Other_first_standard,Other,first,standard,overnight,2024-11-24,0,1.7,102.0,10,-0.06022377558013581,0.06022377558013581,1.0000000000000002,0.9415538132573058,1.0,1,"('קשת 12', '2024-11-24', 1)","('קשת 12', '2024-11-24', 1)",2024-11-24 00:24:00
קשת 12,Other_middle_standard,Other,middle,standard,overnight,2024-11-24,1,1.7666666666666666,106.0,5,-0.054447985087083504,0.054447985087083504,1.0000000000000002,0.9470077661032436,1.0,1,"('קשת 12', '2024-11-24', 4)","('קשת 12', '2024-11-24', 4)",2024-11-24 01:12:00
קשת 12,Other_first_short,Other,first,short,overnight,2024-11-24,4,1.05,63.0,2,0.1280040539556099,-0.1280040539556099,0.8823529411764706,1.0028449502133714,1.0,1,"('קשת 12', '2024-11-24', 13)","('קשת 12', '2024-11-24', 13)",2024-11-24 04:36:00
קשת 12,Other_middle_short,Other,middle,short,overnight,2024-11-24,5,1.2333333333333334,74.0,2,0.30975193373881243,-0.30975193373881243,0.7499999999999998,1.0223152022315203,2.0,0,"('קשת 12', '2024-11-24', 13)","('קשת 12', '2024-11-24', 13)",2024-11-24 05:05:00
קשת 12,Other_middle_short,Other,middle,short,overnight,2024-11-24,5,1.4666666666666666,88.0,3,-0.7606457433259934,0.7606457433259934,2.3333333333333335,1.0905172413793103,3.0,0,"('קשת 12', '2024-11-24', 13)","('קשת 12', '2024-11-24', 13)",2024-11-24 05:25:00
קשת 12,Other_last_standard,Other,last,standard,overnight,2024-11-24,5,1.6333333333333333,98.0,3,-0.009373545442010633,0.009373545442010633,1.1153846153846154,1.104978354978355,4.0,0,"('קשת 12', '2024-11-24', 13)","('קשת 12', '2024-11-24', 13)",2024-11-24 05:43:00
קשת 12,News_first_long,News,first,long,morning,2024-11-24,7,5.45,327.0,20,0.2907299114901666,-0.2907299114901666,0.7904761904761906,1.0571854798607658,3.0,0,"('קשת 12', '2024-11-24', 23)","('קשת 12', '2024-11-24', 23)",2024-11-24 07:38:00
קשת 12,News_middle_long,News,middle,long,morning,2024-11-24,7,4.666666666666667,280.0,16,0.15738171815725444,-0.15738171815725444,0.9252873563218392,1.0829954686382066,4.0,0,"('קשת 12', '2024-11-24', 23)","('קשת 12', '2024-11-24', 23)",2024-11-24 07:55:00
קשת 12,News_middle_long,News,middle,long,morning,2024-11-24,8,6.2,372.0,22,0.004262683898572532,-0.004262683898572532,0.9500000000000001,0.9540581929555896,7.0,0,"('קשת 12', '2024-11-24', 23)","('קשת 12', '2024-11-24', 23)",2024-11-24 08:25:00
קשת 12,News_last_long,News,last,long,morning,2024-11-24,8,5.716666666666667,343.0,20,0.058813746100970114,-0.058813746100970114,0.9050279329608942,0.9598524305555556,8.0,0,"('קשת 12', '2024-11-24', 23)","('קשת 12', '2024-11-24', 23)",2024-11-24 08:48:00
קשת 12,News_last_long,News,last,long,morning,2024-11-24,9,4.966666666666667,298.0,21,0.18073449551469012,-0.18073449551469012,0.825503355704698,0.9890331244404654,11.0,0,"('קשת 12', '2024-11-24', 23)","('קשת 12', '2024-11-24', 23)",2024-11-24 09:24:00
קשת 12,Other_first_long,Other,first,long,morning,2024-11-24,9,4.716666666666667,283.0,14,0.06201329466770922,-0.06201329466770922,0.9457364341085271,1.0062413314840501,1.0,1,"('קשת 12', '2024-11-24', 36)","('קשת 12', '2024-11-24', 36)",2024-11-24 09:55:00
קשת 12,Other_last_short,Other,last,short,morning,2024-11-24,10,0.8,48.0,2,-0.017926249379112694,0.017926249379112694,0.9917355371900827,0.9741158380317786,4.0,0,"('קשת 12', '2024-11-24', 36)","('קשת 12', '2024-11-24', 36)",2024-11-24 10:50:00
קשת 12,Other_last_short,Other,last,short,morning,2024-11-24,10,0.3,18.0,2,0.027302609951824174,-0.027302609951824174,0.9666666666666667,0.9934227834780324,5.0,0,"('קשת 12', '2024-11-24', 36)","('קשת 12', '2024-11-24', 36)",2024-11-24 10:52:00
קשת 12,Other_first_long,Other,first,long,afternoon,2024-11-24,12,5.383333333333334,323.0,19,0.00311328300621516,-0.00311328300621516,0.9873417721518988,0.9904204364023417,1.0,1,"('קשת 12', '2024-11-24', 45)","('קשת 12', '2024-11-24', 45)",2024-11-24 12:42:00
קשת 12,News_middle_long,News,middle,long,afternoon,2024-11-24,16,4.033333333333333,242.0,12,-0.015148544750370056,0.015148544750370056,0.9965635738831613,0.9815808556925307,1.0,1,"('קשת 12', '2024-11-24', 55)","('קשת 12', '2024-11-24', 55)",2024-11-24 16:37:00
קשת 12,Other_first_standard,Other,first,standard,early_evening,2024-11-24,17,2.35,141.0,3,0.06656042207422835,-0.06656042207422835,0.9838709677419354,1.051586421122698,1.0,1,"('קשת 12', '2024-11-24', 61)","('קשת 12', '2024-11-24', 61)",2024-11-24 17:52:00
קשת 12,News_middle_standard,News,middle,standard,early_evening,2024-11-24,18,1.6666666666666667,100.0,10,0.009731212059745207,-0.009731212059745207,0.9773371104815864,0.9868942108240616,1.0,1,"('קשת 12', '2024-11-24', 62)","('קשת 12', '2024-11-24', 62)",2024-11-24 18:17:00
קשת 12,News_middle_long,News,middle,long,early_evening,2024-11-24,18,6.05,363.0,27,-0.08272637416220258,0.08272637416220258,1.081159420289855,0.9953186204261011,2.0,0,"('קשת 12', '2024-11-24', 62)","('קשת 12', '2024-11-24', 62)",2024-11-24 18:20:00
קשת 12,News_last_long,News,last,long,early_evening,2024-11-24,18,4.466666666666667,268.0,13,-0.014403911862905633,0.014403911862905633,1.0292792792792793,1.0145598941098608,3.0,0,"('קשת 12', '2024-11-24', 62)","('קשת 12', '2024-11-24', 62)",2024-11-24 18:43:00
קשת 12,Other_first_long,Other,first,long,early_evening,2024-11-24,18,7.966666666666667,478.0,38,0.009372707315169801,-0.009372707315169801,0.9262472885032538,0.9349695449659621,1.0,1,"('קשת 12', '2024-11-24', 65)","('קשת 12', '2024-11-24', 65)",2024-11-24 18:59:00
קשת 12,News_first_long,News,first,long,late_evening,2024-11-24,20,8.75,525.0,23,-0.08541934670706058,0.08541934670706058,0.968586387434555,0.8892854982152582,1.0,1,"('קשת 12', '2024-11-24', 69)","('קשת 12', '2024-11-24', 69)",2024-11-24 20:21:00
קשת 12,News_middle_long,News,middle,long,late_evening,2024-11-24,20,6.933333333333334,416.0,23,0.007717104789198584,-0.007717104789198584,0.9493243243243241,0.9566787003610109,2.0,0,"('קשת 12', '2024-11-24', 69)","('קשת 12', '2024-11-24', 69)",2024-11-24 20:48:00
קשת 12,News_last_long,News,last,long,late_evening,2024-11-24,21,6.95,417.0,22,0.09552475237682832,-0.09552475237682832,0.8336079077429983,0.9171654759606103,3.0,0,"('קשת 12', '2024-11-24', 69)","('קשת 12', '2024-11-24', 69)",2024-11-24 21:08:00
קשת 12,Other_middle_long,Other,middle,long,late_evening,2024-11-24,21,9.05,543.0,37,-0.12104949556608866,0.12104949556608866,1.0188679245283017,0.902706900377191,1.0,1,"('קשת 12', '2024-11-24', 77)","('קשת 12', '2024-11-24', 77)",2024-11-24 21:56:00
קשת 12,Other_first_long,Other,first,long,late_evening,2024-11-24,22,11.7,702.0,38,0.47263024177273527,-0.47263024177273527,0.5033200531208498,0.8074301081993871,1.0,1,"('קשת 12', '2024-11-24', 81)","('קשת 12', '2024-11-24', 81)",2024-11-24 22:49:00
קשת 12,Other_middle_long,Other,middle,long,late_evening,2024-11-24,23,7.583333333333333,455.0,25,0.12026318040706274,-0.12026318040706274,0.6901408450704225,0.7783364459129435,1.0,1,"('קשת 12', '2024-11-24', 84)","('קשת 12', '2024-11-24', 84)",2024-11-24 23:49:00
קשת 12,Other_middle_short,Other,middle,short,late_evening,2024-11-24,23,1.4166666666666667,85.0,7,-0.11256411978059161,0.11256411978059161,1.1224489795918366,1.002953119232189,2.0,0,"('קשת 12', '2024-11-24', 84)","('קשת 12', '2024-11-24', 84)",2024-11-24 23:58:00
קשת 12,PrimeShow1_first_short,PrimeShow1,first,short,overnight,2024-11-25,0,1.25,75.0,7,0.0917153966150429,-0.0917153966150429,0.8650306748466259,0.9481193255512321,1.0,1,"('קשת 12', '2024-11-25', 2)","('קשת 12', '2024-11-25', 2)",2024-11-25 00:16:00
קשת 12,PrimeShow2_first_standard,PrimeShow2,first,standard,overnight,2024-11-25,1,2.1333333333333333,128.0,6,-0.1105338329380473,0.1105338329380473,1.0714285714285716,0.9593100398053956,1.0,1,"('קשת 12', '2024-11-25', 6)","('קשת 12', '2024-11-25', 6)",2024-11-25 01:08:00
קשת 12,PrimeShow2_last_short,PrimeShow2,last,short,overnight,2024-11-25,1,0.7166666666666667,43.0,2,0.02543842215177622,-0.02543842215177622,0.9555555555555556,0.9801751959428309,2.0,0,"('קשת 12', '2024-11-25', 6)","('קשת 12', '2024-11-25', 6)",2024-11-25 01:12:00
קשת 12,Other_middle_short,Other,middle,short,overnight,2024-11-25,5,1.1333333333333333,68.0,2,0.061630875045882307,-0.061630875045882307,1.0,1.0635696821515892,1.0,1,"('קשת 12', '2024-11-25', 19)","('קשת 12', '2024-11-25', 19)",2024-11-25 05:35:00
קשת 12,News_middle_long,News,middle,long,morning,2024-11-25,7,4.683333333333334,281.0,16,-0.08263738612389002,0.08263738612389002,1.101449275362319,1.0140877598152425,5.0,0,"('קשת 12', '2024-11-25', 28)","('קשת 12', '2024-11-25', 28)",2024-11-25 07:52:00
קשת 12,News_last_long,News,last,long,morning,2024-11-25,8,6.3,378.0,18,0.0711333426319816,-0.0711333426319816,0.9020618556701031,0.9685658153241652,10.0,0,"('קשת 12', '2024-11-25', 28)","('קשת 12', '2024-11-25', 28)",2024-11-25 08:44:00
קשת 12,News_last_long,News,last,long,morning,2024-11-25,9,5.1,306.0,20,0.1347098879552337,-0.1347098879552337,0.8686868686868688,0.9939556749496306,13.0,0,"('קשת 12', '2024-11-25', 28)","('קשת 12', '2024-11-25', 28)",2024-11-25 09:25:00
קשת 12,Other_first_long,Other,first,long,morning,2024-11-25,9,5.7,342.0,16,0.027480005928936832,-0.027480005928936832,0.9602649006622518,0.9870189023001595,1.0,1,"('קשת 12', '2024-11-25', 42)","('קשת 12', '2024-11-25', 42)",2024-11-25 09:52:00
קשת 12,Other_last_long,Other,last,long,morning,2024-11-25,10,3.8333333333333335,230.0,13,-0.03605094156061374,0.03605094156061374,1.023121387283237,0.9868938401048492,4.0,0,"('קשת 12', '2024-11-25', 42)","('קשת 12', '2024-11-25', 42)",2024-11-25 10:53:00
קשת 12,Other_last_short,Other,last,short,morning,2024-11-25,10,0.6833333333333333,41.0,3,-0.04850527704871124,0.04850527704871124,1.0056497175141244,0.9580345285524566,5.0,0,"('קשת 12', '2024-11-25', 42)","('קשת 12', '2024-11-25', 42)",2024-11-25 10:58:00
קשת 12,Other_last_short,Other,last,short,morning,2024-11-25,11,1.1833333333333333,71.0,6,0.03098443597116929,-0.03098443597116929,0.9870967741935485,1.0181601667162847,3.0,0,"('קשת 12', '2024-11-25', 46)","('קשת 12', '2024-11-25', 46)",2024-11-25 11:28:00
קשת 12,Other_last_short,Other,last,short,morning,2024-11-25,11,0.85,51.0,2,-0.026825190521811787,0.026825190521811787,1.0130718954248366,0.9862573099415204,4.0,0,"('קשת 12', '2024-11-25', 46)","('קשת 12', '2024-11-25', 46)",2024-11-25 11:31:00
קשת 12,Other_first_standard,Other,first,standard,afternoon,2024-11-25,12,1.6,96.0,6,0.13837923406064873,-0.13837923406064873,0.8750000000000001,1.0048596112311017,1.0,1,"('קשת 12', '2024-11-25', 51)","('קשת 12', '2024-11-25', 51)",2024-11-25 12:34:00
קשת 12,Other_last_short,Other,last,short,afternoon,2024-11-25,13,1.4666666666666666,88.0,9,0.06977296357737367,-0.06977296357737367,0.9555555555555555,1.0246085011185684,4.0,0,"('קשת 12', '2024-11-25', 51)","('קשת 12', '2024-11-25', 51)",2024-11-25 13:38:00
קשת 12,Other_last_short,Other,last,short,afternoon,2024-11-25,13,1.05,63.0,4,-0.006150053674225078,0.006150053674225078,1.0232558139534884,1.016982047549733,5.0,0,"('קשת 12', '2024-11-25', 51)","('קשת 12', '2024-11-25', 51)",2024-11-25 13:41:00
קשת 12,News_middle_standard,News,middle,standard,afternoon,2024-11-25,15,1.55,93.0,9,0.13948478657535812,-0.13948478657535812,0.873015873015873,1.003690036900369,1.0,1,"('קשת 12', '2024-11-25', 58)","('קשת 12', '2024-11-25', 58)",2024-11-25 15:36:00
קשת 12,News_last_short,News,last,short,afternoon,2024-11-25,15,1.0166666666666666,61.0,5,-0.13412178808854228,0.13412178808854228,1.157894736842105,1.0125599074533134,4.0,0,"('קשת 12', '2024-11-25', 58)","('קשת 12', '2024-11-25', 58)",2024-11-25 15:55:00
קשת 12,Other_first_standard,Other,first,standard,early_evening,2024-11-25,17,2.2666666666666666,136.0,3,0.050299901202447955,-0.050299901202447955,1.0,1.051586421122698,1.0,1,"('קשת 12', '2024-11-25', 67)","('קשת 12', '2024-11-25', 67)",2024-11-25 17:52:00
קשת 12,News_first_short,News,first,short,early_evening,2024-11-25,18,1.4833333333333334,89.0,12,0.09320663094259668,-0.09320663094259668,0.8964497041420119,0.9840225563909774,1.0,1,"('קשת 12', '2024-11-25', 68)","('קשת 12', '2024-11-25', 68)",2024-11-25 18:16:00
קשת 12,News_middle_long,News,middle,long,early_evening,2024-11-25,18,6.35,381.0,27,-0.11862083840640407,0.11862083840640407,1.1155115511551155,0.9907354345749761,2.0,0,"('קשת 12', '2024-11-25', 68)","('קשת 12', '2024-11-25', 68)",2024-11-25 18:19:00
קשת 12,Other_first_long,Other,first,long,early_evening,2024-11-25,18,9.183333333333334,551.0,38,-0.06568594627204435,0.06568594627204435,1.0126984126984124,0.9483160157649587,1.0,1,"('קשת 12', '2024-11-25', 72)","('קשת 12', '2024-11-25', 72)",2024-11-25 18:59:00
קשת 12,News_middle_long,News,middle,long,late_evening,2024-11-25,20,7.45,447.0,25,0.14981889248949903,-0.14981889248949903,0.9018518518518519,1.0476126156547578,1.0,1,"('קשת 12', '2024-11-25', 77)","('קשת 12', '2024-11-25', 77)",2024-11-25 20:36:00
קשת 12,News_middle_long,News,middle,long,late_evening,2024-11-25,20,7.05,423.0,21,0.21069488425944252,-0.21069488425944252,0.8451730418943534,1.0433962264150942,2.0,0,"('קשת 12', '2024-11-25', 77)","('קשת 12', '2024-11-25', 77)",2024-11-25 20:59:00
קשת 12,News_last_long,News,last,long,late_evening,2024-11-25,21,7.716666666666667,463.0,30,0.11049133617878416,-0.11049133617878416,0.9790874524714829,1.0934709821428572,3.0,0,"('קשת 12', '2024-11-25', 77)","('קשת 12', '2024-11-25', 77)",2024-11-25 21:17:00
קשת 12,News_last_short,News,last,short,late_evening,2024-11-25,21,0.3,18.0,3,0.025525161926566852,-0.025525161926566852,0.9774011299435029,1.0026705835224996,4.0,0,"('קשת 12', '2024-11-25', 77)","('קשת 12', '2024-11-25', 77)",2024-11-25 21:39:00
קשת 12,Other_middle_long,Other,middle,long,late_evening,2024-11-25,21,11.416666666666666,685.0,42,-0.026887670037118866,0.026887670037118866,1.233140655105973,1.2004261552803306,,0,,cd:קשת 12|2024-11-25,2024-11-25 21:41:00
קשת 12,Other_first_long,Other,first,long,late_evening,2024-11-25,22,8.983333333333333,539.0,26,0.4655316205541077,-0.4655316205541077,0.588034188034188,0.9366565844578874,1.0,1,"('קשת 12', '2024-11-25', 87)","('קשת 12', '2024-11-25', 87)",2024-11-25 22:30:00
קשת 12,Other_first_long,Other,first,long,late_evening,2024-11-25,23,3.0833333333333335,185.0,12,0.14111450020989694,-0.14111450020989694,0.7322033898305085,0.8431735684124749,1.0,1,"('קשת 12', '2024-11-25', 89)","('קשת 12', '2024-11-25', 89)",2024-11-25 23:03:00
קשת 12,Other_last_short,Other,last,short,late_evening,2024-11-25,23,0.9166666666666666,55.0,4,-0.3054714193759892,0.3054714193759892,1.1574074074074074,0.8527499560709892,2.0,0,"('קשת 12', '2024-11-25', 89)","('קשת 12', '2024-11-25', 89)",2024-11-25 23:08:00
קשת 12,Other_first_short,Other,first,short,overnight,2024-11-26,0,0.9833333333333333,59.0,7,0.05247105173745353,-0.05247105173745353,0.8800000000000001,0.9274074074074075,1.0,1,"('קשת 12', '2024-11-26', 1)","('קשת 12', '2024-11-26', 1)",2024-11-26 00:27:00
קשת 12,Other_middle_short,Other,middle,short,overnight,2024-11-26,1,1.4166666666666667,85.0,5,0.2724625113980428,-0.2724625113980428,0.7090909090909091,0.931174089068826,1.0,1,"('קשת 12', '2024-11-26', 4)","('קשת 12', '2024-11-26', 4)",2024-11-26 01:29:00
קשת 12,Other_middle_short,Other,middle,short,overnight,2024-11-26,3,1.1333333333333333,68.0,2,-0.0082730564931994,0.0082730564931994,1.0,0.9917610710607621,1.0,1,"('קשת 12', '2024-11-26', 10)","('קשת 12', '2024-11-26', 10)",2024-11-26 03:12:00
קשת 12,News_first_long,News,first,long,morning,2024-11-26,7,4.7,282.0,16,0.0737622415328431,-0.0737622415328431,0.9408284023668639,1.0128495842781555,3.0,0,"('קשת 12', '2024-11-26', 22)","('קשת 12', '2024-11-26', 22)",2024-11-26 07:26:00
קשת 12,News_middle_long,News,middle,long,morning,2024-11-26,7,5.75,345.0,19,-0.018692297750054147,0.018692297750054147,1.0127388535031847,0.993984266543267,6.0,0,"('קשת 12', '2024-11-26', 22)","('קשת 12', '2024-11-26', 22)",2024-11-26 07:50:00
קשת 12,News_middle_long,News,middle,long,morning,2024-11-26,8,6.033333333333333,362.0,25,0.08447523563532808,-0.08447523563532808,0.8571428571428572,0.9326964828484583,9.0,0,"('קשת 12', '2024-11-26', 22)","('קשת 12', '2024-11-26', 22)",2024-11-26 08:24:00
קשת 12,News_middle_short,News,middle,short,morning,2024-11-26,8,1.4166666666666667,85.0,9,-0.034952599884241625,0.034952599884241625,1.0666666666666667,1.0300279329608941,10.0,0,"('קשת 12', '2024-11-26', 22)","('קשת 12', '2024-11-26', 22)",2024-11-26 08:32:00
קשת 12,News_last_long,News,last,long,morning,2024-11-26,8,6.766666666666667,406.0,20,-0.055189621193337625,0.055189621193337625,1.008,0.9538761368557818,11.0,0,"('קשת 12', '2024-11-26', 22)","('קשת 12', '2024-11-26', 22)",2024-11-26 08:49:00
קשת 12,News_last_long,News,last,long,morning,2024-11-26,9,6.083333333333333,365.0,26,0.15822780663022412,-0.15822780663022412,0.8321678321678322,0.974828880547582,14.0,0,"('קשת 12', '2024-11-26', 22)","('קשת 12', '2024-11-26', 22)",2024-11-26 09:18:00
קשת 12,Other_first_long,Other,first,long,morning,2024-11-26,9,6.283333333333333,377.0,18,0.0836633315465926,-0.0836633315465926,0.9037037037037037,0.9825634057971017,1.0,1,"('קשת 12', '2024-11-26', 37)","('קשת 12', '2024-11-26', 37)",2024-11-26 09:50:00
קשת 12,Other_last_long,Other,last,long,morning,2024-11-26,10,5.15,309.0,19,-0.04958231496409778,0.04958231496409778,1.021276595744681,0.9718742009716186,4.0,0,"('קשת 12', '2024-11-26', 37)","('קשת 12', '2024-11-26', 37)",2024-11-26 10:45:00
קשת 12,Other_last_short,Other,last,short,morning,2024-11-26,10,1.05,63.0,4,-0.05604799047173918,0.05604799047173918,1.0520833333333335,0.9947382267824257,5.0,0,"('קשת 12', '2024-11-26', 37)","('קשת 12', '2024-11-26', 37)",2024-11-26 10:52:00
קשת 12,Other_middle_standard,Other,middle,standard,afternoon,2024-11-26,12,1.5333333333333334,92.0,6,0.04057823968723815,-0.04057823968723815,0.9553571428571429,0.9949211440791231,1.0,1,"('קשת 12', '2024-11-26', 47)","('קשת 12', '2024-11-26', 47)",2024-11-26 12:46:00
קשת 12,Other_last_standard,Other,last,standard,afternoon,2024-11-26,13,1.5833333333333333,95.0,8,0.15343373378195385,-0.15343373378195385,0.8543046357615892,0.995974425763675,4.0,0,"('קשת 12', '2024-11-26', 47)","('קשת 12', '2024-11-26', 47)",2024-11-26 13:50:00
קשת 12,Other_last_short,Other,last,short,afternoon,2024-11-26,13,0.9166666666666666,55.0,4,0.021477750025090503,-0.021477750025090503,0.9922480620155039,1.0137898240608656,5.0,0,"('קשת 12', '2024-11-26', 47)","('קשת 12', '2024-11-26', 47)",2024-11-26 13:53:00
קשת 12,News_middle_standard,News,middle,standard,afternoon,2024-11-26,15,1.6166666666666667,97.0,10,0.020011077788225043,-0.020011077788225043,0.9729729729729729,0.9926393270241852,1.0,1,"('קשת 12', '2024-11-26', 55)","('קשת 12', '2024-11-26', 55)",2024-11-26 15:37:00
קשת 12,News_last_short,News,last,short,afternoon,2024-11-26,15,1.3166666666666667,79.0,6,-0.08366217444956937,0.08366217444956937,1.1009174311926606,1.0125599074533134,4.0,0,"('קשת 12', '2024-11-26', 55)","('קשת 12', '2024-11-26', 55)",2024-11-26 15:55:00
קשת 12,News_last_long,News,last,long,afternoon,2024-11-26,16,5.05,303.0,16,0.024376230895000073,-0.024376230895000073,1.065843621399177,1.0921441228588304,1.0,1,"('קשת 12', '2024-11-26', 59)","('קשת 12', '2024-11-26', 59)",2024-11-26 16:44:00
קשת 12,PrimeShow2_last_short,PrimeShow2,last,short,early_evening,2024-11-26,17,1.0166666666666666,61.0,3,0.04274631059958339,-0.04274631059958339,0.9708737864077671,1.0132748470506754,3.0,0,"('קשת 12', '2024-11-26', 61)","('קשת 12', '2024-11-26', 61)",2024-11-26 17:45:00
קשת 12,PrimeShow2_last_short,PrimeShow2,last,short,early_evening,2024-11-26,17,0.2,12.0,2,0.026530333002414183,-0.026530333002414183,1.0,1.0268853953064478,4.0,0,"('קשת 12', '2024-11-26', 61)","('קשת 12', '2024-11-26', 61)",2024-11-26 17:48:00
קשת 12,Other_first_standard,Other,first,standard,early_evening,2024-11-26,17,2.283333333333333,137.0,3,0.07050260851996731,-0.07050260851996731,0.9800000000000001,1.051586421122698,1.0,1,"('קשת 12', '2024-11-26', 64)","('קשת 12', '2024-11-26', 64)",2024-11-26 17:52:00
קשת 12,Other_first_long,Other,first,long,early_evening,2024-11-26,18,8.716666666666667,523.0,40,0.016479252384067826,-0.016479252384067826,0.9328165374677002,0.9483160157649587,1.0,1,"('קשת 12', '2024-11-26', 69)","('קשת 12', '2024-11-26', 69)",2024-11-26 18:59:00
קשת 12,News_middle_long,News,middle,long,late_evening,2024-11-26,20,8.65,519.0,24,0.12438664268178609,-0.12438664268178609,0.9075342465753427,1.0277404621171413,1.0,1,"('קשת 12', '2024-11-26', 74)","('קשת 12', '2024-11-26', 74)",2024-11-26 20:31:00
קשת 12,Other_first_long,Other,first,long,late_evening,2024-11-26,20,8.616666666666667,517.0,29,0.18494561821155237,-0.18494561821155237,0.8702163061564061,1.0470033670033667,1.0,1,"('קשת 12', '2024-11-26', 77)","('קשת 12', '2024-11-26', 77)",2024-11-26 20:57:00
קשת 12,Other_middle_long,Other,middle,long,late_evening,2024-11-26,21,8.05,483.0,33,0.23240385536044011,-0.23240385536044011,0.9022298456260721,1.1382794657069693,2.0,0,"('קשת 12', '2024-11-26', 77)","('קשת 12', '2024-11-26', 77)",2024-11-26 21:21:00
קשת 12,Other_middle_long,Other,middle,long,late_evening,2024-11-26,21,8.316666666666666,499.0,28,0.20641399624457485,-0.20641399624457485,0.9395017793594305,1.154893844304981,3.0,0,"('קשת 12', '2024-11-26', 77)","('קשת 12', '2024-11-26', 77)",2024-11-26 21:39:00
קשת 12,Other_middle_long,Other,middle,long,late_evening,2024-11-26,22,9.633333333333333,578.0,38,-0.024367713630911295,0.024367713630911295,0.9291553133514986,0.906787555113954,1.0,1,"('קשת 12', '2024-11-26', 84)","('קשת 12', '2024-11-26', 84)",2024-11-26 22:43:00
קשת 12,Other_first_long,Other,first,long,late_evening,2024-11-26,23,5.966666666666667,358.0,21,0.1396339251694714,-0.1396339251694714,0.6936416184971098,0.7975857500368025,1.0,1,"('קשת 12', '2024-11-26', 90)","('קשת 12', '2024-11-26', 90)",2024-11-26 23:50:00
קשת 12,Other_middle_short,Other,middle,short,late_evening,2024-11-26,23,1.0833333333333333,65.0,5,-0.07324037101629396,0.07324037101629396,1.0791666666666668,1.002953119232189,2.0,0,"('קשת 12', '2024-11-26', 90)","('קשת 12', '2024-11-26', 90)",2024-11-26 23:58:00
קשת 12,Other_middle_standard,Other,middle,standard,overnight,2024-11-27,1,1.65,99.0,5,-0.004817351749044366,0.004817351749044366,0.9428571428571431,0.9383259911894273,1.0,1,"('קשת 12', '2024-11-27', 4)","('קשת 12', '2024-11-27', 4)",2024-11-27 01:37:00
קשת 12,Other_middle_short,Other,middle,short,overnight,2024-11-27,1,0.9,54.0,3,-0.004705891037412728,0.004705891037412728,1.0,0.9953051643192488,2.0,0,"('קשת 12', '2024-11-27', 4)","('קשת 12', '2024-11-27', 4)",2024-11-27 01:40:00
קשת 12,Other_last_short,Other,last,short,overnight,2024-11-27,3,0.9166666666666666,55.0,2,-0.029393298696632483,0.029393298696632483,1.0,0.9710344827586206,1.0,1,"('קשת 12', '2024-11-27', 9)","('קשת 12', '2024-11-27', 9)",2024-11-27 03:52:00
קשת 12,Other_middle_short,Other,middle,short,overnight,2024-11-27,5,0.85,51.0,2,0.2856639082955435,-0.2856639082955435,0.8000000000000002,1.064516129032258,1.0,1,"('קשת 12', '2024-11-27', 16)","('קשת 12', '2024-11-27', 16)",2024-11-27 05:30:00
קשת 12,Other_last_short,Other,last,short,overnight,2024-11-27,5,1.15,69.0,2,0.12101230754738032,-0.12101230754738032,0.9750000000000001,1.1004228329809724,2.0,0,"('קשת 12', '2024-11-27', 16)","('קשת 12', '2024-11-27', 16)",2024-11-27 05:45:00
קשת 12,News_last_long,News,last,long,morning,2024-11-27,8,5.916666666666667,355.0,20,0.008811489113185751,-0.008811489113185751,0.9523809523809526,0.9608099281515351,9.0,0,"('קשת 12', '2024-11-27', 25)","('קשת 12', '2024-11-27', 25)",2024-11-27 08:50:00
קשת 12,News_last_long,News,last,long,morning,2024-11-27,9,5.933333333333334,356.0,24,-0.03591562907552944,0.03591562907552944,1.0303030303030303,0.9939556749496306,12.0,0,"('קשת 12', '2024-11-27', 25)","('קשת 12', '2024-11-27', 25)",2024-11-27 09:25:00
קשת 12,Other_first_long,Other,first,long,morning,2024-11-27,9,5.516666666666667,331.0,18,0.05757996562342223,-0.05757996562342223,0.9433962264150944,0.9993112947658402,1.0,1,"('קשת 12', '2024-11-27', 39)","('קשת 12', '2024-11-27', 39)",2024-11-27 09:54:00
קשת 12,Other_last_short,Other,last,short,morning,2024-11-27,10,1.3,78.0,7,0.013087869037798733,-0.013087869037798733,0.9836065573770493,0.9965644820295984,4.0,0,"('קשת 12', '2024-11-27', 39)","('קשת 12', '2024-11-27', 39)",2024-11-27 10:54:00
קשת 12,Other_last_short,Other,last,short,morning,2024-11-27,10,0.6166666666666667,37.0,3,-0.03199459415285244,0.03199459415285244,1.0333333333333332,1.0007955449482895,5.0,0,"('קשת 12', '2024-11-27', 39)","('קשת 12', '2024-11-27', 39)",2024-11-27 10:57:00
קשת 12,Other_last_short,Other,last,short,morning,2024-11-27,11,1.2666666666666666,76.0,7,0.0022798245489482998,-0.0022798245489482998,1.00990099009901,1.0122060136945519,3.0,0,"('קשת 12', '2024-11-27', 43)","('קשת 12', '2024-11-27', 43)",2024-11-27 11:28:00
קשת 12,Other_first_short,Other,first,short,afternoon,2024-11-27,12,1.45,87.0,7,0.13917277504091086,-0.13917277504091086,0.8661417322834645,0.9954763171899949,1.0,1,"('קשת 12', '2024-11-27', 48)","('קשת 12', '2024-11-27', 48)",2024-11-27 12:42:00
קשת 12,Other_last_standard,Other,last,standard,afternoon,2024-11-27,13,1.5666666666666667,94.0,10,-0.012895287985732891,0.012895287985732891,1.0256410256410258,1.0125,4.0,0,"('קשת 12', '2024-11-27', 48)","('קשת 12', '2024-11-27', 48)",2024-11-27 13:34:00
קשת 12,Other_last_short,Other,last,short,afternoon,2024-11-27,13,0.6166666666666667,37.0,4,-0.05104965935162746,0.05104965935162746,1.0666666666666667,1.0135802469135802,5.0,0,"('קשת 12', '2024-11-27', 48)","('קשת 12', '2024-11-27', 48)",2024-11-27 13:37:00
קשת 12,News_last_short,News,last,short,afternoon,2024-11-27,15,1.3166666666666667,79.0,9,0.07942299430345624,-0.07942299430345624,0.9317073170731709,1.008724279835391,4.0,0,"('קשת 12', '2024-11-27', 55)","('קשת 12', '2024-11-27', 55)",2024-11-27 15:56:00
קשת 12,Other_first_standard,Other,first,standard,early_evening,2024-11-27,17,2.283333333333333,137.0,3,0.01498322927754802,-0.01498322927754802,1.0359477124183007,1.051586421122698,1.0,1,"('קשת 12', '2024-11-27', 64)","('קשת 12', '2024-11-27', 64)",2024-11-27 17:52:00
קשת 12,Other_first_long,Other,first,long,early_evening,2024-11-27,18,9.95,597.0,48,-0.06498956343586977,0.06498956343586977,1.0243243243243243,0.9598710139734861,1.0,1,"('קשת 12', '2024-11-27', 69)","('קשת 12', '2024-11-27', 69)",2024-11-27 18:59:00
קשת 12,News_first_long,News,first,long,late_evening,2024-11-27,20,8.066666666666666,484.0,22,0.01197680464333907,-0.01197680464333907,0.903688524590164,0.9145768993205682,1.0,1,"('קשת 12', '2024-11-27', 74)","('קשת 12', '2024-11-27', 74)",2024-11-27 20:24:00
קשת 12,News_middle_long,News,middle,long,late_evening,2024-11-27,20,8.433333333333334,506.0,27,0.14719677241889756,-0.14719677241889756,0.8230616302186881,0.9535843218153687,2.0,0,"('קשת 12', '2024-11-27', 74)","('קשת 12', '2024-11-27', 74)",2024-11-27 20:48:00
קשת 12,News_last_long,News,last,long,late_evening,2024-11-27,21,7.733333333333333,464.0,29,-0.08095838998366857,0.08095838998366857,0.9977777777777778,0.9201826601492153,3.0,0,"('קשת 12', '2024-11-27', 74)","('קשת 12', '2024-11-27', 74)",2024-11-27 21:09:00
קשת 12,Other_first_long,Other,first,long,late_evening,2024-11-27,21,9.466666666666667,568.0,36,-0.016207810226853553,0.016207810226853553,0.931372549019608,0.9163987138263665,1.0,1,"('קשת 12', '2024-11-27', 83)","('קשת 12', '2024-11-27', 83)",2024-11-27 21:54:00
קשת 12,Other_middle_long,Other,middle,long,late_evening,2024-11-27,23,5.233333333333333,314.0,19,0.13088610662226538,-0.13088610662226538,0.7464114832535886,0.8507881378573338,1.0,1,"('קשת 12', '2024-11-27', 89)","('קשת 12', '2024-11-27', 89)",2024-11-27 23:44:00
קשת 12,Other_last_short,Other,last,short,late_evening,2024-11-27,23,1.4166666666666667,85.0,6,-0.24605296617186528,0.24605296617186528,1.1474358974358974,0.8971581095933427,2.0,0,"('קשת 12', '2024-11-27', 89)","('קשת 12', '2024-11-27', 89)",2024-11-27 23:51:00
קשת 12,Other_first_short,Other,first,short,overnight,2024-11-28,2,1.1,66.0,2,-0.18411746321987718,0.18411746321987718,1.1714285714285713,0.9744389027431422,1.0,1,"('קשת 12', '2024-11-28', 8)","('קשת 12', '2024-11-28', 8)",2024-11-28 02:01:00
קשת 12,News_middle_long,News,middle,long,morning,2024-11-28,7,5.933333333333334,356.0,16,0.11338865360095138,-0.11338865360095138,0.9018404907975459,1.0101219231654013,5.0,0,"('קשת 12', '2024-11-28', 24)","('קשת 12', '2024-11-28', 24)",2024-11-28 07:51:00
קשת 12,News_last_long,News,last,long,morning,2024-11-28,8,6.716666666666667,403.0,22,0.03950372402261586,-0.03950372402261586,0.9189189189189189,0.9559461805555556,10.0,0,"('קשת 12', '2024-11-28', 24)","('קשת 12', '2024-11-28', 24)",2024-11-28 08:48:00
קשת 12,News_last_long,News,last,long,morning,2024-11-28,9,8.366666666666667,502.0,31,-0.019739937547724414,0.019739937547724414,0.9833333333333334,0.9641127256715102,13.0,0,"('קשת 12', '2024-11-28', 24)","('קשת 12', '2024-11-28', 24)",2024-11-28 09:17:00
קשת 12,Other_first_standard,Other,first,standard,morning,2024-11-28,9,1.6666666666666667,100.0,7,0.01249237663186819,-0.01249237663186819,0.9734513274336282,0.985688323489323,1.0,1,"('קשת 12', '2024-11-28', 39)","('קשת 12', '2024-11-28', 39)",2024-11-28 09:51:00
קשת 12,Other_first_standard,Other,first,standard,afternoon,2024-11-28,12,2.4,144.0,12,0.12184788976684716,-0.12184788976684716,0.8869565217391304,1.001890359168242,1.0,1,"('קשת 12', '2024-11-28', 48)","('קשת 12', '2024-11-28', 48)",2024-11-28 12:33:00
קשת 12,Other_last_standard,Other,last,standard,afternoon,2024-11-28,13,2.1166666666666667,127.0,11,-0.06604824630105932,0.06604824630105932,1.0909090909090908,1.0211844005777566,4.0,0,"('קשת 12', '2024-11-28', 48)","('קשת 12', '2024-11-28', 48)",2024-11-28 13:45:00
קשת 12,Other_last_short,Other,last,short,afternoon,2024-11-28,13,0.3,18.0,3,0.05744125926680941,-0.05744125926680941,0.9375,0.9929278642149928,5.0,0,"('קשת 12', '2024-11-28', 48)","('קשת 12', '2024-11-28', 48)",2024-11-28 13:49:00
קשת 12,News_middle_standard,News,middle,standard,afternoon,2024-11-28,15,1.6666666666666667,100.0,11,0.05674710293508913,-0.05674710293508913,0.9405405405405405,0.9954569281845186,1.0,1,"('קשת 12', '2024-11-28', 55)","('קשת 12', '2024-11-28', 55)",2024-11-28 15:33:00
קשת 12,News_last_short,News,last,short,afternoon,2024-11-28,15,1.4,84.0,8,-0.04132101988964344,0.04132101988964344,1.0552763819095479,1.0125599074533134,4.0,0,"('קשת 12', '2024-11-28', 55)","('קשת 12', '2024-11-28', 55)",2024-11-28 15:55:00
קשת 12,News_middle_long,News,middle,long,afternoon,2024-11-28,16,6.733333333333333,404.0,14,-0.035870357800848726,0.035870357800848726,1.0512820512820513,1.014240506329114,1.0,1,"('קשת 12', '2024-11-28', 59)","('קשת 12', '2024-11-28', 59)",2024-11-28 16:38:00
קשת 12,Other_first_standard,Other,first,standard,early_evening,2024-11-28,17,2.316666666666667,139.0,3,-0.036576648167473934,0.036576648167473934,1.0779661016949151,1.0392500822278257,1.0,1,"('קשת 12', '2024-11-28', 65)","('קשת 12', '2024-11-28', 65)",2024-11-28 17:53:00
קשת 12,Other_first_long,Other,first,long,early_evening,2024-11-28,19,8.7,522.0,42,0.03168288635030727,-0.03168288635030727,0.9156249999999999,0.9450990894483129,1.0,1,"('קשת 12', '2024-11-28', 70)","('קשת 12', '2024-11-28', 70)",2024-11-28 19:00:00
קשת 12,News_middle_long,News,middle,long,late_evening,2024-11-28,20,9.366666666666667,562.0,30,0.06799040291063196,-0.06799040291063196,0.9859437751004018,1.055309885026192,1.0,1,"('קשת 12', '2024-11-28', 75)","('קשת 12', '2024-11-28', 75)",2024-11-28 20:34:00
קשת 12,News_last_long,News,last,long,late_evening,2024-11-28,21,9.883333333333333,593.0,36,0.17296134649963885,-0.17296134649963885,0.789272030651341,0.9383024955554091,2.0,0,"('קשת 12', '2024-11-28', 75)","('קשת 12', '2024-11-28', 75)",2024-11-28 21:05:00
קשת 12,Other_middle_long,Other,middle,long,late_evening,2024-11-28,22,9.65,579.0,46,-0.06369381072381723,0.06369381072381723,1.029585798816568,0.9660523763336566,1.0,1,"('קשת 12', '2024-11-28', 82)","('קשת 12', '2024-11-28', 82)",2024-11-28 22:20:00
קשת 12,Other_first_long,Other,first,long,late_evening,2024-11-28,22,10.216666666666667,613.0,39,0.43256880258697517,-0.43256880258697517,0.570631970260223,0.8794645611004874,1.0,1,"('קשת 12', '2024-11-28', 85)","('קשת 12', '2024-11-28', 85)",2024-11-28 22:45:00
קשת 12,News_first_long,News,first,long,late_evening,2024-11-28,23,3.933333333333333,236.0,11,-0.1626229689795428,0.1626229689795428,0.9467680608365021,0.804669129996641,1.0,1,"('קשת 12', '2024-11-28', 86)","('קשת 12', '2024-11-28', 86)",2024-11-28 23:08:00
קשת 12,News_middle_short,News,middle,short,late_evening,2024-11-28,23,1.0666666666666667,64.0,4,-0.03767599644967633,0.03767599644967633,1.0200803212851406,0.9823627635149237,2.0,0,"('קשת 12', '2024-11-28', 86)","('קשת 12', '2024-11-28', 86)",2024-11-28 23:14:00
קשת 12,PrimeShow2_first_long,PrimeShow2,first,long,late_evening,2024-11-28,23,6.25,375.0,20,0.2549545428058133,-0.2549545428058133,0.6180904522613065,0.7975857500368025,1.0,1,"('קשת 12', '2024-11-28', 88)","('קשת 12', '2024-11-28', 88)",2024-11-28 23:50:00
קשת 12,PrimeShow2_last_short,PrimeShow2,last,short,late_evening,2024-11-28,23,0.5333333333333333,32.0,4,0.04059974139760519,-0.04059974139760519,0.9674796747967481,1.0075673680324844,2.0,0,"('קשת 12', '2024-11-28', 88)","('קשת 12', '2024-11-28', 88)",2024-11-28 23:58:00
קשת 12,Other_last_standard,Other,last,standard,overnight,2024-11-29,1,2.4166666666666665,145.0,6,-0.13979047533127364,0.13979047533127364,1.0555555555555554,0.9178482068390323,1.0,1,"('קשת 12', '2024-11-29', 1)","('קשת 12', '2024-11-29', 1)",2024-11-29 01:05:00
קשת 12,Other_first_short,Other,first,short,overnight,2024-11-29,1,1.0,60.0,2,0.13911294751713452,-0.13911294751713452,0.8307692307692308,0.9547647768395657,1.0,1,"('קשת 12', '2024-11-29', 6)","('קשת 12', '2024-11-29', 6)",2024-11-29 01:58:00
קשת 12,Other_first_standard,Other,first,standard,overnight,2024-11-29,2,2.4,144.0,5,-0.027065251508561317,0.027065251508561317,1.0,0.9732977303070761,1.0,1,"('קשת 12', '2024-11-29', 7)","('קשת 12', '2024-11-29', 7)",2024-11-29 02:18:00
קשת 12,News_middle_short,News,middle,short,overnight,2024-11-29,3,1.05,63.0,3,-0.010320009031989694,0.010320009031989694,1.0000000000000002,0.9897330595482546,1.0,1,"('קשת 12', '2024-11-29', 9)","('קשת 12', '2024-11-29', 9)",2024-11-29 03:24:00
קשת 12,News_first_standard,News,first,standard,overnight,2024-11-29,5,1.75,105.0,3,-0.15653541863627649,0.15653541863627649,1.2222222222222223,1.0451237263464337,1.0,1,"('קשת 12', '2024-11-29', 14)","('קשת 12', '2024-11-29', 14)",2024-11-29 05:23:00
קשת 12,PrimeShow1_first_long,PrimeShow1,first,long,morning,2024-11-29,7,4.866666666666666,292.0,19,-0.047419958666063786,0.047419958666063786,1.0695652173913042,1.0200302343159484,3.0,0,"('קשת 12', '2024-11-29', 21)","('קשת 12', '2024-11-29', 21)",2024-11-29 07:26:00
קשת 12,PrimeShow1_first_long,PrimeShow1,first,long,morning,2024-11-29,7,4.883333333333334,293.0,13,0.024442638841307922,-0.024442638841307922,1.0223880597014925,1.0476858345021038,6.0,0,"('קשת 12', '2024-11-29', 21)","('קשת 12', '2024-11-29', 21)",2024-11-29 07:53:00
קשת 12,PrimeShow1_middle_long,PrimeShow1,middle,long,morning,2024-11-29,8,6.1,366.0,22,-0.0536338382390532,0.0536338382390532,0.9718309859154929,0.9210810810810812,9.0,0,"('קשת 12', '2024-11-29', 21)","('קשת 12', '2024-11-29', 21)",2024-11-29 08:23:00
קשת 12,PrimeShow1_middle_short,PrimeShow1,middle,short,morning,2024-11-29,8,0.9166666666666666,55.0,7,-0.01204407049284549,0.01204407049284549,1.0434782608695652,1.0309859154929577,10.0,0,"('קשת 12', '2024-11-29', 21)","('קשת 12', '2024-11-29', 21)",2024-11-29 08:31:00
קשת 12,PrimeShow1_middle_long,PrimeShow1,middle,long,morning,2024-11-29,8,6.683333333333334,401.0,21,-0.01770437809555769,0.01770437809555769,0.9726775956284153,0.9556084885231702,11.0,0,"('קשת 12', '2024-11-29', 21)","('קשת 12', '2024-11-29', 21)",2024-11-29 08:49:00
קשת 12,PrimeShow1_last_long,PrimeShow1,last,long,morning,2024-11-29,9,5.7,342.0,22,0.02500067049053491,-0.02500067049053491,0.9790209790209791,1.0038056861428253,14.0,0,"('קשת 12', '2024-11-29', 21)","('קשת 12', '2024-11-29', 21)",2024-11-29 09:25:00
קשת 12,Other_middle_short,Other,middle,short,afternoon,2024-11-29,16,0.7333333333333333,44.0,2,0.01575915281738448,-0.01575915281738448,1.029126213592233,1.045472837022133,1.0,1,"('קשת 12', '2024-11-29', 60)","('קשת 12', '2024-11-29', 60)",2024-11-29 16:54:00
קשת 12,Other_first_standard,Other,first,standard,early_evening,2024-11-29,17,1.6666666666666667,100.0,2,0.0121301031632014,-0.0121301031632014,1.0488721804511278,1.0616725863739105,1.0,1,"('קשת 12', '2024-11-29', 65)","('קשת 12', '2024-11-29', 65)",2024-11-29 17:58:00
קשת 12,Other_middle_long,Other,middle,long,early_evening,2024-11-29,19,6.366666666666666,382.0,27,0.14234537924938911,-0.14234537924938911,0.8884758364312266,1.024390243902439,1.0,1,"('קשת 12', '2024-11-29', 66)","('קשת 12', '2024-11-29', 66)",2024-11-29 19:14:00
קשת 12,News_middle_long,News,middle,long,late_evening,2024-11-29,20,7.35,441.0,20,0.02230293618179168,-0.02230293618179168,1.00253807106599,1.025148819476958,1.0,1,"('קשת 12', '2024-11-29', 71)","('קשת 12', '2024-11-29', 71)",2024-11-29 20:54:00
קשת 12,News_last_long,News,last,long,late_evening,2024-11-29,21,6.883333333333334,413.0,22,0.2633804623894113,-0.2633804623894113,0.8618266978922715,1.1215138083873166,2.0,0,"('קשת 12', '2024-11-29', 71)","('קשת 12', '2024-11-29', 71)",2024-11-29 21:22:00
קשת 12,Other_last_long,Other,last,long,late_evening,2024-11-29,22,7.066666666666666,424.0,31,-0.023884099460362348,0.023884099460362348,0.9947780678851174,0.9713001797483524,1.0,1,"('קשת 12', '2024-11-29', 78)","('קשת 12', '2024-11-29', 78)",2024-11-29 22:34:00
קשת 12,Other_first_long,Other,first,long,late_evening,2024-11-29,22,4.35,261.0,14,0.4329218368203485,-0.4329218368203485,0.5983606557377048,0.9225259561046127,1.0,1,"('קשת 12', '2024-11-29', 80)","('קשת 12', '2024-11-29', 80)",2024-11-29 22:53:00
קשת 12,Other_first_long,Other,first,long,late_evening,2024-11-29,23,3.55,213.0,11,-0.12741060213081246,0.12741060213081246,0.9162995594713657,0.8066845817937522,1.0,1,"('קשת 12', '2024-11-29', 81)","('קשת 12', '2024-11-29', 81)",2024-11-29 23:08:00
קשת 12,Other_first_standard,Other,first,standard,overnight,2024-11-30,0,1.5333333333333334,92.0,5,-0.08317832824173481,0.08317832824173481,1.0166666666666666,0.9355234878722752,1.0,1,"('קשת 12', '2024-11-30', 2)","('קשת 12', '2024-11-30', 2)",2024-11-30 00:39:00
קשת 12,Other_last_standard,Other,last,standard,overnight,2024-11-30,1,1.6,96.0,3,0.007119591815300301,-0.007119591815300301,0.9545454545454543,0.9613656783468105,1.0,1,"('קשת 12', '2024-11-30', 3)","('קשת 12', '2024-11-30', 3)",2024-11-30 01:09:00
קשת 12,Other_last_short,Other,last,short,overnight,2024-11-30,1,1.3666666666666667,82.0,2,-0.04283067096544971,0.04283067096544971,1.0499999999999998,1.0059772863120144,1.0,1,"('קשת 12', '2024-11-30', 5)","('קשת 12', '2024-11-30', 5)",2024-11-30 01:50:00
קשת 12,Other_middle_short,Other,middle,short,overnight,2024-11-30,2,1.25,75.0,2,-0.05590419078798832,0.05590419078798832,1.0,0.9456297315898141,1.0,1,"('קשת 12', '2024-11-30', 9)","('קשת 12', '2024-11-30', 9)",2024-11-30 02:28:00
קשת 12,Other_middle_short,Other,middle,short,overnight,2024-11-30,5,1.2833333333333334,77.0,2,2.2204460492503128e-16,-2.2204460492503128e-16,1.0,1.0000000000000002,1.0,1,"('קשת 12', '2024-11-30', 16)","('קשת 12', '2024-11-30', 16)",2024-11-30 05:03:00
קשת 12,Other_last_standard,Other,last,standard,overnight,2024-11-30,5,1.9166666666666667,115.0,3,0.2169600894960153,-0.2169600894960153,1.0,1.242294520547945,2.0,0,"('קשת 12', '2024-11-30', 16)","('קשת 12', '2024-11-30', 16)",2024-11-30 05:55:00
קשת 12,PrimeShow2_middle_short,PrimeShow2,middle,short,morning,2024-11-30,8,0.9333333333333333,56.0,4,0.08047824775010785,-0.08047824775010785,0.923076923076923,1.000435634937922,1.0,1,"('קשת 12', '2024-11-30', 29)","('קשת 12', '2024-11-30', 29)",2024-11-30 08:46:00
קשת 12,Other_middle_standard,Other,middle,standard,afternoon,2024-11-30,16,2.816666666666667,169.0,6,0.18627816023206242,-0.18627816023206242,0.8444444444444444,1.0173506336753169,1.0,1,"('קשת 12', '2024-11-30', 52)","('קשת 12', '2024-11-30', 52)",2024-11-30 16:26:00
קשת 12,News_middle_short,News,middle,short,early_evening,2024-11-30,18,1.1666666666666667,70.0,2,0.05966997477253997,-0.05966997477253997,0.9527777777777776,1.0113604356398462,1.0,1,"('קשת 12', '2024-11-30', 57)","('קשת 12', '2024-11-30', 57)",2024-11-30 18:34:00
קשת 12,PrimeShow2_first_long,PrimeShow2,first,long,early_evening,2024-11-30,19,6.15,369.0,27,-0.008647810738527842,0.008647810738527842,0.9483568075117372,0.9401909565843992,1.0,1,"('קשת 12', '2024-11-30', 59)","('קשת 12', '2024-11-30', 59)",2024-11-30 19:01:00
קשת 12,News_first_long,News,first,long,late_evening,2024-11-30,20,7.183333333333334,431.0,19,0.1531012639234426,-0.1531012639234426,0.8448275862068965,0.984598388354562,1.0,1,"('קשת 12', '2024-11-30', 63)","('קשת 12', '2024-11-30', 63)",2024-11-30 20:28:00
קשת 12,News_middle_long,News,middle,long,late_evening,2024-11-30,20,6.866666666666666,412.0,18,0.006212807310415638,-0.006212807310415638,0.9620253164556963,0.968020799480013,2.0,0,"('קשת 12', '2024-11-30', 63)","('קשת 12', '2024-11-30', 63)",2024-11-30 20:45:00
קשת 12,News_last_long,News,last,long,late_evening,2024-11-30,21,5.8,348.0,18,-0.09036220860844144,0.09036220860844144,1.027310924369748,0.9385514777525172,3.0,0,"('קשת 12', '2024-11-30', 63)","('קשת 12', '2024-11-30', 63)",2024-11-30 21:11:00
קשת 12,Other_middle_long,Other,middle,long,late_evening,2024-11-30,22,9.0,540.0,36,0.10855914829668822,-0.10855914829668822,0.9593023255813954,1.0693063266426697,1.0,1,"('קשת 12', '2024-11-30', 72)","('קשת 12', '2024-11-30', 72)",2024-11-30 22:07:00
קשת 12,Other_first_long,Other,first,long,late_evening,2024-11-30,23,7.366666666666666,442.0,24,0.14464403255896247,-0.14464403255896247,0.6654411764705884,0.7690025430912686,1.0,1,"('קשת 12', '2024-11-30', 81)","('קשת 12', '2024-11-30', 81)",2024-11-30 23:48:00
רשת 13,Other_middle_standard,Other,middle,standard,overnight,2024-11-01,2,2.95,177.0,4,-0.08146094645898068,0.08146094645898068,1.0,0.9217687074829932,1.0,1,"('רשת 13', '2024-11-01', 6)","('רשת 13', '2024-11-01', 6)",2024-11-01 02:57:00
רשת 13,Other_middle_standard,Other,middle,standard,overnight,2024-11-01,5,2.45,147.0,4,0.04181793968332141,-0.04181793968332141,1.0,1.0427046263345194,1.0,1,"('רשת 13', '2024-11-01', 13)","('רשת 13', '2024-11-01', 13)",2024-11-01 05:22:00
רשת 13,Other_first_standard,Other,first,standard,overnight,2024-11-01,5,2.95,177.0,4,0.22262483426272422,-0.22262483426272422,0.9285714285714287,1.160112359550562,1.0,1,"('רשת 13', '2024-11-01', 15)","('רשת 13', '2024-11-01', 15)",2024-11-01 05:40:00
רשת 13,Other_middle_long,Other,middle,long,morning,2024-11-01,8,7.233333333333333,434.0,22,0.34354633122907974,-0.34354633122907974,0.6883116883116882,0.9704773869346734,3.0,0,"('רשת 13', '2024-11-01', 21)","('רשת 13', '2024-11-01', 21)",2024-11-01 08:17:00
רשת 13,Other_last_long,Other,last,long,morning,2024-11-01,9,5.833333333333333,350.0,13,0.027133995864045857,-0.027133995864045857,0.9885057471264368,1.015695067264574,6.0,0,"('רשת 13', '2024-11-01', 21)","('רשת 13', '2024-11-01', 21)",2024-11-01 09:17:00
רשת 13,Other_last_long,Other,last,long,morning,2024-11-01,9,5.566666666666666,334.0,12,0.07836553574902685,-0.07836553574902685,0.9473684210526316,1.0245959241040057,7.0,0,"('רשת 13', '2024-11-01', 21)","('רשת 13', '2024-11-01', 21)",2024-11-01 09:34:00
רשת 13,Other_middle_long,Other,middle,long,morning,2024-11-01,10,6.716666666666667,403.0,16,0.36724836277471484,-0.36724836277471484,0.6867469879518072,0.991495393338058,3.0,0,"('רשת 13', '2024-11-01', 30)","('רשת 13', '2024-11-01', 30)",2024-11-01 10:43:00
רשת 13,Other_last_long,Other,last,long,morning,2024-11-01,11,5.183333333333334,311.0,14,0.027447864141727316,-0.027447864141727316,0.9863013698630138,1.0137481910274961,6.0,0,"('רשת 13', '2024-11-01', 30)","('רשת 13', '2024-11-01', 30)",2024-11-01 11:23:00
רשת 13,Other_last_long,Other,last,long,afternoon,2024-11-01,12,3.3833333333333333,203.0,10,0.3693410727028188,-0.3693410727028188,0.6874999999999999,0.9946619217081849,1.0,1,"('רשת 13', '2024-11-01', 40)","('רשת 13', '2024-11-01', 40)",2024-11-01 12:34:00
רשת 13,Other_first_standard,Other,first,standard,afternoon,2024-11-01,12,1.5166666666666666,91.0,3,0.07469983566216903,-0.07469983566216903,0.8947368421052632,0.964133219470538,1.0,1,"('רשת 13', '2024-11-01', 42)","('רשת 13', '2024-11-01', 42)",2024-11-01 12:48:00
רשת 13,Other_first_long,Other,first,long,afternoon,2024-11-01,13,6.316666666666666,379.0,11,-0.21398536906799345,0.21398536906799345,1.1515151515151518,0.9296875000000001,1.0,1,"('רשת 13', '2024-11-01', 47)","('רשת 13', '2024-11-01', 47)",2024-11-01 13:11:00
רשת 13,Other_middle_long,Other,middle,long,afternoon,2024-11-01,13,6.916666666666667,415.0,16,0.11166742182909653,-0.11166742182909653,0.9583333333333334,1.0715517241379309,1.0,1,"('רשת 13', '2024-11-01', 49)","('רשת 13', '2024-11-01', 49)",2024-11-01 13:42:00
רשת 13,Other_middle_long,Other,middle,long,afternoon,2024-11-01,14,5.95,357.0,12,0.0370121163721025,-0.0370121163721025,0.8666666666666667,0.8993448481238833,1.0,1,"('רשת 13', '2024-11-01', 54)","('רשת 13', '2024-11-01', 54)",2024-11-01 14:55:00
רשת 13,Other_first_long,Other,first,long,afternoon,2024-11-01,16,6.233333333333333,374.0,15,0.09233973891302984,-0.09233973891302984,0.8552631578947368,0.9379990605918272,1.0,1,"('רשת 13', '2024-11-01', 57)","('רשת 13', '2024-11-01', 57)",2024-11-01 16:16:00
רשת 13,Other_last_long,Other,last,long,early_evening,2024-11-01,19,8.583333333333334,515.0,19,0.018261094404608158,-0.018261094404608158,0.9716981132075473,0.9896053897978826,3.0,0,"('רשת 13', '2024-11-01', 66)","('רשת 13', '2024-11-01', 66)",2024-11-01 19:24:00
רשת 13,Other_middle_long,Other,middle,long,late_evening,2024-11-01,20,6.633333333333334,398.0,15,0.3865594642779329,-0.3865594642779329,0.6666666666666666,0.981271946937183,1.0,1,"('רשת 13', '2024-11-01', 69)","('רשת 13', '2024-11-01', 69)",2024-11-01 20:45:00
רשת 13,Other_last_long,Other,last,long,late_evening,2024-11-01,21,6.75,405.0,13,0.3192446453124831,-0.3192446453124831,0.7759999999999998,1.067844239261341,2.0,0,"('רשת 13', '2024-11-01', 69)","('רשת 13', '2024-11-01', 69)",2024-11-01 21:10:00
רשת 13,Other_last_short,Other,last,short,late_evening,2024-11-01,21,1.25,75.0,4,0.18352604066595243,-0.18352604066595243,1.0727272727272728,1.2888241606622721,3.0,0,"('רשת 13', '2024-11-01', 69)","('רשת 13', '2024-11-01', 69)",2024-11-01 21:30:00
רשת 13,Other_last_long,Other,last,long,late_evening,2024-11-01,22,9.516666666666667,571.0,23,0.014271469976902647,-0.014271469976902647,1.0294117647058825,1.0442083169355898,1.0,1,"('רשת 13', '2024-11-01', 74)","('רשת 13', '2024-11-01', 74)",2024-11-01 22:13:00
רשת 13,Other_first_long,Other,first,long,late_evening,2024-11-01,22,9.066666666666666,544.0,18,0.35519057187698166,-0.35519057187698166,0.6250000000000001,0.8915327938156781,1.0,1,"('רשת 13', '2024-11-01', 76)","('רשת 13', '2024-11-01', 76)",2024-11-01 22:30:00
רשת 13,Other_first_long,Other,first,long,late_evening,2024-11-01,23,3.8666666666666667,232.0,10,0.03392704285891961,-0.03392704285891961,0.942857142857143,0.9753943217665615,1.0,1,"('רשת 13', '2024-11-01', 78)","('רשת 13', '2024-11-01', 78)",2024-11-01 23:12:00
רשת 13,Other_first_long,Other,first,long,late_evening,2024-11-01,23,5.883333333333334,353.0,13,-0.13381891636612828,0.13381891636612828,1.0238095238095242,0.8955757970071568,1.0,1,"('רשת 13', '2024-11-01', 80)","('רשת 13', '2024-11-01', 80)",2024-11-01 23:49:00
רשת 13,Other_first_long,Other,first,long,overnight,2024-11-02,0,3.466666666666667,208.0,5,0.09522078633892772,-0.09522078633892772,0.8571428571428571,0.9427728613569322,1.0,1,"('רשת 13', '2024-11-02', 5)","('רשת 13', '2024-11-02', 5)",2024-11-02 00:38:00
רשת 13,Other_middle_standard,Other,middle,standard,overnight,2024-11-02,1,1.9666666666666666,118.0,2,-0.022693863477721433,0.022693863477721433,1.0,0.9775617053103962,1.0,1,"('רשת 13', '2024-11-02', 6)","('רשת 13', '2024-11-02', 6)",2024-11-02 01:16:00
רשת 13,Other_middle_short,Other,middle,short,overnight,2024-11-02,2,1.3333333333333333,80.0,2,0.15168458733206477,-0.15168458733206477,0.8571428571428572,0.9975369458128079,1.0,1,"('רשת 13', '2024-11-02', 9)","('רשת 13', '2024-11-02', 9)",2024-11-02 02:15:00
רשת 13,Other_middle_long,Other,middle,long,morning,2024-11-02,6,3.5833333333333335,215.0,5,-0.3276284101735265,0.3276284101735265,1.6666666666666667,1.2010512483574245,1.0,1,"('רשת 13', '2024-11-02', 21)","('רשת 13', '2024-11-02', 21)",2024-11-02 06:15:00
רשת 13,Other_first_long,Other,first,long,morning,2024-11-02,6,3.4833333333333334,209.0,5,-0.01089420627420172,0.01089420627420172,1.0833333333333333,1.0715953307392996,1.0,1,"('רשת 13', '2024-11-02', 23)","('רשת 13', '2024-11-02', 23)",2024-11-02 06:47:00
רשת 13,Other_last_long,Other,last,long,morning,2024-11-02,7,3.5833333333333335,215.0,5,-0.30386693998464964,0.30386693998464964,1.1818181818181817,0.872133425990271,2.0,0,"('רשת 13', '2024-11-02', 23)","('רשת 13', '2024-11-02', 23)",2024-11-02 07:10:00
רשת 13,Other_middle_long,Other,middle,long,morning,2024-11-02,7,4.733333333333333,284.0,7,0.5006956098119731,-0.5006956098119731,0.7,1.1549079754601228,1.0,1,"('רשת 13', '2024-11-02', 26)","('רשת 13', '2024-11-02', 26)",2024-11-02 07:47:00
רשת 13,Other_middle_long,Other,middle,long,morning,2024-11-02,8,4.933333333333334,296.0,8,-0.5794184152316024,0.5794184152316024,1.7999999999999998,1.0084033613445378,1.0,1,"('רשת 13', '2024-11-02', 28)","('רשת 13', '2024-11-02', 28)",2024-11-02 08:21:00
רשת 13,Other_first_long,Other,first,long,morning,2024-11-02,8,3.3,198.0,5,-0.10448519701171628,0.10448519701171628,1.1379310344827587,1.0250347705146037,1.0,1,"('רשת 13', '2024-11-02', 30)","('רשת 13', '2024-11-02', 30)",2024-11-02 08:45:00
רשת 13,Other_middle_long,Other,middle,long,morning,2024-11-02,10,5.383333333333334,323.0,8,-0.16290347093685278,0.16290347093685278,1.1666666666666665,0.991285403050109,1.0,1,"('רשת 13', '2024-11-02', 34)","('רשת 13', '2024-11-02', 34)",2024-11-02 10:25:00
רשת 13,Other_middle_long,Other,middle,long,afternoon,2024-11-02,13,5.4,324.0,6,0.21936956944898123,-0.21936956944898123,0.8148148148148149,1.0146818923327896,1.0,1,"('רשת 13', '2024-11-02', 42)","('רשת 13', '2024-11-02', 42)",2024-11-02 13:48:00
רשת 13,Other_middle_long,Other,middle,long,early_evening,2024-11-02,17,5.3,318.0,12,0.09952168645323123,-0.09952168645323123,0.9417475728155338,1.0402943237561317,1.0,1,"('רשת 13', '2024-11-02', 53)","('רשת 13', '2024-11-02', 53)",2024-11-02 17:41:00
רשת 13,Other_middle_long,Other,middle,long,early_evening,2024-11-02,19,8.066666666666666,484.0,23,-0.10821221855889393,0.10821221855889393,1.1437499999999998,1.0264437098969472,1.0,1,"('רשת 13', '2024-11-02', 57)","('רשת 13', '2024-11-02', 57)",2024-11-02 19:34:00
רשת 13,News_middle_long,News,middle,long,late_evening,2024-11-02,20,6.766666666666667,406.0,11,0.12494335468248859,-0.12494335468248859,0.8967391304347827,1.0160810005955927,1.0,1,"('רשת 13', '2024-11-02', 60)","('רשת 13', '2024-11-02', 60)",2024-11-02 20:46:00
רשת 13,News_last_long,News,last,long,late_evening,2024-11-02,21,6.65,399.0,15,0.011129053265500302,-0.011129053265500302,0.8909090909090908,0.9008794430194212,2.0,0,"('רשת 13', '2024-11-02', 60)","('רשת 13', '2024-11-02', 60)",2024-11-02 21:02:00
רשת 13,News_last_standard,News,last,standard,late_evening,2024-11-02,21,1.5,90.0,4,-0.11468211103136053,0.11468211103136053,1.3926701570680629,1.2417737110680978,3.0,0,"('רשת 13', '2024-11-02', 60)","('רשת 13', '2024-11-02', 60)",2024-11-02 21:26:00
רשת 13,Other_middle_long,Other,middle,long,late_evening,2024-11-02,22,10.366666666666667,622.0,27,-0.24817757473255814,0.24817757473255814,1.255813953488372,0.9798129000492373,1.0,1,"('רשת 13', '2024-11-02', 66)","('רשת 13', '2024-11-02', 66)",2024-11-02 22:12:00
רשת 13,Other_last_long,Other,last,long,late_evening,2024-11-02,22,10.8,648.0,27,-0.1058345811908046,0.1058345811908046,0.9466292134831462,0.8515625000000002,2.0,0,"('רשת 13', '2024-11-02', 66)","('רשת 13', '2024-11-02', 66)",2024-11-02 22:40:00
רשת 13,Other_first_long,Other,first,long,late_evening,2024-11-02,23,5.883333333333334,353.0,11,-0.12142788642458452,0.12142788642458452,0.7738693467336684,0.685381193434576,1.0,1,"('רשת 13', '2024-11-02', 70)","('רשת 13', '2024-11-02', 70)",2024-11-02 23:05:00
רשת 13,Other_middle_long,Other,middle,long,late_evening,2024-11-02,23,5.483333333333333,329.0,14,0.1793409286558168,-0.1793409286558168,0.7441860465116279,0.8903654485049833,1.0,1,"('רשת 13', '2024-11-02', 72)","('רשת 13', '2024-11-02', 72)",2024-11-02 23:54:00
רשת 13,Other_first_long,Other,first,long,overnight,2024-11-03,0,6.35,381.0,8,0.018612261942968132,-0.018612261942968132,0.9350649350649349,0.9526315789473683,1.0,1,"('רשת 13', '2024-11-03', 1)","('רשת 13', '2024-11-03', 1)",2024-11-03 00:32:00
רשת 13,Other_last_long,Other,last,long,overnight,2024-11-03,1,4.116666666666666,247.0,7,-0.05708378555003889,0.05708378555003889,0.9753086419753088,0.9211935730680945,1.0,1,"('רשת 13', '2024-11-03', 3)","('רשת 13', '2024-11-03', 3)",2024-11-03 01:22:00
רשת 13,Other_first_long,Other,first,long,overnight,2024-11-03,2,3.933333333333333,236.0,5,-0.057401515822427106,0.057401515822427106,1.0,0.9442148760330578,1.0,1,"('רשת 13', '2024-11-03', 7)","('רשת 13', '2024-11-03', 7)",2024-11-03 02:00:00
רשת 13,Other_middle_long,Other,middle,long,overnight,2024-11-03,2,4.916666666666667,295.0,6,-0.09585603134626218,0.09585603134626218,0.9729729729729729,0.8840381991814462,1.0,1,"('רשת 13', '2024-11-03', 9)","('רשת 13', '2024-11-03', 9)",2024-11-03 02:43:00
רשת 13,Other_first_long,Other,first,long,overnight,2024-11-03,2,4.2,252.0,5,-0.05176716798237394,0.05176716798237394,0.9444444444444444,0.8967971530249109,1.0,1,"('רשת 13', '2024-11-03', 11)","('רשת 13', '2024-11-03', 11)",2024-11-03 02:59:00
רשת 13,Other_first_long,Other,first,long,overnight,2024-11-03,3,3.8333333333333335,230.0,5,0.3368107033700861,-0.3368107033700861,0.6666666666666669,0.933649289099526,1.0,1,"('רשת 13', '2024-11-03', 12)","('רשת 13', '2024-11-03', 12)",2024-11-03 03:21:00
רשת 13,Other_last_long,Other,last,long,overnight,2024-11-03,3,3.2,192.0,4,-0.05437677087807177,0.05437677087807177,1.0,0.947075208913649,2.0,0,"('רשת 13', '2024-11-03', 12)","('רשת 13', '2024-11-03', 12)",2024-11-03 03:44:00
רשת 13,Other_last_long,Other,last,long,overnight,2024-11-03,5,3.2,192.0,4,-0.3139659085260089,0.3139659085260089,1.6666666666666667,1.217573221757322,1.0,1,"('רשת 13', '2024-11-03', 17)","('רשת 13', '2024-11-03', 17)",2024-11-03 05:12:00
רשת 13,Other_first_long,Other,first,long,overnight,2024-11-03,5,3.65,219.0,4,0.5519207517136218,-0.5519207517136218,0.7142857142857144,1.2404181184668985,1.0,1,"('רשת 13', '2024-11-03', 19)","('רשת 13', '2024-11-03', 19)",2024-11-03 05:32:00
רשת 13,PrimeShow1_first_long,PrimeShow1,first,long,morning,2024-11-03,6,3.816666666666667,229.0,7,0.07556654940009866,-0.07556654940009866,1.1136363636363638,1.2010512483574245,1.0,1,"('רשת 13', '2024-11-03', 22)","('רשת 13', '2024-11-03', 22)",2024-11-03 06:15:00
רשת 13,Other_first_long,Other,first,long,morning,2024-11-03,7,7.7,462.0,13,0.16248306942377985,-0.16248306942377985,0.8245614035087718,0.9700374531835205,3.0,0,"('רשת 13', '2024-11-03', 24)","('רשת 13', '2024-11-03', 24)",2024-11-03 07:34:00
רשת 13,Other_middle_long,Other,middle,long,morning,2024-11-03,8,6.133333333333334,368.0,13,-0.02306757981855509,0.02306757981855509,0.95,0.9283366206443128,6.0,0,"('רשת 13', '2024-11-03', 24)","('רשת 13', '2024-11-03', 24)",2024-11-03 08:39:00
רשת 13,Other_last_long,Other,last,long,morning,2024-11-03,9,7.383333333333334,443.0,16,-0.028055924660281416,0.028055924660281416,1.0930232558139534,1.062783661119516,9.0,0,"('רשת 13', '2024-11-03', 24)","('רשת 13', '2024-11-03', 24)",2024-11-03 09:18:00
רשת 13,Other_last_long,Other,last,long,morning,2024-11-03,9,5.516666666666667,331.0,10,0.16860876300248828,-0.16860876300248828,0.8571428571428571,1.0145631067961165,10.0,0,"('רשת 13', '2024-11-03', 24)","('רשת 13', '2024-11-03', 24)",2024-11-03 09:43:00
רשת 13,Other_first_long,Other,first,long,morning,2024-11-03,10,7.316666666666666,439.0,12,0.4941045380560203,-0.4941045380560203,0.642857142857143,1.0536620739666427,3.0,0,"('רשת 13', '2024-11-03', 35)","('רשת 13', '2024-11-03', 35)",2024-11-03 10:29:00
רשת 13,Other_last_long,Other,last,long,morning,2024-11-03,11,5.216666666666667,313.0,11,0.028749413285985667,-0.028749413285985667,0.9230769230769232,0.95,6.0,0,"('רשת 13', '2024-11-03', 35)","('רשת 13', '2024-11-03', 35)",2024-11-03 11:29:00
רשת 13,Other_middle_long,Other,middle,long,afternoon,2024-11-03,12,4.216666666666667,253.0,12,-0.3080741643792006,0.3080741643792006,1.3548387096774188,0.9956178790534619,1.0,1,"('רשת 13', '2024-11-03', 46)","('רשת 13', '2024-11-03', 46)",2024-11-03 12:28:00
רשת 13,Other_first_long,Other,first,long,afternoon,2024-11-03,13,5.883333333333334,353.0,11,0.07601247551811512,-0.07601247551811512,0.8571428571428572,0.9248366013071896,1.0,1,"('רשת 13', '2024-11-03', 52)","('רשת 13', '2024-11-03', 52)",2024-11-03 13:05:00
רשת 13,Other_middle_long,Other,middle,long,afternoon,2024-11-03,13,4.533333333333333,272.0,6,0.2176145098350642,-0.2176145098350642,0.8749999999999999,1.087719298245614,1.0,1,"('רשת 13', '2024-11-03', 54)","('רשת 13', '2024-11-03', 54)",2024-11-03 13:31:00
רשת 13,Other_middle_long,Other,middle,long,afternoon,2024-11-03,14,9.633333333333333,578.0,20,0.09414689038848573,-0.09414689038848573,0.94,1.0327978580990629,1.0,1,"('רשת 13', '2024-11-03', 60)","('רשת 13', '2024-11-03', 60)",2024-11-03 14:34:00
רשת 13,Other_first_standard,Other,first,standard,early_evening,2024-11-03,17,2.0,120.0,2,-0.08335506578651941,0.08335506578651941,1.090909090909091,1.0036630036630036,1.0,1,"('רשת 13', '2024-11-03', 68)","('רשת 13', '2024-11-03', 68)",2024-11-03 17:53:00
רשת 13,Other_first_standard,Other,first,standard,early_evening,2024-11-03,19,2.3,138.0,3,-0.07411193551168484,0.07411193551168484,1.0816326530612246,1.004369197160022,1.0,1,"('רשת 13', '2024-11-03', 74)","('רשת 13', '2024-11-03', 74)",2024-11-03 19:50:00
רשת 13,News_middle_long,News,middle,long,late_evening,2024-11-03,20,9.0,540.0,20,0.08975557729839886,-0.08975557729839886,0.873517786561265,0.955547112462006,1.0,1,"('רשת 13', '2024-11-03', 75)","('רשת 13', '2024-11-03', 75)",2024-11-03 20:43:00
רשת 13,News_last_long,News,last,long,late_evening,2024-11-03,21,7.85,471.0,23,0.15552315928936644,-0.15552315928936644,0.8605577689243029,1.0053629572878762,2.0,0,"('רשת 13', '2024-11-03', 75)","('רשת 13', '2024-11-03', 75)",2024-11-03 21:07:00
רשת 13,News_last_standard,News,last,standard,late_evening,2024-11-03,21,1.8166666666666667,109.0,3,0.07986395962916926,-0.07986395962916926,1.1877729257641922,1.2865240187048321,3.0,0,"('רשת 13', '2024-11-03', 75)","('רשת 13', '2024-11-03', 75)",2024-11-03 21:31:00
רשת 13,Other_middle_long,Other,middle,long,late_evening,2024-11-03,22,10.716666666666667,643.0,26,-0.0012875414394966644,0.0012875414394966644,0.7797029702970296,0.7786997164163428,1.0,1,"('רשת 13', '2024-11-03', 82)","('רשת 13', '2024-11-03', 82)",2024-11-03 22:07:00
רשת 13,Other_first_long,Other,first,long,late_evening,2024-11-03,22,11.25,675.0,30,-0.054560056776599225,0.054560056776599225,0.878419452887538,0.8317768199233717,1.0,1,"('רשת 13', '2024-11-03', 84)","('רשת 13', '2024-11-03', 84)",2024-11-03 22:31:00
רשת 13,Other_middle_long,Other,middle,long,late_evening,2024-11-03,23,7.066666666666666,424.0,16,-0.16307677027018974,0.16307677027018974,0.8105726872246695,0.6886025464028227,1.0,1,"('רשת 13', '2024-11-03', 86)","('רשת 13', '2024-11-03', 86)",2024-11-03 23:05:00
רשת 13,Other_last_long,Other,last,long,late_evening,2024-11-03,23,7.933333333333334,476.0,22,0.06143412990052757,-0.06143412990052757,0.8095238095238095,0.8608156028368794,1.0,1,"('רשת 13', '2024-11-03', 88)","('רשת 13', '2024-11-03', 88)",2024-11-03 23:44:00
רשת 13,PrimeShow1_first_long,PrimeShow1,first,long,overnight,2024-11-04,0,5.166666666666667,310.0,9,-0.05403016211388029,0.05403016211388029,0.9729729729729729,0.9217980295566504,1.0,1,"('רשת 13', '2024-11-04', 3)","('רשת 13', '2024-11-04', 3)",2024-11-04 00:44:00
רשת 13,Other_middle_long,Other,middle,long,overnight,2024-11-04,2,3.3333333333333335,200.0,4,-0.020770447357206887,0.020770447357206887,1.0,0.9794437726723095,1.0,1,"('רשת 13', '2024-11-04', 7)","('רשת 13', '2024-11-04', 7)",2024-11-04 02:13:00
רשת 13,Other_middle_long,Other,middle,long,overnight,2024-11-04,2,3.466666666666667,208.0,4,-0.038308377779939146,0.038308377779939146,1.0,0.9624161073825503,1.0,1,"('רשת 13', '2024-11-04', 9)","('רשת 13', '2024-11-04', 9)",2024-11-04 02:38:00
רשת 13,Other_last_standard,Other,last,standard,overnight,2024-11-04,5,2.15,129.0,3,0.44373064618711794,-0.44373064618711794,0.6666666666666669,1.0390070921985817,1.0,1,"('רשת 13', '2024-11-04', 15)","('רשת 13', '2024-11-04', 15)",2024-11-04 05:23:00
רשת 13,Other_middle_standard,Other,middle,standard,overnight,2024-11-04,5,1.5833333333333333,95.0,2,0.036713485433184256,-0.036713485433184256,1.1249999999999998,1.1670702179176755,1.0,1,"('רשת 13', '2024-11-04', 17)","('רשת 13', '2024-11-04', 17)",2024-11-04 05:49:00
רשת 13,Other_first_long,Other,first,long,morning,2024-11-04,7,6.866666666666666,412.0,19,0.3591162462211008,-0.3591162462211008,0.6666666666666665,0.9547088425593098,3.0,0,"('רשת 13', '2024-11-04', 22)","('רשת 13', '2024-11-04', 22)",2024-11-04 07:37:00
רשת 13,Other_middle_long,Other,middle,long,morning,2024-11-04,8,8.2,492.0,26,0.04867522824608263,-0.04867522824608263,0.9777777777777779,1.0265486725663717,6.0,0,"('רשת 13', '2024-11-04', 22)","('רשת 13', '2024-11-04', 22)",2024-11-04 08:41:00
רשת 13,Other_last_long,Other,last,long,morning,2024-11-04,9,7.083333333333333,425.0,15,-0.1426274135205746,0.1426274135205746,1.1029411764705883,0.9563350035790981,7.0,0,"('רשת 13', '2024-11-04', 22)","('רשת 13', '2024-11-04', 22)",2024-11-04 09:15:00
רשת 13,Other_last_long,Other,last,long,morning,2024-11-04,9,7.133333333333334,428.0,20,0.07946268981899075,-0.07946268981899075,0.9404761904761907,1.018258426966292,8.0,0,"('רשת 13', '2024-11-04', 22)","('רשת 13', '2024-11-04', 22)",2024-11-04 09:40:00
רשת 13,Other_first_long,Other,first,long,morning,2024-11-04,10,6.95,417.0,18,0.22940131516761425,-0.22940131516761425,0.8117647058823528,1.0210755813953487,1.0,1,"('רשת 13', '2024-11-04', 33)","('רשת 13', '2024-11-04', 33)",2024-11-04 10:28:00
רשת 13,Other_last_long,Other,last,long,morning,2024-11-04,11,8.733333333333333,524.0,21,-0.13800567301944391,0.13800567301944391,1.0666666666666667,0.9291666666666665,2.0,0,"('רשת 13', '2024-11-04', 33)","('רשת 13', '2024-11-04', 33)",2024-11-04 11:29:00
רשת 13,Other_middle_long,Other,middle,long,afternoon,2024-11-04,12,7.383333333333334,443.0,18,0.35293259077144173,-0.35293259077144173,0.6964285714285715,0.9911816578483246,1.0,1,"('רשת 13', '2024-11-04', 43)","('רשת 13', '2024-11-04', 43)",2024-11-04 12:22:00
רשת 13,Other_middle_short,Other,middle,short,afternoon,2024-11-04,12,0.8166666666666667,49.0,5,-0.05569269373220284,0.05569269373220284,1.0227272727272727,0.9673258813413582,1.0,1,"('רשת 13', '2024-11-04', 45)","('רשת 13', '2024-11-04', 45)",2024-11-04 12:50:00
רשת 13,Other_middle_long,Other,middle,long,afternoon,2024-11-04,13,5.25,315.0,16,0.3181416100130131,-0.3181416100130131,0.7241379310344825,0.9953789279112755,1.0,1,"('רשת 13', '2024-11-04', 52)","('רשת 13', '2024-11-04', 52)",2024-11-04 13:28:00
רשת 13,Other_middle_long,Other,middle,long,afternoon,2024-11-04,14,5.516666666666667,331.0,15,0.38290852196225467,-0.38290852196225467,0.7083333333333334,1.0388019060585434,1.0,1,"('רשת 13', '2024-11-04', 58)","('רשת 13', '2024-11-04', 58)",2024-11-04 14:35:00
רשת 13,Other_first_standard,Other,first,standard,early_evening,2024-11-04,17,2.0,120.0,2,0.044202405597460276,-0.044202405597460276,0.9602649006622518,1.0036630036630036,1.0,1,"('רשת 13', '2024-11-04', 66)","('רשת 13', '2024-11-04', 66)",2024-11-04 17:53:00
רשת 13,Other_first_standard,Other,first,standard,early_evening,2024-11-04,19,2.216666666666667,133.0,3,-0.01563422719143718,0.01563422719143718,1.0486725663716812,1.032404878936829,1.0,1,"('רשת 13', '2024-11-04', 71)","('רשת 13', '2024-11-04', 71)",2024-11-04 19:50:00
רשת 13,News_middle_long,News,middle,long,late_evening,2024-11-04,20,8.4,504.0,20,0.1988311192941024,-0.1988311192941024,0.6933962264150942,0.8459266979329514,1.0,1,"('רשת 13', '2024-11-04', 72)","('רשת 13', '2024-11-04', 72)",2024-11-04 20:38:00
רשת 13,News_last_long,News,last,long,late_evening,2024-11-04,21,8.25,495.0,25,0.08227233181097647,-0.08227233181097647,0.8781512605042017,0.953454008127078,2.0,0,"('רשת 13', '2024-11-04', 72)","('רשת 13', '2024-11-04', 72)",2024-11-04 21:05:00
רשת 13,Other_middle_long,Other,middle,long,late_evening,2024-11-04,22,12.15,729.0,32,0.08244550139108146,-0.08244550139108146,0.9206349206349207,0.9997538158542594,1.0,1,"('רשת 13', '2024-11-04', 78)","('רשת 13', '2024-11-04', 78)",2024-11-04 22:12:00
רשת 13,Other_last_long,Other,last,long,late_evening,2024-11-04,22,11.166666666666666,670.0,33,0.013539520840693112,-0.013539520840693112,0.9254901960784314,0.9381061038220193,2.0,0,"('רשת 13', '2024-11-04', 78)","('רשת 13', '2024-11-04', 78)",2024-11-04 22:49:00
רשת 13,Other_first_long,Other,first,long,late_evening,2024-11-04,23,8.783333333333333,527.0,21,0.26665759967488134,-0.26665759967488134,0.5507246376811595,0.7190224159402243,1.0,1,"('רשת 13', '2024-11-04', 83)","('רשת 13', '2024-11-04', 83)",2024-11-04 23:06:00
רשת 13,PrimeShow1_first_long,PrimeShow1,first,long,late_evening,2024-11-04,23,8.616666666666667,517.0,24,-0.30117003532455544,0.30117003532455544,1.2,0.8879423328964615,1.0,1,"('רשת 13', '2024-11-04', 86)","('רשת 13', '2024-11-04', 86)",2024-11-04 23:50:00
רשת 13,Other_last_long,Other,last,long,overnight,2024-11-05,0,5.2,312.0,11,0.893040343976758,-0.893040343976758,0.391304347826087,0.9557783018867926,1.0,1,"('רשת 13', '2024-11-05', 1)","('רשת 13', '2024-11-05', 1)",2024-11-05 00:36:00
רשת 13,Other_first_long,Other,first,long,overnight,2024-11-05,0,4.133333333333334,248.0,8,-0.5807192522402305,0.5807192522402305,1.6428571428571428,0.9191716766867067,1.0,1,"('רשת 13', '2024-11-05', 3)","('רשת 13', '2024-11-05', 3)",2024-11-05 00:54:00
רשת 13,Other_last_long,Other,last,long,overnight,2024-11-05,1,3.7,222.0,7,-0.05634250909235544,0.05634250909235544,0.9473684210526316,0.8954671600370029,1.0,1,"('רשת 13', '2024-11-05', 4)","('רשת 13', '2024-11-05', 4)",2024-11-05 01:52:00
רשת 13,Other_middle_long,Other,middle,long,overnight,2024-11-05,2,5.633333333333334,338.0,8,0.09867152750702982,-0.09867152750702982,0.8823529411764706,0.9738562091503269,1.0,1,"('רשת 13', '2024-11-05', 7)","('רשת 13', '2024-11-05', 7)",2024-11-05 02:28:00
רשת 13,Other_middle_long,Other,middle,long,overnight,2024-11-05,3,4.983333333333333,299.0,7,-0.1466034741918755,0.1466034741918755,1.0,0.8636363636363635,1.0,1,"('רשת 13', '2024-11-05', 9)","('רשת 13', '2024-11-05', 9)",2024-11-05 03:02:00
רשת 13,Other_middle_long,Other,middle,long,overnight,2024-11-05,5,5.733333333333333,344.0,7,0.7177529913621454,-0.7177529913621454,0.5,1.0249110320284698,1.0,1,"('רשת 13', '2024-11-05', 15)","('רשת 13', '2024-11-05', 15)",2024-11-05 05:22:00
רשת 13,Other_first_long,Other,first,long,morning,2024-11-05,7,9.133333333333333,548.0,26,0.23416737766907678,-0.23416737766907678,0.7894736842105263,0.9977810650887573,3.0,0,"('רשת 13', '2024-11-05', 21)","('רשת 13', '2024-11-05', 21)",2024-11-05 07:35:00
רשת 13,Other_middle_long,Other,middle,long,morning,2024-11-05,8,8.966666666666667,538.0,16,0.16219550630551283,-0.16219550630551283,0.7647058823529412,0.8993630573248407,6.0,0,"('רשת 13', '2024-11-05', 21)","('רשת 13', '2024-11-05', 21)",2024-11-05 08:36:00
רשת 13,Other_last_long,Other,last,long,morning,2024-11-05,9,7.966666666666667,478.0,18,-0.0974284627379226,0.0974284627379226,1.0,0.9071672354948803,7.0,0,"('רשת 13', '2024-11-05', 21)","('רשת 13', '2024-11-05', 21)",2024-11-05 09:13:00
רשת 13,Other_last_long,Other,last,long,morning,2024-11-05,9,8.183333333333334,491.0,23,0.08764393086463798,-0.08764393086463798,0.9411764705882352,1.027387640449438,8.0,0,"('רשת 13', '2024-11-05', 21)","('רשת 13', '2024-11-05', 21)",2024-11-05 09:40:00
רשת 13,Other_first_long,Other,first,long,morning,2024-11-05,10,6.15,369.0,16,-0.29844684208953265,0.29844684208953265,1.3448275862068966,0.9978213507625272,1.0,1,"('רשת 13', '2024-11-05', 32)","('רשת 13', '2024-11-05', 32)",2024-11-05 10:25:00
רשת 13,Other_middle_long,Other,middle,long,morning,2024-11-05,10,6.316666666666666,379.0,12,0.08517616083670543,-0.08517616083670543,0.878048780487805,0.9561151079136689,2.0,0,"('רשת 13', '2024-11-05', 32)","('רשת 13', '2024-11-05', 32)",2024-11-05 10:47:00
רשת 13,Other_last_long,Other,last,long,morning,2024-11-05,11,9.016666666666667,541.0,24,0.020470513461372963,-0.020470513461372963,0.9444444444444444,0.9639769452449571,3.0,0,"('רשת 13', '2024-11-05', 32)","('רשת 13', '2024-11-05', 32)",2024-11-05 11:34:00
רשת 13,Other_middle_long,Other,middle,long,afternoon,2024-11-05,12,8.333333333333334,500.0,23,-0.10440685482868943,0.10440685482868943,1.105263157894737,0.9956859361518551,1.0,1,"('רשת 13', '2024-11-05', 43)","('רשת 13', '2024-11-05', 43)",2024-11-05 12:31:00
רשת 13,Other_first_standard,Other,first,standard,afternoon,2024-11-05,12,2.85,171.0,5,-0.29308523279077897,0.29308523279077897,1.3055555555555556,0.9738903394255876,1.0,1,"('רשת 13', '2024-11-05', 45)","('רשת 13', '2024-11-05', 45)",2024-11-05 12:51:00
רשת 13,Other_first_long,Other,first,long,afternoon,2024-11-05,13,10.066666666666666,604.0,23,0.17240132058845564,-0.17240132058845564,0.9285714285714286,1.1032863849765258,1.0,1,"('רשת 13', '2024-11-05', 51)","('רשת 13', '2024-11-05', 51)",2024-11-05 13:29:00
רשת 13,Other_middle_long,Other,middle,long,afternoon,2024-11-05,14,9.45,567.0,25,-0.20792887579616054,0.20792887579616054,1.1794871794871793,0.9580559254327564,1.0,1,"('רשת 13', '2024-11-05', 57)","('רשת 13', '2024-11-05', 57)",2024-11-05 14:25:00
רשת 13,Other_last_long,Other,last,long,afternoon,2024-11-05,14,5.066666666666666,304.0,6,0.06899287148695121,-0.06899287148695121,1.0,1.0714285714285712,2.0,0,"('רשת 13', '2024-11-05', 57)","('רשת 13', '2024-11-05', 57)",2024-11-05 14:43:00
רשת 13,Other_first_standard,Other,first,standard,early_evening,2024-11-05,17,2.0,120.0,2,0.003656311203110479,-0.003656311203110479,1.0,1.0036630036630036,1.0,1,"('רשת 13', '2024-11-05', 66)","('רשת 13', '2024-11-05', 66)",2024-11-05 17:53:00
רשת 13,PrimeShow2_first_long,PrimeShow2,first,long,early_evening,2024-11-05,18,10.65,639.0,31,-0.07897473309637104,0.07897473309637104,1.3245033112582782,1.2239248640632725,1.0,1,"('רשת 13', '2024-11-05', 69)","('רשת 13', '2024-11-05', 69)",2024-11-05 18:59:00
רשת 13,Other_first_standard,Other,first,standard,early_evening,2024-11-05,19,2.0,120.0,2,0.13142524995328697,-0.13142524995328697,0.8913043478260869,1.0164904104678258,1.0,1,"('רשת 13', '2024-11-05', 72)","('רשת 13', '2024-11-05', 72)",2024-11-05 19:51:00
רשת 13,PrimeShow1_first_long,PrimeShow1,first,long,late_evening,2024-11-05,21,8.65,519.0,23,0.5611058331064201,-0.5611058331064201,0.6150442477876106,1.0779324055666004,1.0,1,"('רשת 13', '2024-11-05', 74)","('רשת 13', '2024-11-05', 74)",2024-11-05 21:09:00
רשת 13,PrimeShow2_middle_long,PrimeShow2,middle,long,late_evening,2024-11-05,21,8.216666666666667,493.0,22,0.5900777194485504,-0.5900777194485504,0.5693430656934307,1.0271681227359897,1.0,1,"('רשת 13', '2024-11-05', 75)","('רשת 13', '2024-11-05', 75)",2024-11-05 21:41:00
רשת 13,PrimeShow2_last_standard,PrimeShow2,last,standard,late_evening,2024-11-05,22,1.75,105.0,3,0.33728834074217984,-0.33728834074217984,0.7104247104247104,0.9954066186449525,2.0,0,"('רשת 13', '2024-11-05', 75)","('רשת 13', '2024-11-05', 75)",2024-11-05 22:03:00
רשת 13,Other_first_long,Other,first,long,late_evening,2024-11-05,22,10.066666666666666,604.0,26,0.346025568094836,-0.346025568094836,0.8714285714285712,1.231710914454277,1.0,1,"('רשת 13', '2024-11-05', 78)","('רשת 13', '2024-11-05', 78)",2024-11-05 22:18:00
רשת 13,Other_first_long,Other,first,long,late_evening,2024-11-05,22,9.333333333333334,560.0,25,-0.03489971222302365,0.03489971222302365,0.9560439560439561,0.9232538085656796,1.0,1,"('רשת 13', '2024-11-05', 79)","('רשת 13', '2024-11-05', 79)",2024-11-05 22:52:00
רשת 13,Other_middle_long,Other,middle,long,late_evening,2024-11-05,23,5.716666666666667,343.0,15,0.24826094924882894,-0.24826094924882894,0.7122302158273379,0.9129326820981098,2.0,0,"('רשת 13', '2024-11-05', 79)","('רשת 13', '2024-11-05', 79)",2024-11-05 23:22:00
רשת 13,Other_last_long,Other,last,long,late_evening,2024-11-05,23,6.233333333333333,374.0,25,-0.062259089834191005,0.062259089834191005,0.9569892473118278,0.8992248062015505,3.0,0,"('רשת 13', '2024-11-05', 79)","('רשת 13', '2024-11-05', 79)",2024-11-05 23:48:00
רשת 13,Other_first_standard,Other,first,standard,overnight,2024-11-06,0,2.966666666666667,178.0,6,0.1725803861226562,-0.1725803861226562,0.7802197802197802,0.9271877087508351,1.0,1,"('רשת 13', '2024-11-06', 2)","('רשת 13', '2024-11-06', 2)",2024-11-06 00:54:00
רשת 13,Other_middle_short,Other,middle,short,overnight,2024-11-06,1,0.7833333333333333,47.0,3,-0.11091144112992632,0.11091144112992632,1.0897435897435899,0.9753401360544218,1.0,1,"('רשת 13', '2024-11-06', 4)","('רשת 13', '2024-11-06', 4)",2024-11-06 01:35:00
רשת 13,Other_middle_long,Other,middle,long,overnight,2024-11-06,2,4.483333333333333,269.0,8,0.5525950366422856,-0.5525950366422856,0.5,0.8688783570300157,1.0,1,"('רשת 13', '2024-11-06', 7)","('רשת 13', '2024-11-06', 7)",2024-11-06 02:54:00
רשת 13,Other_middle_long,Other,middle,long,overnight,2024-11-06,4,3.55,213.0,6,0.26872624808882484,-0.26872624808882484,0.7142857142857143,0.9344978165938865,1.0,1,"('רשת 13', '2024-11-06', 9)","('רשת 13', '2024-11-06', 9)",2024-11-06 04:47:00
רשת 13,Other_last_long,Other,last,long,overnight,2024-11-06,5,3.8333333333333335,230.0,7,0.10604756480886468,-0.10604756480886468,1.125,1.2508591065292096,2.0,0,"('רשת 13', '2024-11-06', 9)","('רשת 13', '2024-11-06', 9)",2024-11-06 05:33:00
רשת 13,Other_first_long,Other,first,long,morning,2024-11-06,7,5.8,348.0,22,-0.04105595202665066,0.04105595202665066,0.9767441860465117,0.9374550682961897,3.0,0,"('רשת 13', '2024-11-06', 14)","('רשת 13', '2024-11-06', 14)",2024-11-06 07:37:00
רשת 13,Other_middle_long,Other,middle,long,morning,2024-11-06,8,8.333333333333334,500.0,25,0.16422184945074525,-0.16422184945074525,0.7631578947368421,0.8993630573248407,6.0,0,"('רשת 13', '2024-11-06', 14)","('רשת 13', '2024-11-06', 14)",2024-11-06 08:36:00
רשת 13,Other_middle_long,Other,middle,long,afternoon,2024-11-06,13,7.066666666666666,424.0,19,0.30173014065906356,-0.30173014065906356,0.7415730337078652,1.0027522935779818,3.0,0,"('רשת 13', '2024-11-06', 28)","('רשת 13', '2024-11-06', 28)",2024-11-06 13:27:00
רשת 13,Other_first_standard,Other,first,standard,early_evening,2024-11-06,17,2.0,120.0,2,0.16549933665352434,-0.16549933665352434,0.8505747126436782,1.0036630036630036,1.0,1,"('רשת 13', '2024-11-06', 42)","('רשת 13', '2024-11-06', 42)",2024-11-06 17:53:00
רשת 13,Other_first_standard,Other,first,standard,early_evening,2024-11-06,19,2.216666666666667,133.0,3,0.003340552056429285,-0.003340552056429285,1.0131004366812228,1.0164904104678258,1.0,1,"('רשת 13', '2024-11-06', 48)","('רשת 13', '2024-11-06', 48)",2024-11-06 19:51:00
רשת 13,News_middle_long,News,middle,long,late_evening,2024-11-06,20,6.966666666666667,418.0,19,0.2349784102814762,-0.2349784102814762,0.6699029126213591,0.8473477741770425,1.0,1,"('רשת 13', '2024-11-06', 49)","('רשת 13', '2024-11-06', 49)",2024-11-06 20:36:00
רשת 13,News_last_short,News,last,short,late_evening,2024-11-06,21,1.0,60.0,3,-0.21317810608690477,0.21317810608690477,1.2833333333333332,1.0369490060501296,4.0,0,"('רשת 13', '2024-11-06', 49)","('רשת 13', '2024-11-06', 49)",2024-11-06 21:39:00
רשת 13,Other_last_long,Other,last,long,late_evening,2024-11-06,22,3.3833333333333333,203.0,8,-0.22207065528694078,0.22207065528694078,1.0029411764705882,0.8032142444213203,3.0,0,"('רשת 13', '2024-11-06', 55)","('רשת 13', '2024-11-06', 55)",2024-11-06 22:39:00
רשת 13,Other_first_long,Other,first,long,late_evening,2024-11-06,22,7.3,438.0,21,0.49080320942399946,-0.49080320942399946,0.5816023738872403,0.9501218288662748,1.0,1,"('רשת 13', '2024-11-06', 58)","('רשת 13', '2024-11-06', 58)",2024-11-06 22:48:00
רשת 13,Other_first_long,Other,first,long,late_evening,2024-11-06,23,7.466666666666667,448.0,19,-0.04832995028969628,0.04832995028969628,0.71,0.6765017400514449,1.0,1,"('רשת 13', '2024-11-06', 60)","('רשת 13', '2024-11-06', 60)",2024-11-06 23:03:00
רשת 13,Other_middle_long,Other,middle,long,late_evening,2024-11-06,23,6.75,405.0,20,-0.16712087043114418,0.16712087043114418,1.058823529411765,0.8958677685950412,1.0,1,"('רשת 13', '2024-11-06', 62)","('רשת 13', '2024-11-06', 62)",2024-11-06 23:52:00
רשת 13,Other_first_long,Other,first,long,overnight,2024-11-07,0,4.416666666666667,265.0,8,0.034480272188902705,-0.034480272188902705,0.8743169398907104,0.9049893842887472,1.0,1,"('רשת 13', '2024-11-07', 1)","('רשת 13', '2024-11-07', 1)",2024-11-07 00:25:00
רשת 13,Other_last_long,Other,last,long,overnight,2024-11-07,1,3.783333333333333,227.0,10,-0.001280633506415288,0.001280633506415288,0.9375,0.9363001745200698,1.0,1,"('רשת 13', '2024-11-07', 3)","('רשת 13', '2024-11-07', 3)",2024-11-07 01:41:00
רשת 13,Other_middle_short,Other,middle,short,overnight,2024-11-07,2,1.1,66.0,2,-0.07345444854915319,0.07345444854915319,1.0,0.9291784702549574,1.0,1,"('רשת 13', '2024-11-07', 7)","('רשת 13', '2024-11-07', 7)",2024-11-07 02:46:00
רשת 13,Other_first_short,Other,first,short,overnight,2024-11-07,3,1.0833333333333333,65.0,2,-0.08472807047378784,0.08472807047378784,1.0,0.918762088974855,1.0,1,"('רשת 13', '2024-11-07', 9)","('רשת 13', '2024-11-07', 9)",2024-11-07 03:06:00
רשת 13,Other_middle_short,Other,middle,short,overnight,2024-11-07,3,1.4166666666666667,85.0,2,-0.00941922191649164,0.00941922191649164,1.0,0.990625,1.0,1,"('רשת 13', '2024-11-07', 11)","('רשת 13', '2024-11-07', 11)",2024-11-07 03:56:00
רשת 13,Other_first_short,Other,first,short,overnight,2024-11-07,5,1.05,63.0,2,0.2736631512724501,-0.2736631512724501,0.75,0.986078886310905,1.0,1,"('רשת 13', '2024-11-07', 18)","('רשת 13', '2024-11-07', 18)",2024-11-07 05:45:00
רשת 13,Other_first_long,Other,first,long,morning,2024-11-07,7,6.033333333333333,362.0,18,-0.22091670807611194,0.22091670807611194,1.2972972972972971,1.040151515151515,3.0,0,"('רשת 13', '2024-11-07', 23)","('רשת 13', '2024-11-07', 23)",2024-11-07 07:42:00
רשת 13,Other_middle_long,Other,middle,long,morning,2024-11-07,8,7.216666666666667,433.0,16,-0.19500469336271387,0.19500469336271387,1.164179104477612,0.9579224194608809,6.0,0,"('רשת 13', '2024-11-07', 23)","('רשת 13', '2024-11-07', 23)",2024-11-07 08:39:00
רשת 13,Other_last_long,Other,last,long,morning,2024-11-07,9,6.016666666666667,361.0,20,0.3320680563677647,-0.3320680563677647,0.75,1.0453857791225418,7.0,0,"('רשת 13', '2024-11-07', 23)","('רשת 13', '2024-11-07', 23)",2024-11-07 09:18:00
רשת 13,Other_last_long,Other,last,long,morning,2024-11-07,9,6.066666666666666,364.0,15,-0.23679497441035582,0.23679497441035582,1.288888888888889,1.0171306209850106,8.0,0,"('רשת 13', '2024-11-07', 23)","('רשת 13', '2024-11-07', 23)",2024-11-07 09:36:00
רשת 13,Other_first_long,Other,first,long,morning,2024-11-07,10,5.85,351.0,14,0.09183544053291585,-0.09183544053291585,0.8947368421052633,0.980796586059744,1.0,1,"('רשת 13', '2024-11-07', 34)","('רשת 13', '2024-11-07', 34)",2024-11-07 10:20:00
רשת 13,Other_middle_long,Other,middle,long,morning,2024-11-07,10,4.566666666666666,274.0,11,-0.07524068744722334,0.07524068744722334,1.023809523809524,0.9496040316774659,2.0,0,"('רשת 13', '2024-11-07', 34)","('רשת 13', '2024-11-07', 34)",2024-11-07 10:52:00
רשת 13,Other_last_long,Other,last,long,morning,2024-11-07,11,7.2,432.0,25,-0.36904356648897113,0.36904356648897113,1.4193548387096775,0.9813352476669059,3.0,0,"('רשת 13', '2024-11-07', 34)","('רשת 13', '2024-11-07', 34)",2024-11-07 11:33:00
רשת 13,Other_middle_long,Other,middle,long,afternoon,2024-11-07,13,4.016666666666667,241.0,19,0.3996041978440031,-0.3996041978440031,0.65,0.9693023255813952,1.0,1,"('רשת 13', '2024-11-07', 52)","('רשת 13', '2024-11-07', 52)",2024-11-07 13:24:00
רשת 13,Other_first_long,Other,first,long,afternoon,2024-11-07,14,7.55,453.0,24,-0.29759341323938343,0.29759341323938343,1.2698412698412698,0.9429882044560943,1.0,1,"('רשת 13', '2024-11-07', 56)","('רשת 13', '2024-11-07', 56)",2024-11-07 14:27:00
רשת 13,Other_first_standard,Other,first,standard,early_evening,2024-11-07,17,2.0,120.0,2,0.17321561638321392,-0.17321561638321392,0.8440366972477064,1.0036630036630036,1.0,1,"('רשת 13', '2024-11-07', 64)","('רשת 13', '2024-11-07', 64)",2024-11-07 17:53:00
רשת 13,PrimeShow2_first_long,PrimeShow2,first,long,early_evening,2024-11-07,18,6.833333333333333,410.0,26,0.12481349248524001,-0.12481349248524001,0.9777777777777779,1.1077607513593672,1.0,1,"('רשת 13', '2024-11-07', 67)","('רשת 13', '2024-11-07', 67)",2024-11-07 18:59:00
רשת 13,Other_first_standard,Other,first,standard,early_evening,2024-11-07,19,2.216666666666667,133.0,3,0.22969547138608876,-0.22969547138608876,0.8078817733990147,1.0164904104678258,1.0,1,"('רשת 13', '2024-11-07', 70)","('רשת 13', '2024-11-07', 70)",2024-11-07 19:51:00
רשת 13,News_middle_long,News,middle,long,late_evening,2024-11-07,20,5.466666666666667,328.0,21,0.21633280119300474,-0.21633280119300474,0.8043478260869567,0.9986102838991463,1.0,1,"('רשת 13', '2024-11-07', 71)","('רשת 13', '2024-11-07', 71)",2024-11-07 20:46:00
רשת 13,News_last_long,News,last,long,late_evening,2024-11-07,21,5.983333333333333,359.0,18,0.022385697370970695,-0.022385697370970695,1.099290780141844,1.1241766757070901,2.0,0,"('רשת 13', '2024-11-07', 71)","('רשת 13', '2024-11-07', 71)",2024-11-07 21:17:00
רשת 13,Other_middle_long,Other,middle,long,late_evening,2024-11-07,22,8.383333333333333,503.0,35,-0.2649185263907856,0.2649185263907856,0.945337620578778,0.725327739905611,1.0,1,"('רשת 13', '2024-11-07', 76)","('רשת 13', '2024-11-07', 76)",2024-11-07 22:08:00
רשת 13,Other_last_long,Other,last,long,late_evening,2024-11-07,22,9.383333333333333,563.0,30,-0.027193532143135024,0.027193532143135024,0.8683473389355743,0.8450520833333334,2.0,0,"('רשת 13', '2024-11-07', 76)","('רשת 13', '2024-11-07', 76)",2024-11-07 22:40:00
רשת 13,Other_middle_long,Other,middle,long,late_evening,2024-11-07,23,6.466666666666667,388.0,21,-0.09150045674201335,0.09150045674201335,0.7971014492753624,0.7274036154215326,1.0,1,"('רשת 13', '2024-11-07', 80)","('רשת 13', '2024-11-07', 80)",2024-11-07 23:07:00
רשת 13,Other_last_long,Other,last,long,late_evening,2024-11-07,23,6.75,405.0,19,-0.0820441055434219,0.0820441055434219,0.9527027027027027,0.8776595744680851,1.0,1,"('רשת 13', '2024-11-07', 82)","('רשת 13', '2024-11-07', 82)",2024-11-07 23:44:00
רשת 13,Other_first_long,Other,first,long,overnight,2024-11-08,0,3.5833333333333335,215.0,6,-0.15744580176165326,0.15744580176165326,1.118421052631579,0.9554929577464788,1.0,1,"('רשת 13', '2024-11-08', 1)","('רשת 13', '2024-11-08', 1)",2024-11-08 00:29:00
רשת 13,Other_first_long,Other,first,long,overnight,2024-11-08,1,4.95,297.0,7,0.24346875825085168,-0.24346875825085168,0.7659574468085106,0.9771062271062272,1.0,1,"('רשת 13', '2024-11-08', 3)","('רשת 13', '2024-11-08', 3)",2024-11-08 01:46:00
רשת 13,Other_last_long,Other,last,long,overnight,2024-11-08,2,3.9,234.0,5,-0.039740328649513997,0.039740328649513997,1.0,0.9610389610389611,1.0,1,"('רשת 13', '2024-11-08', 5)","('רשת 13', '2024-11-08', 5)",2024-11-08 02:31:00
רשת 13,Other_middle_long,Other,middle,long,overnight,2024-11-08,3,4.166666666666667,250.0,6,-0.062303883336154865,0.062303883336154865,1.0,0.9395973154362416,1.0,1,"('רשת 13', '2024-11-08', 7)","('רשת 13', '2024-11-08', 7)",2024-11-08 03:13:00
רשת 13,Other_middle_long,Other,middle,long,morning,2024-11-08,8,6.033333333333333,362.0,20,0.044332586717553926,-0.044332586717553926,0.9402985074626866,0.9829222011385198,3.0,0,"('רשת 13', '2024-11-08', 14)","('רשת 13', '2024-11-08', 14)",2024-11-08 08:19:00
רשת 13,Other_middle_long,Other,middle,long,morning,2024-11-08,8,4.983333333333333,299.0,12,0.12642168610112128,-0.12642168610112128,0.9333333333333335,1.0591098748261476,4.0,0,"('רשת 13', '2024-11-08', 14)","('רשת 13', '2024-11-08', 14)",2024-11-08 08:45:00
רשת 13,Other_last_long,Other,last,long,morning,2024-11-08,9,5.083333333333333,305.0,18,0.1720694398137372,-0.1720694398137372,0.815533980582524,0.9686588921282798,5.0,0,"('רשת 13', '2024-11-08', 14)","('רשת 13', '2024-11-08', 14)",2024-11-08 09:16:00
רשת 13,Other_last_long,Other,last,long,morning,2024-11-08,9,4.883333333333334,293.0,14,-0.18210695823874473,0.18210695823874473,1.1888888888888889,0.990953375086987,6.0,0,"('רשת 13', '2024-11-08', 14)","('רשת 13', '2024-11-08', 14)",2024-11-08 09:31:00
רשת 13,Other_middle_long,Other,middle,long,morning,2024-11-08,10,7.466666666666667,448.0,22,-0.0805059779135894,0.0805059779135894,1.0869565217391306,1.0028797696184304,1.0,1,"('רשת 13', '2024-11-08', 24)","('רשת 13', '2024-11-08', 24)",2024-11-08 10:52:00
רשת 13,Other_last_long,Other,last,long,morning,2024-11-08,11,5.516666666666667,331.0,16,0.09356393062404213,-0.09356393062404213,0.8828828828828829,0.9694767441860463,2.0,0,"('רשת 13', '2024-11-08', 24)","('רשת 13', '2024-11-08', 24)",2024-11-08 11:38:00
רשת 13,Other_middle_long,Other,middle,long,afternoon,2024-11-08,12,4.45,267.0,16,0.15345570602894176,-0.15345570602894176,0.8148148148148147,0.9499568593615186,1.0,1,"('רשת 13', '2024-11-08', 34)","('רשת 13', '2024-11-08', 34)",2024-11-08 12:31:00
רשת 13,Other_first_standard,Other,first,standard,afternoon,2024-11-08,12,1.85,111.0,5,0.024098822368379277,-0.024098822368379277,0.9411764705882355,0.964133219470538,1.0,1,"('רשת 13', '2024-11-08', 36)","('רשת 13', '2024-11-08', 36)",2024-11-08 12:47:00
רשת 13,Other_first_long,Other,first,long,afternoon,2024-11-08,13,7.033333333333333,422.0,14,0.08302946398676267,-0.08302946398676267,0.8507462686567164,0.9243986254295534,1.0,1,"('רשת 13', '2024-11-08', 41)","('רשת 13', '2024-11-08', 41)",2024-11-08 13:12:00
רשת 13,Other_middle_long,Other,middle,long,afternoon,2024-11-08,13,5.483333333333333,329.0,16,-0.02613794274347668,0.02613794274347668,1.1142857142857143,1.0855379188712522,1.0,1,"('רשת 13', '2024-11-08', 43)","('רשת 13', '2024-11-08', 43)",2024-11-08 13:40:00
רשת 13,Other_first_long,Other,first,long,afternoon,2024-11-08,15,5.983333333333333,359.0,16,-0.03406904807024798,0.03406904807024798,1.108695652173913,1.0715596330275228,1.0,1,"('רשת 13', '2024-11-08', 48)","('רשת 13', '2024-11-08', 48)",2024-11-08 15:53:00
רשת 13,Other_last_short,Other,last,short,afternoon,2024-11-08,16,0.7166666666666667,43.0,5,-0.2982706586969749,0.2982706586969749,1.4705882352941178,1.091324200913242,2.0,0,"('רשת 13', '2024-11-08', 48)","('רשת 13', '2024-11-08', 48)",2024-11-08 16:01:00
רשת 13,Other_last_long,Other,last,long,late_evening,2024-11-08,21,6.466666666666667,388.0,25,-0.005506657800509476,0.005506657800509476,1.0161290322580647,1.0105489353389334,1.0,1,"('רשת 13', '2024-11-08', 54)","('רשת 13', '2024-11-08', 54)",2024-11-08 21:08:00
רשת 13,Other_last_long,Other,last,long,late_evening,2024-11-08,21,3.9,234.0,10,0.41363977930400264,-0.41363977930400264,0.9444444444444446,1.4282949146577513,2.0,0,"('רשת 13', '2024-11-08', 54)","('רשת 13', '2024-11-08', 54)",2024-11-08 21:26:00
רשת 13,Other_middle_long,Other,middle,long,late_evening,2024-11-08,22,4.6,276.0,17,0.0014145671136771322,-0.0014145671136771322,0.9701492537313432,0.9715225660532538,1.0,1,"('רשת 13', '2024-11-08', 57)","('רשת 13', '2024-11-08', 57)",2024-11-08 22:01:00
רשת 13,Other_first_long,Other,first,long,late_evening,2024-11-08,22,5.283333333333333,317.0,13,0.6535628815910602,-0.6535628815910602,0.6064516129032259,1.1658291457286434,1.0,1,"('רשת 13', '2024-11-08', 59)","('רשת 13', '2024-11-08', 59)",2024-11-08 22:21:00
רשת 13,Other_last_long,Other,last,long,late_evening,2024-11-08,23,3.85,231.0,14,0.497962188420044,-0.497962188420044,0.56,0.9214043486933972,1.0,1,"('רשת 13', '2024-11-08', 61)","('רשת 13', '2024-11-08', 61)",2024-11-08 23:11:00
רשת 13,Other_first_long,Other,first,long,late_evening,2024-11-08,23,5.283333333333333,317.0,15,-0.17275677077434823,0.17275677077434823,0.9473684210526315,0.7970610590321763,1.0,1,"('רשת 13', '2024-11-08', 63)","('רשת 13', '2024-11-08', 63)",2024-11-08 23:37:00
רשת 13,Other_middle_long,Other,middle,long,overnight,2024-11-09,0,7.633333333333334,458.0,19,0.15896364033226726,-0.15896364033226726,0.810126582278481,0.9497076023391812,1.0,1,"('רשת 13', '2024-11-09', 3)","('רשת 13', '2024-11-09', 3)",2024-11-09 00:32:00
רשת 13,Other_first_long,Other,first,long,overnight,2024-11-09,0,4.783333333333333,287.0,9,-0.10949388763456883,0.10949388763456883,1.0285714285714285,0.9218958611481977,1.0,1,"('רשת 13', '2024-11-09', 5)","('רשת 13', '2024-11-09', 5)",2024-11-09 00:53:00
רשת 13,Other_middle_long,Other,middle,long,overnight,2024-11-09,1,4.283333333333333,257.0,9,0.03220086837854638,-0.03220086837854638,0.9411764705882352,0.9719764011799408,1.0,1,"('רשת 13', '2024-11-09', 6)","('רשת 13', '2024-11-09', 6)",2024-11-09 01:12:00
רשת 13,Other_middle_long,Other,middle,long,overnight,2024-11-09,2,4.366666666666666,262.0,6,0.17757095403535675,-0.17757095403535675,0.8035714285714286,0.9597156398104265,1.0,1,"('רשת 13', '2024-11-09', 10)","('רשת 13', '2024-11-09', 10)",2024-11-09 02:12:00
רשת 13,Other_middle_long,Other,middle,long,overnight,2024-11-09,3,4.35,261.0,6,0.06947008457164656,-0.06947008457164656,0.8749999999999997,0.9379474940334129,1.0,1,"('רשת 13', '2024-11-09', 13)","('רשת 13', '2024-11-09', 13)",2024-11-09 03:23:00
רשת 13,Other_middle_long,Other,middle,long,overnight,2024-11-09,3,3.95,237.0,6,-0.01886848430438258,0.01886848430438258,1.0,0.9813084112149535,1.0,1,"('רשת 13', '2024-11-09', 15)","('רשת 13', '2024-11-09', 15)",2024-11-09 03:55:00
רשת 13,Other_first_long,Other,first,long,overnight,2024-11-09,5,4.116666666666666,247.0,6,0.1577157459917545,-0.1577157459917545,1.0,1.1708333333333334,1.0,1,"('רשת 13', '2024-11-09', 19)","('רשת 13', '2024-11-09', 19)",2024-11-09 05:14:00
רשת 13,Other_middle_long,Other,middle,long,overnight,2024-11-09,5,3.05,183.0,5,0.20160746368053784,-0.20160746368053784,1.0,1.2233676975945016,2.0,0,"('רשת 13', '2024-11-09', 19)","('רשת 13', '2024-11-09', 19)",2024-11-09 05:33:00
רשת 13,Other_middle_long,Other,middle,long,morning,2024-11-09,6,3.1,186.0,5,-0.2800397756262137,0.2800397756262137,1.4444444444444446,1.0916442048517518,1.0,1,"('רשת 13', '2024-11-09', 22)","('רשת 13', '2024-11-09', 22)",2024-11-09 06:12:00
רשת 13,Other_middle_standard,Other,middle,standard,morning,2024-11-09,6,2.966666666666667,178.0,4,0.0258274895405239,-0.0258274895405239,1.0952380952380953,1.1238938053097345,1.0,1,"('רשת 13', '2024-11-09', 24)","('רשת 13', '2024-11-09', 24)",2024-11-09 06:53:00
רשת 13,Other_last_standard,Other,last,standard,morning,2024-11-09,7,2.7,162.0,5,-0.1752485087918941,0.1752485087918941,1.0,0.8392484342379959,2.0,0,"('רשת 13', '2024-11-09', 24)","('רשת 13', '2024-11-09', 24)",2024-11-09 07:12:00
רשת 13,Other_middle_short,Other,middle,short,morning,2024-11-09,7,1.1833333333333333,71.0,2,0.47485574077318743,-0.47485574077318743,0.6538461538461539,1.0512422360248448,1.0,1,"('רשת 13', '2024-11-09', 27)","('רשת 13', '2024-11-09', 27)",2024-11-09 07:45:00
רשת 13,Other_middle_long,Other,middle,long,morning,2024-11-09,8,4.283333333333333,257.0,13,-0.10450427405526559,0.10450427405526559,1.0689655172413792,0.9628930817610063,1.0,1,"('רשת 13', '2024-11-09', 29)","('רשת 13', '2024-11-09', 29)",2024-11-09 08:18:00
רשת 13,Other_middle_standard,Other,middle,standard,morning,2024-11-09,8,1.9833333333333334,119.0,3,0.20698584117367558,-0.20698584117367558,0.8,0.98397212543554,1.0,1,"('רשת 13', '2024-11-09', 31)","('רשת 13', '2024-11-09', 31)",2024-11-09 08:43:00
רשת 13,Other_last_short,Other,last,short,afternoon,2024-11-09,13,1.2333333333333334,74.0,2,-0.20399301588312516,0.20399301588312516,1.2295081967213115,1.0026246719160103,3.0,0,"('רשת 13', '2024-11-09', 42)","('רשת 13', '2024-11-09', 42)",2024-11-09 13:09:00
רשת 13,Other_first_short,Other,first,short,afternoon,2024-11-09,13,1.25,75.0,2,0.23674323448578166,-0.23674323448578166,0.7466666666666666,0.9461130742049468,1.0,1,"('רשת 13', '2024-11-09', 45)","('רשת 13', '2024-11-09', 45)",2024-11-09 13:15:00
רשת 13,Other_first_standard,Other,first,standard,afternoon,2024-11-09,13,1.85,111.0,3,0.07038353018383894,-0.07038353018383894,0.8846153846153845,0.9491211840888065,1.0,1,"('רשת 13', '2024-11-09', 46)","('רשת 13', '2024-11-09', 46)",2024-11-09 13:26:00
רשת 13,Other_last_short,Other,last,short,afternoon,2024-11-09,16,1.0833333333333333,65.0,2,0.3593574741221091,-0.3593574741221091,0.6818181818181818,0.9766423357664235,1.0,1,"('רשת 13', '2024-11-09', 53)","('רשת 13', '2024-11-09', 53)",2024-11-09 16:21:00
רשת 13,Other_first_long,Other,first,long,afternoon,2024-11-09,16,5.616666666666666,337.0,7,0.1808888917924589,-0.1808888917924589,0.9166666666666666,1.0984251968503937,1.0,1,"('רשת 13', '2024-11-09', 55)","('רשת 13', '2024-11-09', 55)",2024-11-09 16:38:00
רשת 13,Other_last_long,Other,last,long,early_evening,2024-11-09,17,3.6166666666666667,217.0,9,-0.11906835399451975,0.11906835399451975,1.1351351351351353,1.0077129443326627,3.0,0,"('רשת 13', '2024-11-09', 60)","('רשת 13', '2024-11-09', 60)",2024-11-09 17:46:00
רשת 13,Other_first_standard,Other,first,standard,early_evening,2024-11-09,19,2.3,138.0,3,-0.3117451589009335,0.3117451589009335,1.3943661971830987,1.0209104367135453,1.0,1,"('רשת 13', '2024-11-09', 67)","('רשת 13', '2024-11-09', 67)",2024-11-09 19:49:00
רשת 13,News_middle_long,News,middle,long,late_evening,2024-11-09,20,5.483333333333333,329.0,16,0.3684701415073409,-0.3684701415073409,0.775,1.1202791461412152,1.0,1,"('רשת 13', '2024-11-09', 68)","('רשת 13', '2024-11-09', 68)",2024-11-09 20:52:00
רשת 13,News_last_long,News,last,long,late_evening,2024-11-09,21,6.283333333333333,377.0,21,0.3913495885139391,-0.3913495885139391,0.8969072164948454,1.326503759398496,2.0,0,"('רשת 13', '2024-11-09', 68)","('רשת 13', '2024-11-09', 68)",2024-11-09 21:20:00
רשת 13,Other_middle_long,Other,middle,long,late_evening,2024-11-09,22,12.5,750.0,42,-0.17302060642153075,0.17302060642153075,0.9868421052631579,0.8300529100529102,1.0,1,"('רשת 13', '2024-11-09', 74)","('רשת 13', '2024-11-09', 74)",2024-11-09 22:09:00
רשת 13,Other_first_long,Other,first,long,late_evening,2024-11-09,22,8.25,495.0,28,0.0387635138728987,-0.0387635138728987,0.7782608695652172,0.80902133580705,1.0,1,"('רשת 13', '2024-11-09', 76)","('רשת 13', '2024-11-09', 76)",2024-11-09 22:36:00
רשת 13,Other_middle_long,Other,middle,long,late_evening,2024-11-09,23,6.583333333333333,395.0,16,-0.3226601765157152,0.3226601765157152,0.9508196721311477,0.6886025464028227,1.0,1,"('רשת 13', '2024-11-09', 78)","('רשת 13', '2024-11-09', 78)",2024-11-09 23:05:00
רשת 13,Other_middle_long,Other,middle,long,late_evening,2024-11-09,23,9.966666666666667,598.0,24,-0.15996614765058687,0.15996614765058687,0.8666666666666666,0.7385496183206107,1.0,1,"('רשת 13', '2024-11-09', 80)","('רשת 13', '2024-11-09', 80)",2024-11-09 23:34:00
רשת 13,Other_first_long,Other,first,long,overnight,2024-11-10,0,6.1,366.0,15,-0.08114233695413135,0.08114233695413135,0.979591836734694,0.903244837758112,1.0,1,"('רשת 13', '2024-11-10', 2)","('רשת 13', '2024-11-10', 2)",2024-11-10 00:38:00
רשת 13,Other_middle_long,Other,middle,long,overnight,2024-11-10,1,4.85,291.0,10,0.2506228653211172,-0.2506228653211172,0.7333333333333334,0.9422053231939166,1.0,1,"('רשת 13', '2024-11-10', 4)","('רשת 13', '2024-11-10', 4)",2024-11-10 01:18:00
רשת 13,Other_middle_long,Other,middle,long,overnight,2024-11-10,1,6.25,375.0,8,0.20418035060645373,-0.20418035060645373,0.7777777777777776,0.9539594843462245,1.0,1,"('רשת 13', '2024-11-10', 6)","('רשת 13', '2024-11-10', 6)",2024-11-10 01:47:00
רשת 13,Other_middle_long,Other,middle,long,overnight,2024-11-10,2,3.1333333333333333,188.0,4,-0.04142208727986912,0.04142208727986912,1.0,0.9594240837696334,1.0,1,"('רשת 13', '2024-11-10', 9)","('רשת 13', '2024-11-10', 9)",2024-11-10 02:35:00
רשת 13,Other_middle_standard,Other,middle,standard,overnight,2024-11-10,3,2.8833333333333333,173.0,5,-0.018913093306486845,0.018913093306486845,1.0,0.9812646370023419,1.0,1,"('רשת 13', '2024-11-10', 11)","('רשת 13', '2024-11-10', 11)",2024-11-10 03:16:00
רשת 13,Other_last_long,Other,last,long,overnight,2024-11-10,3,3.0,180.0,4,1.1118225204049166,-1.1118225204049166,0.33333333333333326,1.0132978723404256,2.0,0,"('רשת 13', '2024-11-10', 11)","('רשת 13', '2024-11-10', 11)",2024-11-10 03:35:00
רשת 13,Other_last_standard,Other,last,standard,overnight,2024-11-10,5,2.4833333333333334,149.0,3,0.01751358249270821,-0.01751358249270821,1.0,1.017667844522968,1.0,1,"('רשת 13', '2024-11-10', 19)","('רשת 13', '2024-11-10', 19)",2024-11-10 05:24:00
רשת 13,Other_middle_standard,Other,middle,standard,overnight,2024-11-10,5,1.7333333333333334,104.0,2,0.16913092860800524,-0.16913092860800524,1.0,1.1842751842751842,1.0,1,"('רשת 13', '2024-11-10', 21)","('רשת 13', '2024-11-10', 21)",2024-11-10 05:48:00
רשת 13,Other_middle_long,Other,middle,long,morning,2024-11-10,8,7.716666666666667,463.0,20,0.3286528457128474,-0.3286528457128474,0.6410256410256411,0.8904458598726115,7.0,0,"('רשת 13', '2024-11-10', 26)","('רשת 13', '2024-11-10', 26)",2024-11-10 08:36:00
רשת 13,Other_last_long,Other,last,long,morning,2024-11-10,9,7.5,450.0,19,-0.41345449814164326,0.41345449814164326,1.3125000000000002,0.8680371352785147,8.0,0,"('רשת 13', '2024-11-10', 26)","('רשת 13', '2024-11-10', 26)",2024-11-10 09:10:00
רשת 13,Other_last_long,Other,last,long,morning,2024-11-10,9,5.566666666666666,334.0,17,0.5320181053512251,-0.5320181053512251,0.5833333333333331,0.9930458970792768,9.0,0,"('רשת 13', '2024-11-10', 26)","('רשת 13', '2024-11-10', 26)",2024-11-10 09:32:00
רשת 13,Other_first_long,Other,first,long,morning,2024-11-10,10,5.816666666666666,349.0,18,0.24686593875456106,-0.24686593875456106,0.7750000000000001,0.9920058139534884,1.0,1,"('רשת 13', '2024-11-10', 37)","('רשת 13', '2024-11-10', 37)",2024-11-10 10:24:00
רשת 13,Other_middle_long,Other,middle,long,morning,2024-11-10,10,5.033333333333333,302.0,11,0.003361107322683167,-0.003361107322683167,0.9523809523809526,0.9555873925501434,2.0,0,"('רשת 13', '2024-11-10', 37)","('רשת 13', '2024-11-10', 37)",2024-11-10 10:48:00
רשת 13,Other_last_long,Other,last,long,morning,2024-11-10,11,7.45,447.0,21,0.23614679723647183,-0.23614679723647183,0.7678571428571429,0.9723837209302328,3.0,0,"('רשת 13', '2024-11-10', 37)","('רשת 13', '2024-11-10', 37)",2024-11-10 11:36:00
רשת 13,Other_middle_long,Other,middle,long,afternoon,2024-11-10,12,9.016666666666667,541.0,24,0.1250487493828,-0.1250487493828,0.8918918918918919,1.0106951871657754,1.0,1,"('רשת 13', '2024-11-10', 48)","('רשת 13', '2024-11-10', 48)",2024-11-10 12:24:00
רשת 13,Other_first_long,Other,first,long,afternoon,2024-11-10,12,4.816666666666666,289.0,7,-0.016587023674797075,0.016587023674797075,1.0,0.9835497835497837,1.0,1,"('רשת 13', '2024-11-10', 50)","('רשת 13', '2024-11-10', 50)",2024-11-10 12:43:00
רשת 13,Other_first_long,Other,first,long,afternoon,2024-11-10,13,8.016666666666667,481.0,22,0.048189383136041736,-0.048189383136041736,0.892857142857143,0.9369369369369371,1.0,1,"('רשת 13', '2024-11-10', 56)","('רשת 13', '2024-11-10', 56)",2024-11-10 13:18:00
רשת 13,Other_middle_long,Other,middle,long,afternoon,2024-11-10,13,3.4166666666666665,205.0,5,-0.017080529117811008,0.017080529117811008,1.1111111111111112,1.092293906810036,1.0,1,"('רשת 13', '2024-11-10', 57)","('רשת 13', '2024-11-10', 57)",2024-11-10 13:39:00
רשת 13,Other_first_long,Other,first,long,afternoon,2024-11-10,13,3.3666666666666667,202.0,5,-0.11385942538745462,0.11385942538745462,1.1025641025641026,0.9839098954143204,1.0,1,"('רשת 13', '2024-11-10', 59)","('רשת 13', '2024-11-10', 59)",2024-11-10 13:52:00
רשת 13,Other_middle_long,Other,middle,long,afternoon,2024-11-10,14,7.333333333333333,440.0,20,-0.12409419576510074,0.12409419576510074,1.2222222222222223,1.0795847750865055,1.0,1,"('רשת 13', '2024-11-10', 64)","('רשת 13', '2024-11-10', 64)",2024-11-10 14:36:00
רשת 13,Other_first_standard,Other,first,standard,early_evening,2024-11-10,17,2.0,120.0,2,0.04159905485351249,-0.04159905485351249,0.9560439560439561,0.9966532797858098,1.0,1,"('רשת 13', '2024-11-10', 72)","('רשת 13', '2024-11-10', 72)",2024-11-10 17:52:00
רשת 13,PrimeShow2_first_long,PrimeShow2,first,long,early_evening,2024-11-10,18,9.483333333333333,569.0,30,-0.09193532613647631,0.09193532613647631,1.3187500000000003,1.2029164607019278,1.0,1,"('רשת 13', '2024-11-10', 75)","('רשת 13', '2024-11-10', 75)",2024-11-10 18:59:00
רשת 13,Other_first_standard,Other,first,standard,early_evening,2024-11-10,19,1.9666666666666666,118.0,3,0.06724752746488899,-0.06724752746488899,0.950381679389313,1.0164904104678258,1.0,1,"('רשת 13', '2024-11-10', 78)","('רשת 13', '2024-11-10', 78)",2024-11-10 19:51:00
רשת 13,News_middle_long,News,middle,long,late_evening,2024-11-10,20,7.566666666666666,454.0,20,0.19003673244481095,-0.19003673244481095,0.7537313432835824,0.9114828039842133,1.0,1,"('רשת 13', '2024-11-10', 79)","('רשת 13', '2024-11-10', 79)",2024-11-10 20:42:00
רשת 13,News_last_long,News,last,long,late_evening,2024-11-10,21,6.483333333333333,389.0,19,-0.18504660940768752,0.18504660940768752,1.154639175257732,0.9595808383233533,2.0,0,"('רשת 13', '2024-11-10', 79)","('רשת 13', '2024-11-10', 79)",2024-11-10 21:06:00
רשת 13,News_last_standard,News,last,standard,late_evening,2024-11-10,21,1.65,99.0,3,-0.2802624274098654,0.2802624274098654,1.6825396825396823,1.2713024680237794,3.0,0,"('רשת 13', '2024-11-10', 79)","('רשת 13', '2024-11-10', 79)",2024-11-10 21:25:00
רשת 13,Other_middle_long,Other,middle,long,late_evening,2024-11-10,22,9.6,576.0,31,-0.08464038763386239,0.08464038763386239,0.8538461538461538,0.7845502645502647,1.0,1,"('רשת 13', '2024-11-10', 85)","('רשת 13', '2024-11-10', 85)",2024-11-10 22:09:00
רשת 13,Other_first_long,Other,first,long,late_evening,2024-11-10,22,9.116666666666667,547.0,27,0.20803229026714992,-0.20803229026714992,0.7701492537313432,0.9482485224160299,1.0,1,"('רשת 13', '2024-11-10', 87)","('רשת 13', '2024-11-10', 87)",2024-11-10 22:51:00
רשת 13,Other_middle_long,Other,middle,long,late_evening,2024-11-10,23,7.7,462.0,25,0.16873102923411182,-0.16873102923411182,0.7565217391304347,0.8955717118307998,1.0,1,"('רשת 13', '2024-11-10', 91)","('רשת 13', '2024-11-10', 91)",2024-11-10 23:51:00
רשת 13,PrimeShow1_first_long,PrimeShow1,first,long,overnight,2024-11-11,0,3.566666666666667,214.0,9,0.3342314648584625,-0.3342314648584625,0.6818181818181818,0.9524089306698003,1.0,1,"('רשת 13', '2024-11-11', 3)","('רשת 13', '2024-11-11', 3)",2024-11-11 00:37:00
רשת 13,Other_middle_long,Other,middle,long,overnight,2024-11-11,1,5.7,342.0,8,-0.039740328649514226,0.039740328649514226,1.0,0.9610389610389609,1.0,1,"('רשת 13', '2024-11-11', 7)","('רשת 13', '2024-11-11', 7)",2024-11-11 01:48:00
רשת 13,Other_middle_long,Other,middle,long,overnight,2024-11-11,2,5.55,333.0,7,-0.013004084423206573,0.013004084423206573,1.0,0.9870801033591732,1.0,1,"('רשת 13', '2024-11-11', 10)","('רשת 13', '2024-11-11', 10)",2024-11-11 02:25:00
רשת 13,Other_middle_long,Other,middle,long,overnight,2024-11-11,2,5.366666666666666,322.0,8,0.7616207064107103,-0.7616207064107103,0.4000000000000001,0.8566978193146417,1.0,1,"('רשת 13', '2024-11-11', 12)","('רשת 13', '2024-11-11', 12)",2024-11-11 02:53:00
רשת 13,Other_middle_long,Other,middle,long,overnight,2024-11-11,3,5.35,321.0,7,-0.8070009380764392,0.8070009380764392,2.0,0.8923884514435695,1.0,1,"('רשת 13', '2024-11-11', 14)","('רשת 13', '2024-11-11', 14)",2024-11-11 03:41:00
רשת 13,Other_middle_long,Other,middle,long,overnight,2024-11-11,5,5.233333333333333,314.0,7,0.020761991448429225,-0.020761991448429225,1.0,1.020979020979021,1.0,1,"('רשת 13', '2024-11-11', 18)","('רשת 13', '2024-11-11', 18)",2024-11-11 05:21:00
רשת 13,Other_first_short,Other,first,short,overnight,2024-11-11,5,1.35,81.0,2,-0.4052895617195803,0.4052895617195803,1.777777777777778,1.1853932584269666,1.0,1,"('רשת 13', '2024-11-11', 20)","('רשת 13', '2024-11-11', 20)",2024-11-11 05:39:00
רשת 13,Other_first_long,Other,first,long,morning,2024-11-11,7,7.416666666666667,445.0,21,-0.06187540371808745,0.06187540371808745,1.0638297872340425,1.0,3.0,0,"('רשת 13', '2024-11-11', 25)","('רשת 13', '2024-11-11', 25)",2024-11-11 07:39:00
רשת 13,Other_middle_long,Other,middle,long,morning,2024-11-11,8,6.933333333333334,416.0,20,0.1189584338768265,-0.1189584338768265,0.793103448275862,0.8932907348242812,6.0,0,"('רשת 13', '2024-11-11', 25)","('רשת 13', '2024-11-11', 25)",2024-11-11 08:37:00
רשת 13,Other_last_long,Other,last,long,morning,2024-11-11,9,5.55,333.0,15,0.38085822053719653,-0.38085822053719653,0.7142857142857144,1.0453857791225418,7.0,0,"('רשת 13', '2024-11-11', 25)","('רשת 13', '2024-11-11', 25)",2024-11-11 09:18:00
רשת 13,Other_last_long,Other,last,long,morning,2024-11-11,9,5.883333333333334,353.0,17,0.00776018003666476,-0.00776018003666476,1.0000000000000002,1.0077903682719547,8.0,0,"('רשת 13', '2024-11-11', 25)","('רשת 13', '2024-11-11', 25)",2024-11-11 09:39:00
רשת 13,Other_first_long,Other,first,long,morning,2024-11-11,10,6.566666666666666,394.0,21,0.3393305891782382,-0.3393305891782382,0.72,1.0108853410740206,1.0,1,"('רשת 13', '2024-11-11', 36)","('רשת 13', '2024-11-11', 36)",2024-11-11 10:26:00
רשת 13,Other_last_long,Other,last,long,morning,2024-11-11,11,6.166666666666667,370.0,19,0.17339292604965348,-0.17339292604965348,0.8181818181818181,0.9730909090909092,2.0,0,"('רשת 13', '2024-11-11', 36)","('רשת 13', '2024-11-11', 36)",2024-11-11 11:37:00
רשת 13,Other_first_long,Other,first,long,afternoon,2024-11-11,13,4.35,261.0,7,0.1687235341327074,-0.1687235341327074,0.8076923076923075,0.9561403508771928,1.0,1,"('רשת 13', '2024-11-11', 55)","('רשת 13', '2024-11-11', 55)",2024-11-11 13:10:00
רשת 13,Other_middle_long,Other,middle,long,afternoon,2024-11-11,13,4.95,297.0,7,0.04510258095391936,-0.04510258095391936,1.0606060606060606,1.109537299338999,1.0,1,"('רשת 13', '2024-11-11', 57)","('רשת 13', '2024-11-11', 57)",2024-11-11 13:34:00
רשת 13,Other_first_long,Other,first,long,afternoon,2024-11-11,13,6.266666666666667,376.0,16,-0.16362942378180212,0.16362942378180212,1.1777777777777778,1.0,1.0,1,"('רשת 13', '2024-11-11', 59)","('רשת 13', '2024-11-11', 59)",2024-11-11 13:53:00
רשת 13,Other_first_standard,Other,first,standard,afternoon,2024-11-11,14,2.75,165.0,5,0.17752019457411028,-0.17752019457411028,0.9636363636363636,1.1508248232521603,1.0,1,"('רשת 13', '2024-11-11', 63)","('רשת 13', '2024-11-11', 63)",2024-11-11 14:06:00
רשת 13,Other_middle_long,Other,middle,long,afternoon,2024-11-11,14,5.5,330.0,15,-0.032301456398940845,0.032301456398940845,1.1481481481481481,1.111653872993719,1.0,1,"('רשת 13', '2024-11-11', 64)","('רשת 13', '2024-11-11', 64)",2024-11-11 14:41:00
רשת 13,Other_first_standard,Other,first,standard,early_evening,2024-11-11,17,1.6666666666666667,100.0,2,-0.0674487711093823,0.0674487711093823,1.0608695652173912,0.9916749916749917,1.0,1,"('רשת 13', '2024-11-11', 72)","('רשת 13', '2024-11-11', 72)",2024-11-11 17:53:00
רשת 13,PrimeShow2_first_long,PrimeShow2,first,long,early_evening,2024-11-11,18,8.933333333333334,536.0,29,-0.16175579713023075,0.16175579713023075,1.3783783783783783,1.1725160652496291,1.0,1,"('רשת 13', '2024-11-11', 75)","('רשת 13', '2024-11-11', 75)",2024-11-11 18:59:00
רשת 13,Other_first_standard,Other,first,standard,early_evening,2024-11-11,19,1.9666666666666666,118.0,3,-0.059493891843905126,0.059493891843905126,1.0495049504950493,0.9888868972934217,1.0,1,"('רשת 13', '2024-11-11', 78)","('רשת 13', '2024-11-11', 78)",2024-11-11 19:51:00
רשת 13,News_middle_long,News,middle,long,late_evening,2024-11-11,20,6.45,387.0,20,-0.1790573939654262,0.1790573939654262,1.0329670329670328,0.8636202621324832,1.0,1,"('רשת 13', '2024-11-11', 79)","('רשת 13', '2024-11-11', 79)",2024-11-11 20:39:00
רשת 13,News_last_short,News,last,short,late_evening,2024-11-11,21,1.0,60.0,2,0.0617426844895885,-0.0617426844895885,1.2163461538461542,1.293813544718249,4.0,0,"('רשת 13', '2024-11-11', 79)","('רשת 13', '2024-11-11', 79)",2024-11-11 21:27:00
רשת 13,Other_first_long,Other,first,long,late_evening,2024-11-11,22,10.283333333333333,617.0,25,0.01779077601914171,-0.01779077601914171,0.919298245614035,0.9357996257377286,1.0,1,"('רשת 13', '2024-11-11', 88)","('רשת 13', '2024-11-11', 88)",2024-11-11 22:46:00
רשת 13,PrimeShow1_middle_long,PrimeShow1,middle,long,late_evening,2024-11-11,23,6.683333333333334,401.0,21,0.009887755793159855,-0.009887755793159855,0.8854166666666667,0.8942148760330579,1.0,1,"('רשת 13', '2024-11-11', 93)","('רשת 13', '2024-11-11', 93)",2024-11-11 23:52:00
רשת 13,Other_middle_long,Other,middle,long,overnight,2024-11-12,0,5.45,327.0,12,-0.019360735994247515,0.019360735994247515,0.9444444444444444,0.9263351749539596,1.0,1,"('רשת 13', '2024-11-12', 1)","('רשת 13', '2024-11-12', 1)",2024-11-12 00:42:00
רשת 13,Other_middle_long,Other,middle,long,overnight,2024-11-12,1,4.366666666666666,262.0,8,-0.15810008435885564,0.15810008435885564,1.0952380952380953,0.9350752177355502,1.0,1,"('רשת 13', '2024-11-12', 3)","('רשת 13', '2024-11-12', 3)",2024-11-12 01:25:00
רשת 13,Other_first_long,Other,first,long,overnight,2024-11-12,1,3.966666666666667,238.0,7,0.12935807123664328,-0.12935807123664328,0.8666666666666667,0.9863512283894448,1.0,1,"('רשת 13', '2024-11-12', 5)","('רשת 13', '2024-11-12', 5)",2024-11-12 01:45:00
רשת 13,Other_middle_long,Other,middle,long,overnight,2024-11-12,2,4.816666666666666,289.0,7,-0.18687737332981488,0.18687737332981488,1.1428571428571426,0.9480519480519483,1.0,1,"('רשת 13', '2024-11-12', 8)","('רשת 13', '2024-11-12', 8)",2024-11-12 02:31:00
רשת 13,Other_first_long,Other,first,long,overnight,2024-11-12,3,5.516666666666667,331.0,7,-0.15023324224245405,0.15023324224245405,1.0,0.8605072463768116,1.0,1,"('רשת 13', '2024-11-12', 10)","('רשת 13', '2024-11-12', 10)",2024-11-12 03:01:00
רשת 13,Other_middle_long,Other,middle,long,overnight,2024-11-12,3,4.95,297.0,8,-0.1780317059551854,0.1780317059551854,1.1111111111111112,0.9299065420560748,2.0,0,"('רשת 13', '2024-11-12', 10)","('רשת 13', '2024-11-12', 10)",2024-11-12 03:19:00
רשת 13,Other_middle_long,Other,middle,long,overnight,2024-11-12,5,3.5,210.0,6,0.1362377542222653,-0.1362377542222653,0.9,1.0313588850174213,1.0,1,"('רשת 13', '2024-11-12', 16)","('רשת 13', '2024-11-12', 16)",2024-11-12 05:26:00
רשת 13,Other_first_short,Other,first,short,overnight,2024-11-12,5,0.95,57.0,2,-0.16816960100658898,0.16816960100658898,1.1666666666666665,0.986078886310905,1.0,1,"('רשת 13', '2024-11-12', 18)","('רשת 13', '2024-11-12', 18)",2024-11-12 05:45:00
רשת 13,Other_middle_long,Other,middle,long,morning,2024-11-12,8,7.283333333333333,437.0,16,0.21666877149763836,-0.21666877149763836,0.7538461538461539,0.9362261669953975,7.0,0,"('רשת 13', '2024-11-12', 23)","('רשת 13', '2024-11-12', 23)",2024-11-12 08:39:00
רשת 13,Other_last_long,Other,last,long,morning,2024-11-12,9,6.566666666666666,394.0,15,-0.05639578272576973,0.05639578272576973,0.9245283018867926,0.8738317757009346,8.0,0,"('רשת 13', '2024-11-12', 23)","('רשת 13', '2024-11-12', 23)",2024-11-12 09:11:00
רשת 13,Other_last_long,Other,last,long,morning,2024-11-12,9,6.45,387.0,17,0.08221827093279081,-0.08221827093279081,0.9473684210526317,1.028551034975018,9.0,0,"('רשת 13', '2024-11-12', 23)","('רשת 13', '2024-11-12', 23)",2024-11-12 09:36:00
רשת 13,Other_last_long,Other,last,long,morning,2024-11-12,11,8.783333333333333,527.0,29,-0.14576626689011613,0.14576626689011613,1.140350877192983,0.9856733524355301,3.0,0,"('רשת 13', '2024-11-12', 34)","('רשת 13', '2024-11-12', 34)",2024-11-12 11:25:00
רשת 13,Other_first_long,Other,first,long,afternoon,2024-11-12,12,4.466666666666667,268.0,10,0.1576842524085695,-0.1576842524085695,0.888888888888889,1.04070796460177,1.0,1,"('רשת 13', '2024-11-12', 46)","('רשת 13', '2024-11-12', 46)",2024-11-12 12:54:00
רשת 13,Other_first_long,Other,first,long,afternoon,2024-11-12,13,4.483333333333333,269.0,6,0.41408585115207125,-0.41408585115207125,0.6285714285714286,0.9510204081632652,1.0,1,"('רשת 13', '2024-11-12', 47)","('רשת 13', '2024-11-12', 47)",2024-11-12 13:05:00
רשת 13,Other_last_long,Other,last,long,afternoon,2024-11-12,14,5.4,324.0,11,0.15368493017900578,-0.15368493017900578,0.958333333333333,1.1175349428208385,3.0,0,"('רשת 13', '2024-11-12', 52)","('רשת 13', '2024-11-12', 52)",2024-11-12 14:49:00
רשת 13,Other_first_standard,Other,first,standard,early_evening,2024-11-12,17,1.6666666666666667,100.0,2,-0.09267479773532163,0.09267479773532163,1.101123595505618,1.0036630036630036,1.0,1,"('רשת 13', '2024-11-12', 61)","('רשת 13', '2024-11-12', 61)",2024-11-12 17:53:00
רשת 13,PrimeShow2_first_long,PrimeShow2,first,long,early_evening,2024-11-12,18,8.033333333333333,482.0,29,-0.16452916349230298,0.16452916349230298,1.3478260869565217,1.1433514582303508,1.0,1,"('רשת 13', '2024-11-12', 64)","('רשת 13', '2024-11-12', 64)",2024-11-12 18:59:00
רשת 13,Other_first_standard,Other,first,standard,early_evening,2024-11-12,19,1.8833333333333333,113.0,3,0.12049617942109689,-0.12049617942109689,0.9010989010989009,1.0164904104678258,1.0,1,"('רשת 13', '2024-11-12', 66)","('רשת 13', '2024-11-12', 66)",2024-11-12 19:51:00
רשת 13,News_last_long,News,last,long,late_evening,2024-11-12,21,6.45,387.0,18,0.43927473336642964,-0.43927473336642964,0.7902439024390246,1.226127819548872,3.0,0,"('רשת 13', '2024-11-12', 67)","('רשת 13', '2024-11-12', 67)",2024-11-12 21:20:00
רשת 13,News_last_short,News,last,short,late_evening,2024-11-12,21,1.3833333333333333,83.0,3,0.1480379404747765,-0.1480379404747765,0.8726415094339623,1.011877474473849,4.0,0,"('רשת 13', '2024-11-12', 67)","('רשת 13', '2024-11-12', 67)",2024-11-12 21:44:00
רשת 13,Other_middle_standard,Other,middle,standard,late_evening,2024-11-12,22,1.85,111.0,3,-0.030181514064202802,0.030181514064202802,0.9166666666666665,0.8894136166863438,1.0,1,"('רשת 13', '2024-11-12', 74)","('רשת 13', '2024-11-12', 74)",2024-11-12 22:13:00
רשת 13,Other_last_long,Other,last,long,late_evening,2024-11-12,22,12.783333333333333,767.0,44,-0.0678095480222634,0.0678095480222634,1.1244239631336406,1.0507049540809725,2.0,0,"('רשת 13', '2024-11-12', 74)","('רשת 13', '2024-11-12', 74)",2024-11-12 22:24:00
רשת 13,Other_first_long,Other,first,long,late_evening,2024-11-12,22,8.533333333333333,512.0,22,0.6814652968546225,-0.6814652968546225,0.4717741935483871,0.9325900959294792,1.0,1,"('רשת 13', '2024-11-12', 77)","('רשת 13', '2024-11-12', 77)",2024-11-12 22:42:00
רשת 13,Other_middle_long,Other,middle,long,late_evening,2024-11-12,23,7.0,420.0,18,0.15143343798154557,-0.15143343798154557,0.5918367346938775,0.6886025464028227,1.0,1,"('רשת 13', '2024-11-12', 79)","('רשת 13', '2024-11-12', 79)",2024-11-12 23:05:00
רשת 13,Other_first_long,Other,first,long,overnight,2024-11-13,0,4.533333333333333,272.0,9,0.07823275242829703,-0.07823275242829703,0.8478260869565218,0.9168173598553347,1.0,1,"('רשת 13', '2024-11-13', 2)","('רשת 13', '2024-11-13', 2)",2024-11-13 00:41:00
רשת 13,Other_last_long,Other,last,long,overnight,2024-11-13,1,5.166666666666667,310.0,10,-0.10629923982980172,0.10629923982980172,1.0571428571428572,0.9505358615004124,1.0,1,"('רשת 13', '2024-11-13', 4)","('רשת 13', '2024-11-13', 4)",2024-11-13 01:28:00
רשת 13,Other_first_short,Other,first,short,overnight,2024-11-13,1,1.05,63.0,3,0.09248926296668925,-0.09248926296668925,0.8918918918918919,0.9783174327840415,1.0,1,"('רשת 13', '2024-11-13', 6)","('רשת 13', '2024-11-13', 6)",2024-11-13 01:38:00
רשת 13,Other_middle_long,Other,middle,long,overnight,2024-11-13,2,3.0833333333333335,185.0,4,0.021577600644547015,-0.021577600644547015,0.8888888888888891,0.9082774049217002,1.0,1,"('רשת 13', '2024-11-13', 8)","('רשת 13', '2024-11-13', 8)",2024-11-13 02:09:00
רשת 13,Other_middle_long,Other,middle,long,overnight,2024-11-13,2,3.65,219.0,5,-0.013158084577511088,0.013158084577511088,1.0,0.9869281045751634,1.0,1,"('רשת 13', '2024-11-13', 10)","('רשת 13', '2024-11-13', 10)",2024-11-13 02:28:00
רשת 13,Other_middle_standard,Other,middle,standard,overnight,2024-11-13,3,2.8333333333333335,170.0,4,-0.10697211955216795,0.10697211955216795,1.0,0.898550724637681,1.0,1,"('רשת 13', '2024-11-13', 12)","('רשת 13', '2024-11-13', 12)",2024-11-13 03:01:00
רשת 13,Other_first_long,Other,first,long,overnight,2024-11-13,3,3.4833333333333334,209.0,5,-0.0,0.0,1.0,1.0,1.0,1,"('רשת 13', '2024-11-13', 14)","('רשת 13', '2024-11-13', 14)",2024-11-13 03:34:00
רשת 13,Other_middle_long,Other,middle,long,overnight,2024-11-13,3,3.65,219.0,6,-0.03898544671295377,0.03898544671295377,1.0,0.9617647058823529,2.0,0,"('רשת 13', '2024-11-13', 14)","('רשת 13', '2024-11-13', 14)",2024-11-13 03:50:00
רשת 13,Other_middle_long,Other,middle,long,overnight,2024-11-13,5,3.6166666666666667,217.0,6,0.04181793968332141,-0.04181793968332141,1.0,1.0427046263345194,1.0,1,"('רשת 13', '2024-11-13', 19)","('רשת 13', '2024-11-13', 19)",2024-11-13 05:22:00
רשת 13,Other_first_long,Other,first,long,morning,2024-11-13,7,7.183333333333334,431.0,18,-0.18556959546563162,0.18556959546563162,1.4411764705882355,1.197085889570552,4.0,0,"('רשת 13', '2024-11-13', 26)","('רשת 13', '2024-11-13', 26)",2024-11-13 07:47:00
רשת 13,Other_middle_long,Other,middle,long,morning,2024-11-13,8,8.283333333333333,497.0,22,0.3718438647734916,-0.3718438647734916,0.75,1.0878048780487806,8.0,0,"('רשת 13', '2024-11-13', 26)","('רשת 13', '2024-11-13', 26)",2024-11-13 08:43:00
רשת 13,Other_last_long,Other,last,long,morning,2024-11-13,9,8.066666666666666,484.0,20,-0.017579977431962903,0.017579977431962903,1.021276595744681,1.0034794711203898,11.0,0,"('רשת 13', '2024-11-13', 26)","('רשת 13', '2024-11-13', 26)",2024-11-13 09:31:00
רשת 13,Other_middle_long,Other,middle,long,afternoon,2024-11-13,12,10.533333333333333,632.0,28,0.027806201827421117,-0.027806201827421117,0.9777777777777779,1.0053475935828877,1.0,1,"('רשת 13', '2024-11-13', 47)","('רשת 13', '2024-11-13', 47)",2024-11-13 12:24:00
רשת 13,Other_middle_long,Other,middle,long,afternoon,2024-11-13,12,3.433333333333333,206.0,5,-0.03902839962090097,0.03902839962090097,1.037037037037037,0.9973427812223208,1.0,1,"('רשת 13', '2024-11-13', 49)","('רשת 13', '2024-11-13', 49)",2024-11-13 12:53:00
רשת 13,Other_first_long,Other,first,long,afternoon,2024-11-13,13,6.566666666666666,394.0,15,0.4893587839743122,-0.4893587839743122,0.5869565217391305,0.9574844995571303,1.0,1,"('רשת 13', '2024-11-13', 55)","('רשת 13', '2024-11-13', 55)",2024-11-13 13:16:00
רשת 13,Other_middle_long,Other,middle,long,afternoon,2024-11-13,13,5.216666666666667,313.0,9,-0.0732504617395928,0.0732504617395928,1.2,1.1152416356877322,1.0,1,"('רשת 13', '2024-11-13', 56)","('רשת 13', '2024-11-13', 56)",2024-11-13 13:36:00
רשת 13,Other_first_long,Other,first,long,afternoon,2024-11-13,14,8.516666666666667,511.0,23,-0.37587773138850133,0.37587773138850133,1.4074074074074072,0.9664473684210526,1.0,1,"('רשת 13', '2024-11-13', 62)","('רשת 13', '2024-11-13', 62)",2024-11-13 14:23:00
רשת 13,Other_last_long,Other,last,long,afternoon,2024-11-13,14,5.516666666666667,331.0,7,0.10634873841374212,-0.10634873841374212,1.0238095238095242,1.1386908619572265,2.0,0,"('רשת 13', '2024-11-13', 62)","('רשת 13', '2024-11-13', 62)",2024-11-13 14:47:00
רשת 13,Other_first_standard,Other,first,standard,early_evening,2024-11-13,17,1.6666666666666667,100.0,2,0.2546849133270196,-0.2546849133270196,0.7687074829931975,0.9916749916749917,1.0,1,"('רשת 13', '2024-11-13', 71)","('רשת 13', '2024-11-13', 71)",2024-11-13 17:53:00
רשת 13,PrimeShow2_first_long,PrimeShow2,first,long,early_evening,2024-11-13,19,8.85,531.0,30,0.2890965751778706,-0.2890965751778706,0.8734939759036143,1.166307213036185,1.0,1,"('רשת 13', '2024-11-13', 74)","('רשת 13', '2024-11-13', 74)",2024-11-13 19:00:00
רשת 13,Other_first_standard,Other,first,standard,early_evening,2024-11-13,19,2.216666666666667,133.0,3,0.1504149762065941,-0.1504149762065941,0.8888888888888888,1.0331702011963022,1.0,1,"('רשת 13', '2024-11-13', 76)","('רשת 13', '2024-11-13', 76)",2024-11-13 19:52:00
רשת 13,News_last_long,News,last,long,late_evening,2024-11-13,21,5.85,351.0,16,0.19091673060370196,-0.19091673060370196,0.9171270718232044,1.1100526955816783,3.0,0,"('רשת 13', '2024-11-13', 77)","('רשת 13', '2024-11-13', 77)",2024-11-13 21:13:00
רשת 13,News_last_short,News,last,short,late_evening,2024-11-13,21,0.75,45.0,2,-0.10562901746611647,0.10562901746611647,1.230125523012552,1.106815748780778,4.0,0,"('רשת 13', '2024-11-13', 77)","('רשת 13', '2024-11-13', 77)",2024-11-13 21:35:00
רשת 13,Other_middle_long,Other,middle,long,late_evening,2024-11-13,22,10.2,612.0,34,-0.14850666878565216,0.14850666878565216,0.9376558603491272,0.8082539682539683,1.0,1,"('רשת 13', '2024-11-13', 84)","('רשת 13', '2024-11-13', 84)",2024-11-13 22:09:00
רשת 13,Other_last_long,Other,last,long,late_evening,2024-11-13,22,10.066666666666666,604.0,30,-0.20823941784640745,0.20823941784640745,0.9753363228699551,0.7919853864596417,2.0,0,"('רשת 13', '2024-11-13', 84)","('רשת 13', '2024-11-13', 84)",2024-11-13 22:37:00
רשת 13,Other_first_long,Other,first,long,late_evening,2024-11-13,23,7.233333333333333,434.0,19,0.3083060850264371,-0.3083060850264371,0.5236842105263158,0.7127957658779578,1.0,1,"('רשת 13', '2024-11-13', 87)","('רשת 13', '2024-11-13', 87)",2024-11-13 23:06:00
רשת 13,Other_last_long,Other,last,long,late_evening,2024-11-13,23,5.266666666666667,316.0,20,0.22839278206346142,-0.22839278206346142,0.7164948453608249,0.9003322259136213,1.0,1,"('רשת 13', '2024-11-13', 89)","('רשת 13', '2024-11-13', 89)",2024-11-13 23:54:00
רשת 13,Other_middle_long,Other,middle,long,overnight,2024-11-14,0,4.216666666666667,253.0,7,0.20418667464450513,-0.20418667464450513,0.7575757575757577,0.9291871921182268,1.0,1,"('רשת 13', '2024-11-14', 2)","('רשת 13', '2024-11-14', 2)",2024-11-14 00:44:00
רשת 13,Other_middle_long,Other,middle,long,overnight,2024-11-14,1,4.366666666666666,262.0,10,0.18851832333146604,-0.18851832333146604,0.7857142857142859,0.9487179487179489,1.0,1,"('רשת 13', '2024-11-14', 4)","('רשת 13', '2024-11-14', 4)",2024-11-14 01:36:00
רשת 13,Other_middle_short,Other,middle,short,overnight,2024-11-14,2,0.7833333333333333,47.0,2,-0.03069608715717665,0.03069608715717665,1.0,0.9697702539298672,1.0,1,"('רשת 13', '2024-11-14', 7)","('רשת 13', '2024-11-14', 7)",2024-11-14 02:13:00
רשת 13,Other_last_standard,Other,last,standard,overnight,2024-11-14,2,1.6833333333333333,101.0,3,-0.20879394202641724,0.20879394202641724,1.1333333333333333,0.9197707736389685,1.0,1,"('רשת 13', '2024-11-14', 9)","('רשת 13', '2024-11-14', 9)",2024-11-14 02:47:00
רשת 13,Other_last_short,Other,last,short,overnight,2024-11-14,5,1.4333333333333333,86.0,3,-0.154150679827258,0.154150679827258,1.1666666666666663,1.0,1.0,1,"('רשת 13', '2024-11-14', 16)","('רשת 13', '2024-11-14', 16)",2024-11-14 05:26:00
רשת 13,Other_first_short,Other,first,short,overnight,2024-11-14,5,0.6833333333333333,41.0,2,-0.3087094396438563,0.3087094396438563,1.583333333333333,1.1627906976744187,1.0,1,"('רשת 13', '2024-11-14', 18)","('רשת 13', '2024-11-14', 18)",2024-11-14 05:38:00
רשת 13,Other_first_long,Other,first,long,morning,2024-11-14,7,6.833333333333333,410.0,22,0.15428054697335059,-0.15428054697335059,0.803030303030303,0.9369903632320237,1.0,1,"('רשת 13', '2024-11-14', 23)","('רשת 13', '2024-11-14', 23)",2024-11-14 07:15:00
רשת 13,Other_first_long,Other,first,long,morning,2024-11-14,7,7.366666666666666,442.0,22,-0.4606618171951702,0.4606618171951702,1.5,0.9462989840348329,2.0,0,"('רשת 13', '2024-11-14', 23)","('רשת 13', '2024-11-14', 23)",2024-11-14 07:36:00
רשת 13,Other_middle_long,Other,middle,long,morning,2024-11-14,8,7.233333333333333,434.0,21,-0.007917296895704876,0.007917296895704876,0.9787234042553191,0.9710051546391754,3.0,0,"('רשת 13', '2024-11-14', 23)","('רשת 13', '2024-11-14', 23)",2024-11-14 08:15:00
רשת 13,Other_middle_long,Other,middle,long,morning,2024-11-14,8,7.916666666666667,475.0,22,-0.02429635305193554,0.02429635305193554,0.9814814814814814,0.9579224194608809,4.0,0,"('רשת 13', '2024-11-14', 23)","('רשת 13', '2024-11-14', 23)",2024-11-14 08:39:00
רשת 13,Other_last_long,Other,last,long,morning,2024-11-14,9,7.35,441.0,18,0.04886134107967234,-0.04886134107967234,1.0,1.0500747384155455,5.0,0,"('רשת 13', '2024-11-14', 23)","('רשת 13', '2024-11-14', 23)",2024-11-14 09:17:00
רשת 13,Other_last_long,Other,last,long,morning,2024-11-14,9,7.233333333333333,434.0,16,-0.0002577907348419381,0.0002577907348419381,1.029411764705882,1.029146426092991,6.0,0,"('רשת 13', '2024-11-14', 23)","('רשת 13', '2024-11-14', 23)",2024-11-14 09:46:00
רשת 13,Other_first_long,Other,first,long,morning,2024-11-14,10,7.183333333333334,431.0,18,0.8361597376223284,-0.8361597376223284,0.44,1.015294974508376,1.0,1,"('רשת 13', '2024-11-14', 34)","('רשת 13', '2024-11-14', 34)",2024-11-14 10:27:00
רשת 13,Other_last_long,Other,last,long,morning,2024-11-14,11,8.716666666666667,523.0,23,0.11590168961507794,-0.11590168961507794,0.8809523809523812,0.9892086330935252,2.0,0,"('רשת 13', '2024-11-14', 34)","('רשת 13', '2024-11-14', 34)",2024-11-14 11:24:00
רשת 13,Other_first_long,Other,first,long,afternoon,2024-11-14,12,3.0166666666666666,181.0,5,-0.29685059959451754,0.29685059959451754,1.4285714285714286,1.0616500453309157,1.0,1,"('רשת 13', '2024-11-14', 46)","('רשת 13', '2024-11-14', 46)",2024-11-14 12:39:00
רשת 13,Other_first_long,Other,first,long,afternoon,2024-11-14,13,4.583333333333333,275.0,8,0.3639267940377439,-0.3639267940377439,0.7368421052631579,1.0602928509905254,1.0,1,"('רשת 13', '2024-11-14', 54)","('רשת 13', '2024-11-14', 54)",2024-11-14 13:41:00
רשת 13,Other_middle_long,Other,middle,long,afternoon,2024-11-14,14,9.333333333333334,560.0,20,-0.4599003146631815,0.4599003146631815,1.5,0.9470198675496688,1.0,1,"('רשת 13', '2024-11-14', 59)","('רשת 13', '2024-11-14', 59)",2024-11-14 14:26:00
רשת 13,Other_last_long,Other,last,long,afternoon,2024-11-14,14,5.733333333333333,344.0,8,-0.45598470806640456,0.45598470806640456,1.7777777777777777,1.126797385620915,2.0,0,"('רשת 13', '2024-11-14', 59)","('רשת 13', '2024-11-14', 59)",2024-11-14 14:46:00
רשת 13,Other_first_standard,Other,first,standard,early_evening,2024-11-14,17,1.6666666666666667,100.0,2,0.10239150955332671,-0.10239150955332671,0.8951612903225807,0.9916749916749917,1.0,1,"('רשת 13', '2024-11-14', 68)","('רשת 13', '2024-11-14', 68)",2024-11-14 17:53:00
רשת 13,PrimeShow2_first_long,PrimeShow2,first,long,early_evening,2024-11-14,19,5.65,339.0,19,-0.13399667613861638,0.13399667613861638,1.1929824561403508,1.0433740714114546,1.0,1,"('רשת 13', '2024-11-14', 71)","('רשת 13', '2024-11-14', 71)",2024-11-14 19:00:00
רשת 13,Other_first_standard,Other,first,standard,early_evening,2024-11-14,19,2.216666666666667,133.0,3,0.20198873826611038,-0.20198873826611038,0.8305785123966942,1.0164904104678258,1.0,1,"('רשת 13', '2024-11-14', 74)","('רשת 13', '2024-11-14', 74)",2024-11-14 19:51:00
רשת 13,News_middle_long,News,middle,long,late_evening,2024-11-14,20,5.433333333333334,326.0,13,0.18254130317571005,-0.18254130317571005,0.7356828193832599,0.8830134009416878,1.0,1,"('רשת 13', '2024-11-14', 75)","('רשת 13', '2024-11-14', 75)",2024-11-14 20:40:00
רשת 13,News_last_long,News,last,long,late_evening,2024-11-14,21,6.75,405.0,21,0.3399389384191289,-0.3399389384191289,0.6633165829145728,0.9318681318681319,2.0,0,"('רשת 13', '2024-11-14', 75)","('רשת 13', '2024-11-14', 75)",2024-11-14 21:04:00
רשת 13,Other_middle_long,Other,middle,long,late_evening,2024-11-14,22,10.95,657.0,35,-0.12241389213139837,0.12241389213139837,0.9053627760252366,0.801048767697955,1.0,1,"('רשת 13', '2024-11-14', 80)","('רשת 13', '2024-11-14', 80)",2024-11-14 22:08:00
רשת 13,Other_last_long,Other,last,long,late_evening,2024-11-14,22,10.35,621.0,29,-0.10839516233342292,0.10839516233342292,0.908256880733945,0.8149543378995433,2.0,0,"('רשת 13', '2024-11-14', 80)","('רשת 13', '2024-11-14', 80)",2024-11-14 22:38:00
רשת 13,Other_first_long,Other,first,long,late_evening,2024-11-14,23,6.083333333333333,365.0,15,-0.1416653126140608,0.1416653126140608,0.7831325301204819,0.6796898753420493,1.0,1,"('רשת 13', '2024-11-14', 83)","('רשת 13', '2024-11-14', 83)",2024-11-14 23:04:00
רשת 13,Other_last_long,Other,last,long,late_evening,2024-11-14,23,6.716666666666667,403.0,20,-0.1475272617864391,0.1475272617864391,1.0363636363636364,0.8942148760330579,1.0,1,"('רשת 13', '2024-11-14', 85)","('רשת 13', '2024-11-14', 85)",2024-11-14 23:52:00
רשת 13,Other_first_long,Other,first,long,overnight,2024-11-15,0,4.466666666666667,268.0,6,0.4020378194702017,-0.4020378194702017,0.6086956521739129,0.9099195710455763,1.0,1,"('רשת 13', '2024-11-15', 1)","('רשת 13', '2024-11-15', 1)",2024-11-15 00:26:00
רשת 13,Other_last_standard,Other,last,standard,overnight,2024-11-15,1,2.45,147.0,5,-0.16356347080624972,0.16356347080624972,1.1481481481481481,0.974907063197026,1.0,1,"('רשת 13', '2024-11-15', 4)","('רשת 13', '2024-11-15', 4)",2024-11-15 01:50:00
רשת 13,Other_middle_standard,Other,middle,standard,overnight,2024-11-15,2,2.716666666666667,163.0,3,0.039513949860239594,-0.039513949860239594,0.9600000000000002,0.9986928104575163,1.0,1,"('רשת 13', '2024-11-15', 6)","('רשת 13', '2024-11-15', 6)",2024-11-15 02:28:00
רשת 13,Other_middle_standard,Other,middle,standard,overnight,2024-11-15,3,1.7333333333333334,104.0,3,-0.07810659864666997,0.07810659864666997,1.0,0.9248658318425761,1.0,1,"('רשת 13', '2024-11-15', 8)","('רשת 13', '2024-11-15', 8)",2024-11-15 03:00:00
רשת 13,Other_first_long,Other,first,long,overnight,2024-11-15,3,3.6,216.0,5,0.0460307404447696,-0.0460307404447696,0.9259259259259259,0.9695431472081217,1.0,1,"('רשת 13', '2024-11-15', 10)","('רשת 13', '2024-11-15', 10)",2024-11-15 03:29:00
רשת 13,Other_middle_standard,Other,middle,standard,overnight,2024-11-15,3,2.1166666666666667,127.0,3,0.06398363348807995,-0.06398363348807995,0.9130434782608694,0.9733727810650887,2.0,0,"('רשת 13', '2024-11-15', 10)","('רשת 13', '2024-11-15', 10)",2024-11-15 03:48:00
רשת 13,Other_last_standard,Other,last,standard,overnight,2024-11-15,5,1.9333333333333333,116.0,3,0.0069686693160934355,-0.0069686693160934355,1.0,1.006993006993007,1.0,1,"('רשת 13', '2024-11-15', 15)","('רשת 13', '2024-11-15', 15)",2024-11-15 05:25:00
רשת 13,PrimeShow1_first_long,PrimeShow1,first,long,morning,2024-11-15,6,3.55,213.0,11,-0.12397807467389674,0.12397807467389674,1.3333333333333333,1.1778656126482212,1.0,1,"('רשת 13', '2024-11-15', 21)","('רשת 13', '2024-11-15', 21)",2024-11-15 06:14:00
רשת 13,Other_first_long,Other,first,long,morning,2024-11-15,7,7.566666666666666,454.0,23,0.317519819205839,-0.317519819205839,0.8297872340425533,1.1398923904688703,1.0,1,"('רשת 13', '2024-11-15', 23)","('רשת 13', '2024-11-15', 23)",2024-11-15 07:43:00
רשת 13,Other_middle_long,Other,middle,long,morning,2024-11-15,8,6.616666666666666,397.0,23,0.09618673208835267,-0.09618673208835267,0.8750000000000002,0.9633440514469453,2.0,0,"('רשת 13', '2024-11-15', 23)","('רשת 13', '2024-11-15', 23)",2024-11-15 08:13:00
רשת 13,Other_last_long,Other,last,long,morning,2024-11-15,9,6.916666666666667,415.0,20,0.047285909300436024,-0.047285909300436024,1.0136986301369864,1.062783661119516,5.0,0,"('רשת 13', '2024-11-15', 23)","('רשת 13', '2024-11-15', 23)",2024-11-15 09:18:00
רשת 13,Other_last_long,Other,last,long,morning,2024-11-15,9,6.583333333333333,395.0,13,0.17728024623720104,-0.17728024623720104,0.8518518518518516,1.017081850533808,6.0,0,"('רשת 13', '2024-11-15', 23)","('רשת 13', '2024-11-15', 23)",2024-11-15 09:38:00
רשת 13,Other_last_long,Other,last,long,morning,2024-11-15,11,8.816666666666666,529.0,22,0.021735488220972717,-0.021735488220972717,0.9466666666666667,0.9674681753889675,3.0,0,"('רשת 13', '2024-11-15', 31)","('רשת 13', '2024-11-15', 31)",2024-11-15 11:31:00
רשת 13,Other_middle_long,Other,middle,long,afternoon,2024-11-15,12,9.4,564.0,22,0.28167291594370625,-0.28167291594370625,0.7402597402597403,0.9810996563573885,1.0,1,"('רשת 13', '2024-11-15', 41)","('רשת 13', '2024-11-15', 41)",2024-11-15 12:29:00
רשת 13,Other_first_long,Other,first,long,afternoon,2024-11-15,12,3.2666666666666666,196.0,6,0.06768632742830163,-0.06768632742830163,0.9000000000000001,0.9630266552020633,1.0,1,"('רשת 13', '2024-11-15', 43)","('רשת 13', '2024-11-15', 43)",2024-11-15 12:50:00
רשת 13,Other_middle_standard,Other,middle,standard,afternoon,2024-11-15,13,2.25,135.0,6,0.004328290426258402,-0.004328290426258402,0.9642857142857144,0.9684684684684688,1.0,1,"('רשת 13', '2024-11-15', 48)","('רשת 13', '2024-11-15', 48)",2024-11-15 13:18:00
רשת 13,Other_middle_long,Other,middle,long,afternoon,2024-11-15,14,6.733333333333333,404.0,18,0.04725104321804881,-0.04725104321804881,0.8793103448275862,0.9218559218559218,1.0,1,"('רשת 13', '2024-11-15', 55)","('רשת 13', '2024-11-15', 55)",2024-11-15 14:54:00
רשת 13,Other_middle_long,Other,middle,long,afternoon,2024-11-15,16,6.55,393.0,19,0.23816835527376026,-0.23816835527376026,0.7746478873239436,0.9829683698296839,1.0,1,"('רשת 13', '2024-11-15', 58)","('רשת 13', '2024-11-15', 58)",2024-11-15 16:21:00
רשת 13,Other_last_long,Other,last,long,afternoon,2024-11-15,16,4.583333333333333,275.0,9,0.1765762699989185,-0.1765762699989185,0.912280701754386,1.0884652981427174,2.0,0,"('רשת 13', '2024-11-15', 58)","('רשת 13', '2024-11-15', 58)",2024-11-15 16:41:00
רשת 13,Other_middle_long,Other,middle,long,early_evening,2024-11-15,17,6.5,390.0,21,0.11785848386593883,-0.11785848386593883,0.9532710280373832,1.0725108225108224,1.0,1,"('רשת 13', '2024-11-15', 65)","('רשת 13', '2024-11-15', 65)",2024-11-15 17:34:00
רשת 13,Other_last_long,Other,last,long,late_evening,2024-11-15,21,5.266666666666667,316.0,12,0.3956927086636542,-0.3956927086636542,0.8099173553719009,1.2030616008852821,3.0,0,"('רשת 13', '2024-11-15', 70)","('רשת 13', '2024-11-15', 70)",2024-11-15 21:21:00
רשת 13,Other_middle_long,Other,middle,long,late_evening,2024-11-15,21,8.416666666666666,505.0,20,0.042716696733479206,-0.042716696733479206,0.9101796407185628,0.9499018696415658,1.0,1,"('רשת 13', '2024-11-15', 76)","('רשת 13', '2024-11-15', 76)",2024-11-15 21:57:00
רשת 13,Other_first_long,Other,first,long,late_evening,2024-11-15,22,5.516666666666667,331.0,12,0.5243708664146265,-0.5243708664146265,0.7090909090909091,1.197935103244838,1.0,1,"('רשת 13', '2024-11-15', 78)","('רשת 13', '2024-11-15', 78)",2024-11-15 22:18:00
רשת 13,Other_first_long,Other,first,long,late_evening,2024-11-15,23,5.65,339.0,15,-0.2233304799438571,0.2233304799438571,1.0232558139534882,0.8184516448182044,1.0,1,"('רשת 13', '2024-11-15', 82)","('רשת 13', '2024-11-15', 82)",2024-11-15 23:36:00
רשת 13,Other_middle_long,Other,middle,long,overnight,2024-11-16,0,4.8,288.0,7,-0.06925599476172299,0.06925599476172299,1.0,0.9330877839165133,3.0,0,"('רשת 13', '2024-11-16', 3)","('רשת 13', '2024-11-16', 3)",2024-11-16 00:42:00
רשת 13,Other_first_long,Other,first,long,overnight,2024-11-16,1,4.35,261.0,8,-0.041619594826093814,0.041619594826093814,1.0000000000000002,0.9592346089850252,1.0,1,"('רשת 13', '2024-11-16', 6)","('רשת 13', '2024-11-16', 6)",2024-11-16 01:29:00
רשת 13,Other_middle_long,Other,middle,long,overnight,2024-11-16,2,3.6666666666666665,220.0,6,-0.16712890975953837,0.16712890975953837,1.1249999999999998,0.9518518518518517,1.0,1,"('רשת 13', '2024-11-16', 9)","('רשת 13', '2024-11-16', 9)",2024-11-16 02:22:00
רשת 13,Other_middle_long,Other,middle,long,overnight,2024-11-16,3,4.116666666666666,247.0,6,-0.11303887223440524,0.11303887223440524,1.0,0.8931159420289855,1.0,1,"('רשת 13', '2024-11-16', 11)","('רשת 13', '2024-11-16', 11)",2024-11-16 03:01:00
רשת 13,Other_middle_long,Other,middle,long,overnight,2024-11-16,3,3.283333333333333,197.0,6,-0.03372563470803597,0.03372563470803597,1.0,0.9668367346938778,1.0,1,"('רשת 13', '2024-11-16', 13)","('רשת 13', '2024-11-16', 13)",2024-11-16 03:32:00
רשת 13,Other_middle_long,Other,middle,long,overnight,2024-11-16,5,3.1166666666666667,187.0,5,0.043704434234729035,-0.043704434234729035,1.0,1.0446735395189002,1.0,1,"('רשת 13', '2024-11-16', 21)","('רשת 13', '2024-11-16', 21)",2024-11-16 05:28:00
רשת 13,Other_middle_short,Other,middle,short,morning,2024-11-16,6,1.1333333333333333,68.0,3,0.00751396202719673,-0.00751396202719673,1.153846153846154,1.1625487646293888,1.0,1,"('רשת 13', '2024-11-16', 23)","('רשת 13', '2024-11-16', 23)",2024-11-16 06:17:00
רשת 13,Other_middle_short,Other,middle,short,morning,2024-11-16,6,1.4666666666666666,88.0,3,0.06282079955861784,-0.06282079955861784,1.0,1.064836003051106,1.0,1,"('רשת 13', '2024-11-16', 25)","('רשת 13', '2024-11-16', 25)",2024-11-16 06:49:00
רשת 13,Other_last_short,Other,last,short,morning,2024-11-16,7,1.4666666666666666,88.0,3,-0.026251950976086805,0.026251950976086805,1.0,0.9740896358543417,2.0,0,"('רשת 13', '2024-11-16', 25)","('רשת 13', '2024-11-16', 25)",2024-11-16 07:08:00
רשת 13,Other_last_standard,Other,last,standard,morning,2024-11-16,7,2.2,132.0,4,-0.32779480516560233,0.32779480516560233,1.4444444444444446,1.040737893927748,1.0,1,"('רשת 13', '2024-11-16', 28)","('רשת 13', '2024-11-16', 28)",2024-11-16 07:43:00
רשת 13,Other_middle_long,Other,middle,long,morning,2024-11-16,8,3.816666666666667,229.0,10,-0.18718156767344832,0.18718156767344832,1.1875,0.9847856154910095,1.0,1,"('רשת 13', '2024-11-16', 32)","('רשת 13', '2024-11-16', 32)",2024-11-16 08:42:00
רשת 13,Other_middle_long,Other,middle,long,morning,2024-11-16,9,4.083333333333333,245.0,10,0.34071329913785564,-0.34071329913785564,0.6666666666666666,0.9373000639795267,1.0,1,"('רשת 13', '2024-11-16', 34)","('רשת 13', '2024-11-16', 34)",2024-11-16 09:05:00
רשת 13,Other_middle_long,Other,middle,long,morning,2024-11-16,9,4.783333333333333,287.0,10,-0.34208045485311767,0.34208045485311767,1.4166666666666663,1.0062456627342122,1.0,1,"('רשת 13', '2024-11-16', 36)","('רשת 13', '2024-11-16', 36)",2024-11-16 09:42:00
רשת 13,PrimeShow2_middle_short,PrimeShow2,middle,short,afternoon,2024-11-16,12,0.7333333333333333,44.0,2,0.14600471659596134,-0.14600471659596134,0.9,1.0414814814814815,1.0,1,"('רשת 13', '2024-11-16', 42)","('רשת 13', '2024-11-16', 42)",2024-11-16 12:00:00
רשת 13,Other_middle_short,Other,middle,short,afternoon,2024-11-16,13,1.4666666666666666,88.0,3,-0.17589156279448925,0.17589156279448925,1.206896551724138,1.0122349102773245,1.0,1,"('רשת 13', '2024-11-16', 47)","('רשת 13', '2024-11-16', 47)",2024-11-16 13:48:00
רשת 13,Other_first_standard,Other,first,standard,afternoon,2024-11-16,16,2.5166666666666666,151.0,4,0.21225945130095042,-0.21225945130095042,0.8135593220338985,1.005940594059406,1.0,1,"('רשת 13', '2024-11-16', 56)","('רשת 13', '2024-11-16', 56)",2024-11-16 16:31:00
רשת 13,Other_last_short,Other,last,short,early_evening,2024-11-16,17,0.9833333333333333,59.0,5,0.002475413178622444,-0.002475413178622444,1.009009009009009,1.011509817197021,3.0,0,"('רשת 13', '2024-11-16', 61)","('רשת 13', '2024-11-16', 61)",2024-11-16 17:47:00
רשת 13,Other_middle_long,Other,middle,long,early_evening,2024-11-16,19,6.683333333333334,401.0,24,0.21822443759419594,-0.21822443759419594,0.792079207920792,0.9852405597086448,1.0,1,"('רשת 13', '2024-11-16', 66)","('רשת 13', '2024-11-16', 66)",2024-11-16 19:27:00
רשת 13,Other_first_standard,Other,first,standard,early_evening,2024-11-16,19,1.85,111.0,3,-0.3188644466202568,0.3188644466202568,1.3267326732673264,0.9645002730748227,1.0,1,"('רשת 13', '2024-11-16', 68)","('רשת 13', '2024-11-16', 68)",2024-11-16 19:50:00
רשת 13,News_middle_long,News,middle,long,late_evening,2024-11-16,20,7.233333333333333,434.0,20,-0.018008074544835745,0.018008074544835745,0.8627450980392157,0.8473477741770425,1.0,1,"('רשת 13', '2024-11-16', 69)","('רשת 13', '2024-11-16', 69)",2024-11-16 20:36:00
רשת 13,News_last_long,News,last,long,late_evening,2024-11-16,21,7.55,453.0,23,0.17373672074722046,-0.17373672074722046,0.922680412371134,1.0977519068647132,2.0,0,"('רשת 13', '2024-11-16', 69)","('רשת 13', '2024-11-16', 69)",2024-11-16 21:10:00
רשת 13,Other_middle_long,Other,middle,long,late_evening,2024-11-16,22,11.016666666666667,661.0,36,-0.29094724160938334,0.29094724160938334,1.141025641025641,0.8529795563288386,1.0,1,"('רשת 13', '2024-11-16', 74)","('רשת 13', '2024-11-16', 74)",2024-11-16 22:10:00
רשת 13,Other_last_long,Other,last,long,late_evening,2024-11-16,22,11.816666666666666,709.0,41,-0.12870767643328926,0.12870767643328926,0.9460227272727272,0.8317724592438432,2.0,0,"('רשת 13', '2024-11-16', 74)","('רשת 13', '2024-11-16', 74)",2024-11-16 22:39:00
רשת 13,Other_middle_long,Other,middle,long,late_evening,2024-11-16,23,4.833333333333333,290.0,12,0.34164889831853745,-0.34164889831853745,0.6972972972972973,0.9812828601472136,1.0,1,"('רשת 13', '2024-11-16', 78)","('רשת 13', '2024-11-16', 78)",2024-11-16 23:12:00
רשת 13,Other_first_long,Other,first,long,late_evening,2024-11-16,23,9.466666666666667,568.0,24,-0.10270709674963396,0.10270709674963396,0.8365384615384615,0.7548849863962406,1.0,1,"('רשת 13', '2024-11-16', 80)","('רשת 13', '2024-11-16', 80)",2024-11-16 23:36:00
רשת 13,Other_first_standard,Other,first,standard,overnight,2024-11-17,0,2.7666666666666666,166.0,6,0.08225963742753013,-0.08225963742753013,0.8571428571428573,0.930632289748312,1.0,1,"('רשת 13', '2024-11-17', 2)","('רשת 13', '2024-11-17', 2)",2024-11-17 00:42:00
רשת 13,Other_last_standard,Other,last,standard,overnight,2024-11-17,1,2.8333333333333335,170.0,7,0.280412885236353,-0.280412885236353,0.7391304347826088,0.9783693843594011,1.0,1,"('רשת 13', '2024-11-17', 4)","('רשת 13', '2024-11-17', 4)",2024-11-17 01:29:00
רשת 13,Other_middle_long,Other,middle,long,overnight,2024-11-17,2,3.3,198.0,5,-0.05843108343584306,0.05843108343584306,1.0,0.9432432432432432,1.0,1,"('רשת 13', '2024-11-17', 8)","('רשת 13', '2024-11-17', 8)",2024-11-17 02:39:00
רשת 13,Other_last_standard,Other,last,standard,overnight,2024-11-17,4,1.7666666666666666,106.0,4,-0.049655590445860834,0.049655590445860834,1.0,0.9515570934256056,1.0,1,"('רשת 13', '2024-11-17', 12)","('רשת 13', '2024-11-17', 12)",2024-11-17 04:08:00
רשת 13,Other_middle_standard,Other,middle,standard,overnight,2024-11-17,5,2.533333333333333,152.0,3,0.034846731330168315,-0.034846731330168315,1.0,1.0354609929078016,1.0,1,"('רשת 13', '2024-11-17', 17)","('רשת 13', '2024-11-17', 17)",2024-11-17 05:23:00
רשת 13,Other_middle_long,Other,middle,long,morning,2024-11-17,8,5.983333333333333,359.0,18,-0.18433882727557604,0.18433882727557604,1.0833333333333333,0.9009584664536741,10.0,0,"('רשת 13', '2024-11-17', 24)","('רשת 13', '2024-11-17', 24)",2024-11-17 08:37:00
רשת 13,Other_last_long,Other,last,long,morning,2024-11-17,9,7.883333333333334,473.0,24,-0.010745453484689443,0.010745453484689443,0.9666666666666667,0.9563350035790981,13.0,0,"('רשת 13', '2024-11-17', 24)","('רשת 13', '2024-11-17', 24)",2024-11-17 09:15:00
רשת 13,Other_first_long,Other,first,long,morning,2024-11-17,9,7.7,462.0,15,-0.04788800490431802,0.04788800490431802,1.047619047619048,0.998632946001367,1.0,1,"('רשת 13', '2024-11-17', 34)","('רשת 13', '2024-11-17', 34)",2024-11-17 09:52:00
רשת 13,Other_middle_long,Other,middle,long,morning,2024-11-17,10,8.45,507.0,23,-0.2497160303847289,0.2497160303847289,1.2499999999999998,0.9737774627923459,4.0,0,"('רשת 13', '2024-11-17', 34)","('רשת 13', '2024-11-17', 34)",2024-11-17 10:43:00
רשת 13,Other_middle_long,Other,middle,long,afternoon,2024-11-17,12,8.133333333333333,488.0,22,-0.021525494786273792,0.021525494786273792,1.0,0.9787045252883763,1.0,1,"('רשת 13', '2024-11-17', 45)","('רשת 13', '2024-11-17', 45)",2024-11-17 12:26:00
רשת 13,Other_first_standard,Other,first,standard,afternoon,2024-11-17,12,1.5333333333333334,92.0,2,0.04969794335691596,-0.04969794335691596,0.923076923076923,0.9701110162254485,1.0,1,"('רשת 13', '2024-11-17', 47)","('רשת 13', '2024-11-17', 47)",2024-11-17 12:46:00
רשת 13,Other_last_long,Other,last,long,afternoon,2024-11-17,14,6.683333333333334,401.0,10,-0.1964887170587346,0.1964887170587346,1.3064516129032255,1.073394495412844,3.0,0,"('רשת 13', '2024-11-17', 58)","('רשת 13', '2024-11-17', 58)",2024-11-17 14:44:00
רשת 13,Other_first_standard,Other,first,standard,early_evening,2024-11-17,17,1.6666666666666667,100.0,2,-0.030632762275521686,0.030632762275521686,1.0348837209302326,1.0036630036630036,1.0,1,"('רשת 13', '2024-11-17', 67)","('רשת 13', '2024-11-17', 67)",2024-11-17 17:53:00
רשת 13,PrimeShow2_first_long,PrimeShow2,first,long,early_evening,2024-11-17,18,6.866666666666666,412.0,28,-0.06815918119560628,0.06815918119560628,1.185897435897436,1.1077607513593672,1.0,1,"('רשת 13', '2024-11-17', 70)","('רשת 13', '2024-11-17', 70)",2024-11-17 18:59:00
רשת 13,Other_first_standard,Other,first,standard,early_evening,2024-11-17,19,1.8833333333333333,113.0,3,0.21422916613535084,-0.21422916613535084,0.8296943231441049,1.0279137212253038,1.0,1,"('רשת 13', '2024-11-17', 73)","('רשת 13', '2024-11-17', 73)",2024-11-17 19:52:00
רשת 13,News_middle_long,News,middle,long,late_evening,2024-11-17,20,8.416666666666666,505.0,18,0.13082516261827443,-0.13082516261827443,0.8132295719844357,0.9268934410825032,1.0,1,"('רשת 13', '2024-11-17', 74)","('רשת 13', '2024-11-17', 74)",2024-11-17 20:42:00
רשת 13,News_last_long,News,last,long,late_evening,2024-11-17,21,8.05,483.0,25,0.14486548402917493,-0.14486548402917493,0.7924528301886794,0.915983606557377,2.0,0,"('רשת 13', '2024-11-17', 74)","('רשת 13', '2024-11-17', 74)",2024-11-17 21:00:00
רשת 13,Other_middle_long,Other,middle,long,late_evening,2024-11-17,22,10.766666666666667,646.0,34,0.07611277009573862,-0.07611277009573862,0.9794721407624633,1.056932966023875,1.0,1,"('רשת 13', '2024-11-17', 80)","('רשת 13', '2024-11-17', 80)",2024-11-17 22:13:00
רשת 13,Other_last_long,Other,last,long,late_evening,2024-11-17,22,10.266666666666667,616.0,26,-0.08792950675674094,0.08792950675674094,0.9670329670329672,0.8856333866797983,2.0,0,"('רשת 13', '2024-11-17', 80)","('רשת 13', '2024-11-17', 80)",2024-11-17 22:41:00
רשת 13,Other_middle_long,Other,middle,long,late_evening,2024-11-17,23,7.083333333333333,425.0,19,0.008488284720895592,-0.008488284720895592,0.8863636363636364,0.8939193654990087,1.0,1,"('רשת 13', '2024-11-17', 87)","('רשת 13', '2024-11-17', 87)",2024-11-17 23:51:00
רשת 13,Other_middle_long,Other,middle,long,overnight,2024-11-18,1,3.8,228.0,8,0.3128437528310474,-0.3128437528310474,0.6923076923076923,0.946597760551249,1.0,1,"('רשת 13', '2024-11-18', 5)","('רשת 13', '2024-11-18', 5)",2024-11-18 01:37:00
רשת 13,Other_first_standard,Other,first,standard,overnight,2024-11-18,1,2.216666666666667,133.0,3,-0.005607491328945198,0.005607491328945198,1.0,0.9944082013047529,1.0,1,"('רשת 13', '2024-11-18', 7)","('רשת 13', '2024-11-18', 7)",2024-11-18 01:49:00
רשת 13,Other_middle_short,Other,middle,short,overnight,2024-11-18,2,0.8166666666666667,49.0,2,-0.013639393093318686,0.013639393093318686,1.0,0.9864532019704434,1.0,1,"('רשת 13', '2024-11-18', 10)","('רשת 13', '2024-11-18', 10)",2024-11-18 02:15:00
רשת 13,Other_last_short,Other,last,short,overnight,2024-11-18,2,0.7666666666666667,46.0,2,-0.07432840641009762,0.07432840641009762,1.0,0.9283667621776506,1.0,1,"('רשת 13', '2024-11-18', 12)","('רשת 13', '2024-11-18', 12)",2024-11-18 02:47:00
רשת 13,Other_first_short,Other,first,short,overnight,2024-11-18,3,0.8166666666666667,49.0,2,-0.09720671393089315,0.09720671393089315,1.0,0.9073684210526318,1.0,1,"('רשת 13', '2024-11-18', 14)","('רשת 13', '2024-11-18', 14)",2024-11-18 03:11:00
רשת 13,Other_middle_short,Other,middle,short,overnight,2024-11-18,3,0.7666666666666667,46.0,2,-0.027605266091888746,0.027605266091888746,1.0,0.9727722772277229,2.0,0,"('רשת 13', '2024-11-18', 14)","('רשת 13', '2024-11-18', 14)",2024-11-18 03:27:00
רשת 13,Other_middle_long,Other,middle,long,morning,2024-11-18,8,8.583333333333334,515.0,19,-0.057636553592716445,0.057636553592716445,0.9558823529411764,0.9023462270133163,9.0,0,"('רשת 13', '2024-11-18', 27)","('רשת 13', '2024-11-18', 27)",2024-11-18 08:33:00
רשת 13,Other_last_long,Other,last,long,morning,2024-11-18,9,9.833333333333334,590.0,28,0.26136612932118863,-0.26136612932118863,0.7142857142857143,0.927645051194539,12.0,0,"('רשת 13', '2024-11-18', 27)","('רשת 13', '2024-11-18', 27)",2024-11-18 09:13:00
רשת 13,Other_first_long,Other,first,long,morning,2024-11-18,9,9.733333333333333,584.0,21,0.34787845868906775,-0.34787845868906775,0.7169811320754716,1.0152883947185545,1.0,1,"('רשת 13', '2024-11-18', 37)","('רשת 13', '2024-11-18', 37)",2024-11-18 09:50:00
רשת 13,Other_middle_long,Other,middle,long,morning,2024-11-18,10,6.733333333333333,404.0,20,0.015179185552498238,-0.015179185552498238,1.0,1.015294974508376,4.0,0,"('רשת 13', '2024-11-18', 37)","('רשת 13', '2024-11-18', 37)",2024-11-18 10:27:00
רשת 13,Other_middle_long,Other,middle,long,morning,2024-11-18,10,6.733333333333333,404.0,16,-0.04487696741149225,0.04487696741149225,1.0,0.9561151079136689,5.0,0,"('רשת 13', '2024-11-18', 37)","('רשת 13', '2024-11-18', 37)",2024-11-18 10:47:00
רשת 13,Other_last_long,Other,last,long,morning,2024-11-18,11,6.433333333333334,386.0,12,0.0741079721537216,-0.0741079721537216,0.9285714285714288,1.0,10.0,0,"('רשת 13', '2024-11-18', 37)","('רשת 13', '2024-11-18', 37)",2024-11-18 11:49:00
רשת 13,Other_middle_long,Other,middle,long,afternoon,2024-11-18,12,9.05,543.0,27,0.19430800167432247,-0.19430800167432247,0.7999999999999999,0.9715762273901808,1.0,1,"('רשת 13', '2024-11-18', 50)","('רשת 13', '2024-11-18', 50)",2024-11-18 12:20:00
רשת 13,Other_middle_standard,Other,middle,standard,afternoon,2024-11-18,12,1.55,93.0,3,-0.07577945229894037,0.07577945229894037,1.0434782608695654,0.9673258813413582,1.0,1,"('רשת 13', '2024-11-18', 52)","('רשת 13', '2024-11-18', 52)",2024-11-18 12:50:00
רשת 13,Other_first_long,Other,first,long,afternoon,2024-11-18,13,9.216666666666667,553.0,24,-0.35089224576906175,0.35089224576906175,1.3064516129032262,0.9198198198198199,1.0,1,"('רשת 13', '2024-11-18', 58)","('רשת 13', '2024-11-18', 58)",2024-11-18 13:18:00
רשת 13,Other_middle_long,Other,middle,long,afternoon,2024-11-18,14,8.383333333333333,503.0,22,0.2855630405675569,-0.2855630405675569,0.7575757575757577,1.0079628400796286,1.0,1,"('רשת 13', '2024-11-18', 64)","('רשת 13', '2024-11-18', 64)",2024-11-18 14:33:00
רשת 13,Other_first_standard,Other,first,standard,early_evening,2024-11-18,17,1.6666666666666667,100.0,2,0.1945809892573145,-0.1945809892573145,0.8163265306122448,0.9916749916749917,1.0,1,"('רשת 13', '2024-11-18', 72)","('רשת 13', '2024-11-18', 72)",2024-11-18 17:53:00
רשת 13,PrimeShow2_first_long,PrimeShow2,first,long,early_evening,2024-11-18,18,9.016666666666667,541.0,32,0.005499634348779064,-0.005499634348779064,1.196319018404908,1.2029164607019278,1.0,1,"('רשת 13', '2024-11-18', 75)","('רשת 13', '2024-11-18', 75)",2024-11-18 18:59:00
רשת 13,Other_first_standard,Other,first,standard,early_evening,2024-11-18,19,1.8833333333333333,113.0,3,0.12521032508058177,-0.12521032508058177,0.8968609865470852,1.0164904104678258,1.0,1,"('רשת 13', '2024-11-18', 78)","('רשת 13', '2024-11-18', 78)",2024-11-18 19:51:00
רשת 13,News_middle_long,News,middle,long,late_evening,2024-11-18,20,7.716666666666667,463.0,20,0.0972586777176028,-0.0972586777176028,0.7684729064039411,0.8469689074170577,1.0,1,"('רשת 13', '2024-11-18', 79)","('רשת 13', '2024-11-18', 79)",2024-11-18 20:38:00
רשת 13,News_last_long,News,last,long,late_evening,2024-11-18,21,6.933333333333334,416.0,16,0.3307993634491835,-0.3307993634491835,0.796078431372549,1.1082052305849472,2.0,0,"('רשת 13', '2024-11-18', 79)","('רשת 13', '2024-11-18', 79)",2024-11-18 21:14:00
רשת 13,Other_middle_long,Other,middle,long,late_evening,2024-11-18,22,10.966666666666667,658.0,29,0.18664585335322864,-0.18664585335322864,0.9802631578947368,1.1814135419476666,1.0,1,"('רשת 13', '2024-11-18', 86)","('רשת 13', '2024-11-18', 86)",2024-11-18 22:22:00
רשת 13,Other_last_long,Other,last,long,late_evening,2024-11-18,22,10.25,615.0,29,0.029917232325129155,-0.029917232325129155,0.9158110882956879,0.9436235834170132,2.0,0,"('רשת 13', '2024-11-18', 86)","('רשת 13', '2024-11-18', 86)",2024-11-18 22:50:00
רשת 13,PrimeShow1_first_long,PrimeShow1,first,long,late_evening,2024-11-18,23,5.033333333333333,302.0,12,-0.00043571348771799523,0.00043571348771799523,0.894308943089431,0.8939193654990087,1.0,1,"('רשת 13', '2024-11-18', 92)","('רשת 13', '2024-11-18', 92)",2024-11-18 23:53:00
רשת 13,Other_middle_long,Other,middle,long,overnight,2024-11-19,1,3.7666666666666666,226.0,4,0.022214232931454084,-0.022214232931454084,0.9555555555555556,0.977020014825797,1.0,1,"('רשת 13', '2024-11-19', 3)","('רשת 13', '2024-11-19', 3)",2024-11-19 01:11:00
רשת 13,Other_first_long,Other,first,long,overnight,2024-11-19,1,3.9,234.0,5,-0.04328210559970735,0.04328210559970735,1.0,0.957641196013289,1.0,1,"('רשת 13', '2024-11-19', 5)","('רשת 13', '2024-11-19', 5)",2024-11-19 01:30:00
רשת 13,Other_middle_standard,Other,middle,standard,overnight,2024-11-19,1,2.65,159.0,4,-0.10521752573837184,0.10521752573837184,1.0769230769230769,0.9693693693693695,1.0,1,"('רשת 13', '2024-11-19', 6)","('רשת 13', '2024-11-19', 6)",2024-11-19 01:44:00
רשת 13,Other_middle_short,Other,middle,short,overnight,2024-11-19,2,1.3,78.0,2,-0.2269483842851432,0.2269483842851432,1.2,0.9563543003851093,1.0,1,"('רשת 13', '2024-11-19', 9)","('רשת 13', '2024-11-19', 9)",2024-11-19 02:33:00
רשת 13,Other_middle_standard,Other,middle,standard,overnight,2024-11-19,3,2.033333333333333,122.0,3,-0.16987949924911747,0.16987949924911747,1.047619047619048,0.88394584139265,1.0,1,"('רשת 13', '2024-11-19', 11)","('רשת 13', '2024-11-19', 11)",2024-11-19 03:06:00
רשת 13,Other_first_standard,Other,first,standard,overnight,2024-11-19,3,2.45,147.0,4,1.193474020227716,-1.193474020227716,0.3000000000000001,0.9895561357702352,1.0,1,"('רשת 13', '2024-11-19', 13)","('רשת 13', '2024-11-19', 13)",2024-11-19 03:33:00
רשת 13,Other_middle_long,Other,middle,long,overnight,2024-11-19,3,3.6166666666666667,217.0,5,-0.7120156648643279,0.7120156648643279,2.0,0.9813084112149535,2.0,0,"('רשת 13', '2024-11-19', 13)","('רשת 13', '2024-11-19', 13)",2024-11-19 03:55:00
רשת 13,Other_last_standard,Other,last,standard,overnight,2024-11-19,5,2.0833333333333335,125.0,3,-0.0,0.0,1.0,1.0,1.0,1,"('רשת 13', '2024-11-19', 18)","('רשת 13', '2024-11-19', 18)",2024-11-19 05:26:00
רשת 13,Other_middle_short,Other,middle,short,overnight,2024-11-19,5,1.1166666666666667,67.0,2,-0.05202118475087861,0.05202118475087861,1.1666666666666667,1.10752688172043,1.0,1,"('רשת 13', '2024-11-19', 20)","('רשת 13', '2024-11-19', 20)",2024-11-19 05:52:00
רשת 13,Other_middle_long,Other,middle,long,morning,2024-11-19,8,8.266666666666667,496.0,17,-0.01385211280815156,0.01385211280815156,0.9,0.8876190476190476,9.0,0,"('רשת 13', '2024-11-19', 25)","('רשת 13', '2024-11-19', 25)",2024-11-19 08:35:00
רשת 13,Other_last_long,Other,last,long,morning,2024-11-19,9,8.766666666666667,526.0,26,-0.11744931297683024,0.11744931297683024,0.9999999999999998,0.8891855807743657,12.0,0,"('רשת 13', '2024-11-19', 25)","('רשת 13', '2024-11-19', 25)",2024-11-19 09:11:00
רשת 13,Other_first_long,Other,first,long,morning,2024-11-19,9,8.2,492.0,16,-0.02876696345753946,0.02876696345753946,1.027777777777778,0.998632946001367,1.0,1,"('רשת 13', '2024-11-19', 35)","('רשת 13', '2024-11-19', 35)",2024-11-19 09:52:00
רשת 13,Other_middle_long,Other,middle,long,morning,2024-11-19,10,6.116666666666666,367.0,13,-0.25293900377304845,0.25293900377304845,1.3181818181818183,1.023588277340958,6.0,0,"('רשת 13', '2024-11-19', 35)","('רשת 13', '2024-11-19', 35)",2024-11-19 10:54:00
רשת 13,Other_last_long,Other,last,long,morning,2024-11-19,11,6.583333333333333,395.0,13,0.26864473060818417,-0.26864473060818417,0.7547169811320754,0.9873134328358208,11.0,0,"('רשת 13', '2024-11-19', 35)","('רשת 13', '2024-11-19', 35)",2024-11-19 11:42:00
רשת 13,Other_middle_long,Other,middle,long,afternoon,2024-11-19,12,8.55,513.0,26,-0.09037871700419874,0.09037871700419874,1.0833333333333335,0.9897172236503855,1.0,1,"('רשת 13', '2024-11-19', 48)","('רשת 13', '2024-11-19', 48)",2024-11-19 12:30:00
רשת 13,Other_first_standard,Other,first,standard,afternoon,2024-11-19,12,2.4833333333333334,149.0,4,-0.3022024029767343,0.3022024029767343,1.303030303030303,0.963184931506849,1.0,1,"('רשת 13', '2024-11-19', 50)","('רשת 13', '2024-11-19', 50)",2024-11-19 12:49:00
רשת 13,Other_middle_long,Other,middle,long,afternoon,2024-11-19,13,4.266666666666667,256.0,7,0.0015794159445499806,-0.0015794159445499806,1.0123456790123457,1.013945857260049,1.0,1,"('רשת 13', '2024-11-19', 57)","('רשת 13', '2024-11-19', 57)",2024-11-19 13:46:00
רשת 13,Other_first_long,Other,first,long,afternoon,2024-11-19,14,9.95,597.0,24,0.23458138410554696,-0.23458138410554696,0.7972972972972973,1.008086253369272,1.0,1,"('רשת 13', '2024-11-19', 62)","('רשת 13', '2024-11-19', 62)",2024-11-19 14:18:00
רשת 13,Other_last_long,Other,last,long,afternoon,2024-11-19,14,5.05,303.0,6,-0.03580187329298233,0.03580187329298233,1.1176470588235292,1.0783410138248848,2.0,0,"('רשת 13', '2024-11-19', 62)","('רשת 13', '2024-11-19', 62)",2024-11-19 14:45:00
רשת 13,Other_first_standard,Other,first,standard,early_evening,2024-11-19,17,1.6666666666666667,100.0,2,-0.21107136723637968,0.21107136723637968,1.2247191011235954,0.9916749916749917,1.0,1,"('רשת 13', '2024-11-19', 71)","('רשת 13', '2024-11-19', 71)",2024-11-19 17:53:00
רשת 13,Other_first_standard,Other,first,standard,early_evening,2024-11-19,19,1.8833333333333333,113.0,3,0.007976320399998904,-0.007976320399998904,0.996389891696751,1.004369197160022,1.0,1,"('רשת 13', '2024-11-19', 77)","('רשת 13', '2024-11-19', 77)",2024-11-19 19:50:00
רשת 13,News_last_long,News,last,long,late_evening,2024-11-19,21,8.016666666666667,481.0,19,-0.027331143087528688,0.027331143087528688,0.9652173913043477,0.9391941391941392,3.0,0,"('רשת 13', '2024-11-19', 78)","('רשת 13', '2024-11-19', 78)",2024-11-19 21:04:00
רשת 13,Other_middle_long,Other,middle,long,late_evening,2024-11-19,21,12.1,726.0,39,0.04830798311058558,-0.04830798311058558,0.862348178137652,0.9050290939318371,1.0,1,"('רשת 13', '2024-11-19', 83)","('רשת 13', '2024-11-19', 83)",2024-11-19 21:55:00
רשת 13,Other_first_long,Other,first,long,late_evening,2024-11-19,22,6.733333333333333,404.0,17,0.34017979859363306,-0.34017979859363306,0.7824074074074073,1.0994390617032126,1.0,1,"('רשת 13', '2024-11-19', 85)","('רשת 13', '2024-11-19', 85)",2024-11-19 22:25:00
רשת 13,Other_first_long,Other,first,long,overnight,2024-11-20,1,5.05,303.0,8,-0.027208666349898228,0.027208666349898228,0.9565217391304349,0.9308469308469309,1.0,1,"('רשת 13', '2024-11-20', 3)","('רשת 13', '2024-11-20', 3)",2024-11-20 01:23:00
רשת 13,Other_last_long,Other,last,long,overnight,2024-11-20,2,3.2,192.0,4,-0.039621796082552604,0.039621796082552604,1.0,0.9611528822055138,1.0,1,"('רשת 13', '2024-11-20', 6)","('רשת 13', '2024-11-20', 6)",2024-11-20 02:19:00
רשת 13,Other_middle_standard,Other,middle,standard,overnight,2024-11-20,2,2.9833333333333334,179.0,4,-0.09025448822681338,0.09025448822681338,1.0,0.913698630136986,1.0,1,"('רשת 13', '2024-11-20', 8)","('רשת 13', '2024-11-20', 8)",2024-11-20 02:42:00
רשת 13,Other_first_long,Other,first,long,overnight,2024-11-20,3,3.466666666666667,208.0,5,-0.1426430729757783,0.1426430729757783,1.0,0.8670634920634922,1.0,1,"('רשת 13', '2024-11-20', 10)","('רשת 13', '2024-11-20', 10)",2024-11-20 03:07:00
רשת 13,Other_middle_long,Other,middle,long,overnight,2024-11-20,3,3.15,189.0,4,-0.03851567208061508,0.03851567208061508,1.0,0.9622166246851387,2.0,0,"('רשת 13', '2024-11-20', 10)","('רשת 13', '2024-11-20', 10)",2024-11-20 03:30:00
רשת 13,Other_middle_standard,Other,middle,standard,overnight,2024-11-20,5,1.8,108.0,3,0.5959046330045668,-0.5959046330045668,0.6,1.088803088803089,1.0,1,"('רשת 13', '2024-11-20', 16)","('רשת 13', '2024-11-20', 16)",2024-11-20 05:17:00
רשת 13,Other_middle_long,Other,middle,long,morning,2024-11-20,8,8.833333333333334,530.0,21,-0.06100348145347255,0.06100348145347255,1.0714285714285716,1.0080213903743318,11.0,0,"('רשת 13', '2024-11-20', 22)","('רשת 13', '2024-11-20', 22)",2024-11-20 08:40:00
רשת 13,Other_last_long,Other,last,long,morning,2024-11-20,9,8.116666666666667,487.0,22,0.15323542870338513,-0.15323542870338513,0.7647058823529412,0.8913406887328652,14.0,0,"('רשת 13', '2024-11-20', 22)","('רשת 13', '2024-11-20', 22)",2024-11-20 09:11:00
רשת 13,Other_first_long,Other,first,long,morning,2024-11-20,9,8.55,513.0,17,-0.33528835350895836,0.33528835350895836,1.4166666666666667,1.0131034482758623,1.0,1,"('רשת 13', '2024-11-20', 32)","('רשת 13', '2024-11-20', 32)",2024-11-20 09:51:00
רשת 13,Other_middle_long,Other,middle,long,morning,2024-11-20,10,7.966666666666667,478.0,19,-0.10477751185178819,0.10477751185178819,1.1282051282051282,1.0159767610748005,4.0,0,"('רשת 13', '2024-11-20', 32)","('רשת 13', '2024-11-20', 32)",2024-11-20 10:25:00
רשת 13,Other_middle_long,Other,middle,long,afternoon,2024-11-20,12,6.066666666666666,364.0,18,-0.11087434009025919,0.11087434009025919,1.1142857142857143,0.9973427812223206,1.0,1,"('רשת 13', '2024-11-20', 44)","('רשת 13', '2024-11-20', 44)",2024-11-20 12:25:00
רשת 13,Other_middle_short,Other,middle,short,afternoon,2024-11-20,12,1.4,84.0,7,-0.0017389002156497774,0.0017389002156497774,0.9666666666666667,0.9649871904355252,1.0,1,"('רשת 13', '2024-11-20', 46)","('רשת 13', '2024-11-20', 46)",2024-11-20 12:48:00
רשת 13,Other_first_standard,Other,first,standard,early_evening,2024-11-20,17,1.6666666666666667,100.0,2,0.0036563112031108122,-0.0036563112031108122,0.9999999999999997,1.0036630036630036,1.0,1,"('רשת 13', '2024-11-20', 66)","('רשת 13', '2024-11-20', 66)",2024-11-20 17:53:00
רשת 13,PrimeShow2_first_long,PrimeShow2,first,long,early_evening,2024-11-20,18,8.033333333333333,482.0,34,-0.15902329961778042,0.15902329961778042,1.3404255319148934,1.1433514582303508,1.0,1,"('רשת 13', '2024-11-20', 69)","('רשת 13', '2024-11-20', 69)",2024-11-20 18:59:00
רשת 13,Other_first_standard,Other,first,standard,early_evening,2024-11-20,19,2.0166666666666666,121.0,3,-0.06513711408268327,0.06513711408268327,1.0849056603773586,1.0164904104678258,1.0,1,"('רשת 13', '2024-11-20', 72)","('רשת 13', '2024-11-20', 72)",2024-11-20 19:51:00
רשת 13,News_middle_long,News,middle,long,late_evening,2024-11-20,20,6.1,366.0,18,0.11602780122731397,-0.11602780122731397,0.8008298755186722,0.899353647276085,1.0,1,"('רשת 13', '2024-11-20', 73)","('רשת 13', '2024-11-20', 73)",2024-11-20 20:41:00
רשת 13,News_last_standard,News,last,standard,late_evening,2024-11-20,21,1.5,90.0,4,-0.01743122052803342,0.01743122052803342,1.3903508771929827,1.366325369738339,4.0,0,"('רשת 13', '2024-11-20', 73)","('רשת 13', '2024-11-20', 73)",2024-11-20 21:29:00
רשת 13,Other_middle_long,Other,middle,long,late_evening,2024-11-20,22,10.283333333333333,617.0,37,-0.08669903698720918,0.08669903698720918,0.9302325581395349,0.8529795563288386,1.0,1,"('רשת 13', '2024-11-20', 80)","('רשת 13', '2024-11-20', 80)",2024-11-20 22:10:00
רשת 13,Other_last_long,Other,last,long,late_evening,2024-11-20,22,9.6,576.0,29,-0.1942047201502717,0.1942047201502717,1.002336448598131,0.8254133425829575,2.0,0,"('רשת 13', '2024-11-20', 80)","('רשת 13', '2024-11-20', 80)",2024-11-20 22:39:00
רשת 13,Other_last_long,Other,last,long,late_evening,2024-11-20,23,4.9,294.0,19,-0.024233600667428343,0.024233600667428343,0.9215686274509804,0.899504132231405,1.0,1,"('רשת 13', '2024-11-20', 87)","('רשת 13', '2024-11-20', 87)",2024-11-20 23:52:00
רשת 13,Other_middle_long,Other,middle,long,overnight,2024-11-21,0,6.433333333333334,386.0,12,-0.001133647261414808,0.001133647261414808,0.9259259259259259,0.9248768472906405,1.0,1,"('רשת 13', '2024-11-21', 1)","('רשת 13', '2024-11-21', 1)",2024-11-21 00:44:00
רשת 13,Other_last_long,Other,last,long,overnight,2024-11-21,1,4.516666666666667,271.0,8,1.1715763365946095,-1.1715763365946095,0.2727272727272727,0.8801115241635689,1.0,1,"('רשת 13', '2024-11-21', 3)","('רשת 13', '2024-11-21', 3)",2024-11-21 01:54:00
רשת 13,Other_first_long,Other,first,long,overnight,2024-11-21,2,4.633333333333334,278.0,7,-0.05083686690269282,0.05083686690269282,1.0,0.950433705080545,1.0,1,"('רשת 13', '2024-11-21', 6)","('רשת 13', '2024-11-21', 6)",2024-11-21 02:17:00
רשת 13,Other_middle_long,Other,middle,long,overnight,2024-11-21,2,5.833333333333333,350.0,8,0.12370965432602268,-0.12370965432602268,0.7500000000000001,0.8487654320987654,1.0,1,"('רשת 13', '2024-11-21', 8)","('רשת 13', '2024-11-21', 8)",2024-11-21 02:52:00
רשת 13,Other_middle_long,Other,middle,long,overnight,2024-11-21,3,4.116666666666666,247.0,7,-0.1076901614406353,0.1076901614406353,1.0,0.8979057591623036,1.0,1,"('רשת 13', '2024-11-21', 10)","('רשת 13', '2024-11-21', 10)",2024-11-21 03:38:00
רשת 13,Other_middle_long,Other,middle,long,overnight,2024-11-21,5,5.016666666666667,301.0,7,-0.04438706068475122,0.04438706068475122,1.0714285714285716,1.02491103202847,1.0,1,"('רשת 13', '2024-11-21', 14)","('רשת 13', '2024-11-21', 14)",2024-11-21 05:18:00
רשת 13,Other_first_long,Other,first,long,overnight,2024-11-21,5,3.65,219.0,5,0.026668247082161672,-0.026668247082161672,1.2499999999999998,1.283783783783784,1.0,1,"('רשת 13', '2024-11-21', 16)","('רשת 13', '2024-11-21', 16)",2024-11-21 05:34:00
רשת 13,Other_first_standard,Other,first,standard,overnight,2024-11-21,5,2.6666666666666665,160.0,3,0.03198304585305074,-0.03198304585305074,1.0,1.0325,1.0,1,"('רשת 13', '2024-11-21', 17)","('רשת 13', '2024-11-21', 17)",2024-11-21 05:43:00
רשת 13,Other_last_long,Other,last,long,morning,2024-11-21,8,8.333333333333334,500.0,22,0.040057034907109955,-0.040057034907109955,1.0571428571428572,1.1003484320557493,7.0,0,"('רשת 13', '2024-11-21', 22)","('רשת 13', '2024-11-21', 22)",2024-11-21 08:43:00
רשת 13,Other_middle_long,Other,middle,long,morning,2024-11-21,10,6.383333333333334,383.0,17,0.06438171680945032,-0.06438171680945032,0.9736842105263159,1.0384336475707034,5.0,0,"('רשת 13', '2024-11-21', 32)","('רשת 13', '2024-11-21', 32)",2024-11-21 10:29:00
רשת 13,Other_last_long,Other,last,long,morning,2024-11-21,11,8.2,492.0,29,-0.02354781357743427,0.02354781357743427,1.0,0.9767272727272726,10.0,0,"('רשת 13', '2024-11-21', 32)","('רשת 13', '2024-11-21', 32)",2024-11-21 11:37:00
רשת 13,Other_last_long,Other,last,long,afternoon,2024-11-21,14,3.716666666666667,223.0,8,0.19865768643865533,-0.19865768643865533,0.8979591836734694,1.0952986022871665,3.0,0,"('רשת 13', '2024-11-21', 59)","('רשת 13', '2024-11-21', 59)",2024-11-21 14:49:00
רשת 13,Other_first_standard,Other,first,standard,early_evening,2024-11-21,17,1.6666666666666667,100.0,2,0.15715458373819738,-0.15715458373819738,0.8474576271186441,0.9916749916749917,1.0,1,"('רשת 13', '2024-11-21', 68)","('רשת 13', '2024-11-21', 68)",2024-11-21 17:53:00
רשת 13,PrimeShow2_first_long,PrimeShow2,first,long,early_evening,2024-11-21,19,7.05,423.0,29,-0.11480913201353429,0.11480913201353429,1.243421052631579,1.1085549964054635,1.0,1,"('רשת 13', '2024-11-21', 71)","('רשת 13', '2024-11-21', 71)",2024-11-21 19:00:00
רשת 13,Other_first_standard,Other,first,standard,early_evening,2024-11-21,19,1.8833333333333333,113.0,3,0.1194290097145977,-0.1194290097145977,0.8913043478260869,1.004369197160022,1.0,1,"('רשת 13', '2024-11-21', 74)","('רשת 13', '2024-11-21', 74)",2024-11-21 19:50:00
רשת 13,News_middle_long,News,middle,long,late_evening,2024-11-21,20,6.583333333333333,395.0,20,0.2246994079351427,-0.2246994079351427,0.887179487179487,1.11070110701107,1.0,1,"('רשת 13', '2024-11-21', 75)","('רשת 13', '2024-11-21', 75)",2024-11-21 20:50:00
רשת 13,News_last_long,News,last,long,late_evening,2024-11-21,21,6.483333333333333,389.0,17,0.33385865677717297,-0.33385865677717297,0.8050847457627118,1.1241766757070901,2.0,0,"('רשת 13', '2024-11-21', 75)","('רשת 13', '2024-11-21', 75)",2024-11-21 21:17:00
רשת 13,Other_middle_long,Other,middle,long,late_evening,2024-11-21,22,10.916666666666666,655.0,35,-0.2158578121040341,0.2158578121040341,0.8830769230769229,0.7116274288064152,1.0,1,"('רשת 13', '2024-11-21', 80)","('רשת 13', '2024-11-21', 80)",2024-11-21 22:01:00
רשת 13,Other_first_long,Other,first,long,late_evening,2024-11-21,22,6.716666666666667,403.0,22,0.4656015678450979,-0.4656015678450979,0.6470588235294118,1.0307467057101025,1.0,1,"('רשת 13', '2024-11-21', 82)","('רשת 13', '2024-11-21', 82)",2024-11-21 22:29:00
רשת 13,Other_middle_standard,Other,middle,standard,overnight,2024-11-22,0,2.85,171.0,5,0.05879228048837351,-0.05879228048837351,0.9019607843137254,0.9565789473684211,1.0,1,"('רשת 13', '2024-11-22', 1)","('רשת 13', '2024-11-22', 1)",2024-11-22 00:51:00
רשת 13,Other_middle_long,Other,middle,long,overnight,2024-11-22,1,5.3,318.0,6,0.14709635465492898,-0.14709635465492898,0.8205128205128205,0.9505358615004124,1.0,1,"('רשת 13', '2024-11-22', 2)","('רשת 13', '2024-11-22', 2)",2024-11-22 01:28:00
רשת 13,Other_last_long,Other,last,long,overnight,2024-11-22,2,4.433333333333334,266.0,5,-0.11048753690965918,0.11048753690965918,1.0,0.895397489539749,1.0,1,"('רשת 13', '2024-11-22', 4)","('רשת 13', '2024-11-22', 4)",2024-11-22 02:45:00
רשת 13,Other_middle_standard,Other,middle,standard,overnight,2024-11-22,3,1.8666666666666667,112.0,3,-0.05380270599297609,0.05380270599297609,1.0,0.9476190476190478,1.0,1,"('רשת 13', '2024-11-22', 6)","('רשת 13', '2024-11-22', 6)",2024-11-22 03:22:00
רשת 13,Other_first_long,Other,first,long,morning,2024-11-22,7,7.066666666666666,424.0,20,0.10500837361120725,-0.10500837361120725,0.9555555555555556,1.0613545816733065,1.0,1,"('רשת 13', '2024-11-22', 18)","('רשת 13', '2024-11-22', 18)",2024-11-22 07:17:00
רשת 13,Other_first_long,Other,first,long,morning,2024-11-22,7,6.433333333333334,386.0,18,0.15424850101644658,-0.15424850101644658,0.9814814814814814,1.1451737451737452,2.0,0,"('רשת 13', '2024-11-22', 18)","('רשת 13', '2024-11-22', 18)",2024-11-22 07:44:00
רשת 13,Other_middle_long,Other,middle,long,morning,2024-11-22,8,7.733333333333333,464.0,23,-0.01859623964550248,0.01859623964550248,1.0,0.9815756035578147,3.0,0,"('רשת 13', '2024-11-22', 18)","('רשת 13', '2024-11-22', 18)",2024-11-22 08:16:00
רשת 13,Other_middle_long,Other,middle,long,morning,2024-11-22,8,7.966666666666667,478.0,18,0.2930430069933398,-0.2930430069933398,0.7857142857142858,1.0532503457814661,4.0,0,"('רשת 13', '2024-11-22', 18)","('רשת 13', '2024-11-22', 18)",2024-11-22 08:42:00
רשת 13,Other_last_long,Other,last,long,morning,2024-11-22,9,8.183333333333334,491.0,19,-0.05078125855767205,0.05078125855767205,1.0535714285714288,1.0014054813773716,9.0,0,"('רשת 13', '2024-11-22', 18)","('רשת 13', '2024-11-22', 18)",2024-11-22 09:34:00
רשת 13,Other_last_long,Other,last,long,morning,2024-11-22,11,9.25,555.0,27,0.06454491236369608,-0.06454491236369608,0.9180327868852458,0.9792412312097352,7.0,0,"('רשת 13', '2024-11-22', 29)","('רשת 13', '2024-11-22', 29)",2024-11-22 11:26:00
רשת 13,Other_first_standard,Other,first,standard,afternoon,2024-11-22,12,1.5666666666666667,94.0,3,-0.1109204627857652,0.1109204627857652,1.0740740740740742,0.9613069647463455,1.0,1,"('רשת 13', '2024-11-22', 41)","('רשת 13', '2024-11-22', 41)",2024-11-22 12:50:00
רשת 13,Other_middle_standard,Other,middle,standard,afternoon,2024-11-22,13,2.9,174.0,4,-0.046350868137872266,0.046350868137872266,1.0,0.9547069271758439,1.0,1,"('רשת 13', '2024-11-22', 46)","('רשת 13', '2024-11-22', 46)",2024-11-22 13:17:00
רשת 13,Other_middle_long,Other,middle,long,afternoon,2024-11-22,13,5.25,315.0,15,0.19585951304944427,-0.19585951304944427,0.8809523809523812,1.0715517241379309,1.0,1,"('רשת 13', '2024-11-22', 48)","('רשת 13', '2024-11-22', 48)",2024-11-22 13:42:00
רשת 13,Other_middle_long,Other,middle,long,early_evening,2024-11-22,17,6.666666666666667,400.0,28,0.7009073343710281,-0.7009073343710281,0.5321100917431193,1.0725108225108224,1.0,1,"('רשת 13', '2024-11-22', 62)","('רשת 13', '2024-11-22', 62)",2024-11-22 17:34:00
רשת 13,Other_last_long,Other,last,long,early_evening,2024-11-22,19,5.05,303.0,18,0.04826161849422652,-0.04826161849422652,0.9402985074626866,0.9867917304747319,3.0,0,"('רשת 13', '2024-11-22', 64)","('רשת 13', '2024-11-22', 64)",2024-11-22 19:28:00
רשת 13,Other_middle_long,Other,middle,long,late_evening,2024-11-22,20,6.383333333333334,383.0,20,-0.18854333485180552,0.18854333485180552,1.0666666666666669,0.8833755885548714,1.0,1,"('רשת 13', '2024-11-22', 67)","('רשת 13', '2024-11-22', 67)",2024-11-22 20:40:00
רשת 13,Other_middle_long,Other,middle,long,late_evening,2024-11-22,21,5.5,330.0,13,0.00492317304917729,-0.00492317304917729,0.9324324324324325,0.9370342771982114,2.0,0,"('רשת 13', '2024-11-22', 67)","('רשת 13', '2024-11-22', 67)",2024-11-22 21:00:00
רשת 13,Other_first_long,Other,first,long,late_evening,2024-11-22,21,7.583333333333333,455.0,18,0.08832752319440698,-0.08832752319440698,0.8936170212765958,0.9761388286334055,1.0,1,"('רשת 13', '2024-11-22', 73)","('רשת 13', '2024-11-22', 73)",2024-11-22 21:57:00
רשת 13,Other_middle_long,Other,middle,long,late_evening,2024-11-22,22,6.466666666666667,388.0,20,0.047584865059333514,-0.047584865059333514,1.1515151515151516,1.2076344707923659,1.0,1,"('רשת 13', '2024-11-22', 74)","('רשת 13', '2024-11-22', 74)",2024-11-22 22:20:00
רשת 13,Other_first_long,Other,first,long,late_evening,2024-11-22,23,5.533333333333333,332.0,13,-0.026062327848939817,0.026062327848939817,0.9553571428571429,0.9307799720726112,1.0,1,"('רשת 13', '2024-11-22', 77)","('רשת 13', '2024-11-22', 77)",2024-11-22 23:11:00
רשת 13,Other_first_long,Other,first,long,overnight,2024-11-23,0,4.066666666666666,244.0,6,0.005409868539207004,-0.005409868539207004,0.9523809523809523,0.9575471698113208,1.0,1,"('רשת 13', '2024-11-23', 4)","('רשת 13', '2024-11-23', 4)",2024-11-23 00:36:00
רשת 13,Other_middle_long,Other,middle,long,overnight,2024-11-23,1,3.05,183.0,5,0.3840449531889021,-0.3840449531889021,0.6756756756756757,0.9920347574221577,2.0,0,"('רשת 13', '2024-11-23', 4)","('רשת 13', '2024-11-23', 4)",2024-11-23 01:02:00
רשת 13,Other_last_long,Other,last,long,overnight,2024-11-23,1,3.5,210.0,9,0.06889252025756479,-0.06889252025756479,0.8444444444444444,0.9046711153479505,1.0,1,"('רשת 13', '2024-11-23', 7)","('רשת 13', '2024-11-23', 7)",2024-11-23 01:56:00
רשת 13,Other_middle_long,Other,middle,long,overnight,2024-11-23,2,3.316666666666667,199.0,5,-0.15544350482956323,0.15544350482956323,1.1666666666666665,0.9987080103359174,1.0,1,"('רשת 13', '2024-11-23', 10)","('רשת 13', '2024-11-23', 10)",2024-11-23 02:25:00
רשת 13,Other_middle_long,Other,middle,long,overnight,2024-11-23,3,3.35,201.0,5,-0.03851567208061508,0.03851567208061508,1.0,0.9622166246851387,1.0,1,"('רשת 13', '2024-11-23', 13)","('רשת 13', '2024-11-23', 13)",2024-11-23 03:30:00
רשת 13,Other_middle_long,Other,middle,long,overnight,2024-11-23,4,3.35,201.0,6,0.12576938728903383,-0.12576938728903383,0.8333333333333331,0.9450171821305844,1.0,1,"('רשת 13', '2024-11-23', 15)","('רשת 13', '2024-11-23', 15)",2024-11-23 04:07:00
רשת 13,Other_middle_standard,Other,middle,standard,overnight,2024-11-23,5,2.6166666666666667,157.0,4,0.18012616623051902,-0.18012616623051902,1.0,1.1973684210526316,1.0,1,"('רשת 13', '2024-11-23', 19)","('רשת 13', '2024-11-23', 19)",2024-11-23 05:35:00
רשת 13,Other_first_long,Other,first,long,morning,2024-11-23,8,4.466666666666667,268.0,6,-0.19317388162299443,0.19317388162299443,1.1052631578947367,0.9111111111111111,1.0,1,"('רשת 13', '2024-11-23', 30)","('רשת 13', '2024-11-23', 30)",2024-11-23 08:35:00
רשת 13,Other_middle_long,Other,middle,long,morning,2024-11-23,9,4.45,267.0,6,0.12299360855274176,-0.12299360855274176,0.9090909090909091,1.0280701754385966,1.0,1,"('רשת 13', '2024-11-23', 33)","('רשת 13', '2024-11-23', 33)",2024-11-23 09:47:00
רשת 13,Other_first_long,Other,first,long,morning,2024-11-23,10,4.833333333333333,290.0,17,0.21143945901628156,-0.21143945901628156,0.8000000000000002,0.9883641341546885,1.0,1,"('רשת 13', '2024-11-23', 35)","('רשת 13', '2024-11-23', 35)",2024-11-23 10:04:00
רשת 13,Other_middle_long,Other,middle,long,morning,2024-11-23,10,4.466666666666667,268.0,6,0.03186624450150872,-0.03186624450150872,0.9756097560975611,1.0071994240460762,3.0,0,"('רשת 13', '2024-11-23', 36)","('רשת 13', '2024-11-23', 36)",2024-11-23 10:45:00
רשת 13,Other_last_long,Other,last,long,afternoon,2024-11-23,13,4.45,267.0,6,-0.4772296743374752,0.4772296743374752,1.6666666666666667,1.0341666666666667,1.0,1,"('רשת 13', '2024-11-23', 44)","('רשת 13', '2024-11-23', 44)",2024-11-23 13:45:00
רשת 13,Other_middle_short,Other,middle,short,afternoon,2024-11-23,14,1.1,66.0,2,0.25753813728614744,-0.25753813728614744,0.8461538461538461,1.094704049844237,1.0,1,"('רשת 13', '2024-11-23', 49)","('רשת 13', '2024-11-23', 49)",2024-11-23 14:52:00
רשת 13,Other_first_long,Other,first,long,afternoon,2024-11-23,15,4.45,267.0,6,-0.08152737421369335,0.08152737421369335,1.0526315789473684,0.9702183984116478,1.0,1,"('רשת 13', '2024-11-23', 52)","('רשת 13', '2024-11-23', 52)",2024-11-23 15:15:00
רשת 13,Other_first_standard,Other,first,standard,afternoon,2024-11-23,16,2.683333333333333,161.0,4,-0.3776035196398072,0.3776035196398072,1.4791666666666663,1.0139720558882235,1.0,1,"('רשת 13', '2024-11-23', 55)","('רשת 13', '2024-11-23', 55)",2024-11-23 16:32:00
רשת 13,Other_middle_long,Other,middle,long,early_evening,2024-11-23,17,7.966666666666667,478.0,23,0.19813421434883172,-0.19813421434883172,0.8833333333333333,1.0768946395563772,1.0,1,"('רשת 13', '2024-11-23', 60)","('רשת 13', '2024-11-23', 60)",2024-11-23 17:31:00
רשת 13,Other_last_long,Other,last,long,early_evening,2024-11-23,17,5.15,309.0,10,-0.32098514241054577,0.32098514241054577,1.3789473684210525,1.000335345405768,2.0,0,"('רשת 13', '2024-11-23', 60)","('רשת 13', '2024-11-23', 60)",2024-11-23 17:46:00
רשת 13,Other_first_standard,Other,first,standard,early_evening,2024-11-23,19,1.8833333333333333,113.0,3,-0.29013856328341503,0.29013856328341503,1.3057851239669418,0.9769360585036565,1.0,1,"('רשת 13', '2024-11-23', 67)","('רשת 13', '2024-11-23', 67)",2024-11-23 19:48:00
רשת 13,News_middle_long,News,middle,long,late_evening,2024-11-23,20,7.183333333333334,431.0,20,-0.10448289459192933,0.10448289459192933,0.9793103448275863,0.8821531669213789,1.0,1,"('רשת 13', '2024-11-23', 68)","('רשת 13', '2024-11-23', 68)",2024-11-23 20:33:00
רשת 13,News_last_long,News,last,long,late_evening,2024-11-23,20,7.866666666666666,472.0,21,-0.13067243893295252,0.13067243893295252,1.12,0.9828057835091832,2.0,0,"('רשת 13', '2024-11-23', 68)","('רשת 13', '2024-11-23', 68)",2024-11-23 20:57:00
רשת 13,Other_first_long,Other,first,long,late_evening,2024-11-23,22,11.016666666666667,661.0,42,0.6411133654522626,-0.6411133654522626,0.4989247311827957,0.9472552673068654,1.0,1,"('רשת 13', '2024-11-23', 78)","('רשת 13', '2024-11-23', 78)",2024-11-23 22:48:00
רשת 13,Other_middle_long,Other,middle,long,late_evening,2024-11-23,23,5.15,309.0,18,0.27409610214216773,-0.27409610214216773,0.6590909090909091,0.8669294294294296,1.0,1,"('רשת 13', '2024-11-23', 80)","('רשת 13', '2024-11-23', 80)",2024-11-23 23:10:00
רשת 13,Other_first_long,Other,first,long,late_evening,2024-11-23,23,7.666666666666667,460.0,30,-0.25430559298559025,0.25430559298559025,1.0595238095238093,0.8216128156394242,1.0,1,"('רשת 13', '2024-11-23', 82)","('רשת 13', '2024-11-23', 82)",2024-11-23 23:40:00
רשת 13,Other_first_long,Other,first,long,overnight,2024-11-24,0,3.283333333333333,197.0,6,0.1222124178859484,-0.1222124178859484,0.8333333333333334,0.9416617560400709,1.0,1,"('רשת 13', '2024-11-24', 2)","('רשת 13', '2024-11-24', 2)",2024-11-24 00:39:00
רשת 13,Other_middle_short,Other,middle,short,overnight,2024-11-24,0,1.1,66.0,2,-0.1753803378316994,0.1753803378316994,1.1052631578947367,0.9274680993955674,1.0,1,"('רשת 13', '2024-11-24', 3)","('רשת 13', '2024-11-24', 3)",2024-11-24 00:56:00
רשת 13,Other_first_standard,Other,first,standard,overnight,2024-11-24,1,2.3833333333333333,143.0,6,0.007384827862699929,-0.007384827862699929,0.9512195121951221,0.958270106221548,1.0,1,"('רשת 13', '2024-11-24', 5)","('רשת 13', '2024-11-24', 5)",2024-11-24 01:19:00
רשת 13,Other_middle_long,Other,middle,long,overnight,2024-11-24,2,3.45,207.0,5,0.4458591120376795,-0.4458591120376795,0.6,0.9370988446726575,1.0,1,"('רשת 13', '2024-11-24', 9)","('רשת 13', '2024-11-24', 9)",2024-11-24 02:33:00
רשת 13,Other_middle_long,Other,middle,long,overnight,2024-11-24,3,3.15,189.0,5,-0.07967807685819285,0.07967807685819285,1.0,0.9234135667396062,1.0,1,"('רשת 13', '2024-11-24', 11)","('רשת 13', '2024-11-24', 11)",2024-11-24 03:12:00
רשת 13,Other_last_long,Other,last,long,overnight,2024-11-24,3,3.0166666666666666,181.0,5,-0.02666824708216118,0.02666824708216118,1.0,0.9736842105263159,2.0,0,"('רשת 13', '2024-11-24', 11)","('רשת 13', '2024-11-24', 11)",2024-11-24 03:36:00
רשת 13,Other_middle_long,Other,middle,long,overnight,2024-11-24,5,3.066666666666667,184.0,5,0.1284783247731315,-0.1284783247731315,1.0,1.1370967741935485,1.0,1,"('רשת 13', '2024-11-24', 17)","('רשת 13', '2024-11-24', 17)",2024-11-24 05:16:00
רשת 13,Other_middle_long,Other,middle,long,morning,2024-11-24,8,7.716666666666667,463.0,25,-0.19509188043511216,0.19509188043511216,1.1111111111111112,0.9141767323585506,7.0,0,"('רשת 13', '2024-11-24', 23)","('רשת 13', '2024-11-24', 23)",2024-11-24 08:34:00
רשת 13,Other_last_long,Other,last,long,morning,2024-11-24,9,6.3,378.0,22,-0.04612302927392743,0.04612302927392743,0.9259259259259259,0.8841893252769387,10.0,0,"('רשת 13', '2024-11-24', 23)","('רשת 13', '2024-11-24', 23)",2024-11-24 09:12:00
רשת 13,Other_first_long,Other,first,long,morning,2024-11-24,9,5.4,324.0,15,0.29244885028943507,-0.29244885028943507,0.7499999999999998,1.004778156996587,1.0,1,"('רשת 13', '2024-11-24', 33)","('רשת 13', '2024-11-24', 33)",2024-11-24 09:55:00
רשת 13,Other_middle_long,Other,middle,long,morning,2024-11-24,10,5.066666666666666,304.0,15,0.37854349365248474,-0.37854349365248474,0.6923076923076923,1.0108774474256708,4.0,0,"('רשת 13', '2024-11-24', 33)","('רשת 13', '2024-11-24', 33)",2024-11-24 10:29:00
רשת 13,Other_middle_long,Other,middle,long,morning,2024-11-24,10,4.916666666666667,295.0,16,-0.3641192333698678,0.3641192333698678,1.4999999999999996,1.042212518195051,5.0,0,"('רשת 13', '2024-11-24', 33)","('רשת 13', '2024-11-24', 33)",2024-11-24 10:55:00
רשת 13,Other_last_long,Other,last,long,morning,2024-11-24,11,7.866666666666666,472.0,29,0.1427767170432485,-0.1427767170432485,0.8181818181818181,0.9437499999999999,8.0,0,"('רשת 13', '2024-11-24', 33)","('רשת 13', '2024-11-24', 33)",2024-11-24 11:29:00
רשת 13,Other_middle_long,Other,middle,long,afternoon,2024-11-24,12,3.9166666666666665,235.0,20,-0.10539079070664717,0.10539079070664717,1.0740740740740742,0.9666374012291484,1.0,1,"('רשת 13', '2024-11-24', 45)","('רשת 13', '2024-11-24', 45)",2024-11-24 12:32:00
רשת 13,Other_first_standard,Other,first,standard,early_evening,2024-11-24,17,1.6666666666666667,100.0,2,-0.43268492252356133,0.43268492252356133,1.5362318840579707,0.9966532797858098,1.0,1,"('רשת 13', '2024-11-24', 57)","('רשת 13', '2024-11-24', 57)",2024-11-24 17:52:00
רשת 13,PrimeShow2_first_long,PrimeShow2,first,long,early_evening,2024-11-24,18,7.716666666666667,463.0,30,-0.005077223371798639,0.005077223371798639,1.149171270718232,1.1433514582303508,1.0,1,"('רשת 13', '2024-11-24', 60)","('רשת 13', '2024-11-24', 60)",2024-11-24 18:59:00
רשת 13,Other_first_standard,Other,first,standard,early_evening,2024-11-24,19,1.8833333333333333,113.0,3,-0.0036848307149464597,0.0036848307149464597,1.0202429149797572,1.0164904104678258,1.0,1,"('רשת 13', '2024-11-24', 63)","('רשת 13', '2024-11-24', 63)",2024-11-24 19:51:00
רשת 13,News_middle_long,News,middle,long,late_evening,2024-11-24,20,8.283333333333333,497.0,27,0.06965167643864056,-0.06965167643864056,0.7961538461538461,0.8535841382816473,1.0,1,"('רשת 13', '2024-11-24', 64)","('רשת 13', '2024-11-24', 64)",2024-11-24 20:34:00
רשת 13,News_last_long,News,last,long,late_evening,2024-11-24,21,7.883333333333334,473.0,24,-0.0456386367791448,0.0456386367791448,0.9830508474576273,0.9391941391941392,2.0,0,"('רשת 13', '2024-11-24', 64)","('רשת 13', '2024-11-24', 64)",2024-11-24 21:04:00
רשת 13,Other_middle_long,Other,middle,long,late_evening,2024-11-24,22,11.616666666666667,697.0,47,0.24044017896194442,-0.24044017896194442,0.961340206185567,1.222640982691234,1.0,1,"('רשת 13', '2024-11-24', 69)","('רשת 13', '2024-11-24', 69)",2024-11-24 22:21:00
רשת 13,Other_first_long,Other,first,long,late_evening,2024-11-24,22,10.216666666666667,613.0,41,0.41781244080087043,-0.41781244080087043,0.6157894736842106,0.9351599483574808,1.0,1,"('רשת 13', '2024-11-24', 74)","('רשת 13', '2024-11-24', 74)",2024-11-24 22:50:00
רשת 13,Other_middle_long,Other,middle,long,late_evening,2024-11-24,23,9.333333333333334,560.0,39,0.38092730904880484,-0.38092730904880484,0.6066666666666667,0.8879423328964615,1.0,1,"('רשת 13', '2024-11-24', 78)","('רשת 13', '2024-11-24', 78)",2024-11-24 23:50:00
רשת 13,Other_middle_standard,Other,middle,standard,overnight,2024-11-25,1,2.3333333333333335,140.0,8,0.08266665218010485,-0.08266665218010485,0.9,0.9775617053103962,1.0,1,"('רשת 13', '2024-11-25', 2)","('רשת 13', '2024-11-25', 2)",2024-11-25 01:16:00
רשת 13,Other_middle_standard,Other,middle,standard,overnight,2024-11-25,2,2.8333333333333335,170.0,5,-0.04362886238920642,0.04362886238920642,1.0,0.9573091849935318,1.0,1,"('רשת 13', '2024-11-25', 7)","('רשת 13', '2024-11-25', 7)",2024-11-25 02:32:00
רשת 13,Other_middle_short,Other,middle,short,overnight,2024-11-25,3,1.1333333333333333,68.0,4,-0.09008043310704765,0.09008043310704765,1.0,0.9138576779026217,1.0,1,"('רשת 13', '2024-11-25', 9)","('רשת 13', '2024-11-25', 9)",2024-11-25 03:05:00
רשת 13,Other_middle_standard,Other,middle,standard,overnight,2024-11-25,3,1.8833333333333333,113.0,4,-0.014815085785140587,0.014815085785140587,1.0,0.9852941176470589,1.0,1,"('רשת 13', '2024-11-25', 11)","('רשת 13', '2024-11-25', 11)",2024-11-25 03:47:00
רשת 13,Other_last_standard,Other,last,standard,overnight,2024-11-25,5,2.1666666666666665,130.0,3,0.0069686693160934355,-0.0069686693160934355,1.0,1.006993006993007,1.0,1,"('רשת 13', '2024-11-25', 15)","('רשת 13', '2024-11-25', 15)",2024-11-25 05:21:00
רשת 13,Other_first_long,Other,first,long,overnight,2024-11-25,5,3.1,186.0,5,0.20679441331268036,-0.20679441331268036,1.0,1.2297297297297298,1.0,1,"('רשת 13', '2024-11-25', 17)","('רשת 13', '2024-11-25', 17)",2024-11-25 05:34:00
רשת 13,Other_middle_long,Other,middle,long,overnight,2024-11-25,5,3.283333333333333,197.0,5,-0.40739272344796384,0.40739272344796384,1.85,1.2309582309582308,1.0,1,"('רשת 13', '2024-11-25', 18)","('רשת 13', '2024-11-25', 18)",2024-11-25 05:48:00
רשת 13,Other_last_long,Other,last,long,morning,2024-11-25,8,7.5,450.0,21,0.04402289092554175,-0.04402289092554175,0.9166666666666665,0.9579224194608809,9.0,0,"('רשת 13', '2024-11-25', 23)","('רשת 13', '2024-11-25', 23)",2024-11-25 08:39:00
רשת 13,Other_first_long,Other,first,long,morning,2024-11-25,9,7.283333333333333,437.0,24,-0.011174696977035613,0.011174696977035613,1.0153846153846156,1.0041011619958988,1.0,1,"('רשת 13', '2024-11-25', 33)","('רשת 13', '2024-11-25', 33)",2024-11-25 09:52:00
רשת 13,Other_last_long,Other,last,long,morning,2024-11-25,11,7.983333333333333,479.0,29,0.5872946665144595,-0.5872946665144595,0.5454545454545454,0.9813352476669059,8.0,0,"('רשת 13', '2024-11-25', 33)","('רשת 13', '2024-11-25', 33)",2024-11-25 11:33:00
רשת 13,Other_middle_long,Other,middle,long,afternoon,2024-11-25,12,7.933333333333334,476.0,29,-0.1554609280259364,0.1554609280259364,1.1578947368421053,0.9911816578483246,1.0,1,"('רשת 13', '2024-11-25', 44)","('רשת 13', '2024-11-25', 44)",2024-11-25 12:22:00
רשת 13,Other_first_standard,Other,first,standard,afternoon,2024-11-25,12,2.8833333333333333,173.0,4,-0.37414642485073724,0.37414642485073724,1.3999999999999997,0.9630266552020633,1.0,1,"('רשת 13', '2024-11-25', 46)","('רשת 13', '2024-11-25', 46)",2024-11-25 12:50:00
רשת 13,Other_first_long,Other,first,long,afternoon,2024-11-25,13,6.05,363.0,22,-0.24198955477584586,0.24198955477584586,1.1764705882352942,0.9236051502145926,1.0,1,"('רשת 13', '2024-11-25', 48)","('רשת 13', '2024-11-25', 48)",2024-11-25 13:13:00
רשת 13,Other_first_long,Other,first,long,afternoon,2024-11-25,13,3.05,183.0,5,-1.0934681245410889,1.0934681245410889,3.1333333333333333,1.0498310810810807,1.0,1,"('רשת 13', '2024-11-25', 51)","('רשת 13', '2024-11-25', 51)",2024-11-25 13:44:00
רשת 13,Other_last_long,Other,last,long,afternoon,2024-11-25,14,4.1,246.0,7,0.6233071681228675,-0.6233071681228675,0.5769230769230769,1.076011157601116,4.0,0,"('רשת 13', '2024-11-25', 52)","('רשת 13', '2024-11-25', 52)",2024-11-25 14:39:00
רשת 13,Other_last_long,Other,last,long,afternoon,2024-11-25,14,3.183333333333333,191.0,6,-0.4477203380039463,0.4477203380039463,1.7499999999999998,1.1183959261616807,5.0,0,"('רשת 13', '2024-11-25', 52)","('רשת 13', '2024-11-25', 52)",2024-11-25 14:50:00
רשת 13,Other_first_standard,Other,first,standard,early_evening,2024-11-25,17,1.6666666666666667,100.0,2,-0.07251702029101242,0.07251702029101242,1.0784313725490196,1.0029950083194674,1.0,1,"('רשת 13', '2024-11-25', 62)","('רשת 13', '2024-11-25', 62)",2024-11-25 17:54:00
רשת 13,Other_first_standard,Other,first,standard,early_evening,2024-11-25,19,2.216666666666667,133.0,3,0.06791372983334974,-0.06791372983334974,0.949748743718593,1.0164904104678258,1.0,1,"('רשת 13', '2024-11-25', 68)","('רשת 13', '2024-11-25', 68)",2024-11-25 19:51:00
רשת 13,News_middle_long,News,middle,long,late_evening,2024-11-25,20,7.583333333333333,455.0,25,0.26877642862154955,-0.26877642862154955,0.7499999999999999,0.981271946937183,1.0,1,"('רשת 13', '2024-11-25', 69)","('רשת 13', '2024-11-25', 69)",2024-11-25 20:45:00
רשת 13,News_last_long,News,last,long,late_evening,2024-11-25,21,7.516666666666667,451.0,25,0.25430564809372463,-0.25430564809372463,0.8607594936708861,1.1100060888979097,2.0,0,"('רשת 13', '2024-11-25', 69)","('רשת 13', '2024-11-25', 69)",2024-11-25 21:11:00
רשת 13,Other_middle_long,Other,middle,long,late_evening,2024-11-25,22,8.65,519.0,35,-0.1814603892436558,0.1814603892436558,1.0514018691588787,0.8769230769230769,1.0,1,"('רשת 13', '2024-11-25', 76)","('רשת 13', '2024-11-25', 76)",2024-11-25 22:11:00
רשת 13,Other_last_long,Other,last,long,late_evening,2024-11-25,22,9.433333333333334,566.0,33,-0.028715979304316103,0.028715979304316103,0.9597585513078472,0.9325900959294792,2.0,0,"('רשת 13', '2024-11-25', 76)","('רשת 13', '2024-11-25', 76)",2024-11-25 22:42:00
רשת 13,Other_middle_standard,Other,middle,standard,overnight,2024-11-26,0,1.5666666666666667,94.0,4,0.03158892980106397,-0.03158892980106397,0.9130434782608696,0.9423459244532804,1.0,1,"('רשת 13', '2024-11-26', 2)","('רשת 13', '2024-11-26', 2)",2024-11-26 00:52:00
רשת 13,Other_middle_standard,Other,middle,standard,overnight,2024-11-26,1,2.8333333333333335,170.0,7,0.08965020730313689,-0.08965020730313689,0.8863636363636364,0.9694971145919209,1.0,1,"('רשת 13', '2024-11-26', 4)","('רשת 13', '2024-11-26', 4)",2024-11-26 01:28:00
רשת 13,Other_middle_standard,Other,middle,standard,overnight,2024-11-26,2,2.25,135.0,5,0.4326793702925519,-0.4326793702925519,0.6,0.9248291571753985,1.0,1,"('רשת 13', '2024-11-26', 7)","('רשת 13', '2024-11-26', 7)",2024-11-26 02:10:00
רשת 13,Other_middle_standard,Other,middle,standard,overnight,2024-11-26,2,1.7,102.0,4,0.0870972249529396,-0.0870972249529396,0.888888888888889,0.9697802197802199,1.0,1,"('רשת 13', '2024-11-26', 9)","('רשת 13', '2024-11-26', 9)",2024-11-26 02:41:00
רשת 13,Other_middle_long,Other,middle,long,overnight,2024-11-26,3,3.0166666666666666,181.0,5,-0.05205636195605303,0.05205636195605303,1.0,0.9492753623188407,1.0,1,"('רשת 13', '2024-11-26', 11)","('רשת 13', '2024-11-26', 11)",2024-11-26 03:24:00
רשת 13,Other_middle_standard,Other,middle,standard,overnight,2024-11-26,5,1.6,96.0,4,-0.024434025337282023,0.024434025337282023,1.0,0.9758620689655173,1.0,1,"('רשת 13', '2024-11-26', 16)","('רשת 13', '2024-11-26', 16)",2024-11-26 05:19:00
רשת 13,Other_middle_standard,Other,middle,standard,overnight,2024-11-26,5,2.033333333333333,122.0,3,0.06864193272216364,-0.06864193272216364,1.0,1.0710526315789475,1.0,1,"('רשת 13', '2024-11-26', 18)","('רשת 13', '2024-11-26', 18)",2024-11-26 05:42:00
רשת 13,Other_last_long,Other,last,long,morning,2024-11-26,9,7.1,426.0,24,-0.3516828964314867,0.3516828964314867,1.4318181818181817,1.0072886297376094,13.0,0,"('רשת 13', '2024-11-26', 23)","('רשת 13', '2024-11-26', 23)",2024-11-26 09:16:00
רשת 13,Other_first_long,Other,first,long,morning,2024-11-26,9,6.933333333333334,416.0,22,0.19940152747451884,-0.19940152747451884,0.8225806451612903,1.0041011619958988,1.0,1,"('רשת 13', '2024-11-26', 33)","('רשת 13', '2024-11-26', 33)",2024-11-26 09:52:00
רשת 13,Other_middle_long,Other,middle,long,morning,2024-11-26,10,8.85,531.0,30,0.1278866507161404,-0.1278866507161404,0.8947368421052633,1.016800584368152,4.0,0,"('רשת 13', '2024-11-26', 33)","('רשת 13', '2024-11-26', 33)",2024-11-26 10:33:00
רשת 13,Other_last_long,Other,last,long,morning,2024-11-26,11,7.966666666666667,478.0,32,0.043109180136001714,-0.043109180136001714,0.9285714285714288,0.9694767441860466,7.0,0,"('רשת 13', '2024-11-26', 33)","('רשת 13', '2024-11-26', 33)",2024-11-26 11:36:00
רשת 13,Other_middle_long,Other,middle,long,afternoon,2024-11-26,13,5.1,306.0,6,0.04194454520412062,-0.04194454520412062,0.9622641509433962,1.003484320557491,1.0,1,"('רשת 13', '2024-11-26', 46)","('רשת 13', '2024-11-26', 46)",2024-11-26 13:02:00
רשת 13,Other_first_long,Other,first,long,afternoon,2024-11-26,13,3.7,222.0,8,0.04714094317950172,-0.04714094317950172,0.9672131147540984,1.0139002452984462,1.0,1,"('רשת 13', '2024-11-26', 49)","('רשת 13', '2024-11-26', 49)",2024-11-26 13:47:00
רשת 13,Other_middle_long,Other,middle,long,afternoon,2024-11-26,14,3.0166666666666666,181.0,4,-0.1339220557801894,0.1339220557801894,1.3275862068965518,1.161184210526316,2.0,0,"('רשת 13', '2024-11-26', 49)","('רשת 13', '2024-11-26', 49)",2024-11-26 14:02:00
רשת 13,Other_last_long,Other,last,long,afternoon,2024-11-26,14,3.4166666666666665,205.0,7,0.3522627955477712,-0.3522627955477712,0.7872340425531915,1.1196690006365373,6.0,0,"('רשת 13', '2024-11-26', 49)","('רשת 13', '2024-11-26', 49)",2024-11-26 14:50:00
רשת 13,Other_first_standard,Other,first,standard,early_evening,2024-11-26,17,1.6666666666666667,100.0,2,-0.08507180440557414,0.08507180440557414,1.0927835051546395,1.0036630036630036,1.0,1,"('רשת 13', '2024-11-26', 60)","('רשת 13', '2024-11-26', 60)",2024-11-26 17:53:00
רשת 13,Other_first_standard,Other,first,standard,early_evening,2024-11-26,19,1.8833333333333333,113.0,3,0.04222546215401781,-0.04222546215401781,0.9479999999999998,0.9888868972934217,1.0,1,"('רשת 13', '2024-11-26', 66)","('רשת 13', '2024-11-26', 66)",2024-11-26 19:51:00
רשת 13,News_middle_long,News,middle,long,late_evening,2024-11-26,20,8.1,486.0,27,0.17610572672126684,-0.17610572672126684,0.7510373443983404,0.8956602031394274,1.0,1,"('רשת 13', '2024-11-26', 67)","('רשת 13', '2024-11-26', 67)",2024-11-26 20:41:00
רשת 13,News_middle_long,News,middle,long,late_evening,2024-11-26,21,7.8,468.0,26,0.014651664291833705,-0.014651664291833705,0.9201680672268908,0.9337493118003305,2.0,0,"('רשת 13', '2024-11-26', 67)","('רשת 13', '2024-11-26', 67)",2024-11-26 21:03:00
רשת 13,Other_last_short,Other,last,short,late_evening,2024-11-26,22,1.4666666666666666,88.0,13,-0.02215378032964564,0.02215378032964564,0.9939759036144576,0.972197705207414,1.0,1,"('רשת 13', '2024-11-26', 74)","('רשת 13', '2024-11-26', 74)",2024-11-26 22:58:00
רשת 13,Other_first_long,Other,first,long,late_evening,2024-11-26,23,9.383333333333333,563.0,33,0.47883825225440585,-0.47883825225440585,0.551948051948052,0.8909534534534537,1.0,1,"('רשת 13', '2024-11-26', 78)","('רשת 13', '2024-11-26', 78)",2024-11-26 23:10:00
רשת 13,Other_middle_long,Other,middle,long,overnight,2024-11-27,0,5.616666666666666,337.0,10,0.06213888078290604,-0.06213888078290604,0.8478260869565218,0.9021803182086036,1.0,1,"('רשת 13', '2024-11-27', 1)","('רשת 13', '2024-11-27', 1)",2024-11-27 00:39:00
רשת 13,Other_middle_long,Other,middle,long,overnight,2024-11-27,1,6.9,414.0,12,-0.09212859996729965,0.09212859996729965,1.0,0.9119878603945372,1.0,1,"('רשת 13', '2024-11-27', 3)","('רשת 13', '2024-11-27', 3)",2024-11-27 01:20:00
רשת 13,Other_last_long,Other,last,long,overnight,2024-11-27,1,5.866666666666666,352.0,8,-0.045331347463500093,0.045331347463500093,0.9166666666666667,0.8760407030527292,1.0,1,"('רשת 13', '2024-11-27', 5)","('רשת 13', '2024-11-27', 5)",2024-11-27 01:52:00
רשת 13,Other_middle_short,Other,middle,short,overnight,2024-11-27,2,0.95,57.0,2,-0.03623584845404486,0.03623584845404486,1.0,0.9644128113879004,1.0,1,"('רשת 13', '2024-11-27', 9)","('רשת 13', '2024-11-27', 9)",2024-11-27 02:59:00
רשת 13,Other_middle_short,Other,middle,short,overnight,2024-11-27,5,1.2833333333333334,77.0,2,-1.120170009743089,1.120170009743089,3.0000000000000004,0.9786729857819905,1.0,1,"('רשת 13', '2024-11-27', 19)","('רשת 13', '2024-11-27', 19)",2024-11-27 05:44:00
רשת 13,Other_middle_long,Other,middle,long,afternoon,2024-11-27,12,4.35,261.0,19,0.6646739147188553,-0.6646739147188553,0.5294117647058824,1.029100529100529,1.0,1,"('רשת 13', '2024-11-27', 46)","('רשת 13', '2024-11-27', 46)",2024-11-27 12:22:00
רשת 13,Other_middle_short,Other,middle,short,afternoon,2024-11-27,12,1.3666666666666667,82.0,7,0.001403933997959659,-0.001403933997959659,0.9687500000000001,0.9701110162254485,1.0,1,"('רשת 13', '2024-11-27', 48)","('רשת 13', '2024-11-27', 48)",2024-11-27 12:47:00
רשת 13,Other_first_long,Other,first,long,afternoon,2024-11-27,13,3.8,228.0,8,-0.29636046680343126,0.29636046680343126,1.5,1.1152790484903936,1.0,1,"('רשת 13', '2024-11-27', 56)","('רשת 13', '2024-11-27', 56)",2024-11-27 13:38:00
רשת 13,Other_middle_long,Other,middle,long,afternoon,2024-11-27,14,5.75,345.0,20,-0.09283322336415634,0.09283322336415634,1.0731707317073174,0.978029294274301,1.0,1,"('רשת 13', '2024-11-27', 61)","('רשת 13', '2024-11-27', 61)",2024-11-27 14:25:00
רשת 13,Other_last_standard,Other,last,standard,afternoon,2024-11-27,14,1.8333333333333333,110.0,6,0.08098063770760731,-0.08098063770760731,0.9512195121951221,1.0314547837483616,2.0,0,"('רשת 13', '2024-11-27', 61)","('רשת 13', '2024-11-27', 61)",2024-11-27 14:44:00
רשת 13,Other_first_standard,Other,first,standard,early_evening,2024-11-27,17,1.6666666666666667,100.0,2,0.24070738158462535,-0.24070738158462535,0.7795275590551182,0.9916749916749917,1.0,1,"('רשת 13', '2024-11-27', 70)","('רשת 13', '2024-11-27', 70)",2024-11-27 17:53:00
רשת 13,Other_first_standard,Other,first,standard,early_evening,2024-11-27,19,1.8833333333333333,113.0,3,-0.0699044241159072,0.0699044241159072,1.09009009009009,1.0164904104678258,1.0,1,"('רשת 13', '2024-11-27', 76)","('רשת 13', '2024-11-27', 76)",2024-11-27 19:51:00
רשת 13,News_middle_long,News,middle,long,late_evening,2024-11-27,20,8.266666666666667,496.0,28,0.2380136893003688,-0.2380136893003688,0.7631578947368421,0.9682386910490857,1.0,1,"('רשת 13', '2024-11-27', 77)","('רשת 13', '2024-11-27', 77)",2024-11-27 20:44:00
רשת 13,News_last_long,News,last,long,late_evening,2024-11-27,21,7.883333333333334,473.0,31,0.01677420924170078,-0.01677420924170078,1.0219780219780221,1.0392654815393632,2.0,0,"('רשת 13', '2024-11-27', 77)","('רשת 13', '2024-11-27', 77)",2024-11-27 21:08:00
רשת 13,Other_middle_long,Other,middle,long,late_evening,2024-11-27,22,9.766666666666667,586.0,35,-0.15193092308894546,0.15193092308894546,0.9132791327913281,0.7845502645502647,1.0,1,"('רשת 13', '2024-11-27', 82)","('רשת 13', '2024-11-27', 82)",2024-11-27 22:09:00
רשת 13,Other_last_long,Other,last,long,late_evening,2024-11-27,22,10.133333333333333,608.0,37,-0.08159811739102912,0.08159811739102912,0.8770491803278686,0.80832560296846,2.0,0,"('רשת 13', '2024-11-27', 82)","('רשת 13', '2024-11-27', 82)",2024-11-27 22:36:00
רשת 13,Other_middle_long,Other,middle,long,overnight,2024-11-28,0,3.1333333333333333,188.0,7,-0.04322687497656985,0.04322687497656985,1.0270270270270272,0.9835777126099706,1.0,1,"('רשת 13', '2024-11-28', 1)","('רשת 13', '2024-11-28', 1)",2024-11-28 00:33:00
רשת 13,Other_last_long,Other,last,long,overnight,2024-11-28,1,4.366666666666666,262.0,8,-0.1651217169121119,0.1651217169121119,1.1190476190476188,0.9487179487179489,3.0,0,"('רשת 13', '2024-11-28', 3)","('רשת 13', '2024-11-28', 3)",2024-11-28 01:36:00
רשת 13,Other_first_long,Other,first,long,overnight,2024-11-28,2,5.7,342.0,8,-0.13450368244346184,0.13450368244346184,1.1052631578947367,0.9661654135338344,1.0,1,"('רשת 13', '2024-11-28', 7)","('רשת 13', '2024-11-28', 7)",2024-11-28 02:19:00
רשת 13,Other_middle_long,Other,middle,long,overnight,2024-11-28,3,5.183333333333334,311.0,6,-0.14531009181713547,0.14531009181713547,1.0,0.8647540983606556,1.0,1,"('רשת 13', '2024-11-28', 9)","('רשת 13', '2024-11-28', 9)",2024-11-28 03:10:00
רשת 13,Other_middle_long,Other,middle,long,overnight,2024-11-28,3,3.25,195.0,5,0.15502138079650202,-0.15502138079650202,0.8000000000000002,0.9341463414634146,2.0,0,"('רשת 13', '2024-11-28', 9)","('רשת 13', '2024-11-28', 9)",2024-11-28 03:26:00
רשת 13,Other_middle_long,Other,middle,long,overnight,2024-11-28,5,5.2,312.0,6,0.16126814759612232,-0.16126814759612232,1.0,1.175,1.0,1,"('רשת 13', '2024-11-28', 15)","('רשת 13', '2024-11-28', 15)",2024-11-28 05:14:00
רשת 13,Other_middle_standard,Other,middle,standard,overnight,2024-11-28,5,2.816666666666667,169.0,5,-0.4186557362941138,0.4186557362941138,1.8,1.1842751842751842,1.0,1,"('רשת 13', '2024-11-28', 17)","('רשת 13', '2024-11-28', 17)",2024-11-28 05:48:00
רשת 13,Other_middle_long,Other,middle,long,morning,2024-11-28,10,4.283333333333333,257.0,11,-0.12346762051597407,0.12346762051597407,1.1470588235294117,1.0138282387190682,7.0,0,"('רשת 13', '2024-11-28', 32)","('רשת 13', '2024-11-28', 32)",2024-11-28 10:55:00
רשת 13,Other_last_long,Other,last,long,morning,2024-11-28,11,6.75,405.0,18,0.014631245358113085,-0.014631245358113085,0.9729729729729729,0.9873134328358208,12.0,0,"('רשת 13', '2024-11-28', 32)","('רשת 13', '2024-11-28', 32)",2024-11-28 11:42:00
רשת 13,Other_first_long,Other,first,long,afternoon,2024-11-28,12,3.566666666666667,214.0,10,0.02367192801824667,-0.02367192801824667,0.9705882352941174,0.993838028169014,1.0,1,"('רשת 13', '2024-11-28', 47)","('רשת 13', '2024-11-28', 47)",2024-11-28 12:52:00
רשת 13,Other_first_standard,Other,first,standard,afternoon,2024-11-28,13,1.8166666666666667,109.0,8,-0.1831707582690329,0.1831707582690329,1.2857142857142856,1.070519098922625,1.0,1,"('רשת 13', '2024-11-28', 54)","('רשת 13', '2024-11-28', 54)",2024-11-28 13:32:00
רשת 13,Other_last_long,Other,last,long,afternoon,2024-11-28,14,5.316666666666666,319.0,8,0.6549226213237866,-0.6549226213237866,0.5804195804195805,1.1173039533376539,3.0,0,"('רשת 13', '2024-11-28', 59)","('רשת 13', '2024-11-28', 59)",2024-11-28 14:47:00
רשת 13,Other_first_standard,Other,first,standard,early_evening,2024-11-28,17,1.6666666666666667,100.0,2,-0.3038240676332118,0.3038240676332118,1.34375,0.9916749916749917,1.0,1,"('רשת 13', '2024-11-28', 68)","('רשת 13', '2024-11-28', 68)",2024-11-28 17:53:00
רשת 13,Other_first_standard,Other,first,standard,early_evening,2024-11-28,19,2.8666666666666667,172.0,4,0.12411078003719628,-0.12411078003719628,0.902439024390244,1.0216884746370316,1.0,1,"('רשת 13', '2024-11-28', 74)","('רשת 13', '2024-11-28', 74)",2024-11-28 19:51:00
רשת 13,News_middle_long,News,middle,long,late_evening,2024-11-28,20,8.15,489.0,26,0.3784007923950285,-0.3784007923950285,0.6965811965811967,1.016972298088178,1.0,1,"('רשת 13', '2024-11-28', 75)","('רשת 13', '2024-11-28', 75)",2024-11-28 20:45:00
רשת 13,News_last_long,News,last,long,late_evening,2024-11-28,21,7.933333333333334,476.0,27,0.15749335098303655,-0.15749335098303655,0.9534883720930232,1.1161277201545658,2.0,0,"('רשת 13', '2024-11-28', 75)","('רשת 13', '2024-11-28', 75)",2024-11-28 21:12:00
רשת 13,Other_first_long,Other,first,long,overnight,2024-11-29,0,3.65,219.0,7,-0.15561906199807646,0.15561906199807646,1.145833333333333,0.9807017543859649,1.0,1,"('רשת 13', '2024-11-29', 1)","('רשת 13', '2024-11-29', 1)",2024-11-29 00:32:00
רשת 13,Other_first_long,Other,first,long,overnight,2024-11-29,1,3.816666666666667,229.0,9,-0.026881386136824458,0.026881386136824458,1.0,0.9734767025089607,1.0,1,"('רשת 13', '2024-11-29', 2)","('רשת 13', '2024-11-29', 2)",2024-11-29 01:06:00
רשת 13,Other_middle_standard,Other,middle,standard,overnight,2024-11-29,1,2.2333333333333334,134.0,5,0.20337136284912616,-0.20337136284912616,0.7777777777777776,0.9531880548829701,2.0,0,"('רשת 13', '2024-11-29', 2)","('רשת 13', '2024-11-29', 2)",2024-11-29 01:27:00
רשת 13,Other_first_long,Other,first,long,overnight,2024-11-29,2,5.016666666666667,301.0,7,0.15199782646615728,-0.15199782646615728,0.75,0.8731182795698925,1.0,1,"('רשת 13', '2024-11-29', 6)","('רשת 13', '2024-11-29', 6)",2024-11-29 02:07:00
רשת 13,Other_middle_long,Other,middle,long,overnight,2024-11-29,2,4.366666666666666,262.0,8,-0.13306311820716185,0.13306311820716185,1.0,0.875409836065574,1.0,1,"('רשת 13', '2024-11-29', 8)","('רשת 13', '2024-11-29', 8)",2024-11-29 02:56:00
רשת 13,Other_first_long,Other,first,long,overnight,2024-11-29,3,3.05,183.0,6,-0.05686286189454333,0.05686286189454333,1.0,0.9447236180904521,1.0,1,"('רשת 13', '2024-11-29', 10)","('רשת 13', '2024-11-29', 10)",2024-11-29 03:28:00
רשת 13,Other_middle_long,Other,middle,long,overnight,2024-11-29,3,3.3333333333333335,200.0,5,-0.02359991534087349,0.02359991534087349,1.0,0.9766763848396501,2.0,0,"('רשת 13', '2024-11-29', 10)","('רשת 13', '2024-11-29', 10)",2024-11-29 03:46:00
רשת 13,Other_middle_long,Other,middle,long,overnight,2024-11-29,5,3.3833333333333333,203.0,6,-0.0,0.0,1.0,1.0,1.0,1,"('רשת 13', '2024-11-29', 15)","('רשת 13', '2024-11-29', 15)",2024-11-29 05:20:00
רשת 13,Other_middle_long,Other,middle,long,morning,2024-11-29,8,6.0,360.0,20,0.13843612751702838,-0.13843612751702838,0.8690476190476193,0.998080614203455,5.0,0,"('רשת 13', '2024-11-29', 22)","('רשת 13', '2024-11-29', 22)",2024-11-29 08:20:00
רשת 13,Other_middle_long,Other,middle,long,morning,2024-11-29,8,5.9,354.0,17,0.028727401529147135,-0.028727401529147135,1.0547945205479454,1.0855354659248957,6.0,0,"('רשת 13', '2024-11-29', 22)","('רשת 13', '2024-11-29', 22)",2024-11-29 08:45:00
רשת 13,Other_last_long,Other,last,long,morning,2024-11-29,9,5.9,354.0,14,0.11279027458451796,-0.11279027458451796,0.9069767441860466,1.0152671755725189,11.0,0,"('רשת 13', '2024-11-29', 22)","('רשת 13', '2024-11-29', 22)",2024-11-29 09:42:00
רשת 13,Other_first_long,Other,first,long,morning,2024-11-29,10,5.2,312.0,16,-0.08869204677771557,0.08869204677771557,1.0857142857142856,0.9935668334524662,3.0,0,"('רשת 13', '2024-11-29', 33)","('רשת 13', '2024-11-29', 33)",2024-11-29 10:37:00
רשת 13,Other_middle_long,Other,middle,long,morning,2024-11-29,10,4.633333333333334,278.0,14,0.16574970829613636,-0.16574970829613636,0.8589743589743591,1.0138282387190682,4.0,0,"('רשת 13', '2024-11-29', 33)","('רשת 13', '2024-11-29', 33)",2024-11-29 10:55:00
רשת 13,Other_middle_long,Other,middle,long,late_evening,2024-11-29,22,5.916666666666667,355.0,19,0.16829601229422922,-0.16829601229422922,1.0000000000000002,1.1832868262593628,1.0,1,"('רשת 13', '2024-11-29', 74)","('רשת 13', '2024-11-29', 74)",2024-11-29 22:17:00
רשת 13,Other_middle_long,Other,middle,long,late_evening,2024-11-29,23,5.483333333333333,329.0,16,-0.1760894600507105,0.1760894600507105,0.8333333333333333,0.6987858032378582,1.0,1,"('רשת 13', '2024-11-29', 77)","('רשת 13', '2024-11-29', 77)",2024-11-29 23:06:00
רשת 13,Other_first_long,Other,first,long,late_evening,2024-11-29,23,4.783333333333333,287.0,17,-0.030100670262381862,0.030100670262381862,0.9223300970873786,0.8949810206663856,1.0,1,"('רשת 13', '2024-11-29', 79)","('רשת 13', '2024-11-29', 79)",2024-11-29 23:24:00
רשת 13,Other_last_long,Other,last,long,overnight,2024-11-30,0,7.0,420.0,18,0.17273849470928304,-0.17273849470928304,0.7540983606557377,0.8962875662934592,1.0,1,"('רשת 13', '2024-11-30', 2)","('רשת 13', '2024-11-30', 2)",2024-11-30 00:39:00
רשת 13,Other_middle_long,Other,middle,long,overnight,2024-11-30,1,3.15,189.0,9,-0.14261455530932804,0.14261455530932804,1.0833333333333333,0.9393455706304867,1.0,1,"('רשת 13', '2024-11-30', 4)","('רשת 13', '2024-11-30', 4)",2024-11-30 01:26:00
רשת 13,Other_middle_long,Other,middle,long,overnight,2024-11-30,2,3.533333333333333,212.0,5,-0.029606065418404923,0.029606065418404923,1.0434782608695654,1.013037809647979,1.0,1,"('רשת 13', '2024-11-30', 7)","('רשת 13', '2024-11-30', 7)",2024-11-30 02:26:00
רשת 13,Other_last_long,Other,last,long,overnight,2024-11-30,2,3.1333333333333333,188.0,5,0.10635087874490631,-0.10635087874490631,0.782608695652174,0.8704268292682928,2.0,0,"('רשת 13', '2024-11-30', 7)","('רשת 13', '2024-11-30', 7)",2024-11-30 02:51:00
רשת 13,Other_middle_standard,Other,middle,standard,overnight,2024-11-30,5,2.8666666666666667,172.0,4,0.0034904049397687887,-0.0034904049397687887,1.0,1.0034965034965038,1.0,1,"('רשת 13', '2024-11-30', 16)","('רשת 13', '2024-11-30', 16)",2024-11-30 05:25:00
רשת 13,Other_middle_standard,Other,middle,standard,morning,2024-11-30,6,2.4166666666666665,145.0,6,0.03444048998029177,-0.03444048998029177,1.0,1.0350404312668464,1.0,1,"('רשת 13', '2024-11-30', 18)","('רשת 13', '2024-11-30', 18)",2024-11-30 06:12:00
רשת 13,Other_middle_standard,Other,middle,standard,morning,2024-11-30,6,2.2666666666666666,136.0,4,0.25732430076344054,-0.25732430076344054,0.8666666666666667,1.1210025929127052,1.0,1,"('רשת 13', '2024-11-30', 20)","('רשת 13', '2024-11-30', 20)",2024-11-30 06:42:00
רשת 13,Other_last_standard,Other,last,standard,morning,2024-11-30,7,2.4166666666666665,145.0,6,-0.0463590446576126,0.0463590446576126,1.0,0.9546991210277213,2.0,0,"('רשת 13', '2024-11-30', 20)","('רשת 13', '2024-11-30', 20)",2024-11-30 07:06:00
רשת 13,Other_middle_standard,Other,middle,standard,morning,2024-11-30,7,2.2666666666666666,136.0,4,0.32525285622556965,-0.32525285622556965,0.7777777777777777,1.076740506329114,1.0,1,"('רשת 13', '2024-11-30', 23)","('רשת 13', '2024-11-30', 23)",2024-11-30 07:26:00
רשת 13,Other_middle_standard,Other,middle,standard,morning,2024-11-30,7,2.216666666666667,133.0,5,-0.40229754131651674,0.40229754131651674,1.5,1.0031725888324874,1.0,1,"('רשת 13', '2024-11-30', 25)","('רשת 13', '2024-11-30', 25)",2024-11-30 07:59:00
רשת 13,Other_middle_long,Other,middle,long,morning,2024-11-30,9,4.783333333333333,287.0,11,0.4219042738741423,-0.4219042738741423,0.5925925925925926,0.9036222509702457,1.0,1,"('רשת 13', '2024-11-30', 29)","('רשת 13', '2024-11-30', 29)",2024-11-30 09:06:00
רשת 13,Other_first_long,Other,first,long,afternoon,2024-11-30,13,3.95,237.0,6,0.9738362175207553,-0.9738362175207553,0.37500000000000006,0.9930313588850173,1.0,1,"('רשת 13', '2024-11-30', 38)","('רשת 13', '2024-11-30', 38)",2024-11-30 13:02:00
רשת 13,Other_first_long,Other,first,long,afternoon,2024-11-30,13,5.066666666666666,304.0,7,-0.3363573006978639,0.3363573006978639,1.5000000000000002,1.0715517241379309,1.0,1,"('רשת 13', '2024-11-30', 41)","('רשת 13', '2024-11-30', 41)",2024-11-30 13:42:00
רשת 13,Other_middle_long,Other,middle,long,early_evening,2024-11-30,17,9.766666666666667,586.0,29,-0.31757419555855604,0.31757419555855604,1.45,1.055473372781065,1.0,1,"('רשת 13', '2024-11-30', 51)","('רשת 13', '2024-11-30', 51)",2024-11-30 17:28:00
רשת 13,Other_last_long,Other,last,long,early_evening,2024-11-30,17,5.233333333333333,314.0,9,0.8646264251189075,-0.8646264251189075,0.4257425742574257,1.0107635385132863,2.0,0,"('רשת 13', '2024-11-30', 51)","('רשת 13', '2024-11-30', 51)",2024-11-30 17:45:00
רשת 13,Other_first_long,Other,first,long,early_evening,2024-11-30,19,6.016666666666667,361.0,25,0.00589924818248877,-0.00589924818248877,1.152542372881356,1.1593616007622678,1.0,1,"('רשת 13', '2024-11-30', 57)","('רשת 13', '2024-11-30', 57)",2024-11-30 19:03:00
רשת 13,Other_first_standard,Other,first,standard,early_evening,2024-11-30,19,2.033333333333333,122.0,3,-0.18698500384953037,0.18698500384953037,1.2254901960784315,1.0164904104678258,1.0,1,"('רשת 13', '2024-11-30', 60)","('רשת 13', '2024-11-30', 60)",2024-11-30 19:51:00
רשת 13,News_middle_long,News,middle,long,late_evening,2024-11-30,20,6.033333333333333,362.0,15,0.034058141000189966,-0.034058141000189966,0.9299363057324842,0.9621537261022239,1.0,1,"('רשת 13', '2024-11-30', 61)","('רשת 13', '2024-11-30', 61)",2024-11-30 20:45:00
רשת 13,News_last_long,News,last,long,late_evening,2024-11-30,21,7.016666666666667,421.0,15,0.12035666563855704,-0.12035666563855704,0.878453038674033,0.9908063589350699,2.0,0,"('רשת 13', '2024-11-30', 61)","('רשת 13', '2024-11-30', 61)",2024-11-30 21:07:00
רשת 13,Other_middle_long,Other,middle,long,late_evening,2024-11-30,22,10.35,621.0,36,-0.08572377721708019,0.08572377721708019,0.8805970149253731,0.8082539682539683,1.0,1,"('רשת 13', '2024-11-30', 66)","('רשת 13', '2024-11-30', 66)",2024-11-30 22:09:00
רשת 13,Other_first_long,Other,first,long,late_evening,2024-11-30,22,8.216666666666667,493.0,34,0.5953092077680108,-0.5953092077680108,0.5153664302600472,0.9346642468239565,1.0,1,"('רשת 13', '2024-11-30', 72)","('רשת 13', '2024-11-30', 72)",2024-11-30 22:42:00
רשת 13,Other_first_long,Other,first,long,late_evening,2024-11-30,23,6.5,390.0,20,-0.07099981538388819,0.07099981538388819,0.8727272727272727,0.8129123468426014,1.0,1,"('רשת 13', '2024-11-30', 76)","('רשת 13', '2024-11-30', 76)",2024-11-30 23:33:00
