prog_key,n_breaks,total_seconds,channel,program_type,hour,day,daypart,total_minutes_rounded,n_meas,total_shed,mean_len,n_keyed,fully_measured
"('כאן 11', '2024-11-01', 7)",1,108.0,כאן 11,Other,2,2024-11-01,overnight,2,1.0,-0.09879230279336282,1.8,1,True
"('כאן 11', '2024-11-01', 9)",1,83.0,כאן 11,Other,3,2024-11-01,overnight,1,1.0,0.21518289337390906,1.3833333333333333,1,True
"('כאן 11', '2024-11-01', 11)",1,139.0,כאן 11,Other,3,2024-11-01,overnight,2,1.0,0.0689928714869516,2.316666666666667,1,True
"('כאן 11', '2024-11-01', 13)",1,83.0,כאן 11,Other,3,2024-11-01,overnight,1,1.0,-0.2982340026692794,1.3833333333333333,1,True
"('כאן 11', '2024-11-01', 30)",2,270.0,כאן 11,PrimeShow2,12,2024-11-01,afternoon,4,2.0,-0.08504723636264724,2.25,2,True
"('כאן 11', '2024-11-01', 35)",1,121.0,כאן 11,Other,13,2024-11-01,afternoon,2,1.0,-0.013793322132335873,2.0166666666666666,1,True
"('כאן 11', '2024-11-01', 43)",1,39.0,כאן 11,PrimeShow2,14,2024-11-01,afternoon,1,1.0,0.21019591105738442,0.65,1,True
"('כאן 11', '2024-11-01', 45)",1,80.0,כאן 11,Other,14,2024-11-01,afternoon,1,1.0,-0.19942685377496913,1.3333333333333333,1,True
"('כאן 11', '2024-11-01', 47)",2,212.0,כאן 11,Other,15,2024-11-01,afternoon,4,2.0,-0.0970926536833794,1.7666666666666666,2,True
"('כאן 11', '2024-11-01', 51)",1,150.0,כאן 11,Other,16,2024-11-01,afternoon,2,1.0,-0.21270688256708775,2.5,1,True
"('כאן 11', '2024-11-01', 53)",1,69.0,כאן 11,Other,16,2024-11-01,afternoon,1,1.0,0.15657112665570966,1.15,1,True
"('כאן 11', '2024-11-01', 55)",2,295.0,כאן 11,Other,17,2024-11-01,early_evening,5,2.0,-0.11304513908122213,2.458333333333333,2,True
"('כאן 11', '2024-11-01', 58)",3,372.0,כאן 11,Other,18,2024-11-01,early_evening,6,3.0,0.32486369667374737,2.066666666666667,3,True
"('כאן 11', '2024-11-01', 62)",2,73.0,כאן 11,News,21,2024-11-01,late_evening,1,2.0,-0.14138856832275573,0.6083333333333334,2,True
"('כאן 11', '2024-11-01', 64)",2,336.0,כאן 11,PrimeShow2,22,2024-11-01,late_evening,6,2.0,-0.17160774713514707,2.8,2,True
"('כאן 11', '2024-11-01', 67)",1,140.0,כאן 11,Other,23,2024-11-01,late_evening,2,1.0,-0.03639209535213911,2.3333333333333335,1,True
"('כאן 11', '2024-11-01', 70)",1,152.0,כאן 11,PrimeShow1,23,2024-11-01,late_evening,3,1.0,0.054411172432601955,2.533333333333333,1,True
"('כאן 11', '2024-11-02', 0)",1,148.0,כאן 11,Other,0,2024-11-02,overnight,2,1.0,-0.1313893823691039,2.466666666666667,1,True
"('כאן 11', '2024-11-02', 2)",2,188.0,כאן 11,Other,1,2024-11-02,overnight,3,2.0,0.26402256990624445,1.5666666666666667,2,True
"('כאן 11', '2024-11-02', 7)",1,70.0,כאן 11,Other,2,2024-11-02,overnight,1,1.0,0.29425930273977685,1.1666666666666667,1,True
"('כאן 11', '2024-11-02', 13)",2,112.0,כאן 11,Other,3,2024-11-02,overnight,2,2.0,-0.1385689373925631,0.9333333333333333,2,True
"('כאן 11', '2024-11-02', 16)",1,58.0,כאן 11,Other,4,2024-11-02,overnight,1,1.0,-0.027524673390089804,0.9666666666666667,1,True
"('כאן 11', '2024-11-02', 19)",2,131.0,כאן 11,Other,5,2024-11-02,overnight,2,2.0,1.4731325929268522,1.0916666666666668,2,True
"('כאן 11', '2024-11-02', 22)",1,61.0,כאן 11,Other,5,2024-11-02,overnight,1,1.0,0.1409363406311005,1.0166666666666666,1,True
"('כאן 11', '2024-11-02', 28)",1,103.0,כאן 11,PrimeShow1,7,2024-11-02,morning,2,1.0,0.016755913728439077,1.7166666666666666,1,True
"('כאן 11', '2024-11-02', 30)",1,70.0,כאן 11,Other,7,2024-11-02,morning,1,1.0,0.12890806263965016,1.1666666666666667,1,True
"('כאן 11', '2024-11-02', 38)",1,62.0,כאן 11,Other,8,2024-11-02,morning,1,1.0,-0.28351663947271755,1.0333333333333334,1,True
"('כאן 11', '2024-11-02', 41)",1,132.0,כאן 11,PrimeShow2,9,2024-11-02,morning,2,1.0,0.008507850134217114,2.2,1,True
"('כאן 11', '2024-11-02', 43)",1,53.0,כאן 11,Other,9,2024-11-02,morning,1,1.0,0.13324099041542528,0.8833333333333333,1,True
"('כאן 11', '2024-11-02', 45)",1,94.0,כאן 11,Other,9,2024-11-02,morning,2,1.0,-0.052930293995811964,1.5666666666666667,1,True
"('כאן 11', '2024-11-02', 48)",2,270.0,כאן 11,PrimeShow1,12,2024-11-02,afternoon,4,2.0,0.008565402906591878,2.25,2,True
"('כאן 11', '2024-11-02', 53)",1,103.0,כאן 11,Other,13,2024-11-02,afternoon,2,1.0,-0.11684426878564828,1.7166666666666666,1,True
"('כאן 11', '2024-11-02', 57)",1,130.0,כאן 11,Other,14,2024-11-02,afternoon,2,1.0,0.06899287148695146,2.1666666666666665,1,True
"('כאן 11', '2024-11-02', 59)",2,252.0,כאן 11,Other,14,2024-11-02,afternoon,4,2.0,0.026237214953558456,2.1,2,True
"('כאן 11', '2024-11-02', 64)",1,114.0,כאן 11,Other,15,2024-11-02,afternoon,2,1.0,-0.04765142828576678,1.9,1,True
"('כאן 11', '2024-11-02', 66)",3,354.0,כאן 11,News,16,2024-11-02,afternoon,6,3.0,-0.5758459238547677,1.9666666666666668,3,True
"('כאן 11', '2024-11-02', 70)",1,146.0,כאן 11,News,18,2024-11-02,early_evening,2,1.0,0.17462070672084543,2.433333333333333,1,True
"('כאן 11', '2024-11-02', 75)",2,352.0,כאן 11,PrimeShow2,21,2024-11-02,late_evening,6,2.0,0.10147261710557609,2.9333333333333336,2,True
"('כאן 11', '2024-11-02', 78)",2,321.0,כאן 11,Other,22,2024-11-02,late_evening,5,2.0,0.1919869497233099,2.675,2,True
"('כאן 11', '2024-11-02', 81)",1,36.0,כאן 11,Other,23,2024-11-02,late_evening,1,1.0,0.316032139891537,0.6,1,True
"('כאן 11', '2024-11-03', 0)",1,148.0,כאן 11,Other,0,2024-11-03,overnight,2,1.0,-0.46127070443594387,2.466666666666667,1,True
"('כאן 11', '2024-11-03', 3)",2,174.0,כאן 11,PrimeShow2,1,2024-11-03,overnight,3,2.0,-0.09291567702298156,1.4500000000000002,2,True
"('כאן 11', '2024-11-03', 7)",1,88.0,כאן 11,Other,2,2024-11-03,overnight,1,1.0,0.6430703037632959,1.4666666666666666,1,True
"('כאן 11', '2024-11-03', 9)",1,165.0,כאן 11,Other,2,2024-11-03,overnight,3,1.0,-0.05989814158106908,2.75,1,True
"('כאן 11', '2024-11-03', 11)",2,234.0,כאן 11,Other,3,2024-11-03,overnight,4,2.0,-0.571960217800565,1.95,2,True
"('כאן 11', '2024-11-03', 14)",2,254.0,כאן 11,Other,4,2024-11-03,overnight,4,2.0,0.09815488263556515,2.1166666666666667,2,True
"('כאן 11', '2024-11-03', 19)",2,132.0,כאן 11,Other,5,2024-11-03,overnight,2,2.0,0.4264636151978863,1.1,2,True
"('כאן 11', '2024-11-03', 22)",3,307.0,כאן 11,Other,6,2024-11-03,morning,5,3.0,0.04245084656466808,1.7055555555555557,3,True
"('כאן 11', '2024-11-03', 27)",1,26.0,כאן 11,News,8,2024-11-03,morning,0,1.0,-0.0981920261792137,0.43333333333333335,1,True
"('כאן 11', '2024-11-03', 30)",1,56.0,כאן 11,News,9,2024-11-03,morning,1,1.0,0.1622173158625519,0.9333333333333333,1,True
"('כאן 11', '2024-11-03', 33)",1,84.0,כאן 11,News,10,2024-11-03,morning,1,1.0,0.3682559612421993,1.4,1,True
"('כאן 11', '2024-11-03', 39)",2,261.0,כאן 11,PrimeShow1,12,2024-11-03,afternoon,4,2.0,-0.30112773321533204,2.175,2,True
"('כאן 11', '2024-11-03', 42)",2,280.0,כאן 11,Other,13,2024-11-03,afternoon,5,2.0,0.07510810677295306,2.3333333333333335,2,True
"('כאן 11', '2024-11-03', 45)",1,154.0,כאן 11,News,14,2024-11-03,afternoon,3,1.0,-0.21924491089855203,2.566666666666667,1,True
"('כאן 11', '2024-11-03', 49)",1,125.0,כאן 11,Other,14,2024-11-03,afternoon,2,1.0,-0.009939341902558,2.0833333333333335,1,True
"('כאן 11', '2024-11-03', 51)",2,241.0,כאן 11,News,15,2024-11-03,afternoon,4,2.0,-0.43835962172958043,2.0083333333333333,2,True
"('כאן 11', '2024-11-03', 54)",2,249.0,כאן 11,Other,16,2024-11-03,afternoon,4,2.0,-0.10010494417161775,2.075,2,True
"('כאן 11', '2024-11-03', 58)",4,489.0,כאן 11,News,17,2024-11-03,early_evening,8,4.0,0.8322227181264834,2.0375,4,True
"('כאן 11', '2024-11-03', 68)",2,374.0,כאן 11,Other,21,2024-11-03,late_evening,6,2.0,0.05045080833201136,3.1166666666666663,2,True
"('כאן 11', '2024-11-03', 71)",1,215.0,כאן 11,Other,22,2024-11-03,late_evening,4,1.0,0.493834778066544,3.5833333333333335,1,True
"('כאן 11', '2024-11-03', 73)",1,136.0,כאן 11,Other,23,2024-11-03,late_evening,2,1.0,0.27319347278820294,2.2666666666666666,1,True
"('כאן 11', '2024-11-03', 75)",1,134.0,כאן 11,News,23,2024-11-03,late_evening,2,1.0,0.40684391525308,2.2333333333333334,1,True
"('כאן 11', '2024-11-03', 77)",1,18.0,כאן 11,PrimeShow2,23,2024-11-03,late_evening,0,1.0,0.5445245117349642,0.3,1,True
"('כאן 11', '2024-11-04', 0)",1,158.0,כאן 11,Other,0,2024-11-04,overnight,3,1.0,-0.25013309323507477,2.6333333333333333,1,True
"('כאן 11', '2024-11-04', 1)",1,146.0,כאן 11,News,0,2024-11-04,overnight,2,1.0,-0.07192256108243002,2.433333333333333,1,True
"('כאן 11', '2024-11-04', 3)",2,237.0,כאן 11,PrimeShow2,1,2024-11-04,overnight,4,2.0,-0.12112760469483771,1.975,2,True
"('כאן 11', '2024-11-04', 7)",1,118.0,כאן 11,Other,2,2024-11-04,overnight,2,1.0,-0.16633467865593113,1.9666666666666666,1,True
"('כאן 11', '2024-11-04', 9)",1,71.0,כאן 11,Other,3,2024-11-04,overnight,1,1.0,-0.0842037008354312,1.1833333333333333,1,True
"('כאן 11', '2024-11-04', 13)",1,88.0,כאן 11,Other,3,2024-11-04,overnight,1,1.0,-1.4647659765613859,1.4666666666666666,1,True
"('כאן 11', '2024-11-04', 17)",1,140.0,כאן 11,Other,4,2024-11-04,overnight,2,1.0,0.2687821213212968,2.3333333333333335,1,True
"('כאן 11', '2024-11-04', 20)",2,221.0,כאן 11,Other,5,2024-11-04,overnight,4,2.0,-0.038650284133993074,1.8416666666666668,2,True
"('כאן 11', '2024-11-04', 24)",2,239.0,כאן 11,Other,6,2024-11-04,morning,4,2.0,0.21891355782762062,1.9916666666666667,2,True
"('כאן 11', '2024-11-04', 27)",1,64.0,כאן 11,News,7,2024-11-04,morning,1,1.0,0.7261870346381456,1.0666666666666667,1,True
"('כאן 11', '2024-11-04', 30)",1,75.0,כאן 11,News,8,2024-11-04,morning,1,1.0,0.14656500155553315,1.25,1,True
"('כאן 11', '2024-11-04', 33)",1,67.0,כאן 11,News,9,2024-11-04,morning,1,1.0,0.10612784921150854,1.1166666666666667,1,True
"('כאן 11', '2024-11-04', 36)",1,59.0,כאן 11,News,10,2024-11-04,morning,1,1.0,0.08539317522636744,0.9833333333333333,1,True
"('כאן 11', '2024-11-04', 39)",1,64.0,כאן 11,News,11,2024-11-04,morning,1,1.0,-0.07522342123758763,1.0666666666666667,1,True
"('כאן 11', '2024-11-04', 42)",2,260.0,כאן 11,PrimeShow1,12,2024-11-04,afternoon,4,2.0,0.2273969414504758,2.166666666666667,2,True
"('כאן 11', '2024-11-04', 47)",2,258.0,כאן 11,Other,13,2024-11-04,afternoon,4,2.0,-0.14215258400002553,2.15,2,True
"('כאן 11', '2024-11-04', 52)",1,152.0,כאן 11,News,14,2024-11-04,afternoon,3,1.0,0.009618635778721317,2.533333333333333,1,True
"('כאן 11', '2024-11-04', 54)",1,106.0,כאן 11,PrimeShow2,14,2024-11-04,afternoon,2,1.0,0.19485507074345515,1.7666666666666666,1,True
"('כאן 11', '2024-11-04', 56)",2,235.0,כאן 11,News,15,2024-11-04,afternoon,4,2.0,0.4657201342526958,1.9583333333333335,2,True
"('כאן 11', '2024-11-04', 59)",2,259.0,כאן 11,Other,16,2024-11-04,afternoon,4,2.0,-0.33263732827139636,2.158333333333333,2,True
"('כאן 11', '2024-11-04', 63)",4,542.0,כאן 11,News,17,2024-11-04,early_evening,9,4.0,0.021361165047316832,2.2583333333333333,4,True
"('כאן 11', '2024-11-04', 72)",2,479.0,כאן 11,PrimeShow2,21,2024-11-04,late_evening,8,2.0,-0.10847488271171767,3.9916666666666667,2,True
"('כאן 11', '2024-11-04', 75)",1,206.0,כאן 11,Other,22,2024-11-04,late_evening,3,1.0,-0.1857315350334775,3.433333333333333,1,True
"('כאן 11', '2024-11-04', 78)",1,129.0,כאן 11,News,23,2024-11-04,late_evening,2,1.0,0.12273822364157688,2.15,1,True
"('כאן 11', '2024-11-04', 80)",1,150.0,כאן 11,PrimeShow2,23,2024-11-04,late_evening,2,1.0,0.19813682801150806,2.5,1,True
"('כאן 11', '2024-11-05', 0)",4,490.0,כאן 11,Other,0,2024-11-05,overnight,8,4.0,1.1823168097041226,2.041666666666667,4,True
"('כאן 11', '2024-11-05', 5)",2,244.0,כאן 11,Other,2,2024-11-05,overnight,4,2.0,-0.29904918294904026,2.033333333333333,2,True
"('כאן 11', '2024-11-05', 11)",1,64.0,כאן 11,Other,3,2024-11-05,overnight,1,1.0,0.09030607308849807,1.0666666666666667,1,True
"('כאן 11', '2024-11-05', 27)",2,124.0,כאן 11,News,8,2024-11-05,morning,2,2.0,0.17625290192203208,1.0333333333333332,2,True
"('כאן 11', '2024-11-05', 30)",2,109.0,כאן 11,News,10,2024-11-05,morning,2,2.0,0.4687934799362325,0.9083333333333332,2,True
"('כאן 11', '2024-11-05', 33)",2,287.0,כאן 11,Other,12,2024-11-05,afternoon,5,2.0,-0.007794244610984685,2.3916666666666666,2,True
"('כאן 11', '2024-11-05', 36)",2,287.0,כאן 11,Other,13,2024-11-05,afternoon,5,2.0,1.2498112115621594,2.3916666666666666,2,True
"('כאן 11', '2024-11-05', 39)",1,158.0,כאן 11,Other,13,2024-11-05,afternoon,3,1.0,-0.6944903641064131,2.6333333333333333,1,True
"('כאן 11', '2024-11-05', 43)",2,254.0,כאן 11,Other,14,2024-11-05,afternoon,4,2.0,1.0499943222819357,2.1166666666666667,2,True
"('כאן 11', '2024-11-05', 46)",2,281.0,כאן 11,News,15,2024-11-05,afternoon,5,2.0,0.49432149955437626,2.341666666666667,2,True
"('כאן 11', '2024-11-05', 49)",2,234.0,כאן 11,Other,16,2024-11-05,afternoon,4,2.0,-0.1289233945729707,1.95,2,True
"('כאן 11', '2024-11-05', 53)",2,289.0,כאן 11,News,17,2024-11-05,early_evening,5,2.0,-0.13188965875159514,2.408333333333333,2,True
"('כאן 11', '2024-11-05', 57)",2,328.0,כאן 11,News,18,2024-11-05,early_evening,5,2.0,0.012671645495868406,2.7333333333333334,2,True
"('כאן 11', '2024-11-05', 61)",2,362.0,כאן 11,News,22,2024-11-05,late_evening,6,2.0,0.06230754904372937,3.0166666666666666,2,True
"('כאן 11', '2024-11-06', 0)",1,46.0,כאן 11,Other,0,2024-11-06,overnight,1,1.0,0.11887840771287653,0.7666666666666667,1,True
"('כאן 11', '2024-11-06', 1)",1,119.0,כאן 11,News,0,2024-11-06,overnight,2,1.0,0.013560083614472945,1.9833333333333334,1,True
"('כאן 11', '2024-11-06', 3)",2,217.0,כאן 11,PrimeShow2,1,2024-11-06,overnight,4,2.0,0.5702798281363151,1.8083333333333331,2,True
"('כאן 11', '2024-11-06', 7)",2,237.0,כאן 11,Other,2,2024-11-06,overnight,4,2.0,0.014808229872429874,1.975,2,True
"('כאן 11', '2024-11-06', 10)",3,339.0,כאן 11,Other,7,2024-11-06,morning,6,3.0,0.5728028928949654,1.8833333333333335,3,True
"('כאן 11', '2024-11-06', 14)",1,59.0,כאן 11,News,10,2024-11-06,morning,1,1.0,0.04826487842733361,0.9833333333333333,1,True
"('כאן 11', '2024-11-06', 17)",1,60.0,כאן 11,News,11,2024-11-06,morning,1,1.0,0.044640780622620474,1.0,1,True
"('כאן 11', '2024-11-06', 21)",2,284.0,כאן 11,PrimeShow2,12,2024-11-06,afternoon,5,2.0,0.6940697727563111,2.3666666666666667,2,True
"('כאן 11', '2024-11-06', 26)",2,288.0,כאן 11,Other,13,2024-11-06,afternoon,5,2.0,0.613626837011042,2.4,2,True
"('כאן 11', '2024-11-06', 31)",1,144.0,כאן 11,Other,14,2024-11-06,afternoon,2,1.0,-0.3433926794657869,2.4,1,True
"('כאן 11', '2024-11-06', 33)",2,261.0,כאן 11,News,15,2024-11-06,afternoon,4,2.0,0.2608838792970566,2.175,2,True
"('כאן 11', '2024-11-06', 36)",2,214.0,כאן 11,Other,16,2024-11-06,afternoon,4,2.0,-0.32578375177088026,1.7833333333333332,2,True
"('כאן 11', '2024-11-06', 39)",2,245.0,כאן 11,News,17,2024-11-06,early_evening,4,2.0,0.22203853532639223,2.0416666666666665,2,True
"('כאן 11', '2024-11-06', 42)",2,269.0,כאן 11,News,18,2024-11-06,early_evening,4,2.0,0.39105646845137365,2.2416666666666667,2,True
"('כאן 11', '2024-11-06', 47)",3,226.0,כאן 11,News,21,2024-11-06,late_evening,4,3.0,0.5282140085870001,1.2555555555555555,3,True
"('כאן 11', '2024-11-06', 51)",2,443.0,כאן 11,Other,22,2024-11-06,late_evening,7,2.0,0.5832465657056469,3.6916666666666664,2,True
"('כאן 11', '2024-11-06', 55)",2,261.0,כאן 11,News,23,2024-11-06,late_evening,4,2.0,0.7806153025714153,2.175,2,True
"('כאן 11', '2024-11-07', 0)",1,120.0,כאן 11,News,0,2024-11-07,overnight,2,1.0,0.6107352045586029,2.0,1,True
"('כאן 11', '2024-11-07', 2)",1,52.0,כאן 11,PrimeShow2,0,2024-11-07,overnight,1,1.0,0.8749209422155777,0.8666666666666667,1,True
"('כאן 11', '2024-11-07', 11)",2,255.0,כאן 11,Other,3,2024-11-07,overnight,4,2.0,-1.1884844779687154,2.125,2,True
"('כאן 11', '2024-11-07', 22)",2,240.0,כאן 11,Other,6,2024-11-07,morning,4,2.0,-0.842124282549487,2.0,2,True
"('כאן 11', '2024-11-07', 25)",1,40.0,כאן 11,News,7,2024-11-07,morning,1,1.0,0.6357151314740699,0.6666666666666666,1,True
"('כאן 11', '2024-11-07', 28)",1,65.0,כאן 11,News,8,2024-11-07,morning,1,1.0,0.04076325564391278,1.0833333333333333,1,True
"('כאן 11', '2024-11-07', 31)",1,27.0,כאן 11,News,9,2024-11-07,morning,0,1.0,0.14799435948263542,0.45,1,True
"('כאן 11', '2024-11-07', 34)",1,40.0,כאן 11,News,10,2024-11-07,morning,1,1.0,0.04617246207308588,0.6666666666666666,1,True
"('כאן 11', '2024-11-07', 37)",1,36.0,כאן 11,News,11,2024-11-07,morning,1,1.0,0.1538465898142719,0.6,1,True
"('כאן 11', '2024-11-07', 40)",2,299.0,כאן 11,Other,12,2024-11-07,afternoon,5,2.0,0.2012752653624174,2.4916666666666667,2,True
"('כאן 11', '2024-11-07', 45)",2,256.0,כאן 11,Other,13,2024-11-07,afternoon,4,2.0,0.41486172048144654,2.1333333333333333,2,True
"('כאן 11', '2024-11-07', 56)",2,245.0,כאן 11,News,15,2024-11-07,afternoon,4,2.0,0.11864767852753026,2.041666666666667,2,True
"('כאן 11', '2024-11-07', 59)",2,201.0,כאן 11,Other,16,2024-11-07,afternoon,3,2.0,-0.8058490294487357,1.675,2,True
"('כאן 11', '2024-11-07', 63)",4,507.0,כאן 11,News,17,2024-11-07,early_evening,8,4.0,0.5396530026845415,2.1125,4,True
"('כאן 11', '2024-11-07', 70)",2,91.0,כאן 11,News,21,2024-11-07,late_evening,2,2.0,-0.17498348104263037,0.7583333333333333,2,True
"('כאן 11', '2024-11-07', 73)",1,207.0,כאן 11,Other,21,2024-11-07,late_evening,3,1.0,0.03527820727998443,3.45,1,True
"('כאן 11', '2024-11-07', 75)",1,218.0,כאן 11,Other,22,2024-11-07,late_evening,4,1.0,-0.07699675605961286,3.6333333333333333,1,True
"('כאן 11', '2024-11-07', 77)",1,136.0,כאן 11,Other,22,2024-11-07,late_evening,2,1.0,0.4441331842638281,2.2666666666666666,1,True
"('כאן 11', '2024-11-07', 79)",1,117.0,כאן 11,News,23,2024-11-07,late_evening,2,1.0,0.1553752189702707,1.95,1,True
"('כאן 11', '2024-11-07', 81)",1,24.0,כאן 11,PrimeShow2,23,2024-11-07,late_evening,0,1.0,0.11399060821715493,0.4,1,True
"('כאן 11', '2024-11-07', 82)",1,124.0,כאן 11,Other,23,2024-11-07,late_evening,2,1.0,0.08948628544387899,2.066666666666667,1,True
"('כאן 11', '2024-11-08', 0)",1,155.0,כאן 11,Other,0,2024-11-08,overnight,3,1.0,-0.24351707703985337,2.5833333333333335,1,True
"('כאן 11', '2024-11-08', 1)",1,131.0,כאן 11,Other,0,2024-11-08,overnight,2,1.0,0.3470624963759796,2.183333333333333,1,True
"('כאן 11', '2024-11-08', 3)",2,330.0,כאן 11,Other,1,2024-11-08,overnight,6,2.0,-0.43863423900783616,2.75,2,True
"('כאן 11', '2024-11-08', 6)",1,104.0,כאן 11,Other,1,2024-11-08,overnight,2,1.0,0.4328539407712977,1.7333333333333334,1,True
"('כאן 11', '2024-11-08', 8)",1,88.0,כאן 11,Other,2,2024-11-08,overnight,1,1.0,0.13705145452226067,1.4666666666666666,1,True
"('כאן 11', '2024-11-08', 10)",1,98.0,כאן 11,Other,2,2024-11-08,overnight,2,1.0,-0.19145220365982948,1.6333333333333333,1,True
"('כאן 11', '2024-11-08', 12)",1,113.0,כאן 11,Other,3,2024-11-08,overnight,2,1.0,0.19065493835309882,1.8833333333333333,1,True
"('כאן 11', '2024-11-08', 24)",2,245.0,כאן 11,Other,12,2024-11-08,afternoon,4,2.0,1.620178111191436,2.041666666666667,2,True
"('כאן 11', '2024-11-08', 29)",6,717.0,כאן 11,Other,14,2024-11-08,afternoon,12,6.0,0.7111633024173453,1.9916666666666665,6,True
"('כאן 11', '2024-11-08', 36)",2,310.0,כאן 11,Other,17,2024-11-08,early_evening,5,2.0,0.21635870167399363,2.583333333333333,2,True
"('כאן 11', '2024-11-08', 39)",3,385.0,כאן 11,Other,18,2024-11-08,early_evening,6,3.0,0.5874864824497464,2.138888888888889,3,True
"('כאן 11', '2024-11-08', 45)",2,327.0,כאן 11,PrimeShow2,22,2024-11-08,late_evening,5,2.0,-0.317979642355776,2.7249999999999996,2,True
"('כאן 11', '2024-11-08', 48)",1,142.0,כאן 11,Other,23,2024-11-08,late_evening,2,1.0,0.2640933573845306,2.3666666666666667,1,True
"('כאן 11', '2024-11-08', 51)",1,12.0,כאן 11,PrimeShow1,23,2024-11-08,late_evening,0,1.0,0.07507205979212014,0.2,1,True
"('כאן 11', '2024-11-09', 0)",1,153.0,כאן 11,Other,0,2024-11-09,overnight,3,1.0,-0.15117073492867333,2.55,1,True
"('כאן 11', '2024-11-09', 1)",1,101.0,כאן 11,Other,0,2024-11-09,overnight,2,1.0,0.24688865112891611,1.6833333333333333,1,True
"('כאן 11', '2024-11-09', 2)",2,220.0,כאן 11,Other,1,2024-11-09,overnight,4,2.0,-0.20367153734978202,1.8333333333333335,2,True
"('כאן 11', '2024-11-09', 5)",1,109.0,כאן 11,Other,1,2024-11-09,overnight,2,1.0,-0.06050994949247429,1.8166666666666667,1,True
"('כאן 11', '2024-11-09', 7)",1,120.0,כאן 11,Other,2,2024-11-09,overnight,2,1.0,0.03581403347530595,2.0,1,True
"('כאן 11', '2024-11-09', 9)",2,177.0,כאן 11,Other,2,2024-11-09,overnight,3,2.0,0.1713617871666178,1.475,2,True
"('כאן 11', '2024-11-09', 12)",2,287.0,כאן 11,Other,3,2024-11-09,overnight,5,2.0,-0.16626056014678064,2.3916666666666666,2,True
"('כאן 11', '2024-11-09', 15)",2,165.0,כאן 11,Other,4,2024-11-09,overnight,3,2.0,0.4333369920279222,1.375,2,True
"('כאן 11', '2024-11-09', 21)",1,128.0,כאן 11,Other,5,2024-11-09,overnight,2,1.0,-0.032039353744616306,2.1333333333333333,1,True
"('כאן 11', '2024-11-09', 24)",2,271.0,כאן 11,Other,7,2024-11-09,morning,5,2.0,0.22564825569532174,2.2583333333333333,2,True
"('כאן 11', '2024-11-09', 27)",2,265.0,כאן 11,Other,7,2024-11-09,morning,4,2.0,0.06539361927752291,2.2083333333333335,2,True
"('כאן 11', '2024-11-09', 30)",2,320.0,כאן 11,Other,9,2024-11-09,morning,5,2.0,-0.8265445432407175,2.666666666666667,2,True
"('כאן 11', '2024-11-09', 39)",2,300.0,כאן 11,PrimeShow1,12,2024-11-09,afternoon,5,2.0,0.13328141684013817,2.5,2,True
"('כאן 11', '2024-11-09', 43)",2,274.0,כאן 11,Other,13,2024-11-09,afternoon,5,2.0,0.10733288389130069,2.283333333333333,2,True
"('כאן 11', '2024-11-09', 53)",1,132.0,כאן 11,Other,14,2024-11-09,afternoon,2,1.0,-0.3820592796044973,2.2,1,True
"('כאן 11', '2024-11-09', 57)",1,142.0,כאן 11,PrimeShow1,15,2024-11-09,afternoon,2,1.0,0.3533164841099889,2.3666666666666667,1,True
"('כאן 11', '2024-11-09', 59)",1,209.0,כאן 11,Other,15,2024-11-09,afternoon,3,1.0,-0.23367908412594218,3.4833333333333334,1,True
"('כאן 11', '2024-11-09', 61)",4,532.0,כאן 11,Other,16,2024-11-09,afternoon,9,4.0,0.581186495156506,2.216666666666667,4,True
"('כאן 11', '2024-11-09', 66)",1,122.0,כאן 11,News,18,2024-11-09,early_evening,2,1.0,0.13745169172797148,2.033333333333333,1,True
"('כאן 11', '2024-11-09', 71)",1,164.0,כאן 11,PrimeShow2,21,2024-11-09,late_evening,3,1.0,0.039140319179309546,2.7333333333333334,1,True
"('כאן 11', '2024-11-09', 73)",2,293.0,כאן 11,Other,22,2024-11-09,late_evening,5,2.0,0.19901207388157288,2.4416666666666664,2,True
"('כאן 11', '2024-11-09', 77)",1,63.0,כאן 11,PrimeShow1,23,2024-11-09,late_evening,1,1.0,0.24924218333334439,1.05,1,True
"('כאן 11', '2024-11-09', 78)",1,131.0,כאן 11,PrimeShow2,23,2024-11-09,late_evening,2,1.0,-0.04408372343924272,2.183333333333333,1,True
"('כאן 11', '2024-11-10', 0)",1,144.0,כאן 11,Other,0,2024-11-10,overnight,2,1.0,-0.5431734576315098,2.4,1,True
"('כאן 11', '2024-11-10', 3)",2,181.0,כאן 11,Other,1,2024-11-10,overnight,3,2.0,1.7814643652910902,1.5083333333333333,2,True
"('כאן 11', '2024-11-10', 8)",1,101.0,כאן 11,Other,2,2024-11-10,overnight,2,1.0,1.3921366367441186,1.6833333333333333,1,True
"('כאן 11', '2024-11-10', 10)",2,259.0,כאן 11,Other,3,2024-11-10,overnight,4,2.0,0.06491954609931572,2.158333333333333,2,True
"('כאן 11', '2024-11-10', 21)",2,235.0,כאן 11,Other,6,2024-11-10,morning,4,2.0,-0.710009822503509,1.9583333333333335,2,True
"('כאן 11', '2024-11-10', 27)",2,250.0,כאן 11,PrimeShow1,12,2024-11-10,afternoon,4,2.0,0.10350885859933902,2.083333333333333,2,True
"('כאן 11', '2024-11-10', 32)",2,180.0,כאן 11,Other,13,2024-11-10,afternoon,3,2.0,0.7184799980377399,1.5,2,True
"('כאן 11', '2024-11-10', 36)",1,182.0,כאן 11,PrimeShow1,14,2024-11-10,afternoon,3,1.0,0.09302224092288858,3.033333333333333,1,True
"('כאן 11', '2024-11-10', 42)",1,163.0,כאן 11,PrimeShow2,15,2024-11-10,afternoon,3,1.0,-0.17333803842478115,2.716666666666667,1,True
"('כאן 11', '2024-11-10', 44)",1,183.0,כאן 11,Other,15,2024-11-10,afternoon,3,1.0,-0.018495540835209934,3.05,1,True
"('כאן 11', '2024-11-10', 46)",2,215.0,כאן 11,Other,16,2024-11-10,afternoon,4,2.0,0.5843075760412901,1.7916666666666665,2,True
"('כאן 11', '2024-11-10', 50)",2,241.0,כאן 11,News,17,2024-11-10,early_evening,4,2.0,0.48006689671394615,2.0083333333333333,2,True
"('כאן 11', '2024-11-10', 53)",2,254.0,כאן 11,News,18,2024-11-10,early_evening,4,2.0,0.13523923055143827,2.1166666666666667,2,True
"('כאן 11', '2024-11-10', 58)",2,105.0,כאן 11,News,21,2024-11-10,late_evening,2,2.0,0.10313204850170868,0.875,2,True
"('כאן 11', '2024-11-10', 61)",1,106.0,כאן 11,Other,22,2024-11-10,late_evening,2,1.0,0.22682749059306456,1.7666666666666666,1,True
"('כאן 11', '2024-11-10', 63)",1,115.0,כאן 11,Other,22,2024-11-10,late_evening,2,1.0,0.5295877193666144,1.9166666666666667,1,True
"('כאן 11', '2024-11-10', 65)",1,79.0,כאן 11,Other,22,2024-11-10,late_evening,1,1.0,0.3502162327224392,1.3166666666666667,1,True
"('כאן 11', '2024-11-10', 66)",1,94.0,כאן 11,News,23,2024-11-10,late_evening,2,1.0,0.2465338668700781,1.5666666666666667,1,True
"('כאן 11', '2024-11-10', 68)",1,24.0,כאן 11,PrimeShow2,23,2024-11-10,late_evening,0,1.0,0.28498364251484853,0.4,1,True
"('כאן 11', '2024-11-10', 69)",1,178.0,כאן 11,Other,23,2024-11-10,late_evening,3,1.0,0.23261033075549994,2.966666666666667,1,True
"('כאן 11', '2024-11-11', 0)",1,96.0,כאן 11,Other,0,2024-11-11,overnight,2,1.0,0.2835291411135582,1.6,1,True
"('כאן 11', '2024-11-11', 2)",2,217.0,כאן 11,Other,1,2024-11-11,overnight,4,2.0,0.20723899586851383,1.8083333333333333,2,True
"('כאן 11', '2024-11-11', 6)",1,53.0,כאן 11,Other,1,2024-11-11,overnight,1,1.0,-0.29268391802425425,0.8833333333333333,1,True
"('כאן 11', '2024-11-11', 8)",2,221.0,כאן 11,Other,2,2024-11-11,overnight,4,2.0,-0.7155556319246831,1.8416666666666668,2,True
"('כאן 11', '2024-11-11', 13)",1,72.0,כאן 11,Other,3,2024-11-11,overnight,1,1.0,-0.10686314554236113,1.2,1,True
"('כאן 11', '2024-11-11', 18)",1,110.0,כאן 11,Other,4,2024-11-11,overnight,2,1.0,-0.1120391944771314,1.8333333333333333,1,True
"('כאן 11', '2024-11-11', 21)",2,228.0,כאן 11,Other,5,2024-11-11,overnight,4,2.0,-0.7366715112619445,1.9,2,True
"('כאן 11', '2024-11-11', 26)",2,229.0,כאן 11,Other,6,2024-11-11,morning,4,2.0,-0.04243286367396537,1.9083333333333332,2,True
"('כאן 11', '2024-11-11', 36)",1,148.0,כאן 11,Other,13,2024-11-11,afternoon,2,1.0,0.4617387440902725,2.466666666666667,1,True
"('כאן 11', '2024-11-11', 40)",1,123.0,כאן 11,Other,13,2024-11-11,afternoon,2,1.0,-0.5251320194172283,2.05,1,True
"('כאן 11', '2024-11-11', 45)",1,142.0,כאן 11,PrimeShow1,14,2024-11-11,afternoon,2,1.0,0.7213843507415553,2.3666666666666667,1,True
"('כאן 11', '2024-11-11', 52)",1,94.0,כאן 11,PrimeShow2,15,2024-11-11,afternoon,2,1.0,0.6908915036362803,1.5666666666666667,1,True
"('כאן 11', '2024-11-11', 56)",2,223.0,כאן 11,Other,16,2024-11-11,afternoon,4,2.0,0.5967041684008028,1.8583333333333334,2,True
"('כאן 11', '2024-11-11', 59)",2,247.0,כאן 11,News,17,2024-11-11,early_evening,4,2.0,0.5681667206574159,2.058333333333333,2,True
"('כאן 11', '2024-11-11', 63)",2,241.0,כאן 11,News,18,2024-11-11,early_evening,4,2.0,0.024500707113251585,2.0083333333333333,2,True
"('כאן 11', '2024-11-11', 67)",2,84.0,כאן 11,News,21,2024-11-11,late_evening,1,2.0,-0.3372835956920923,0.7,2,True
"('כאן 11', '2024-11-11', 70)",2,266.0,כאן 11,Other,21,2024-11-11,late_evening,4,2.0,0.11396590390132647,2.216666666666667,2,True
"('כאן 11', '2024-11-11', 73)",1,133.0,כאן 11,Other,22,2024-11-11,late_evening,2,1.0,0.17231585686057455,2.216666666666667,1,True
"('כאן 11', '2024-11-11', 76)",1,77.0,כאן 11,Other,23,2024-11-11,late_evening,1,1.0,0.038831855112716016,1.2833333333333334,1,True
"('כאן 11', '2024-11-11', 77)",1,111.0,כאן 11,News,23,2024-11-11,late_evening,2,1.0,0.1075516617300807,1.85,1,True
"('כאן 11', '2024-11-11', 79)",1,12.0,כאן 11,PrimeShow2,23,2024-11-11,late_evening,0,1.0,0.12123631624814422,0.2,1,True
"('כאן 11', '2024-11-11', 80)",1,72.0,כאן 11,Other,23,2024-11-11,late_evening,1,1.0,0.10367842947484159,1.2,1,True
"('כאן 11', '2024-11-12', 0)",1,117.0,כאן 11,Other,0,2024-11-12,overnight,2,1.0,-0.05667238709891086,1.95,1,True
"('כאן 11', '2024-11-12', 1)",1,109.0,כאן 11,Other,0,2024-11-12,overnight,2,1.0,-0.03674590192021264,1.8166666666666667,1,True
"('כאן 11', '2024-11-12', 3)",2,243.0,כאן 11,Other,1,2024-11-12,overnight,4,2.0,0.15320702553137447,2.0250000000000004,2,True
"('כאן 11', '2024-11-12', 6)",1,52.0,כאן 11,Other,2,2024-11-12,overnight,1,1.0,0.5366242598725665,0.8666666666666667,1,True
"('כאן 11', '2024-11-12', 7)",1,102.0,כאן 11,Other,2,2024-11-12,overnight,2,1.0,0.1863400823380053,1.7,1,True
"('כאן 11', '2024-11-12', 9)",1,112.0,כאן 11,Other,2,2024-11-12,overnight,2,1.0,0.6746623658858423,1.8666666666666667,1,True
"('כאן 11', '2024-11-12', 10)",1,64.0,כאן 11,Other,3,2024-11-12,overnight,1,1.0,-0.09402894964827645,1.0666666666666667,1,True
"('כאן 11', '2024-11-12', 19)",2,244.0,כאן 11,Other,5,2024-11-12,overnight,4,2.0,-0.02303652609539182,2.033333333333333,2,True
"('כאן 11', '2024-11-12', 24)",2,260.0,כאן 11,Other,6,2024-11-12,morning,4,2.0,1.6572550333195613,2.166666666666667,2,True
"('כאן 11', '2024-11-12', 30)",2,320.0,כאן 11,PrimeShow1,12,2024-11-12,afternoon,5,2.0,0.20706029345734372,2.666666666666667,2,True
"('כאן 11', '2024-11-12', 38)",2,214.0,כאן 11,PrimeShow2,13,2024-11-12,afternoon,4,2.0,-0.6843487469744856,1.7833333333333332,2,True
"('כאן 11', '2024-11-12', 42)",1,72.0,כאן 11,PrimeShow1,14,2024-11-12,afternoon,1,1.0,0.013150219386878648,1.2,1,True
"('כאן 11', '2024-11-12', 49)",1,112.0,כאן 11,PrimeShow2,15,2024-11-12,afternoon,2,1.0,0.34892384218288885,1.8666666666666667,1,True
"('כאן 11', '2024-11-12', 51)",1,118.0,כאן 11,Other,15,2024-11-12,afternoon,2,1.0,0.45313100148131646,1.9666666666666666,1,True
"('כאן 11', '2024-11-12', 53)",1,124.0,כאן 11,Other,16,2024-11-12,afternoon,2,1.0,0.10495602209662919,2.066666666666667,1,True
"('כאן 11', '2024-11-12', 55)",3,380.0,כאן 11,News,16,2024-11-12,afternoon,6,3.0,0.9164182229453898,2.111111111111111,3,True
"('כאן 11', '2024-11-12', 60)",2,249.0,כאן 11,News,18,2024-11-12,early_evening,4,2.0,0.17042648009701064,2.075,2,True
"('כאן 11', '2024-11-12', 71)",1,212.0,כאן 11,Other,22,2024-11-12,late_evening,4,1.0,0.007979243696174268,3.533333333333333,1,True
"('כאן 11', '2024-11-12', 73)",1,164.0,כאן 11,Other,22,2024-11-12,late_evening,3,1.0,0.16992340199243805,2.7333333333333334,1,True
"('כאן 11', '2024-11-12', 76)",1,142.0,כאן 11,News,23,2024-11-12,late_evening,2,1.0,0.04438524593610771,2.3666666666666667,1,True
"('כאן 11', '2024-11-12', 78)",1,12.0,כאן 11,PrimeShow2,23,2024-11-12,late_evening,0,1.0,0.33896415423953535,0.2,1,True
"('כאן 11', '2024-11-12', 80)",1,18.0,כאן 11,Other,23,2024-11-12,late_evening,0,1.0,0.3517954853481561,0.3,1,True
"('כאן 11', '2024-11-13', 0)",1,79.0,כאן 11,Other,0,2024-11-13,overnight,1,1.0,-0.025223196129353937,1.3166666666666667,1,True
"('כאן 11', '2024-11-13', 1)",1,98.0,כאן 11,Other,0,2024-11-13,overnight,2,1.0,0.11988555788761959,1.6333333333333333,1,True
"('כאן 11', '2024-11-13', 3)",2,217.0,כאן 11,Other,1,2024-11-13,overnight,4,2.0,0.27339562017054764,1.8083333333333333,2,True
"('כאן 11', '2024-11-13', 8)",1,77.0,כאן 11,Other,2,2024-11-13,overnight,1,1.0,-0.0454213530820282,1.2833333333333334,1,True
"('כאן 11', '2024-11-13', 10)",1,104.0,כאן 11,Other,2,2024-11-13,overnight,2,1.0,0.09592553650364123,1.7333333333333334,1,True
"('כאן 11', '2024-11-13', 12)",1,107.0,כאן 11,Other,3,2024-11-13,overnight,2,1.0,0.15014576523066242,1.7833333333333334,1,True
"('כאן 11', '2024-11-13', 18)",1,77.0,כאן 11,Other,4,2024-11-13,overnight,1,1.0,-0.08786135579133426,1.2833333333333334,1,True
"('כאן 11', '2024-11-13', 25)",2,242.0,כאן 11,Other,6,2024-11-13,morning,4,2.0,-0.8589692421062188,2.0166666666666666,2,True
"('כאן 11', '2024-11-13', 35)",2,201.0,כאן 11,PrimeShow2,12,2024-11-13,afternoon,3,2.0,-0.13020677013459855,1.6749999999999998,2,True
"('כאן 11', '2024-11-13', 38)",2,224.0,כאן 11,Other,13,2024-11-13,afternoon,4,2.0,0.13049229443499416,1.8666666666666667,2,True
"('כאן 11', '2024-11-13', 42)",1,109.0,כאן 11,PrimeShow1,14,2024-11-13,afternoon,2,1.0,-0.12591350964564818,1.8166666666666667,1,True
"('כאן 11', '2024-11-13', 49)",1,106.0,כאן 11,PrimeShow2,15,2024-11-13,afternoon,2,1.0,0.05330819619375406,1.7666666666666666,1,True
"('כאן 11', '2024-11-13', 51)",1,120.0,כאן 11,Other,15,2024-11-13,afternoon,2,1.0,0.18134541477392188,2.0,1,True
"('כאן 11', '2024-11-13', 53)",2,237.0,כאן 11,Other,16,2024-11-13,afternoon,4,2.0,1.3556719597534368,1.975,2,True
"('כאן 11', '2024-11-13', 57)",2,240.0,כאן 11,News,17,2024-11-13,early_evening,4,2.0,-0.173487384953131,2.0,2,True
"('כאן 11', '2024-11-13', 61)",2,271.0,כאן 11,News,18,2024-11-13,early_evening,5,2.0,0.024229160618218837,2.2583333333333333,2,True
"('כאן 11', '2024-11-13', 67)",1,63.0,כאן 11,PrimeShow2,22,2024-11-13,late_evening,1,1.0,0.23407099342277551,1.05,1,True
"('כאן 11', '2024-11-13', 69)",1,51.0,כאן 11,Other,22,2024-11-13,late_evening,1,1.0,0.6817785806895459,0.85,1,True
"('כאן 11', '2024-11-13', 70)",2,231.0,כאן 11,Other,22,2024-11-13,late_evening,4,2.0,0.2443477989672199,1.925,2,True
"('כאן 11', '2024-11-14', 0)",1,129.0,כאן 11,Other,0,2024-11-14,overnight,2,1.0,0.013715881439369186,2.15,1,True
"('כאן 11', '2024-11-14', 1)",1,108.0,כאן 11,News,0,2024-11-14,overnight,2,1.0,-0.02264247674975989,1.8,1,True
"('כאן 11', '2024-11-14', 3)",2,190.0,כאן 11,PrimeShow2,1,2024-11-14,overnight,3,2.0,0.07187612468541069,1.5833333333333333,2,True
"('כאן 11', '2024-11-14', 7)",1,152.0,כאן 11,Other,2,2024-11-14,overnight,3,1.0,0.10582682482925128,2.533333333333333,1,True
"('כאן 11', '2024-11-14', 9)",2,252.0,כאן 11,Other,3,2024-11-14,overnight,4,2.0,0.3440636215164041,2.1,2,True
"('כאן 11', '2024-11-14', 12)",1,117.0,כאן 11,Other,3,2024-11-14,overnight,2,1.0,0.004514680354526613,1.95,1,True
"('כאן 11', '2024-11-14', 17)",2,152.0,כאן 11,Other,5,2024-11-14,overnight,3,2.0,0.5798791296713037,1.2666666666666666,2,True
"('כאן 11', '2024-11-14', 21)",2,239.0,כאן 11,Other,6,2024-11-14,morning,4,2.0,0.063693494513425,1.9916666666666667,2,True
"('כאן 11', '2024-11-14', 27)",2,209.0,כאן 11,PrimeShow2,12,2024-11-14,afternoon,3,2.0,-0.3828719044508038,1.7416666666666667,2,True
"('כאן 11', '2024-11-14', 31)",2,244.0,כאן 11,Other,13,2024-11-14,afternoon,4,2.0,0.009845897055154915,2.033333333333333,2,True
"('כאן 11', '2024-11-14', 35)",1,140.0,כאן 11,PrimeShow1,14,2024-11-14,afternoon,2,1.0,-0.4892161394331356,2.3333333333333335,1,True
"('כאן 11', '2024-11-14', 42)",1,178.0,כאן 11,PrimeShow2,15,2024-11-14,afternoon,3,1.0,0.0843117469281244,2.966666666666667,1,True
"('כאן 11', '2024-11-14', 45)",1,125.0,כאן 11,Other,15,2024-11-14,afternoon,2,1.0,0.08472505872321144,2.0833333333333335,1,True
"('כאן 11', '2024-11-14', 47)",2,232.0,כאן 11,Other,16,2024-11-14,afternoon,4,2.0,0.4440925503031522,1.9333333333333333,2,True
"('כאן 11', '2024-11-14', 51)",2,276.0,כאן 11,News,17,2024-11-14,early_evening,5,2.0,0.5785090102513084,2.3,2,True
"('כאן 11', '2024-11-14', 55)",2,277.0,כאן 11,News,18,2024-11-14,early_evening,5,2.0,-0.030281414272036067,2.3083333333333336,2,True
"('כאן 11', '2024-11-14', 61)",1,128.0,כאן 11,PrimeShow2,21,2024-11-14,late_evening,2,1.0,-0.06383007302410104,2.1333333333333333,1,True
"('כאן 11', '2024-11-14', 63)",1,165.0,כאן 11,Other,22,2024-11-14,late_evening,3,1.0,0.06237515349750669,2.75,1,True
"('כאן 11', '2024-11-14', 65)",2,293.0,כאן 11,Other,23,2024-11-14,late_evening,5,2.0,-0.06636088202856874,2.4416666666666664,2,True
"('כאן 11', '2024-11-15', 0)",1,158.0,כאן 11,Other,0,2024-11-15,overnight,3,1.0,-0.03328377195627435,2.6333333333333333,1,True
"('כאן 11', '2024-11-15', 2)",2,307.0,כאן 11,Other,0,2024-11-15,overnight,5,2.0,-0.05572859286250449,2.5583333333333336,2,True
"('כאן 11', '2024-11-15', 5)",1,200.0,כאן 11,Other,1,2024-11-15,overnight,3,1.0,-0.23458958401944785,3.3333333333333335,1,True
"('כאן 11', '2024-11-15', 7)",1,94.0,כאן 11,Other,2,2024-11-15,overnight,2,1.0,0.06635782384894627,1.5666666666666667,1,True
"('כאן 11', '2024-11-15', 9)",1,153.0,כאן 11,Other,2,2024-11-15,overnight,3,1.0,0.5226259977206343,2.55,1,True
"('כאן 11', '2024-11-15', 14)",1,101.0,כאן 11,Other,4,2024-11-15,overnight,2,1.0,0.012739025777429712,1.6833333333333333,1,True
"('כאן 11', '2024-11-15', 19)",2,192.0,כאן 11,Other,5,2024-11-15,overnight,3,2.0,1.5507468817951335,1.6,2,True
"('כאן 11', '2024-11-15', 34)",2,282.0,כאן 11,PrimeShow2,12,2024-11-15,afternoon,5,2.0,-0.2252658741129903,2.3499999999999996,2,True
"('כאן 11', '2024-11-15', 39)",1,129.0,כאן 11,Other,13,2024-11-15,afternoon,2,1.0,0.10745167984147058,2.15,1,True
"('כאן 11', '2024-11-15', 43)",1,107.0,כאן 11,Other,14,2024-11-15,afternoon,2,1.0,-0.14410034397375698,1.7833333333333334,1,True
"('כאן 11', '2024-11-15', 45)",1,129.0,כאן 11,Other,14,2024-11-15,afternoon,2,1.0,-0.04731043880739603,2.15,1,True
"('כאן 11', '2024-11-15', 49)",1,105.0,כאן 11,Other,15,2024-11-15,afternoon,2,1.0,0.07224490687332877,1.75,1,True
"('כאן 11', '2024-11-15', 51)",1,113.0,כאן 11,Other,15,2024-11-15,afternoon,2,1.0,0.3353601173342402,1.8833333333333333,1,True
"('כאן 11', '2024-11-15', 53)",2,289.0,כאן 11,Other,16,2024-11-15,afternoon,5,2.0,-0.4325183775659902,2.408333333333333,2,True
"('כאן 11', '2024-11-15', 56)",4,591.0,כאן 11,Other,17,2024-11-15,early_evening,10,4.0,0.7378093388432108,2.4625,4,True
"('כאן 11', '2024-11-15', 61)",2,70.0,כאן 11,News,21,2024-11-15,late_evening,1,2.0,-0.06056185433701085,0.5833333333333334,2,True
"('כאן 11', '2024-11-15', 63)",2,341.0,כאן 11,PrimeShow2,22,2024-11-15,late_evening,6,2.0,-0.09396446325948761,2.841666666666667,2,True
"('כאן 11', '2024-11-15', 66)",1,118.0,כאן 11,Other,23,2024-11-15,late_evening,2,1.0,0.01273654862605457,1.9666666666666666,1,True
"('כאן 11', '2024-11-15', 69)",1,159.0,כאן 11,PrimeShow1,23,2024-11-15,late_evening,3,1.0,-0.18232697789123914,2.65,1,True
"('כאן 11', '2024-11-16', 0)",2,296.0,כאן 11,Other,0,2024-11-16,overnight,5,2.0,0.0545785718980875,2.466666666666667,2,True
"('כאן 11', '2024-11-16', 3)",1,75.0,כאן 11,Other,1,2024-11-16,overnight,1,1.0,0.33352576207176676,1.25,1,True
"('כאן 11', '2024-11-16', 5)",5,502.0,כאן 11,Other,2,2024-11-16,overnight,8,5.0,-1.195304939543357,1.6733333333333333,5,True
"('כאן 11', '2024-11-16', 11)",1,76.0,כאן 11,Other,4,2024-11-16,overnight,1,1.0,0.03045920748470844,1.2666666666666666,1,True
"('כאן 11', '2024-11-16', 17)",1,75.0,כאן 11,Other,5,2024-11-16,overnight,1,1.0,0.24126409242740476,1.25,1,True
"('כאן 11', '2024-11-16', 20)",2,256.0,כאן 11,Other,7,2024-11-16,morning,4,2.0,0.1633042101445114,2.1333333333333333,2,True
"('כאן 11', '2024-11-16', 23)",2,262.0,כאן 11,Other,7,2024-11-16,morning,4,2.0,-0.46334912951296703,2.1833333333333336,2,True
"('כאן 11', '2024-11-16', 26)",2,241.0,כאן 11,Other,8,2024-11-16,morning,4,2.0,-0.6052191121816195,2.0083333333333333,2,True
"('כאן 11', '2024-11-16', 31)",1,119.0,כאן 11,Other,9,2024-11-16,morning,2,1.0,-0.035973421565939245,1.9833333333333334,1,True
"('כאן 11', '2024-11-16', 34)",2,235.0,כאן 11,PrimeShow1,12,2024-11-16,afternoon,4,2.0,0.00845288698628887,1.9583333333333335,2,True
"('כאן 11', '2024-11-16', 39)",2,242.0,כאן 11,Other,13,2024-11-16,afternoon,4,2.0,-0.1582109968586177,2.0166666666666666,2,True
"('כאן 11', '2024-11-16', 44)",1,103.0,כאן 11,Other,14,2024-11-16,afternoon,2,1.0,-0.0036104084512324774,1.7166666666666666,1,True
"('כאן 11', '2024-11-16', 52)",4,525.0,כאן 11,Other,16,2024-11-16,afternoon,9,4.0,-0.13220401826335298,2.1875,4,True
"('כאן 11', '2024-11-16', 57)",1,147.0,כאן 11,News,18,2024-11-16,early_evening,2,1.0,-0.017457518794109613,2.45,1,True
"('כאן 11', '2024-11-16', 62)",1,146.0,כאן 11,PrimeShow2,22,2024-11-16,late_evening,2,1.0,0.14489135441446135,2.433333333333333,1,True
"('כאן 11', '2024-11-16', 64)",2,256.0,כאן 11,Other,22,2024-11-16,late_evening,4,2.0,-0.22735937384915855,2.1333333333333333,2,True
"('כאן 11', '2024-11-16', 68)",1,122.0,כאן 11,PrimeShow1,23,2024-11-16,late_evening,2,1.0,0.04362816251822794,2.033333333333333,1,True
"('כאן 11', '2024-11-17', 0)",1,129.0,כאן 11,Other,0,2024-11-17,overnight,2,1.0,0.1827190243629949,2.15,1,True
"('כאן 11', '2024-11-17', 1)",1,117.0,כאן 11,Other,0,2024-11-17,overnight,2,1.0,0.1411258003556873,1.95,1,True
"('כאן 11', '2024-11-17', 3)",2,246.0,כאן 11,Other,1,2024-11-17,overnight,4,2.0,-0.3309466643106552,2.05,2,True
"('כאן 11', '2024-11-17', 8)",1,123.0,כאן 11,Other,2,2024-11-17,overnight,2,1.0,-0.30979375197641057,2.05,1,True
"('כאן 11', '2024-11-17', 10)",1,123.0,כאן 11,Other,3,2024-11-17,overnight,2,1.0,-0.0981920261792136,2.05,1,True
"('כאן 11', '2024-11-17', 15)",1,89.0,כאן 11,Other,4,2024-11-17,overnight,1,1.0,-0.023530497410194272,1.4833333333333334,1,True
"('כאן 11', '2024-11-17', 20)",2,237.0,כאן 11,Other,5,2024-11-17,overnight,4,2.0,0.794925057345661,1.975,2,True
"('כאן 11', '2024-11-17', 28)",2,234.0,כאן 11,PrimeShow1,12,2024-11-17,afternoon,4,2.0,0.08166418817205481,1.95,2,True
"('כאן 11', '2024-11-17', 33)",2,234.0,כאן 11,Other,13,2024-11-17,afternoon,4,2.0,0.38047225285105535,1.95,2,True
"('כאן 11', '2024-11-17', 37)",1,123.0,כאן 11,PrimeShow1,14,2024-11-17,afternoon,2,1.0,-0.11943109955476833,2.05,1,True
"('כאן 11', '2024-11-17', 44)",1,169.0,כאן 11,PrimeShow2,15,2024-11-17,afternoon,3,1.0,0.3274744422628044,2.816666666666667,1,True
"('כאן 11', '2024-11-17', 47)",2,220.0,כאן 11,Other,16,2024-11-17,afternoon,4,2.0,0.4642046284653846,1.8333333333333333,2,True
"('כאן 11', '2024-11-17', 51)",2,257.0,כאן 11,News,17,2024-11-17,early_evening,4,2.0,0.23027342007464266,2.1416666666666666,2,True
"('כאן 11', '2024-11-17', 54)",2,277.0,כאן 11,News,18,2024-11-17,early_evening,5,2.0,-0.126881642864978,2.3083333333333336,2,True
"('כאן 11', '2024-11-17', 62)",1,162.0,כאן 11,Other,22,2024-11-17,late_evening,3,1.0,0.03936882840784175,2.7,1,True
"('כאן 11', '2024-11-17', 64)",1,69.0,כאן 11,Other,22,2024-11-17,late_evening,1,1.0,0.3905662860086288,1.15,1,True
"('כאן 11', '2024-11-17', 66)",1,129.0,כאן 11,News,22,2024-11-17,late_evening,2,1.0,0.8199340135934339,2.15,1,True
"('כאן 11', '2024-11-17', 68)",1,18.0,כאן 11,PrimeShow2,23,2024-11-17,late_evening,0,1.0,-0.388874058044111,0.3,1,True
"('כאן 11', '2024-11-17', 69)",1,127.0,כאן 11,Other,23,2024-11-17,late_evening,2,1.0,0.1886295627769349,2.1166666666666667,1,True
"('כאן 11', '2024-11-18', 0)",1,122.0,כאן 11,Other,0,2024-11-18,overnight,2,1.0,-0.04268638123141427,2.033333333333333,1,True
"('כאן 11', '2024-11-18', 1)",1,63.0,כאן 11,Other,0,2024-11-18,overnight,1,1.0,0.09527331412442494,1.05,1,True
"('כאן 11', '2024-11-18', 3)",2,235.0,כאן 11,Other,1,2024-11-18,overnight,4,2.0,-0.6927170664245492,1.9583333333333335,2,True
"('כאן 11', '2024-11-18', 7)",2,224.0,כאן 11,Other,2,2024-11-18,overnight,4,2.0,-0.6013839536186817,1.8666666666666667,2,True
"('כאן 11', '2024-11-18', 29)",2,201.0,כאן 11,PrimeShow1,12,2024-11-18,afternoon,3,2.0,-0.3010987971670043,1.6749999999999998,2,True
"('כאן 11', '2024-11-18', 37)",1,121.0,כאן 11,PrimeShow1,14,2024-11-18,afternoon,2,1.0,0.11524854717123954,2.0166666666666666,1,True
"('כאן 11', '2024-11-18', 46)",1,94.0,כאן 11,PrimeShow2,15,2024-11-18,afternoon,2,1.0,-0.2706718856632194,1.5666666666666667,1,True
"('כאן 11', '2024-11-18', 49)",2,227.0,כאן 11,Other,16,2024-11-18,afternoon,4,2.0,0.09070787055980266,1.8916666666666666,2,True
"('כאן 11', '2024-11-18', 53)",2,244.0,כאן 11,News,17,2024-11-18,early_evening,4,2.0,0.543003008372136,2.033333333333333,2,True
"('כאן 11', '2024-11-18', 56)",2,233.0,כאן 11,News,18,2024-11-18,early_evening,4,2.0,0.21096225015788875,1.9416666666666667,2,True
"('כאן 11', '2024-11-18', 63)",1,163.0,כאן 11,PrimeShow2,22,2024-11-18,late_evening,3,1.0,0.09452195139655513,2.716666666666667,1,True
"('כאן 11', '2024-11-18', 65)",1,80.0,כאן 11,Other,22,2024-11-18,late_evening,1,1.0,0.32291788898019047,1.3333333333333333,1,True
"('כאן 11', '2024-11-18', 67)",1,103.0,כאן 11,News,23,2024-11-18,late_evening,2,1.0,0.11491690237804428,1.7166666666666666,1,True
"('כאן 11', '2024-11-18', 69)",1,18.0,כאן 11,PrimeShow2,23,2024-11-18,late_evening,0,1.0,0.6078937882012133,0.3,1,True
"('כאן 11', '2024-11-18', 70)",1,98.0,כאן 11,Other,23,2024-11-18,late_evening,2,1.0,0.053941348024467727,1.6333333333333333,1,True
"('כאן 11', '2024-11-19', 0)",1,112.0,כאן 11,Other,0,2024-11-19,overnight,2,1.0,0.03744721897350858,1.8666666666666667,1,True
"('כאן 11', '2024-11-19', 2)",1,96.0,כאן 11,Other,0,2024-11-19,overnight,2,1.0,-0.09416844432469713,1.6,1,True
"('כאן 11', '2024-11-19', 4)",2,205.0,כאן 11,Other,1,2024-11-19,overnight,3,2.0,-0.11044543210854399,1.7083333333333333,2,True
"('כאן 11', '2024-11-19', 8)",1,112.0,כאן 11,Other,2,2024-11-19,overnight,2,1.0,-0.1412710169635971,1.8666666666666667,1,True
"('כאן 11', '2024-11-19', 13)",2,196.0,כאן 11,Other,3,2024-11-19,overnight,3,2.0,0.13286637326881445,1.6333333333333333,2,True
"('כאן 11', '2024-11-19', 16)",1,72.0,כאן 11,Other,4,2024-11-19,overnight,1,1.0,-0.07924937165414049,1.2,1,True
"('כאן 11', '2024-11-19', 19)",2,143.0,כאן 11,Other,5,2024-11-19,overnight,2,2.0,-0.22137062210790678,1.1916666666666667,2,True
"('כאן 11', '2024-11-19', 28)",2,211.0,כאן 11,PrimeShow1,12,2024-11-19,afternoon,4,2.0,0.09638398461629752,1.7583333333333333,2,True
"('כאן 11', '2024-11-19', 32)",2,155.0,כאן 11,Other,13,2024-11-19,afternoon,3,2.0,0.23708560222636252,1.2916666666666665,2,True
"('כאן 11', '2024-11-19', 36)",1,159.0,כאן 11,PrimeShow1,14,2024-11-19,afternoon,3,1.0,-0.4742001479577459,2.65,1,True
"('כאן 11', '2024-11-19', 39)",1,170.0,כאן 11,Other,14,2024-11-19,afternoon,3,1.0,0.39030446787748285,2.8333333333333335,1,True
"('כאן 11', '2024-11-19', 45)",2,254.0,כאן 11,Other,16,2024-11-19,afternoon,4,2.0,0.16021441904624023,2.1166666666666667,2,True
"('כאן 11', '2024-11-19', 48)",2,270.0,כאן 11,News,17,2024-11-19,early_evening,4,2.0,-0.3955475634408758,2.25,2,True
"('כאן 11', '2024-11-19', 52)",2,264.0,כאן 11,News,18,2024-11-19,early_evening,4,2.0,0.1413217412981058,2.2,2,True
"('כאן 11', '2024-11-19', 56)",1,82.0,כאן 11,News,21,2024-11-19,late_evening,1,1.0,-0.37922916790644234,1.3666666666666667,1,True
"('כאן 11', '2024-11-19', 59)",1,115.0,כאן 11,Other,21,2024-11-19,late_evening,2,1.0,-0.12548713599324324,1.9166666666666667,1,True
"('כאן 11', '2024-11-19', 61)",1,136.0,כאן 11,Other,22,2024-11-19,late_evening,2,1.0,0.08529736491787138,2.2666666666666666,1,True
"('כאן 11', '2024-11-19', 64)",1,59.0,כאן 11,Other,22,2024-11-19,late_evening,1,1.0,0.10916646008391907,0.9833333333333333,1,True
"('כאן 11', '2024-11-19', 65)",1,102.0,כאן 11,News,23,2024-11-19,late_evening,2,1.0,0.1427018934570869,1.7,1,True
"('כאן 11', '2024-11-19', 67)",1,58.0,כאן 11,PrimeShow2,23,2024-11-19,late_evening,1,1.0,0.04949874693078744,0.9666666666666667,1,True
"('כאן 11', '2024-11-19', 70)",1,113.0,כאן 11,Other,23,2024-11-19,late_evening,2,1.0,0.14980392341649693,1.8833333333333333,1,True
"('כאן 11', '2024-11-20', 0)",1,151.0,כאן 11,Other,0,2024-11-20,overnight,3,1.0,0.2354346878984911,2.5166666666666666,1,True
"('כאן 11', '2024-11-20', 3)",1,148.0,כאן 11,Other,1,2024-11-20,overnight,2,1.0,0.1370654455075786,2.466666666666667,1,True
"('כאן 11', '2024-11-20', 5)",1,103.0,כאן 11,Other,1,2024-11-20,overnight,2,1.0,0.505303798581683,1.7166666666666666,1,True
"('כאן 11', '2024-11-20', 7)",1,96.0,כאן 11,Other,2,2024-11-20,overnight,2,1.0,0.023135640692490328,1.6,1,True
"('כאן 11', '2024-11-20', 9)",1,60.0,כאן 11,Other,2,2024-11-20,overnight,1,1.0,1.0228050807614275,1.0,1,True
"('כאן 11', '2024-11-20', 16)",1,102.0,כאן 11,Other,4,2024-11-20,overnight,2,1.0,0.012739025777429712,1.7,1,True
"('כאן 11', '2024-11-20', 30)",2,251.0,כאן 11,PrimeShow1,12,2024-11-20,afternoon,4,2.0,-0.2432259108264275,2.091666666666667,2,True
"('כאן 11', '2024-11-20', 36)",2,251.0,כאן 11,Other,13,2024-11-20,afternoon,4,2.0,0.3750432523836619,2.091666666666667,2,True
"('כאן 11', '2024-11-20', 40)",1,141.0,כאן 11,PrimeShow1,14,2024-11-20,afternoon,2,1.0,-0.21353148272682815,2.35,1,True
"('כאן 11', '2024-11-20', 44)",1,133.0,כאן 11,Other,14,2024-11-20,afternoon,2,1.0,0.24317957807463023,2.216666666666667,1,True
"('כאן 11', '2024-11-20', 49)",2,271.0,כאן 11,Other,16,2024-11-20,afternoon,5,2.0,-0.3880928739047153,2.2583333333333333,2,True
"('כאן 11', '2024-11-20', 52)",2,282.0,כאן 11,News,17,2024-11-20,early_evening,5,2.0,0.07754476436304059,2.3499999999999996,2,True
"('כאן 11', '2024-11-20', 56)",2,277.0,כאן 11,News,18,2024-11-20,early_evening,5,2.0,0.1380376026151873,2.3083333333333336,2,True
"('כאן 11', '2024-11-20', 60)",1,45.0,כאן 11,News,21,2024-11-20,late_evening,1,1.0,0.13751762729235772,0.75,1,True
"('כאן 11', '2024-11-20', 62)",2,386.0,כאן 11,PrimeShow2,21,2024-11-20,late_evening,6,2.0,0.33027036274085064,3.216666666666667,2,True
"('כאן 11', '2024-11-20', 65)",1,120.0,כאן 11,Other,22,2024-11-20,late_evening,2,1.0,0.15927228817797678,2.0,1,True
"('כאן 11', '2024-11-20', 68)",1,71.0,כאן 11,Other,23,2024-11-20,late_evening,1,1.0,-0.25545688591885,1.1833333333333333,1,True
"('כאן 11', '2024-11-20', 69)",1,114.0,כאן 11,News,23,2024-11-20,late_evening,2,1.0,-0.0019907968317147973,1.9,1,True
"('כאן 11', '2024-11-21', 0)",1,130.0,כאן 11,Other,0,2024-11-21,overnight,2,1.0,-0.13165112373396282,2.1666666666666665,1,True
"('כאן 11', '2024-11-21', 1)",1,156.0,כאן 11,Other,0,2024-11-21,overnight,3,1.0,-0.18384140276372457,2.6,1,True
"('כאן 11', '2024-11-21', 3)",2,287.0,כאן 11,Other,1,2024-11-21,overnight,5,2.0,0.09742110188563334,2.3916666666666666,2,True
"('כאן 11', '2024-11-21', 7)",1,142.0,כאן 11,Other,2,2024-11-21,overnight,2,1.0,0.1538727090124037,2.3666666666666667,1,True
"('כאן 11', '2024-11-21', 9)",2,203.0,כאן 11,Other,2,2024-11-21,overnight,3,2.0,-0.7733434233445879,1.6916666666666667,2,True
"('כאן 11', '2024-11-21', 13)",1,79.0,כאן 11,Other,3,2024-11-21,overnight,1,1.0,0.27103483901862413,1.3166666666666667,1,True
"('כאן 11', '2024-11-21', 21)",2,138.0,כאן 11,Other,5,2024-11-21,overnight,2,2.0,-0.08748745412311563,1.15,2,True
"('כאן 11', '2024-11-21', 34)",2,233.0,כאן 11,Other,12,2024-11-21,afternoon,4,2.0,1.6891114572779702,1.9416666666666669,2,True
"('כאן 11', '2024-11-21', 40)",1,213.0,כאן 11,PrimeShow1,14,2024-11-21,afternoon,4,1.0,0.1644014968362027,3.55,1,True
"('כאן 11', '2024-11-21', 44)",1,71.0,כאן 11,PrimeShow1,15,2024-11-21,afternoon,1,1.0,0.08248048657120081,1.1833333333333333,1,True
"('כאן 11', '2024-11-21', 47)",2,310.0,כאן 11,Other,16,2024-11-21,afternoon,5,2.0,-0.08612872017002976,2.5833333333333335,2,True
"('כאן 11', '2024-11-21', 50)",2,302.0,כאן 11,News,17,2024-11-21,early_evening,5,2.0,0.2964775455480685,2.5166666666666666,2,True
"('כאן 11', '2024-11-21', 54)",2,323.0,כאן 11,News,18,2024-11-21,early_evening,5,2.0,-0.21469096296719417,2.6916666666666664,2,True
"('כאן 11', '2024-11-21', 58)",1,52.0,כאן 11,News,21,2024-11-21,late_evening,1,1.0,0.030016546042120475,0.8666666666666667,1,True
"('כאן 11', '2024-11-21', 60)",1,187.0,כאן 11,PrimeShow2,21,2024-11-21,late_evening,3,1.0,-0.1896070854618973,3.1166666666666667,1,True
"('כאן 11', '2024-11-21', 62)",1,209.0,כאן 11,Other,22,2024-11-21,late_evening,3,1.0,0.03957974825694721,3.4833333333333334,1,True
"('כאן 11', '2024-11-21', 65)",1,129.0,כאן 11,News,23,2024-11-21,late_evening,2,1.0,-0.1389638180545511,2.15,1,True
"('כאן 11', '2024-11-21', 67)",1,142.0,כאן 11,PrimeShow2,23,2024-11-21,late_evening,2,1.0,0.21342720624747277,2.3666666666666667,1,True
"('כאן 11', '2024-11-22', 0)",1,131.0,כאן 11,Other,0,2024-11-22,overnight,2,1.0,-0.1084124817244797,2.183333333333333,1,True
"('כאן 11', '2024-11-22', 2)",2,278.0,כאן 11,Other,0,2024-11-22,overnight,5,2.0,0.6120581212049416,2.3166666666666664,2,True
"('כאן 11', '2024-11-22', 5)",1,141.0,כאן 11,Other,1,2024-11-22,overnight,2,1.0,0.5249456488403023,2.35,1,True
"('כאן 11', '2024-11-22', 8)",1,149.0,כאן 11,Other,2,2024-11-22,overnight,2,1.0,0.050458221270129056,2.4833333333333334,1,True
"('כאן 11', '2024-11-22', 12)",1,197.0,כאן 11,Other,2,2024-11-22,overnight,3,1.0,-0.056776515802082005,3.283333333333333,1,True
"('כאן 11', '2024-11-22', 31)",2,367.0,כאן 11,PrimeShow2,12,2024-11-22,afternoon,6,2.0,0.2541415048994007,3.0583333333333336,2,True
"('כאן 11', '2024-11-22', 34)",1,170.0,כאן 11,Other,13,2024-11-22,afternoon,3,1.0,-0.3968743967710362,2.8333333333333335,1,True
"('כאן 11', '2024-11-22', 38)",1,183.0,כאן 11,Other,14,2024-11-22,afternoon,3,1.0,-0.1514032813099895,3.05,1,True
"('כאן 11', '2024-11-22', 40)",1,120.0,כאן 11,Other,14,2024-11-22,afternoon,2,1.0,0.13115479389101278,2.0,1,True
"('כאן 11', '2024-11-22', 42)",1,176.0,כאן 11,Other,15,2024-11-22,afternoon,3,1.0,-0.08012568489633662,2.933333333333333,1,True
"('כאן 11', '2024-11-22', 48)",2,316.0,כאן 11,PrimeShow2,16,2024-11-22,afternoon,5,2.0,-0.3257308256362547,2.6333333333333333,2,True
"('כאן 11', '2024-11-22', 51)",5,798.0,כאן 11,Other,17,2024-11-22,early_evening,13,5.0,1.382264020426321,2.66,5,True
"('כאן 11', '2024-11-22', 57)",1,85.0,כאן 11,News,21,2024-11-22,late_evening,1,1.0,-0.06133297406104629,1.4166666666666667,1,True
"('כאן 11', '2024-11-22', 59)",2,364.0,כאן 11,PrimeShow2,22,2024-11-22,late_evening,6,2.0,-0.16674101019784673,3.033333333333333,2,True
"('כאן 11', '2024-11-22', 62)",1,186.0,כאן 11,Other,23,2024-11-22,late_evening,3,1.0,0.07110367585908367,3.1,1,True
"('כאן 11', '2024-11-22', 65)",1,173.0,כאן 11,PrimeShow1,23,2024-11-22,late_evening,3,1.0,-0.03965387782169351,2.8833333333333333,1,True
"('כאן 11', '2024-11-23', 0)",1,101.0,כאן 11,Other,0,2024-11-23,overnight,2,1.0,-0.12009030133288688,1.6833333333333333,1,True
"('כאן 11', '2024-11-23', 1)",1,136.0,כאן 11,Other,0,2024-11-23,overnight,2,1.0,0.2552225915356647,2.2666666666666666,1,True
"('כאן 11', '2024-11-23', 2)",2,300.0,כאן 11,Other,1,2024-11-23,overnight,5,2.0,0.09742110188563335,2.5,2,True
"('כאן 11', '2024-11-23', 6)",1,106.0,כאן 11,Other,2,2024-11-23,overnight,2,1.0,-0.11778303565638351,1.7666666666666666,1,True
"('כאן 11', '2024-11-23', 8)",2,315.0,כאן 11,Other,2,2024-11-23,overnight,5,2.0,-0.08233492207948762,2.625,2,True
"('כאן 11', '2024-11-23', 14)",2,260.0,כאן 11,Other,4,2024-11-23,overnight,4,2.0,0.027012139445368843,2.166666666666667,2,True
"('כאן 11', '2024-11-23', 20)",1,111.0,כאן 11,Other,5,2024-11-23,overnight,2,1.0,0.06001800972625274,1.85,1,True
"('כאן 11', '2024-11-23', 23)",2,341.0,כאן 11,Other,7,2024-11-23,morning,6,2.0,0.4689248661918715,2.841666666666667,2,True
"('כאן 11', '2024-11-23', 26)",1,174.0,כאן 11,Other,8,2024-11-23,morning,3,1.0,0.20016691711396473,2.9,1,True
"('כאן 11', '2024-11-23', 28)",2,302.0,כאן 11,Other,8,2024-11-23,morning,5,2.0,0.597592658285065,2.5166666666666666,2,True
"('כאן 11', '2024-11-23', 33)",1,115.0,כאן 11,Other,9,2024-11-23,morning,2,1.0,-0.018037624316547797,1.9166666666666667,1,True
"('כאן 11', '2024-11-23', 37)",1,175.0,כאן 11,PrimeShow2,12,2024-11-23,afternoon,3,1.0,0.5082078212239117,2.9166666666666665,1,True
"('כאן 11', '2024-11-23', 41)",2,326.0,כאן 11,Other,13,2024-11-23,afternoon,5,2.0,-0.9301736634161624,2.716666666666667,2,True
"('כאן 11', '2024-11-23', 44)",2,332.0,כאן 11,Other,14,2024-11-23,afternoon,6,2.0,0.3744504253366423,2.7666666666666666,2,True
"('כאן 11', '2024-11-23', 47)",1,172.0,כאן 11,Other,15,2024-11-23,afternoon,3,1.0,0.20671645619157206,2.8666666666666667,1,True
"('כאן 11', '2024-11-23', 49)",1,118.0,כאן 11,Other,15,2024-11-23,afternoon,2,1.0,0.10130270710038541,1.9666666666666666,1,True
"('כאן 11', '2024-11-23', 51)",4,630.0,כאן 11,Other,16,2024-11-23,afternoon,10,4.0,0.22647210647268137,2.625,4,True
"('כאן 11', '2024-11-23', 56)",1,152.0,כאן 11,News,18,2024-11-23,early_evening,3,1.0,0.1423126840042205,2.533333333333333,1,True
"('כאן 11', '2024-11-23', 59)",1,49.0,כאן 11,News,21,2024-11-23,late_evening,1,1.0,-0.10373353585315495,0.8166666666666667,1,True
"('כאן 11', '2024-11-23', 61)",1,215.0,כאן 11,PrimeShow2,21,2024-11-23,late_evening,4,1.0,0.05060603537840669,3.5833333333333335,1,True
"('כאן 11', '2024-11-23', 63)",2,310.0,כאן 11,Other,22,2024-11-23,late_evening,5,2.0,0.3149149108106426,2.5833333333333335,2,True
"('כאן 11', '2024-11-23', 67)",1,156.0,כאן 11,PrimeShow1,23,2024-11-23,late_evening,3,1.0,-0.279055131816258,2.6,1,True
"('כאן 11', '2024-11-24', 0)",1,111.0,כאן 11,Other,0,2024-11-24,overnight,2,1.0,-0.46428458404800993,1.85,1,True
"('כאן 11', '2024-11-24', 1)",1,170.0,כאן 11,Other,0,2024-11-24,overnight,3,1.0,-0.9362404991374937,2.8333333333333335,1,True
"('כאן 11', '2024-11-24', 3)",1,109.0,כאן 11,Other,1,2024-11-24,overnight,2,1.0,0.3378064596343495,1.8166666666666667,1,True
"('כאן 11', '2024-11-24', 5)",1,144.0,כאן 11,Other,1,2024-11-24,overnight,2,1.0,-0.04036422385536035,2.4,1,True
"('כאן 11', '2024-11-24', 7)",1,128.0,כאן 11,Other,2,2024-11-24,overnight,2,1.0,-0.089298137647697,2.1333333333333333,1,True
"('כאן 11', '2024-11-24', 9)",1,159.0,כאן 11,Other,3,2024-11-24,overnight,3,1.0,-0.09654869154149598,2.65,1,True
"('כאן 11', '2024-11-24', 12)",2,235.0,כאן 11,Other,3,2024-11-24,overnight,4,2.0,0.052039822217371676,1.9583333333333335,2,True
"('כאן 11', '2024-11-24', 18)",1,124.0,כאן 11,Other,5,2024-11-24,overnight,2,1.0,0.02127739844728488,2.066666666666667,1,True
"('כאן 11', '2024-11-24', 20)",1,111.0,כאן 11,Other,5,2024-11-24,overnight,2,1.0,0.06755815101129109,1.85,1,True
"('כאן 11', '2024-11-24', 26)",2,283.0,כאן 11,PrimeShow1,12,2024-11-24,afternoon,5,2.0,0.4296282166417811,2.3583333333333334,2,True
"('כאן 11', '2024-11-24', 31)",2,224.0,כאן 11,Other,15,2024-11-24,afternoon,4,2.0,0.24063890225874654,1.8666666666666667,2,True
"('כאן 11', '2024-11-24', 34)",2,321.0,כאן 11,News,16,2024-11-24,afternoon,5,2.0,0.3384344711145796,2.675,2,True
"('כאן 11', '2024-11-24', 37)",2,308.0,כאן 11,Other,17,2024-11-24,early_evening,5,2.0,-0.47588449007814854,2.5666666666666664,2,True
"('כאן 11', '2024-11-24', 41)",2,226.0,כאן 11,News,18,2024-11-24,early_evening,4,2.0,-0.023155644331211356,1.8833333333333333,2,True
"('כאן 11', '2024-11-24', 47)",1,230.0,כאן 11,PrimeShow2,22,2024-11-24,late_evening,4,1.0,-0.0030345813567309796,3.8333333333333335,1,True
"('כאן 11', '2024-11-24', 49)",1,161.0,כאן 11,Other,22,2024-11-24,late_evening,3,1.0,0.6433175418279434,2.683333333333333,1,True
"('כאן 11', '2024-11-24', 51)",1,133.0,כאן 11,Other,22,2024-11-24,late_evening,2,1.0,-0.25731279911081223,2.216666666666667,1,True
"('כאן 11', '2024-11-24', 52)",1,131.0,כאן 11,News,23,2024-11-24,late_evening,2,1.0,0.1012367984739643,2.183333333333333,1,True
"('כאן 11', '2024-11-24', 54)",1,12.0,כאן 11,PrimeShow2,23,2024-11-24,late_evening,0,1.0,0.18388557225243835,0.2,1,True
"('כאן 11', '2024-11-24', 55)",1,154.0,כאן 11,Other,23,2024-11-24,late_evening,3,1.0,-0.1533274312420289,2.566666666666667,1,True
"('כאן 11', '2024-11-25', 0)",1,69.0,כאן 11,Other,0,2024-11-25,overnight,1,1.0,-0.13474109567262268,1.15,1,True
"('כאן 11', '2024-11-25', 3)",1,147.0,כאן 11,PrimeShow2,0,2024-11-25,overnight,2,1.0,-0.22244630540718346,2.45,1,True
"('כאן 11', '2024-11-25', 5)",1,90.0,כאן 11,Other,0,2024-11-25,overnight,2,1.0,-0.3146513702030433,1.5,1,True
"('כאן 11', '2024-11-25', 7)",1,170.0,כאן 11,Other,1,2024-11-25,overnight,3,1.0,-0.03836086787244637,2.8333333333333335,1,True
"('כאן 11', '2024-11-25', 10)",1,123.0,כאן 11,Other,2,2024-11-25,overnight,2,1.0,0.656625074764754,2.05,1,True
"('כאן 11', '2024-11-25', 12)",2,228.0,כאן 11,Other,2,2024-11-25,overnight,4,2.0,-1.5035704268395005,1.9,2,True
"('כאן 11', '2024-11-25', 30)",2,288.0,כאן 11,PrimeShow1,12,2024-11-25,afternoon,5,2.0,0.3380694875736802,2.4000000000000004,2,True
"('כאן 11', '2024-11-25', 35)",2,243.0,כאן 11,Other,13,2024-11-25,afternoon,4,2.0,0.1819043585422284,2.025,2,True
"('כאן 11', '2024-11-25', 39)",1,162.0,כאן 11,PrimeShow1,14,2024-11-25,afternoon,3,1.0,0.4205612467746606,2.7,1,True
"('כאן 11', '2024-11-25', 42)",1,89.0,כאן 11,Other,14,2024-11-25,afternoon,1,1.0,-0.2876820724517808,1.4833333333333334,1,True
"('כאן 11', '2024-11-25', 47)",1,40.0,כאן 11,Other,15,2024-11-25,afternoon,1,1.0,-0.1982320197448776,0.6666666666666666,1,True
"('כאן 11', '2024-11-25', 50)",2,314.0,כאן 11,Other,16,2024-11-25,afternoon,5,2.0,-0.2438001899040225,2.6166666666666667,2,True
"('כאן 11', '2024-11-25', 53)",2,324.0,כאן 11,News,17,2024-11-25,early_evening,5,2.0,0.17681116124495205,2.7,2,True
"('כאן 11', '2024-11-25', 57)",2,316.0,כאן 11,News,18,2024-11-25,early_evening,5,2.0,-0.1666670555126693,2.6333333333333337,2,True
"('כאן 11', '2024-11-25', 63)",1,215.0,כאן 11,PrimeShow2,22,2024-11-25,late_evening,4,1.0,-0.019622888973093992,3.5833333333333335,1,True
"('כאן 11', '2024-11-25', 65)",1,160.0,כאן 11,Other,22,2024-11-25,late_evening,3,1.0,0.09367689894934013,2.6666666666666665,1,True
"('כאן 11', '2024-11-25', 67)",1,170.0,כאן 11,Other,22,2024-11-25,late_evening,3,1.0,-0.08404679723642264,2.8333333333333335,1,True
"('כאן 11', '2024-11-25', 68)",1,143.0,כאן 11,News,23,2024-11-25,late_evening,2,1.0,0.1949782203875021,2.3833333333333333,1,True
"('כאן 11', '2024-11-25', 71)",1,18.0,כאן 11,Other,23,2024-11-25,late_evening,0,1.0,0.2657307363482459,0.3,1,True
"('כאן 11', '2024-11-26', 0)",1,190.0,כאן 11,Other,0,2024-11-26,overnight,3,1.0,0.14826484764999717,3.1666666666666665,1,True
"('כאן 11', '2024-11-26', 1)",2,232.0,כאן 11,Other,0,2024-11-26,overnight,4,2.0,-0.03914639981127614,1.9333333333333333,2,True
"('כאן 11', '2024-11-26', 4)",2,197.0,כאן 11,Other,1,2024-11-26,overnight,3,2.0,0.640404172735999,1.6416666666666666,2,True
"('כאן 11', '2024-11-26', 7)",2,263.0,כאן 11,Other,2,2024-11-26,overnight,4,2.0,-0.23243821016662278,2.1916666666666664,2,True
"('כאן 11', '2024-11-26', 10)",1,131.0,כאן 11,Other,3,2024-11-26,overnight,2,1.0,-0.35786118369823866,2.183333333333333,1,True
"('כאן 11', '2024-11-26', 14)",2,217.0,כאן 11,Other,4,2024-11-26,overnight,4,2.0,0.07049845223808213,1.8083333333333333,2,True
"('כאן 11', '2024-11-26', 18)",2,161.0,כאן 11,Other,5,2024-11-26,overnight,3,2.0,0.37985496941377644,1.3416666666666668,2,True
"('כאן 11', '2024-11-26', 27)",2,303.0,כאן 11,PrimeShow1,12,2024-11-26,afternoon,5,2.0,-1.2195061122659547,2.525,2,True
"('כאן 11', '2024-11-26', 33)",2,321.0,כאן 11,Other,13,2024-11-26,afternoon,5,2.0,-0.49028957321830213,2.675,2,True
"('כאן 11', '2024-11-26', 37)",1,129.0,כאן 11,PrimeShow1,14,2024-11-26,afternoon,2,1.0,-0.03751196012691382,2.15,1,True
"('כאן 11', '2024-11-26', 44)",1,12.0,כאן 11,Other,15,2024-11-26,afternoon,0,1.0,-0.8200372121783114,0.2,1,True
"('כאן 11', '2024-11-26', 45)",1,40.0,כאן 11,Other,15,2024-11-26,afternoon,1,1.0,0.202623512589782,0.6666666666666666,1,True
"('כאן 11', '2024-11-26', 47)",2,325.0,כאן 11,Other,16,2024-11-26,afternoon,5,2.0,0.7533740589490827,2.7083333333333335,2,True
"('כאן 11', '2024-11-26', 50)",2,319.0,כאן 11,News,17,2024-11-26,early_evening,5,2.0,0.47578708979513407,2.658333333333333,2,True
"('כאן 11', '2024-11-26', 53)",2,303.0,כאן 11,News,18,2024-11-26,early_evening,5,2.0,0.10957864817690544,2.525,2,True
"('כאן 11', '2024-11-26', 61)",1,246.0,כאן 11,Other,22,2024-11-26,late_evening,4,1.0,0.02454970323789435,4.1,1,True
"('כאן 11', '2024-11-26', 63)",1,145.0,כאן 11,News,22,2024-11-26,late_evening,2,1.0,0.3091083898274429,2.4166666666666665,1,True
"('כאן 11', '2024-11-26', 66)",1,18.0,כאן 11,Other,23,2024-11-26,late_evening,0,1.0,0.0028828490565609294,0.3,1,True
"('כאן 11', '2024-11-26', 67)",1,102.0,כאן 11,Other,23,2024-11-26,late_evening,2,1.0,-0.2166507169744014,1.7,1,True
"('כאן 11', '2024-11-27', 0)",1,157.0,כאן 11,Other,0,2024-11-27,overnight,3,1.0,-0.041672696400568074,2.6166666666666667,1,True
"('כאן 11', '2024-11-27', 1)",1,118.0,כאן 11,Other,0,2024-11-27,overnight,2,1.0,-0.0553922207440174,1.9666666666666666,1,True
"('כאן 11', '2024-11-27', 2)",2,237.0,כאן 11,Other,1,2024-11-27,overnight,4,2.0,-0.27413402691400746,1.9749999999999999,2,True
"('כאן 11', '2024-11-27', 8)",1,83.0,כאן 11,Other,2,2024-11-27,overnight,1,1.0,0.06201640586933013,1.3833333333333333,1,True
"('כאן 11', '2024-11-27', 10)",1,120.0,כאן 11,Other,2,2024-11-27,overnight,2,1.0,0.23443755793296875,2.0,1,True
"('כאן 11', '2024-11-27', 15)",1,121.0,כאן 11,Other,4,2024-11-27,overnight,2,1.0,-0.012903404835907729,2.0166666666666666,1,True
"('כאן 11', '2024-11-27', 20)",2,214.0,כאן 11,Other,5,2024-11-27,overnight,4,2.0,0.3260894317698095,1.7833333333333332,2,True
"('כאן 11', '2024-11-27', 34)",2,242.0,כאן 11,Other,13,2024-11-27,afternoon,4,2.0,-0.3504389610861974,2.0166666666666666,2,True
"('כאן 11', '2024-11-27', 38)",1,184.0,כאן 11,PrimeShow1,14,2024-11-27,afternoon,3,1.0,0.020083368454677317,3.066666666666667,1,True
"('כאן 11', '2024-11-27', 41)",1,178.0,כאן 11,Other,14,2024-11-27,afternoon,3,1.0,0.32833738641493704,2.966666666666667,1,True
"('כאן 11', '2024-11-27', 45)",1,46.0,כאן 11,Other,15,2024-11-27,afternoon,1,1.0,0.1357631689098678,0.7666666666666667,1,True
"('כאן 11', '2024-11-27', 48)",2,304.0,כאן 11,Other,16,2024-11-27,afternoon,5,2.0,0.2587033885890947,2.533333333333333,2,True
"('כאן 11', '2024-11-27', 51)",2,316.0,כאן 11,News,17,2024-11-27,early_evening,5,2.0,0.26916103083823173,2.6333333333333333,2,True
"('כאן 11', '2024-11-27', 55)",2,306.0,כאן 11,News,18,2024-11-27,early_evening,5,2.0,0.14789620037955176,2.55,2,True
"('כאן 11', '2024-11-27', 61)",2,413.0,כאן 11,PrimeShow2,21,2024-11-27,late_evening,7,2.0,0.07834484630351986,3.4416666666666664,2,True
"('כאן 11', '2024-11-27', 64)",1,206.0,כאן 11,Other,22,2024-11-27,late_evening,3,1.0,0.034024142761011206,3.433333333333333,1,True
"('כאן 11', '2024-11-27', 67)",1,135.0,כאן 11,News,23,2024-11-27,late_evening,2,1.0,-0.07527492223414323,2.25,1,True
"('כאן 11', '2024-11-27', 69)",1,34.0,כאן 11,PrimeShow2,23,2024-11-27,late_evening,1,1.0,-0.032505570404931294,0.5666666666666667,1,True
"('כאן 11', '2024-11-28', 0)",1,112.0,כאן 11,Other,0,2024-11-28,overnight,2,1.0,-0.16821627428577263,1.8666666666666667,1,True
"('כאן 11', '2024-11-28', 1)",1,213.0,כאן 11,Other,0,2024-11-28,overnight,4,1.0,0.1849232826602682,3.55,1,True
"('כאן 11', '2024-11-28', 3)",1,96.0,כאן 11,Other,1,2024-11-28,overnight,2,1.0,0.4826129136716342,1.6,1,True
"('כאן 11', '2024-11-28', 5)",1,116.0,כאן 11,Other,1,2024-11-28,overnight,2,1.0,-0.054311989353739605,1.9333333333333333,1,True
"('כאן 11', '2024-11-28', 7)",2,233.0,כאן 11,Other,2,2024-11-28,overnight,4,2.0,0.9472798424936978,1.9416666666666667,2,True
"('כאן 11', '2024-11-28', 11)",1,156.0,כאן 11,Other,3,2024-11-28,overnight,3,1.0,-0.21245323337704825,2.6,1,True
"('כאן 11', '2024-11-28', 28)",2,271.0,כאן 11,PrimeShow2,12,2024-11-28,afternoon,5,2.0,0.44375466223530874,2.2583333333333333,2,True
"('כאן 11', '2024-11-28', 33)",2,271.0,כאן 11,Other,13,2024-11-28,afternoon,5,2.0,-1.0711622006845385,2.2583333333333333,2,True
"('כאן 11', '2024-11-28', 37)",1,88.0,כאן 11,PrimeShow1,14,2024-11-28,afternoon,1,1.0,0.7213843507415553,1.4666666666666666,1,True
"('כאן 11', '2024-11-28', 45)",1,12.0,כאן 11,Other,15,2024-11-28,afternoon,0,1.0,-0.06345097345017224,0.2,1,True
"('כאן 11', '2024-11-28', 46)",1,160.0,כאן 11,Other,15,2024-11-28,afternoon,3,1.0,0.07534714227155825,2.6666666666666665,1,True
"('כאן 11', '2024-11-28', 49)",2,224.0,כאן 11,Other,16,2024-11-28,afternoon,4,2.0,0.24821955810231286,1.8666666666666667,2,True
"('כאן 11', '2024-11-28', 60)",2,24.0,כאן 11,News,21,2024-11-28,late_evening,0,2.0,-0.37918040458233093,0.2,2,True
"('כאן 11', '2024-11-28', 65)",1,202.0,כאן 11,Other,22,2024-11-28,late_evening,3,1.0,0.03459941131170241,3.3666666666666667,1,True
"('כאן 11', '2024-11-28', 68)",1,59.0,כאן 11,Other,22,2024-11-28,late_evening,1,1.0,0.14172815982870143,0.9833333333333333,1,True
"('כאן 11', '2024-11-28', 69)",1,125.0,כאן 11,News,23,2024-11-28,late_evening,2,1.0,0.3191595981615982,2.0833333333333335,1,True
"('כאן 11', '2024-11-29', 0)",1,103.0,כאן 11,Other,0,2024-11-29,overnight,2,1.0,0.041407620189605886,1.7166666666666666,1,True
"('כאן 11', '2024-11-29', 2)",1,147.0,כאן 11,Other,1,2024-11-29,overnight,2,1.0,-0.0619065558808288,2.45,1,True
"('כאן 11', '2024-11-29', 5)",1,69.0,כאן 11,Other,1,2024-11-29,overnight,1,1.0,0.2031442269335631,1.15,1,True
"('כאן 11', '2024-11-29', 7)",1,129.0,כאן 11,Other,2,2024-11-29,overnight,2,1.0,0.44840155487870825,2.15,1,True
"('כאן 11', '2024-11-29', 9)",1,95.0,כאן 11,Other,2,2024-11-29,overnight,2,1.0,-0.04747235154735539,1.5833333333333333,1,True
"('כאן 11', '2024-11-29', 11)",1,126.0,כאן 11,Other,3,2024-11-29,overnight,2,1.0,-0.010986079343570487,2.1,1,True
"('כאן 11', '2024-11-29', 15)",2,163.0,כאן 11,Other,3,2024-11-29,overnight,3,2.0,-0.4216500986385288,1.3583333333333334,2,True
"('כאן 11', '2024-11-29', 19)",2,219.0,כאן 11,Other,5,2024-11-29,overnight,4,2.0,0.032318553416483896,1.8250000000000002,2,True
"('כאן 11', '2024-11-29', 43)",1,87.0,כאן 11,PrimeShow2,14,2024-11-29,afternoon,1,1.0,0.3504053309251371,1.45,1,True
"('כאן 11', '2024-11-29', 45)",1,75.0,כאן 11,Other,15,2024-11-29,afternoon,1,1.0,-0.21111750443393557,1.25,1,True
"('כאן 11', '2024-11-29', 49)",1,129.0,כאן 11,Other,15,2024-11-29,afternoon,2,1.0,-0.3041624010077789,2.15,1,True
"('כאן 11', '2024-11-29', 51)",2,182.0,כאן 11,Other,16,2024-11-29,afternoon,3,2.0,0.21674997283547706,1.5166666666666666,2,True
"('כאן 11', '2024-11-29', 54)",5,308.0,כאן 11,Other,17,2024-11-29,early_evening,5,5.0,0.3109547985682344,1.0266666666666666,5,True
"('כאן 11', '2024-11-29', 60)",2,24.0,כאן 11,News,21,2024-11-29,late_evening,0,2.0,-0.2127991012052118,0.2,2,True
"('כאן 11', '2024-11-29', 63)",2,200.0,כאן 11,Other,22,2024-11-29,late_evening,3,2.0,-0.16195896589008937,1.6666666666666667,2,True
"('כאן 11', '2024-11-29', 66)",1,185.0,כאן 11,Other,23,2024-11-29,late_evening,3,1.0,-0.040591074915404035,3.0833333333333335,1,True
"('כאן 11', '2024-11-29', 69)",1,12.0,כאן 11,PrimeShow1,23,2024-11-29,late_evening,0,1.0,-0.017992755866390722,0.2,1,True
"('כאן 11', '2024-11-30', 0)",1,141.0,כאן 11,Other,0,2024-11-30,overnight,2,1.0,0.07781518089726656,2.35,1,True
"('כאן 11', '2024-11-30', 1)",1,154.0,כאן 11,Other,0,2024-11-30,overnight,3,1.0,0.002604237341201618,2.566666666666667,1,True
"('כאן 11', '2024-11-30', 4)",2,129.0,כאן 11,Other,1,2024-11-30,overnight,2,2.0,0.11449770588778398,1.075,2,True
"('כאן 11', '2024-11-30', 8)",1,117.0,כאן 11,Other,2,2024-11-30,overnight,2,1.0,0.8315608981968374,1.95,1,True
"('כאן 11', '2024-11-30', 10)",2,293.0,כאן 11,Other,2,2024-11-30,overnight,5,2.0,0.1101703297506488,2.4416666666666664,2,True
"('כאן 11', '2024-11-30', 13)",2,252.0,כאן 11,Other,3,2024-11-30,overnight,4,2.0,-0.14869896964509394,2.1,2,True
"('כאן 11', '2024-11-30', 36)",1,69.0,כאן 11,PrimeShow1,12,2024-11-30,afternoon,1,1.0,0.2811843237942609,1.15,1,True
"('כאן 11', '2024-11-30', 39)",1,73.0,כאן 11,Other,13,2024-11-30,afternoon,1,1.0,-0.239525621865027,1.2166666666666666,1,True
"('כאן 11', '2024-11-30', 47)",1,85.0,כאן 11,Other,15,2024-11-30,afternoon,1,1.0,0.0897024752492895,1.4166666666666667,1,True
"('כאן 11', '2024-11-30', 51)",3,221.0,כאן 11,Other,16,2024-11-30,afternoon,4,3.0,0.21335129814706677,1.2277777777777779,3,True
"('כאן 11', '2024-11-30', 56)",1,30.0,כאן 11,Other,18,2024-11-30,early_evening,0,1.0,-0.11113668705218621,0.5,1,True
"('כאן 11', '2024-11-30', 59)",1,91.0,כאן 11,News,21,2024-11-30,late_evening,2,1.0,0.001208115841785845,1.5166666666666666,1,True
"('כאן 11', '2024-11-30', 61)",1,129.0,כאן 11,PrimeShow2,22,2024-11-30,late_evening,2,1.0,0.08423311733636138,2.15,1,True
"('כאן 11', '2024-11-30', 63)",1,150.0,כאן 11,Other,22,2024-11-30,late_evening,2,1.0,0.08494555309793227,2.5,1,True
"('כאן 11', '2024-11-30', 66)",1,149.0,כאן 11,PrimeShow1,23,2024-11-30,late_evening,2,1.0,0.033706363634347564,2.4833333333333334,1,True
"('עכשיו 14', '2024-11-01', 1)",1,101.0,עכשיו 14,Other,2,2024-11-01,overnight,2,1.0,0.3020938511130843,1.6833333333333333,1,True
"('עכשיו 14', '2024-11-01', 6)",1,52.0,עכשיו 14,Other,4,2024-11-01,overnight,1,1.0,-0.02259983191724069,0.8666666666666667,1,True
"('עכשיו 14', '2024-11-01', 11)",1,81.0,עכשיו 14,PrimeShow1,6,2024-11-01,morning,1,1.0,-0.2665047351644107,1.35,1,True
"('עכשיו 14', '2024-11-01', 16)",3,258.0,עכשיו 14,Other,9,2024-11-01,morning,4,3.0,0.10364268249191995,1.4333333333333333,3,True
"('עכשיו 14', '2024-11-01', 19)",2,238.0,עכשיו 14,Other,11,2024-11-01,morning,4,2.0,-0.13287023557564492,1.9833333333333334,2,True
"('עכשיו 14', '2024-11-01', 26)",1,48.0,עכשיו 14,Other,15,2024-11-01,afternoon,1,1.0,-0.13844124421851747,0.8,1,True
"('עכשיו 14', '2024-11-02', 5)",1,80.0,עכשיו 14,Other,19,2024-11-02,early_evening,1,1.0,-0.20257898066454408,1.3333333333333333,1,True
"('עכשיו 14', '2024-11-02', 9)",1,87.0,עכשיו 14,PrimeShow2,21,2024-11-02,late_evening,1,1.0,-0.03691832976750698,1.45,1,True
"('עכשיו 14', '2024-11-02', 13)",1,317.0,עכשיו 14,News,23,2024-11-02,late_evening,5,1.0,0.03939801361426046,5.283333333333333,1,True
"('עכשיו 14', '2024-11-03', 7)",1,98.0,עכשיו 14,Other,3,2024-11-03,overnight,2,1.0,-0.06603058152308597,1.6333333333333333,1,True
"('עכשיו 14', '2024-11-03', 11)",1,60.0,עכשיו 14,Other,4,2024-11-03,overnight,1,1.0,-0.012170535620255291,1.0,1,True
"('עכשיו 14', '2024-11-03', 13)",1,72.0,עכשיו 14,Other,5,2024-11-03,overnight,1,1.0,-0.008547060578458408,1.2,1,True
"('עכשיו 14', '2024-11-03', 15)",1,93.0,עכשיו 14,Other,5,2024-11-03,overnight,2,1.0,0.11910707494790844,1.55,1,True
"('עכשיו 14', '2024-11-03', 18)",1,88.0,עכשיו 14,PrimeShow1,6,2024-11-03,morning,1,1.0,0.04431319124102039,1.4666666666666666,1,True
"('עכשיו 14', '2024-11-03', 25)",2,239.0,עכשיו 14,Other,10,2024-11-03,morning,4,2.0,0.1935665339705236,1.9916666666666667,2,True
"('עכשיו 14', '2024-11-03', 33)",1,26.0,עכשיו 14,PrimeShow1,15,2024-11-03,afternoon,0,1.0,0.10995600082836411,0.43333333333333335,1,True
"('עכשיו 14', '2024-11-03', 36)",1,106.0,עכשיו 14,Other,16,2024-11-03,afternoon,2,1.0,0.19025573989550568,1.7666666666666666,1,True
"('עכשיו 14', '2024-11-03', 51)",1,137.0,עכשיו 14,Other,22,2024-11-03,late_evening,2,1.0,-0.07946575726501558,2.283333333333333,1,True
"('עכשיו 14', '2024-11-04', 0)",2,190.0,עכשיו 14,Other,0,2024-11-04,overnight,3,2.0,-0.12524847455298715,1.5833333333333335,2,True
"('עכשיו 14', '2024-11-04', 4)",1,241.0,עכשיו 14,Other,1,2024-11-04,overnight,4,1.0,-0.08711387276176882,4.016666666666667,1,True
"('עכשיו 14', '2024-11-04', 7)",1,160.0,עכשיו 14,Other,3,2024-11-04,overnight,3,1.0,0.09051400754083169,2.6666666666666665,1,True
"('עכשיו 14', '2024-11-04', 11)",1,143.0,עכשיו 14,Other,4,2024-11-04,overnight,2,1.0,-0.008064559836730519,2.3833333333333333,1,True
"('עכשיו 14', '2024-11-04', 13)",1,99.0,עכשיו 14,Other,5,2024-11-04,overnight,2,1.0,-0.04521760599329346,1.65,1,True
"('עכשיו 14', '2024-11-04', 17)",1,79.0,עכשיו 14,Other,6,2024-11-04,morning,1,1.0,0.0685682031909453,1.3166666666666667,1,True
"('עכשיו 14', '2024-11-04', 19)",3,354.0,עכשיו 14,Other,7,2024-11-04,morning,6,3.0,0.30004210432611955,1.9666666666666668,3,True
"('עכשיו 14', '2024-11-04', 23)",2,167.0,עכשיו 14,Other,10,2024-11-04,morning,3,2.0,-0.062203708029284044,1.3916666666666666,2,True
"('עכשיו 14', '2024-11-04', 36)",1,79.0,עכשיו 14,News,17,2024-11-04,early_evening,1,1.0,0.10022906274180363,1.3166666666666667,1,True
"('עכשיו 14', '2024-11-04', 41)",1,259.0,עכשיו 14,Other,19,2024-11-04,early_evening,4,1.0,0.05762904207837055,4.316666666666666,1,True
"('עכשיו 14', '2024-11-04', 43)",1,119.0,עכשיו 14,PrimeShow1,19,2024-11-04,early_evening,2,1.0,-0.045450408819079705,1.9833333333333334,1,True
"('עכשיו 14', '2024-11-04', 44)",1,304.0,עכשיו 14,News,20,2024-11-04,late_evening,5,1.0,-0.012487838918205277,5.066666666666666,1,True
"('עכשיו 14', '2024-11-04', 49)",1,85.0,עכשיו 14,News,22,2024-11-04,late_evening,1,1.0,0.11430079453838315,1.4166666666666667,1,True
"('עכשיו 14', '2024-11-05', 0)",1,52.0,עכשיו 14,Other,0,2024-11-05,overnight,1,1.0,-0.030874392411797312,0.8666666666666667,1,True
"('עכשיו 14', '2024-11-05', 3)",1,198.0,עכשיו 14,Other,2,2024-11-05,overnight,3,1.0,0.020457046989520583,3.3,1,True
"('עכשיו 14', '2024-11-05', 8)",1,198.0,עכשיו 14,Other,4,2024-11-05,overnight,3,1.0,0.028515170308021233,3.3,1,True
"('עכשיו 14', '2024-11-05', 14)",1,125.0,עכשיו 14,PrimeShow1,6,2024-11-05,morning,2,1.0,-0.09190626883165602,2.0833333333333335,1,True
"('עכשיו 14', '2024-11-05', 16)",4,598.0,עכשיו 14,Other,7,2024-11-05,morning,10,4.0,0.32506791962840964,2.4916666666666667,4,True
"('עכשיו 14', '2024-11-05', 36)",2,250.0,עכשיו 14,Other,18,2024-11-05,early_evening,4,2.0,0.1067187259993639,2.0833333333333335,2,True
"('עכשיו 14', '2024-11-05', 38)",1,270.0,עכשיו 14,Other,19,2024-11-05,early_evening,4,1.0,0.03587318475768632,4.5,1,True
"('עכשיו 14', '2024-11-05', 40)",1,120.0,עכשיו 14,PrimeShow1,19,2024-11-05,early_evening,2,1.0,-0.016552070807713204,2.0,1,True
"('עכשיו 14', '2024-11-05', 42)",2,220.0,עכשיו 14,PrimeShow1,21,2024-11-05,late_evening,4,2.0,-0.10754359307827588,1.8333333333333333,2,True
"('עכשיו 14', '2024-11-05', 46)",1,50.0,עכשיו 14,Other,23,2024-11-05,late_evening,1,1.0,0.06478938915784657,0.8333333333333334,1,True
"('עכשיו 14', '2024-11-06', 4)",1,65.0,עכשיו 14,Other,1,2024-11-06,overnight,1,1.0,-0.03496893146769583,1.0833333333333333,1,True
"('עכשיו 14', '2024-11-06', 11)",1,80.0,עכשיו 14,Other,6,2024-11-06,morning,1,1.0,-0.0011825489791140592,1.3333333333333333,1,True
"('עכשיו 14', '2024-11-06', 28)",2,152.0,עכשיו 14,News,17,2024-11-06,early_evening,3,2.0,0.1366321703027708,1.2666666666666666,2,True
"('עכשיו 14', '2024-11-06', 33)",1,167.0,עכשיו 14,Other,19,2024-11-06,early_evening,3,1.0,-0.1347634891914339,2.783333333333333,1,True
"('עכשיו 14', '2024-11-06', 35)",1,120.0,עכשיו 14,PrimeShow1,19,2024-11-06,early_evening,2,1.0,0.04100525001386007,2.0,1,True
"('עכשיו 14', '2024-11-06', 41)",1,66.0,עכשיו 14,Other,22,2024-11-06,late_evening,1,1.0,-0.12988989000795445,1.1,1,True
"('עכשיו 14', '2024-11-07', 0)",1,87.0,עכשיו 14,Other,0,2024-11-07,overnight,1,1.0,-0.02306527293099596,1.45,1,True
"('עכשיו 14', '2024-11-07', 3)",1,34.0,עכשיו 14,Other,1,2024-11-07,overnight,1,1.0,-0.02148520145078612,0.5666666666666667,1,True
"('עכשיו 14', '2024-11-07', 7)",1,156.0,עכשיו 14,Other,2,2024-11-07,overnight,3,1.0,0.0032051309489485526,2.6,1,True
"('עכשיו 14', '2024-11-07', 12)",1,200.0,עכשיו 14,Other,4,2024-11-07,overnight,3,1.0,-0.028515170308021233,3.3333333333333335,1,True
"('עכשיו 14', '2024-11-07', 13)",1,169.0,עכשיו 14,Other,4,2024-11-07,overnight,3,1.0,-0.04849434993861038,2.816666666666667,1,True
"('עכשיו 14', '2024-11-07', 19)",1,80.0,עכשיו 14,PrimeShow1,6,2024-11-07,morning,1,1.0,0.22597174993338334,1.3333333333333333,1,True
"('עכשיו 14', '2024-11-07', 38)",2,158.0,עכשיו 14,News,17,2024-11-07,early_evening,3,2.0,-0.07177023037494303,1.3166666666666667,2,True
"('עכשיו 14', '2024-11-07', 43)",1,187.0,עכשיו 14,PrimeShow2,19,2024-11-07,early_evening,3,1.0,0.028194103194772252,3.1166666666666667,1,True
"('עכשיו 14', '2024-11-07', 45)",1,120.0,עכשיו 14,PrimeShow1,19,2024-11-07,early_evening,2,1.0,0.0395176740325629,2.0,1,True
"('עכשיו 14', '2024-11-07', 46)",1,205.0,עכשיו 14,News,20,2024-11-07,late_evening,3,1.0,-0.029473017591940126,3.4166666666666665,1,True
"('עכשיו 14', '2024-11-07', 52)",1,58.0,עכשיו 14,Other,22,2024-11-07,late_evening,1,1.0,-0.1949554919758869,0.9666666666666667,1,True
"('עכשיו 14', '2024-11-07', 54)",1,98.0,עכשיו 14,PrimeShow1,23,2024-11-07,late_evening,2,1.0,-0.008612118819548056,1.6333333333333333,1,True
"('עכשיו 14', '2024-11-08', 1)",1,73.0,עכשיו 14,Other,3,2024-11-08,overnight,1,1.0,-0.0014920603855147901,1.2166666666666666,1,True
"('עכשיו 14', '2024-11-08', 3)",1,73.0,עכשיו 14,Other,3,2024-11-08,overnight,1,1.0,0.06712893804888881,1.2166666666666666,1,True
"('עכשיו 14', '2024-11-08', 6)",1,72.0,עכשיו 14,Other,6,2024-11-08,morning,1,1.0,0.21897853140982187,1.2,1,True
"('עכשיו 14', '2024-11-09', 6)",1,110.0,עכשיו 14,Other,19,2024-11-09,early_evening,2,1.0,-0.24759636641490176,1.8333333333333333,1,True
"('עכשיו 14', '2024-11-09', 12)",1,139.0,עכשיו 14,News,23,2024-11-09,late_evening,2,1.0,0.0762835635073841,2.316666666666667,1,True
"('עכשיו 14', '2024-11-10', 7)",1,160.0,עכשיו 14,Other,3,2024-11-10,overnight,3,1.0,0.3939296074835642,2.6666666666666665,1,True
"('עכשיו 14', '2024-11-10', 12)",1,160.0,עכשיו 14,Other,4,2024-11-10,overnight,3,1.0,0.030459207484708654,2.6666666666666665,1,True
"('עכשיו 14', '2024-11-10', 14)",1,53.0,עכשיו 14,Other,5,2024-11-10,overnight,1,1.0,0.5606241574874379,0.8833333333333333,1,True
"('עכשיו 14', '2024-11-10', 18)",1,52.0,עכשיו 14,PrimeShow1,6,2024-11-10,morning,1,1.0,-0.09378188355684014,0.8666666666666667,1,True
"('עכשיו 14', '2024-11-10', 42)",1,114.0,עכשיו 14,Other,19,2024-11-10,early_evening,2,1.0,-0.035440292805196796,1.9,1,True
"('עכשיו 14', '2024-11-10', 44)",1,100.0,עכשיו 14,PrimeShow1,19,2024-11-10,early_evening,2,1.0,0.04954616496143956,1.6666666666666667,1,True
"('עכשיו 14', '2024-11-10', 47)",1,46.0,עכשיו 14,PrimeShow2,21,2024-11-10,late_evening,1,1.0,0.06228396621219866,0.7666666666666667,1,True
"('עכשיו 14', '2024-11-10', 50)",1,62.0,עכשיו 14,Other,22,2024-11-10,late_evening,1,1.0,-0.10344105173210241,1.0333333333333334,1,True
"('עכשיו 14', '2024-11-11', 0)",1,57.0,עכשיו 14,Other,0,2024-11-11,overnight,1,1.0,-0.2387570192283911,0.95,1,True
"('עכשיו 14', '2024-11-11', 2)",1,105.0,עכשיו 14,Other,2,2024-11-11,overnight,2,1.0,0.15001872648197007,1.75,1,True
"('עכשיו 14', '2024-11-11', 11)",1,45.0,עכשיו 14,PrimeShow1,6,2024-11-11,morning,1,1.0,-0.026811257450656503,0.75,1,True
"('עכשיו 14', '2024-11-11', 35)",1,173.0,עכשיו 14,Other,19,2024-11-11,early_evening,3,1.0,-0.10189084054545426,2.8833333333333333,1,True
"('עכשיו 14', '2024-11-11', 37)",1,101.0,עכשיו 14,PrimeShow1,19,2024-11-11,early_evening,2,1.0,-0.021985300090128224,1.6833333333333333,1,True
"('עכשיו 14', '2024-11-11', 38)",1,76.0,עכשיו 14,News,20,2024-11-11,late_evening,1,1.0,0.028846407170158104,1.2666666666666666,1,True
"('עכשיו 14', '2024-11-11', 40)",1,89.0,עכשיו 14,PrimeShow2,21,2024-11-11,late_evening,1,1.0,0.04509009430035741,1.4833333333333334,1,True
"('עכשיו 14', '2024-11-11', 43)",2,164.0,עכשיו 14,Other,22,2024-11-11,late_evening,3,2.0,-0.057049123883246844,1.3666666666666667,2,True
"('עכשיו 14', '2024-11-12', 0)",1,42.0,עכשיו 14,Other,0,2024-11-12,overnight,1,1.0,-0.04771039621461122,0.7,1,True
"('עכשיו 14', '2024-11-12', 7)",1,42.0,עכשיו 14,Other,3,2024-11-12,overnight,1,1.0,-0.2091314251637592,0.7,1,True
"('עכשיו 14', '2024-11-12', 9)",1,178.0,עכשיו 14,Other,4,2024-11-12,overnight,3,1.0,0.038099846232270175,2.966666666666667,1,True
"('עכשיו 14', '2024-11-12', 10)",1,133.0,עכשיו 14,Other,4,2024-11-12,overnight,2,1.0,0.022335953942062864,2.216666666666667,1,True
"('עכשיו 14', '2024-11-12', 38)",1,191.0,עכשיו 14,Other,19,2024-11-12,early_evening,3,1.0,0.03640840970330942,3.183333333333333,1,True
"('עכשיו 14', '2024-11-12', 40)",1,120.0,עכשיו 14,PrimeShow1,19,2024-11-12,early_evening,2,1.0,-0.0400741920959526,2.0,1,True
"('עכשיו 14', '2024-11-12', 46)",1,27.0,עכשיו 14,Other,22,2024-11-12,late_evening,0,1.0,-0.06268938807138336,0.45,1,True
"('עכשיו 14', '2024-11-12', 48)",1,98.0,עכשיו 14,PrimeShow1,23,2024-11-12,late_evening,2,1.0,0.04330473492740383,1.6333333333333333,1,True
"('עכשיו 14', '2024-11-13', 0)",1,34.0,עכשיו 14,Other,0,2024-11-13,overnight,1,1.0,0.13062630668457634,0.5666666666666667,1,True
"('עכשיו 14', '2024-11-13', 7)",1,85.0,עכשיו 14,Other,3,2024-11-13,overnight,1,1.0,0.130382071232899,1.4166666666666667,1,True
"('עכשיו 14', '2024-11-13', 40)",1,146.0,עכשיו 14,Other,19,2024-11-13,early_evening,2,1.0,-0.054775409590797415,2.433333333333333,1,True
"('עכשיו 14', '2024-11-13', 42)",1,100.0,עכשיו 14,PrimeShow1,19,2024-11-13,early_evening,2,1.0,0.03307328375198033,1.6666666666666667,1,True
"('עכשיו 14', '2024-11-13', 43)",1,62.0,עכשיו 14,News,20,2024-11-13,late_evening,1,1.0,0.03924457515930174,1.0333333333333334,1,True
"('עכשיו 14', '2024-11-13', 45)",1,42.0,עכשיו 14,PrimeShow2,21,2024-11-13,late_evening,1,1.0,-0.008156979484498488,0.7,1,True
"('עכשיו 14', '2024-11-13', 49)",1,89.0,עכשיו 14,PrimeShow2,23,2024-11-13,late_evening,1,1.0,0.007862588277472077,1.4833333333333334,1,True
"('עכשיו 14', '2024-11-14', 4)",1,20.0,עכשיו 14,Other,3,2024-11-14,overnight,0,1.0,-0.09119820184532187,0.3333333333333333,1,True
"('עכשיו 14', '2024-11-14', 12)",1,28.0,עכשיו 14,PrimeShow1,6,2024-11-14,morning,0,1.0,-0.1056390284015842,0.4666666666666667,1,True
"('עכשיו 14', '2024-11-14', 36)",1,146.0,עכשיו 14,PrimeShow2,19,2024-11-14,early_evening,2,1.0,0.05789803695167514,2.433333333333333,1,True
"('עכשיו 14', '2024-11-14', 38)",1,100.0,עכשיו 14,PrimeShow1,19,2024-11-14,early_evening,2,1.0,0.02219787308394263,1.6666666666666667,1,True
"('עכשיו 14', '2024-11-14', 39)",1,75.0,עכשיו 14,News,20,2024-11-14,late_evening,1,1.0,0.007818508352962134,1.25,1,True
"('עכשיו 14', '2024-11-14', 41)",1,81.0,עכשיו 14,PrimeShow2,21,2024-11-14,late_evening,1,1.0,0.1108737668460708,1.35,1,True
"('עכשיו 14', '2024-11-16', 8)",1,62.0,עכשיו 14,Other,19,2024-11-16,early_evening,1,1.0,0.05914727382685679,1.0333333333333334,1,True
"('עכשיו 14', '2024-11-16', 12)",1,82.0,עכשיו 14,PrimeShow2,21,2024-11-16,late_evening,1,1.0,-0.041873553409737106,1.3666666666666667,1,True
"('עכשיו 14', '2024-11-17', 0)",1,99.0,עכשיו 14,Other,0,2024-11-17,overnight,2,1.0,0.26180348644709917,1.65,1,True
"('עכשיו 14', '2024-11-17', 2)",1,56.0,עכשיו 14,Other,1,2024-11-17,overnight,1,1.0,-0.02437955947715068,0.9333333333333333,1,True
"('עכשיו 14', '2024-11-17', 7)",1,115.0,עכשיו 14,Other,3,2024-11-17,overnight,2,1.0,-0.06443186015938901,1.9166666666666667,1,True
"('עכשיו 14', '2024-11-17', 16)",1,42.0,עכשיו 14,PrimeShow1,6,2024-11-17,morning,1,1.0,-0.022947312556471054,0.7,1,True
"('עכשיו 14', '2024-11-17', 37)",1,100.0,עכשיו 14,PrimeShow2,17,2024-11-17,early_evening,2,1.0,-0.06971789333312345,1.6666666666666667,1,True
"('עכשיו 14', '2024-11-17', 42)",1,100.0,עכשיו 14,PrimeShow1,19,2024-11-17,early_evening,2,1.0,-0.06159283294805619,1.6666666666666667,1,True
"('עכשיו 14', '2024-11-17', 49)",1,27.0,עכשיו 14,Other,22,2024-11-17,late_evening,0,1.0,0.13998439757146994,0.45,1,True
"('עכשיו 14', '2024-11-17', 51)",1,97.0,עכשיו 14,PrimeShow1,23,2024-11-17,late_evening,2,1.0,0.04280052867430845,1.6166666666666667,1,True
"('עכשיו 14', '2024-11-18', 0)",1,89.0,עכשיו 14,Other,0,2024-11-18,overnight,1,1.0,0.04165581279232543,1.4833333333333334,1,True
"('עכשיו 14', '2024-11-18', 2)",1,90.0,עכשיו 14,Other,1,2024-11-18,overnight,2,1.0,-0.0044395189453650275,1.5,1,True
"('עכשיו 14', '2024-11-18', 6)",2,163.0,עכשיו 14,Other,2,2024-11-18,overnight,3,2.0,0.22534175349726393,1.3583333333333334,2,True
"('עכשיו 14', '2024-11-18', 41)",1,193.0,עכשיו 14,Other,19,2024-11-18,early_evening,3,1.0,3.914001558249364e-05,3.216666666666667,1,True
"('עכשיו 14', '2024-11-18', 43)",1,100.0,עכשיו 14,PrimeShow1,19,2024-11-18,early_evening,2,1.0,-0.004749633766819278,1.6666666666666667,1,True
"('עכשיו 14', '2024-11-18', 44)",1,164.0,עכשיו 14,News,20,2024-11-18,late_evening,3,1.0,0.12131048425892385,2.7333333333333334,1,True
"('עכשיו 14', '2024-11-18', 49)",1,72.0,עכשיו 14,Other,22,2024-11-18,late_evening,1,1.0,0.06663499383290375,1.2,1,True
"('עכשיו 14', '2024-11-19', 0)",1,74.0,עכשיו 14,Other,0,2024-11-19,overnight,1,1.0,-0.09057477708585536,1.2333333333333334,1,True
"('עכשיו 14', '2024-11-19', 7)",1,85.0,עכשיו 14,Other,3,2024-11-19,overnight,1,1.0,0.30452866006062856,1.4166666666666667,1,True
"('עכשיו 14', '2024-11-19', 16)",1,45.0,עכשיו 14,PrimeShow1,6,2024-11-19,morning,1,1.0,-0.0027137058715959173,0.75,1,True
"('עכשיו 14', '2024-11-19', 38)",1,101.0,עכשיו 14,PrimeShow2,17,2024-11-19,early_evening,2,1.0,-0.013696040429858412,1.6833333333333333,1,True
"('עכשיו 14', '2024-11-19', 41)",1,207.0,עכשיו 14,Other,19,2024-11-19,early_evening,3,1.0,0.016563999590814834,3.45,1,True
"('עכשיו 14', '2024-11-19', 43)",1,100.0,עכשיו 14,PrimeShow1,19,2024-11-19,early_evening,2,1.0,0.08162274288156722,1.6666666666666667,1,True
"('עכשיו 14', '2024-11-20', 8)",1,117.0,עכשיו 14,Other,3,2024-11-20,overnight,2,1.0,-0.08324271040420733,1.95,1,True
"('עכשיו 14', '2024-11-20', 17)",1,55.0,עכשיו 14,PrimeShow1,6,2024-11-20,morning,1,1.0,-0.12542613690450535,0.9166666666666666,1,True
"('עכשיו 14', '2024-11-20', 38)",1,101.0,עכשיו 14,PrimeShow2,17,2024-11-20,early_evening,2,1.0,0.05463430293053847,1.6833333333333333,1,True
"('עכשיו 14', '2024-11-20', 39)",1,114.0,עכשיו 14,Other,18,2024-11-20,early_evening,2,1.0,0.2760404557673376,1.9,1,True
"('עכשיו 14', '2024-11-20', 41)",1,281.0,עכשיו 14,Other,18,2024-11-20,early_evening,5,1.0,0.026858364253196404,4.683333333333334,1,True
"('עכשיו 14', '2024-11-20', 43)",1,108.0,עכשיו 14,PrimeShow1,19,2024-11-20,early_evening,2,1.0,0.0711514430142717,1.8,1,True
"('עכשיו 14', '2024-11-20', 44)",1,79.0,עכשיו 14,News,20,2024-11-20,late_evening,1,1.0,0.08636297766833793,1.3166666666666667,1,True
"('עכשיו 14', '2024-11-20', 49)",1,41.0,עכשיו 14,News,22,2024-11-20,late_evening,1,1.0,0.08294776715751588,0.6833333333333333,1,True
"('עכשיו 14', '2024-11-20', 51)",1,60.0,עכשיו 14,PrimeShow2,23,2024-11-20,late_evening,1,1.0,0.07574001068055783,1.0,1,True
"('עכשיו 14', '2024-11-21', 2)",1,55.0,עכשיו 14,Other,1,2024-11-21,overnight,1,1.0,-0.12164870850600044,0.9166666666666666,1,True
"('עכשיו 14', '2024-11-21', 6)",1,188.0,עכשיו 14,Other,3,2024-11-21,overnight,3,1.0,-0.05605951263046274,3.1333333333333333,1,True
"('עכשיו 14', '2024-11-21', 8)",1,59.0,עכשיו 14,Other,3,2024-11-21,overnight,1,1.0,-0.04196419909903208,0.9833333333333333,1,True
"('עכשיו 14', '2024-11-21', 16)",1,95.0,עכשיו 14,PrimeShow1,6,2024-11-21,morning,2,1.0,-0.05471380367386307,1.5833333333333333,1,True
"('עכשיו 14', '2024-11-21', 37)",1,100.0,עכשיו 14,PrimeShow2,17,2024-11-21,early_evening,2,1.0,0.13843384016184931,1.6666666666666667,1,True
"('עכשיו 14', '2024-11-21', 40)",1,254.0,עכשיו 14,PrimeShow2,19,2024-11-21,early_evening,4,1.0,0.20620439422864317,4.233333333333333,1,True
"('עכשיו 14', '2024-11-21', 42)",1,100.0,עכשיו 14,PrimeShow1,19,2024-11-21,early_evening,2,1.0,-0.033431568392905786,1.6666666666666667,1,True
"('עכשיו 14', '2024-11-21', 43)",1,175.0,עכשיו 14,News,20,2024-11-21,late_evening,3,1.0,0.2260635438041651,2.9166666666666665,1,True
"('עכשיו 14', '2024-11-22', 5)",1,55.0,עכשיו 14,Other,4,2024-11-22,overnight,1,1.0,0.13102826240640417,0.9166666666666666,1,True
"('עכשיו 14', '2024-11-22', 7)",1,55.0,עכשיו 14,Other,5,2024-11-22,overnight,1,1.0,-0.045511646082877485,0.9166666666666666,1,True
"('עכשיו 14', '2024-11-22', 10)",1,105.0,עכשיו 14,Other,6,2024-11-22,morning,2,1.0,-0.00735792738719044,1.75,1,True
"('עכשיו 14', '2024-11-23', 8)",1,203.0,עכשיו 14,Other,19,2024-11-23,early_evening,3,1.0,0.06336733224710835,3.3833333333333333,1,True
"('עכשיו 14', '2024-11-24', 2)",1,88.0,עכשיו 14,Other,1,2024-11-24,overnight,1,1.0,0.2574625868907905,1.4666666666666666,1,True
"('עכשיו 14', '2024-11-24', 7)",1,175.0,עכשיו 14,Other,3,2024-11-24,overnight,3,1.0,-0.06335451583268498,2.9166666666666665,1,True
"('עכשיו 14', '2024-11-24', 11)",1,74.0,עכשיו 14,Other,4,2024-11-24,overnight,1,1.0,-0.04748053823299453,1.2333333333333334,1,True
"('עכשיו 14', '2024-11-24', 40)",1,100.0,עכשיו 14,PrimeShow1,19,2024-11-24,early_evening,2,1.0,-0.05628328388200228,1.6666666666666667,1,True
"('עכשיו 14', '2024-11-24', 41)",1,236.0,עכשיו 14,News,20,2024-11-24,late_evening,4,1.0,0.02246349251234238,3.933333333333333,1,True
"('עכשיו 14', '2024-11-24', 46)",1,48.0,עכשיו 14,News,22,2024-11-24,late_evening,1,1.0,-0.02704846670739436,0.8,1,True
"('עכשיו 14', '2024-11-25', 4)",1,48.0,עכשיו 14,Other,1,2024-11-25,overnight,1,1.0,0.16669684824030526,0.8,1,True
"('עכשיו 14', '2024-11-25', 8)",1,115.0,עכשיו 14,Other,3,2024-11-25,overnight,2,1.0,0.03885492640287613,1.9166666666666667,1,True
"('עכשיו 14', '2024-11-25', 10)",1,114.0,עכשיו 14,Other,3,2024-11-25,overnight,2,1.0,-0.029908771392573148,1.9,1,True
"('עכשיו 14', '2024-11-25', 12)",1,115.0,עכשיו 14,Other,4,2024-11-25,overnight,2,1.0,-0.013371736965889083,1.9166666666666667,1,True
"('עכשיו 14', '2024-11-25', 14)",1,114.0,עכשיו 14,Other,4,2024-11-25,overnight,2,1.0,-0.03410561248651082,1.9,1,True
"('עכשיו 14', '2024-11-25', 43)",1,181.0,עכשיו 14,Other,19,2024-11-25,early_evening,3,1.0,0.22718995677719997,3.0166666666666666,1,True
"('עכשיו 14', '2024-11-25', 45)",1,108.0,עכשיו 14,PrimeShow1,19,2024-11-25,early_evening,2,1.0,0.13632103299032766,1.8,1,True
"('עכשיו 14', '2024-11-25', 46)",1,111.0,עכשיו 14,News,20,2024-11-25,late_evening,2,1.0,-0.034811785636450376,1.85,1,True
"('עכשיו 14', '2024-11-25', 53)",2,78.0,עכשיו 14,News,22,2024-11-25,late_evening,1,2.0,-0.05788099505992927,0.6499999999999999,2,True
"('עכשיו 14', '2024-11-26', 7)",1,114.0,עכשיו 14,Other,3,2024-11-26,overnight,2,1.0,-0.06392917372977039,1.9,1,True
"('עכשיו 14', '2024-11-26', 10)",1,115.0,עכשיו 14,Other,3,2024-11-26,overnight,2,1.0,0.03837001127296817,1.9166666666666667,1,True
"('עכשיו 14', '2024-11-26', 43)",1,100.0,עכשיו 14,PrimeShow1,19,2024-11-26,early_evening,2,1.0,0.07812185279111725,1.6666666666666667,1,True
"('עכשיו 14', '2024-11-27', 0)",1,88.0,עכשיו 14,Other,0,2024-11-27,overnight,1,1.0,-0.31943914181061495,1.4666666666666666,1,True
"('עכשיו 14', '2024-11-27', 2)",1,51.0,עכשיו 14,Other,1,2024-11-27,overnight,1,1.0,0.28757812775026853,0.85,1,True
"('עכשיו 14', '2024-11-27', 7)",1,67.0,עכשיו 14,Other,3,2024-11-27,overnight,1,1.0,-0.0886126583566037,1.1166666666666667,1,True
"('עכשיו 14', '2024-11-27', 10)",1,55.0,עכשיו 14,Other,4,2024-11-27,overnight,1,1.0,0.07243810828831727,0.9166666666666666,1,True
"('עכשיו 14', '2024-11-27', 43)",1,100.0,עכשיו 14,PrimeShow1,19,2024-11-27,early_evening,2,1.0,0.048757997934326176,1.6666666666666667,1,True
"('עכשיו 14', '2024-11-27', 44)",1,153.0,עכשיו 14,News,20,2024-11-27,late_evening,3,1.0,0.08069455982517675,2.55,1,True
"('עכשיו 14', '2024-11-27', 48)",2,280.0,עכשיו 14,Other,21,2024-11-27,late_evening,5,2.0,0.07922568868315592,2.3333333333333335,2,True
"('עכשיו 14', '2024-11-28', 7)",1,85.0,עכשיו 14,Other,3,2024-11-28,overnight,1,1.0,-0.09119820184532187,1.4166666666666667,1,True
"('עכשיו 14', '2024-11-28', 9)",1,67.0,עכשיו 14,Other,3,2024-11-28,overnight,1,1.0,-0.03588675933352406,1.1166666666666667,1,True
"('עכשיו 14', '2024-11-28', 11)",1,75.0,עכשיו 14,Other,4,2024-11-28,overnight,1,1.0,-0.41352966794489465,1.25,1,True
"('עכשיו 14', '2024-11-28', 43)",1,159.0,עכשיו 14,PrimeShow1,19,2024-11-28,early_evening,3,1.0,-0.02881404993261935,2.65,1,True
"('עכשיו 14', '2024-11-28', 44)",1,178.0,עכשיו 14,News,20,2024-11-28,late_evening,3,1.0,-0.029403004943326684,2.966666666666667,1,True
"('עכשיו 14', '2024-11-28', 49)",1,80.0,עכשיו 14,News,22,2024-11-28,late_evening,1,1.0,-0.18672909633780901,1.3333333333333333,1,True
"('עכשיו 14', '2024-11-29', 2)",1,96.0,עכשיו 14,Other,3,2024-11-29,overnight,2,1.0,-0.12299966431958594,1.6,1,True
"('עכשיו 14', '2024-11-29', 5)",1,96.0,עכשיו 14,Other,4,2024-11-29,overnight,2,1.0,-0.01901197948857189,1.6,1,True
"('עכשיו 14', '2024-11-29', 8)",1,96.0,עכשיו 14,Other,5,2024-11-29,overnight,2,1.0,0.5553694970539714,1.6,1,True
"('עכשיו 14', '2024-11-29', 9)",1,71.0,עכשיו 14,Other,5,2024-11-29,overnight,1,1.0,-0.045511646082877485,1.1833333333333333,1,True
"('עכשיו 14', '2024-11-29', 20)",2,95.0,עכשיו 14,PrimeShow2,9,2024-11-29,morning,2,2.0,0.46188913487923905,0.7916666666666667,2,True
"('עכשיו 14', '2024-11-29', 26)",1,94.0,עכשיו 14,PrimeShow2,11,2024-11-29,morning,2,1.0,-0.4725236398075385,1.5666666666666667,1,True
"('עכשיו 14', '2024-11-30', 6)",1,109.0,עכשיו 14,Other,17,2024-11-30,early_evening,2,1.0,-0.15768255057203276,1.8166666666666667,1,True
"('עכשיו 14', '2024-11-30', 8)",1,210.0,עכשיו 14,Other,19,2024-11-30,early_evening,4,1.0,-0.2235168674810055,3.5,1,True
"('עכשיו 14', '2024-11-30', 14)",1,135.0,עכשיו 14,Other,21,2024-11-30,late_evening,2,1.0,0.06159144537378795,2.25,1,True
"('עכשיו 14', '2024-11-30', 16)",2,265.0,עכשיו 14,News,22,2024-11-30,late_evening,4,2.0,-0.040507129339472155,2.208333333333333,2,True
"('קשת 12', '2024-11-01', 6)",1,66.0,קשת 12,Other,2,2024-11-01,overnight,1,1.0,-0.0751033926340168,1.1,1,True
"('קשת 12', '2024-11-01', 8)",1,130.0,קשת 12,Other,3,2024-11-01,overnight,2,1.0,-0.06340494837307202,2.1666666666666665,1,True
"('קשת 12', '2024-11-01', 10)",1,212.0,קשת 12,Other,4,2024-11-01,overnight,4,1.0,-0.2759284526343043,3.533333333333333,1,True
"('קשת 12', '2024-11-01', 48)",1,93.0,קשת 12,Other,11,2024-11-01,morning,2,1.0,0.0471865319383392,1.55,1,True
"('קשת 12', '2024-11-01', 55)",1,225.0,קשת 12,Other,12,2024-11-01,afternoon,4,1.0,-0.06485618623695225,3.75,1,True
"('קשת 12', '2024-11-01', 61)",2,106.0,קשת 12,News,13,2024-11-01,afternoon,2,2.0,-0.0848205076530415,0.8833333333333333,2,True
"('קשת 12', '2024-11-01', 76)",2,864.0,קשת 12,Other,18,2024-11-01,early_evening,14,2.0,0.25664135771676266,7.2,2,True
"('קשת 12', '2024-11-01', 80)",1,27.0,קשת 12,Other,19,2024-11-01,early_evening,0,1.0,-0.10946050141557603,0.45,1,True
"('קשת 12', '2024-11-01', 89)",1,636.0,קשת 12,Other,22,2024-11-01,late_evening,11,1.0,0.03243697738466865,10.6,1,True
"('קשת 12', '2024-11-01', 91)",1,552.0,קשת 12,Other,22,2024-11-01,late_evening,9,1.0,0.28353702476202447,9.2,1,True
"('קשת 12', '2024-11-01', 92)",1,153.0,קשת 12,Other,23,2024-11-01,late_evening,3,1.0,0.11361851995337027,2.55,1,True
"('קשת 12', '2024-11-02', 3)",1,166.0,קשת 12,Other,1,2024-11-02,overnight,3,1.0,-0.09332873402697088,2.7666666666666666,1,True
"('קשת 12', '2024-11-02', 14)",4,468.0,קשת 12,Other,4,2024-11-02,overnight,8,4.0,-0.11525012871056287,1.95,4,True
"('קשת 12', '2024-11-02', 50)",1,289.0,קשת 12,Other,12,2024-11-02,afternoon,5,1.0,-0.07292434780461984,4.816666666666666,1,True
"('קשת 12', '2024-11-02', 69)",1,273.0,קשת 12,News,17,2024-11-02,early_evening,5,1.0,0.02924654149315786,4.55,1,True
"('קשת 12', '2024-11-02', 72)",1,374.0,קשת 12,News,18,2024-11-02,early_evening,6,1.0,0.030437376800756876,6.233333333333333,1,True
"('קשת 12', '2024-11-02', 74)",1,521.0,קשת 12,PrimeShow2,19,2024-11-02,early_evening,9,1.0,0.041663612231106456,8.683333333333334,1,True
"('קשת 12', '2024-11-02', 87)",1,566.0,קשת 12,Other,22,2024-11-02,late_evening,9,1.0,-0.049510537840674405,9.433333333333334,1,True
"('קשת 12', '2024-11-03', 6)",1,114.0,קשת 12,Other,2,2024-11-03,overnight,2,1.0,0.18510864023024115,1.9,1,True
"('קשת 12', '2024-11-03', 8)",1,98.0,קשת 12,Other,3,2024-11-03,overnight,2,1.0,0.08621004903191973,1.6333333333333333,1,True
"('קשת 12', '2024-11-03', 11)",2,161.0,קשת 12,Other,3,2024-11-03,overnight,3,2.0,0.1795599739263892,1.3416666666666668,2,True
"('קשת 12', '2024-11-03', 19)",1,109.0,קשת 12,Other,5,2024-11-03,overnight,2,1.0,0.09114829675185121,1.8166666666666667,1,True
"('קשת 12', '2024-11-03', 58)",1,324.0,קשת 12,News,16,2024-11-03,afternoon,5,1.0,0.022476790141555368,5.4,1,True
"('קשת 12', '2024-11-03', 63)",1,155.0,קשת 12,Other,17,2024-11-03,early_evening,3,1.0,0.0668748662966604,2.5833333333333335,1,True
"('קשת 12', '2024-11-03', 68)",1,498.0,קשת 12,Other,18,2024-11-03,early_evening,8,1.0,-0.06724132245285419,8.3,1,True
"('קשת 12', '2024-11-03', 81)",1,563.0,קשת 12,Other,22,2024-11-03,late_evening,9,1.0,0.03722958115756613,9.383333333333333,1,True
"('קשת 12', '2024-11-03', 85)",2,336.0,קשת 12,Other,23,2024-11-03,late_evening,6,2.0,0.49077101185546357,2.8,2,True
"('קשת 12', '2024-11-03', 87)",2,399.0,קשת 12,Other,23,2024-11-03,late_evening,7,2.0,0.05673282925184642,3.3249999999999997,2,True
"('קשת 12', '2024-11-04', 6)",1,103.0,קשת 12,Other,1,2024-11-04,overnight,2,1.0,0.1335533994246252,1.7166666666666666,1,True
"('קשת 12', '2024-11-04', 8)",2,167.0,קשת 12,Other,2,2024-11-04,overnight,3,2.0,0.21046189811278118,1.3916666666666666,2,True
"('קשת 12', '2024-11-04', 16)",2,238.0,קשת 12,Other,5,2024-11-04,overnight,4,2.0,0.10311932440525237,1.9833333333333334,2,True
"('קשת 12', '2024-11-04', 58)",1,434.0,קשת 12,News,16,2024-11-04,afternoon,7,1.0,-0.05274581242851889,7.233333333333333,1,True
"('קשת 12', '2024-11-04', 63)",1,150.0,קשת 12,Other,17,2024-11-04,early_evening,2,1.0,0.03552858388213523,2.5,1,True
"('קשת 12', '2024-11-04', 69)",1,638.0,קשת 12,Other,19,2024-11-04,early_evening,11,1.0,0.01594570738257045,10.633333333333333,1,True
"('קשת 12', '2024-11-04', 74)",1,652.0,קשת 12,News,20,2024-11-04,late_evening,11,1.0,0.07732895833324138,10.866666666666667,1,True
"('קשת 12', '2024-11-04', 85)",1,660.0,קשת 12,Other,22,2024-11-04,late_evening,11,1.0,0.33298362381265706,11.0,1,True
"('קשת 12', '2024-11-04', 86)",2,451.0,קשת 12,Other,23,2024-11-04,late_evening,8,2.0,-0.0013539553180192954,3.758333333333333,2,True
"('קשת 12', '2024-11-05', 3)",2,559.0,קשת 12,Other,1,2024-11-05,overnight,9,2.0,-0.3317537538903779,4.658333333333333,2,True
"('קשת 12', '2024-11-05', 7)",1,92.0,קשת 12,Other,3,2024-11-05,overnight,2,1.0,-0.030544765321858736,1.5333333333333334,1,True
"('קשת 12', '2024-11-05', 14)",1,194.0,קשת 12,Other,5,2024-11-05,overnight,3,1.0,0.04521191197286868,3.2333333333333334,1,True
"('קשת 12', '2024-11-05', 54)",2,453.0,קשת 12,Other,14,2024-11-05,afternoon,8,2.0,0.1128340475549183,3.775,2,True
"('קשת 12', '2024-11-05', 61)",1,427.0,קשת 12,News,16,2024-11-05,afternoon,7,1.0,0.05463142412854946,7.116666666666666,1,True
"('קשת 12', '2024-11-05', 67)",1,159.0,קשת 12,Other,17,2024-11-05,early_evening,3,1.0,-0.03678368214766541,2.65,1,True
"('קשת 12', '2024-11-05', 73)",1,659.0,קשת 12,Other,18,2024-11-05,early_evening,11,1.0,-0.05469562896105601,10.983333333333333,1,True
"('קשת 12', '2024-11-05', 80)",2,1186.0,קשת 12,PrimeShow2,20,2024-11-05,late_evening,20,2.0,0.131118136417515,9.883333333333333,2,True
"('קשת 12', '2024-11-05', 83)",2,1275.0,קשת 12,Other,21,2024-11-05,late_evening,21,2.0,0.1385952425003992,10.625,2,True
"('קשת 12', '2024-11-05', 88)",1,635.0,קשת 12,Other,22,2024-11-05,late_evening,11,1.0,0.13198078628872306,10.583333333333334,1,True
"('קשת 12', '2024-11-06', 3)",2,307.0,קשת 12,Other,0,2024-11-06,overnight,5,2.0,-0.23553543614789843,2.5583333333333336,2,True
"('קשת 12', '2024-11-06', 4)",2,204.0,קשת 12,Other,1,2024-11-06,overnight,3,2.0,0.0030472133278678162,1.7,2,True
"('קשת 12', '2024-11-06', 23)",1,437.0,קשת 12,Other,9,2024-11-06,morning,7,1.0,0.07511977668962622,7.283333333333333,1,True
"('קשת 12', '2024-11-06', 46)",1,148.0,קשת 12,Other,17,2024-11-06,early_evening,2,1.0,-0.05233902214004838,2.466666666666667,1,True
"('קשת 12', '2024-11-06', 51)",1,479.0,קשת 12,Other,19,2024-11-06,early_evening,8,1.0,-0.035162919722529384,7.983333333333333,1,True
"('קשת 12', '2024-11-06', 65)",1,617.0,קשת 12,Other,22,2024-11-06,late_evening,10,1.0,0.154545002910403,10.283333333333333,1,True
"('קשת 12', '2024-11-07', 11)",1,64.0,קשת 12,Other,4,2024-11-07,overnight,1,1.0,0.19979733296122243,1.0666666666666667,1,True
"('קשת 12', '2024-11-07', 15)",1,57.0,קשת 12,News,5,2024-11-07,overnight,1,1.0,0.030066688598783784,0.95,1,True
"('קשת 12', '2024-11-07', 57)",1,349.0,קשת 12,News,16,2024-11-07,afternoon,6,1.0,0.03797061800940147,5.816666666666666,1,True
"('קשת 12', '2024-11-07', 62)",1,155.0,קשת 12,Other,17,2024-11-07,early_evening,3,1.0,-0.07780107742327788,2.5833333333333335,1,True
"('קשת 12', '2024-11-07', 67)",1,435.0,קשת 12,Other,19,2024-11-07,early_evening,7,1.0,0.012146853052868292,7.25,1,True
"('קשת 12', '2024-11-07', 82)",1,570.0,קשת 12,Other,22,2024-11-07,late_evening,10,1.0,-0.09660283953471743,9.5,1,True
"('קשת 12', '2024-11-08', 3)",1,200.0,קשת 12,Other,1,2024-11-08,overnight,3,1.0,0.21314254956960516,3.3333333333333335,1,True
"('קשת 12', '2024-11-08', 4)",3,183.0,קשת 12,Other,1,2024-11-08,overnight,3,3.0,0.025897271951554897,1.0166666666666666,3,True
"('קשת 12', '2024-11-08', 8)",1,27.0,קשת 12,Other,2,2024-11-08,overnight,0,1.0,-0.6009186672930282,0.45,1,True
"('קשת 12', '2024-11-08', 9)",1,41.0,קשת 12,Other,3,2024-11-08,overnight,1,1.0,0.005151994909428112,0.6833333333333333,1,True
"('קשת 12', '2024-11-08', 35)",1,51.0,קשת 12,Other,11,2024-11-08,morning,1,1.0,-0.007626470761897212,0.85,1,True
"('קשת 12', '2024-11-08', 57)",1,22.0,קשת 12,Other,19,2024-11-08,early_evening,0,1.0,-0.13154098769663067,0.36666666666666664,1,True
"('קשת 12', '2024-11-08', 60)",1,369.0,קשת 12,PrimeShow2,20,2024-11-08,late_evening,6,1.0,0.0454178278106372,6.15,1,True
"('קשת 12', '2024-11-09', 3)",1,195.0,קשת 12,Other,1,2024-11-09,overnight,3,1.0,0.1282017981243192,3.25,1,True
"('קשת 12', '2024-11-09', 5)",1,97.0,קשת 12,Other,1,2024-11-09,overnight,2,1.0,0.18807345188724156,1.6166666666666667,1,True
"('קשת 12', '2024-11-09', 8)",2,174.0,קשת 12,Other,2,2024-11-09,overnight,3,2.0,0.16859475295670165,1.45,2,True
"('קשת 12', '2024-11-09', 11)",1,87.0,קשת 12,Other,3,2024-11-09,overnight,1,1.0,0.4429207550645267,1.45,1,True
"('קשת 12', '2024-11-09', 14)",1,128.0,קשת 12,Other,4,2024-11-09,overnight,2,1.0,0.4460256305390751,2.1333333333333333,1,True
"('קשת 12', '2024-11-09', 16)",1,77.0,קשת 12,Other,5,2024-11-09,overnight,1,1.0,0.05933943978630894,1.2833333333333334,1,True
"('קשת 12', '2024-11-09', 31)",1,82.0,קשת 12,News,8,2024-11-09,morning,1,1.0,-0.0053908486348764086,1.3666666666666667,1,True
"('קשת 12', '2024-11-09', 38)",1,254.0,קשת 12,Other,9,2024-11-09,morning,4,1.0,-0.1553858811106072,4.233333333333333,1,True
"('קשת 12', '2024-11-09', 70)",1,295.0,קשת 12,Other,16,2024-11-09,afternoon,5,1.0,0.09281524972409363,4.916666666666667,1,True
"('קשת 12', '2024-11-09', 75)",1,256.0,קשת 12,News,18,2024-11-09,early_evening,4,1.0,0.1675523920014446,4.266666666666667,1,True
"('קשת 12', '2024-11-09', 77)",1,475.0,קשת 12,PrimeShow2,19,2024-11-09,early_evening,8,1.0,0.11036687932509631,7.916666666666667,1,True
"('קשת 12', '2024-11-09', 91)",1,563.0,קשת 12,Other,22,2024-11-09,late_evening,9,1.0,-0.08665993314183118,9.383333333333333,1,True
"('קשת 12', '2024-11-09', 97)",1,527.0,קשת 12,Other,23,2024-11-09,late_evening,9,1.0,-0.04628645104593063,8.783333333333333,1,True
"('קשת 12', '2024-11-10', 4)",2,164.0,קשת 12,Other,1,2024-11-10,overnight,3,2.0,-0.05174638532498766,1.3666666666666667,2,True
"('קשת 12', '2024-11-10', 8)",2,171.0,קשת 12,Other,2,2024-11-10,overnight,3,2.0,0.06608718591115142,1.4249999999999998,2,True
"('קשת 12', '2024-11-10', 11)",1,99.0,קשת 12,Other,3,2024-11-10,overnight,2,1.0,0.018953495758994784,1.65,1,True
"('קשת 12', '2024-11-10', 13)",3,269.0,קשת 12,Other,4,2024-11-10,overnight,4,3.0,-0.37293066269911535,1.4944444444444445,3,True
"('קשת 12', '2024-11-10', 17)",1,150.0,קשת 12,Other,5,2024-11-10,overnight,2,1.0,0.008262647473893242,2.5,1,True
"('קשת 12', '2024-11-10', 60)",1,301.0,קשת 12,News,16,2024-11-10,afternoon,5,1.0,0.036984849349786436,5.016666666666667,1,True
"('קשת 12', '2024-11-10', 65)",1,159.0,קשת 12,Other,17,2024-11-10,early_evening,3,1.0,0.01550986004818418,2.65,1,True
"('קשת 12', '2024-11-10', 70)",1,481.0,קשת 12,Other,18,2024-11-10,early_evening,8,1.0,0.013727740080812775,8.016666666666667,1,True
"('קשת 12', '2024-11-10', 84)",1,610.0,קשת 12,Other,22,2024-11-10,late_evening,10,1.0,-0.07407205293603837,10.166666666666666,1,True
"('קשת 12', '2024-11-10', 89)",2,505.0,קשת 12,Other,23,2024-11-10,late_evening,8,2.0,0.07272316951911076,4.208333333333333,2,True
"('קשת 12', '2024-11-11', 5)",2,155.0,קשת 12,Other,1,2024-11-11,overnight,3,2.0,-0.15198116922791388,1.2916666666666667,2,True
"('קשת 12', '2024-11-11', 56)",1,315.0,קשת 12,News,16,2024-11-11,afternoon,5,1.0,0.09290736009082803,5.25,1,True
"('קשת 12', '2024-11-11', 61)",1,138.0,קשת 12,Other,17,2024-11-11,early_evening,2,1.0,0.07600377373133713,2.3,1,True
"('קשת 12', '2024-11-11', 66)",1,502.0,קשת 12,Other,18,2024-11-11,early_evening,8,1.0,-0.02171695242875718,8.366666666666667,1,True
"('קשת 12', '2024-11-11', 80)",2,589.0,קשת 12,Other,22,2024-11-11,late_evening,10,2.0,-0.07353869026859067,4.908333333333333,2,True
"('קשת 12', '2024-11-11', 84)",2,335.0,קשת 12,Other,23,2024-11-11,late_evening,6,2.0,-0.13225015288567113,2.7916666666666665,2,True
"('קשת 12', '2024-11-11', 86)",1,331.0,קשת 12,Other,23,2024-11-11,late_evening,6,1.0,0.21775647659909464,5.516666666666667,1,True
"('קשת 12', '2024-11-12', 10)",1,43.0,קשת 12,Other,2,2024-11-12,overnight,1,1.0,-0.03133615204894628,0.7166666666666667,1,True
"('קשת 12', '2024-11-12', 15)",1,42.0,קשת 12,Other,4,2024-11-12,overnight,1,1.0,-0.023509489227506338,0.7,1,True
"('קשת 12', '2024-11-12', 17)",2,148.0,קשת 12,Other,5,2024-11-12,overnight,2,2.0,0.012829228565720885,1.2333333333333334,2,True
"('קשת 12', '2024-11-12', 20)",1,85.0,קשת 12,Other,6,2024-11-12,morning,1,1.0,0.13137295132806803,1.4166666666666667,1,True
"('קשת 12', '2024-11-12', 59)",1,324.0,קשת 12,News,16,2024-11-12,afternoon,5,1.0,0.061385687040681855,5.4,1,True
"('קשת 12', '2024-11-12', 64)",1,167.0,קשת 12,Other,17,2024-11-12,early_evening,3,1.0,0.050299901202447955,2.783333333333333,1,True
"('קשת 12', '2024-11-12', 69)",1,574.0,קשת 12,Other,18,2024-11-12,early_evening,10,1.0,-0.11847700223254001,9.566666666666666,1,True
"('קשת 12', '2024-11-12', 82)",3,1369.0,קשת 12,Other,21,2024-11-12,late_evening,23,3.0,-0.7160190823884535,7.605555555555555,3,True
"('קשת 12', '2024-11-13', 54)",2,362.0,קשת 12,Other,14,2024-11-13,afternoon,6,2.0,0.015325832494425345,3.0166666666666666,2,True
"('קשת 12', '2024-11-13', 60)",1,389.0,קשת 12,News,16,2024-11-13,afternoon,6,1.0,0.04863568116550125,6.483333333333333,1,True
"('קשת 12', '2024-11-13', 69)",1,585.0,קשת 12,Other,18,2024-11-13,early_evening,10,1.0,0.013673603494876299,9.75,1,True
"('קשת 12', '2024-11-13', 81)",1,596.0,קשת 12,Other,22,2024-11-13,late_evening,10,1.0,0.17497334609903914,9.933333333333334,1,True
"('קשת 12', '2024-11-13', 83)",1,497.0,קשת 12,Other,22,2024-11-13,late_evening,8,1.0,0.2804851451127975,8.283333333333333,1,True
"('קשת 12', '2024-11-13', 85)",2,280.0,קשת 12,Other,23,2024-11-13,late_evening,5,2.0,-0.2062052679070104,2.333333333333333,2,True
"('קשת 12', '2024-11-14', 63)",1,305.0,קשת 12,News,16,2024-11-14,afternoon,5,1.0,0.17643205295006587,5.083333333333333,1,True
"('קשת 12', '2024-11-14', 69)",1,133.0,קשת 12,Other,17,2024-11-14,early_evening,2,1.0,-0.009838457536085567,2.216666666666667,1,True
"('קשת 12', '2024-11-14', 74)",1,508.0,קשת 12,Other,18,2024-11-14,early_evening,8,1.0,-0.16850977259510364,8.466666666666667,1,True
"('קשת 12', '2024-11-14', 88)",1,605.0,קשת 12,Other,22,2024-11-14,late_evening,10,1.0,0.0464923075051042,10.083333333333334,1,True
"('קשת 12', '2024-11-15', 1)",2,327.0,קשת 12,Other,0,2024-11-15,overnight,5,2.0,0.12527061351805152,2.725,2,True
"('קשת 12', '2024-11-15', 5)",1,77.0,קשת 12,Other,1,2024-11-15,overnight,1,1.0,-0.09949915441005887,1.2833333333333334,1,True
"('קשת 12', '2024-11-15', 7)",1,69.0,קשת 12,Other,2,2024-11-15,overnight,1,1.0,-0.11398163994985573,1.15,1,True
"('קשת 12', '2024-11-15', 43)",1,229.0,קשת 12,Other,11,2024-11-15,morning,4,1.0,0.10558591856647824,3.816666666666667,1,True
"('קשת 12', '2024-11-15', 48)",1,73.0,קשת 12,Other,12,2024-11-15,afternoon,1,1.0,-0.2026137526635086,1.2166666666666666,1,True
"('קשת 12', '2024-11-15', 71)",2,514.0,קשת 12,Other,18,2024-11-15,early_evening,9,2.0,0.02310780630176279,4.283333333333333,2,True
"('קשת 12', '2024-11-15', 76)",1,71.0,קשת 12,Other,19,2024-11-15,early_evening,1,1.0,-0.08651364980203585,1.1833333333333333,1,True
"('קשת 12', '2024-11-15', 85)",1,590.0,קשת 12,Other,22,2024-11-15,late_evening,10,1.0,0.17637858085613475,9.833333333333334,1,True
"('קשת 12', '2024-11-15', 88)",1,480.0,קשת 12,Other,22,2024-11-15,late_evening,8,1.0,0.3618222444521737,8.0,1,True
"('קשת 12', '2024-11-15', 89)",2,646.0,קשת 12,Other,23,2024-11-15,late_evening,11,2.0,-0.6578580729306414,5.383333333333333,2,True
"('קשת 12', '2024-11-16', 1)",1,124.0,קשת 12,Other,0,2024-11-16,overnight,2,1.0,0.35114590245958677,2.066666666666667,1,True
"('קשת 12', '2024-11-16', 2)",1,219.0,קשת 12,Other,1,2024-11-16,overnight,4,1.0,0.2688629928361575,3.65,1,True
"('קשת 12', '2024-11-16', 4)",1,60.0,קשת 12,Other,1,2024-11-16,overnight,1,1.0,-0.12325131695035654,1.0,1,True
"('קשת 12', '2024-11-16', 13)",1,77.0,קשת 12,Other,4,2024-11-16,overnight,1,1.0,-0.02580788395587259,1.2833333333333334,1,True
"('קשת 12', '2024-11-16', 28)",1,56.0,קשת 12,PrimeShow2,8,2024-11-16,morning,1,1.0,-0.14652741623904653,0.9333333333333333,1,True
"('קשת 12', '2024-11-16', 33)",1,283.0,קשת 12,Other,9,2024-11-16,morning,5,1.0,0.04848596932495525,4.716666666666667,1,True
"('קשת 12', '2024-11-16', 39)",1,336.0,קשת 12,Other,10,2024-11-16,morning,6,1.0,-0.17737927443415613,5.6,1,True
"('קשת 12', '2024-11-16', 45)",1,278.0,קשת 12,Other,11,2024-11-16,morning,5,1.0,0.1624691132407758,4.633333333333334,1,True
"('קשת 12', '2024-11-16', 54)",2,277.0,קשת 12,PrimeShow2,13,2024-11-16,afternoon,5,2.0,-0.15795389960195774,2.3083333333333336,2,True
"('קשת 12', '2024-11-16', 65)",1,279.0,קשת 12,Other,16,2024-11-16,afternoon,5,1.0,-0.04964912485600111,4.65,1,True
"('קשת 12', '2024-11-16', 70)",1,266.0,קשת 12,News,18,2024-11-16,early_evening,4,1.0,0.1165122131742822,4.433333333333334,1,True
"('קשת 12', '2024-11-16', 72)",1,549.0,קשת 12,PrimeShow2,19,2024-11-16,early_evening,9,1.0,0.03367260224917934,9.15,1,True
"('קשת 12', '2024-11-16', 76)",1,175.0,קשת 12,Other,19,2024-11-16,early_evening,3,1.0,0.05679107801670022,2.9166666666666665,1,True
"('קשת 12', '2024-11-16', 86)",1,579.0,קשת 12,Other,22,2024-11-16,late_evening,10,1.0,0.04806534297315601,9.65,1,True
"('קשת 12', '2024-11-16', 90)",1,356.0,קשת 12,Other,23,2024-11-16,late_evening,6,1.0,0.2839171875761118,5.933333333333334,1,True
"('קשת 12', '2024-11-16', 93)",1,423.0,קשת 12,Other,23,2024-11-16,late_evening,7,1.0,0.35998611242117573,7.05,1,True
"('קשת 12', '2024-11-17', 8)",2,127.0,קשת 12,Other,3,2024-11-17,overnight,2,2.0,-0.09437561174227882,1.0583333333333333,2,True
"('קשת 12', '2024-11-17', 14)",1,67.0,קשת 12,Other,5,2024-11-17,overnight,1,1.0,0.030066688598783784,1.1166666666666667,1,True
"('קשת 12', '2024-11-17', 58)",1,249.0,קשת 12,News,16,2024-11-17,afternoon,4,1.0,-0.013794716677850236,4.15,1,True
"('קשת 12', '2024-11-17', 63)",1,131.0,קשת 12,Other,17,2024-11-17,early_evening,2,1.0,-0.028075112349786734,2.183333333333333,1,True
"('קשת 12', '2024-11-17', 68)",1,626.0,קשת 12,Other,18,2024-11-17,early_evening,10,1.0,-0.04095636399171358,10.433333333333334,1,True
"('קשת 12', '2024-11-17', 81)",2,1009.0,קשת 12,Other,22,2024-11-17,late_evening,17,2.0,-0.061526061216991446,8.408333333333333,2,True
"('קשת 12', '2024-11-18', 17)",1,70.0,קשת 12,Other,5,2024-11-18,overnight,1,1.0,-0.35279055655718977,1.1666666666666667,1,True
"('קשת 12', '2024-11-18', 61)",1,193.0,קשת 12,News,16,2024-11-18,afternoon,3,1.0,0.0292565569359456,3.216666666666667,1,True
"('קשת 12', '2024-11-18', 66)",1,139.0,קשת 12,Other,17,2024-11-18,early_evening,2,1.0,0.02657080740760915,2.316666666666667,1,True
"('קשת 12', '2024-11-18', 71)",1,529.0,קשת 12,Other,18,2024-11-18,early_evening,9,1.0,-0.0705810648055411,8.816666666666666,1,True
"('קשת 12', '2024-11-18', 86)",1,651.0,קשת 12,Other,22,2024-11-18,late_evening,11,1.0,-0.07964478083884492,10.85,1,True
"('קשת 12', '2024-11-18', 88)",2,402.0,קשת 12,Other,23,2024-11-18,late_evening,7,2.0,-0.17356463685667856,3.35,2,True
"('קשת 12', '2024-11-19', 4)",2,301.0,קשת 12,Other,1,2024-11-19,overnight,5,2.0,0.13286356797401638,2.5083333333333333,2,True
"('קשת 12', '2024-11-19', 7)",1,69.0,קשת 12,Other,2,2024-11-19,overnight,1,1.0,0.11069363070547972,1.15,1,True
"('קשת 12', '2024-11-19', 15)",1,69.0,קשת 12,Other,4,2024-11-19,overnight,1,1.0,1.0407615937343997,1.15,1,True
"('קשת 12', '2024-11-19', 17)",1,109.0,קשת 12,Other,5,2024-11-19,overnight,2,1.0,0.00919969689842387,1.8166666666666667,1,True
"('קשת 12', '2024-11-19', 58)",1,342.0,קשת 12,News,16,2024-11-19,afternoon,6,1.0,-0.007658849650087254,5.7,1,True
"('קשת 12', '2024-11-19', 63)",1,158.0,קשת 12,Other,17,2024-11-19,early_evening,3,1.0,-0.01644173975841818,2.6333333333333333,1,True
"('קשת 12', '2024-11-19', 68)",1,644.0,קשת 12,Other,18,2024-11-19,early_evening,11,1.0,0.043126753218827626,10.733333333333333,1,True
"('קשת 12', '2024-11-19', 81)",1,563.0,קשת 12,Other,22,2024-11-19,late_evening,9,1.0,0.06556253630888047,9.383333333333333,1,True
"('קשת 12', '2024-11-19', 89)",2,308.0,קשת 12,Other,23,2024-11-19,late_evening,5,2.0,0.03694447654254346,2.5666666666666664,2,True
"('קשת 12', '2024-11-20', 6)",1,109.0,קשת 12,Other,1,2024-11-20,overnight,2,1.0,0.017019005169594606,1.8166666666666667,1,True
"('קשת 12', '2024-11-20', 8)",2,137.0,קשת 12,Other,2,2024-11-20,overnight,2,2.0,-0.11308100767997384,1.1416666666666666,2,True
"('קשת 12', '2024-11-20', 11)",1,86.0,קשת 12,Other,3,2024-11-20,overnight,1,1.0,-0.020726130517116855,1.4333333333333333,1,True
"('קשת 12', '2024-11-20', 15)",1,42.0,קשת 12,Other,5,2024-11-20,overnight,1,1.0,0.13907157300013803,0.7,1,True
"('קשת 12', '2024-11-20', 17)",2,207.0,קשת 12,Other,5,2024-11-20,overnight,3,2.0,-0.2749326092124385,1.725,2,True
"('קשת 12', '2024-11-20', 62)",1,292.0,קשת 12,News,16,2024-11-20,afternoon,5,1.0,-0.0370715687134411,4.866666666666666,1,True
"('קשת 12', '2024-11-20', 67)",1,135.0,קשת 12,Other,17,2024-11-20,early_evening,2,1.0,0.011751869905854816,2.25,1,True
"('קשת 12', '2024-11-20', 72)",1,501.0,קשת 12,Other,18,2024-11-20,early_evening,8,1.0,-0.03829616499252057,8.35,1,True
"('קשת 12', '2024-11-20', 86)",1,579.0,קשת 12,Other,21,2024-11-20,late_evening,10,1.0,-0.020824816095018378,9.65,1,True
"('קשת 12', '2024-11-20', 90)",1,76.0,קשת 12,Other,22,2024-11-20,late_evening,1,1.0,0.42442539028089327,1.2666666666666666,1,True
"('קשת 12', '2024-11-20', 91)",2,371.0,קשת 12,Other,23,2024-11-20,late_evening,6,2.0,-0.05653992822951435,3.091666666666667,2,True
"('קשת 12', '2024-11-21', 9)",1,70.0,קשת 12,Other,2,2024-11-21,overnight,1,1.0,-0.05681901166936531,1.1666666666666667,1,True
"('קשת 12', '2024-11-21', 16)",1,99.0,קשת 12,Other,5,2024-11-21,overnight,2,1.0,-0.37343743085468445,1.65,1,True
"('קשת 12', '2024-11-21', 18)",1,159.0,קשת 12,Other,5,2024-11-21,overnight,3,1.0,-0.14634576215787423,2.65,1,True
"('קשת 12', '2024-11-21', 60)",1,269.0,קשת 12,News,16,2024-11-21,afternoon,4,1.0,0.057711632564569335,4.483333333333333,1,True
"('קשת 12', '2024-11-21', 65)",1,147.0,קשת 12,Other,17,2024-11-21,early_evening,2,1.0,0.04136422753592441,2.45,1,True
"('קשת 12', '2024-11-21', 70)",1,477.0,קשת 12,Other,18,2024-11-21,early_evening,8,1.0,-0.036843845268483486,7.95,1,True
"('קשת 12', '2024-11-21', 84)",1,579.0,קשת 12,Other,22,2024-11-21,late_evening,10,1.0,-0.021325142509771907,9.65,1,True
"('קשת 12', '2024-11-22', 1)",1,113.0,קשת 12,Other,0,2024-11-22,overnight,2,1.0,-0.02247552996702709,1.8833333333333333,1,True
"('קשת 12', '2024-11-22', 3)",1,186.0,קשת 12,Other,1,2024-11-22,overnight,3,1.0,-0.11613964991265364,3.1,1,True
"('קשת 12', '2024-11-22', 4)",2,131.0,קשת 12,Other,1,2024-11-22,overnight,2,2.0,-0.1692745654424882,1.0916666666666668,2,True
"('קשת 12', '2024-11-22', 10)",1,51.0,קשת 12,PrimeShow1,2,2024-11-22,overnight,1,1.0,-0.05227975463468529,0.85,1,True
"('קשת 12', '2024-11-22', 12)",1,78.0,קשת 12,Other,3,2024-11-22,overnight,1,1.0,-0.1057788381905946,1.3,1,True
"('קשת 12', '2024-11-22', 17)",1,85.0,קשת 12,News,5,2024-11-22,overnight,1,1.0,0.04172542928216873,1.4166666666666667,1,True
"('קשת 12', '2024-11-22', 53)",1,337.0,קשת 12,Other,11,2024-11-22,morning,6,1.0,0.023204509364630397,5.616666666666666,1,True
"('קשת 12', '2024-11-22', 59)",1,320.0,קשת 12,Other,12,2024-11-22,afternoon,5,1.0,0.0803890411676838,5.333333333333333,1,True
"('קשת 12', '2024-11-22', 80)",3,528.0,קשת 12,Other,18,2024-11-22,early_evening,9,3.0,0.2242667710701871,2.9333333333333336,3,True
"('קשת 12', '2024-11-22', 94)",1,613.0,קשת 12,Other,22,2024-11-22,late_evening,10,1.0,-0.052992464562489565,10.216666666666667,1,True
"('קשת 12', '2024-11-22', 97)",1,471.0,קשת 12,Other,22,2024-11-22,late_evening,8,1.0,0.4572436899033453,7.85,1,True
"('קשת 12', '2024-11-22', 98)",1,213.0,קשת 12,Other,23,2024-11-22,late_evening,4,1.0,-0.12889639012037388,3.55,1,True
"('קשת 12', '2024-11-22', 101)",1,261.0,קשת 12,Other,23,2024-11-22,late_evening,4,1.0,0.09522752639364376,4.35,1,True
"('קשת 12', '2024-11-23', 1)",1,150.0,קשת 12,Other,0,2024-11-23,overnight,2,1.0,-0.2590379973357921,2.5,1,True
"('קשת 12', '2024-11-23', 2)",1,178.0,קשת 12,Other,1,2024-11-23,overnight,3,1.0,0.04939528188636055,2.966666666666667,1,True
"('קשת 12', '2024-11-23', 4)",1,67.0,קשת 12,Other,1,2024-11-23,overnight,1,1.0,0.1076021664508092,1.1166666666666667,1,True
"('קשת 12', '2024-11-23', 7)",2,151.0,קשת 12,Other,2,2024-11-23,overnight,3,2.0,-0.265575844690533,1.2583333333333333,2,True
"('קשת 12', '2024-11-23', 10)",1,74.0,קשת 12,Other,3,2024-11-23,overnight,1,1.0,-0.030837105834550817,1.2333333333333334,1,True
"('קשת 12', '2024-11-23', 14)",1,105.0,קשת 12,Other,4,2024-11-23,overnight,2,1.0,0.21716219169693385,1.75,1,True
"('קשת 12', '2024-11-23', 17)",3,250.0,קשת 12,PrimeShow1,4,2024-11-23,overnight,4,3.0,0.054001139217222355,1.3888888888888886,3,True
"('קשת 12', '2024-11-23', 32)",1,60.0,קשת 12,PrimeShow2,8,2024-11-23,morning,1,1.0,0.156043016430995,1.0,1,True
"('קשת 12', '2024-11-23', 42)",1,232.0,קשת 12,Other,10,2024-11-23,morning,4,1.0,0.014769270167878365,3.8666666666666667,1,True
"('קשת 12', '2024-11-23', 51)",1,221.0,קשת 12,Other,12,2024-11-23,afternoon,4,1.0,6.338034963282099e-05,3.683333333333333,1,True
"('קשת 12', '2024-11-23', 56)",2,143.0,קשת 12,Other,13,2024-11-23,afternoon,2,2.0,-0.01639856098070068,1.1916666666666667,2,True
"('קשת 12', '2024-11-23', 64)",1,63.0,קשת 12,Other,15,2024-11-23,afternoon,1,1.0,-0.18952468627042074,1.05,1,True
"('קשת 12', '2024-11-23', 67)",1,214.0,קשת 12,Other,16,2024-11-23,afternoon,4,1.0,-0.17153269494911189,3.566666666666667,1,True
"('קשת 12', '2024-11-23', 70)",1,160.0,קשת 12,News,17,2024-11-23,early_evening,3,1.0,0.06929286089324513,2.6666666666666665,1,True
"('קשת 12', '2024-11-23', 73)",1,198.0,קשת 12,News,18,2024-11-23,early_evening,3,1.0,0.10453497595854622,3.3,1,True
"('קשת 12', '2024-11-23', 75)",1,502.0,קשת 12,PrimeShow2,19,2024-11-23,early_evening,8,1.0,0.08681550716395672,8.366666666666667,1,True
"('קשת 12', '2024-11-23', 80)",5,1205.0,קשת 12,News,20,2024-11-23,late_evening,20,5.0,-0.06496166271235335,4.016666666666667,5,True
"('קשת 12', '2024-11-23', 89)",1,539.0,קשת 12,Other,22,2024-11-23,late_evening,9,1.0,0.07834114801490569,8.983333333333333,1,True
"('קשת 12', '2024-11-23', 93)",1,568.0,קשת 12,Other,22,2024-11-23,late_evening,9,1.0,0.49427538574745894,9.466666666666667,1,True
"('קשת 12', '2024-11-23', 95)",1,231.0,קשת 12,Other,23,2024-11-23,late_evening,4,1.0,0.11949939325758013,3.85,1,True
"('קשת 12', '2024-11-23', 98)",1,409.0,קשת 12,Other,23,2024-11-23,late_evening,7,1.0,0.11891525708273215,6.816666666666666,1,True
"('קשת 12', '2024-11-24', 4)",1,106.0,קשת 12,Other,1,2024-11-24,overnight,2,1.0,-0.054447985087083504,1.7666666666666666,1,True
"('קשת 12', '2024-11-24', 13)",4,323.0,קשת 12,Other,4,2024-11-24,overnight,5,4.0,-0.3322633010735817,1.3458333333333332,4,True
"('קשת 12', '2024-11-24', 55)",1,242.0,קשת 12,News,16,2024-11-24,afternoon,4,1.0,-0.015148544750370056,4.033333333333333,1,True
"('קשת 12', '2024-11-24', 61)",1,141.0,קשת 12,Other,17,2024-11-24,early_evening,2,1.0,0.06656042207422835,2.35,1,True
"('קשת 12', '2024-11-24', 62)",3,731.0,קשת 12,News,18,2024-11-24,early_evening,12,3.0,-0.08739907396536299,4.061111111111111,3,True
"('קשת 12', '2024-11-24', 65)",1,478.0,קשת 12,Other,18,2024-11-24,early_evening,8,1.0,0.009372707315169801,7.966666666666667,1,True
"('קשת 12', '2024-11-24', 77)",1,543.0,קשת 12,Other,21,2024-11-24,late_evening,9,1.0,-0.12104949556608866,9.05,1,True
"('קשת 12', '2024-11-24', 81)",1,702.0,קשת 12,Other,22,2024-11-24,late_evening,12,1.0,0.47263024177273527,11.7,1,True
"('קשת 12', '2024-11-24', 84)",2,540.0,קשת 12,Other,23,2024-11-24,late_evening,9,2.0,0.0076990606264711325,4.5,2,True
"('קשת 12', '2024-11-25', 6)",2,171.0,קשת 12,PrimeShow2,1,2024-11-25,overnight,3,2.0,-0.08509541078627109,1.425,2,True
"('קשת 12', '2024-11-25', 19)",1,68.0,קשת 12,Other,5,2024-11-25,overnight,1,1.0,0.061630875045882307,1.1333333333333333,1,True
"('קשת 12', '2024-11-25', 67)",1,136.0,קשת 12,Other,17,2024-11-25,early_evening,2,1.0,0.050299901202447955,2.2666666666666666,1,True
"('קשת 12', '2024-11-25', 72)",1,551.0,קשת 12,Other,18,2024-11-25,early_evening,9,1.0,-0.06568594627204435,9.183333333333334,1,True
"('קשת 12', '2024-11-25', 77)",4,1351.0,קשת 12,News,20,2024-11-25,late_evening,23,4.0,0.4965302748542926,5.629166666666666,4,True
"('קשת 12', '2024-11-25', 87)",1,539.0,קשת 12,Other,22,2024-11-25,late_evening,9,1.0,0.4655316205541077,8.983333333333333,1,True
"('קשת 12', '2024-11-25', 89)",2,240.0,קשת 12,Other,23,2024-11-25,late_evening,4,2.0,-0.16435691916609227,2.0,2,True
"('קשת 12', '2024-11-26', 4)",1,85.0,קשת 12,Other,1,2024-11-26,overnight,1,1.0,0.2724625113980428,1.4166666666666667,1,True
"('קשת 12', '2024-11-26', 10)",1,68.0,קשת 12,Other,3,2024-11-26,overnight,1,1.0,-0.0082730564931994,1.1333333333333333,1,True
"('קשת 12', '2024-11-26', 59)",1,303.0,קשת 12,News,16,2024-11-26,afternoon,5,1.0,0.024376230895000073,5.05,1,True
"('קשת 12', '2024-11-26', 64)",1,137.0,קשת 12,Other,17,2024-11-26,early_evening,2,1.0,0.07050260851996731,2.283333333333333,1,True
"('קשת 12', '2024-11-26', 69)",1,523.0,קשת 12,Other,18,2024-11-26,early_evening,9,1.0,0.016479252384067826,8.716666666666667,1,True
"('קשת 12', '2024-11-26', 74)",1,519.0,קשת 12,News,20,2024-11-26,late_evening,9,1.0,0.12438664268178609,8.65,1,True
"('קשת 12', '2024-11-26', 84)",1,578.0,קשת 12,Other,22,2024-11-26,late_evening,10,1.0,-0.024367713630911295,9.633333333333333,1,True
"('קשת 12', '2024-11-26', 90)",2,423.0,קשת 12,Other,23,2024-11-26,late_evening,7,2.0,0.06639355415317744,3.525,2,True
"('קשת 12', '2024-11-27', 4)",2,153.0,קשת 12,Other,1,2024-11-27,overnight,3,2.0,-0.009523242786457093,1.275,2,True
"('קשת 12', '2024-11-27', 9)",1,55.0,קשת 12,Other,3,2024-11-27,overnight,1,1.0,-0.029393298696632483,0.9166666666666666,1,True
"('קשת 12', '2024-11-27', 16)",2,120.0,קשת 12,Other,5,2024-11-27,overnight,2,2.0,0.4066762158429238,1.0,2,True
"('קשת 12', '2024-11-27', 64)",1,137.0,קשת 12,Other,17,2024-11-27,early_evening,2,1.0,0.01498322927754802,2.283333333333333,1,True
"('קשת 12', '2024-11-27', 69)",1,597.0,קשת 12,Other,18,2024-11-27,early_evening,10,1.0,-0.06498956343586977,9.95,1,True
"('קשת 12', '2024-11-27', 83)",1,568.0,קשת 12,Other,21,2024-11-27,late_evening,9,1.0,-0.016207810226853553,9.466666666666667,1,True
"('קשת 12', '2024-11-27', 89)",2,399.0,קשת 12,Other,23,2024-11-27,late_evening,7,2.0,-0.1151668595495999,3.325,2,True
"('קשת 12', '2024-11-28', 8)",1,66.0,קשת 12,Other,2,2024-11-28,overnight,1,1.0,-0.18411746321987718,1.1,1,True
"('קשת 12', '2024-11-28', 59)",1,404.0,קשת 12,News,16,2024-11-28,afternoon,7,1.0,-0.035870357800848726,6.733333333333333,1,True
"('קשת 12', '2024-11-28', 65)",1,139.0,קשת 12,Other,17,2024-11-28,early_evening,2,1.0,-0.036576648167473934,2.316666666666667,1,True
"('קשת 12', '2024-11-28', 70)",1,522.0,קשת 12,Other,19,2024-11-28,early_evening,9,1.0,0.03168288635030727,8.7,1,True
"('קשת 12', '2024-11-28', 82)",1,579.0,קשת 12,Other,22,2024-11-28,late_evening,10,1.0,-0.06369381072381723,9.65,1,True
"('קשת 12', '2024-11-28', 85)",1,613.0,קשת 12,Other,22,2024-11-28,late_evening,10,1.0,0.43256880258697517,10.216666666666667,1,True
"('קשת 12', '2024-11-28', 86)",2,300.0,קשת 12,News,23,2024-11-28,late_evening,5,2.0,-0.2002989654292191,2.5,2,True
"('קשת 12', '2024-11-28', 88)",2,407.0,קשת 12,PrimeShow2,23,2024-11-28,late_evening,7,2.0,0.2955542842034185,3.3916666666666666,2,True
"('קשת 12', '2024-11-29', 1)",1,145.0,קשת 12,Other,1,2024-11-29,overnight,2,1.0,-0.13979047533127364,2.4166666666666665,1,True
"('קשת 12', '2024-11-29', 6)",1,60.0,קשת 12,Other,1,2024-11-29,overnight,1,1.0,0.13911294751713452,1.0,1,True
"('קשת 12', '2024-11-29', 7)",1,144.0,קשת 12,Other,2,2024-11-29,overnight,2,1.0,-0.027065251508561317,2.4,1,True
"('קשת 12', '2024-11-29', 9)",1,63.0,קשת 12,News,3,2024-11-29,overnight,1,1.0,-0.010320009031989694,1.05,1,True
"('קשת 12', '2024-11-29', 14)",1,105.0,קשת 12,News,5,2024-11-29,overnight,2,1.0,-0.15653541863627649,1.75,1,True
"('קשת 12', '2024-11-29', 66)",1,382.0,קשת 12,Other,19,2024-11-29,early_evening,6,1.0,0.14234537924938911,6.366666666666666,1,True
"('קשת 12', '2024-11-29', 78)",1,424.0,קשת 12,Other,22,2024-11-29,late_evening,7,1.0,-0.023884099460362348,7.066666666666666,1,True
"('קשת 12', '2024-11-29', 80)",1,261.0,קשת 12,Other,22,2024-11-29,late_evening,4,1.0,0.4329218368203485,4.35,1,True
"('קשת 12', '2024-11-30', 2)",1,92.0,קשת 12,Other,0,2024-11-30,overnight,2,1.0,-0.08317832824173481,1.5333333333333334,1,True
"('קשת 12', '2024-11-30', 3)",1,96.0,קשת 12,Other,1,2024-11-30,overnight,2,1.0,0.007119591815300301,1.6,1,True
"('קשת 12', '2024-11-30', 5)",1,82.0,קשת 12,Other,1,2024-11-30,overnight,1,1.0,-0.04283067096544971,1.3666666666666667,1,True
"('קשת 12', '2024-11-30', 9)",1,75.0,קשת 12,Other,2,2024-11-30,overnight,1,1.0,-0.05590419078798832,1.25,1,True
"('קשת 12', '2024-11-30', 16)",2,192.0,קשת 12,Other,5,2024-11-30,overnight,3,2.0,0.21696008949601553,1.6,2,True
"('קשת 12', '2024-11-30', 29)",1,56.0,קשת 12,PrimeShow2,8,2024-11-30,morning,1,1.0,0.08047824775010785,0.9333333333333333,1,True
"('קשת 12', '2024-11-30', 52)",1,169.0,קשת 12,Other,16,2024-11-30,afternoon,3,1.0,0.18627816023206242,2.816666666666667,1,True
"('קשת 12', '2024-11-30', 57)",1,70.0,קשת 12,News,18,2024-11-30,early_evening,1,1.0,0.05966997477253997,1.1666666666666667,1,True
"('קשת 12', '2024-11-30', 59)",1,369.0,קשת 12,PrimeShow2,19,2024-11-30,early_evening,6,1.0,-0.008647810738527842,6.15,1,True
"('קשת 12', '2024-11-30', 72)",1,540.0,קשת 12,Other,22,2024-11-30,late_evening,9,1.0,0.10855914829668822,9.0,1,True
"('קשת 12', '2024-11-30', 81)",1,442.0,קשת 12,Other,23,2024-11-30,late_evening,7,1.0,0.14464403255896247,7.366666666666666,1,True
"('רשת 13', '2024-11-01', 6)",1,177.0,רשת 13,Other,2,2024-11-01,overnight,3,1.0,-0.08146094645898068,2.95,1,True
"('רשת 13', '2024-11-01', 13)",1,147.0,רשת 13,Other,5,2024-11-01,overnight,2,1.0,0.04181793968332141,2.45,1,True
"('רשת 13', '2024-11-01', 15)",1,177.0,רשת 13,Other,5,2024-11-01,overnight,3,1.0,0.22262483426272422,2.95,1,True
"('רשת 13', '2024-11-01', 40)",1,203.0,רשת 13,Other,12,2024-11-01,afternoon,3,1.0,0.3693410727028188,3.3833333333333333,1,True
"('רשת 13', '2024-11-01', 42)",1,91.0,רשת 13,Other,12,2024-11-01,afternoon,2,1.0,0.07469983566216903,1.5166666666666666,1,True
"('רשת 13', '2024-11-01', 47)",1,379.0,רשת 13,Other,13,2024-11-01,afternoon,6,1.0,-0.21398536906799345,6.316666666666666,1,True
"('רשת 13', '2024-11-01', 49)",1,415.0,רשת 13,Other,13,2024-11-01,afternoon,7,1.0,0.11166742182909653,6.916666666666667,1,True
"('רשת 13', '2024-11-01', 69)",3,878.0,רשת 13,Other,20,2024-11-01,late_evening,15,3.0,0.8893301502563684,4.877777777777777,3,True
"('רשת 13', '2024-11-01', 74)",1,571.0,רשת 13,Other,22,2024-11-01,late_evening,10,1.0,0.014271469976902647,9.516666666666667,1,True
"('רשת 13', '2024-11-01', 76)",1,544.0,רשת 13,Other,22,2024-11-01,late_evening,9,1.0,0.35519057187698166,9.066666666666666,1,True
"('רשת 13', '2024-11-01', 78)",1,232.0,רשת 13,Other,23,2024-11-01,late_evening,4,1.0,0.03392704285891961,3.8666666666666667,1,True
"('רשת 13', '2024-11-01', 80)",1,353.0,רשת 13,Other,23,2024-11-01,late_evening,6,1.0,-0.13381891636612828,5.883333333333334,1,True
"('רשת 13', '2024-11-02', 5)",1,208.0,רשת 13,Other,0,2024-11-02,overnight,3,1.0,0.09522078633892772,3.466666666666667,1,True
"('רשת 13', '2024-11-02', 6)",1,118.0,רשת 13,Other,1,2024-11-02,overnight,2,1.0,-0.022693863477721433,1.9666666666666666,1,True
"('רשת 13', '2024-11-02', 9)",1,80.0,רשת 13,Other,2,2024-11-02,overnight,1,1.0,0.15168458733206477,1.3333333333333333,1,True
"('רשת 13', '2024-11-02', 21)",1,215.0,רשת 13,Other,6,2024-11-02,morning,4,1.0,-0.3276284101735265,3.5833333333333335,1,True
"('רשת 13', '2024-11-02', 23)",2,424.0,רשת 13,Other,6,2024-11-02,morning,7,2.0,-0.3147611462588514,3.533333333333333,2,True
"('רשת 13', '2024-11-02', 26)",1,284.0,רשת 13,Other,7,2024-11-02,morning,5,1.0,0.5006956098119731,4.733333333333333,1,True
"('רשת 13', '2024-11-02', 28)",1,296.0,רשת 13,Other,8,2024-11-02,morning,5,1.0,-0.5794184152316024,4.933333333333334,1,True
"('רשת 13', '2024-11-02', 30)",1,198.0,רשת 13,Other,8,2024-11-02,morning,3,1.0,-0.10448519701171628,3.3,1,True
"('רשת 13', '2024-11-02', 34)",1,323.0,רשת 13,Other,10,2024-11-02,morning,5,1.0,-0.16290347093685278,5.383333333333334,1,True
"('רשת 13', '2024-11-02', 42)",1,324.0,רשת 13,Other,13,2024-11-02,afternoon,5,1.0,0.21936956944898123,5.4,1,True
"('רשת 13', '2024-11-02', 53)",1,318.0,רשת 13,Other,17,2024-11-02,early_evening,5,1.0,0.09952168645323123,5.3,1,True
"('רשת 13', '2024-11-02', 57)",1,484.0,רשת 13,Other,19,2024-11-02,early_evening,8,1.0,-0.10821221855889393,8.066666666666666,1,True
"('רשת 13', '2024-11-02', 60)",3,895.0,רשת 13,News,20,2024-11-02,late_evening,15,3.0,0.02139029691662836,4.972222222222222,3,True
"('רשת 13', '2024-11-02', 66)",2,1270.0,רשת 13,Other,22,2024-11-02,late_evening,21,2.0,-0.35401215592336277,10.583333333333334,2,True
"('רשת 13', '2024-11-02', 70)",1,353.0,רשת 13,Other,23,2024-11-02,late_evening,6,1.0,-0.12142788642458452,5.883333333333334,1,True
"('רשת 13', '2024-11-02', 72)",1,329.0,רשת 13,Other,23,2024-11-02,late_evening,5,1.0,0.1793409286558168,5.483333333333333,1,True
"('רשת 13', '2024-11-03', 1)",1,381.0,רשת 13,Other,0,2024-11-03,overnight,6,1.0,0.018612261942968132,6.35,1,True
"('רשת 13', '2024-11-03', 3)",1,247.0,רשת 13,Other,1,2024-11-03,overnight,4,1.0,-0.05708378555003889,4.116666666666666,1,True
"('רשת 13', '2024-11-03', 7)",1,236.0,רשת 13,Other,2,2024-11-03,overnight,4,1.0,-0.057401515822427106,3.933333333333333,1,True
"('רשת 13', '2024-11-03', 9)",1,295.0,רשת 13,Other,2,2024-11-03,overnight,5,1.0,-0.09585603134626218,4.916666666666667,1,True
"('רשת 13', '2024-11-03', 11)",1,252.0,רשת 13,Other,2,2024-11-03,overnight,4,1.0,-0.05176716798237394,4.2,1,True
"('רשת 13', '2024-11-03', 12)",2,422.0,רשת 13,Other,3,2024-11-03,overnight,7,2.0,0.2824339324920143,3.5166666666666666,2,True
"('רשת 13', '2024-11-03', 17)",1,192.0,רשת 13,Other,5,2024-11-03,overnight,3,1.0,-0.3139659085260089,3.2,1,True
"('רשת 13', '2024-11-03', 19)",1,219.0,רשת 13,Other,5,2024-11-03,overnight,4,1.0,0.5519207517136218,3.65,1,True
"('רשת 13', '2024-11-03', 22)",1,229.0,רשת 13,PrimeShow1,6,2024-11-03,morning,4,1.0,0.07556654940009866,3.816666666666667,1,True
"('רשת 13', '2024-11-03', 46)",1,253.0,רשת 13,Other,12,2024-11-03,afternoon,4,1.0,-0.3080741643792006,4.216666666666667,1,True
"('רשת 13', '2024-11-03', 52)",1,353.0,רשת 13,Other,13,2024-11-03,afternoon,6,1.0,0.07601247551811512,5.883333333333334,1,True
"('רשת 13', '2024-11-03', 54)",1,272.0,רשת 13,Other,13,2024-11-03,afternoon,5,1.0,0.2176145098350642,4.533333333333333,1,True
"('רשת 13', '2024-11-03', 60)",1,578.0,רשת 13,Other,14,2024-11-03,afternoon,10,1.0,0.09414689038848573,9.633333333333333,1,True
"('רשת 13', '2024-11-03', 68)",1,120.0,רשת 13,Other,17,2024-11-03,early_evening,2,1.0,-0.08335506578651941,2.0,1,True
"('רשת 13', '2024-11-03', 74)",1,138.0,רשת 13,Other,19,2024-11-03,early_evening,2,1.0,-0.07411193551168484,2.3,1,True
"('רשת 13', '2024-11-03', 75)",3,1120.0,רשת 13,News,20,2024-11-03,late_evening,19,3.0,0.3251426962169346,6.222222222222222,3,True
"('רשת 13', '2024-11-03', 82)",1,643.0,רשת 13,Other,22,2024-11-03,late_evening,11,1.0,-0.0012875414394966644,10.716666666666667,1,True
"('רשת 13', '2024-11-03', 84)",1,675.0,רשת 13,Other,22,2024-11-03,late_evening,11,1.0,-0.054560056776599225,11.25,1,True
"('רשת 13', '2024-11-03', 86)",1,424.0,רשת 13,Other,23,2024-11-03,late_evening,7,1.0,-0.16307677027018974,7.066666666666666,1,True
"('רשת 13', '2024-11-03', 88)",1,476.0,רשת 13,Other,23,2024-11-03,late_evening,8,1.0,0.06143412990052757,7.933333333333334,1,True
"('רשת 13', '2024-11-04', 3)",1,310.0,רשת 13,PrimeShow1,0,2024-11-04,overnight,5,1.0,-0.05403016211388029,5.166666666666667,1,True
"('רשת 13', '2024-11-04', 7)",1,200.0,רשת 13,Other,2,2024-11-04,overnight,3,1.0,-0.020770447357206887,3.3333333333333335,1,True
"('רשת 13', '2024-11-04', 9)",1,208.0,רשת 13,Other,2,2024-11-04,overnight,3,1.0,-0.038308377779939146,3.466666666666667,1,True
"('רשת 13', '2024-11-04', 15)",1,129.0,רשת 13,Other,5,2024-11-04,overnight,2,1.0,0.44373064618711794,2.15,1,True
"('רשת 13', '2024-11-04', 17)",1,95.0,רשת 13,Other,5,2024-11-04,overnight,2,1.0,0.036713485433184256,1.5833333333333333,1,True
"('רשת 13', '2024-11-04', 33)",2,941.0,רשת 13,Other,10,2024-11-04,morning,16,2.0,0.09139564214817034,7.841666666666667,2,True
"('רשת 13', '2024-11-04', 43)",1,443.0,רשת 13,Other,12,2024-11-04,afternoon,7,1.0,0.35293259077144173,7.383333333333334,1,True
"('רשת 13', '2024-11-04', 45)",1,49.0,רשת 13,Other,12,2024-11-04,afternoon,1,1.0,-0.05569269373220284,0.8166666666666667,1,True
"('רשת 13', '2024-11-04', 52)",1,315.0,רשת 13,Other,13,2024-11-04,afternoon,5,1.0,0.3181416100130131,5.25,1,True
"('רשת 13', '2024-11-04', 58)",1,331.0,רשת 13,Other,14,2024-11-04,afternoon,6,1.0,0.38290852196225467,5.516666666666667,1,True
"('רשת 13', '2024-11-04', 66)",1,120.0,רשת 13,Other,17,2024-11-04,early_evening,2,1.0,0.044202405597460276,2.0,1,True
"('רשת 13', '2024-11-04', 71)",1,133.0,רשת 13,Other,19,2024-11-04,early_evening,2,1.0,-0.01563422719143718,2.216666666666667,1,True
"('רשת 13', '2024-11-04', 78)",2,1399.0,רשת 13,Other,22,2024-11-04,late_evening,23,2.0,0.09598502223177457,11.658333333333333,2,True
"('רשת 13', '2024-11-04', 83)",1,527.0,רשת 13,Other,23,2024-11-04,late_evening,9,1.0,0.26665759967488134,8.783333333333333,1,True
"('רשת 13', '2024-11-04', 86)",1,517.0,רשת 13,PrimeShow1,23,2024-11-04,late_evening,9,1.0,-0.30117003532455544,8.616666666666667,1,True
"('רשת 13', '2024-11-05', 1)",1,312.0,רשת 13,Other,0,2024-11-05,overnight,5,1.0,0.893040343976758,5.2,1,True
"('רשת 13', '2024-11-05', 3)",1,248.0,רשת 13,Other,0,2024-11-05,overnight,4,1.0,-0.5807192522402305,4.133333333333334,1,True
"('רשת 13', '2024-11-05', 4)",1,222.0,רשת 13,Other,1,2024-11-05,overnight,4,1.0,-0.05634250909235544,3.7,1,True
"('רשת 13', '2024-11-05', 7)",1,338.0,רשת 13,Other,2,2024-11-05,overnight,6,1.0,0.09867152750702982,5.633333333333334,1,True
"('רשת 13', '2024-11-05', 9)",1,299.0,רשת 13,Other,3,2024-11-05,overnight,5,1.0,-0.1466034741918755,4.983333333333333,1,True
"('רשת 13', '2024-11-05', 15)",1,344.0,רשת 13,Other,5,2024-11-05,overnight,6,1.0,0.7177529913621454,5.733333333333333,1,True
"('רשת 13', '2024-11-05', 32)",3,1289.0,רשת 13,Other,10,2024-11-05,morning,21,3.0,-0.19280016779145426,7.161111111111111,3,True
"('רשת 13', '2024-11-05', 43)",1,500.0,רשת 13,Other,12,2024-11-05,afternoon,8,1.0,-0.10440685482868943,8.333333333333334,1,True
"('רשת 13', '2024-11-05', 45)",1,171.0,רשת 13,Other,12,2024-11-05,afternoon,3,1.0,-0.29308523279077897,2.85,1,True
"('רשת 13', '2024-11-05', 51)",1,604.0,רשת 13,Other,13,2024-11-05,afternoon,10,1.0,0.17240132058845564,10.066666666666666,1,True
"('רשת 13', '2024-11-05', 57)",2,871.0,רשת 13,Other,14,2024-11-05,afternoon,15,2.0,-0.13893600430920933,7.258333333333333,2,True
"('רשת 13', '2024-11-05', 66)",1,120.0,רשת 13,Other,17,2024-11-05,early_evening,2,1.0,0.003656311203110479,2.0,1,True
"('רשת 13', '2024-11-05', 69)",1,639.0,רשת 13,PrimeShow2,18,2024-11-05,early_evening,11,1.0,-0.07897473309637104,10.65,1,True
"('רשת 13', '2024-11-05', 72)",1,120.0,רשת 13,Other,19,2024-11-05,early_evening,2,1.0,0.13142524995328697,2.0,1,True
"('רשת 13', '2024-11-05', 74)",1,519.0,רשת 13,PrimeShow1,21,2024-11-05,late_evening,9,1.0,0.5611058331064201,8.65,1,True
"('רשת 13', '2024-11-05', 75)",2,598.0,רשת 13,PrimeShow2,21,2024-11-05,late_evening,10,2.0,0.9273660601907302,4.983333333333333,2,True
"('רשת 13', '2024-11-05', 78)",1,604.0,רשת 13,Other,22,2024-11-05,late_evening,10,1.0,0.346025568094836,10.066666666666666,1,True
"('רשת 13', '2024-11-05', 79)",3,1277.0,רשת 13,Other,22,2024-11-05,late_evening,21,3.0,0.15110214719161427,7.094444444444445,3,True
"('רשת 13', '2024-11-06', 2)",1,178.0,רשת 13,Other,0,2024-11-06,overnight,3,1.0,0.1725803861226562,2.966666666666667,1,True
"('רשת 13', '2024-11-06', 4)",1,47.0,רשת 13,Other,1,2024-11-06,overnight,1,1.0,-0.11091144112992632,0.7833333333333333,1,True
"('רשת 13', '2024-11-06', 7)",1,269.0,רשת 13,Other,2,2024-11-06,overnight,4,1.0,0.5525950366422856,4.483333333333333,1,True
"('רשת 13', '2024-11-06', 9)",2,443.0,רשת 13,Other,4,2024-11-06,overnight,7,2.0,0.3747738128976895,3.6916666666666664,2,True
"('רשת 13', '2024-11-06', 42)",1,120.0,רשת 13,Other,17,2024-11-06,early_evening,2,1.0,0.16549933665352434,2.0,1,True
"('רשת 13', '2024-11-06', 48)",1,133.0,רשת 13,Other,19,2024-11-06,early_evening,2,1.0,0.003340552056429285,2.216666666666667,1,True
"('רשת 13', '2024-11-06', 58)",1,438.0,רשת 13,Other,22,2024-11-06,late_evening,7,1.0,0.49080320942399946,7.3,1,True
"('רשת 13', '2024-11-06', 60)",1,448.0,רשת 13,Other,23,2024-11-06,late_evening,7,1.0,-0.04832995028969628,7.466666666666667,1,True
"('רשת 13', '2024-11-06', 62)",1,405.0,רשת 13,Other,23,2024-11-06,late_evening,7,1.0,-0.16712087043114418,6.75,1,True
"('רשת 13', '2024-11-07', 1)",1,265.0,רשת 13,Other,0,2024-11-07,overnight,4,1.0,0.034480272188902705,4.416666666666667,1,True
"('רשת 13', '2024-11-07', 3)",1,227.0,רשת 13,Other,1,2024-11-07,overnight,4,1.0,-0.001280633506415288,3.783333333333333,1,True
"('רשת 13', '2024-11-07', 7)",1,66.0,רשת 13,Other,2,2024-11-07,overnight,1,1.0,-0.07345444854915319,1.1,1,True
"('רשת 13', '2024-11-07', 9)",1,65.0,רשת 13,Other,3,2024-11-07,overnight,1,1.0,-0.08472807047378784,1.0833333333333333,1,True
"('רשת 13', '2024-11-07', 11)",1,85.0,רשת 13,Other,3,2024-11-07,overnight,1,1.0,-0.00941922191649164,1.4166666666666667,1,True
"('רשת 13', '2024-11-07', 18)",1,63.0,רשת 13,Other,5,2024-11-07,overnight,1,1.0,0.2736631512724501,1.05,1,True
"('רשת 13', '2024-11-07', 34)",3,1057.0,רשת 13,Other,10,2024-11-07,morning,18,3.0,-0.3524488134032786,5.872222222222223,3,True
"('רשת 13', '2024-11-07', 52)",1,241.0,רשת 13,Other,13,2024-11-07,afternoon,4,1.0,0.3996041978440031,4.016666666666667,1,True
"('רשת 13', '2024-11-07', 56)",1,453.0,רשת 13,Other,14,2024-11-07,afternoon,8,1.0,-0.29759341323938343,7.55,1,True
"('רשת 13', '2024-11-07', 64)",1,120.0,רשת 13,Other,17,2024-11-07,early_evening,2,1.0,0.17321561638321392,2.0,1,True
"('רשת 13', '2024-11-07', 67)",1,410.0,רשת 13,PrimeShow2,18,2024-11-07,early_evening,7,1.0,0.12481349248524001,6.833333333333333,1,True
"('רשת 13', '2024-11-07', 70)",1,133.0,רשת 13,Other,19,2024-11-07,early_evening,2,1.0,0.22969547138608876,2.216666666666667,1,True
"('רשת 13', '2024-11-07', 71)",2,687.0,רשת 13,News,20,2024-11-07,late_evening,11,2.0,0.23871849856397542,5.725,2,True
"('רשת 13', '2024-11-07', 76)",2,1066.0,רשת 13,Other,22,2024-11-07,late_evening,18,2.0,-0.29211205853392064,8.883333333333333,2,True
"('רשת 13', '2024-11-07', 80)",1,388.0,רשת 13,Other,23,2024-11-07,late_evening,6,1.0,-0.09150045674201335,6.466666666666667,1,True
"('רשת 13', '2024-11-07', 82)",1,405.0,רשת 13,Other,23,2024-11-07,late_evening,7,1.0,-0.0820441055434219,6.75,1,True
"('רשת 13', '2024-11-08', 1)",1,215.0,רשת 13,Other,0,2024-11-08,overnight,4,1.0,-0.15744580176165326,3.5833333333333335,1,True
"('רשת 13', '2024-11-08', 3)",1,297.0,רשת 13,Other,1,2024-11-08,overnight,5,1.0,0.24346875825085168,4.95,1,True
"('רשת 13', '2024-11-08', 5)",1,234.0,רשת 13,Other,2,2024-11-08,overnight,4,1.0,-0.039740328649513997,3.9,1,True
"('רשת 13', '2024-11-08', 7)",1,250.0,רשת 13,Other,3,2024-11-08,overnight,4,1.0,-0.062303883336154865,4.166666666666667,1,True
"('רשת 13', '2024-11-08', 24)",2,779.0,רשת 13,Other,10,2024-11-08,morning,13,2.0,0.013057952710452722,6.491666666666667,2,True
"('רשת 13', '2024-11-08', 34)",1,267.0,רשת 13,Other,12,2024-11-08,afternoon,4,1.0,0.15345570602894176,4.45,1,True
"('רשת 13', '2024-11-08', 36)",1,111.0,רשת 13,Other,12,2024-11-08,afternoon,2,1.0,0.024098822368379277,1.85,1,True
"('רשת 13', '2024-11-08', 41)",1,422.0,רשת 13,Other,13,2024-11-08,afternoon,7,1.0,0.08302946398676267,7.033333333333333,1,True
"('רשת 13', '2024-11-08', 43)",1,329.0,רשת 13,Other,13,2024-11-08,afternoon,5,1.0,-0.02613794274347668,5.483333333333333,1,True
"('רשת 13', '2024-11-08', 48)",2,402.0,רשת 13,Other,15,2024-11-08,afternoon,7,2.0,-0.33233970676722285,3.35,2,True
"('רשת 13', '2024-11-08', 54)",2,622.0,רשת 13,Other,21,2024-11-08,late_evening,10,2.0,0.4081331215034932,5.183333333333334,2,True
"('רשת 13', '2024-11-08', 57)",1,276.0,רשת 13,Other,22,2024-11-08,late_evening,5,1.0,0.0014145671136771322,4.6,1,True
"('רשת 13', '2024-11-08', 59)",1,317.0,רשת 13,Other,22,2024-11-08,late_evening,5,1.0,0.6535628815910602,5.283333333333333,1,True
"('רשת 13', '2024-11-08', 61)",1,231.0,רשת 13,Other,23,2024-11-08,late_evening,4,1.0,0.497962188420044,3.85,1,True
"('רשת 13', '2024-11-08', 63)",1,317.0,רשת 13,Other,23,2024-11-08,late_evening,5,1.0,-0.17275677077434823,5.283333333333333,1,True
"('רשת 13', '2024-11-09', 3)",1,458.0,רשת 13,Other,0,2024-11-09,overnight,8,1.0,0.15896364033226726,7.633333333333334,1,True
"('רשת 13', '2024-11-09', 5)",1,287.0,רשת 13,Other,0,2024-11-09,overnight,5,1.0,-0.10949388763456883,4.783333333333333,1,True
"('רשת 13', '2024-11-09', 6)",1,257.0,רשת 13,Other,1,2024-11-09,overnight,4,1.0,0.03220086837854638,4.283333333333333,1,True
"('רשת 13', '2024-11-09', 10)",1,262.0,רשת 13,Other,2,2024-11-09,overnight,4,1.0,0.17757095403535675,4.366666666666666,1,True
"('רשת 13', '2024-11-09', 13)",1,261.0,רשת 13,Other,3,2024-11-09,overnight,4,1.0,0.06947008457164656,4.35,1,True
"('רשת 13', '2024-11-09', 15)",1,237.0,רשת 13,Other,3,2024-11-09,overnight,4,1.0,-0.01886848430438258,3.95,1,True
"('רשת 13', '2024-11-09', 19)",2,430.0,רשת 13,Other,5,2024-11-09,overnight,7,2.0,0.35932320967229237,3.583333333333333,2,True
"('רשת 13', '2024-11-09', 22)",1,186.0,רשת 13,Other,6,2024-11-09,morning,3,1.0,-0.2800397756262137,3.1,1,True
"('רשת 13', '2024-11-09', 24)",2,340.0,רשת 13,Other,6,2024-11-09,morning,6,2.0,-0.1494210192513702,2.8333333333333335,2,True
"('רשת 13', '2024-11-09', 27)",1,71.0,רשת 13,Other,7,2024-11-09,morning,1,1.0,0.47485574077318743,1.1833333333333333,1,True
"('רשת 13', '2024-11-09', 29)",1,257.0,רשת 13,Other,8,2024-11-09,morning,4,1.0,-0.10450427405526559,4.283333333333333,1,True
"('רשת 13', '2024-11-09', 31)",1,119.0,רשת 13,Other,8,2024-11-09,morning,2,1.0,0.20698584117367558,1.9833333333333334,1,True
"('רשת 13', '2024-11-09', 45)",1,75.0,רשת 13,Other,13,2024-11-09,afternoon,1,1.0,0.23674323448578166,1.25,1,True
"('רשת 13', '2024-11-09', 46)",1,111.0,רשת 13,Other,13,2024-11-09,afternoon,2,1.0,0.07038353018383894,1.85,1,True
"('רשת 13', '2024-11-09', 55)",1,337.0,רשת 13,Other,16,2024-11-09,afternoon,6,1.0,0.1808888917924589,5.616666666666666,1,True
"('רשת 13', '2024-11-09', 67)",1,138.0,רשת 13,Other,19,2024-11-09,early_evening,2,1.0,-0.3117451589009335,2.3,1,True
"('רשת 13', '2024-11-09', 74)",1,750.0,רשת 13,Other,22,2024-11-09,late_evening,12,1.0,-0.17302060642153075,12.5,1,True
"('רשת 13', '2024-11-09', 76)",1,495.0,רשת 13,Other,22,2024-11-09,late_evening,8,1.0,0.0387635138728987,8.25,1,True
"('רשת 13', '2024-11-09', 78)",1,395.0,רשת 13,Other,23,2024-11-09,late_evening,7,1.0,-0.3226601765157152,6.583333333333333,1,True
"('רשת 13', '2024-11-09', 80)",1,598.0,רשת 13,Other,23,2024-11-09,late_evening,10,1.0,-0.15996614765058687,9.966666666666667,1,True
"('רשת 13', '2024-11-10', 2)",1,366.0,רשת 13,Other,0,2024-11-10,overnight,6,1.0,-0.08114233695413135,6.1,1,True
"('רשת 13', '2024-11-10', 4)",1,291.0,רשת 13,Other,1,2024-11-10,overnight,5,1.0,0.2506228653211172,4.85,1,True
"('רשת 13', '2024-11-10', 6)",1,375.0,רשת 13,Other,1,2024-11-10,overnight,6,1.0,0.20418035060645373,6.25,1,True
"('רשת 13', '2024-11-10', 9)",1,188.0,רשת 13,Other,2,2024-11-10,overnight,3,1.0,-0.04142208727986912,3.1333333333333333,1,True
"('רשת 13', '2024-11-10', 11)",2,353.0,רשת 13,Other,3,2024-11-10,overnight,6,2.0,1.0929094270984296,2.9416666666666664,2,True
"('רשת 13', '2024-11-10', 19)",1,149.0,רשת 13,Other,5,2024-11-10,overnight,2,1.0,0.01751358249270821,2.4833333333333334,1,True
"('רשת 13', '2024-11-10', 21)",1,104.0,רשת 13,Other,5,2024-11-10,overnight,2,1.0,0.16913092860800524,1.7333333333333334,1,True
"('רשת 13', '2024-11-10', 37)",3,1098.0,רשת 13,Other,10,2024-11-10,morning,18,3.0,0.486373843313716,6.1000000000000005,3,True
"('רשת 13', '2024-11-10', 48)",1,541.0,רשת 13,Other,12,2024-11-10,afternoon,9,1.0,0.1250487493828,9.016666666666667,1,True
"('רשת 13', '2024-11-10', 50)",1,289.0,רשת 13,Other,12,2024-11-10,afternoon,5,1.0,-0.016587023674797075,4.816666666666666,1,True
"('רשת 13', '2024-11-10', 56)",1,481.0,רשת 13,Other,13,2024-11-10,afternoon,8,1.0,0.048189383136041736,8.016666666666667,1,True
"('רשת 13', '2024-11-10', 57)",1,205.0,רשת 13,Other,13,2024-11-10,afternoon,3,1.0,-0.017080529117811008,3.4166666666666665,1,True
"('רשת 13', '2024-11-10', 59)",1,202.0,רשת 13,Other,13,2024-11-10,afternoon,3,1.0,-0.11385942538745462,3.3666666666666667,1,True
"('רשת 13', '2024-11-10', 64)",1,440.0,רשת 13,Other,14,2024-11-10,afternoon,7,1.0,-0.12409419576510074,7.333333333333333,1,True
"('רשת 13', '2024-11-10', 72)",1,120.0,רשת 13,Other,17,2024-11-10,early_evening,2,1.0,0.04159905485351249,2.0,1,True
"('רשת 13', '2024-11-10', 75)",1,569.0,רשת 13,PrimeShow2,18,2024-11-10,early_evening,9,1.0,-0.09193532613647631,9.483333333333333,1,True
"('רשת 13', '2024-11-10', 78)",1,118.0,רשת 13,Other,19,2024-11-10,early_evening,2,1.0,0.06724752746488899,1.9666666666666666,1,True
"('רשת 13', '2024-11-10', 79)",3,942.0,רשת 13,News,20,2024-11-10,late_evening,16,3.0,-0.27527230437274197,5.233333333333333,3,True
"('רשת 13', '2024-11-10', 85)",1,576.0,רשת 13,Other,22,2024-11-10,late_evening,10,1.0,-0.08464038763386239,9.6,1,True
"('רשת 13', '2024-11-10', 87)",1,547.0,רשת 13,Other,22,2024-11-10,late_evening,9,1.0,0.20803229026714992,9.116666666666667,1,True
"('רשת 13', '2024-11-10', 91)",1,462.0,רשת 13,Other,23,2024-11-10,late_evening,8,1.0,0.16873102923411182,7.7,1,True
"('רשת 13', '2024-11-11', 3)",1,214.0,רשת 13,PrimeShow1,0,2024-11-11,overnight,4,1.0,0.3342314648584625,3.566666666666667,1,True
"('רשת 13', '2024-11-11', 7)",1,342.0,רשת 13,Other,1,2024-11-11,overnight,6,1.0,-0.039740328649514226,5.7,1,True
"('רשת 13', '2024-11-11', 10)",1,333.0,רשת 13,Other,2,2024-11-11,overnight,6,1.0,-0.013004084423206573,5.55,1,True
"('רשת 13', '2024-11-11', 12)",1,322.0,רשת 13,Other,2,2024-11-11,overnight,5,1.0,0.7616207064107103,5.366666666666666,1,True
"('רשת 13', '2024-11-11', 14)",1,321.0,רשת 13,Other,3,2024-11-11,overnight,5,1.0,-0.8070009380764392,5.35,1,True
"('רשת 13', '2024-11-11', 18)",1,314.0,רשת 13,Other,5,2024-11-11,overnight,5,1.0,0.020761991448429225,5.233333333333333,1,True
"('רשת 13', '2024-11-11', 20)",1,81.0,רשת 13,Other,5,2024-11-11,overnight,1,1.0,-0.4052895617195803,1.35,1,True
"('רשת 13', '2024-11-11', 36)",2,764.0,רשת 13,Other,10,2024-11-11,morning,13,2.0,0.5127235152278917,6.366666666666667,2,True
"('רשת 13', '2024-11-11', 55)",1,261.0,רשת 13,Other,13,2024-11-11,afternoon,4,1.0,0.1687235341327074,4.35,1,True
"('רשת 13', '2024-11-11', 57)",1,297.0,רשת 13,Other,13,2024-11-11,afternoon,5,1.0,0.04510258095391936,4.95,1,True
"('רשת 13', '2024-11-11', 59)",1,376.0,רשת 13,Other,13,2024-11-11,afternoon,6,1.0,-0.16362942378180212,6.266666666666667,1,True
"('רשת 13', '2024-11-11', 63)",1,165.0,רשת 13,Other,14,2024-11-11,afternoon,3,1.0,0.17752019457411028,2.75,1,True
"('רשת 13', '2024-11-11', 64)",1,330.0,רשת 13,Other,14,2024-11-11,afternoon,6,1.0,-0.032301456398940845,5.5,1,True
"('רשת 13', '2024-11-11', 72)",1,100.0,רשת 13,Other,17,2024-11-11,early_evening,2,1.0,-0.0674487711093823,1.6666666666666667,1,True
"('רשת 13', '2024-11-11', 75)",1,536.0,רשת 13,PrimeShow2,18,2024-11-11,early_evening,9,1.0,-0.16175579713023075,8.933333333333334,1,True
"('רשת 13', '2024-11-11', 78)",1,118.0,רשת 13,Other,19,2024-11-11,early_evening,2,1.0,-0.059493891843905126,1.9666666666666666,1,True
"('רשת 13', '2024-11-11', 88)",1,617.0,רשת 13,Other,22,2024-11-11,late_evening,10,1.0,0.01779077601914171,10.283333333333333,1,True
"('רשת 13', '2024-11-11', 93)",1,401.0,רשת 13,PrimeShow1,23,2024-11-11,late_evening,7,1.0,0.009887755793159855,6.683333333333334,1,True
"('רשת 13', '2024-11-12', 1)",1,327.0,רשת 13,Other,0,2024-11-12,overnight,5,1.0,-0.019360735994247515,5.45,1,True
"('רשת 13', '2024-11-12', 3)",1,262.0,רשת 13,Other,1,2024-11-12,overnight,4,1.0,-0.15810008435885564,4.366666666666666,1,True
"('רשת 13', '2024-11-12', 5)",1,238.0,רשת 13,Other,1,2024-11-12,overnight,4,1.0,0.12935807123664328,3.966666666666667,1,True
"('רשת 13', '2024-11-12', 8)",1,289.0,רשת 13,Other,2,2024-11-12,overnight,5,1.0,-0.18687737332981488,4.816666666666666,1,True
"('רשת 13', '2024-11-12', 10)",2,628.0,רשת 13,Other,3,2024-11-12,overnight,10,2.0,-0.3282649481976394,5.233333333333333,2,True
"('רשת 13', '2024-11-12', 16)",1,210.0,רשת 13,Other,5,2024-11-12,overnight,4,1.0,0.1362377542222653,3.5,1,True
"('רשת 13', '2024-11-12', 18)",1,57.0,רשת 13,Other,5,2024-11-12,overnight,1,1.0,-0.16816960100658898,0.95,1,True
"('רשת 13', '2024-11-12', 46)",1,268.0,רשת 13,Other,12,2024-11-12,afternoon,4,1.0,0.1576842524085695,4.466666666666667,1,True
"('רשת 13', '2024-11-12', 47)",1,269.0,רשת 13,Other,13,2024-11-12,afternoon,4,1.0,0.41408585115207125,4.483333333333333,1,True
"('רשת 13', '2024-11-12', 61)",1,100.0,רשת 13,Other,17,2024-11-12,early_evening,2,1.0,-0.09267479773532163,1.6666666666666667,1,True
"('רשת 13', '2024-11-12', 64)",1,482.0,רשת 13,PrimeShow2,18,2024-11-12,early_evening,8,1.0,-0.16452916349230298,8.033333333333333,1,True
"('רשת 13', '2024-11-12', 66)",1,113.0,רשת 13,Other,19,2024-11-12,early_evening,2,1.0,0.12049617942109689,1.8833333333333333,1,True
"('רשת 13', '2024-11-12', 74)",2,878.0,רשת 13,Other,22,2024-11-12,late_evening,15,2.0,-0.0979910620864662,7.316666666666666,2,True
"('רשת 13', '2024-11-12', 77)",1,512.0,רשת 13,Other,22,2024-11-12,late_evening,9,1.0,0.6814652968546225,8.533333333333333,1,True
"('רשת 13', '2024-11-12', 79)",1,420.0,רשת 13,Other,23,2024-11-12,late_evening,7,1.0,0.15143343798154557,7.0,1,True
"('רשת 13', '2024-11-13', 2)",1,272.0,רשת 13,Other,0,2024-11-13,overnight,5,1.0,0.07823275242829703,4.533333333333333,1,True
"('רשת 13', '2024-11-13', 4)",1,310.0,רשת 13,Other,1,2024-11-13,overnight,5,1.0,-0.10629923982980172,5.166666666666667,1,True
"('רשת 13', '2024-11-13', 6)",1,63.0,רשת 13,Other,1,2024-11-13,overnight,1,1.0,0.09248926296668925,1.05,1,True
"('רשת 13', '2024-11-13', 8)",1,185.0,רשת 13,Other,2,2024-11-13,overnight,3,1.0,0.021577600644547015,3.0833333333333335,1,True
"('רשת 13', '2024-11-13', 10)",1,219.0,רשת 13,Other,2,2024-11-13,overnight,4,1.0,-0.013158084577511088,3.65,1,True
"('רשת 13', '2024-11-13', 12)",1,170.0,רשת 13,Other,3,2024-11-13,overnight,3,1.0,-0.10697211955216795,2.8333333333333335,1,True
"('רשת 13', '2024-11-13', 14)",2,428.0,רשת 13,Other,3,2024-11-13,overnight,7,2.0,-0.03898544671295377,3.5666666666666664,2,True
"('רשת 13', '2024-11-13', 19)",1,217.0,רשת 13,Other,5,2024-11-13,overnight,4,1.0,0.04181793968332141,3.6166666666666667,1,True
"('רשת 13', '2024-11-13', 47)",1,632.0,רשת 13,Other,12,2024-11-13,afternoon,11,1.0,0.027806201827421117,10.533333333333333,1,True
"('רשת 13', '2024-11-13', 49)",1,206.0,רשת 13,Other,12,2024-11-13,afternoon,3,1.0,-0.03902839962090097,3.433333333333333,1,True
"('רשת 13', '2024-11-13', 55)",1,394.0,רשת 13,Other,13,2024-11-13,afternoon,7,1.0,0.4893587839743122,6.566666666666666,1,True
"('רשת 13', '2024-11-13', 56)",1,313.0,רשת 13,Other,13,2024-11-13,afternoon,5,1.0,-0.0732504617395928,5.216666666666667,1,True
"('רשת 13', '2024-11-13', 62)",2,842.0,רשת 13,Other,14,2024-11-13,afternoon,14,2.0,-0.2695289929747592,7.0166666666666675,2,True
"('רשת 13', '2024-11-13', 71)",1,100.0,רשת 13,Other,17,2024-11-13,early_evening,2,1.0,0.2546849133270196,1.6666666666666667,1,True
"('רשת 13', '2024-11-13', 74)",1,531.0,רשת 13,PrimeShow2,19,2024-11-13,early_evening,9,1.0,0.2890965751778706,8.85,1,True
"('רשת 13', '2024-11-13', 76)",1,133.0,רשת 13,Other,19,2024-11-13,early_evening,2,1.0,0.1504149762065941,2.216666666666667,1,True
"('רשת 13', '2024-11-13', 84)",2,1216.0,רשת 13,Other,22,2024-11-13,late_evening,20,2.0,-0.35674608663205964,10.133333333333333,2,True
"('רשת 13', '2024-11-13', 87)",1,434.0,רשת 13,Other,23,2024-11-13,late_evening,7,1.0,0.3083060850264371,7.233333333333333,1,True
"('רשת 13', '2024-11-13', 89)",1,316.0,רשת 13,Other,23,2024-11-13,late_evening,5,1.0,0.22839278206346142,5.266666666666667,1,True
"('רשת 13', '2024-11-14', 2)",1,253.0,רשת 13,Other,0,2024-11-14,overnight,4,1.0,0.20418667464450513,4.216666666666667,1,True
"('רשת 13', '2024-11-14', 4)",1,262.0,רשת 13,Other,1,2024-11-14,overnight,4,1.0,0.18851832333146604,4.366666666666666,1,True
"('רשת 13', '2024-11-14', 7)",1,47.0,רשת 13,Other,2,2024-11-14,overnight,1,1.0,-0.03069608715717665,0.7833333333333333,1,True
"('רשת 13', '2024-11-14', 9)",1,101.0,רשת 13,Other,2,2024-11-14,overnight,2,1.0,-0.20879394202641724,1.6833333333333333,1,True
"('רשת 13', '2024-11-14', 16)",1,86.0,רשת 13,Other,5,2024-11-14,overnight,1,1.0,-0.154150679827258,1.4333333333333333,1,True
"('רשת 13', '2024-11-14', 18)",1,41.0,רשת 13,Other,5,2024-11-14,overnight,1,1.0,-0.3087094396438563,0.6833333333333333,1,True
"('רשת 13', '2024-11-14', 23)",6,2636.0,רשת 13,Other,7,2024-11-14,morning,44,6.0,-0.2899913698246296,7.322222222222222,6,True
"('רשת 13', '2024-11-14', 34)",2,954.0,רשת 13,Other,10,2024-11-14,morning,16,2.0,0.9520614272374064,7.95,2,True
"('רשת 13', '2024-11-14', 46)",1,181.0,רשת 13,Other,12,2024-11-14,afternoon,3,1.0,-0.29685059959451754,3.0166666666666666,1,True
"('רשת 13', '2024-11-14', 54)",1,275.0,רשת 13,Other,13,2024-11-14,afternoon,5,1.0,0.3639267940377439,4.583333333333333,1,True
"('רשת 13', '2024-11-14', 59)",2,904.0,רשת 13,Other,14,2024-11-14,afternoon,15,2.0,-0.915885022729586,7.533333333333333,2,True
"('רשת 13', '2024-11-14', 68)",1,100.0,רשת 13,Other,17,2024-11-14,early_evening,2,1.0,0.10239150955332671,1.6666666666666667,1,True
"('רשת 13', '2024-11-14', 71)",1,339.0,רשת 13,PrimeShow2,19,2024-11-14,early_evening,6,1.0,-0.13399667613861638,5.65,1,True
"('רשת 13', '2024-11-14', 74)",1,133.0,רשת 13,Other,19,2024-11-14,early_evening,2,1.0,0.20198873826611038,2.216666666666667,1,True
"('רשת 13', '2024-11-14', 75)",2,731.0,רשת 13,News,20,2024-11-14,late_evening,12,2.0,0.522480241594839,6.091666666666667,2,True
"('רשת 13', '2024-11-14', 80)",2,1278.0,רשת 13,Other,22,2024-11-14,late_evening,21,2.0,-0.2308090544648213,10.649999999999999,2,True
"('רשת 13', '2024-11-14', 83)",1,365.0,רשת 13,Other,23,2024-11-14,late_evening,6,1.0,-0.1416653126140608,6.083333333333333,1,True
"('רשת 13', '2024-11-14', 85)",1,403.0,רשת 13,Other,23,2024-11-14,late_evening,7,1.0,-0.1475272617864391,6.716666666666667,1,True
"('רשת 13', '2024-11-15', 1)",1,268.0,רשת 13,Other,0,2024-11-15,overnight,4,1.0,0.4020378194702017,4.466666666666667,1,True
"('רשת 13', '2024-11-15', 4)",1,147.0,רשת 13,Other,1,2024-11-15,overnight,2,1.0,-0.16356347080624972,2.45,1,True
"('רשת 13', '2024-11-15', 6)",1,163.0,רשת 13,Other,2,2024-11-15,overnight,3,1.0,0.039513949860239594,2.716666666666667,1,True
"('רשת 13', '2024-11-15', 8)",1,104.0,רשת 13,Other,3,2024-11-15,overnight,2,1.0,-0.07810659864666997,1.7333333333333334,1,True
"('רשת 13', '2024-11-15', 10)",2,343.0,רשת 13,Other,3,2024-11-15,overnight,6,2.0,0.11001437393284955,2.8583333333333334,2,True
"('רשת 13', '2024-11-15', 15)",1,116.0,רשת 13,Other,5,2024-11-15,overnight,2,1.0,0.0069686693160934355,1.9333333333333333,1,True
"('רשת 13', '2024-11-15', 21)",1,213.0,רשת 13,PrimeShow1,6,2024-11-15,morning,4,1.0,-0.12397807467389674,3.55,1,True
"('רשת 13', '2024-11-15', 41)",1,564.0,רשת 13,Other,12,2024-11-15,afternoon,9,1.0,0.28167291594370625,9.4,1,True
"('רשת 13', '2024-11-15', 43)",1,196.0,רשת 13,Other,12,2024-11-15,afternoon,3,1.0,0.06768632742830163,3.2666666666666666,1,True
"('רשת 13', '2024-11-15', 48)",1,135.0,רשת 13,Other,13,2024-11-15,afternoon,2,1.0,0.004328290426258402,2.25,1,True
"('רשת 13', '2024-11-15', 58)",2,668.0,רשת 13,Other,16,2024-11-15,afternoon,11,2.0,0.41474462527267875,5.566666666666666,2,True
"('רשת 13', '2024-11-15', 65)",1,390.0,רשת 13,Other,17,2024-11-15,early_evening,6,1.0,0.11785848386593883,6.5,1,True
"('רשת 13', '2024-11-15', 76)",1,505.0,רשת 13,Other,21,2024-11-15,late_evening,8,1.0,0.042716696733479206,8.416666666666666,1,True
"('רשת 13', '2024-11-15', 78)",1,331.0,רשת 13,Other,22,2024-11-15,late_evening,6,1.0,0.5243708664146265,5.516666666666667,1,True
"('רשת 13', '2024-11-15', 82)",1,339.0,רשת 13,Other,23,2024-11-15,late_evening,6,1.0,-0.2233304799438571,5.65,1,True
"('רשת 13', '2024-11-16', 6)",1,261.0,רשת 13,Other,1,2024-11-16,overnight,4,1.0,-0.041619594826093814,4.35,1,True
"('רשת 13', '2024-11-16', 9)",1,220.0,רשת 13,Other,2,2024-11-16,overnight,4,1.0,-0.16712890975953837,3.6666666666666665,1,True
"('רשת 13', '2024-11-16', 11)",1,247.0,רשת 13,Other,3,2024-11-16,overnight,4,1.0,-0.11303887223440524,4.116666666666666,1,True
"('רשת 13', '2024-11-16', 13)",1,197.0,רשת 13,Other,3,2024-11-16,overnight,3,1.0,-0.03372563470803597,3.283333333333333,1,True
"('רשת 13', '2024-11-16', 21)",1,187.0,רשת 13,Other,5,2024-11-16,overnight,3,1.0,0.043704434234729035,3.1166666666666667,1,True
"('רשת 13', '2024-11-16', 23)",1,68.0,רשת 13,Other,6,2024-11-16,morning,1,1.0,0.00751396202719673,1.1333333333333333,1,True
"('רשת 13', '2024-11-16', 25)",2,176.0,רשת 13,Other,6,2024-11-16,morning,3,2.0,0.03656884858253104,1.4666666666666666,2,True
"('רשת 13', '2024-11-16', 28)",1,132.0,רשת 13,Other,7,2024-11-16,morning,2,1.0,-0.32779480516560233,2.2,1,True
"('רשת 13', '2024-11-16', 32)",1,229.0,רשת 13,Other,8,2024-11-16,morning,4,1.0,-0.18718156767344832,3.816666666666667,1,True
"('רשת 13', '2024-11-16', 34)",1,245.0,רשת 13,Other,9,2024-11-16,morning,4,1.0,0.34071329913785564,4.083333333333333,1,True
"('רשת 13', '2024-11-16', 36)",1,287.0,רשת 13,Other,9,2024-11-16,morning,5,1.0,-0.34208045485311767,4.783333333333333,1,True
"('רשת 13', '2024-11-16', 47)",1,88.0,רשת 13,Other,13,2024-11-16,afternoon,1,1.0,-0.17589156279448925,1.4666666666666666,1,True
"('רשת 13', '2024-11-16', 56)",1,151.0,רשת 13,Other,16,2024-11-16,afternoon,3,1.0,0.21225945130095042,2.5166666666666666,1,True
"('רשת 13', '2024-11-16', 66)",1,401.0,רשת 13,Other,19,2024-11-16,early_evening,7,1.0,0.21822443759419594,6.683333333333334,1,True
"('רשת 13', '2024-11-16', 68)",1,111.0,רשת 13,Other,19,2024-11-16,early_evening,2,1.0,-0.3188644466202568,1.85,1,True
"('רשת 13', '2024-11-16', 69)",2,887.0,רשת 13,News,20,2024-11-16,late_evening,15,2.0,0.15572864620238472,7.391666666666667,2,True
"('רשת 13', '2024-11-16', 74)",2,1370.0,רשת 13,Other,22,2024-11-16,late_evening,23,2.0,-0.41965491804267263,11.416666666666668,2,True
"('רשת 13', '2024-11-16', 78)",1,290.0,רשת 13,Other,23,2024-11-16,late_evening,5,1.0,0.34164889831853745,4.833333333333333,1,True
"('רשת 13', '2024-11-16', 80)",1,568.0,רשת 13,Other,23,2024-11-16,late_evening,9,1.0,-0.10270709674963396,9.466666666666667,1,True
"('רשת 13', '2024-11-17', 2)",1,166.0,רשת 13,Other,0,2024-11-17,overnight,3,1.0,0.08225963742753013,2.7666666666666666,1,True
"('רשת 13', '2024-11-17', 4)",1,170.0,רשת 13,Other,1,2024-11-17,overnight,3,1.0,0.280412885236353,2.8333333333333335,1,True
"('רשת 13', '2024-11-17', 8)",1,198.0,רשת 13,Other,2,2024-11-17,overnight,3,1.0,-0.05843108343584306,3.3,1,True
"('רשת 13', '2024-11-17', 12)",1,106.0,רשת 13,Other,4,2024-11-17,overnight,2,1.0,-0.049655590445860834,1.7666666666666666,1,True
"('רשת 13', '2024-11-17', 17)",1,152.0,רשת 13,Other,5,2024-11-17,overnight,3,1.0,0.034846731330168315,2.533333333333333,1,True
"('רשת 13', '2024-11-17', 45)",1,488.0,רשת 13,Other,12,2024-11-17,afternoon,8,1.0,-0.021525494786273792,8.133333333333333,1,True
"('רשת 13', '2024-11-17', 47)",1,92.0,רשת 13,Other,12,2024-11-17,afternoon,2,1.0,0.04969794335691596,1.5333333333333334,1,True
"('רשת 13', '2024-11-17', 67)",1,100.0,רשת 13,Other,17,2024-11-17,early_evening,2,1.0,-0.030632762275521686,1.6666666666666667,1,True
"('רשת 13', '2024-11-17', 70)",1,412.0,רשת 13,PrimeShow2,18,2024-11-17,early_evening,7,1.0,-0.06815918119560628,6.866666666666666,1,True
"('רשת 13', '2024-11-17', 73)",1,113.0,רשת 13,Other,19,2024-11-17,early_evening,2,1.0,0.21422916613535084,1.8833333333333333,1,True
"('רשת 13', '2024-11-17', 80)",2,1262.0,רשת 13,Other,22,2024-11-17,late_evening,21,2.0,-0.011816736661002317,10.516666666666667,2,True
"('רשת 13', '2024-11-17', 87)",1,425.0,רשת 13,Other,23,2024-11-17,late_evening,7,1.0,0.008488284720895592,7.083333333333333,1,True
"('רשת 13', '2024-11-18', 5)",1,228.0,רשת 13,Other,1,2024-11-18,overnight,4,1.0,0.3128437528310474,3.8,1,True
"('רשת 13', '2024-11-18', 7)",1,133.0,רשת 13,Other,1,2024-11-18,overnight,2,1.0,-0.005607491328945198,2.216666666666667,1,True
"('רשת 13', '2024-11-18', 10)",1,49.0,רשת 13,Other,2,2024-11-18,overnight,1,1.0,-0.013639393093318686,0.8166666666666667,1,True
"('רשת 13', '2024-11-18', 12)",1,46.0,רשת 13,Other,2,2024-11-18,overnight,1,1.0,-0.07432840641009762,0.7666666666666667,1,True
"('רשת 13', '2024-11-18', 14)",2,95.0,רשת 13,Other,3,2024-11-18,overnight,2,2.0,-0.1248119800227819,0.7916666666666667,2,True
"('רשת 13', '2024-11-18', 50)",1,543.0,רשת 13,Other,12,2024-11-18,afternoon,9,1.0,0.19430800167432247,9.05,1,True
"('רשת 13', '2024-11-18', 52)",1,93.0,רשת 13,Other,12,2024-11-18,afternoon,2,1.0,-0.07577945229894037,1.55,1,True
"('רשת 13', '2024-11-18', 58)",1,553.0,רשת 13,Other,13,2024-11-18,afternoon,9,1.0,-0.35089224576906175,9.216666666666667,1,True
"('רשת 13', '2024-11-18', 64)",1,503.0,רשת 13,Other,14,2024-11-18,afternoon,8,1.0,0.2855630405675569,8.383333333333333,1,True
"('רשת 13', '2024-11-18', 72)",1,100.0,רשת 13,Other,17,2024-11-18,early_evening,2,1.0,0.1945809892573145,1.6666666666666667,1,True
"('רשת 13', '2024-11-18', 75)",1,541.0,רשת 13,PrimeShow2,18,2024-11-18,early_evening,9,1.0,0.005499634348779064,9.016666666666667,1,True
"('רשת 13', '2024-11-18', 78)",1,113.0,רשת 13,Other,19,2024-11-18,early_evening,2,1.0,0.12521032508058177,1.8833333333333333,1,True
"('רשת 13', '2024-11-18', 86)",2,1273.0,רשת 13,Other,22,2024-11-18,late_evening,21,2.0,0.2165630856783578,10.608333333333334,2,True
"('רשת 13', '2024-11-18', 92)",1,302.0,רשת 13,PrimeShow1,23,2024-11-18,late_evening,5,1.0,-0.00043571348771799523,5.033333333333333,1,True
"('רשת 13', '2024-11-19', 3)",1,226.0,רשת 13,Other,1,2024-11-19,overnight,4,1.0,0.022214232931454084,3.7666666666666666,1,True
"('רשת 13', '2024-11-19', 5)",1,234.0,רשת 13,Other,1,2024-11-19,overnight,4,1.0,-0.04328210559970735,3.9,1,True
"('רשת 13', '2024-11-19', 6)",1,159.0,רשת 13,Other,1,2024-11-19,overnight,3,1.0,-0.10521752573837184,2.65,1,True
"('רשת 13', '2024-11-19', 9)",1,78.0,רשת 13,Other,2,2024-11-19,overnight,1,1.0,-0.2269483842851432,1.3,1,True
"('רשת 13', '2024-11-19', 11)",1,122.0,רשת 13,Other,3,2024-11-19,overnight,2,1.0,-0.16987949924911747,2.033333333333333,1,True
"('רשת 13', '2024-11-19', 13)",2,364.0,רשת 13,Other,3,2024-11-19,overnight,6,2.0,0.4814583553633882,3.033333333333333,2,True
"('רשת 13', '2024-11-19', 18)",1,125.0,רשת 13,Other,5,2024-11-19,overnight,2,1.0,0.0,2.0833333333333335,1,True
"('רשת 13', '2024-11-19', 20)",1,67.0,רשת 13,Other,5,2024-11-19,overnight,1,1.0,-0.05202118475087861,1.1166666666666667,1,True
"('רשת 13', '2024-11-19', 48)",1,513.0,רשת 13,Other,12,2024-11-19,afternoon,9,1.0,-0.09037871700419874,8.55,1,True
"('רשת 13', '2024-11-19', 50)",1,149.0,רשת 13,Other,12,2024-11-19,afternoon,2,1.0,-0.3022024029767343,2.4833333333333334,1,True
"('רשת 13', '2024-11-19', 57)",1,256.0,רשת 13,Other,13,2024-11-19,afternoon,4,1.0,0.0015794159445499806,4.266666666666667,1,True
"('רשת 13', '2024-11-19', 62)",2,900.0,רשת 13,Other,14,2024-11-19,afternoon,15,2.0,0.19877951081256462,7.5,2,True
"('רשת 13', '2024-11-19', 71)",1,100.0,רשת 13,Other,17,2024-11-19,early_evening,2,1.0,-0.21107136723637968,1.6666666666666667,1,True
"('רשת 13', '2024-11-19', 77)",1,113.0,רשת 13,Other,19,2024-11-19,early_evening,2,1.0,0.007976320399998904,1.8833333333333333,1,True
"('רשת 13', '2024-11-19', 83)",1,726.0,רשת 13,Other,21,2024-11-19,late_evening,12,1.0,0.04830798311058558,12.1,1,True
"('רשת 13', '2024-11-19', 85)",1,404.0,רשת 13,Other,22,2024-11-19,late_evening,7,1.0,0.34017979859363306,6.733333333333333,1,True
"('רשת 13', '2024-11-20', 3)",1,303.0,רשת 13,Other,1,2024-11-20,overnight,5,1.0,-0.027208666349898228,5.05,1,True
"('רשת 13', '2024-11-20', 6)",1,192.0,רשת 13,Other,2,2024-11-20,overnight,3,1.0,-0.039621796082552604,3.2,1,True
"('רשת 13', '2024-11-20', 8)",1,179.0,רשת 13,Other,2,2024-11-20,overnight,3,1.0,-0.09025448822681338,2.9833333333333334,1,True
"('רשת 13', '2024-11-20', 10)",2,397.0,רשת 13,Other,3,2024-11-20,overnight,7,2.0,-0.18115874505639337,3.3083333333333336,2,True
"('רשת 13', '2024-11-20', 16)",1,108.0,רשת 13,Other,5,2024-11-20,overnight,2,1.0,0.5959046330045668,1.8,1,True
"('רשת 13', '2024-11-20', 44)",1,364.0,רשת 13,Other,12,2024-11-20,afternoon,6,1.0,-0.11087434009025919,6.066666666666666,1,True
"('רשת 13', '2024-11-20', 46)",1,84.0,רשת 13,Other,12,2024-11-20,afternoon,1,1.0,-0.0017389002156497774,1.4,1,True
"('רשת 13', '2024-11-20', 66)",1,100.0,רשת 13,Other,17,2024-11-20,early_evening,2,1.0,0.0036563112031108122,1.6666666666666667,1,True
"('רשת 13', '2024-11-20', 69)",1,482.0,רשת 13,PrimeShow2,18,2024-11-20,early_evening,8,1.0,-0.15902329961778042,8.033333333333333,1,True
"('רשת 13', '2024-11-20', 72)",1,121.0,רשת 13,Other,19,2024-11-20,early_evening,2,1.0,-0.06513711408268327,2.0166666666666666,1,True
"('רשת 13', '2024-11-20', 80)",2,1193.0,רשת 13,Other,22,2024-11-20,late_evening,20,2.0,-0.2809037571374809,9.941666666666666,2,True
"('רשת 13', '2024-11-20', 87)",1,294.0,רשת 13,Other,23,2024-11-20,late_evening,5,1.0,-0.024233600667428343,4.9,1,True
"('רשת 13', '2024-11-21', 1)",1,386.0,רשת 13,Other,0,2024-11-21,overnight,6,1.0,-0.001133647261414808,6.433333333333334,1,True
"('רשת 13', '2024-11-21', 3)",1,271.0,רשת 13,Other,1,2024-11-21,overnight,5,1.0,1.1715763365946095,4.516666666666667,1,True
"('רשת 13', '2024-11-21', 6)",1,278.0,רשת 13,Other,2,2024-11-21,overnight,5,1.0,-0.05083686690269282,4.633333333333334,1,True
"('רשת 13', '2024-11-21', 8)",1,350.0,רשת 13,Other,2,2024-11-21,overnight,6,1.0,0.12370965432602268,5.833333333333333,1,True
"('רשת 13', '2024-11-21', 10)",1,247.0,רשת 13,Other,3,2024-11-21,overnight,4,1.0,-0.1076901614406353,4.116666666666666,1,True
"('רשת 13', '2024-11-21', 14)",1,301.0,רשת 13,Other,5,2024-11-21,overnight,5,1.0,-0.04438706068475122,5.016666666666667,1,True
"('רשת 13', '2024-11-21', 16)",1,219.0,רשת 13,Other,5,2024-11-21,overnight,4,1.0,0.026668247082161672,3.65,1,True
"('רשת 13', '2024-11-21', 17)",1,160.0,רשת 13,Other,5,2024-11-21,overnight,3,1.0,0.03198304585305074,2.6666666666666665,1,True
"('רשת 13', '2024-11-21', 68)",1,100.0,רשת 13,Other,17,2024-11-21,early_evening,2,1.0,0.15715458373819738,1.6666666666666667,1,True
"('רשת 13', '2024-11-21', 71)",1,423.0,רשת 13,PrimeShow2,19,2024-11-21,early_evening,7,1.0,-0.11480913201353429,7.05,1,True
"('רשת 13', '2024-11-21', 74)",1,113.0,רשת 13,Other,19,2024-11-21,early_evening,2,1.0,0.1194290097145977,1.8833333333333333,1,True
"('רשת 13', '2024-11-21', 75)",2,784.0,רשת 13,News,20,2024-11-21,late_evening,13,2.0,0.5585580647123156,6.533333333333333,2,True
"('רשת 13', '2024-11-21', 80)",1,655.0,רשת 13,Other,22,2024-11-21,late_evening,11,1.0,-0.2158578121040341,10.916666666666666,1,True
"('רשת 13', '2024-11-21', 82)",1,403.0,רשת 13,Other,22,2024-11-21,late_evening,7,1.0,0.4656015678450979,6.716666666666667,1,True
"('רשת 13', '2024-11-22', 1)",1,171.0,רשת 13,Other,0,2024-11-22,overnight,3,1.0,0.05879228048837351,2.85,1,True
"('רשת 13', '2024-11-22', 2)",1,318.0,רשת 13,Other,1,2024-11-22,overnight,5,1.0,0.14709635465492898,5.3,1,True
"('רשת 13', '2024-11-22', 4)",1,266.0,רשת 13,Other,2,2024-11-22,overnight,4,1.0,-0.11048753690965918,4.433333333333334,1,True
"('רשת 13', '2024-11-22', 6)",1,112.0,רשת 13,Other,3,2024-11-22,overnight,2,1.0,-0.05380270599297609,1.8666666666666667,1,True
"('רשת 13', '2024-11-22', 41)",1,94.0,רשת 13,Other,12,2024-11-22,afternoon,2,1.0,-0.1109204627857652,1.5666666666666667,1,True
"('רשת 13', '2024-11-22', 46)",1,174.0,רשת 13,Other,13,2024-11-22,afternoon,3,1.0,-0.046350868137872266,2.9,1,True
"('רשת 13', '2024-11-22', 48)",1,315.0,רשת 13,Other,13,2024-11-22,afternoon,5,1.0,0.19585951304944427,5.25,1,True
"('רשת 13', '2024-11-22', 62)",1,400.0,רשת 13,Other,17,2024-11-22,early_evening,7,1.0,0.7009073343710281,6.666666666666667,1,True
"('רשת 13', '2024-11-22', 67)",2,713.0,רשת 13,Other,20,2024-11-22,late_evening,12,2.0,-0.18362016180262825,5.941666666666666,2,True
"('רשת 13', '2024-11-22', 73)",1,455.0,רשת 13,Other,21,2024-11-22,late_evening,8,1.0,0.08832752319440698,7.583333333333333,1,True
"('רשת 13', '2024-11-22', 74)",1,388.0,רשת 13,Other,22,2024-11-22,late_evening,6,1.0,0.047584865059333514,6.466666666666667,1,True
"('רשת 13', '2024-11-22', 77)",1,332.0,רשת 13,Other,23,2024-11-22,late_evening,6,1.0,-0.026062327848939817,5.533333333333333,1,True
"('רשת 13', '2024-11-23', 4)",2,427.0,רשת 13,Other,0,2024-11-23,overnight,7,2.0,0.3894548217281091,3.558333333333333,2,True
"('רשת 13', '2024-11-23', 7)",1,210.0,רשת 13,Other,1,2024-11-23,overnight,4,1.0,0.06889252025756479,3.5,1,True
"('רשת 13', '2024-11-23', 10)",1,199.0,רשת 13,Other,2,2024-11-23,overnight,3,1.0,-0.15544350482956323,3.316666666666667,1,True
"('רשת 13', '2024-11-23', 13)",1,201.0,רשת 13,Other,3,2024-11-23,overnight,3,1.0,-0.03851567208061508,3.35,1,True
"('רשת 13', '2024-11-23', 15)",1,201.0,רשת 13,Other,4,2024-11-23,overnight,3,1.0,0.12576938728903383,3.35,1,True
"('רשת 13', '2024-11-23', 19)",1,157.0,רשת 13,Other,5,2024-11-23,overnight,3,1.0,0.18012616623051902,2.6166666666666667,1,True
"('רשת 13', '2024-11-23', 30)",1,268.0,רשת 13,Other,8,2024-11-23,morning,4,1.0,-0.19317388162299443,4.466666666666667,1,True
"('רשת 13', '2024-11-23', 33)",1,267.0,רשת 13,Other,9,2024-11-23,morning,4,1.0,0.12299360855274176,4.45,1,True
"('רשת 13', '2024-11-23', 35)",1,290.0,רשת 13,Other,10,2024-11-23,morning,5,1.0,0.21143945901628156,4.833333333333333,1,True
"('רשת 13', '2024-11-23', 44)",1,267.0,רשת 13,Other,13,2024-11-23,afternoon,4,1.0,-0.4772296743374752,4.45,1,True
"('רשת 13', '2024-11-23', 52)",1,267.0,רשת 13,Other,15,2024-11-23,afternoon,4,1.0,-0.08152737421369335,4.45,1,True
"('רשת 13', '2024-11-23', 55)",1,161.0,רשת 13,Other,16,2024-11-23,afternoon,3,1.0,-0.3776035196398072,2.683333333333333,1,True
"('רשת 13', '2024-11-23', 60)",2,787.0,רשת 13,Other,17,2024-11-23,early_evening,13,2.0,-0.12285092806171405,6.558333333333334,2,True
"('רשת 13', '2024-11-23', 67)",1,113.0,רשת 13,Other,19,2024-11-23,early_evening,2,1.0,-0.29013856328341503,1.8833333333333333,1,True
"('רשת 13', '2024-11-23', 78)",1,661.0,רשת 13,Other,22,2024-11-23,late_evening,11,1.0,0.6411133654522626,11.016666666666667,1,True
"('רשת 13', '2024-11-23', 80)",1,309.0,רשת 13,Other,23,2024-11-23,late_evening,5,1.0,0.27409610214216773,5.15,1,True
"('רשת 13', '2024-11-23', 82)",1,460.0,רשת 13,Other,23,2024-11-23,late_evening,8,1.0,-0.25430559298559025,7.666666666666667,1,True
"('רשת 13', '2024-11-24', 2)",1,197.0,רשת 13,Other,0,2024-11-24,overnight,3,1.0,0.1222124178859484,3.283333333333333,1,True
"('רשת 13', '2024-11-24', 3)",1,66.0,רשת 13,Other,0,2024-11-24,overnight,1,1.0,-0.1753803378316994,1.1,1,True
"('רשת 13', '2024-11-24', 5)",1,143.0,רשת 13,Other,1,2024-11-24,overnight,2,1.0,0.007384827862699929,2.3833333333333333,1,True
"('רשת 13', '2024-11-24', 9)",1,207.0,רשת 13,Other,2,2024-11-24,overnight,3,1.0,0.4458591120376795,3.45,1,True
"('רשת 13', '2024-11-24', 11)",2,370.0,רשת 13,Other,3,2024-11-24,overnight,6,2.0,-0.10634632394035404,3.083333333333333,2,True
"('רשת 13', '2024-11-24', 17)",1,184.0,רשת 13,Other,5,2024-11-24,overnight,3,1.0,0.1284783247731315,3.066666666666667,1,True
"('רשת 13', '2024-11-24', 45)",1,235.0,רשת 13,Other,12,2024-11-24,afternoon,4,1.0,-0.10539079070664717,3.9166666666666665,1,True
"('רשת 13', '2024-11-24', 57)",1,100.0,רשת 13,Other,17,2024-11-24,early_evening,2,1.0,-0.43268492252356133,1.6666666666666667,1,True
"('רשת 13', '2024-11-24', 60)",1,463.0,רשת 13,PrimeShow2,18,2024-11-24,early_evening,8,1.0,-0.005077223371798639,7.716666666666667,1,True
"('רשת 13', '2024-11-24', 63)",1,113.0,רשת 13,Other,19,2024-11-24,early_evening,2,1.0,-0.0036848307149464597,1.8833333333333333,1,True
"('רשת 13', '2024-11-24', 64)",2,970.0,רשת 13,News,20,2024-11-24,late_evening,16,2.0,0.024013039659495763,8.083333333333334,2,True
"('רשת 13', '2024-11-24', 69)",1,697.0,רשת 13,Other,22,2024-11-24,late_evening,12,1.0,0.24044017896194442,11.616666666666667,1,True
"('רשת 13', '2024-11-24', 74)",1,613.0,רשת 13,Other,22,2024-11-24,late_evening,10,1.0,0.41781244080087043,10.216666666666667,1,True
"('רשת 13', '2024-11-24', 78)",1,560.0,רשת 13,Other,23,2024-11-24,late_evening,9,1.0,0.38092730904880484,9.333333333333334,1,True
"('רשת 13', '2024-11-25', 2)",1,140.0,רשת 13,Other,1,2024-11-25,overnight,2,1.0,0.08266665218010485,2.3333333333333335,1,True
"('רשת 13', '2024-11-25', 7)",1,170.0,רשת 13,Other,2,2024-11-25,overnight,3,1.0,-0.04362886238920642,2.8333333333333335,1,True
"('רשת 13', '2024-11-25', 9)",1,68.0,רשת 13,Other,3,2024-11-25,overnight,1,1.0,-0.09008043310704765,1.1333333333333333,1,True
"('רשת 13', '2024-11-25', 11)",1,113.0,רשת 13,Other,3,2024-11-25,overnight,2,1.0,-0.014815085785140587,1.8833333333333333,1,True
"('רשת 13', '2024-11-25', 15)",1,130.0,רשת 13,Other,5,2024-11-25,overnight,2,1.0,0.0069686693160934355,2.1666666666666665,1,True
"('רשת 13', '2024-11-25', 17)",1,186.0,רשת 13,Other,5,2024-11-25,overnight,3,1.0,0.20679441331268036,3.1,1,True
"('רשת 13', '2024-11-25', 18)",1,197.0,רשת 13,Other,5,2024-11-25,overnight,3,1.0,-0.40739272344796384,3.283333333333333,1,True
"('רשת 13', '2024-11-25', 44)",1,476.0,רשת 13,Other,12,2024-11-25,afternoon,8,1.0,-0.1554609280259364,7.933333333333334,1,True
"('רשת 13', '2024-11-25', 46)",1,173.0,רשת 13,Other,12,2024-11-25,afternoon,3,1.0,-0.37414642485073724,2.8833333333333333,1,True
"('רשת 13', '2024-11-25', 51)",1,183.0,רשת 13,Other,13,2024-11-25,afternoon,3,1.0,-1.0934681245410889,3.05,1,True
"('רשת 13', '2024-11-25', 62)",1,100.0,רשת 13,Other,17,2024-11-25,early_evening,2,1.0,-0.07251702029101242,1.6666666666666667,1,True
"('רשת 13', '2024-11-25', 68)",1,133.0,רשת 13,Other,19,2024-11-25,early_evening,2,1.0,0.06791372983334974,2.216666666666667,1,True
"('רשת 13', '2024-11-25', 69)",2,906.0,רשת 13,News,20,2024-11-25,late_evening,15,2.0,0.5230820767152742,7.55,2,True
"('רשת 13', '2024-11-25', 76)",2,1085.0,רשת 13,Other,22,2024-11-25,late_evening,18,2.0,-0.2101763685479719,9.041666666666668,2,True
"('רשת 13', '2024-11-26', 2)",1,94.0,רשת 13,Other,0,2024-11-26,overnight,2,1.0,0.03158892980106397,1.5666666666666667,1,True
"('רשת 13', '2024-11-26', 4)",1,170.0,רשת 13,Other,1,2024-11-26,overnight,3,1.0,0.08965020730313689,2.8333333333333335,1,True
"('רשת 13', '2024-11-26', 7)",1,135.0,רשת 13,Other,2,2024-11-26,overnight,2,1.0,0.4326793702925519,2.25,1,True
"('רשת 13', '2024-11-26', 9)",1,102.0,רשת 13,Other,2,2024-11-26,overnight,2,1.0,0.0870972249529396,1.7,1,True
"('רשת 13', '2024-11-26', 11)",1,181.0,רשת 13,Other,3,2024-11-26,overnight,3,1.0,-0.05205636195605303,3.0166666666666666,1,True
"('רשת 13', '2024-11-26', 16)",1,96.0,רשת 13,Other,5,2024-11-26,overnight,2,1.0,-0.024434025337282023,1.6,1,True
"('רשת 13', '2024-11-26', 18)",1,122.0,רשת 13,Other,5,2024-11-26,overnight,2,1.0,0.06864193272216364,2.033333333333333,1,True
"('רשת 13', '2024-11-26', 46)",1,306.0,רשת 13,Other,13,2024-11-26,afternoon,5,1.0,0.04194454520412062,5.1,1,True
"('רשת 13', '2024-11-26', 60)",1,100.0,רשת 13,Other,17,2024-11-26,early_evening,2,1.0,-0.08507180440557414,1.6666666666666667,1,True
"('רשת 13', '2024-11-26', 66)",1,113.0,רשת 13,Other,19,2024-11-26,early_evening,2,1.0,0.04222546215401781,1.8833333333333333,1,True
"('רשת 13', '2024-11-26', 74)",1,88.0,רשת 13,Other,22,2024-11-26,late_evening,1,1.0,-0.02215378032964564,1.4666666666666666,1,True
"('רשת 13', '2024-11-26', 78)",1,563.0,רשת 13,Other,23,2024-11-26,late_evening,9,1.0,0.47883825225440585,9.383333333333333,1,True
"('רשת 13', '2024-11-27', 1)",1,337.0,רשת 13,Other,0,2024-11-27,overnight,6,1.0,0.06213888078290604,5.616666666666666,1,True
"('רשת 13', '2024-11-27', 3)",1,414.0,רשת 13,Other,1,2024-11-27,overnight,7,1.0,-0.09212859996729965,6.9,1,True
"('רשת 13', '2024-11-27', 5)",1,352.0,רשת 13,Other,1,2024-11-27,overnight,6,1.0,-0.045331347463500093,5.866666666666666,1,True
"('רשת 13', '2024-11-27', 9)",1,57.0,רשת 13,Other,2,2024-11-27,overnight,1,1.0,-0.03623584845404486,0.95,1,True
"('רשת 13', '2024-11-27', 19)",1,77.0,רשת 13,Other,5,2024-11-27,overnight,1,1.0,-1.120170009743089,1.2833333333333334,1,True
"('רשת 13', '2024-11-27', 46)",1,261.0,רשת 13,Other,12,2024-11-27,afternoon,4,1.0,0.6646739147188553,4.35,1,True
"('רשת 13', '2024-11-27', 48)",1,82.0,רשת 13,Other,12,2024-11-27,afternoon,1,1.0,0.001403933997959659,1.3666666666666667,1,True
"('רשת 13', '2024-11-27', 56)",1,228.0,רשת 13,Other,13,2024-11-27,afternoon,4,1.0,-0.29636046680343126,3.8,1,True
"('רשת 13', '2024-11-27', 61)",2,455.0,רשת 13,Other,14,2024-11-27,afternoon,8,2.0,-0.011852585656549022,3.7916666666666665,2,True
"('רשת 13', '2024-11-27', 70)",1,100.0,רשת 13,Other,17,2024-11-27,early_evening,2,1.0,0.24070738158462535,1.6666666666666667,1,True
"('רשת 13', '2024-11-27', 76)",1,113.0,רשת 13,Other,19,2024-11-27,early_evening,2,1.0,-0.0699044241159072,1.8833333333333333,1,True
"('רשת 13', '2024-11-27', 82)",2,1194.0,רשת 13,Other,22,2024-11-27,late_evening,20,2.0,-0.23352904047997458,9.95,2,True
"('רשת 13', '2024-11-28', 1)",1,188.0,רשת 13,Other,0,2024-11-28,overnight,3,1.0,-0.04322687497656985,3.1333333333333333,1,True
"('רשת 13', '2024-11-28', 7)",1,342.0,רשת 13,Other,2,2024-11-28,overnight,6,1.0,-0.13450368244346184,5.7,1,True
"('רשת 13', '2024-11-28', 9)",2,506.0,רשת 13,Other,3,2024-11-28,overnight,8,2.0,0.009711288979366545,4.216666666666667,2,True
"('רשת 13', '2024-11-28', 15)",1,312.0,רשת 13,Other,5,2024-11-28,overnight,5,1.0,0.16126814759612232,5.2,1,True
"('רשת 13', '2024-11-28', 17)",1,169.0,רשת 13,Other,5,2024-11-28,overnight,3,1.0,-0.4186557362941138,2.816666666666667,1,True
"('רשת 13', '2024-11-28', 47)",1,214.0,רשת 13,Other,12,2024-11-28,afternoon,4,1.0,0.02367192801824667,3.566666666666667,1,True
"('רשת 13', '2024-11-28', 54)",1,109.0,רשת 13,Other,13,2024-11-28,afternoon,2,1.0,-0.1831707582690329,1.8166666666666667,1,True
"('רשת 13', '2024-11-28', 68)",1,100.0,רשת 13,Other,17,2024-11-28,early_evening,2,1.0,-0.3038240676332118,1.6666666666666667,1,True
"('רשת 13', '2024-11-28', 74)",1,172.0,רשת 13,Other,19,2024-11-28,early_evening,3,1.0,0.12411078003719628,2.8666666666666667,1,True
"('רשת 13', '2024-11-29', 1)",1,219.0,רשת 13,Other,0,2024-11-29,overnight,4,1.0,-0.15561906199807646,3.65,1,True
"('רשת 13', '2024-11-29', 2)",2,363.0,רשת 13,Other,1,2024-11-29,overnight,6,2.0,0.1764899767123017,3.0250000000000004,2,True
"('רשת 13', '2024-11-29', 6)",1,301.0,רשת 13,Other,2,2024-11-29,overnight,5,1.0,0.15199782646615728,5.016666666666667,1,True
"('רשת 13', '2024-11-29', 8)",1,262.0,רשת 13,Other,2,2024-11-29,overnight,4,1.0,-0.13306311820716185,4.366666666666666,1,True
"('רשת 13', '2024-11-29', 10)",2,383.0,רשת 13,Other,3,2024-11-29,overnight,6,2.0,-0.08046277723541682,3.1916666666666664,2,True
"('רשת 13', '2024-11-29', 15)",1,203.0,רשת 13,Other,5,2024-11-29,overnight,3,1.0,0.0,3.3833333333333333,1,True
"('רשת 13', '2024-11-29', 74)",1,355.0,רשת 13,Other,22,2024-11-29,late_evening,6,1.0,0.16829601229422922,5.916666666666667,1,True
"('רשת 13', '2024-11-29', 77)",1,329.0,רשת 13,Other,23,2024-11-29,late_evening,5,1.0,-0.1760894600507105,5.483333333333333,1,True
"('רשת 13', '2024-11-29', 79)",1,287.0,רשת 13,Other,23,2024-11-29,late_evening,5,1.0,-0.030100670262381862,4.783333333333333,1,True
"('רשת 13', '2024-11-30', 2)",1,420.0,רשת 13,Other,0,2024-11-30,overnight,7,1.0,0.17273849470928304,7.0,1,True
"('רשת 13', '2024-11-30', 4)",1,189.0,רשת 13,Other,1,2024-11-30,overnight,3,1.0,-0.14261455530932804,3.15,1,True
"('רשת 13', '2024-11-30', 7)",2,400.0,רשת 13,Other,2,2024-11-30,overnight,7,2.0,0.07674481332650139,3.333333333333333,2,True
"('רשת 13', '2024-11-30', 16)",1,172.0,רשת 13,Other,5,2024-11-30,overnight,3,1.0,0.0034904049397687887,2.8666666666666667,1,True
"('רשת 13', '2024-11-30', 18)",1,145.0,רשת 13,Other,6,2024-11-30,morning,2,1.0,0.03444048998029177,2.4166666666666665,1,True
"('רשת 13', '2024-11-30', 20)",2,281.0,רשת 13,Other,6,2024-11-30,morning,5,2.0,0.21096525610582795,2.341666666666667,2,True
"('רשת 13', '2024-11-30', 23)",1,136.0,רשת 13,Other,7,2024-11-30,morning,2,1.0,0.32525285622556965,2.2666666666666666,1,True
"('רשת 13', '2024-11-30', 25)",1,133.0,רשת 13,Other,7,2024-11-30,morning,2,1.0,-0.40229754131651674,2.216666666666667,1,True
"('רשת 13', '2024-11-30', 29)",1,287.0,רשת 13,Other,9,2024-11-30,morning,5,1.0,0.4219042738741423,4.783333333333333,1,True
"('רשת 13', '2024-11-30', 38)",1,237.0,רשת 13,Other,13,2024-11-30,afternoon,4,1.0,0.9738362175207553,3.95,1,True
"('רשת 13', '2024-11-30', 41)",1,304.0,רשת 13,Other,13,2024-11-30,afternoon,5,1.0,-0.3363573006978639,5.066666666666666,1,True
"('רשת 13', '2024-11-30', 51)",2,900.0,רשת 13,Other,17,2024-11-30,early_evening,15,2.0,0.5470522295603515,7.5,2,True
"('רשת 13', '2024-11-30', 57)",1,361.0,רשת 13,Other,19,2024-11-30,early_evening,6,1.0,0.00589924818248877,6.016666666666667,1,True
"('רשת 13', '2024-11-30', 60)",1,122.0,רשת 13,Other,19,2024-11-30,early_evening,2,1.0,-0.18698500384953037,2.033333333333333,1,True
"('רשת 13', '2024-11-30', 61)",2,783.0,רשת 13,News,20,2024-11-30,late_evening,13,2.0,0.15441480663874702,6.525,2,True
"('רשת 13', '2024-11-30', 66)",1,621.0,רשת 13,Other,22,2024-11-30,late_evening,10,1.0,-0.08572377721708019,10.35,1,True
"('רשת 13', '2024-11-30', 72)",1,493.0,רשת 13,Other,22,2024-11-30,late_evening,8,1.0,0.5953092077680108,8.216666666666667,1,True
"('רשת 13', '2024-11-30', 76)",1,390.0,רשת 13,Other,23,2024-11-30,late_evening,6,1.0,-0.07099981538388819,6.5,1,True
