campaign_id,broadcast_date,air_state,channel,spots,seconds,rating_points_planned,spend_ils,spots_dropped_by_rule,dropped_rule_id,figures_basis,source_file,counted_as_of,counted_as_of_basis,is_demo,note
CMP_D001,2025-04-27,aired,רשת 13,2,50,8.7000,6600.00,1,DEFAULT_ONE_PER_BREAK,"Sum of the planned break rating over each airing, all-viewers base, from the traffic file. Engine-priced per spot, the same ledger the money board reads. Nothing is invoiced.",Wally_Prime_Reshet_Example_2025-04-27.csv,2025-04-27T22:59:00,"The start of the last programme booked on the newest sourced broadcast day, so the demo shows what has aired and what is still to come on that day.",true,
CMP_D001,2025-04-28,unknown,רשת 13,,,,,,,,,2025-04-27T22:59:00,"The start of the last programme booked on the newest sourced broadcast day, so the demo shows what has aired and what is still to come on that day.",true,"This flight day has no per-spot source, so what aired is unknown and is not zero."
CMP_D001,2025-04-29,unknown,רשת 13,,,,,,,,,2025-04-27T22:59:00,"The start of the last programme booked on the newest sourced broadcast day, so the demo shows what has aired and what is still to come on that day.",true,"This flight day has no per-spot source, so what aired is unknown and is not zero."
CMP_D001,2025-04-30,unknown,רשת 13,,,,,,,,,2025-04-27T22:59:00,"The start of the last programme booked on the newest sourced broadcast day, so the demo shows what has aired and what is still to come on that day.",true,"This flight day has no per-spot source, so what aired is unknown and is not zero."
CMP_D001,2025-05-01,unknown,רשת 13,,,,,,,,,2025-04-27T22:59:00,"The start of the last programme booked on the newest sourced broadcast day, so the demo shows what has aired and what is still to come on that day.",true,"This flight day has no per-spot source, so what aired is unknown and is not zero."
CMP_D001,2025-05-02,unknown,רשת 13,,,,,,,,,2025-04-27T22:59:00,"The start of the last programme booked on the newest sourced broadcast day, so the demo shows what has aired and what is still to come on that day.",true,"This flight day has no per-spot source, so what aired is unknown and is not zero."
CMP_D001,2025-05-03,unknown,רשת 13,,,,,,,,,2025-04-27T22:59:00,"The start of the last programme booked on the newest sourced broadcast day, so the demo shows what has aired and what is still to come on that day.",true,"This flight day has no per-spot source, so what aired is unknown and is not zero."
CMP_D002,2025-04-27,aired,רשת 13,2,12,9.5000,1872.00,1,DEFAULT_ONE_PER_BREAK,"Sum of the planned break rating over each airing, all-viewers base, from the traffic file. Engine-priced per spot, the same ledger the money board reads. Nothing is invoiced.",Wally_Prime_Reshet_Example_2025-04-27.csv,2025-04-27T22:59:00,"The start of the last programme booked on the newest sourced broadcast day, so the demo shows what has aired and what is still to come on that day.",true,
CMP_D002,2025-04-28,unknown,רשת 13,,,,,,,,,2025-04-27T22:59:00,"The start of the last programme booked on the newest sourced broadcast day, so the demo shows what has aired and what is still to come on that day.",true,"This flight day has no per-spot source, so what aired is unknown and is not zero."
CMP_D002,2025-04-29,unknown,רשת 13,,,,,,,,,2025-04-27T22:59:00,"The start of the last programme booked on the newest sourced broadcast day, so the demo shows what has aired and what is still to come on that day.",true,"This flight day has no per-spot source, so what aired is unknown and is not zero."
CMP_D002,2025-04-30,unknown,רשת 13,,,,,,,,,2025-04-27T22:59:00,"The start of the last programme booked on the newest sourced broadcast day, so the demo shows what has aired and what is still to come on that day.",true,"This flight day has no per-spot source, so what aired is unknown and is not zero."
CMP_D002,2025-05-01,unknown,רשת 13,,,,,,,,,2025-04-27T22:59:00,"The start of the last programme booked on the newest sourced broadcast day, so the demo shows what has aired and what is still to come on that day.",true,"This flight day has no per-spot source, so what aired is unknown and is not zero."
CMP_D002,2025-05-02,unknown,רשת 13,,,,,,,,,2025-04-27T22:59:00,"The start of the last programme booked on the newest sourced broadcast day, so the demo shows what has aired and what is still to come on that day.",true,"This flight day has no per-spot source, so what aired is unknown and is not zero."
CMP_D002,2025-05-03,unknown,רשת 13,,,,,,,,,2025-04-27T22:59:00,"The start of the last programme booked on the newest sourced broadcast day, so the demo shows what has aired and what is still to come on that day.",true,"This flight day has no per-spot source, so what aired is unknown and is not zero."
CMP_D003,2025-04-27,aired,רשת 13,3,42,13.9000,7980.00,1,DEFAULT_ONE_PER_BREAK,"Sum of the planned break rating over each airing, all-viewers base, from the traffic file. Engine-priced per spot, the same ledger the money board reads. Nothing is invoiced.",Wally_Prime_Reshet_Example_2025-04-27.csv,2025-04-27T22:59:00,"The start of the last programme booked on the newest sourced broadcast day, so the demo shows what has aired and what is still to come on that day.",true,
CMP_D003,2025-04-28,unknown,רשת 13,,,,,,,,,2025-04-27T22:59:00,"The start of the last programme booked on the newest sourced broadcast day, so the demo shows what has aired and what is still to come on that day.",true,"This flight day has no per-spot source, so what aired is unknown and is not zero."
CMP_D003,2025-04-29,unknown,רשת 13,,,,,,,,,2025-04-27T22:59:00,"The start of the last programme booked on the newest sourced broadcast day, so the demo shows what has aired and what is still to come on that day.",true,"This flight day has no per-spot source, so what aired is unknown and is not zero."
CMP_D003,2025-04-30,unknown,רשת 13,,,,,,,,,2025-04-27T22:59:00,"The start of the last programme booked on the newest sourced broadcast day, so the demo shows what has aired and what is still to come on that day.",true,"This flight day has no per-spot source, so what aired is unknown and is not zero."
CMP_D003,2025-05-01,unknown,רשת 13,,,,,,,,,2025-04-27T22:59:00,"The start of the last programme booked on the newest sourced broadcast day, so the demo shows what has aired and what is still to come on that day.",true,"This flight day has no per-spot source, so what aired is unknown and is not zero."
CMP_D003,2025-05-02,unknown,רשת 13,,,,,,,,,2025-04-27T22:59:00,"The start of the last programme booked on the newest sourced broadcast day, so the demo shows what has aired and what is still to come on that day.",true,"This flight day has no per-spot source, so what aired is unknown and is not zero."
CMP_D003,2025-05-03,unknown,רשת 13,,,,,,,,,2025-04-27T22:59:00,"The start of the last programme booked on the newest sourced broadcast day, so the demo shows what has aired and what is still to come on that day.",true,"This flight day has no per-spot source, so what aired is unknown and is not zero."
CMP_D004,2025-04-27,aired,רשת 13,1,10,4.4000,2640.00,0,,"Sum of the planned break rating over each airing, all-viewers base, from the traffic file. Engine-priced per spot, the same ledger the money board reads. Nothing is invoiced.",Wally_Prime_Reshet_Example_2025-04-27.csv,2025-04-27T22:59:00,"The start of the last programme booked on the newest sourced broadcast day, so the demo shows what has aired and what is still to come on that day.",true,
CMP_D004,2025-04-27,scheduled,רשת 13,1,10,2.6000,1560.00,0,,"Sum of the planned break rating over each airing, all-viewers base, from the traffic file. Engine-priced per spot, the same ledger the money board reads. Nothing is invoiced.",Wally_Prime_Reshet_Example_2025-04-27.csv,2025-04-27T22:59:00,"The start of the last programme booked on the newest sourced broadcast day, so the demo shows what has aired and what is still to come on that day.",true,
CMP_D004,2025-04-28,unknown,רשת 13,,,,,,,,,2025-04-27T22:59:00,"The start of the last programme booked on the newest sourced broadcast day, so the demo shows what has aired and what is still to come on that day.",true,"This flight day has no per-spot source, so what aired is unknown and is not zero."
CMP_D004,2025-04-29,unknown,רשת 13,,,,,,,,,2025-04-27T22:59:00,"The start of the last programme booked on the newest sourced broadcast day, so the demo shows what has aired and what is still to come on that day.",true,"This flight day has no per-spot source, so what aired is unknown and is not zero."
CMP_D004,2025-04-30,unknown,רשת 13,,,,,,,,,2025-04-27T22:59:00,"The start of the last programme booked on the newest sourced broadcast day, so the demo shows what has aired and what is still to come on that day.",true,"This flight day has no per-spot source, so what aired is unknown and is not zero."
CMP_D004,2025-05-01,unknown,רשת 13,,,,,,,,,2025-04-27T22:59:00,"The start of the last programme booked on the newest sourced broadcast day, so the demo shows what has aired and what is still to come on that day.",true,"This flight day has no per-spot source, so what aired is unknown and is not zero."
CMP_D004,2025-05-02,unknown,רשת 13,,,,,,,,,2025-04-27T22:59:00,"The start of the last programme booked on the newest sourced broadcast day, so the demo shows what has aired and what is still to come on that day.",true,"This flight day has no per-spot source, so what aired is unknown and is not zero."
CMP_D004,2025-05-03,unknown,רשת 13,,,,,,,,,2025-04-27T22:59:00,"The start of the last programme booked on the newest sourced broadcast day, so the demo shows what has aired and what is still to come on that day.",true,"This flight day has no per-spot source, so what aired is unknown and is not zero."
CMP_D005,2025-04-27,aired,רשת 13,2,83,11.1000,27576.00,0,,"Sum of the planned break rating over each airing, all-viewers base, from the traffic file. Engine-priced per spot, the same ledger the money board reads. Nothing is invoiced.",Wally_Prime_Reshet_Example_2025-04-27.csv,2025-04-27T22:59:00,"The start of the last programme booked on the newest sourced broadcast day, so the demo shows what has aired and what is still to come on that day.",true,
CMP_D005,2025-04-28,unknown,רשת 13,,,,,,,,,2025-04-27T22:59:00,"The start of the last programme booked on the newest sourced broadcast day, so the demo shows what has aired and what is still to come on that day.",true,"This flight day has no per-spot source, so what aired is unknown and is not zero."
CMP_D005,2025-04-29,unknown,רשת 13,,,,,,,,,2025-04-27T22:59:00,"The start of the last programme booked on the newest sourced broadcast day, so the demo shows what has aired and what is still to come on that day.",true,"This flight day has no per-spot source, so what aired is unknown and is not zero."
CMP_D005,2025-04-30,unknown,רשת 13,,,,,,,,,2025-04-27T22:59:00,"The start of the last programme booked on the newest sourced broadcast day, so the demo shows what has aired and what is still to come on that day.",true,"This flight day has no per-spot source, so what aired is unknown and is not zero."
CMP_D005,2025-05-01,unknown,רשת 13,,,,,,,,,2025-04-27T22:59:00,"The start of the last programme booked on the newest sourced broadcast day, so the demo shows what has aired and what is still to come on that day.",true,"This flight day has no per-spot source, so what aired is unknown and is not zero."
CMP_D005,2025-05-02,unknown,רשת 13,,,,,,,,,2025-04-27T22:59:00,"The start of the last programme booked on the newest sourced broadcast day, so the demo shows what has aired and what is still to come on that day.",true,"This flight day has no per-spot source, so what aired is unknown and is not zero."
CMP_D005,2025-05-03,unknown,רשת 13,,,,,,,,,2025-04-27T22:59:00,"The start of the last programme booked on the newest sourced broadcast day, so the demo shows what has aired and what is still to come on that day.",true,"This flight day has no per-spot source, so what aired is unknown and is not zero."
CMP_D006,2025-04-27,aired,רשת 13,2,12,8.2000,1404.00,1,DEFAULT_ONE_PER_BREAK,"Sum of the planned break rating over each airing, all-viewers base, from the traffic file. Engine-priced per spot, the same ledger the money board reads. Nothing is invoiced.",Wally_Prime_Reshet_Example_2025-04-27.csv,2025-04-27T22:59:00,"The start of the last programme booked on the newest sourced broadcast day, so the demo shows what has aired and what is still to come on that day.",true,
CMP_D006,2025-04-28,unknown,רשת 13,,,,,,,,,2025-04-27T22:59:00,"The start of the last programme booked on the newest sourced broadcast day, so the demo shows what has aired and what is still to come on that day.",true,"This flight day has no per-spot source, so what aired is unknown and is not zero."
CMP_D006,2025-04-29,unknown,רשת 13,,,,,,,,,2025-04-27T22:59:00,"The start of the last programme booked on the newest sourced broadcast day, so the demo shows what has aired and what is still to come on that day.",true,"This flight day has no per-spot source, so what aired is unknown and is not zero."
CMP_D006,2025-04-30,unknown,רשת 13,,,,,,,,,2025-04-27T22:59:00,"The start of the last programme booked on the newest sourced broadcast day, so the demo shows what has aired and what is still to come on that day.",true,"This flight day has no per-spot source, so what aired is unknown and is not zero."
CMP_D006,2025-05-01,unknown,רשת 13,,,,,,,,,2025-04-27T22:59:00,"The start of the last programme booked on the newest sourced broadcast day, so the demo shows what has aired and what is still to come on that day.",true,"This flight day has no per-spot source, so what aired is unknown and is not zero."
CMP_D006,2025-05-02,unknown,רשת 13,,,,,,,,,2025-04-27T22:59:00,"The start of the last programme booked on the newest sourced broadcast day, so the demo shows what has aired and what is still to come on that day.",true,"This flight day has no per-spot source, so what aired is unknown and is not zero."
CMP_D006,2025-05-03,unknown,רשת 13,,,,,,,,,2025-04-27T22:59:00,"The start of the last programme booked on the newest sourced broadcast day, so the demo shows what has aired and what is still to come on that day.",true,"This flight day has no per-spot source, so what aired is unknown and is not zero."
CMP_D007,2025-04-27,aired,רשת 13,1,6,5.2000,0.00,1,DEFAULT_ONE_PER_BREAK,"Sum of the planned break rating over each airing, all-viewers base, from the traffic file. Engine-priced per spot, the same ledger the money board reads. Nothing is invoiced.",Wally_Prime_Reshet_Example_2025-04-27.csv,2025-04-27T22:59:00,"The start of the last programme booked on the newest sourced broadcast day, so the demo shows what has aired and what is still to come on that day.",true,
CMP_D007,2025-04-28,unknown,רשת 13,,,,,,,,,2025-04-27T22:59:00,"The start of the last programme booked on the newest sourced broadcast day, so the demo shows what has aired and what is still to come on that day.",true,"This flight day has no per-spot source, so what aired is unknown and is not zero."
CMP_D007,2025-04-29,unknown,רשת 13,,,,,,,,,2025-04-27T22:59:00,"The start of the last programme booked on the newest sourced broadcast day, so the demo shows what has aired and what is still to come on that day.",true,"This flight day has no per-spot source, so what aired is unknown and is not zero."
CMP_D007,2025-04-30,unknown,רשת 13,,,,,,,,,2025-04-27T22:59:00,"The start of the last programme booked on the newest sourced broadcast day, so the demo shows what has aired and what is still to come on that day.",true,"This flight day has no per-spot source, so what aired is unknown and is not zero."
CMP_D007,2025-05-01,unknown,רשת 13,,,,,,,,,2025-04-27T22:59:00,"The start of the last programme booked on the newest sourced broadcast day, so the demo shows what has aired and what is still to come on that day.",true,"This flight day has no per-spot source, so what aired is unknown and is not zero."
CMP_D007,2025-05-02,unknown,רשת 13,,,,,,,,,2025-04-27T22:59:00,"The start of the last programme booked on the newest sourced broadcast day, so the demo shows what has aired and what is still to come on that day.",true,"This flight day has no per-spot source, so what aired is unknown and is not zero."
CMP_D007,2025-05-03,unknown,רשת 13,,,,,,,,,2025-04-27T22:59:00,"The start of the last programme booked on the newest sourced broadcast day, so the demo shows what has aired and what is still to come on that day.",true,"This flight day has no per-spot source, so what aired is unknown and is not zero."
CMP_D008,2025-04-27,aired,רשת 13,2,30,7.8000,3510.00,1,DEFAULT_ONE_PER_BREAK,"Sum of the planned break rating over each airing, all-viewers base, from the traffic file. Engine-priced per spot, the same ledger the money board reads. Nothing is invoiced.",Wally_Prime_Reshet_Example_2025-04-27.csv,2025-04-27T22:59:00,"The start of the last programme booked on the newest sourced broadcast day, so the demo shows what has aired and what is still to come on that day.",true,
CMP_D008,2025-04-28,unknown,רשת 13,,,,,,,,,2025-04-27T22:59:00,"The start of the last programme booked on the newest sourced broadcast day, so the demo shows what has aired and what is still to come on that day.",true,"This flight day has no per-spot source, so what aired is unknown and is not zero."
CMP_D008,2025-04-29,unknown,רשת 13,,,,,,,,,2025-04-27T22:59:00,"The start of the last programme booked on the newest sourced broadcast day, so the demo shows what has aired and what is still to come on that day.",true,"This flight day has no per-spot source, so what aired is unknown and is not zero."
CMP_D008,2025-04-30,unknown,רשת 13,,,,,,,,,2025-04-27T22:59:00,"The start of the last programme booked on the newest sourced broadcast day, so the demo shows what has aired and what is still to come on that day.",true,"This flight day has no per-spot source, so what aired is unknown and is not zero."
CMP_D008,2025-05-01,unknown,רשת 13,,,,,,,,,2025-04-27T22:59:00,"The start of the last programme booked on the newest sourced broadcast day, so the demo shows what has aired and what is still to come on that day.",true,"This flight day has no per-spot source, so what aired is unknown and is not zero."
CMP_D008,2025-05-02,unknown,רשת 13,,,,,,,,,2025-04-27T22:59:00,"The start of the last programme booked on the newest sourced broadcast day, so the demo shows what has aired and what is still to come on that day.",true,"This flight day has no per-spot source, so what aired is unknown and is not zero."
CMP_D008,2025-05-03,unknown,רשת 13,,,,,,,,,2025-04-27T22:59:00,"The start of the last programme booked on the newest sourced broadcast day, so the demo shows what has aired and what is still to come on that day.",true,"This flight day has no per-spot source, so what aired is unknown and is not zero."
CMP_D009,2025-04-27,aired,רשת 13,1,32,5.4000,10368.00,0,,"Sum of the planned break rating over each airing, all-viewers base, from the traffic file. Engine-priced per spot, the same ledger the money board reads. Nothing is invoiced.",Wally_Prime_Reshet_Example_2025-04-27.csv,2025-04-27T22:59:00,"The start of the last programme booked on the newest sourced broadcast day, so the demo shows what has aired and what is still to come on that day.",true,
CMP_D009,2025-04-28,unknown,רשת 13,,,,,,,,,2025-04-27T22:59:00,"The start of the last programme booked on the newest sourced broadcast day, so the demo shows what has aired and what is still to come on that day.",true,"This flight day has no per-spot source, so what aired is unknown and is not zero."
CMP_D009,2025-04-29,unknown,רשת 13,,,,,,,,,2025-04-27T22:59:00,"The start of the last programme booked on the newest sourced broadcast day, so the demo shows what has aired and what is still to come on that day.",true,"This flight day has no per-spot source, so what aired is unknown and is not zero."
CMP_D009,2025-04-30,unknown,רשת 13,,,,,,,,,2025-04-27T22:59:00,"The start of the last programme booked on the newest sourced broadcast day, so the demo shows what has aired and what is still to come on that day.",true,"This flight day has no per-spot source, so what aired is unknown and is not zero."
CMP_D009,2025-05-01,unknown,רשת 13,,,,,,,,,2025-04-27T22:59:00,"The start of the last programme booked on the newest sourced broadcast day, so the demo shows what has aired and what is still to come on that day.",true,"This flight day has no per-spot source, so what aired is unknown and is not zero."
CMP_D009,2025-05-02,unknown,רשת 13,,,,,,,,,2025-04-27T22:59:00,"The start of the last programme booked on the newest sourced broadcast day, so the demo shows what has aired and what is still to come on that day.",true,"This flight day has no per-spot source, so what aired is unknown and is not zero."
CMP_D009,2025-05-03,unknown,רשת 13,,,,,,,,,2025-04-27T22:59:00,"The start of the last programme booked on the newest sourced broadcast day, so the demo shows what has aired and what is still to come on that day.",true,"This flight day has no per-spot source, so what aired is unknown and is not zero."
CMP_D010,2025-04-27,aired,רשת 13,5,75,25.8000,15354.00,1,DEFAULT_ONE_PER_BREAK,"Sum of the planned break rating over each airing, all-viewers base, from the traffic file. Engine-priced per spot, the same ledger the money board reads. Nothing is invoiced.",Wally_Prime_Reshet_Example_2025-04-27.csv,2025-04-27T22:59:00,"The start of the last programme booked on the newest sourced broadcast day, so the demo shows what has aired and what is still to come on that day.",true,
CMP_D010,2025-04-28,unknown,רשת 13,,,,,,,,,2025-04-27T22:59:00,"The start of the last programme booked on the newest sourced broadcast day, so the demo shows what has aired and what is still to come on that day.",true,"This flight day has no per-spot source, so what aired is unknown and is not zero."
CMP_D010,2025-04-29,unknown,רשת 13,,,,,,,,,2025-04-27T22:59:00,"The start of the last programme booked on the newest sourced broadcast day, so the demo shows what has aired and what is still to come on that day.",true,"This flight day has no per-spot source, so what aired is unknown and is not zero."
CMP_D010,2025-04-30,unknown,רשת 13,,,,,,,,,2025-04-27T22:59:00,"The start of the last programme booked on the newest sourced broadcast day, so the demo shows what has aired and what is still to come on that day.",true,"This flight day has no per-spot source, so what aired is unknown and is not zero."
CMP_D010,2025-05-01,unknown,רשת 13,,,,,,,,,2025-04-27T22:59:00,"The start of the last programme booked on the newest sourced broadcast day, so the demo shows what has aired and what is still to come on that day.",true,"This flight day has no per-spot source, so what aired is unknown and is not zero."
CMP_D010,2025-05-02,unknown,רשת 13,,,,,,,,,2025-04-27T22:59:00,"The start of the last programme booked on the newest sourced broadcast day, so the demo shows what has aired and what is still to come on that day.",true,"This flight day has no per-spot source, so what aired is unknown and is not zero."
CMP_D010,2025-05-03,unknown,רשת 13,,,,,,,,,2025-04-27T22:59:00,"The start of the last programme booked on the newest sourced broadcast day, so the demo shows what has aired and what is still to come on that day.",true,"This flight day has no per-spot source, so what aired is unknown and is not zero."
CMP_D011,2025-04-27,scheduled,רשת 13,2,12,5.2000,936.00,1,DEFAULT_ONE_PER_BREAK,"Sum of the planned break rating over each airing, all-viewers base, from the traffic file. Engine-priced per spot, the same ledger the money board reads. Nothing is invoiced.",Wally_Prime_Reshet_Example_2025-04-27.csv,2025-04-27T22:59:00,"The start of the last programme booked on the newest sourced broadcast day, so the demo shows what has aired and what is still to come on that day.",true,
CMP_D011,2025-04-28,unknown,רשת 13,,,,,,,,,2025-04-27T22:59:00,"The start of the last programme booked on the newest sourced broadcast day, so the demo shows what has aired and what is still to come on that day.",true,"This flight day has no per-spot source, so what aired is unknown and is not zero."
CMP_D011,2025-04-29,unknown,רשת 13,,,,,,,,,2025-04-27T22:59:00,"The start of the last programme booked on the newest sourced broadcast day, so the demo shows what has aired and what is still to come on that day.",true,"This flight day has no per-spot source, so what aired is unknown and is not zero."
CMP_D011,2025-04-30,unknown,רשת 13,,,,,,,,,2025-04-27T22:59:00,"The start of the last programme booked on the newest sourced broadcast day, so the demo shows what has aired and what is still to come on that day.",true,"This flight day has no per-spot source, so what aired is unknown and is not zero."
CMP_D011,2025-05-01,unknown,רשת 13,,,,,,,,,2025-04-27T22:59:00,"The start of the last programme booked on the newest sourced broadcast day, so the demo shows what has aired and what is still to come on that day.",true,"This flight day has no per-spot source, so what aired is unknown and is not zero."
CMP_D011,2025-05-02,unknown,רשת 13,,,,,,,,,2025-04-27T22:59:00,"The start of the last programme booked on the newest sourced broadcast day, so the demo shows what has aired and what is still to come on that day.",true,"This flight day has no per-spot source, so what aired is unknown and is not zero."
CMP_D011,2025-05-03,unknown,רשת 13,,,,,,,,,2025-04-27T22:59:00,"The start of the last programme booked on the newest sourced broadcast day, so the demo shows what has aired and what is still to come on that day.",true,"This flight day has no per-spot source, so what aired is unknown and is not zero."
CMP_D012,2025-04-27,aired,רשת 13,2,47,10.8000,16248.00,0,,"Sum of the planned break rating over each airing, all-viewers base, from the traffic file. Engine-priced per spot, the same ledger the money board reads. Nothing is invoiced.",Wally_Prime_Reshet_Example_2025-04-27.csv,2025-04-27T22:59:00,"The start of the last programme booked on the newest sourced broadcast day, so the demo shows what has aired and what is still to come on that day.",true,
CMP_D012,2025-04-28,unknown,רשת 13,,,,,,,,,2025-04-27T22:59:00,"The start of the last programme booked on the newest sourced broadcast day, so the demo shows what has aired and what is still to come on that day.",true,"This flight day has no per-spot source, so what aired is unknown and is not zero."
CMP_D012,2025-04-29,unknown,רשת 13,,,,,,,,,2025-04-27T22:59:00,"The start of the last programme booked on the newest sourced broadcast day, so the demo shows what has aired and what is still to come on that day.",true,"This flight day has no per-spot source, so what aired is unknown and is not zero."
CMP_D012,2025-04-30,unknown,רשת 13,,,,,,,,,2025-04-27T22:59:00,"The start of the last programme booked on the newest sourced broadcast day, so the demo shows what has aired and what is still to come on that day.",true,"This flight day has no per-spot source, so what aired is unknown and is not zero."
CMP_D012,2025-05-01,unknown,רשת 13,,,,,,,,,2025-04-27T22:59:00,"The start of the last programme booked on the newest sourced broadcast day, so the demo shows what has aired and what is still to come on that day.",true,"This flight day has no per-spot source, so what aired is unknown and is not zero."
CMP_D012,2025-05-02,unknown,רשת 13,,,,,,,,,2025-04-27T22:59:00,"The start of the last programme booked on the newest sourced broadcast day, so the demo shows what has aired and what is still to come on that day.",true,"This flight day has no per-spot source, so what aired is unknown and is not zero."
CMP_D012,2025-05-03,unknown,רשת 13,,,,,,,,,2025-04-27T22:59:00,"The start of the last programme booked on the newest sourced broadcast day, so the demo shows what has aired and what is still to come on that day.",true,"This flight day has no per-spot source, so what aired is unknown and is not zero."
CMP_D013,2025-04-27,aired,רשת 13,10,92,50.1000,3888.00,8,DEFAULT_ONE_PER_BREAK,"Sum of the planned break rating over each airing, all-viewers base, from the traffic file. Engine-priced per spot, the same ledger the money board reads. Nothing is invoiced.",Wally_Prime_Reshet_Example_2025-04-27.csv,2025-04-27T22:59:00,"The start of the last programme booked on the newest sourced broadcast day, so the demo shows what has aired and what is still to come on that day.",true,
CMP_D013,2025-04-28,unknown,רשת 13,,,,,,,,,2025-04-27T22:59:00,"The start of the last programme booked on the newest sourced broadcast day, so the demo shows what has aired and what is still to come on that day.",true,"This flight day has no per-spot source, so what aired is unknown and is not zero."
CMP_D013,2025-04-29,unknown,רשת 13,,,,,,,,,2025-04-27T22:59:00,"The start of the last programme booked on the newest sourced broadcast day, so the demo shows what has aired and what is still to come on that day.",true,"This flight day has no per-spot source, so what aired is unknown and is not zero."
CMP_D013,2025-04-30,unknown,רשת 13,,,,,,,,,2025-04-27T22:59:00,"The start of the last programme booked on the newest sourced broadcast day, so the demo shows what has aired and what is still to come on that day.",true,"This flight day has no per-spot source, so what aired is unknown and is not zero."
CMP_D013,2025-05-01,unknown,רשת 13,,,,,,,,,2025-04-27T22:59:00,"The start of the last programme booked on the newest sourced broadcast day, so the demo shows what has aired and what is still to come on that day.",true,"This flight day has no per-spot source, so what aired is unknown and is not zero."
CMP_D013,2025-05-02,unknown,רשת 13,,,,,,,,,2025-04-27T22:59:00,"The start of the last programme booked on the newest sourced broadcast day, so the demo shows what has aired and what is still to come on that day.",true,"This flight day has no per-spot source, so what aired is unknown and is not zero."
CMP_D013,2025-05-03,unknown,רשת 13,,,,,,,,,2025-04-27T22:59:00,"The start of the last programme booked on the newest sourced broadcast day, so the demo shows what has aired and what is still to come on that day.",true,"This flight day has no per-spot source, so what aired is unknown and is not zero."
CMP_D014,2025-04-27,scheduled,רשת 13,3,37,7.8000,3900.00,2,DEFAULT_ONE_PER_BREAK,"Sum of the planned break rating over each airing, all-viewers base, from the traffic file. Engine-priced per spot, the same ledger the money board reads. Nothing is invoiced.",Wally_Prime_Reshet_Example_2025-04-27.csv,2025-04-27T22:59:00,"The start of the last programme booked on the newest sourced broadcast day, so the demo shows what has aired and what is still to come on that day.",true,
CMP_D014,2025-04-28,unknown,רשת 13,,,,,,,,,2025-04-27T22:59:00,"The start of the last programme booked on the newest sourced broadcast day, so the demo shows what has aired and what is still to come on that day.",true,"This flight day has no per-spot source, so what aired is unknown and is not zero."
CMP_D014,2025-04-29,unknown,רשת 13,,,,,,,,,2025-04-27T22:59:00,"The start of the last programme booked on the newest sourced broadcast day, so the demo shows what has aired and what is still to come on that day.",true,"This flight day has no per-spot source, so what aired is unknown and is not zero."
CMP_D014,2025-04-30,unknown,רשת 13,,,,,,,,,2025-04-27T22:59:00,"The start of the last programme booked on the newest sourced broadcast day, so the demo shows what has aired and what is still to come on that day.",true,"This flight day has no per-spot source, so what aired is unknown and is not zero."
CMP_D014,2025-05-01,unknown,רשת 13,,,,,,,,,2025-04-27T22:59:00,"The start of the last programme booked on the newest sourced broadcast day, so the demo shows what has aired and what is still to come on that day.",true,"This flight day has no per-spot source, so what aired is unknown and is not zero."
CMP_D014,2025-05-02,unknown,רשת 13,,,,,,,,,2025-04-27T22:59:00,"The start of the last programme booked on the newest sourced broadcast day, so the demo shows what has aired and what is still to come on that day.",true,"This flight day has no per-spot source, so what aired is unknown and is not zero."
CMP_D014,2025-05-03,unknown,רשת 13,,,,,,,,,2025-04-27T22:59:00,"The start of the last programme booked on the newest sourced broadcast day, so the demo shows what has aired and what is still to come on that day.",true,"This flight day has no per-spot source, so what aired is unknown and is not zero."
CMP_D015,2025-04-27,aired,רשת 13,2,12,11.6000,2304.00,1,DEFAULT_ONE_PER_BREAK,"Sum of the planned break rating over each airing, all-viewers base, from the traffic file. Engine-priced per spot, the same ledger the money board reads. Nothing is invoiced.",Wally_Prime_Reshet_Example_2025-04-27.csv,2025-04-27T22:59:00,"The start of the last programme booked on the newest sourced broadcast day, so the demo shows what has aired and what is still to come on that day.",true,
CMP_D015,2025-04-27,scheduled,רשת 13,2,12,5.2000,936.00,1,DEFAULT_ONE_PER_BREAK,"Sum of the planned break rating over each airing, all-viewers base, from the traffic file. Engine-priced per spot, the same ledger the money board reads. Nothing is invoiced.",Wally_Prime_Reshet_Example_2025-04-27.csv,2025-04-27T22:59:00,"The start of the last programme booked on the newest sourced broadcast day, so the demo shows what has aired and what is still to come on that day.",true,
CMP_D015,2025-04-28,unknown,רשת 13,,,,,,,,,2025-04-27T22:59:00,"The start of the last programme booked on the newest sourced broadcast day, so the demo shows what has aired and what is still to come on that day.",true,"This flight day has no per-spot source, so what aired is unknown and is not zero."
CMP_D015,2025-04-29,unknown,רשת 13,,,,,,,,,2025-04-27T22:59:00,"The start of the last programme booked on the newest sourced broadcast day, so the demo shows what has aired and what is still to come on that day.",true,"This flight day has no per-spot source, so what aired is unknown and is not zero."
CMP_D015,2025-04-30,unknown,רשת 13,,,,,,,,,2025-04-27T22:59:00,"The start of the last programme booked on the newest sourced broadcast day, so the demo shows what has aired and what is still to come on that day.",true,"This flight day has no per-spot source, so what aired is unknown and is not zero."
CMP_D015,2025-05-01,unknown,רשת 13,,,,,,,,,2025-04-27T22:59:00,"The start of the last programme booked on the newest sourced broadcast day, so the demo shows what has aired and what is still to come on that day.",true,"This flight day has no per-spot source, so what aired is unknown and is not zero."
CMP_D015,2025-05-02,unknown,רשת 13,,,,,,,,,2025-04-27T22:59:00,"The start of the last programme booked on the newest sourced broadcast day, so the demo shows what has aired and what is still to come on that day.",true,"This flight day has no per-spot source, so what aired is unknown and is not zero."
CMP_D015,2025-05-03,unknown,רשת 13,,,,,,,,,2025-04-27T22:59:00,"The start of the last programme booked on the newest sourced broadcast day, so the demo shows what has aired and what is still to come on that day.",true,"This flight day has no per-spot source, so what aired is unknown and is not zero."
CMP_D016,2025-04-27,scheduled,רשת 13,2,20,5.2000,1560.00,1,DEFAULT_ONE_PER_BREAK,"Sum of the planned break rating over each airing, all-viewers base, from the traffic file. Engine-priced per spot, the same ledger the money board reads. Nothing is invoiced.",Wally_Prime_Reshet_Example_2025-04-27.csv,2025-04-27T22:59:00,"The start of the last programme booked on the newest sourced broadcast day, so the demo shows what has aired and what is still to come on that day.",true,
CMP_D016,2025-04-28,unknown,רשת 13,,,,,,,,,2025-04-27T22:59:00,"The start of the last programme booked on the newest sourced broadcast day, so the demo shows what has aired and what is still to come on that day.",true,"This flight day has no per-spot source, so what aired is unknown and is not zero."
CMP_D016,2025-04-29,unknown,רשת 13,,,,,,,,,2025-04-27T22:59:00,"The start of the last programme booked on the newest sourced broadcast day, so the demo shows what has aired and what is still to come on that day.",true,"This flight day has no per-spot source, so what aired is unknown and is not zero."
CMP_D016,2025-04-30,unknown,רשת 13,,,,,,,,,2025-04-27T22:59:00,"The start of the last programme booked on the newest sourced broadcast day, so the demo shows what has aired and what is still to come on that day.",true,"This flight day has no per-spot source, so what aired is unknown and is not zero."
CMP_D016,2025-05-01,unknown,רשת 13,,,,,,,,,2025-04-27T22:59:00,"The start of the last programme booked on the newest sourced broadcast day, so the demo shows what has aired and what is still to come on that day.",true,"This flight day has no per-spot source, so what aired is unknown and is not zero."
CMP_D016,2025-05-02,unknown,רשת 13,,,,,,,,,2025-04-27T22:59:00,"The start of the last programme booked on the newest sourced broadcast day, so the demo shows what has aired and what is still to come on that day.",true,"This flight day has no per-spot source, so what aired is unknown and is not zero."
CMP_D016,2025-05-03,unknown,רשת 13,,,,,,,,,2025-04-27T22:59:00,"The start of the last programme booked on the newest sourced broadcast day, so the demo shows what has aired and what is still to come on that day.",true,"This flight day has no per-spot source, so what aired is unknown and is not zero."
CMP_D017,2025-04-27,aired,רשת 13,1,15,5.2000,4680.00,0,,"Sum of the planned break rating over each airing, all-viewers base, from the traffic file. Engine-priced per spot, the same ledger the money board reads. Nothing is invoiced.",Wally_Prime_Reshet_Example_2025-04-27.csv,2025-04-27T22:59:00,"The start of the last programme booked on the newest sourced broadcast day, so the demo shows what has aired and what is still to come on that day.",true,
CMP_D017,2025-04-27,scheduled,רשת 13,1,15,2.6000,2340.00,0,,"Sum of the planned break rating over each airing, all-viewers base, from the traffic file. Engine-priced per spot, the same ledger the money board reads. Nothing is invoiced.",Wally_Prime_Reshet_Example_2025-04-27.csv,2025-04-27T22:59:00,"The start of the last programme booked on the newest sourced broadcast day, so the demo shows what has aired and what is still to come on that day.",true,
CMP_D017,2025-04-28,unknown,רשת 13,,,,,,,,,2025-04-27T22:59:00,"The start of the last programme booked on the newest sourced broadcast day, so the demo shows what has aired and what is still to come on that day.",true,"This flight day has no per-spot source, so what aired is unknown and is not zero."
CMP_D017,2025-04-29,unknown,רשת 13,,,,,,,,,2025-04-27T22:59:00,"The start of the last programme booked on the newest sourced broadcast day, so the demo shows what has aired and what is still to come on that day.",true,"This flight day has no per-spot source, so what aired is unknown and is not zero."
CMP_D017,2025-04-30,unknown,רשת 13,,,,,,,,,2025-04-27T22:59:00,"The start of the last programme booked on the newest sourced broadcast day, so the demo shows what has aired and what is still to come on that day.",true,"This flight day has no per-spot source, so what aired is unknown and is not zero."
CMP_D017,2025-05-01,unknown,רשת 13,,,,,,,,,2025-04-27T22:59:00,"The start of the last programme booked on the newest sourced broadcast day, so the demo shows what has aired and what is still to come on that day.",true,"This flight day has no per-spot source, so what aired is unknown and is not zero."
CMP_D017,2025-05-02,unknown,רשת 13,,,,,,,,,2025-04-27T22:59:00,"The start of the last programme booked on the newest sourced broadcast day, so the demo shows what has aired and what is still to come on that day.",true,"This flight day has no per-spot source, so what aired is unknown and is not zero."
CMP_D017,2025-05-03,unknown,רשת 13,,,,,,,,,2025-04-27T22:59:00,"The start of the last programme booked on the newest sourced broadcast day, so the demo shows what has aired and what is still to come on that day.",true,"This flight day has no per-spot source, so what aired is unknown and is not zero."
CMP_D018,2025-04-27,aired,רשת 13,4,32,23.2000,5568.00,2,DEFAULT_ONE_PER_BREAK,"Sum of the planned break rating over each airing, all-viewers base, from the traffic file. Engine-priced per spot, the same ledger the money board reads. Nothing is invoiced.",Wally_Prime_Reshet_Example_2025-04-27.csv,2025-04-27T22:59:00,"The start of the last programme booked on the newest sourced broadcast day, so the demo shows what has aired and what is still to come on that day.",true,
CMP_D018,2025-04-28,unknown,רשת 13,,,,,,,,,2025-04-27T22:59:00,"The start of the last programme booked on the newest sourced broadcast day, so the demo shows what has aired and what is still to come on that day.",true,"This flight day has no per-spot source, so what aired is unknown and is not zero."
CMP_D018,2025-04-29,unknown,רשת 13,,,,,,,,,2025-04-27T22:59:00,"The start of the last programme booked on the newest sourced broadcast day, so the demo shows what has aired and what is still to come on that day.",true,"This flight day has no per-spot source, so what aired is unknown and is not zero."
CMP_D018,2025-04-30,unknown,רשת 13,,,,,,,,,2025-04-27T22:59:00,"The start of the last programme booked on the newest sourced broadcast day, so the demo shows what has aired and what is still to come on that day.",true,"This flight day has no per-spot source, so what aired is unknown and is not zero."
CMP_D018,2025-05-01,unknown,רשת 13,,,,,,,,,2025-04-27T22:59:00,"The start of the last programme booked on the newest sourced broadcast day, so the demo shows what has aired and what is still to come on that day.",true,"This flight day has no per-spot source, so what aired is unknown and is not zero."
CMP_D018,2025-05-02,unknown,רשת 13,,,,,,,,,2025-04-27T22:59:00,"The start of the last programme booked on the newest sourced broadcast day, so the demo shows what has aired and what is still to come on that day.",true,"This flight day has no per-spot source, so what aired is unknown and is not zero."
CMP_D018,2025-05-03,unknown,רשת 13,,,,,,,,,2025-04-27T22:59:00,"The start of the last programme booked on the newest sourced broadcast day, so the demo shows what has aired and what is still to come on that day.",true,"This flight day has no per-spot source, so what aired is unknown and is not zero."
CMP_D019,2025-04-27,aired,רשת 13,2,48,9.8000,13032.00,0,,"Sum of the planned break rating over each airing, all-viewers base, from the traffic file. Engine-priced per spot, the same ledger the money board reads. Nothing is invoiced.",Wally_Prime_Reshet_Example_2025-04-27.csv,2025-04-27T22:59:00,"The start of the last programme booked on the newest sourced broadcast day, so the demo shows what has aired and what is still to come on that day.",true,
CMP_D019,2025-04-28,unknown,רשת 13,,,,,,,,,2025-04-27T22:59:00,"The start of the last programme booked on the newest sourced broadcast day, so the demo shows what has aired and what is still to come on that day.",true,"This flight day has no per-spot source, so what aired is unknown and is not zero."
CMP_D019,2025-04-29,unknown,רשת 13,,,,,,,,,2025-04-27T22:59:00,"The start of the last programme booked on the newest sourced broadcast day, so the demo shows what has aired and what is still to come on that day.",true,"This flight day has no per-spot source, so what aired is unknown and is not zero."
CMP_D019,2025-04-30,unknown,רשת 13,,,,,,,,,2025-04-27T22:59:00,"The start of the last programme booked on the newest sourced broadcast day, so the demo shows what has aired and what is still to come on that day.",true,"This flight day has no per-spot source, so what aired is unknown and is not zero."
CMP_D019,2025-05-01,unknown,רשת 13,,,,,,,,,2025-04-27T22:59:00,"The start of the last programme booked on the newest sourced broadcast day, so the demo shows what has aired and what is still to come on that day.",true,"This flight day has no per-spot source, so what aired is unknown and is not zero."
CMP_D019,2025-05-02,unknown,רשת 13,,,,,,,,,2025-04-27T22:59:00,"The start of the last programme booked on the newest sourced broadcast day, so the demo shows what has aired and what is still to come on that day.",true,"This flight day has no per-spot source, so what aired is unknown and is not zero."
CMP_D019,2025-05-03,unknown,רשת 13,,,,,,,,,2025-04-27T22:59:00,"The start of the last programme booked on the newest sourced broadcast day, so the demo shows what has aired and what is still to come on that day.",true,"This flight day has no per-spot source, so what aired is unknown and is not zero."
CMP_D020,2025-04-27,aired,רשת 13,3,18,13.9000,1584.00,2,DEFAULT_ONE_PER_BREAK,"Sum of the planned break rating over each airing, all-viewers base, from the traffic file. Engine-priced per spot, the same ledger the money board reads. Nothing is invoiced.",Wally_Prime_Reshet_Example_2025-04-27.csv,2025-04-27T22:59:00,"The start of the last programme booked on the newest sourced broadcast day, so the demo shows what has aired and what is still to come on that day.",true,
CMP_D020,2025-04-28,unknown,רשת 13,,,,,,,,,2025-04-27T22:59:00,"The start of the last programme booked on the newest sourced broadcast day, so the demo shows what has aired and what is still to come on that day.",true,"This flight day has no per-spot source, so what aired is unknown and is not zero."
CMP_D020,2025-04-29,unknown,רשת 13,,,,,,,,,2025-04-27T22:59:00,"The start of the last programme booked on the newest sourced broadcast day, so the demo shows what has aired and what is still to come on that day.",true,"This flight day has no per-spot source, so what aired is unknown and is not zero."
CMP_D020,2025-04-30,unknown,רשת 13,,,,,,,,,2025-04-27T22:59:00,"The start of the last programme booked on the newest sourced broadcast day, so the demo shows what has aired and what is still to come on that day.",true,"This flight day has no per-spot source, so what aired is unknown and is not zero."
CMP_D020,2025-05-01,unknown,רשת 13,,,,,,,,,2025-04-27T22:59:00,"The start of the last programme booked on the newest sourced broadcast day, so the demo shows what has aired and what is still to come on that day.",true,"This flight day has no per-spot source, so what aired is unknown and is not zero."
CMP_D020,2025-05-02,unknown,רשת 13,,,,,,,,,2025-04-27T22:59:00,"The start of the last programme booked on the newest sourced broadcast day, so the demo shows what has aired and what is still to come on that day.",true,"This flight day has no per-spot source, so what aired is unknown and is not zero."
CMP_D020,2025-05-03,unknown,רשת 13,,,,,,,,,2025-04-27T22:59:00,"The start of the last programme booked on the newest sourced broadcast day, so the demo shows what has aired and what is still to come on that day.",true,"This flight day has no per-spot source, so what aired is unknown and is not zero."
CMP_D021,2025-04-27,aired,רשת 13,3,72,15.0000,22788.00,0,,"Sum of the planned break rating over each airing, all-viewers base, from the traffic file. Engine-priced per spot, the same ledger the money board reads. Nothing is invoiced.",Wally_Prime_Reshet_Example_2025-04-27.csv,2025-04-27T22:59:00,"The start of the last programme booked on the newest sourced broadcast day, so the demo shows what has aired and what is still to come on that day.",true,
CMP_D021,2025-04-27,scheduled,רשת 13,1,46,2.6000,7176.00,0,,"Sum of the planned break rating over each airing, all-viewers base, from the traffic file. Engine-priced per spot, the same ledger the money board reads. Nothing is invoiced.",Wally_Prime_Reshet_Example_2025-04-27.csv,2025-04-27T22:59:00,"The start of the last programme booked on the newest sourced broadcast day, so the demo shows what has aired and what is still to come on that day.",true,
CMP_D021,2025-04-28,unknown,רשת 13,,,,,,,,,2025-04-27T22:59:00,"The start of the last programme booked on the newest sourced broadcast day, so the demo shows what has aired and what is still to come on that day.",true,"This flight day has no per-spot source, so what aired is unknown and is not zero."
CMP_D021,2025-04-29,unknown,רשת 13,,,,,,,,,2025-04-27T22:59:00,"The start of the last programme booked on the newest sourced broadcast day, so the demo shows what has aired and what is still to come on that day.",true,"This flight day has no per-spot source, so what aired is unknown and is not zero."
CMP_D021,2025-04-30,unknown,רשת 13,,,,,,,,,2025-04-27T22:59:00,"The start of the last programme booked on the newest sourced broadcast day, so the demo shows what has aired and what is still to come on that day.",true,"This flight day has no per-spot source, so what aired is unknown and is not zero."
CMP_D021,2025-05-01,unknown,רשת 13,,,,,,,,,2025-04-27T22:59:00,"The start of the last programme booked on the newest sourced broadcast day, so the demo shows what has aired and what is still to come on that day.",true,"This flight day has no per-spot source, so what aired is unknown and is not zero."
CMP_D021,2025-05-02,unknown,רשת 13,,,,,,,,,2025-04-27T22:59:00,"The start of the last programme booked on the newest sourced broadcast day, so the demo shows what has aired and what is still to come on that day.",true,"This flight day has no per-spot source, so what aired is unknown and is not zero."
CMP_D021,2025-05-03,unknown,רשת 13,,,,,,,,,2025-04-27T22:59:00,"The start of the last programme booked on the newest sourced broadcast day, so the demo shows what has aired and what is still to come on that day.",true,"This flight day has no per-spot source, so what aired is unknown and is not zero."
CMP_D022,2025-04-27,aired,רשת 13,4,24,21.2000,5760.00,1,DEFAULT_ONE_PER_BREAK,"Sum of the planned break rating over each airing, all-viewers base, from the traffic file. Engine-priced per spot, the same ledger the money board reads. Nothing is invoiced.",Wally_Prime_Reshet_Example_2025-04-27.csv,2025-04-27T22:59:00,"The start of the last programme booked on the newest sourced broadcast day, so the demo shows what has aired and what is still to come on that day.",true,
CMP_D022,2025-04-28,unknown,רשת 13,,,,,,,,,2025-04-27T22:59:00,"The start of the last programme booked on the newest sourced broadcast day, so the demo shows what has aired and what is still to come on that day.",true,"This flight day has no per-spot source, so what aired is unknown and is not zero."
CMP_D022,2025-04-29,unknown,רשת 13,,,,,,,,,2025-04-27T22:59:00,"The start of the last programme booked on the newest sourced broadcast day, so the demo shows what has aired and what is still to come on that day.",true,"This flight day has no per-spot source, so what aired is unknown and is not zero."
CMP_D022,2025-04-30,unknown,רשת 13,,,,,,,,,2025-04-27T22:59:00,"The start of the last programme booked on the newest sourced broadcast day, so the demo shows what has aired and what is still to come on that day.",true,"This flight day has no per-spot source, so what aired is unknown and is not zero."
CMP_D022,2025-05-01,unknown,רשת 13,,,,,,,,,2025-04-27T22:59:00,"The start of the last programme booked on the newest sourced broadcast day, so the demo shows what has aired and what is still to come on that day.",true,"This flight day has no per-spot source, so what aired is unknown and is not zero."
CMP_D022,2025-05-02,unknown,רשת 13,,,,,,,,,2025-04-27T22:59:00,"The start of the last programme booked on the newest sourced broadcast day, so the demo shows what has aired and what is still to come on that day.",true,"This flight day has no per-spot source, so what aired is unknown and is not zero."
CMP_D022,2025-05-03,unknown,רשת 13,,,,,,,,,2025-04-27T22:59:00,"The start of the last programme booked on the newest sourced broadcast day, so the demo shows what has aired and what is still to come on that day.",true,"This flight day has no per-spot source, so what aired is unknown and is not zero."
CMP_D023,2025-04-27,aired,רשת 13,2,68,8.7000,17748.00,0,,"Sum of the planned break rating over each airing, all-viewers base, from the traffic file. Engine-priced per spot, the same ledger the money board reads. Nothing is invoiced.",Wally_Prime_Reshet_Example_2025-04-27.csv,2025-04-27T22:59:00,"The start of the last programme booked on the newest sourced broadcast day, so the demo shows what has aired and what is still to come on that day.",true,
CMP_D023,2025-04-28,unknown,רשת 13,,,,,,,,,2025-04-27T22:59:00,"The start of the last programme booked on the newest sourced broadcast day, so the demo shows what has aired and what is still to come on that day.",true,"This flight day has no per-spot source, so what aired is unknown and is not zero."
CMP_D023,2025-04-29,unknown,רשת 13,,,,,,,,,2025-04-27T22:59:00,"The start of the last programme booked on the newest sourced broadcast day, so the demo shows what has aired and what is still to come on that day.",true,"This flight day has no per-spot source, so what aired is unknown and is not zero."
CMP_D023,2025-04-30,unknown,רשת 13,,,,,,,,,2025-04-27T22:59:00,"The start of the last programme booked on the newest sourced broadcast day, so the demo shows what has aired and what is still to come on that day.",true,"This flight day has no per-spot source, so what aired is unknown and is not zero."
CMP_D023,2025-05-01,unknown,רשת 13,,,,,,,,,2025-04-27T22:59:00,"The start of the last programme booked on the newest sourced broadcast day, so the demo shows what has aired and what is still to come on that day.",true,"This flight day has no per-spot source, so what aired is unknown and is not zero."
CMP_D023,2025-05-02,unknown,רשת 13,,,,,,,,,2025-04-27T22:59:00,"The start of the last programme booked on the newest sourced broadcast day, so the demo shows what has aired and what is still to come on that day.",true,"This flight day has no per-spot source, so what aired is unknown and is not zero."
CMP_D023,2025-05-03,unknown,רשת 13,,,,,,,,,2025-04-27T22:59:00,"The start of the last programme booked on the newest sourced broadcast day, so the demo shows what has aired and what is still to come on that day.",true,"This flight day has no per-spot source, so what aired is unknown and is not zero."
CMP_D024,2025-04-27,aired,רשת 13,6,152,31.1000,46518.00,0,,"Sum of the planned break rating over each airing, all-viewers base, from the traffic file. Engine-priced per spot, the same ledger the money board reads. Nothing is invoiced.",Wally_Prime_Reshet_Example_2025-04-27.csv,2025-04-27T22:59:00,"The start of the last programme booked on the newest sourced broadcast day, so the demo shows what has aired and what is still to come on that day.",true,
CMP_D024,2025-04-28,unknown,רשת 13,,,,,,,,,2025-04-27T22:59:00,"The start of the last programme booked on the newest sourced broadcast day, so the demo shows what has aired and what is still to come on that day.",true,"This flight day has no per-spot source, so what aired is unknown and is not zero."
CMP_D024,2025-04-29,unknown,רשת 13,,,,,,,,,2025-04-27T22:59:00,"The start of the last programme booked on the newest sourced broadcast day, so the demo shows what has aired and what is still to come on that day.",true,"This flight day has no per-spot source, so what aired is unknown and is not zero."
CMP_D024,2025-04-30,unknown,רשת 13,,,,,,,,,2025-04-27T22:59:00,"The start of the last programme booked on the newest sourced broadcast day, so the demo shows what has aired and what is still to come on that day.",true,"This flight day has no per-spot source, so what aired is unknown and is not zero."
CMP_D024,2025-05-01,unknown,רשת 13,,,,,,,,,2025-04-27T22:59:00,"The start of the last programme booked on the newest sourced broadcast day, so the demo shows what has aired and what is still to come on that day.",true,"This flight day has no per-spot source, so what aired is unknown and is not zero."
CMP_D024,2025-05-02,unknown,רשת 13,,,,,,,,,2025-04-27T22:59:00,"The start of the last programme booked on the newest sourced broadcast day, so the demo shows what has aired and what is still to come on that day.",true,"This flight day has no per-spot source, so what aired is unknown and is not zero."
CMP_D024,2025-05-03,unknown,רשת 13,,,,,,,,,2025-04-27T22:59:00,"The start of the last programme booked on the newest sourced broadcast day, so the demo shows what has aired and what is still to come on that day.",true,"This flight day has no per-spot source, so what aired is unknown and is not zero."
CMP_D025,2025-04-27,aired,רשת 13,6,118,28.2000,20964.00,2,DEFAULT_ONE_PER_BREAK,"Sum of the planned break rating over each airing, all-viewers base, from the traffic file. Engine-priced per spot, the same ledger the money board reads. Nothing is invoiced.",Wally_Prime_Reshet_Example_2025-04-27.csv,2025-04-27T22:59:00,"The start of the last programme booked on the newest sourced broadcast day, so the demo shows what has aired and what is still to come on that day.",true,
CMP_D025,2025-04-28,unknown,רשת 13,,,,,,,,,2025-04-27T22:59:00,"The start of the last programme booked on the newest sourced broadcast day, so the demo shows what has aired and what is still to come on that day.",true,"This flight day has no per-spot source, so what aired is unknown and is not zero."
CMP_D025,2025-04-29,unknown,רשת 13,,,,,,,,,2025-04-27T22:59:00,"The start of the last programme booked on the newest sourced broadcast day, so the demo shows what has aired and what is still to come on that day.",true,"This flight day has no per-spot source, so what aired is unknown and is not zero."
CMP_D025,2025-04-30,unknown,רשת 13,,,,,,,,,2025-04-27T22:59:00,"The start of the last programme booked on the newest sourced broadcast day, so the demo shows what has aired and what is still to come on that day.",true,"This flight day has no per-spot source, so what aired is unknown and is not zero."
CMP_D025,2025-05-01,unknown,רשת 13,,,,,,,,,2025-04-27T22:59:00,"The start of the last programme booked on the newest sourced broadcast day, so the demo shows what has aired and what is still to come on that day.",true,"This flight day has no per-spot source, so what aired is unknown and is not zero."
CMP_D025,2025-05-02,unknown,רשת 13,,,,,,,,,2025-04-27T22:59:00,"The start of the last programme booked on the newest sourced broadcast day, so the demo shows what has aired and what is still to come on that day.",true,"This flight day has no per-spot source, so what aired is unknown and is not zero."
CMP_D025,2025-05-03,unknown,רשת 13,,,,,,,,,2025-04-27T22:59:00,"The start of the last programme booked on the newest sourced broadcast day, so the demo shows what has aired and what is still to come on that day.",true,"This flight day has no per-spot source, so what aired is unknown and is not zero."
CMP_D026,2025-04-27,aired,רשת 13,2,29,8.7000,7572.00,0,,"Sum of the planned break rating over each airing, all-viewers base, from the traffic file. Engine-priced per spot, the same ledger the money board reads. Nothing is invoiced.",Wally_Prime_Reshet_Example_2025-04-27.csv,2025-04-27T22:59:00,"The start of the last programme booked on the newest sourced broadcast day, so the demo shows what has aired and what is still to come on that day.",true,
CMP_D026,2025-04-27,scheduled,רשת 13,1,14,2.6000,2184.00,0,,"Sum of the planned break rating over each airing, all-viewers base, from the traffic file. Engine-priced per spot, the same ledger the money board reads. Nothing is invoiced.",Wally_Prime_Reshet_Example_2025-04-27.csv,2025-04-27T22:59:00,"The start of the last programme booked on the newest sourced broadcast day, so the demo shows what has aired and what is still to come on that day.",true,
CMP_D026,2025-04-28,unknown,רשת 13,,,,,,,,,2025-04-27T22:59:00,"The start of the last programme booked on the newest sourced broadcast day, so the demo shows what has aired and what is still to come on that day.",true,"This flight day has no per-spot source, so what aired is unknown and is not zero."
CMP_D026,2025-04-29,unknown,רשת 13,,,,,,,,,2025-04-27T22:59:00,"The start of the last programme booked on the newest sourced broadcast day, so the demo shows what has aired and what is still to come on that day.",true,"This flight day has no per-spot source, so what aired is unknown and is not zero."
CMP_D026,2025-04-30,unknown,רשת 13,,,,,,,,,2025-04-27T22:59:00,"The start of the last programme booked on the newest sourced broadcast day, so the demo shows what has aired and what is still to come on that day.",true,"This flight day has no per-spot source, so what aired is unknown and is not zero."
CMP_D026,2025-05-01,unknown,רשת 13,,,,,,,,,2025-04-27T22:59:00,"The start of the last programme booked on the newest sourced broadcast day, so the demo shows what has aired and what is still to come on that day.",true,"This flight day has no per-spot source, so what aired is unknown and is not zero."
CMP_D026,2025-05-02,unknown,רשת 13,,,,,,,,,2025-04-27T22:59:00,"The start of the last programme booked on the newest sourced broadcast day, so the demo shows what has aired and what is still to come on that day.",true,"This flight day has no per-spot source, so what aired is unknown and is not zero."
CMP_D026,2025-05-03,unknown,רשת 13,,,,,,,,,2025-04-27T22:59:00,"The start of the last programme booked on the newest sourced broadcast day, so the demo shows what has aired and what is still to come on that day.",true,"This flight day has no per-spot source, so what aired is unknown and is not zero."
CMP_D027,2025-04-27,aired,רשת 13,1,28,5.2000,0.00,1,DEFAULT_ONE_PER_BREAK,"Sum of the planned break rating over each airing, all-viewers base, from the traffic file. Engine-priced per spot, the same ledger the money board reads. Nothing is invoiced.",Wally_Prime_Reshet_Example_2025-04-27.csv,2025-04-27T22:59:00,"The start of the last programme booked on the newest sourced broadcast day, so the demo shows what has aired and what is still to come on that day.",true,
CMP_D027,2025-04-28,unknown,רשת 13,,,,,,,,,2025-04-27T22:59:00,"The start of the last programme booked on the newest sourced broadcast day, so the demo shows what has aired and what is still to come on that day.",true,"This flight day has no per-spot source, so what aired is unknown and is not zero."
CMP_D027,2025-04-29,unknown,רשת 13,,,,,,,,,2025-04-27T22:59:00,"The start of the last programme booked on the newest sourced broadcast day, so the demo shows what has aired and what is still to come on that day.",true,"This flight day has no per-spot source, so what aired is unknown and is not zero."
CMP_D027,2025-04-30,unknown,רשת 13,,,,,,,,,2025-04-27T22:59:00,"The start of the last programme booked on the newest sourced broadcast day, so the demo shows what has aired and what is still to come on that day.",true,"This flight day has no per-spot source, so what aired is unknown and is not zero."
CMP_D027,2025-05-01,unknown,רשת 13,,,,,,,,,2025-04-27T22:59:00,"The start of the last programme booked on the newest sourced broadcast day, so the demo shows what has aired and what is still to come on that day.",true,"This flight day has no per-spot source, so what aired is unknown and is not zero."
CMP_D027,2025-05-02,unknown,רשת 13,,,,,,,,,2025-04-27T22:59:00,"The start of the last programme booked on the newest sourced broadcast day, so the demo shows what has aired and what is still to come on that day.",true,"This flight day has no per-spot source, so what aired is unknown and is not zero."
CMP_D027,2025-05-03,unknown,רשת 13,,,,,,,,,2025-04-27T22:59:00,"The start of the last programme booked on the newest sourced broadcast day, so the demo shows what has aired and what is still to come on that day.",true,"This flight day has no per-spot source, so what aired is unknown and is not zero."
CMP_D028,2025-04-27,aired,רשת 13,3,63,13.5000,10458.00,1,DEFAULT_ONE_PER_BREAK,"Sum of the planned break rating over each airing, all-viewers base, from the traffic file. Engine-priced per spot, the same ledger the money board reads. Nothing is invoiced.",Wally_Prime_Reshet_Example_2025-04-27.csv,2025-04-27T22:59:00,"The start of the last programme booked on the newest sourced broadcast day, so the demo shows what has aired and what is still to come on that day.",true,
CMP_D028,2025-04-28,unknown,רשת 13,,,,,,,,,2025-04-27T22:59:00,"The start of the last programme booked on the newest sourced broadcast day, so the demo shows what has aired and what is still to come on that day.",true,"This flight day has no per-spot source, so what aired is unknown and is not zero."
CMP_D028,2025-04-29,unknown,רשת 13,,,,,,,,,2025-04-27T22:59:00,"The start of the last programme booked on the newest sourced broadcast day, so the demo shows what has aired and what is still to come on that day.",true,"This flight day has no per-spot source, so what aired is unknown and is not zero."
CMP_D028,2025-04-30,unknown,רשת 13,,,,,,,,,2025-04-27T22:59:00,"The start of the last programme booked on the newest sourced broadcast day, so the demo shows what has aired and what is still to come on that day.",true,"This flight day has no per-spot source, so what aired is unknown and is not zero."
CMP_D028,2025-05-01,unknown,רשת 13,,,,,,,,,2025-04-27T22:59:00,"The start of the last programme booked on the newest sourced broadcast day, so the demo shows what has aired and what is still to come on that day.",true,"This flight day has no per-spot source, so what aired is unknown and is not zero."
CMP_D028,2025-05-02,unknown,רשת 13,,,,,,,,,2025-04-27T22:59:00,"The start of the last programme booked on the newest sourced broadcast day, so the demo shows what has aired and what is still to come on that day.",true,"This flight day has no per-spot source, so what aired is unknown and is not zero."
CMP_D028,2025-05-03,unknown,רשת 13,,,,,,,,,2025-04-27T22:59:00,"The start of the last programme booked on the newest sourced broadcast day, so the demo shows what has aired and what is still to come on that day.",true,"This flight day has no per-spot source, so what aired is unknown and is not zero."
CMP_D029,2025-04-27,aired,רשת 13,3,156,15.0000,46800.00,0,,"Sum of the planned break rating over each airing, all-viewers base, from the traffic file. Engine-priced per spot, the same ledger the money board reads. Nothing is invoiced.",Wally_Prime_Reshet_Example_2025-04-27.csv,2025-04-27T22:59:00,"The start of the last programme booked on the newest sourced broadcast day, so the demo shows what has aired and what is still to come on that day.",true,
CMP_D029,2025-04-28,unknown,רשת 13,,,,,,,,,2025-04-27T22:59:00,"The start of the last programme booked on the newest sourced broadcast day, so the demo shows what has aired and what is still to come on that day.",true,"This flight day has no per-spot source, so what aired is unknown and is not zero."
CMP_D029,2025-04-29,unknown,רשת 13,,,,,,,,,2025-04-27T22:59:00,"The start of the last programme booked on the newest sourced broadcast day, so the demo shows what has aired and what is still to come on that day.",true,"This flight day has no per-spot source, so what aired is unknown and is not zero."
CMP_D029,2025-04-30,unknown,רשת 13,,,,,,,,,2025-04-27T22:59:00,"The start of the last programme booked on the newest sourced broadcast day, so the demo shows what has aired and what is still to come on that day.",true,"This flight day has no per-spot source, so what aired is unknown and is not zero."
CMP_D029,2025-05-01,unknown,רשת 13,,,,,,,,,2025-04-27T22:59:00,"The start of the last programme booked on the newest sourced broadcast day, so the demo shows what has aired and what is still to come on that day.",true,"This flight day has no per-spot source, so what aired is unknown and is not zero."
CMP_D029,2025-05-02,unknown,רשת 13,,,,,,,,,2025-04-27T22:59:00,"The start of the last programme booked on the newest sourced broadcast day, so the demo shows what has aired and what is still to come on that day.",true,"This flight day has no per-spot source, so what aired is unknown and is not zero."
CMP_D029,2025-05-03,unknown,רשת 13,,,,,,,,,2025-04-27T22:59:00,"The start of the last programme booked on the newest sourced broadcast day, so the demo shows what has aired and what is still to come on that day.",true,"This flight day has no per-spot source, so what aired is unknown and is not zero."
CMP_D030,2025-04-27,scheduled,רשת 13,1,6,2.6000,0.00,1,DEFAULT_ONE_PER_BREAK,"Sum of the planned break rating over each airing, all-viewers base, from the traffic file. Engine-priced per spot, the same ledger the money board reads. Nothing is invoiced.",Wally_Prime_Reshet_Example_2025-04-27.csv,2025-04-27T22:59:00,"The start of the last programme booked on the newest sourced broadcast day, so the demo shows what has aired and what is still to come on that day.",true,
CMP_D030,2025-04-28,unknown,רשת 13,,,,,,,,,2025-04-27T22:59:00,"The start of the last programme booked on the newest sourced broadcast day, so the demo shows what has aired and what is still to come on that day.",true,"This flight day has no per-spot source, so what aired is unknown and is not zero."
CMP_D030,2025-04-29,unknown,רשת 13,,,,,,,,,2025-04-27T22:59:00,"The start of the last programme booked on the newest sourced broadcast day, so the demo shows what has aired and what is still to come on that day.",true,"This flight day has no per-spot source, so what aired is unknown and is not zero."
CMP_D030,2025-04-30,unknown,רשת 13,,,,,,,,,2025-04-27T22:59:00,"The start of the last programme booked on the newest sourced broadcast day, so the demo shows what has aired and what is still to come on that day.",true,"This flight day has no per-spot source, so what aired is unknown and is not zero."
CMP_D030,2025-05-01,unknown,רשת 13,,,,,,,,,2025-04-27T22:59:00,"The start of the last programme booked on the newest sourced broadcast day, so the demo shows what has aired and what is still to come on that day.",true,"This flight day has no per-spot source, so what aired is unknown and is not zero."
CMP_D030,2025-05-02,unknown,רשת 13,,,,,,,,,2025-04-27T22:59:00,"The start of the last programme booked on the newest sourced broadcast day, so the demo shows what has aired and what is still to come on that day.",true,"This flight day has no per-spot source, so what aired is unknown and is not zero."
CMP_D030,2025-05-03,unknown,רשת 13,,,,,,,,,2025-04-27T22:59:00,"The start of the last programme booked on the newest sourced broadcast day, so the demo shows what has aired and what is still to come on that day.",true,"This flight day has no per-spot source, so what aired is unknown and is not zero."
CMP_D031,2025-04-27,scheduled,רשת 13,1,20,2.6000,3120.00,0,,"Sum of the planned break rating over each airing, all-viewers base, from the traffic file. Engine-priced per spot, the same ledger the money board reads. Nothing is invoiced.",Wally_Prime_Reshet_Example_2025-04-27.csv,2025-04-27T22:59:00,"The start of the last programme booked on the newest sourced broadcast day, so the demo shows what has aired and what is still to come on that day.",true,
CMP_D031,2025-04-28,unknown,רשת 13,,,,,,,,,2025-04-27T22:59:00,"The start of the last programme booked on the newest sourced broadcast day, so the demo shows what has aired and what is still to come on that day.",true,"This flight day has no per-spot source, so what aired is unknown and is not zero."
CMP_D031,2025-04-29,unknown,רשת 13,,,,,,,,,2025-04-27T22:59:00,"The start of the last programme booked on the newest sourced broadcast day, so the demo shows what has aired and what is still to come on that day.",true,"This flight day has no per-spot source, so what aired is unknown and is not zero."
CMP_D031,2025-04-30,unknown,רשת 13,,,,,,,,,2025-04-27T22:59:00,"The start of the last programme booked on the newest sourced broadcast day, so the demo shows what has aired and what is still to come on that day.",true,"This flight day has no per-spot source, so what aired is unknown and is not zero."
CMP_D031,2025-05-01,unknown,רשת 13,,,,,,,,,2025-04-27T22:59:00,"The start of the last programme booked on the newest sourced broadcast day, so the demo shows what has aired and what is still to come on that day.",true,"This flight day has no per-spot source, so what aired is unknown and is not zero."
CMP_D031,2025-05-02,unknown,רשת 13,,,,,,,,,2025-04-27T22:59:00,"The start of the last programme booked on the newest sourced broadcast day, so the demo shows what has aired and what is still to come on that day.",true,"This flight day has no per-spot source, so what aired is unknown and is not zero."
CMP_D031,2025-05-03,unknown,רשת 13,,,,,,,,,2025-04-27T22:59:00,"The start of the last programme booked on the newest sourced broadcast day, so the demo shows what has aired and what is still to come on that day.",true,"This flight day has no per-spot source, so what aired is unknown and is not zero."
CMP_D032,2025-04-27,aired,רשת 13,2,60,8.3000,14940.00,0,,"Sum of the planned break rating over each airing, all-viewers base, from the traffic file. Engine-priced per spot, the same ledger the money board reads. Nothing is invoiced.",Wally_Prime_Reshet_Example_2025-04-27.csv,2025-04-27T22:59:00,"The start of the last programme booked on the newest sourced broadcast day, so the demo shows what has aired and what is still to come on that day.",true,
CMP_D032,2025-04-27,scheduled,רשת 13,1,31,2.6000,4836.00,0,,"Sum of the planned break rating over each airing, all-viewers base, from the traffic file. Engine-priced per spot, the same ledger the money board reads. Nothing is invoiced.",Wally_Prime_Reshet_Example_2025-04-27.csv,2025-04-27T22:59:00,"The start of the last programme booked on the newest sourced broadcast day, so the demo shows what has aired and what is still to come on that day.",true,
CMP_D032,2025-04-28,unknown,רשת 13,,,,,,,,,2025-04-27T22:59:00,"The start of the last programme booked on the newest sourced broadcast day, so the demo shows what has aired and what is still to come on that day.",true,"This flight day has no per-spot source, so what aired is unknown and is not zero."
CMP_D032,2025-04-29,unknown,רשת 13,,,,,,,,,2025-04-27T22:59:00,"The start of the last programme booked on the newest sourced broadcast day, so the demo shows what has aired and what is still to come on that day.",true,"This flight day has no per-spot source, so what aired is unknown and is not zero."
CMP_D032,2025-04-30,unknown,רשת 13,,,,,,,,,2025-04-27T22:59:00,"The start of the last programme booked on the newest sourced broadcast day, so the demo shows what has aired and what is still to come on that day.",true,"This flight day has no per-spot source, so what aired is unknown and is not zero."
CMP_D032,2025-05-01,unknown,רשת 13,,,,,,,,,2025-04-27T22:59:00,"The start of the last programme booked on the newest sourced broadcast day, so the demo shows what has aired and what is still to come on that day.",true,"This flight day has no per-spot source, so what aired is unknown and is not zero."
CMP_D032,2025-05-02,unknown,רשת 13,,,,,,,,,2025-04-27T22:59:00,"The start of the last programme booked on the newest sourced broadcast day, so the demo shows what has aired and what is still to come on that day.",true,"This flight day has no per-spot source, so what aired is unknown and is not zero."
CMP_D032,2025-05-03,unknown,רשת 13,,,,,,,,,2025-04-27T22:59:00,"The start of the last programme booked on the newest sourced broadcast day, so the demo shows what has aired and what is still to come on that day.",true,"This flight day has no per-spot source, so what aired is unknown and is not zero."
CMP_D033,2025-04-27,aired,רשת 13,5,142,25.1000,31860.00,1,DEFAULT_ONE_PER_BREAK,"Sum of the planned break rating over each airing, all-viewers base, from the traffic file. Engine-priced per spot, the same ledger the money board reads. Nothing is invoiced.",Wally_Prime_Reshet_Example_2025-04-27.csv,2025-04-27T22:59:00,"The start of the last programme booked on the newest sourced broadcast day, so the demo shows what has aired and what is still to come on that day.",true,
CMP_D033,2025-04-28,unknown,רשת 13,,,,,,,,,2025-04-27T22:59:00,"The start of the last programme booked on the newest sourced broadcast day, so the demo shows what has aired and what is still to come on that day.",true,"This flight day has no per-spot source, so what aired is unknown and is not zero."
CMP_D033,2025-04-29,unknown,רשת 13,,,,,,,,,2025-04-27T22:59:00,"The start of the last programme booked on the newest sourced broadcast day, so the demo shows what has aired and what is still to come on that day.",true,"This flight day has no per-spot source, so what aired is unknown and is not zero."
CMP_D033,2025-04-30,unknown,רשת 13,,,,,,,,,2025-04-27T22:59:00,"The start of the last programme booked on the newest sourced broadcast day, so the demo shows what has aired and what is still to come on that day.",true,"This flight day has no per-spot source, so what aired is unknown and is not zero."
CMP_D033,2025-05-01,unknown,רשת 13,,,,,,,,,2025-04-27T22:59:00,"The start of the last programme booked on the newest sourced broadcast day, so the demo shows what has aired and what is still to come on that day.",true,"This flight day has no per-spot source, so what aired is unknown and is not zero."
CMP_D033,2025-05-02,unknown,רשת 13,,,,,,,,,2025-04-27T22:59:00,"The start of the last programme booked on the newest sourced broadcast day, so the demo shows what has aired and what is still to come on that day.",true,"This flight day has no per-spot source, so what aired is unknown and is not zero."
CMP_D033,2025-05-03,unknown,רשת 13,,,,,,,,,2025-04-27T22:59:00,"The start of the last programme booked on the newest sourced broadcast day, so the demo shows what has aired and what is still to come on that day.",true,"This flight day has no per-spot source, so what aired is unknown and is not zero."
CMP_D034,2025-04-27,aired,רשת 13,4,88,19.4000,5148.00,3,DEFAULT_ONE_PER_BREAK,"Sum of the planned break rating over each airing, all-viewers base, from the traffic file. Engine-priced per spot, the same ledger the money board reads. Nothing is invoiced.",Wally_Prime_Reshet_Example_2025-04-27.csv,2025-04-27T22:59:00,"The start of the last programme booked on the newest sourced broadcast day, so the demo shows what has aired and what is still to come on that day.",true,
CMP_D034,2025-04-28,unknown,רשת 13,,,,,,,,,2025-04-27T22:59:00,"The start of the last programme booked on the newest sourced broadcast day, so the demo shows what has aired and what is still to come on that day.",true,"This flight day has no per-spot source, so what aired is unknown and is not zero."
CMP_D034,2025-04-29,unknown,רשת 13,,,,,,,,,2025-04-27T22:59:00,"The start of the last programme booked on the newest sourced broadcast day, so the demo shows what has aired and what is still to come on that day.",true,"This flight day has no per-spot source, so what aired is unknown and is not zero."
CMP_D034,2025-04-30,unknown,רשת 13,,,,,,,,,2025-04-27T22:59:00,"The start of the last programme booked on the newest sourced broadcast day, so the demo shows what has aired and what is still to come on that day.",true,"This flight day has no per-spot source, so what aired is unknown and is not zero."
CMP_D034,2025-05-01,unknown,רשת 13,,,,,,,,,2025-04-27T22:59:00,"The start of the last programme booked on the newest sourced broadcast day, so the demo shows what has aired and what is still to come on that day.",true,"This flight day has no per-spot source, so what aired is unknown and is not zero."
CMP_D034,2025-05-02,unknown,רשת 13,,,,,,,,,2025-04-27T22:59:00,"The start of the last programme booked on the newest sourced broadcast day, so the demo shows what has aired and what is still to come on that day.",true,"This flight day has no per-spot source, so what aired is unknown and is not zero."
CMP_D034,2025-05-03,unknown,רשת 13,,,,,,,,,2025-04-27T22:59:00,"The start of the last programme booked on the newest sourced broadcast day, so the demo shows what has aired and what is still to come on that day.",true,"This flight day has no per-spot source, so what aired is unknown and is not zero."
CMP_D035,2025-04-27,aired,רשת 13,7,130,35.3000,10680.00,4,DEFAULT_ONE_PER_BREAK,"Sum of the planned break rating over each airing, all-viewers base, from the traffic file. Engine-priced per spot, the same ledger the money board reads. Nothing is invoiced.",Wally_Prime_Reshet_Example_2025-04-27.csv,2025-04-27T22:59:00,"The start of the last programme booked on the newest sourced broadcast day, so the demo shows what has aired and what is still to come on that day.",true,
CMP_D035,2025-04-28,unknown,רשת 13,,,,,,,,,2025-04-27T22:59:00,"The start of the last programme booked on the newest sourced broadcast day, so the demo shows what has aired and what is still to come on that day.",true,"This flight day has no per-spot source, so what aired is unknown and is not zero."
CMP_D035,2025-04-29,unknown,רשת 13,,,,,,,,,2025-04-27T22:59:00,"The start of the last programme booked on the newest sourced broadcast day, so the demo shows what has aired and what is still to come on that day.",true,"This flight day has no per-spot source, so what aired is unknown and is not zero."
CMP_D035,2025-04-30,unknown,רשת 13,,,,,,,,,2025-04-27T22:59:00,"The start of the last programme booked on the newest sourced broadcast day, so the demo shows what has aired and what is still to come on that day.",true,"This flight day has no per-spot source, so what aired is unknown and is not zero."
CMP_D035,2025-05-01,unknown,רשת 13,,,,,,,,,2025-04-27T22:59:00,"The start of the last programme booked on the newest sourced broadcast day, so the demo shows what has aired and what is still to come on that day.",true,"This flight day has no per-spot source, so what aired is unknown and is not zero."
CMP_D035,2025-05-02,unknown,רשת 13,,,,,,,,,2025-04-27T22:59:00,"The start of the last programme booked on the newest sourced broadcast day, so the demo shows what has aired and what is still to come on that day.",true,"This flight day has no per-spot source, so what aired is unknown and is not zero."
CMP_D035,2025-05-03,unknown,רשת 13,,,,,,,,,2025-04-27T22:59:00,"The start of the last programme booked on the newest sourced broadcast day, so the demo shows what has aired and what is still to come on that day.",true,"This flight day has no per-spot source, so what aired is unknown and is not zero."
CMP_D036,2025-04-27,aired,רשת 13,6,148,30.8000,36552.00,1,DEFAULT_ONE_PER_BREAK,"Sum of the planned break rating over each airing, all-viewers base, from the traffic file. Engine-priced per spot, the same ledger the money board reads. Nothing is invoiced.",Wally_Prime_Reshet_Example_2025-04-27.csv,2025-04-27T22:59:00,"The start of the last programme booked on the newest sourced broadcast day, so the demo shows what has aired and what is still to come on that day.",true,
CMP_D036,2025-04-27,scheduled,רשת 13,1,34,2.6000,5304.00,0,,"Sum of the planned break rating over each airing, all-viewers base, from the traffic file. Engine-priced per spot, the same ledger the money board reads. Nothing is invoiced.",Wally_Prime_Reshet_Example_2025-04-27.csv,2025-04-27T22:59:00,"The start of the last programme booked on the newest sourced broadcast day, so the demo shows what has aired and what is still to come on that day.",true,
CMP_D036,2025-04-28,unknown,רשת 13,,,,,,,,,2025-04-27T22:59:00,"The start of the last programme booked on the newest sourced broadcast day, so the demo shows what has aired and what is still to come on that day.",true,"This flight day has no per-spot source, so what aired is unknown and is not zero."
CMP_D036,2025-04-29,unknown,רשת 13,,,,,,,,,2025-04-27T22:59:00,"The start of the last programme booked on the newest sourced broadcast day, so the demo shows what has aired and what is still to come on that day.",true,"This flight day has no per-spot source, so what aired is unknown and is not zero."
CMP_D036,2025-04-30,unknown,רשת 13,,,,,,,,,2025-04-27T22:59:00,"The start of the last programme booked on the newest sourced broadcast day, so the demo shows what has aired and what is still to come on that day.",true,"This flight day has no per-spot source, so what aired is unknown and is not zero."
CMP_D036,2025-05-01,unknown,רשת 13,,,,,,,,,2025-04-27T22:59:00,"The start of the last programme booked on the newest sourced broadcast day, so the demo shows what has aired and what is still to come on that day.",true,"This flight day has no per-spot source, so what aired is unknown and is not zero."
CMP_D036,2025-05-02,unknown,רשת 13,,,,,,,,,2025-04-27T22:59:00,"The start of the last programme booked on the newest sourced broadcast day, so the demo shows what has aired and what is still to come on that day.",true,"This flight day has no per-spot source, so what aired is unknown and is not zero."
CMP_D036,2025-05-03,unknown,רשת 13,,,,,,,,,2025-04-27T22:59:00,"The start of the last programme booked on the newest sourced broadcast day, so the demo shows what has aired and what is still to come on that day.",true,"This flight day has no per-spot source, so what aired is unknown and is not zero."
CMP_D037,2025-04-27,aired,רשת 13,8,228,38.2000,33048.00,3,DEFAULT_ONE_PER_BREAK,"Sum of the planned break rating over each airing, all-viewers base, from the traffic file. Engine-priced per spot, the same ledger the money board reads. Nothing is invoiced.",Wally_Prime_Reshet_Example_2025-04-27.csv,2025-04-27T22:59:00,"The start of the last programme booked on the newest sourced broadcast day, so the demo shows what has aired and what is still to come on that day.",true,
CMP_D037,2025-04-27,scheduled,רשת 13,2,12,5.2000,936.00,1,DEFAULT_ONE_PER_BREAK,"Sum of the planned break rating over each airing, all-viewers base, from the traffic file. Engine-priced per spot, the same ledger the money board reads. Nothing is invoiced.",Wally_Prime_Reshet_Example_2025-04-27.csv,2025-04-27T22:59:00,"The start of the last programme booked on the newest sourced broadcast day, so the demo shows what has aired and what is still to come on that day.",true,
CMP_D037,2025-04-28,unknown,רשת 13,,,,,,,,,2025-04-27T22:59:00,"The start of the last programme booked on the newest sourced broadcast day, so the demo shows what has aired and what is still to come on that day.",true,"This flight day has no per-spot source, so what aired is unknown and is not zero."
CMP_D037,2025-04-29,unknown,רשת 13,,,,,,,,,2025-04-27T22:59:00,"The start of the last programme booked on the newest sourced broadcast day, so the demo shows what has aired and what is still to come on that day.",true,"This flight day has no per-spot source, so what aired is unknown and is not zero."
CMP_D037,2025-04-30,unknown,רשת 13,,,,,,,,,2025-04-27T22:59:00,"The start of the last programme booked on the newest sourced broadcast day, so the demo shows what has aired and what is still to come on that day.",true,"This flight day has no per-spot source, so what aired is unknown and is not zero."
CMP_D037,2025-05-01,unknown,רשת 13,,,,,,,,,2025-04-27T22:59:00,"The start of the last programme booked on the newest sourced broadcast day, so the demo shows what has aired and what is still to come on that day.",true,"This flight day has no per-spot source, so what aired is unknown and is not zero."
CMP_D037,2025-05-02,unknown,רשת 13,,,,,,,,,2025-04-27T22:59:00,"The start of the last programme booked on the newest sourced broadcast day, so the demo shows what has aired and what is still to come on that day.",true,"This flight day has no per-spot source, so what aired is unknown and is not zero."
CMP_D037,2025-05-03,unknown,רשת 13,,,,,,,,,2025-04-27T22:59:00,"The start of the last programme booked on the newest sourced broadcast day, so the demo shows what has aired and what is still to come on that day.",true,"This flight day has no per-spot source, so what aired is unknown and is not zero."
CMP_D038,2025-04-27,aired,רשת 13,3,58,14.2000,17382.00,0,,"Sum of the planned break rating over each airing, all-viewers base, from the traffic file. Engine-priced per spot, the same ledger the money board reads. Nothing is invoiced.",Wally_Prime_Reshet_Example_2025-04-27.csv,2025-04-27T22:59:00,"The start of the last programme booked on the newest sourced broadcast day, so the demo shows what has aired and what is still to come on that day.",true,
CMP_D038,2025-04-27,scheduled,רשת 13,1,28,2.6000,4368.00,0,,"Sum of the planned break rating over each airing, all-viewers base, from the traffic file. Engine-priced per spot, the same ledger the money board reads. Nothing is invoiced.",Wally_Prime_Reshet_Example_2025-04-27.csv,2025-04-27T22:59:00,"The start of the last programme booked on the newest sourced broadcast day, so the demo shows what has aired and what is still to come on that day.",true,
CMP_D038,2025-04-28,unknown,רשת 13,,,,,,,,,2025-04-27T22:59:00,"The start of the last programme booked on the newest sourced broadcast day, so the demo shows what has aired and what is still to come on that day.",true,"This flight day has no per-spot source, so what aired is unknown and is not zero."
CMP_D038,2025-04-29,unknown,רשת 13,,,,,,,,,2025-04-27T22:59:00,"The start of the last programme booked on the newest sourced broadcast day, so the demo shows what has aired and what is still to come on that day.",true,"This flight day has no per-spot source, so what aired is unknown and is not zero."
CMP_D038,2025-04-30,unknown,רשת 13,,,,,,,,,2025-04-27T22:59:00,"The start of the last programme booked on the newest sourced broadcast day, so the demo shows what has aired and what is still to come on that day.",true,"This flight day has no per-spot source, so what aired is unknown and is not zero."
CMP_D038,2025-05-01,unknown,רשת 13,,,,,,,,,2025-04-27T22:59:00,"The start of the last programme booked on the newest sourced broadcast day, so the demo shows what has aired and what is still to come on that day.",true,"This flight day has no per-spot source, so what aired is unknown and is not zero."
CMP_D038,2025-05-02,unknown,רשת 13,,,,,,,,,2025-04-27T22:59:00,"The start of the last programme booked on the newest sourced broadcast day, so the demo shows what has aired and what is still to come on that day.",true,"This flight day has no per-spot source, so what aired is unknown and is not zero."
CMP_D038,2025-05-03,unknown,רשת 13,,,,,,,,,2025-04-27T22:59:00,"The start of the last programme booked on the newest sourced broadcast day, so the demo shows what has aired and what is still to come on that day.",true,"This flight day has no per-spot source, so what aired is unknown and is not zero."
CMP_D039,2025-04-27,scheduled,רשת 13,1,6,2.6000,936.00,0,,"Sum of the planned break rating over each airing, all-viewers base, from the traffic file. Engine-priced per spot, the same ledger the money board reads. Nothing is invoiced.",Wally_Prime_Reshet_Example_2025-04-27.csv,2025-04-27T22:59:00,"The start of the last programme booked on the newest sourced broadcast day, so the demo shows what has aired and what is still to come on that day.",true,
CMP_D039,2025-04-28,unknown,רשת 13,,,,,,,,,2025-04-27T22:59:00,"The start of the last programme booked on the newest sourced broadcast day, so the demo shows what has aired and what is still to come on that day.",true,"This flight day has no per-spot source, so what aired is unknown and is not zero."
CMP_D039,2025-04-29,unknown,רשת 13,,,,,,,,,2025-04-27T22:59:00,"The start of the last programme booked on the newest sourced broadcast day, so the demo shows what has aired and what is still to come on that day.",true,"This flight day has no per-spot source, so what aired is unknown and is not zero."
CMP_D039,2025-04-30,unknown,רשת 13,,,,,,,,,2025-04-27T22:59:00,"The start of the last programme booked on the newest sourced broadcast day, so the demo shows what has aired and what is still to come on that day.",true,"This flight day has no per-spot source, so what aired is unknown and is not zero."
CMP_D039,2025-05-01,unknown,רשת 13,,,,,,,,,2025-04-27T22:59:00,"The start of the last programme booked on the newest sourced broadcast day, so the demo shows what has aired and what is still to come on that day.",true,"This flight day has no per-spot source, so what aired is unknown and is not zero."
CMP_D039,2025-05-02,unknown,רשת 13,,,,,,,,,2025-04-27T22:59:00,"The start of the last programme booked on the newest sourced broadcast day, so the demo shows what has aired and what is still to come on that day.",true,"This flight day has no per-spot source, so what aired is unknown and is not zero."
CMP_D039,2025-05-03,unknown,רשת 13,,,,,,,,,2025-04-27T22:59:00,"The start of the last programme booked on the newest sourced broadcast day, so the demo shows what has aired and what is still to come on that day.",true,"This flight day has no per-spot source, so what aired is unknown and is not zero."
CMP_D040,2025-04-27,aired,רשת 13,1,20,4.4000,5280.00,0,,"Sum of the planned break rating over each airing, all-viewers base, from the traffic file. Engine-priced per spot, the same ledger the money board reads. Nothing is invoiced.",Wally_Prime_Reshet_Example_2025-04-27.csv,2025-04-27T22:59:00,"The start of the last programme booked on the newest sourced broadcast day, so the demo shows what has aired and what is still to come on that day.",true,
CMP_D040,2025-04-28,unknown,רשת 13,,,,,,,,,2025-04-27T22:59:00,"The start of the last programme booked on the newest sourced broadcast day, so the demo shows what has aired and what is still to come on that day.",true,"This flight day has no per-spot source, so what aired is unknown and is not zero."
CMP_D040,2025-04-29,unknown,רשת 13,,,,,,,,,2025-04-27T22:59:00,"The start of the last programme booked on the newest sourced broadcast day, so the demo shows what has aired and what is still to come on that day.",true,"This flight day has no per-spot source, so what aired is unknown and is not zero."
CMP_D040,2025-04-30,unknown,רשת 13,,,,,,,,,2025-04-27T22:59:00,"The start of the last programme booked on the newest sourced broadcast day, so the demo shows what has aired and what is still to come on that day.",true,"This flight day has no per-spot source, so what aired is unknown and is not zero."
CMP_D040,2025-05-01,unknown,רשת 13,,,,,,,,,2025-04-27T22:59:00,"The start of the last programme booked on the newest sourced broadcast day, so the demo shows what has aired and what is still to come on that day.",true,"This flight day has no per-spot source, so what aired is unknown and is not zero."
CMP_D040,2025-05-02,unknown,רשת 13,,,,,,,,,2025-04-27T22:59:00,"The start of the last programme booked on the newest sourced broadcast day, so the demo shows what has aired and what is still to come on that day.",true,"This flight day has no per-spot source, so what aired is unknown and is not zero."
CMP_D040,2025-05-03,unknown,רשת 13,,,,,,,,,2025-04-27T22:59:00,"The start of the last programme booked on the newest sourced broadcast day, so the demo shows what has aired and what is still to come on that day.",true,"This flight day has no per-spot source, so what aired is unknown and is not zero."
CMP_D041,2025-04-27,aired,רשת 13,2,60,9.1000,16380.00,0,,"Sum of the planned break rating over each airing, all-viewers base, from the traffic file. Engine-priced per spot, the same ledger the money board reads. Nothing is invoiced.",Wally_Prime_Reshet_Example_2025-04-27.csv,2025-04-27T22:59:00,"The start of the last programme booked on the newest sourced broadcast day, so the demo shows what has aired and what is still to come on that day.",true,
CMP_D041,2025-04-28,unknown,רשת 13,,,,,,,,,2025-04-27T22:59:00,"The start of the last programme booked on the newest sourced broadcast day, so the demo shows what has aired and what is still to come on that day.",true,"This flight day has no per-spot source, so what aired is unknown and is not zero."
CMP_D041,2025-04-29,unknown,רשת 13,,,,,,,,,2025-04-27T22:59:00,"The start of the last programme booked on the newest sourced broadcast day, so the demo shows what has aired and what is still to come on that day.",true,"This flight day has no per-spot source, so what aired is unknown and is not zero."
CMP_D041,2025-04-30,unknown,רשת 13,,,,,,,,,2025-04-27T22:59:00,"The start of the last programme booked on the newest sourced broadcast day, so the demo shows what has aired and what is still to come on that day.",true,"This flight day has no per-spot source, so what aired is unknown and is not zero."
CMP_D041,2025-05-01,unknown,רשת 13,,,,,,,,,2025-04-27T22:59:00,"The start of the last programme booked on the newest sourced broadcast day, so the demo shows what has aired and what is still to come on that day.",true,"This flight day has no per-spot source, so what aired is unknown and is not zero."
CMP_D041,2025-05-02,unknown,רשת 13,,,,,,,,,2025-04-27T22:59:00,"The start of the last programme booked on the newest sourced broadcast day, so the demo shows what has aired and what is still to come on that day.",true,"This flight day has no per-spot source, so what aired is unknown and is not zero."
CMP_D041,2025-05-03,unknown,רשת 13,,,,,,,,,2025-04-27T22:59:00,"The start of the last programme booked on the newest sourced broadcast day, so the demo shows what has aired and what is still to come on that day.",true,"This flight day has no per-spot source, so what aired is unknown and is not zero."
CMP_D042,2025-04-27,aired,רשת 13,5,166,23.6000,47430.00,1,DEFAULT_ONE_PER_BREAK,"Sum of the planned break rating over each airing, all-viewers base, from the traffic file. Engine-priced per spot, the same ledger the money board reads. Nothing is invoiced.",Wally_Prime_Reshet_Example_2025-04-27.csv,2025-04-27T22:59:00,"The start of the last programme booked on the newest sourced broadcast day, so the demo shows what has aired and what is still to come on that day.",true,
CMP_D042,2025-04-27,scheduled,רשת 13,1,45,2.6000,7020.00,0,,"Sum of the planned break rating over each airing, all-viewers base, from the traffic file. Engine-priced per spot, the same ledger the money board reads. Nothing is invoiced.",Wally_Prime_Reshet_Example_2025-04-27.csv,2025-04-27T22:59:00,"The start of the last programme booked on the newest sourced broadcast day, so the demo shows what has aired and what is still to come on that day.",true,
CMP_D042,2025-04-28,unknown,רשת 13,,,,,,,,,2025-04-27T22:59:00,"The start of the last programme booked on the newest sourced broadcast day, so the demo shows what has aired and what is still to come on that day.",true,"This flight day has no per-spot source, so what aired is unknown and is not zero."
CMP_D042,2025-04-29,unknown,רשת 13,,,,,,,,,2025-04-27T22:59:00,"The start of the last programme booked on the newest sourced broadcast day, so the demo shows what has aired and what is still to come on that day.",true,"This flight day has no per-spot source, so what aired is unknown and is not zero."
CMP_D042,2025-04-30,unknown,רשת 13,,,,,,,,,2025-04-27T22:59:00,"The start of the last programme booked on the newest sourced broadcast day, so the demo shows what has aired and what is still to come on that day.",true,"This flight day has no per-spot source, so what aired is unknown and is not zero."
CMP_D042,2025-05-01,unknown,רשת 13,,,,,,,,,2025-04-27T22:59:00,"The start of the last programme booked on the newest sourced broadcast day, so the demo shows what has aired and what is still to come on that day.",true,"This flight day has no per-spot source, so what aired is unknown and is not zero."
CMP_D042,2025-05-02,unknown,רשת 13,,,,,,,,,2025-04-27T22:59:00,"The start of the last programme booked on the newest sourced broadcast day, so the demo shows what has aired and what is still to come on that day.",true,"This flight day has no per-spot source, so what aired is unknown and is not zero."
CMP_D042,2025-05-03,unknown,רשת 13,,,,,,,,,2025-04-27T22:59:00,"The start of the last programme booked on the newest sourced broadcast day, so the demo shows what has aired and what is still to come on that day.",true,"This flight day has no per-spot source, so what aired is unknown and is not zero."
CMP_D043,2025-04-27,aired,רשת 13,2,40,9.1000,10920.00,0,,"Sum of the planned break rating over each airing, all-viewers base, from the traffic file. Engine-priced per spot, the same ledger the money board reads. Nothing is invoiced.",Wally_Prime_Reshet_Example_2025-04-27.csv,2025-04-27T22:59:00,"The start of the last programme booked on the newest sourced broadcast day, so the demo shows what has aired and what is still to come on that day.",true,
CMP_D043,2025-04-28,unknown,רשת 13,,,,,,,,,2025-04-27T22:59:00,"The start of the last programme booked on the newest sourced broadcast day, so the demo shows what has aired and what is still to come on that day.",true,"This flight day has no per-spot source, so what aired is unknown and is not zero."
CMP_D043,2025-04-29,unknown,רשת 13,,,,,,,,,2025-04-27T22:59:00,"The start of the last programme booked on the newest sourced broadcast day, so the demo shows what has aired and what is still to come on that day.",true,"This flight day has no per-spot source, so what aired is unknown and is not zero."
CMP_D043,2025-04-30,unknown,רשת 13,,,,,,,,,2025-04-27T22:59:00,"The start of the last programme booked on the newest sourced broadcast day, so the demo shows what has aired and what is still to come on that day.",true,"This flight day has no per-spot source, so what aired is unknown and is not zero."
CMP_D043,2025-05-01,unknown,רשת 13,,,,,,,,,2025-04-27T22:59:00,"The start of the last programme booked on the newest sourced broadcast day, so the demo shows what has aired and what is still to come on that day.",true,"This flight day has no per-spot source, so what aired is unknown and is not zero."
CMP_D043,2025-05-02,unknown,רשת 13,,,,,,,,,2025-04-27T22:59:00,"The start of the last programme booked on the newest sourced broadcast day, so the demo shows what has aired and what is still to come on that day.",true,"This flight day has no per-spot source, so what aired is unknown and is not zero."
CMP_D043,2025-05-03,unknown,רשת 13,,,,,,,,,2025-04-27T22:59:00,"The start of the last programme booked on the newest sourced broadcast day, so the demo shows what has aired and what is still to come on that day.",true,"This flight day has no per-spot source, so what aired is unknown and is not zero."
CMP_D044,2025-04-27,aired,רשת 13,1,7,5.2000,2184.00,0,,"Sum of the planned break rating over each airing, all-viewers base, from the traffic file. Engine-priced per spot, the same ledger the money board reads. Nothing is invoiced.",Wally_Prime_Reshet_Example_2025-04-27.csv,2025-04-27T22:59:00,"The start of the last programme booked on the newest sourced broadcast day, so the demo shows what has aired and what is still to come on that day.",true,
CMP_D044,2025-04-28,unknown,רשת 13,,,,,,,,,2025-04-27T22:59:00,"The start of the last programme booked on the newest sourced broadcast day, so the demo shows what has aired and what is still to come on that day.",true,"This flight day has no per-spot source, so what aired is unknown and is not zero."
CMP_D044,2025-04-29,unknown,רשת 13,,,,,,,,,2025-04-27T22:59:00,"The start of the last programme booked on the newest sourced broadcast day, so the demo shows what has aired and what is still to come on that day.",true,"This flight day has no per-spot source, so what aired is unknown and is not zero."
CMP_D044,2025-04-30,unknown,רשת 13,,,,,,,,,2025-04-27T22:59:00,"The start of the last programme booked on the newest sourced broadcast day, so the demo shows what has aired and what is still to come on that day.",true,"This flight day has no per-spot source, so what aired is unknown and is not zero."
CMP_D044,2025-05-01,unknown,רשת 13,,,,,,,,,2025-04-27T22:59:00,"The start of the last programme booked on the newest sourced broadcast day, so the demo shows what has aired and what is still to come on that day.",true,"This flight day has no per-spot source, so what aired is unknown and is not zero."
CMP_D044,2025-05-02,unknown,רשת 13,,,,,,,,,2025-04-27T22:59:00,"The start of the last programme booked on the newest sourced broadcast day, so the demo shows what has aired and what is still to come on that day.",true,"This flight day has no per-spot source, so what aired is unknown and is not zero."
CMP_D044,2025-05-03,unknown,רשת 13,,,,,,,,,2025-04-27T22:59:00,"The start of the last programme booked on the newest sourced broadcast day, so the demo shows what has aired and what is still to come on that day.",true,"This flight day has no per-spot source, so what aired is unknown and is not zero."
CMP_D045,2025-04-27,aired,רשת 13,4,112,19.8000,35052.00,0,,"Sum of the planned break rating over each airing, all-viewers base, from the traffic file. Engine-priced per spot, the same ledger the money board reads. Nothing is invoiced.",Wally_Prime_Reshet_Example_2025-04-27.csv,2025-04-27T22:59:00,"The start of the last programme booked on the newest sourced broadcast day, so the demo shows what has aired and what is still to come on that day.",true,
CMP_D045,2025-04-28,unknown,רשת 13,,,,,,,,,2025-04-27T22:59:00,"The start of the last programme booked on the newest sourced broadcast day, so the demo shows what has aired and what is still to come on that day.",true,"This flight day has no per-spot source, so what aired is unknown and is not zero."
CMP_D045,2025-04-29,unknown,רשת 13,,,,,,,,,2025-04-27T22:59:00,"The start of the last programme booked on the newest sourced broadcast day, so the demo shows what has aired and what is still to come on that day.",true,"This flight day has no per-spot source, so what aired is unknown and is not zero."
CMP_D045,2025-04-30,unknown,רשת 13,,,,,,,,,2025-04-27T22:59:00,"The start of the last programme booked on the newest sourced broadcast day, so the demo shows what has aired and what is still to come on that day.",true,"This flight day has no per-spot source, so what aired is unknown and is not zero."
CMP_D045,2025-05-01,unknown,רשת 13,,,,,,,,,2025-04-27T22:59:00,"The start of the last programme booked on the newest sourced broadcast day, so the demo shows what has aired and what is still to come on that day.",true,"This flight day has no per-spot source, so what aired is unknown and is not zero."
CMP_D045,2025-05-02,unknown,רשת 13,,,,,,,,,2025-04-27T22:59:00,"The start of the last programme booked on the newest sourced broadcast day, so the demo shows what has aired and what is still to come on that day.",true,"This flight day has no per-spot source, so what aired is unknown and is not zero."
CMP_D045,2025-05-03,unknown,רשת 13,,,,,,,,,2025-04-27T22:59:00,"The start of the last programme booked on the newest sourced broadcast day, so the demo shows what has aired and what is still to come on that day.",true,"This flight day has no per-spot source, so what aired is unknown and is not zero."
CMP_D046,2025-04-27,aired,רשת 13,4,73,21.9000,16500.00,1,DEFAULT_ONE_PER_BREAK,"Sum of the planned break rating over each airing, all-viewers base, from the traffic file. Engine-priced per spot, the same ledger the money board reads. Nothing is invoiced.",Wally_Prime_Reshet_Example_2025-04-27.csv,2025-04-27T22:59:00,"The start of the last programme booked on the newest sourced broadcast day, so the demo shows what has aired and what is still to come on that day.",true,
CMP_D046,2025-04-28,unknown,רשת 13,,,,,,,,,2025-04-27T22:59:00,"The start of the last programme booked on the newest sourced broadcast day, so the demo shows what has aired and what is still to come on that day.",true,"This flight day has no per-spot source, so what aired is unknown and is not zero."
CMP_D046,2025-04-29,unknown,רשת 13,,,,,,,,,2025-04-27T22:59:00,"The start of the last programme booked on the newest sourced broadcast day, so the demo shows what has aired and what is still to come on that day.",true,"This flight day has no per-spot source, so what aired is unknown and is not zero."
CMP_D046,2025-04-30,unknown,רשת 13,,,,,,,,,2025-04-27T22:59:00,"The start of the last programme booked on the newest sourced broadcast day, so the demo shows what has aired and what is still to come on that day.",true,"This flight day has no per-spot source, so what aired is unknown and is not zero."
CMP_D046,2025-05-01,unknown,רשת 13,,,,,,,,,2025-04-27T22:59:00,"The start of the last programme booked on the newest sourced broadcast day, so the demo shows what has aired and what is still to come on that day.",true,"This flight day has no per-spot source, so what aired is unknown and is not zero."
CMP_D046,2025-05-02,unknown,רשת 13,,,,,,,,,2025-04-27T22:59:00,"The start of the last programme booked on the newest sourced broadcast day, so the demo shows what has aired and what is still to come on that day.",true,"This flight day has no per-spot source, so what aired is unknown and is not zero."
CMP_D046,2025-05-03,unknown,רשת 13,,,,,,,,,2025-04-27T22:59:00,"The start of the last programme booked on the newest sourced broadcast day, so the demo shows what has aired and what is still to come on that day.",true,"This flight day has no per-spot source, so what aired is unknown and is not zero."
CMP_D047,2025-04-27,aired,רשת 13,2,30,9.1000,8190.00,0,,"Sum of the planned break rating over each airing, all-viewers base, from the traffic file. Engine-priced per spot, the same ledger the money board reads. Nothing is invoiced.",Wally_Prime_Reshet_Example_2025-04-27.csv,2025-04-27T22:59:00,"The start of the last programme booked on the newest sourced broadcast day, so the demo shows what has aired and what is still to come on that day.",true,
CMP_D047,2025-04-28,unknown,רשת 13,,,,,,,,,2025-04-27T22:59:00,"The start of the last programme booked on the newest sourced broadcast day, so the demo shows what has aired and what is still to come on that day.",true,"This flight day has no per-spot source, so what aired is unknown and is not zero."
CMP_D047,2025-04-29,unknown,רשת 13,,,,,,,,,2025-04-27T22:59:00,"The start of the last programme booked on the newest sourced broadcast day, so the demo shows what has aired and what is still to come on that day.",true,"This flight day has no per-spot source, so what aired is unknown and is not zero."
CMP_D047,2025-04-30,unknown,רשת 13,,,,,,,,,2025-04-27T22:59:00,"The start of the last programme booked on the newest sourced broadcast day, so the demo shows what has aired and what is still to come on that day.",true,"This flight day has no per-spot source, so what aired is unknown and is not zero."
CMP_D047,2025-05-01,unknown,רשת 13,,,,,,,,,2025-04-27T22:59:00,"The start of the last programme booked on the newest sourced broadcast day, so the demo shows what has aired and what is still to come on that day.",true,"This flight day has no per-spot source, so what aired is unknown and is not zero."
CMP_D047,2025-05-02,unknown,רשת 13,,,,,,,,,2025-04-27T22:59:00,"The start of the last programme booked on the newest sourced broadcast day, so the demo shows what has aired and what is still to come on that day.",true,"This flight day has no per-spot source, so what aired is unknown and is not zero."
CMP_D047,2025-05-03,unknown,רשת 13,,,,,,,,,2025-04-27T22:59:00,"The start of the last programme booked on the newest sourced broadcast day, so the demo shows what has aired and what is still to come on that day.",true,"This flight day has no per-spot source, so what aired is unknown and is not zero."
CMP_D048,2025-04-27,aired,רשת 13,6,92,29.2000,19524.00,2,DEFAULT_ONE_PER_BREAK,"Sum of the planned break rating over each airing, all-viewers base, from the traffic file. Engine-priced per spot, the same ledger the money board reads. Nothing is invoiced.",Wally_Prime_Reshet_Example_2025-04-27.csv,2025-04-27T22:59:00,"The start of the last programme booked on the newest sourced broadcast day, so the demo shows what has aired and what is still to come on that day.",true,
CMP_D048,2025-04-28,unknown,רשת 13,,,,,,,,,2025-04-27T22:59:00,"The start of the last programme booked on the newest sourced broadcast day, so the demo shows what has aired and what is still to come on that day.",true,"This flight day has no per-spot source, so what aired is unknown and is not zero."
CMP_D048,2025-04-29,unknown,רשת 13,,,,,,,,,2025-04-27T22:59:00,"The start of the last programme booked on the newest sourced broadcast day, so the demo shows what has aired and what is still to come on that day.",true,"This flight day has no per-spot source, so what aired is unknown and is not zero."
CMP_D048,2025-04-30,unknown,רשת 13,,,,,,,,,2025-04-27T22:59:00,"The start of the last programme booked on the newest sourced broadcast day, so the demo shows what has aired and what is still to come on that day.",true,"This flight day has no per-spot source, so what aired is unknown and is not zero."
CMP_D048,2025-05-01,unknown,רשת 13,,,,,,,,,2025-04-27T22:59:00,"The start of the last programme booked on the newest sourced broadcast day, so the demo shows what has aired and what is still to come on that day.",true,"This flight day has no per-spot source, so what aired is unknown and is not zero."
CMP_D048,2025-05-02,unknown,רשת 13,,,,,,,,,2025-04-27T22:59:00,"The start of the last programme booked on the newest sourced broadcast day, so the demo shows what has aired and what is still to come on that day.",true,"This flight day has no per-spot source, so what aired is unknown and is not zero."
CMP_D048,2025-05-03,unknown,רשת 13,,,,,,,,,2025-04-27T22:59:00,"The start of the last programme booked on the newest sourced broadcast day, so the demo shows what has aired and what is still to come on that day.",true,"This flight day has no per-spot source, so what aired is unknown and is not zero."
CMP_D049,2025-04-27,aired,רשת 13,3,57,15.5000,17670.00,0,,"Sum of the planned break rating over each airing, all-viewers base, from the traffic file. Engine-priced per spot, the same ledger the money board reads. Nothing is invoiced.",Wally_Prime_Reshet_Example_2025-04-27.csv,2025-04-27T22:59:00,"The start of the last programme booked on the newest sourced broadcast day, so the demo shows what has aired and what is still to come on that day.",true,
CMP_D049,2025-04-28,unknown,רשת 13,,,,,,,,,2025-04-27T22:59:00,"The start of the last programme booked on the newest sourced broadcast day, so the demo shows what has aired and what is still to come on that day.",true,"This flight day has no per-spot source, so what aired is unknown and is not zero."
CMP_D049,2025-04-29,unknown,רשת 13,,,,,,,,,2025-04-27T22:59:00,"The start of the last programme booked on the newest sourced broadcast day, so the demo shows what has aired and what is still to come on that day.",true,"This flight day has no per-spot source, so what aired is unknown and is not zero."
CMP_D049,2025-04-30,unknown,רשת 13,,,,,,,,,2025-04-27T22:59:00,"The start of the last programme booked on the newest sourced broadcast day, so the demo shows what has aired and what is still to come on that day.",true,"This flight day has no per-spot source, so what aired is unknown and is not zero."
CMP_D049,2025-05-01,unknown,רשת 13,,,,,,,,,2025-04-27T22:59:00,"The start of the last programme booked on the newest sourced broadcast day, so the demo shows what has aired and what is still to come on that day.",true,"This flight day has no per-spot source, so what aired is unknown and is not zero."
CMP_D049,2025-05-02,unknown,רשת 13,,,,,,,,,2025-04-27T22:59:00,"The start of the last programme booked on the newest sourced broadcast day, so the demo shows what has aired and what is still to come on that day.",true,"This flight day has no per-spot source, so what aired is unknown and is not zero."
CMP_D049,2025-05-03,unknown,רשת 13,,,,,,,,,2025-04-27T22:59:00,"The start of the last programme booked on the newest sourced broadcast day, so the demo shows what has aired and what is still to come on that day.",true,"This flight day has no per-spot source, so what aired is unknown and is not zero."
CMP_D050,2025-04-27,aired,רשת 13,6,120,27.0000,16482.00,3,DEFAULT_ONE_PER_BREAK,"Sum of the planned break rating over each airing, all-viewers base, from the traffic file. Engine-priced per spot, the same ledger the money board reads. Nothing is invoiced.",Wally_Prime_Reshet_Example_2025-04-27.csv,2025-04-27T22:59:00,"The start of the last programme booked on the newest sourced broadcast day, so the demo shows what has aired and what is still to come on that day.",true,
CMP_D050,2025-04-27,scheduled,רשת 13,2,40,5.2000,2964.00,1,DEFAULT_ONE_PER_BREAK,"Sum of the planned break rating over each airing, all-viewers base, from the traffic file. Engine-priced per spot, the same ledger the money board reads. Nothing is invoiced.",Wally_Prime_Reshet_Example_2025-04-27.csv,2025-04-27T22:59:00,"The start of the last programme booked on the newest sourced broadcast day, so the demo shows what has aired and what is still to come on that day.",true,
CMP_D050,2025-04-28,unknown,רשת 13,,,,,,,,,2025-04-27T22:59:00,"The start of the last programme booked on the newest sourced broadcast day, so the demo shows what has aired and what is still to come on that day.",true,"This flight day has no per-spot source, so what aired is unknown and is not zero."
CMP_D050,2025-04-29,unknown,רשת 13,,,,,,,,,2025-04-27T22:59:00,"The start of the last programme booked on the newest sourced broadcast day, so the demo shows what has aired and what is still to come on that day.",true,"This flight day has no per-spot source, so what aired is unknown and is not zero."
CMP_D050,2025-04-30,unknown,רשת 13,,,,,,,,,2025-04-27T22:59:00,"The start of the last programme booked on the newest sourced broadcast day, so the demo shows what has aired and what is still to come on that day.",true,"This flight day has no per-spot source, so what aired is unknown and is not zero."
CMP_D050,2025-05-01,unknown,רשת 13,,,,,,,,,2025-04-27T22:59:00,"The start of the last programme booked on the newest sourced broadcast day, so the demo shows what has aired and what is still to come on that day.",true,"This flight day has no per-spot source, so what aired is unknown and is not zero."
CMP_D050,2025-05-02,unknown,רשת 13,,,,,,,,,2025-04-27T22:59:00,"The start of the last programme booked on the newest sourced broadcast day, so the demo shows what has aired and what is still to come on that day.",true,"This flight day has no per-spot source, so what aired is unknown and is not zero."
CMP_D050,2025-05-03,unknown,רשת 13,,,,,,,,,2025-04-27T22:59:00,"The start of the last programme booked on the newest sourced broadcast day, so the demo shows what has aired and what is still to come on that day.",true,"This flight day has no per-spot source, so what aired is unknown and is not zero."
CMP_D051,2025-04-27,scheduled,רשת 13,5,44,13.0000,936.00,4,DEFAULT_ONE_PER_BREAK,"Sum of the planned break rating over each airing, all-viewers base, from the traffic file. Engine-priced per spot, the same ledger the money board reads. Nothing is invoiced.",Wally_Prime_Reshet_Example_2025-04-27.csv,2025-04-27T22:59:00,"The start of the last programme booked on the newest sourced broadcast day, so the demo shows what has aired and what is still to come on that day.",true,
CMP_D051,2025-04-28,unknown,רשת 13,,,,,,,,,2025-04-27T22:59:00,"The start of the last programme booked on the newest sourced broadcast day, so the demo shows what has aired and what is still to come on that day.",true,"This flight day has no per-spot source, so what aired is unknown and is not zero."
CMP_D051,2025-04-29,unknown,רשת 13,,,,,,,,,2025-04-27T22:59:00,"The start of the last programme booked on the newest sourced broadcast day, so the demo shows what has aired and what is still to come on that day.",true,"This flight day has no per-spot source, so what aired is unknown and is not zero."
CMP_D051,2025-04-30,unknown,רשת 13,,,,,,,,,2025-04-27T22:59:00,"The start of the last programme booked on the newest sourced broadcast day, so the demo shows what has aired and what is still to come on that day.",true,"This flight day has no per-spot source, so what aired is unknown and is not zero."
CMP_D051,2025-05-01,unknown,רשת 13,,,,,,,,,2025-04-27T22:59:00,"The start of the last programme booked on the newest sourced broadcast day, so the demo shows what has aired and what is still to come on that day.",true,"This flight day has no per-spot source, so what aired is unknown and is not zero."
CMP_D051,2025-05-02,unknown,רשת 13,,,,,,,,,2025-04-27T22:59:00,"The start of the last programme booked on the newest sourced broadcast day, so the demo shows what has aired and what is still to come on that day.",true,"This flight day has no per-spot source, so what aired is unknown and is not zero."
CMP_D051,2025-05-03,unknown,רשת 13,,,,,,,,,2025-04-27T22:59:00,"The start of the last programme booked on the newest sourced broadcast day, so the demo shows what has aired and what is still to come on that day.",true,"This flight day has no per-spot source, so what aired is unknown and is not zero."
