source_row_id,channel,Date_dt,Start_dt,hour_of_day
580,רשת 13,2024-11-01,2024-11-01 02:57:17,2
581,רשת 13,2024-11-01,2024-11-01 02:57:47,2
582,רשת 13,2024-11-01,2024-11-01 02:58:52,2
583,רשת 13,2024-11-01,2024-11-01 02:59:40,2
584,רשת 13,2024-11-01,2024-11-01 05:22:53,5
585,רשת 13,2024-11-01,2024-11-01 05:23:13,5
586,רשת 13,2024-11-01,2024-11-01 05:24:03,5
587,רשת 13,2024-11-01,2024-11-01 05:24:37,5
588,רשת 13,2024-11-01,2024-11-01 05:40:38,5
589,רשת 13,2024-11-01,2024-11-01 05:41:48,5
590,רשת 13,2024-11-01,2024-11-01 05:42:08,5
591,רשת 13,2024-11-01,2024-11-01 05:42:48,5
592,רשת 13,2024-11-01,2024-11-01 06:14:23,6
593,רשת 13,2024-11-01,2024-11-01 06:14:30,6
594,רשת 13,2024-11-01,2024-11-01 06:14:41,6
595,רשת 13,2024-11-01,2024-11-01 06:15:18,6
596,רשת 13,2024-11-01,2024-11-01 06:15:29,6
597,רשת 13,2024-11-01,2024-11-01 06:15:36,6
598,רשת 13,2024-11-01,2024-11-01 07:27:51,7
599,רשת 13,2024-11-01,2024-11-01 07:28:27,7
600,רשת 13,2024-11-01,2024-11-01 07:28:34,7
601,רשת 13,2024-11-01,2024-11-01 07:28:40,7
602,רשת 13,2024-11-01,2024-11-01 07:29:01,7
603,רשת 13,2024-11-01,2024-11-01 07:29:15,7
604,רשת 13,2024-11-01,2024-11-01 07:30:37,7
605,רשת 13,2024-11-01,2024-11-01 07:31:13,7
606,רשת 13,2024-11-01,2024-11-01 07:31:50,7
607,רשת 13,2024-11-01,2024-11-01 07:32:10,7
608,רשת 13,2024-11-01,2024-11-01 07:32:36,7
609,רשת 13,2024-11-01,2024-11-01 07:33:14,7
610,רשת 13,2024-11-01,2024-11-01 07:33:38,7
611,רשת 13,2024-11-01,2024-11-01 07:33:53,7
612,רשת 13,2024-11-01,2024-11-01 07:35:14,7
613,רשת 13,2024-11-01,2024-11-01 07:35:38,7
614,רשת 13,2024-11-01,2024-11-01 07:36:14,7
615,רשת 13,2024-11-01,2024-11-01 07:36:25,7
616,רשת 13,2024-11-01,2024-11-01 07:36:32,7
617,רשת 13,2024-11-01,2024-11-01 07:36:39,7
618,רשת 13,2024-11-01,2024-11-01 08:06:48,8
619,רשת 13,2024-11-01,2024-11-01 08:07:24,8
620,רשת 13,2024-11-01,2024-11-01 08:17:39,8
621,רשת 13,2024-11-01,2024-11-01 08:18:15,8
622,רשת 13,2024-11-01,2024-11-01 08:18:22,8
623,רשת 13,2024-11-01,2024-11-01 08:18:28,8
624,רשת 13,2024-11-01,2024-11-01 08:18:49,8
625,רשת 13,2024-11-01,2024-11-01 08:19:07,8
626,רשת 13,2024-11-01,2024-11-01 08:19:21,8
627,רשת 13,2024-11-01,2024-11-01 08:19:59,8
628,רשת 13,2024-11-01,2024-11-01 08:20:15,8
629,רשת 13,2024-11-01,2024-11-01 08:20:35,8
630,רשת 13,2024-11-01,2024-11-01 08:20:50,8
631,רשת 13,2024-11-01,2024-11-01 08:20:56,8
632,רשת 13,2024-11-01,2024-11-01 08:21:09,8
633,רשת 13,2024-11-01,2024-11-01 08:21:24,8
634,רשת 13,2024-11-01,2024-11-01 08:22:01,8
635,רשת 13,2024-11-01,2024-11-01 08:22:16,8
636,רשת 13,2024-11-01,2024-11-01 08:22:22,8
637,רשת 13,2024-11-01,2024-11-01 08:22:28,8
638,רשת 13,2024-11-01,2024-11-01 08:23:18,8
639,רשת 13,2024-11-01,2024-11-01 08:24:33,8
640,רשת 13,2024-11-01,2024-11-01 08:24:40,8
641,רשת 13,2024-11-01,2024-11-01 08:24:46,8
642,רשת 13,2024-11-01,2024-11-01 09:05:47,9
643,רשת 13,2024-11-01,2024-11-01 09:05:53,9
644,רשת 13,2024-11-01,2024-11-01 09:05:59,9
645,רשת 13,2024-11-01,2024-11-01 09:06:35,9
646,רשת 13,2024-11-01,2024-11-01 09:06:41,9
647,רשת 13,2024-11-01,2024-11-01 09:06:47,9
648,רשת 13,2024-11-01,2024-11-01 09:17:51,9
649,רשת 13,2024-11-01,2024-11-01 09:18:27,9
650,רשת 13,2024-11-01,2024-11-01 09:18:34,9
651,רשת 13,2024-11-01,2024-11-01 09:18:40,9
652,רשת 13,2024-11-01,2024-11-01 09:19:01,9
653,רשת 13,2024-11-01,2024-11-01 09:19:19,9
654,רשת 13,2024-11-01,2024-11-01 09:19:33,9
655,רשת 13,2024-11-01,2024-11-01 09:20:40,9
656,רשת 13,2024-11-01,2024-11-01 09:20:53,9
657,רשת 13,2024-11-01,2024-11-01 09:21:31,9
658,רשת 13,2024-11-01,2024-11-01 09:22:08,9
659,רשת 13,2024-11-01,2024-11-01 09:22:28,9
660,רשת 13,2024-11-01,2024-11-01 09:23:01,9
661,רשת 13,2024-11-01,2024-11-01 09:34:49,9
662,רשת 13,2024-11-01,2024-11-01 09:35:24,9
663,רשת 13,2024-11-01,2024-11-01 09:35:31,9
664,רשת 13,2024-11-01,2024-11-01 09:35:37,9
665,רשת 13,2024-11-01,2024-11-01 09:35:58,9
666,רשת 13,2024-11-01,2024-11-01 09:36:34,9
667,רשת 13,2024-11-01,2024-11-01 09:37:44,9
668,רשת 13,2024-11-01,2024-11-01 09:37:59,9
669,רשת 13,2024-11-01,2024-11-01 09:38:14,9
670,רשת 13,2024-11-01,2024-11-01 09:38:34,9
671,רשת 13,2024-11-01,2024-11-01 09:39:16,9
672,רשת 13,2024-11-01,2024-11-01 09:39:59,9
673,רשת 13,2024-11-01,2024-11-01 10:05:48,10
674,רשת 13,2024-11-01,2024-11-01 10:05:54,10
675,רשת 13,2024-11-01,2024-11-01 10:06:00,10
676,רשת 13,2024-11-01,2024-11-01 10:06:36,10
677,רשת 13,2024-11-01,2024-11-01 10:06:42,10
678,רשת 13,2024-11-01,2024-11-01 10:06:48,10
679,רשת 13,2024-11-01,2024-11-01 10:43:39,10
680,רשת 13,2024-11-01,2024-11-01 10:44:14,10
681,רשת 13,2024-11-01,2024-11-01 10:44:21,10
682,רשת 13,2024-11-01,2024-11-01 10:44:27,10
683,רשת 13,2024-11-01,2024-11-01 10:44:48,10
684,רשת 13,2024-11-01,2024-11-01 10:45:12,10
685,רשת 13,2024-11-01,2024-11-01 10:46:34,10
686,רשת 13,2024-11-01,2024-11-01 10:46:48,10
687,רשת 13,2024-11-01,2024-11-01 10:47:03,10
688,רשת 13,2024-11-01,2024-11-01 10:47:23,10
689,רשת 13,2024-11-01,2024-11-01 10:47:39,10
690,רשת 13,2024-11-01,2024-11-01 10:47:54,10
691,רשת 13,2024-11-01,2024-11-01 10:48:09,10
692,רשת 13,2024-11-01,2024-11-01 10:48:39,10
693,רשת 13,2024-11-01,2024-11-01 10:49:21,10
694,רשת 13,2024-11-01,2024-11-01 10:50:01,10
695,רשת 13,2024-11-01,2024-11-01 11:06:31,11
696,רשת 13,2024-11-01,2024-11-01 11:06:37,11
697,רשת 13,2024-11-01,2024-11-01 11:06:43,11
698,רשת 13,2024-11-01,2024-11-01 11:07:19,11
699,רשת 13,2024-11-01,2024-11-01 11:07:25,11
700,רשת 13,2024-11-01,2024-11-01 11:07:31,11
701,רשת 13,2024-11-01,2024-11-01 11:23:47,11
702,רשת 13,2024-11-01,2024-11-01 11:24:23,11
703,רשת 13,2024-11-01,2024-11-01 11:24:29,11
704,רשת 13,2024-11-01,2024-11-01 11:24:49,11
705,רשת 13,2024-11-01,2024-11-01 11:25:07,11
706,רשת 13,2024-11-01,2024-11-01 11:25:43,11
707,רשת 13,2024-11-01,2024-11-01 11:25:58,11
708,רשת 13,2024-11-01,2024-11-01 11:26:13,11
709,רשת 13,2024-11-01,2024-11-01 11:26:33,11
710,רשת 13,2024-11-01,2024-11-01 11:26:49,11
711,רשת 13,2024-11-01,2024-11-01 11:27:33,11
712,רשת 13,2024-11-01,2024-11-01 11:27:57,11
713,רשת 13,2024-11-01,2024-11-01 11:28:45,11
714,רשת 13,2024-11-01,2024-11-01 11:28:52,11
715,רשת 13,2024-11-01,2024-11-01 12:05:25,12
716,רשת 13,2024-11-01,2024-11-01 12:05:31,12
717,רשת 13,2024-11-01,2024-11-01 12:05:37,12
718,רשת 13,2024-11-01,2024-11-01 12:06:13,12
719,רשת 13,2024-11-01,2024-11-01 12:06:19,12
720,רשת 13,2024-11-01,2024-11-01 12:06:25,12
721,רשת 13,2024-11-01,2024-11-01 12:34:10,12
722,רשת 13,2024-11-01,2024-11-01 12:34:44,12
723,רשת 13,2024-11-01,2024-11-01 12:34:51,12
724,רשת 13,2024-11-01,2024-11-01 12:35:11,12
725,רשת 13,2024-11-01,2024-11-01 12:35:35,12
726,רשת 13,2024-11-01,2024-11-01 12:35:50,12
727,רשת 13,2024-11-01,2024-11-01 12:36:10,12
728,רשת 13,2024-11-01,2024-11-01 12:36:40,12
729,רשת 13,2024-11-01,2024-11-01 12:37:20,12
730,רשת 13,2024-11-01,2024-11-01 12:37:27,12
731,רשת 13,2024-11-01,2024-11-01 12:48:03,12
732,רשת 13,2024-11-01,2024-11-01 12:48:24,12
733,רשת 13,2024-11-01,2024-11-01 12:48:47,12
734,רשת 13,2024-11-01,2024-11-01 13:05:03,13
735,רשת 13,2024-11-01,2024-11-01 13:05:09,13
736,רשת 13,2024-11-01,2024-11-01 13:05:15,13
737,רשת 13,2024-11-01,2024-11-01 13:05:52,13
738,רשת 13,2024-11-01,2024-11-01 13:05:58,13
739,רשת 13,2024-11-01,2024-11-01 13:06:04,13
740,רשת 13,2024-11-01,2024-11-01 13:11:00,13
741,רשת 13,2024-11-01,2024-11-01 13:11:31,13
742,רשת 13,2024-11-01,2024-11-01 13:12:11,13
743,רשת 13,2024-11-01,2024-11-01 13:12:53,13
744,רשת 13,2024-11-01,2024-11-01 13:13:13,13
745,רשת 13,2024-11-01,2024-11-01 13:13:51,13
746,רשת 13,2024-11-01,2024-11-01 13:14:05,13
747,רשת 13,2024-11-01,2024-11-01 13:14:39,13
748,רשת 13,2024-11-01,2024-11-01 13:15:26,13
749,רשת 13,2024-11-01,2024-11-01 13:16:37,13
750,רשת 13,2024-11-01,2024-11-01 13:17:04,13
751,רשת 13,2024-11-01,2024-11-01 13:42:01,13
752,רשת 13,2024-11-01,2024-11-01 13:42:31,13
753,רשת 13,2024-11-01,2024-11-01 13:43:15,13
754,רשת 13,2024-11-01,2024-11-01 13:43:21,13
755,רשת 13,2024-11-01,2024-11-01 13:43:28,13
756,רשת 13,2024-11-01,2024-11-01 13:43:48,13
757,רשת 13,2024-11-01,2024-11-01 13:44:03,13
758,רשת 13,2024-11-01,2024-11-01 13:44:31,13
759,רשת 13,2024-11-01,2024-11-01 13:44:47,13
760,רשת 13,2024-11-01,2024-11-01 13:45:07,13
761,רשת 13,2024-11-01,2024-11-01 13:45:13,13
762,רשת 13,2024-11-01,2024-11-01 13:45:28,13
763,רשת 13,2024-11-01,2024-11-01 13:45:48,13
764,רשת 13,2024-11-01,2024-11-01 13:46:22,13
765,רשת 13,2024-11-01,2024-11-01 13:46:59,13
766,רשת 13,2024-11-01,2024-11-01 13:47:45,13
767,רשת 13,2024-11-01,2024-11-01 14:04:23,14
768,רשת 13,2024-11-01,2024-11-01 14:04:29,14
769,רשת 13,2024-11-01,2024-11-01 14:04:35,14
770,רשת 13,2024-11-01,2024-11-01 14:05:12,14
771,רשת 13,2024-11-01,2024-11-01 14:05:18,14
772,רשת 13,2024-11-01,2024-11-01 14:05:24,14
773,רשת 13,2024-11-01,2024-11-01 14:55:13,14
774,רשת 13,2024-11-01,2024-11-01 14:55:48,14
775,רשת 13,2024-11-01,2024-11-01 14:55:55,14
776,רשת 13,2024-11-01,2024-11-01 14:56:01,14
777,רשת 13,2024-11-01,2024-11-01 14:56:21,14
778,רשת 13,2024-11-01,2024-11-01 14:56:29,14
779,רשת 13,2024-11-01,2024-11-01 14:56:38,14
780,רשת 13,2024-11-01,2024-11-01 14:57:48,14
781,רשת 13,2024-11-01,2024-11-01 14:58:04,14
782,רשת 13,2024-11-01,2024-11-01 14:58:33,14
783,רשת 13,2024-11-01,2024-11-01 14:59:19,14
784,רשת 13,2024-11-01,2024-11-01 15:00:30,15
785,רשת 13,2024-11-01,2024-11-01 15:47:11,15
786,רשת 13,2024-11-01,2024-11-01 15:47:47,15
787,רשת 13,2024-11-01,2024-11-01 15:48:07,15
788,רשת 13,2024-11-01,2024-11-01 15:49:14,15
789,רשת 13,2024-11-01,2024-11-01 15:49:42,15
790,רשת 13,2024-11-01,2024-11-01 15:50:13,15
791,רשת 13,2024-11-01,2024-11-01 15:50:28,15
792,רשת 13,2024-11-01,2024-11-01 15:50:50,15
793,רשת 13,2024-11-01,2024-11-01 15:51:38,15
794,רשת 13,2024-11-01,2024-11-01 15:51:53,15
795,רשת 13,2024-11-01,2024-11-01 15:53:04,15
796,רשת 13,2024-11-01,2024-11-01 15:53:46,15
797,רשת 13,2024-11-01,2024-11-01 15:53:52,15
798,רשת 13,2024-11-01,2024-11-01 15:53:58,15
799,רשת 13,2024-11-01,2024-11-01 15:54:35,15
800,רשת 13,2024-11-01,2024-11-01 15:54:41,15
801,רשת 13,2024-11-01,2024-11-01 15:54:47,15
802,רשת 13,2024-11-01,2024-11-01 15:54:59,15
803,רשת 13,2024-11-01,2024-11-01 16:16:39,16
804,רשת 13,2024-11-01,2024-11-01 16:17:14,16
805,רשת 13,2024-11-01,2024-11-01 16:17:21,16
806,רשת 13,2024-11-01,2024-11-01 16:17:27,16
807,רשת 13,2024-11-01,2024-11-01 16:17:48,16
808,רשת 13,2024-11-01,2024-11-01 16:18:25,16
809,רשת 13,2024-11-01,2024-11-01 16:18:40,16
810,רשת 13,2024-11-01,2024-11-01 16:19:09,16
811,רשת 13,2024-11-01,2024-11-01 16:20:09,16
812,רשת 13,2024-11-01,2024-11-01 16:20:43,16
813,רשת 13,2024-11-01,2024-11-01 16:21:30,16
814,רשת 13,2024-11-01,2024-11-01 16:22:12,16
815,רשת 13,2024-11-01,2024-11-01 16:22:33,16
816,רשת 13,2024-11-01,2024-11-01 16:22:40,16
817,רשת 13,2024-11-01,2024-11-01 16:22:46,16
818,רשת 13,2024-11-01,2024-11-01 16:37:54,16
819,רשת 13,2024-11-01,2024-11-01 16:38:00,16
820,רשת 13,2024-11-01,2024-11-01 16:38:30,16
821,רשת 13,2024-11-01,2024-11-01 16:39:07,16
822,רשת 13,2024-11-01,2024-11-01 16:40:07,16
823,רשת 13,2024-11-01,2024-11-01 16:41:17,16
824,רשת 13,2024-11-01,2024-11-01 16:42:04,16
825,רשת 13,2024-11-01,2024-11-01 16:42:23,16
826,רשת 13,2024-11-01,2024-11-01 16:42:29,16
827,רשת 13,2024-11-01,2024-11-01 16:42:35,16
828,רשת 13,2024-11-01,2024-11-01 16:43:12,16
829,רשת 13,2024-11-01,2024-11-01 16:43:18,16
830,רשת 13,2024-11-01,2024-11-01 16:43:24,16
831,רשת 13,2024-11-01,2024-11-01 17:07:58,17
832,רשת 13,2024-11-01,2024-11-01 17:08:04,17
833,רשת 13,2024-11-01,2024-11-01 17:08:10,17
834,רשת 13,2024-11-01,2024-11-01 17:08:46,17
835,רשת 13,2024-11-01,2024-11-01 17:08:52,17
836,רשת 13,2024-11-01,2024-11-01 17:08:58,17
837,רשת 13,2024-11-01,2024-11-01 17:34:53,17
838,רשת 13,2024-11-01,2024-11-01 17:35:00,17
839,רשת 13,2024-11-01,2024-11-01 17:35:06,17
840,רשת 13,2024-11-01,2024-11-01 17:35:13,17
841,רשת 13,2024-11-01,2024-11-01 17:35:34,17
842,רשת 13,2024-11-01,2024-11-01 17:35:49,17
843,רשת 13,2024-11-01,2024-11-01 17:36:21,17
844,רשת 13,2024-11-01,2024-11-01 17:36:37,17
845,רשת 13,2024-11-01,2024-11-01 17:37:14,17
846,רשת 13,2024-11-01,2024-11-01 17:37:29,17
847,רשת 13,2024-11-01,2024-11-01 17:38:51,17
848,רשת 13,2024-11-01,2024-11-01 17:39:06,17
849,רשת 13,2024-11-01,2024-11-01 17:39:48,17
850,רשת 13,2024-11-01,2024-11-01 17:39:55,17
851,רשת 13,2024-11-01,2024-11-01 17:40:02,17
852,רשת 13,2024-11-01,2024-11-01 18:22:12,18
853,רשת 13,2024-11-01,2024-11-01 18:22:42,18
854,רשת 13,2024-11-01,2024-11-01 18:23:12,18
855,רשת 13,2024-11-01,2024-11-01 18:23:19,18
856,רשת 13,2024-11-01,2024-11-01 18:23:25,18
857,רשת 13,2024-11-01,2024-11-01 18:23:32,18
858,רשת 13,2024-11-01,2024-11-01 18:23:53,18
859,רשת 13,2024-11-01,2024-11-01 18:24:08,18
860,רשת 13,2024-11-01,2024-11-01 18:24:21,18
861,רשת 13,2024-11-01,2024-11-01 18:24:41,18
862,רשת 13,2024-11-01,2024-11-01 18:24:56,18
863,רשת 13,2024-11-01,2024-11-01 18:25:11,18
864,רשת 13,2024-11-01,2024-11-01 18:25:31,18
865,רשת 13,2024-11-01,2024-11-01 18:26:13,18
866,רשת 13,2024-11-01,2024-11-01 18:27:28,18
867,רשת 13,2024-11-01,2024-11-01 18:27:34,18
868,רשת 13,2024-11-01,2024-11-01 18:27:40,18
869,רשת 13,2024-11-01,2024-11-01 18:28:16,18
870,רשת 13,2024-11-01,2024-11-01 18:28:22,18
871,רשת 13,2024-11-01,2024-11-01 18:28:28,18
872,רשת 13,2024-11-01,2024-11-01 18:28:39,18
873,רשת 13,2024-11-01,2024-11-01 18:28:46,18
874,רשת 13,2024-11-01,2024-11-01 18:28:53,18
875,רשת 13,2024-11-01,2024-11-01 19:24:00,19
876,רשת 13,2024-11-01,2024-11-01 19:24:45,19
877,רשת 13,2024-11-01,2024-11-01 19:24:52,19
878,רשת 13,2024-11-01,2024-11-01 19:24:58,19
879,רשת 13,2024-11-01,2024-11-01 19:25:04,19
880,רשת 13,2024-11-01,2024-11-01 19:25:25,19
881,רשת 13,2024-11-01,2024-11-01 19:26:01,19
882,רשת 13,2024-11-01,2024-11-01 19:26:43,19
883,רשת 13,2024-11-01,2024-11-01 19:27:50,19
884,רשת 13,2024-11-01,2024-11-01 19:28:05,19
885,רשת 13,2024-11-01,2024-11-01 19:28:21,19
886,רשת 13,2024-11-01,2024-11-01 19:28:46,19
887,רשת 13,2024-11-01,2024-11-01 19:29:56,19
888,רשת 13,2024-11-01,2024-11-01 19:30:26,19
889,רשת 13,2024-11-01,2024-11-01 19:30:41,19
890,רשת 13,2024-11-01,2024-11-01 19:31:12,19
891,רשת 13,2024-11-01,2024-11-01 19:31:54,19
892,רשת 13,2024-11-01,2024-11-01 19:32:23,19
893,רשת 13,2024-11-01,2024-11-01 19:32:29,19
894,רשת 13,2024-11-01,2024-11-01 20:45:52,20
895,רשת 13,2024-11-01,2024-11-01 20:46:27,20
896,רשת 13,2024-11-01,2024-11-01 20:46:34,20
897,רשת 13,2024-11-01,2024-11-01 20:46:40,20
898,רשת 13,2024-11-01,2024-11-01 20:47:01,20
899,רשת 13,2024-11-01,2024-11-01 20:47:15,20
900,רשת 13,2024-11-01,2024-11-01 20:47:57,20
901,רשת 13,2024-11-01,2024-11-01 20:48:49,20
902,רשת 13,2024-11-01,2024-11-01 20:48:55,20
903,רשת 13,2024-11-01,2024-11-01 20:50:17,20
904,רשת 13,2024-11-01,2024-11-01 20:50:23,20
905,רשת 13,2024-11-01,2024-11-01 20:50:38,20
906,רשת 13,2024-11-01,2024-11-01 20:50:44,20
907,רשת 13,2024-11-01,2024-11-01 20:51:26,20
908,רשת 13,2024-11-01,2024-11-01 20:51:50,20
909,רשת 13,2024-11-01,2024-11-01 21:10:03,21
910,רשת 13,2024-11-01,2024-11-01 21:10:23,21
911,רשת 13,2024-11-01,2024-11-01 21:11:07,21
912,רשת 13,2024-11-01,2024-11-01 21:11:27,21
913,רשת 13,2024-11-01,2024-11-01 21:12:05,21
914,רשת 13,2024-11-01,2024-11-01 21:12:21,21
915,רשת 13,2024-11-01,2024-11-01 21:13:31,21
916,רשת 13,2024-11-01,2024-11-01 21:13:44,21
917,רשת 13,2024-11-01,2024-11-01 21:14:08,21
918,רשת 13,2024-11-01,2024-11-01 21:14:28,21
919,רשת 13,2024-11-01,2024-11-01 21:14:34,21
920,רשת 13,2024-11-01,2024-11-01 21:15:03,21
921,רשת 13,2024-11-01,2024-11-01 21:15:37,21
922,רשת 13,2024-11-01,2024-11-01 21:30:08,21
923,רשת 13,2024-11-01,2024-11-01 21:30:24,21
924,רשת 13,2024-11-01,2024-11-01 21:30:39,21
925,רשת 13,2024-11-01,2024-11-01 21:31:07,21
926,רשת 13,2024-11-01,2024-11-01 21:31:41,21
927,רשת 13,2024-11-01,2024-11-01 21:32:23,21
928,רשת 13,2024-11-01,2024-11-01 22:13:06,22
929,רשת 13,2024-11-01,2024-11-01 22:13:32,22
930,רשת 13,2024-11-01,2024-11-01 22:13:39,22
931,רשת 13,2024-11-01,2024-11-01 22:13:45,22
932,רשת 13,2024-11-01,2024-11-01 22:14:06,22
933,רשת 13,2024-11-01,2024-11-01 22:15:13,22
934,רשת 13,2024-11-01,2024-11-01 22:15:27,22
935,רשת 13,2024-11-01,2024-11-01 22:15:59,22
936,רשת 13,2024-11-01,2024-11-01 22:16:27,22
937,רשת 13,2024-11-01,2024-11-01 22:16:57,22
938,רשת 13,2024-11-01,2024-11-01 22:17:15,22
939,רשת 13,2024-11-01,2024-11-01 22:17:21,22
940,רשת 13,2024-11-01,2024-11-01 22:18:03,22
941,רשת 13,2024-11-01,2024-11-01 22:18:23,22
942,רשת 13,2024-11-01,2024-11-01 22:18:29,22
943,רשת 13,2024-11-01,2024-11-01 22:19:05,22
944,רשת 13,2024-11-01,2024-11-01 22:19:30,22
945,רשת 13,2024-11-01,2024-11-01 22:19:50,22
946,רשת 13,2024-11-01,2024-11-01 22:20:06,22
947,רשת 13,2024-11-01,2024-11-01 22:20:36,22
948,רשת 13,2024-11-01,2024-11-01 22:20:42,22
949,רשת 13,2024-11-01,2024-11-01 22:20:57,22
950,רשת 13,2024-11-01,2024-11-01 22:21:26,22
951,רשת 13,2024-11-01,2024-11-01 22:30:07,22
952,רשת 13,2024-11-01,2024-11-01 22:31:01,22
953,רשת 13,2024-11-01,2024-11-01 22:31:29,22
954,רשת 13,2024-11-01,2024-11-01 22:31:45,22
955,רשת 13,2024-11-01,2024-11-01 22:32:23,22
956,רשת 13,2024-11-01,2024-11-01 22:32:38,22
957,רשת 13,2024-11-01,2024-11-01 22:32:54,22
958,רשת 13,2024-11-01,2024-11-01 22:33:18,22
959,רשת 13,2024-11-01,2024-11-01 22:34:40,22
960,רשת 13,2024-11-01,2024-11-01 22:35:11,22
961,רשת 13,2024-11-01,2024-11-01 22:35:24,22
962,רשת 13,2024-11-01,2024-11-01 22:35:43,22
963,רשת 13,2024-11-01,2024-11-01 22:36:15,22
964,רשת 13,2024-11-01,2024-11-01 22:37:22,22
965,רשת 13,2024-11-01,2024-11-01 22:37:42,22
966,רשת 13,2024-11-01,2024-11-01 22:38:12,22
967,רשת 13,2024-11-01,2024-11-01 22:38:18,22
968,רשת 13,2024-11-01,2024-11-01 22:38:46,22
969,רשת 13,2024-11-01,2024-11-01 23:12:31,23
970,רשת 13,2024-11-01,2024-11-01 23:12:49,23
971,רשת 13,2024-11-01,2024-11-01 23:13:25,23
972,רשת 13,2024-11-01,2024-11-01 23:13:53,23
973,רשת 13,2024-11-01,2024-11-01 23:13:59,23
974,רשת 13,2024-11-01,2024-11-01 23:14:19,23
975,רשת 13,2024-11-01,2024-11-01 23:14:25,23
976,רשת 13,2024-11-01,2024-11-01 23:14:41,23
977,רשת 13,2024-11-01,2024-11-01 23:15:01,23
978,רשת 13,2024-11-01,2024-11-01 23:15:41,23
979,רשת 13,2024-11-01,2024-11-01 23:49:24,23
980,רשת 13,2024-11-01,2024-11-01 23:50:09,23
981,רשת 13,2024-11-01,2024-11-01 23:50:30,23
982,רשת 13,2024-11-01,2024-11-01 23:51:12,23
983,רשת 13,2024-11-01,2024-11-01 23:51:43,23
984,רשת 13,2024-11-01,2024-11-01 23:51:58,23
985,רשת 13,2024-11-01,2024-11-01 23:52:11,23
986,רשת 13,2024-11-01,2024-11-01 23:52:26,23
987,רשת 13,2024-11-01,2024-11-01 23:52:56,23
988,רשת 13,2024-11-01,2024-11-01 23:53:11,23
989,רשת 13,2024-11-01,2024-11-01 23:53:17,23
990,רשת 13,2024-11-01,2024-11-01 23:53:55,23
991,רשת 13,2024-11-01,2024-11-01 23:55:10,23
992,רשת 13,2024-11-01,2024-11-01 00:26:03,0
993,רשת 13,2024-11-01,2024-11-01 00:27:14,0
994,רשת 13,2024-11-01,2024-11-01 00:27:59,0
995,רשת 13,2024-11-01,2024-11-01 00:28:19,0
996,רשת 13,2024-11-01,2024-11-01 00:28:35,0
997,רשת 13,2024-11-01,2024-11-01 00:29:27,0
998,רשת 13,2024-11-01,2024-11-01 00:29:57,0
999,רשת 13,2024-11-01,2024-11-01 00:30:41,0
1000,רשת 13,2024-11-01,2024-11-01 00:31:32,0
1001,רשת 13,2024-11-01,2024-11-01 00:31:38,0
1002,רשת 13,2024-11-01,2024-11-01 00:31:44,0
1003,רשת 13,2024-11-01,2024-11-01 00:32:26,0
1004,רשת 13,2024-11-01,2024-11-01 00:32:32,0
1005,רשת 13,2024-11-01,2024-11-01 00:32:38,0
1006,רשת 13,2024-11-01,2024-11-01 01:30:37,1
1007,רשת 13,2024-11-01,2024-11-01 01:31:37,1
1008,רשת 13,2024-11-01,2024-11-01 01:31:57,1
1009,רשת 13,2024-11-01,2024-11-01 01:32:29,1
1010,רשת 13,2024-11-01,2024-11-01 01:32:48,1
1011,רשת 13,2024-11-01,2024-11-01 01:33:33,1
1687,רשת 13,2024-11-02,2024-11-02 02:15:58,2
1688,רשת 13,2024-11-02,2024-11-02 02:16:31,2
1689,רשת 13,2024-11-02,2024-11-02 03:24:20,3
1690,רשת 13,2024-11-02,2024-11-02 03:24:41,3
1691,רשת 13,2024-11-02,2024-11-02 03:45:54,3
1692,רשת 13,2024-11-02,2024-11-02 03:46:18,3
1693,רשת 13,2024-11-02,2024-11-02 05:34:26,5
1694,רשת 13,2024-11-02,2024-11-02 06:15:25,6
1695,רשת 13,2024-11-02,2024-11-02 06:16:05,6
1696,רשת 13,2024-11-02,2024-11-02 06:16:52,6
1697,רשת 13,2024-11-02,2024-11-02 06:17:07,6
1698,רשת 13,2024-11-02,2024-11-02 06:18:18,6
1699,רשת 13,2024-11-02,2024-11-02 06:47:30,6
1700,רשת 13,2024-11-02,2024-11-02 06:48:10,6
1701,רשת 13,2024-11-02,2024-11-02 06:48:57,6
1702,רשת 13,2024-11-02,2024-11-02 06:49:12,6
1703,רשת 13,2024-11-02,2024-11-02 06:49:49,6
1704,רשת 13,2024-11-02,2024-11-02 07:10:01,7
1705,רשת 13,2024-11-02,2024-11-02 07:10:41,7
1706,רשת 13,2024-11-02,2024-11-02 07:11:27,7
1707,רשת 13,2024-11-02,2024-11-02 07:11:43,7
1708,רשת 13,2024-11-02,2024-11-02 07:12:25,7
1709,רשת 13,2024-11-02,2024-11-02 07:47:54,7
1710,רשת 13,2024-11-02,2024-11-02 07:48:34,7
1711,רשת 13,2024-11-02,2024-11-02 07:49:20,7
1712,רשת 13,2024-11-02,2024-11-02 07:49:36,7
1713,רשת 13,2024-11-02,2024-11-02 07:50:01,7
1714,רשת 13,2024-11-02,2024-11-02 07:50:51,7
1715,רשת 13,2024-11-02,2024-11-02 07:52:01,7
1716,רשת 13,2024-11-02,2024-11-02 08:21:18,8
1717,רשת 13,2024-11-02,2024-11-02 08:22:12,8
1718,רשת 13,2024-11-02,2024-11-02 08:22:26,8
1719,רשת 13,2024-11-02,2024-11-02 08:22:44,8
1720,רשת 13,2024-11-02,2024-11-02 08:22:59,8
1721,רשת 13,2024-11-02,2024-11-02 08:24:05,8
1722,רשת 13,2024-11-02,2024-11-02 08:24:21,8
1723,רשת 13,2024-11-02,2024-11-02 08:25:03,8
1724,רשת 13,2024-11-02,2024-11-02 08:45:15,8
1725,רשת 13,2024-11-02,2024-11-02 08:45:55,8
1726,רשת 13,2024-11-02,2024-11-02 08:47:06,8
1727,רשת 13,2024-11-02,2024-11-02 08:47:22,8
1728,רשת 13,2024-11-02,2024-11-02 08:47:47,8
1729,רשת 13,2024-11-02,2024-11-02 09:33:41,9
1730,רשת 13,2024-11-02,2024-11-02 09:34:35,9
1731,רשת 13,2024-11-02,2024-11-02 09:35:57,9
1732,רשת 13,2024-11-02,2024-11-02 09:36:11,9
1733,רשת 13,2024-11-02,2024-11-02 09:36:35,9
1734,רשת 13,2024-11-02,2024-11-02 09:36:50,9
1735,רשת 13,2024-11-02,2024-11-02 09:37:42,9
1736,רשת 13,2024-11-02,2024-11-02 09:38:24,9
1737,רשת 13,2024-11-02,2024-11-02 09:38:39,9
1738,רשת 13,2024-11-02,2024-11-02 09:39:22,9
1739,רשת 13,2024-11-02,2024-11-02 09:40:36,9
1740,רשת 13,2024-11-02,2024-11-02 09:40:42,9
1741,רשת 13,2024-11-02,2024-11-02 09:41:23,9
1742,רשת 13,2024-11-02,2024-11-02 09:41:29,9
1743,רשת 13,2024-11-02,2024-11-02 10:25:17,10
1744,רשת 13,2024-11-02,2024-11-02 10:26:11,10
1745,רשת 13,2024-11-02,2024-11-02 10:27:21,10
1746,רשת 13,2024-11-02,2024-11-02 10:27:35,10
1747,רשת 13,2024-11-02,2024-11-02 10:27:59,10
1748,רשת 13,2024-11-02,2024-11-02 10:28:14,10
1749,רשת 13,2024-11-02,2024-11-02 10:28:47,10
1750,רשת 13,2024-11-02,2024-11-02 10:29:29,10
1751,רשת 13,2024-11-02,2024-11-02 10:58:14,10
1752,רשת 13,2024-11-02,2024-11-02 10:58:55,10
1753,רשת 13,2024-11-02,2024-11-02 10:59:01,10
1754,רשת 13,2024-11-02,2024-11-02 10:59:41,10
1755,רשת 13,2024-11-02,2024-11-02 10:59:47,10
1756,רשת 13,2024-11-02,2024-11-02 11:11:46,11
1757,רשת 13,2024-11-02,2024-11-02 11:12:40,11
1758,רשת 13,2024-11-02,2024-11-02 11:14:02,11
1759,רשת 13,2024-11-02,2024-11-02 11:14:20,11
1760,רשת 13,2024-11-02,2024-11-02 11:15:12,11
1761,רשת 13,2024-11-02,2024-11-02 11:15:27,11
1762,רשת 13,2024-11-02,2024-11-02 11:15:43,11
1763,רשת 13,2024-11-02,2024-11-02 11:15:58,11
1764,רשת 13,2024-11-02,2024-11-02 11:16:13,11
1765,רשת 13,2024-11-02,2024-11-02 11:16:46,11
1766,רשת 13,2024-11-02,2024-11-02 11:17:28,11
1767,רשת 13,2024-11-02,2024-11-02 11:18:43,11
1768,רשת 13,2024-11-02,2024-11-02 11:18:49,11
1769,רשת 13,2024-11-02,2024-11-02 11:19:29,11
1770,רשת 13,2024-11-02,2024-11-02 11:19:35,11
1771,רשת 13,2024-11-02,2024-11-02 12:22:42,12
1772,רשת 13,2024-11-02,2024-11-02 12:23:26,12
1773,רשת 13,2024-11-02,2024-11-02 12:23:37,12
1774,רשת 13,2024-11-02,2024-11-02 12:23:52,12
1775,רשת 13,2024-11-02,2024-11-02 12:24:16,12
1776,רשת 13,2024-11-02,2024-11-02 12:24:44,12
1777,רשת 13,2024-11-02,2024-11-02 12:24:52,12
1778,רשת 13,2024-11-02,2024-11-02 12:25:00,12
1779,רשת 13,2024-11-02,2024-11-02 12:25:20,12
1780,רשת 13,2024-11-02,2024-11-02 12:25:36,12
1781,רשת 13,2024-11-02,2024-11-02 12:25:55,12
1782,רשת 13,2024-11-02,2024-11-02 12:26:27,12
1783,רשת 13,2024-11-02,2024-11-02 12:26:57,12
1784,רשת 13,2024-11-02,2024-11-02 12:27:17,12
1785,רשת 13,2024-11-02,2024-11-02 12:27:40,12
1786,רשת 13,2024-11-02,2024-11-02 12:28:16,12
1787,רשת 13,2024-11-02,2024-11-02 12:29:31,12
1788,רשת 13,2024-11-02,2024-11-02 12:29:37,12
1789,רשת 13,2024-11-02,2024-11-02 12:30:17,12
1790,רשת 13,2024-11-02,2024-11-02 12:30:23,12
1791,רשת 13,2024-11-02,2024-11-02 13:16:31,13
1792,רשת 13,2024-11-02,2024-11-02 13:17:25,13
1793,רשת 13,2024-11-02,2024-11-02 13:17:40,13
1794,רשת 13,2024-11-02,2024-11-02 13:18:11,13
1795,רשת 13,2024-11-02,2024-11-02 13:18:39,13
1796,רשת 13,2024-11-02,2024-11-02 13:18:54,13
1797,רשת 13,2024-11-02,2024-11-02 13:19:09,13
1798,רשת 13,2024-11-02,2024-11-02 13:19:30,13
1799,רשת 13,2024-11-02,2024-11-02 13:20:13,13
1800,רשת 13,2024-11-02,2024-11-02 13:21:27,13
1801,רשת 13,2024-11-02,2024-11-02 13:21:33,13
1802,רשת 13,2024-11-02,2024-11-02 13:22:14,13
1803,רשת 13,2024-11-02,2024-11-02 13:22:20,13
1804,רשת 13,2024-11-02,2024-11-02 13:48:22,13
1805,רשת 13,2024-11-02,2024-11-02 13:49:32,13
1806,רשת 13,2024-11-02,2024-11-02 13:50:12,13
1807,רשת 13,2024-11-02,2024-11-02 13:51:12,13
1808,רשת 13,2024-11-02,2024-11-02 13:52:17,13
1809,רשת 13,2024-11-02,2024-11-02 13:53:04,13
1810,רשת 13,2024-11-02,2024-11-02 14:41:49,14
1811,רשת 13,2024-11-02,2024-11-02 14:42:34,14
1812,רשת 13,2024-11-02,2024-11-02 14:42:49,14
1813,רשת 13,2024-11-02,2024-11-02 14:43:05,14
1814,רשת 13,2024-11-02,2024-11-02 14:43:33,14
1815,רשת 13,2024-11-02,2024-11-02 14:43:48,14
1816,רשת 13,2024-11-02,2024-11-02 14:44:18,14
1817,רשת 13,2024-11-02,2024-11-02 14:44:38,14
1818,רשת 13,2024-11-02,2024-11-02 14:45:48,14
1819,רשת 13,2024-11-02,2024-11-02 14:46:39,14
1820,רשת 13,2024-11-02,2024-11-02 14:46:45,14
1821,רשת 13,2024-11-02,2024-11-02 14:47:25,14
1822,רשת 13,2024-11-02,2024-11-02 14:47:31,14
1823,רשת 13,2024-11-02,2024-11-02 15:37:58,15
1824,רשת 13,2024-11-02,2024-11-02 15:38:52,15
1825,רשת 13,2024-11-02,2024-11-02 15:39:07,15
1826,רשת 13,2024-11-02,2024-11-02 15:39:13,15
1827,רשת 13,2024-11-02,2024-11-02 15:40:20,15
1828,רשת 13,2024-11-02,2024-11-02 15:40:35,15
1829,רשת 13,2024-11-02,2024-11-02 15:40:41,15
1830,רשת 13,2024-11-02,2024-11-02 15:40:56,15
1831,רשת 13,2024-11-02,2024-11-02 15:41:11,15
1832,רשת 13,2024-11-02,2024-11-02 15:41:44,15
1833,רשת 13,2024-11-02,2024-11-02 15:42:27,15
1834,רשת 13,2024-11-02,2024-11-02 15:43:37,15
1835,רשת 13,2024-11-02,2024-11-02 15:43:57,15
1836,רשת 13,2024-11-02,2024-11-02 15:44:03,15
1837,רשת 13,2024-11-02,2024-11-02 15:44:43,15
1838,רשת 13,2024-11-02,2024-11-02 15:44:49,15
1839,רשת 13,2024-11-02,2024-11-02 16:20:09,16
1840,רשת 13,2024-11-02,2024-11-02 16:20:54,16
1841,רשת 13,2024-11-02,2024-11-02 16:22:04,16
1842,רשת 13,2024-11-02,2024-11-02 16:22:19,16
1843,רשת 13,2024-11-02,2024-11-02 16:22:50,16
1844,רשת 13,2024-11-02,2024-11-02 16:23:05,16
1845,רשת 13,2024-11-02,2024-11-02 16:23:21,16
1846,רשת 13,2024-11-02,2024-11-02 16:23:36,16
1847,רשת 13,2024-11-02,2024-11-02 16:23:59,16
1848,רשת 13,2024-11-02,2024-11-02 16:24:46,16
1849,רשת 13,2024-11-02,2024-11-02 16:26:00,16
1850,רשת 13,2024-11-02,2024-11-02 16:26:06,16
1851,רשת 13,2024-11-02,2024-11-02 16:26:47,16
1852,רשת 13,2024-11-02,2024-11-02 16:26:53,16
1853,רשת 13,2024-11-02,2024-11-02 17:11:09,17
1854,רשת 13,2024-11-02,2024-11-02 17:11:15,17
1855,רשת 13,2024-11-02,2024-11-02 17:11:55,17
1856,רשת 13,2024-11-02,2024-11-02 17:12:01,17
1857,רשת 13,2024-11-02,2024-11-02 17:41:42,17
1858,רשת 13,2024-11-02,2024-11-02 17:42:08,17
1859,רשת 13,2024-11-02,2024-11-02 17:42:19,17
1860,רשת 13,2024-11-02,2024-11-02 17:42:51,17
1861,רשת 13,2024-11-02,2024-11-02 17:43:07,17
1862,רשת 13,2024-11-02,2024-11-02 17:43:22,17
1863,רשת 13,2024-11-02,2024-11-02 17:43:52,17
1864,רשת 13,2024-11-02,2024-11-02 17:44:08,17
1865,רשת 13,2024-11-02,2024-11-02 17:44:32,17
1866,רשת 13,2024-11-02,2024-11-02 17:44:47,17
1867,רשת 13,2024-11-02,2024-11-02 17:45:59,17
1868,רשת 13,2024-11-02,2024-11-02 17:46:36,17
1869,רשת 13,2024-11-02,2024-11-02 18:01:09,18
1870,רשת 13,2024-11-02,2024-11-02 18:01:53,18
1871,רשת 13,2024-11-02,2024-11-02 18:01:59,18
1872,רשת 13,2024-11-02,2024-11-02 18:02:19,18
1873,רשת 13,2024-11-02,2024-11-02 18:02:34,18
1874,רשת 13,2024-11-02,2024-11-02 18:03:04,18
1875,רשת 13,2024-11-02,2024-11-02 18:03:24,18
1876,רשת 13,2024-11-02,2024-11-02 18:03:39,18
1877,רשת 13,2024-11-02,2024-11-02 18:03:54,18
1878,רשת 13,2024-11-02,2024-11-02 18:04:09,18
1879,רשת 13,2024-11-02,2024-11-02 18:04:24,18
1880,רשת 13,2024-11-02,2024-11-02 18:04:43,18
1881,רשת 13,2024-11-02,2024-11-02 18:05:12,18
1882,רשת 13,2024-11-02,2024-11-02 18:05:48,18
1883,רשת 13,2024-11-02,2024-11-02 18:07:03,18
1884,רשת 13,2024-11-02,2024-11-02 18:07:09,18
1885,רשת 13,2024-11-02,2024-11-02 18:07:49,18
1886,רשת 13,2024-11-02,2024-11-02 18:07:55,18
1887,רשת 13,2024-11-02,2024-11-02 19:34:13,19
1888,רשת 13,2024-11-02,2024-11-02 19:34:38,19
1889,רשת 13,2024-11-02,2024-11-02 19:34:44,19
1890,רשת 13,2024-11-02,2024-11-02 19:34:50,19
1891,רשת 13,2024-11-02,2024-11-02 19:34:56,19
1892,רשת 13,2024-11-02,2024-11-02 19:35:02,19
1893,רשת 13,2024-11-02,2024-11-02 19:35:22,19
1894,רשת 13,2024-11-02,2024-11-02 19:36:44,19
1895,רשת 13,2024-11-02,2024-11-02 19:37:26,19
1896,רשת 13,2024-11-02,2024-11-02 19:37:57,19
1897,רשת 13,2024-11-02,2024-11-02 19:38:22,19
1898,רשת 13,2024-11-02,2024-11-02 19:38:28,19
1899,רשת 13,2024-11-02,2024-11-02 19:38:43,19
1900,רשת 13,2024-11-02,2024-11-02 19:39:35,19
1901,רשת 13,2024-11-02,2024-11-02 19:39:41,19
1902,רשת 13,2024-11-02,2024-11-02 19:39:56,19
1903,רשת 13,2024-11-02,2024-11-02 19:40:11,19
1904,רשת 13,2024-11-02,2024-11-02 19:40:24,19
1905,רשת 13,2024-11-02,2024-11-02 19:40:46,19
1906,רשת 13,2024-11-02,2024-11-02 19:41:17,19
1907,רשת 13,2024-11-02,2024-11-02 19:41:23,19
1908,רשת 13,2024-11-02,2024-11-02 19:41:29,19
1909,רשת 13,2024-11-02,2024-11-02 19:41:49,19
1910,רשת 13,2024-11-02,2024-11-02 19:51:59,19
1911,רשת 13,2024-11-02,2024-11-02 20:46:30,20
1912,רשת 13,2024-11-02,2024-11-02 20:47:15,20
1913,רשת 13,2024-11-02,2024-11-02 20:48:25,20
1914,רשת 13,2024-11-02,2024-11-02 20:48:52,20
1915,רשת 13,2024-11-02,2024-11-02 20:49:20,20
1916,רשת 13,2024-11-02,2024-11-02 20:49:35,20
1917,רשת 13,2024-11-02,2024-11-02 20:49:51,20
1918,רשת 13,2024-11-02,2024-11-02 20:50:06,20
1919,רשת 13,2024-11-02,2024-11-02 20:50:28,20
1920,רשת 13,2024-11-02,2024-11-02 20:51:18,20
1921,רשת 13,2024-11-02,2024-11-02 20:52:05,20
1922,רשת 13,2024-11-02,2024-11-02 21:02:17,21
1923,רשת 13,2024-11-02,2024-11-02 21:03:11,21
1924,רשת 13,2024-11-02,2024-11-02 21:03:58,21
1925,רשת 13,2024-11-02,2024-11-02 21:04:30,21
1926,רשת 13,2024-11-02,2024-11-02 21:04:45,21
1927,רשת 13,2024-11-02,2024-11-02 21:05:00,21
1928,רשת 13,2024-11-02,2024-11-02 21:05:06,21
1929,רשת 13,2024-11-02,2024-11-02 21:05:19,21
1930,רשת 13,2024-11-02,2024-11-02 21:05:35,21
1931,רשת 13,2024-11-02,2024-11-02 21:06:12,21
1932,רשת 13,2024-11-02,2024-11-02 21:06:18,21
1933,רשת 13,2024-11-02,2024-11-02 21:06:24,21
1934,רשת 13,2024-11-02,2024-11-02 21:06:30,21
1935,רשת 13,2024-11-02,2024-11-02 21:07:12,21
1936,רשת 13,2024-11-02,2024-11-02 21:07:45,21
1937,רשת 13,2024-11-02,2024-11-02 21:26:29,21
1938,רשת 13,2024-11-02,2024-11-02 21:27:14,21
1939,רשת 13,2024-11-02,2024-11-02 21:27:30,21
1940,רשת 13,2024-11-02,2024-11-02 21:27:45,21
1941,רשת 13,2024-11-02,2024-11-02 21:28:24,21
1942,רשת 13,2024-11-02,2024-11-02 21:29:16,21
1943,רשת 13,2024-11-02,2024-11-02 21:54:00,21
1944,רשת 13,2024-11-02,2024-11-02 22:12:02,22
1945,רשת 13,2024-11-02,2024-11-02 22:13:18,22
1946,רשת 13,2024-11-02,2024-11-02 22:13:24,22
1947,רשת 13,2024-11-02,2024-11-02 22:13:30,22
1948,רשת 13,2024-11-02,2024-11-02 22:13:36,22
1949,רשת 13,2024-11-02,2024-11-02 22:13:42,22
1950,רשת 13,2024-11-02,2024-11-02 22:13:48,22
1951,רשת 13,2024-11-02,2024-11-02 22:14:08,22
1952,רשת 13,2024-11-02,2024-11-02 22:14:44,22
1953,רשת 13,2024-11-02,2024-11-02 22:15:02,22
1954,רשת 13,2024-11-02,2024-11-02 22:15:30,22
1955,רשת 13,2024-11-02,2024-11-02 22:16:17,22
1956,רשת 13,2024-11-02,2024-11-02 22:16:33,22
1957,רשת 13,2024-11-02,2024-11-02 22:17:05,22
1958,רשת 13,2024-11-02,2024-11-02 22:17:21,22
1959,רשת 13,2024-11-02,2024-11-02 22:17:43,22
1960,רשת 13,2024-11-02,2024-11-02 22:17:58,22
1961,רשת 13,2024-11-02,2024-11-02 22:19:20,22
1962,רשת 13,2024-11-02,2024-11-02 22:19:35,22
1963,רשת 13,2024-11-02,2024-11-02 22:19:54,22
1964,רשת 13,2024-11-02,2024-11-02 22:20:09,22
1965,רשת 13,2024-11-02,2024-11-02 22:21:25,22
1966,רשת 13,2024-11-02,2024-11-02 22:21:54,22
1967,רשת 13,2024-11-02,2024-11-02 22:22:00,22
1968,רשת 13,2024-11-02,2024-11-02 22:22:06,22
1969,רשת 13,2024-11-02,2024-11-02 22:22:12,22
1970,רשת 13,2024-11-02,2024-11-02 22:22:18,22
1971,רשת 13,2024-11-02,2024-11-02 22:40:26,22
1972,רשת 13,2024-11-02,2024-11-02 22:41:17,22
1973,רשת 13,2024-11-02,2024-11-02 22:41:23,22
1974,רשת 13,2024-11-02,2024-11-02 22:41:29,22
1975,רשת 13,2024-11-02,2024-11-02 22:41:35,22
1976,רשת 13,2024-11-02,2024-11-02 22:41:41,22
1977,רשת 13,2024-11-02,2024-11-02 22:41:52,22
1978,רשת 13,2024-11-02,2024-11-02 22:42:44,22
1979,רשת 13,2024-11-02,2024-11-02 22:43:54,22
1980,רשת 13,2024-11-02,2024-11-02 22:44:08,22
1981,רשת 13,2024-11-02,2024-11-02 22:44:23,22
1982,רשת 13,2024-11-02,2024-11-02 22:44:50,22
1983,רשת 13,2024-11-02,2024-11-02 22:44:56,22
1984,רשת 13,2024-11-02,2024-11-02 22:45:11,22
1985,רשת 13,2024-11-02,2024-11-02 22:45:53,22
1986,רשת 13,2024-11-02,2024-11-02 22:45:59,22
1987,רשת 13,2024-11-02,2024-11-02 22:46:12,22
1988,רשת 13,2024-11-02,2024-11-02 22:46:34,22
1989,רשת 13,2024-11-02,2024-11-02 22:46:40,22
1990,רשת 13,2024-11-02,2024-11-02 22:47:17,22
1991,רשת 13,2024-11-02,2024-11-02 22:47:47,22
1992,רשת 13,2024-11-02,2024-11-02 22:48:07,22
1993,רשת 13,2024-11-02,2024-11-02 22:48:23,22
1994,רשת 13,2024-11-02,2024-11-02 22:48:29,22
1995,רשת 13,2024-11-02,2024-11-02 22:49:00,22
1996,רשת 13,2024-11-02,2024-11-02 22:49:24,22
1997,רשת 13,2024-11-02,2024-11-02 22:50:40,22
1998,רשת 13,2024-11-02,2024-11-02 23:05:54,23
1999,רשת 13,2024-11-02,2024-11-02 23:06:11,23
2000,רשת 13,2024-11-02,2024-11-02 23:06:48,23
2001,רשת 13,2024-11-02,2024-11-02 23:07:30,23
2002,רשת 13,2024-11-02,2024-11-02 23:07:57,23
2003,רשת 13,2024-11-02,2024-11-02 23:08:33,23
2004,רשת 13,2024-11-02,2024-11-02 23:08:55,23
2005,רשת 13,2024-11-02,2024-11-02 23:09:27,23
2006,רשת 13,2024-11-02,2024-11-02 23:09:51,23
2007,רשת 13,2024-11-02,2024-11-02 23:10:32,23
2008,רשת 13,2024-11-02,2024-11-02 23:11:06,23
2009,רשת 13,2024-11-02,2024-11-02 23:44:50,23
2010,רשת 13,2024-11-02,2024-11-02 23:54:34,23
2011,רשת 13,2024-11-02,2024-11-02 23:55:48,23
2012,רשת 13,2024-11-02,2024-11-02 23:55:54,23
2013,רשת 13,2024-11-02,2024-11-02 23:56:14,23
2014,רשת 13,2024-11-02,2024-11-02 23:56:56,23
2015,רשת 13,2024-11-02,2024-11-02 23:57:11,23
2016,רשת 13,2024-11-02,2024-11-02 23:57:24,23
2017,רשת 13,2024-11-02,2024-11-02 23:58:11,23
2018,רשת 13,2024-11-02,2024-11-02 23:58:26,23
2019,רשת 13,2024-11-02,2024-11-02 23:58:48,23
2020,רשת 13,2024-11-02,2024-11-02 23:59:03,23
2021,רשת 13,2024-11-02,2024-11-02 23:59:22,23
2022,רשת 13,2024-11-02,2024-11-02 23:59:51,23
2023,רשת 13,2024-11-02,2024-11-02 23:59:57,23
2024,רשת 13,2024-11-02,2024-11-02 00:10:56,0
2025,רשת 13,2024-11-02,2024-11-02 00:11:02,0
2026,רשת 13,2024-11-02,2024-11-02 00:11:36,0
2027,רשת 13,2024-11-02,2024-11-02 00:11:42,0
2028,רשת 13,2024-11-02,2024-11-02 00:11:58,0
2029,רשת 13,2024-11-02,2024-11-02 00:12:49,0
2030,רשת 13,2024-11-02,2024-11-02 00:13:00,0
2031,רשת 13,2024-11-02,2024-11-02 00:13:47,0
2032,רשת 13,2024-11-02,2024-11-02 00:14:14,0
2033,רשת 13,2024-11-02,2024-11-02 00:15:06,0
2034,רשת 13,2024-11-02,2024-11-02 00:15:43,0
2035,רשת 13,2024-11-02,2024-11-02 00:15:58,0
2036,רשת 13,2024-11-02,2024-11-02 00:16:20,0
2037,רשת 13,2024-11-02,2024-11-02 00:16:35,0
2038,רשת 13,2024-11-02,2024-11-02 00:17:05,0
2039,רשת 13,2024-11-02,2024-11-02 00:18:16,0
2040,רשת 13,2024-11-02,2024-11-02 00:38:34,0
2041,רשת 13,2024-11-02,2024-11-02 00:39:58,0
2042,רשת 13,2024-11-02,2024-11-02 00:40:18,0
2043,רשת 13,2024-11-02,2024-11-02 00:40:47,0
2044,רשת 13,2024-11-02,2024-11-02 00:41:21,0
2045,רשת 13,2024-11-02,2024-11-02 01:16:56,1
2046,רשת 13,2024-11-02,2024-11-02 01:18:07,1
2998,רשת 13,2024-11-03,2024-11-03 02:00:34,2
2999,רשת 13,2024-11-03,2024-11-03 02:01:45,2
3000,רשת 13,2024-11-03,2024-11-03 02:02:10,2
3001,רשת 13,2024-11-03,2024-11-03 02:03:10,2
3002,רשת 13,2024-11-03,2024-11-03 02:03:44,2
3003,רשת 13,2024-11-03,2024-11-03 02:43:14,2
3004,רשת 13,2024-11-03,2024-11-03 02:44:00,2
3005,רשת 13,2024-11-03,2024-11-03 02:45:11,2
3006,רשת 13,2024-11-03,2024-11-03 02:46:16,2
3007,רשת 13,2024-11-03,2024-11-03 02:46:54,2
3008,רשת 13,2024-11-03,2024-11-03 02:47:35,2
3009,רשת 13,2024-11-03,2024-11-03 02:59:29,2
3010,רשת 13,2024-11-03,2024-11-03 03:00:16,3
3011,רשת 13,2024-11-03,2024-11-03 03:00:57,3
3012,רשת 13,2024-11-03,2024-11-03 03:01:57,3
3013,רשת 13,2024-11-03,2024-11-03 03:03:07,3
3014,רשת 13,2024-11-03,2024-11-03 03:21:21,3
3015,רשת 13,2024-11-03,2024-11-03 03:22:07,3
3016,רשת 13,2024-11-03,2024-11-03 03:23:18,3
3017,רשת 13,2024-11-03,2024-11-03 03:23:56,3
3018,רשת 13,2024-11-03,2024-11-03 03:24:37,3
3019,רשת 13,2024-11-03,2024-11-03 03:44:12,3
3020,רשת 13,2024-11-03,2024-11-03 03:44:59,3
3021,רשת 13,2024-11-03,2024-11-03 03:45:40,3
3022,רשת 13,2024-11-03,2024-11-03 03:46:50,3
3023,רשת 13,2024-11-03,2024-11-03 05:12:50,5
3024,רשת 13,2024-11-03,2024-11-03 05:13:36,5
3025,רשת 13,2024-11-03,2024-11-03 05:14:47,5
3026,רשת 13,2024-11-03,2024-11-03 05:15:28,5
3027,רשת 13,2024-11-03,2024-11-03 05:32:50,5
3028,רשת 13,2024-11-03,2024-11-03 05:33:37,5
3029,רשת 13,2024-11-03,2024-11-03 05:34:18,5
3030,רשת 13,2024-11-03,2024-11-03 05:35:18,5
3031,רשת 13,2024-11-03,2024-11-03 06:15:36,6
3032,רשת 13,2024-11-03,2024-11-03 06:16:35,6
3033,רשת 13,2024-11-03,2024-11-03 06:16:48,6
3034,רשת 13,2024-11-03,2024-11-03 06:17:03,6
3035,רשת 13,2024-11-03,2024-11-03 06:17:23,6
3036,רשת 13,2024-11-03,2024-11-03 06:18:04,6
3037,רשת 13,2024-11-03,2024-11-03 06:19:19,6
3038,רשת 13,2024-11-03,2024-11-03 06:19:53,6
3039,רשת 13,2024-11-03,2024-11-03 07:12:04,7
3040,רשת 13,2024-11-03,2024-11-03 07:12:54,7
3041,רשת 13,2024-11-03,2024-11-03 07:14:00,7
3042,רשת 13,2024-11-03,2024-11-03 07:14:11,7
3043,רשת 13,2024-11-03,2024-11-03 07:14:17,7
3044,רשת 13,2024-11-03,2024-11-03 07:14:23,7
3045,רשת 13,2024-11-03,2024-11-03 07:14:29,7
3046,רשת 13,2024-11-03,2024-11-03 07:14:48,7
3047,רשת 13,2024-11-03,2024-11-03 07:15:35,7
3048,רשת 13,2024-11-03,2024-11-03 07:16:13,7
3049,רשת 13,2024-11-03,2024-11-03 07:16:39,7
3050,רשת 13,2024-11-03,2024-11-03 07:16:54,7
3051,רשת 13,2024-11-03,2024-11-03 07:17:07,7
3052,רשת 13,2024-11-03,2024-11-03 07:17:22,7
3053,רשת 13,2024-11-03,2024-11-03 07:17:28,7
3054,רשת 13,2024-11-03,2024-11-03 07:17:52,7
3055,רשת 13,2024-11-03,2024-11-03 07:18:42,7
3056,רשת 13,2024-11-03,2024-11-03 07:19:16,7
3057,רשת 13,2024-11-03,2024-11-03 07:20:02,7
3058,רשת 13,2024-11-03,2024-11-03 07:20:08,7
3059,רשת 13,2024-11-03,2024-11-03 07:34:28,7
3060,רשת 13,2024-11-03,2024-11-03 07:35:28,7
3061,רשת 13,2024-11-03,2024-11-03 07:36:38,7
3062,רשת 13,2024-11-03,2024-11-03 07:37:05,7
3063,רשת 13,2024-11-03,2024-11-03 07:37:19,7
3064,רשת 13,2024-11-03,2024-11-03 07:37:55,7
3065,רשת 13,2024-11-03,2024-11-03 07:38:14,7
3066,רשת 13,2024-11-03,2024-11-03 07:38:20,7
3067,רשת 13,2024-11-03,2024-11-03 07:38:40,7
3068,רשת 13,2024-11-03,2024-11-03 07:39:10,7
3069,רשת 13,2024-11-03,2024-11-03 07:40:09,7
3070,רשת 13,2024-11-03,2024-11-03 07:41:19,7
3071,רשת 13,2024-11-03,2024-11-03 07:42:04,7
3072,רשת 13,2024-11-03,2024-11-03 07:42:38,7
3073,רשת 13,2024-11-03,2024-11-03 08:06:25,8
3074,רשת 13,2024-11-03,2024-11-03 08:06:58,8
3075,רשת 13,2024-11-03,2024-11-03 08:16:55,8
3076,רשת 13,2024-11-03,2024-11-03 08:17:45,8
3077,רשת 13,2024-11-03,2024-11-03 08:18:51,8
3078,רשת 13,2024-11-03,2024-11-03 08:19:02,8
3079,רשת 13,2024-11-03,2024-11-03 08:19:08,8
3080,רשת 13,2024-11-03,2024-11-03 08:19:14,8
3081,רשת 13,2024-11-03,2024-11-03 08:19:20,8
3082,רשת 13,2024-11-03,2024-11-03 08:19:39,8
3083,רשת 13,2024-11-03,2024-11-03 08:19:54,8
3084,רשת 13,2024-11-03,2024-11-03 08:20:46,8
3085,רשת 13,2024-11-03,2024-11-03 08:21:00,8
3086,רשת 13,2024-11-03,2024-11-03 08:21:06,8
3087,רשת 13,2024-11-03,2024-11-03 08:21:24,8
3088,רשת 13,2024-11-03,2024-11-03 08:21:30,8
3089,רשת 13,2024-11-03,2024-11-03 08:22:20,8
3090,רשת 13,2024-11-03,2024-11-03 08:22:54,8
3091,רשת 13,2024-11-03,2024-11-03 08:23:35,8
3092,רשת 13,2024-11-03,2024-11-03 08:24:51,8
3093,רשת 13,2024-11-03,2024-11-03 08:24:57,8
3094,רשת 13,2024-11-03,2024-11-03 08:39:19,8
3095,רשת 13,2024-11-03,2024-11-03 08:40:06,8
3096,רשת 13,2024-11-03,2024-11-03 08:40:52,8
3097,רשת 13,2024-11-03,2024-11-03 08:41:23,8
3098,רשת 13,2024-11-03,2024-11-03 08:41:50,8
3099,רשת 13,2024-11-03,2024-11-03 08:42:27,8
3100,רשת 13,2024-11-03,2024-11-03 08:42:33,8
3101,רשת 13,2024-11-03,2024-11-03 08:42:48,8
3102,רשת 13,2024-11-03,2024-11-03 08:42:54,8
3103,רשת 13,2024-11-03,2024-11-03 08:43:09,8
3104,רשת 13,2024-11-03,2024-11-03 08:43:16,8
3105,רשת 13,2024-11-03,2024-11-03 08:43:36,8
3106,רשת 13,2024-11-03,2024-11-03 08:44:46,8
3107,רשת 13,2024-11-03,2024-11-03 09:07:12,9
3108,רשת 13,2024-11-03,2024-11-03 09:07:18,9
3109,רשת 13,2024-11-03,2024-11-03 09:07:52,9
3110,רשת 13,2024-11-03,2024-11-03 09:07:58,9
3111,רשת 13,2024-11-03,2024-11-03 09:18:21,9
3112,רשת 13,2024-11-03,2024-11-03 09:19:12,9
3113,רשת 13,2024-11-03,2024-11-03 09:19:18,9
3114,רשת 13,2024-11-03,2024-11-03 09:19:24,9
3115,רשת 13,2024-11-03,2024-11-03 09:19:43,9
3116,רשת 13,2024-11-03,2024-11-03 09:20:30,9
3117,רשת 13,2024-11-03,2024-11-03 09:21:02,9
3118,רשת 13,2024-11-03,2024-11-03 09:21:16,9
3119,רשת 13,2024-11-03,2024-11-03 09:21:53,9
3120,רשת 13,2024-11-03,2024-11-03 09:22:08,9
3121,רשת 13,2024-11-03,2024-11-03 09:22:32,9
3122,רשת 13,2024-11-03,2024-11-03 09:23:02,9
3123,רשת 13,2024-11-03,2024-11-03 09:23:35,9
3124,רשת 13,2024-11-03,2024-11-03 09:24:16,9
3125,רשת 13,2024-11-03,2024-11-03 09:25:32,9
3126,רשת 13,2024-11-03,2024-11-03 09:25:38,9
3127,רשת 13,2024-11-03,2024-11-03 09:43:11,9
3128,רשת 13,2024-11-03,2024-11-03 09:44:03,9
3129,רשת 13,2024-11-03,2024-11-03 09:44:09,9
3130,רשת 13,2024-11-03,2024-11-03 09:44:28,9
3131,רשת 13,2024-11-03,2024-11-03 09:45:50,9
3132,רשת 13,2024-11-03,2024-11-03 09:46:17,9
3133,רשת 13,2024-11-03,2024-11-03 09:47:02,9
3134,רשת 13,2024-11-03,2024-11-03 09:47:17,9
3135,רשת 13,2024-11-03,2024-11-03 09:47:32,9
3136,רשת 13,2024-11-03,2024-11-03 09:48:01,9
3137,רשת 13,2024-11-03,2024-11-03 10:07:11,10
3138,רשת 13,2024-11-03,2024-11-03 10:07:17,10
3139,רשת 13,2024-11-03,2024-11-03 10:07:50,10
3140,רשת 13,2024-11-03,2024-11-03 10:07:56,10
3141,רשת 13,2024-11-03,2024-11-03 10:29:49,10
3142,רשת 13,2024-11-03,2024-11-03 10:30:40,10
3143,רשת 13,2024-11-03,2024-11-03 10:30:59,10
3144,רשת 13,2024-11-03,2024-11-03 10:32:09,10
3145,רשת 13,2024-11-03,2024-11-03 10:32:36,10
3146,רשת 13,2024-11-03,2024-11-03 10:33:04,10
3147,רשת 13,2024-11-03,2024-11-03 10:33:19,10
3148,רשת 13,2024-11-03,2024-11-03 10:33:34,10
3149,רשת 13,2024-11-03,2024-11-03 10:33:52,10
3150,רשת 13,2024-11-03,2024-11-03 10:34:42,10
3151,רשת 13,2024-11-03,2024-11-03 10:35:53,10
3152,רשת 13,2024-11-03,2024-11-03 10:36:27,10
3153,רשת 13,2024-11-03,2024-11-03 11:07:06,11
3154,רשת 13,2024-11-03,2024-11-03 11:07:12,11
3155,רשת 13,2024-11-03,2024-11-03 11:07:46,11
3156,רשת 13,2024-11-03,2024-11-03 11:07:52,11
3157,רשת 13,2024-11-03,2024-11-03 11:29:47,11
3158,רשת 13,2024-11-03,2024-11-03 11:30:38,11
3159,רשת 13,2024-11-03,2024-11-03 11:30:44,11
3160,רשת 13,2024-11-03,2024-11-03 11:30:50,11
3161,רשת 13,2024-11-03,2024-11-03 11:31:09,11
3162,רשת 13,2024-11-03,2024-11-03 11:31:24,11
3163,רשת 13,2024-11-03,2024-11-03 11:32:00,11
3164,רשת 13,2024-11-03,2024-11-03 11:32:28,11
3165,רשת 13,2024-11-03,2024-11-03 11:32:57,11
3166,רשת 13,2024-11-03,2024-11-03 11:34:08,11
3167,רשת 13,2024-11-03,2024-11-03 11:34:54,11
3168,רשת 13,2024-11-03,2024-11-03 12:05:39,12
3169,רשת 13,2024-11-03,2024-11-03 12:05:45,12
3170,רשת 13,2024-11-03,2024-11-03 12:06:19,12
3171,רשת 13,2024-11-03,2024-11-03 12:06:25,12
3172,רשת 13,2024-11-03,2024-11-03 12:28:33,12
3173,רשת 13,2024-11-03,2024-11-03 12:29:23,12
3174,רשת 13,2024-11-03,2024-11-03 12:29:29,12
3175,רשת 13,2024-11-03,2024-11-03 12:29:35,12
3176,רשת 13,2024-11-03,2024-11-03 12:29:41,12
3177,רשת 13,2024-11-03,2024-11-03 12:30:00,12
3178,רשת 13,2024-11-03,2024-11-03 12:30:15,12
3179,רשת 13,2024-11-03,2024-11-03 12:30:33,12
3180,רשת 13,2024-11-03,2024-11-03 12:31:15,12
3181,רשת 13,2024-11-03,2024-11-03 12:31:49,12
3182,רשת 13,2024-11-03,2024-11-03 12:32:34,12
3183,רשת 13,2024-11-03,2024-11-03 12:32:40,12
3184,רשת 13,2024-11-03,2024-11-03 13:02:35,13
3185,רשת 13,2024-11-03,2024-11-03 13:02:41,13
3186,רשת 13,2024-11-03,2024-11-03 13:03:15,13
3187,רשת 13,2024-11-03,2024-11-03 13:03:21,13
3188,רשת 13,2024-11-03,2024-11-03 13:05:45,13
3189,רשת 13,2024-11-03,2024-11-03 13:06:44,13
3190,רשת 13,2024-11-03,2024-11-03 13:06:59,13
3191,רשת 13,2024-11-03,2024-11-03 13:07:27,13
3192,רשת 13,2024-11-03,2024-11-03 13:07:54,13
3193,רשת 13,2024-11-03,2024-11-03 13:08:14,13
3194,רשת 13,2024-11-03,2024-11-03 13:08:46,13
3195,רשת 13,2024-11-03,2024-11-03 13:09:30,13
3196,רשת 13,2024-11-03,2024-11-03 13:10:41,13
3197,רשת 13,2024-11-03,2024-11-03 13:11:26,13
3198,רשת 13,2024-11-03,2024-11-03 13:11:32,13
3199,רשת 13,2024-11-03,2024-11-03 13:31:08,13
3200,רשת 13,2024-11-03,2024-11-03 13:31:55,13
3201,רשת 13,2024-11-03,2024-11-03 13:33:06,13
3202,רשת 13,2024-11-03,2024-11-03 13:33:55,13
3203,רשת 13,2024-11-03,2024-11-03 13:34:25,13
3204,רשת 13,2024-11-03,2024-11-03 13:35:06,13
3205,רשת 13,2024-11-03,2024-11-03 14:05:46,14
3206,רשת 13,2024-11-03,2024-11-03 14:05:52,14
3207,רשת 13,2024-11-03,2024-11-03 14:06:26,14
3208,רשת 13,2024-11-03,2024-11-03 14:06:32,14
3209,רשת 13,2024-11-03,2024-11-03 14:34:07,14
3210,רשת 13,2024-11-03,2024-11-03 14:34:54,14
3211,רשת 13,2024-11-03,2024-11-03 14:35:21,14
3212,רשת 13,2024-11-03,2024-11-03 14:36:08,14
3213,רשת 13,2024-11-03,2024-11-03 14:37:30,14
3214,רשת 13,2024-11-03,2024-11-03 14:37:57,14
3215,רשת 13,2024-11-03,2024-11-03 14:38:28,14
3216,רשת 13,2024-11-03,2024-11-03 14:38:43,14
3217,רשת 13,2024-11-03,2024-11-03 14:38:49,14
3218,רשת 13,2024-11-03,2024-11-03 14:39:25,14
3219,רשת 13,2024-11-03,2024-11-03 14:39:40,14
3220,רשת 13,2024-11-03,2024-11-03 14:39:46,14
3221,רשת 13,2024-11-03,2024-11-03 14:40:01,14
3222,רשת 13,2024-11-03,2024-11-03 14:40:07,14
3223,רשת 13,2024-11-03,2024-11-03 14:40:49,14
3224,רשת 13,2024-11-03,2024-11-03 14:41:08,14
3225,רשת 13,2024-11-03,2024-11-03 14:41:37,14
3226,רשת 13,2024-11-03,2024-11-03 14:42:47,14
3227,רשת 13,2024-11-03,2024-11-03 14:43:33,14
3228,רשת 13,2024-11-03,2024-11-03 14:43:39,14
3229,רשת 13,2024-11-03,2024-11-03 15:53:50,15
3230,רשת 13,2024-11-03,2024-11-03 15:54:41,15
3231,רשת 13,2024-11-03,2024-11-03 15:54:47,15
3232,רשת 13,2024-11-03,2024-11-03 15:55:06,15
3233,רשת 13,2024-11-03,2024-11-03 15:55:21,15
3234,רשת 13,2024-11-03,2024-11-03 15:55:36,15
3235,רשת 13,2024-11-03,2024-11-03 15:56:18,15
3236,רשת 13,2024-11-03,2024-11-03 15:57:28,15
3237,רשת 13,2024-11-03,2024-11-03 15:58:02,15
3238,רשת 13,2024-11-03,2024-11-03 15:58:47,15
3239,רשת 13,2024-11-03,2024-11-03 15:58:53,15
3240,רשת 13,2024-11-03,2024-11-03 15:59:27,15
3241,רשת 13,2024-11-03,2024-11-03 15:59:33,15
3242,רשת 13,2024-11-03,2024-11-03 16:33:40,16
3243,רשת 13,2024-11-03,2024-11-03 16:34:31,16
3244,רשת 13,2024-11-03,2024-11-03 16:34:50,16
3245,רשת 13,2024-11-03,2024-11-03 16:35:05,16
3246,רשת 13,2024-11-03,2024-11-03 16:35:25,16
3247,רשת 13,2024-11-03,2024-11-03 16:35:44,16
3248,רשת 13,2024-11-03,2024-11-03 16:36:21,16
3249,רשת 13,2024-11-03,2024-11-03 16:36:36,16
3250,רשת 13,2024-11-03,2024-11-03 16:37:08,16
3251,רשת 13,2024-11-03,2024-11-03 16:37:23,16
3252,רשת 13,2024-11-03,2024-11-03 16:37:43,16
3253,רשת 13,2024-11-03,2024-11-03 16:37:58,16
3254,רשת 13,2024-11-03,2024-11-03 16:38:29,16
3255,רשת 13,2024-11-03,2024-11-03 16:38:58,16
3256,רשת 13,2024-11-03,2024-11-03 16:40:13,16
3257,רשת 13,2024-11-03,2024-11-03 16:40:19,16
3258,רשת 13,2024-11-03,2024-11-03 16:40:53,16
3259,רשת 13,2024-11-03,2024-11-03 16:40:59,16
3260,רשת 13,2024-11-03,2024-11-03 16:41:09,16
3261,רשת 13,2024-11-03,2024-11-03 17:17:30,17
3262,רשת 13,2024-11-03,2024-11-03 17:18:17,17
3263,רשת 13,2024-11-03,2024-11-03 17:18:53,17
3264,רשת 13,2024-11-03,2024-11-03 17:18:59,17
3265,רשת 13,2024-11-03,2024-11-03 17:19:05,17
3266,רשת 13,2024-11-03,2024-11-03 17:19:24,17
3267,רשת 13,2024-11-03,2024-11-03 17:19:55,17
3268,רשת 13,2024-11-03,2024-11-03 17:20:11,17
3269,רשת 13,2024-11-03,2024-11-03 17:20:26,17
3270,רשת 13,2024-11-03,2024-11-03 17:21:03,17
3271,רשת 13,2024-11-03,2024-11-03 17:21:27,17
3272,רשת 13,2024-11-03,2024-11-03 17:21:42,17
3273,רשת 13,2024-11-03,2024-11-03 17:21:55,17
3274,רשת 13,2024-11-03,2024-11-03 17:22:23,17
3275,רשת 13,2024-11-03,2024-11-03 17:22:38,17
3276,רשת 13,2024-11-03,2024-11-03 17:22:53,17
3277,רשת 13,2024-11-03,2024-11-03 17:22:59,17
3278,רשת 13,2024-11-03,2024-11-03 17:23:58,17
3279,רשת 13,2024-11-03,2024-11-03 17:24:39,17
3280,רשת 13,2024-11-03,2024-11-03 17:25:54,17
3281,רשת 13,2024-11-03,2024-11-03 17:26:00,17
3282,רשת 13,2024-11-03,2024-11-03 17:26:11,17
3283,רשת 13,2024-11-03,2024-11-03 17:26:17,17
3284,רשת 13,2024-11-03,2024-11-03 17:26:50,17
3285,רשת 13,2024-11-03,2024-11-03 17:26:56,17
3286,רשת 13,2024-11-03,2024-11-03 17:27:08,17
3287,רשת 13,2024-11-03,2024-11-03 17:27:14,17
3288,רשת 13,2024-11-03,2024-11-03 17:53:14,17
3289,רשת 13,2024-11-03,2024-11-03 17:54:14,17
3290,רשת 13,2024-11-03,2024-11-03 18:29:50,18
3291,רשת 13,2024-11-03,2024-11-03 18:30:42,18
3292,רשת 13,2024-11-03,2024-11-03 18:30:48,18
3293,רשת 13,2024-11-03,2024-11-03 18:30:54,18
3294,רשת 13,2024-11-03,2024-11-03 18:31:00,18
3295,רשת 13,2024-11-03,2024-11-03 18:31:06,18
3296,רשת 13,2024-11-03,2024-11-03 18:31:12,18
3297,רשת 13,2024-11-03,2024-11-03 18:31:18,18
3298,רשת 13,2024-11-03,2024-11-03 18:31:37,18
3299,רשת 13,2024-11-03,2024-11-03 18:32:07,18
3300,רשת 13,2024-11-03,2024-11-03 18:32:34,18
3301,רשת 13,2024-11-03,2024-11-03 18:32:46,18
3302,רשת 13,2024-11-03,2024-11-03 18:33:22,18
3303,רשת 13,2024-11-03,2024-11-03 18:33:53,18
3304,רשת 13,2024-11-03,2024-11-03 18:35:03,18
3305,רשת 13,2024-11-03,2024-11-03 18:36:03,18
3306,רשת 13,2024-11-03,2024-11-03 18:36:31,18
3307,רשת 13,2024-11-03,2024-11-03 18:36:46,18
3308,רשת 13,2024-11-03,2024-11-03 18:37:01,18
3309,רשת 13,2024-11-03,2024-11-03 18:37:13,18
3310,רשת 13,2024-11-03,2024-11-03 18:37:42,18
3311,רשת 13,2024-11-03,2024-11-03 18:38:46,18
3312,רשת 13,2024-11-03,2024-11-03 18:38:52,18
3313,רשת 13,2024-11-03,2024-11-03 18:38:58,18
3314,רשת 13,2024-11-03,2024-11-03 18:39:32,18
3315,רשת 13,2024-11-03,2024-11-03 18:39:38,18
3316,רשת 13,2024-11-03,2024-11-03 18:39:44,18
3317,רשת 13,2024-11-03,2024-11-03 18:39:55,18
3318,רשת 13,2024-11-03,2024-11-03 18:40:01,18
3319,רשת 13,2024-11-03,2024-11-03 18:40:07,18
3320,רשת 13,2024-11-03,2024-11-03 18:40:13,18
3321,רשת 13,2024-11-03,2024-11-03 18:40:19,18
3322,רשת 13,2024-11-03,2024-11-03 18:40:25,18
3323,רשת 13,2024-11-03,2024-11-03 19:00:05,19
3324,רשת 13,2024-11-03,2024-11-03 19:00:11,19
3325,רשת 13,2024-11-03,2024-11-03 19:00:17,19
3326,רשת 13,2024-11-03,2024-11-03 19:00:23,19
3327,רשת 13,2024-11-03,2024-11-03 19:00:29,19
3328,רשת 13,2024-11-03,2024-11-03 19:00:35,19
3329,רשת 13,2024-11-03,2024-11-03 19:00:41,19
3330,רשת 13,2024-11-03,2024-11-03 19:00:47,19
3331,רשת 13,2024-11-03,2024-11-03 19:01:07,19
3332,רשת 13,2024-11-03,2024-11-03 19:01:32,19
3333,רשת 13,2024-11-03,2024-11-03 19:02:14,19
3334,רשת 13,2024-11-03,2024-11-03 19:02:50,19
3335,רשת 13,2024-11-03,2024-11-03 19:03:02,19
3336,רשת 13,2024-11-03,2024-11-03 19:03:08,19
3337,רשת 13,2024-11-03,2024-11-03 19:03:23,19
3338,רשת 13,2024-11-03,2024-11-03 19:04:10,19
3339,רשת 13,2024-11-03,2024-11-03 19:04:27,19
3340,רשת 13,2024-11-03,2024-11-03 19:05:49,19
3341,רשת 13,2024-11-03,2024-11-03 19:06:04,19
3342,רשת 13,2024-11-03,2024-11-03 19:06:16,19
3343,רשת 13,2024-11-03,2024-11-03 19:06:29,19
3344,רשת 13,2024-11-03,2024-11-03 19:07:06,19
3345,רשת 13,2024-11-03,2024-11-03 19:07:38,19
3346,רשת 13,2024-11-03,2024-11-03 19:07:44,19
3347,רשת 13,2024-11-03,2024-11-03 19:08:51,19
3348,רשת 13,2024-11-03,2024-11-03 19:09:06,19
3349,רשת 13,2024-11-03,2024-11-03 19:09:12,19
3350,רשת 13,2024-11-03,2024-11-03 19:10:07,19
3351,רשת 13,2024-11-03,2024-11-03 19:10:13,19
3352,רשת 13,2024-11-03,2024-11-03 19:10:19,19
3353,רשת 13,2024-11-03,2024-11-03 19:10:25,19
3354,רשת 13,2024-11-03,2024-11-03 19:10:31,19
3355,רשת 13,2024-11-03,2024-11-03 19:10:37,19
3356,רשת 13,2024-11-03,2024-11-03 19:10:43,19
3357,רשת 13,2024-11-03,2024-11-03 19:34:56,19
3358,רשת 13,2024-11-03,2024-11-03 19:50:40,19
3359,רשת 13,2024-11-03,2024-11-03 19:51:40,19
3360,רשת 13,2024-11-03,2024-11-03 19:52:45,19
3361,רשת 13,2024-11-03,2024-11-03 20:22:52,20
3362,רשת 13,2024-11-03,2024-11-03 20:43:23,20
3363,רשת 13,2024-11-03,2024-11-03 20:44:14,20
3364,רשת 13,2024-11-03,2024-11-03 20:44:20,20
3365,רשת 13,2024-11-03,2024-11-03 20:44:26,20
3366,רשת 13,2024-11-03,2024-11-03 20:44:32,20
3367,רשת 13,2024-11-03,2024-11-03 20:44:51,20
3368,רשת 13,2024-11-03,2024-11-03 20:45:27,20
3369,רשת 13,2024-11-03,2024-11-03 20:45:48,20
3370,רשת 13,2024-11-03,2024-11-03 20:46:02,20
3371,רשת 13,2024-11-03,2024-11-03 20:46:12,20
3372,רשת 13,2024-11-03,2024-11-03 20:46:26,20
3373,רשת 13,2024-11-03,2024-11-03 20:46:54,20
3374,רשת 13,2024-11-03,2024-11-03 20:47:11,20
3375,רשת 13,2024-11-03,2024-11-03 20:47:26,20
3376,רשת 13,2024-11-03,2024-11-03 20:47:38,20
3377,רשת 13,2024-11-03,2024-11-03 20:47:54,20
3378,רשת 13,2024-11-03,2024-11-03 20:48:54,20
3379,רשת 13,2024-11-03,2024-11-03 20:49:06,20
3380,רשת 13,2024-11-03,2024-11-03 20:50:30,20
3381,רשת 13,2024-11-03,2024-11-03 20:51:12,20
3382,רשת 13,2024-11-03,2024-11-03 21:07:57,21
3383,רשת 13,2024-11-03,2024-11-03 21:08:48,21
3384,רשת 13,2024-11-03,2024-11-03 21:08:54,21
3385,רשת 13,2024-11-03,2024-11-03 21:09:00,21
3386,רשת 13,2024-11-03,2024-11-03 21:09:06,21
3387,רשת 13,2024-11-03,2024-11-03 21:09:25,21
3388,רשת 13,2024-11-03,2024-11-03 21:10:12,21
3389,רשת 13,2024-11-03,2024-11-03 21:10:48,21
3390,רשת 13,2024-11-03,2024-11-03 21:11:17,21
3391,רשת 13,2024-11-03,2024-11-03 21:11:32,21
3392,רשת 13,2024-11-03,2024-11-03 21:11:59,21
3393,רשת 13,2024-11-03,2024-11-03 21:12:38,21
3394,רשת 13,2024-11-03,2024-11-03 21:12:44,21
3395,רשת 13,2024-11-03,2024-11-03 21:13:12,21
3396,רשת 13,2024-11-03,2024-11-03 21:13:27,21
3397,רשת 13,2024-11-03,2024-11-03 21:13:44,21
3398,רשת 13,2024-11-03,2024-11-03 21:14:21,21
3399,רשת 13,2024-11-03,2024-11-03 21:14:34,21
3400,רשת 13,2024-11-03,2024-11-03 21:14:40,21
3401,רשת 13,2024-11-03,2024-11-03 21:14:46,21
3402,רשת 13,2024-11-03,2024-11-03 21:14:52,21
3403,רשת 13,2024-11-03,2024-11-03 21:14:58,21
3404,רשת 13,2024-11-03,2024-11-03 21:15:27,21
3405,רשת 13,2024-11-03,2024-11-03 21:31:18,21
3406,רשת 13,2024-11-03,2024-11-03 21:32:03,21
3407,רשת 13,2024-11-03,2024-11-03 21:32:45,21
3408,רשת 13,2024-11-03,2024-11-03 21:33:30,21
3409,רשת 13,2024-11-03,2024-11-03 21:34:38,21
3410,רשת 13,2024-11-03,2024-11-03 22:07:26,22
3411,רשת 13,2024-11-03,2024-11-03 22:08:50,22
3412,רשת 13,2024-11-03,2024-11-03 22:09:11,22
3413,רשת 13,2024-11-03,2024-11-03 22:09:25,22
3414,רשת 13,2024-11-03,2024-11-03 22:09:40,22
3415,רשת 13,2024-11-03,2024-11-03 22:09:56,22
3416,רשת 13,2024-11-03,2024-11-03 22:10:20,22
3417,רשת 13,2024-11-03,2024-11-03 22:10:34,22
3418,רשת 13,2024-11-03,2024-11-03 22:11:03,22
3419,רשת 13,2024-11-03,2024-11-03 22:11:25,22
3420,רשת 13,2024-11-03,2024-11-03 22:11:54,22
3421,רשת 13,2024-11-03,2024-11-03 22:12:11,22
3422,רשת 13,2024-11-03,2024-11-03 22:12:23,22
3423,רשת 13,2024-11-03,2024-11-03 22:12:59,22
3424,רשת 13,2024-11-03,2024-11-03 22:13:29,22
3425,רשת 13,2024-11-03,2024-11-03 22:14:29,22
3426,רשת 13,2024-11-03,2024-11-03 22:15:00,22
3427,רשת 13,2024-11-03,2024-11-03 22:15:12,22
3428,רשת 13,2024-11-03,2024-11-03 22:15:18,22
3429,רשת 13,2024-11-03,2024-11-03 22:15:33,22
3430,רשת 13,2024-11-03,2024-11-03 22:16:53,22
3431,רשת 13,2024-11-03,2024-11-03 22:17:39,22
3432,רשת 13,2024-11-03,2024-11-03 22:17:45,22
3433,רשת 13,2024-11-03,2024-11-03 22:17:51,22
3434,רשת 13,2024-11-03,2024-11-03 22:17:57,22
3435,רשת 13,2024-11-03,2024-11-03 22:18:03,22
3436,רשת 13,2024-11-03,2024-11-03 22:31:32,22
3437,רשת 13,2024-11-03,2024-11-03 22:31:58,22
3438,רשת 13,2024-11-03,2024-11-03 22:32:44,22
3439,רשת 13,2024-11-03,2024-11-03 22:32:50,22
3440,רשת 13,2024-11-03,2024-11-03 22:32:55,22
3441,רשת 13,2024-11-03,2024-11-03 22:33:01,22
3442,רשת 13,2024-11-03,2024-11-03 22:33:07,22
3443,רשת 13,2024-11-03,2024-11-03 22:33:27,22
3444,רשת 13,2024-11-03,2024-11-03 22:33:54,22
3445,רשת 13,2024-11-03,2024-11-03 22:34:46,22
3446,רשת 13,2024-11-03,2024-11-03 22:35:53,22
3447,רשת 13,2024-11-03,2024-11-03 22:36:40,22
3448,רשת 13,2024-11-03,2024-11-03 22:38:02,22
3449,רשת 13,2024-11-03,2024-11-03 22:38:30,22
3450,רשת 13,2024-11-03,2024-11-03 22:38:36,22
3451,רשת 13,2024-11-03,2024-11-03 22:38:51,22
3452,רשת 13,2024-11-03,2024-11-03 22:39:20,22
3453,רשת 13,2024-11-03,2024-11-03 22:39:33,22
3454,רשת 13,2024-11-03,2024-11-03 22:39:39,22
3455,רשת 13,2024-11-03,2024-11-03 22:39:54,22
3456,רשת 13,2024-11-03,2024-11-03 22:40:12,22
3457,רשת 13,2024-11-03,2024-11-03 22:40:26,22
3458,רשת 13,2024-11-03,2024-11-03 22:40:46,22
3459,רשת 13,2024-11-03,2024-11-03 22:41:01,22
3460,רשת 13,2024-11-03,2024-11-03 22:41:07,22
3461,רשת 13,2024-11-03,2024-11-03 22:41:13,22
3462,רשת 13,2024-11-03,2024-11-03 22:41:47,22
3463,רשת 13,2024-11-03,2024-11-03 22:42:29,22
3464,רשת 13,2024-11-03,2024-11-03 22:42:35,22
3465,רשת 13,2024-11-03,2024-11-03 22:42:41,22
3466,רשת 13,2024-11-03,2024-11-03 23:05:37,23
3467,רשת 13,2024-11-03,2024-11-03 23:05:56,23
3468,רשת 13,2024-11-03,2024-11-03 23:07:11,23
3469,רשת 13,2024-11-03,2024-11-03 23:07:30,23
3470,רשת 13,2024-11-03,2024-11-03 23:08:12,23
3471,רשת 13,2024-11-03,2024-11-03 23:08:27,23
3472,רשת 13,2024-11-03,2024-11-03 23:08:56,23
3473,רשת 13,2024-11-03,2024-11-03 23:09:27,23
3474,רשת 13,2024-11-03,2024-11-03 23:09:44,23
3475,רשת 13,2024-11-03,2024-11-03 23:10:04,23
3476,רשת 13,2024-11-03,2024-11-03 23:10:25,23
3477,רשת 13,2024-11-03,2024-11-03 23:10:42,23
3478,רשת 13,2024-11-03,2024-11-03 23:11:00,23
3479,רשת 13,2024-11-03,2024-11-03 23:11:40,23
3480,רשת 13,2024-11-03,2024-11-03 23:12:26,23
3481,רשת 13,2024-11-03,2024-11-03 23:12:35,23
3482,רשת 13,2024-11-03,2024-11-03 23:13:42,23
3483,רשת 13,2024-11-03,2024-11-03 23:44:14,23
3484,רשת 13,2024-11-03,2024-11-03 23:45:00,23
3485,רשת 13,2024-11-03,2024-11-03 23:45:06,23
3486,רשת 13,2024-11-03,2024-11-03 23:45:12,23
3487,רשת 13,2024-11-03,2024-11-03 23:45:18,23
3488,רשת 13,2024-11-03,2024-11-03 23:45:37,23
3489,רשת 13,2024-11-03,2024-11-03 23:46:19,23
3490,רשת 13,2024-11-03,2024-11-03 23:47:11,23
3491,רשת 13,2024-11-03,2024-11-03 23:47:27,23
3492,רשת 13,2024-11-03,2024-11-03 23:48:14,23
3493,רשת 13,2024-11-03,2024-11-03 23:48:20,23
3494,רשת 13,2024-11-03,2024-11-03 23:48:35,23
3495,רשת 13,2024-11-03,2024-11-03 23:48:45,23
3496,רשת 13,2024-11-03,2024-11-03 23:48:58,23
3497,רשת 13,2024-11-03,2024-11-03 23:49:13,23
3498,רשת 13,2024-11-03,2024-11-03 23:49:19,23
3499,רשת 13,2024-11-03,2024-11-03 23:49:34,23
3500,רשת 13,2024-11-03,2024-11-03 23:49:40,23
3501,רשת 13,2024-11-03,2024-11-03 23:50:08,23
3502,רשת 13,2024-11-03,2024-11-03 23:50:42,23
3503,רשת 13,2024-11-03,2024-11-03 23:51:58,23
3504,רשת 13,2024-11-03,2024-11-03 23:52:04,23
3505,רשת 13,2024-11-03,2024-11-03 00:15:23,0
3506,רשת 13,2024-11-03,2024-11-03 00:16:37,0
3507,רשת 13,2024-11-03,2024-11-03 00:16:43,0
3508,רשת 13,2024-11-03,2024-11-03 00:17:02,0
3509,רשת 13,2024-11-03,2024-11-03 00:17:18,0
3510,רשת 13,2024-11-03,2024-11-03 00:17:45,0
3511,רשת 13,2024-11-03,2024-11-03 00:18:06,0
3512,רשת 13,2024-11-03,2024-11-03 00:18:53,0
3513,רשת 13,2024-11-03,2024-11-03 00:19:08,0
3514,רשת 13,2024-11-03,2024-11-03 00:19:23,0
3515,רשת 13,2024-11-03,2024-11-03 00:19:40,0
3516,רשת 13,2024-11-03,2024-11-03 00:19:55,0
3517,רשת 13,2024-11-03,2024-11-03 00:20:38,0
3518,רשת 13,2024-11-03,2024-11-03 00:21:20,0
3519,רשת 13,2024-11-03,2024-11-03 00:22:06,0
3520,רשת 13,2024-11-03,2024-11-03 00:22:12,0
3521,רשת 13,2024-11-03,2024-11-03 00:22:45,0
3522,רשת 13,2024-11-03,2024-11-03 00:22:51,0
3523,רשת 13,2024-11-03,2024-11-03 00:23:01,0
3524,רשת 13,2024-11-03,2024-11-03 00:32:16,0
3525,רשת 13,2024-11-03,2024-11-03 00:33:10,0
3526,רשת 13,2024-11-03,2024-11-03 00:33:47,0
3527,רשת 13,2024-11-03,2024-11-03 00:34:19,0
3528,רשת 13,2024-11-03,2024-11-03 00:34:34,0
3529,רשת 13,2024-11-03,2024-11-03 00:35:47,0
3530,רשת 13,2024-11-03,2024-11-03 00:36:52,0
3531,רשת 13,2024-11-03,2024-11-03 00:37:26,0
3532,רשת 13,2024-11-03,2024-11-03 01:22:04,1
3533,רשת 13,2024-11-03,2024-11-03 01:23:19,1
3534,רשת 13,2024-11-03,2024-11-03 01:23:38,1
3535,רשת 13,2024-11-03,2024-11-03 01:23:58,1
3536,רשת 13,2024-11-03,2024-11-03 01:24:38,1
3537,רשת 13,2024-11-03,2024-11-03 01:25:20,1
3538,רשת 13,2024-11-03,2024-11-03 01:26:05,1
4673,רשת 13,2024-11-04,2024-11-04 02:13:40,2
4674,רשת 13,2024-11-04,2024-11-04 02:14:21,2
4675,רשת 13,2024-11-04,2024-11-04 02:15:32,2
4676,רשת 13,2024-11-04,2024-11-04 02:16:26,2
4677,רשת 13,2024-11-04,2024-11-04 02:38:23,2
4678,רשת 13,2024-11-04,2024-11-04 02:39:04,2
4679,רשת 13,2024-11-04,2024-11-04 02:40:14,2
4680,רשת 13,2024-11-04,2024-11-04 02:41:09,2
4681,רשת 13,2024-11-04,2024-11-04 05:23:27,5
4682,רשת 13,2024-11-04,2024-11-04 05:24:08,5
4683,רשת 13,2024-11-04,2024-11-04 05:25:02,5
4684,רשת 13,2024-11-04,2024-11-04 05:49:22,5
4685,רשת 13,2024-11-04,2024-11-04 05:50:03,5
4686,רשת 13,2024-11-04,2024-11-04 06:14:32,6
4687,רשת 13,2024-11-04,2024-11-04 06:15:18,6
4688,רשת 13,2024-11-04,2024-11-04 06:15:26,6
4689,רשת 13,2024-11-04,2024-11-04 06:15:32,6
4690,רשת 13,2024-11-04,2024-11-04 06:15:54,6
4691,רשת 13,2024-11-04,2024-11-04 06:16:07,6
4692,רשת 13,2024-11-04,2024-11-04 06:16:22,6
4693,רשת 13,2024-11-04,2024-11-04 06:16:34,6
4694,רשת 13,2024-11-04,2024-11-04 06:17:07,6
4695,רשת 13,2024-11-04,2024-11-04 06:17:48,6
4696,רשת 13,2024-11-04,2024-11-04 06:18:22,6
4697,רשת 13,2024-11-04,2024-11-04 06:18:33,6
4698,רשת 13,2024-11-04,2024-11-04 06:18:41,6
4699,רשת 13,2024-11-04,2024-11-04 06:18:47,6
4700,רשת 13,2024-11-04,2024-11-04 07:15:14,7
4701,רשת 13,2024-11-04,2024-11-04 07:15:38,7
4702,רשת 13,2024-11-04,2024-11-04 07:16:45,7
4703,רשת 13,2024-11-04,2024-11-04 07:16:56,7
4704,רשת 13,2024-11-04,2024-11-04 07:17:04,7
4705,רשת 13,2024-11-04,2024-11-04 07:17:10,7
4706,רשת 13,2024-11-04,2024-11-04 07:17:16,7
4707,רשת 13,2024-11-04,2024-11-04 07:17:37,7
4708,רשת 13,2024-11-04,2024-11-04 07:17:58,7
4709,רשת 13,2024-11-04,2024-11-04 07:18:43,7
4710,רשת 13,2024-11-04,2024-11-04 07:19:05,7
4711,רשת 13,2024-11-04,2024-11-04 07:19:25,7
4712,רשת 13,2024-11-04,2024-11-04 07:19:37,7
4713,רשת 13,2024-11-04,2024-11-04 07:19:51,7
4714,רשת 13,2024-11-04,2024-11-04 07:20:22,7
4715,רשת 13,2024-11-04,2024-11-04 07:20:34,7
4716,רשת 13,2024-11-04,2024-11-04 07:20:54,7
4717,רשת 13,2024-11-04,2024-11-04 07:21:22,7
4718,רשת 13,2024-11-04,2024-11-04 07:22:38,7
4719,רשת 13,2024-11-04,2024-11-04 07:22:44,7
4720,רשת 13,2024-11-04,2024-11-04 07:22:49,7
4721,רשת 13,2024-11-04,2024-11-04 07:37:23,7
4722,רשת 13,2024-11-04,2024-11-04 07:38:09,7
4723,רשת 13,2024-11-04,2024-11-04 07:38:17,7
4724,רשת 13,2024-11-04,2024-11-04 07:38:23,7
4725,רשת 13,2024-11-04,2024-11-04 07:38:29,7
4726,רשת 13,2024-11-04,2024-11-04 07:38:51,7
4727,רשת 13,2024-11-04,2024-11-04 07:39:27,7
4728,רשת 13,2024-11-04,2024-11-04 07:39:54,7
4729,רשת 13,2024-11-04,2024-11-04 07:40:10,7
4730,רשת 13,2024-11-04,2024-11-04 07:40:27,7
4731,רשת 13,2024-11-04,2024-11-04 07:40:51,7
4732,רשת 13,2024-11-04,2024-11-04 07:41:19,7
4733,רשת 13,2024-11-04,2024-11-04 07:41:25,7
4734,רשת 13,2024-11-04,2024-11-04 07:41:40,7
4735,רשת 13,2024-11-04,2024-11-04 07:42:10,7
4736,רשת 13,2024-11-04,2024-11-04 07:42:25,7
4737,רשת 13,2024-11-04,2024-11-04 07:42:46,7
4738,רשת 13,2024-11-04,2024-11-04 07:43:28,7
4739,רשת 13,2024-11-04,2024-11-04 07:44:09,7
4740,רשת 13,2024-11-04,2024-11-04 07:44:43,7
4741,רשת 13,2024-11-04,2024-11-04 08:06:56,8
4742,רשת 13,2024-11-04,2024-11-04 08:07:30,8
4743,רשת 13,2024-11-04,2024-11-04 08:14:09,8
4744,רשת 13,2024-11-04,2024-11-04 08:14:33,8
4745,רשת 13,2024-11-04,2024-11-04 08:15:40,8
4746,רשת 13,2024-11-04,2024-11-04 08:15:51,8
4747,רשת 13,2024-11-04,2024-11-04 08:15:57,8
4748,רשת 13,2024-11-04,2024-11-04 08:16:05,8
4749,רשת 13,2024-11-04,2024-11-04 08:16:11,8
4750,רשת 13,2024-11-04,2024-11-04 08:16:17,8
4751,רשת 13,2024-11-04,2024-11-04 08:16:23,8
4752,רשת 13,2024-11-04,2024-11-04 08:16:36,8
4753,רשת 13,2024-11-04,2024-11-04 08:17:12,8
4754,רשת 13,2024-11-04,2024-11-04 08:17:27,8
4755,רשת 13,2024-11-04,2024-11-04 08:18:49,8
4756,רשת 13,2024-11-04,2024-11-04 08:19:36,8
4757,רשת 13,2024-11-04,2024-11-04 08:19:42,8
4758,רשת 13,2024-11-04,2024-11-04 08:19:54,8
4759,רשת 13,2024-11-04,2024-11-04 08:20:08,8
4760,רשת 13,2024-11-04,2024-11-04 08:20:44,8
4761,רשת 13,2024-11-04,2024-11-04 08:20:56,8
4762,רשת 13,2024-11-04,2024-11-04 08:21:02,8
4763,רשת 13,2024-11-04,2024-11-04 08:21:36,8
4764,רשת 13,2024-11-04,2024-11-04 08:41:38,8
4765,רשת 13,2024-11-04,2024-11-04 08:42:24,8
4766,רשת 13,2024-11-04,2024-11-04 08:42:30,8
4767,רשת 13,2024-11-04,2024-11-04 08:42:38,8
4768,רשת 13,2024-11-04,2024-11-04 08:42:44,8
4769,רשת 13,2024-11-04,2024-11-04 08:42:50,8
4770,רשת 13,2024-11-04,2024-11-04 08:42:56,8
4771,רשת 13,2024-11-04,2024-11-04 08:43:09,8
4772,רשת 13,2024-11-04,2024-11-04 08:43:25,8
4773,רשת 13,2024-11-04,2024-11-04 08:43:52,8
4774,רשת 13,2024-11-04,2024-11-04 08:44:07,8
4775,רשת 13,2024-11-04,2024-11-04 08:44:21,8
4776,רשת 13,2024-11-04,2024-11-04 08:44:39,8
4777,רשת 13,2024-11-04,2024-11-04 08:44:46,8
4778,רשת 13,2024-11-04,2024-11-04 08:45:14,8
4779,רשת 13,2024-11-04,2024-11-04 08:45:27,8
4780,רשת 13,2024-11-04,2024-11-04 08:45:55,8
4781,רשת 13,2024-11-04,2024-11-04 08:46:10,8
4782,רשת 13,2024-11-04,2024-11-04 08:46:45,8
4783,רשת 13,2024-11-04,2024-11-04 08:46:51,8
4784,רשת 13,2024-11-04,2024-11-04 08:47:23,8
4785,רשת 13,2024-11-04,2024-11-04 08:47:42,8
4786,רשת 13,2024-11-04,2024-11-04 08:47:48,8
4787,רשת 13,2024-11-04,2024-11-04 08:47:54,8
4788,רשת 13,2024-11-04,2024-11-04 08:48:22,8
4789,רשת 13,2024-11-04,2024-11-04 08:48:55,8
4790,רשת 13,2024-11-04,2024-11-04 09:07:00,9
4791,רשת 13,2024-11-04,2024-11-04 09:07:33,9
4792,רשת 13,2024-11-04,2024-11-04 09:15:17,9
4793,רשת 13,2024-11-04,2024-11-04 09:16:03,9
4794,רשת 13,2024-11-04,2024-11-04 09:16:11,9
4795,רשת 13,2024-11-04,2024-11-04 09:16:17,9
4796,רשת 13,2024-11-04,2024-11-04 09:16:23,9
4797,רשת 13,2024-11-04,2024-11-04 09:16:29,9
4798,רשת 13,2024-11-04,2024-11-04 09:16:42,9
4799,רשת 13,2024-11-04,2024-11-04 09:17:18,9
4800,רשת 13,2024-11-04,2024-11-04 09:17:50,9
4801,רשת 13,2024-11-04,2024-11-04 09:18:19,9
4802,רשת 13,2024-11-04,2024-11-04 09:18:54,9
4803,רשת 13,2024-11-04,2024-11-04 09:19:22,9
4804,רשת 13,2024-11-04,2024-11-04 09:19:37,9
4805,רשת 13,2024-11-04,2024-11-04 09:20:35,9
4806,רשת 13,2024-11-04,2024-11-04 09:21:12,9
4807,רשת 13,2024-11-04,2024-11-04 09:40:01,9
4808,רשת 13,2024-11-04,2024-11-04 09:40:47,9
4809,רשת 13,2024-11-04,2024-11-04 09:40:55,9
4810,רשת 13,2024-11-04,2024-11-04 09:41:01,9
4811,רשת 13,2024-11-04,2024-11-04 09:41:07,9
4812,רשת 13,2024-11-04,2024-11-04 09:41:20,9
4813,רשת 13,2024-11-04,2024-11-04 09:41:35,9
4814,רשת 13,2024-11-04,2024-11-04 09:42:02,9
4815,רשת 13,2024-11-04,2024-11-04 09:42:17,9
4816,רשת 13,2024-11-04,2024-11-04 09:42:31,9
4817,רשת 13,2024-11-04,2024-11-04 09:42:46,9
4818,רשת 13,2024-11-04,2024-11-04 09:43:08,9
4819,רשת 13,2024-11-04,2024-11-04 09:43:36,9
4820,רשת 13,2024-11-04,2024-11-04 09:43:51,9
4821,רשת 13,2024-11-04,2024-11-04 09:44:07,9
4822,רשת 13,2024-11-04,2024-11-04 09:44:27,9
4823,רשת 13,2024-11-04,2024-11-04 09:44:56,9
4824,רשת 13,2024-11-04,2024-11-04 09:45:16,9
4825,רשת 13,2024-11-04,2024-11-04 09:46:08,9
4826,רשת 13,2024-11-04,2024-11-04 09:46:50,9
4827,רשת 13,2024-11-04,2024-11-04 10:06:18,10
4828,רשת 13,2024-11-04,2024-11-04 10:06:52,10
4829,רשת 13,2024-11-04,2024-11-04 10:28:52,10
4830,רשת 13,2024-11-04,2024-11-04 10:29:33,10
4831,רשת 13,2024-11-04,2024-11-04 10:30:12,10
4832,רשת 13,2024-11-04,2024-11-04 10:30:20,10
4833,רשת 13,2024-11-04,2024-11-04 10:30:26,10
4834,רשת 13,2024-11-04,2024-11-04 10:30:39,10
4835,רשת 13,2024-11-04,2024-11-04 10:31:01,10
4836,רשת 13,2024-11-04,2024-11-04 10:31:37,10
4837,רשת 13,2024-11-04,2024-11-04 10:31:51,10
4838,רשת 13,2024-11-04,2024-11-04 10:32:06,10
4839,רשת 13,2024-11-04,2024-11-04 10:32:18,10
4840,רשת 13,2024-11-04,2024-11-04 10:32:33,10
4841,רשת 13,2024-11-04,2024-11-04 10:33:01,10
4842,רשת 13,2024-11-04,2024-11-04 10:33:29,10
4843,רשת 13,2024-11-04,2024-11-04 10:33:41,10
4844,רשת 13,2024-11-04,2024-11-04 10:34:09,10
4845,רשת 13,2024-11-04,2024-11-04 10:34:28,10
4846,רשת 13,2024-11-04,2024-11-04 10:35:43,10
4847,רשת 13,2024-11-04,2024-11-04 11:07:03,11
4848,רשת 13,2024-11-04,2024-11-04 11:07:37,11
4849,רשת 13,2024-11-04,2024-11-04 11:29:14,11
4850,רשת 13,2024-11-04,2024-11-04 11:30:25,11
4851,רשת 13,2024-11-04,2024-11-04 11:31:11,11
4852,רשת 13,2024-11-04,2024-11-04 11:31:16,11
4853,רשת 13,2024-11-04,2024-11-04 11:31:22,11
4854,רשת 13,2024-11-04,2024-11-04 11:31:28,11
4855,רשת 13,2024-11-04,2024-11-04 11:31:48,11
4856,רשת 13,2024-11-04,2024-11-04 11:32:17,11
4857,רשת 13,2024-11-04,2024-11-04 11:32:53,11
4858,רשת 13,2024-11-04,2024-11-04 11:33:08,11
4859,רשת 13,2024-11-04,2024-11-04 11:33:36,11
4860,רשת 13,2024-11-04,2024-11-04 11:34:00,11
4861,רשת 13,2024-11-04,2024-11-04 11:34:28,11
4862,רשת 13,2024-11-04,2024-11-04 11:35:20,11
4863,רשת 13,2024-11-04,2024-11-04 11:35:35,11
4864,רשת 13,2024-11-04,2024-11-04 11:36:10,11
4865,רשת 13,2024-11-04,2024-11-04 11:36:52,11
4866,רשת 13,2024-11-04,2024-11-04 11:37:34,11
4867,רשת 13,2024-11-04,2024-11-04 11:37:40,11
4868,רשת 13,2024-11-04,2024-11-04 11:37:46,11
4869,רשת 13,2024-11-04,2024-11-04 11:37:52,11
4870,רשת 13,2024-11-04,2024-11-04 12:05:19,12
4871,רשת 13,2024-11-04,2024-11-04 12:05:53,12
4872,רשת 13,2024-11-04,2024-11-04 12:22:47,12
4873,רשת 13,2024-11-04,2024-11-04 12:23:32,12
4874,רשת 13,2024-11-04,2024-11-04 12:23:38,12
4875,רשת 13,2024-11-04,2024-11-04 12:23:44,12
4876,רשת 13,2024-11-04,2024-11-04 12:23:50,12
4877,רשת 13,2024-11-04,2024-11-04 12:23:56,12
4878,רשת 13,2024-11-04,2024-11-04 12:24:15,12
4879,רשת 13,2024-11-04,2024-11-04 12:24:37,12
4880,רשת 13,2024-11-04,2024-11-04 12:24:51,12
4881,רשת 13,2024-11-04,2024-11-04 12:25:18,12
4882,רשת 13,2024-11-04,2024-11-04 12:25:33,12
4883,רשת 13,2024-11-04,2024-11-04 12:26:43,12
4884,רשת 13,2024-11-04,2024-11-04 12:27:11,12
4885,רשת 13,2024-11-04,2024-11-04 12:27:29,12
4886,רשת 13,2024-11-04,2024-11-04 12:27:57,12
4887,רשת 13,2024-11-04,2024-11-04 12:28:12,12
4888,רשת 13,2024-11-04,2024-11-04 12:28:40,12
4889,רשת 13,2024-11-04,2024-11-04 12:28:59,12
4890,רשת 13,2024-11-04,2024-11-04 12:50:13,12
4891,רשת 13,2024-11-04,2024-11-04 12:50:38,12
4892,רשת 13,2024-11-04,2024-11-04 12:50:44,12
4893,רשת 13,2024-11-04,2024-11-04 12:50:50,12
4894,רשת 13,2024-11-04,2024-11-04 12:50:56,12
4895,רשת 13,2024-11-04,2024-11-04 13:06:48,13
4896,רשת 13,2024-11-04,2024-11-04 13:07:21,13
4897,רשת 13,2024-11-04,2024-11-04 13:12:42,13
4898,רשת 13,2024-11-04,2024-11-04 13:28:01,13
4899,רשת 13,2024-11-04,2024-11-04 13:28:27,13
4900,רשת 13,2024-11-04,2024-11-04 13:28:33,13
4901,רשת 13,2024-11-04,2024-11-04 13:28:39,13
4902,רשת 13,2024-11-04,2024-11-04 13:28:50,13
4903,רשת 13,2024-11-04,2024-11-04 13:29:12,13
4904,רשת 13,2024-11-04,2024-11-04 13:29:27,13
4905,רשת 13,2024-11-04,2024-11-04 13:29:54,13
4906,רשת 13,2024-11-04,2024-11-04 13:30:08,13
4907,רשת 13,2024-11-04,2024-11-04 13:30:23,13
4908,רשת 13,2024-11-04,2024-11-04 13:30:51,13
4909,רשת 13,2024-11-04,2024-11-04 13:31:19,13
4910,רשת 13,2024-11-04,2024-11-04 13:31:53,13
4911,רשת 13,2024-11-04,2024-11-04 13:32:58,13
4912,רשת 13,2024-11-04,2024-11-04 13:33:04,13
4913,רשת 13,2024-11-04,2024-11-04 13:33:10,13
4914,רשת 13,2024-11-04,2024-11-04 14:04:54,14
4915,רשת 13,2024-11-04,2024-11-04 14:05:28,14
4916,רשת 13,2024-11-04,2024-11-04 14:35:04,14
4917,רשת 13,2024-11-04,2024-11-04 14:35:30,14
4918,רשת 13,2024-11-04,2024-11-04 14:35:42,14
4919,רשת 13,2024-11-04,2024-11-04 14:36:18,14
4920,רשת 13,2024-11-04,2024-11-04 14:36:47,14
4921,רשת 13,2024-11-04,2024-11-04 14:37:01,14
4922,רשת 13,2024-11-04,2024-11-04 14:37:29,14
4923,רשת 13,2024-11-04,2024-11-04 14:37:44,14
4924,רשת 13,2024-11-04,2024-11-04 14:37:59,14
4925,רשת 13,2024-11-04,2024-11-04 14:38:21,14
4926,רשת 13,2024-11-04,2024-11-04 14:38:48,14
4927,רשת 13,2024-11-04,2024-11-04 14:39:16,14
4928,רשת 13,2024-11-04,2024-11-04 14:39:36,14
4929,רשת 13,2024-11-04,2024-11-04 14:40:23,14
4930,רשת 13,2024-11-04,2024-11-04 14:40:29,14
4931,רשת 13,2024-11-04,2024-11-04 15:43:07,15
4932,רשת 13,2024-11-04,2024-11-04 15:43:52,15
4933,רשת 13,2024-11-04,2024-11-04 15:43:58,15
4934,רשת 13,2024-11-04,2024-11-04 15:44:04,15
4935,רשת 13,2024-11-04,2024-11-04 15:44:16,15
4936,רשת 13,2024-11-04,2024-11-04 15:44:31,15
4937,רשת 13,2024-11-04,2024-11-04 15:44:46,15
4938,רשת 13,2024-11-04,2024-11-04 15:45:14,15
4939,רשת 13,2024-11-04,2024-11-04 15:45:29,15
4940,רשת 13,2024-11-04,2024-11-04 15:46:10,15
4941,רשת 13,2024-11-04,2024-11-04 15:47:24,15
4942,רשת 13,2024-11-04,2024-11-04 15:47:58,15
4943,רשת 13,2024-11-04,2024-11-04 15:48:08,15
4944,רשת 13,2024-11-04,2024-11-04 15:48:14,15
4945,רשת 13,2024-11-04,2024-11-04 15:48:20,15
4946,רשת 13,2024-11-04,2024-11-04 16:38:37,16
4947,רשת 13,2024-11-04,2024-11-04 16:39:22,16
4948,רשת 13,2024-11-04,2024-11-04 16:39:30,16
4949,רשת 13,2024-11-04,2024-11-04 16:39:36,16
4950,רשת 13,2024-11-04,2024-11-04 16:39:42,16
4951,רשת 13,2024-11-04,2024-11-04 16:39:48,16
4952,רשת 13,2024-11-04,2024-11-04 16:39:56,16
4953,רשת 13,2024-11-04,2024-11-04 16:40:08,16
4954,רשת 13,2024-11-04,2024-11-04 16:40:29,16
4955,רשת 13,2024-11-04,2024-11-04 16:40:46,16
4956,רשת 13,2024-11-04,2024-11-04 16:41:01,16
4957,רשת 13,2024-11-04,2024-11-04 16:41:36,16
4958,רשת 13,2024-11-04,2024-11-04 16:41:58,16
4959,רשת 13,2024-11-04,2024-11-04 16:42:13,16
4960,רשת 13,2024-11-04,2024-11-04 16:42:41,16
4961,רשת 13,2024-11-04,2024-11-04 16:43:12,16
4962,רשת 13,2024-11-04,2024-11-04 16:43:27,16
4963,רשת 13,2024-11-04,2024-11-04 16:43:59,16
4964,רשת 13,2024-11-04,2024-11-04 16:44:33,16
4965,רשת 13,2024-11-04,2024-11-04 16:45:48,16
4966,רשת 13,2024-11-04,2024-11-04 16:46:22,16
4967,רשת 13,2024-11-04,2024-11-04 16:46:32,16
4968,רשת 13,2024-11-04,2024-11-04 16:46:40,16
4969,רשת 13,2024-11-04,2024-11-04 16:46:46,16
4970,רשת 13,2024-11-04,2024-11-04 16:46:52,16
4971,רשת 13,2024-11-04,2024-11-04 17:12:39,17
4972,רשת 13,2024-11-04,2024-11-04 17:13:25,17
4973,רשת 13,2024-11-04,2024-11-04 17:13:31,17
4974,רשת 13,2024-11-04,2024-11-04 17:13:39,17
4975,רשת 13,2024-11-04,2024-11-04 17:13:45,17
4976,רשת 13,2024-11-04,2024-11-04 17:13:51,17
4977,רשת 13,2024-11-04,2024-11-04 17:13:57,17
4978,רשת 13,2024-11-04,2024-11-04 17:14:11,17
4979,רשת 13,2024-11-04,2024-11-04 17:14:33,17
4980,רשת 13,2024-11-04,2024-11-04 17:15:18,17
4981,רשת 13,2024-11-04,2024-11-04 17:15:33,17
4982,רשת 13,2024-11-04,2024-11-04 17:15:48,17
4983,רשת 13,2024-11-04,2024-11-04 17:16:12,17
4984,רשת 13,2024-11-04,2024-11-04 17:16:41,17
4985,רשת 13,2024-11-04,2024-11-04 17:17:16,17
4986,רשת 13,2024-11-04,2024-11-04 17:17:44,17
4987,רשת 13,2024-11-04,2024-11-04 17:18:04,17
4988,רשת 13,2024-11-04,2024-11-04 17:18:19,17
4989,רשת 13,2024-11-04,2024-11-04 17:18:51,17
4990,רשת 13,2024-11-04,2024-11-04 17:19:11,17
4991,רשת 13,2024-11-04,2024-11-04 17:19:41,17
4992,רשת 13,2024-11-04,2024-11-04 17:19:56,17
4993,רשת 13,2024-11-04,2024-11-04 17:20:25,17
4994,רשת 13,2024-11-04,2024-11-04 17:20:55,17
4995,רשת 13,2024-11-04,2024-11-04 17:21:29,17
4996,רשת 13,2024-11-04,2024-11-04 17:21:40,17
4997,רשת 13,2024-11-04,2024-11-04 17:21:46,17
4998,רשת 13,2024-11-04,2024-11-04 17:21:54,17
4999,רשת 13,2024-11-04,2024-11-04 17:22:00,17
5000,רשת 13,2024-11-04,2024-11-04 17:22:06,17
5001,רשת 13,2024-11-04,2024-11-04 17:22:12,17
5002,רשת 13,2024-11-04,2024-11-04 17:53:26,17
5003,רשת 13,2024-11-04,2024-11-04 17:54:26,17
5004,רשת 13,2024-11-04,2024-11-04 18:32:23,18
5005,רשת 13,2024-11-04,2024-11-04 18:33:09,18
5006,רשת 13,2024-11-04,2024-11-04 18:33:15,18
5007,רשת 13,2024-11-04,2024-11-04 18:33:21,18
5008,רשת 13,2024-11-04,2024-11-04 18:33:29,18
5009,רשת 13,2024-11-04,2024-11-04 18:33:35,18
5010,רשת 13,2024-11-04,2024-11-04 18:33:41,18
5011,רשת 13,2024-11-04,2024-11-04 18:33:47,18
5012,רשת 13,2024-11-04,2024-11-04 18:34:01,18
5013,רשת 13,2024-11-04,2024-11-04 18:34:30,18
5014,רשת 13,2024-11-04,2024-11-04 18:35:15,18
5015,רשת 13,2024-11-04,2024-11-04 18:35:30,18
5016,רשת 13,2024-11-04,2024-11-04 18:36:17,18
5017,רשת 13,2024-11-04,2024-11-04 18:36:23,18
5018,רשת 13,2024-11-04,2024-11-04 18:36:35,18
5019,רשת 13,2024-11-04,2024-11-04 18:37:02,18
5020,רשת 13,2024-11-04,2024-11-04 18:37:08,18
5021,רשת 13,2024-11-04,2024-11-04 18:37:20,18
5022,רשת 13,2024-11-04,2024-11-04 18:37:35,18
5023,רשת 13,2024-11-04,2024-11-04 18:38:03,18
5024,רשת 13,2024-11-04,2024-11-04 18:38:09,18
5025,רשת 13,2024-11-04,2024-11-04 18:38:24,18
5026,רשת 13,2024-11-04,2024-11-04 18:38:58,18
5027,רשת 13,2024-11-04,2024-11-04 18:40:13,18
5028,רשת 13,2024-11-04,2024-11-04 18:40:47,18
5029,רשת 13,2024-11-04,2024-11-04 18:40:58,18
5030,רשת 13,2024-11-04,2024-11-04 18:41:06,18
5031,רשת 13,2024-11-04,2024-11-04 18:41:12,18
5032,רשת 13,2024-11-04,2024-11-04 18:41:18,18
5033,רשת 13,2024-11-04,2024-11-04 18:41:24,18
5034,רשת 13,2024-11-04,2024-11-04 18:41:30,18
5035,רשת 13,2024-11-04,2024-11-04 18:59:19,18
5036,רשת 13,2024-11-04,2024-11-04 18:59:40,18
5037,רשת 13,2024-11-04,2024-11-04 19:00:56,19
5038,רשת 13,2024-11-04,2024-11-04 19:01:02,19
5039,רשת 13,2024-11-04,2024-11-04 19:01:08,19
5040,רשת 13,2024-11-04,2024-11-04 19:01:16,19
5041,רשת 13,2024-11-04,2024-11-04 19:01:22,19
5042,רשת 13,2024-11-04,2024-11-04 19:01:28,19
5043,רשת 13,2024-11-04,2024-11-04 19:01:34,19
5044,רשת 13,2024-11-04,2024-11-04 19:01:40,19
5045,רשת 13,2024-11-04,2024-11-04 19:01:54,19
5046,רשת 13,2024-11-04,2024-11-04 19:02:30,19
5047,רשת 13,2024-11-04,2024-11-04 19:03:01,19
5048,רשת 13,2024-11-04,2024-11-04 19:03:22,19
5049,רשת 13,2024-11-04,2024-11-04 19:04:09,19
5050,רשת 13,2024-11-04,2024-11-04 19:05:19,19
5051,רשת 13,2024-11-04,2024-11-04 19:05:31,19
5052,רשת 13,2024-11-04,2024-11-04 19:05:47,19
5053,רשת 13,2024-11-04,2024-11-04 19:06:39,19
5054,רשת 13,2024-11-04,2024-11-04 19:06:51,19
5055,רשת 13,2024-11-04,2024-11-04 19:07:04,19
5056,רשת 13,2024-11-04,2024-11-04 19:07:19,19
5057,רשת 13,2024-11-04,2024-11-04 19:07:47,19
5058,רשת 13,2024-11-04,2024-11-04 19:07:53,19
5059,רשת 13,2024-11-04,2024-11-04 19:08:15,19
5060,רשת 13,2024-11-04,2024-11-04 19:08:48,19
5061,רשת 13,2024-11-04,2024-11-04 19:08:54,19
5062,רשת 13,2024-11-04,2024-11-04 19:09:00,19
5063,רשת 13,2024-11-04,2024-11-04 19:09:06,19
5064,רשת 13,2024-11-04,2024-11-04 19:09:12,19
5065,רשת 13,2024-11-04,2024-11-04 19:09:18,19
5066,רשת 13,2024-11-04,2024-11-04 19:09:24,19
5067,רשת 13,2024-11-04,2024-11-04 19:09:30,19
5068,רשת 13,2024-11-04,2024-11-04 19:50:54,19
5069,רשת 13,2024-11-04,2024-11-04 19:51:54,19
5070,רשת 13,2024-11-04,2024-11-04 19:52:59,19
5071,רשת 13,2024-11-04,2024-11-04 20:38:45,20
5072,רשת 13,2024-11-04,2024-11-04 20:39:30,20
5073,רשת 13,2024-11-04,2024-11-04 20:39:36,20
5074,רשת 13,2024-11-04,2024-11-04 20:39:42,20
5075,רשת 13,2024-11-04,2024-11-04 20:39:48,20
5076,רשת 13,2024-11-04,2024-11-04 20:39:59,20
5077,רשת 13,2024-11-04,2024-11-04 20:40:28,20
5078,רשת 13,2024-11-04,2024-11-04 20:41:03,20
5079,רשת 13,2024-11-04,2024-11-04 20:41:17,20
5080,רשת 13,2024-11-04,2024-11-04 20:41:45,20
5081,רשת 13,2024-11-04,2024-11-04 20:42:03,20
5082,רשת 13,2024-11-04,2024-11-04 20:42:24,20
5083,רשת 13,2024-11-04,2024-11-04 20:43:24,20
5084,רשת 13,2024-11-04,2024-11-04 20:43:40,20
5085,רשת 13,2024-11-04,2024-11-04 20:44:13,20
5086,רשת 13,2024-11-04,2024-11-04 20:44:28,20
5087,רשת 13,2024-11-04,2024-11-04 20:44:38,20
5088,רשת 13,2024-11-04,2024-11-04 20:44:44,20
5089,רשת 13,2024-11-04,2024-11-04 20:45:42,20
5090,רשת 13,2024-11-04,2024-11-04 20:45:58,20
5091,רשת 13,2024-11-04,2024-11-04 21:05:16,21
5092,רשת 13,2024-11-04,2024-11-04 21:06:02,21
5093,רשת 13,2024-11-04,2024-11-04 21:06:35,21
5094,רשת 13,2024-11-04,2024-11-04 21:07:04,21
5095,רשת 13,2024-11-04,2024-11-04 21:07:49,21
5096,רשת 13,2024-11-04,2024-11-04 21:08:05,21
5097,רשת 13,2024-11-04,2024-11-04 21:08:20,21
5098,רשת 13,2024-11-04,2024-11-04 21:08:34,21
5099,רשת 13,2024-11-04,2024-11-04 21:08:40,21
5100,רשת 13,2024-11-04,2024-11-04 21:08:57,21
5101,רשת 13,2024-11-04,2024-11-04 21:09:32,21
5102,רשת 13,2024-11-04,2024-11-04 21:09:38,21
5103,רשת 13,2024-11-04,2024-11-04 21:09:53,21
5104,רשת 13,2024-11-04,2024-11-04 21:10:06,21
5105,רשת 13,2024-11-04,2024-11-04 21:10:27,21
5106,רשת 13,2024-11-04,2024-11-04 21:10:33,21
5107,רשת 13,2024-11-04,2024-11-04 21:10:39,21
5108,רשת 13,2024-11-04,2024-11-04 21:10:45,21
5109,רשת 13,2024-11-04,2024-11-04 21:11:13,21
5110,רשת 13,2024-11-04,2024-11-04 21:12:09,21
5111,רשת 13,2024-11-04,2024-11-04 21:12:25,21
5112,רשת 13,2024-11-04,2024-11-04 21:13:03,21
5113,רשת 13,2024-11-04,2024-11-04 21:13:11,21
5114,רשת 13,2024-11-04,2024-11-04 21:13:17,21
5115,רשת 13,2024-11-04,2024-11-04 21:13:23,21
5116,רשת 13,2024-11-04,2024-11-04 21:29:39,21
5117,רשת 13,2024-11-04,2024-11-04 21:29:54,21
5118,רשת 13,2024-11-04,2024-11-04 21:30:23,21
5119,רשת 13,2024-11-04,2024-11-04 21:30:45,21
5120,רשת 13,2024-11-04,2024-11-04 21:31:41,21
5121,רשת 13,2024-11-04,2024-11-04 21:31:47,21
5122,רשת 13,2024-11-04,2024-11-04 21:32:58,21
5123,רשת 13,2024-11-04,2024-11-04 21:33:04,21
5124,רשת 13,2024-11-04,2024-11-04 21:52:45,21
5125,רשת 13,2024-11-04,2024-11-04 22:12:29,22
5126,רשת 13,2024-11-04,2024-11-04 22:13:48,22
5127,רשת 13,2024-11-04,2024-11-04 22:13:53,22
5128,רשת 13,2024-11-04,2024-11-04 22:13:59,22
5129,רשת 13,2024-11-04,2024-11-04 22:14:07,22
5130,רשת 13,2024-11-04,2024-11-04 22:14:13,22
5131,רשת 13,2024-11-04,2024-11-04 22:14:19,22
5132,רשת 13,2024-11-04,2024-11-04 22:14:25,22
5133,רשת 13,2024-11-04,2024-11-04 22:14:39,22
5134,רשת 13,2024-11-04,2024-11-04 22:15:22,22
5135,רשת 13,2024-11-04,2024-11-04 22:16:07,22
5136,רשת 13,2024-11-04,2024-11-04 22:16:36,22
5137,רשת 13,2024-11-04,2024-11-04 22:17:23,22
5138,רשת 13,2024-11-04,2024-11-04 22:17:38,22
5139,רשת 13,2024-11-04,2024-11-04 22:17:52,22
5140,רשת 13,2024-11-04,2024-11-04 22:18:16,22
5141,רשת 13,2024-11-04,2024-11-04 22:19:01,22
5142,רשת 13,2024-11-04,2024-11-04 22:19:37,22
5143,רשת 13,2024-11-04,2024-11-04 22:20:12,22
5144,רשת 13,2024-11-04,2024-11-04 22:20:33,22
5145,רשת 13,2024-11-04,2024-11-04 22:20:45,22
5146,רשת 13,2024-11-04,2024-11-04 22:21:00,22
5147,רשת 13,2024-11-04,2024-11-04 22:21:36,22
5148,רשת 13,2024-11-04,2024-11-04 22:22:11,22
5149,רשת 13,2024-11-04,2024-11-04 22:22:23,22
5150,רשת 13,2024-11-04,2024-11-04 22:23:56,22
5151,רשת 13,2024-11-04,2024-11-04 22:24:02,22
5152,רשת 13,2024-11-04,2024-11-04 22:24:08,22
5153,רשת 13,2024-11-04,2024-11-04 22:24:14,22
5154,רשת 13,2024-11-04,2024-11-04 22:24:20,22
5155,רשת 13,2024-11-04,2024-11-04 22:24:26,22
5156,רשת 13,2024-11-04,2024-11-04 22:24:32,22
5157,רשת 13,2024-11-04,2024-11-04 22:38:45,22
5158,רשת 13,2024-11-04,2024-11-04 22:49:09,22
5159,רשת 13,2024-11-04,2024-11-04 22:49:15,22
5160,רשת 13,2024-11-04,2024-11-04 22:49:21,22
5161,רשת 13,2024-11-04,2024-11-04 22:49:27,22
5162,רשת 13,2024-11-04,2024-11-04 22:49:33,22
5163,רשת 13,2024-11-04,2024-11-04 22:49:39,22
5164,רשת 13,2024-11-04,2024-11-04 22:49:50,22
5165,רשת 13,2024-11-04,2024-11-04 22:50:35,22
5166,רשת 13,2024-11-04,2024-11-04 22:51:03,22
5167,רשת 13,2024-11-04,2024-11-04 22:51:24,22
5168,רשת 13,2024-11-04,2024-11-04 22:51:40,22
5169,רשת 13,2024-11-04,2024-11-04 22:52:09,22
5170,רשת 13,2024-11-04,2024-11-04 22:52:26,22
5171,רשת 13,2024-11-04,2024-11-04 22:53:01,22
5172,רשת 13,2024-11-04,2024-11-04 22:53:13,22
5173,רשת 13,2024-11-04,2024-11-04 22:53:49,22
5174,רשת 13,2024-11-04,2024-11-04 22:54:42,22
5175,רשת 13,2024-11-04,2024-11-04 22:55:42,22
5176,רשת 13,2024-11-04,2024-11-04 22:56:24,22
5177,רשת 13,2024-11-04,2024-11-04 22:57:03,22
5178,רשת 13,2024-11-04,2024-11-04 22:57:18,22
5179,רשת 13,2024-11-04,2024-11-04 22:57:39,22
5180,רשת 13,2024-11-04,2024-11-04 22:58:01,22
5181,רשת 13,2024-11-04,2024-11-04 22:58:18,22
5182,רשת 13,2024-11-04,2024-11-04 22:58:51,22
5183,רשת 13,2024-11-04,2024-11-04 22:59:03,22
5184,רשת 13,2024-11-04,2024-11-04 22:59:18,22
5185,רשת 13,2024-11-04,2024-11-04 22:59:43,22
5186,רשת 13,2024-11-04,2024-11-04 22:59:49,22
5187,רשת 13,2024-11-04,2024-11-04 22:59:55,22
5188,רשת 13,2024-11-04,2024-11-04 23:00:01,23
5189,רשת 13,2024-11-04,2024-11-04 23:00:07,23
5190,רשת 13,2024-11-04,2024-11-04 23:00:13,23
5191,רשת 13,2024-11-04,2024-11-04 23:06:43,23
5192,רשת 13,2024-11-04,2024-11-04 23:07:19,23
5193,רשת 13,2024-11-04,2024-11-04 23:07:48,23
5194,רשת 13,2024-11-04,2024-11-04 23:08:33,23
5195,רשת 13,2024-11-04,2024-11-04 23:09:01,23
5196,רשת 13,2024-11-04,2024-11-04 23:09:48,23
5197,רשת 13,2024-11-04,2024-11-04 23:10:05,23
5198,רשת 13,2024-11-04,2024-11-04 23:10:41,23
5199,רשת 13,2024-11-04,2024-11-04 23:10:56,23
5200,רשת 13,2024-11-04,2024-11-04 23:11:12,23
5201,רשת 13,2024-11-04,2024-11-04 23:11:54,23
5202,רשת 13,2024-11-04,2024-11-04 23:12:09,23
5203,רשת 13,2024-11-04,2024-11-04 23:12:22,23
5204,רשת 13,2024-11-04,2024-11-04 23:12:37,23
5205,רשת 13,2024-11-04,2024-11-04 23:12:59,23
5206,רשת 13,2024-11-04,2024-11-04 23:13:19,23
5207,רשת 13,2024-11-04,2024-11-04 23:13:25,23
5208,רשת 13,2024-11-04,2024-11-04 23:14:14,23
5209,רשת 13,2024-11-04,2024-11-04 23:14:53,23
5210,רשת 13,2024-11-04,2024-11-04 23:15:14,23
5211,רשת 13,2024-11-04,2024-11-04 23:15:24,23
5212,רשת 13,2024-11-04,2024-11-04 23:16:28,23
5213,רשת 13,2024-11-04,2024-11-04 23:50:35,23
5214,רשת 13,2024-11-04,2024-11-04 23:51:01,23
5215,רשת 13,2024-11-04,2024-11-04 23:51:09,23
5216,רשת 13,2024-11-04,2024-11-04 23:51:15,23
5217,רשת 13,2024-11-04,2024-11-04 23:51:21,23
5218,רשת 13,2024-11-04,2024-11-04 23:51:34,23
5219,רשת 13,2024-11-04,2024-11-04 23:51:50,23
5220,רשת 13,2024-11-04,2024-11-04 23:52:05,23
5221,רשת 13,2024-11-04,2024-11-04 23:52:40,23
5222,רשת 13,2024-11-04,2024-11-04 23:53:13,23
5223,רשת 13,2024-11-04,2024-11-04 23:53:28,23
5224,רשת 13,2024-11-04,2024-11-04 23:53:56,23
5225,רשת 13,2024-11-04,2024-11-04 23:54:31,23
5226,רשת 13,2024-11-04,2024-11-04 23:55:12,23
5227,רשת 13,2024-11-04,2024-11-04 23:55:34,23
5228,רשת 13,2024-11-04,2024-11-04 23:55:47,23
5229,רשת 13,2024-11-04,2024-11-04 23:56:08,23
5230,רשת 13,2024-11-04,2024-11-04 23:56:18,23
5231,רשת 13,2024-11-04,2024-11-04 23:56:49,23
5232,רשת 13,2024-11-04,2024-11-04 23:57:10,23
5233,רשת 13,2024-11-04,2024-11-04 23:57:25,23
5234,רשת 13,2024-11-04,2024-11-04 23:57:45,23
5235,רשת 13,2024-11-04,2024-11-04 23:59:00,23
5236,רשת 13,2024-11-04,2024-11-04 23:59:06,23
5237,רשת 13,2024-11-04,2024-11-04 00:20:35,0
5238,רשת 13,2024-11-04,2024-11-04 00:21:18,0
5239,רשת 13,2024-11-04,2024-11-04 00:21:24,0
5240,רשת 13,2024-11-04,2024-11-04 00:21:35,0
5241,רשת 13,2024-11-04,2024-11-04 00:22:10,0
5242,רשת 13,2024-11-04,2024-11-04 00:22:31,0
5243,רשת 13,2024-11-04,2024-11-04 00:22:46,0
5244,רשת 13,2024-11-04,2024-11-04 00:23:46,0
5245,רשת 13,2024-11-04,2024-11-04 00:24:01,0
5246,רשת 13,2024-11-04,2024-11-04 00:24:16,0
5247,רשת 13,2024-11-04,2024-11-04 00:24:31,0
5248,רשת 13,2024-11-04,2024-11-04 00:25:05,0
5249,רשת 13,2024-11-04,2024-11-04 00:25:38,0
5250,רשת 13,2024-11-04,2024-11-04 00:26:53,0
5251,רשת 13,2024-11-04,2024-11-04 00:27:25,0
5252,רשת 13,2024-11-04,2024-11-04 00:27:35,0
5253,רשת 13,2024-11-04,2024-11-04 00:44:54,0
5254,רשת 13,2024-11-04,2024-11-04 00:45:33,0
5255,רשת 13,2024-11-04,2024-11-04 00:46:12,0
5256,רשת 13,2024-11-04,2024-11-04 00:46:28,0
5257,רשת 13,2024-11-04,2024-11-04 00:47:03,0
5258,רשת 13,2024-11-04,2024-11-04 00:47:24,0
5259,רשת 13,2024-11-04,2024-11-04 00:47:39,0
5260,רשת 13,2024-11-04,2024-11-04 00:48:34,0
5261,רשת 13,2024-11-04,2024-11-04 00:49:48,0
6507,רשת 13,2024-11-05,2024-11-05 02:28:28,2
6508,רשת 13,2024-11-05,2024-11-05 02:28:49,2
6509,רשת 13,2024-11-05,2024-11-05 02:29:23,2
6510,רשת 13,2024-11-05,2024-11-05 02:29:39,2
6511,רשת 13,2024-11-05,2024-11-05 02:30:13,2
6512,רשת 13,2024-11-05,2024-11-05 02:31:13,2
6513,רשת 13,2024-11-05,2024-11-05 02:31:42,2
6514,רשת 13,2024-11-05,2024-11-05 02:32:56,2
6515,רשת 13,2024-11-05,2024-11-05 03:02:40,3
6516,רשת 13,2024-11-05,2024-11-05 03:03:01,3
6517,רשת 13,2024-11-05,2024-11-05 03:03:34,3
6518,רשת 13,2024-11-05,2024-11-05 03:04:39,3
6519,רשת 13,2024-11-05,2024-11-05 03:04:58,3
6520,רשת 13,2024-11-05,2024-11-05 03:05:14,3
6521,רשת 13,2024-11-05,2024-11-05 03:06:25,3
6522,רשת 13,2024-11-05,2024-11-05 05:22:10,5
6523,רשת 13,2024-11-05,2024-11-05 05:22:49,5
6524,רשת 13,2024-11-05,2024-11-05 05:23:22,5
6525,רשת 13,2024-11-05,2024-11-05 05:24:00,5
6526,רשת 13,2024-11-05,2024-11-05 05:25:00,5
6527,רשת 13,2024-11-05,2024-11-05 05:25:29,5
6528,רשת 13,2024-11-05,2024-11-05 05:26:43,5
6529,רשת 13,2024-11-05,2024-11-05 06:15:09,6
6530,רשת 13,2024-11-05,2024-11-05 06:15:53,6
6531,רשת 13,2024-11-05,2024-11-05 06:16:01,6
6532,רשת 13,2024-11-05,2024-11-05 06:16:07,6
6533,רשת 13,2024-11-05,2024-11-05 06:16:21,6
6534,רשת 13,2024-11-05,2024-11-05 06:16:37,6
6535,רשת 13,2024-11-05,2024-11-05 06:16:50,6
6536,רשת 13,2024-11-05,2024-11-05 06:17:05,6
6537,רשת 13,2024-11-05,2024-11-05 06:17:16,6
6538,רשת 13,2024-11-05,2024-11-05 06:17:54,6
6539,רשת 13,2024-11-05,2024-11-05 06:18:25,6
6540,רשת 13,2024-11-05,2024-11-05 06:18:36,6
6541,רשת 13,2024-11-05,2024-11-05 06:18:44,6
6542,רשת 13,2024-11-05,2024-11-05 06:18:50,6
6543,רשת 13,2024-11-05,2024-11-05 07:12:39,7
6544,רשת 13,2024-11-05,2024-11-05 07:13:04,7
6545,רשת 13,2024-11-05,2024-11-05 07:14:08,7
6546,רשת 13,2024-11-05,2024-11-05 07:14:19,7
6547,רשת 13,2024-11-05,2024-11-05 07:14:25,7
6548,רשת 13,2024-11-05,2024-11-05 07:14:33,7
6549,רשת 13,2024-11-05,2024-11-05 07:14:39,7
6550,רשת 13,2024-11-05,2024-11-05 07:14:45,7
6551,רשת 13,2024-11-05,2024-11-05 07:14:59,7
6552,רשת 13,2024-11-05,2024-11-05 07:15:14,7
6553,רשת 13,2024-11-05,2024-11-05 07:15:36,7
6554,רשת 13,2024-11-05,2024-11-05 07:16:21,7
6555,רשת 13,2024-11-05,2024-11-05 07:16:50,7
6556,רשת 13,2024-11-05,2024-11-05 07:17:14,7
6557,רשת 13,2024-11-05,2024-11-05 07:17:28,7
6558,רשת 13,2024-11-05,2024-11-05 07:18:03,7
6559,רשת 13,2024-11-05,2024-11-05 07:18:24,7
6560,רשת 13,2024-11-05,2024-11-05 07:19:00,7
6561,רשת 13,2024-11-05,2024-11-05 07:19:31,7
6562,רשת 13,2024-11-05,2024-11-05 07:20:01,7
6563,רשת 13,2024-11-05,2024-11-05 07:21:08,7
6564,רשת 13,2024-11-05,2024-11-05 07:21:47,7
6565,רשת 13,2024-11-05,2024-11-05 07:21:53,7
6566,רשת 13,2024-11-05,2024-11-05 07:21:59,7
6567,רשת 13,2024-11-05,2024-11-05 07:22:05,7
6568,רשת 13,2024-11-05,2024-11-05 07:22:11,7
6569,רשת 13,2024-11-05,2024-11-05 07:35:56,7
6570,רשת 13,2024-11-05,2024-11-05 07:36:40,7
6571,רשת 13,2024-11-05,2024-11-05 07:36:46,7
6572,רשת 13,2024-11-05,2024-11-05 07:36:54,7
6573,רשת 13,2024-11-05,2024-11-05 07:37:00,7
6574,רשת 13,2024-11-05,2024-11-05 07:37:06,7
6575,רשת 13,2024-11-05,2024-11-05 07:37:12,7
6576,רשת 13,2024-11-05,2024-11-05 07:37:25,7
6577,רשת 13,2024-11-05,2024-11-05 07:37:40,7
6578,רשת 13,2024-11-05,2024-11-05 07:37:56,7
6579,רשת 13,2024-11-05,2024-11-05 07:38:11,7
6580,רשת 13,2024-11-05,2024-11-05 07:38:23,7
6581,רשת 13,2024-11-05,2024-11-05 07:38:37,7
6582,רשת 13,2024-11-05,2024-11-05 07:39:20,7
6583,רשת 13,2024-11-05,2024-11-05 07:39:49,7
6584,רשת 13,2024-11-05,2024-11-05 07:40:20,7
6585,רשת 13,2024-11-05,2024-11-05 07:41:01,7
6586,רשת 13,2024-11-05,2024-11-05 07:41:14,7
6587,רשת 13,2024-11-05,2024-11-05 07:41:34,7
6588,רשת 13,2024-11-05,2024-11-05 07:41:40,7
6589,רשת 13,2024-11-05,2024-11-05 07:42:12,7
6590,רשת 13,2024-11-05,2024-11-05 07:42:18,7
6591,רשת 13,2024-11-05,2024-11-05 07:42:38,7
6592,רשת 13,2024-11-05,2024-11-05 07:43:09,7
6593,רשת 13,2024-11-05,2024-11-05 07:43:43,7
6594,רשת 13,2024-11-05,2024-11-05 07:44:58,7
6595,רשת 13,2024-11-05,2024-11-05 07:45:30,7
6596,רשת 13,2024-11-05,2024-11-05 08:06:56,8
6597,רשת 13,2024-11-05,2024-11-05 08:07:28,8
6598,רשת 13,2024-11-05,2024-11-05 08:12:33,8
6599,רשת 13,2024-11-05,2024-11-05 08:12:58,8
6600,רשת 13,2024-11-05,2024-11-05 08:14:02,8
6601,רשת 13,2024-11-05,2024-11-05 08:14:13,8
6602,רשת 13,2024-11-05,2024-11-05 08:14:19,8
6603,רשת 13,2024-11-05,2024-11-05 08:14:27,8
6604,רשת 13,2024-11-05,2024-11-05 08:14:33,8
6605,רשת 13,2024-11-05,2024-11-05 08:14:39,8
6606,רשת 13,2024-11-05,2024-11-05 08:14:53,8
6607,רשת 13,2024-11-05,2024-11-05 08:15:08,8
6608,רשת 13,2024-11-05,2024-11-05 08:15:41,8
6609,רשת 13,2024-11-05,2024-11-05 08:15:56,8
6610,רשת 13,2024-11-05,2024-11-05 08:16:10,8
6611,רשת 13,2024-11-05,2024-11-05 08:16:27,8
6612,רשת 13,2024-11-05,2024-11-05 08:16:55,8
6613,רשת 13,2024-11-05,2024-11-05 08:17:38,8
6614,רשת 13,2024-11-05,2024-11-05 08:18:14,8
6615,רשת 13,2024-11-05,2024-11-05 08:18:26,8
6616,רשת 13,2024-11-05,2024-11-05 08:18:32,8
6617,רשת 13,2024-11-05,2024-11-05 08:19:04,8
6618,רשת 13,2024-11-05,2024-11-05 08:19:39,8
6619,רשת 13,2024-11-05,2024-11-05 08:19:45,8
6620,רשת 13,2024-11-05,2024-11-05 08:20:06,8
6621,רשת 13,2024-11-05,2024-11-05 08:20:12,8
6622,רשת 13,2024-11-05,2024-11-05 08:20:18,8
6623,רשת 13,2024-11-05,2024-11-05 08:20:54,8
6624,רשת 13,2024-11-05,2024-11-05 08:21:10,8
6625,רשת 13,2024-11-05,2024-11-05 08:36:57,8
6626,רשת 13,2024-11-05,2024-11-05 08:37:41,8
6627,רשת 13,2024-11-05,2024-11-05 08:37:49,8
6628,רשת 13,2024-11-05,2024-11-05 08:37:55,8
6629,רשת 13,2024-11-05,2024-11-05 08:38:08,8
6630,רשת 13,2024-11-05,2024-11-05 08:38:23,8
6631,רשת 13,2024-11-05,2024-11-05 08:38:39,8
6632,רשת 13,2024-11-05,2024-11-05 08:39:24,8
6633,רשת 13,2024-11-05,2024-11-05 08:39:37,8
6634,רשת 13,2024-11-05,2024-11-05 08:39:55,8
6635,רשת 13,2024-11-05,2024-11-05 08:40:30,8
6636,רשת 13,2024-11-05,2024-11-05 08:41:06,8
6637,רשת 13,2024-11-05,2024-11-05 08:42:06,8
6638,רשת 13,2024-11-05,2024-11-05 08:42:47,8
6639,רשת 13,2024-11-05,2024-11-05 08:44:11,8
6640,רשת 13,2024-11-05,2024-11-05 08:44:45,8
6641,רשת 13,2024-11-05,2024-11-05 09:05:12,9
6642,רשת 13,2024-11-05,2024-11-05 09:05:44,9
6643,רשת 13,2024-11-05,2024-11-05 09:13:05,9
6644,רשת 13,2024-11-05,2024-11-05 09:13:49,9
6645,רשת 13,2024-11-05,2024-11-05 09:13:57,9
6646,רשת 13,2024-11-05,2024-11-05 09:14:03,9
6647,רשת 13,2024-11-05,2024-11-05 09:14:09,9
6648,רשת 13,2024-11-05,2024-11-05 09:14:23,9
6649,רשת 13,2024-11-05,2024-11-05 09:14:52,9
6650,רשת 13,2024-11-05,2024-11-05 09:15:37,9
6651,רשת 13,2024-11-05,2024-11-05 09:15:54,9
6652,רשת 13,2024-11-05,2024-11-05 09:16:08,9
6653,רשת 13,2024-11-05,2024-11-05 09:17:08,9
6654,רשת 13,2024-11-05,2024-11-05 09:17:37,9
6655,רשת 13,2024-11-05,2024-11-05 09:17:52,9
6656,רשת 13,2024-11-05,2024-11-05 09:18:13,9
6657,רשת 13,2024-11-05,2024-11-05 09:18:32,9
6658,רשת 13,2024-11-05,2024-11-05 09:18:52,9
6659,רשת 13,2024-11-05,2024-11-05 09:19:41,9
6660,רשת 13,2024-11-05,2024-11-05 09:20:29,9
6661,רשת 13,2024-11-05,2024-11-05 09:40:07,9
6662,רשת 13,2024-11-05,2024-11-05 09:40:51,9
6663,רשת 13,2024-11-05,2024-11-05 09:40:59,9
6664,רשת 13,2024-11-05,2024-11-05 09:41:05,9
6665,רשת 13,2024-11-05,2024-11-05 09:41:11,9
6666,רשת 13,2024-11-05,2024-11-05 09:41:25,9
6667,רשת 13,2024-11-05,2024-11-05 09:41:40,9
6668,רשת 13,2024-11-05,2024-11-05 09:42:19,9
6669,רשת 13,2024-11-05,2024-11-05 09:42:34,9
6670,רשת 13,2024-11-05,2024-11-05 09:43:09,9
6671,רשת 13,2024-11-05,2024-11-05 09:43:33,9
6672,רשת 13,2024-11-05,2024-11-05 09:43:47,9
6673,רשת 13,2024-11-05,2024-11-05 09:43:53,9
6674,רשת 13,2024-11-05,2024-11-05 09:44:29,9
6675,רשת 13,2024-11-05,2024-11-05 09:44:44,9
6676,רשת 13,2024-11-05,2024-11-05 09:45:16,9
6677,רשת 13,2024-11-05,2024-11-05 09:45:22,9
6678,רשת 13,2024-11-05,2024-11-05 09:45:53,9
6679,רשת 13,2024-11-05,2024-11-05 09:46:05,9
6680,רשת 13,2024-11-05,2024-11-05 09:46:38,9
6681,רשת 13,2024-11-05,2024-11-05 09:46:44,9
6682,רשת 13,2024-11-05,2024-11-05 09:47:20,9
6683,רשת 13,2024-11-05,2024-11-05 09:48:02,9
6684,רשת 13,2024-11-05,2024-11-05 10:05:44,10
6685,רשת 13,2024-11-05,2024-11-05 10:06:16,10
6686,רשת 13,2024-11-05,2024-11-05 10:25:50,10
6687,רשת 13,2024-11-05,2024-11-05 10:26:34,10
6688,רשת 13,2024-11-05,2024-11-05 10:26:42,10
6689,רשת 13,2024-11-05,2024-11-05 10:26:48,10
6690,רשת 13,2024-11-05,2024-11-05 10:26:54,10
6691,רשת 13,2024-11-05,2024-11-05 10:27:07,10
6692,רשת 13,2024-11-05,2024-11-05 10:27:35,10
6693,רשת 13,2024-11-05,2024-11-05 10:27:50,10
6694,רשת 13,2024-11-05,2024-11-05 10:27:56,10
6695,רשת 13,2024-11-05,2024-11-05 10:28:10,10
6696,רשת 13,2024-11-05,2024-11-05 10:28:46,10
6697,רשת 13,2024-11-05,2024-11-05 10:28:52,10
6698,רשת 13,2024-11-05,2024-11-05 10:29:33,10
6699,רשת 13,2024-11-05,2024-11-05 10:29:39,10
6700,רשת 13,2024-11-05,2024-11-05 10:30:15,10
6701,רשת 13,2024-11-05,2024-11-05 10:30:48,10
6702,רשת 13,2024-11-05,2024-11-05 10:47:52,10
6703,רשת 13,2024-11-05,2024-11-05 10:48:31,10
6704,רשת 13,2024-11-05,2024-11-05 10:48:52,10
6705,רשת 13,2024-11-05,2024-11-05 10:49:00,10
6706,רשת 13,2024-11-05,2024-11-05 10:49:06,10
6707,רשת 13,2024-11-05,2024-11-05 10:49:20,10
6708,רשת 13,2024-11-05,2024-11-05 10:49:41,10
6709,רשת 13,2024-11-05,2024-11-05 10:50:26,10
6710,רשת 13,2024-11-05,2024-11-05 10:51:48,10
6711,רשת 13,2024-11-05,2024-11-05 10:52:06,10
6712,רשת 13,2024-11-05,2024-11-05 10:52:49,10
6713,רשת 13,2024-11-05,2024-11-05 10:53:23,10
6714,רשת 13,2024-11-05,2024-11-05 11:05:28,11
6715,רשת 13,2024-11-05,2024-11-05 11:06:00,11
6716,רשת 13,2024-11-05,2024-11-05 11:34:17,11
6717,רשת 13,2024-11-05,2024-11-05 11:35:01,11
6718,רשת 13,2024-11-05,2024-11-05 11:35:07,11
6719,רשת 13,2024-11-05,2024-11-05 11:35:13,11
6720,רשת 13,2024-11-05,2024-11-05 11:35:19,11
6721,רשת 13,2024-11-05,2024-11-05 11:35:30,11
6722,רשת 13,2024-11-05,2024-11-05 11:36:13,11
6723,רשת 13,2024-11-05,2024-11-05 11:36:42,11
6724,רשת 13,2024-11-05,2024-11-05 11:37:11,11
6725,רשת 13,2024-11-05,2024-11-05 11:37:47,11
6726,רשת 13,2024-11-05,2024-11-05 11:38:32,11
6727,רשת 13,2024-11-05,2024-11-05 11:39:17,11
6728,רשת 13,2024-11-05,2024-11-05 11:39:32,11
6729,רשת 13,2024-11-05,2024-11-05 11:39:45,11
6730,רשת 13,2024-11-05,2024-11-05 11:40:26,11
6731,רשת 13,2024-11-05,2024-11-05 11:40:56,11
6732,רשת 13,2024-11-05,2024-11-05 11:41:17,11
6733,רשת 13,2024-11-05,2024-11-05 11:41:53,11
6734,רשת 13,2024-11-05,2024-11-05 11:42:27,11
6735,רשת 13,2024-11-05,2024-11-05 11:42:48,11
6736,רשת 13,2024-11-05,2024-11-05 11:42:54,11
6737,רשת 13,2024-11-05,2024-11-05 11:43:00,11
6738,רשת 13,2024-11-05,2024-11-05 11:43:06,11
6739,רשת 13,2024-11-05,2024-11-05 11:43:12,11
6740,רשת 13,2024-11-05,2024-11-05 12:04:47,12
6741,רשת 13,2024-11-05,2024-11-05 12:05:19,12
6742,רשת 13,2024-11-05,2024-11-05 12:31:56,12
6743,רשת 13,2024-11-05,2024-11-05 12:32:39,12
6744,רשת 13,2024-11-05,2024-11-05 12:32:45,12
6745,רשת 13,2024-11-05,2024-11-05 12:32:51,12
6746,רשת 13,2024-11-05,2024-11-05 12:32:57,12
6747,רשת 13,2024-11-05,2024-11-05 12:33:08,12
6748,רשת 13,2024-11-05,2024-11-05 12:33:30,12
6749,רשת 13,2024-11-05,2024-11-05 12:33:58,12
6750,רשת 13,2024-11-05,2024-11-05 12:34:12,12
6751,רשת 13,2024-11-05,2024-11-05 12:34:29,12
6752,רשת 13,2024-11-05,2024-11-05 12:35:12,12
6753,רשת 13,2024-11-05,2024-11-05 12:35:25,12
6754,רשת 13,2024-11-05,2024-11-05 12:36:06,12
6755,רשת 13,2024-11-05,2024-11-05 12:36:21,12
6756,רשת 13,2024-11-05,2024-11-05 12:36:42,12
6757,רשת 13,2024-11-05,2024-11-05 12:37:41,12
6758,רשת 13,2024-11-05,2024-11-05 12:37:57,12
6759,רשת 13,2024-11-05,2024-11-05 12:38:31,12
6760,רשת 13,2024-11-05,2024-11-05 12:39:46,12
6761,רשת 13,2024-11-05,2024-11-05 12:39:52,12
6762,רשת 13,2024-11-05,2024-11-05 12:39:58,12
6763,רשת 13,2024-11-05,2024-11-05 12:40:04,12
6764,רשת 13,2024-11-05,2024-11-05 12:40:10,12
6765,רשת 13,2024-11-05,2024-11-05 12:51:10,12
6766,רשת 13,2024-11-05,2024-11-05 12:51:49,12
6767,רשת 13,2024-11-05,2024-11-05 12:52:23,12
6768,רשת 13,2024-11-05,2024-11-05 12:53:11,12
6769,רשת 13,2024-11-05,2024-11-05 12:53:27,12
6770,רשת 13,2024-11-05,2024-11-05 13:05:18,13
6771,רשת 13,2024-11-05,2024-11-05 13:05:50,13
6772,רשת 13,2024-11-05,2024-11-05 13:29:36,13
6773,רשת 13,2024-11-05,2024-11-05 13:30:19,13
6774,רשת 13,2024-11-05,2024-11-05 13:30:25,13
6775,רשת 13,2024-11-05,2024-11-05 13:30:31,13
6776,רשת 13,2024-11-05,2024-11-05 13:30:37,13
6777,רשת 13,2024-11-05,2024-11-05 13:30:43,13
6778,רשת 13,2024-11-05,2024-11-05 13:30:55,13
6779,רשת 13,2024-11-05,2024-11-05 13:31:38,13
6780,רשת 13,2024-11-05,2024-11-05 13:31:52,13
6781,רשת 13,2024-11-05,2024-11-05 13:32:09,13
6782,רשת 13,2024-11-05,2024-11-05 13:32:50,13
6783,רשת 13,2024-11-05,2024-11-05 13:33:35,13
6784,רשת 13,2024-11-05,2024-11-05 13:33:56,13
6785,רשת 13,2024-11-05,2024-11-05 13:34:32,13
6786,רשת 13,2024-11-05,2024-11-05 13:35:06,13
6787,רשת 13,2024-11-05,2024-11-05 13:35:22,13
6788,רשת 13,2024-11-05,2024-11-05 13:36:12,13
6789,רשת 13,2024-11-05,2024-11-05 13:37:12,13
6790,רשת 13,2024-11-05,2024-11-05 13:38:00,13
6791,רשת 13,2024-11-05,2024-11-05 13:39:16,13
6792,רשת 13,2024-11-05,2024-11-05 13:39:22,13
6793,רשת 13,2024-11-05,2024-11-05 13:39:28,13
6794,רשת 13,2024-11-05,2024-11-05 13:39:34,13
6795,רשת 13,2024-11-05,2024-11-05 14:06:10,14
6796,רשת 13,2024-11-05,2024-11-05 14:06:41,14
6797,רשת 13,2024-11-05,2024-11-05 14:25:31,14
6798,רשת 13,2024-11-05,2024-11-05 14:26:15,14
6799,רשת 13,2024-11-05,2024-11-05 14:26:21,14
6800,רשת 13,2024-11-05,2024-11-05 14:26:27,14
6801,רשת 13,2024-11-05,2024-11-05 14:26:33,14
6802,רשת 13,2024-11-05,2024-11-05 14:26:45,14
6803,רשת 13,2024-11-05,2024-11-05 14:27:28,14
6804,רשת 13,2024-11-05,2024-11-05 14:28:38,14
6805,רשת 13,2024-11-05,2024-11-05 14:28:52,14
6806,רשת 13,2024-11-05,2024-11-05 14:29:05,14
6807,רשת 13,2024-11-05,2024-11-05 14:29:34,14
6808,רשת 13,2024-11-05,2024-11-05 14:29:56,14
6809,רשת 13,2024-11-05,2024-11-05 14:30:25,14
6810,רשת 13,2024-11-05,2024-11-05 14:30:45,14
6811,רשת 13,2024-11-05,2024-11-05 14:31:00,14
6812,רשת 13,2024-11-05,2024-11-05 14:31:41,14
6813,רשת 13,2024-11-05,2024-11-05 14:32:13,14
6814,רשת 13,2024-11-05,2024-11-05 14:32:34,14
6815,רשת 13,2024-11-05,2024-11-05 14:32:49,14
6816,רשת 13,2024-11-05,2024-11-05 14:33:06,14
6817,רשת 13,2024-11-05,2024-11-05 14:33:56,14
6818,רשת 13,2024-11-05,2024-11-05 14:34:34,14
6819,רשת 13,2024-11-05,2024-11-05 14:34:40,14
6820,רשת 13,2024-11-05,2024-11-05 14:34:46,14
6821,רשת 13,2024-11-05,2024-11-05 14:34:52,14
6822,רשת 13,2024-11-05,2024-11-05 14:43:41,14
6823,רשת 13,2024-11-05,2024-11-05 14:44:29,14
6824,רשת 13,2024-11-05,2024-11-05 14:45:40,14
6825,רשת 13,2024-11-05,2024-11-05 14:46:29,14
6826,רשת 13,2024-11-05,2024-11-05 14:47:29,14
6827,רשת 13,2024-11-05,2024-11-05 14:48:11,14
6828,רשת 13,2024-11-05,2024-11-05 15:23:30,15
6829,רשת 13,2024-11-05,2024-11-05 15:24:13,15
6830,רשת 13,2024-11-05,2024-11-05 15:24:19,15
6831,רשת 13,2024-11-05,2024-11-05 15:24:25,15
6832,רשת 13,2024-11-05,2024-11-05 15:24:36,15
6833,רשת 13,2024-11-05,2024-11-05 15:25:09,15
6834,רשת 13,2024-11-05,2024-11-05 15:25:24,15
6835,רשת 13,2024-11-05,2024-11-05 15:25:45,15
6836,רשת 13,2024-11-05,2024-11-05 15:25:58,15
6837,רשת 13,2024-11-05,2024-11-05 15:26:41,15
6838,רשת 13,2024-11-05,2024-11-05 15:27:11,15
6839,רשת 13,2024-11-05,2024-11-05 15:27:45,15
6840,רשת 13,2024-11-05,2024-11-05 15:28:59,15
6841,רשת 13,2024-11-05,2024-11-05 15:29:31,15
6842,רשת 13,2024-11-05,2024-11-05 15:29:41,15
6843,רשת 13,2024-11-05,2024-11-05 15:29:47,15
6844,רשת 13,2024-11-05,2024-11-05 15:29:53,15
6845,רשת 13,2024-11-05,2024-11-05 15:29:59,15
6846,רשת 13,2024-11-05,2024-11-05 16:28:17,16
6847,רשת 13,2024-11-05,2024-11-05 16:29:00,16
6848,רשת 13,2024-11-05,2024-11-05 16:29:06,16
6849,רשת 13,2024-11-05,2024-11-05 16:29:14,16
6850,רשת 13,2024-11-05,2024-11-05 16:29:20,16
6851,רשת 13,2024-11-05,2024-11-05 16:29:34,16
6852,רשת 13,2024-11-05,2024-11-05 16:30:34,16
6853,רשת 13,2024-11-05,2024-11-05 16:30:49,16
6854,רשת 13,2024-11-05,2024-11-05 16:31:10,16
6855,רשת 13,2024-11-05,2024-11-05 16:31:31,16
6856,רשת 13,2024-11-05,2024-11-05 16:31:44,16
6857,רשת 13,2024-11-05,2024-11-05 16:32:12,16
6858,רשת 13,2024-11-05,2024-11-05 16:32:27,16
6859,רשת 13,2024-11-05,2024-11-05 16:32:42,16
6860,רשת 13,2024-11-05,2024-11-05 16:33:13,16
6861,רשת 13,2024-11-05,2024-11-05 16:33:48,16
6862,רשת 13,2024-11-05,2024-11-05 16:34:43,16
6863,רשת 13,2024-11-05,2024-11-05 16:35:31,16
6864,רשת 13,2024-11-05,2024-11-05 16:36:09,16
6865,רשת 13,2024-11-05,2024-11-05 16:36:41,16
6866,רשת 13,2024-11-05,2024-11-05 16:36:51,16
6867,רשת 13,2024-11-05,2024-11-05 16:36:59,16
6868,רשת 13,2024-11-05,2024-11-05 16:37:05,16
6869,רשת 13,2024-11-05,2024-11-05 16:37:11,16
6870,רשת 13,2024-11-05,2024-11-05 17:15:50,17
6871,רשת 13,2024-11-05,2024-11-05 17:16:34,17
6872,רשת 13,2024-11-05,2024-11-05 17:16:40,17
6873,רשת 13,2024-11-05,2024-11-05 17:16:48,17
6874,רשת 13,2024-11-05,2024-11-05 17:16:54,17
6875,רשת 13,2024-11-05,2024-11-05 17:17:00,17
6876,רשת 13,2024-11-05,2024-11-05 17:17:13,17
6877,רשת 13,2024-11-05,2024-11-05 17:17:28,17
6878,רשת 13,2024-11-05,2024-11-05 17:18:09,17
6879,רשת 13,2024-11-05,2024-11-05 17:18:54,17
6880,רשת 13,2024-11-05,2024-11-05 17:19:09,17
6881,רשת 13,2024-11-05,2024-11-05 17:19:33,17
6882,רשת 13,2024-11-05,2024-11-05 17:19:47,17
6883,רשת 13,2024-11-05,2024-11-05 17:20:09,17
6884,רשת 13,2024-11-05,2024-11-05 17:20:24,17
6885,רשת 13,2024-11-05,2024-11-05 17:20:36,17
6886,רשת 13,2024-11-05,2024-11-05 17:20:49,17
6887,רשת 13,2024-11-05,2024-11-05 17:21:09,17
6888,רשת 13,2024-11-05,2024-11-05 17:21:39,17
6889,רשת 13,2024-11-05,2024-11-05 17:22:14,17
6890,רשת 13,2024-11-05,2024-11-05 17:22:35,17
6891,רשת 13,2024-11-05,2024-11-05 17:22:55,17
6892,רשת 13,2024-11-05,2024-11-05 17:23:29,17
6893,רשת 13,2024-11-05,2024-11-05 17:24:44,17
6894,רשת 13,2024-11-05,2024-11-05 17:24:50,17
6895,רשת 13,2024-11-05,2024-11-05 17:24:56,17
6896,רשת 13,2024-11-05,2024-11-05 17:25:02,17
6897,רשת 13,2024-11-05,2024-11-05 17:25:12,17
6898,רשת 13,2024-11-05,2024-11-05 17:25:44,17
6899,רשת 13,2024-11-05,2024-11-05 17:25:55,17
6900,רשת 13,2024-11-05,2024-11-05 17:26:03,17
6901,רשת 13,2024-11-05,2024-11-05 17:26:09,17
6902,רשת 13,2024-11-05,2024-11-05 17:26:15,17
6903,רשת 13,2024-11-05,2024-11-05 17:53:11,17
6904,רשת 13,2024-11-05,2024-11-05 17:54:11,17
6905,רשת 13,2024-11-05,2024-11-05 18:35:23,18
6906,רשת 13,2024-11-05,2024-11-05 18:36:07,18
6907,רשת 13,2024-11-05,2024-11-05 18:36:13,18
6908,רשת 13,2024-11-05,2024-11-05 18:36:21,18
6909,רשת 13,2024-11-05,2024-11-05 18:36:27,18
6910,רשת 13,2024-11-05,2024-11-05 18:36:33,18
6911,רשת 13,2024-11-05,2024-11-05 18:36:39,18
6912,רשת 13,2024-11-05,2024-11-05 18:36:45,18
6913,רשת 13,2024-11-05,2024-11-05 18:36:59,18
6914,רשת 13,2024-11-05,2024-11-05 18:37:14,18
6915,רשת 13,2024-11-05,2024-11-05 18:37:55,18
6916,רשת 13,2024-11-05,2024-11-05 18:38:40,18
6917,רשת 13,2024-11-05,2024-11-05 18:39:11,18
6918,רשת 13,2024-11-05,2024-11-05 18:39:29,18
6919,רשת 13,2024-11-05,2024-11-05 18:39:57,18
6920,רשת 13,2024-11-05,2024-11-05 18:40:32,18
6921,רשת 13,2024-11-05,2024-11-05 18:40:47,18
6922,רשת 13,2024-11-05,2024-11-05 18:40:59,18
6923,רשת 13,2024-11-05,2024-11-05 18:41:14,18
6924,רשת 13,2024-11-05,2024-11-05 18:41:29,18
6925,רשת 13,2024-11-05,2024-11-05 18:42:00,18
6926,רשת 13,2024-11-05,2024-11-05 18:42:21,18
6927,רשת 13,2024-11-05,2024-11-05 18:42:51,18
6928,רשת 13,2024-11-05,2024-11-05 18:43:25,18
6929,רשת 13,2024-11-05,2024-11-05 18:44:17,18
6930,רשת 13,2024-11-05,2024-11-05 18:44:49,18
6931,רשת 13,2024-11-05,2024-11-05 18:45:00,18
6932,רשת 13,2024-11-05,2024-11-05 18:45:08,18
6933,רשת 13,2024-11-05,2024-11-05 18:45:14,18
6934,רשת 13,2024-11-05,2024-11-05 18:45:20,18
6935,רשת 13,2024-11-05,2024-11-05 18:45:26,18
6936,רשת 13,2024-11-05,2024-11-05 18:45:32,18
6937,רשת 13,2024-11-05,2024-11-05 18:45:38,18
6938,רשת 13,2024-11-05,2024-11-05 18:59:47,18
6939,רשת 13,2024-11-05,2024-11-05 18:59:53,18
6940,רשת 13,2024-11-05,2024-11-05 19:00:01,19
6941,רשת 13,2024-11-05,2024-11-05 19:00:07,19
6942,רשת 13,2024-11-05,2024-11-05 19:00:13,19
6943,רשת 13,2024-11-05,2024-11-05 19:00:19,19
6944,רשת 13,2024-11-05,2024-11-05 19:00:25,19
6945,רשת 13,2024-11-05,2024-11-05 19:00:31,19
6946,רשת 13,2024-11-05,2024-11-05 19:00:45,19
6947,רשת 13,2024-11-05,2024-11-05 19:01:27,19
6948,רשת 13,2024-11-05,2024-11-05 19:02:08,19
6949,רשת 13,2024-11-05,2024-11-05 19:02:29,19
6950,רשת 13,2024-11-05,2024-11-05 19:02:58,19
6951,רשת 13,2024-11-05,2024-11-05 19:03:13,19
6952,רשת 13,2024-11-05,2024-11-05 19:04:35,19
6953,רשת 13,2024-11-05,2024-11-05 19:05:04,19
6954,רשת 13,2024-11-05,2024-11-05 19:05:26,19
6955,רשת 13,2024-11-05,2024-11-05 19:05:39,19
6956,רשת 13,2024-11-05,2024-11-05 19:06:24,19
6957,רשת 13,2024-11-05,2024-11-05 19:06:59,19
6958,רשת 13,2024-11-05,2024-11-05 19:07:44,19
6959,רשת 13,2024-11-05,2024-11-05 19:08:37,19
6960,רשת 13,2024-11-05,2024-11-05 19:08:49,19
6961,רשת 13,2024-11-05,2024-11-05 19:09:09,19
6962,רשת 13,2024-11-05,2024-11-05 19:09:29,19
6963,רשת 13,2024-11-05,2024-11-05 19:09:50,19
6964,רשת 13,2024-11-05,2024-11-05 19:09:56,19
6965,רשת 13,2024-11-05,2024-11-05 19:10:02,19
6966,רשת 13,2024-11-05,2024-11-05 19:10:08,19
6967,רשת 13,2024-11-05,2024-11-05 19:10:14,19
6968,רשת 13,2024-11-05,2024-11-05 19:10:20,19
6969,רשת 13,2024-11-05,2024-11-05 19:39:23,19
6970,רשת 13,2024-11-05,2024-11-05 19:51:55,19
6971,רשת 13,2024-11-05,2024-11-05 19:52:55,19
6972,רשת 13,2024-11-05,2024-11-05 21:09:07,21
6973,רשת 13,2024-11-05,2024-11-05 21:10:22,21
6974,רשת 13,2024-11-05,2024-11-05 21:10:30,21
6975,רשת 13,2024-11-05,2024-11-05 21:10:36,21
6976,רשת 13,2024-11-05,2024-11-05 21:10:49,21
6977,רשת 13,2024-11-05,2024-11-05 21:11:04,21
6978,רשת 13,2024-11-05,2024-11-05 21:11:43,21
6979,רשת 13,2024-11-05,2024-11-05 21:11:57,21
6980,רשת 13,2024-11-05,2024-11-05 21:12:26,21
6981,רשת 13,2024-11-05,2024-11-05 21:12:50,21
6982,רשת 13,2024-11-05,2024-11-05 21:13:06,21
6983,רשת 13,2024-11-05,2024-11-05 21:13:21,21
6984,רשת 13,2024-11-05,2024-11-05 21:13:50,21
6985,רשת 13,2024-11-05,2024-11-05 21:14:03,21
6986,רשת 13,2024-11-05,2024-11-05 21:14:38,21
6987,רשת 13,2024-11-05,2024-11-05 21:14:51,21
6988,רשת 13,2024-11-05,2024-11-05 21:15:05,21
6989,רשת 13,2024-11-05,2024-11-05 21:15:22,21
6990,רשת 13,2024-11-05,2024-11-05 21:15:58,21
6991,רשת 13,2024-11-05,2024-11-05 21:16:04,21
6992,רשת 13,2024-11-05,2024-11-05 21:16:14,21
6993,רשת 13,2024-11-05,2024-11-05 21:16:57,21
6994,רשת 13,2024-11-05,2024-11-05 21:17:13,21
6995,רשת 13,2024-11-05,2024-11-05 21:41:56,21
6996,רשת 13,2024-11-05,2024-11-05 21:42:39,21
6997,רשת 13,2024-11-05,2024-11-05 21:42:51,21
6998,רשת 13,2024-11-05,2024-11-05 21:43:34,21
6999,רשת 13,2024-11-05,2024-11-05 21:44:19,21
7000,רשת 13,2024-11-05,2024-11-05 21:45:04,21
7001,רשת 13,2024-11-05,2024-11-05 21:45:19,21
7002,רשת 13,2024-11-05,2024-11-05 21:45:40,21
7003,רשת 13,2024-11-05,2024-11-05 21:45:46,21
7004,רשת 13,2024-11-05,2024-11-05 21:46:03,21
7005,רשת 13,2024-11-05,2024-11-05 21:46:15,21
7006,רשת 13,2024-11-05,2024-11-05 21:46:30,21
7007,רשת 13,2024-11-05,2024-11-05 21:47:03,21
7008,רשת 13,2024-11-05,2024-11-05 21:47:38,21
7009,רשת 13,2024-11-05,2024-11-05 21:48:20,21
7010,רשת 13,2024-11-05,2024-11-05 21:48:26,21
7011,רשת 13,2024-11-05,2024-11-05 21:48:40,21
7012,רשת 13,2024-11-05,2024-11-05 21:48:52,21
7013,רשת 13,2024-11-05,2024-11-05 21:48:58,21
7014,רשת 13,2024-11-05,2024-11-05 21:49:04,21
7015,רשת 13,2024-11-05,2024-11-05 21:49:19,21
7016,רשת 13,2024-11-05,2024-11-05 21:49:53,21
7017,רשת 13,2024-11-05,2024-11-05 22:03:06,22
7018,רשת 13,2024-11-05,2024-11-05 22:03:51,22
7019,רשת 13,2024-11-05,2024-11-05 22:04:06,22
7020,רשת 13,2024-11-05,2024-11-05 22:18:54,22
7021,רשת 13,2024-11-05,2024-11-05 22:20:12,22
7022,רשת 13,2024-11-05,2024-11-05 22:20:18,22
7023,רשת 13,2024-11-05,2024-11-05 22:20:26,22
7024,רשת 13,2024-11-05,2024-11-05 22:20:32,22
7025,רשת 13,2024-11-05,2024-11-05 22:20:38,22
7026,רשת 13,2024-11-05,2024-11-05 22:21:00,22
7027,רשת 13,2024-11-05,2024-11-05 22:21:35,22
7028,רשת 13,2024-11-05,2024-11-05 22:22:08,22
7029,רשת 13,2024-11-05,2024-11-05 22:22:36,22
7030,רשת 13,2024-11-05,2024-11-05 22:22:51,22
7031,רשת 13,2024-11-05,2024-11-05 22:23:15,22
7032,רשת 13,2024-11-05,2024-11-05 22:23:51,22
7033,רשת 13,2024-11-05,2024-11-05 22:24:15,22
7034,רשת 13,2024-11-05,2024-11-05 22:25:25,22
7035,רשת 13,2024-11-05,2024-11-05 22:25:54,22
7036,רשת 13,2024-11-05,2024-11-05 22:26:08,22
7037,רשת 13,2024-11-05,2024-11-05 22:26:25,22
7038,רשת 13,2024-11-05,2024-11-05 22:26:58,22
7039,רשת 13,2024-11-05,2024-11-05 22:27:20,22
7040,רשת 13,2024-11-05,2024-11-05 22:27:35,22
7041,רשת 13,2024-11-05,2024-11-05 22:27:41,22
7042,רשת 13,2024-11-05,2024-11-05 22:28:34,22
7043,רשת 13,2024-11-05,2024-11-05 22:28:40,22
7044,רשת 13,2024-11-05,2024-11-05 22:28:46,22
7045,רשת 13,2024-11-05,2024-11-05 22:28:52,22
7046,רשת 13,2024-11-05,2024-11-05 22:52:50,22
7047,רשת 13,2024-11-05,2024-11-05 22:53:54,22
7048,רשת 13,2024-11-05,2024-11-05 22:54:00,22
7049,רשת 13,2024-11-05,2024-11-05 22:54:06,22
7050,רשת 13,2024-11-05,2024-11-05 22:54:12,22
7051,רשת 13,2024-11-05,2024-11-05 22:54:32,22
7052,רשת 13,2024-11-05,2024-11-05 22:54:54,22
7053,רשת 13,2024-11-05,2024-11-05 22:55:23,22
7054,רשת 13,2024-11-05,2024-11-05 22:55:52,22
7055,רשת 13,2024-11-05,2024-11-05 22:56:39,22
7056,רשת 13,2024-11-05,2024-11-05 22:56:55,22
7057,רשת 13,2024-11-05,2024-11-05 22:57:12,22
7058,רשת 13,2024-11-05,2024-11-05 22:57:24,22
7059,רשת 13,2024-11-05,2024-11-05 22:57:37,22
7060,רשת 13,2024-11-05,2024-11-05 22:57:52,22
7061,רשת 13,2024-11-05,2024-11-05 22:58:13,22
7062,רשת 13,2024-11-05,2024-11-05 22:58:48,22
7063,רשת 13,2024-11-05,2024-11-05 22:59:03,22
7064,רשת 13,2024-11-05,2024-11-05 22:59:15,22
7065,רשת 13,2024-11-05,2024-11-05 22:59:39,22
7066,רשת 13,2024-11-05,2024-11-05 22:59:57,22
7067,רשת 13,2024-11-05,2024-11-05 23:00:33,23
7068,רשת 13,2024-11-05,2024-11-05 23:01:04,23
7069,רשת 13,2024-11-05,2024-11-05 23:01:10,23
7070,רשת 13,2024-11-05,2024-11-05 23:01:25,23
7071,רשת 13,2024-11-05,2024-11-05 23:22:41,23
7072,רשת 13,2024-11-05,2024-11-05 23:23:01,23
7073,רשת 13,2024-11-05,2024-11-05 23:23:23,23
7074,רשת 13,2024-11-05,2024-11-05 23:23:52,23
7075,רשת 13,2024-11-05,2024-11-05 23:24:07,23
7076,רשת 13,2024-11-05,2024-11-05 23:24:22,23
7077,רשת 13,2024-11-05,2024-11-05 23:25:15,23
7078,רשת 13,2024-11-05,2024-11-05 23:25:39,23
7079,רשת 13,2024-11-05,2024-11-05 23:25:55,23
7080,רשת 13,2024-11-05,2024-11-05 23:26:17,23
7081,רשת 13,2024-11-05,2024-11-05 23:26:53,23
7082,רשת 13,2024-11-05,2024-11-05 23:27:08,23
7083,רשת 13,2024-11-05,2024-11-05 23:27:25,23
7084,רשת 13,2024-11-05,2024-11-05 23:27:58,23
7085,רשת 13,2024-11-05,2024-11-05 23:28:18,23
7086,רשת 13,2024-11-05,2024-11-05 23:29:17,23
7087,רשת 13,2024-11-05,2024-11-05 23:48:39,23
7088,רשת 13,2024-11-05,2024-11-05 23:48:47,23
7089,רשת 13,2024-11-05,2024-11-05 23:48:53,23
7090,רשת 13,2024-11-05,2024-11-05 23:48:59,23
7091,רשת 13,2024-11-05,2024-11-05 23:49:05,23
7092,רשת 13,2024-11-05,2024-11-05 23:49:18,23
7093,רשת 13,2024-11-05,2024-11-05 23:49:34,23
7094,רשת 13,2024-11-05,2024-11-05 23:50:09,23
7095,רשת 13,2024-11-05,2024-11-05 23:50:22,23
7096,רשת 13,2024-11-05,2024-11-05 23:50:37,23
7097,רשת 13,2024-11-05,2024-11-05 23:50:43,23
7098,רשת 13,2024-11-05,2024-11-05 23:51:11,23
7099,רשת 13,2024-11-05,2024-11-05 23:51:26,23
7100,רשת 13,2024-11-05,2024-11-05 23:51:39,23
7101,רשת 13,2024-11-05,2024-11-05 23:52:15,23
7102,רשת 13,2024-11-05,2024-11-05 23:52:21,23
7103,רשת 13,2024-11-05,2024-11-05 23:52:36,23
7104,רשת 13,2024-11-05,2024-11-05 23:52:51,23
7105,רשת 13,2024-11-05,2024-11-05 23:52:57,23
7106,רשת 13,2024-11-05,2024-11-05 23:53:17,23
7107,רשת 13,2024-11-05,2024-11-05 23:53:58,23
7108,רשת 13,2024-11-05,2024-11-05 23:54:19,23
7109,רשת 13,2024-11-05,2024-11-05 23:54:35,23
7110,רשת 13,2024-11-05,2024-11-05 23:54:41,23
7111,רשת 13,2024-11-05,2024-11-05 23:54:47,23
7112,רשת 13,2024-11-05,2024-11-05 23:58:57,23
7113,רשת 13,2024-11-05,2024-11-05 00:00:21,0
7114,רשת 13,2024-11-05,2024-11-05 00:36:41,0
7115,רשת 13,2024-11-05,2024-11-05 00:37:25,0
7116,רשת 13,2024-11-05,2024-11-05 00:37:31,0
7117,רשת 13,2024-11-05,2024-11-05 00:37:42,0
7118,רשת 13,2024-11-05,2024-11-05 00:38:18,0
7119,רשת 13,2024-11-05,2024-11-05 00:38:51,0
7120,רשת 13,2024-11-05,2024-11-05 00:39:26,0
7121,רשת 13,2024-11-05,2024-11-05 00:39:41,0
7122,רשת 13,2024-11-05,2024-11-05 00:39:58,0
7123,רשת 13,2024-11-05,2024-11-05 00:40:27,0
7124,רשת 13,2024-11-05,2024-11-05 00:40:43,0
7125,רשת 13,2024-11-05,2024-11-05 00:54:55,0
7126,רשת 13,2024-11-05,2024-11-05 00:55:39,0
7127,רשת 13,2024-11-05,2024-11-05 00:55:51,0
7128,רשת 13,2024-11-05,2024-11-05 00:56:07,0
7129,רשת 13,2024-11-05,2024-11-05 00:56:28,0
7130,רשת 13,2024-11-05,2024-11-05 00:56:57,0
7131,רשת 13,2024-11-05,2024-11-05 00:57:39,0
7132,רשת 13,2024-11-05,2024-11-05 00:58:57,0
7133,רשת 13,2024-11-05,2024-11-05 00:59:30,0
7134,רשת 13,2024-11-05,2024-11-05 01:52:20,1
7135,רשת 13,2024-11-05,2024-11-05 01:53:04,1
7136,רשת 13,2024-11-05,2024-11-05 01:53:16,1
7137,רשת 13,2024-11-05,2024-11-05 01:53:45,1
7138,רשת 13,2024-11-05,2024-11-05 01:54:28,1
7139,רשת 13,2024-11-05,2024-11-05 01:55:10,1
7140,רשת 13,2024-11-05,2024-11-05 01:55:56,1
8495,רשת 13,2024-11-06,2024-11-06 02:54:27,2
8496,רשת 13,2024-11-06,2024-11-06 02:55:45,2
8497,רשת 13,2024-11-06,2024-11-06 02:56:05,2
8498,רשת 13,2024-11-06,2024-11-06 02:56:34,2
8499,רשת 13,2024-11-06,2024-11-06 02:56:50,2
8500,רשת 13,2024-11-06,2024-11-06 02:57:25,2
8501,רשת 13,2024-11-06,2024-11-06 02:58:04,2
8502,רשת 13,2024-11-06,2024-11-06 02:58:50,2
8503,רשת 13,2024-11-06,2024-11-06 04:47:07,4
8504,רשת 13,2024-11-06,2024-11-06 04:47:50,4
8505,רשת 13,2024-11-06,2024-11-06 04:48:01,4
8506,רשת 13,2024-11-06,2024-11-06 04:48:18,4
8507,רשת 13,2024-11-06,2024-11-06 04:48:48,4
8508,רשת 13,2024-11-06,2024-11-06 04:49:58,4
8509,רשת 13,2024-11-06,2024-11-06 05:33:30,5
8510,רשת 13,2024-11-06,2024-11-06 05:34:13,5
8511,רשת 13,2024-11-06,2024-11-06 05:34:25,5
8512,רשת 13,2024-11-06,2024-11-06 05:34:42,5
8513,רשת 13,2024-11-06,2024-11-06 05:34:58,5
8514,רשת 13,2024-11-06,2024-11-06 05:35:25,5
8515,רשת 13,2024-11-06,2024-11-06 05:36:39,5
8516,רשת 13,2024-11-06,2024-11-06 06:23:04,6
8517,רשת 13,2024-11-06,2024-11-06 06:23:47,6
8518,רשת 13,2024-11-06,2024-11-06 06:23:55,6
8519,רשת 13,2024-11-06,2024-11-06 06:24:01,6
8520,רשת 13,2024-11-06,2024-11-06 06:24:22,6
8521,רשת 13,2024-11-06,2024-11-06 06:24:35,6
8522,רשת 13,2024-11-06,2024-11-06 06:24:50,6
8523,רשת 13,2024-11-06,2024-11-06 06:25:06,6
8524,רשת 13,2024-11-06,2024-11-06 06:25:26,6
8525,רשת 13,2024-11-06,2024-11-06 06:26:31,6
8526,רשת 13,2024-11-06,2024-11-06 06:27:04,6
8527,רשת 13,2024-11-06,2024-11-06 06:27:14,6
8528,רשת 13,2024-11-06,2024-11-06 06:27:22,6
8529,רשת 13,2024-11-06,2024-11-06 06:27:28,6
8530,רשת 13,2024-11-06,2024-11-06 07:19:27,7
8531,רשת 13,2024-11-06,2024-11-06 07:20:10,7
8532,רשת 13,2024-11-06,2024-11-06 07:21:13,7
8533,רשת 13,2024-11-06,2024-11-06 07:21:23,7
8534,רשת 13,2024-11-06,2024-11-06 07:21:31,7
8535,רשת 13,2024-11-06,2024-11-06 07:21:37,7
8536,רשת 13,2024-11-06,2024-11-06 07:21:43,7
8537,רשת 13,2024-11-06,2024-11-06 07:21:49,7
8538,רשת 13,2024-11-06,2024-11-06 07:22:03,7
8539,רשת 13,2024-11-06,2024-11-06 07:22:46,7
8540,רשת 13,2024-11-06,2024-11-06 07:23:21,7
8541,רשת 13,2024-11-06,2024-11-06 07:23:36,7
8542,רשת 13,2024-11-06,2024-11-06 07:24:00,7
8543,רשת 13,2024-11-06,2024-11-06 07:24:15,7
8544,רשת 13,2024-11-06,2024-11-06 07:25:02,7
8545,רשת 13,2024-11-06,2024-11-06 07:25:43,7
8546,רשת 13,2024-11-06,2024-11-06 07:26:06,7
8547,רשת 13,2024-11-06,2024-11-06 07:26:12,7
8548,רשת 13,2024-11-06,2024-11-06 07:26:18,7
8549,רשת 13,2024-11-06,2024-11-06 07:37:54,7
8550,רשת 13,2024-11-06,2024-11-06 07:38:37,7
8551,רשת 13,2024-11-06,2024-11-06 07:38:43,7
8552,רשת 13,2024-11-06,2024-11-06 07:38:51,7
8553,רשת 13,2024-11-06,2024-11-06 07:38:57,7
8554,רשת 13,2024-11-06,2024-11-06 07:39:03,7
8555,רשת 13,2024-11-06,2024-11-06 07:39:09,7
8556,רשת 13,2024-11-06,2024-11-06 07:39:23,7
8557,רשת 13,2024-11-06,2024-11-06 07:39:39,7
8558,רשת 13,2024-11-06,2024-11-06 07:40:01,7
8559,רשת 13,2024-11-06,2024-11-06 07:40:16,7
8560,רשת 13,2024-11-06,2024-11-06 07:40:29,7
8561,רשת 13,2024-11-06,2024-11-06 07:41:02,7
8562,רשת 13,2024-11-06,2024-11-06 07:41:17,7
8563,רשת 13,2024-11-06,2024-11-06 07:41:32,7
8564,רשת 13,2024-11-06,2024-11-06 07:41:47,7
8565,רשת 13,2024-11-06,2024-11-06 07:42:00,7
8566,רשת 13,2024-11-06,2024-11-06 07:42:33,7
8567,רשת 13,2024-11-06,2024-11-06 07:42:39,7
8568,רשת 13,2024-11-06,2024-11-06 07:42:45,7
8569,רשת 13,2024-11-06,2024-11-06 07:43:16,7
8570,רשת 13,2024-11-06,2024-11-06 07:43:36,7
8571,רשת 13,2024-11-06,2024-11-06 07:44:10,7
8572,רשת 13,2024-11-06,2024-11-06 08:06:11,8
8573,רשת 13,2024-11-06,2024-11-06 08:06:54,8
8574,רשת 13,2024-11-06,2024-11-06 08:07:56,8
8575,רשת 13,2024-11-06,2024-11-06 08:08:06,8
8576,רשת 13,2024-11-06,2024-11-06 08:08:14,8
8577,רשת 13,2024-11-06,2024-11-06 08:08:20,8
8578,רשת 13,2024-11-06,2024-11-06 08:08:26,8
8579,רשת 13,2024-11-06,2024-11-06 08:08:32,8
8580,רשת 13,2024-11-06,2024-11-06 08:08:45,8
8581,רשת 13,2024-11-06,2024-11-06 08:09:28,8
8582,רשת 13,2024-11-06,2024-11-06 08:09:43,8
8583,רשת 13,2024-11-06,2024-11-06 08:09:58,8
8584,רשת 13,2024-11-06,2024-11-06 08:10:51,8
8585,רשת 13,2024-11-06,2024-11-06 08:11:09,8
8586,רשת 13,2024-11-06,2024-11-06 08:11:16,8
8587,רשת 13,2024-11-06,2024-11-06 08:11:31,8
8588,רשת 13,2024-11-06,2024-11-06 08:11:37,8
8589,רשת 13,2024-11-06,2024-11-06 08:12:01,8
8590,רשת 13,2024-11-06,2024-11-06 08:12:16,8
8591,רשת 13,2024-11-06,2024-11-06 08:12:47,8
8592,רשת 13,2024-11-06,2024-11-06 08:12:53,8
8593,רשת 13,2024-11-06,2024-11-06 08:36:56,8
8594,רשת 13,2024-11-06,2024-11-06 08:37:39,8
8595,רשת 13,2024-11-06,2024-11-06 08:37:47,8
8596,רשת 13,2024-11-06,2024-11-06 08:37:53,8
8597,רשת 13,2024-11-06,2024-11-06 08:37:59,8
8598,רשת 13,2024-11-06,2024-11-06 08:38:05,8
8599,רשת 13,2024-11-06,2024-11-06 08:38:19,8
8600,רשת 13,2024-11-06,2024-11-06 08:38:34,8
8601,רשת 13,2024-11-06,2024-11-06 08:38:49,8
8602,רשת 13,2024-11-06,2024-11-06 08:39:11,8
8603,רשת 13,2024-11-06,2024-11-06 08:39:23,8
8604,רשת 13,2024-11-06,2024-11-06 08:39:40,8
8605,רשת 13,2024-11-06,2024-11-06 08:39:46,8
8606,רשת 13,2024-11-06,2024-11-06 08:40:19,8
8607,רשת 13,2024-11-06,2024-11-06 08:40:50,8
8608,רשת 13,2024-11-06,2024-11-06 08:40:56,8
8609,רשת 13,2024-11-06,2024-11-06 08:41:15,8
8610,רשת 13,2024-11-06,2024-11-06 08:41:35,8
8611,רשת 13,2024-11-06,2024-11-06 08:41:41,8
8612,רשת 13,2024-11-06,2024-11-06 08:41:47,8
8613,רשת 13,2024-11-06,2024-11-06 08:42:06,8
8614,רשת 13,2024-11-06,2024-11-06 08:42:21,8
8615,רשת 13,2024-11-06,2024-11-06 08:43:14,8
8616,רשת 13,2024-11-06,2024-11-06 08:44:25,8
8617,רשת 13,2024-11-06,2024-11-06 08:45:10,8
8618,רשת 13,2024-11-06,2024-11-06 08:45:44,8
8619,רשת 13,2024-11-06,2024-11-06 10:16:24,10
8620,רשת 13,2024-11-06,2024-11-06 10:16:32,10
8621,רשת 13,2024-11-06,2024-11-06 10:16:38,10
8622,רשת 13,2024-11-06,2024-11-06 10:16:44,10
8623,רשת 13,2024-11-06,2024-11-06 10:16:50,10
8624,רשת 13,2024-11-06,2024-11-06 10:17:11,10
8625,רשת 13,2024-11-06,2024-11-06 10:17:40,10
8626,רשת 13,2024-11-06,2024-11-06 10:18:25,10
8627,רשת 13,2024-11-06,2024-11-06 10:18:54,10
8628,רשת 13,2024-11-06,2024-11-06 10:19:07,10
8629,רשת 13,2024-11-06,2024-11-06 10:19:43,10
8630,רשת 13,2024-11-06,2024-11-06 10:20:20,10
8631,רשת 13,2024-11-06,2024-11-06 10:20:39,10
8632,רשת 13,2024-11-06,2024-11-06 10:20:54,10
8633,רשת 13,2024-11-06,2024-11-06 10:21:28,10
8634,רשת 13,2024-11-06,2024-11-06 10:21:36,10
8635,רשת 13,2024-11-06,2024-11-06 10:21:42,10
8636,רשת 13,2024-11-06,2024-11-06 10:21:48,10
8637,רשת 13,2024-11-06,2024-11-06 10:22:02,10
8638,רשת 13,2024-11-06,2024-11-06 10:22:35,10
8639,רשת 13,2024-11-06,2024-11-06 10:22:49,10
8640,רשת 13,2024-11-06,2024-11-06 10:23:04,10
8641,רשת 13,2024-11-06,2024-11-06 10:23:21,10
8642,רשת 13,2024-11-06,2024-11-06 10:23:33,10
8643,רשת 13,2024-11-06,2024-11-06 10:23:57,10
8644,רשת 13,2024-11-06,2024-11-06 10:24:25,10
8645,רשת 13,2024-11-06,2024-11-06 10:24:40,10
8646,רשת 13,2024-11-06,2024-11-06 10:25:02,10
8647,רשת 13,2024-11-06,2024-11-06 10:25:17,10
8648,רשת 13,2024-11-06,2024-11-06 10:25:50,10
8649,רשת 13,2024-11-06,2024-11-06 10:26:24,10
8650,רשת 13,2024-11-06,2024-11-06 10:52:47,10
8651,רשת 13,2024-11-06,2024-11-06 10:53:31,10
8652,רשת 13,2024-11-06,2024-11-06 10:53:39,10
8653,רשת 13,2024-11-06,2024-11-06 10:53:45,10
8654,רשת 13,2024-11-06,2024-11-06 10:53:58,10
8655,רשת 13,2024-11-06,2024-11-06 10:54:41,10
8656,רשת 13,2024-11-06,2024-11-06 10:54:56,10
8657,רשת 13,2024-11-06,2024-11-06 10:55:11,10
8658,רשת 13,2024-11-06,2024-11-06 10:55:32,10
8659,רשת 13,2024-11-06,2024-11-06 10:55:50,10
8660,רשת 13,2024-11-06,2024-11-06 10:56:05,10
8661,רשת 13,2024-11-06,2024-11-06 10:56:37,10
8662,רשת 13,2024-11-06,2024-11-06 10:56:52,10
8663,רשת 13,2024-11-06,2024-11-06 10:57:21,10
8664,רשת 13,2024-11-06,2024-11-06 10:57:52,10
8665,רשת 13,2024-11-06,2024-11-06 10:59:07,10
8666,רשת 13,2024-11-06,2024-11-06 10:59:40,10
8667,רשת 13,2024-11-06,2024-11-06 10:59:51,10
8668,רשת 13,2024-11-06,2024-11-06 11:05:32,11
8669,רשת 13,2024-11-06,2024-11-06 11:06:06,11
8670,רשת 13,2024-11-06,2024-11-06 12:22:14,12
8671,רשת 13,2024-11-06,2024-11-06 12:22:48,12
8672,רשת 13,2024-11-06,2024-11-06 12:24:35,12
8673,רשת 13,2024-11-06,2024-11-06 12:25:27,12
8674,רשת 13,2024-11-06,2024-11-06 12:25:42,12
8675,רשת 13,2024-11-06,2024-11-06 12:26:15,12
8676,רשת 13,2024-11-06,2024-11-06 12:26:37,12
8677,רשת 13,2024-11-06,2024-11-06 12:27:08,12
8678,רשת 13,2024-11-06,2024-11-06 12:27:37,12
8679,רשת 13,2024-11-06,2024-11-06 12:28:01,12
8680,רשת 13,2024-11-06,2024-11-06 12:28:30,12
8681,רשת 13,2024-11-06,2024-11-06 12:29:04,12
8682,רשת 13,2024-11-06,2024-11-06 12:29:10,12
8683,רשת 13,2024-11-06,2024-11-06 12:29:16,12
8684,רשת 13,2024-11-06,2024-11-06 12:29:22,12
8685,רשת 13,2024-11-06,2024-11-06 12:29:28,12
8686,רשת 13,2024-11-06,2024-11-06 12:29:47,12
8687,רשת 13,2024-11-06,2024-11-06 12:30:30,12
8688,רשת 13,2024-11-06,2024-11-06 12:30:52,12
8689,רשת 13,2024-11-06,2024-11-06 12:31:05,12
8690,רשת 13,2024-11-06,2024-11-06 12:31:20,12
8691,רשת 13,2024-11-06,2024-11-06 12:31:35,12
8692,רשת 13,2024-11-06,2024-11-06 12:32:03,12
8693,רשת 13,2024-11-06,2024-11-06 12:32:20,12
8694,רשת 13,2024-11-06,2024-11-06 12:32:35,12
8695,רשת 13,2024-11-06,2024-11-06 12:33:08,12
8696,רשת 13,2024-11-06,2024-11-06 12:33:23,12
8697,רשת 13,2024-11-06,2024-11-06 12:33:38,12
8698,רשת 13,2024-11-06,2024-11-06 12:34:07,12
8699,רשת 13,2024-11-06,2024-11-06 12:34:41,12
8700,רשת 13,2024-11-06,2024-11-06 12:34:47,12
8701,רשת 13,2024-11-06,2024-11-06 12:34:53,12
8702,רשת 13,2024-11-06,2024-11-06 12:34:59,12
8703,רשת 13,2024-11-06,2024-11-06 12:52:05,12
8704,רשת 13,2024-11-06,2024-11-06 12:52:49,12
8705,רשת 13,2024-11-06,2024-11-06 12:52:55,12
8706,רשת 13,2024-11-06,2024-11-06 12:53:01,12
8707,רשת 13,2024-11-06,2024-11-06 12:53:07,12
8708,רשת 13,2024-11-06,2024-11-06 12:53:19,12
8709,רשת 13,2024-11-06,2024-11-06 12:53:41,12
8710,רשת 13,2024-11-06,2024-11-06 12:53:55,12
8711,רשת 13,2024-11-06,2024-11-06 12:54:20,12
8712,רשת 13,2024-11-06,2024-11-06 12:54:33,12
8713,רשת 13,2024-11-06,2024-11-06 12:54:48,12
8714,רשת 13,2024-11-06,2024-11-06 12:55:21,12
8715,רשת 13,2024-11-06,2024-11-06 12:55:36,12
8716,רשת 13,2024-11-06,2024-11-06 12:56:09,12
8717,רשת 13,2024-11-06,2024-11-06 12:56:24,12
8718,רשת 13,2024-11-06,2024-11-06 12:56:41,12
8719,רשת 13,2024-11-06,2024-11-06 12:57:05,12
8720,רשת 13,2024-11-06,2024-11-06 12:57:20,12
8721,רשת 13,2024-11-06,2024-11-06 12:57:40,12
8722,רשת 13,2024-11-06,2024-11-06 12:57:55,12
8723,רשת 13,2024-11-06,2024-11-06 12:58:24,12
8724,רשת 13,2024-11-06,2024-11-06 12:58:58,12
8725,רשת 13,2024-11-06,2024-11-06 12:59:04,12
8726,רשת 13,2024-11-06,2024-11-06 12:59:10,12
8727,רשת 13,2024-11-06,2024-11-06 12:59:16,12
8728,רשת 13,2024-11-06,2024-11-06 12:59:22,12
8729,רשת 13,2024-11-06,2024-11-06 13:07:23,13
8730,רשת 13,2024-11-06,2024-11-06 13:07:57,13
8731,רשת 13,2024-11-06,2024-11-06 13:27:25,13
8732,רשת 13,2024-11-06,2024-11-06 13:28:09,13
8733,רשת 13,2024-11-06,2024-11-06 13:28:15,13
8734,רשת 13,2024-11-06,2024-11-06 13:28:21,13
8735,רשת 13,2024-11-06,2024-11-06 13:28:32,13
8736,רשת 13,2024-11-06,2024-11-06 13:29:15,13
8737,רשת 13,2024-11-06,2024-11-06 13:29:29,13
8738,רשת 13,2024-11-06,2024-11-06 13:29:44,13
8739,רשת 13,2024-11-06,2024-11-06 13:29:59,13
8740,רשת 13,2024-11-06,2024-11-06 13:30:21,13
8741,רשת 13,2024-11-06,2024-11-06 13:30:54,13
8742,רשת 13,2024-11-06,2024-11-06 13:31:09,13
8743,רשת 13,2024-11-06,2024-11-06 13:31:24,13
8744,רשת 13,2024-11-06,2024-11-06 13:31:55,13
8745,רשת 13,2024-11-06,2024-11-06 13:32:49,13
8746,רשת 13,2024-11-06,2024-11-06 13:34:05,13
8747,רשת 13,2024-11-06,2024-11-06 13:34:11,13
8748,רשת 13,2024-11-06,2024-11-06 13:34:17,13
8749,רשת 13,2024-11-06,2024-11-06 13:34:23,13
8750,רשת 13,2024-11-06,2024-11-06 14:06:46,14
8751,רשת 13,2024-11-06,2024-11-06 14:07:19,14
8752,רשת 13,2024-11-06,2024-11-06 14:24:46,14
8753,רשת 13,2024-11-06,2024-11-06 14:25:30,14
8754,רשת 13,2024-11-06,2024-11-06 14:25:36,14
8755,רשת 13,2024-11-06,2024-11-06 14:25:42,14
8756,רשת 13,2024-11-06,2024-11-06 14:25:48,14
8757,רשת 13,2024-11-06,2024-11-06 14:26:00,14
8758,רשת 13,2024-11-06,2024-11-06 14:26:43,14
8759,רשת 13,2024-11-06,2024-11-06 14:27:05,14
8760,רשת 13,2024-11-06,2024-11-06 14:27:19,14
8761,רשת 13,2024-11-06,2024-11-06 14:27:32,14
8762,רשת 13,2024-11-06,2024-11-06 14:27:49,14
8763,רשת 13,2024-11-06,2024-11-06 14:28:17,14
8764,רשת 13,2024-11-06,2024-11-06 14:28:32,14
8765,רשת 13,2024-11-06,2024-11-06 14:28:56,14
8766,רשת 13,2024-11-06,2024-11-06 14:29:11,14
8767,רשת 13,2024-11-06,2024-11-06 14:29:26,14
8768,רשת 13,2024-11-06,2024-11-06 14:29:58,14
8769,רשת 13,2024-11-06,2024-11-06 14:30:28,14
8770,רשת 13,2024-11-06,2024-11-06 14:30:43,14
8771,רשת 13,2024-11-06,2024-11-06 14:31:46,14
8772,רשת 13,2024-11-06,2024-11-06 14:32:40,14
8773,רשת 13,2024-11-06,2024-11-06 14:32:46,14
8774,רשת 13,2024-11-06,2024-11-06 14:32:52,14
8775,רשת 13,2024-11-06,2024-11-06 15:51:47,15
8776,רשת 13,2024-11-06,2024-11-06 15:52:30,15
8777,רשת 13,2024-11-06,2024-11-06 15:52:36,15
8778,רשת 13,2024-11-06,2024-11-06 15:52:42,15
8779,רשת 13,2024-11-06,2024-11-06 15:52:48,15
8780,רשת 13,2024-11-06,2024-11-06 15:52:54,15
8781,רשת 13,2024-11-06,2024-11-06 15:53:00,15
8782,רשת 13,2024-11-06,2024-11-06 15:53:19,15
8783,רשת 13,2024-11-06,2024-11-06 15:53:34,15
8784,רשת 13,2024-11-06,2024-11-06 15:54:07,15
8785,רשת 13,2024-11-06,2024-11-06 15:54:50,15
8786,רשת 13,2024-11-06,2024-11-06 15:55:10,15
8787,רשת 13,2024-11-06,2024-11-06 15:55:23,15
8788,רשת 13,2024-11-06,2024-11-06 15:55:38,15
8789,רשת 13,2024-11-06,2024-11-06 15:56:07,15
8790,רשת 13,2024-11-06,2024-11-06 15:56:56,15
8791,רשת 13,2024-11-06,2024-11-06 15:58:10,15
8792,רשת 13,2024-11-06,2024-11-06 15:58:44,15
8793,רשת 13,2024-11-06,2024-11-06 15:58:54,15
8794,רשת 13,2024-11-06,2024-11-06 15:59:00,15
8795,רשת 13,2024-11-06,2024-11-06 15:59:06,15
8796,רשת 13,2024-11-06,2024-11-06 15:59:12,15
8797,רשת 13,2024-11-06,2024-11-06 15:59:18,15
8798,רשת 13,2024-11-06,2024-11-06 16:31:40,16
8799,רשת 13,2024-11-06,2024-11-06 16:32:23,16
8800,רשת 13,2024-11-06,2024-11-06 16:32:29,16
8801,רשת 13,2024-11-06,2024-11-06 16:32:37,16
8802,רשת 13,2024-11-06,2024-11-06 16:32:43,16
8803,רשת 13,2024-11-06,2024-11-06 16:32:49,16
8804,רשת 13,2024-11-06,2024-11-06 16:33:03,16
8805,רשת 13,2024-11-06,2024-11-06 16:33:19,16
8806,רשת 13,2024-11-06,2024-11-06 16:33:34,16
8807,רשת 13,2024-11-06,2024-11-06 16:33:49,16
8808,רשת 13,2024-11-06,2024-11-06 16:34:20,16
8809,רשת 13,2024-11-06,2024-11-06 16:34:34,16
8810,רשת 13,2024-11-06,2024-11-06 16:35:03,16
8811,רשת 13,2024-11-06,2024-11-06 16:35:32,16
8812,רשת 13,2024-11-06,2024-11-06 16:36:07,16
8813,רשת 13,2024-11-06,2024-11-06 16:36:22,16
8814,רשת 13,2024-11-06,2024-11-06 16:36:53,16
8815,רשת 13,2024-11-06,2024-11-06 16:37:26,16
8816,רשת 13,2024-11-06,2024-11-06 16:37:41,16
8817,רשת 13,2024-11-06,2024-11-06 16:38:14,16
8818,רשת 13,2024-11-06,2024-11-06 16:39:06,16
8819,רשת 13,2024-11-06,2024-11-06 16:39:40,16
8820,רשת 13,2024-11-06,2024-11-06 16:39:50,16
8821,רשת 13,2024-11-06,2024-11-06 16:39:58,16
8822,רשת 13,2024-11-06,2024-11-06 16:40:04,16
8823,רשת 13,2024-11-06,2024-11-06 17:13:50,17
8824,רשת 13,2024-11-06,2024-11-06 17:14:34,17
8825,רשת 13,2024-11-06,2024-11-06 17:14:42,17
8826,רשת 13,2024-11-06,2024-11-06 17:14:48,17
8827,רשת 13,2024-11-06,2024-11-06 17:14:54,17
8828,רשת 13,2024-11-06,2024-11-06 17:15:00,17
8829,רשת 13,2024-11-06,2024-11-06 17:15:06,17
8830,רשת 13,2024-11-06,2024-11-06 17:15:19,17
8831,רשת 13,2024-11-06,2024-11-06 17:15:40,17
8832,רשת 13,2024-11-06,2024-11-06 17:15:55,17
8833,רשת 13,2024-11-06,2024-11-06 17:16:10,17
8834,רשת 13,2024-11-06,2024-11-06 17:16:22,17
8835,רשת 13,2024-11-06,2024-11-06 17:16:36,17
8836,רשת 13,2024-11-06,2024-11-06 17:16:54,17
8837,רשת 13,2024-11-06,2024-11-06 17:17:16,17
8838,רשת 13,2024-11-06,2024-11-06 17:17:31,17
8839,רשת 13,2024-11-06,2024-11-06 17:17:46,17
8840,רשת 13,2024-11-06,2024-11-06 17:18:06,17
8841,רשת 13,2024-11-06,2024-11-06 17:18:25,17
8842,רשת 13,2024-11-06,2024-11-06 17:18:56,17
8843,רשת 13,2024-11-06,2024-11-06 17:19:26,17
8844,רשת 13,2024-11-06,2024-11-06 17:19:59,17
8845,רשת 13,2024-11-06,2024-11-06 17:20:19,17
8846,רשת 13,2024-11-06,2024-11-06 17:21:14,17
8847,רשת 13,2024-11-06,2024-11-06 17:22:30,17
8848,רשת 13,2024-11-06,2024-11-06 17:23:04,17
8849,רשת 13,2024-11-06,2024-11-06 17:23:15,17
8850,רשת 13,2024-11-06,2024-11-06 17:23:23,17
8851,רשת 13,2024-11-06,2024-11-06 17:23:29,17
8852,רשת 13,2024-11-06,2024-11-06 17:23:35,17
8853,רשת 13,2024-11-06,2024-11-06 17:23:41,17
8854,רשת 13,2024-11-06,2024-11-06 17:23:47,17
8855,רשת 13,2024-11-06,2024-11-06 17:23:55,17
8856,רשת 13,2024-11-06,2024-11-06 17:53:56,17
8857,רשת 13,2024-11-06,2024-11-06 17:54:56,17
8858,רשת 13,2024-11-06,2024-11-06 18:40:09,18
8859,רשת 13,2024-11-06,2024-11-06 18:41:09,18
8860,רשת 13,2024-11-06,2024-11-06 18:41:15,18
8861,רשת 13,2024-11-06,2024-11-06 18:41:21,18
8862,רשת 13,2024-11-06,2024-11-06 18:41:29,18
8863,רשת 13,2024-11-06,2024-11-06 18:41:35,18
8864,רשת 13,2024-11-06,2024-11-06 18:41:41,18
8865,רשת 13,2024-11-06,2024-11-06 18:41:47,18
8866,רשת 13,2024-11-06,2024-11-06 18:42:01,18
8867,רשת 13,2024-11-06,2024-11-06 18:42:34,18
8868,רשת 13,2024-11-06,2024-11-06 18:42:49,18
8869,רשת 13,2024-11-06,2024-11-06 18:43:04,18
8870,רשת 13,2024-11-06,2024-11-06 18:43:19,18
8871,רשת 13,2024-11-06,2024-11-06 18:43:37,18
8872,רשת 13,2024-11-06,2024-11-06 18:44:14,18
8873,רשת 13,2024-11-06,2024-11-06 18:44:27,18
8874,רשת 13,2024-11-06,2024-11-06 18:44:42,18
8875,רשת 13,2024-11-06,2024-11-06 18:45:12,18
8876,רשת 13,2024-11-06,2024-11-06 18:45:27,18
8877,רשת 13,2024-11-06,2024-11-06 18:46:17,18
8878,רשת 13,2024-11-06,2024-11-06 18:46:49,18
8879,רשת 13,2024-11-06,2024-11-06 18:47:31,18
8880,רשת 13,2024-11-06,2024-11-06 18:48:04,18
8881,רשת 13,2024-11-06,2024-11-06 18:48:15,18
8882,רשת 13,2024-11-06,2024-11-06 18:48:23,18
8883,רשת 13,2024-11-06,2024-11-06 18:48:29,18
8884,רשת 13,2024-11-06,2024-11-06 18:48:35,18
8885,רשת 13,2024-11-06,2024-11-06 18:48:41,18
8886,רשת 13,2024-11-06,2024-11-06 18:48:47,18
8887,רשת 13,2024-11-06,2024-11-06 19:00:15,19
8888,רשת 13,2024-11-06,2024-11-06 19:00:59,19
8889,רשת 13,2024-11-06,2024-11-06 19:01:05,19
8890,רשת 13,2024-11-06,2024-11-06 19:01:11,19
8891,רשת 13,2024-11-06,2024-11-06 19:01:19,19
8892,רשת 13,2024-11-06,2024-11-06 19:01:25,19
8893,רשת 13,2024-11-06,2024-11-06 19:01:31,19
8894,רשת 13,2024-11-06,2024-11-06 19:01:39,19
8895,רשת 13,2024-11-06,2024-11-06 19:01:50,19
8896,רשת 13,2024-11-06,2024-11-06 19:02:12,19
8897,רשת 13,2024-11-06,2024-11-06 19:02:27,19
8898,רשת 13,2024-11-06,2024-11-06 19:02:42,19
8899,רשת 13,2024-11-06,2024-11-06 19:03:11,19
8900,רשת 13,2024-11-06,2024-11-06 19:03:17,19
8901,רשת 13,2024-11-06,2024-11-06 19:03:32,19
8902,רשת 13,2024-11-06,2024-11-06 19:03:45,19
8903,רשת 13,2024-11-06,2024-11-06 19:04:20,19
8904,רשת 13,2024-11-06,2024-11-06 19:05:05,19
8905,רשת 13,2024-11-06,2024-11-06 19:05:17,19
8906,רשת 13,2024-11-06,2024-11-06 19:05:23,19
8907,רשת 13,2024-11-06,2024-11-06 19:05:55,19
8908,רשת 13,2024-11-06,2024-11-06 19:06:28,19
8909,רשת 13,2024-11-06,2024-11-06 19:06:43,19
8910,רשת 13,2024-11-06,2024-11-06 19:06:53,19
8911,רשת 13,2024-11-06,2024-11-06 19:07:08,19
8912,רשת 13,2024-11-06,2024-11-06 19:07:14,19
8913,רשת 13,2024-11-06,2024-11-06 19:07:42,19
8914,רשת 13,2024-11-06,2024-11-06 19:08:28,19
8915,רשת 13,2024-11-06,2024-11-06 19:09:44,19
8916,רשת 13,2024-11-06,2024-11-06 19:09:50,19
8917,רשת 13,2024-11-06,2024-11-06 19:09:56,19
8918,רשת 13,2024-11-06,2024-11-06 19:10:02,19
8919,רשת 13,2024-11-06,2024-11-06 19:10:08,19
8920,רשת 13,2024-11-06,2024-11-06 19:10:14,19
8921,רשת 13,2024-11-06,2024-11-06 19:10:20,19
8922,רשת 13,2024-11-06,2024-11-06 19:41:17,19
8923,רשת 13,2024-11-06,2024-11-06 19:51:03,19
8924,רשת 13,2024-11-06,2024-11-06 19:52:03,19
8925,רשת 13,2024-11-06,2024-11-06 19:53:08,19
8926,רשת 13,2024-11-06,2024-11-06 20:36:18,20
8927,רשת 13,2024-11-06,2024-11-06 20:37:11,20
8928,רשת 13,2024-11-06,2024-11-06 20:37:31,20
8929,רשת 13,2024-11-06,2024-11-06 20:38:08,20
8930,רשת 13,2024-11-06,2024-11-06 20:38:22,20
8931,רשת 13,2024-11-06,2024-11-06 20:38:51,20
8932,רשת 13,2024-11-06,2024-11-06 20:39:04,20
8933,רשת 13,2024-11-06,2024-11-06 20:39:10,20
8934,רשת 13,2024-11-06,2024-11-06 20:39:39,20
8935,רשת 13,2024-11-06,2024-11-06 20:40:03,20
8936,רשת 13,2024-11-06,2024-11-06 20:40:21,20
8937,רשת 13,2024-11-06,2024-11-06 20:40:36,20
8938,רשת 13,2024-11-06,2024-11-06 20:40:42,20
8939,רשת 13,2024-11-06,2024-11-06 20:41:15,20
8940,רשת 13,2024-11-06,2024-11-06 20:41:30,20
8941,רשת 13,2024-11-06,2024-11-06 20:41:36,20
8942,רשת 13,2024-11-06,2024-11-06 20:41:53,20
8943,רשת 13,2024-11-06,2024-11-06 20:42:18,20
8944,רשת 13,2024-11-06,2024-11-06 20:42:33,20
8945,רשת 13,2024-11-06,2024-11-06 20:43:37,20
8946,רשת 13,2024-11-06,2024-11-06 21:13:51,21
8947,רשת 13,2024-11-06,2024-11-06 21:14:34,21
8948,רשת 13,2024-11-06,2024-11-06 21:14:40,21
8949,רשת 13,2024-11-06,2024-11-06 21:14:48,21
8950,רשת 13,2024-11-06,2024-11-06 21:14:54,21
8951,רשת 13,2024-11-06,2024-11-06 21:15:00,21
8952,רשת 13,2024-11-06,2024-11-06 21:15:06,21
8953,רשת 13,2024-11-06,2024-11-06 21:15:30,21
8954,רשת 13,2024-11-06,2024-11-06 21:16:02,21
8955,רשת 13,2024-11-06,2024-11-06 21:16:22,21
8956,רשת 13,2024-11-06,2024-11-06 21:16:44,21
8957,רשת 13,2024-11-06,2024-11-06 21:16:59,21
8958,רשת 13,2024-11-06,2024-11-06 21:17:14,21
8959,רשת 13,2024-11-06,2024-11-06 21:17:29,21
8960,רשת 13,2024-11-06,2024-11-06 21:17:43,21
8961,רשת 13,2024-11-06,2024-11-06 21:18:02,21
8962,רשת 13,2024-11-06,2024-11-06 21:18:47,21
8963,רשת 13,2024-11-06,2024-11-06 21:19:03,21
8964,רשת 13,2024-11-06,2024-11-06 21:19:16,21
8965,רשת 13,2024-11-06,2024-11-06 21:19:47,21
8966,רשת 13,2024-11-06,2024-11-06 21:20:02,21
8967,רשת 13,2024-11-06,2024-11-06 21:20:08,21
8968,רשת 13,2024-11-06,2024-11-06 21:20:14,21
8969,רשת 13,2024-11-06,2024-11-06 21:20:57,21
8970,רשת 13,2024-11-06,2024-11-06 21:39:31,21
8971,רשת 13,2024-11-06,2024-11-06 21:39:46,21
8972,רשת 13,2024-11-06,2024-11-06 21:40:11,21
8973,רשת 13,2024-11-06,2024-11-06 21:40:50,21
8974,רשת 13,2024-11-06,2024-11-06 21:41:51,21
8975,רשת 13,2024-11-06,2024-11-06 22:15:32,22
8976,רשת 13,2024-11-06,2024-11-06 22:16:25,22
8977,רשת 13,2024-11-06,2024-11-06 22:16:31,22
8978,רשת 13,2024-11-06,2024-11-06 22:16:37,22
8979,רשת 13,2024-11-06,2024-11-06 22:16:43,22
8980,רשת 13,2024-11-06,2024-11-06 22:16:49,22
8981,רשת 13,2024-11-06,2024-11-06 22:16:57,22
8982,רשת 13,2024-11-06,2024-11-06 22:17:03,22
8983,רשת 13,2024-11-06,2024-11-06 22:17:09,22
8984,רשת 13,2024-11-06,2024-11-06 22:17:15,22
8985,רשת 13,2024-11-06,2024-11-06 22:17:21,22
8986,רשת 13,2024-11-06,2024-11-06 22:17:27,22
8987,רשת 13,2024-11-06,2024-11-06 22:17:35,22
8988,רשת 13,2024-11-06,2024-11-06 22:17:50,22
8989,רשת 13,2024-11-06,2024-11-06 22:18:18,22
8990,רשת 13,2024-11-06,2024-11-06 22:18:48,22
8991,רשת 13,2024-11-06,2024-11-06 22:19:13,22
8992,רשת 13,2024-11-06,2024-11-06 22:19:37,22
8993,רשת 13,2024-11-06,2024-11-06 22:20:16,22
8994,רשת 13,2024-11-06,2024-11-06 22:20:51,22
8995,רשת 13,2024-11-06,2024-11-06 22:20:57,22
8996,רשת 13,2024-11-06,2024-11-06 22:21:10,22
8997,רשת 13,2024-11-06,2024-11-06 22:22:02,22
8998,רשת 13,2024-11-06,2024-11-06 22:22:26,22
8999,רשת 13,2024-11-06,2024-11-06 22:22:41,22
9000,רשת 13,2024-11-06,2024-11-06 22:22:56,22
9001,רשת 13,2024-11-06,2024-11-06 22:23:13,22
9002,רשת 13,2024-11-06,2024-11-06 22:23:29,22
9003,רשת 13,2024-11-06,2024-11-06 22:23:41,22
9004,רשת 13,2024-11-06,2024-11-06 22:23:47,22
9005,רשת 13,2024-11-06,2024-11-06 22:24:04,22
9006,רשת 13,2024-11-06,2024-11-06 22:24:10,22
9007,רשת 13,2024-11-06,2024-11-06 22:24:25,22
9008,רשת 13,2024-11-06,2024-11-06 22:24:37,22
9009,רשת 13,2024-11-06,2024-11-06 22:24:52,22
9010,רשת 13,2024-11-06,2024-11-06 22:25:11,22
9011,רשת 13,2024-11-06,2024-11-06 22:25:26,22
9012,רשת 13,2024-11-06,2024-11-06 22:25:55,22
9013,רשת 13,2024-11-06,2024-11-06 22:26:45,22
9014,רשת 13,2024-11-06,2024-11-06 22:26:51,22
9015,רשת 13,2024-11-06,2024-11-06 22:26:57,22
9016,רשת 13,2024-11-06,2024-11-06 22:27:03,22
9017,רשת 13,2024-11-06,2024-11-06 22:27:09,22
9018,רשת 13,2024-11-06,2024-11-06 22:27:15,22
9019,רשת 13,2024-11-06,2024-11-06 22:27:21,22
9020,רשת 13,2024-11-06,2024-11-06 22:27:27,22
9021,רשת 13,2024-11-06,2024-11-06 22:39:17,22
9022,רשת 13,2024-11-06,2024-11-06 22:39:47,22
9023,רשת 13,2024-11-06,2024-11-06 22:40:09,22
9024,רשת 13,2024-11-06,2024-11-06 22:40:24,22
9025,רשת 13,2024-11-06,2024-11-06 22:40:53,22
9026,רשת 13,2024-11-06,2024-11-06 22:41:13,22
9027,רשת 13,2024-11-06,2024-11-06 22:41:46,22
9028,רשת 13,2024-11-06,2024-11-06 22:42:11,22
9029,רשת 13,2024-11-06,2024-11-06 22:48:32,22
9030,רשת 13,2024-11-06,2024-11-06 22:48:37,22
9031,רשת 13,2024-11-06,2024-11-06 22:49:07,22
9032,רשת 13,2024-11-06,2024-11-06 22:49:56,22
9033,רשת 13,2024-11-06,2024-11-06 22:50:02,22
9034,רשת 13,2024-11-06,2024-11-06 22:50:08,22
9035,רשת 13,2024-11-06,2024-11-06 22:50:15,22
9036,רשת 13,2024-11-06,2024-11-06 22:50:21,22
9037,רשת 13,2024-11-06,2024-11-06 22:50:32,22
9038,רשת 13,2024-11-06,2024-11-06 22:51:17,22
9039,רשת 13,2024-11-06,2024-11-06 22:51:32,22
9040,רשת 13,2024-11-06,2024-11-06 22:51:45,22
9041,רשת 13,2024-11-06,2024-11-06 22:52:14,22
9042,רשת 13,2024-11-06,2024-11-06 22:52:31,22
9043,רשת 13,2024-11-06,2024-11-06 22:53:07,22
9044,רשת 13,2024-11-06,2024-11-06 22:53:52,22
9045,רשת 13,2024-11-06,2024-11-06 22:53:58,22
9046,רשת 13,2024-11-06,2024-11-06 22:54:13,22
9047,רשת 13,2024-11-06,2024-11-06 22:54:32,22
9048,רשת 13,2024-11-06,2024-11-06 22:55:38,22
9049,רשת 13,2024-11-06,2024-11-06 22:55:44,22
9050,רשת 13,2024-11-06,2024-11-06 23:03:29,23
9051,רשת 13,2024-11-06,2024-11-06 23:03:58,23
9052,רשת 13,2024-11-06,2024-11-06 23:04:04,23
9053,רשת 13,2024-11-06,2024-11-06 23:04:11,23
9054,רשת 13,2024-11-06,2024-11-06 23:04:22,23
9055,רשת 13,2024-11-06,2024-11-06 23:04:42,23
9056,רשת 13,2024-11-06,2024-11-06 23:05:02,23
9057,רשת 13,2024-11-06,2024-11-06 23:05:17,23
9058,רשת 13,2024-11-06,2024-11-06 23:05:32,23
9059,רשת 13,2024-11-06,2024-11-06 23:06:08,23
9060,רשת 13,2024-11-06,2024-11-06 23:06:36,23
9061,רשת 13,2024-11-06,2024-11-06 23:06:58,23
9062,רשת 13,2024-11-06,2024-11-06 23:07:15,23
9063,רשת 13,2024-11-06,2024-11-06 23:07:50,23
9064,רשת 13,2024-11-06,2024-11-06 23:08:12,23
9065,רשת 13,2024-11-06,2024-11-06 23:08:27,23
9066,רשת 13,2024-11-06,2024-11-06 23:09:34,23
9067,רשת 13,2024-11-06,2024-11-06 23:10:10,23
9068,רשת 13,2024-11-06,2024-11-06 23:10:51,23
9069,רשת 13,2024-11-06,2024-11-06 23:11:52,23
9070,רשת 13,2024-11-06,2024-11-06 23:51:26,23
9071,רשת 13,2024-11-06,2024-11-06 23:52:31,23
9072,רשת 13,2024-11-06,2024-11-06 23:52:39,23
9073,רשת 13,2024-11-06,2024-11-06 23:52:45,23
9074,רשת 13,2024-11-06,2024-11-06 23:53:06,23
9075,רשת 13,2024-11-06,2024-11-06 23:53:26,23
9076,רשת 13,2024-11-06,2024-11-06 23:53:56,23
9077,רשת 13,2024-11-06,2024-11-06 23:54:12,23
9078,רשת 13,2024-11-06,2024-11-06 23:54:27,23
9079,רשת 13,2024-11-06,2024-11-06 23:54:42,23
9080,רשת 13,2024-11-06,2024-11-06 23:54:55,23
9081,רשת 13,2024-11-06,2024-11-06 23:55:20,23
9082,רשת 13,2024-11-06,2024-11-06 23:55:41,23
9083,רשת 13,2024-11-06,2024-11-06 23:55:56,23
9084,רשת 13,2024-11-06,2024-11-06 23:56:11,23
9085,רשת 13,2024-11-06,2024-11-06 23:56:26,23
9086,רשת 13,2024-11-06,2024-11-06 23:56:37,23
9087,רשת 13,2024-11-06,2024-11-06 23:57:51,23
9088,רשת 13,2024-11-06,2024-11-06 23:57:59,23
9089,רשת 13,2024-11-06,2024-11-06 23:59:04,23
9090,רשת 13,2024-11-06,2024-11-06 23:59:10,23
9091,רשת 13,2024-11-06,2024-11-06 00:27:32,0
9092,רשת 13,2024-11-06,2024-11-06 00:28:00,0
9093,רשת 13,2024-11-06,2024-11-06 00:28:06,0
9094,רשת 13,2024-11-06,2024-11-06 00:28:12,0
9095,רשת 13,2024-11-06,2024-11-06 00:28:23,0
9096,רשת 13,2024-11-06,2024-11-06 00:28:53,0
9097,רשת 13,2024-11-06,2024-11-06 00:29:14,0
9098,רשת 13,2024-11-06,2024-11-06 00:29:30,0
9099,רשת 13,2024-11-06,2024-11-06 00:29:45,0
9100,רשת 13,2024-11-06,2024-11-06 00:30:07,0
9101,רשת 13,2024-11-06,2024-11-06 00:30:22,0
9102,רשת 13,2024-11-06,2024-11-06 00:30:51,0
9103,רשת 13,2024-11-06,2024-11-06 00:31:46,0
9104,רשת 13,2024-11-06,2024-11-06 00:32:31,0
9105,רשת 13,2024-11-06,2024-11-06 00:33:09,0
9106,רשת 13,2024-11-06,2024-11-06 00:33:19,0
9107,רשת 13,2024-11-06,2024-11-06 00:33:25,0
9108,רשת 13,2024-11-06,2024-11-06 00:54:26,0
9109,רשת 13,2024-11-06,2024-11-06 00:55:24,0
9110,רשת 13,2024-11-06,2024-11-06 00:55:39,0
9111,רשת 13,2024-11-06,2024-11-06 00:55:58,0
9112,רשת 13,2024-11-06,2024-11-06 00:56:29,0
9113,רשת 13,2024-11-06,2024-11-06 00:56:59,0
9114,רשת 13,2024-11-06,2024-11-06 01:35:53,1
9115,רשת 13,2024-11-06,2024-11-06 01:35:59,1
9116,רשת 13,2024-11-06,2024-11-06 01:36:10,1
9117,רשת 13,2024-11-06,2024-11-06 01:37:06,1
10296,רשת 13,2024-11-07,2024-11-07 02:14:25,2
10297,רשת 13,2024-11-07,2024-11-07 02:46:26,2
10298,רשת 13,2024-11-07,2024-11-07 02:46:50,2
10299,רשת 13,2024-11-07,2024-11-07 03:06:17,3
10300,רשת 13,2024-11-07,2024-11-07 03:06:41,3
10301,רשת 13,2024-11-07,2024-11-07 03:39:09,3
10302,רשת 13,2024-11-07,2024-11-07 03:56:09,3
10303,רשת 13,2024-11-07,2024-11-07 03:56:53,3
10304,רשת 13,2024-11-07,2024-11-07 05:27:38,5
10305,רשת 13,2024-11-07,2024-11-07 05:28:22,5
10306,רשת 13,2024-11-07,2024-11-07 05:45:10,5
10307,רשת 13,2024-11-07,2024-11-07 05:45:54,5
10308,רשת 13,2024-11-07,2024-11-07 06:15:41,6
10309,רשת 13,2024-11-07,2024-11-07 06:16:10,6
10310,רשת 13,2024-11-07,2024-11-07 06:16:17,6
10311,רשת 13,2024-11-07,2024-11-07 06:16:23,6
10312,רשת 13,2024-11-07,2024-11-07 06:16:43,6
10313,רשת 13,2024-11-07,2024-11-07 06:16:59,6
10314,רשת 13,2024-11-07,2024-11-07 06:17:16,6
10315,רשת 13,2024-11-07,2024-11-07 06:17:31,6
10316,רשת 13,2024-11-07,2024-11-07 06:17:51,6
10317,רשת 13,2024-11-07,2024-11-07 06:18:32,6
10318,רשת 13,2024-11-07,2024-11-07 06:19:10,6
10319,רשת 13,2024-11-07,2024-11-07 06:19:21,6
10320,רשת 13,2024-11-07,2024-11-07 06:19:28,6
10321,רשת 13,2024-11-07,2024-11-07 06:19:34,6
10322,רשת 13,2024-11-07,2024-11-07 07:10:12,7
10323,רשת 13,2024-11-07,2024-11-07 07:10:40,7
10324,רשת 13,2024-11-07,2024-11-07 07:11:46,7
10325,רשת 13,2024-11-07,2024-11-07 07:11:57,7
10326,רשת 13,2024-11-07,2024-11-07 07:12:04,7
10327,רשת 13,2024-11-07,2024-11-07 07:12:10,7
10328,רשת 13,2024-11-07,2024-11-07 07:12:16,7
10329,רשת 13,2024-11-07,2024-11-07 07:12:22,7
10330,רשת 13,2024-11-07,2024-11-07 07:12:42,7
10331,רשת 13,2024-11-07,2024-11-07 07:13:02,7
10332,רשת 13,2024-11-07,2024-11-07 07:13:17,7
10333,רשת 13,2024-11-07,2024-11-07 07:13:52,7
10334,רשת 13,2024-11-07,2024-11-07 07:14:07,7
10335,רשת 13,2024-11-07,2024-11-07 07:14:21,7
10336,רשת 13,2024-11-07,2024-11-07 07:14:36,7
10337,רשת 13,2024-11-07,2024-11-07 07:15:04,7
10338,רשת 13,2024-11-07,2024-11-07 07:15:10,7
10339,רשת 13,2024-11-07,2024-11-07 07:15:39,7
10340,רשת 13,2024-11-07,2024-11-07 07:16:15,7
10341,רשת 13,2024-11-07,2024-11-07 07:17:14,7
10342,רשת 13,2024-11-07,2024-11-07 07:17:21,7
10343,רשת 13,2024-11-07,2024-11-07 07:17:27,7
10344,רשת 13,2024-11-07,2024-11-07 07:40:57,7
10345,רשת 13,2024-11-07,2024-11-07 07:42:02,7
10346,רשת 13,2024-11-07,2024-11-07 07:42:08,7
10347,רשת 13,2024-11-07,2024-11-07 07:42:14,7
10348,רשת 13,2024-11-07,2024-11-07 07:42:21,7
10349,רשת 13,2024-11-07,2024-11-07 07:42:27,7
10350,רשת 13,2024-11-07,2024-11-07 07:42:33,7
10351,רשת 13,2024-11-07,2024-11-07 07:42:53,7
10352,רשת 13,2024-11-07,2024-11-07 07:43:09,7
10353,רשת 13,2024-11-07,2024-11-07 07:43:30,7
10354,רשת 13,2024-11-07,2024-11-07 07:43:47,7
10355,רשת 13,2024-11-07,2024-11-07 07:44:00,7
10356,רשת 13,2024-11-07,2024-11-07 07:44:33,7
10357,רשת 13,2024-11-07,2024-11-07 07:45:05,7
10358,רשת 13,2024-11-07,2024-11-07 07:45:30,7
10359,רשת 13,2024-11-07,2024-11-07 07:45:45,7
10360,רשת 13,2024-11-07,2024-11-07 07:46:05,7
10361,רשת 13,2024-11-07,2024-11-07 07:47:06,7
10362,רשת 13,2024-11-07,2024-11-07 07:47:58,7
10363,רשת 13,2024-11-07,2024-11-07 07:48:35,7
10364,רשת 13,2024-11-07,2024-11-07 08:07:14,8
10365,רשת 13,2024-11-07,2024-11-07 08:07:51,8
10366,רשת 13,2024-11-07,2024-11-07 08:14:36,8
10367,רשת 13,2024-11-07,2024-11-07 08:15:00,8
10368,רשת 13,2024-11-07,2024-11-07 08:16:15,8
10369,רשת 13,2024-11-07,2024-11-07 08:17:21,8
10370,רשת 13,2024-11-07,2024-11-07 08:17:32,8
10371,רשת 13,2024-11-07,2024-11-07 08:17:39,8
10372,רשת 13,2024-11-07,2024-11-07 08:17:45,8
10373,רשת 13,2024-11-07,2024-11-07 08:17:52,8
10374,רשת 13,2024-11-07,2024-11-07 08:17:58,8
10375,רשת 13,2024-11-07,2024-11-07 08:18:10,8
10376,רשת 13,2024-11-07,2024-11-07 08:18:25,8
10377,רשת 13,2024-11-07,2024-11-07 08:18:45,8
10378,רשת 13,2024-11-07,2024-11-07 08:19:00,8
10379,רשת 13,2024-11-07,2024-11-07 08:19:12,8
10380,רשת 13,2024-11-07,2024-11-07 08:19:18,8
10381,רשת 13,2024-11-07,2024-11-07 08:19:35,8
10382,רשת 13,2024-11-07,2024-11-07 08:20:04,8
10383,רשת 13,2024-11-07,2024-11-07 08:20:25,8
10384,רשת 13,2024-11-07,2024-11-07 08:20:31,8
10385,רשת 13,2024-11-07,2024-11-07 08:20:50,8
10386,רשת 13,2024-11-07,2024-11-07 08:21:05,8
10387,רשת 13,2024-11-07,2024-11-07 08:21:11,8
10388,רשת 13,2024-11-07,2024-11-07 08:21:26,8
10389,רשת 13,2024-11-07,2024-11-07 08:21:34,8
10390,רשת 13,2024-11-07,2024-11-07 08:21:54,8
10391,רשת 13,2024-11-07,2024-11-07 08:22:41,8
10392,רשת 13,2024-11-07,2024-11-07 08:22:48,8
10393,רשת 13,2024-11-07,2024-11-07 08:22:54,8
10394,רשת 13,2024-11-07,2024-11-07 08:23:00,8
10395,רשת 13,2024-11-07,2024-11-07 08:23:06,8
10396,רשת 13,2024-11-07,2024-11-07 08:38:49,8
10397,רשת 13,2024-11-07,2024-11-07 08:39:54,8
10398,רשת 13,2024-11-07,2024-11-07 08:40:11,8
10399,רשת 13,2024-11-07,2024-11-07 08:40:36,8
10400,רשת 13,2024-11-07,2024-11-07 08:41:01,8
10401,רשת 13,2024-11-07,2024-11-07 08:41:25,8
10402,רשת 13,2024-11-07,2024-11-07 08:41:57,8
10403,רשת 13,2024-11-07,2024-11-07 08:42:10,8
10404,רשת 13,2024-11-07,2024-11-07 08:42:30,8
10405,רשת 13,2024-11-07,2024-11-07 08:43:09,8
10406,רשת 13,2024-11-07,2024-11-07 08:43:45,8
10407,רשת 13,2024-11-07,2024-11-07 08:44:15,8
10408,רשת 13,2024-11-07,2024-11-07 08:44:30,8
10409,רשת 13,2024-11-07,2024-11-07 08:44:36,8
10410,רשת 13,2024-11-07,2024-11-07 08:45:07,8
10411,רשת 13,2024-11-07,2024-11-07 08:45:18,8
10412,רשת 13,2024-11-07,2024-11-07 08:46:06,8
10413,רשת 13,2024-11-07,2024-11-07 09:03:24,9
10414,רשת 13,2024-11-07,2024-11-07 09:04:02,9
10415,רשת 13,2024-11-07,2024-11-07 09:18:09,9
10416,רשת 13,2024-11-07,2024-11-07 09:18:38,9
10417,רשת 13,2024-11-07,2024-11-07 09:18:45,9
10418,רשת 13,2024-11-07,2024-11-07 09:18:51,9
10419,רשת 13,2024-11-07,2024-11-07 09:18:57,9
10420,רשת 13,2024-11-07,2024-11-07 09:19:03,9
10421,רשת 13,2024-11-07,2024-11-07 09:19:15,9
10422,רשת 13,2024-11-07,2024-11-07 09:19:35,9
10423,רשת 13,2024-11-07,2024-11-07 09:20:06,9
10424,רשת 13,2024-11-07,2024-11-07 09:20:31,9
10425,רשת 13,2024-11-07,2024-11-07 09:20:44,9
10426,רשת 13,2024-11-07,2024-11-07 09:20:58,9
10427,רשת 13,2024-11-07,2024-11-07 09:21:18,9
10428,רשת 13,2024-11-07,2024-11-07 09:22:03,9
10429,רשת 13,2024-11-07,2024-11-07 09:22:58,9
10430,רשת 13,2024-11-07,2024-11-07 09:23:38,9
10431,רשת 13,2024-11-07,2024-11-07 09:23:45,9
10432,רשת 13,2024-11-07,2024-11-07 09:23:51,9
10433,רשת 13,2024-11-07,2024-11-07 09:23:57,9
10434,רשת 13,2024-11-07,2024-11-07 09:24:03,9
10435,רשת 13,2024-11-07,2024-11-07 09:36:59,9
10436,רשת 13,2024-11-07,2024-11-07 09:37:28,9
10437,רשת 13,2024-11-07,2024-11-07 09:37:34,9
10438,רשת 13,2024-11-07,2024-11-07 09:37:45,9
10439,רשת 13,2024-11-07,2024-11-07 09:38:00,9
10440,רשת 13,2024-11-07,2024-11-07 09:38:29,9
10441,רשת 13,2024-11-07,2024-11-07 09:38:48,9
10442,רשת 13,2024-11-07,2024-11-07 09:39:12,9
10443,רשת 13,2024-11-07,2024-11-07 09:39:49,9
10444,רשת 13,2024-11-07,2024-11-07 09:40:19,9
10445,רשת 13,2024-11-07,2024-11-07 09:40:31,9
10446,רשת 13,2024-11-07,2024-11-07 09:40:50,9
10447,רשת 13,2024-11-07,2024-11-07 09:41:07,9
10448,רשת 13,2024-11-07,2024-11-07 09:41:14,9
10449,רשת 13,2024-11-07,2024-11-07 09:42:02,9
10450,רשת 13,2024-11-07,2024-11-07 10:05:24,10
10451,רשת 13,2024-11-07,2024-11-07 10:06:01,10
10452,רשת 13,2024-11-07,2024-11-07 10:20:08,10
10453,רשת 13,2024-11-07,2024-11-07 10:20:32,10
10454,רשת 13,2024-11-07,2024-11-07 10:21:48,10
10455,רשת 13,2024-11-07,2024-11-07 10:21:55,10
10456,רשת 13,2024-11-07,2024-11-07 10:22:01,10
10457,רשת 13,2024-11-07,2024-11-07 10:22:13,10
10458,רשת 13,2024-11-07,2024-11-07 10:22:28,10
10459,רשת 13,2024-11-07,2024-11-07 10:22:43,10
10460,רשת 13,2024-11-07,2024-11-07 10:23:15,10
10461,רשת 13,2024-11-07,2024-11-07 10:23:29,10
10462,רשת 13,2024-11-07,2024-11-07 10:23:49,10
10463,רשת 13,2024-11-07,2024-11-07 10:24:18,10
10464,רשת 13,2024-11-07,2024-11-07 10:24:54,10
10465,רשת 13,2024-11-07,2024-11-07 10:25:53,10
10466,רשת 13,2024-11-07,2024-11-07 10:51:37,10
10467,רשת 13,2024-11-07,2024-11-07 10:52:42,10
10468,רשת 13,2024-11-07,2024-11-07 10:53:07,10
10469,רשת 13,2024-11-07,2024-11-07 10:53:22,10
10470,רשת 13,2024-11-07,2024-11-07 10:53:37,10
10471,רשת 13,2024-11-07,2024-11-07 10:54:01,10
10472,רשת 13,2024-11-07,2024-11-07 10:54:30,10
10473,רשת 13,2024-11-07,2024-11-07 10:54:43,10
10474,רשת 13,2024-11-07,2024-11-07 10:55:03,10
10475,רשת 13,2024-11-07,2024-11-07 10:55:20,10
10476,רשת 13,2024-11-07,2024-11-07 10:55:28,10
10477,רשת 13,2024-11-07,2024-11-07 10:56:16,10
10478,רשת 13,2024-11-07,2024-11-07 11:05:43,11
10479,רשת 13,2024-11-07,2024-11-07 11:06:21,11
10480,רשת 13,2024-11-07,2024-11-07 11:33:55,11
10481,רשת 13,2024-11-07,2024-11-07 11:34:19,11
10482,רשת 13,2024-11-07,2024-11-07 11:35:35,11
10483,רשת 13,2024-11-07,2024-11-07 11:35:42,11
10484,רשת 13,2024-11-07,2024-11-07 11:35:48,11
10485,רשת 13,2024-11-07,2024-11-07 11:35:54,11
10486,רשת 13,2024-11-07,2024-11-07 11:36:00,11
10487,רשת 13,2024-11-07,2024-11-07 11:36:11,11
10488,רשת 13,2024-11-07,2024-11-07 11:36:39,11
10489,רשת 13,2024-11-07,2024-11-07 11:36:54,11
10490,רשת 13,2024-11-07,2024-11-07 11:37:11,11
10491,רשת 13,2024-11-07,2024-11-07 11:37:26,11
10492,רשת 13,2024-11-07,2024-11-07 11:37:40,11
10493,רשת 13,2024-11-07,2024-11-07 11:37:46,11
10494,רשת 13,2024-11-07,2024-11-07 11:38:01,11
10495,רשת 13,2024-11-07,2024-11-07 11:38:26,11
10496,רשת 13,2024-11-07,2024-11-07 11:38:32,11
10497,רשת 13,2024-11-07,2024-11-07 11:38:47,11
10498,רשת 13,2024-11-07,2024-11-07 11:39:16,11
10499,רשת 13,2024-11-07,2024-11-07 11:39:50,11
10500,רשת 13,2024-11-07,2024-11-07 11:40:37,11
10501,רשת 13,2024-11-07,2024-11-07 11:40:43,11
10502,רשת 13,2024-11-07,2024-11-07 11:40:49,11
10503,רשת 13,2024-11-07,2024-11-07 11:40:55,11
10504,רשת 13,2024-11-07,2024-11-07 11:41:01,11
10505,רשת 13,2024-11-07,2024-11-07 12:06:01,12
10506,רשת 13,2024-11-07,2024-11-07 12:06:39,12
10507,רשת 13,2024-11-07,2024-11-07 12:23:46,12
10508,רשת 13,2024-11-07,2024-11-07 12:24:10,12
10509,רשת 13,2024-11-07,2024-11-07 12:25:15,12
10510,רשת 13,2024-11-07,2024-11-07 12:25:21,12
10511,רשת 13,2024-11-07,2024-11-07 12:25:28,12
10512,רשת 13,2024-11-07,2024-11-07 12:25:34,12
10513,רשת 13,2024-11-07,2024-11-07 12:25:40,12
10514,רשת 13,2024-11-07,2024-11-07 12:25:46,12
10515,רשת 13,2024-11-07,2024-11-07 12:25:52,12
10516,רשת 13,2024-11-07,2024-11-07 12:25:58,12
10517,רשת 13,2024-11-07,2024-11-07 12:26:20,12
10518,רשת 13,2024-11-07,2024-11-07 12:26:49,12
10519,רשת 13,2024-11-07,2024-11-07 12:27:21,12
10520,רשת 13,2024-11-07,2024-11-07 12:27:36,12
10521,רשת 13,2024-11-07,2024-11-07 12:27:49,12
10522,רשת 13,2024-11-07,2024-11-07 12:28:03,12
10523,רשת 13,2024-11-07,2024-11-07 12:28:23,12
10524,רשת 13,2024-11-07,2024-11-07 12:28:38,12
10525,רשת 13,2024-11-07,2024-11-07 12:29:03,12
10526,רשת 13,2024-11-07,2024-11-07 12:29:18,12
10527,רשת 13,2024-11-07,2024-11-07 12:29:33,12
10528,רשת 13,2024-11-07,2024-11-07 12:29:50,12
10529,רשת 13,2024-11-07,2024-11-07 12:30:05,12
10530,רשת 13,2024-11-07,2024-11-07 12:30:13,12
10531,רשת 13,2024-11-07,2024-11-07 12:31:05,12
10532,רשת 13,2024-11-07,2024-11-07 12:31:11,12
10533,רשת 13,2024-11-07,2024-11-07 12:31:17,12
10534,רשת 13,2024-11-07,2024-11-07 12:31:23,12
10535,רשת 13,2024-11-07,2024-11-07 12:31:28,12
10536,רשת 13,2024-11-07,2024-11-07 12:31:34,12
10537,רשת 13,2024-11-07,2024-11-07 13:05:15,13
10538,רשת 13,2024-11-07,2024-11-07 13:05:52,13
10539,רשת 13,2024-11-07,2024-11-07 13:24:15,13
10540,רשת 13,2024-11-07,2024-11-07 13:24:59,13
10541,רשת 13,2024-11-07,2024-11-07 13:25:05,13
10542,רשת 13,2024-11-07,2024-11-07 13:25:11,13
10543,רשת 13,2024-11-07,2024-11-07 13:25:17,13
10544,רשת 13,2024-11-07,2024-11-07 13:25:23,13
10545,רשת 13,2024-11-07,2024-11-07 13:25:34,13
10546,רשת 13,2024-11-07,2024-11-07 13:26:06,13
10547,רשת 13,2024-11-07,2024-11-07 13:26:31,13
10548,רשת 13,2024-11-07,2024-11-07 13:26:46,13
10549,רשת 13,2024-11-07,2024-11-07 13:27:11,13
10550,רשת 13,2024-11-07,2024-11-07 13:27:26,13
10551,רשת 13,2024-11-07,2024-11-07 13:27:41,13
10552,רשת 13,2024-11-07,2024-11-07 13:27:58,13
10553,רשת 13,2024-11-07,2024-11-07 13:28:06,13
10554,רשת 13,2024-11-07,2024-11-07 13:28:29,13
10555,רשת 13,2024-11-07,2024-11-07 13:28:35,13
10556,רשת 13,2024-11-07,2024-11-07 13:28:41,13
10557,רשת 13,2024-11-07,2024-11-07 13:28:48,13
10558,רשת 13,2024-11-07,2024-11-07 13:28:54,13
10559,רשת 13,2024-11-07,2024-11-07 14:27:20,14
10560,רשת 13,2024-11-07,2024-11-07 14:27:44,14
10561,רשת 13,2024-11-07,2024-11-07 14:28:26,14
10562,רשת 13,2024-11-07,2024-11-07 14:28:32,14
10563,רשת 13,2024-11-07,2024-11-07 14:28:38,14
10564,רשת 13,2024-11-07,2024-11-07 14:28:44,14
10565,רשת 13,2024-11-07,2024-11-07 14:28:50,14
10566,רשת 13,2024-11-07,2024-11-07 14:29:09,14
10567,רשת 13,2024-11-07,2024-11-07 14:29:37,14
10568,רשת 13,2024-11-07,2024-11-07 14:30:09,14
10569,רשת 13,2024-11-07,2024-11-07 14:30:24,14
10570,רשת 13,2024-11-07,2024-11-07 14:30:48,14
10571,רשת 13,2024-11-07,2024-11-07 14:31:02,14
10572,רשת 13,2024-11-07,2024-11-07 14:31:35,14
10573,רשת 13,2024-11-07,2024-11-07 14:31:48,14
10574,רשת 13,2024-11-07,2024-11-07 14:32:03,14
10575,רשת 13,2024-11-07,2024-11-07 14:32:20,14
10576,רשת 13,2024-11-07,2024-11-07 14:32:45,14
10577,רשת 13,2024-11-07,2024-11-07 14:33:14,14
10578,רשת 13,2024-11-07,2024-11-07 14:34:19,14
10579,רשת 13,2024-11-07,2024-11-07 14:34:25,14
10580,רשת 13,2024-11-07,2024-11-07 14:34:31,14
10581,רשת 13,2024-11-07,2024-11-07 14:34:37,14
10582,רשת 13,2024-11-07,2024-11-07 14:34:47,14
10583,רשת 13,2024-11-07,2024-11-07 14:35:25,14
10584,רשת 13,2024-11-07,2024-11-07 15:52:27,15
10585,רשת 13,2024-11-07,2024-11-07 15:52:51,15
10586,רשת 13,2024-11-07,2024-11-07 15:54:05,15
10587,רשת 13,2024-11-07,2024-11-07 15:54:11,15
10588,רשת 13,2024-11-07,2024-11-07 15:54:17,15
10589,רשת 13,2024-11-07,2024-11-07 15:54:23,15
10590,רשת 13,2024-11-07,2024-11-07 15:54:29,15
10591,רשת 13,2024-11-07,2024-11-07 15:54:36,15
10592,רשת 13,2024-11-07,2024-11-07 15:54:42,15
10593,רשת 13,2024-11-07,2024-11-07 15:54:48,15
10594,רשת 13,2024-11-07,2024-11-07 15:55:07,15
10595,רשת 13,2024-11-07,2024-11-07 15:55:22,15
10596,רשת 13,2024-11-07,2024-11-07 15:55:47,15
10597,רשת 13,2024-11-07,2024-11-07 15:56:19,15
10598,רשת 13,2024-11-07,2024-11-07 15:56:34,15
10599,רשת 13,2024-11-07,2024-11-07 15:57:01,15
10600,רשת 13,2024-11-07,2024-11-07 15:57:37,15
10601,רשת 13,2024-11-07,2024-11-07 15:58:35,15
10602,רשת 13,2024-11-07,2024-11-07 15:59:13,15
10603,רשת 13,2024-11-07,2024-11-07 15:59:23,15
10604,רשת 13,2024-11-07,2024-11-07 15:59:29,15
10605,רשת 13,2024-11-07,2024-11-07 15:59:35,15
10606,רשת 13,2024-11-07,2024-11-07 15:59:42,15
10607,רשת 13,2024-11-07,2024-11-07 15:59:48,15
10608,רשת 13,2024-11-07,2024-11-07 15:59:54,15
10609,רשת 13,2024-11-07,2024-11-07 16:34:16,16
10610,רשת 13,2024-11-07,2024-11-07 16:35:04,16
10611,רשת 13,2024-11-07,2024-11-07 16:35:11,16
10612,רשת 13,2024-11-07,2024-11-07 16:35:17,16
10613,רשת 13,2024-11-07,2024-11-07 16:35:23,16
10614,רשת 13,2024-11-07,2024-11-07 16:35:29,16
10615,רשת 13,2024-11-07,2024-11-07 16:35:36,16
10616,רשת 13,2024-11-07,2024-11-07 16:35:42,16
10617,רשת 13,2024-11-07,2024-11-07 16:35:48,16
10618,רשת 13,2024-11-07,2024-11-07 16:36:08,16
10619,רשת 13,2024-11-07,2024-11-07 16:36:23,16
10620,רשת 13,2024-11-07,2024-11-07 16:36:38,16
10621,רשת 13,2024-11-07,2024-11-07 16:36:53,16
10622,רשת 13,2024-11-07,2024-11-07 16:37:17,16
10623,רשת 13,2024-11-07,2024-11-07 16:37:30,16
10624,רשת 13,2024-11-07,2024-11-07 16:37:50,16
10625,רשת 13,2024-11-07,2024-11-07 16:38:22,16
10626,רשת 13,2024-11-07,2024-11-07 16:38:58,16
10627,רשת 13,2024-11-07,2024-11-07 16:39:17,16
10628,רשת 13,2024-11-07,2024-11-07 16:39:36,16
10629,רשת 13,2024-11-07,2024-11-07 16:40:06,16
10630,רשת 13,2024-11-07,2024-11-07 16:40:54,16
10631,רשת 13,2024-11-07,2024-11-07 16:42:00,16
10632,רשת 13,2024-11-07,2024-11-07 16:42:39,16
10633,רשת 13,2024-11-07,2024-11-07 16:42:49,16
10634,רשת 13,2024-11-07,2024-11-07 16:42:56,16
10635,רשת 13,2024-11-07,2024-11-07 16:43:02,16
10636,רשת 13,2024-11-07,2024-11-07 16:43:08,16
10637,רשת 13,2024-11-07,2024-11-07 16:43:14,16
10638,רשת 13,2024-11-07,2024-11-07 16:43:20,16
10639,רשת 13,2024-11-07,2024-11-07 17:14:10,17
10640,רשת 13,2024-11-07,2024-11-07 17:14:34,17
10641,רשת 13,2024-11-07,2024-11-07 17:15:50,17
10642,רשת 13,2024-11-07,2024-11-07 17:15:57,17
10643,רשת 13,2024-11-07,2024-11-07 17:16:03,17
10644,רשת 13,2024-11-07,2024-11-07 17:16:10,17
10645,רשת 13,2024-11-07,2024-11-07 17:16:16,17
10646,רשת 13,2024-11-07,2024-11-07 17:16:28,17
10647,רשת 13,2024-11-07,2024-11-07 17:16:53,17
10648,רשת 13,2024-11-07,2024-11-07 17:17:14,17
10649,רשת 13,2024-11-07,2024-11-07 17:17:29,17
10650,רשת 13,2024-11-07,2024-11-07 17:17:41,17
10651,רשת 13,2024-11-07,2024-11-07 17:18:09,17
10652,רשת 13,2024-11-07,2024-11-07 17:18:38,17
10653,רשת 13,2024-11-07,2024-11-07 17:18:58,17
10654,רשת 13,2024-11-07,2024-11-07 17:19:33,17
10655,רשת 13,2024-11-07,2024-11-07 17:19:46,17
10656,רשת 13,2024-11-07,2024-11-07 17:20:06,17
10657,רשת 13,2024-11-07,2024-11-07 17:20:25,17
10658,רשת 13,2024-11-07,2024-11-07 17:20:40,17
10659,רשת 13,2024-11-07,2024-11-07 17:21:00,17
10660,רשת 13,2024-11-07,2024-11-07 17:21:08,17
10661,רשת 13,2024-11-07,2024-11-07 17:21:42,17
10662,רשת 13,2024-11-07,2024-11-07 17:22:28,17
10663,רשת 13,2024-11-07,2024-11-07 17:22:35,17
10664,רשת 13,2024-11-07,2024-11-07 17:22:41,17
10665,רשת 13,2024-11-07,2024-11-07 17:22:48,17
10666,רשת 13,2024-11-07,2024-11-07 17:22:55,17
10667,רשת 13,2024-11-07,2024-11-07 17:23:06,17
10668,רשת 13,2024-11-07,2024-11-07 17:23:43,17
10669,רשת 13,2024-11-07,2024-11-07 17:23:54,17
10670,רשת 13,2024-11-07,2024-11-07 17:24:01,17
10671,רשת 13,2024-11-07,2024-11-07 17:24:07,17
10672,רשת 13,2024-11-07,2024-11-07 17:24:13,17
10673,רשת 13,2024-11-07,2024-11-07 17:24:19,17
10674,רשת 13,2024-11-07,2024-11-07 17:53:22,17
10675,רשת 13,2024-11-07,2024-11-07 17:54:22,17
10676,רשת 13,2024-11-07,2024-11-07 18:31:51,18
10677,רשת 13,2024-11-07,2024-11-07 18:32:15,18
10678,רשת 13,2024-11-07,2024-11-07 18:33:31,18
10679,רשת 13,2024-11-07,2024-11-07 18:33:37,18
10680,רשת 13,2024-11-07,2024-11-07 18:33:44,18
10681,רשת 13,2024-11-07,2024-11-07 18:33:50,18
10682,רשת 13,2024-11-07,2024-11-07 18:33:56,18
10683,רשת 13,2024-11-07,2024-11-07 18:34:02,18
10684,רשת 13,2024-11-07,2024-11-07 18:34:08,18
10685,רשת 13,2024-11-07,2024-11-07 18:34:28,18
10686,רשת 13,2024-11-07,2024-11-07 18:34:43,18
10687,רשת 13,2024-11-07,2024-11-07 18:35:00,18
10688,רשת 13,2024-11-07,2024-11-07 18:35:25,18
10689,רשת 13,2024-11-07,2024-11-07 18:35:49,18
10690,רשת 13,2024-11-07,2024-11-07 18:36:01,18
10691,רשת 13,2024-11-07,2024-11-07 18:36:16,18
10692,רשת 13,2024-11-07,2024-11-07 18:36:47,18
10693,רשת 13,2024-11-07,2024-11-07 18:37:02,18
10694,רשת 13,2024-11-07,2024-11-07 18:37:17,18
10695,רשת 13,2024-11-07,2024-11-07 18:37:36,18
10696,רשת 13,2024-11-07,2024-11-07 18:37:42,18
10697,רשת 13,2024-11-07,2024-11-07 18:38:16,18
10698,רשת 13,2024-11-07,2024-11-07 18:38:32,18
10699,רשת 13,2024-11-07,2024-11-07 18:39:30,18
10700,רשת 13,2024-11-07,2024-11-07 18:40:08,18
10701,רשת 13,2024-11-07,2024-11-07 18:40:19,18
10702,רשת 13,2024-11-07,2024-11-07 18:40:26,18
10703,רשת 13,2024-11-07,2024-11-07 18:40:32,18
10704,רשת 13,2024-11-07,2024-11-07 18:40:38,18
10705,רשת 13,2024-11-07,2024-11-07 18:40:44,18
10706,רשת 13,2024-11-07,2024-11-07 18:40:50,18
10707,רשת 13,2024-11-07,2024-11-07 18:59:39,18
10708,רשת 13,2024-11-07,2024-11-07 18:59:54,18
10709,רשת 13,2024-11-07,2024-11-07 19:00:43,19
10710,רשת 13,2024-11-07,2024-11-07 19:00:49,19
10711,רשת 13,2024-11-07,2024-11-07 19:00:55,19
10712,רשת 13,2024-11-07,2024-11-07 19:01:02,19
10713,רשת 13,2024-11-07,2024-11-07 19:01:08,19
10714,רשת 13,2024-11-07,2024-11-07 19:01:14,19
10715,רשת 13,2024-11-07,2024-11-07 19:01:20,19
10716,רשת 13,2024-11-07,2024-11-07 19:01:27,19
10717,רשת 13,2024-11-07,2024-11-07 19:01:38,19
10718,רשת 13,2024-11-07,2024-11-07 19:01:54,19
10719,רשת 13,2024-11-07,2024-11-07 19:02:00,19
10720,רשת 13,2024-11-07,2024-11-07 19:02:25,19
10721,רשת 13,2024-11-07,2024-11-07 19:02:50,19
10722,רשת 13,2024-11-07,2024-11-07 19:03:05,19
10723,רשת 13,2024-11-07,2024-11-07 19:03:29,19
10724,רשת 13,2024-11-07,2024-11-07 19:04:24,19
10725,רשת 13,2024-11-07,2024-11-07 19:05:39,19
10726,רשת 13,2024-11-07,2024-11-07 19:05:45,19
10727,רשת 13,2024-11-07,2024-11-07 19:05:52,19
10728,רשת 13,2024-11-07,2024-11-07 19:05:58,19
10729,רשת 13,2024-11-07,2024-11-07 19:06:04,19
10730,רשת 13,2024-11-07,2024-11-07 19:06:10,19
10731,רשת 13,2024-11-07,2024-11-07 19:06:16,19
10732,רשת 13,2024-11-07,2024-11-07 19:06:23,19
10733,רשת 13,2024-11-07,2024-11-07 19:40:14,19
10734,רשת 13,2024-11-07,2024-11-07 19:51:10,19
10735,רשת 13,2024-11-07,2024-11-07 19:52:10,19
10736,רשת 13,2024-11-07,2024-11-07 19:53:15,19
10737,רשת 13,2024-11-07,2024-11-07 20:46:53,20
10738,רשת 13,2024-11-07,2024-11-07 20:47:41,20
10739,רשת 13,2024-11-07,2024-11-07 20:47:47,20
10740,רשת 13,2024-11-07,2024-11-07 20:47:53,20
10741,רשת 13,2024-11-07,2024-11-07 20:48:00,20
10742,רשת 13,2024-11-07,2024-11-07 20:48:06,20
10743,רשת 13,2024-11-07,2024-11-07 20:48:12,20
10744,רשת 13,2024-11-07,2024-11-07 20:48:18,20
10745,רשת 13,2024-11-07,2024-11-07 20:48:38,20
10746,רשת 13,2024-11-07,2024-11-07 20:48:58,20
10747,רשת 13,2024-11-07,2024-11-07 20:49:18,20
10748,רשת 13,2024-11-07,2024-11-07 20:49:39,20
10749,רשת 13,2024-11-07,2024-11-07 20:49:58,20
10750,רשת 13,2024-11-07,2024-11-07 20:50:13,20
10751,רשת 13,2024-11-07,2024-11-07 20:50:27,20
10752,רשת 13,2024-11-07,2024-11-07 20:50:40,20
10753,רשת 13,2024-11-07,2024-11-07 20:50:52,20
10754,רשת 13,2024-11-07,2024-11-07 20:50:57,20
10755,רשת 13,2024-11-07,2024-11-07 20:51:22,20
10756,רשת 13,2024-11-07,2024-11-07 20:51:28,20
10757,רשת 13,2024-11-07,2024-11-07 20:52:05,20
10758,רשת 13,2024-11-07,2024-11-07 21:17:31,21
10759,רשת 13,2024-11-07,2024-11-07 21:18:00,21
10760,רשת 13,2024-11-07,2024-11-07 21:18:28,21
10761,רשת 13,2024-11-07,2024-11-07 21:18:43,21
10762,רשת 13,2024-11-07,2024-11-07 21:18:58,21
10763,רשת 13,2024-11-07,2024-11-07 21:19:27,21
10764,רשת 13,2024-11-07,2024-11-07 21:19:41,21
10765,רשת 13,2024-11-07,2024-11-07 21:19:47,21
10766,רשת 13,2024-11-07,2024-11-07 21:20:04,21
10767,רשת 13,2024-11-07,2024-11-07 21:20:35,21
10768,רשת 13,2024-11-07,2024-11-07 21:20:41,21
10769,רשת 13,2024-11-07,2024-11-07 21:20:56,21
10770,רשת 13,2024-11-07,2024-11-07 21:21:11,21
10771,רשת 13,2024-11-07,2024-11-07 21:21:17,21
10772,רשת 13,2024-11-07,2024-11-07 21:21:23,21
10773,רשת 13,2024-11-07,2024-11-07 21:21:38,21
10774,רשת 13,2024-11-07,2024-11-07 21:22:12,21
10775,רשת 13,2024-11-07,2024-11-07 21:22:49,21
10776,רשת 13,2024-11-07,2024-11-07 21:38:04,21
10777,רשת 13,2024-11-07,2024-11-07 21:39:12,21
10778,רשת 13,2024-11-07,2024-11-07 22:08:35,22
10779,רשת 13,2024-11-07,2024-11-07 22:09:21,22
10780,רשת 13,2024-11-07,2024-11-07 22:09:27,22
10781,רשת 13,2024-11-07,2024-11-07 22:09:33,22
10782,רשת 13,2024-11-07,2024-11-07 22:09:39,22
10783,רשת 13,2024-11-07,2024-11-07 22:09:45,22
10784,רשת 13,2024-11-07,2024-11-07 22:09:52,22
10785,רשת 13,2024-11-07,2024-11-07 22:09:58,22
10786,רשת 13,2024-11-07,2024-11-07 22:10:04,22
10787,רשת 13,2024-11-07,2024-11-07 22:10:10,22
10788,רשת 13,2024-11-07,2024-11-07 22:10:26,22
10789,רשת 13,2024-11-07,2024-11-07 22:10:56,22
10790,רשת 13,2024-11-07,2024-11-07 22:11:16,22
10791,רשת 13,2024-11-07,2024-11-07 22:11:31,22
10792,רשת 13,2024-11-07,2024-11-07 22:11:48,22
10793,רשת 13,2024-11-07,2024-11-07 22:12:21,22
10794,רשת 13,2024-11-07,2024-11-07 22:12:45,22
10795,רשת 13,2024-11-07,2024-11-07 22:13:05,22
10796,רשת 13,2024-11-07,2024-11-07 22:13:17,22
10797,רשת 13,2024-11-07,2024-11-07 22:13:32,22
10798,רשת 13,2024-11-07,2024-11-07 22:13:47,22
10799,רשת 13,2024-11-07,2024-11-07 22:14:07,22
10800,רשת 13,2024-11-07,2024-11-07 22:14:26,22
10801,רשת 13,2024-11-07,2024-11-07 22:14:51,22
10802,רשת 13,2024-11-07,2024-11-07 22:15:03,22
10803,רשת 13,2024-11-07,2024-11-07 22:15:09,22
10804,רשת 13,2024-11-07,2024-11-07 22:15:24,22
10805,רשת 13,2024-11-07,2024-11-07 22:15:38,22
10806,רשת 13,2024-11-07,2024-11-07 22:16:02,22
10807,רשת 13,2024-11-07,2024-11-07 22:16:22,22
10808,רשת 13,2024-11-07,2024-11-07 22:16:28,22
10809,רשת 13,2024-11-07,2024-11-07 22:16:34,22
10810,רשת 13,2024-11-07,2024-11-07 22:16:40,22
10811,רשת 13,2024-11-07,2024-11-07 22:16:46,22
10812,רשת 13,2024-11-07,2024-11-07 22:16:52,22
10813,רשת 13,2024-11-07,2024-11-07 22:40:21,22
10814,רשת 13,2024-11-07,2024-11-07 22:41:03,22
10815,רשת 13,2024-11-07,2024-11-07 22:41:09,22
10816,רשת 13,2024-11-07,2024-11-07 22:41:15,22
10817,רשת 13,2024-11-07,2024-11-07 22:41:21,22
10818,רשת 13,2024-11-07,2024-11-07 22:41:27,22
10819,רשת 13,2024-11-07,2024-11-07 22:41:34,22
10820,רשת 13,2024-11-07,2024-11-07 22:41:49,22
10821,רשת 13,2024-11-07,2024-11-07 22:42:04,22
10822,רשת 13,2024-11-07,2024-11-07 22:42:34,22
10823,רשת 13,2024-11-07,2024-11-07 22:42:59,22
10824,רשת 13,2024-11-07,2024-11-07 22:43:28,22
10825,רשת 13,2024-11-07,2024-11-07 22:43:43,22
10826,רשת 13,2024-11-07,2024-11-07 22:44:12,22
10827,רשת 13,2024-11-07,2024-11-07 22:44:32,22
10828,רשת 13,2024-11-07,2024-11-07 22:44:52,22
10829,רשת 13,2024-11-07,2024-11-07 22:45:28,22
10830,רשת 13,2024-11-07,2024-11-07 22:45:53,22
10831,רשת 13,2024-11-07,2024-11-07 22:46:08,22
10832,רשת 13,2024-11-07,2024-11-07 22:46:28,22
10833,רשת 13,2024-11-07,2024-11-07 22:46:43,22
10834,רשת 13,2024-11-07,2024-11-07 22:46:58,22
10835,רשת 13,2024-11-07,2024-11-07 22:47:10,22
10836,רשת 13,2024-11-07,2024-11-07 22:47:39,22
10837,רשת 13,2024-11-07,2024-11-07 22:47:54,22
10838,רשת 13,2024-11-07,2024-11-07 22:48:09,22
10839,רשת 13,2024-11-07,2024-11-07 22:48:57,22
10840,רשת 13,2024-11-07,2024-11-07 22:49:26,22
10841,רשת 13,2024-11-07,2024-11-07 22:49:32,22
10842,רשת 13,2024-11-07,2024-11-07 22:49:38,22
10843,רשת 13,2024-11-07,2024-11-07 22:53:49,22
10844,רשת 13,2024-11-07,2024-11-07 23:07:13,23
10845,רשת 13,2024-11-07,2024-11-07 23:07:36,23
10846,רשת 13,2024-11-07,2024-11-07 23:08:13,23
10847,רשת 13,2024-11-07,2024-11-07 23:08:32,23
10848,רשת 13,2024-11-07,2024-11-07 23:08:47,23
10849,רשת 13,2024-11-07,2024-11-07 23:09:24,23
10850,רשת 13,2024-11-07,2024-11-07 23:09:53,23
10851,רשת 13,2024-11-07,2024-11-07 23:10:08,23
10852,רשת 13,2024-11-07,2024-11-07 23:10:25,23
10853,רשת 13,2024-11-07,2024-11-07 23:10:31,23
10854,רשת 13,2024-11-07,2024-11-07 23:10:48,23
10855,רשת 13,2024-11-07,2024-11-07 23:11:20,23
10856,רשת 13,2024-11-07,2024-11-07 23:11:26,23
10857,רשת 13,2024-11-07,2024-11-07 23:11:43,23
10858,רשת 13,2024-11-07,2024-11-07 23:12:03,23
10859,רשת 13,2024-11-07,2024-11-07 23:12:09,23
10860,רשת 13,2024-11-07,2024-11-07 23:12:34,23
10861,רשת 13,2024-11-07,2024-11-07 23:12:58,23
10862,רשת 13,2024-11-07,2024-11-07 23:13:19,23
10863,רשת 13,2024-11-07,2024-11-07 23:13:26,23
10864,רשת 13,2024-11-07,2024-11-07 23:13:35,23
10865,רשת 13,2024-11-07,2024-11-07 23:14:38,23
10866,רשת 13,2024-11-07,2024-11-07 23:44:47,23
10867,רשת 13,2024-11-07,2024-11-07 23:45:29,23
10868,רשת 13,2024-11-07,2024-11-07 23:45:36,23
10869,רשת 13,2024-11-07,2024-11-07 23:45:42,23
10870,רשת 13,2024-11-07,2024-11-07 23:45:48,23
10871,רשת 13,2024-11-07,2024-11-07 23:45:54,23
10872,רשת 13,2024-11-07,2024-11-07 23:46:15,23
10873,רשת 13,2024-11-07,2024-11-07 23:46:45,23
10874,רשת 13,2024-11-07,2024-11-07 23:47:00,23
10875,רשת 13,2024-11-07,2024-11-07 23:47:16,23
10876,רשת 13,2024-11-07,2024-11-07 23:47:31,23
10877,רשת 13,2024-11-07,2024-11-07 23:48:02,23
10878,רשת 13,2024-11-07,2024-11-07 23:48:20,23
10879,רשת 13,2024-11-07,2024-11-07 23:48:45,23
10880,רשת 13,2024-11-07,2024-11-07 23:49:02,23
10881,רשת 13,2024-11-07,2024-11-07 23:49:22,23
10882,רשת 13,2024-11-07,2024-11-07 23:49:37,23
10883,רשת 13,2024-11-07,2024-11-07 23:49:56,23
10884,רשת 13,2024-11-07,2024-11-07 23:50:18,23
10885,רשת 13,2024-11-07,2024-11-07 00:16:15,0
10886,רשת 13,2024-11-07,2024-11-07 00:17:14,0
10887,רשת 13,2024-11-07,2024-11-07 00:17:20,0
10888,רשת 13,2024-11-07,2024-11-07 00:17:31,0
10889,רשת 13,2024-11-07,2024-11-07 00:17:50,0
10890,רשת 13,2024-11-07,2024-11-07 00:18:02,0
10891,רשת 13,2024-11-07,2024-11-07 00:18:38,0
10892,רשת 13,2024-11-07,2024-11-07 00:19:08,0
10893,רשת 13,2024-11-07,2024-11-07 00:19:37,0
10894,רשת 13,2024-11-07,2024-11-07 00:19:57,0
10895,רשת 13,2024-11-07,2024-11-07 00:20:25,0
10896,רשת 13,2024-11-07,2024-11-07 00:21:16,0
10897,רשת 13,2024-11-07,2024-11-07 00:21:44,0
10898,רשת 13,2024-11-07,2024-11-07 00:22:20,0
10899,רשת 13,2024-11-07,2024-11-07 00:22:31,0
10900,רשת 13,2024-11-07,2024-11-07 00:22:37,0
10901,רשת 13,2024-11-07,2024-11-07 00:25:07,0
10902,רשת 13,2024-11-07,2024-11-07 00:25:56,0
10903,רשת 13,2024-11-07,2024-11-07 00:26:26,0
10904,רשת 13,2024-11-07,2024-11-07 00:26:41,0
10905,רשת 13,2024-11-07,2024-11-07 00:26:56,0
10906,רשת 13,2024-11-07,2024-11-07 00:27:34,0
10907,רשת 13,2024-11-07,2024-11-07 00:28:48,0
10908,רשת 13,2024-11-07,2024-11-07 00:29:25,0
10909,רשת 13,2024-11-07,2024-11-07 01:41:42,1
10910,רשת 13,2024-11-07,2024-11-07 01:41:58,1
10911,רשת 13,2024-11-07,2024-11-07 01:42:09,1
10912,רשת 13,2024-11-07,2024-11-07 01:42:15,1
10913,רשת 13,2024-11-07,2024-11-07 01:42:35,1
10914,רשת 13,2024-11-07,2024-11-07 01:42:55,1
10915,רשת 13,2024-11-07,2024-11-07 01:43:12,1
10916,רשת 13,2024-11-07,2024-11-07 01:43:45,1
10917,רשת 13,2024-11-07,2024-11-07 01:44:07,1
10918,רשת 13,2024-11-07,2024-11-07 01:45:23,1
11817,רשת 13,2024-11-08,2024-11-08 02:31:30,2
11818,רשת 13,2024-11-08,2024-11-08 02:32:24,2
11819,רשת 13,2024-11-08,2024-11-08 02:33:29,2
11820,רשת 13,2024-11-08,2024-11-08 02:34:07,2
11821,רשת 13,2024-11-08,2024-11-08 02:34:43,2
11822,רשת 13,2024-11-08,2024-11-08 03:13:52,3
11823,רשת 13,2024-11-08,2024-11-08 03:14:46,3
11824,רשת 13,2024-11-08,2024-11-08 03:14:52,3
11825,רשת 13,2024-11-08,2024-11-08 03:15:40,3
11826,רשת 13,2024-11-08,2024-11-08 03:16:45,3
11827,רשת 13,2024-11-08,2024-11-08 03:17:21,3
11828,רשת 13,2024-11-08,2024-11-08 06:34:13,6
11829,רשת 13,2024-11-08,2024-11-08 06:34:20,6
11830,רשת 13,2024-11-08,2024-11-08 06:34:26,6
11831,רשת 13,2024-11-08,2024-11-08 06:34:37,6
11832,רשת 13,2024-11-08,2024-11-08 06:35:13,6
11833,רשת 13,2024-11-08,2024-11-08 06:35:24,6
11834,רשת 13,2024-11-08,2024-11-08 06:35:31,6
11835,רשת 13,2024-11-08,2024-11-08 06:35:37,6
11836,רשת 13,2024-11-08,2024-11-08 07:38:56,7
11837,רשת 13,2024-11-08,2024-11-08 07:39:38,7
11838,רשת 13,2024-11-08,2024-11-08 07:39:45,7
11839,רשת 13,2024-11-08,2024-11-08 07:39:51,7
11840,רשת 13,2024-11-08,2024-11-08 07:39:57,7
11841,רשת 13,2024-11-08,2024-11-08 07:40:03,7
11842,רשת 13,2024-11-08,2024-11-08 07:40:15,7
11843,רשת 13,2024-11-08,2024-11-08 07:40:32,7
11844,רשת 13,2024-11-08,2024-11-08 07:40:51,7
11845,רשת 13,2024-11-08,2024-11-08 07:40:57,7
11846,רשת 13,2024-11-08,2024-11-08 07:41:18,7
11847,רשת 13,2024-11-08,2024-11-08 07:41:47,7
11848,רשת 13,2024-11-08,2024-11-08 07:42:21,7
11849,רשת 13,2024-11-08,2024-11-08 07:42:51,7
11850,רשת 13,2024-11-08,2024-11-08 07:43:28,7
11851,רשת 13,2024-11-08,2024-11-08 07:43:39,7
11852,רשת 13,2024-11-08,2024-11-08 07:43:46,7
11853,רשת 13,2024-11-08,2024-11-08 07:43:52,7
11854,רשת 13,2024-11-08,2024-11-08 07:43:58,7
11855,רשת 13,2024-11-08,2024-11-08 07:44:04,7
11856,רשת 13,2024-11-08,2024-11-08 07:44:25,7
11857,רשת 13,2024-11-08,2024-11-08 07:44:46,7
11858,רשת 13,2024-11-08,2024-11-08 07:45:11,7
11859,רשת 13,2024-11-08,2024-11-08 07:45:26,7
11860,רשת 13,2024-11-08,2024-11-08 07:45:50,7
11861,רשת 13,2024-11-08,2024-11-08 07:46:03,7
11862,רשת 13,2024-11-08,2024-11-08 07:46:32,7
11863,רשת 13,2024-11-08,2024-11-08 07:46:47,7
11864,רשת 13,2024-11-08,2024-11-08 07:47:17,7
11865,רשת 13,2024-11-08,2024-11-08 07:48:10,7
11866,רשת 13,2024-11-08,2024-11-08 07:48:17,7
11867,רשת 13,2024-11-08,2024-11-08 07:48:23,7
11868,רשת 13,2024-11-08,2024-11-08 07:48:29,7
11869,רשת 13,2024-11-08,2024-11-08 08:06:46,8
11870,רשת 13,2024-11-08,2024-11-08 08:07:22,8
11871,רשת 13,2024-11-08,2024-11-08 08:19:02,8
11872,רשת 13,2024-11-08,2024-11-08 08:19:23,8
11873,רשת 13,2024-11-08,2024-11-08 08:19:30,8
11874,רשת 13,2024-11-08,2024-11-08 08:19:36,8
11875,רשת 13,2024-11-08,2024-11-08 08:19:42,8
11876,רשת 13,2024-11-08,2024-11-08 08:19:54,8
11877,רשת 13,2024-11-08,2024-11-08 08:20:09,8
11878,רשת 13,2024-11-08,2024-11-08 08:20:29,8
11879,רשת 13,2024-11-08,2024-11-08 08:20:44,8
11880,רשת 13,2024-11-08,2024-11-08 08:21:16,8
11881,רשת 13,2024-11-08,2024-11-08 08:21:48,8
11882,רשת 13,2024-11-08,2024-11-08 08:22:19,8
11883,רשת 13,2024-11-08,2024-11-08 08:22:38,8
11884,רשת 13,2024-11-08,2024-11-08 08:23:16,8
11885,רשת 13,2024-11-08,2024-11-08 08:23:40,8
11886,רשת 13,2024-11-08,2024-11-08 08:24:31,8
11887,רשת 13,2024-11-08,2024-11-08 08:24:38,8
11888,רשת 13,2024-11-08,2024-11-08 08:24:44,8
11889,רשת 13,2024-11-08,2024-11-08 08:24:51,8
11890,רשת 13,2024-11-08,2024-11-08 08:24:57,8
11891,רשת 13,2024-11-08,2024-11-08 08:45:55,8
11892,רשת 13,2024-11-08,2024-11-08 08:46:37,8
11893,רשת 13,2024-11-08,2024-11-08 08:46:57,8
11894,רשת 13,2024-11-08,2024-11-08 08:47:22,8
11895,רשת 13,2024-11-08,2024-11-08 08:47:37,8
11896,רשת 13,2024-11-08,2024-11-08 08:48:08,8
11897,רשת 13,2024-11-08,2024-11-08 08:48:47,8
11898,רשת 13,2024-11-08,2024-11-08 08:49:11,8
11899,רשת 13,2024-11-08,2024-11-08 08:49:26,8
11900,רשת 13,2024-11-08,2024-11-08 08:49:31,8
11901,רשת 13,2024-11-08,2024-11-08 08:49:43,8
11902,רשת 13,2024-11-08,2024-11-08 08:50:13,8
11903,רשת 13,2024-11-08,2024-11-08 09:08:34,9
11904,רשת 13,2024-11-08,2024-11-08 09:09:10,9
11905,רשת 13,2024-11-08,2024-11-08 09:16:06,9
11906,רשת 13,2024-11-08,2024-11-08 09:16:45,9
11907,רשת 13,2024-11-08,2024-11-08 09:16:51,9
11908,רשת 13,2024-11-08,2024-11-08 09:16:58,9
11909,רשת 13,2024-11-08,2024-11-08 09:17:04,9
11910,רשת 13,2024-11-08,2024-11-08 09:17:16,9
11911,רשת 13,2024-11-08,2024-11-08 09:17:35,9
11912,רשת 13,2024-11-08,2024-11-08 09:17:50,9
11913,רשת 13,2024-11-08,2024-11-08 09:18:18,9
11914,רשת 13,2024-11-08,2024-11-08 09:18:24,9
11915,רשת 13,2024-11-08,2024-11-08 09:18:37,9
11916,רשת 13,2024-11-08,2024-11-08 09:18:43,9
11917,רשת 13,2024-11-08,2024-11-08 09:19:12,9
11918,רשת 13,2024-11-08,2024-11-08 09:20:00,9
11919,רשת 13,2024-11-08,2024-11-08 09:20:45,9
11920,רשת 13,2024-11-08,2024-11-08 09:20:52,9
11921,רשת 13,2024-11-08,2024-11-08 09:20:58,9
11922,רשת 13,2024-11-08,2024-11-08 09:21:04,9
11923,רשת 13,2024-11-08,2024-11-08 09:31:24,9
11924,רשת 13,2024-11-08,2024-11-08 09:31:45,9
11925,רשת 13,2024-11-08,2024-11-08 09:32:05,9
11926,רשת 13,2024-11-08,2024-11-08 09:32:22,9
11927,רשת 13,2024-11-08,2024-11-08 09:32:51,9
11928,רשת 13,2024-11-08,2024-11-08 09:33:08,9
11929,רשת 13,2024-11-08,2024-11-08 09:33:23,9
11930,רשת 13,2024-11-08,2024-11-08 09:33:48,9
11931,רשת 13,2024-11-08,2024-11-08 09:34:24,9
11932,רשת 13,2024-11-08,2024-11-08 09:34:36,9
11933,רשת 13,2024-11-08,2024-11-08 09:34:41,9
11934,רשת 13,2024-11-08,2024-11-08 09:34:47,9
11935,רשת 13,2024-11-08,2024-11-08 09:35:15,9
11936,רשת 13,2024-11-08,2024-11-08 09:35:39,9
11937,רשת 13,2024-11-08,2024-11-08 10:07:03,10
11938,רשת 13,2024-11-08,2024-11-08 10:07:38,10
11939,רשת 13,2024-11-08,2024-11-08 10:52:09,10
11940,רשת 13,2024-11-08,2024-11-08 10:53:08,10
11941,רשת 13,2024-11-08,2024-11-08 10:53:15,10
11942,רשת 13,2024-11-08,2024-11-08 10:53:21,10
11943,רשת 13,2024-11-08,2024-11-08 10:53:33,10
11944,רשת 13,2024-11-08,2024-11-08 10:53:53,10
11945,רשת 13,2024-11-08,2024-11-08 10:54:10,10
11946,רשת 13,2024-11-08,2024-11-08 10:54:25,10
11947,רשת 13,2024-11-08,2024-11-08 10:54:38,10
11948,רשת 13,2024-11-08,2024-11-08 10:55:07,10
11949,רשת 13,2024-11-08,2024-11-08 10:55:31,10
11950,רשת 13,2024-11-08,2024-11-08 10:55:50,10
11951,רשת 13,2024-11-08,2024-11-08 10:56:10,10
11952,רשת 13,2024-11-08,2024-11-08 10:56:35,10
11953,רשת 13,2024-11-08,2024-11-08 10:57:06,10
11954,רשת 13,2024-11-08,2024-11-08 10:57:21,10
11955,רשת 13,2024-11-08,2024-11-08 10:57:26,10
11956,רשת 13,2024-11-08,2024-11-08 10:57:38,10
11957,רשת 13,2024-11-08,2024-11-08 10:57:58,10
11958,רשת 13,2024-11-08,2024-11-08 10:58:13,10
11959,רשת 13,2024-11-08,2024-11-08 10:58:52,10
11960,רשת 13,2024-11-08,2024-11-08 10:59:31,10
11961,רשת 13,2024-11-08,2024-11-08 11:07:33,11
11962,רשת 13,2024-11-08,2024-11-08 11:08:09,11
11963,רשת 13,2024-11-08,2024-11-08 11:38:30,11
11964,רשת 13,2024-11-08,2024-11-08 11:38:53,11
11965,רשת 13,2024-11-08,2024-11-08 11:38:59,11
11966,רשת 13,2024-11-08,2024-11-08 11:39:06,11
11967,רשת 13,2024-11-08,2024-11-08 11:39:13,11
11968,רשת 13,2024-11-08,2024-11-08 11:39:33,11
11969,רשת 13,2024-11-08,2024-11-08 11:40:05,11
11970,רשת 13,2024-11-08,2024-11-08 11:40:22,11
11971,רשת 13,2024-11-08,2024-11-08 11:40:37,11
11972,רשת 13,2024-11-08,2024-11-08 11:41:02,11
11973,רשת 13,2024-11-08,2024-11-08 11:41:17,11
11974,רשת 13,2024-11-08,2024-11-08 11:41:32,11
11975,רשת 13,2024-11-08,2024-11-08 11:41:45,11
11976,רשת 13,2024-11-08,2024-11-08 11:41:57,11
11977,רשת 13,2024-11-08,2024-11-08 11:42:39,11
11978,רשת 13,2024-11-08,2024-11-08 11:43:27,11
11979,רשת 13,2024-11-08,2024-11-08 12:07:45,12
11980,רשת 13,2024-11-08,2024-11-08 12:08:21,12
11981,רשת 13,2024-11-08,2024-11-08 12:31:43,12
11982,רשת 13,2024-11-08,2024-11-08 12:32:06,12
11983,רשת 13,2024-11-08,2024-11-08 12:32:13,12
11984,רשת 13,2024-11-08,2024-11-08 12:32:19,12
11985,רשת 13,2024-11-08,2024-11-08 12:32:40,12
11986,רשת 13,2024-11-08,2024-11-08 12:33:05,12
11987,רשת 13,2024-11-08,2024-11-08 12:33:20,12
11988,רשת 13,2024-11-08,2024-11-08 12:33:37,12
11989,רשת 13,2024-11-08,2024-11-08 12:33:50,12
11990,רשת 13,2024-11-08,2024-11-08 12:34:05,12
11991,רשת 13,2024-11-08,2024-11-08 12:34:20,12
11992,רשת 13,2024-11-08,2024-11-08 12:34:40,12
11993,רשת 13,2024-11-08,2024-11-08 12:34:52,12
11994,רשת 13,2024-11-08,2024-11-08 12:35:34,12
11995,רשת 13,2024-11-08,2024-11-08 12:35:58,12
11996,רשת 13,2024-11-08,2024-11-08 12:36:04,12
11997,רשת 13,2024-11-08,2024-11-08 12:47:13,12
11998,רשת 13,2024-11-08,2024-11-08 12:47:37,12
11999,רשת 13,2024-11-08,2024-11-08 12:48:07,12
12000,רשת 13,2024-11-08,2024-11-08 12:48:26,12
12001,רשת 13,2024-11-08,2024-11-08 12:48:46,12
12002,רשת 13,2024-11-08,2024-11-08 13:06:06,13
12003,רשת 13,2024-11-08,2024-11-08 13:06:42,13
12004,רשת 13,2024-11-08,2024-11-08 13:12:30,13
12005,רשת 13,2024-11-08,2024-11-08 13:13:03,13
12006,רשת 13,2024-11-08,2024-11-08 13:13:37,13
12007,רשת 13,2024-11-08,2024-11-08 13:14:32,13
12008,רשת 13,2024-11-08,2024-11-08 13:15:20,13
12009,רשת 13,2024-11-08,2024-11-08 13:16:20,13
12010,רשת 13,2024-11-08,2024-11-08 13:17:25,13
12011,רשת 13,2024-11-08,2024-11-08 13:18:03,13
12012,רשת 13,2024-11-08,2024-11-08 13:18:21,13
12013,רשת 13,2024-11-08,2024-11-08 13:19:01,13
12014,רשת 13,2024-11-08,2024-11-08 13:19:07,13
12015,רשת 13,2024-11-08,2024-11-08 13:19:13,13
12016,רשת 13,2024-11-08,2024-11-08 13:19:20,13
12017,רשת 13,2024-11-08,2024-11-08 13:19:26,13
12018,רשת 13,2024-11-08,2024-11-08 13:40:12,13
12019,רשת 13,2024-11-08,2024-11-08 13:40:32,13
12020,רשת 13,2024-11-08,2024-11-08 13:40:55,13
12021,רשת 13,2024-11-08,2024-11-08 13:41:01,13
12022,רשת 13,2024-11-08,2024-11-08 13:41:20,13
12023,רשת 13,2024-11-08,2024-11-08 13:41:45,13
12024,רשת 13,2024-11-08,2024-11-08 13:42:17,13
12025,רשת 13,2024-11-08,2024-11-08 13:42:32,13
12026,רשת 13,2024-11-08,2024-11-08 13:42:47,13
12027,רשת 13,2024-11-08,2024-11-08 13:43:02,13
12028,רשת 13,2024-11-08,2024-11-08 13:43:21,13
12029,רשת 13,2024-11-08,2024-11-08 13:43:33,13
12030,רשת 13,2024-11-08,2024-11-08 13:44:04,13
12031,רשת 13,2024-11-08,2024-11-08 13:44:40,13
12032,רשת 13,2024-11-08,2024-11-08 13:44:58,13
12033,רשת 13,2024-11-08,2024-11-08 13:45:17,13
12034,רשת 13,2024-11-08,2024-11-08 14:34:56,14
12035,רשת 13,2024-11-08,2024-11-08 14:35:32,14
12036,רשת 13,2024-11-08,2024-11-08 14:35:43,14
12037,רשת 13,2024-11-08,2024-11-08 14:35:49,14
12038,רשת 13,2024-11-08,2024-11-08 14:35:55,14
12039,רשת 13,2024-11-08,2024-11-08 14:36:43,14
12040,רשת 13,2024-11-08,2024-11-08 14:37:15,14
12041,רשת 13,2024-11-08,2024-11-08 14:37:30,14
12042,רשת 13,2024-11-08,2024-11-08 14:37:55,14
12043,רשת 13,2024-11-08,2024-11-08 14:38:03,14
12044,רשת 13,2024-11-08,2024-11-08 14:38:27,14
12045,רשת 13,2024-11-08,2024-11-08 14:38:52,14
12046,רשת 13,2024-11-08,2024-11-08 14:39:07,14
12047,רשת 13,2024-11-08,2024-11-08 14:39:22,14
12048,רשת 13,2024-11-08,2024-11-08 14:39:31,14
12049,רשת 13,2024-11-08,2024-11-08 14:39:43,14
12050,רשת 13,2024-11-08,2024-11-08 14:40:24,14
12051,רשת 13,2024-11-08,2024-11-08 14:41:12,14
12052,רשת 13,2024-11-08,2024-11-08 14:41:58,14
12053,רשת 13,2024-11-08,2024-11-08 14:43:09,14
12054,רשת 13,2024-11-08,2024-11-08 14:43:20,14
12055,רשת 13,2024-11-08,2024-11-08 15:31:09,15
12056,רשת 13,2024-11-08,2024-11-08 15:32:04,15
12057,רשת 13,2024-11-08,2024-11-08 15:32:42,15
12058,רשת 13,2024-11-08,2024-11-08 15:33:53,15
12059,רשת 13,2024-11-08,2024-11-08 15:34:04,15
12060,רשת 13,2024-11-08,2024-11-08 15:34:10,15
12061,רשת 13,2024-11-08,2024-11-08 15:34:16,15
12062,רשת 13,2024-11-08,2024-11-08 15:34:22,15
12063,רשת 13,2024-11-08,2024-11-08 15:34:42,15
12064,רשת 13,2024-11-08,2024-11-08 15:35:07,15
12065,רשת 13,2024-11-08,2024-11-08 15:35:22,15
12066,רשת 13,2024-11-08,2024-11-08 15:35:34,15
12067,רשת 13,2024-11-08,2024-11-08 15:35:40,15
12068,רשת 13,2024-11-08,2024-11-08 15:35:53,15
12069,רשת 13,2024-11-08,2024-11-08 15:35:59,15
12070,רשת 13,2024-11-08,2024-11-08 15:36:27,15
12071,רשת 13,2024-11-08,2024-11-08 15:37:05,15
12072,רשת 13,2024-11-08,2024-11-08 15:37:41,15
12073,רשת 13,2024-11-08,2024-11-08 15:38:19,15
12074,רשת 13,2024-11-08,2024-11-08 15:38:55,15
12075,רשת 13,2024-11-08,2024-11-08 15:39:06,15
12076,רשת 13,2024-11-08,2024-11-08 15:39:12,15
12077,רשת 13,2024-11-08,2024-11-08 15:53:43,15
12078,רשת 13,2024-11-08,2024-11-08 15:54:30,15
12079,רשת 13,2024-11-08,2024-11-08 15:55:24,15
12080,רשת 13,2024-11-08,2024-11-08 15:55:48,15
12081,רשת 13,2024-11-08,2024-11-08 15:55:55,15
12082,רשת 13,2024-11-08,2024-11-08 15:56:01,15
12083,רשת 13,2024-11-08,2024-11-08 15:56:08,15
12084,רשת 13,2024-11-08,2024-11-08 15:56:14,15
12085,רשת 13,2024-11-08,2024-11-08 15:56:35,15
12086,רשת 13,2024-11-08,2024-11-08 15:56:50,15
12087,רשת 13,2024-11-08,2024-11-08 15:57:15,15
12088,רשת 13,2024-11-08,2024-11-08 15:57:40,15
12089,רשת 13,2024-11-08,2024-11-08 15:57:53,15
12090,רשת 13,2024-11-08,2024-11-08 15:58:22,15
12091,רשת 13,2024-11-08,2024-11-08 15:58:41,15
12092,רשת 13,2024-11-08,2024-11-08 15:59:11,15
12093,רשת 13,2024-11-08,2024-11-08 16:00:00,16
12094,רשת 13,2024-11-08,2024-11-08 16:01:11,16
12095,רשת 13,2024-11-08,2024-11-08 16:01:22,16
12096,רשת 13,2024-11-08,2024-11-08 16:01:29,16
12097,רשת 13,2024-11-08,2024-11-08 16:01:35,16
12098,רשת 13,2024-11-08,2024-11-08 16:01:48,16
12099,רשת 13,2024-11-08,2024-11-08 16:02:25,16
12100,רשת 13,2024-11-08,2024-11-08 17:27:29,17
12101,רשת 13,2024-11-08,2024-11-08 17:28:05,17
12102,רשת 13,2024-11-08,2024-11-08 17:28:11,17
12103,רשת 13,2024-11-08,2024-11-08 17:28:31,17
12104,רשת 13,2024-11-08,2024-11-08 17:28:54,17
12105,רשת 13,2024-11-08,2024-11-08 17:29:01,17
12106,רשת 13,2024-11-08,2024-11-08 17:29:07,17
12107,רשת 13,2024-11-08,2024-11-08 17:29:13,17
12108,רשת 13,2024-11-08,2024-11-08 17:29:19,17
12109,רשת 13,2024-11-08,2024-11-08 17:29:40,17
12110,רשת 13,2024-11-08,2024-11-08 17:29:55,17
12111,רשת 13,2024-11-08,2024-11-08 17:30:20,17
12112,רשת 13,2024-11-08,2024-11-08 17:30:56,17
12113,רשת 13,2024-11-08,2024-11-08 17:31:20,17
12114,רשת 13,2024-11-08,2024-11-08 17:31:35,17
12115,רשת 13,2024-11-08,2024-11-08 17:31:59,17
12116,רשת 13,2024-11-08,2024-11-08 17:32:23,17
12117,רשת 13,2024-11-08,2024-11-08 17:32:42,17
12118,רשת 13,2024-11-08,2024-11-08 17:32:59,17
12119,רשת 13,2024-11-08,2024-11-08 17:33:40,17
12120,רשת 13,2024-11-08,2024-11-08 17:34:51,17
12121,רשת 13,2024-11-08,2024-11-08 17:35:01,17
12122,רשת 13,2024-11-08,2024-11-08 17:35:08,17
12123,רשת 13,2024-11-08,2024-11-08 17:35:14,17
12124,רשת 13,2024-11-08,2024-11-08 17:35:20,17
12125,רשת 13,2024-11-08,2024-11-08 18:36:56,18
12126,רשת 13,2024-11-08,2024-11-08 18:37:20,18
12127,רשת 13,2024-11-08,2024-11-08 18:38:31,18
12128,רשת 13,2024-11-08,2024-11-08 18:38:42,18
12129,רשת 13,2024-11-08,2024-11-08 18:38:48,18
12130,רשת 13,2024-11-08,2024-11-08 18:38:55,18
12131,רשת 13,2024-11-08,2024-11-08 18:39:01,18
12132,רשת 13,2024-11-08,2024-11-08 18:39:07,18
12133,רשת 13,2024-11-08,2024-11-08 18:39:28,18
12134,רשת 13,2024-11-08,2024-11-08 18:39:40,18
12135,רשת 13,2024-11-08,2024-11-08 18:39:55,18
12136,רשת 13,2024-11-08,2024-11-08 18:40:15,18
12137,רשת 13,2024-11-08,2024-11-08 18:40:40,18
12138,רשת 13,2024-11-08,2024-11-08 18:40:53,18
12139,רשת 13,2024-11-08,2024-11-08 18:41:13,18
12140,רשת 13,2024-11-08,2024-11-08 18:41:41,18
12141,רשת 13,2024-11-08,2024-11-08 18:41:56,18
12142,רשת 13,2024-11-08,2024-11-08 18:42:16,18
12143,רשת 13,2024-11-08,2024-11-08 18:42:54,18
12144,רשת 13,2024-11-08,2024-11-08 18:43:30,18
12145,רשת 13,2024-11-08,2024-11-08 18:44:21,18
12146,רשת 13,2024-11-08,2024-11-08 18:44:57,18
12147,רשת 13,2024-11-08,2024-11-08 18:45:08,18
12148,רשת 13,2024-11-08,2024-11-08 18:45:15,18
12149,רשת 13,2024-11-08,2024-11-08 18:45:21,18
12150,רשת 13,2024-11-08,2024-11-08 19:23:10,19
12151,רשת 13,2024-11-08,2024-11-08 19:23:34,19
12152,רשת 13,2024-11-08,2024-11-08 19:23:40,19
12153,רשת 13,2024-11-08,2024-11-08 19:23:47,19
12154,רשת 13,2024-11-08,2024-11-08 19:23:53,19
12155,רשת 13,2024-11-08,2024-11-08 19:23:59,19
12156,רשת 13,2024-11-08,2024-11-08 19:24:19,19
12157,רשת 13,2024-11-08,2024-11-08 19:24:34,19
12158,רשת 13,2024-11-08,2024-11-08 19:24:49,19
12159,רשת 13,2024-11-08,2024-11-08 19:25:04,19
12160,רשת 13,2024-11-08,2024-11-08 19:25:28,19
12161,רשת 13,2024-11-08,2024-11-08 19:25:45,19
12162,רשת 13,2024-11-08,2024-11-08 19:25:57,19
12163,רשת 13,2024-11-08,2024-11-08 19:26:03,19
12164,רשת 13,2024-11-08,2024-11-08 19:26:28,19
12165,רשת 13,2024-11-08,2024-11-08 19:26:56,19
12166,רשת 13,2024-11-08,2024-11-08 19:27:15,19
12167,רשת 13,2024-11-08,2024-11-08 19:27:51,19
12168,רשת 13,2024-11-08,2024-11-08 19:28:20,19
12169,רשת 13,2024-11-08,2024-11-08 19:29:31,19
12170,רשת 13,2024-11-08,2024-11-08 19:29:42,19
12171,רשת 13,2024-11-08,2024-11-08 19:29:48,19
12172,רשת 13,2024-11-08,2024-11-08 19:29:54,19
12173,רשת 13,2024-11-08,2024-11-08 19:30:00,19
12174,רשת 13,2024-11-08,2024-11-08 21:08:15,21
12175,רשת 13,2024-11-08,2024-11-08 21:08:56,21
12176,רשת 13,2024-11-08,2024-11-08 21:09:03,21
12177,רשת 13,2024-11-08,2024-11-08 21:09:09,21
12178,רשת 13,2024-11-08,2024-11-08 21:09:15,21
12179,רשת 13,2024-11-08,2024-11-08 21:09:35,21
12180,רשת 13,2024-11-08,2024-11-08 21:09:55,21
12181,רשת 13,2024-11-08,2024-11-08 21:10:15,21
12182,רשת 13,2024-11-08,2024-11-08 21:10:30,21
12183,רשת 13,2024-11-08,2024-11-08 21:10:47,21
12184,רשת 13,2024-11-08,2024-11-08 21:11:02,21
12185,רשת 13,2024-11-08,2024-11-08 21:11:08,21
12186,רשת 13,2024-11-08,2024-11-08 21:11:32,21
12187,רשת 13,2024-11-08,2024-11-08 21:11:44,21
12188,רשת 13,2024-11-08,2024-11-08 21:11:57,21
12189,רשת 13,2024-11-08,2024-11-08 21:12:03,21
12190,רשת 13,2024-11-08,2024-11-08 21:12:18,21
12191,רשת 13,2024-11-08,2024-11-08 21:12:43,21
12192,רשת 13,2024-11-08,2024-11-08 21:12:58,21
12193,רשת 13,2024-11-08,2024-11-08 21:13:13,21
12194,רשת 13,2024-11-08,2024-11-08 21:13:18,21
12195,רשת 13,2024-11-08,2024-11-08 21:13:24,21
12196,רשת 13,2024-11-08,2024-11-08 21:13:30,21
12197,רשת 13,2024-11-08,2024-11-08 21:13:59,21
12198,רשת 13,2024-11-08,2024-11-08 21:14:23,21
12199,רשת 13,2024-11-08,2024-11-08 21:26:11,21
12200,רשת 13,2024-11-08,2024-11-08 21:26:53,21
12201,רשת 13,2024-11-08,2024-11-08 21:26:59,21
12202,רשת 13,2024-11-08,2024-11-08 21:27:05,21
12203,רשת 13,2024-11-08,2024-11-08 21:27:24,21
12204,רשת 13,2024-11-08,2024-11-08 21:27:53,21
12205,רשת 13,2024-11-08,2024-11-08 21:28:05,21
12206,רשת 13,2024-11-08,2024-11-08 21:28:20,21
12207,רשת 13,2024-11-08,2024-11-08 21:28:58,21
12208,רשת 13,2024-11-08,2024-11-08 21:29:17,21
12209,רשת 13,2024-11-08,2024-11-08 22:01:06,22
12210,רשת 13,2024-11-08,2024-11-08 22:01:44,22
12211,רשת 13,2024-11-08,2024-11-08 22:01:51,22
12212,רשת 13,2024-11-08,2024-11-08 22:01:57,22
12213,רשת 13,2024-11-08,2024-11-08 22:02:03,22
12214,רשת 13,2024-11-08,2024-11-08 22:02:23,22
12215,רשת 13,2024-11-08,2024-11-08 22:02:43,22
12216,רשת 13,2024-11-08,2024-11-08 22:02:58,22
12217,רשת 13,2024-11-08,2024-11-08 22:03:13,22
12218,רשת 13,2024-11-08,2024-11-08 22:03:28,22
12219,רשת 13,2024-11-08,2024-11-08 22:03:45,22
12220,רשת 13,2024-11-08,2024-11-08 22:04:00,22
12221,רשת 13,2024-11-08,2024-11-08 22:04:18,22
12222,רשת 13,2024-11-08,2024-11-08 22:04:43,22
12223,רשת 13,2024-11-08,2024-11-08 22:04:48,22
12224,רשת 13,2024-11-08,2024-11-08 22:04:54,22
12225,רשת 13,2024-11-08,2024-11-08 22:05:19,22
12226,רשת 13,2024-11-08,2024-11-08 22:21:46,22
12227,רשת 13,2024-11-08,2024-11-08 22:22:10,22
12228,רשת 13,2024-11-08,2024-11-08 22:22:39,22
12229,רשת 13,2024-11-08,2024-11-08 22:22:56,22
12230,רשת 13,2024-11-08,2024-11-08 22:23:18,22
12231,רשת 13,2024-11-08,2024-11-08 22:23:48,22
12232,רשת 13,2024-11-08,2024-11-08 22:24:17,22
12233,רשת 13,2024-11-08,2024-11-08 22:24:37,22
12234,רשת 13,2024-11-08,2024-11-08 22:24:43,22
12235,רשת 13,2024-11-08,2024-11-08 22:25:08,22
12236,רשת 13,2024-11-08,2024-11-08 22:25:23,22
12237,רשת 13,2024-11-08,2024-11-08 22:25:51,22
12238,רשת 13,2024-11-08,2024-11-08 22:26:39,22
12239,רשת 13,2024-11-08,2024-11-08 23:11:11,23
12240,רשת 13,2024-11-08,2024-11-08 23:11:34,23
12241,רשת 13,2024-11-08,2024-11-08 23:11:53,23
12242,רשת 13,2024-11-08,2024-11-08 23:12:08,23
12243,רשת 13,2024-11-08,2024-11-08 23:12:38,23
12244,רשת 13,2024-11-08,2024-11-08 23:12:53,23
12245,רשת 13,2024-11-08,2024-11-08 23:12:59,23
12246,רשת 13,2024-11-08,2024-11-08 23:13:16,23
12247,רשת 13,2024-11-08,2024-11-08 23:13:22,23
12248,רשת 13,2024-11-08,2024-11-08 23:13:37,23
12249,רשת 13,2024-11-08,2024-11-08 23:13:43,23
12250,רשת 13,2024-11-08,2024-11-08 23:13:58,23
12251,רשת 13,2024-11-08,2024-11-08 23:14:33,23
12252,רשת 13,2024-11-08,2024-11-08 23:14:56,23
12253,רשת 13,2024-11-08,2024-11-08 23:37:45,23
12254,רשת 13,2024-11-08,2024-11-08 23:38:09,23
12255,רשת 13,2024-11-08,2024-11-08 23:38:16,23
12256,רשת 13,2024-11-08,2024-11-08 23:38:22,23
12257,רשת 13,2024-11-08,2024-11-08 23:38:42,23
12258,רשת 13,2024-11-08,2024-11-08 23:39:03,23
12259,רשת 13,2024-11-08,2024-11-08 23:39:18,23
12260,רשת 13,2024-11-08,2024-11-08 23:39:48,23
12261,רשת 13,2024-11-08,2024-11-08 23:40:03,23
12262,רשת 13,2024-11-08,2024-11-08 23:40:21,23
12263,רשת 13,2024-11-08,2024-11-08 23:40:38,23
12264,רשת 13,2024-11-08,2024-11-08 23:40:53,23
12265,רשת 13,2024-11-08,2024-11-08 23:41:04,23
12266,רשת 13,2024-11-08,2024-11-08 23:41:40,23
12267,רשת 13,2024-11-08,2024-11-08 23:42:56,23
12268,רשת 13,2024-11-08,2024-11-08 00:11:34,0
12269,רשת 13,2024-11-08,2024-11-08 00:12:34,0
12270,רשת 13,2024-11-08,2024-11-08 00:12:40,0
12271,רשת 13,2024-11-08,2024-11-08 00:12:59,0
12272,רשת 13,2024-11-08,2024-11-08 00:13:24,0
12273,רשת 13,2024-11-08,2024-11-08 00:13:54,0
12274,רשת 13,2024-11-08,2024-11-08 00:14:09,0
12275,רשת 13,2024-11-08,2024-11-08 00:14:24,0
12276,רשת 13,2024-11-08,2024-11-08 00:14:44,0
12277,רשת 13,2024-11-08,2024-11-08 00:15:04,0
12278,רשת 13,2024-11-08,2024-11-08 00:15:36,0
12279,רשת 13,2024-11-08,2024-11-08 00:16:09,0
12280,רשת 13,2024-11-08,2024-11-08 00:16:50,0
12281,רשת 13,2024-11-08,2024-11-08 00:17:14,0
12282,רשת 13,2024-11-08,2024-11-08 00:17:48,0
12283,רשת 13,2024-11-08,2024-11-08 00:17:59,0
12284,רשת 13,2024-11-08,2024-11-08 00:29:04,0
12285,רשת 13,2024-11-08,2024-11-08 00:29:38,0
12286,רשת 13,2024-11-08,2024-11-08 00:29:50,0
12287,רשת 13,2024-11-08,2024-11-08 00:30:05,0
12288,רשת 13,2024-11-08,2024-11-08 00:30:48,0
12289,רשת 13,2024-11-08,2024-11-08 00:32:02,0
12290,רשת 13,2024-11-08,2024-11-08 01:46:52,1
12291,רשת 13,2024-11-08,2024-11-08 01:47:46,1
12292,רשת 13,2024-11-08,2024-11-08 01:48:57,1
12293,רשת 13,2024-11-08,2024-11-08 01:49:48,1
12294,רשת 13,2024-11-08,2024-11-08 01:51:02,1
12295,רשת 13,2024-11-08,2024-11-08 01:51:21,1
12296,רשת 13,2024-11-08,2024-11-08 01:51:43,1
13138,רשת 13,2024-11-09,2024-11-09 02:12:52,2
13139,רשת 13,2024-11-09,2024-11-09 02:13:46,2
13140,רשת 13,2024-11-09,2024-11-09 02:14:46,2
13141,רשת 13,2024-11-09,2024-11-09 02:16:00,2
13142,רשת 13,2024-11-09,2024-11-09 02:16:19,2
13143,רשת 13,2024-11-09,2024-11-09 02:16:37,2
13144,רשת 13,2024-11-09,2024-11-09 03:23:35,3
13145,רשת 13,2024-11-09,2024-11-09 03:24:30,3
13146,רשת 13,2024-11-09,2024-11-09 03:25:20,3
13147,רשת 13,2024-11-09,2024-11-09 03:26:31,3
13148,רשת 13,2024-11-09,2024-11-09 03:27:19,3
13149,רשת 13,2024-11-09,2024-11-09 03:27:38,3
13150,רשת 13,2024-11-09,2024-11-09 03:55:30,3
13151,רשת 13,2024-11-09,2024-11-09 03:56:25,3
13152,רשת 13,2024-11-09,2024-11-09 03:57:15,3
13153,רשת 13,2024-11-09,2024-11-09 03:58:02,3
13154,רשת 13,2024-11-09,2024-11-09 03:58:50,3
13155,רשת 13,2024-11-09,2024-11-09 03:59:09,3
13156,רשת 13,2024-11-09,2024-11-09 05:14:49,5
13157,רשת 13,2024-11-09,2024-11-09 05:15:44,5
13158,רשת 13,2024-11-09,2024-11-09 05:16:20,5
13159,רשת 13,2024-11-09,2024-11-09 05:17:31,5
13160,רשת 13,2024-11-09,2024-11-09 05:18:19,5
13161,רשת 13,2024-11-09,2024-11-09 05:18:38,5
13162,רשת 13,2024-11-09,2024-11-09 05:33:55,5
13163,רשת 13,2024-11-09,2024-11-09 05:34:46,5
13164,רשת 13,2024-11-09,2024-11-09 05:35:32,5
13165,רשת 13,2024-11-09,2024-11-09 05:36:20,5
13166,רשת 13,2024-11-09,2024-11-09 05:36:39,5
13167,רשת 13,2024-11-09,2024-11-09 06:12:56,6
13168,רשת 13,2024-11-09,2024-11-09 06:13:51,6
13169,רשת 13,2024-11-09,2024-11-09 06:14:09,6
13170,רשת 13,2024-11-09,2024-11-09 06:14:47,6
13171,רשת 13,2024-11-09,2024-11-09 06:15:28,6
13172,רשת 13,2024-11-09,2024-11-09 06:53:56,6
13173,רשת 13,2024-11-09,2024-11-09 06:54:15,6
13174,רשת 13,2024-11-09,2024-11-09 06:54:53,6
13175,רשת 13,2024-11-09,2024-11-09 06:55:44,6
13176,רשת 13,2024-11-09,2024-11-09 07:12:36,7
13177,רשת 13,2024-11-09,2024-11-09 07:13:31,7
13178,רשת 13,2024-11-09,2024-11-09 07:13:49,7
13179,רשת 13,2024-11-09,2024-11-09 07:14:03,7
13180,רשת 13,2024-11-09,2024-11-09 07:14:44,7
13181,רשת 13,2024-11-09,2024-11-09 07:45:36,7
13182,רשת 13,2024-11-09,2024-11-09 07:46:10,7
13183,רשת 13,2024-11-09,2024-11-09 08:18:53,8
13184,רשת 13,2024-11-09,2024-11-09 08:19:52,8
13185,רשת 13,2024-11-09,2024-11-09 08:19:58,8
13186,רשת 13,2024-11-09,2024-11-09 08:20:17,8
13187,רשת 13,2024-11-09,2024-11-09 08:20:37,8
13188,רשת 13,2024-11-09,2024-11-09 08:20:59,8
13189,רשת 13,2024-11-09,2024-11-09 08:21:14,8
13190,רשת 13,2024-11-09,2024-11-09 08:21:27,8
13191,רשת 13,2024-11-09,2024-11-09 08:21:32,8
13192,רשת 13,2024-11-09,2024-11-09 08:22:02,8
13193,רשת 13,2024-11-09,2024-11-09 08:22:20,8
13194,רשת 13,2024-11-09,2024-11-09 08:22:58,8
13195,רשת 13,2024-11-09,2024-11-09 08:23:04,8
13196,רשת 13,2024-11-09,2024-11-09 08:43:47,8
13197,רשת 13,2024-11-09,2024-11-09 08:44:20,8
13198,רשת 13,2024-11-09,2024-11-09 08:45:08,8
13199,רשת 13,2024-11-09,2024-11-09 09:11:24,9
13200,רשת 13,2024-11-09,2024-11-09 09:12:23,9
13201,רשת 13,2024-11-09,2024-11-09 09:12:29,9
13202,רשת 13,2024-11-09,2024-11-09 09:12:49,9
13203,רשת 13,2024-11-09,2024-11-09 09:13:18,9
13204,רשת 13,2024-11-09,2024-11-09 09:13:40,9
13205,רשת 13,2024-11-09,2024-11-09 09:14:00,9
13206,רשת 13,2024-11-09,2024-11-09 09:14:17,9
13207,רשת 13,2024-11-09,2024-11-09 09:14:32,9
13208,רשת 13,2024-11-09,2024-11-09 09:14:37,9
13209,רשת 13,2024-11-09,2024-11-09 09:15:05,9
13210,רשת 13,2024-11-09,2024-11-09 09:15:24,9
13211,רשת 13,2024-11-09,2024-11-09 09:16:01,9
13212,רשת 13,2024-11-09,2024-11-09 09:16:34,9
13213,רשת 13,2024-11-09,2024-11-09 09:16:44,9
13214,רשת 13,2024-11-09,2024-11-09 09:16:50,9
13215,רשת 13,2024-11-09,2024-11-09 09:49:57,9
13216,רשת 13,2024-11-09,2024-11-09 10:30:23,10
13217,רשת 13,2024-11-09,2024-11-09 10:30:46,10
13218,רשת 13,2024-11-09,2024-11-09 10:30:54,10
13219,רשת 13,2024-11-09,2024-11-09 10:31:00,10
13220,רשת 13,2024-11-09,2024-11-09 10:31:21,10
13221,רשת 13,2024-11-09,2024-11-09 10:31:33,10
13222,רשת 13,2024-11-09,2024-11-09 10:31:53,10
13223,רשת 13,2024-11-09,2024-11-09 10:32:26,10
13224,רשת 13,2024-11-09,2024-11-09 10:32:31,10
13225,רשת 13,2024-11-09,2024-11-09 10:32:53,10
13226,רשת 13,2024-11-09,2024-11-09 10:33:16,10
13227,רשת 13,2024-11-09,2024-11-09 10:33:48,10
13228,רשת 13,2024-11-09,2024-11-09 10:33:58,10
13229,רשת 13,2024-11-09,2024-11-09 10:34:06,10
13230,רשת 13,2024-11-09,2024-11-09 10:34:12,10
13231,רשת 13,2024-11-09,2024-11-09 11:37:17,11
13232,רשת 13,2024-11-09,2024-11-09 11:38:16,11
13233,רשת 13,2024-11-09,2024-11-09 11:38:24,11
13234,רשת 13,2024-11-09,2024-11-09 11:38:30,11
13235,רשת 13,2024-11-09,2024-11-09 11:38:51,11
13236,רשת 13,2024-11-09,2024-11-09 11:38:59,11
13237,רשת 13,2024-11-09,2024-11-09 11:39:14,11
13238,רשת 13,2024-11-09,2024-11-09 11:39:23,11
13239,רשת 13,2024-11-09,2024-11-09 11:39:35,11
13240,רשת 13,2024-11-09,2024-11-09 11:39:52,11
13241,רשת 13,2024-11-09,2024-11-09 11:40:05,11
13242,רשת 13,2024-11-09,2024-11-09 11:40:33,11
13243,רשת 13,2024-11-09,2024-11-09 11:40:58,11
13244,רשת 13,2024-11-09,2024-11-09 11:41:21,11
13245,רשת 13,2024-11-09,2024-11-09 11:41:53,11
13246,רשת 13,2024-11-09,2024-11-09 11:42:04,11
13247,רשת 13,2024-11-09,2024-11-09 11:42:12,11
13248,רשת 13,2024-11-09,2024-11-09 11:42:18,11
13249,רשת 13,2024-11-09,2024-11-09 12:30:10,12
13250,רשת 13,2024-11-09,2024-11-09 12:54:16,12
13251,רשת 13,2024-11-09,2024-11-09 12:54:39,12
13252,רשת 13,2024-11-09,2024-11-09 12:54:45,12
13253,רשת 13,2024-11-09,2024-11-09 12:54:51,12
13254,רשת 13,2024-11-09,2024-11-09 12:55:10,12
13255,רשת 13,2024-11-09,2024-11-09 12:55:22,12
13256,רשת 13,2024-11-09,2024-11-09 12:55:37,12
13257,רשת 13,2024-11-09,2024-11-09 12:55:54,12
13258,רשת 13,2024-11-09,2024-11-09 12:56:18,12
13259,רשת 13,2024-11-09,2024-11-09 12:56:38,12
13260,רשת 13,2024-11-09,2024-11-09 12:57:08,12
13261,רשת 13,2024-11-09,2024-11-09 12:57:27,12
13262,רשת 13,2024-11-09,2024-11-09 12:57:52,12
13263,רשת 13,2024-11-09,2024-11-09 12:58:12,12
13264,רשת 13,2024-11-09,2024-11-09 12:58:44,12
13265,רשת 13,2024-11-09,2024-11-09 12:59:17,12
13266,רשת 13,2024-11-09,2024-11-09 12:59:27,12
13267,רשת 13,2024-11-09,2024-11-09 12:59:35,12
13268,רשת 13,2024-11-09,2024-11-09 12:59:41,12
13269,רשת 13,2024-11-09,2024-11-09 13:09:03,13
13270,רשת 13,2024-11-09,2024-11-09 13:09:44,13
13271,רשת 13,2024-11-09,2024-11-09 13:15:14,13
13272,רשת 13,2024-11-09,2024-11-09 13:15:48,13
13273,רשת 13,2024-11-09,2024-11-09 13:26:02,13
13274,רשת 13,2024-11-09,2024-11-09 13:26:35,13
13275,רשת 13,2024-11-09,2024-11-09 13:27:12,13
13276,רשת 13,2024-11-09,2024-11-09 13:48:34,13
13277,רשת 13,2024-11-09,2024-11-09 13:48:57,13
13278,רשת 13,2024-11-09,2024-11-09 13:49:03,13
13279,רשת 13,2024-11-09,2024-11-09 13:49:11,13
13280,רשת 13,2024-11-09,2024-11-09 13:49:17,13
13281,רשת 13,2024-11-09,2024-11-09 13:49:23,13
13282,רשת 13,2024-11-09,2024-11-09 13:49:44,13
13283,רשת 13,2024-11-09,2024-11-09 13:50:09,13
13284,רשת 13,2024-11-09,2024-11-09 13:50:31,13
13285,רשת 13,2024-11-09,2024-11-09 13:50:46,13
13286,רשת 13,2024-11-09,2024-11-09 13:51:18,13
13287,רשת 13,2024-11-09,2024-11-09 13:51:49,13
13288,רשת 13,2024-11-09,2024-11-09 13:52:11,13
13289,רשת 13,2024-11-09,2024-11-09 13:52:47,13
13290,רשת 13,2024-11-09,2024-11-09 13:53:38,13
13291,רשת 13,2024-11-09,2024-11-09 13:54:53,13
13292,רשת 13,2024-11-09,2024-11-09 13:55:25,13
13293,רשת 13,2024-11-09,2024-11-09 13:55:35,13
13294,רשת 13,2024-11-09,2024-11-09 13:55:43,13
13295,רשת 13,2024-11-09,2024-11-09 13:55:49,13
13296,רשת 13,2024-11-09,2024-11-09 14:43:46,14
13297,רשת 13,2024-11-09,2024-11-09 14:44:41,14
13298,רשת 13,2024-11-09,2024-11-09 14:45:34,14
13299,רשת 13,2024-11-09,2024-11-09 14:46:45,14
13300,רשת 13,2024-11-09,2024-11-09 14:46:56,14
13301,רשת 13,2024-11-09,2024-11-09 14:47:02,14
13302,רשת 13,2024-11-09,2024-11-09 14:47:21,14
13303,רשת 13,2024-11-09,2024-11-09 14:47:46,14
13304,רשת 13,2024-11-09,2024-11-09 14:48:01,14
13305,רשת 13,2024-11-09,2024-11-09 14:48:16,14
13306,רשת 13,2024-11-09,2024-11-09 14:48:29,14
13307,רשת 13,2024-11-09,2024-11-09 14:48:44,14
13308,רשת 13,2024-11-09,2024-11-09 14:49:08,14
13309,רשת 13,2024-11-09,2024-11-09 14:49:43,14
13310,רשת 13,2024-11-09,2024-11-09 14:50:01,14
13311,רשת 13,2024-11-09,2024-11-09 14:50:42,14
13312,רשת 13,2024-11-09,2024-11-09 14:51:47,14
13313,רשת 13,2024-11-09,2024-11-09 14:52:47,14
13314,רשת 13,2024-11-09,2024-11-09 14:53:23,14
13315,רשת 13,2024-11-09,2024-11-09 14:54:01,14
13316,רשת 13,2024-11-09,2024-11-09 14:54:07,14
13317,רשת 13,2024-11-09,2024-11-09 14:54:17,14
13318,רשת 13,2024-11-09,2024-11-09 14:54:50,14
13319,רשת 13,2024-11-09,2024-11-09 14:55:01,14
13320,רשת 13,2024-11-09,2024-11-09 15:30:50,15
13321,רשת 13,2024-11-09,2024-11-09 15:31:24,15
13322,רשת 13,2024-11-09,2024-11-09 15:31:47,15
13323,רשת 13,2024-11-09,2024-11-09 15:32:58,15
13324,רשת 13,2024-11-09,2024-11-09 15:33:09,15
13325,רשת 13,2024-11-09,2024-11-09 15:33:15,15
13326,רשת 13,2024-11-09,2024-11-09 15:33:21,15
13327,רשת 13,2024-11-09,2024-11-09 15:33:29,15
13328,רשת 13,2024-11-09,2024-11-09 15:33:35,15
13329,רשת 13,2024-11-09,2024-11-09 15:33:41,15
13330,רשת 13,2024-11-09,2024-11-09 15:34:03,15
13331,רשת 13,2024-11-09,2024-11-09 15:34:10,15
13332,רשת 13,2024-11-09,2024-11-09 15:34:23,15
13333,רשת 13,2024-11-09,2024-11-09 15:34:29,15
13334,רשת 13,2024-11-09,2024-11-09 15:34:57,15
13335,רשת 13,2024-11-09,2024-11-09 15:35:33,15
13336,רשת 13,2024-11-09,2024-11-09 15:36:38,15
13337,רשת 13,2024-11-09,2024-11-09 15:37:08,15
13338,רשת 13,2024-11-09,2024-11-09 15:37:58,15
13339,רשת 13,2024-11-09,2024-11-09 15:38:46,15
13340,רשת 13,2024-11-09,2024-11-09 15:39:27,15
13341,רשת 13,2024-11-09,2024-11-09 15:40:00,15
13342,רשת 13,2024-11-09,2024-11-09 15:40:11,15
13343,רשת 13,2024-11-09,2024-11-09 15:40:17,15
13344,רשת 13,2024-11-09,2024-11-09 15:40:25,15
13345,רשת 13,2024-11-09,2024-11-09 15:40:31,15
13346,רשת 13,2024-11-09,2024-11-09 15:40:37,15
13347,רשת 13,2024-11-09,2024-11-09 16:21:54,16
13348,רשת 13,2024-11-09,2024-11-09 16:22:53,16
13349,רשת 13,2024-11-09,2024-11-09 16:24:04,16
13350,רשת 13,2024-11-09,2024-11-09 16:24:15,16
13351,רשת 13,2024-11-09,2024-11-09 16:24:23,16
13352,רשת 13,2024-11-09,2024-11-09 16:24:29,16
13353,רשת 13,2024-11-09,2024-11-09 16:24:35,16
13354,רשת 13,2024-11-09,2024-11-09 16:24:57,16
13355,רשת 13,2024-11-09,2024-11-09 16:25:17,16
13356,רשת 13,2024-11-09,2024-11-09 16:25:51,16
13357,רשת 13,2024-11-09,2024-11-09 16:26:10,16
13358,רשת 13,2024-11-09,2024-11-09 16:26:58,16
13359,רשת 13,2024-11-09,2024-11-09 16:27:58,16
13360,רשת 13,2024-11-09,2024-11-09 16:28:30,16
13361,רשת 13,2024-11-09,2024-11-09 16:29:06,16
13362,רשת 13,2024-11-09,2024-11-09 16:29:44,16
13363,רשת 13,2024-11-09,2024-11-09 16:30:17,16
13364,רשת 13,2024-11-09,2024-11-09 16:30:28,16
13365,רשת 13,2024-11-09,2024-11-09 16:30:34,16
13366,רשת 13,2024-11-09,2024-11-09 16:38:32,16
13367,רשת 13,2024-11-09,2024-11-09 16:38:50,16
13368,רשת 13,2024-11-09,2024-11-09 16:40:01,16
13369,רשת 13,2024-11-09,2024-11-09 16:40:37,16
13370,רשת 13,2024-11-09,2024-11-09 16:41:37,16
13371,רשת 13,2024-11-09,2024-11-09 16:42:27,16
13372,רשת 13,2024-11-09,2024-11-09 16:43:15,16
13373,רשת 13,2024-11-09,2024-11-09 17:07:57,17
13374,רשת 13,2024-11-09,2024-11-09 17:08:30,17
13375,רשת 13,2024-11-09,2024-11-09 17:28:54,17
13376,רשת 13,2024-11-09,2024-11-09 17:29:18,17
13377,רשת 13,2024-11-09,2024-11-09 17:30:29,17
13378,רשת 13,2024-11-09,2024-11-09 17:30:40,17
13379,רשת 13,2024-11-09,2024-11-09 17:30:48,17
13380,רשת 13,2024-11-09,2024-11-09 17:30:55,17
13381,רשת 13,2024-11-09,2024-11-09 17:31:01,17
13382,רשת 13,2024-11-09,2024-11-09 17:31:22,17
13383,רשת 13,2024-11-09,2024-11-09 17:31:42,17
13384,רשת 13,2024-11-09,2024-11-09 17:32:02,17
13385,רשת 13,2024-11-09,2024-11-09 17:32:20,17
13386,רשת 13,2024-11-09,2024-11-09 17:32:35,17
13387,רשת 13,2024-11-09,2024-11-09 17:32:59,17
13388,רשת 13,2024-11-09,2024-11-09 17:33:14,17
13389,רשת 13,2024-11-09,2024-11-09 17:33:29,17
13390,רשת 13,2024-11-09,2024-11-09 17:33:35,17
13391,רשת 13,2024-11-09,2024-11-09 17:33:52,17
13392,רשת 13,2024-11-09,2024-11-09 17:34:46,17
13393,רשת 13,2024-11-09,2024-11-09 17:35:42,17
13394,רשת 13,2024-11-09,2024-11-09 17:35:50,17
13395,רשת 13,2024-11-09,2024-11-09 17:35:56,17
13396,רשת 13,2024-11-09,2024-11-09 17:36:03,17
13397,רשת 13,2024-11-09,2024-11-09 17:46:32,17
13398,רשת 13,2024-11-09,2024-11-09 17:47:26,17
13399,רשת 13,2024-11-09,2024-11-09 17:47:45,17
13400,רשת 13,2024-11-09,2024-11-09 17:48:55,17
13401,רשת 13,2024-11-09,2024-11-09 17:49:34,17
13402,רשת 13,2024-11-09,2024-11-09 17:49:42,17
13403,רשת 13,2024-11-09,2024-11-09 17:49:48,17
13404,רשת 13,2024-11-09,2024-11-09 17:49:55,17
13405,רשת 13,2024-11-09,2024-11-09 17:50:01,17
13406,רשת 13,2024-11-09,2024-11-09 17:59:11,17
13407,רשת 13,2024-11-09,2024-11-09 18:00:10,18
13408,רשת 13,2024-11-09,2024-11-09 18:01:21,18
13409,רשת 13,2024-11-09,2024-11-09 18:01:31,18
13410,רשת 13,2024-11-09,2024-11-09 18:01:37,18
13411,רשת 13,2024-11-09,2024-11-09 18:01:45,18
13412,רשת 13,2024-11-09,2024-11-09 18:01:51,18
13413,רשת 13,2024-11-09,2024-11-09 18:02:12,18
13414,רשת 13,2024-11-09,2024-11-09 18:02:32,18
13415,רשת 13,2024-11-09,2024-11-09 18:02:44,18
13416,רשת 13,2024-11-09,2024-11-09 18:02:59,18
13417,רשת 13,2024-11-09,2024-11-09 18:03:12,18
13418,רשת 13,2024-11-09,2024-11-09 18:03:51,18
13419,רשת 13,2024-11-09,2024-11-09 18:04:32,18
13420,רשת 13,2024-11-09,2024-11-09 18:05:09,18
13421,רשת 13,2024-11-09,2024-11-09 18:05:16,18
13422,רשת 13,2024-11-09,2024-11-09 18:05:22,18
13423,רשת 13,2024-11-09,2024-11-09 18:05:33,18
13424,רשת 13,2024-11-09,2024-11-09 18:06:06,18
13425,רשת 13,2024-11-09,2024-11-09 18:06:16,18
13426,רשת 13,2024-11-09,2024-11-09 18:06:24,18
13427,רשת 13,2024-11-09,2024-11-09 18:06:30,18
13428,רשת 13,2024-11-09,2024-11-09 18:06:36,18
13429,רשת 13,2024-11-09,2024-11-09 19:30:56,19
13430,רשת 13,2024-11-09,2024-11-09 19:31:20,19
13431,רשת 13,2024-11-09,2024-11-09 19:32:31,19
13432,רשת 13,2024-11-09,2024-11-09 19:32:41,19
13433,רשת 13,2024-11-09,2024-11-09 19:32:47,19
13434,רשת 13,2024-11-09,2024-11-09 19:32:55,19
13435,רשת 13,2024-11-09,2024-11-09 19:33:01,19
13436,רשת 13,2024-11-09,2024-11-09 19:33:22,19
13437,רשת 13,2024-11-09,2024-11-09 19:33:42,19
13438,רשת 13,2024-11-09,2024-11-09 19:33:54,19
13439,רשת 13,2024-11-09,2024-11-09 19:34:09,19
13440,רשת 13,2024-11-09,2024-11-09 19:34:33,19
13441,רשת 13,2024-11-09,2024-11-09 19:34:39,19
13442,רשת 13,2024-11-09,2024-11-09 19:34:59,19
13443,רשת 13,2024-11-09,2024-11-09 19:35:24,19
13444,רשת 13,2024-11-09,2024-11-09 19:35:30,19
13445,רשת 13,2024-11-09,2024-11-09 19:35:55,19
13446,רשת 13,2024-11-09,2024-11-09 19:36:15,19
13447,רשת 13,2024-11-09,2024-11-09 19:36:21,19
13448,רשת 13,2024-11-09,2024-11-09 19:36:36,19
13449,רשת 13,2024-11-09,2024-11-09 19:37:01,19
13450,רשת 13,2024-11-09,2024-11-09 19:37:20,19
13451,רשת 13,2024-11-09,2024-11-09 19:38:10,19
13452,רשת 13,2024-11-09,2024-11-09 19:39:25,19
13453,רשת 13,2024-11-09,2024-11-09 19:39:31,19
13454,רשת 13,2024-11-09,2024-11-09 19:39:37,19
13455,רשת 13,2024-11-09,2024-11-09 19:39:43,19
13456,רשת 13,2024-11-09,2024-11-09 19:49:43,19
13457,רשת 13,2024-11-09,2024-11-09 19:50:43,19
13458,רשת 13,2024-11-09,2024-11-09 19:51:48,19
13459,רשת 13,2024-11-09,2024-11-09 20:52:31,20
13460,רשת 13,2024-11-09,2024-11-09 20:53:13,20
13461,רשת 13,2024-11-09,2024-11-09 20:54:00,20
13462,רשת 13,2024-11-09,2024-11-09 20:54:16,20
13463,רשת 13,2024-11-09,2024-11-09 20:54:38,20
13464,רשת 13,2024-11-09,2024-11-09 20:54:53,20
13465,רשת 13,2024-11-09,2024-11-09 20:54:59,20
13466,רשת 13,2024-11-09,2024-11-09 20:55:19,20
13467,רשת 13,2024-11-09,2024-11-09 20:55:32,20
13468,רשת 13,2024-11-09,2024-11-09 20:55:44,20
13469,רשת 13,2024-11-09,2024-11-09 20:55:50,20
13470,רשת 13,2024-11-09,2024-11-09 20:56:15,20
13471,רשת 13,2024-11-09,2024-11-09 20:56:21,20
13472,רשת 13,2024-11-09,2024-11-09 20:56:36,20
13473,רשת 13,2024-11-09,2024-11-09 20:57:02,20
13474,רשת 13,2024-11-09,2024-11-09 20:57:36,20
13475,רשת 13,2024-11-09,2024-11-09 21:20:48,21
13476,רשת 13,2024-11-09,2024-11-09 21:21:11,21
13477,רשת 13,2024-11-09,2024-11-09 21:21:17,21
13478,רשת 13,2024-11-09,2024-11-09 21:21:23,21
13479,רשת 13,2024-11-09,2024-11-09 21:21:31,21
13480,רשת 13,2024-11-09,2024-11-09 21:21:37,21
13481,רשת 13,2024-11-09,2024-11-09 21:21:43,21
13482,רשת 13,2024-11-09,2024-11-09 21:21:49,21
13483,רשת 13,2024-11-09,2024-11-09 21:22:11,21
13484,רשת 13,2024-11-09,2024-11-09 21:23:04,21
13485,רשת 13,2024-11-09,2024-11-09 21:23:24,21
13486,רשת 13,2024-11-09,2024-11-09 21:23:44,21
13487,רשת 13,2024-11-09,2024-11-09 21:24:01,21
13488,רשת 13,2024-11-09,2024-11-09 21:24:16,21
13489,רשת 13,2024-11-09,2024-11-09 21:24:31,21
13490,רשת 13,2024-11-09,2024-11-09 21:24:50,21
13491,רשת 13,2024-11-09,2024-11-09 21:25:05,21
13492,רשת 13,2024-11-09,2024-11-09 21:25:10,21
13493,רשת 13,2024-11-09,2024-11-09 21:25:16,21
13494,רשת 13,2024-11-09,2024-11-09 21:25:58,21
13495,רשת 13,2024-11-09,2024-11-09 21:26:46,21
13496,רשת 13,2024-11-09,2024-11-09 21:38:38,21
13497,רשת 13,2024-11-09,2024-11-09 21:39:41,21
13498,רשת 13,2024-11-09,2024-11-09 21:40:05,21
13499,רשת 13,2024-11-09,2024-11-09 21:40:20,21
13500,רשת 13,2024-11-09,2024-11-09 21:40:55,21
13501,רשת 13,2024-11-09,2024-11-09 21:41:02,21
13502,רשת 13,2024-11-09,2024-11-09 21:42:07,21
13503,רשת 13,2024-11-09,2024-11-09 21:42:14,21
13504,רשת 13,2024-11-09,2024-11-09 22:09:04,22
13505,רשת 13,2024-11-09,2024-11-09 22:09:28,22
13506,רשת 13,2024-11-09,2024-11-09 22:09:34,22
13507,רשת 13,2024-11-09,2024-11-09 22:09:40,22
13508,רשת 13,2024-11-09,2024-11-09 22:09:46,22
13509,רשת 13,2024-11-09,2024-11-09 22:09:52,22
13510,רשת 13,2024-11-09,2024-11-09 22:10:00,22
13511,רשת 13,2024-11-09,2024-11-09 22:10:06,22
13512,רשת 13,2024-11-09,2024-11-09 22:10:13,22
13513,רשת 13,2024-11-09,2024-11-09 22:10:19,22
13514,רשת 13,2024-11-09,2024-11-09 22:10:33,22
13515,רשת 13,2024-11-09,2024-11-09 22:10:49,22
13516,רשת 13,2024-11-09,2024-11-09 22:11:18,22
13517,רשת 13,2024-11-09,2024-11-09 22:12:05,22
13518,רשת 13,2024-11-09,2024-11-09 22:12:58,22
13519,רשת 13,2024-11-09,2024-11-09 22:14:01,22
13520,רשת 13,2024-11-09,2024-11-09 22:14:16,22
13521,רשת 13,2024-11-09,2024-11-09 22:14:36,22
13522,רשת 13,2024-11-09,2024-11-09 22:14:51,22
13523,רשת 13,2024-11-09,2024-11-09 22:15:21,22
13524,רשת 13,2024-11-09,2024-11-09 22:15:36,22
13525,רשת 13,2024-11-09,2024-11-09 22:16:29,22
13526,רשת 13,2024-11-09,2024-11-09 22:16:48,22
13527,רשת 13,2024-11-09,2024-11-09 22:17:10,22
13528,רשת 13,2024-11-09,2024-11-09 22:17:22,22
13529,רשת 13,2024-11-09,2024-11-09 22:17:28,22
13530,רשת 13,2024-11-09,2024-11-09 22:17:48,22
13531,רשת 13,2024-11-09,2024-11-09 22:18:10,22
13532,רשת 13,2024-11-09,2024-11-09 22:18:35,22
13533,רשת 13,2024-11-09,2024-11-09 22:18:55,22
13534,רשת 13,2024-11-09,2024-11-09 22:19:12,22
13535,רשת 13,2024-11-09,2024-11-09 22:19:27,22
13536,רשת 13,2024-11-09,2024-11-09 22:19:33,22
13537,רשת 13,2024-11-09,2024-11-09 22:19:48,22
13538,רשת 13,2024-11-09,2024-11-09 22:20:14,22
13539,רשת 13,2024-11-09,2024-11-09 22:20:52,22
13540,רשת 13,2024-11-09,2024-11-09 22:20:58,22
13541,רשת 13,2024-11-09,2024-11-09 22:21:04,22
13542,רשת 13,2024-11-09,2024-11-09 22:21:10,22
13543,רשת 13,2024-11-09,2024-11-09 22:21:16,22
13544,רשת 13,2024-11-09,2024-11-09 22:21:22,22
13545,רשת 13,2024-11-09,2024-11-09 22:21:28,22
13546,רשת 13,2024-11-09,2024-11-09 22:36:00,22
13547,רשת 13,2024-11-09,2024-11-09 22:36:09,22
13548,רשת 13,2024-11-09,2024-11-09 22:36:15,22
13549,רשת 13,2024-11-09,2024-11-09 22:36:21,22
13550,רשת 13,2024-11-09,2024-11-09 22:36:27,22
13551,רשת 13,2024-11-09,2024-11-09 22:36:34,22
13552,רשת 13,2024-11-09,2024-11-09 22:36:40,22
13553,רשת 13,2024-11-09,2024-11-09 22:36:46,22
13554,רשת 13,2024-11-09,2024-11-09 22:36:52,22
13555,רשת 13,2024-11-09,2024-11-09 22:37:03,22
13556,רשת 13,2024-11-09,2024-11-09 22:38:06,22
13557,רשת 13,2024-11-09,2024-11-09 22:38:26,22
13558,רשת 13,2024-11-09,2024-11-09 22:38:56,22
13559,רשת 13,2024-11-09,2024-11-09 22:39:21,22
13560,רשת 13,2024-11-09,2024-11-09 22:39:41,22
13561,רשת 13,2024-11-09,2024-11-09 22:39:47,22
13562,רשת 13,2024-11-09,2024-11-09 22:40:03,22
13563,רשת 13,2024-11-09,2024-11-09 22:40:23,22
13564,רשת 13,2024-11-09,2024-11-09 22:40:29,22
13565,רשת 13,2024-11-09,2024-11-09 22:40:49,22
13566,רשת 13,2024-11-09,2024-11-09 22:41:18,22
13567,רשת 13,2024-11-09,2024-11-09 22:41:24,22
13568,רשת 13,2024-11-09,2024-11-09 22:41:49,22
13569,רשת 13,2024-11-09,2024-11-09 22:42:07,22
13570,רשת 13,2024-11-09,2024-11-09 22:42:12,22
13571,רשת 13,2024-11-09,2024-11-09 22:42:18,22
13572,רשת 13,2024-11-09,2024-11-09 22:43:18,22
13573,רשת 13,2024-11-09,2024-11-09 22:43:41,22
13574,רשת 13,2024-11-09,2024-11-09 23:05:38,23
13575,רשת 13,2024-11-09,2024-11-09 23:05:56,23
13576,רשת 13,2024-11-09,2024-11-09 23:06:20,23
13577,רשת 13,2024-11-09,2024-11-09 23:06:39,23
13578,רשת 13,2024-11-09,2024-11-09 23:07:26,23
13579,רשת 13,2024-11-09,2024-11-09 23:07:48,23
13580,רשת 13,2024-11-09,2024-11-09 23:08:12,23
13581,רשת 13,2024-11-09,2024-11-09 23:08:27,23
13582,רשת 13,2024-11-09,2024-11-09 23:08:42,23
13583,רשת 13,2024-11-09,2024-11-09 23:08:55,23
13584,רשת 13,2024-11-09,2024-11-09 23:09:24,23
13585,רשת 13,2024-11-09,2024-11-09 23:09:41,23
13586,רשת 13,2024-11-09,2024-11-09 23:10:10,23
13587,רשת 13,2024-11-09,2024-11-09 23:10:38,23
13588,רשת 13,2024-11-09,2024-11-09 23:11:16,23
13589,רשת 13,2024-11-09,2024-11-09 23:11:35,23
13590,רשת 13,2024-11-09,2024-11-09 23:34:26,23
13591,רשת 13,2024-11-09,2024-11-09 23:34:59,23
13592,רשת 13,2024-11-09,2024-11-09 23:35:40,23
13593,רשת 13,2024-11-09,2024-11-09 23:35:48,23
13594,רשת 13,2024-11-09,2024-11-09 23:35:54,23
13595,רשת 13,2024-11-09,2024-11-09 23:36:00,23
13596,רשת 13,2024-11-09,2024-11-09 23:36:13,23
13597,רשת 13,2024-11-09,2024-11-09 23:37:16,23
13598,רשת 13,2024-11-09,2024-11-09 23:37:45,23
13599,רשת 13,2024-11-09,2024-11-09 23:38:00,23
13600,רשת 13,2024-11-09,2024-11-09 23:38:53,23
13601,רשת 13,2024-11-09,2024-11-09 23:39:14,23
13602,רשת 13,2024-11-09,2024-11-09 23:39:31,23
13603,רשת 13,2024-11-09,2024-11-09 23:39:50,23
13604,רשת 13,2024-11-09,2024-11-09 23:40:06,23
13605,רשת 13,2024-11-09,2024-11-09 23:40:21,23
13606,רשת 13,2024-11-09,2024-11-09 23:40:51,23
13607,רשת 13,2024-11-09,2024-11-09 23:41:03,23
13608,רשת 13,2024-11-09,2024-11-09 23:41:22,23
13609,רשת 13,2024-11-09,2024-11-09 23:41:47,23
13610,רשת 13,2024-11-09,2024-11-09 23:42:02,23
13611,רשת 13,2024-11-09,2024-11-09 23:42:13,23
13612,רשת 13,2024-11-09,2024-11-09 23:43:03,23
13613,רשת 13,2024-11-09,2024-11-09 23:44:18,23
13614,רשת 13,2024-11-09,2024-11-09 00:05:46,0
13615,רשת 13,2024-11-09,2024-11-09 00:06:26,0
13616,רשת 13,2024-11-09,2024-11-09 00:32:51,0
13617,רשת 13,2024-11-09,2024-11-09 00:33:10,0
13618,רשת 13,2024-11-09,2024-11-09 00:33:51,0
13619,רשת 13,2024-11-09,2024-11-09 00:33:57,0
13620,רשת 13,2024-11-09,2024-11-09 00:34:03,0
13621,רשת 13,2024-11-09,2024-11-09 00:34:09,0
13622,רשת 13,2024-11-09,2024-11-09 00:34:15,0
13623,רשת 13,2024-11-09,2024-11-09 00:34:36,0
13624,רשת 13,2024-11-09,2024-11-09 00:35:23,0
13625,רשת 13,2024-11-09,2024-11-09 00:35:43,0
13626,רשת 13,2024-11-09,2024-11-09 00:36:03,0
13627,רשת 13,2024-11-09,2024-11-09 00:36:56,0
13628,רשת 13,2024-11-09,2024-11-09 00:37:12,0
13629,רשת 13,2024-11-09,2024-11-09 00:37:32,0
13630,רשת 13,2024-11-09,2024-11-09 00:37:47,0
13631,רשת 13,2024-11-09,2024-11-09 00:38:17,0
13632,רשת 13,2024-11-09,2024-11-09 00:39:31,0
13633,רשת 13,2024-11-09,2024-11-09 00:40:17,0
13634,רשת 13,2024-11-09,2024-11-09 00:40:23,0
13635,רשת 13,2024-11-09,2024-11-09 00:53:29,0
13636,רשת 13,2024-11-09,2024-11-09 00:54:06,0
13637,רשת 13,2024-11-09,2024-11-09 00:54:12,0
13638,רשת 13,2024-11-09,2024-11-09 00:54:33,0
13639,רשת 13,2024-11-09,2024-11-09 00:55:03,0
13640,רשת 13,2024-11-09,2024-11-09 00:55:34,0
13641,רשת 13,2024-11-09,2024-11-09 00:55:49,0
13642,רשת 13,2024-11-09,2024-11-09 00:56:21,0
13643,רשת 13,2024-11-09,2024-11-09 00:57:35,0
13644,רשת 13,2024-11-09,2024-11-09 01:12:40,1
13645,רשת 13,2024-11-09,2024-11-09 01:13:03,1
13646,רשת 13,2024-11-09,2024-11-09 01:13:09,1
13647,רשת 13,2024-11-09,2024-11-09 01:13:28,1
13648,רשת 13,2024-11-09,2024-11-09 01:13:48,1
13649,רשת 13,2024-11-09,2024-11-09 01:14:10,1
13650,רשת 13,2024-11-09,2024-11-09 01:14:47,1
13651,רשת 13,2024-11-09,2024-11-09 01:15:37,1
13652,רשת 13,2024-11-09,2024-11-09 01:16:51,1
14789,רשת 13,2024-11-10,2024-11-10 02:35:54,2
14790,רשת 13,2024-11-10,2024-11-10 02:36:27,2
14791,רשת 13,2024-11-10,2024-11-10 02:37:01,2
14792,רשת 13,2024-11-10,2024-11-10 02:37:51,2
14793,רשת 13,2024-11-10,2024-11-10 03:16:28,3
14794,רשת 13,2024-11-10,2024-11-10 03:16:47,3
14795,רשת 13,2024-11-10,2024-11-10 03:18:01,3
14796,רשת 13,2024-11-10,2024-11-10 03:18:15,3
14797,רשת 13,2024-11-10,2024-11-10 03:18:40,3
14798,רשת 13,2024-11-10,2024-11-10 03:35:03,3
14799,רשת 13,2024-11-10,2024-11-10 03:35:37,3
14800,רשת 13,2024-11-10,2024-11-10 03:36:12,3
14801,רשת 13,2024-11-10,2024-11-10 03:37:26,3
14802,רשת 13,2024-11-10,2024-11-10 05:24:50,5
14803,רשת 13,2024-11-10,2024-11-10 05:25:24,5
14804,רשת 13,2024-11-10,2024-11-10 05:26:38,5
14805,רשת 13,2024-11-10,2024-11-10 05:48:22,5
14806,רשת 13,2024-11-10,2024-11-10 05:48:56,5
14807,רשת 13,2024-11-10,2024-11-10 06:11:42,6
14808,רשת 13,2024-11-10,2024-11-10 06:12:06,6
14809,רשת 13,2024-11-10,2024-11-10 06:12:14,6
14810,רשת 13,2024-11-10,2024-11-10 06:12:20,6
14811,רשת 13,2024-11-10,2024-11-10 06:12:41,6
14812,רשת 13,2024-11-10,2024-11-10 06:12:58,6
14813,רשת 13,2024-11-10,2024-11-10 06:13:13,6
14814,רשת 13,2024-11-10,2024-11-10 06:13:33,6
14815,רשת 13,2024-11-10,2024-11-10 06:14:27,6
14816,רשת 13,2024-11-10,2024-11-10 06:15:07,6
14817,רשת 13,2024-11-10,2024-11-10 06:15:18,6
14818,רשת 13,2024-11-10,2024-11-10 06:15:26,6
14819,רשת 13,2024-11-10,2024-11-10 06:15:32,6
14820,רשת 13,2024-11-10,2024-11-10 07:11:47,7
14821,רשת 13,2024-11-10,2024-11-10 07:12:10,7
14822,רשת 13,2024-11-10,2024-11-10 07:12:16,7
14823,רשת 13,2024-11-10,2024-11-10 07:13:18,7
14824,רשת 13,2024-11-10,2024-11-10 07:13:24,7
14825,רשת 13,2024-11-10,2024-11-10 07:13:35,7
14826,רשת 13,2024-11-10,2024-11-10 07:13:43,7
14827,רשת 13,2024-11-10,2024-11-10 07:13:49,7
14828,רשת 13,2024-11-10,2024-11-10 07:13:55,7
14829,רשת 13,2024-11-10,2024-11-10 07:14:01,7
14830,רשת 13,2024-11-10,2024-11-10 07:14:07,7
14831,רשת 13,2024-11-10,2024-11-10 07:14:13,7
14832,רשת 13,2024-11-10,2024-11-10 07:14:34,7
14833,רשת 13,2024-11-10,2024-11-10 07:15:03,7
14834,רשת 13,2024-11-10,2024-11-10 07:15:28,7
14835,רשת 13,2024-11-10,2024-11-10 07:15:44,7
14836,רשת 13,2024-11-10,2024-11-10 07:16:04,7
14837,רשת 13,2024-11-10,2024-11-10 07:16:16,7
14838,רשת 13,2024-11-10,2024-11-10 07:16:33,7
14839,רשת 13,2024-11-10,2024-11-10 07:17:02,7
14840,רשת 13,2024-11-10,2024-11-10 07:17:33,7
14841,רשת 13,2024-11-10,2024-11-10 07:17:38,7
14842,רשת 13,2024-11-10,2024-11-10 07:17:53,7
14843,רשת 13,2024-11-10,2024-11-10 07:18:54,7
14844,רשת 13,2024-11-10,2024-11-10 07:19:31,7
14845,רשת 13,2024-11-10,2024-11-10 07:39:13,7
14846,רשת 13,2024-11-10,2024-11-10 07:39:37,7
14847,רשת 13,2024-11-10,2024-11-10 07:39:43,7
14848,רשת 13,2024-11-10,2024-11-10 07:39:51,7
14849,רשת 13,2024-11-10,2024-11-10 07:39:57,7
14850,רשת 13,2024-11-10,2024-11-10 07:40:03,7
14851,רשת 13,2024-11-10,2024-11-10 07:40:26,7
14852,רשת 13,2024-11-10,2024-11-10 07:40:48,7
14853,רשת 13,2024-11-10,2024-11-10 07:41:10,7
14854,רשת 13,2024-11-10,2024-11-10 07:41:25,7
14855,רשת 13,2024-11-10,2024-11-10 07:41:50,7
14856,רשת 13,2024-11-10,2024-11-10 07:42:43,7
14857,רשת 13,2024-11-10,2024-11-10 07:43:00,7
14858,רשת 13,2024-11-10,2024-11-10 07:43:15,7
14859,רשת 13,2024-11-10,2024-11-10 07:43:30,7
14860,רשת 13,2024-11-10,2024-11-10 07:43:51,7
14861,רשת 13,2024-11-10,2024-11-10 07:43:57,7
14862,רשת 13,2024-11-10,2024-11-10 07:44:31,7
14863,רשת 13,2024-11-10,2024-11-10 07:45:19,7
14864,רשת 13,2024-11-10,2024-11-10 07:46:04,7
14865,רשת 13,2024-11-10,2024-11-10 07:46:43,7
14866,רשת 13,2024-11-10,2024-11-10 07:46:54,7
14867,רשת 13,2024-11-10,2024-11-10 08:05:53,8
14868,רשת 13,2024-11-10,2024-11-10 08:06:33,8
14869,רשת 13,2024-11-10,2024-11-10 08:11:35,8
14870,רשת 13,2024-11-10,2024-11-10 08:12:13,8
14871,רשת 13,2024-11-10,2024-11-10 08:12:19,8
14872,רשת 13,2024-11-10,2024-11-10 08:13:21,8
14873,רשת 13,2024-11-10,2024-11-10 08:13:27,8
14874,רשת 13,2024-11-10,2024-11-10 08:13:38,8
14875,רשת 13,2024-11-10,2024-11-10 08:13:46,8
14876,רשת 13,2024-11-10,2024-11-10 08:13:52,8
14877,רשת 13,2024-11-10,2024-11-10 08:13:58,8
14878,רשת 13,2024-11-10,2024-11-10 08:14:20,8
14879,רשת 13,2024-11-10,2024-11-10 08:14:42,8
14880,רשת 13,2024-11-10,2024-11-10 08:15:02,8
14881,רשת 13,2024-11-10,2024-11-10 08:15:18,8
14882,רשת 13,2024-11-10,2024-11-10 08:16:11,8
14883,רשת 13,2024-11-10,2024-11-10 08:16:28,8
14884,רשת 13,2024-11-10,2024-11-10 08:16:48,8
14885,רשת 13,2024-11-10,2024-11-10 08:17:05,8
14886,רשת 13,2024-11-10,2024-11-10 08:17:18,8
14887,רשת 13,2024-11-10,2024-11-10 08:17:37,8
14888,רשת 13,2024-11-10,2024-11-10 08:17:56,8
14889,רשת 13,2024-11-10,2024-11-10 08:18:02,8
14890,רשת 13,2024-11-10,2024-11-10 08:18:17,8
14891,רשת 13,2024-11-10,2024-11-10 08:18:36,8
14892,רשת 13,2024-11-10,2024-11-10 08:19:24,8
14893,רשת 13,2024-11-10,2024-11-10 08:20:01,8
14894,רשת 13,2024-11-10,2024-11-10 08:20:47,8
14895,רשת 13,2024-11-10,2024-11-10 08:36:46,8
14896,רשת 13,2024-11-10,2024-11-10 08:37:10,8
14897,רשת 13,2024-11-10,2024-11-10 08:37:18,8
14898,רשת 13,2024-11-10,2024-11-10 08:37:24,8
14899,רשת 13,2024-11-10,2024-11-10 08:37:30,8
14900,רשת 13,2024-11-10,2024-11-10 08:37:36,8
14901,רשת 13,2024-11-10,2024-11-10 08:37:57,8
14902,רשת 13,2024-11-10,2024-11-10 08:38:44,8
14903,רשת 13,2024-11-10,2024-11-10 08:39:06,8
14904,רשת 13,2024-11-10,2024-11-10 08:39:28,8
14905,רשת 13,2024-11-10,2024-11-10 08:39:43,8
14906,רשת 13,2024-11-10,2024-11-10 08:39:58,8
14907,רשת 13,2024-11-10,2024-11-10 08:40:04,8
14908,רשת 13,2024-11-10,2024-11-10 08:41:07,8
14909,רשת 13,2024-11-10,2024-11-10 08:41:19,8
14910,רשת 13,2024-11-10,2024-11-10 08:41:25,8
14911,רשת 13,2024-11-10,2024-11-10 08:41:31,8
14912,רשת 13,2024-11-10,2024-11-10 08:41:46,8
14913,רשת 13,2024-11-10,2024-11-10 08:42:29,8
14914,רשת 13,2024-11-10,2024-11-10 08:43:19,8
14915,רשת 13,2024-11-10,2024-11-10 09:04:30,9
14916,רשת 13,2024-11-10,2024-11-10 09:05:10,9
14917,רשת 13,2024-11-10,2024-11-10 09:10:21,9
14918,רשת 13,2024-11-10,2024-11-10 09:10:45,9
14919,רשת 13,2024-11-10,2024-11-10 09:10:51,9
14920,רשת 13,2024-11-10,2024-11-10 09:10:59,9
14921,רשת 13,2024-11-10,2024-11-10 09:11:05,9
14922,רשת 13,2024-11-10,2024-11-10 09:11:11,9
14923,רשת 13,2024-11-10,2024-11-10 09:11:33,9
14924,רשת 13,2024-11-10,2024-11-10 09:12:26,9
14925,רשת 13,2024-11-10,2024-11-10 09:13:13,9
14926,רשת 13,2024-11-10,2024-11-10 09:13:33,9
14927,רשת 13,2024-11-10,2024-11-10 09:13:46,9
14928,רשת 13,2024-11-10,2024-11-10 09:14:14,9
14929,רשת 13,2024-11-10,2024-11-10 09:14:31,9
14930,רשת 13,2024-11-10,2024-11-10 09:14:53,9
14931,רשת 13,2024-11-10,2024-11-10 09:15:08,9
14932,רשת 13,2024-11-10,2024-11-10 09:15:13,9
14933,רשת 13,2024-11-10,2024-11-10 09:15:32,9
14934,רשת 13,2024-11-10,2024-11-10 09:15:56,9
14935,רשת 13,2024-11-10,2024-11-10 09:17:13,9
14936,רשת 13,2024-11-10,2024-11-10 09:32:07,9
14937,רשת 13,2024-11-10,2024-11-10 09:32:31,9
14938,רשת 13,2024-11-10,2024-11-10 09:32:39,9
14939,רשת 13,2024-11-10,2024-11-10 09:32:45,9
14940,רשת 13,2024-11-10,2024-11-10 09:32:51,9
14941,רשת 13,2024-11-10,2024-11-10 09:33:14,9
14942,רשת 13,2024-11-10,2024-11-10 09:33:38,9
14943,רשת 13,2024-11-10,2024-11-10 09:33:58,9
14944,רשת 13,2024-11-10,2024-11-10 09:34:20,9
14945,רשת 13,2024-11-10,2024-11-10 09:34:36,9
14946,רשת 13,2024-11-10,2024-11-10 09:34:51,9
14947,רשת 13,2024-11-10,2024-11-10 09:35:10,9
14948,רשת 13,2024-11-10,2024-11-10 09:35:35,9
14949,רשת 13,2024-11-10,2024-11-10 09:35:50,9
14950,רשת 13,2024-11-10,2024-11-10 09:36:02,9
14951,רשת 13,2024-11-10,2024-11-10 09:36:17,9
14952,רשת 13,2024-11-10,2024-11-10 09:36:53,9
14953,רשת 13,2024-11-10,2024-11-10 10:04:32,10
14954,רשת 13,2024-11-10,2024-11-10 10:05:12,10
14955,רשת 13,2024-11-10,2024-11-10 10:24:19,10
14956,רשת 13,2024-11-10,2024-11-10 10:24:43,10
14957,רשת 13,2024-11-10,2024-11-10 10:24:51,10
14958,רשת 13,2024-11-10,2024-11-10 10:24:57,10
14959,רשת 13,2024-11-10,2024-11-10 10:25:03,10
14960,רשת 13,2024-11-10,2024-11-10 10:25:25,10
14961,רשת 13,2024-11-10,2024-11-10 10:25:38,10
14962,רשת 13,2024-11-10,2024-11-10 10:26:03,10
14963,רשת 13,2024-11-10,2024-11-10 10:26:15,10
14964,רשת 13,2024-11-10,2024-11-10 10:26:28,10
14965,רשת 13,2024-11-10,2024-11-10 10:26:45,10
14966,רשת 13,2024-11-10,2024-11-10 10:27:00,10
14967,רשת 13,2024-11-10,2024-11-10 10:27:17,10
14968,רשת 13,2024-11-10,2024-11-10 10:27:53,10
14969,רשת 13,2024-11-10,2024-11-10 10:28:41,10
14970,רשת 13,2024-11-10,2024-11-10 10:29:17,10
14971,רשת 13,2024-11-10,2024-11-10 10:29:56,10
14972,רשת 13,2024-11-10,2024-11-10 10:30:02,10
14973,רשת 13,2024-11-10,2024-11-10 10:48:06,10
14974,רשת 13,2024-11-10,2024-11-10 10:48:52,10
14975,רשת 13,2024-11-10,2024-11-10 10:49:07,10
14976,רשת 13,2024-11-10,2024-11-10 10:49:29,10
14977,רשת 13,2024-11-10,2024-11-10 10:49:51,10
14978,רשת 13,2024-11-10,2024-11-10 10:49:58,10
14979,רשת 13,2024-11-10,2024-11-10 10:50:13,10
14980,רשת 13,2024-11-10,2024-11-10 10:50:19,10
14981,רשת 13,2024-11-10,2024-11-10 10:50:34,10
14982,רשת 13,2024-11-10,2024-11-10 10:51:08,10
14983,רשת 13,2024-11-10,2024-11-10 10:51:58,10
14984,רשת 13,2024-11-10,2024-11-10 11:05:28,11
14985,רשת 13,2024-11-10,2024-11-10 11:06:07,11
14986,רשת 13,2024-11-10,2024-11-10 11:36:02,11
14987,רשת 13,2024-11-10,2024-11-10 11:36:26,11
14988,רשת 13,2024-11-10,2024-11-10 11:36:32,11
14989,רשת 13,2024-11-10,2024-11-10 11:36:38,11
14990,רשת 13,2024-11-10,2024-11-10 11:36:58,11
14991,רשת 13,2024-11-10,2024-11-10 11:37:13,11
14992,רשת 13,2024-11-10,2024-11-10 11:37:37,11
14993,רשת 13,2024-11-10,2024-11-10 11:37:52,11
14994,רשת 13,2024-11-10,2024-11-10 11:38:05,11
14995,רשת 13,2024-11-10,2024-11-10 11:38:27,11
14996,רשת 13,2024-11-10,2024-11-10 11:39:30,11
14997,רשת 13,2024-11-10,2024-11-10 11:39:47,11
14998,רשת 13,2024-11-10,2024-11-10 11:40:09,11
14999,רשת 13,2024-11-10,2024-11-10 11:40:28,11
15000,רשת 13,2024-11-10,2024-11-10 11:40:43,11
15001,רשת 13,2024-11-10,2024-11-10 11:41:17,11
15002,רשת 13,2024-11-10,2024-11-10 11:41:54,11
15003,רשת 13,2024-11-10,2024-11-10 11:42:42,11
15004,רשת 13,2024-11-10,2024-11-10 11:43:11,11
15005,רשת 13,2024-11-10,2024-11-10 11:43:17,11
15006,רשת 13,2024-11-10,2024-11-10 11:43:23,11
15007,רשת 13,2024-11-10,2024-11-10 12:06:19,12
15008,רשת 13,2024-11-10,2024-11-10 12:06:59,12
15009,רשת 13,2024-11-10,2024-11-10 12:24:04,12
15010,רשת 13,2024-11-10,2024-11-10 12:24:23,12
15011,רשת 13,2024-11-10,2024-11-10 12:25:13,12
15012,רשת 13,2024-11-10,2024-11-10 12:26:27,12
15013,רשת 13,2024-11-10,2024-11-10 12:26:33,12
15014,רשת 13,2024-11-10,2024-11-10 12:26:39,12
15015,רשת 13,2024-11-10,2024-11-10 12:26:45,12
15016,רשת 13,2024-11-10,2024-11-10 12:27:06,12
15017,רשת 13,2024-11-10,2024-11-10 12:27:21,12
15018,רשת 13,2024-11-10,2024-11-10 12:27:43,12
15019,רשת 13,2024-11-10,2024-11-10 12:28:12,12
15020,רשת 13,2024-11-10,2024-11-10 12:28:24,12
15021,רשת 13,2024-11-10,2024-11-10 12:28:46,12
15022,רשת 13,2024-11-10,2024-11-10 12:29:03,12
15023,רשת 13,2024-11-10,2024-11-10 12:29:18,12
15024,רשת 13,2024-11-10,2024-11-10 12:29:33,12
15025,רשת 13,2024-11-10,2024-11-10 12:30:02,12
15026,רשת 13,2024-11-10,2024-11-10 12:31:02,12
15027,רשת 13,2024-11-10,2024-11-10 12:31:50,12
15028,רשת 13,2024-11-10,2024-11-10 12:32:35,12
15029,רשת 13,2024-11-10,2024-11-10 12:32:41,12
15030,רשת 13,2024-11-10,2024-11-10 12:32:47,12
15031,רשת 13,2024-11-10,2024-11-10 12:32:53,12
15032,רשת 13,2024-11-10,2024-11-10 12:32:59,12
15033,רשת 13,2024-11-10,2024-11-10 12:43:42,12
15034,רשת 13,2024-11-10,2024-11-10 12:44:16,12
15035,רשת 13,2024-11-10,2024-11-10 12:45:27,12
15036,רשת 13,2024-11-10,2024-11-10 12:46:15,12
15037,רשת 13,2024-11-10,2024-11-10 12:46:52,12
15038,רשת 13,2024-11-10,2024-11-10 12:47:40,12
15039,רשת 13,2024-11-10,2024-11-10 12:48:25,12
15040,רשת 13,2024-11-10,2024-11-10 13:04:38,13
15041,רשת 13,2024-11-10,2024-11-10 13:05:18,13
15042,רשת 13,2024-11-10,2024-11-10 13:18:20,13
15043,רשת 13,2024-11-10,2024-11-10 13:18:38,13
15044,רשת 13,2024-11-10,2024-11-10 13:19:30,13
15045,רשת 13,2024-11-10,2024-11-10 13:19:36,13
15046,רשת 13,2024-11-10,2024-11-10 13:19:43,13
15047,רשת 13,2024-11-10,2024-11-10 13:19:49,13
15048,רשת 13,2024-11-10,2024-11-10 13:20:00,13
15049,רשת 13,2024-11-10,2024-11-10 13:20:25,13
15050,רשת 13,2024-11-10,2024-11-10 13:20:49,13
15051,רשת 13,2024-11-10,2024-11-10 13:21:04,13
15052,רשת 13,2024-11-10,2024-11-10 13:21:19,13
15053,רשת 13,2024-11-10,2024-11-10 13:21:41,13
15054,רשת 13,2024-11-10,2024-11-10 13:21:54,13
15055,רשת 13,2024-11-10,2024-11-10 13:22:11,13
15056,רשת 13,2024-11-10,2024-11-10 13:22:26,13
15057,רשת 13,2024-11-10,2024-11-10 13:23:02,13
15058,רשת 13,2024-11-10,2024-11-10 13:23:51,13
15059,רשת 13,2024-11-10,2024-11-10 13:24:41,13
15060,רשת 13,2024-11-10,2024-11-10 13:25:57,13
15061,רשת 13,2024-11-10,2024-11-10 13:26:03,13
15062,רשת 13,2024-11-10,2024-11-10 13:26:09,13
15063,רשת 13,2024-11-10,2024-11-10 13:26:15,13
15064,רשת 13,2024-11-10,2024-11-10 13:39:09,13
15065,רשת 13,2024-11-10,2024-11-10 13:39:28,13
15066,רשת 13,2024-11-10,2024-11-10 13:40:39,13
15067,רשת 13,2024-11-10,2024-11-10 13:41:09,13
15068,רשת 13,2024-11-10,2024-11-10 13:41:57,13
15069,רשת 13,2024-11-10,2024-11-10 13:52:29,13
15070,רשת 13,2024-11-10,2024-11-10 13:53:05,13
15071,רשת 13,2024-11-10,2024-11-10 13:53:38,13
15072,רשת 13,2024-11-10,2024-11-10 13:53:52,13
15073,רשת 13,2024-11-10,2024-11-10 13:55:03,13
15074,רשת 13,2024-11-10,2024-11-10 14:04:30,14
15075,רשת 13,2024-11-10,2024-11-10 14:05:10,14
15076,רשת 13,2024-11-10,2024-11-10 14:36:45,14
15077,רשת 13,2024-11-10,2024-11-10 14:37:23,14
15078,רשת 13,2024-11-10,2024-11-10 14:37:29,14
15079,רשת 13,2024-11-10,2024-11-10 14:37:35,14
15080,רשת 13,2024-11-10,2024-11-10 14:37:46,14
15081,רשת 13,2024-11-10,2024-11-10 14:38:49,14
15082,רשת 13,2024-11-10,2024-11-10 14:39:11,14
15083,רשת 13,2024-11-10,2024-11-10 14:39:26,14
15084,רשת 13,2024-11-10,2024-11-10 14:39:46,14
15085,רשת 13,2024-11-10,2024-11-10 14:40:14,14
15086,רשת 13,2024-11-10,2024-11-10 14:40:42,14
15087,רשת 13,2024-11-10,2024-11-10 14:41:07,14
15088,רשת 13,2024-11-10,2024-11-10 14:41:20,14
15089,רשת 13,2024-11-10,2024-11-10 14:41:35,14
15090,רשת 13,2024-11-10,2024-11-10 14:42:07,14
15091,רשת 13,2024-11-10,2024-11-10 14:42:43,14
15092,רשת 13,2024-11-10,2024-11-10 14:43:08,14
15093,רשת 13,2024-11-10,2024-11-10 14:43:47,14
15094,רשת 13,2024-11-10,2024-11-10 14:43:53,14
15095,רשת 13,2024-11-10,2024-11-10 14:43:59,14
15096,רשת 13,2024-11-10,2024-11-10 15:52:23,15
15097,רשת 13,2024-11-10,2024-11-10 15:52:47,15
15098,רשת 13,2024-11-10,2024-11-10 15:52:53,15
15099,רשת 13,2024-11-10,2024-11-10 15:52:59,15
15100,רשת 13,2024-11-10,2024-11-10 15:53:05,15
15101,רשת 13,2024-11-10,2024-11-10 15:53:25,15
15102,רשת 13,2024-11-10,2024-11-10 15:53:50,15
15103,רשת 13,2024-11-10,2024-11-10 15:54:05,15
15104,רשת 13,2024-11-10,2024-11-10 15:54:20,15
15105,רשת 13,2024-11-10,2024-11-10 15:54:45,15
15106,רשת 13,2024-11-10,2024-11-10 15:55:12,15
15107,רשת 13,2024-11-10,2024-11-10 15:56:00,15
15108,רשת 13,2024-11-10,2024-11-10 15:56:30,15
15109,רשת 13,2024-11-10,2024-11-10 15:57:10,15
15110,רשת 13,2024-11-10,2024-11-10 15:57:20,15
15111,רשת 13,2024-11-10,2024-11-10 15:57:26,15
15112,רשת 13,2024-11-10,2024-11-10 16:38:14,16
15113,רשת 13,2024-11-10,2024-11-10 16:38:38,16
15114,רשת 13,2024-11-10,2024-11-10 16:38:46,16
15115,רשת 13,2024-11-10,2024-11-10 16:38:52,16
15116,רשת 13,2024-11-10,2024-11-10 16:39:00,16
15117,רשת 13,2024-11-10,2024-11-10 16:39:19,16
15118,רשת 13,2024-11-10,2024-11-10 16:39:36,16
15119,רשת 13,2024-11-10,2024-11-10 16:39:58,16
15120,רשת 13,2024-11-10,2024-11-10 16:40:27,16
15121,רשת 13,2024-11-10,2024-11-10 16:40:46,16
15122,רשת 13,2024-11-10,2024-11-10 16:41:01,16
15123,רשת 13,2024-11-10,2024-11-10 16:41:35,16
15124,רשת 13,2024-11-10,2024-11-10 16:42:25,16
15125,רשת 13,2024-11-10,2024-11-10 16:43:01,16
15126,רשת 13,2024-11-10,2024-11-10 16:44:16,16
15127,רשת 13,2024-11-10,2024-11-10 16:44:56,16
15128,רשת 13,2024-11-10,2024-11-10 16:45:06,16
15129,רשת 13,2024-11-10,2024-11-10 16:45:12,16
15130,רשת 13,2024-11-10,2024-11-10 16:45:20,16
15131,רשת 13,2024-11-10,2024-11-10 16:45:26,16
15132,רשת 13,2024-11-10,2024-11-10 16:45:34,16
15133,רשת 13,2024-11-10,2024-11-10 17:10:01,17
15134,רשת 13,2024-11-10,2024-11-10 17:10:43,17
15135,רשת 13,2024-11-10,2024-11-10 17:10:49,17
15136,רשת 13,2024-11-10,2024-11-10 17:10:57,17
15137,רשת 13,2024-11-10,2024-11-10 17:11:03,17
15138,רשת 13,2024-11-10,2024-11-10 17:11:09,17
15139,רשת 13,2024-11-10,2024-11-10 17:11:32,17
15140,רשת 13,2024-11-10,2024-11-10 17:12:35,17
15141,רשת 13,2024-11-10,2024-11-10 17:12:48,17
15142,רשת 13,2024-11-10,2024-11-10 17:13:10,17
15143,רשת 13,2024-11-10,2024-11-10 17:13:29,17
15144,רשת 13,2024-11-10,2024-11-10 17:13:45,17
15145,רשת 13,2024-11-10,2024-11-10 17:13:57,17
15146,רשת 13,2024-11-10,2024-11-10 17:14:10,17
15147,רשת 13,2024-11-10,2024-11-10 17:14:29,17
15148,רשת 13,2024-11-10,2024-11-10 17:14:54,17
15149,רשת 13,2024-11-10,2024-11-10 17:15:09,17
15150,רשת 13,2024-11-10,2024-11-10 17:16:10,17
15151,רשת 13,2024-11-10,2024-11-10 17:16:58,17
15152,רשת 13,2024-11-10,2024-11-10 17:17:44,17
15153,רשת 13,2024-11-10,2024-11-10 17:17:52,17
15154,רשת 13,2024-11-10,2024-11-10 17:17:58,17
15155,רשת 13,2024-11-10,2024-11-10 17:18:04,17
15156,רשת 13,2024-11-10,2024-11-10 17:18:12,17
15157,רשת 13,2024-11-10,2024-11-10 17:18:22,17
15158,רשת 13,2024-11-10,2024-11-10 17:19:01,17
15159,רשת 13,2024-11-10,2024-11-10 17:19:12,17
15160,רשת 13,2024-11-10,2024-11-10 17:19:18,17
15161,רשת 13,2024-11-10,2024-11-10 17:19:24,17
15162,רשת 13,2024-11-10,2024-11-10 17:19:30,17
15163,רשת 13,2024-11-10,2024-11-10 17:19:36,17
15164,רשת 13,2024-11-10,2024-11-10 17:52:57,17
15165,רשת 13,2024-11-10,2024-11-10 17:53:57,17
15166,רשת 13,2024-11-10,2024-11-10 18:30:18,18
15167,רשת 13,2024-11-10,2024-11-10 18:31:00,18
15168,רשת 13,2024-11-10,2024-11-10 18:31:06,18
15169,רשת 13,2024-11-10,2024-11-10 18:31:12,18
15170,רשת 13,2024-11-10,2024-11-10 18:31:20,18
15171,רשת 13,2024-11-10,2024-11-10 18:31:26,18
15172,רשת 13,2024-11-10,2024-11-10 18:31:32,18
15173,רשת 13,2024-11-10,2024-11-10 18:31:54,18
15174,רשת 13,2024-11-10,2024-11-10 18:32:14,18
15175,רשת 13,2024-11-10,2024-11-10 18:32:42,18
15176,רשת 13,2024-11-10,2024-11-10 18:33:00,18
15177,רשת 13,2024-11-10,2024-11-10 18:33:13,18
15178,רשת 13,2024-11-10,2024-11-10 18:33:29,18
15179,רשת 13,2024-11-10,2024-11-10 18:34:22,18
15180,רשת 13,2024-11-10,2024-11-10 18:34:39,18
15181,רשת 13,2024-11-10,2024-11-10 18:34:54,18
15182,רשת 13,2024-11-10,2024-11-10 18:35:13,18
15183,רשת 13,2024-11-10,2024-11-10 18:35:33,18
15184,רשת 13,2024-11-10,2024-11-10 18:35:48,18
15185,רשת 13,2024-11-10,2024-11-10 18:36:08,18
15186,רשת 13,2024-11-10,2024-11-10 18:36:56,18
15187,רשת 13,2024-11-10,2024-11-10 18:37:42,18
15188,רשת 13,2024-11-10,2024-11-10 18:38:22,18
15189,רשת 13,2024-11-10,2024-11-10 18:38:34,18
15190,רשת 13,2024-11-10,2024-11-10 18:38:42,18
15191,רשת 13,2024-11-10,2024-11-10 18:38:48,18
15192,רשת 13,2024-11-10,2024-11-10 18:38:54,18
15193,רשת 13,2024-11-10,2024-11-10 18:39:00,18
15194,רשת 13,2024-11-10,2024-11-10 18:59:56,18
15195,רשת 13,2024-11-10,2024-11-10 19:00:38,19
15196,רשת 13,2024-11-10,2024-11-10 19:00:44,19
15197,רשת 13,2024-11-10,2024-11-10 19:00:52,19
15198,רשת 13,2024-11-10,2024-11-10 19:00:58,19
15199,רשת 13,2024-11-10,2024-11-10 19:01:04,19
15200,רשת 13,2024-11-10,2024-11-10 19:01:10,19
15201,רשת 13,2024-11-10,2024-11-10 19:01:16,19
15202,רשת 13,2024-11-10,2024-11-10 19:01:38,19
15203,רשת 13,2024-11-10,2024-11-10 19:01:57,19
15204,רשת 13,2024-11-10,2024-11-10 19:02:22,19
15205,רשת 13,2024-11-10,2024-11-10 19:02:34,19
15206,רשת 13,2024-11-10,2024-11-10 19:03:07,19
15207,רשת 13,2024-11-10,2024-11-10 19:03:20,19
15208,רשת 13,2024-11-10,2024-11-10 19:03:42,19
15209,רשת 13,2024-11-10,2024-11-10 19:04:06,19
15210,רשת 13,2024-11-10,2024-11-10 19:04:31,19
15211,רשת 13,2024-11-10,2024-11-10 19:04:51,19
15212,רשת 13,2024-11-10,2024-11-10 19:05:38,19
15213,רשת 13,2024-11-10,2024-11-10 19:05:54,19
15214,רשת 13,2024-11-10,2024-11-10 19:06:47,19
15215,רשת 13,2024-11-10,2024-11-10 19:07:02,19
15216,רשת 13,2024-11-10,2024-11-10 19:07:21,19
15217,רשת 13,2024-11-10,2024-11-10 19:07:36,19
15218,רשת 13,2024-11-10,2024-11-10 19:08:12,19
15219,רשת 13,2024-11-10,2024-11-10 19:08:55,19
15220,רשת 13,2024-11-10,2024-11-10 19:09:01,19
15221,רשת 13,2024-11-10,2024-11-10 19:09:07,19
15222,רשת 13,2024-11-10,2024-11-10 19:09:13,19
15223,רשת 13,2024-11-10,2024-11-10 19:09:19,19
15224,רשת 13,2024-11-10,2024-11-10 19:32:52,19
15225,רשת 13,2024-11-10,2024-11-10 19:51:02,19
15226,רשת 13,2024-11-10,2024-11-10 19:52:02,19
15227,רשת 13,2024-11-10,2024-11-10 19:52:47,19
15228,רשת 13,2024-11-10,2024-11-10 20:42:03,20
15229,רשת 13,2024-11-10,2024-11-10 20:42:44,20
15230,רשת 13,2024-11-10,2024-11-10 20:42:52,20
15231,רשת 13,2024-11-10,2024-11-10 20:42:58,20
15232,רשת 13,2024-11-10,2024-11-10 20:43:04,20
15233,רשת 13,2024-11-10,2024-11-10 20:43:25,20
15234,רשת 13,2024-11-10,2024-11-10 20:43:47,20
15235,רשת 13,2024-11-10,2024-11-10 20:43:59,20
15236,רשת 13,2024-11-10,2024-11-10 20:44:39,20
15237,רשת 13,2024-11-10,2024-11-10 20:44:59,20
15238,רשת 13,2024-11-10,2024-11-10 20:45:19,20
15239,רשת 13,2024-11-10,2024-11-10 20:45:38,20
15240,רשת 13,2024-11-10,2024-11-10 20:46:07,20
15241,רשת 13,2024-11-10,2024-11-10 20:46:22,20
15242,רשת 13,2024-11-10,2024-11-10 20:46:34,20
15243,רשת 13,2024-11-10,2024-11-10 20:46:49,20
15244,רשת 13,2024-11-10,2024-11-10 20:46:54,20
15245,רשת 13,2024-11-10,2024-11-10 20:47:47,20
15246,רשת 13,2024-11-10,2024-11-10 20:48:21,20
15247,רשת 13,2024-11-10,2024-11-10 20:48:59,20
15248,רשת 13,2024-11-10,2024-11-10 21:06:27,21
15249,רשת 13,2024-11-10,2024-11-10 21:07:08,21
15250,רשת 13,2024-11-10,2024-11-10 21:07:14,21
15251,רשת 13,2024-11-10,2024-11-10 21:07:20,21
15252,רשת 13,2024-11-10,2024-11-10 21:07:39,21
15253,רשת 13,2024-11-10,2024-11-10 21:08:15,21
15254,רשת 13,2024-11-10,2024-11-10 21:08:44,21
15255,רשת 13,2024-11-10,2024-11-10 21:08:59,21
15256,רשת 13,2024-11-10,2024-11-10 21:09:52,21
15257,רשת 13,2024-11-10,2024-11-10 21:10:05,21
15258,רשת 13,2024-11-10,2024-11-10 21:10:11,21
15259,רשת 13,2024-11-10,2024-11-10 21:10:26,21
15260,רשת 13,2024-11-10,2024-11-10 21:10:43,21
15261,רשת 13,2024-11-10,2024-11-10 21:11:08,21
15262,רשת 13,2024-11-10,2024-11-10 21:11:14,21
15263,רשת 13,2024-11-10,2024-11-10 21:11:29,21
15264,רשת 13,2024-11-10,2024-11-10 21:11:35,21
15265,רשת 13,2024-11-10,2024-11-10 21:11:41,21
15266,רשת 13,2024-11-10,2024-11-10 21:12:08,21
15267,רשת 13,2024-11-10,2024-11-10 21:25:30,21
15268,רשת 13,2024-11-10,2024-11-10 21:26:17,21
15269,רשת 13,2024-11-10,2024-11-10 21:26:33,21
15270,רשת 13,2024-11-10,2024-11-10 21:27:29,21
15271,רשת 13,2024-11-10,2024-11-10 21:28:34,21
15272,רשת 13,2024-11-10,2024-11-10 22:09:12,22
15273,רשת 13,2024-11-10,2024-11-10 22:09:55,22
15274,רשת 13,2024-11-10,2024-11-10 22:10:01,22
15275,רשת 13,2024-11-10,2024-11-10 22:10:07,22
15276,רשת 13,2024-11-10,2024-11-10 22:10:13,22
15277,רשת 13,2024-11-10,2024-11-10 22:10:19,22
15278,רשת 13,2024-11-10,2024-11-10 22:10:27,22
15279,רשת 13,2024-11-10,2024-11-10 22:10:33,22
15280,רשת 13,2024-11-10,2024-11-10 22:10:54,22
15281,רשת 13,2024-11-10,2024-11-10 22:11:10,22
15282,רשת 13,2024-11-10,2024-11-10 22:11:32,22
15283,רשת 13,2024-11-10,2024-11-10 22:12:19,22
15284,רשת 13,2024-11-10,2024-11-10 22:13:12,22
15285,רשת 13,2024-11-10,2024-11-10 22:13:24,22
15286,רשת 13,2024-11-10,2024-11-10 22:13:39,22
15287,רשת 13,2024-11-10,2024-11-10 22:14:01,22
15288,רשת 13,2024-11-10,2024-11-10 22:14:29,22
15289,רשת 13,2024-11-10,2024-11-10 22:14:44,22
15290,רשת 13,2024-11-10,2024-11-10 22:15:04,22
15291,רשת 13,2024-11-10,2024-11-10 22:15:19,22
15292,רשת 13,2024-11-10,2024-11-10 22:15:32,22
15293,רשת 13,2024-11-10,2024-11-10 22:15:57,22
15294,רשת 13,2024-11-10,2024-11-10 22:16:09,22
15295,רשת 13,2024-11-10,2024-11-10 22:16:34,22
15296,רשת 13,2024-11-10,2024-11-10 22:16:49,22
15297,רשת 13,2024-11-10,2024-11-10 22:17:09,22
15298,רשת 13,2024-11-10,2024-11-10 22:17:59,22
15299,רשת 13,2024-11-10,2024-11-10 22:18:24,22
15300,רשת 13,2024-11-10,2024-11-10 22:18:30,22
15301,רשת 13,2024-11-10,2024-11-10 22:18:36,22
15302,רשת 13,2024-11-10,2024-11-10 22:18:42,22
15303,רשת 13,2024-11-10,2024-11-10 22:51:10,22
15304,רשת 13,2024-11-10,2024-11-10 22:51:43,22
15305,רשת 13,2024-11-10,2024-11-10 22:52:21,22
15306,רשת 13,2024-11-10,2024-11-10 22:52:27,22
15307,רשת 13,2024-11-10,2024-11-10 22:52:33,22
15308,רשת 13,2024-11-10,2024-11-10 22:52:39,22
15309,רשת 13,2024-11-10,2024-11-10 22:52:58,22
15310,רשת 13,2024-11-10,2024-11-10 22:53:38,22
15311,רשת 13,2024-11-10,2024-11-10 22:54:14,22
15312,רשת 13,2024-11-10,2024-11-10 22:54:29,22
15313,רשת 13,2024-11-10,2024-11-10 22:54:46,22
15314,רשת 13,2024-11-10,2024-11-10 22:55:10,22
15315,רשת 13,2024-11-10,2024-11-10 22:55:26,22
15316,רשת 13,2024-11-10,2024-11-10 22:55:51,22
15317,רשת 13,2024-11-10,2024-11-10 22:56:20,22
15318,רשת 13,2024-11-10,2024-11-10 22:56:26,22
15319,רשת 13,2024-11-10,2024-11-10 22:56:32,22
15320,רשת 13,2024-11-10,2024-11-10 22:56:47,22
15321,רשת 13,2024-11-10,2024-11-10 22:57:22,22
15322,רשת 13,2024-11-10,2024-11-10 22:57:37,22
15323,רשת 13,2024-11-10,2024-11-10 22:57:52,22
15324,רשת 13,2024-11-10,2024-11-10 22:58:07,22
15325,רשת 13,2024-11-10,2024-11-10 22:58:37,22
15326,רשת 13,2024-11-10,2024-11-10 22:58:43,22
15327,רשת 13,2024-11-10,2024-11-10 22:58:49,22
15328,רשת 13,2024-11-10,2024-11-10 22:58:55,22
15329,רשת 13,2024-11-10,2024-11-10 22:59:43,22
15330,רשת 13,2024-11-10,2024-11-10 23:07:10,23
15331,רשת 13,2024-11-10,2024-11-10 23:07:30,23
15332,רשת 13,2024-11-10,2024-11-10 23:08:08,23
15333,רשת 13,2024-11-10,2024-11-10 23:08:28,23
15334,רשת 13,2024-11-10,2024-11-10 23:08:43,23
15335,רשת 13,2024-11-10,2024-11-10 23:09:23,23
15336,רשת 13,2024-11-10,2024-11-10 23:09:45,23
15337,רשת 13,2024-11-10,2024-11-10 23:10:00,23
15338,רשת 13,2024-11-10,2024-11-10 23:10:15,23
15339,רשת 13,2024-11-10,2024-11-10 23:10:32,23
15340,רשת 13,2024-11-10,2024-11-10 23:10:45,23
15341,רשת 13,2024-11-10,2024-11-10 23:11:19,23
15342,רשת 13,2024-11-10,2024-11-10 23:11:25,23
15343,רשת 13,2024-11-10,2024-11-10 23:11:44,23
15344,רשת 13,2024-11-10,2024-11-10 23:12:36,23
15345,רשת 13,2024-11-10,2024-11-10 23:12:46,23
15346,רשת 13,2024-11-10,2024-11-10 23:12:52,23
15347,רשת 13,2024-11-10,2024-11-10 23:13:54,23
15348,רשת 13,2024-11-10,2024-11-10 23:14:00,23
15349,רשת 13,2024-11-10,2024-11-10 23:51:35,23
15350,רשת 13,2024-11-10,2024-11-10 23:52:08,23
15351,רשת 13,2024-11-10,2024-11-10 23:52:34,23
15352,רשת 13,2024-11-10,2024-11-10 23:52:40,23
15353,רשת 13,2024-11-10,2024-11-10 23:52:48,23
15354,רשת 13,2024-11-10,2024-11-10 23:52:54,23
15355,רשת 13,2024-11-10,2024-11-10 23:53:00,23
15356,רשת 13,2024-11-10,2024-11-10 23:53:22,23
15357,רשת 13,2024-11-10,2024-11-10 23:53:37,23
15358,רשת 13,2024-11-10,2024-11-10 23:53:53,23
15359,רשת 13,2024-11-10,2024-11-10 23:54:10,23
15360,רשת 13,2024-11-10,2024-11-10 23:54:25,23
15361,רשת 13,2024-11-10,2024-11-10 23:54:31,23
15362,רשת 13,2024-11-10,2024-11-10 23:54:50,23
15363,רשת 13,2024-11-10,2024-11-10 23:54:56,23
15364,רשת 13,2024-11-10,2024-11-10 23:55:02,23
15365,רשת 13,2024-11-10,2024-11-10 23:55:23,23
15366,רשת 13,2024-11-10,2024-11-10 23:55:38,23
15367,רשת 13,2024-11-10,2024-11-10 23:55:44,23
15368,רשת 13,2024-11-10,2024-11-10 23:56:17,23
15369,רשת 13,2024-11-10,2024-11-10 23:57:06,23
15370,רשת 13,2024-11-10,2024-11-10 23:58:20,23
15371,רשת 13,2024-11-10,2024-11-10 23:58:59,23
15372,רשת 13,2024-11-10,2024-11-10 23:59:05,23
15373,רשת 13,2024-11-10,2024-11-10 23:59:11,23
15374,רשת 13,2024-11-10,2024-11-10 00:26:55,0
15375,רשת 13,2024-11-10,2024-11-10 00:27:28,0
15376,רשת 13,2024-11-10,2024-11-10 00:28:09,0
15377,רשת 13,2024-11-10,2024-11-10 00:28:15,0
15378,רשת 13,2024-11-10,2024-11-10 00:28:21,0
15379,רשת 13,2024-11-10,2024-11-10 00:28:41,0
15380,רשת 13,2024-11-10,2024-11-10 00:28:56,0
15381,רשת 13,2024-11-10,2024-11-10 00:29:43,0
15382,רשת 13,2024-11-10,2024-11-10 00:30:00,0
15383,רשת 13,2024-11-10,2024-11-10 00:30:15,0
15384,רשת 13,2024-11-10,2024-11-10 00:30:35,0
15385,רשת 13,2024-11-10,2024-11-10 00:30:59,0
15386,רשת 13,2024-11-10,2024-11-10 00:32:10,0
15387,רשת 13,2024-11-10,2024-11-10 00:33:04,0
15388,רשת 13,2024-11-10,2024-11-10 00:33:36,0
15389,רשת 13,2024-11-10,2024-11-10 00:33:47,0
15390,רשת 13,2024-11-10,2024-11-10 00:33:53,0
15391,רשת 13,2024-11-10,2024-11-10 00:33:59,0
15392,רשת 13,2024-11-10,2024-11-10 00:38:15,0
15393,רשת 13,2024-11-10,2024-11-10 00:38:48,0
15394,רשת 13,2024-11-10,2024-11-10 00:39:14,0
15395,רשת 13,2024-11-10,2024-11-10 00:39:20,0
15396,רשת 13,2024-11-10,2024-11-10 00:39:26,0
15397,רשת 13,2024-11-10,2024-11-10 00:39:45,0
15398,רשת 13,2024-11-10,2024-11-10 00:40:00,0
15399,רשת 13,2024-11-10,2024-11-10 00:40:20,0
15400,רשת 13,2024-11-10,2024-11-10 00:40:45,0
15401,רשת 13,2024-11-10,2024-11-10 00:41:00,0
15402,רשת 13,2024-11-10,2024-11-10 00:41:15,0
15403,רשת 13,2024-11-10,2024-11-10 00:41:30,0
15404,רשת 13,2024-11-10,2024-11-10 00:41:57,0
15405,רשת 13,2024-11-10,2024-11-10 00:42:33,0
15406,רשת 13,2024-11-10,2024-11-10 00:43:47,0
15407,רשת 13,2024-11-10,2024-11-10 01:18:51,1
15408,רשת 13,2024-11-10,2024-11-10 01:19:24,1
15409,רשת 13,2024-11-10,2024-11-10 01:20:04,1
15410,רשת 13,2024-11-10,2024-11-10 01:20:10,1
15411,רשת 13,2024-11-10,2024-11-10 01:20:30,1
15412,רשת 13,2024-11-10,2024-11-10 01:20:50,1
15413,רשת 13,2024-11-10,2024-11-10 01:21:25,1
15414,רשת 13,2024-11-10,2024-11-10 01:21:31,1
15415,רשת 13,2024-11-10,2024-11-10 01:22:42,1
15416,רשת 13,2024-11-10,2024-11-10 01:23:36,1
15417,רשת 13,2024-11-10,2024-11-10 01:47:13,1
15418,רשת 13,2024-11-10,2024-11-10 01:47:46,1
15419,רשת 13,2024-11-10,2024-11-10 01:48:08,1
15420,רשת 13,2024-11-10,2024-11-10 01:48:57,1
15421,רשת 13,2024-11-10,2024-11-10 01:50:02,1
15422,רשת 13,2024-11-10,2024-11-10 01:51:02,1
15423,רשת 13,2024-11-10,2024-11-10 01:51:40,1
15424,רשת 13,2024-11-10,2024-11-10 01:52:54,1
16495,רשת 13,2024-11-11,2024-11-11 02:25:28,2
16496,רשת 13,2024-11-11,2024-11-11 02:26:00,2
16497,רשת 13,2024-11-11,2024-11-11 02:26:37,2
16498,רשת 13,2024-11-11,2024-11-11 02:27:42,2
16499,רשת 13,2024-11-11,2024-11-11 02:28:30,2
16500,רשת 13,2024-11-11,2024-11-11 02:29:30,2
16501,רשת 13,2024-11-11,2024-11-11 02:30:11,2
16502,רשת 13,2024-11-11,2024-11-11 02:53:26,2
16503,רשת 13,2024-11-11,2024-11-11 02:53:59,2
16504,רשת 13,2024-11-11,2024-11-11 02:54:24,2
16505,רשת 13,2024-11-11,2024-11-11 02:55:13,2
16506,רשת 13,2024-11-11,2024-11-11 02:55:38,2
16507,רשת 13,2024-11-11,2024-11-11 02:56:26,2
16508,רשת 13,2024-11-11,2024-11-11 02:57:00,2
16509,רשת 13,2024-11-11,2024-11-11 02:58:14,2
16510,רשת 13,2024-11-11,2024-11-11 03:41:03,3
16511,רשת 13,2024-11-11,2024-11-11 03:41:36,3
16512,רשת 13,2024-11-11,2024-11-11 03:42:46,3
16513,רשת 13,2024-11-11,2024-11-11 03:43:23,3
16514,רשת 13,2024-11-11,2024-11-11 03:44:28,3
16515,רשת 13,2024-11-11,2024-11-11 03:45:28,3
16516,רשת 13,2024-11-11,2024-11-11 03:45:34,3
16517,רשת 13,2024-11-11,2024-11-11 05:21:25,5
16518,רשת 13,2024-11-11,2024-11-11 05:21:58,5
16519,רשת 13,2024-11-11,2024-11-11 05:22:35,5
16520,רשת 13,2024-11-11,2024-11-11 05:23:12,5
16521,רשת 13,2024-11-11,2024-11-11 05:24:17,5
16522,רשת 13,2024-11-11,2024-11-11 05:24:51,5
16523,רשת 13,2024-11-11,2024-11-11 05:26:05,5
16524,רשת 13,2024-11-11,2024-11-11 05:39:08,5
16525,רשת 13,2024-11-11,2024-11-11 05:39:40,5
16526,רשת 13,2024-11-11,2024-11-11 06:15:03,6
16527,רשת 13,2024-11-11,2024-11-11 06:15:41,6
16528,רשת 13,2024-11-11,2024-11-11 06:15:49,6
16529,רשת 13,2024-11-11,2024-11-11 06:15:55,6
16530,רשת 13,2024-11-11,2024-11-11 06:16:16,6
16531,רשת 13,2024-11-11,2024-11-11 06:16:33,6
16532,רשת 13,2024-11-11,2024-11-11 06:16:48,6
16533,רשת 13,2024-11-11,2024-11-11 06:17:09,6
16534,רשת 13,2024-11-11,2024-11-11 06:17:33,6
16535,רשת 13,2024-11-11,2024-11-11 06:18:05,6
16536,רשת 13,2024-11-11,2024-11-11 06:18:16,6
16537,רשת 13,2024-11-11,2024-11-11 06:18:24,6
16538,רשת 13,2024-11-11,2024-11-11 06:18:30,6
16539,רשת 13,2024-11-11,2024-11-11 07:15:59,7
16540,רשת 13,2024-11-11,2024-11-11 07:16:20,7
16541,רשת 13,2024-11-11,2024-11-11 07:16:45,7
16542,רשת 13,2024-11-11,2024-11-11 07:17:47,7
16543,רשת 13,2024-11-11,2024-11-11 07:17:58,7
16544,רשת 13,2024-11-11,2024-11-11 07:18:06,7
16545,רשת 13,2024-11-11,2024-11-11 07:18:12,7
16546,רשת 13,2024-11-11,2024-11-11 07:18:18,7
16547,רשת 13,2024-11-11,2024-11-11 07:18:24,7
16548,רשת 13,2024-11-11,2024-11-11 07:18:45,7
16549,רשת 13,2024-11-11,2024-11-11 07:19:17,7
16550,רשת 13,2024-11-11,2024-11-11 07:19:32,7
16551,רשת 13,2024-11-11,2024-11-11 07:20:19,7
16552,רשת 13,2024-11-11,2024-11-11 07:21:12,7
16553,רשת 13,2024-11-11,2024-11-11 07:21:34,7
16554,רשת 13,2024-11-11,2024-11-11 07:21:49,7
16555,רשת 13,2024-11-11,2024-11-11 07:22:24,7
16556,רשת 13,2024-11-11,2024-11-11 07:23:12,7
16557,רשת 13,2024-11-11,2024-11-11 07:23:51,7
16558,רשת 13,2024-11-11,2024-11-11 07:23:59,7
16559,רשת 13,2024-11-11,2024-11-11 07:24:05,7
16560,רשת 13,2024-11-11,2024-11-11 07:24:11,7
16561,רשת 13,2024-11-11,2024-11-11 07:39:10,7
16562,רשת 13,2024-11-11,2024-11-11 07:39:43,7
16563,רשת 13,2024-11-11,2024-11-11 07:40:25,7
16564,רשת 13,2024-11-11,2024-11-11 07:40:31,7
16565,רשת 13,2024-11-11,2024-11-11 07:40:37,7
16566,רשת 13,2024-11-11,2024-11-11 07:40:43,7
16567,רשת 13,2024-11-11,2024-11-11 07:41:03,7
16568,רשת 13,2024-11-11,2024-11-11 07:41:39,7
16569,רשת 13,2024-11-11,2024-11-11 07:42:12,7
16570,רשת 13,2024-11-11,2024-11-11 07:42:32,7
16571,רשת 13,2024-11-11,2024-11-11 07:42:53,7
16572,רשת 13,2024-11-11,2024-11-11 07:43:10,7
16573,רשת 13,2024-11-11,2024-11-11 07:43:29,7
16574,רשת 13,2024-11-11,2024-11-11 07:43:45,7
16575,רשת 13,2024-11-11,2024-11-11 07:44:00,7
16576,רשת 13,2024-11-11,2024-11-11 07:44:30,7
16577,רשת 13,2024-11-11,2024-11-11 07:44:36,7
16578,רשת 13,2024-11-11,2024-11-11 07:44:41,7
16579,רשת 13,2024-11-11,2024-11-11 07:45:02,7
16580,רשת 13,2024-11-11,2024-11-11 07:45:35,7
16581,רשת 13,2024-11-11,2024-11-11 07:46:29,7
16582,רשת 13,2024-11-11,2024-11-11 07:47:02,7
16583,רשת 13,2024-11-11,2024-11-11 08:05:49,8
16584,רשת 13,2024-11-11,2024-11-11 08:06:21,8
16585,רשת 13,2024-11-11,2024-11-11 08:13:31,8
16586,רשת 13,2024-11-11,2024-11-11 08:14:04,8
16587,רשת 13,2024-11-11,2024-11-11 08:14:30,8
16588,רשת 13,2024-11-11,2024-11-11 08:15:32,8
16589,רשת 13,2024-11-11,2024-11-11 08:15:43,8
16590,רשת 13,2024-11-11,2024-11-11 08:15:49,8
16591,רשת 13,2024-11-11,2024-11-11 08:15:57,8
16592,רשת 13,2024-11-11,2024-11-11 08:16:03,8
16593,רשת 13,2024-11-11,2024-11-11 08:16:09,8
16594,רשת 13,2024-11-11,2024-11-11 08:16:22,8
16595,רשת 13,2024-11-11,2024-11-11 08:16:34,8
16596,רשת 13,2024-11-11,2024-11-11 08:16:54,8
16597,רשת 13,2024-11-11,2024-11-11 08:17:16,8
16598,רשת 13,2024-11-11,2024-11-11 08:17:31,8
16599,רשת 13,2024-11-11,2024-11-11 08:18:11,8
16600,רשת 13,2024-11-11,2024-11-11 08:18:16,8
16601,רשת 13,2024-11-11,2024-11-11 08:18:50,8
16602,רשת 13,2024-11-11,2024-11-11 08:19:38,8
16603,רשת 13,2024-11-11,2024-11-11 08:20:17,8
16604,רשת 13,2024-11-11,2024-11-11 08:20:25,8
16605,רשת 13,2024-11-11,2024-11-11 08:20:31,8
16606,רשת 13,2024-11-11,2024-11-11 08:20:39,8
16607,רשת 13,2024-11-11,2024-11-11 08:37:09,8
16608,רשת 13,2024-11-11,2024-11-11 08:37:42,8
16609,רשת 13,2024-11-11,2024-11-11 08:38:23,8
16610,רשת 13,2024-11-11,2024-11-11 08:38:29,8
16611,רשת 13,2024-11-11,2024-11-11 08:38:35,8
16612,רשת 13,2024-11-11,2024-11-11 08:38:46,8
16613,רשת 13,2024-11-11,2024-11-11 08:39:03,8
16614,רשת 13,2024-11-11,2024-11-11 08:39:09,8
16615,רשת 13,2024-11-11,2024-11-11 08:39:29,8
16616,רשת 13,2024-11-11,2024-11-11 08:39:45,8
16617,רשת 13,2024-11-11,2024-11-11 08:40:07,8
16618,רשת 13,2024-11-11,2024-11-11 08:40:13,8
16619,רשת 13,2024-11-11,2024-11-11 08:40:35,8
16620,רשת 13,2024-11-11,2024-11-11 08:40:52,8
16621,רשת 13,2024-11-11,2024-11-11 08:41:12,8
16622,רשת 13,2024-11-11,2024-11-11 08:41:18,8
16623,רשת 13,2024-11-11,2024-11-11 08:41:49,8
16624,רשת 13,2024-11-11,2024-11-11 08:41:55,8
16625,רשת 13,2024-11-11,2024-11-11 08:42:36,8
16626,רשת 13,2024-11-11,2024-11-11 08:43:15,8
16627,רשת 13,2024-11-11,2024-11-11 09:06:21,9
16628,רשת 13,2024-11-11,2024-11-11 09:06:53,9
16629,רשת 13,2024-11-11,2024-11-11 09:18:49,9
16630,רשת 13,2024-11-11,2024-11-11 09:19:22,9
16631,רשת 13,2024-11-11,2024-11-11 09:19:51,9
16632,רשת 13,2024-11-11,2024-11-11 09:19:59,9
16633,רשת 13,2024-11-11,2024-11-11 09:20:05,9
16634,רשת 13,2024-11-11,2024-11-11 09:20:11,9
16635,רשת 13,2024-11-11,2024-11-11 09:20:24,9
16636,רשת 13,2024-11-11,2024-11-11 09:20:36,9
16637,רשת 13,2024-11-11,2024-11-11 09:20:56,9
16638,רשת 13,2024-11-11,2024-11-11 09:21:16,9
16639,רשת 13,2024-11-11,2024-11-11 09:21:32,9
16640,רשת 13,2024-11-11,2024-11-11 09:21:54,9
16641,רשת 13,2024-11-11,2024-11-11 09:21:59,9
16642,רשת 13,2024-11-11,2024-11-11 09:23:00,9
16643,רשת 13,2024-11-11,2024-11-11 09:23:48,9
16644,רשת 13,2024-11-11,2024-11-11 09:39:06,9
16645,רשת 13,2024-11-11,2024-11-11 09:39:39,9
16646,רשת 13,2024-11-11,2024-11-11 09:40:33,9
16647,רשת 13,2024-11-11,2024-11-11 09:40:41,9
16648,רשת 13,2024-11-11,2024-11-11 09:40:47,9
16649,רשת 13,2024-11-11,2024-11-11 09:40:53,9
16650,רשת 13,2024-11-11,2024-11-11 09:41:06,9
16651,רשת 13,2024-11-11,2024-11-11 09:41:46,9
16652,רשת 13,2024-11-11,2024-11-11 09:42:11,9
16653,רשת 13,2024-11-11,2024-11-11 09:42:31,9
16654,רשת 13,2024-11-11,2024-11-11 09:42:37,9
16655,רשת 13,2024-11-11,2024-11-11 09:42:54,9
16656,רשת 13,2024-11-11,2024-11-11 09:43:00,9
16657,רשת 13,2024-11-11,2024-11-11 09:43:20,9
16658,רשת 13,2024-11-11,2024-11-11 09:43:26,9
16659,רשת 13,2024-11-11,2024-11-11 09:43:44,9
16660,רשת 13,2024-11-11,2024-11-11 09:44:21,9
16661,רשת 13,2024-11-11,2024-11-11 10:05:10,10
16662,רשת 13,2024-11-11,2024-11-11 10:05:43,10
16663,רשת 13,2024-11-11,2024-11-11 10:26:10,10
16664,רשת 13,2024-11-11,2024-11-11 10:26:43,10
16665,רשת 13,2024-11-11,2024-11-11 10:27:12,10
16666,רשת 13,2024-11-11,2024-11-11 10:27:20,10
16667,רשת 13,2024-11-11,2024-11-11 10:27:26,10
16668,רשת 13,2024-11-11,2024-11-11 10:27:32,10
16669,רשת 13,2024-11-11,2024-11-11 10:27:45,10
16670,רשת 13,2024-11-11,2024-11-11 10:27:57,10
16671,רשת 13,2024-11-11,2024-11-11 10:28:26,10
16672,רשת 13,2024-11-11,2024-11-11 10:28:46,10
16673,רשת 13,2024-11-11,2024-11-11 10:29:01,10
16674,רשת 13,2024-11-11,2024-11-11 10:29:07,10
16675,רשת 13,2024-11-11,2024-11-11 10:29:29,10
16676,רשת 13,2024-11-11,2024-11-11 10:29:46,10
16677,רשת 13,2024-11-11,2024-11-11 10:29:52,10
16678,רשת 13,2024-11-11,2024-11-11 10:30:08,10
16679,רשת 13,2024-11-11,2024-11-11 10:30:14,10
16680,רשת 13,2024-11-11,2024-11-11 10:31:05,10
16681,רשת 13,2024-11-11,2024-11-11 10:31:53,10
16682,רשת 13,2024-11-11,2024-11-11 10:32:32,10
16683,רשת 13,2024-11-11,2024-11-11 10:32:38,10
16684,רשת 13,2024-11-11,2024-11-11 11:05:26,11
16685,רשת 13,2024-11-11,2024-11-11 11:05:59,11
16686,רשת 13,2024-11-11,2024-11-11 11:37:34,11
16687,רשת 13,2024-11-11,2024-11-11 11:38:12,11
16688,רשת 13,2024-11-11,2024-11-11 11:38:18,11
16689,רשת 13,2024-11-11,2024-11-11 11:38:24,11
16690,רשת 13,2024-11-11,2024-11-11 11:38:30,11
16691,רשת 13,2024-11-11,2024-11-11 11:38:50,11
16692,רשת 13,2024-11-11,2024-11-11 11:39:30,11
16693,רשת 13,2024-11-11,2024-11-11 11:39:42,11
16694,רשת 13,2024-11-11,2024-11-11 11:40:04,11
16695,רשת 13,2024-11-11,2024-11-11 11:40:32,11
16696,רשת 13,2024-11-11,2024-11-11 11:40:54,11
16697,רשת 13,2024-11-11,2024-11-11 11:41:11,11
16698,רשת 13,2024-11-11,2024-11-11 11:41:52,11
16699,רשת 13,2024-11-11,2024-11-11 11:42:33,11
16700,רשת 13,2024-11-11,2024-11-11 11:43:14,11
16701,רשת 13,2024-11-11,2024-11-11 11:43:20,11
16702,רשת 13,2024-11-11,2024-11-11 11:43:26,11
16703,רשת 13,2024-11-11,2024-11-11 11:43:32,11
16704,רשת 13,2024-11-11,2024-11-11 11:43:38,11
16705,רשת 13,2024-11-11,2024-11-11 12:06:13,12
16706,רשת 13,2024-11-11,2024-11-11 12:06:45,12
16707,רשת 13,2024-11-11,2024-11-11 12:37:26,12
16708,רשת 13,2024-11-11,2024-11-11 12:37:32,12
16709,רשת 13,2024-11-11,2024-11-11 12:37:38,12
16710,רשת 13,2024-11-11,2024-11-11 12:37:44,12
16711,רשת 13,2024-11-11,2024-11-11 12:38:03,12
16712,רשת 13,2024-11-11,2024-11-11 12:38:39,12
16713,רשת 13,2024-11-11,2024-11-11 12:38:54,12
16714,רשת 13,2024-11-11,2024-11-11 12:39:11,12
16715,רשת 13,2024-11-11,2024-11-11 12:39:26,12
16716,רשת 13,2024-11-11,2024-11-11 12:40:06,12
16717,רשת 13,2024-11-11,2024-11-11 12:40:12,12
16718,רשת 13,2024-11-11,2024-11-11 12:40:18,12
16719,רשת 13,2024-11-11,2024-11-11 12:43:33,12
16720,רשת 13,2024-11-11,2024-11-11 13:04:58,13
16721,רשת 13,2024-11-11,2024-11-11 13:05:30,13
16722,רשת 13,2024-11-11,2024-11-11 13:10:58,13
16723,רשת 13,2024-11-11,2024-11-11 13:11:31,13
16724,רשת 13,2024-11-11,2024-11-11 13:12:20,13
16725,רשת 13,2024-11-11,2024-11-11 13:12:54,13
16726,רשת 13,2024-11-11,2024-11-11 13:13:19,13
16727,רשת 13,2024-11-11,2024-11-11 13:14:07,13
16728,רשת 13,2024-11-11,2024-11-11 13:14:29,13
16729,רשת 13,2024-11-11,2024-11-11 13:34:36,13
16730,רשת 13,2024-11-11,2024-11-11 13:35:09,13
16731,רשת 13,2024-11-11,2024-11-11 13:35:57,13
16732,רשת 13,2024-11-11,2024-11-11 13:36:32,13
16733,רשת 13,2024-11-11,2024-11-11 13:37:32,13
16734,רשת 13,2024-11-11,2024-11-11 13:38:20,13
16735,רשת 13,2024-11-11,2024-11-11 13:38:57,13
16736,רשת 13,2024-11-11,2024-11-11 13:53:46,13
16737,רשת 13,2024-11-11,2024-11-11 13:54:18,13
16738,רשת 13,2024-11-11,2024-11-11 13:55:11,13
16739,רשת 13,2024-11-11,2024-11-11 13:55:17,13
16740,רשת 13,2024-11-11,2024-11-11 13:55:23,13
16741,רשת 13,2024-11-11,2024-11-11 13:55:43,13
16742,רשת 13,2024-11-11,2024-11-11 13:56:19,13
16743,רשת 13,2024-11-11,2024-11-11 13:56:41,13
16744,רשת 13,2024-11-11,2024-11-11 13:56:58,13
16745,רשת 13,2024-11-11,2024-11-11 13:57:13,13
16746,רשת 13,2024-11-11,2024-11-11 13:57:39,13
16747,רשת 13,2024-11-11,2024-11-11 13:58:29,13
16748,רשת 13,2024-11-11,2024-11-11 13:59:03,13
16749,רשת 13,2024-11-11,2024-11-11 13:59:44,13
16750,רשת 13,2024-11-11,2024-11-11 13:59:50,13
16751,רשת 13,2024-11-11,2024-11-11 13:59:56,13
16752,רשת 13,2024-11-11,2024-11-11 14:05:18,14
16753,רשת 13,2024-11-11,2024-11-11 14:05:50,14
16754,רשת 13,2024-11-11,2024-11-11 14:06:19,14
16755,רשת 13,2024-11-11,2024-11-11 14:06:52,14
16756,רשת 13,2024-11-11,2024-11-11 14:07:28,14
16757,רשת 13,2024-11-11,2024-11-11 14:08:18,14
16758,רשת 13,2024-11-11,2024-11-11 14:08:58,14
16759,רשת 13,2024-11-11,2024-11-11 14:41:32,14
16760,רשת 13,2024-11-11,2024-11-11 14:42:14,14
16761,רשת 13,2024-11-11,2024-11-11 14:42:20,14
16762,רשת 13,2024-11-11,2024-11-11 14:42:26,14
16763,רשת 13,2024-11-11,2024-11-11 14:42:32,14
16764,רשת 13,2024-11-11,2024-11-11 14:42:52,14
16765,רשת 13,2024-11-11,2024-11-11 14:43:08,14
16766,רשת 13,2024-11-11,2024-11-11 14:43:48,14
16767,רשת 13,2024-11-11,2024-11-11 14:44:16,14
16768,רשת 13,2024-11-11,2024-11-11 14:44:38,14
16769,רשת 13,2024-11-11,2024-11-11 14:45:27,14
16770,רשת 13,2024-11-11,2024-11-11 14:46:01,14
16771,רשת 13,2024-11-11,2024-11-11 14:46:44,14
16772,רשת 13,2024-11-11,2024-11-11 14:46:50,14
16773,רשת 13,2024-11-11,2024-11-11 14:46:56,14
16774,רשת 13,2024-11-11,2024-11-11 15:53:57,15
16775,רשת 13,2024-11-11,2024-11-11 15:54:29,15
16776,רשת 13,2024-11-11,2024-11-11 15:55:22,15
16777,רשת 13,2024-11-11,2024-11-11 15:55:28,15
16778,רשת 13,2024-11-11,2024-11-11 15:55:34,15
16779,רשת 13,2024-11-11,2024-11-11 15:55:54,15
16780,רשת 13,2024-11-11,2024-11-11 15:56:09,15
16781,רשת 13,2024-11-11,2024-11-11 15:56:45,15
16782,רשת 13,2024-11-11,2024-11-11 15:57:00,15
16783,רשת 13,2024-11-11,2024-11-11 15:57:26,15
16784,רשת 13,2024-11-11,2024-11-11 15:58:00,15
16785,רשת 13,2024-11-11,2024-11-11 15:58:54,15
16786,רשת 13,2024-11-11,2024-11-11 15:59:26,15
16787,רשת 13,2024-11-11,2024-11-11 15:59:36,15
16788,רשת 13,2024-11-11,2024-11-11 15:59:42,15
16789,רשת 13,2024-11-11,2024-11-11 16:40:32,16
16790,רשת 13,2024-11-11,2024-11-11 16:41:05,16
16791,רשת 13,2024-11-11,2024-11-11 16:41:31,16
16792,רשת 13,2024-11-11,2024-11-11 16:41:39,16
16793,רשת 13,2024-11-11,2024-11-11 16:41:45,16
16794,רשת 13,2024-11-11,2024-11-11 16:41:51,16
16795,רשת 13,2024-11-11,2024-11-11 16:42:12,16
16796,רשת 13,2024-11-11,2024-11-11 16:42:41,16
16797,רשת 13,2024-11-11,2024-11-11 16:43:01,16
16798,רשת 13,2024-11-11,2024-11-11 16:43:37,16
16799,רשת 13,2024-11-11,2024-11-11 16:44:25,16
16800,רשת 13,2024-11-11,2024-11-11 16:45:03,16
16801,רשת 13,2024-11-11,2024-11-11 16:45:35,16
16802,רשת 13,2024-11-11,2024-11-11 16:45:46,16
16803,רשת 13,2024-11-11,2024-11-11 16:45:54,16
16804,רשת 13,2024-11-11,2024-11-11 16:46:00,16
16805,רשת 13,2024-11-11,2024-11-11 16:46:06,16
16806,רשת 13,2024-11-11,2024-11-11 17:14:58,17
16807,רשת 13,2024-11-11,2024-11-11 17:15:35,17
16808,רשת 13,2024-11-11,2024-11-11 17:15:41,17
16809,רשת 13,2024-11-11,2024-11-11 17:15:49,17
16810,רשת 13,2024-11-11,2024-11-11 17:15:55,17
16811,רשת 13,2024-11-11,2024-11-11 17:16:01,17
16812,רשת 13,2024-11-11,2024-11-11 17:16:23,17
16813,רשת 13,2024-11-11,2024-11-11 17:16:41,17
16814,רשת 13,2024-11-11,2024-11-11 17:16:56,17
16815,רשת 13,2024-11-11,2024-11-11 17:17:12,17
16816,רשת 13,2024-11-11,2024-11-11 17:17:37,17
16817,רשת 13,2024-11-11,2024-11-11 17:17:48,17
16818,רשת 13,2024-11-11,2024-11-11 17:18:24,17
16819,רשת 13,2024-11-11,2024-11-11 17:19:02,17
16820,רשת 13,2024-11-11,2024-11-11 17:19:34,17
16821,רשת 13,2024-11-11,2024-11-11 17:19:45,17
16822,רשת 13,2024-11-11,2024-11-11 17:19:53,17
16823,רשת 13,2024-11-11,2024-11-11 17:19:59,17
16824,רשת 13,2024-11-11,2024-11-11 17:20:05,17
16825,רשת 13,2024-11-11,2024-11-11 17:20:11,17
16826,רשת 13,2024-11-11,2024-11-11 17:53:06,17
16827,רשת 13,2024-11-11,2024-11-11 17:54:06,17
16828,רשת 13,2024-11-11,2024-11-11 18:32:59,18
16829,רשת 13,2024-11-11,2024-11-11 18:33:32,18
16830,רשת 13,2024-11-11,2024-11-11 18:33:59,18
16831,רשת 13,2024-11-11,2024-11-11 18:34:05,18
16832,רשת 13,2024-11-11,2024-11-11 18:34:11,18
16833,רשת 13,2024-11-11,2024-11-11 18:34:19,18
16834,רשת 13,2024-11-11,2024-11-11 18:34:25,18
16835,רשת 13,2024-11-11,2024-11-11 18:34:31,18
16836,רשת 13,2024-11-11,2024-11-11 18:34:37,18
16837,רשת 13,2024-11-11,2024-11-11 18:34:43,18
16838,רשת 13,2024-11-11,2024-11-11 18:35:04,18
16839,רשת 13,2024-11-11,2024-11-11 18:35:16,18
16840,רשת 13,2024-11-11,2024-11-11 18:35:29,18
16841,רשת 13,2024-11-11,2024-11-11 18:35:54,18
16842,רשת 13,2024-11-11,2024-11-11 18:36:41,18
16843,רשת 13,2024-11-11,2024-11-11 18:36:47,18
16844,רשת 13,2024-11-11,2024-11-11 18:37:03,18
16845,רשת 13,2024-11-11,2024-11-11 18:37:09,18
16846,רשת 13,2024-11-11,2024-11-11 18:37:30,18
16847,רשת 13,2024-11-11,2024-11-11 18:37:51,18
16848,רשת 13,2024-11-11,2024-11-11 18:38:17,18
16849,רשת 13,2024-11-11,2024-11-11 18:39:05,18
16850,רשת 13,2024-11-11,2024-11-11 18:39:43,18
16851,רשת 13,2024-11-11,2024-11-11 18:40:15,18
16852,רשת 13,2024-11-11,2024-11-11 18:40:27,18
16853,רשת 13,2024-11-11,2024-11-11 18:40:35,18
16854,רשת 13,2024-11-11,2024-11-11 18:40:41,18
16855,רשת 13,2024-11-11,2024-11-11 18:40:47,18
16856,רשת 13,2024-11-11,2024-11-11 18:40:53,18
16857,רשת 13,2024-11-11,2024-11-11 18:40:59,18
16858,רשת 13,2024-11-11,2024-11-11 18:59:43,18
16859,רשת 13,2024-11-11,2024-11-11 19:00:15,19
16860,רשת 13,2024-11-11,2024-11-11 19:00:47,19
16861,רשת 13,2024-11-11,2024-11-11 19:00:53,19
16862,רשת 13,2024-11-11,2024-11-11 19:00:59,19
16863,רשת 13,2024-11-11,2024-11-11 19:01:05,19
16864,רשת 13,2024-11-11,2024-11-11 19:01:13,19
16865,רשת 13,2024-11-11,2024-11-11 19:01:19,19
16866,רשת 13,2024-11-11,2024-11-11 19:01:25,19
16867,רשת 13,2024-11-11,2024-11-11 19:01:31,19
16868,רשת 13,2024-11-11,2024-11-11 19:01:53,19
16869,רשת 13,2024-11-11,2024-11-11 19:02:05,19
16870,רשת 13,2024-11-11,2024-11-11 19:02:20,19
16871,רשת 13,2024-11-11,2024-11-11 19:02:42,19
16872,רשת 13,2024-11-11,2024-11-11 19:03:35,19
16873,רשת 13,2024-11-11,2024-11-11 19:03:57,19
16874,רשת 13,2024-11-11,2024-11-11 19:04:44,19
16875,רשת 13,2024-11-11,2024-11-11 19:05:00,19
16876,רשת 13,2024-11-11,2024-11-11 19:05:36,19
16877,רשת 13,2024-11-11,2024-11-11 19:05:52,19
16878,רשת 13,2024-11-11,2024-11-11 19:06:12,19
16879,רשת 13,2024-11-11,2024-11-11 19:06:44,19
16880,רשת 13,2024-11-11,2024-11-11 19:07:22,19
16881,רשת 13,2024-11-11,2024-11-11 19:08:03,19
16882,רשת 13,2024-11-11,2024-11-11 19:08:09,19
16883,רשת 13,2024-11-11,2024-11-11 19:08:15,19
16884,רשת 13,2024-11-11,2024-11-11 19:08:21,19
16885,רשת 13,2024-11-11,2024-11-11 19:08:27,19
16886,רשת 13,2024-11-11,2024-11-11 19:08:33,19
16887,רשת 13,2024-11-11,2024-11-11 19:34:58,19
16888,רשת 13,2024-11-11,2024-11-11 19:51:01,19
16889,רשת 13,2024-11-11,2024-11-11 19:52:01,19
16890,רשת 13,2024-11-11,2024-11-11 19:52:46,19
16891,רשת 13,2024-11-11,2024-11-11 20:34:10,20
16892,רשת 13,2024-11-11,2024-11-11 20:39:11,20
16893,רשת 13,2024-11-11,2024-11-11 20:39:47,20
16894,רשת 13,2024-11-11,2024-11-11 20:39:55,20
16895,רשת 13,2024-11-11,2024-11-11 20:40:01,20
16896,רשת 13,2024-11-11,2024-11-11 20:40:23,20
16897,רשת 13,2024-11-11,2024-11-11 20:40:43,20
16898,רשת 13,2024-11-11,2024-11-11 20:41:00,20
16899,רשת 13,2024-11-11,2024-11-11 20:41:15,20
16900,רשת 13,2024-11-11,2024-11-11 20:41:30,20
16901,רשת 13,2024-11-11,2024-11-11 20:42:13,20
16902,רשת 13,2024-11-11,2024-11-11 20:42:19,20
16903,רשת 13,2024-11-11,2024-11-11 20:42:35,20
16904,רשת 13,2024-11-11,2024-11-11 20:42:41,20
16905,רשת 13,2024-11-11,2024-11-11 20:42:58,20
16906,רשת 13,2024-11-11,2024-11-11 20:43:13,20
16907,רשת 13,2024-11-11,2024-11-11 20:43:19,20
16908,רשת 13,2024-11-11,2024-11-11 20:43:39,20
16909,רשת 13,2024-11-11,2024-11-11 20:43:45,20
16910,רשת 13,2024-11-11,2024-11-11 20:44:26,20
16911,רשת 13,2024-11-11,2024-11-11 20:44:50,20
16912,רשת 13,2024-11-11,2024-11-11 21:08:28,21
16913,רשת 13,2024-11-11,2024-11-11 21:08:53,21
16914,רשת 13,2024-11-11,2024-11-11 21:09:03,21
16915,רשת 13,2024-11-11,2024-11-11 21:09:25,21
16916,רשת 13,2024-11-11,2024-11-11 21:10:36,21
16917,רשת 13,2024-11-11,2024-11-11 21:10:56,21
16918,רשת 13,2024-11-11,2024-11-11 21:11:16,21
16919,רשת 13,2024-11-11,2024-11-11 21:11:31,21
16920,רשת 13,2024-11-11,2024-11-11 21:11:53,21
16921,רשת 13,2024-11-11,2024-11-11 21:12:29,21
16922,רשת 13,2024-11-11,2024-11-11 21:12:49,21
16923,רשת 13,2024-11-11,2024-11-11 21:12:54,21
16924,רשת 13,2024-11-11,2024-11-11 21:13:00,21
16925,רשת 13,2024-11-11,2024-11-11 21:13:27,21
16926,רשת 13,2024-11-11,2024-11-11 21:13:49,21
16927,רשת 13,2024-11-11,2024-11-11 21:27:59,21
16928,רשת 13,2024-11-11,2024-11-11 21:28:53,21
16929,רשת 13,2024-11-11,2024-11-11 21:30:09,21
16930,רשת 13,2024-11-11,2024-11-11 22:09:44,22
16931,רשת 13,2024-11-11,2024-11-11 22:10:39,22
16932,רשת 13,2024-11-11,2024-11-11 22:10:45,22
16933,רשת 13,2024-11-11,2024-11-11 22:10:51,22
16934,רשת 13,2024-11-11,2024-11-11 22:10:57,22
16935,רשת 13,2024-11-11,2024-11-11 22:11:03,22
16936,רשת 13,2024-11-11,2024-11-11 22:11:11,22
16937,רשת 13,2024-11-11,2024-11-11 22:11:17,22
16938,רשת 13,2024-11-11,2024-11-11 22:11:27,22
16939,רשת 13,2024-11-11,2024-11-11 22:11:51,22
16940,רשת 13,2024-11-11,2024-11-11 22:12:07,22
16941,רשת 13,2024-11-11,2024-11-11 22:13:18,22
16942,רשת 13,2024-11-11,2024-11-11 22:13:38,22
16943,רשת 13,2024-11-11,2024-11-11 22:14:31,22
16944,רשת 13,2024-11-11,2024-11-11 22:15:07,22
16945,רשת 13,2024-11-11,2024-11-11 22:15:54,22
16946,רשת 13,2024-11-11,2024-11-11 22:16:06,22
16947,רשת 13,2024-11-11,2024-11-11 22:16:34,22
16948,רשת 13,2024-11-11,2024-11-11 22:16:54,22
16949,רשת 13,2024-11-11,2024-11-11 22:17:09,22
16950,רשת 13,2024-11-11,2024-11-11 22:17:31,22
16951,רשת 13,2024-11-11,2024-11-11 22:17:47,22
16952,רשת 13,2024-11-11,2024-11-11 22:18:07,22
16953,רשת 13,2024-11-11,2024-11-11 22:18:22,22
16954,רשת 13,2024-11-11,2024-11-11 22:18:47,22
16955,רשת 13,2024-11-11,2024-11-11 22:19:04,22
16956,רשת 13,2024-11-11,2024-11-11 22:19:21,22
16957,רשת 13,2024-11-11,2024-11-11 22:19:36,22
16958,רשת 13,2024-11-11,2024-11-11 22:19:48,22
16959,רשת 13,2024-11-11,2024-11-11 22:20:03,22
16960,רשת 13,2024-11-11,2024-11-11 22:20:48,22
16961,רשת 13,2024-11-11,2024-11-11 22:21:08,22
16962,רשת 13,2024-11-11,2024-11-11 22:21:38,22
16963,רשת 13,2024-11-11,2024-11-11 22:21:44,22
16964,רשת 13,2024-11-11,2024-11-11 22:21:50,22
16965,רשת 13,2024-11-11,2024-11-11 22:22:00,22
16966,רשת 13,2024-11-11,2024-11-11 22:22:06,22
16967,רשת 13,2024-11-11,2024-11-11 22:46:24,22
16968,רשת 13,2024-11-11,2024-11-11 22:46:58,22
16969,רשת 13,2024-11-11,2024-11-11 22:47:41,22
16970,רשת 13,2024-11-11,2024-11-11 22:47:47,22
16971,רשת 13,2024-11-11,2024-11-11 22:47:53,22
16972,רשת 13,2024-11-11,2024-11-11 22:47:59,22
16973,רשת 13,2024-11-11,2024-11-11 22:48:05,22
16974,רשת 13,2024-11-11,2024-11-11 22:48:29,22
16975,רשת 13,2024-11-11,2024-11-11 22:49:12,22
16976,רשת 13,2024-11-11,2024-11-11 22:49:32,22
16977,רשת 13,2024-11-11,2024-11-11 22:49:47,22
16978,רשת 13,2024-11-11,2024-11-11 22:50:07,22
16979,רשת 13,2024-11-11,2024-11-11 22:51:18,22
16980,רשת 13,2024-11-11,2024-11-11 22:51:34,22
16981,רשת 13,2024-11-11,2024-11-11 22:51:49,22
16982,רשת 13,2024-11-11,2024-11-11 22:52:29,22
16983,רשת 13,2024-11-11,2024-11-11 22:52:54,22
16984,רשת 13,2024-11-11,2024-11-11 22:53:22,22
16985,רשת 13,2024-11-11,2024-11-11 22:53:38,22
16986,רשת 13,2024-11-11,2024-11-11 22:53:53,22
16987,רשת 13,2024-11-11,2024-11-11 22:54:13,22
16988,רשת 13,2024-11-11,2024-11-11 22:54:19,22
16989,רשת 13,2024-11-11,2024-11-11 22:54:34,22
16990,רשת 13,2024-11-11,2024-11-11 22:55:15,22
16991,רשת 13,2024-11-11,2024-11-11 22:56:03,22
16992,רשת 13,2024-11-11,2024-11-11 23:09:21,23
16993,רשת 13,2024-11-11,2024-11-11 23:09:43,23
16994,רשת 13,2024-11-11,2024-11-11 23:10:20,23
16995,רשת 13,2024-11-11,2024-11-11 23:10:31,23
16996,רשת 13,2024-11-11,2024-11-11 23:10:57,23
16997,רשת 13,2024-11-11,2024-11-11 23:11:44,23
16998,רשת 13,2024-11-11,2024-11-11 23:12:04,23
16999,רשת 13,2024-11-11,2024-11-11 23:12:33,23
17000,רשת 13,2024-11-11,2024-11-11 23:13:26,23
17001,רשת 13,2024-11-11,2024-11-11 23:13:43,23
17002,רשת 13,2024-11-11,2024-11-11 23:14:03,23
17003,רשת 13,2024-11-11,2024-11-11 23:14:18,23
17004,רשת 13,2024-11-11,2024-11-11 23:14:38,23
17005,רשת 13,2024-11-11,2024-11-11 23:14:56,23
17006,רשת 13,2024-11-11,2024-11-11 23:15:30,23
17007,רשת 13,2024-11-11,2024-11-11 23:16:08,23
17008,רשת 13,2024-11-11,2024-11-11 23:17:19,23
17009,רשת 13,2024-11-11,2024-11-11 23:52:10,23
17010,רשת 13,2024-11-11,2024-11-11 23:52:48,23
17011,רשת 13,2024-11-11,2024-11-11 23:53:29,23
17012,רשת 13,2024-11-11,2024-11-11 23:53:37,23
17013,רשת 13,2024-11-11,2024-11-11 23:53:43,23
17014,רשת 13,2024-11-11,2024-11-11 23:53:53,23
17015,רשת 13,2024-11-11,2024-11-11 23:54:15,23
17016,רשת 13,2024-11-11,2024-11-11 23:54:30,23
17017,רשת 13,2024-11-11,2024-11-11 23:54:46,23
17018,רשת 13,2024-11-11,2024-11-11 23:55:06,23
17019,רשת 13,2024-11-11,2024-11-11 23:55:21,23
17020,רשת 13,2024-11-11,2024-11-11 23:55:38,23
17021,רשת 13,2024-11-11,2024-11-11 23:55:55,23
17022,רשת 13,2024-11-11,2024-11-11 23:56:12,23
17023,רשת 13,2024-11-11,2024-11-11 23:56:18,23
17024,רשת 13,2024-11-11,2024-11-11 23:56:34,23
17025,רשת 13,2024-11-11,2024-11-11 23:56:59,23
17026,רשת 13,2024-11-11,2024-11-11 23:57:47,23
17027,רשת 13,2024-11-11,2024-11-11 23:58:29,23
17028,רשת 13,2024-11-11,2024-11-11 23:58:39,23
17029,רשת 13,2024-11-11,2024-11-11 23:58:45,23
17030,רשת 13,2024-11-11,2024-11-11 00:12:05,0
17031,רשת 13,2024-11-11,2024-11-11 00:12:55,0
17032,רשת 13,2024-11-11,2024-11-11 00:13:31,0
17033,רשת 13,2024-11-11,2024-11-11 00:13:58,0
17034,רשת 13,2024-11-11,2024-11-11 00:14:04,0
17035,רשת 13,2024-11-11,2024-11-11 00:14:10,0
17036,רשת 13,2024-11-11,2024-11-11 00:14:16,0
17037,רשת 13,2024-11-11,2024-11-11 00:14:26,0
17038,רשת 13,2024-11-11,2024-11-11 00:14:48,0
17039,רשת 13,2024-11-11,2024-11-11 00:15:03,0
17040,רשת 13,2024-11-11,2024-11-11 00:16:14,0
17041,רשת 13,2024-11-11,2024-11-11 00:16:29,0
17042,רשת 13,2024-11-11,2024-11-11 00:17:03,0
17043,רשת 13,2024-11-11,2024-11-11 00:17:51,0
17044,רשת 13,2024-11-11,2024-11-11 00:18:29,0
17045,רשת 13,2024-11-11,2024-11-11 00:19:00,0
17046,רשת 13,2024-11-11,2024-11-11 00:19:10,0
17047,רשת 13,2024-11-11,2024-11-11 00:19:16,0
17048,רשת 13,2024-11-11,2024-11-11 00:19:22,0
17049,רשת 13,2024-11-11,2024-11-11 00:37:29,0
17050,רשת 13,2024-11-11,2024-11-11 00:38:07,0
17051,רשת 13,2024-11-11,2024-11-11 00:38:33,0
17052,רשת 13,2024-11-11,2024-11-11 00:38:39,0
17053,רשת 13,2024-11-11,2024-11-11 00:38:45,0
17054,רשת 13,2024-11-11,2024-11-11 00:39:09,0
17055,רשת 13,2024-11-11,2024-11-11 00:39:21,0
17056,רשת 13,2024-11-11,2024-11-11 00:39:50,0
17057,רשת 13,2024-11-11,2024-11-11 00:40:24,0
17058,רשת 13,2024-11-11,2024-11-11 01:23:46,1
17059,רשת 13,2024-11-11,2024-11-11 01:24:36,1
17060,רשת 13,2024-11-11,2024-11-11 01:25:16,1
17061,רשת 13,2024-11-11,2024-11-11 01:25:26,1
17062,רשת 13,2024-11-11,2024-11-11 01:25:48,1
17063,רשת 13,2024-11-11,2024-11-11 01:26:13,1
17064,רשת 13,2024-11-11,2024-11-11 01:26:19,1
17065,רשת 13,2024-11-11,2024-11-11 01:27:07,1
17066,רשת 13,2024-11-11,2024-11-11 01:27:45,1
17067,רשת 13,2024-11-11,2024-11-11 01:48:06,1
17068,רשת 13,2024-11-11,2024-11-11 01:48:44,1
17069,רשת 13,2024-11-11,2024-11-11 01:49:08,1
17070,רשת 13,2024-11-11,2024-11-11 01:49:45,1
17071,רשת 13,2024-11-11,2024-11-11 01:50:50,1
17072,רשת 13,2024-11-11,2024-11-11 01:51:50,1
17073,רשת 13,2024-11-11,2024-11-11 01:52:24,1
17074,רשת 13,2024-11-11,2024-11-11 01:53:42,1
18163,רשת 13,2024-11-12,2024-11-12 02:31:17,2
18164,רשת 13,2024-11-12,2024-11-12 02:32:07,2
18165,רשת 13,2024-11-12,2024-11-12 02:32:41,2
18166,רשת 13,2024-11-12,2024-11-12 02:33:19,2
18167,רשת 13,2024-11-12,2024-11-12 02:33:44,2
18168,רשת 13,2024-11-12,2024-11-12 02:34:44,2
18169,רשת 13,2024-11-12,2024-11-12 02:35:32,2
18170,רשת 13,2024-11-12,2024-11-12 03:01:29,3
18171,רשת 13,2024-11-12,2024-11-12 03:02:19,3
18172,רשת 13,2024-11-12,2024-11-12 03:02:42,3
18173,רשת 13,2024-11-12,2024-11-12 03:03:19,3
18174,רשת 13,2024-11-12,2024-11-12 03:04:24,3
18175,רשת 13,2024-11-12,2024-11-12 03:05:12,3
18176,רשת 13,2024-11-12,2024-11-12 03:06:26,3
18177,רשת 13,2024-11-12,2024-11-12 03:19:54,3
18178,רשת 13,2024-11-12,2024-11-12 03:20:32,3
18179,רשת 13,2024-11-12,2024-11-12 03:20:56,3
18180,רשת 13,2024-11-12,2024-11-12 03:21:32,3
18181,רשת 13,2024-11-12,2024-11-12 03:21:38,3
18182,רשת 13,2024-11-12,2024-11-12 03:22:03,3
18183,רשת 13,2024-11-12,2024-11-12 03:23:03,3
18184,רשת 13,2024-11-12,2024-11-12 03:23:37,3
18185,רשת 13,2024-11-12,2024-11-12 05:26:58,5
18186,רשת 13,2024-11-12,2024-11-12 05:27:48,5
18187,רשת 13,2024-11-12,2024-11-12 05:28:21,5
18188,רשת 13,2024-11-12,2024-11-12 05:29:00,5
18189,רשת 13,2024-11-12,2024-11-12 05:29:06,5
18190,רשת 13,2024-11-12,2024-11-12 05:29:54,5
18191,רשת 13,2024-11-12,2024-11-12 05:45:55,5
18192,רשת 13,2024-11-12,2024-11-12 05:46:32,5
18193,רשת 13,2024-11-12,2024-11-12 06:13:48,6
18194,רשת 13,2024-11-12,2024-11-12 06:14:31,6
18195,רשת 13,2024-11-12,2024-11-12 06:14:39,6
18196,רשת 13,2024-11-12,2024-11-12 06:14:49,6
18197,רשת 13,2024-11-12,2024-11-12 06:15:13,6
18198,רשת 13,2024-11-12,2024-11-12 06:15:28,6
18199,רשת 13,2024-11-12,2024-11-12 06:15:45,6
18200,רשת 13,2024-11-12,2024-11-12 06:16:05,6
18201,רשת 13,2024-11-12,2024-11-12 06:16:24,6
18202,רשת 13,2024-11-12,2024-11-12 06:16:48,6
18203,רשת 13,2024-11-12,2024-11-12 06:17:19,6
18204,רשת 13,2024-11-12,2024-11-12 06:17:30,6
18205,רשת 13,2024-11-12,2024-11-12 06:17:38,6
18206,רשת 13,2024-11-12,2024-11-12 06:17:48,6
18207,רשת 13,2024-11-12,2024-11-12 07:14:12,7
18208,רשת 13,2024-11-12,2024-11-12 07:14:49,7
18209,רשת 13,2024-11-12,2024-11-12 07:15:27,7
18210,רשת 13,2024-11-12,2024-11-12 07:16:33,7
18211,רשת 13,2024-11-12,2024-11-12 07:16:44,7
18212,רשת 13,2024-11-12,2024-11-12 07:16:52,7
18213,רשת 13,2024-11-12,2024-11-12 07:16:58,7
18214,רשת 13,2024-11-12,2024-11-12 07:17:04,7
18215,רשת 13,2024-11-12,2024-11-12 07:17:26,7
18216,רשת 13,2024-11-12,2024-11-12 07:17:43,7
18217,רשת 13,2024-11-12,2024-11-12 07:17:58,7
18218,רשת 13,2024-11-12,2024-11-12 07:18:18,7
18219,רשת 13,2024-11-12,2024-11-12 07:18:50,7
18220,רשת 13,2024-11-12,2024-11-12 07:19:10,7
18221,רשת 13,2024-11-12,2024-11-12 07:19:15,7
18222,רשת 13,2024-11-12,2024-11-12 07:19:21,7
18223,רשת 13,2024-11-12,2024-11-12 07:19:51,7
18224,רשת 13,2024-11-12,2024-11-12 07:20:25,7
18225,רשת 13,2024-11-12,2024-11-12 07:21:18,7
18226,רשת 13,2024-11-12,2024-11-12 07:21:26,7
18227,רשת 13,2024-11-12,2024-11-12 07:21:36,7
18228,רשת 13,2024-11-12,2024-11-12 07:21:42,7
18229,רשת 13,2024-11-12,2024-11-12 07:21:48,7
18230,רשת 13,2024-11-12,2024-11-12 07:38:44,7
18231,רשת 13,2024-11-12,2024-11-12 07:39:34,7
18232,רשת 13,2024-11-12,2024-11-12 07:40:02,7
18233,רשת 13,2024-11-12,2024-11-12 07:40:08,7
18234,רשת 13,2024-11-12,2024-11-12 07:40:14,7
18235,רשת 13,2024-11-12,2024-11-12 07:40:20,7
18236,רשת 13,2024-11-12,2024-11-12 07:40:46,7
18237,רשת 13,2024-11-12,2024-11-12 07:41:29,7
18238,רשת 13,2024-11-12,2024-11-12 07:41:44,7
18239,רשת 13,2024-11-12,2024-11-12 07:41:59,7
18240,רשת 13,2024-11-12,2024-11-12 07:42:30,7
18241,רשת 13,2024-11-12,2024-11-12 07:42:48,7
18242,רשת 13,2024-11-12,2024-11-12 07:43:10,7
18243,רשת 13,2024-11-12,2024-11-12 07:43:27,7
18244,רשת 13,2024-11-12,2024-11-12 07:43:33,7
18245,רשת 13,2024-11-12,2024-11-12 07:44:22,7
18246,רשת 13,2024-11-12,2024-11-12 07:45:10,7
18247,רשת 13,2024-11-12,2024-11-12 07:45:48,7
18248,רשת 13,2024-11-12,2024-11-12 07:46:19,7
18249,רשת 13,2024-11-12,2024-11-12 08:07:01,8
18250,רשת 13,2024-11-12,2024-11-12 08:07:32,8
18251,רשת 13,2024-11-12,2024-11-12 08:15:34,8
18252,רשת 13,2024-11-12,2024-11-12 08:16:11,8
18253,רשת 13,2024-11-12,2024-11-12 08:16:53,8
18254,רשת 13,2024-11-12,2024-11-12 08:17:59,8
18255,רשת 13,2024-11-12,2024-11-12 08:18:10,8
18256,רשת 13,2024-11-12,2024-11-12 08:18:18,8
18257,רשת 13,2024-11-12,2024-11-12 08:18:24,8
18258,רשת 13,2024-11-12,2024-11-12 08:18:30,8
18259,רשת 13,2024-11-12,2024-11-12 08:18:40,8
18260,רשת 13,2024-11-12,2024-11-12 08:18:53,8
18261,רשת 13,2024-11-12,2024-11-12 08:19:29,8
18262,רשת 13,2024-11-12,2024-11-12 08:19:49,8
18263,רשת 13,2024-11-12,2024-11-12 08:20:05,8
18264,רשת 13,2024-11-12,2024-11-12 08:20:25,8
18265,רשת 13,2024-11-12,2024-11-12 08:20:31,8
18266,רשת 13,2024-11-12,2024-11-12 08:20:36,8
18267,רשת 13,2024-11-12,2024-11-12 08:20:52,8
18268,רשת 13,2024-11-12,2024-11-12 08:21:22,8
18269,רשת 13,2024-11-12,2024-11-12 08:21:42,8
18270,רשת 13,2024-11-12,2024-11-12 08:21:48,8
18271,רשת 13,2024-11-12,2024-11-12 08:22:29,8
18272,רשת 13,2024-11-12,2024-11-12 08:22:37,8
18273,רשת 13,2024-11-12,2024-11-12 08:22:47,8
18274,רשת 13,2024-11-12,2024-11-12 08:22:53,8
18275,רשת 13,2024-11-12,2024-11-12 08:22:59,8
18276,רשת 13,2024-11-12,2024-11-12 08:39:16,8
18277,רשת 13,2024-11-12,2024-11-12 08:40:06,8
18278,רשת 13,2024-11-12,2024-11-12 08:40:52,8
18279,רשת 13,2024-11-12,2024-11-12 08:40:58,8
18280,רשת 13,2024-11-12,2024-11-12 08:41:04,8
18281,רשת 13,2024-11-12,2024-11-12 08:41:10,8
18282,רשת 13,2024-11-12,2024-11-12 08:41:16,8
18283,רשת 13,2024-11-12,2024-11-12 08:41:27,8
18284,רשת 13,2024-11-12,2024-11-12 08:42:10,8
18285,רשת 13,2024-11-12,2024-11-12 08:43:21,8
18286,רשת 13,2024-11-12,2024-11-12 08:43:41,8
18287,רשת 13,2024-11-12,2024-11-12 08:44:14,8
18288,רשת 13,2024-11-12,2024-11-12 08:44:31,8
18289,רשת 13,2024-11-12,2024-11-12 08:44:43,8
18290,רשת 13,2024-11-12,2024-11-12 08:45:11,8
18291,רשת 13,2024-11-12,2024-11-12 08:45:59,8
18292,רשת 13,2024-11-12,2024-11-12 09:04:45,9
18293,רשת 13,2024-11-12,2024-11-12 09:05:16,9
18294,רשת 13,2024-11-12,2024-11-12 09:11:13,9
18295,רשת 13,2024-11-12,2024-11-12 09:12:03,9
18296,רשת 13,2024-11-12,2024-11-12 09:12:46,9
18297,רשת 13,2024-11-12,2024-11-12 09:12:52,9
18298,רשת 13,2024-11-12,2024-11-12 09:13:00,9
18299,רשת 13,2024-11-12,2024-11-12 09:13:06,9
18300,רשת 13,2024-11-12,2024-11-12 09:13:16,9
18301,רשת 13,2024-11-12,2024-11-12 09:13:29,9
18302,רשת 13,2024-11-12,2024-11-12 09:13:46,9
18303,רשת 13,2024-11-12,2024-11-12 09:14:57,9
18304,רשת 13,2024-11-12,2024-11-12 09:15:13,9
18305,רשת 13,2024-11-12,2024-11-12 09:15:34,9
18306,רשת 13,2024-11-12,2024-11-12 09:15:56,9
18307,רשת 13,2024-11-12,2024-11-12 09:16:25,9
18308,רשת 13,2024-11-12,2024-11-12 09:17:13,9
18309,רשת 13,2024-11-12,2024-11-12 09:36:15,9
18310,רשת 13,2024-11-12,2024-11-12 09:36:52,9
18311,רשת 13,2024-11-12,2024-11-12 09:37:35,9
18312,רשת 13,2024-11-12,2024-11-12 09:37:43,9
18313,רשת 13,2024-11-12,2024-11-12 09:37:49,9
18314,רשת 13,2024-11-12,2024-11-12 09:37:55,9
18315,רשת 13,2024-11-12,2024-11-12 09:38:05,9
18316,רשת 13,2024-11-12,2024-11-12 09:38:27,9
18317,רשת 13,2024-11-12,2024-11-12 09:38:48,9
18318,רשת 13,2024-11-12,2024-11-12 09:39:00,9
18319,רשת 13,2024-11-12,2024-11-12 09:39:20,9
18320,רשת 13,2024-11-12,2024-11-12 09:39:53,9
18321,רשת 13,2024-11-12,2024-11-12 09:40:21,9
18322,רשת 13,2024-11-12,2024-11-12 09:40:43,9
18323,רשת 13,2024-11-12,2024-11-12 09:40:56,9
18324,רשת 13,2024-11-12,2024-11-12 09:41:29,9
18325,רשת 13,2024-11-12,2024-11-12 09:42:03,9
18326,רשת 13,2024-11-12,2024-11-12 10:05:35,10
18327,רשת 13,2024-11-12,2024-11-12 10:06:06,10
18328,רשת 13,2024-11-12,2024-11-12 10:24:45,10
18329,רשת 13,2024-11-12,2024-11-12 10:25:35,10
18330,רשת 13,2024-11-12,2024-11-12 10:26:03,10
18331,רשת 13,2024-11-12,2024-11-12 10:26:11,10
18332,רשת 13,2024-11-12,2024-11-12 10:26:17,10
18333,רשת 13,2024-11-12,2024-11-12 10:26:27,10
18334,רשת 13,2024-11-12,2024-11-12 10:26:51,10
18335,רשת 13,2024-11-12,2024-11-12 10:27:27,10
18336,רשת 13,2024-11-12,2024-11-12 10:28:38,10
18337,רשת 13,2024-11-12,2024-11-12 10:28:50,10
18338,רשת 13,2024-11-12,2024-11-12 10:29:05,10
18339,רשת 13,2024-11-12,2024-11-12 10:29:27,10
18340,רשת 13,2024-11-12,2024-11-12 10:29:40,10
18341,רשת 13,2024-11-12,2024-11-12 10:29:46,10
18342,רשת 13,2024-11-12,2024-11-12 10:30:02,10
18343,רשת 13,2024-11-12,2024-11-12 10:30:08,10
18344,רשת 13,2024-11-12,2024-11-12 10:30:23,10
18345,רשת 13,2024-11-12,2024-11-12 10:30:29,10
18346,רשת 13,2024-11-12,2024-11-12 10:31:02,10
18347,רשת 13,2024-11-12,2024-11-12 10:31:50,10
18348,רשת 13,2024-11-12,2024-11-12 10:32:29,10
18349,רשת 13,2024-11-12,2024-11-12 10:32:35,10
18350,רשת 13,2024-11-12,2024-11-12 11:06:20,11
18351,רשת 13,2024-11-12,2024-11-12 11:06:51,11
18352,רשת 13,2024-11-12,2024-11-12 11:25:57,11
18353,רשת 13,2024-11-12,2024-11-12 11:26:34,11
18354,רשת 13,2024-11-12,2024-11-12 11:27:01,11
18355,רשת 13,2024-11-12,2024-11-12 11:27:07,11
18356,רשת 13,2024-11-12,2024-11-12 11:27:13,11
18357,רשת 13,2024-11-12,2024-11-12 11:27:19,11
18358,רשת 13,2024-11-12,2024-11-12 11:27:29,11
18359,רשת 13,2024-11-12,2024-11-12 11:27:35,11
18360,רשת 13,2024-11-12,2024-11-12 11:27:46,11
18361,רשת 13,2024-11-12,2024-11-12 11:28:07,11
18362,רשת 13,2024-11-12,2024-11-12 11:29:18,11
18363,רשת 13,2024-11-12,2024-11-12 11:29:33,11
18364,רשת 13,2024-11-12,2024-11-12 11:29:48,11
18365,רשת 13,2024-11-12,2024-11-12 11:30:10,11
18366,רשת 13,2024-11-12,2024-11-12 11:30:27,11
18367,רשת 13,2024-11-12,2024-11-12 11:30:33,11
18368,רשת 13,2024-11-12,2024-11-12 11:30:58,11
18369,רשת 13,2024-11-12,2024-11-12 11:31:18,11
18370,רשת 13,2024-11-12,2024-11-12 11:31:24,11
18371,רשת 13,2024-11-12,2024-11-12 11:31:40,11
18372,רשת 13,2024-11-12,2024-11-12 11:31:46,11
18373,רשת 13,2024-11-12,2024-11-12 11:32:37,11
18374,רשת 13,2024-11-12,2024-11-12 11:33:11,11
18375,רשת 13,2024-11-12,2024-11-12 11:34:04,11
18376,רשת 13,2024-11-12,2024-11-12 11:34:10,11
18377,רשת 13,2024-11-12,2024-11-12 11:34:16,11
18378,רשת 13,2024-11-12,2024-11-12 11:34:26,11
18379,רשת 13,2024-11-12,2024-11-12 11:34:32,11
18380,רשת 13,2024-11-12,2024-11-12 11:34:38,11
18381,רשת 13,2024-11-12,2024-11-12 12:08:29,12
18382,רשת 13,2024-11-12,2024-11-12 12:09:00,12
18383,רשת 13,2024-11-12,2024-11-12 12:34:47,12
18384,רשת 13,2024-11-12,2024-11-12 12:35:37,12
18385,רשת 13,2024-11-12,2024-11-12 12:36:15,12
18386,רשת 13,2024-11-12,2024-11-12 12:36:21,12
18387,רשת 13,2024-11-12,2024-11-12 12:36:27,12
18388,רשת 13,2024-11-12,2024-11-12 12:36:33,12
18389,רשת 13,2024-11-12,2024-11-12 12:36:43,12
18390,רשת 13,2024-11-12,2024-11-12 12:37:05,12
18391,רשת 13,2024-11-12,2024-11-12 12:37:48,12
18392,רשת 13,2024-11-12,2024-11-12 12:38:59,12
18393,רשת 13,2024-11-12,2024-11-12 12:39:14,12
18394,רשת 13,2024-11-12,2024-11-12 12:39:50,12
18395,רשת 13,2024-11-12,2024-11-12 12:40:18,12
18396,רשת 13,2024-11-12,2024-11-12 12:40:40,12
18397,רשת 13,2024-11-12,2024-11-12 12:40:57,12
18398,רשת 13,2024-11-12,2024-11-12 12:41:09,12
18399,רשת 13,2024-11-12,2024-11-12 12:41:22,12
18400,רשת 13,2024-11-12,2024-11-12 12:41:37,12
18401,רשת 13,2024-11-12,2024-11-12 12:42:10,12
18402,רשת 13,2024-11-12,2024-11-12 12:42:44,12
18403,רשת 13,2024-11-12,2024-11-12 12:43:20,12
18404,רשת 13,2024-11-12,2024-11-12 12:44:12,12
18405,רשת 13,2024-11-12,2024-11-12 12:44:22,12
18406,רשת 13,2024-11-12,2024-11-12 12:44:28,12
18407,רשת 13,2024-11-12,2024-11-12 12:44:34,12
18408,רשת 13,2024-11-12,2024-11-12 12:54:55,12
18409,רשת 13,2024-11-12,2024-11-12 12:55:45,12
18410,רשת 13,2024-11-12,2024-11-12 12:56:22,12
18411,רשת 13,2024-11-12,2024-11-12 12:57:10,12
18412,רשת 13,2024-11-12,2024-11-12 12:57:29,12
18413,רשת 13,2024-11-12,2024-11-12 12:58:03,12
18414,רשת 13,2024-11-12,2024-11-12 12:58:27,12
18415,רשת 13,2024-11-12,2024-11-12 12:59:05,12
18416,רשת 13,2024-11-12,2024-11-12 12:59:11,12
18417,רשת 13,2024-11-12,2024-11-12 12:59:17,12
18418,רשת 13,2024-11-12,2024-11-12 13:05:21,13
18419,רשת 13,2024-11-12,2024-11-12 13:06:11,13
18420,רשת 13,2024-11-12,2024-11-12 13:06:47,13
18421,רשת 13,2024-11-12,2024-11-12 13:07:21,13
18422,רשת 13,2024-11-12,2024-11-12 13:08:21,13
18423,רשת 13,2024-11-12,2024-11-12 13:09:09,13
18424,רשת 13,2024-11-12,2024-11-12 13:33:19,13
18425,רשת 13,2024-11-12,2024-11-12 13:34:09,13
18426,רשת 13,2024-11-12,2024-11-12 13:34:37,13
18427,רשת 13,2024-11-12,2024-11-12 13:34:43,13
18428,רשת 13,2024-11-12,2024-11-12 13:34:49,13
18429,רשת 13,2024-11-12,2024-11-12 13:34:55,13
18430,רשת 13,2024-11-12,2024-11-12 13:35:19,13
18431,רשת 13,2024-11-12,2024-11-12 13:35:34,13
18432,רשת 13,2024-11-12,2024-11-12 13:36:10,13
18433,רשת 13,2024-11-12,2024-11-12 13:37:21,13
18434,רשת 13,2024-11-12,2024-11-12 13:37:43,13
18435,רשת 13,2024-11-12,2024-11-12 13:38:00,13
18436,רשת 13,2024-11-12,2024-11-12 13:38:34,13
18437,רשת 13,2024-11-12,2024-11-12 13:39:08,13
18438,רשת 13,2024-11-12,2024-11-12 13:39:56,13
18439,רשת 13,2024-11-12,2024-11-12 13:40:38,13
18440,רשת 13,2024-11-12,2024-11-12 13:40:44,13
18441,רשת 13,2024-11-12,2024-11-12 13:40:54,13
18442,רשת 13,2024-11-12,2024-11-12 13:41:00,13
18443,רשת 13,2024-11-12,2024-11-12 13:46:00,13
18444,רשת 13,2024-11-12,2024-11-12 13:46:31,13
18445,רשת 13,2024-11-12,2024-11-12 13:46:37,13
18446,רשת 13,2024-11-12,2024-11-12 13:47:27,13
18447,רשת 13,2024-11-12,2024-11-12 13:48:03,13
18448,רשת 13,2024-11-12,2024-11-12 13:49:14,13
18449,רשת 13,2024-11-12,2024-11-12 13:49:39,13
18450,רשת 13,2024-11-12,2024-11-12 13:50:27,13
18451,רשת 13,2024-11-12,2024-11-12 13:51:01,13
18452,רשת 13,2024-11-12,2024-11-12 14:30:59,14
18453,רשת 13,2024-11-12,2024-11-12 14:31:30,14
18454,רשת 13,2024-11-12,2024-11-12 14:31:36,14
18455,רשת 13,2024-11-12,2024-11-12 14:32:26,14
18456,רשת 13,2024-11-12,2024-11-12 14:32:55,14
18457,רשת 13,2024-11-12,2024-11-12 14:33:01,14
18458,רשת 13,2024-11-12,2024-11-12 14:33:07,14
18459,רשת 13,2024-11-12,2024-11-12 14:33:17,14
18460,רשת 13,2024-11-12,2024-11-12 14:33:39,14
18461,רשת 13,2024-11-12,2024-11-12 14:34:15,14
18462,רשת 13,2024-11-12,2024-11-12 14:35:26,14
18463,רשת 13,2024-11-12,2024-11-12 14:35:46,14
18464,רשת 13,2024-11-12,2024-11-12 14:36:01,14
18465,רשת 13,2024-11-12,2024-11-12 14:36:30,14
18466,רשת 13,2024-11-12,2024-11-12 14:36:52,14
18467,רשת 13,2024-11-12,2024-11-12 14:37:24,14
18468,רשת 13,2024-11-12,2024-11-12 14:37:44,14
18469,רשת 13,2024-11-12,2024-11-12 14:38:06,14
18470,רשת 13,2024-11-12,2024-11-12 14:38:35,14
18471,רשת 13,2024-11-12,2024-11-12 14:39:13,14
18472,רשת 13,2024-11-12,2024-11-12 14:39:53,14
18473,רשת 13,2024-11-12,2024-11-12 14:39:59,14
18474,רשת 13,2024-11-12,2024-11-12 14:40:05,14
18475,רשת 13,2024-11-12,2024-11-12 14:49:01,14
18476,רשת 13,2024-11-12,2024-11-12 14:49:51,14
18477,רשת 13,2024-11-12,2024-11-12 14:50:27,14
18478,רשת 13,2024-11-12,2024-11-12 14:50:52,14
18479,רשת 13,2024-11-12,2024-11-12 14:50:58,14
18480,רשת 13,2024-11-12,2024-11-12 14:51:58,14
18481,רשת 13,2024-11-12,2024-11-12 14:52:36,14
18482,רשת 13,2024-11-12,2024-11-12 14:53:24,14
18483,רשת 13,2024-11-12,2024-11-12 14:54:03,14
18484,רשת 13,2024-11-12,2024-11-12 14:54:09,14
18485,רשת 13,2024-11-12,2024-11-12 14:54:19,14
18486,רשת 13,2024-11-12,2024-11-12 15:51:59,15
18487,רשת 13,2024-11-12,2024-11-12 15:52:49,15
18488,רשת 13,2024-11-12,2024-11-12 15:53:27,15
18489,רשת 13,2024-11-12,2024-11-12 15:53:33,15
18490,רשת 13,2024-11-12,2024-11-12 15:53:39,15
18491,רשת 13,2024-11-12,2024-11-12 15:53:54,15
18492,רשת 13,2024-11-12,2024-11-12 15:54:09,15
18493,רשת 13,2024-11-12,2024-11-12 15:54:34,15
18494,רשת 13,2024-11-12,2024-11-12 15:55:08,15
18495,רשת 13,2024-11-12,2024-11-12 15:55:56,15
18496,רשת 13,2024-11-12,2024-11-12 15:56:34,15
18497,רשת 13,2024-11-12,2024-11-12 15:57:05,15
18498,רשת 13,2024-11-12,2024-11-12 15:57:15,15
18499,רשת 13,2024-11-12,2024-11-12 15:57:25,15
18500,רשת 13,2024-11-12,2024-11-12 15:57:31,15
18501,רשת 13,2024-11-12,2024-11-12 16:50:50,16
18502,רשת 13,2024-11-12,2024-11-12 16:51:10,16
18503,רשת 13,2024-11-12,2024-11-12 16:51:55,16
18504,רשת 13,2024-11-12,2024-11-12 16:52:03,16
18505,רשת 13,2024-11-12,2024-11-12 16:52:13,16
18506,רשת 13,2024-11-12,2024-11-12 16:52:19,16
18507,רשת 13,2024-11-12,2024-11-12 16:52:43,16
18508,רשת 13,2024-11-12,2024-11-12 16:53:04,16
18509,רשת 13,2024-11-12,2024-11-12 16:53:17,16
18510,רשת 13,2024-11-12,2024-11-12 16:53:32,16
18511,רשת 13,2024-11-12,2024-11-12 16:53:54,16
18512,רשת 13,2024-11-12,2024-11-12 16:54:39,16
18513,רשת 13,2024-11-12,2024-11-12 16:55:10,16
18514,רשת 13,2024-11-12,2024-11-12 16:55:20,16
18515,רשת 13,2024-11-12,2024-11-12 16:55:28,16
18516,רשת 13,2024-11-12,2024-11-12 16:55:34,16
18517,רשת 13,2024-11-12,2024-11-12 16:55:44,16
18518,רשת 13,2024-11-12,2024-11-12 16:55:50,16
18519,רשת 13,2024-11-12,2024-11-12 17:15:51,17
18520,רשת 13,2024-11-12,2024-11-12 17:16:41,17
18521,רשת 13,2024-11-12,2024-11-12 17:17:20,17
18522,רשת 13,2024-11-12,2024-11-12 17:17:28,17
18523,רשת 13,2024-11-12,2024-11-12 17:17:34,17
18524,רשת 13,2024-11-12,2024-11-12 17:17:40,17
18525,רשת 13,2024-11-12,2024-11-12 17:18:02,17
18526,רשת 13,2024-11-12,2024-11-12 17:18:19,17
18527,רשת 13,2024-11-12,2024-11-12 17:19:30,17
18528,רשת 13,2024-11-12,2024-11-12 17:19:46,17
18529,רשת 13,2024-11-12,2024-11-12 17:20:02,17
18530,רשת 13,2024-11-12,2024-11-12 17:20:17,17
18531,רשת 13,2024-11-12,2024-11-12 17:20:23,17
18532,רשת 13,2024-11-12,2024-11-12 17:20:57,17
18533,רשת 13,2024-11-12,2024-11-12 17:21:34,17
18534,רשת 13,2024-11-12,2024-11-12 17:22:27,17
18535,רשת 13,2024-11-12,2024-11-12 17:22:35,17
18536,רשת 13,2024-11-12,2024-11-12 17:22:41,17
18537,רשת 13,2024-11-12,2024-11-12 17:22:47,17
18538,רשת 13,2024-11-12,2024-11-12 17:22:59,17
18539,רשת 13,2024-11-12,2024-11-12 17:23:30,17
18540,רשת 13,2024-11-12,2024-11-12 17:23:41,17
18541,רשת 13,2024-11-12,2024-11-12 17:23:47,17
18542,רשת 13,2024-11-12,2024-11-12 17:23:53,17
18543,רשת 13,2024-11-12,2024-11-12 17:23:59,17
18544,רשת 13,2024-11-12,2024-11-12 17:53:37,17
18545,רשת 13,2024-11-12,2024-11-12 17:54:37,17
18546,רשת 13,2024-11-12,2024-11-12 18:18:01,18
18547,רשת 13,2024-11-12,2024-11-12 18:18:20,18
18548,רשת 13,2024-11-12,2024-11-12 18:18:49,18
18549,רשת 13,2024-11-12,2024-11-12 18:18:55,18
18550,רשת 13,2024-11-12,2024-11-12 18:19:01,18
18551,רשת 13,2024-11-12,2024-11-12 18:19:09,18
18552,רשת 13,2024-11-12,2024-11-12 18:19:15,18
18553,רשת 13,2024-11-12,2024-11-12 18:19:21,18
18554,רשת 13,2024-11-12,2024-11-12 18:19:45,18
18555,רשת 13,2024-11-12,2024-11-12 18:20:00,18
18556,רשת 13,2024-11-12,2024-11-12 18:20:21,18
18557,רשת 13,2024-11-12,2024-11-12 18:20:37,18
18558,רשת 13,2024-11-12,2024-11-12 18:21:20,18
18559,רשת 13,2024-11-12,2024-11-12 18:21:53,18
18560,רשת 13,2024-11-12,2024-11-12 18:22:22,18
18561,רשת 13,2024-11-12,2024-11-12 18:22:46,18
18562,רשת 13,2024-11-12,2024-11-12 18:23:17,18
18563,רשת 13,2024-11-12,2024-11-12 18:23:28,18
18564,רשת 13,2024-11-12,2024-11-12 18:23:36,18
18565,רשת 13,2024-11-12,2024-11-12 18:23:42,18
18566,רשת 13,2024-11-12,2024-11-12 18:23:48,18
18567,רשת 13,2024-11-12,2024-11-12 18:59:45,18
18568,רשת 13,2024-11-12,2024-11-12 19:00:23,19
18569,רשת 13,2024-11-12,2024-11-12 19:01:06,19
18570,רשת 13,2024-11-12,2024-11-12 19:01:12,19
18571,רשת 13,2024-11-12,2024-11-12 19:01:18,19
18572,רשת 13,2024-11-12,2024-11-12 19:01:24,19
18573,רשת 13,2024-11-12,2024-11-12 19:01:32,19
18574,רשת 13,2024-11-12,2024-11-12 19:01:38,19
18575,רשת 13,2024-11-12,2024-11-12 19:01:44,19
18576,רשת 13,2024-11-12,2024-11-12 19:01:54,19
18577,רשת 13,2024-11-12,2024-11-12 19:02:07,19
18578,רשת 13,2024-11-12,2024-11-12 19:02:22,19
18579,רשת 13,2024-11-12,2024-11-12 19:02:34,19
18580,רשת 13,2024-11-12,2024-11-12 19:02:56,19
18581,רשת 13,2024-11-12,2024-11-12 19:03:16,19
18582,רשת 13,2024-11-12,2024-11-12 19:03:33,19
18583,רשת 13,2024-11-12,2024-11-12 19:04:06,19
18584,רשת 13,2024-11-12,2024-11-12 19:04:42,19
18585,רשת 13,2024-11-12,2024-11-12 19:04:58,19
18586,רשת 13,2024-11-12,2024-11-12 19:05:28,19
18587,רשת 13,2024-11-12,2024-11-12 19:06:02,19
18588,רשת 13,2024-11-12,2024-11-12 19:06:55,19
18589,רשת 13,2024-11-12,2024-11-12 19:07:01,19
18590,רשת 13,2024-11-12,2024-11-12 19:07:07,19
18591,רשת 13,2024-11-12,2024-11-12 19:07:17,19
18592,רשת 13,2024-11-12,2024-11-12 19:07:23,19
18593,רשת 13,2024-11-12,2024-11-12 19:07:29,19
18594,רשת 13,2024-11-12,2024-11-12 19:07:35,19
18595,רשת 13,2024-11-12,2024-11-12 19:07:41,19
18596,רשת 13,2024-11-12,2024-11-12 19:51:16,19
18597,רשת 13,2024-11-12,2024-11-12 19:52:16,19
18598,רשת 13,2024-11-12,2024-11-12 19:53:01,19
18599,רשת 13,2024-11-12,2024-11-12 20:44:30,20
18600,רשת 13,2024-11-12,2024-11-12 20:47:58,20
18601,רשת 13,2024-11-12,2024-11-12 20:48:40,20
18602,רשת 13,2024-11-12,2024-11-12 20:48:48,20
18603,רשת 13,2024-11-12,2024-11-12 20:48:54,20
18604,רשת 13,2024-11-12,2024-11-12 20:49:00,20
18605,רשת 13,2024-11-12,2024-11-12 20:49:13,20
18606,רשת 13,2024-11-12,2024-11-12 20:49:33,20
18607,רשת 13,2024-11-12,2024-11-12 20:50:09,20
18608,רשת 13,2024-11-12,2024-11-12 20:50:24,20
18609,רשת 13,2024-11-12,2024-11-12 20:50:47,20
18610,רשת 13,2024-11-12,2024-11-12 20:51:12,20
18611,רשת 13,2024-11-12,2024-11-12 20:51:29,20
18612,רשת 13,2024-11-12,2024-11-12 20:51:46,20
18613,רשת 13,2024-11-12,2024-11-12 20:52:05,20
18614,רשת 13,2024-11-12,2024-11-12 20:52:25,20
18615,רשת 13,2024-11-12,2024-11-12 20:52:41,20
18616,רשת 13,2024-11-12,2024-11-12 20:53:14,20
18617,רשת 13,2024-11-12,2024-11-12 20:53:20,20
18618,רשת 13,2024-11-12,2024-11-12 20:53:58,20
18619,רשת 13,2024-11-12,2024-11-12 20:54:20,20
18620,רשת 13,2024-11-12,2024-11-12 21:20:24,21
18621,רשת 13,2024-11-12,2024-11-12 21:20:44,21
18622,רשת 13,2024-11-12,2024-11-12 21:21:09,21
18623,רשת 13,2024-11-12,2024-11-12 21:21:15,21
18624,רשת 13,2024-11-12,2024-11-12 21:21:21,21
18625,רשת 13,2024-11-12,2024-11-12 21:21:27,21
18626,רשת 13,2024-11-12,2024-11-12 21:21:51,21
18627,רשת 13,2024-11-12,2024-11-12 21:22:21,21
18628,רשת 13,2024-11-12,2024-11-12 21:22:41,21
18629,רשת 13,2024-11-12,2024-11-12 21:23:01,21
18630,רשת 13,2024-11-12,2024-11-12 21:23:33,21
18631,רשת 13,2024-11-12,2024-11-12 21:23:45,21
18632,רשת 13,2024-11-12,2024-11-12 21:24:00,21
18633,רשת 13,2024-11-12,2024-11-12 21:24:43,21
18634,רשת 13,2024-11-12,2024-11-12 21:24:55,21
18635,רשת 13,2024-11-12,2024-11-12 21:25:08,21
18636,רשת 13,2024-11-12,2024-11-12 21:25:43,21
18637,רשת 13,2024-11-12,2024-11-12 21:26:31,21
18638,רשת 13,2024-11-12,2024-11-12 21:44:11,21
18639,רשת 13,2024-11-12,2024-11-12 21:44:26,21
18640,רשת 13,2024-11-12,2024-11-12 21:44:51,21
18641,רשת 13,2024-11-12,2024-11-12 21:45:54,21
18642,רשת 13,2024-11-12,2024-11-12 21:46:50,21
18643,רשת 13,2024-11-12,2024-11-12 22:13:03,22
18644,רשת 13,2024-11-12,2024-11-12 22:14:14,22
18645,רשת 13,2024-11-12,2024-11-12 22:14:34,22
18646,רשת 13,2024-11-12,2024-11-12 22:24:19,22
18647,רשת 13,2024-11-12,2024-11-12 22:24:58,22
18648,רשת 13,2024-11-12,2024-11-12 22:25:04,22
18649,רשת 13,2024-11-12,2024-11-12 22:25:10,22
18650,רשת 13,2024-11-12,2024-11-12 22:25:16,22
18651,רשת 13,2024-11-12,2024-11-12 22:25:22,22
18652,רשת 13,2024-11-12,2024-11-12 22:25:30,22
18653,רשת 13,2024-11-12,2024-11-12 22:25:36,22
18654,רשת 13,2024-11-12,2024-11-12 22:25:42,22
18655,רשת 13,2024-11-12,2024-11-12 22:25:50,22
18656,רשת 13,2024-11-12,2024-11-12 22:26:00,22
18657,רשת 13,2024-11-12,2024-11-12 22:26:11,22
18658,רשת 13,2024-11-12,2024-11-12 22:26:31,22
18659,רשת 13,2024-11-12,2024-11-12 22:26:51,22
18660,רשת 13,2024-11-12,2024-11-12 22:27:12,22
18661,רשת 13,2024-11-12,2024-11-12 22:27:35,22
18662,רשת 13,2024-11-12,2024-11-12 22:27:50,22
18663,רשת 13,2024-11-12,2024-11-12 22:29:01,22
18664,רשת 13,2024-11-12,2024-11-12 22:29:17,22
18665,רשת 13,2024-11-12,2024-11-12 22:29:32,22
18666,רשת 13,2024-11-12,2024-11-12 22:29:37,22
18667,רשת 13,2024-11-12,2024-11-12 22:29:57,22
18668,רשת 13,2024-11-12,2024-11-12 22:30:17,22
18669,רשת 13,2024-11-12,2024-11-12 22:30:50,22
18670,רשת 13,2024-11-12,2024-11-12 22:31:10,22
18671,רשת 13,2024-11-12,2024-11-12 22:31:46,22
18672,רשת 13,2024-11-12,2024-11-12 22:32:39,22
18673,רשת 13,2024-11-12,2024-11-12 22:33:07,22
18674,רשת 13,2024-11-12,2024-11-12 22:33:22,22
18675,רשת 13,2024-11-12,2024-11-12 22:33:47,22
18676,רשת 13,2024-11-12,2024-11-12 22:34:07,22
18677,רשת 13,2024-11-12,2024-11-12 22:34:19,22
18678,רשת 13,2024-11-12,2024-11-12 22:34:34,22
18679,רשת 13,2024-11-12,2024-11-12 22:34:50,22
18680,רשת 13,2024-11-12,2024-11-12 22:35:25,22
18681,רשת 13,2024-11-12,2024-11-12 22:36:08,22
18682,רשת 13,2024-11-12,2024-11-12 22:36:14,22
18683,רשת 13,2024-11-12,2024-11-12 22:36:20,22
18684,רשת 13,2024-11-12,2024-11-12 22:36:26,22
18685,רשת 13,2024-11-12,2024-11-12 22:36:36,22
18686,רשת 13,2024-11-12,2024-11-12 22:36:42,22
18687,רשת 13,2024-11-12,2024-11-12 22:36:48,22
18688,רשת 13,2024-11-12,2024-11-12 22:36:54,22
18689,רשת 13,2024-11-12,2024-11-12 22:37:00,22
18690,רשת 13,2024-11-12,2024-11-12 22:42:35,22
18691,רשת 13,2024-11-12,2024-11-12 22:43:23,22
18692,רשת 13,2024-11-12,2024-11-12 22:43:31,22
18693,רשת 13,2024-11-12,2024-11-12 22:43:37,22
18694,רשת 13,2024-11-12,2024-11-12 22:43:52,22
18695,רשת 13,2024-11-12,2024-11-12 22:44:09,22
18696,רשת 13,2024-11-12,2024-11-12 22:44:39,22
18697,רשת 13,2024-11-12,2024-11-12 22:44:59,22
18698,רשת 13,2024-11-12,2024-11-12 22:45:31,22
18699,רשת 13,2024-11-12,2024-11-12 22:46:42,22
18700,רשת 13,2024-11-12,2024-11-12 22:47:02,22
18701,רשת 13,2024-11-12,2024-11-12 22:47:22,22
18702,רשת 13,2024-11-12,2024-11-12 22:47:51,22
18703,רשת 13,2024-11-12,2024-11-12 22:48:08,22
18704,רשת 13,2024-11-12,2024-11-12 22:48:24,22
18705,רשת 13,2024-11-12,2024-11-12 22:48:39,22
18706,רשת 13,2024-11-12,2024-11-12 22:48:44,22
18707,רשת 13,2024-11-12,2024-11-12 22:48:50,22
18708,רשת 13,2024-11-12,2024-11-12 22:49:16,22
18709,רשת 13,2024-11-12,2024-11-12 22:49:22,22
18710,רשת 13,2024-11-12,2024-11-12 22:49:56,22
18711,רשת 13,2024-11-12,2024-11-12 22:50:44,22
18712,רשת 13,2024-11-12,2024-11-12 23:05:12,23
18713,רשת 13,2024-11-12,2024-11-12 23:05:30,23
18714,רשת 13,2024-11-12,2024-11-12 23:06:04,23
18715,רשת 13,2024-11-12,2024-11-12 23:06:42,23
18716,רשת 13,2024-11-12,2024-11-12 23:06:57,23
18717,רשת 13,2024-11-12,2024-11-12 23:07:17,23
18718,רשת 13,2024-11-12,2024-11-12 23:07:33,23
18719,רשת 13,2024-11-12,2024-11-12 23:07:53,23
18720,רשת 13,2024-11-12,2024-11-12 23:08:13,23
18721,רשת 13,2024-11-12,2024-11-12 23:08:34,23
18722,רשת 13,2024-11-12,2024-11-12 23:08:49,23
18723,רשת 13,2024-11-12,2024-11-12 23:09:06,23
18724,רשת 13,2024-11-12,2024-11-12 23:09:26,23
18725,רשת 13,2024-11-12,2024-11-12 23:09:55,23
18726,רשת 13,2024-11-12,2024-11-12 23:10:30,23
18727,רשת 13,2024-11-12,2024-11-12 23:10:36,23
18728,רשת 13,2024-11-12,2024-11-12 23:11:14,23
18729,רשת 13,2024-11-12,2024-11-12 23:12:06,23
18730,רשת 13,2024-11-12,2024-11-12 23:13:05,23
18731,רשת 13,2024-11-12,2024-11-12 23:44:54,23
18732,רשת 13,2024-11-12,2024-11-12 23:45:28,23
18733,רשת 13,2024-11-12,2024-11-12 23:46:07,23
18734,רשת 13,2024-11-12,2024-11-12 23:46:15,23
18735,רשת 13,2024-11-12,2024-11-12 23:46:21,23
18736,רשת 13,2024-11-12,2024-11-12 23:46:27,23
18737,רשת 13,2024-11-12,2024-11-12 23:46:51,23
18738,רשת 13,2024-11-12,2024-11-12 23:47:06,23
18739,רשת 13,2024-11-12,2024-11-12 23:47:22,23
18740,רשת 13,2024-11-12,2024-11-12 23:47:42,23
18741,רשת 13,2024-11-12,2024-11-12 23:48:14,23
18742,רשת 13,2024-11-12,2024-11-12 23:48:20,23
18743,רשת 13,2024-11-12,2024-11-12 23:48:35,23
18744,רשת 13,2024-11-12,2024-11-12 23:48:50,23
18745,רשת 13,2024-11-12,2024-11-12 23:48:56,23
18746,רשת 13,2024-11-12,2024-11-12 23:49:16,23
18747,רשת 13,2024-11-12,2024-11-12 23:49:33,23
18748,רשת 13,2024-11-12,2024-11-12 23:50:01,23
18749,רשת 13,2024-11-12,2024-11-12 23:50:07,23
18750,רשת 13,2024-11-12,2024-11-12 23:50:22,23
18751,רשת 13,2024-11-12,2024-11-12 23:50:42,23
18752,רשת 13,2024-11-12,2024-11-12 23:50:57,23
18753,רשת 13,2024-11-12,2024-11-12 23:51:17,23
18754,רשת 13,2024-11-12,2024-11-12 23:51:42,23
18755,רשת 13,2024-11-12,2024-11-12 23:52:35,23
18756,רשת 13,2024-11-12,2024-11-12 23:52:45,23
18757,רשת 13,2024-11-12,2024-11-12 00:15:08,0
18758,רשת 13,2024-11-12,2024-11-12 00:15:42,0
18759,רשת 13,2024-11-12,2024-11-12 00:16:28,0
18760,רשת 13,2024-11-12,2024-11-12 00:16:34,0
18761,רשת 13,2024-11-12,2024-11-12 00:16:40,0
18762,רשת 13,2024-11-12,2024-11-12 00:16:46,0
18763,רשת 13,2024-11-12,2024-11-12 00:17:08,0
18764,רשת 13,2024-11-12,2024-11-12 00:17:28,0
18765,רשת 13,2024-11-12,2024-11-12 00:17:40,0
18766,רשת 13,2024-11-12,2024-11-12 00:18:10,0
18767,רשת 13,2024-11-12,2024-11-12 00:18:29,0
18768,רשת 13,2024-11-12,2024-11-12 00:18:35,0
18769,רשת 13,2024-11-12,2024-11-12 00:18:50,0
18770,רשת 13,2024-11-12,2024-11-12 00:19:23,0
18771,רשת 13,2024-11-12,2024-11-12 00:19:38,0
18772,רשת 13,2024-11-12,2024-11-12 00:19:58,0
18773,רשת 13,2024-11-12,2024-11-12 00:20:36,0
18774,רשת 13,2024-11-12,2024-11-12 00:21:50,0
18775,רשת 13,2024-11-12,2024-11-12 00:23:05,0
18776,רשת 13,2024-11-12,2024-11-12 00:23:38,0
18777,רשת 13,2024-11-12,2024-11-12 00:23:49,0
18778,רשת 13,2024-11-12,2024-11-12 00:23:59,0
18779,רשת 13,2024-11-12,2024-11-12 00:24:05,0
18780,רשת 13,2024-11-12,2024-11-12 00:42:46,0
18781,רשת 13,2024-11-12,2024-11-12 00:43:20,0
18782,רשת 13,2024-11-12,2024-11-12 00:43:58,0
18783,רשת 13,2024-11-12,2024-11-12 00:44:04,0
18784,רשת 13,2024-11-12,2024-11-12 00:44:10,0
18785,רשת 13,2024-11-12,2024-11-12 00:44:16,0
18786,רשת 13,2024-11-12,2024-11-12 00:44:31,0
18787,רשת 13,2024-11-12,2024-11-12 00:44:43,0
18788,רשת 13,2024-11-12,2024-11-12 00:45:13,0
18789,רשת 13,2024-11-12,2024-11-12 00:45:28,0
18790,רשת 13,2024-11-12,2024-11-12 00:45:48,0
18791,רשת 13,2024-11-12,2024-11-12 00:46:59,0
18792,רשת 13,2024-11-12,2024-11-12 01:25:19,1
18793,רשת 13,2024-11-12,2024-11-12 01:25:29,1
18794,רשת 13,2024-11-12,2024-11-12 01:25:35,1
18795,רשת 13,2024-11-12,2024-11-12 01:26:09,1
18796,רשת 13,2024-11-12,2024-11-12 01:26:47,1
18797,רשת 13,2024-11-12,2024-11-12 01:27:52,1
18798,רשת 13,2024-11-12,2024-11-12 01:28:17,1
18799,רשת 13,2024-11-12,2024-11-12 01:29:35,1
18800,רשת 13,2024-11-12,2024-11-12 01:45:05,1
18801,רשת 13,2024-11-12,2024-11-12 01:45:39,1
18802,רשת 13,2024-11-12,2024-11-12 01:45:45,1
18803,רשת 13,2024-11-12,2024-11-12 01:46:19,1
18804,רשת 13,2024-11-12,2024-11-12 01:47:29,1
18805,רשת 13,2024-11-12,2024-11-12 01:48:47,1
18806,רשת 13,2024-11-12,2024-11-12 01:48:57,1
19930,רשת 13,2024-11-13,2024-11-13 02:09:17,2
19931,רשת 13,2024-11-13,2024-11-13 02:09:51,2
19932,רשת 13,2024-11-13,2024-11-13 02:10:29,2
19933,רשת 13,2024-11-13,2024-11-13 02:11:08,2
19934,רשת 13,2024-11-13,2024-11-13 02:28:45,2
19935,רשת 13,2024-11-13,2024-11-13 02:29:19,2
19936,רשת 13,2024-11-13,2024-11-13 02:29:25,2
19937,רשת 13,2024-11-13,2024-11-13 02:29:59,2
19938,רשת 13,2024-11-13,2024-11-13 02:31:10,2
19939,רשת 13,2024-11-13,2024-11-13 03:01:10,3
19940,רשת 13,2024-11-13,2024-11-13 03:01:30,3
19941,רשת 13,2024-11-13,2024-11-13 03:02:07,3
19942,רשת 13,2024-11-13,2024-11-13 03:02:46,3
19943,רשת 13,2024-11-13,2024-11-13 03:34:19,3
19944,רשת 13,2024-11-13,2024-11-13 03:34:39,3
19945,רשת 13,2024-11-13,2024-11-13 03:34:45,3
19946,רשת 13,2024-11-13,2024-11-13 03:35:23,3
19947,רשת 13,2024-11-13,2024-11-13 03:36:34,3
19948,רשת 13,2024-11-13,2024-11-13 03:50:53,3
19949,רשת 13,2024-11-13,2024-11-13 03:51:13,3
19950,רשת 13,2024-11-13,2024-11-13 03:51:51,3
19951,רשת 13,2024-11-13,2024-11-13 03:52:21,3
19952,רשת 13,2024-11-13,2024-11-13 03:52:40,3
19953,רשת 13,2024-11-13,2024-11-13 03:53:18,3
19954,רשת 13,2024-11-13,2024-11-13 05:22:22,5
19955,רשת 13,2024-11-13,2024-11-13 05:22:42,5
19956,רשת 13,2024-11-13,2024-11-13 05:22:48,5
19957,רשת 13,2024-11-13,2024-11-13 05:23:22,5
19958,רשת 13,2024-11-13,2024-11-13 05:24:00,5
19959,רשת 13,2024-11-13,2024-11-13 05:25:11,5
19960,רשת 13,2024-11-13,2024-11-13 05:49:27,5
19961,רשת 13,2024-11-13,2024-11-13 05:50:01,5
19962,רשת 13,2024-11-13,2024-11-13 05:50:42,5
19963,רשת 13,2024-11-13,2024-11-13 06:14:52,6
19964,רשת 13,2024-11-13,2024-11-13 06:15:12,6
19965,רשת 13,2024-11-13,2024-11-13 06:15:58,6
19966,רשת 13,2024-11-13,2024-11-13 06:16:06,6
19967,רשת 13,2024-11-13,2024-11-13 06:16:16,6
19968,רשת 13,2024-11-13,2024-11-13 06:16:29,6
19969,רשת 13,2024-11-13,2024-11-13 06:16:47,6
19970,רשת 13,2024-11-13,2024-11-13 06:17:02,6
19971,רשת 13,2024-11-13,2024-11-13 06:17:13,6
19972,רשת 13,2024-11-13,2024-11-13 06:17:55,6
19973,רשת 13,2024-11-13,2024-11-13 06:18:28,6
19974,רשת 13,2024-11-13,2024-11-13 06:18:39,6
19975,רשת 13,2024-11-13,2024-11-13 06:18:47,6
19976,רשת 13,2024-11-13,2024-11-13 06:18:57,6
19977,רשת 13,2024-11-13,2024-11-13 07:12:26,7
19978,רשת 13,2024-11-13,2024-11-13 07:13:00,7
19979,רשת 13,2024-11-13,2024-11-13 07:13:52,7
19980,רשת 13,2024-11-13,2024-11-13 07:14:56,7
19981,רשת 13,2024-11-13,2024-11-13 07:15:07,7
19982,רשת 13,2024-11-13,2024-11-13 07:15:13,7
19983,רשת 13,2024-11-13,2024-11-13 07:15:21,7
19984,רשת 13,2024-11-13,2024-11-13 07:15:27,7
19985,רשת 13,2024-11-13,2024-11-13 07:15:37,7
19986,רשת 13,2024-11-13,2024-11-13 07:15:43,7
19987,רשת 13,2024-11-13,2024-11-13 07:16:07,7
19988,רשת 13,2024-11-13,2024-11-13 07:16:27,7
19989,רשת 13,2024-11-13,2024-11-13 07:16:39,7
19990,רשת 13,2024-11-13,2024-11-13 07:17:02,7
19991,רשת 13,2024-11-13,2024-11-13 07:17:22,7
19992,רשת 13,2024-11-13,2024-11-13 07:17:38,7
19993,רשת 13,2024-11-13,2024-11-13 07:17:43,7
19994,רשת 13,2024-11-13,2024-11-13 07:18:18,7
19995,רשת 13,2024-11-13,2024-11-13 07:18:57,7
19996,רשת 13,2024-11-13,2024-11-13 07:20:12,7
19997,רשת 13,2024-11-13,2024-11-13 07:20:20,7
19998,רשת 13,2024-11-13,2024-11-13 07:20:30,7
19999,רשת 13,2024-11-13,2024-11-13 07:20:36,7
20000,רשת 13,2024-11-13,2024-11-13 07:20:42,7
20001,רשת 13,2024-11-13,2024-11-13 07:47:11,7
20002,רשת 13,2024-11-13,2024-11-13 07:47:45,7
20003,רשת 13,2024-11-13,2024-11-13 07:48:24,7
20004,רשת 13,2024-11-13,2024-11-13 07:48:30,7
20005,רשת 13,2024-11-13,2024-11-13 07:48:36,7
20006,רשת 13,2024-11-13,2024-11-13 07:48:42,7
20007,רשת 13,2024-11-13,2024-11-13 07:48:53,7
20008,רשת 13,2024-11-13,2024-11-13 07:49:46,7
20009,רשת 13,2024-11-13,2024-11-13 07:50:06,7
20010,רשת 13,2024-11-13,2024-11-13 07:50:21,7
20011,רשת 13,2024-11-13,2024-11-13 07:50:38,7
20012,רשת 13,2024-11-13,2024-11-13 07:50:54,7
20013,רשת 13,2024-11-13,2024-11-13 07:51:09,7
20014,רשת 13,2024-11-13,2024-11-13 07:51:15,7
20015,רשת 13,2024-11-13,2024-11-13 07:51:35,7
20016,רשת 13,2024-11-13,2024-11-13 07:52:14,7
20017,רשת 13,2024-11-13,2024-11-13 07:53:24,7
20018,רשת 13,2024-11-13,2024-11-13 07:54:16,7
20019,רשת 13,2024-11-13,2024-11-13 07:54:50,7
20020,רשת 13,2024-11-13,2024-11-13 08:05:30,8
20021,רשת 13,2024-11-13,2024-11-13 08:06:03,8
20022,רשת 13,2024-11-13,2024-11-13 08:13:31,8
20023,רשת 13,2024-11-13,2024-11-13 08:14:05,8
20024,רשת 13,2024-11-13,2024-11-13 08:14:47,8
20025,רשת 13,2024-11-13,2024-11-13 08:15:52,8
20026,רשת 13,2024-11-13,2024-11-13 08:16:03,8
20027,רשת 13,2024-11-13,2024-11-13 08:16:09,8
20028,רשת 13,2024-11-13,2024-11-13 08:16:17,8
20029,רשת 13,2024-11-13,2024-11-13 08:16:23,8
20030,רשת 13,2024-11-13,2024-11-13 08:16:29,8
20031,רשת 13,2024-11-13,2024-11-13 08:16:53,8
20032,רשת 13,2024-11-13,2024-11-13 08:17:08,8
20033,רשת 13,2024-11-13,2024-11-13 08:17:29,8
20034,רשת 13,2024-11-13,2024-11-13 08:17:44,8
20035,רשת 13,2024-11-13,2024-11-13 08:18:04,8
20036,רשת 13,2024-11-13,2024-11-13 08:18:47,8
20037,רשת 13,2024-11-13,2024-11-13 08:19:02,8
20038,רשת 13,2024-11-13,2024-11-13 08:19:08,8
20039,רשת 13,2024-11-13,2024-11-13 08:19:38,8
20040,רשת 13,2024-11-13,2024-11-13 08:20:03,8
20041,רשת 13,2024-11-13,2024-11-13 08:20:51,8
20042,רשת 13,2024-11-13,2024-11-13 08:21:37,8
20043,רשת 13,2024-11-13,2024-11-13 08:21:45,8
20044,רשת 13,2024-11-13,2024-11-13 08:21:55,8
20045,רשת 13,2024-11-13,2024-11-13 08:22:01,8
20046,רשת 13,2024-11-13,2024-11-13 08:22:07,8
20047,רשת 13,2024-11-13,2024-11-13 08:43:19,8
20048,רשת 13,2024-11-13,2024-11-13 08:43:58,8
20049,רשת 13,2024-11-13,2024-11-13 08:44:04,8
20050,רשת 13,2024-11-13,2024-11-13 08:44:10,8
20051,רשת 13,2024-11-13,2024-11-13 08:44:16,8
20052,רשת 13,2024-11-13,2024-11-13 08:44:22,8
20053,רשת 13,2024-11-13,2024-11-13 08:44:46,8
20054,רשת 13,2024-11-13,2024-11-13 08:45:16,8
20055,רשת 13,2024-11-13,2024-11-13 08:45:31,8
20056,רשת 13,2024-11-13,2024-11-13 08:45:48,8
20057,רשת 13,2024-11-13,2024-11-13 08:46:04,8
20058,רשת 13,2024-11-13,2024-11-13 08:46:24,8
20059,רשת 13,2024-11-13,2024-11-13 08:47:35,8
20060,רשת 13,2024-11-13,2024-11-13 08:47:47,8
20061,רשת 13,2024-11-13,2024-11-13 08:48:17,8
20062,רשת 13,2024-11-13,2024-11-13 08:48:36,8
20063,רשת 13,2024-11-13,2024-11-13 08:48:55,8
20064,רשת 13,2024-11-13,2024-11-13 08:49:00,8
20065,רשת 13,2024-11-13,2024-11-13 08:49:06,8
20066,רשת 13,2024-11-13,2024-11-13 08:49:31,8
20067,רשת 13,2024-11-13,2024-11-13 08:49:37,8
20068,רשת 13,2024-11-13,2024-11-13 08:50:48,8
20069,רשת 13,2024-11-13,2024-11-13 09:05:53,9
20070,רשת 13,2024-11-13,2024-11-13 09:06:26,9
20071,רשת 13,2024-11-13,2024-11-13 09:11:31,9
20072,רשת 13,2024-11-13,2024-11-13 09:12:05,9
20073,רשת 13,2024-11-13,2024-11-13 09:12:47,9
20074,רשת 13,2024-11-13,2024-11-13 09:12:55,9
20075,רשת 13,2024-11-13,2024-11-13 09:13:01,9
20076,רשת 13,2024-11-13,2024-11-13 09:13:11,9
20077,רשת 13,2024-11-13,2024-11-13 09:13:35,9
20078,רשת 13,2024-11-13,2024-11-13 09:13:55,9
20079,רשת 13,2024-11-13,2024-11-13 09:14:10,9
20080,רשת 13,2024-11-13,2024-11-13 09:14:30,9
20081,רשת 13,2024-11-13,2024-11-13 09:15:01,9
20082,רשת 13,2024-11-13,2024-11-13 09:15:22,9
20083,רשת 13,2024-11-13,2024-11-13 09:15:51,9
20084,רשת 13,2024-11-13,2024-11-13 09:16:48,9
20085,רשת 13,2024-11-13,2024-11-13 09:17:27,9
20086,רשת 13,2024-11-13,2024-11-13 09:18:15,9
20087,רשת 13,2024-11-13,2024-11-13 09:31:47,9
20088,רשת 13,2024-11-13,2024-11-13 09:32:21,9
20089,רשת 13,2024-11-13,2024-11-13 09:32:48,9
20090,רשת 13,2024-11-13,2024-11-13 09:32:54,9
20091,רשת 13,2024-11-13,2024-11-13 09:33:02,9
20092,רשת 13,2024-11-13,2024-11-13 09:33:08,9
20093,רשת 13,2024-11-13,2024-11-13 09:33:18,9
20094,רשת 13,2024-11-13,2024-11-13 09:33:31,9
20095,רשת 13,2024-11-13,2024-11-13 09:33:51,9
20096,רשת 13,2024-11-13,2024-11-13 09:34:03,9
20097,רשת 13,2024-11-13,2024-11-13 09:35:14,9
20098,רשת 13,2024-11-13,2024-11-13 09:35:47,9
20099,רשת 13,2024-11-13,2024-11-13 09:36:07,9
20100,רשת 13,2024-11-13,2024-11-13 09:36:23,9
20101,רשת 13,2024-11-13,2024-11-13 09:37:06,9
20102,רשת 13,2024-11-13,2024-11-13 09:37:11,9
20103,רשת 13,2024-11-13,2024-11-13 09:37:26,9
20104,רשת 13,2024-11-13,2024-11-13 09:37:51,9
20105,רשת 13,2024-11-13,2024-11-13 09:38:29,9
20106,רשת 13,2024-11-13,2024-11-13 09:39:03,9
20107,רשת 13,2024-11-13,2024-11-13 10:07:28,10
20108,רשת 13,2024-11-13,2024-11-13 10:08:01,10
20109,רשת 13,2024-11-13,2024-11-13 10:35:48,10
20110,רשת 13,2024-11-13,2024-11-13 10:36:22,10
20111,רשת 13,2024-11-13,2024-11-13 10:36:52,10
20112,רשת 13,2024-11-13,2024-11-13 10:36:58,10
20113,רשת 13,2024-11-13,2024-11-13 10:37:06,10
20114,רשת 13,2024-11-13,2024-11-13 10:37:12,10
20115,רשת 13,2024-11-13,2024-11-13 10:37:22,10
20116,רשת 13,2024-11-13,2024-11-13 10:37:28,10
20117,רשת 13,2024-11-13,2024-11-13 10:37:52,10
20118,רשת 13,2024-11-13,2024-11-13 10:38:12,10
20119,רשת 13,2024-11-13,2024-11-13 10:38:25,10
20120,רשת 13,2024-11-13,2024-11-13 10:38:40,10
20121,רשת 13,2024-11-13,2024-11-13 10:39:00,10
20122,רשת 13,2024-11-13,2024-11-13 10:39:15,10
20123,רשת 13,2024-11-13,2024-11-13 10:39:31,10
20124,רשת 13,2024-11-13,2024-11-13 10:39:51,10
20125,רשת 13,2024-11-13,2024-11-13 10:41:02,10
20126,רשת 13,2024-11-13,2024-11-13 10:41:59,10
20127,רשת 13,2024-11-13,2024-11-13 10:42:24,10
20128,רשת 13,2024-11-13,2024-11-13 10:43:12,10
20129,רשת 13,2024-11-13,2024-11-13 10:44:27,10
20130,רשת 13,2024-11-13,2024-11-13 10:44:33,10
20131,רשת 13,2024-11-13,2024-11-13 10:44:43,10
20132,רשת 13,2024-11-13,2024-11-13 10:44:49,10
20133,רשת 13,2024-11-13,2024-11-13 11:06:24,11
20134,רשת 13,2024-11-13,2024-11-13 11:06:57,11
20135,רשת 13,2024-11-13,2024-11-13 11:31:09,11
20136,רשת 13,2024-11-13,2024-11-13 11:31:30,11
20137,רשת 13,2024-11-13,2024-11-13 11:32:16,11
20138,רשת 13,2024-11-13,2024-11-13 11:32:22,11
20139,רשת 13,2024-11-13,2024-11-13 11:32:28,11
20140,רשת 13,2024-11-13,2024-11-13 11:32:34,11
20141,רשת 13,2024-11-13,2024-11-13 11:32:40,11
20142,רשת 13,2024-11-13,2024-11-13 11:32:46,11
20143,רשת 13,2024-11-13,2024-11-13 11:33:12,11
20144,רשת 13,2024-11-13,2024-11-13 11:33:32,11
20145,רשת 13,2024-11-13,2024-11-13 11:33:53,11
20146,רשת 13,2024-11-13,2024-11-13 11:34:06,11
20147,רשת 13,2024-11-13,2024-11-13 11:34:26,11
20148,רשת 13,2024-11-13,2024-11-13 11:34:47,11
20149,רשת 13,2024-11-13,2024-11-13 11:35:58,11
20150,רשת 13,2024-11-13,2024-11-13 11:36:14,11
20151,רשת 13,2024-11-13,2024-11-13 11:36:29,11
20152,רשת 13,2024-11-13,2024-11-13 11:36:58,11
20153,רשת 13,2024-11-13,2024-11-13 11:37:36,11
20154,רשת 13,2024-11-13,2024-11-13 11:38:24,11
20155,רשת 13,2024-11-13,2024-11-13 11:39:40,11
20156,רשת 13,2024-11-13,2024-11-13 11:39:46,11
20157,רשת 13,2024-11-13,2024-11-13 11:39:52,11
20158,רשת 13,2024-11-13,2024-11-13 11:40:02,11
20159,רשת 13,2024-11-13,2024-11-13 11:40:08,11
20160,רשת 13,2024-11-13,2024-11-13 11:40:14,11
20161,רשת 13,2024-11-13,2024-11-13 12:06:14,12
20162,רשת 13,2024-11-13,2024-11-13 12:06:48,12
20163,רשת 13,2024-11-13,2024-11-13 12:24:27,12
20164,רשת 13,2024-11-13,2024-11-13 12:25:01,12
20165,רשת 13,2024-11-13,2024-11-13 12:25:35,12
20166,רשת 13,2024-11-13,2024-11-13 12:26:34,12
20167,רשת 13,2024-11-13,2024-11-13 12:26:40,12
20168,רשת 13,2024-11-13,2024-11-13 12:26:46,12
20169,רשת 13,2024-11-13,2024-11-13 12:26:52,12
20170,רשת 13,2024-11-13,2024-11-13 12:27:02,12
20171,רשת 13,2024-11-13,2024-11-13 12:27:13,12
20172,רשת 13,2024-11-13,2024-11-13 12:27:33,12
20173,רשת 13,2024-11-13,2024-11-13 12:27:49,12
20174,רשת 13,2024-11-13,2024-11-13 12:28:09,12
20175,רשת 13,2024-11-13,2024-11-13 12:28:24,12
20176,רשת 13,2024-11-13,2024-11-13 12:28:45,12
20177,רשת 13,2024-11-13,2024-11-13 12:29:56,12
20178,רשת 13,2024-11-13,2024-11-13 12:30:25,12
20179,רשת 13,2024-11-13,2024-11-13 12:30:38,12
20180,רשת 13,2024-11-13,2024-11-13 12:30:59,12
20181,רשת 13,2024-11-13,2024-11-13 12:31:31,12
20182,רשת 13,2024-11-13,2024-11-13 12:31:46,12
20183,רשת 13,2024-11-13,2024-11-13 12:32:01,12
20184,רשת 13,2024-11-13,2024-11-13 12:32:26,12
20185,רשת 13,2024-11-13,2024-11-13 12:33:37,12
20186,רשת 13,2024-11-13,2024-11-13 12:34:29,12
20187,רשת 13,2024-11-13,2024-11-13 12:34:35,12
20188,רשת 13,2024-11-13,2024-11-13 12:34:41,12
20189,רשת 13,2024-11-13,2024-11-13 12:34:47,12
20190,רשת 13,2024-11-13,2024-11-13 12:34:53,12
20191,רשת 13,2024-11-13,2024-11-13 12:53:02,12
20192,רשת 13,2024-11-13,2024-11-13 12:53:36,12
20193,רשת 13,2024-11-13,2024-11-13 12:54:15,12
20194,רשת 13,2024-11-13,2024-11-13 12:55:15,12
20195,רשת 13,2024-11-13,2024-11-13 12:55:40,12
20196,רשת 13,2024-11-13,2024-11-13 13:05:30,13
20197,רשת 13,2024-11-13,2024-11-13 13:06:03,13
20198,רשת 13,2024-11-13,2024-11-13 13:16:04,13
20199,רשת 13,2024-11-13,2024-11-13 13:16:38,13
20200,רשת 13,2024-11-13,2024-11-13 13:16:48,13
20201,רשת 13,2024-11-13,2024-11-13 13:16:54,13
20202,רשת 13,2024-11-13,2024-11-13 13:17:00,13
20203,רשת 13,2024-11-13,2024-11-13 13:17:20,13
20204,רשת 13,2024-11-13,2024-11-13 13:17:41,13
20205,רשת 13,2024-11-13,2024-11-13 13:18:52,13
20206,רשת 13,2024-11-13,2024-11-13 13:19:07,13
20207,רשת 13,2024-11-13,2024-11-13 13:19:41,13
20208,רשת 13,2024-11-13,2024-11-13 13:20:46,13
20209,רשת 13,2024-11-13,2024-11-13 13:21:27,13
20210,רשת 13,2024-11-13,2024-11-13 13:22:20,13
20211,רשת 13,2024-11-13,2024-11-13 13:22:26,13
20212,רשת 13,2024-11-13,2024-11-13 13:22:32,13
20213,רשת 13,2024-11-13,2024-11-13 13:36:02,13
20214,רשת 13,2024-11-13,2024-11-13 13:36:36,13
20215,רשת 13,2024-11-13,2024-11-13 13:37:47,13
20216,רשת 13,2024-11-13,2024-11-13 13:38:06,13
20217,רשת 13,2024-11-13,2024-11-13 13:39:06,13
20218,רשת 13,2024-11-13,2024-11-13 13:40:00,13
20219,רשת 13,2024-11-13,2024-11-13 13:40:53,13
20220,רשת 13,2024-11-13,2024-11-13 13:40:59,13
20221,רשת 13,2024-11-13,2024-11-13 13:41:05,13
20222,רשת 13,2024-11-13,2024-11-13 14:06:23,14
20223,רשת 13,2024-11-13,2024-11-13 14:06:56,14
20224,רשת 13,2024-11-13,2024-11-13 14:23:28,14
20225,רשת 13,2024-11-13,2024-11-13 14:24:02,14
20226,רשת 13,2024-11-13,2024-11-13 14:24:24,14
20227,רשת 13,2024-11-13,2024-11-13 14:25:24,14
20228,רשת 13,2024-11-13,2024-11-13 14:25:30,14
20229,רשת 13,2024-11-13,2024-11-13 14:25:36,14
20230,רשת 13,2024-11-13,2024-11-13 14:25:42,14
20231,רשת 13,2024-11-13,2024-11-13 14:25:57,14
20232,רשת 13,2024-11-13,2024-11-13 14:26:12,14
20233,רשת 13,2024-11-13,2024-11-13 14:26:32,14
20234,רשת 13,2024-11-13,2024-11-13 14:26:52,14
20235,רשת 13,2024-11-13,2024-11-13 14:27:07,14
20236,רשת 13,2024-11-13,2024-11-13 14:28:18,14
20237,רשת 13,2024-11-13,2024-11-13 14:28:39,14
20238,רשת 13,2024-11-13,2024-11-13 14:29:08,14
20239,רשת 13,2024-11-13,2024-11-13 14:29:29,14
20240,רשת 13,2024-11-13,2024-11-13 14:29:50,14
20241,רשת 13,2024-11-13,2024-11-13 14:30:04,14
20242,רשת 13,2024-11-13,2024-11-13 14:30:38,14
20243,רשת 13,2024-11-13,2024-11-13 14:31:31,14
20244,רשת 13,2024-11-13,2024-11-13 14:31:37,14
20245,רשת 13,2024-11-13,2024-11-13 14:31:47,14
20246,רשת 13,2024-11-13,2024-11-13 14:31:53,14
20247,רשת 13,2024-11-13,2024-11-13 14:47:50,14
20248,רשת 13,2024-11-13,2024-11-13 14:48:24,14
20249,רשת 13,2024-11-13,2024-11-13 14:49:19,14
20250,רשת 13,2024-11-13,2024-11-13 14:49:57,14
20251,רשת 13,2024-11-13,2024-11-13 14:50:57,14
20252,רשת 13,2024-11-13,2024-11-13 14:51:22,14
20253,רשת 13,2024-11-13,2024-11-13 14:52:10,14
20254,רשת 13,2024-11-13,2024-11-13 15:54:33,15
20255,רשת 13,2024-11-13,2024-11-13 15:55:11,15
20256,רשת 13,2024-11-13,2024-11-13 15:55:17,15
20257,רשת 13,2024-11-13,2024-11-13 15:55:23,15
20258,רשת 13,2024-11-13,2024-11-13 15:55:29,15
20259,רשת 13,2024-11-13,2024-11-13 15:55:54,15
20260,רשת 13,2024-11-13,2024-11-13 15:56:15,15
20261,רשת 13,2024-11-13,2024-11-13 15:56:36,15
20262,רשת 13,2024-11-13,2024-11-13 15:56:51,15
20263,רשת 13,2024-11-13,2024-11-13 15:57:07,15
20264,רשת 13,2024-11-13,2024-11-13 15:57:32,15
20265,רשת 13,2024-11-13,2024-11-13 15:57:38,15
20266,רשת 13,2024-11-13,2024-11-13 15:58:00,15
20267,רשת 13,2024-11-13,2024-11-13 15:58:52,15
20268,רשת 13,2024-11-13,2024-11-13 15:59:25,15
20269,רשת 13,2024-11-13,2024-11-13 15:59:35,15
20270,רשת 13,2024-11-13,2024-11-13 15:59:41,15
20271,רשת 13,2024-11-13,2024-11-13 15:59:51,15
20272,רשת 13,2024-11-13,2024-11-13 16:37:23,16
20273,רשת 13,2024-11-13,2024-11-13 16:37:57,16
20274,רשת 13,2024-11-13,2024-11-13 16:38:42,16
20275,רשת 13,2024-11-13,2024-11-13 16:38:48,16
20276,רשת 13,2024-11-13,2024-11-13 16:38:54,16
20277,רשת 13,2024-11-13,2024-11-13 16:39:02,16
20278,רשת 13,2024-11-13,2024-11-13 16:39:08,16
20279,רשת 13,2024-11-13,2024-11-13 16:39:18,16
20280,רשת 13,2024-11-13,2024-11-13 16:39:42,16
20281,רשת 13,2024-11-13,2024-11-13 16:39:57,16
20282,רשת 13,2024-11-13,2024-11-13 16:40:12,16
20283,רשת 13,2024-11-13,2024-11-13 16:40:27,16
20284,רשת 13,2024-11-13,2024-11-13 16:41:00,16
20285,רשת 13,2024-11-13,2024-11-13 16:41:13,16
20286,רשת 13,2024-11-13,2024-11-13 16:41:33,16
20287,רשת 13,2024-11-13,2024-11-13 16:41:53,16
20288,רשת 13,2024-11-13,2024-11-13 16:42:27,16
20289,רשת 13,2024-11-13,2024-11-13 16:43:06,16
20290,רשת 13,2024-11-13,2024-11-13 16:43:54,16
20291,רשת 13,2024-11-13,2024-11-13 16:45:08,16
20292,רשת 13,2024-11-13,2024-11-13 16:45:42,16
20293,רשת 13,2024-11-13,2024-11-13 16:45:52,16
20294,רשת 13,2024-11-13,2024-11-13 16:46:00,16
20295,רשת 13,2024-11-13,2024-11-13 16:46:06,16
20296,רשת 13,2024-11-13,2024-11-13 16:46:16,16
20297,רשת 13,2024-11-13,2024-11-13 16:46:24,16
20298,רשת 13,2024-11-13,2024-11-13 17:13:10,17
20299,רשת 13,2024-11-13,2024-11-13 17:13:44,17
20300,רשת 13,2024-11-13,2024-11-13 17:14:22,17
20301,רשת 13,2024-11-13,2024-11-13 17:14:30,17
20302,רשת 13,2024-11-13,2024-11-13 17:14:36,17
20303,רשת 13,2024-11-13,2024-11-13 17:14:42,17
20304,רשת 13,2024-11-13,2024-11-13 17:14:52,17
20305,רשת 13,2024-11-13,2024-11-13 17:15:05,17
20306,רשת 13,2024-11-13,2024-11-13 17:15:24,17
20307,רשת 13,2024-11-13,2024-11-13 17:15:45,17
20308,רשת 13,2024-11-13,2024-11-13 17:16:05,17
20309,רשת 13,2024-11-13,2024-11-13 17:16:20,17
20310,רשת 13,2024-11-13,2024-11-13 17:16:40,17
20311,רשת 13,2024-11-13,2024-11-13 17:17:09,17
20312,רשת 13,2024-11-13,2024-11-13 17:17:30,17
20313,רשת 13,2024-11-13,2024-11-13 17:18:05,17
20314,רשת 13,2024-11-13,2024-11-13 17:18:53,17
20315,רשת 13,2024-11-13,2024-11-13 17:20:09,17
20316,רשת 13,2024-11-13,2024-11-13 17:20:15,17
20317,רשת 13,2024-11-13,2024-11-13 17:20:21,17
20318,רשת 13,2024-11-13,2024-11-13 17:20:27,17
20319,רשת 13,2024-11-13,2024-11-13 17:20:41,17
20320,רשת 13,2024-11-13,2024-11-13 17:21:14,17
20321,רשת 13,2024-11-13,2024-11-13 17:21:25,17
20322,רשת 13,2024-11-13,2024-11-13 17:21:33,17
20323,רשת 13,2024-11-13,2024-11-13 17:21:39,17
20324,רשת 13,2024-11-13,2024-11-13 17:21:45,17
20325,רשת 13,2024-11-13,2024-11-13 17:21:53,17
20326,רשת 13,2024-11-13,2024-11-13 17:53:14,17
20327,רשת 13,2024-11-13,2024-11-13 17:53:54,17
20328,רשת 13,2024-11-13,2024-11-13 18:31:19,18
20329,רשת 13,2024-11-13,2024-11-13 18:31:53,18
20330,רשת 13,2024-11-13,2024-11-13 18:32:37,18
20331,רשת 13,2024-11-13,2024-11-13 18:32:43,18
20332,רשת 13,2024-11-13,2024-11-13 18:32:51,18
20333,רשת 13,2024-11-13,2024-11-13 18:33:01,18
20334,רשת 13,2024-11-13,2024-11-13 18:33:07,18
20335,רשת 13,2024-11-13,2024-11-13 18:33:13,18
20336,רשת 13,2024-11-13,2024-11-13 18:33:37,18
20337,רשת 13,2024-11-13,2024-11-13 18:34:07,18
20338,רשת 13,2024-11-13,2024-11-13 18:34:24,18
20339,רשת 13,2024-11-13,2024-11-13 18:34:36,18
20340,רשת 13,2024-11-13,2024-11-13 18:35:08,18
20341,רשת 13,2024-11-13,2024-11-13 18:35:28,18
20342,רשת 13,2024-11-13,2024-11-13 18:36:39,18
20343,רשת 13,2024-11-13,2024-11-13 18:37:09,18
20344,רשת 13,2024-11-13,2024-11-13 18:37:15,18
20345,רשת 13,2024-11-13,2024-11-13 18:37:44,18
20346,רשת 13,2024-11-13,2024-11-13 18:38:09,18
20347,רשת 13,2024-11-13,2024-11-13 18:39:01,18
20348,רשת 13,2024-11-13,2024-11-13 18:39:34,18
20349,רשת 13,2024-11-13,2024-11-13 18:39:45,18
20350,רשת 13,2024-11-13,2024-11-13 18:39:53,18
20351,רשת 13,2024-11-13,2024-11-13 18:39:59,18
20352,רשת 13,2024-11-13,2024-11-13 18:40:05,18
20353,רשת 13,2024-11-13,2024-11-13 18:40:15,18
20354,רשת 13,2024-11-13,2024-11-13 18:40:21,18
20355,רשת 13,2024-11-13,2024-11-13 18:40:29,18
20356,רשת 13,2024-11-13,2024-11-13 19:00:15,19
20357,רשת 13,2024-11-13,2024-11-13 19:00:49,19
20358,רשת 13,2024-11-13,2024-11-13 19:01:35,19
20359,רשת 13,2024-11-13,2024-11-13 19:01:41,19
20360,רשת 13,2024-11-13,2024-11-13 19:01:49,19
20361,רשת 13,2024-11-13,2024-11-13 19:01:55,19
20362,רשת 13,2024-11-13,2024-11-13 19:02:01,19
20363,רשת 13,2024-11-13,2024-11-13 19:02:07,19
20364,רשת 13,2024-11-13,2024-11-13 19:02:13,19
20365,רשת 13,2024-11-13,2024-11-13 19:02:23,19
20366,רשת 13,2024-11-13,2024-11-13 19:02:46,19
20367,רשת 13,2024-11-13,2024-11-13 19:03:16,19
20368,רשת 13,2024-11-13,2024-11-13 19:03:31,19
20369,רשת 13,2024-11-13,2024-11-13 19:03:43,19
20370,רשת 13,2024-11-13,2024-11-13 19:04:15,19
20371,רשת 13,2024-11-13,2024-11-13 19:04:35,19
20372,רשת 13,2024-11-13,2024-11-13 19:04:51,19
20373,רשת 13,2024-11-13,2024-11-13 19:05:11,19
20374,רשת 13,2024-11-13,2024-11-13 19:05:16,19
20375,רשת 13,2024-11-13,2024-11-13 19:05:35,19
20376,רשת 13,2024-11-13,2024-11-13 19:05:56,19
20377,רשת 13,2024-11-13,2024-11-13 19:06:17,19
20378,רשת 13,2024-11-13,2024-11-13 19:07:27,19
20379,רשת 13,2024-11-13,2024-11-13 19:08:20,19
20380,רשת 13,2024-11-13,2024-11-13 19:08:30,19
20381,רשת 13,2024-11-13,2024-11-13 19:08:36,19
20382,רשת 13,2024-11-13,2024-11-13 19:08:42,19
20383,רשת 13,2024-11-13,2024-11-13 19:08:48,19
20384,רשת 13,2024-11-13,2024-11-13 19:08:54,19
20385,רשת 13,2024-11-13,2024-11-13 19:09:00,19
20386,רשת 13,2024-11-13,2024-11-13 19:52:13,19
20387,רשת 13,2024-11-13,2024-11-13 19:53:13,19
20388,רשת 13,2024-11-13,2024-11-13 19:54:18,19
20389,רשת 13,2024-11-13,2024-11-13 20:47:14,20
20390,רשת 13,2024-11-13,2024-11-13 20:50:01,20
20391,רשת 13,2024-11-13,2024-11-13 20:50:39,20
20392,רשת 13,2024-11-13,2024-11-13 20:50:49,20
20393,רשת 13,2024-11-13,2024-11-13 20:50:57,20
20394,רשת 13,2024-11-13,2024-11-13 20:51:03,20
20395,רשת 13,2024-11-13,2024-11-13 20:51:27,20
20396,רשת 13,2024-11-13,2024-11-13 20:51:47,20
20397,רשת 13,2024-11-13,2024-11-13 20:52:08,20
20398,רשת 13,2024-11-13,2024-11-13 20:52:29,20
20399,רשת 13,2024-11-13,2024-11-13 20:52:49,20
20400,רשת 13,2024-11-13,2024-11-13 20:53:01,20
20401,רשת 13,2024-11-13,2024-11-13 20:53:31,20
20402,רשת 13,2024-11-13,2024-11-13 20:53:54,20
20403,רשת 13,2024-11-13,2024-11-13 20:54:07,20
20404,רשת 13,2024-11-13,2024-11-13 20:54:22,20
20405,רשת 13,2024-11-13,2024-11-13 20:54:42,20
20406,רשת 13,2024-11-13,2024-11-13 20:54:47,20
20407,רשת 13,2024-11-13,2024-11-13 20:55:22,20
20408,רשת 13,2024-11-13,2024-11-13 21:13:16,21
20409,רשת 13,2024-11-13,2024-11-13 21:13:54,21
20410,רשת 13,2024-11-13,2024-11-13 21:14:04,21
20411,רשת 13,2024-11-13,2024-11-13 21:14:10,21
20412,רשת 13,2024-11-13,2024-11-13 21:14:22,21
20413,רשת 13,2024-11-13,2024-11-13 21:14:54,21
20414,רשת 13,2024-11-13,2024-11-13 21:15:14,21
20415,רשת 13,2024-11-13,2024-11-13 21:15:31,21
20416,רשת 13,2024-11-13,2024-11-13 21:15:52,21
20417,רשת 13,2024-11-13,2024-11-13 21:16:17,21
20418,רשת 13,2024-11-13,2024-11-13 21:16:33,21
20419,רשת 13,2024-11-13,2024-11-13 21:16:52,21
20420,רשת 13,2024-11-13,2024-11-13 21:17:04,21
20421,רשת 13,2024-11-13,2024-11-13 21:17:10,21
20422,רשת 13,2024-11-13,2024-11-13 21:17:45,21
20423,רשת 13,2024-11-13,2024-11-13 21:18:33,21
20424,רשת 13,2024-11-13,2024-11-13 21:35:52,21
20425,רשת 13,2024-11-13,2024-11-13 21:36:22,21
20426,רשת 13,2024-11-13,2024-11-13 21:36:57,21
20427,רשת 13,2024-11-13,2024-11-13 21:38:24,21
20428,רשת 13,2024-11-13,2024-11-13 22:09:36,22
20429,רשת 13,2024-11-13,2024-11-13 22:10:45,22
20430,רשת 13,2024-11-13,2024-11-13 22:10:51,22
20431,רשת 13,2024-11-13,2024-11-13 22:10:57,22
20432,רשת 13,2024-11-13,2024-11-13 22:11:03,22
20433,רשת 13,2024-11-13,2024-11-13 22:11:11,22
20434,רשת 13,2024-11-13,2024-11-13 22:11:17,22
20435,רשת 13,2024-11-13,2024-11-13 22:11:23,22
20436,רשת 13,2024-11-13,2024-11-13 22:11:29,22
20437,רשת 13,2024-11-13,2024-11-13 22:11:39,22
20438,רשת 13,2024-11-13,2024-11-13 22:11:56,22
20439,רשת 13,2024-11-13,2024-11-13 22:12:16,22
20440,רשת 13,2024-11-13,2024-11-13 22:12:31,22
20441,רשת 13,2024-11-13,2024-11-13 22:12:46,22
20442,רשת 13,2024-11-13,2024-11-13 22:13:18,22
20443,רשת 13,2024-11-13,2024-11-13 22:13:38,22
20444,רשת 13,2024-11-13,2024-11-13 22:14:49,22
20445,רשת 13,2024-11-13,2024-11-13 22:15:04,22
20446,רשת 13,2024-11-13,2024-11-13 22:15:21,22
20447,רשת 13,2024-11-13,2024-11-13 22:15:38,22
20448,רשת 13,2024-11-13,2024-11-13 22:16:09,22
20449,רשת 13,2024-11-13,2024-11-13 22:16:15,22
20450,רשת 13,2024-11-13,2024-11-13 22:16:35,22
20451,רשת 13,2024-11-13,2024-11-13 22:16:55,22
20452,רשת 13,2024-11-13,2024-11-13 22:17:01,22
20453,רשת 13,2024-11-13,2024-11-13 22:17:24,22
20454,רשת 13,2024-11-13,2024-11-13 22:17:39,22
20455,רשת 13,2024-11-13,2024-11-13 22:17:45,22
20456,רשת 13,2024-11-13,2024-11-13 22:18:01,22
20457,רשת 13,2024-11-13,2024-11-13 22:18:31,22
20458,רשת 13,2024-11-13,2024-11-13 22:19:24,22
20459,רשת 13,2024-11-13,2024-11-13 22:19:30,22
20460,רשת 13,2024-11-13,2024-11-13 22:19:36,22
20461,רשת 13,2024-11-13,2024-11-13 22:19:42,22
20462,רשת 13,2024-11-13,2024-11-13 22:37:40,22
20463,רשת 13,2024-11-13,2024-11-13 22:38:59,22
20464,רשת 13,2024-11-13,2024-11-13 22:39:05,22
20465,רשת 13,2024-11-13,2024-11-13 22:39:11,22
20466,רשת 13,2024-11-13,2024-11-13 22:39:19,22
20467,רשת 13,2024-11-13,2024-11-13 22:39:25,22
20468,רשת 13,2024-11-13,2024-11-13 22:39:31,22
20469,רשת 13,2024-11-13,2024-11-13 22:39:41,22
20470,רשת 13,2024-11-13,2024-11-13 22:39:58,22
20471,רשת 13,2024-11-13,2024-11-13 22:40:13,22
20472,רשת 13,2024-11-13,2024-11-13 22:40:30,22
20473,רשת 13,2024-11-13,2024-11-13 22:40:45,22
20474,רשת 13,2024-11-13,2024-11-13 22:41:08,22
20475,רשת 13,2024-11-13,2024-11-13 22:41:51,22
20476,רשת 13,2024-11-13,2024-11-13 22:42:11,22
20477,רשת 13,2024-11-13,2024-11-13 22:42:31,22
20478,רשת 13,2024-11-13,2024-11-13 22:43:42,22
20479,רשת 13,2024-11-13,2024-11-13 22:43:58,22
20480,רשת 13,2024-11-13,2024-11-13 22:44:27,22
20481,רשת 13,2024-11-13,2024-11-13 22:44:42,22
20482,רשת 13,2024-11-13,2024-11-13 22:44:57,22
20483,רשת 13,2024-11-13,2024-11-13 22:45:30,22
20484,רשת 13,2024-11-13,2024-11-13 22:45:50,22
20485,רשת 13,2024-11-13,2024-11-13 22:46:05,22
20486,רשת 13,2024-11-13,2024-11-13 22:46:35,22
20487,רשת 13,2024-11-13,2024-11-13 22:47:14,22
20488,רשת 13,2024-11-13,2024-11-13 22:47:20,22
20489,רשת 13,2024-11-13,2024-11-13 22:47:26,22
20490,רשת 13,2024-11-13,2024-11-13 22:47:32,22
20491,רשת 13,2024-11-13,2024-11-13 22:47:38,22
20492,רשת 13,2024-11-13,2024-11-13 23:06:54,23
20493,רשת 13,2024-11-13,2024-11-13 23:07:29,23
20494,רשת 13,2024-11-13,2024-11-13 23:08:16,23
20495,רשת 13,2024-11-13,2024-11-13 23:08:40,23
20496,רשת 13,2024-11-13,2024-11-13 23:08:52,23
20497,רשת 13,2024-11-13,2024-11-13 23:09:22,23
20498,רשת 13,2024-11-13,2024-11-13 23:09:37,23
20499,רשת 13,2024-11-13,2024-11-13 23:09:57,23
20500,רשת 13,2024-11-13,2024-11-13 23:10:17,23
20501,רשת 13,2024-11-13,2024-11-13 23:10:47,23
20502,רשת 13,2024-11-13,2024-11-13 23:11:15,23
20503,רשת 13,2024-11-13,2024-11-13 23:11:30,23
20504,רשת 13,2024-11-13,2024-11-13 23:11:50,23
20505,רשת 13,2024-11-13,2024-11-13 23:12:17,23
20506,רשת 13,2024-11-13,2024-11-13 23:12:32,23
20507,רשת 13,2024-11-13,2024-11-13 23:12:45,23
20508,רשת 13,2024-11-13,2024-11-13 23:13:07,23
20509,רשת 13,2024-11-13,2024-11-13 23:13:13,23
20510,רשת 13,2024-11-13,2024-11-13 23:14:02,23
20511,רשת 13,2024-11-13,2024-11-13 23:15:03,23
20512,רשת 13,2024-11-13,2024-11-13 23:54:31,23
20513,רשת 13,2024-11-13,2024-11-13 23:55:19,23
20514,רשת 13,2024-11-13,2024-11-13 23:55:27,23
20515,רשת 13,2024-11-13,2024-11-13 23:55:33,23
20516,רשת 13,2024-11-13,2024-11-13 23:55:43,23
20517,רשת 13,2024-11-13,2024-11-13 23:55:49,23
20518,רשת 13,2024-11-13,2024-11-13 23:56:03,23
20519,רשת 13,2024-11-13,2024-11-13 23:56:18,23
20520,רשת 13,2024-11-13,2024-11-13 23:56:33,23
20521,רשת 13,2024-11-13,2024-11-13 23:56:50,23
20522,רשת 13,2024-11-13,2024-11-13 23:57:06,23
20523,רשת 13,2024-11-13,2024-11-13 23:57:18,23
20524,רשת 13,2024-11-13,2024-11-13 23:57:24,23
20525,רשת 13,2024-11-13,2024-11-13 23:57:36,23
20526,רשת 13,2024-11-13,2024-11-13 23:58:07,23
20527,רשת 13,2024-11-13,2024-11-13 23:58:22,23
20528,רשת 13,2024-11-13,2024-11-13 23:58:28,23
20529,רשת 13,2024-11-13,2024-11-13 23:58:34,23
20530,רשת 13,2024-11-13,2024-11-13 23:58:40,23
20531,רשת 13,2024-11-13,2024-11-13 23:59:09,23
20532,רשת 13,2024-11-13,2024-11-13 00:14:15,0
20533,רשת 13,2024-11-13,2024-11-13 00:14:59,0
20534,רשת 13,2024-11-13,2024-11-13 00:15:09,0
20535,רשת 13,2024-11-13,2024-11-13 00:15:15,0
20536,רשת 13,2024-11-13,2024-11-13 00:15:25,0
20537,רשת 13,2024-11-13,2024-11-13 00:15:31,0
20538,רשת 13,2024-11-13,2024-11-13 00:15:51,0
20539,רשת 13,2024-11-13,2024-11-13 00:16:03,0
20540,רשת 13,2024-11-13,2024-11-13 00:16:22,0
20541,רשת 13,2024-11-13,2024-11-13 00:16:37,0
20542,רשת 13,2024-11-13,2024-11-13 00:16:52,0
20543,רשת 13,2024-11-13,2024-11-13 00:17:19,0
20544,רשת 13,2024-11-13,2024-11-13 00:17:39,0
20545,רשת 13,2024-11-13,2024-11-13 00:17:45,0
20546,רשת 13,2024-11-13,2024-11-13 00:18:00,0
20547,רשת 13,2024-11-13,2024-11-13 00:18:06,0
20548,רשת 13,2024-11-13,2024-11-13 00:18:26,0
20549,רשת 13,2024-11-13,2024-11-13 00:18:37,0
20550,רשת 13,2024-11-13,2024-11-13 00:19:26,0
20551,רשת 13,2024-11-13,2024-11-13 00:20:40,0
20552,רשת 13,2024-11-13,2024-11-13 00:21:49,0
20553,רשת 13,2024-11-13,2024-11-13 00:22:27,0
20554,רשת 13,2024-11-13,2024-11-13 00:22:37,0
20555,רשת 13,2024-11-13,2024-11-13 00:22:43,0
20556,רשת 13,2024-11-13,2024-11-13 00:22:49,0
20557,רשת 13,2024-11-13,2024-11-13 00:41:29,0
20558,רשת 13,2024-11-13,2024-11-13 00:41:51,0
20559,רשת 13,2024-11-13,2024-11-13 00:42:36,0
20560,רשת 13,2024-11-13,2024-11-13 00:42:46,0
20561,רשת 13,2024-11-13,2024-11-13 00:42:57,0
20562,רשת 13,2024-11-13,2024-11-13 00:43:27,0
20563,רשת 13,2024-11-13,2024-11-13 00:44:05,0
20564,רשת 13,2024-11-13,2024-11-13 00:44:36,0
20565,רשת 13,2024-11-13,2024-11-13 00:45:55,0
20566,רשת 13,2024-11-13,2024-11-13 01:28:57,1
20567,רשת 13,2024-11-13,2024-11-13 01:29:40,1
20568,רשת 13,2024-11-13,2024-11-13 01:29:59,1
20569,רשת 13,2024-11-13,2024-11-13 01:30:09,1
20570,רשת 13,2024-11-13,2024-11-13 01:30:30,1
20571,רשת 13,2024-11-13,2024-11-13 01:30:50,1
20572,רשת 13,2024-11-13,2024-11-13 01:31:30,1
20573,רשת 13,2024-11-13,2024-11-13 01:32:25,1
20574,רשת 13,2024-11-13,2024-11-13 01:33:13,1
20575,רשת 13,2024-11-13,2024-11-13 01:34:01,1
20576,רשת 13,2024-11-13,2024-11-13 01:38:51,1
20577,רשת 13,2024-11-13,2024-11-13 01:39:13,1
20578,רשת 13,2024-11-13,2024-11-13 01:39:48,1
21677,רשת 13,2024-11-14,2024-11-14 02:13:44,2
21678,רשת 13,2024-11-14,2024-11-14 02:14:06,2
21679,רשת 13,2024-11-14,2024-11-14 02:47:24,2
21680,רשת 13,2024-11-14,2024-11-14 02:47:46,2
21681,רשת 13,2024-11-14,2024-11-14 02:48:34,2
21682,רשת 13,2024-11-14,2024-11-14 03:28:09,3
21683,רשת 13,2024-11-14,2024-11-14 05:26:51,5
21684,רשת 13,2024-11-14,2024-11-14 05:27:14,5
21685,רשת 13,2024-11-14,2024-11-14 05:27:29,5
21686,רשת 13,2024-11-14,2024-11-14 05:38:32,5
21687,רשת 13,2024-11-14,2024-11-14 05:38:54,5
21688,רשת 13,2024-11-14,2024-11-14 06:15:02,6
21689,רשת 13,2024-11-14,2024-11-14 06:15:45,6
21690,רשת 13,2024-11-14,2024-11-14 06:15:56,6
21691,רשת 13,2024-11-14,2024-11-14 06:16:03,6
21692,רשת 13,2024-11-14,2024-11-14 06:16:13,6
21693,רשת 13,2024-11-14,2024-11-14 06:16:35,6
21694,רשת 13,2024-11-14,2024-11-14 06:16:52,6
21695,רשת 13,2024-11-14,2024-11-14 06:17:07,6
21696,רשת 13,2024-11-14,2024-11-14 06:17:18,6
21697,רשת 13,2024-11-14,2024-11-14 06:18:06,6
21698,רשת 13,2024-11-14,2024-11-14 06:18:54,6
21699,רשת 13,2024-11-14,2024-11-14 06:20:03,6
21700,רשת 13,2024-11-14,2024-11-14 06:20:41,6
21701,רשת 13,2024-11-14,2024-11-14 06:20:52,6
21702,רשת 13,2024-11-14,2024-11-14 06:20:59,6
21703,רשת 13,2024-11-14,2024-11-14 06:21:09,6
21704,רשת 13,2024-11-14,2024-11-14 07:14:17,7
21705,רשת 13,2024-11-14,2024-11-14 07:15:18,7
21706,רשת 13,2024-11-14,2024-11-14 07:15:24,7
21707,רשת 13,2024-11-14,2024-11-14 07:15:46,7
21708,רשת 13,2024-11-14,2024-11-14 07:16:32,7
21709,רשת 13,2024-11-14,2024-11-14 07:16:38,7
21710,רשת 13,2024-11-14,2024-11-14 07:16:45,7
21711,רשת 13,2024-11-14,2024-11-14 07:16:51,7
21712,רשת 13,2024-11-14,2024-11-14 07:16:57,7
21713,רשת 13,2024-11-14,2024-11-14 07:17:09,7
21714,רשת 13,2024-11-14,2024-11-14 07:17:29,7
21715,רשת 13,2024-11-14,2024-11-14 07:17:44,7
21716,רשת 13,2024-11-14,2024-11-14 07:17:50,7
21717,רשת 13,2024-11-14,2024-11-14 07:18:22,7
21718,רשת 13,2024-11-14,2024-11-14 07:18:37,7
21719,רשת 13,2024-11-14,2024-11-14 07:18:57,7
21720,רשת 13,2024-11-14,2024-11-14 07:19:55,7
21721,רשת 13,2024-11-14,2024-11-14 07:20:28,7
21722,רשת 13,2024-11-14,2024-11-14 07:20:47,7
21723,רשת 13,2024-11-14,2024-11-14 07:21:40,7
21724,רשת 13,2024-11-14,2024-11-14 07:21:46,7
21725,רשת 13,2024-11-14,2024-11-14 07:21:56,7
21726,רשת 13,2024-11-14,2024-11-14 07:22:02,7
21727,רשת 13,2024-11-14,2024-11-14 07:36:04,7
21728,רשת 13,2024-11-14,2024-11-14 07:36:47,7
21729,רשת 13,2024-11-14,2024-11-14 07:37:07,7
21730,רשת 13,2024-11-14,2024-11-14 07:37:14,7
21731,רשת 13,2024-11-14,2024-11-14 07:37:20,7
21732,רשת 13,2024-11-14,2024-11-14 07:37:30,7
21733,רשת 13,2024-11-14,2024-11-14 07:37:36,7
21734,רשת 13,2024-11-14,2024-11-14 07:37:58,7
21735,רשת 13,2024-11-14,2024-11-14 07:38:15,7
21736,רשת 13,2024-11-14,2024-11-14 07:38:34,7
21737,רשת 13,2024-11-14,2024-11-14 07:38:46,7
21738,רשת 13,2024-11-14,2024-11-14 07:39:06,7
21739,רשת 13,2024-11-14,2024-11-14 07:39:26,7
21740,רשת 13,2024-11-14,2024-11-14 07:39:42,7
21741,רשת 13,2024-11-14,2024-11-14 07:39:48,7
21742,רשת 13,2024-11-14,2024-11-14 07:40:03,7
21743,רשת 13,2024-11-14,2024-11-14 07:40:08,7
21744,רשת 13,2024-11-14,2024-11-14 07:40:14,7
21745,רשת 13,2024-11-14,2024-11-14 07:40:48,7
21746,רשת 13,2024-11-14,2024-11-14 07:41:43,7
21747,רשת 13,2024-11-14,2024-11-14 07:42:31,7
21748,רשת 13,2024-11-14,2024-11-14 07:43:20,7
21749,רשת 13,2024-11-14,2024-11-14 07:43:57,7
21750,רשת 13,2024-11-14,2024-11-14 08:07:33,8
21751,רשת 13,2024-11-14,2024-11-14 08:08:11,8
21752,רשת 13,2024-11-14,2024-11-14 08:14:01,8
21753,רשת 13,2024-11-14,2024-11-14 08:15:02,8
21754,רשת 13,2024-11-14,2024-11-14 08:15:08,8
21755,רשת 13,2024-11-14,2024-11-14 08:15:30,8
21756,רשת 13,2024-11-14,2024-11-14 08:16:12,8
21757,רשת 13,2024-11-14,2024-11-14 08:16:19,8
21758,רשת 13,2024-11-14,2024-11-14 08:16:29,8
21759,רשת 13,2024-11-14,2024-11-14 08:16:35,8
21760,רשת 13,2024-11-14,2024-11-14 08:16:47,8
21761,רשת 13,2024-11-14,2024-11-14 08:17:58,8
21762,רשת 13,2024-11-14,2024-11-14 08:18:17,8
21763,רשת 13,2024-11-14,2024-11-14 08:18:32,8
21764,רשת 13,2024-11-14,2024-11-14 08:18:49,8
21765,רשת 13,2024-11-14,2024-11-14 08:19:32,8
21766,רשת 13,2024-11-14,2024-11-14 08:19:47,8
21767,רשת 13,2024-11-14,2024-11-14 08:20:13,8
21768,רשת 13,2024-11-14,2024-11-14 08:20:47,8
21769,רשת 13,2024-11-14,2024-11-14 08:20:53,8
21770,רשת 13,2024-11-14,2024-11-14 08:21:46,8
21771,רשת 13,2024-11-14,2024-11-14 08:21:53,8
21772,רשת 13,2024-11-14,2024-11-14 08:22:03,8
21773,רשת 13,2024-11-14,2024-11-14 08:22:09,8
21774,רשת 13,2024-11-14,2024-11-14 08:39:05,8
21775,רשת 13,2024-11-14,2024-11-14 08:39:32,8
21776,רשת 13,2024-11-14,2024-11-14 08:39:38,8
21777,רשת 13,2024-11-14,2024-11-14 08:39:44,8
21778,רשת 13,2024-11-14,2024-11-14 08:39:50,8
21779,רשת 13,2024-11-14,2024-11-14 08:40:01,8
21780,רשת 13,2024-11-14,2024-11-14 08:40:21,8
21781,רשת 13,2024-11-14,2024-11-14 08:40:41,8
21782,רשת 13,2024-11-14,2024-11-14 08:40:56,8
21783,רשת 13,2024-11-14,2024-11-14 08:41:16,8
21784,רשת 13,2024-11-14,2024-11-14 08:41:28,8
21785,רשת 13,2024-11-14,2024-11-14 08:41:57,8
21786,רשת 13,2024-11-14,2024-11-14 08:42:10,8
21787,רשת 13,2024-11-14,2024-11-14 08:42:26,8
21788,רשת 13,2024-11-14,2024-11-14 08:42:45,8
21789,רשת 13,2024-11-14,2024-11-14 08:43:00,8
21790,רשת 13,2024-11-14,2024-11-14 08:43:16,8
21791,רשת 13,2024-11-14,2024-11-14 08:43:36,8
21792,רשת 13,2024-11-14,2024-11-14 08:43:51,8
21793,רשת 13,2024-11-14,2024-11-14 08:44:36,8
21794,רשת 13,2024-11-14,2024-11-14 08:45:07,8
21795,רשת 13,2024-11-14,2024-11-14 08:45:55,8
21796,רשת 13,2024-11-14,2024-11-14 09:06:36,9
21797,רשת 13,2024-11-14,2024-11-14 09:07:14,9
21798,רשת 13,2024-11-14,2024-11-14 09:17:45,9
21799,רשת 13,2024-11-14,2024-11-14 09:18:29,9
21800,רשת 13,2024-11-14,2024-11-14 09:19:15,9
21801,רשת 13,2024-11-14,2024-11-14 09:19:22,9
21802,רשת 13,2024-11-14,2024-11-14 09:19:28,9
21803,רשת 13,2024-11-14,2024-11-14 09:19:38,9
21804,רשת 13,2024-11-14,2024-11-14 09:19:50,9
21805,רשת 13,2024-11-14,2024-11-14 09:20:05,9
21806,רשת 13,2024-11-14,2024-11-14 09:20:25,9
21807,רשת 13,2024-11-14,2024-11-14 09:20:45,9
21808,רשת 13,2024-11-14,2024-11-14 09:21:15,9
21809,רשת 13,2024-11-14,2024-11-14 09:21:20,9
21810,רשת 13,2024-11-14,2024-11-14 09:22:36,9
21811,רשת 13,2024-11-14,2024-11-14 09:23:00,9
21812,רשת 13,2024-11-14,2024-11-14 09:23:49,9
21813,רשת 13,2024-11-14,2024-11-14 09:24:42,9
21814,רשת 13,2024-11-14,2024-11-14 09:24:49,9
21815,רשת 13,2024-11-14,2024-11-14 09:24:59,9
21816,רשת 13,2024-11-14,2024-11-14 09:46:21,9
21817,רשת 13,2024-11-14,2024-11-14 09:47:04,9
21818,רשת 13,2024-11-14,2024-11-14 09:47:15,9
21819,רשת 13,2024-11-14,2024-11-14 09:47:21,9
21820,רשת 13,2024-11-14,2024-11-14 09:47:32,9
21821,רשת 13,2024-11-14,2024-11-14 09:47:52,9
21822,רשת 13,2024-11-14,2024-11-14 09:48:12,9
21823,רשת 13,2024-11-14,2024-11-14 09:48:33,9
21824,רשת 13,2024-11-14,2024-11-14 09:49:04,9
21825,רשת 13,2024-11-14,2024-11-14 09:49:19,9
21826,רשת 13,2024-11-14,2024-11-14 09:49:49,9
21827,רשת 13,2024-11-14,2024-11-14 09:50:05,9
21828,רשת 13,2024-11-14,2024-11-14 09:50:18,9
21829,רשת 13,2024-11-14,2024-11-14 09:50:53,9
21830,רשת 13,2024-11-14,2024-11-14 09:51:42,9
21831,רשת 13,2024-11-14,2024-11-14 09:52:30,9
21832,רשת 13,2024-11-14,2024-11-14 10:07:03,10
21833,רשת 13,2024-11-14,2024-11-14 10:07:41,10
21834,רשת 13,2024-11-14,2024-11-14 10:27:38,10
21835,רשת 13,2024-11-14,2024-11-14 10:28:00,10
21836,רשת 13,2024-11-14,2024-11-14 10:28:43,10
21837,רשת 13,2024-11-14,2024-11-14 10:28:50,10
21838,רשת 13,2024-11-14,2024-11-14 10:29:00,10
21839,רשת 13,2024-11-14,2024-11-14 10:29:06,10
21840,רשת 13,2024-11-14,2024-11-14 10:29:18,10
21841,רשת 13,2024-11-14,2024-11-14 10:29:38,10
21842,רשת 13,2024-11-14,2024-11-14 10:29:59,10
21843,רשת 13,2024-11-14,2024-11-14 10:31:10,10
21844,רשת 13,2024-11-14,2024-11-14 10:31:25,10
21845,רשת 13,2024-11-14,2024-11-14 10:31:47,10
21846,רשת 13,2024-11-14,2024-11-14 10:32:02,10
21847,רשת 13,2024-11-14,2024-11-14 10:32:47,10
21848,רשת 13,2024-11-14,2024-11-14 10:33:09,10
21849,רשת 13,2024-11-14,2024-11-14 10:33:40,10
21850,רשת 13,2024-11-14,2024-11-14 10:34:33,10
21851,רשת 13,2024-11-14,2024-11-14 10:34:43,10
21852,רשת 13,2024-11-14,2024-11-14 11:05:38,11
21853,רשת 13,2024-11-14,2024-11-14 11:06:16,11
21854,רשת 13,2024-11-14,2024-11-14 11:24:37,11
21855,רשת 13,2024-11-14,2024-11-14 11:25:20,11
21856,רשת 13,2024-11-14,2024-11-14 11:25:40,11
21857,רשת 13,2024-11-14,2024-11-14 11:25:46,11
21858,רשת 13,2024-11-14,2024-11-14 11:25:52,11
21859,רשת 13,2024-11-14,2024-11-14 11:26:02,11
21860,רשת 13,2024-11-14,2024-11-14 11:26:08,11
21861,רשת 13,2024-11-14,2024-11-14 11:26:29,11
21862,רשת 13,2024-11-14,2024-11-14 11:26:44,11
21863,רשת 13,2024-11-14,2024-11-14 11:27:05,11
21864,רשת 13,2024-11-14,2024-11-14 11:27:25,11
21865,רשת 13,2024-11-14,2024-11-14 11:27:40,11
21866,רשת 13,2024-11-14,2024-11-14 11:28:01,11
21867,רשת 13,2024-11-14,2024-11-14 11:28:14,11
21868,רשת 13,2024-11-14,2024-11-14 11:28:36,11
21869,רשת 13,2024-11-14,2024-11-14 11:28:56,11
21870,רשת 13,2024-11-14,2024-11-14 11:30:20,11
21871,רשת 13,2024-11-14,2024-11-14 11:31:15,11
21872,רשת 13,2024-11-14,2024-11-14 11:32:03,11
21873,רשת 13,2024-11-14,2024-11-14 11:32:52,11
21874,רשת 13,2024-11-14,2024-11-14 11:32:58,11
21875,רשת 13,2024-11-14,2024-11-14 11:33:08,11
21876,רשת 13,2024-11-14,2024-11-14 11:33:14,11
21877,רשת 13,2024-11-14,2024-11-14 12:04:49,12
21878,רשת 13,2024-11-14,2024-11-14 12:05:27,12
21879,רשת 13,2024-11-14,2024-11-14 12:24:27,12
21880,רשת 13,2024-11-14,2024-11-14 12:25:14,12
21881,רשת 13,2024-11-14,2024-11-14 12:25:20,12
21882,רשת 13,2024-11-14,2024-11-14 12:25:26,12
21883,רשת 13,2024-11-14,2024-11-14 12:25:32,12
21884,רשת 13,2024-11-14,2024-11-14 12:25:42,12
21885,רשת 13,2024-11-14,2024-11-14 12:26:04,12
21886,רשת 13,2024-11-14,2024-11-14 12:26:25,12
21887,רשת 13,2024-11-14,2024-11-14 12:26:45,12
21888,רשת 13,2024-11-14,2024-11-14 12:27:56,12
21889,רשת 13,2024-11-14,2024-11-14 12:28:16,12
21890,רשת 13,2024-11-14,2024-11-14 12:28:31,12
21891,רשת 13,2024-11-14,2024-11-14 12:29:00,12
21892,רשת 13,2024-11-14,2024-11-14 12:29:15,12
21893,רשת 13,2024-11-14,2024-11-14 12:29:27,12
21894,רשת 13,2024-11-14,2024-11-14 12:29:40,12
21895,רשת 13,2024-11-14,2024-11-14 12:30:15,12
21896,רשת 13,2024-11-14,2024-11-14 12:31:10,12
21897,רשת 13,2024-11-14,2024-11-14 12:31:45,12
21898,רשת 13,2024-11-14,2024-11-14 12:31:55,12
21899,רשת 13,2024-11-14,2024-11-14 12:32:01,12
21900,רשת 13,2024-11-14,2024-11-14 12:32:07,12
21901,רשת 13,2024-11-14,2024-11-14 12:32:13,12
21902,רשת 13,2024-11-14,2024-11-14 12:32:19,12
21903,רשת 13,2024-11-14,2024-11-14 12:39:07,12
21904,רשת 13,2024-11-14,2024-11-14 12:39:29,12
21905,רשת 13,2024-11-14,2024-11-14 12:39:45,12
21906,רשת 13,2024-11-14,2024-11-14 12:40:16,12
21907,רשת 13,2024-11-14,2024-11-14 12:41:04,12
21908,רשת 13,2024-11-14,2024-11-14 13:04:56,13
21909,רשת 13,2024-11-14,2024-11-14 13:05:34,13
21910,רשת 13,2024-11-14,2024-11-14 13:25:21,13
21911,רשת 13,2024-11-14,2024-11-14 13:26:04,13
21912,רשת 13,2024-11-14,2024-11-14 13:26:33,13
21913,רשת 13,2024-11-14,2024-11-14 13:26:43,13
21914,רשת 13,2024-11-14,2024-11-14 13:27:05,13
21915,רשת 13,2024-11-14,2024-11-14 13:27:25,13
21916,רשת 13,2024-11-14,2024-11-14 13:27:40,13
21917,רשת 13,2024-11-14,2024-11-14 13:28:51,13
21918,רשת 13,2024-11-14,2024-11-14 13:29:06,13
21919,רשת 13,2024-11-14,2024-11-14 13:29:21,13
21920,רשת 13,2024-11-14,2024-11-14 13:29:48,13
21921,רשת 13,2024-11-14,2024-11-14 13:30:36,13
21922,רשת 13,2024-11-14,2024-11-14 13:31:12,13
21923,רשת 13,2024-11-14,2024-11-14 13:31:22,13
21924,רשת 13,2024-11-14,2024-11-14 13:41:22,13
21925,רשת 13,2024-11-14,2024-11-14 13:42:05,13
21926,רשת 13,2024-11-14,2024-11-14 13:43:00,13
21927,רשת 13,2024-11-14,2024-11-14 13:43:49,13
21928,רשת 13,2024-11-14,2024-11-14 13:44:04,13
21929,רשת 13,2024-11-14,2024-11-14 13:45:09,13
21930,רשת 13,2024-11-14,2024-11-14 13:45:45,13
21931,רשת 13,2024-11-14,2024-11-14 13:45:51,13
21932,רשת 13,2024-11-14,2024-11-14 14:03:51,14
21933,רשת 13,2024-11-14,2024-11-14 14:04:29,14
21934,רשת 13,2024-11-14,2024-11-14 14:26:43,14
21935,רשת 13,2024-11-14,2024-11-14 14:27:26,14
21936,רשת 13,2024-11-14,2024-11-14 14:27:32,14
21937,רשת 13,2024-11-14,2024-11-14 14:28:08,14
21938,רשת 13,2024-11-14,2024-11-14 14:28:14,14
21939,רשת 13,2024-11-14,2024-11-14 14:28:24,14
21940,רשת 13,2024-11-14,2024-11-14 14:28:45,14
21941,רשת 13,2024-11-14,2024-11-14 14:29:06,14
21942,רשת 13,2024-11-14,2024-11-14 14:29:27,14
21943,רשת 13,2024-11-14,2024-11-14 14:29:47,14
21944,רשת 13,2024-11-14,2024-11-14 14:30:07,14
21945,רשת 13,2024-11-14,2024-11-14 14:31:18,14
21946,רשת 13,2024-11-14,2024-11-14 14:31:33,14
21947,רשת 13,2024-11-14,2024-11-14 14:32:01,14
21948,רשת 13,2024-11-14,2024-11-14 14:32:16,14
21949,רשת 13,2024-11-14,2024-11-14 14:33:00,14
21950,רשת 13,2024-11-14,2024-11-14 14:33:49,14
21951,רשת 13,2024-11-14,2024-11-14 14:34:37,14
21952,רשת 13,2024-11-14,2024-11-14 14:35:47,14
21953,רשת 13,2024-11-14,2024-11-14 14:35:53,14
21954,רשת 13,2024-11-14,2024-11-14 14:46:24,14
21955,רשת 13,2024-11-14,2024-11-14 14:47:12,14
21956,רשת 13,2024-11-14,2024-11-14 14:47:43,14
21957,רשת 13,2024-11-14,2024-11-14 14:48:28,14
21958,רשת 13,2024-11-14,2024-11-14 14:48:42,14
21959,רשת 13,2024-11-14,2024-11-14 14:49:42,14
21960,רשת 13,2024-11-14,2024-11-14 14:50:25,14
21961,רשת 13,2024-11-14,2024-11-14 14:51:14,14
21962,רשת 13,2024-11-14,2024-11-14 15:26:35,15
21963,רשת 13,2024-11-14,2024-11-14 15:26:57,15
21964,רשת 13,2024-11-14,2024-11-14 15:27:42,15
21965,רשת 13,2024-11-14,2024-11-14 15:27:48,15
21966,רשת 13,2024-11-14,2024-11-14 15:27:54,15
21967,רשת 13,2024-11-14,2024-11-14 15:28:00,15
21968,רשת 13,2024-11-14,2024-11-14 15:28:10,15
21969,רשת 13,2024-11-14,2024-11-14 15:28:21,15
21970,רשת 13,2024-11-14,2024-11-14 15:28:36,15
21971,רשת 13,2024-11-14,2024-11-14 15:29:11,15
21972,רשת 13,2024-11-14,2024-11-14 15:29:44,15
21973,רשת 13,2024-11-14,2024-11-14 15:30:15,15
21974,רשת 13,2024-11-14,2024-11-14 15:31:08,15
21975,רשת 13,2024-11-14,2024-11-14 15:31:45,15
21976,רשת 13,2024-11-14,2024-11-14 15:31:55,15
21977,רשת 13,2024-11-14,2024-11-14 15:32:01,15
21978,רשת 13,2024-11-14,2024-11-14 15:32:11,15
21979,רשת 13,2024-11-14,2024-11-14 15:32:17,15
21980,רשת 13,2024-11-14,2024-11-14 15:32:23,15
21981,רשת 13,2024-11-14,2024-11-14 16:08:47,16
21982,רשת 13,2024-11-14,2024-11-14 16:09:31,16
21983,רשת 13,2024-11-14,2024-11-14 16:09:50,16
21984,רשת 13,2024-11-14,2024-11-14 16:09:57,16
21985,רשת 13,2024-11-14,2024-11-14 16:10:03,16
21986,רשת 13,2024-11-14,2024-11-14 16:10:09,16
21987,רשת 13,2024-11-14,2024-11-14 16:10:15,16
21988,רשת 13,2024-11-14,2024-11-14 16:10:25,16
21989,רשת 13,2024-11-14,2024-11-14 16:10:46,16
21990,רשת 13,2024-11-14,2024-11-14 16:11:07,16
21991,רשת 13,2024-11-14,2024-11-14 16:11:55,16
21992,רשת 13,2024-11-14,2024-11-14 16:12:10,16
21993,רשת 13,2024-11-14,2024-11-14 16:12:25,16
21994,רשת 13,2024-11-14,2024-11-14 16:12:38,16
21995,רשת 13,2024-11-14,2024-11-14 16:12:56,16
21996,רשת 13,2024-11-14,2024-11-14 16:13:16,16
21997,רשת 13,2024-11-14,2024-11-14 16:13:31,16
21998,רשת 13,2024-11-14,2024-11-14 16:13:51,16
21999,רשת 13,2024-11-14,2024-11-14 16:13:57,16
22000,רשת 13,2024-11-14,2024-11-14 16:14:29,16
22001,רשת 13,2024-11-14,2024-11-14 16:15:02,16
22002,רשת 13,2024-11-14,2024-11-14 16:15:50,16
22003,רשת 13,2024-11-14,2024-11-14 16:16:38,16
22004,רשת 13,2024-11-14,2024-11-14 16:17:16,16
22005,רשת 13,2024-11-14,2024-11-14 16:17:26,16
22006,רשת 13,2024-11-14,2024-11-14 16:17:33,16
22007,רשת 13,2024-11-14,2024-11-14 16:17:43,16
22008,רשת 13,2024-11-14,2024-11-14 16:17:49,16
22009,רשת 13,2024-11-14,2024-11-14 16:17:55,16
22010,רשת 13,2024-11-14,2024-11-14 16:18:02,16
22011,רשת 13,2024-11-14,2024-11-14 17:12:42,17
22012,רשת 13,2024-11-14,2024-11-14 17:13:30,17
22013,רשת 13,2024-11-14,2024-11-14 17:13:36,17
22014,רשת 13,2024-11-14,2024-11-14 17:13:43,17
22015,רשת 13,2024-11-14,2024-11-14 17:13:49,17
22016,רשת 13,2024-11-14,2024-11-14 17:13:59,17
22017,רשת 13,2024-11-14,2024-11-14 17:14:05,17
22018,רשת 13,2024-11-14,2024-11-14 17:14:11,17
22019,רשת 13,2024-11-14,2024-11-14 17:14:24,17
22020,רשת 13,2024-11-14,2024-11-14 17:14:49,17
22021,רשת 13,2024-11-14,2024-11-14 17:15:06,17
22022,רשת 13,2024-11-14,2024-11-14 17:15:25,17
22023,רשת 13,2024-11-14,2024-11-14 17:15:45,17
22024,רשת 13,2024-11-14,2024-11-14 17:16:05,17
22025,רשת 13,2024-11-14,2024-11-14 17:16:10,17
22026,רשת 13,2024-11-14,2024-11-14 17:16:32,17
22027,רשת 13,2024-11-14,2024-11-14 17:17:03,17
22028,רשת 13,2024-11-14,2024-11-14 17:18:12,17
22029,רשת 13,2024-11-14,2024-11-14 17:18:50,17
22030,רשת 13,2024-11-14,2024-11-14 17:19:01,17
22031,רשת 13,2024-11-14,2024-11-14 17:19:08,17
22032,רשת 13,2024-11-14,2024-11-14 17:19:14,17
22033,רשת 13,2024-11-14,2024-11-14 17:19:24,17
22034,רשת 13,2024-11-14,2024-11-14 17:19:30,17
22035,רשת 13,2024-11-14,2024-11-14 17:19:37,17
22036,רשת 13,2024-11-14,2024-11-14 17:53:19,17
22037,רשת 13,2024-11-14,2024-11-14 17:54:19,17
22038,רשת 13,2024-11-14,2024-11-14 18:37:33,18
22039,רשת 13,2024-11-14,2024-11-14 18:38:22,18
22040,רשת 13,2024-11-14,2024-11-14 18:38:28,18
22041,רשת 13,2024-11-14,2024-11-14 18:38:35,18
22042,רשת 13,2024-11-14,2024-11-14 18:38:41,18
22043,רשת 13,2024-11-14,2024-11-14 18:38:47,18
22044,רשת 13,2024-11-14,2024-11-14 18:38:57,18
22045,רשת 13,2024-11-14,2024-11-14 18:39:03,18
22046,רשת 13,2024-11-14,2024-11-14 18:39:16,18
22047,רשת 13,2024-11-14,2024-11-14 18:39:33,18
22048,רשת 13,2024-11-14,2024-11-14 18:39:54,18
22049,רשת 13,2024-11-14,2024-11-14 18:40:09,18
22050,רשת 13,2024-11-14,2024-11-14 18:40:28,18
22051,רשת 13,2024-11-14,2024-11-14 18:40:56,18
22052,רשת 13,2024-11-14,2024-11-14 18:41:12,18
22053,רשת 13,2024-11-14,2024-11-14 18:41:22,18
22054,רשת 13,2024-11-14,2024-11-14 18:41:55,18
22055,רשת 13,2024-11-14,2024-11-14 18:42:15,18
22056,רשת 13,2024-11-14,2024-11-14 18:42:50,18
22057,רשת 13,2024-11-14,2024-11-14 18:43:11,18
22058,רשת 13,2024-11-14,2024-11-14 18:44:03,18
22059,רשת 13,2024-11-14,2024-11-14 18:44:41,18
22060,רשת 13,2024-11-14,2024-11-14 18:44:52,18
22061,רשת 13,2024-11-14,2024-11-14 18:44:59,18
22062,רשת 13,2024-11-14,2024-11-14 18:45:05,18
22063,רשת 13,2024-11-14,2024-11-14 18:45:15,18
22064,רשת 13,2024-11-14,2024-11-14 18:45:21,18
22065,רשת 13,2024-11-14,2024-11-14 18:45:27,18
22066,רשת 13,2024-11-14,2024-11-14 19:00:11,19
22067,רשת 13,2024-11-14,2024-11-14 19:01:00,19
22068,רשת 13,2024-11-14,2024-11-14 19:01:07,19
22069,רשת 13,2024-11-14,2024-11-14 19:01:17,19
22070,רשת 13,2024-11-14,2024-11-14 19:01:23,19
22071,רשת 13,2024-11-14,2024-11-14 19:01:29,19
22072,רשת 13,2024-11-14,2024-11-14 19:01:42,19
22073,רשת 13,2024-11-14,2024-11-14 19:01:59,19
22074,רשת 13,2024-11-14,2024-11-14 19:02:22,19
22075,רשת 13,2024-11-14,2024-11-14 19:02:42,19
22076,רשת 13,2024-11-14,2024-11-14 19:03:01,19
22077,רשת 13,2024-11-14,2024-11-14 19:03:07,19
22078,רשת 13,2024-11-14,2024-11-14 19:03:42,19
22079,רשת 13,2024-11-14,2024-11-14 19:04:23,19
22080,רשת 13,2024-11-14,2024-11-14 19:05:16,19
22081,רשת 13,2024-11-14,2024-11-14 19:05:22,19
22082,רשת 13,2024-11-14,2024-11-14 19:05:28,19
22083,רשת 13,2024-11-14,2024-11-14 19:05:34,19
22084,רשת 13,2024-11-14,2024-11-14 19:05:44,19
22085,רשת 13,2024-11-14,2024-11-14 19:40:20,19
22086,רשת 13,2024-11-14,2024-11-14 19:51:32,19
22087,רשת 13,2024-11-14,2024-11-14 19:52:32,19
22088,רשת 13,2024-11-14,2024-11-14 19:53:37,19
22089,רשת 13,2024-11-14,2024-11-14 20:40:18,20
22090,רשת 13,2024-11-14,2024-11-14 20:41:07,20
22091,רשת 13,2024-11-14,2024-11-14 20:41:28,20
22092,רשת 13,2024-11-14,2024-11-14 20:41:48,20
22093,רשת 13,2024-11-14,2024-11-14 20:42:04,20
22094,רשת 13,2024-11-14,2024-11-14 20:42:23,20
22095,רשת 13,2024-11-14,2024-11-14 20:42:54,20
22096,רשת 13,2024-11-14,2024-11-14 20:43:14,20
22097,רשת 13,2024-11-14,2024-11-14 20:43:37,20
22098,רשת 13,2024-11-14,2024-11-14 20:43:56,20
22099,רשת 13,2024-11-14,2024-11-14 20:44:01,20
22100,רשת 13,2024-11-14,2024-11-14 20:44:48,20
22101,רשת 13,2024-11-14,2024-11-14 20:45:10,20
22102,רשת 13,2024-11-14,2024-11-14 21:04:59,21
22103,רשת 13,2024-11-14,2024-11-14 21:05:46,21
22104,רשת 13,2024-11-14,2024-11-14 21:05:52,21
22105,רשת 13,2024-11-14,2024-11-14 21:05:58,21
22106,רשת 13,2024-11-14,2024-11-14 21:06:05,21
22107,רשת 13,2024-11-14,2024-11-14 21:06:11,21
22108,רשת 13,2024-11-14,2024-11-14 21:06:17,21
22109,רשת 13,2024-11-14,2024-11-14 21:06:24,21
22110,רשת 13,2024-11-14,2024-11-14 21:06:44,21
22111,רשת 13,2024-11-14,2024-11-14 21:07:09,21
22112,רשת 13,2024-11-14,2024-11-14 21:07:26,21
22113,רשת 13,2024-11-14,2024-11-14 21:07:38,21
22114,רשת 13,2024-11-14,2024-11-14 21:07:55,21
22115,רשת 13,2024-11-14,2024-11-14 21:08:21,21
22116,רשת 13,2024-11-14,2024-11-14 21:08:37,21
22117,רשת 13,2024-11-14,2024-11-14 21:08:52,21
22118,רשת 13,2024-11-14,2024-11-14 21:09:16,21
22119,רשת 13,2024-11-14,2024-11-14 21:09:22,21
22120,רשת 13,2024-11-14,2024-11-14 21:09:35,21
22121,רשת 13,2024-11-14,2024-11-14 21:10:11,21
22122,רשת 13,2024-11-14,2024-11-14 21:10:59,21
22123,רשת 13,2024-11-14,2024-11-14 21:27:52,21
22124,רשת 13,2024-11-14,2024-11-14 21:29:16,21
22125,רשת 13,2024-11-14,2024-11-14 22:08:46,22
22126,רשת 13,2024-11-14,2024-11-14 22:09:56,22
22127,רשת 13,2024-11-14,2024-11-14 22:10:02,22
22128,רשת 13,2024-11-14,2024-11-14 22:10:08,22
22129,רשת 13,2024-11-14,2024-11-14 22:10:14,22
22130,רשת 13,2024-11-14,2024-11-14 22:10:21,22
22131,רשת 13,2024-11-14,2024-11-14 22:10:27,22
22132,רשת 13,2024-11-14,2024-11-14 22:10:33,22
22133,רשת 13,2024-11-14,2024-11-14 22:10:39,22
22134,רשת 13,2024-11-14,2024-11-14 22:10:55,22
22135,רשת 13,2024-11-14,2024-11-14 22:11:10,22
22136,רשת 13,2024-11-14,2024-11-14 22:11:27,22
22137,רשת 13,2024-11-14,2024-11-14 22:11:42,22
22138,רשת 13,2024-11-14,2024-11-14 22:12:24,22
22139,רשת 13,2024-11-14,2024-11-14 22:12:44,22
22140,רשת 13,2024-11-14,2024-11-14 22:13:04,22
22141,רשת 13,2024-11-14,2024-11-14 22:13:19,22
22142,רשת 13,2024-11-14,2024-11-14 22:13:45,22
22143,רשת 13,2024-11-14,2024-11-14 22:14:33,22
22144,רשת 13,2024-11-14,2024-11-14 22:14:57,22
22145,רשת 13,2024-11-14,2024-11-14 22:15:12,22
22146,רשת 13,2024-11-14,2024-11-14 22:15:41,22
22147,רשת 13,2024-11-14,2024-11-14 22:15:56,22
22148,רשת 13,2024-11-14,2024-11-14 22:16:02,22
22149,רשת 13,2024-11-14,2024-11-14 22:16:33,22
22150,רשת 13,2024-11-14,2024-11-14 22:17:06,22
22151,רשת 13,2024-11-14,2024-11-14 22:17:36,22
22152,רשת 13,2024-11-14,2024-11-14 22:17:41,22
22153,רשת 13,2024-11-14,2024-11-14 22:18:10,22
22154,רשת 13,2024-11-14,2024-11-14 22:19:03,22
22155,רשת 13,2024-11-14,2024-11-14 22:19:09,22
22156,רשת 13,2024-11-14,2024-11-14 22:19:15,22
22157,רשת 13,2024-11-14,2024-11-14 22:19:25,22
22158,רשת 13,2024-11-14,2024-11-14 22:19:31,22
22159,רשת 13,2024-11-14,2024-11-14 22:19:37,22
22160,רשת 13,2024-11-14,2024-11-14 22:38:57,22
22161,רשת 13,2024-11-14,2024-11-14 22:39:24,22
22162,רשת 13,2024-11-14,2024-11-14 22:40:13,22
22163,רשת 13,2024-11-14,2024-11-14 22:40:19,22
22164,רשת 13,2024-11-14,2024-11-14 22:40:25,22
22165,רשת 13,2024-11-14,2024-11-14 22:40:31,22
22166,רשת 13,2024-11-14,2024-11-14 22:40:37,22
22167,רשת 13,2024-11-14,2024-11-14 22:40:43,22
22168,רשת 13,2024-11-14,2024-11-14 22:41:02,22
22169,רשת 13,2024-11-14,2024-11-14 22:41:23,22
22170,רשת 13,2024-11-14,2024-11-14 22:41:38,22
22171,רשת 13,2024-11-14,2024-11-14 22:41:57,22
22172,רשת 13,2024-11-14,2024-11-14 22:42:23,22
22173,רשת 13,2024-11-14,2024-11-14 22:42:46,22
22174,רשת 13,2024-11-14,2024-11-14 22:43:01,22
22175,רשת 13,2024-11-14,2024-11-14 22:43:49,22
22176,רשת 13,2024-11-14,2024-11-14 22:44:09,22
22177,רשת 13,2024-11-14,2024-11-14 22:44:29,22
22178,רשת 13,2024-11-14,2024-11-14 22:45:11,22
22179,רשת 13,2024-11-14,2024-11-14 22:45:40,22
22180,רשת 13,2024-11-14,2024-11-14 22:46:01,22
22181,רשת 13,2024-11-14,2024-11-14 22:46:18,22
22182,רשת 13,2024-11-14,2024-11-14 22:46:48,22
22183,רשת 13,2024-11-14,2024-11-14 22:47:03,22
22184,רשת 13,2024-11-14,2024-11-14 22:47:19,22
22185,רשת 13,2024-11-14,2024-11-14 22:47:50,22
22186,רשת 13,2024-11-14,2024-11-14 22:48:05,22
22187,רשת 13,2024-11-14,2024-11-14 22:48:34,22
22188,רשת 13,2024-11-14,2024-11-14 22:48:56,22
22189,רשת 13,2024-11-14,2024-11-14 23:04:51,23
22190,רשת 13,2024-11-14,2024-11-14 23:05:37,23
22191,רשת 13,2024-11-14,2024-11-14 23:05:53,23
22192,רשת 13,2024-11-14,2024-11-14 23:06:14,23
22193,רשת 13,2024-11-14,2024-11-14 23:06:29,23
22194,רשת 13,2024-11-14,2024-11-14 23:06:49,23
22195,רשת 13,2024-11-14,2024-11-14 23:07:04,23
22196,רשת 13,2024-11-14,2024-11-14 23:07:24,23
22197,רשת 13,2024-11-14,2024-11-14 23:08:07,23
22198,רשת 13,2024-11-14,2024-11-14 23:08:27,23
22199,רשת 13,2024-11-14,2024-11-14 23:08:57,23
22200,רשת 13,2024-11-14,2024-11-14 23:09:12,23
22201,רשת 13,2024-11-14,2024-11-14 23:09:46,23
22202,רשת 13,2024-11-14,2024-11-14 23:10:08,23
22203,רשת 13,2024-11-14,2024-11-14 23:10:50,23
22204,רשת 13,2024-11-14,2024-11-14 23:11:55,23
22205,רשת 13,2024-11-14,2024-11-14 23:52:13,23
22206,רשת 13,2024-11-14,2024-11-14 23:52:58,23
22207,רשת 13,2024-11-14,2024-11-14 23:53:18,23
22208,רשת 13,2024-11-14,2024-11-14 23:53:25,23
22209,רשת 13,2024-11-14,2024-11-14 23:53:35,23
22210,רשת 13,2024-11-14,2024-11-14 23:53:41,23
22211,רשת 13,2024-11-14,2024-11-14 23:54:01,23
22212,רשת 13,2024-11-14,2024-11-14 23:54:18,23
22213,רשת 13,2024-11-14,2024-11-14 23:54:33,23
22214,רשת 13,2024-11-14,2024-11-14 23:54:49,23
22215,רשת 13,2024-11-14,2024-11-14 23:55:20,23
22216,רשת 13,2024-11-14,2024-11-14 23:56:02,23
22217,רשת 13,2024-11-14,2024-11-14 23:56:18,23
22218,רשת 13,2024-11-14,2024-11-14 23:56:44,23
22219,רשת 13,2024-11-14,2024-11-14 23:56:59,23
22220,רשת 13,2024-11-14,2024-11-14 23:57:14,23
22221,רשת 13,2024-11-14,2024-11-14 23:57:25,23
22222,רשת 13,2024-11-14,2024-11-14 23:58:13,23
22223,רשת 13,2024-11-14,2024-11-14 23:58:40,23
22224,רשת 13,2024-11-14,2024-11-14 23:58:46,23
22225,רשת 13,2024-11-14,2024-11-14 00:27:46,0
22226,רשת 13,2024-11-14,2024-11-14 00:28:27,0
22227,רשת 13,2024-11-14,2024-11-14 00:29:10,0
22228,רשת 13,2024-11-14,2024-11-14 00:29:16,0
22229,רשת 13,2024-11-14,2024-11-14 00:29:22,0
22230,רשת 13,2024-11-14,2024-11-14 00:29:28,0
22231,רשת 13,2024-11-14,2024-11-14 00:29:34,0
22232,רשת 13,2024-11-14,2024-11-14 00:29:57,0
22233,רשת 13,2024-11-14,2024-11-14 00:30:17,0
22234,רשת 13,2024-11-14,2024-11-14 00:30:32,0
22235,רשת 13,2024-11-14,2024-11-14 00:31:02,0
22236,רשת 13,2024-11-14,2024-11-14 00:31:26,0
22237,רשת 13,2024-11-14,2024-11-14 00:31:53,0
22238,רשת 13,2024-11-14,2024-11-14 00:32:31,0
22239,רשת 13,2024-11-14,2024-11-14 00:32:42,0
22240,רשת 13,2024-11-14,2024-11-14 00:32:48,0
22241,רשת 13,2024-11-14,2024-11-14 00:32:58,0
22242,רשת 13,2024-11-14,2024-11-14 00:33:04,0
22243,רשת 13,2024-11-14,2024-11-14 00:44:02,0
22244,רשת 13,2024-11-14,2024-11-14 00:44:43,0
22245,רשת 13,2024-11-14,2024-11-14 00:45:20,0
22246,רשת 13,2024-11-14,2024-11-14 00:45:39,0
22247,רשת 13,2024-11-14,2024-11-14 00:46:00,0
22248,רשת 13,2024-11-14,2024-11-14 00:46:48,0
22249,רשת 13,2024-11-14,2024-11-14 00:47:10,0
22250,רשת 13,2024-11-14,2024-11-14 01:36:17,1
22251,רשת 13,2024-11-14,2024-11-14 01:36:38,1
22252,רשת 13,2024-11-14,2024-11-14 01:37:22,1
22253,רשת 13,2024-11-14,2024-11-14 01:37:32,1
22254,רשת 13,2024-11-14,2024-11-14 01:37:53,1
22255,רשת 13,2024-11-14,2024-11-14 01:38:19,1
22256,רשת 13,2024-11-14,2024-11-14 01:38:25,1
22257,רשת 13,2024-11-14,2024-11-14 01:39:04,1
22258,רשת 13,2024-11-14,2024-11-14 01:40:23,1
22259,רשת 13,2024-11-14,2024-11-14 01:40:33,1
23053,רשת 13,2024-11-15,2024-11-15 02:28:23,2
23054,רשת 13,2024-11-15,2024-11-15 02:28:47,2
23055,רשת 13,2024-11-15,2024-11-15 02:29:52,2
23056,רשת 13,2024-11-15,2024-11-15 03:00:32,3
23057,רשת 13,2024-11-15,2024-11-15 03:01:11,3
23058,רשת 13,2024-11-15,2024-11-15 03:01:52,3
23059,רשת 13,2024-11-15,2024-11-15 03:29:30,3
23060,רשת 13,2024-11-15,2024-11-15 03:30:14,3
23061,רשת 13,2024-11-15,2024-11-15 03:30:55,3
23062,רשת 13,2024-11-15,2024-11-15 03:31:39,3
23063,רשת 13,2024-11-15,2024-11-15 03:32:27,3
23064,רשת 13,2024-11-15,2024-11-15 03:48:23,3
23065,רשת 13,2024-11-15,2024-11-15 03:49:02,3
23066,רשת 13,2024-11-15,2024-11-15 03:49:50,3
23067,רשת 13,2024-11-15,2024-11-15 05:25:04,5
23068,רשת 13,2024-11-15,2024-11-15 05:25:53,5
23069,רשת 13,2024-11-15,2024-11-15 05:26:37,5
23070,רשת 13,2024-11-15,2024-11-15 05:43:38,5
23071,רשת 13,2024-11-15,2024-11-15 06:14:47,6
23072,רשת 13,2024-11-15,2024-11-15 06:15:33,6
23073,רשת 13,2024-11-15,2024-11-15 06:15:40,6
23074,רשת 13,2024-11-15,2024-11-15 06:15:50,6
23075,רשת 13,2024-11-15,2024-11-15 06:16:10,6
23076,רשת 13,2024-11-15,2024-11-15 06:16:27,6
23077,רשת 13,2024-11-15,2024-11-15 06:16:42,6
23078,רשת 13,2024-11-15,2024-11-15 06:17:02,6
23079,רשת 13,2024-11-15,2024-11-15 06:17:56,6
23080,רשת 13,2024-11-15,2024-11-15 06:18:03,6
23081,רשת 13,2024-11-15,2024-11-15 06:18:13,6
23082,רשת 13,2024-11-15,2024-11-15 07:43:56,7
23083,רשת 13,2024-11-15,2024-11-15 07:44:18,7
23084,רשת 13,2024-11-15,2024-11-15 07:45:04,7
23085,רשת 13,2024-11-15,2024-11-15 07:45:10,7
23086,רשת 13,2024-11-15,2024-11-15 07:45:17,7
23087,רשת 13,2024-11-15,2024-11-15 07:45:27,7
23088,רשת 13,2024-11-15,2024-11-15 07:45:33,7
23089,רשת 13,2024-11-15,2024-11-15 07:45:39,7
23090,רשת 13,2024-11-15,2024-11-15 07:45:45,7
23091,רשת 13,2024-11-15,2024-11-15 07:46:05,7
23092,רשת 13,2024-11-15,2024-11-15 07:46:29,7
23093,רשת 13,2024-11-15,2024-11-15 07:46:44,7
23094,רשת 13,2024-11-15,2024-11-15 07:47:04,7
23095,רשת 13,2024-11-15,2024-11-15 07:47:21,7
23096,רשת 13,2024-11-15,2024-11-15 07:47:50,7
23097,רשת 13,2024-11-15,2024-11-15 07:48:21,7
23098,רשת 13,2024-11-15,2024-11-15 07:48:36,7
23099,רשת 13,2024-11-15,2024-11-15 07:48:47,7
23100,רשת 13,2024-11-15,2024-11-15 07:49:36,7
23101,רשת 13,2024-11-15,2024-11-15 07:49:58,7
23102,רשת 13,2024-11-15,2024-11-15 07:51:08,7
23103,רשת 13,2024-11-15,2024-11-15 07:51:18,7
23104,רשת 13,2024-11-15,2024-11-15 07:51:24,7
23105,רשת 13,2024-11-15,2024-11-15 08:13:05,8
23106,רשת 13,2024-11-15,2024-11-15 08:13:27,8
23107,רשת 13,2024-11-15,2024-11-15 08:14:06,8
23108,רשת 13,2024-11-15,2024-11-15 08:14:13,8
23109,רשת 13,2024-11-15,2024-11-15 08:14:23,8
23110,רשת 13,2024-11-15,2024-11-15 08:14:29,8
23111,רשת 13,2024-11-15,2024-11-15 08:14:35,8
23112,רשת 13,2024-11-15,2024-11-15 08:14:57,8
23113,רשת 13,2024-11-15,2024-11-15 08:15:16,8
23114,רשת 13,2024-11-15,2024-11-15 08:15:36,8
23115,רשת 13,2024-11-15,2024-11-15 08:15:51,8
23116,רשת 13,2024-11-15,2024-11-15 08:16:06,8
23117,רשת 13,2024-11-15,2024-11-15 08:16:54,8
23118,רשת 13,2024-11-15,2024-11-15 08:17:18,8
23119,רשת 13,2024-11-15,2024-11-15 08:17:33,8
23120,רשת 13,2024-11-15,2024-11-15 08:17:54,8
23121,רשת 13,2024-11-15,2024-11-15 08:18:00,8
23122,רשת 13,2024-11-15,2024-11-15 08:18:39,8
23123,רשת 13,2024-11-15,2024-11-15 08:19:06,8
23124,רשת 13,2024-11-15,2024-11-15 08:19:13,8
23125,רשת 13,2024-11-15,2024-11-15 08:19:23,8
23126,רשת 13,2024-11-15,2024-11-15 08:19:29,8
23127,רשת 13,2024-11-15,2024-11-15 08:19:35,8
23128,רשת 13,2024-11-15,2024-11-15 08:45:23,8
23129,רשת 13,2024-11-15,2024-11-15 08:46:02,8
23130,רשת 13,2024-11-15,2024-11-15 08:46:55,8
23131,רשת 13,2024-11-15,2024-11-15 08:47:19,8
23132,רשת 13,2024-11-15,2024-11-15 08:47:34,8
23133,רשת 13,2024-11-15,2024-11-15 08:47:52,8
23134,רשת 13,2024-11-15,2024-11-15 08:48:11,8
23135,רשת 13,2024-11-15,2024-11-15 08:48:53,8
23136,רשת 13,2024-11-15,2024-11-15 08:49:13,8
23137,רשת 13,2024-11-15,2024-11-15 08:49:19,8
23138,רשת 13,2024-11-15,2024-11-15 08:49:52,8
23139,רשת 13,2024-11-15,2024-11-15 08:50:15,8
23140,רשת 13,2024-11-15,2024-11-15 08:51:03,8
23141,רשת 13,2024-11-15,2024-11-15 09:06:46,9
23142,רשת 13,2024-11-15,2024-11-15 09:07:25,9
23143,רשת 13,2024-11-15,2024-11-15 09:18:47,9
23144,רשת 13,2024-11-15,2024-11-15 09:19:28,9
23145,רשת 13,2024-11-15,2024-11-15 09:20:07,9
23146,רשת 13,2024-11-15,2024-11-15 09:20:14,9
23147,רשת 13,2024-11-15,2024-11-15 09:20:24,9
23148,רשת 13,2024-11-15,2024-11-15 09:20:30,9
23149,רשת 13,2024-11-15,2024-11-15 09:20:50,9
23150,רשת 13,2024-11-15,2024-11-15 09:21:09,9
23151,רשת 13,2024-11-15,2024-11-15 09:21:24,9
23152,רשת 13,2024-11-15,2024-11-15 09:21:48,9
23153,רשת 13,2024-11-15,2024-11-15 09:22:08,9
23154,רשת 13,2024-11-15,2024-11-15 09:22:28,9
23155,רשת 13,2024-11-15,2024-11-15 09:22:33,9
23156,רשת 13,2024-11-15,2024-11-15 09:22:57,9
23157,רשת 13,2024-11-15,2024-11-15 09:23:40,9
23158,רשת 13,2024-11-15,2024-11-15 09:24:02,9
23159,רשת 13,2024-11-15,2024-11-15 09:25:12,9
23160,רשת 13,2024-11-15,2024-11-15 09:25:19,9
23161,רשת 13,2024-11-15,2024-11-15 09:25:29,9
23162,רשת 13,2024-11-15,2024-11-15 09:25:35,9
23163,רשת 13,2024-11-15,2024-11-15 09:38:29,9
23164,רשת 13,2024-11-15,2024-11-15 09:38:51,9
23165,רשת 13,2024-11-15,2024-11-15 09:39:46,9
23166,רשת 13,2024-11-15,2024-11-15 09:40:01,9
23167,רשת 13,2024-11-15,2024-11-15 09:40:17,9
23168,רשת 13,2024-11-15,2024-11-15 09:40:27,9
23169,רשת 13,2024-11-15,2024-11-15 09:41:09,9
23170,רשת 13,2024-11-15,2024-11-15 09:41:57,9
23171,רשת 13,2024-11-15,2024-11-15 09:42:26,9
23172,רשת 13,2024-11-15,2024-11-15 09:42:52,9
23173,רשת 13,2024-11-15,2024-11-15 09:43:21,9
23174,רשת 13,2024-11-15,2024-11-15 09:43:27,9
23175,רשת 13,2024-11-15,2024-11-15 09:44:16,9
23176,רשת 13,2024-11-15,2024-11-15 10:06:03,10
23177,רשת 13,2024-11-15,2024-11-15 10:06:42,10
23178,רשת 13,2024-11-15,2024-11-15 10:33:29,10
23179,רשת 13,2024-11-15,2024-11-15 10:34:08,10
23180,רשת 13,2024-11-15,2024-11-15 10:34:51,10
23181,רשת 13,2024-11-15,2024-11-15 10:34:58,10
23182,רשת 13,2024-11-15,2024-11-15 10:35:04,10
23183,רשת 13,2024-11-15,2024-11-15 10:35:14,10
23184,רשת 13,2024-11-15,2024-11-15 10:35:37,10
23185,רשת 13,2024-11-15,2024-11-15 10:35:58,10
23186,רשת 13,2024-11-15,2024-11-15 10:36:18,10
23187,רשת 13,2024-11-15,2024-11-15 10:36:42,10
23188,רשת 13,2024-11-15,2024-11-15 10:37:24,10
23189,רשת 13,2024-11-15,2024-11-15 10:37:44,10
23190,רשת 13,2024-11-15,2024-11-15 10:38:32,10
23191,רשת 13,2024-11-15,2024-11-15 10:39:03,10
23192,רשת 13,2024-11-15,2024-11-15 10:39:35,10
23193,רשת 13,2024-11-15,2024-11-15 10:39:51,10
23194,רשת 13,2024-11-15,2024-11-15 10:40:19,10
23195,רשת 13,2024-11-15,2024-11-15 10:40:42,10
23196,רשת 13,2024-11-15,2024-11-15 10:41:30,10
23197,רשת 13,2024-11-15,2024-11-15 10:42:20,10
23198,רשת 13,2024-11-15,2024-11-15 10:42:30,10
23199,רשת 13,2024-11-15,2024-11-15 11:06:36,11
23200,רשת 13,2024-11-15,2024-11-15 11:07:14,11
23201,רשת 13,2024-11-15,2024-11-15 11:31:32,11
23202,רשת 13,2024-11-15,2024-11-15 11:32:13,11
23203,רשת 13,2024-11-15,2024-11-15 11:32:39,11
23204,רשת 13,2024-11-15,2024-11-15 11:32:45,11
23205,רשת 13,2024-11-15,2024-11-15 11:32:55,11
23206,רשת 13,2024-11-15,2024-11-15 11:33:01,11
23207,רשת 13,2024-11-15,2024-11-15 11:33:20,11
23208,רשת 13,2024-11-15,2024-11-15 11:33:32,11
23209,רשת 13,2024-11-15,2024-11-15 11:33:52,11
23210,רשת 13,2024-11-15,2024-11-15 11:34:12,11
23211,רשת 13,2024-11-15,2024-11-15 11:34:54,11
23212,רשת 13,2024-11-15,2024-11-15 11:35:42,11
23213,רשת 13,2024-11-15,2024-11-15 11:36:03,11
23214,רשת 13,2024-11-15,2024-11-15 11:36:33,11
23215,רשת 13,2024-11-15,2024-11-15 11:36:48,11
23216,רשת 13,2024-11-15,2024-11-15 11:37:18,11
23217,רשת 13,2024-11-15,2024-11-15 11:37:38,11
23218,רשת 13,2024-11-15,2024-11-15 11:38:43,11
23219,רשת 13,2024-11-15,2024-11-15 11:39:32,11
23220,רשת 13,2024-11-15,2024-11-15 11:39:59,11
23221,רשת 13,2024-11-15,2024-11-15 11:40:09,11
23222,רשת 13,2024-11-15,2024-11-15 11:40:15,11
23223,רשת 13,2024-11-15,2024-11-15 12:06:27,12
23224,רשת 13,2024-11-15,2024-11-15 12:07:05,12
23225,רשת 13,2024-11-15,2024-11-15 12:29:07,12
23226,רשת 13,2024-11-15,2024-11-15 12:29:48,12
23227,רשת 13,2024-11-15,2024-11-15 12:30:14,12
23228,רשת 13,2024-11-15,2024-11-15 12:30:20,12
23229,רשת 13,2024-11-15,2024-11-15 12:30:26,12
23230,רשת 13,2024-11-15,2024-11-15 12:30:49,12
23231,רשת 13,2024-11-15,2024-11-15 12:31:09,12
23232,רשת 13,2024-11-15,2024-11-15 12:31:21,12
23233,רשת 13,2024-11-15,2024-11-15 12:31:36,12
23234,רשת 13,2024-11-15,2024-11-15 12:32:18,12
23235,רשת 13,2024-11-15,2024-11-15 12:32:47,12
23236,רשת 13,2024-11-15,2024-11-15 12:33:02,12
23237,רשת 13,2024-11-15,2024-11-15 12:33:50,12
23238,רשת 13,2024-11-15,2024-11-15 12:34:05,12
23239,רשת 13,2024-11-15,2024-11-15 12:34:39,12
23240,רשת 13,2024-11-15,2024-11-15 12:35:19,12
23241,רשת 13,2024-11-15,2024-11-15 12:36:03,12
23242,רשת 13,2024-11-15,2024-11-15 12:36:51,12
23243,רשת 13,2024-11-15,2024-11-15 12:37:07,12
23244,רשת 13,2024-11-15,2024-11-15 12:37:48,12
23245,רשת 13,2024-11-15,2024-11-15 12:38:15,12
23246,רשת 13,2024-11-15,2024-11-15 12:38:25,12
23247,רשת 13,2024-11-15,2024-11-15 12:50:05,12
23248,רשת 13,2024-11-15,2024-11-15 12:50:44,12
23249,רשת 13,2024-11-15,2024-11-15 12:51:32,12
23250,רשת 13,2024-11-15,2024-11-15 12:52:02,12
23251,רשת 13,2024-11-15,2024-11-15 12:52:18,12
23252,רשת 13,2024-11-15,2024-11-15 12:52:59,12
23253,רשת 13,2024-11-15,2024-11-15 13:06:30,13
23254,רשת 13,2024-11-15,2024-11-15 13:07:09,13
23255,רשת 13,2024-11-15,2024-11-15 13:18:17,13
23256,רשת 13,2024-11-15,2024-11-15 13:18:27,13
23257,רשת 13,2024-11-15,2024-11-15 13:18:33,13
23258,רשת 13,2024-11-15,2024-11-15 13:19:12,13
23259,רשת 13,2024-11-15,2024-11-15 13:20:00,13
23260,רשת 13,2024-11-15,2024-11-15 13:20:26,13
23261,רשת 13,2024-11-15,2024-11-15 13:37:12,13
23262,רשת 13,2024-11-15,2024-11-15 13:37:51,13
23263,רשת 13,2024-11-15,2024-11-15 13:38:33,13
23264,רשת 13,2024-11-15,2024-11-15 13:38:43,13
23265,רשת 13,2024-11-15,2024-11-15 13:39:05,13
23266,רשת 13,2024-11-15,2024-11-15 13:39:26,13
23267,רשת 13,2024-11-15,2024-11-15 13:40:14,13
23268,רשת 13,2024-11-15,2024-11-15 13:40:29,13
23269,רשת 13,2024-11-15,2024-11-15 13:40:59,13
23270,רשת 13,2024-11-15,2024-11-15 13:41:32,13
23271,רשת 13,2024-11-15,2024-11-15 13:41:38,13
23272,רשת 13,2024-11-15,2024-11-15 14:05:28,14
23273,רשת 13,2024-11-15,2024-11-15 14:06:06,14
23274,רשת 13,2024-11-15,2024-11-15 14:53:26,14
23275,רשת 13,2024-11-15,2024-11-15 14:54:37,14
23276,רשת 13,2024-11-15,2024-11-15 14:54:48,14
23277,רשת 13,2024-11-15,2024-11-15 14:54:58,14
23278,רשת 13,2024-11-15,2024-11-15 14:55:04,14
23279,רשת 13,2024-11-15,2024-11-15 14:55:10,14
23280,רשת 13,2024-11-15,2024-11-15 14:55:51,14
23281,רשת 13,2024-11-15,2024-11-15 14:56:37,14
23282,רשת 13,2024-11-15,2024-11-15 14:56:58,14
23283,רשת 13,2024-11-15,2024-11-15 14:57:06,14
23284,רשת 13,2024-11-15,2024-11-15 14:57:26,14
23285,רשת 13,2024-11-15,2024-11-15 14:58:08,14
23286,רשת 13,2024-11-15,2024-11-15 14:58:36,14
23287,רשת 13,2024-11-15,2024-11-15 14:58:51,14
23288,רשת 13,2024-11-15,2024-11-15 14:58:59,14
23289,רשת 13,2024-11-15,2024-11-15 14:59:47,14
23290,רשת 13,2024-11-15,2024-11-15 14:59:55,14
23291,רשת 13,2024-11-15,2024-11-15 15:00:15,15
23292,רשת 13,2024-11-15,2024-11-15 15:00:59,15
23293,רשת 13,2024-11-15,2024-11-15 15:48:13,15
23294,רשת 13,2024-11-15,2024-11-15 15:49:24,15
23295,רשת 13,2024-11-15,2024-11-15 15:49:35,15
23296,רשת 13,2024-11-15,2024-11-15 15:49:41,15
23297,רשת 13,2024-11-15,2024-11-15 15:49:47,15
23298,רשת 13,2024-11-15,2024-11-15 15:49:57,15
23299,רשת 13,2024-11-15,2024-11-15 15:50:19,15
23300,רשת 13,2024-11-15,2024-11-15 15:51:14,15
23301,רשת 13,2024-11-15,2024-11-15 15:51:35,15
23302,רשת 13,2024-11-15,2024-11-15 15:51:52,15
23303,רשת 13,2024-11-15,2024-11-15 15:52:12,15
23304,רשת 13,2024-11-15,2024-11-15 15:52:27,15
23305,רשת 13,2024-11-15,2024-11-15 15:52:37,15
23306,רשת 13,2024-11-15,2024-11-15 15:52:57,15
23307,רשת 13,2024-11-15,2024-11-15 15:53:03,15
23308,רשת 13,2024-11-15,2024-11-15 15:53:33,15
23309,רשת 13,2024-11-15,2024-11-15 15:53:39,15
23310,רשת 13,2024-11-15,2024-11-15 15:54:31,15
23311,רשת 13,2024-11-15,2024-11-15 15:55:10,15
23312,רשת 13,2024-11-15,2024-11-15 15:55:21,15
23313,רשת 13,2024-11-15,2024-11-15 15:55:31,15
23314,רשת 13,2024-11-15,2024-11-15 15:55:37,15
23315,רשת 13,2024-11-15,2024-11-15 16:19:53,16
23316,רשת 13,2024-11-15,2024-11-15 16:21:04,16
23317,רשת 13,2024-11-15,2024-11-15 16:21:15,16
23318,רשת 13,2024-11-15,2024-11-15 16:21:22,16
23319,רשת 13,2024-11-15,2024-11-15 16:21:28,16
23320,רשת 13,2024-11-15,2024-11-15 16:21:38,16
23321,רשת 13,2024-11-15,2024-11-15 16:21:44,16
23322,רשת 13,2024-11-15,2024-11-15 16:21:51,16
23323,רשת 13,2024-11-15,2024-11-15 16:22:30,16
23324,רשת 13,2024-11-15,2024-11-15 16:23:33,16
23325,רשת 13,2024-11-15,2024-11-15 16:24:02,16
23326,רשת 13,2024-11-15,2024-11-15 16:24:21,16
23327,רשת 13,2024-11-15,2024-11-15 16:24:49,16
23328,רשת 13,2024-11-15,2024-11-15 16:25:37,16
23329,רשת 13,2024-11-15,2024-11-15 16:26:10,16
23330,רשת 13,2024-11-15,2024-11-15 16:26:50,16
23331,רשת 13,2024-11-15,2024-11-15 16:27:11,16
23332,רשת 13,2024-11-15,2024-11-15 16:27:18,16
23333,רשת 13,2024-11-15,2024-11-15 16:27:24,16
23334,רשת 13,2024-11-15,2024-11-15 16:27:30,16
23335,רשת 13,2024-11-15,2024-11-15 16:41:12,16
23336,רשת 13,2024-11-15,2024-11-15 16:41:18,16
23337,רשת 13,2024-11-15,2024-11-15 16:41:24,16
23338,רשת 13,2024-11-15,2024-11-15 16:41:34,16
23339,רשת 13,2024-11-15,2024-11-15 16:42:13,16
23340,רשת 13,2024-11-15,2024-11-15 16:43:02,16
23341,רשת 13,2024-11-15,2024-11-15 16:43:43,16
23342,רשת 13,2024-11-15,2024-11-15 16:44:48,16
23343,רשת 13,2024-11-15,2024-11-15 16:45:41,16
23344,רשת 13,2024-11-15,2024-11-15 16:46:20,16
23345,רשת 13,2024-11-15,2024-11-15 17:06:15,17
23346,רשת 13,2024-11-15,2024-11-15 17:06:53,17
23347,רשת 13,2024-11-15,2024-11-15 17:33:34,17
23348,רשת 13,2024-11-15,2024-11-15 17:34:45,17
23349,רשת 13,2024-11-15,2024-11-15 17:34:55,17
23350,רשת 13,2024-11-15,2024-11-15 17:35:02,17
23351,רשת 13,2024-11-15,2024-11-15 17:35:08,17
23352,רשת 13,2024-11-15,2024-11-15 17:35:18,17
23353,רשת 13,2024-11-15,2024-11-15 17:35:24,17
23354,רשת 13,2024-11-15,2024-11-15 17:35:31,17
23355,רשת 13,2024-11-15,2024-11-15 17:35:53,17
23356,רשת 13,2024-11-15,2024-11-15 17:36:46,17
23357,רשת 13,2024-11-15,2024-11-15 17:37:02,17
23358,רשת 13,2024-11-15,2024-11-15 17:37:32,17
23359,רשת 13,2024-11-15,2024-11-15 17:37:52,17
23360,רשת 13,2024-11-15,2024-11-15 17:38:07,17
23361,רשת 13,2024-11-15,2024-11-15 17:39:02,17
23362,רשת 13,2024-11-15,2024-11-15 17:39:45,17
23363,רשת 13,2024-11-15,2024-11-15 17:40:19,17
23364,רשת 13,2024-11-15,2024-11-15 17:40:39,17
23365,רשת 13,2024-11-15,2024-11-15 17:40:46,17
23366,רשת 13,2024-11-15,2024-11-15 17:40:56,17
23367,רשת 13,2024-11-15,2024-11-15 17:41:02,17
23368,רשת 13,2024-11-15,2024-11-15 17:41:08,17
23369,רשת 13,2024-11-15,2024-11-15 18:20:56,18
23370,רשת 13,2024-11-15,2024-11-15 18:22:07,18
23371,רשת 13,2024-11-15,2024-11-15 18:22:18,18
23372,רשת 13,2024-11-15,2024-11-15 18:22:25,18
23373,רשת 13,2024-11-15,2024-11-15 18:22:31,18
23374,רשת 13,2024-11-15,2024-11-15 18:22:37,18
23375,רשת 13,2024-11-15,2024-11-15 18:22:44,18
23376,רשת 13,2024-11-15,2024-11-15 18:23:29,18
23377,רשת 13,2024-11-15,2024-11-15 18:23:49,18
23378,רשת 13,2024-11-15,2024-11-15 18:24:09,18
23379,רשת 13,2024-11-15,2024-11-15 18:24:40,18
23380,רשת 13,2024-11-15,2024-11-15 18:24:59,18
23381,רשת 13,2024-11-15,2024-11-15 18:25:14,18
23382,רשת 13,2024-11-15,2024-11-15 18:25:44,18
23383,רשת 13,2024-11-15,2024-11-15 18:26:06,18
23384,רשת 13,2024-11-15,2024-11-15 18:27:15,18
23385,רשת 13,2024-11-15,2024-11-15 18:27:54,18
23386,רשת 13,2024-11-15,2024-11-15 18:28:05,18
23387,רשת 13,2024-11-15,2024-11-15 18:28:12,18
23388,רשת 13,2024-11-15,2024-11-15 18:28:22,18
23389,רשת 13,2024-11-15,2024-11-15 18:28:28,18
23390,רשת 13,2024-11-15,2024-11-15 18:28:34,18
23391,רשת 13,2024-11-15,2024-11-15 19:27:37,19
23392,רשת 13,2024-11-15,2024-11-15 19:28:48,19
23393,רשת 13,2024-11-15,2024-11-15 19:28:59,19
23394,רשת 13,2024-11-15,2024-11-15 19:29:05,19
23395,רשת 13,2024-11-15,2024-11-15 19:29:12,19
23396,רשת 13,2024-11-15,2024-11-15 19:29:18,19
23397,רשת 13,2024-11-15,2024-11-15 19:29:28,19
23398,רשת 13,2024-11-15,2024-11-15 19:29:35,19
23399,רשת 13,2024-11-15,2024-11-15 19:30:32,19
23400,רשת 13,2024-11-15,2024-11-15 19:31:02,19
23401,רשת 13,2024-11-15,2024-11-15 19:31:28,19
23402,רשת 13,2024-11-15,2024-11-15 19:32:23,19
23403,רשת 13,2024-11-15,2024-11-15 19:33:11,19
23404,רשת 13,2024-11-15,2024-11-15 19:33:54,19
23405,רשת 13,2024-11-15,2024-11-15 19:34:04,19
23406,רשת 13,2024-11-15,2024-11-15 19:34:10,19
23407,רשת 13,2024-11-15,2024-11-15 19:34:16,19
23408,רשת 13,2024-11-15,2024-11-15 20:45:27,20
23409,רשת 13,2024-11-15,2024-11-15 20:57:05,20
23410,רשת 13,2024-11-15,2024-11-15 20:57:48,20
23411,רשת 13,2024-11-15,2024-11-15 20:57:55,20
23412,רשת 13,2024-11-15,2024-11-15 20:58:01,20
23413,רשת 13,2024-11-15,2024-11-15 20:58:22,20
23414,רשת 13,2024-11-15,2024-11-15 20:58:39,20
23415,רשת 13,2024-11-15,2024-11-15 20:58:54,20
23416,רשת 13,2024-11-15,2024-11-15 20:59:09,20
23417,רשת 13,2024-11-15,2024-11-15 20:59:35,20
23418,רשת 13,2024-11-15,2024-11-15 20:59:55,20
23419,רשת 13,2024-11-15,2024-11-15 21:00:15,21
23420,רשת 13,2024-11-15,2024-11-15 21:00:25,21
23421,רשת 13,2024-11-15,2024-11-15 21:00:55,21
23422,רשת 13,2024-11-15,2024-11-15 21:01:00,21
23423,רשת 13,2024-11-15,2024-11-15 21:01:40,21
23424,רשת 13,2024-11-15,2024-11-15 21:02:21,21
23425,רשת 13,2024-11-15,2024-11-15 21:21:35,21
23426,רשת 13,2024-11-15,2024-11-15 21:22:29,21
23427,רשת 13,2024-11-15,2024-11-15 21:22:48,21
23428,רשת 13,2024-11-15,2024-11-15 21:23:00,21
23429,רשת 13,2024-11-15,2024-11-15 21:23:16,21
23430,רשת 13,2024-11-15,2024-11-15 21:23:58,21
23431,רשת 13,2024-11-15,2024-11-15 21:24:18,21
23432,רשת 13,2024-11-15,2024-11-15 21:24:38,21
23433,רשת 13,2024-11-15,2024-11-15 21:25:09,21
23434,רשת 13,2024-11-15,2024-11-15 21:25:14,21
23435,רשת 13,2024-11-15,2024-11-15 21:25:55,21
23436,רשת 13,2024-11-15,2024-11-15 21:26:17,21
23437,רשת 13,2024-11-15,2024-11-15 21:28:43,21
23438,רשת 13,2024-11-15,2024-11-15 21:30:00,21
23439,רשת 13,2024-11-15,2024-11-15 21:57:49,21
23440,רשת 13,2024-11-15,2024-11-15 21:58:35,21
23441,רשת 13,2024-11-15,2024-11-15 21:58:41,21
23442,רשת 13,2024-11-15,2024-11-15 21:58:47,21
23443,רשת 13,2024-11-15,2024-11-15 21:59:03,21
23444,רשת 13,2024-11-15,2024-11-15 21:59:27,21
23445,רשת 13,2024-11-15,2024-11-15 21:59:42,21
23446,רשת 13,2024-11-15,2024-11-15 21:59:57,21
23447,רשת 13,2024-11-15,2024-11-15 22:00:39,22
23448,רשת 13,2024-11-15,2024-11-15 22:00:59,22
23449,רשת 13,2024-11-15,2024-11-15 22:01:19,22
23450,רשת 13,2024-11-15,2024-11-15 22:02:07,22
23451,רשת 13,2024-11-15,2024-11-15 22:02:22,22
23452,רשת 13,2024-11-15,2024-11-15 22:02:42,22
23453,רשת 13,2024-11-15,2024-11-15 22:03:12,22
23454,רשת 13,2024-11-15,2024-11-15 22:03:28,22
23455,רשת 13,2024-11-15,2024-11-15 22:03:59,22
23456,רשת 13,2024-11-15,2024-11-15 22:04:04,22
23457,רשת 13,2024-11-15,2024-11-15 22:04:45,22
23458,רשת 13,2024-11-15,2024-11-15 22:05:33,22
23459,רשת 13,2024-11-15,2024-11-15 22:18:40,22
23460,רשת 13,2024-11-15,2024-11-15 22:19:29,22
23461,רשת 13,2024-11-15,2024-11-15 22:19:35,22
23462,רשת 13,2024-11-15,2024-11-15 22:19:41,22
23463,רשת 13,2024-11-15,2024-11-15 22:19:56,22
23464,רשת 13,2024-11-15,2024-11-15 22:20:32,22
23465,רשת 13,2024-11-15,2024-11-15 22:21:20,22
23466,רשת 13,2024-11-15,2024-11-15 22:21:36,22
23467,רשת 13,2024-11-15,2024-11-15 22:21:51,22
23468,רשת 13,2024-11-15,2024-11-15 22:22:06,22
23469,רשת 13,2024-11-15,2024-11-15 22:22:42,22
23470,רשת 13,2024-11-15,2024-11-15 22:23:30,22
23471,רשת 13,2024-11-15,2024-11-15 23:03:21,23
23472,רשת 13,2024-11-15,2024-11-15 23:04:02,23
23473,רשת 13,2024-11-15,2024-11-15 23:04:45,23
23474,רשת 13,2024-11-15,2024-11-15 23:05:11,23
23475,רשת 13,2024-11-15,2024-11-15 23:05:26,23
23476,רשת 13,2024-11-15,2024-11-15 23:05:41,23
23477,רשת 13,2024-11-15,2024-11-15 23:06:01,23
23478,רשת 13,2024-11-15,2024-11-15 23:06:16,23
23479,רשת 13,2024-11-15,2024-11-15 23:06:32,23
23480,רשת 13,2024-11-15,2024-11-15 23:06:52,23
23481,רשת 13,2024-11-15,2024-11-15 23:07:35,23
23482,רשת 13,2024-11-15,2024-11-15 23:07:41,23
23483,רשת 13,2024-11-15,2024-11-15 23:08:55,23
23484,רשת 13,2024-11-15,2024-11-15 23:36:03,23
23485,רשת 13,2024-11-15,2024-11-15 23:36:49,23
23486,רשת 13,2024-11-15,2024-11-15 23:36:56,23
23487,רשת 13,2024-11-15,2024-11-15 23:37:06,23
23488,רשת 13,2024-11-15,2024-11-15 23:37:12,23
23489,רשת 13,2024-11-15,2024-11-15 23:37:18,23
23490,רשת 13,2024-11-15,2024-11-15 23:37:39,23
23491,רשת 13,2024-11-15,2024-11-15 23:37:54,23
23492,רשת 13,2024-11-15,2024-11-15 23:38:09,23
23493,רשת 13,2024-11-15,2024-11-15 23:38:24,23
23494,רשת 13,2024-11-15,2024-11-15 23:39:11,23
23495,רשת 13,2024-11-15,2024-11-15 23:39:54,23
23496,רשת 13,2024-11-15,2024-11-15 23:40:16,23
23497,רשת 13,2024-11-15,2024-11-15 23:41:26,23
23498,רשת 13,2024-11-15,2024-11-15 23:41:36,23
23499,רשת 13,2024-11-15,2024-11-15 00:09:45,0
23500,רשת 13,2024-11-15,2024-11-15 00:10:26,0
23501,רשת 13,2024-11-15,2024-11-15 00:10:53,0
23502,רשת 13,2024-11-15,2024-11-15 00:10:59,0
23503,רשת 13,2024-11-15,2024-11-15 00:11:09,0
23504,רשת 13,2024-11-15,2024-11-15 00:11:31,0
23505,רשת 13,2024-11-15,2024-11-15 00:11:46,0
23506,רשת 13,2024-11-15,2024-11-15 00:12:06,0
23507,רשת 13,2024-11-15,2024-11-15 00:12:26,0
23508,רשת 13,2024-11-15,2024-11-15 00:12:45,0
23509,רשת 13,2024-11-15,2024-11-15 00:13:00,0
23510,רשת 13,2024-11-15,2024-11-15 00:13:25,0
23511,רשת 13,2024-11-15,2024-11-15 00:13:31,0
23512,רשת 13,2024-11-15,2024-11-15 00:14:19,0
23513,רשת 13,2024-11-15,2024-11-15 00:15:09,0
23514,רשת 13,2024-11-15,2024-11-15 00:15:45,0
23515,רשת 13,2024-11-15,2024-11-15 00:15:56,0
23516,רשת 13,2024-11-15,2024-11-15 00:16:06,0
23517,רשת 13,2024-11-15,2024-11-15 00:16:12,0
23518,רשת 13,2024-11-15,2024-11-15 00:26:58,0
23519,רשת 13,2024-11-15,2024-11-15 00:27:53,0
23520,רשת 13,2024-11-15,2024-11-15 00:28:08,0
23521,רשת 13,2024-11-15,2024-11-15 00:28:28,0
23522,רשת 13,2024-11-15,2024-11-15 00:29:07,0
23523,רשת 13,2024-11-15,2024-11-15 00:30:21,0
23524,רשת 13,2024-11-15,2024-11-15 01:03:33,1
23525,רשת 13,2024-11-15,2024-11-15 01:04:14,1
23526,רשת 13,2024-11-15,2024-11-15 01:04:41,1
23527,רשת 13,2024-11-15,2024-11-15 01:04:51,1
23528,רשת 13,2024-11-15,2024-11-15 01:05:13,1
23529,רשת 13,2024-11-15,2024-11-15 01:05:33,1
23530,רשת 13,2024-11-15,2024-11-15 01:06:06,1
23531,רשת 13,2024-11-15,2024-11-15 01:06:44,1
23532,רשת 13,2024-11-15,2024-11-15 01:06:50,1
23533,רשת 13,2024-11-15,2024-11-15 01:08:04,1
23534,רשת 13,2024-11-15,2024-11-15 01:08:54,1
23535,רשת 13,2024-11-15,2024-11-15 01:09:04,1
23536,רשת 13,2024-11-15,2024-11-15 01:50:23,1
23537,רשת 13,2024-11-15,2024-11-15 01:51:04,1
23538,רשת 13,2024-11-15,2024-11-15 01:51:20,1
23539,רשת 13,2024-11-15,2024-11-15 01:52:05,1
23540,רשת 13,2024-11-15,2024-11-15 01:52:11,1
24350,רשת 13,2024-11-16,2024-11-16 02:22:43,2
24351,רשת 13,2024-11-16,2024-11-16 02:23:05,2
24352,רשת 13,2024-11-16,2024-11-16 02:23:49,2
24353,רשת 13,2024-11-16,2024-11-16 02:24:49,2
24354,רשת 13,2024-11-16,2024-11-16 02:25:23,2
24355,רשת 13,2024-11-16,2024-11-16 02:26:07,2
24356,רשת 13,2024-11-16,2024-11-16 03:01:27,3
24357,רשת 13,2024-11-16,2024-11-16 03:02:08,3
24358,רשת 13,2024-11-16,2024-11-16 03:02:46,3
24359,רשת 13,2024-11-16,2024-11-16 03:04:00,3
24360,רשת 13,2024-11-16,2024-11-16 03:04:48,3
24361,רשת 13,2024-11-16,2024-11-16 03:04:54,3
24362,רשת 13,2024-11-16,2024-11-16 03:32:04,3
24363,רשת 13,2024-11-16,2024-11-16 03:32:26,3
24364,רשת 13,2024-11-16,2024-11-16 03:33:31,3
24365,רשת 13,2024-11-16,2024-11-16 03:34:01,3
24366,רשת 13,2024-11-16,2024-11-16 03:34:15,3
24367,רשת 13,2024-11-16,2024-11-16 03:34:33,3
24368,רשת 13,2024-11-16,2024-11-16 05:28:40,5
24369,רשת 13,2024-11-16,2024-11-16 05:29:21,5
24370,רשת 13,2024-11-16,2024-11-16 05:29:54,5
24371,רשת 13,2024-11-16,2024-11-16 05:30:59,5
24372,רשת 13,2024-11-16,2024-11-16 05:31:29,5
24373,רשת 13,2024-11-16,2024-11-16 06:17:17,6
24374,רשת 13,2024-11-16,2024-11-16 06:17:38,6
24375,רשת 13,2024-11-16,2024-11-16 06:18:03,6
24376,רשת 13,2024-11-16,2024-11-16 06:49:46,6
24377,רשת 13,2024-11-16,2024-11-16 06:50:08,6
24378,רשת 13,2024-11-16,2024-11-16 06:50:30,6
24379,רשת 13,2024-11-16,2024-11-16 07:08:48,7
24380,רשת 13,2024-11-16,2024-11-16 07:09:10,7
24381,רשת 13,2024-11-16,2024-11-16 07:09:32,7
24382,רשת 13,2024-11-16,2024-11-16 07:43:53,7
24383,רשת 13,2024-11-16,2024-11-16 07:44:15,7
24384,רשת 13,2024-11-16,2024-11-16 07:44:58,7
24385,רשת 13,2024-11-16,2024-11-16 07:45:20,7
24386,רשת 13,2024-11-16,2024-11-16 08:13:42,8
24387,רשת 13,2024-11-16,2024-11-16 08:14:04,8
24388,רשת 13,2024-11-16,2024-11-16 08:14:49,8
24389,רשת 13,2024-11-16,2024-11-16 08:14:55,8
24390,רשת 13,2024-11-16,2024-11-16 08:15:01,8
24391,רשת 13,2024-11-16,2024-11-16 08:15:11,8
24392,רשת 13,2024-11-16,2024-11-16 08:15:33,8
24393,רשת 13,2024-11-16,2024-11-16 08:15:48,8
24394,רשת 13,2024-11-16,2024-11-16 08:16:12,8
24395,רשת 13,2024-11-16,2024-11-16 08:16:27,8
24396,רשת 13,2024-11-16,2024-11-16 08:16:55,8
24397,רשת 13,2024-11-16,2024-11-16 08:17:17,8
24398,רשת 13,2024-11-16,2024-11-16 08:18:05,8
24399,רשת 13,2024-11-16,2024-11-16 08:18:15,8
24400,רשת 13,2024-11-16,2024-11-16 08:18:21,8
24401,רשת 13,2024-11-16,2024-11-16 08:18:27,8
24402,רשת 13,2024-11-16,2024-11-16 08:42:28,8
24403,רשת 13,2024-11-16,2024-11-16 08:42:53,8
24404,רשת 13,2024-11-16,2024-11-16 08:42:59,8
24405,רשת 13,2024-11-16,2024-11-16 08:43:05,8
24406,רשת 13,2024-11-16,2024-11-16 08:43:26,8
24407,רשת 13,2024-11-16,2024-11-16 08:43:41,8
24408,רשת 13,2024-11-16,2024-11-16 08:44:05,8
24409,רשת 13,2024-11-16,2024-11-16 08:44:31,8
24410,רשת 13,2024-11-16,2024-11-16 08:45:10,8
24411,רשת 13,2024-11-16,2024-11-16 08:45:32,8
24412,רשת 13,2024-11-16,2024-11-16 09:05:18,9
24413,רשת 13,2024-11-16,2024-11-16 09:05:44,9
24414,רשת 13,2024-11-16,2024-11-16 09:06:09,9
24415,רשת 13,2024-11-16,2024-11-16 09:06:33,9
24416,רשת 13,2024-11-16,2024-11-16 09:06:48,9
24417,רשת 13,2024-11-16,2024-11-16 09:07:13,9
24418,רשת 13,2024-11-16,2024-11-16 09:07:56,9
24419,רשת 13,2024-11-16,2024-11-16 09:08:18,9
24420,רשת 13,2024-11-16,2024-11-16 09:09:07,9
24421,רשת 13,2024-11-16,2024-11-16 09:09:17,9
24422,רשת 13,2024-11-16,2024-11-16 09:42:35,9
24423,רשת 13,2024-11-16,2024-11-16 09:42:57,9
24424,רשת 13,2024-11-16,2024-11-16 09:43:50,9
24425,רשת 13,2024-11-16,2024-11-16 09:44:09,9
24426,רשת 13,2024-11-16,2024-11-16 09:44:24,9
24427,רשת 13,2024-11-16,2024-11-16 09:45:12,9
24428,רשת 13,2024-11-16,2024-11-16 09:45:40,9
24429,רשת 13,2024-11-16,2024-11-16 09:45:46,9
24430,רשת 13,2024-11-16,2024-11-16 09:46:08,9
24431,רשת 13,2024-11-16,2024-11-16 09:47:16,9
24432,רשת 13,2024-11-16,2024-11-16 09:47:51,9
24433,רשת 13,2024-11-16,2024-11-16 10:28:37,10
24434,רשת 13,2024-11-16,2024-11-16 10:28:59,10
24435,רשת 13,2024-11-16,2024-11-16 10:29:46,10
24436,רשת 13,2024-11-16,2024-11-16 10:29:54,10
24437,רשת 13,2024-11-16,2024-11-16 10:30:04,10
24438,רשת 13,2024-11-16,2024-11-16 10:30:10,10
24439,רשת 13,2024-11-16,2024-11-16 10:30:33,10
24440,רשת 13,2024-11-16,2024-11-16 10:30:52,10
24441,רשת 13,2024-11-16,2024-11-16 10:31:04,10
24442,רשת 13,2024-11-16,2024-11-16 10:31:19,10
24443,רשת 13,2024-11-16,2024-11-16 10:32:01,10
24444,רשת 13,2024-11-16,2024-11-16 10:32:49,10
24445,רשת 13,2024-11-16,2024-11-16 10:33:04,10
24446,רשת 13,2024-11-16,2024-11-16 10:33:24,10
24447,רשת 13,2024-11-16,2024-11-16 10:33:46,10
24448,רשת 13,2024-11-16,2024-11-16 10:34:35,10
24449,רשת 13,2024-11-16,2024-11-16 10:35:10,10
24450,רשת 13,2024-11-16,2024-11-16 10:35:20,10
24451,רשת 13,2024-11-16,2024-11-16 10:35:28,10
24452,רשת 13,2024-11-16,2024-11-16 10:35:38,10
24453,רשת 13,2024-11-16,2024-11-16 11:04:18,11
24454,רשת 13,2024-11-16,2024-11-16 11:04:40,11
24455,רשת 13,2024-11-16,2024-11-16 11:05:22,11
24456,רשת 13,2024-11-16,2024-11-16 11:05:30,11
24457,רשת 13,2024-11-16,2024-11-16 11:05:36,11
24458,רשת 13,2024-11-16,2024-11-16 11:05:46,11
24459,רשת 13,2024-11-16,2024-11-16 11:05:52,11
24460,רשת 13,2024-11-16,2024-11-16 11:06:15,11
24461,רשת 13,2024-11-16,2024-11-16 11:07:03,11
24462,רשת 13,2024-11-16,2024-11-16 11:07:18,11
24463,רשת 13,2024-11-16,2024-11-16 11:07:30,11
24464,רשת 13,2024-11-16,2024-11-16 11:07:49,11
24465,רשת 13,2024-11-16,2024-11-16 11:08:04,11
24466,רשת 13,2024-11-16,2024-11-16 11:08:14,11
24467,רשת 13,2024-11-16,2024-11-16 11:08:29,11
24468,רשת 13,2024-11-16,2024-11-16 11:08:39,11
24469,רשת 13,2024-11-16,2024-11-16 11:08:52,11
24470,רשת 13,2024-11-16,2024-11-16 11:09:07,11
24471,רשת 13,2024-11-16,2024-11-16 11:09:39,11
24472,רשת 13,2024-11-16,2024-11-16 11:10:09,11
24473,רשת 13,2024-11-16,2024-11-16 11:10:39,11
24474,רשת 13,2024-11-16,2024-11-16 11:11:00,11
24475,רשת 13,2024-11-16,2024-11-16 11:11:20,11
24476,רשת 13,2024-11-16,2024-11-16 11:11:35,11
24477,רשת 13,2024-11-16,2024-11-16 11:12:12,11
24478,רשת 13,2024-11-16,2024-11-16 11:12:47,11
24479,רשת 13,2024-11-16,2024-11-16 11:12:58,11
24480,רשת 13,2024-11-16,2024-11-16 11:13:06,11
24481,רשת 13,2024-11-16,2024-11-16 11:13:16,11
24482,רשת 13,2024-11-16,2024-11-16 11:13:22,11
24483,רשת 13,2024-11-16,2024-11-16 12:00:22,12
24484,רשת 13,2024-11-16,2024-11-16 12:00:44,12
24485,רשת 13,2024-11-16,2024-11-16 12:47:53,12
24486,רשת 13,2024-11-16,2024-11-16 12:48:15,12
24487,רשת 13,2024-11-16,2024-11-16 12:48:54,12
24488,רשת 13,2024-11-16,2024-11-16 12:49:02,12
24489,רשת 13,2024-11-16,2024-11-16 12:49:12,12
24490,רשת 13,2024-11-16,2024-11-16 12:49:18,12
24491,רשת 13,2024-11-16,2024-11-16 12:49:40,12
24492,רשת 13,2024-11-16,2024-11-16 12:50:00,12
24493,רשת 13,2024-11-16,2024-11-16 12:50:08,12
24494,רשת 13,2024-11-16,2024-11-16 12:50:23,12
24495,רשת 13,2024-11-16,2024-11-16 12:51:05,12
24496,רשת 13,2024-11-16,2024-11-16 12:51:25,12
24497,רשת 13,2024-11-16,2024-11-16 12:51:40,12
24498,רשת 13,2024-11-16,2024-11-16 12:52:28,12
24499,רשת 13,2024-11-16,2024-11-16 12:52:48,12
24500,רשת 13,2024-11-16,2024-11-16 12:52:56,12
24501,רשת 13,2024-11-16,2024-11-16 12:53:17,12
24502,רשת 13,2024-11-16,2024-11-16 12:53:33,12
24503,רשת 13,2024-11-16,2024-11-16 12:53:54,12
24504,רשת 13,2024-11-16,2024-11-16 12:54:16,12
24505,רשת 13,2024-11-16,2024-11-16 12:55:05,12
24506,רשת 13,2024-11-16,2024-11-16 12:55:40,12
24507,רשת 13,2024-11-16,2024-11-16 12:55:51,12
24508,רשת 13,2024-11-16,2024-11-16 12:55:57,12
24509,רשת 13,2024-11-16,2024-11-16 12:56:05,12
24510,רשת 13,2024-11-16,2024-11-16 12:56:15,12
24511,רשת 13,2024-11-16,2024-11-16 12:56:21,12
24512,רשת 13,2024-11-16,2024-11-16 13:25:44,13
24513,רשת 13,2024-11-16,2024-11-16 13:26:10,13
24514,רשת 13,2024-11-16,2024-11-16 13:26:18,13
24515,רשת 13,2024-11-16,2024-11-16 13:26:28,13
24516,רשת 13,2024-11-16,2024-11-16 13:26:34,13
24517,רשת 13,2024-11-16,2024-11-16 13:26:57,13
24518,רשת 13,2024-11-16,2024-11-16 13:27:17,13
24519,רשת 13,2024-11-16,2024-11-16 13:27:37,13
24520,רשת 13,2024-11-16,2024-11-16 13:27:58,13
24521,רשת 13,2024-11-16,2024-11-16 13:28:46,13
24522,רשת 13,2024-11-16,2024-11-16 13:29:21,13
24523,רשת 13,2024-11-16,2024-11-16 13:29:43,13
24524,רשת 13,2024-11-16,2024-11-16 13:30:32,13
24525,רשת 13,2024-11-16,2024-11-16 13:31:07,13
24526,רשת 13,2024-11-16,2024-11-16 13:31:17,13
24527,רשת 13,2024-11-16,2024-11-16 13:31:27,13
24528,רשת 13,2024-11-16,2024-11-16 13:48:26,13
24529,רשת 13,2024-11-16,2024-11-16 13:48:47,13
24530,רשת 13,2024-11-16,2024-11-16 13:49:09,13
24531,רשת 13,2024-11-16,2024-11-16 14:16:17,14
24532,רשת 13,2024-11-16,2024-11-16 14:17:28,14
24533,רשת 13,2024-11-16,2024-11-16 14:17:38,14
24534,רשת 13,2024-11-16,2024-11-16 14:17:48,14
24535,רשת 13,2024-11-16,2024-11-16 14:17:54,14
24536,רשת 13,2024-11-16,2024-11-16 14:18:00,14
24537,רשת 13,2024-11-16,2024-11-16 14:18:36,14
24538,רשת 13,2024-11-16,2024-11-16 14:18:56,14
24539,רשת 13,2024-11-16,2024-11-16 14:19:11,14
24540,רשת 13,2024-11-16,2024-11-16 14:19:59,14
24541,רשת 13,2024-11-16,2024-11-16 14:20:30,14
24542,רשת 13,2024-11-16,2024-11-16 14:20:45,14
24543,רשת 13,2024-11-16,2024-11-16 14:21:06,14
24544,רשת 13,2024-11-16,2024-11-16 14:21:48,14
24545,רשת 13,2024-11-16,2024-11-16 14:22:06,14
24546,רשת 13,2024-11-16,2024-11-16 14:22:28,14
24547,רשת 13,2024-11-16,2024-11-16 14:23:17,14
24548,רשת 13,2024-11-16,2024-11-16 14:23:52,14
24549,רשת 13,2024-11-16,2024-11-16 14:24:02,14
24550,רשת 13,2024-11-16,2024-11-16 14:24:12,14
24551,רשת 13,2024-11-16,2024-11-16 15:26:50,15
24552,רשת 13,2024-11-16,2024-11-16 15:28:01,15
24553,רשת 13,2024-11-16,2024-11-16 15:28:12,15
24554,רשת 13,2024-11-16,2024-11-16 15:28:18,15
24555,רשת 13,2024-11-16,2024-11-16 15:28:26,15
24556,רשת 13,2024-11-16,2024-11-16 15:28:36,15
24557,רשת 13,2024-11-16,2024-11-16 15:28:42,15
24558,רשת 13,2024-11-16,2024-11-16 15:28:48,15
24559,רשת 13,2024-11-16,2024-11-16 15:28:56,15
24560,רשת 13,2024-11-16,2024-11-16 15:29:37,15
24561,רשת 13,2024-11-16,2024-11-16 15:30:29,15
24562,רשת 13,2024-11-16,2024-11-16 15:30:45,15
24563,רשת 13,2024-11-16,2024-11-16 15:31:27,15
24564,רשת 13,2024-11-16,2024-11-16 15:31:53,15
24565,רשת 13,2024-11-16,2024-11-16 15:32:37,15
24566,רשת 13,2024-11-16,2024-11-16 15:33:25,15
24567,רשת 13,2024-11-16,2024-11-16 15:34:34,15
24568,רשת 13,2024-11-16,2024-11-16 15:35:09,15
24569,רשת 13,2024-11-16,2024-11-16 15:35:20,15
24570,רשת 13,2024-11-16,2024-11-16 15:35:28,15
24571,רשת 13,2024-11-16,2024-11-16 15:35:38,15
24572,רשת 13,2024-11-16,2024-11-16 15:35:44,15
24573,רשת 13,2024-11-16,2024-11-16 16:09:01,16
24574,רשת 13,2024-11-16,2024-11-16 16:10:12,16
24575,רשת 13,2024-11-16,2024-11-16 16:10:23,16
24576,רשת 13,2024-11-16,2024-11-16 16:10:31,16
24577,רשת 13,2024-11-16,2024-11-16 16:10:37,16
24578,רשת 13,2024-11-16,2024-11-16 16:10:47,16
24579,רשת 13,2024-11-16,2024-11-16 16:10:55,16
24580,רשת 13,2024-11-16,2024-11-16 16:11:36,16
24581,רשת 13,2024-11-16,2024-11-16 16:12:14,16
24582,רשת 13,2024-11-16,2024-11-16 16:12:48,16
24583,רשת 13,2024-11-16,2024-11-16 16:13:03,16
24584,רשת 13,2024-11-16,2024-11-16 16:13:45,16
24585,רשת 13,2024-11-16,2024-11-16 16:14:11,16
24586,רשת 13,2024-11-16,2024-11-16 16:14:26,16
24587,רשת 13,2024-11-16,2024-11-16 16:14:41,16
24588,רשת 13,2024-11-16,2024-11-16 16:15:14,16
24589,רשת 13,2024-11-16,2024-11-16 16:15:57,16
24590,רשת 13,2024-11-16,2024-11-16 16:16:45,16
24591,רשת 13,2024-11-16,2024-11-16 16:17:30,16
24592,רשת 13,2024-11-16,2024-11-16 16:17:40,16
24593,רשת 13,2024-11-16,2024-11-16 16:17:50,16
24594,רשת 13,2024-11-16,2024-11-16 16:18:25,16
24595,רשת 13,2024-11-16,2024-11-16 16:18:36,16
24596,רשת 13,2024-11-16,2024-11-16 16:18:42,16
24597,רשת 13,2024-11-16,2024-11-16 16:18:52,16
24598,רשת 13,2024-11-16,2024-11-16 16:31:44,16
24599,רשת 13,2024-11-16,2024-11-16 16:32:25,16
24600,רשת 13,2024-11-16,2024-11-16 16:33:13,16
24601,רשת 13,2024-11-16,2024-11-16 16:33:30,16
24602,רשת 13,2024-11-16,2024-11-16 17:10:54,17
24603,רשת 13,2024-11-16,2024-11-16 17:11:29,17
24604,רשת 13,2024-11-16,2024-11-16 17:27:01,17
24605,רשת 13,2024-11-16,2024-11-16 17:28:12,17
24606,רשת 13,2024-11-16,2024-11-16 17:28:23,17
24607,רשת 13,2024-11-16,2024-11-16 17:28:31,17
24608,רשת 13,2024-11-16,2024-11-16 17:28:41,17
24609,רשת 13,2024-11-16,2024-11-16 17:28:47,17
24610,רשת 13,2024-11-16,2024-11-16 17:28:55,17
24611,רשת 13,2024-11-16,2024-11-16 17:29:17,17
24612,רשת 13,2024-11-16,2024-11-16 17:29:55,17
24613,רשת 13,2024-11-16,2024-11-16 17:30:10,17
24614,רשת 13,2024-11-16,2024-11-16 17:30:31,17
24615,רשת 13,2024-11-16,2024-11-16 17:31:03,17
24616,רשת 13,2024-11-16,2024-11-16 17:31:25,17
24617,רשת 13,2024-11-16,2024-11-16 17:32:14,17
24618,רשת 13,2024-11-16,2024-11-16 17:32:22,17
24619,רשת 13,2024-11-16,2024-11-16 17:32:29,17
24620,רשת 13,2024-11-16,2024-11-16 17:32:35,17
24621,רשת 13,2024-11-16,2024-11-16 17:47:05,17
24622,רשת 13,2024-11-16,2024-11-16 17:47:32,17
24623,רשת 13,2024-11-16,2024-11-16 17:47:40,17
24624,רשת 13,2024-11-16,2024-11-16 17:47:50,17
24625,רשת 13,2024-11-16,2024-11-16 17:47:56,17
24626,רשת 13,2024-11-16,2024-11-16 18:52:30,18
24627,רשת 13,2024-11-16,2024-11-16 18:53:41,18
24628,רשת 13,2024-11-16,2024-11-16 18:53:51,18
24629,רשת 13,2024-11-16,2024-11-16 18:53:59,18
24630,רשת 13,2024-11-16,2024-11-16 18:54:09,18
24631,רשת 13,2024-11-16,2024-11-16 18:54:16,18
24632,רשת 13,2024-11-16,2024-11-16 18:54:22,18
24633,רשת 13,2024-11-16,2024-11-16 18:54:30,18
24634,רשת 13,2024-11-16,2024-11-16 18:55:06,18
24635,רשת 13,2024-11-16,2024-11-16 18:55:26,18
24636,רשת 13,2024-11-16,2024-11-16 18:55:57,18
24637,רשת 13,2024-11-16,2024-11-16 18:56:17,18
24638,רשת 13,2024-11-16,2024-11-16 18:56:32,18
24639,רשת 13,2024-11-16,2024-11-16 18:56:52,18
24640,רשת 13,2024-11-16,2024-11-16 18:57:13,18
24641,רשת 13,2024-11-16,2024-11-16 18:57:42,18
24642,רשת 13,2024-11-16,2024-11-16 18:58:31,18
24643,רשת 13,2024-11-16,2024-11-16 18:59:06,18
24644,רשת 13,2024-11-16,2024-11-16 18:59:16,18
24645,רשת 13,2024-11-16,2024-11-16 18:59:24,18
24646,רשת 13,2024-11-16,2024-11-16 18:59:34,18
24647,רשת 13,2024-11-16,2024-11-16 18:59:40,18
24648,רשת 13,2024-11-16,2024-11-16 18:59:46,18
24649,רשת 13,2024-11-16,2024-11-16 19:26:39,19
24650,רשת 13,2024-11-16,2024-11-16 19:27:50,19
24651,רשת 13,2024-11-16,2024-11-16 19:28:00,19
24652,רשת 13,2024-11-16,2024-11-16 19:28:06,19
24653,רשת 13,2024-11-16,2024-11-16 19:28:16,19
24654,רשת 13,2024-11-16,2024-11-16 19:28:24,19
24655,רשת 13,2024-11-16,2024-11-16 19:28:30,19
24656,רשת 13,2024-11-16,2024-11-16 19:28:36,19
24657,רשת 13,2024-11-16,2024-11-16 19:28:42,19
24658,רשת 13,2024-11-16,2024-11-16 19:28:50,19
24659,רשת 13,2024-11-16,2024-11-16 19:29:46,19
24660,רשת 13,2024-11-16,2024-11-16 19:30:01,19
24661,רשת 13,2024-11-16,2024-11-16 19:30:13,19
24662,רשת 13,2024-11-16,2024-11-16 19:30:55,19
24663,רשת 13,2024-11-16,2024-11-16 19:31:15,19
24664,רשת 13,2024-11-16,2024-11-16 19:31:31,19
24665,רשת 13,2024-11-16,2024-11-16 19:31:57,19
24666,רשת 13,2024-11-16,2024-11-16 19:32:14,19
24667,רשת 13,2024-11-16,2024-11-16 19:33:02,19
24668,רשת 13,2024-11-16,2024-11-16 19:33:51,19
24669,רשת 13,2024-11-16,2024-11-16 19:33:57,19
24670,רשת 13,2024-11-16,2024-11-16 19:34:03,19
24671,רשת 13,2024-11-16,2024-11-16 19:34:13,19
24672,רשת 13,2024-11-16,2024-11-16 19:34:19,19
24673,רשת 13,2024-11-16,2024-11-16 19:34:25,19
24674,רשת 13,2024-11-16,2024-11-16 19:50:01,19
24675,רשת 13,2024-11-16,2024-11-16 19:51:01,19
24676,רשת 13,2024-11-16,2024-11-16 19:51:46,19
24677,רשת 13,2024-11-16,2024-11-16 20:36:31,20
24678,רשת 13,2024-11-16,2024-11-16 20:37:16,20
24679,רשת 13,2024-11-16,2024-11-16 20:37:37,20
24680,רשת 13,2024-11-16,2024-11-16 20:38:02,20
24681,רשת 13,2024-11-16,2024-11-16 20:38:17,20
24682,רשת 13,2024-11-16,2024-11-16 20:38:27,20
24683,רשת 13,2024-11-16,2024-11-16 20:38:33,20
24684,רשת 13,2024-11-16,2024-11-16 20:38:48,20
24685,רשת 13,2024-11-16,2024-11-16 20:39:03,20
24686,רשת 13,2024-11-16,2024-11-16 20:39:18,20
24687,רשת 13,2024-11-16,2024-11-16 20:39:28,20
24688,רשת 13,2024-11-16,2024-11-16 20:39:43,20
24689,רשת 13,2024-11-16,2024-11-16 20:39:59,20
24690,רשת 13,2024-11-16,2024-11-16 20:40:27,20
24691,רשת 13,2024-11-16,2024-11-16 20:40:56,20
24692,רשת 13,2024-11-16,2024-11-16 20:41:19,20
24693,רשת 13,2024-11-16,2024-11-16 20:41:25,20
24694,רשת 13,2024-11-16,2024-11-16 20:42:01,20
24695,רשת 13,2024-11-16,2024-11-16 20:42:38,20
24696,רשת 13,2024-11-16,2024-11-16 20:43:00,20
24697,רשת 13,2024-11-16,2024-11-16 21:10:55,21
24698,רשת 13,2024-11-16,2024-11-16 21:11:21,21
24699,רשת 13,2024-11-16,2024-11-16 21:11:27,21
24700,רשת 13,2024-11-16,2024-11-16 21:11:35,21
24701,רשת 13,2024-11-16,2024-11-16 21:11:41,21
24702,רשת 13,2024-11-16,2024-11-16 21:11:51,21
24703,רשת 13,2024-11-16,2024-11-16 21:12:05,21
24704,רשת 13,2024-11-16,2024-11-16 21:13:04,21
24705,רשת 13,2024-11-16,2024-11-16 21:13:10,21
24706,רשת 13,2024-11-16,2024-11-16 21:13:35,21
24707,רשת 13,2024-11-16,2024-11-16 21:13:50,21
24708,רשת 13,2024-11-16,2024-11-16 21:14:13,21
24709,רשת 13,2024-11-16,2024-11-16 21:14:30,21
24710,רשת 13,2024-11-16,2024-11-16 21:14:42,21
24711,רשת 13,2024-11-16,2024-11-16 21:14:48,21
24712,רשת 13,2024-11-16,2024-11-16 21:15:03,21
24713,רשת 13,2024-11-16,2024-11-16 21:15:24,21
24714,רשת 13,2024-11-16,2024-11-16 21:15:56,21
24715,רשת 13,2024-11-16,2024-11-16 21:16:02,21
24716,רשת 13,2024-11-16,2024-11-16 21:16:08,21
24717,רשת 13,2024-11-16,2024-11-16 21:16:28,21
24718,רשת 13,2024-11-16,2024-11-16 21:17:01,21
24719,רשת 13,2024-11-16,2024-11-16 21:17:23,21
24720,רשת 13,2024-11-16,2024-11-16 21:33:20,21
24721,רשת 13,2024-11-16,2024-11-16 21:34:29,21
24722,רשת 13,2024-11-16,2024-11-16 22:10:15,22
24723,רשת 13,2024-11-16,2024-11-16 22:11:24,22
24724,רשת 13,2024-11-16,2024-11-16 22:11:30,22
24725,רשת 13,2024-11-16,2024-11-16 22:11:36,22
24726,רשת 13,2024-11-16,2024-11-16 22:11:42,22
24727,רשת 13,2024-11-16,2024-11-16 22:11:50,22
24728,רשת 13,2024-11-16,2024-11-16 22:11:56,22
24729,רשת 13,2024-11-16,2024-11-16 22:12:06,22
24730,רשת 13,2024-11-16,2024-11-16 22:12:12,22
24731,רשת 13,2024-11-16,2024-11-16 22:12:29,22
24732,רשת 13,2024-11-16,2024-11-16 22:12:44,22
24733,רשת 13,2024-11-16,2024-11-16 22:13:09,22
24734,רשת 13,2024-11-16,2024-11-16 22:13:15,22
24735,רשת 13,2024-11-16,2024-11-16 22:13:34,22
24736,רשת 13,2024-11-16,2024-11-16 22:14:33,22
24737,רשת 13,2024-11-16,2024-11-16 22:14:49,22
24738,רשת 13,2024-11-16,2024-11-16 22:15:18,22
24739,רשת 13,2024-11-16,2024-11-16 22:15:35,22
24740,רשת 13,2024-11-16,2024-11-16 22:15:51,22
24741,רשת 13,2024-11-16,2024-11-16 22:16:19,22
24742,רשת 13,2024-11-16,2024-11-16 22:16:34,22
24743,רשת 13,2024-11-16,2024-11-16 22:17:00,22
24744,רשת 13,2024-11-16,2024-11-16 22:17:06,22
24745,רשת 13,2024-11-16,2024-11-16 22:17:25,22
24746,רשת 13,2024-11-16,2024-11-16 22:17:40,22
24747,רשת 13,2024-11-16,2024-11-16 22:18:11,22
24748,רשת 13,2024-11-16,2024-11-16 22:18:26,22
24749,רשת 13,2024-11-16,2024-11-16 22:19:05,22
24750,רשת 13,2024-11-16,2024-11-16 22:19:53,22
24751,רשת 13,2024-11-16,2024-11-16 22:20:34,22
24752,רשת 13,2024-11-16,2024-11-16 22:20:40,22
24753,רשת 13,2024-11-16,2024-11-16 22:20:46,22
24754,רשת 13,2024-11-16,2024-11-16 22:20:52,22
24755,רשת 13,2024-11-16,2024-11-16 22:20:58,22
24756,רשת 13,2024-11-16,2024-11-16 22:21:04,22
24757,רשת 13,2024-11-16,2024-11-16 22:21:10,22
24758,רשת 13,2024-11-16,2024-11-16 22:39:41,22
24759,רשת 13,2024-11-16,2024-11-16 22:41:00,22
24760,רשת 13,2024-11-16,2024-11-16 22:41:06,22
24761,רשת 13,2024-11-16,2024-11-16 22:41:12,22
24762,רשת 13,2024-11-16,2024-11-16 22:41:18,22
24763,רשת 13,2024-11-16,2024-11-16 22:41:24,22
24764,רשת 13,2024-11-16,2024-11-16 22:41:30,22
24765,רשת 13,2024-11-16,2024-11-16 22:41:49,22
24766,רשת 13,2024-11-16,2024-11-16 22:42:10,22
24767,רשת 13,2024-11-16,2024-11-16 22:42:20,22
24768,רשת 13,2024-11-16,2024-11-16 22:42:40,22
24769,רשת 13,2024-11-16,2024-11-16 22:42:55,22
24770,רשת 13,2024-11-16,2024-11-16 22:43:18,22
24771,רשת 13,2024-11-16,2024-11-16 22:43:47,22
24772,רשת 13,2024-11-16,2024-11-16 22:43:53,22
24773,רשת 13,2024-11-16,2024-11-16 22:44:41,22
24774,רשת 13,2024-11-16,2024-11-16 22:45:13,22
24775,רשת 13,2024-11-16,2024-11-16 22:45:46,22
24776,רשת 13,2024-11-16,2024-11-16 22:45:57,22
24777,רשת 13,2024-11-16,2024-11-16 22:46:14,22
24778,רשת 13,2024-11-16,2024-11-16 22:46:20,22
24779,רשת 13,2024-11-16,2024-11-16 22:46:35,22
24780,רשת 13,2024-11-16,2024-11-16 22:46:50,22
24781,רשת 13,2024-11-16,2024-11-16 22:47:03,22
24782,רשת 13,2024-11-16,2024-11-16 22:47:19,22
24783,רשת 13,2024-11-16,2024-11-16 22:47:34,22
24784,רשת 13,2024-11-16,2024-11-16 22:47:49,22
24785,רשת 13,2024-11-16,2024-11-16 22:48:17,22
24786,רשת 13,2024-11-16,2024-11-16 22:48:32,22
24787,רשת 13,2024-11-16,2024-11-16 22:48:38,22
24788,רשת 13,2024-11-16,2024-11-16 22:49:09,22
24789,רשת 13,2024-11-16,2024-11-16 22:49:15,22
24790,רשת 13,2024-11-16,2024-11-16 22:49:49,22
24791,רשת 13,2024-11-16,2024-11-16 22:50:38,22
24792,רשת 13,2024-11-16,2024-11-16 22:50:44,22
24793,רשת 13,2024-11-16,2024-11-16 22:50:50,22
24794,רשת 13,2024-11-16,2024-11-16 22:50:56,22
24795,רשת 13,2024-11-16,2024-11-16 22:51:02,22
24796,רשת 13,2024-11-16,2024-11-16 22:51:12,22
24797,רשת 13,2024-11-16,2024-11-16 22:51:18,22
24798,רשת 13,2024-11-16,2024-11-16 22:51:24,22
24799,רשת 13,2024-11-16,2024-11-16 22:59:21,22
24800,רשת 13,2024-11-16,2024-11-16 23:12:21,23
24801,רשת 13,2024-11-16,2024-11-16 23:12:47,23
24802,רשת 13,2024-11-16,2024-11-16 23:13:07,23
24803,רשת 13,2024-11-16,2024-11-16 23:13:22,23
24804,רשת 13,2024-11-16,2024-11-16 23:13:34,23
24805,רשת 13,2024-11-16,2024-11-16 23:13:54,23
24806,רשת 13,2024-11-16,2024-11-16 23:14:24,23
24807,רשת 13,2024-11-16,2024-11-16 23:14:53,23
24808,רשת 13,2024-11-16,2024-11-16 23:15:19,23
24809,רשת 13,2024-11-16,2024-11-16 23:15:29,23
24810,רשת 13,2024-11-16,2024-11-16 23:15:45,23
24811,רשת 13,2024-11-16,2024-11-16 23:16:25,23
24812,רשת 13,2024-11-16,2024-11-16 23:17:13,23
24813,רשת 13,2024-11-16,2024-11-16 23:36:49,23
24814,רשת 13,2024-11-16,2024-11-16 23:37:28,23
24815,רשת 13,2024-11-16,2024-11-16 23:38:13,23
24816,רשת 13,2024-11-16,2024-11-16 23:38:19,23
24817,רשת 13,2024-11-16,2024-11-16 23:38:27,23
24818,רשת 13,2024-11-16,2024-11-16 23:38:33,23
24819,רשת 13,2024-11-16,2024-11-16 23:38:43,23
24820,רשת 13,2024-11-16,2024-11-16 23:39:04,23
24821,רשת 13,2024-11-16,2024-11-16 23:39:19,23
24822,רשת 13,2024-11-16,2024-11-16 23:39:36,23
24823,רשת 13,2024-11-16,2024-11-16 23:39:56,23
24824,רשת 13,2024-11-16,2024-11-16 23:40:11,23
24825,רשת 13,2024-11-16,2024-11-16 23:41:10,23
24826,רשת 13,2024-11-16,2024-11-16 23:41:21,23
24827,רשת 13,2024-11-16,2024-11-16 23:41:36,23
24828,רשת 13,2024-11-16,2024-11-16 23:41:56,23
24829,רשת 13,2024-11-16,2024-11-16 23:42:17,23
24830,רשת 13,2024-11-16,2024-11-16 23:42:59,23
24831,רשת 13,2024-11-16,2024-11-16 23:43:05,23
24832,רשת 13,2024-11-16,2024-11-16 23:43:25,23
24833,רשת 13,2024-11-16,2024-11-16 23:44:08,23
24834,רשת 13,2024-11-16,2024-11-16 23:44:56,23
24835,רשת 13,2024-11-16,2024-11-16 23:46:05,23
24836,רשת 13,2024-11-16,2024-11-16 23:46:11,23
24837,רשת 13,2024-11-16,2024-11-16 00:04:54,0
24838,רשת 13,2024-11-16,2024-11-16 00:05:30,0
24839,רשת 13,2024-11-16,2024-11-16 00:20:42,0
24840,רשת 13,2024-11-16,2024-11-16 00:21:03,0
24841,רשת 13,2024-11-16,2024-11-16 00:21:41,0
24842,רשת 13,2024-11-16,2024-11-16 00:21:47,0
24843,רשת 13,2024-11-16,2024-11-16 00:21:53,0
24844,רשת 13,2024-11-16,2024-11-16 00:21:59,0
24845,רשת 13,2024-11-16,2024-11-16 00:22:05,0
24846,רשת 13,2024-11-16,2024-11-16 00:22:11,0
24847,רשת 13,2024-11-16,2024-11-16 00:22:37,0
24848,רשת 13,2024-11-16,2024-11-16 00:22:47,0
24849,רשת 13,2024-11-16,2024-11-16 00:23:12,0
24850,רשת 13,2024-11-16,2024-11-16 00:23:18,0
24851,רשת 13,2024-11-16,2024-11-16 00:23:46,0
24852,רשת 13,2024-11-16,2024-11-16 00:23:56,0
24853,רשת 13,2024-11-16,2024-11-16 00:24:44,0
24854,רשת 13,2024-11-16,2024-11-16 00:24:59,0
24855,רשת 13,2024-11-16,2024-11-16 00:25:14,0
24856,רשת 13,2024-11-16,2024-11-16 00:25:20,0
24857,רשת 13,2024-11-16,2024-11-16 00:25:51,0
24858,רשת 13,2024-11-16,2024-11-16 00:26:20,0
24859,רשת 13,2024-11-16,2024-11-16 00:26:26,0
24860,רשת 13,2024-11-16,2024-11-16 00:27:11,0
24861,רשת 13,2024-11-16,2024-11-16 00:28:30,0
24862,רשת 13,2024-11-16,2024-11-16 00:28:40,0
24863,רשת 13,2024-11-16,2024-11-16 00:28:46,0
24864,רשת 13,2024-11-16,2024-11-16 00:28:52,0
24865,רשת 13,2024-11-16,2024-11-16 00:28:58,0
24866,רשת 13,2024-11-16,2024-11-16 00:42:44,0
24867,רשת 13,2024-11-16,2024-11-16 00:43:29,0
24868,רשת 13,2024-11-16,2024-11-16 00:43:44,0
24869,רשת 13,2024-11-16,2024-11-16 00:44:04,0
24870,רשת 13,2024-11-16,2024-11-16 00:44:25,0
24871,רשת 13,2024-11-16,2024-11-16 00:45:13,0
24872,רשת 13,2024-11-16,2024-11-16 00:46:27,0
24873,רשת 13,2024-11-16,2024-11-16 01:29:47,1
24874,רשת 13,2024-11-16,2024-11-16 01:29:53,1
24875,רשת 13,2024-11-16,2024-11-16 01:30:32,1
24876,רשת 13,2024-11-16,2024-11-16 01:31:10,1
24877,רשת 13,2024-11-16,2024-11-16 01:31:49,1
24878,רשת 13,2024-11-16,2024-11-16 01:33:03,1
24879,רשת 13,2024-11-16,2024-11-16 01:33:52,1
24880,רשת 13,2024-11-16,2024-11-16 01:34:02,1
25972,רשת 13,2024-11-17,2024-11-17 02:39:47,2
25973,רשת 13,2024-11-17,2024-11-17 02:40:27,2
25974,רשת 13,2024-11-17,2024-11-17 02:41:01,2
25975,רשת 13,2024-11-17,2024-11-17 02:41:07,2
25976,רשת 13,2024-11-17,2024-11-17 02:41:51,2
25977,רשת 13,2024-11-17,2024-11-17 03:18:37,3
25978,רשת 13,2024-11-17,2024-11-17 03:50:28,3
25979,רשת 13,2024-11-17,2024-11-17 04:08:41,4
25980,רשת 13,2024-11-17,2024-11-17 04:09:02,4
25981,רשת 13,2024-11-17,2024-11-17 04:09:36,4
25982,רשת 13,2024-11-17,2024-11-17 04:09:42,4
25983,רשת 13,2024-11-17,2024-11-17 05:23:43,5
25984,רשת 13,2024-11-17,2024-11-17 05:24:23,5
25985,רשת 13,2024-11-17,2024-11-17 05:25:11,5
25986,רשת 13,2024-11-17,2024-11-17 05:50:04,5
25987,רשת 13,2024-11-17,2024-11-17 06:14:20,6
25988,רשת 13,2024-11-17,2024-11-17 06:14:28,6
25989,רשת 13,2024-11-17,2024-11-17 06:14:38,6
25990,רשת 13,2024-11-17,2024-11-17 06:14:46,6
25991,רשת 13,2024-11-17,2024-11-17 06:15:26,6
25992,רשת 13,2024-11-17,2024-11-17 06:16:11,6
25993,רשת 13,2024-11-17,2024-11-17 06:16:17,6
25994,רשת 13,2024-11-17,2024-11-17 06:16:53,6
25995,רשת 13,2024-11-17,2024-11-17 06:16:59,6
25996,רשת 13,2024-11-17,2024-11-17 06:17:10,6
25997,רשת 13,2024-11-17,2024-11-17 06:17:18,6
25998,רשת 13,2024-11-17,2024-11-17 06:17:28,6
25999,רשת 13,2024-11-17,2024-11-17 07:11:03,7
26000,רשת 13,2024-11-17,2024-11-17 07:11:43,7
26001,רשת 13,2024-11-17,2024-11-17 07:12:28,7
26002,רשת 13,2024-11-17,2024-11-17 07:12:34,7
26003,רשת 13,2024-11-17,2024-11-17 07:13:34,7
26004,רשת 13,2024-11-17,2024-11-17 07:13:40,7
26005,רשת 13,2024-11-17,2024-11-17 07:13:51,7
26006,רשת 13,2024-11-17,2024-11-17 07:13:59,7
26007,רשת 13,2024-11-17,2024-11-17 07:14:05,7
26008,רשת 13,2024-11-17,2024-11-17 07:14:15,7
26009,רשת 13,2024-11-17,2024-11-17 07:14:21,7
26010,רשת 13,2024-11-17,2024-11-17 07:14:42,7
26011,רשת 13,2024-11-17,2024-11-17 07:15:07,7
26012,רשת 13,2024-11-17,2024-11-17 07:15:22,7
26013,רשת 13,2024-11-17,2024-11-17 07:15:34,7
26014,רשת 13,2024-11-17,2024-11-17 07:16:06,7
26015,רשת 13,2024-11-17,2024-11-17 07:16:19,7
26016,רשת 13,2024-11-17,2024-11-17 07:16:34,7
26017,רשת 13,2024-11-17,2024-11-17 07:17:22,7
26018,רשת 13,2024-11-17,2024-11-17 07:18:15,7
26019,רשת 13,2024-11-17,2024-11-17 07:18:30,7
26020,רשת 13,2024-11-17,2024-11-17 07:18:41,7
26021,רשת 13,2024-11-17,2024-11-17 07:19:25,7
26022,רשת 13,2024-11-17,2024-11-17 07:33:42,7
26023,רשת 13,2024-11-17,2024-11-17 07:34:03,7
26024,רשת 13,2024-11-17,2024-11-17 07:34:46,7
26025,רשת 13,2024-11-17,2024-11-17 07:34:52,7
26026,רשת 13,2024-11-17,2024-11-17 07:34:58,7
26027,רשת 13,2024-11-17,2024-11-17 07:35:04,7
26028,רשת 13,2024-11-17,2024-11-17 07:35:26,7
26029,רשת 13,2024-11-17,2024-11-17 07:35:45,7
26030,רשת 13,2024-11-17,2024-11-17 07:35:55,7
26031,רשת 13,2024-11-17,2024-11-17 07:36:11,7
26032,רשת 13,2024-11-17,2024-11-17 07:36:26,7
26033,רשת 13,2024-11-17,2024-11-17 07:36:54,7
26034,רשת 13,2024-11-17,2024-11-17 07:37:18,7
26035,רשת 13,2024-11-17,2024-11-17 07:37:24,7
26036,רשת 13,2024-11-17,2024-11-17 07:37:40,7
26037,רשת 13,2024-11-17,2024-11-17 07:37:53,7
26038,רשת 13,2024-11-17,2024-11-17 07:37:59,7
26039,רשת 13,2024-11-17,2024-11-17 07:38:15,7
26040,רשת 13,2024-11-17,2024-11-17 07:38:36,7
26041,רשת 13,2024-11-17,2024-11-17 07:38:56,7
26042,רשת 13,2024-11-17,2024-11-17 07:39:29,7
26043,רשת 13,2024-11-17,2024-11-17 07:39:35,7
26044,רשת 13,2024-11-17,2024-11-17 07:40:20,7
26045,רשת 13,2024-11-17,2024-11-17 07:41:12,7
26046,רשת 13,2024-11-17,2024-11-17 07:41:18,7
26047,רשת 13,2024-11-17,2024-11-17 07:41:54,7
26048,רשת 13,2024-11-17,2024-11-17 07:42:00,7
26049,רשת 13,2024-11-17,2024-11-17 07:42:11,7
26050,רשת 13,2024-11-17,2024-11-17 07:42:19,7
26051,רשת 13,2024-11-17,2024-11-17 07:42:29,7
26052,רשת 13,2024-11-17,2024-11-17 07:42:35,7
26053,רשת 13,2024-11-17,2024-11-17 08:06:10,8
26054,רשת 13,2024-11-17,2024-11-17 08:06:16,8
26055,רשת 13,2024-11-17,2024-11-17 08:06:52,8
26056,רשת 13,2024-11-17,2024-11-17 08:06:58,8
26057,רשת 13,2024-11-17,2024-11-17 08:16:15,8
26058,רשת 13,2024-11-17,2024-11-17 08:16:58,8
26059,רשת 13,2024-11-17,2024-11-17 08:17:04,8
26060,רשת 13,2024-11-17,2024-11-17 08:18:04,8
26061,רשת 13,2024-11-17,2024-11-17 08:18:10,8
26062,רשת 13,2024-11-17,2024-11-17 08:18:21,8
26063,רשת 13,2024-11-17,2024-11-17 08:18:29,8
26064,רשת 13,2024-11-17,2024-11-17 08:18:35,8
26065,רשת 13,2024-11-17,2024-11-17 08:18:41,8
26066,רשת 13,2024-11-17,2024-11-17 08:18:51,8
26067,רשת 13,2024-11-17,2024-11-17 08:19:05,8
26068,רשת 13,2024-11-17,2024-11-17 08:19:21,8
26069,רשת 13,2024-11-17,2024-11-17 08:19:36,8
26070,רשת 13,2024-11-17,2024-11-17 08:20:07,8
26071,רשת 13,2024-11-17,2024-11-17 08:20:28,8
26072,רשת 13,2024-11-17,2024-11-17 08:21:16,8
26073,רשת 13,2024-11-17,2024-11-17 08:37:09,8
26074,רשת 13,2024-11-17,2024-11-17 08:37:49,8
26075,רשת 13,2024-11-17,2024-11-17 08:38:24,8
26076,רשת 13,2024-11-17,2024-11-17 08:38:48,8
26077,רשת 13,2024-11-17,2024-11-17 08:38:54,8
26078,רשת 13,2024-11-17,2024-11-17 08:39:09,8
26079,רשת 13,2024-11-17,2024-11-17 08:39:15,8
26080,רשת 13,2024-11-17,2024-11-17 08:39:31,8
26081,רשת 13,2024-11-17,2024-11-17 08:40:03,8
26082,רשת 13,2024-11-17,2024-11-17 08:40:09,8
26083,רשת 13,2024-11-17,2024-11-17 08:40:39,8
26084,רשת 13,2024-11-17,2024-11-17 08:41:18,8
26085,רשת 13,2024-11-17,2024-11-17 08:41:40,8
26086,רשת 13,2024-11-17,2024-11-17 08:42:30,8
26087,רשת 13,2024-11-17,2024-11-17 08:42:38,8
26088,רשת 13,2024-11-17,2024-11-17 08:42:48,8
26089,רשת 13,2024-11-17,2024-11-17 08:42:54,8
26090,רשת 13,2024-11-17,2024-11-17 08:43:00,8
26091,רשת 13,2024-11-17,2024-11-17 09:07:57,9
26092,רשת 13,2024-11-17,2024-11-17 09:08:03,9
26093,רשת 13,2024-11-17,2024-11-17 09:08:39,9
26094,רשת 13,2024-11-17,2024-11-17 09:08:45,9
26095,רשת 13,2024-11-17,2024-11-17 09:15:03,9
26096,רשת 13,2024-11-17,2024-11-17 09:15:24,9
26097,רשת 13,2024-11-17,2024-11-17 09:15:51,9
26098,רשת 13,2024-11-17,2024-11-17 09:15:59,9
26099,רשת 13,2024-11-17,2024-11-17 09:16:05,9
26100,רשת 13,2024-11-17,2024-11-17 09:16:15,9
26101,רשת 13,2024-11-17,2024-11-17 09:16:38,9
26102,רשת 13,2024-11-17,2024-11-17 09:16:58,9
26103,רשת 13,2024-11-17,2024-11-17 09:17:13,9
26104,רשת 13,2024-11-17,2024-11-17 09:17:23,9
26105,רשת 13,2024-11-17,2024-11-17 09:17:51,9
26106,רשת 13,2024-11-17,2024-11-17 09:18:01,9
26107,רשת 13,2024-11-17,2024-11-17 09:18:26,9
26108,רשת 13,2024-11-17,2024-11-17 09:18:42,9
26109,רשת 13,2024-11-17,2024-11-17 09:18:55,9
26110,רשת 13,2024-11-17,2024-11-17 09:19:10,9
26111,רשת 13,2024-11-17,2024-11-17 09:19:36,9
26112,רשת 13,2024-11-17,2024-11-17 09:20:41,9
26113,רשת 13,2024-11-17,2024-11-17 09:20:47,9
26114,רשת 13,2024-11-17,2024-11-17 09:21:31,9
26115,רשת 13,2024-11-17,2024-11-17 09:22:24,9
26116,רשת 13,2024-11-17,2024-11-17 09:22:32,9
26117,רשת 13,2024-11-17,2024-11-17 09:22:42,9
26118,רשת 13,2024-11-17,2024-11-17 09:22:48,9
26119,רשת 13,2024-11-17,2024-11-17 09:52:59,9
26120,רשת 13,2024-11-17,2024-11-17 09:53:44,9
26121,רשת 13,2024-11-17,2024-11-17 09:53:50,9
26122,רשת 13,2024-11-17,2024-11-17 09:53:56,9
26123,רשת 13,2024-11-17,2024-11-17 09:54:16,9
26124,רשת 13,2024-11-17,2024-11-17 09:54:40,9
26125,רשת 13,2024-11-17,2024-11-17 09:54:46,9
26126,רשת 13,2024-11-17,2024-11-17 09:54:57,9
26127,רשת 13,2024-11-17,2024-11-17 09:55:12,9
26128,רשת 13,2024-11-17,2024-11-17 09:55:28,9
26129,רשת 13,2024-11-17,2024-11-17 09:56:00,9
26130,רשת 13,2024-11-17,2024-11-17 09:56:48,9
26131,רשת 13,2024-11-17,2024-11-17 09:58:01,9
26132,רשת 13,2024-11-17,2024-11-17 09:58:49,9
26133,רשת 13,2024-11-17,2024-11-17 09:59:37,9
26134,רשת 13,2024-11-17,2024-11-17 10:04:43,10
26135,רשת 13,2024-11-17,2024-11-17 10:04:49,10
26136,רשת 13,2024-11-17,2024-11-17 10:05:25,10
26137,רשת 13,2024-11-17,2024-11-17 10:05:31,10
26138,רשת 13,2024-11-17,2024-11-17 10:43:17,10
26139,רשת 13,2024-11-17,2024-11-17 10:43:57,10
26140,רשת 13,2024-11-17,2024-11-17 10:44:43,10
26141,רשת 13,2024-11-17,2024-11-17 10:44:51,10
26142,רשת 13,2024-11-17,2024-11-17 10:44:57,10
26143,רשת 13,2024-11-17,2024-11-17 10:45:07,10
26144,רשת 13,2024-11-17,2024-11-17 10:45:28,10
26145,רשת 13,2024-11-17,2024-11-17 10:45:44,10
26146,רשת 13,2024-11-17,2024-11-17 10:45:59,10
26147,רשת 13,2024-11-17,2024-11-17 10:46:14,10
26148,רשת 13,2024-11-17,2024-11-17 10:46:29,10
26149,רשת 13,2024-11-17,2024-11-17 10:46:35,10
26150,רשת 13,2024-11-17,2024-11-17 10:46:55,10
26151,רשת 13,2024-11-17,2024-11-17 10:47:43,10
26152,רשת 13,2024-11-17,2024-11-17 10:48:03,10
26153,רשת 13,2024-11-17,2024-11-17 10:48:35,10
26154,רשת 13,2024-11-17,2024-11-17 10:48:41,10
26155,רשת 13,2024-11-17,2024-11-17 10:49:07,10
26156,רשת 13,2024-11-17,2024-11-17 10:49:50,10
26157,רשת 13,2024-11-17,2024-11-17 10:50:12,10
26158,רשת 13,2024-11-17,2024-11-17 10:51:22,10
26159,רשת 13,2024-11-17,2024-11-17 10:51:28,10
26160,רשת 13,2024-11-17,2024-11-17 10:51:38,10
26161,רשת 13,2024-11-17,2024-11-17 11:06:21,11
26162,רשת 13,2024-11-17,2024-11-17 11:06:27,11
26163,רשת 13,2024-11-17,2024-11-17 11:07:03,11
26164,רשת 13,2024-11-17,2024-11-17 11:07:09,11
26165,רשת 13,2024-11-17,2024-11-17 11:34:07,11
26166,רשת 13,2024-11-17,2024-11-17 11:34:28,11
26167,רשת 13,2024-11-17,2024-11-17 11:35:11,11
26168,רשת 13,2024-11-17,2024-11-17 11:35:17,11
26169,רשת 13,2024-11-17,2024-11-17 11:35:23,11
26170,רשת 13,2024-11-17,2024-11-17 11:35:33,11
26171,רשת 13,2024-11-17,2024-11-17 11:35:55,11
26172,רשת 13,2024-11-17,2024-11-17 11:36:15,11
26173,רשת 13,2024-11-17,2024-11-17 11:36:30,11
26174,רשת 13,2024-11-17,2024-11-17 11:36:40,11
26175,רשת 13,2024-11-17,2024-11-17 11:37:28,11
26176,רשת 13,2024-11-17,2024-11-17 11:38:27,11
26177,רשת 13,2024-11-17,2024-11-17 11:38:42,11
26178,רשת 13,2024-11-17,2024-11-17 11:38:58,11
26179,רשת 13,2024-11-17,2024-11-17 11:39:18,11
26180,רשת 13,2024-11-17,2024-11-17 11:39:38,11
26181,רשת 13,2024-11-17,2024-11-17 11:39:59,11
26182,רשת 13,2024-11-17,2024-11-17 11:40:33,11
26183,רשת 13,2024-11-17,2024-11-17 11:40:39,11
26184,רשת 13,2024-11-17,2024-11-17 11:41:24,11
26185,רשת 13,2024-11-17,2024-11-17 11:42:17,11
26186,רשת 13,2024-11-17,2024-11-17 11:42:23,11
26187,רשת 13,2024-11-17,2024-11-17 11:42:29,11
26188,רשת 13,2024-11-17,2024-11-17 12:04:10,12
26189,רשת 13,2024-11-17,2024-11-17 12:04:16,12
26190,רשת 13,2024-11-17,2024-11-17 12:04:52,12
26191,רשת 13,2024-11-17,2024-11-17 12:04:58,12
26192,רשת 13,2024-11-17,2024-11-17 12:26:59,12
26193,רשת 13,2024-11-17,2024-11-17 12:27:38,12
26194,רשת 13,2024-11-17,2024-11-17 12:28:22,12
26195,רשת 13,2024-11-17,2024-11-17 12:28:32,12
26196,רשת 13,2024-11-17,2024-11-17 12:28:38,12
26197,רשת 13,2024-11-17,2024-11-17 12:28:50,12
26198,רשת 13,2024-11-17,2024-11-17 12:29:00,12
26199,רשת 13,2024-11-17,2024-11-17 12:29:12,12
26200,רשת 13,2024-11-17,2024-11-17 12:29:27,12
26201,רשת 13,2024-11-17,2024-11-17 12:29:42,12
26202,רשת 13,2024-11-17,2024-11-17 12:30:02,12
26203,רשת 13,2024-11-17,2024-11-17 12:30:18,12
26204,רשת 13,2024-11-17,2024-11-17 12:30:39,12
26205,רשת 13,2024-11-17,2024-11-17 12:30:49,12
26206,רשת 13,2024-11-17,2024-11-17 12:31:37,12
26207,רשת 13,2024-11-17,2024-11-17 12:32:09,12
26208,רשת 13,2024-11-17,2024-11-17 12:32:43,12
26209,רשת 13,2024-11-17,2024-11-17 12:32:49,12
26210,רשת 13,2024-11-17,2024-11-17 12:33:37,12
26211,רשת 13,2024-11-17,2024-11-17 12:34:45,12
26212,רשת 13,2024-11-17,2024-11-17 12:34:51,12
26213,רשת 13,2024-11-17,2024-11-17 12:35:01,12
26214,רשת 13,2024-11-17,2024-11-17 12:46:41,12
26215,רשת 13,2024-11-17,2024-11-17 12:47:29,12
26216,רשת 13,2024-11-17,2024-11-17 13:03:41,13
26217,רשת 13,2024-11-17,2024-11-17 13:03:47,13
26218,רשת 13,2024-11-17,2024-11-17 13:04:23,13
26219,רשת 13,2024-11-17,2024-11-17 13:04:29,13
26220,רשת 13,2024-11-17,2024-11-17 13:23:24,13
26221,רשת 13,2024-11-17,2024-11-17 13:24:03,13
26222,רשת 13,2024-11-17,2024-11-17 13:24:48,13
26223,רשת 13,2024-11-17,2024-11-17 13:24:58,13
26224,רשת 13,2024-11-17,2024-11-17 13:25:04,13
26225,רשת 13,2024-11-17,2024-11-17 13:25:26,13
26226,רשת 13,2024-11-17,2024-11-17 13:25:46,13
26227,רשת 13,2024-11-17,2024-11-17 13:26:06,13
26228,רשת 13,2024-11-17,2024-11-17 13:26:38,13
26229,רשת 13,2024-11-17,2024-11-17 13:27:37,13
26230,רשת 13,2024-11-17,2024-11-17 13:28:25,13
26231,רשת 13,2024-11-17,2024-11-17 13:28:41,13
26232,רשת 13,2024-11-17,2024-11-17 13:29:01,13
26233,רשת 13,2024-11-17,2024-11-17 13:29:22,13
26234,רשת 13,2024-11-17,2024-11-17 13:29:56,13
26235,רשת 13,2024-11-17,2024-11-17 13:30:21,13
26236,רשת 13,2024-11-17,2024-11-17 13:30:43,13
26237,רשת 13,2024-11-17,2024-11-17 13:31:36,13
26238,רשת 13,2024-11-17,2024-11-17 13:31:46,13
26239,רשת 13,2024-11-17,2024-11-17 14:06:02,14
26240,רשת 13,2024-11-17,2024-11-17 14:06:08,14
26241,רשת 13,2024-11-17,2024-11-17 14:06:44,14
26242,רשת 13,2024-11-17,2024-11-17 14:06:50,14
26243,רשת 13,2024-11-17,2024-11-17 14:22:31,14
26244,רשת 13,2024-11-17,2024-11-17 14:23:10,14
26245,רשת 13,2024-11-17,2024-11-17 14:23:51,14
26246,רשת 13,2024-11-17,2024-11-17 14:24:44,14
26247,רשת 13,2024-11-17,2024-11-17 14:24:54,14
26248,רשת 13,2024-11-17,2024-11-17 14:25:16,14
26249,רשת 13,2024-11-17,2024-11-17 14:25:36,14
26250,רשת 13,2024-11-17,2024-11-17 14:25:42,14
26251,רשת 13,2024-11-17,2024-11-17 14:26:30,14
26252,רשת 13,2024-11-17,2024-11-17 14:26:50,14
26253,רשת 13,2024-11-17,2024-11-17 14:27:06,14
26254,רשת 13,2024-11-17,2024-11-17 14:27:38,14
26255,רשת 13,2024-11-17,2024-11-17 14:27:44,14
26256,רשת 13,2024-11-17,2024-11-17 14:28:19,14
26257,רשת 13,2024-11-17,2024-11-17 14:29:03,14
26258,רשת 13,2024-11-17,2024-11-17 14:29:42,14
26259,רשת 13,2024-11-17,2024-11-17 14:30:27,14
26260,רשת 13,2024-11-17,2024-11-17 14:31:15,14
26261,רשת 13,2024-11-17,2024-11-17 14:44:17,14
26262,רשת 13,2024-11-17,2024-11-17 14:44:56,14
26263,רשת 13,2024-11-17,2024-11-17 14:45:40,14
26264,רשת 13,2024-11-17,2024-11-17 14:46:45,14
26265,רשת 13,2024-11-17,2024-11-17 14:47:17,14
26266,רשת 13,2024-11-17,2024-11-17 14:48:17,14
26267,רשת 13,2024-11-17,2024-11-17 14:49:05,14
26268,רשת 13,2024-11-17,2024-11-17 14:49:49,14
26269,רשת 13,2024-11-17,2024-11-17 14:50:42,14
26270,רשת 13,2024-11-17,2024-11-17 14:50:48,14
26271,רשת 13,2024-11-17,2024-11-17 15:53:47,15
26272,רשת 13,2024-11-17,2024-11-17 15:54:30,15
26273,רשת 13,2024-11-17,2024-11-17 15:54:40,15
26274,רשת 13,2024-11-17,2024-11-17 15:54:46,15
26275,רשת 13,2024-11-17,2024-11-17 15:55:07,15
26276,רשת 13,2024-11-17,2024-11-17 15:55:22,15
26277,רשת 13,2024-11-17,2024-11-17 15:55:52,15
26278,רשת 13,2024-11-17,2024-11-17 15:56:40,15
26279,רשת 13,2024-11-17,2024-11-17 15:57:28,15
26280,רשת 13,2024-11-17,2024-11-17 15:58:36,15
26281,רשת 13,2024-11-17,2024-11-17 15:58:42,15
26282,רשת 13,2024-11-17,2024-11-17 15:59:18,15
26283,רשת 13,2024-11-17,2024-11-17 15:59:24,15
26284,רשת 13,2024-11-17,2024-11-17 15:59:34,15
26285,רשת 13,2024-11-17,2024-11-17 15:59:44,15
26286,רשת 13,2024-11-17,2024-11-17 15:59:50,15
26287,רשת 13,2024-11-17,2024-11-17 15:59:56,15
26288,רשת 13,2024-11-17,2024-11-17 16:23:58,16
26289,רשת 13,2024-11-17,2024-11-17 16:24:38,16
26290,רשת 13,2024-11-17,2024-11-17 16:25:16,16
26291,רשת 13,2024-11-17,2024-11-17 16:25:24,16
26292,רשת 13,2024-11-17,2024-11-17 16:25:30,16
26293,רשת 13,2024-11-17,2024-11-17 16:25:40,16
26294,רשת 13,2024-11-17,2024-11-17 16:25:46,16
26295,רשת 13,2024-11-17,2024-11-17 16:26:07,16
26296,רשת 13,2024-11-17,2024-11-17 16:26:35,16
26297,רשת 13,2024-11-17,2024-11-17 16:26:50,16
26298,רשת 13,2024-11-17,2024-11-17 16:27:16,16
26299,רשת 13,2024-11-17,2024-11-17 16:27:48,16
26300,רשת 13,2024-11-17,2024-11-17 16:28:19,16
26301,רשת 13,2024-11-17,2024-11-17 16:28:40,16
26302,רשת 13,2024-11-17,2024-11-17 16:29:00,16
26303,רשת 13,2024-11-17,2024-11-17 16:29:30,16
26304,רשת 13,2024-11-17,2024-11-17 16:30:13,16
26305,רשת 13,2024-11-17,2024-11-17 16:30:35,16
26306,רשת 13,2024-11-17,2024-11-17 16:31:44,16
26307,רשת 13,2024-11-17,2024-11-17 16:31:52,16
26308,רשת 13,2024-11-17,2024-11-17 16:32:02,16
26309,רשת 13,2024-11-17,2024-11-17 16:32:08,16
26310,רשת 13,2024-11-17,2024-11-17 16:32:14,16
26311,רשת 13,2024-11-17,2024-11-17 16:32:26,16
26312,רשת 13,2024-11-17,2024-11-17 16:32:32,16
26313,רשת 13,2024-11-17,2024-11-17 16:33:08,16
26314,רשת 13,2024-11-17,2024-11-17 16:33:14,16
26315,רשת 13,2024-11-17,2024-11-17 17:15:58,17
26316,רשת 13,2024-11-17,2024-11-17 17:16:19,17
26317,רשת 13,2024-11-17,2024-11-17 17:17:01,17
26318,רשת 13,2024-11-17,2024-11-17 17:17:09,17
26319,רשת 13,2024-11-17,2024-11-17 17:17:15,17
26320,רשת 13,2024-11-17,2024-11-17 17:17:22,17
26321,רשת 13,2024-11-17,2024-11-17 17:17:44,17
26322,רשת 13,2024-11-17,2024-11-17 17:17:50,17
26323,רשת 13,2024-11-17,2024-11-17 17:18:05,17
26324,רשת 13,2024-11-17,2024-11-17 17:18:20,17
26325,רשת 13,2024-11-17,2024-11-17 17:18:48,17
26326,רשת 13,2024-11-17,2024-11-17 17:19:04,17
26327,רשת 13,2024-11-17,2024-11-17 17:19:10,17
26328,רשת 13,2024-11-17,2024-11-17 17:19:39,17
26329,רשת 13,2024-11-17,2024-11-17 17:19:45,17
26330,רשת 13,2024-11-17,2024-11-17 17:20:29,17
26331,רשת 13,2024-11-17,2024-11-17 17:21:22,17
26332,רשת 13,2024-11-17,2024-11-17 17:21:30,17
26333,רשת 13,2024-11-17,2024-11-17 17:21:40,17
26334,רשת 13,2024-11-17,2024-11-17 17:21:46,17
26335,רשת 13,2024-11-17,2024-11-17 17:21:58,17
26336,רשת 13,2024-11-17,2024-11-17 17:22:04,17
26337,רשת 13,2024-11-17,2024-11-17 17:22:40,17
26338,רשת 13,2024-11-17,2024-11-17 17:22:46,17
26339,רשת 13,2024-11-17,2024-11-17 17:22:57,17
26340,רשת 13,2024-11-17,2024-11-17 17:23:03,17
26341,רשת 13,2024-11-17,2024-11-17 17:23:09,17
26342,רשת 13,2024-11-17,2024-11-17 17:23:19,17
26343,רשת 13,2024-11-17,2024-11-17 17:53:35,17
26344,רשת 13,2024-11-17,2024-11-17 17:54:35,17
26345,רשת 13,2024-11-17,2024-11-17 18:33:51,18
26346,רשת 13,2024-11-17,2024-11-17 18:34:36,18
26347,רשת 13,2024-11-17,2024-11-17 18:34:42,18
26348,רשת 13,2024-11-17,2024-11-17 18:34:50,18
26349,רשת 13,2024-11-17,2024-11-17 18:34:56,18
26350,רשת 13,2024-11-17,2024-11-17 18:35:06,18
26351,רשת 13,2024-11-17,2024-11-17 18:35:12,18
26352,רשת 13,2024-11-17,2024-11-17 18:35:26,18
26353,רשת 13,2024-11-17,2024-11-17 18:36:14,18
26354,רשת 13,2024-11-17,2024-11-17 18:36:39,18
26355,רשת 13,2024-11-17,2024-11-17 18:37:38,18
26356,רשת 13,2024-11-17,2024-11-17 18:37:51,18
26357,רשת 13,2024-11-17,2024-11-17 18:37:57,18
26358,רשת 13,2024-11-17,2024-11-17 18:38:13,18
26359,רשת 13,2024-11-17,2024-11-17 18:38:44,18
26360,רשת 13,2024-11-17,2024-11-17 18:39:16,18
26361,רשת 13,2024-11-17,2024-11-17 18:39:22,18
26362,רשת 13,2024-11-17,2024-11-17 18:39:38,18
26363,רשת 13,2024-11-17,2024-11-17 18:40:03,18
26364,רשת 13,2024-11-17,2024-11-17 18:40:51,18
26365,רשת 13,2024-11-17,2024-11-17 18:42:00,18
26366,רשת 13,2024-11-17,2024-11-17 18:42:06,18
26367,רשת 13,2024-11-17,2024-11-17 18:42:42,18
26368,רשת 13,2024-11-17,2024-11-17 18:42:48,18
26369,רשת 13,2024-11-17,2024-11-17 18:42:59,18
26370,רשת 13,2024-11-17,2024-11-17 18:43:07,18
26371,רשת 13,2024-11-17,2024-11-17 18:43:17,18
26372,רשת 13,2024-11-17,2024-11-17 18:43:23,18
26373,רשת 13,2024-11-17,2024-11-17 18:43:29,18
26374,רשת 13,2024-11-17,2024-11-17 18:43:37,18
26375,רשת 13,2024-11-17,2024-11-17 18:59:58,18
26376,רשת 13,2024-11-17,2024-11-17 19:00:37,19
26377,רשת 13,2024-11-17,2024-11-17 19:01:16,19
26378,רשת 13,2024-11-17,2024-11-17 19:01:22,19
26379,רשת 13,2024-11-17,2024-11-17 19:01:32,19
26380,רשת 13,2024-11-17,2024-11-17 19:01:40,19
26381,רשת 13,2024-11-17,2024-11-17 19:01:46,19
26382,רשת 13,2024-11-17,2024-11-17 19:01:52,19
26383,רשת 13,2024-11-17,2024-11-17 19:01:58,19
26384,רשת 13,2024-11-17,2024-11-17 19:02:04,19
26385,רשת 13,2024-11-17,2024-11-17 19:02:10,19
26386,רשת 13,2024-11-17,2024-11-17 19:02:31,19
26387,רשת 13,2024-11-17,2024-11-17 19:02:47,19
26388,רשת 13,2024-11-17,2024-11-17 19:03:12,19
26389,רשת 13,2024-11-17,2024-11-17 19:03:22,19
26390,רשת 13,2024-11-17,2024-11-17 19:03:52,19
26391,רשת 13,2024-11-17,2024-11-17 19:04:11,19
26392,רשת 13,2024-11-17,2024-11-17 19:04:45,19
26393,רשת 13,2024-11-17,2024-11-17 19:05:25,19
26394,רשת 13,2024-11-17,2024-11-17 19:05:52,19
26395,רשת 13,2024-11-17,2024-11-17 19:05:58,19
26396,רשת 13,2024-11-17,2024-11-17 19:06:04,19
26397,רשת 13,2024-11-17,2024-11-17 19:06:10,19
26398,רשת 13,2024-11-17,2024-11-17 19:06:20,19
26399,רשת 13,2024-11-17,2024-11-17 19:06:26,19
26400,רשת 13,2024-11-17,2024-11-17 19:06:32,19
26401,רשת 13,2024-11-17,2024-11-17 19:06:38,19
26402,רשת 13,2024-11-17,2024-11-17 19:06:44,19
26403,רשת 13,2024-11-17,2024-11-17 19:40:49,19
26404,רשת 13,2024-11-17,2024-11-17 19:52:01,19
26405,רשת 13,2024-11-17,2024-11-17 19:53:01,19
26406,רשת 13,2024-11-17,2024-11-17 19:53:46,19
26407,רשת 13,2024-11-17,2024-11-17 20:42:44,20
26408,רשת 13,2024-11-17,2024-11-17 20:43:18,20
26409,רשת 13,2024-11-17,2024-11-17 20:44:11,20
26410,רשת 13,2024-11-17,2024-11-17 20:44:26,20
26411,רשת 13,2024-11-17,2024-11-17 20:45:26,20
26412,רשת 13,2024-11-17,2024-11-17 20:46:01,20
26413,רשת 13,2024-11-17,2024-11-17 20:46:24,20
26414,רשת 13,2024-11-17,2024-11-17 20:46:44,20
26415,רשת 13,2024-11-17,2024-11-17 20:47:32,20
26416,רשת 13,2024-11-17,2024-11-17 20:48:07,20
26417,רשת 13,2024-11-17,2024-11-17 20:48:22,20
26418,רשת 13,2024-11-17,2024-11-17 20:48:37,20
26419,רשת 13,2024-11-17,2024-11-17 20:48:51,20
26420,רשת 13,2024-11-17,2024-11-17 20:49:23,20
26421,רשת 13,2024-11-17,2024-11-17 20:49:44,20
26422,רשת 13,2024-11-17,2024-11-17 20:49:54,20
26423,רשת 13,2024-11-17,2024-11-17 20:50:24,20
26424,רשת 13,2024-11-17,2024-11-17 20:50:46,20
26425,רשת 13,2024-11-17,2024-11-17 21:00:19,21
26426,רשת 13,2024-11-17,2024-11-17 21:00:44,21
26427,רשת 13,2024-11-17,2024-11-17 21:00:50,21
26428,רשת 13,2024-11-17,2024-11-17 21:00:58,21
26429,רשת 13,2024-11-17,2024-11-17 21:01:04,21
26430,רשת 13,2024-11-17,2024-11-17 21:01:10,21
26431,רשת 13,2024-11-17,2024-11-17 21:01:20,21
26432,רשת 13,2024-11-17,2024-11-17 21:01:42,21
26433,רשת 13,2024-11-17,2024-11-17 21:02:02,21
26434,רשת 13,2024-11-17,2024-11-17 21:02:22,21
26435,רשת 13,2024-11-17,2024-11-17 21:02:36,21
26436,רשת 13,2024-11-17,2024-11-17 21:02:51,21
26437,רשת 13,2024-11-17,2024-11-17 21:03:44,21
26438,רשת 13,2024-11-17,2024-11-17 21:04:19,21
26439,רשת 13,2024-11-17,2024-11-17 21:04:43,21
26440,רשת 13,2024-11-17,2024-11-17 21:04:55,21
26441,רשת 13,2024-11-17,2024-11-17 21:05:13,21
26442,רשת 13,2024-11-17,2024-11-17 21:05:28,21
26443,רשת 13,2024-11-17,2024-11-17 21:05:59,21
26444,רשת 13,2024-11-17,2024-11-17 21:06:14,21
26445,רשת 13,2024-11-17,2024-11-17 21:06:42,21
26446,רשת 13,2024-11-17,2024-11-17 21:07:02,21
26447,רשת 13,2024-11-17,2024-11-17 21:07:19,21
26448,רשת 13,2024-11-17,2024-11-17 21:07:51,21
26449,רשת 13,2024-11-17,2024-11-17 21:08:12,21
26450,רשת 13,2024-11-17,2024-11-17 21:08:38,21
26451,רשת 13,2024-11-17,2024-11-17 21:24:43,21
26452,רשת 13,2024-11-17,2024-11-17 21:25:08,21
26453,רשת 13,2024-11-17,2024-11-17 21:25:26,21
26454,רשת 13,2024-11-17,2024-11-17 21:26:05,21
26455,רשת 13,2024-11-17,2024-11-17 21:26:51,21
26456,רשת 13,2024-11-17,2024-11-17 21:26:57,21
26457,רשת 13,2024-11-17,2024-11-17 21:27:57,21
26458,רשת 13,2024-11-17,2024-11-17 21:28:03,21
26459,רשת 13,2024-11-17,2024-11-17 21:52:29,21
26460,רשת 13,2024-11-17,2024-11-17 22:13:02,22
26461,רשת 13,2024-11-17,2024-11-17 22:13:08,22
26462,רשת 13,2024-11-17,2024-11-17 22:13:14,22
26463,רשת 13,2024-11-17,2024-11-17 22:13:20,22
26464,רשת 13,2024-11-17,2024-11-17 22:13:28,22
26465,רשת 13,2024-11-17,2024-11-17 22:13:34,22
26466,רשת 13,2024-11-17,2024-11-17 22:13:44,22
26467,רשת 13,2024-11-17,2024-11-17 22:14:01,22
26468,רשת 13,2024-11-17,2024-11-17 22:14:36,22
26469,רשת 13,2024-11-17,2024-11-17 22:14:56,22
26470,רשת 13,2024-11-17,2024-11-17 22:15:11,22
26471,רשת 13,2024-11-17,2024-11-17 22:15:46,22
26472,רשת 13,2024-11-17,2024-11-17 22:16:01,22
26473,רשת 13,2024-11-17,2024-11-17 22:16:49,22
26474,רשת 13,2024-11-17,2024-11-17 22:17:04,22
26475,רשת 13,2024-11-17,2024-11-17 22:17:22,22
26476,רשת 13,2024-11-17,2024-11-17 22:17:45,22
26477,רשת 13,2024-11-17,2024-11-17 22:18:05,22
26478,רשת 13,2024-11-17,2024-11-17 22:18:25,22
26479,רשת 13,2024-11-17,2024-11-17 22:18:44,22
26480,רשת 13,2024-11-17,2024-11-17 22:19:09,22
26481,רשת 13,2024-11-17,2024-11-17 22:19:25,22
26482,רשת 13,2024-11-17,2024-11-17 22:19:40,22
26483,רשת 13,2024-11-17,2024-11-17 22:20:06,22
26484,רשת 13,2024-11-17,2024-11-17 22:20:26,22
26485,רשת 13,2024-11-17,2024-11-17 22:20:54,22
26486,רשת 13,2024-11-17,2024-11-17 22:21:09,22
26487,רשת 13,2024-11-17,2024-11-17 22:21:43,22
26488,רשת 13,2024-11-17,2024-11-17 22:22:04,22
26489,רשת 13,2024-11-17,2024-11-17 22:23:14,22
26490,רשת 13,2024-11-17,2024-11-17 22:23:20,22
26491,רשת 13,2024-11-17,2024-11-17 22:23:26,22
26492,רשת 13,2024-11-17,2024-11-17 22:23:36,22
26493,רשת 13,2024-11-17,2024-11-17 22:23:42,22
26494,רשת 13,2024-11-17,2024-11-17 22:41:36,22
26495,רשת 13,2024-11-17,2024-11-17 22:42:04,22
26496,רשת 13,2024-11-17,2024-11-17 22:43:23,22
26497,רשת 13,2024-11-17,2024-11-17 22:43:29,22
26498,רשת 13,2024-11-17,2024-11-17 22:43:35,22
26499,רשת 13,2024-11-17,2024-11-17 22:43:41,22
26500,רשת 13,2024-11-17,2024-11-17 22:43:47,22
26501,רשת 13,2024-11-17,2024-11-17 22:43:53,22
26502,רשת 13,2024-11-17,2024-11-17 22:44:12,22
26503,רשת 13,2024-11-17,2024-11-17 22:44:37,22
26504,רשת 13,2024-11-17,2024-11-17 22:45:12,22
26505,רשת 13,2024-11-17,2024-11-17 22:45:37,22
26506,רשת 13,2024-11-17,2024-11-17 22:45:57,22
26507,רשת 13,2024-11-17,2024-11-17 22:46:11,22
26508,רשת 13,2024-11-17,2024-11-17 22:46:26,22
26509,רשת 13,2024-11-17,2024-11-17 22:46:46,22
26510,רשת 13,2024-11-17,2024-11-17 22:47:07,22
26511,רשת 13,2024-11-17,2024-11-17 22:47:39,22
26512,רשת 13,2024-11-17,2024-11-17 22:47:59,22
26513,רשת 13,2024-11-17,2024-11-17 22:48:58,22
26514,רשת 13,2024-11-17,2024-11-17 22:49:13,22
26515,רשת 13,2024-11-17,2024-11-17 22:50:06,22
26516,רשת 13,2024-11-17,2024-11-17 22:50:34,22
26517,רשת 13,2024-11-17,2024-11-17 22:50:49,22
26518,רשת 13,2024-11-17,2024-11-17 22:51:04,22
26519,רשת 13,2024-11-17,2024-11-17 22:51:28,22
26520,רשת 13,2024-11-17,2024-11-17 23:08:21,23
26521,רשת 13,2024-11-17,2024-11-17 23:08:39,23
26522,רשת 13,2024-11-17,2024-11-17 23:09:30,23
26523,רשת 13,2024-11-17,2024-11-17 23:09:58,23
26524,רשת 13,2024-11-17,2024-11-17 23:10:13,23
26525,רשת 13,2024-11-17,2024-11-17 23:11:06,23
26526,רשת 13,2024-11-17,2024-11-17 23:11:41,23
26527,רשת 13,2024-11-17,2024-11-17 23:11:55,23
26528,רשת 13,2024-11-17,2024-11-17 23:12:10,23
26529,רשת 13,2024-11-17,2024-11-17 23:12:22,23
26530,רשת 13,2024-11-17,2024-11-17 23:12:32,23
26531,רשת 13,2024-11-17,2024-11-17 23:13:07,23
26532,רשת 13,2024-11-17,2024-11-17 23:13:25,23
26533,רשת 13,2024-11-17,2024-11-17 23:13:31,23
26534,רשת 13,2024-11-17,2024-11-17 23:13:56,23
26535,רשת 13,2024-11-17,2024-11-17 23:14:02,23
26536,רשת 13,2024-11-17,2024-11-17 23:15:04,23
26537,רשת 13,2024-11-17,2024-11-17 23:15:10,23
26538,רשת 13,2024-11-17,2024-11-17 23:51:30,23
26539,רשת 13,2024-11-17,2024-11-17 23:51:55,23
26540,רשת 13,2024-11-17,2024-11-17 23:52:41,23
26541,רשת 13,2024-11-17,2024-11-17 23:52:47,23
26542,רשת 13,2024-11-17,2024-11-17 23:52:55,23
26543,רשת 13,2024-11-17,2024-11-17 23:53:05,23
26544,רשת 13,2024-11-17,2024-11-17 23:53:26,23
26545,רשת 13,2024-11-17,2024-11-17 23:53:41,23
26546,רשת 13,2024-11-17,2024-11-17 23:54:01,23
26547,רשת 13,2024-11-17,2024-11-17 23:54:36,23
26548,רשת 13,2024-11-17,2024-11-17 23:55:29,23
26549,רשת 13,2024-11-17,2024-11-17 23:55:49,23
26550,רשת 13,2024-11-17,2024-11-17 23:56:04,23
26551,רשת 13,2024-11-17,2024-11-17 23:56:23,23
26552,רשת 13,2024-11-17,2024-11-17 23:56:38,23
26553,רשת 13,2024-11-17,2024-11-17 23:56:53,23
26554,רשת 13,2024-11-17,2024-11-17 23:57:19,23
26555,רשת 13,2024-11-17,2024-11-17 23:57:58,23
26556,רשת 13,2024-11-17,2024-11-17 23:58:25,23
26557,רשת 13,2024-11-17,2024-11-17 00:22:29,0
26558,רשת 13,2024-11-17,2024-11-17 00:22:54,0
26559,רשת 13,2024-11-17,2024-11-17 00:23:36,0
26560,רשת 13,2024-11-17,2024-11-17 00:23:42,0
26561,רשת 13,2024-11-17,2024-11-17 00:23:48,0
26562,רשת 13,2024-11-17,2024-11-17 00:24:03,0
26563,רשת 13,2024-11-17,2024-11-17 00:24:28,0
26564,רשת 13,2024-11-17,2024-11-17 00:24:43,0
26565,רשת 13,2024-11-17,2024-11-17 00:24:53,0
26566,רשת 13,2024-11-17,2024-11-17 00:25:13,0
26567,רשת 13,2024-11-17,2024-11-17 00:25:28,0
26568,רשת 13,2024-11-17,2024-11-17 00:25:56,0
26569,רשת 13,2024-11-17,2024-11-17 00:26:11,0
26570,רשת 13,2024-11-17,2024-11-17 00:26:26,0
26571,רשת 13,2024-11-17,2024-11-17 00:26:46,0
26572,רשת 13,2024-11-17,2024-11-17 00:27:26,0
26573,רשת 13,2024-11-17,2024-11-17 00:27:48,0
26574,רשת 13,2024-11-17,2024-11-17 00:28:13,0
26575,רשת 13,2024-11-17,2024-11-17 00:28:19,0
26576,רשת 13,2024-11-17,2024-11-17 00:29:01,0
26577,רשת 13,2024-11-17,2024-11-17 00:29:07,0
26578,רשת 13,2024-11-17,2024-11-17 00:29:17,0
26579,רשת 13,2024-11-17,2024-11-17 00:29:27,0
26580,רשת 13,2024-11-17,2024-11-17 00:29:33,0
26581,רשת 13,2024-11-17,2024-11-17 00:42:19,0
26582,רשת 13,2024-11-17,2024-11-17 00:42:44,0
26583,רשת 13,2024-11-17,2024-11-17 00:43:20,0
26584,רשת 13,2024-11-17,2024-11-17 00:43:35,0
26585,רשת 13,2024-11-17,2024-11-17 00:44:05,0
26586,רשת 13,2024-11-17,2024-11-17 00:44:43,0
26587,רשת 13,2024-11-17,2024-11-17 01:29:01,1
26588,רשת 13,2024-11-17,2024-11-17 01:29:26,1
26589,רשת 13,2024-11-17,2024-11-17 01:30:04,1
26590,רשת 13,2024-11-17,2024-11-17 01:30:19,1
26591,רשת 13,2024-11-17,2024-11-17 01:30:54,1
26592,רשת 13,2024-11-17,2024-11-17 01:31:16,1
26593,רשת 13,2024-11-17,2024-11-17 01:31:41,1
27662,רשת 13,2024-11-18,2024-11-18 02:15:28,2
27663,רשת 13,2024-11-18,2024-11-18 02:15:53,2
27664,רשת 13,2024-11-18,2024-11-18 02:47:42,2
27665,רשת 13,2024-11-18,2024-11-18 02:48:07,2
27666,רשת 13,2024-11-18,2024-11-18 03:11:04,3
27667,רשת 13,2024-11-18,2024-11-18 03:11:29,3
27668,רשת 13,2024-11-18,2024-11-18 03:27:10,3
27669,רשת 13,2024-11-18,2024-11-18 03:27:35,3
27670,רשת 13,2024-11-18,2024-11-18 05:24:22,5
27671,רשת 13,2024-11-18,2024-11-18 05:41:40,5
27672,רשת 13,2024-11-18,2024-11-18 06:14:36,6
27673,רשת 13,2024-11-18,2024-11-18 06:14:44,6
27674,רשת 13,2024-11-18,2024-11-18 06:14:54,6
27675,רשת 13,2024-11-18,2024-11-18 06:15:02,6
27676,רשת 13,2024-11-18,2024-11-18 06:15:47,6
27677,רשת 13,2024-11-18,2024-11-18 06:16:27,6
27678,רשת 13,2024-11-18,2024-11-18 06:16:33,6
27679,רשת 13,2024-11-18,2024-11-18 06:17:15,6
27680,רשת 13,2024-11-18,2024-11-18 06:17:21,6
27681,רשת 13,2024-11-18,2024-11-18 06:17:32,6
27682,רשת 13,2024-11-18,2024-11-18 06:17:40,6
27683,רשת 13,2024-11-18,2024-11-18 06:17:50,6
27684,רשת 13,2024-11-18,2024-11-18 07:11:21,7
27685,רשת 13,2024-11-18,2024-11-18 07:11:46,7
27686,רשת 13,2024-11-18,2024-11-18 07:12:12,7
27687,רשת 13,2024-11-18,2024-11-18 07:12:18,7
27688,רשת 13,2024-11-18,2024-11-18 07:13:20,7
27689,רשת 13,2024-11-18,2024-11-18 07:13:26,7
27690,רשת 13,2024-11-18,2024-11-18 07:13:37,7
27691,רשת 13,2024-11-18,2024-11-18 07:13:45,7
27692,רשת 13,2024-11-18,2024-11-18 07:13:55,7
27693,רשת 13,2024-11-18,2024-11-18 07:14:01,7
27694,רשת 13,2024-11-18,2024-11-18 07:14:07,7
27695,רשת 13,2024-11-18,2024-11-18 07:14:29,7
27696,רשת 13,2024-11-18,2024-11-18 07:14:59,7
27697,רשת 13,2024-11-18,2024-11-18 07:15:22,7
27698,רשת 13,2024-11-18,2024-11-18 07:15:46,7
27699,רשת 13,2024-11-18,2024-11-18 07:16:21,7
27700,רשת 13,2024-11-18,2024-11-18 07:16:54,7
27701,רשת 13,2024-11-18,2024-11-18 07:17:26,7
27702,רשת 13,2024-11-18,2024-11-18 07:17:38,7
27703,רשת 13,2024-11-18,2024-11-18 07:17:53,7
27704,רשת 13,2024-11-18,2024-11-18 07:18:14,7
27705,רשת 13,2024-11-18,2024-11-18 07:18:29,7
27706,רשת 13,2024-11-18,2024-11-18 07:18:44,7
27707,רשת 13,2024-11-18,2024-11-18 07:19:19,7
27708,רשת 13,2024-11-18,2024-11-18 07:19:25,7
27709,רשת 13,2024-11-18,2024-11-18 07:19:47,7
27710,רשת 13,2024-11-18,2024-11-18 07:20:28,7
27711,רשת 13,2024-11-18,2024-11-18 07:20:36,7
27712,רשת 13,2024-11-18,2024-11-18 07:20:46,7
27713,רשת 13,2024-11-18,2024-11-18 07:20:52,7
27714,רשת 13,2024-11-18,2024-11-18 07:36:42,7
27715,רשת 13,2024-11-18,2024-11-18 07:37:07,7
27716,רשת 13,2024-11-18,2024-11-18 07:37:57,7
27717,רשת 13,2024-11-18,2024-11-18 07:38:03,7
27718,רשת 13,2024-11-18,2024-11-18 07:38:09,7
27719,רשת 13,2024-11-18,2024-11-18 07:38:28,7
27720,רשת 13,2024-11-18,2024-11-18 07:38:44,7
27721,רשת 13,2024-11-18,2024-11-18 07:39:32,7
27722,רשת 13,2024-11-18,2024-11-18 07:39:57,7
27723,רשת 13,2024-11-18,2024-11-18 07:40:14,7
27724,רשת 13,2024-11-18,2024-11-18 07:40:49,7
27725,רשת 13,2024-11-18,2024-11-18 07:40:59,7
27726,רשת 13,2024-11-18,2024-11-18 07:41:24,7
27727,רשת 13,2024-11-18,2024-11-18 07:41:39,7
27728,רשת 13,2024-11-18,2024-11-18 07:42:09,7
27729,רשת 13,2024-11-18,2024-11-18 07:42:27,7
27730,רשת 13,2024-11-18,2024-11-18 07:42:47,7
27731,רשת 13,2024-11-18,2024-11-18 07:43:07,7
27732,רשת 13,2024-11-18,2024-11-18 07:43:22,7
27733,רשת 13,2024-11-18,2024-11-18 07:43:47,7
27734,רשת 13,2024-11-18,2024-11-18 07:44:07,7
27735,רשת 13,2024-11-18,2024-11-18 07:44:46,7
27736,רשת 13,2024-11-18,2024-11-18 07:45:12,7
27737,רשת 13,2024-11-18,2024-11-18 07:45:18,7
27738,רשת 13,2024-11-18,2024-11-18 07:46:00,7
27739,רשת 13,2024-11-18,2024-11-18 07:46:06,7
27740,רשת 13,2024-11-18,2024-11-18 08:05:32,8
27741,רשת 13,2024-11-18,2024-11-18 08:05:38,8
27742,רשת 13,2024-11-18,2024-11-18 08:06:20,8
27743,רשת 13,2024-11-18,2024-11-18 08:06:26,8
27744,רשת 13,2024-11-18,2024-11-18 08:13:48,8
27745,רשת 13,2024-11-18,2024-11-18 08:14:39,8
27746,רשת 13,2024-11-18,2024-11-18 08:15:20,8
27747,רשת 13,2024-11-18,2024-11-18 08:15:26,8
27748,רשת 13,2024-11-18,2024-11-18 08:16:28,8
27749,רשת 13,2024-11-18,2024-11-18 08:16:34,8
27750,רשת 13,2024-11-18,2024-11-18 08:16:45,8
27751,רשת 13,2024-11-18,2024-11-18 08:16:51,8
27752,רשת 13,2024-11-18,2024-11-18 08:16:59,8
27753,רשת 13,2024-11-18,2024-11-18 08:17:09,8
27754,רשת 13,2024-11-18,2024-11-18 08:17:15,8
27755,רשת 13,2024-11-18,2024-11-18 08:17:28,8
27756,רשת 13,2024-11-18,2024-11-18 08:17:42,8
27757,רשת 13,2024-11-18,2024-11-18 08:18:06,8
27758,רשת 13,2024-11-18,2024-11-18 08:18:21,8
27759,רשת 13,2024-11-18,2024-11-18 08:18:36,8
27760,רשת 13,2024-11-18,2024-11-18 08:19:36,8
27761,רשת 13,2024-11-18,2024-11-18 08:19:51,8
27762,רשת 13,2024-11-18,2024-11-18 08:20:19,8
27763,רשת 13,2024-11-18,2024-11-18 08:20:35,8
27764,רשת 13,2024-11-18,2024-11-18 08:20:41,8
27765,רשת 13,2024-11-18,2024-11-18 08:21:03,8
27766,רשת 13,2024-11-18,2024-11-18 08:21:09,8
27767,רשת 13,2024-11-18,2024-11-18 08:21:31,8
27768,רשת 13,2024-11-18,2024-11-18 08:22:12,8
27769,רשת 13,2024-11-18,2024-11-18 08:22:20,8
27770,רשת 13,2024-11-18,2024-11-18 08:22:30,8
27771,רשת 13,2024-11-18,2024-11-18 08:22:36,8
27772,רשת 13,2024-11-18,2024-11-18 08:33:46,8
27773,רשת 13,2024-11-18,2024-11-18 08:34:11,8
27774,רשת 13,2024-11-18,2024-11-18 08:35:01,8
27775,רשת 13,2024-11-18,2024-11-18 08:35:20,8
27776,רשת 13,2024-11-18,2024-11-18 08:35:40,8
27777,רשת 13,2024-11-18,2024-11-18 08:35:55,8
27778,רשת 13,2024-11-18,2024-11-18 08:36:30,8
27779,רשת 13,2024-11-18,2024-11-18 08:36:48,8
27780,רשת 13,2024-11-18,2024-11-18 08:37:12,8
27781,רשת 13,2024-11-18,2024-11-18 08:37:32,8
27782,רשת 13,2024-11-18,2024-11-18 08:38:25,8
27783,רשת 13,2024-11-18,2024-11-18 08:38:40,8
27784,רשת 13,2024-11-18,2024-11-18 08:38:55,8
27785,רשת 13,2024-11-18,2024-11-18 08:39:21,8
27786,רשת 13,2024-11-18,2024-11-18 08:39:40,8
27787,רשת 13,2024-11-18,2024-11-18 08:39:55,8
27788,רשת 13,2024-11-18,2024-11-18 08:40:34,8
27789,רשת 13,2024-11-18,2024-11-18 08:40:55,8
27790,רשת 13,2024-11-18,2024-11-18 08:41:33,8
27791,רשת 13,2024-11-18,2024-11-18 09:05:11,9
27792,רשת 13,2024-11-18,2024-11-18 09:05:17,9
27793,רשת 13,2024-11-18,2024-11-18 09:05:59,9
27794,רשת 13,2024-11-18,2024-11-18 09:06:05,9
27795,רשת 13,2024-11-18,2024-11-18 09:13:22,9
27796,רשת 13,2024-11-18,2024-11-18 09:14:12,9
27797,רשת 13,2024-11-18,2024-11-18 09:14:42,9
27798,רשת 13,2024-11-18,2024-11-18 09:14:50,9
27799,רשת 13,2024-11-18,2024-11-18 09:14:56,9
27800,רשת 13,2024-11-18,2024-11-18 09:15:02,9
27801,רשת 13,2024-11-18,2024-11-18 09:15:15,9
27802,רשת 13,2024-11-18,2024-11-18 09:15:30,9
27803,רשת 13,2024-11-18,2024-11-18 09:15:55,9
27804,רשת 13,2024-11-18,2024-11-18 09:16:20,9
27805,רשת 13,2024-11-18,2024-11-18 09:16:35,9
27806,רשת 13,2024-11-18,2024-11-18 09:17:28,9
27807,רשת 13,2024-11-18,2024-11-18 09:17:38,9
27808,רשת 13,2024-11-18,2024-11-18 09:17:48,9
27809,רשת 13,2024-11-18,2024-11-18 09:18:14,9
27810,רשת 13,2024-11-18,2024-11-18 09:18:34,9
27811,רשת 13,2024-11-18,2024-11-18 09:19:13,9
27812,רשת 13,2024-11-18,2024-11-18 09:19:28,9
27813,רשת 13,2024-11-18,2024-11-18 09:19:58,9
27814,רשת 13,2024-11-18,2024-11-18 09:20:13,9
27815,רשת 13,2024-11-18,2024-11-18 09:20:52,9
27816,רשת 13,2024-11-18,2024-11-18 09:21:31,9
27817,רשת 13,2024-11-18,2024-11-18 09:21:37,9
27818,רשת 13,2024-11-18,2024-11-18 09:21:59,9
27819,רשת 13,2024-11-18,2024-11-18 09:22:40,9
27820,רשת 13,2024-11-18,2024-11-18 09:22:48,9
27821,רשת 13,2024-11-18,2024-11-18 09:22:58,9
27822,רשת 13,2024-11-18,2024-11-18 09:23:04,9
27823,רשת 13,2024-11-18,2024-11-18 09:50:23,9
27824,רשת 13,2024-11-18,2024-11-18 09:50:48,9
27825,רשת 13,2024-11-18,2024-11-18 09:51:58,9
27826,רשת 13,2024-11-18,2024-11-18 09:52:04,9
27827,רשת 13,2024-11-18,2024-11-18 09:52:19,9
27828,רשת 13,2024-11-18,2024-11-18 09:52:38,9
27829,רשת 13,2024-11-18,2024-11-18 09:52:58,9
27830,רשת 13,2024-11-18,2024-11-18 09:53:46,9
27831,רשת 13,2024-11-18,2024-11-18 09:54:21,9
27832,רשת 13,2024-11-18,2024-11-18 09:55:14,9
27833,רשת 13,2024-11-18,2024-11-18 09:55:53,9
27834,רשת 13,2024-11-18,2024-11-18 09:56:08,9
27835,רשת 13,2024-11-18,2024-11-18 09:56:39,9
27836,רשת 13,2024-11-18,2024-11-18 09:56:54,9
27837,רשת 13,2024-11-18,2024-11-18 09:57:09,9
27838,רשת 13,2024-11-18,2024-11-18 09:57:24,9
27839,רשת 13,2024-11-18,2024-11-18 09:57:30,9
27840,רשת 13,2024-11-18,2024-11-18 09:57:46,9
27841,רשת 13,2024-11-18,2024-11-18 09:58:20,9
27842,רשת 13,2024-11-18,2024-11-18 09:58:41,9
27843,רשת 13,2024-11-18,2024-11-18 09:59:19,9
27844,רשת 13,2024-11-18,2024-11-18 10:05:17,10
27845,רשת 13,2024-11-18,2024-11-18 10:05:23,10
27846,רשת 13,2024-11-18,2024-11-18 10:06:05,10
27847,רשת 13,2024-11-18,2024-11-18 10:06:11,10
27848,רשת 13,2024-11-18,2024-11-18 10:27:40,10
27849,רשת 13,2024-11-18,2024-11-18 10:28:30,10
27850,רשת 13,2024-11-18,2024-11-18 10:29:13,10
27851,רשת 13,2024-11-18,2024-11-18 10:29:21,10
27852,רשת 13,2024-11-18,2024-11-18 10:29:31,10
27853,רשת 13,2024-11-18,2024-11-18 10:29:37,10
27854,רשת 13,2024-11-18,2024-11-18 10:29:50,10
27855,רשת 13,2024-11-18,2024-11-18 10:30:25,10
27856,רשת 13,2024-11-18,2024-11-18 10:30:50,10
27857,רשת 13,2024-11-18,2024-11-18 10:31:05,10
27858,רשת 13,2024-11-18,2024-11-18 10:31:20,10
27859,רשת 13,2024-11-18,2024-11-18 10:31:35,10
27860,רשת 13,2024-11-18,2024-11-18 10:31:45,10
27861,רשת 13,2024-11-18,2024-11-18 10:32:06,10
27862,רשת 13,2024-11-18,2024-11-18 10:32:21,10
27863,רשת 13,2024-11-18,2024-11-18 10:32:36,10
27864,רשת 13,2024-11-18,2024-11-18 10:32:48,10
27865,רשת 13,2024-11-18,2024-11-18 10:33:08,10
27866,רשת 13,2024-11-18,2024-11-18 10:33:14,10
27867,רשת 13,2024-11-18,2024-11-18 10:33:36,10
27868,רשת 13,2024-11-18,2024-11-18 10:47:17,10
27869,רשת 13,2024-11-18,2024-11-18 10:47:42,10
27870,רשת 13,2024-11-18,2024-11-18 10:48:32,10
27871,רשת 13,2024-11-18,2024-11-18 10:48:38,10
27872,רשת 13,2024-11-18,2024-11-18 10:48:44,10
27873,רשת 13,2024-11-18,2024-11-18 10:48:59,10
27874,רשת 13,2024-11-18,2024-11-18 10:49:17,10
27875,רשת 13,2024-11-18,2024-11-18 10:49:32,10
27876,רשת 13,2024-11-18,2024-11-18 10:50:20,10
27877,רשת 13,2024-11-18,2024-11-18 10:50:30,10
27878,רשת 13,2024-11-18,2024-11-18 10:51:05,10
27879,רשת 13,2024-11-18,2024-11-18 10:51:25,10
27880,רשת 13,2024-11-18,2024-11-18 10:51:40,10
27881,רשת 13,2024-11-18,2024-11-18 10:52:14,10
27882,רשת 13,2024-11-18,2024-11-18 10:52:35,10
27883,רשת 13,2024-11-18,2024-11-18 10:53:13,10
27884,רשת 13,2024-11-18,2024-11-18 11:05:43,11
27885,רשת 13,2024-11-18,2024-11-18 11:05:49,11
27886,רשת 13,2024-11-18,2024-11-18 11:06:32,11
27887,רשת 13,2024-11-18,2024-11-18 11:06:38,11
27888,רשת 13,2024-11-18,2024-11-18 11:29:47,11
27889,רשת 13,2024-11-18,2024-11-18 11:30:38,11
27890,רשת 13,2024-11-18,2024-11-18 11:31:04,11
27891,רשת 13,2024-11-18,2024-11-18 11:31:14,11
27892,רשת 13,2024-11-18,2024-11-18 11:31:20,11
27893,רשת 13,2024-11-18,2024-11-18 11:31:42,11
27894,רשת 13,2024-11-18,2024-11-18 11:32:07,11
27895,רשת 13,2024-11-18,2024-11-18 11:32:42,11
27896,רשת 13,2024-11-18,2024-11-18 11:33:00,11
27897,רשת 13,2024-11-18,2024-11-18 11:33:15,11
27898,רשת 13,2024-11-18,2024-11-18 11:33:29,11
27899,רשת 13,2024-11-18,2024-11-18 11:33:39,11
27900,רשת 13,2024-11-18,2024-11-18 11:34:00,11
27901,רשת 13,2024-11-18,2024-11-18 11:34:15,11
27902,רשת 13,2024-11-18,2024-11-18 11:34:45,11
27903,רשת 13,2024-11-18,2024-11-18 11:34:51,11
27904,רשת 13,2024-11-18,2024-11-18 11:35:13,11
27905,רשת 13,2024-11-18,2024-11-18 11:36:06,11
27906,רשת 13,2024-11-18,2024-11-18 11:36:12,11
27907,רשת 13,2024-11-18,2024-11-18 11:49:29,11
27908,רשת 13,2024-11-18,2024-11-18 11:49:54,11
27909,רשת 13,2024-11-18,2024-11-18 11:50:52,11
27910,רשת 13,2024-11-18,2024-11-18 11:51:31,11
27911,רשת 13,2024-11-18,2024-11-18 11:51:51,11
27912,רשת 13,2024-11-18,2024-11-18 11:52:39,11
27913,רשת 13,2024-11-18,2024-11-18 11:53:14,11
27914,רשת 13,2024-11-18,2024-11-18 11:53:24,11
27915,רשת 13,2024-11-18,2024-11-18 11:53:44,11
27916,רשת 13,2024-11-18,2024-11-18 11:54:08,11
27917,רשת 13,2024-11-18,2024-11-18 11:54:29,11
27918,רשת 13,2024-11-18,2024-11-18 11:55:07,11
27919,רשת 13,2024-11-18,2024-11-18 12:04:04,12
27920,רשת 13,2024-11-18,2024-11-18 12:04:10,12
27921,רשת 13,2024-11-18,2024-11-18 12:04:52,12
27922,רשת 13,2024-11-18,2024-11-18 12:04:58,12
27923,רשת 13,2024-11-18,2024-11-18 12:20:56,12
27924,רשת 13,2024-11-18,2024-11-18 12:21:47,12
27925,רשת 13,2024-11-18,2024-11-18 12:22:32,12
27926,רשת 13,2024-11-18,2024-11-18 12:22:38,12
27927,רשת 13,2024-11-18,2024-11-18 12:22:44,12
27928,רשת 13,2024-11-18,2024-11-18 12:22:50,12
27929,רשת 13,2024-11-18,2024-11-18 12:23:00,12
27930,רשת 13,2024-11-18,2024-11-18 12:23:21,12
27931,רשת 13,2024-11-18,2024-11-18 12:23:41,12
27932,רשת 13,2024-11-18,2024-11-18 12:23:56,12
27933,רשת 13,2024-11-18,2024-11-18 12:24:44,12
27934,רשת 13,2024-11-18,2024-11-18 12:24:59,12
27935,רשת 13,2024-11-18,2024-11-18 12:25:13,12
27936,רשת 13,2024-11-18,2024-11-18 12:26:06,12
27937,רשת 13,2024-11-18,2024-11-18 12:26:16,12
27938,רשת 13,2024-11-18,2024-11-18 12:26:36,12
27939,רשת 13,2024-11-18,2024-11-18 12:26:56,12
27940,רשת 13,2024-11-18,2024-11-18 12:27:14,12
27941,רשת 13,2024-11-18,2024-11-18 12:27:29,12
27942,רשת 13,2024-11-18,2024-11-18 12:27:50,12
27943,רשת 13,2024-11-18,2024-11-18 12:28:05,12
27944,רשת 13,2024-11-18,2024-11-18 12:28:40,12
27945,רשת 13,2024-11-18,2024-11-18 12:29:05,12
27946,רשת 13,2024-11-18,2024-11-18 12:29:31,12
27947,רשת 13,2024-11-18,2024-11-18 12:29:41,12
27948,רשת 13,2024-11-18,2024-11-18 12:29:47,12
27949,רשת 13,2024-11-18,2024-11-18 12:29:53,12
27950,רשת 13,2024-11-18,2024-11-18 12:50:15,12
27951,רשת 13,2024-11-18,2024-11-18 12:51:06,12
27952,רשת 13,2024-11-18,2024-11-18 12:51:12,12
27953,רשת 13,2024-11-18,2024-11-18 13:04:11,13
27954,רשת 13,2024-11-18,2024-11-18 13:04:17,13
27955,רשת 13,2024-11-18,2024-11-18 13:05:00,13
27956,רשת 13,2024-11-18,2024-11-18 13:05:06,13
27957,רשת 13,2024-11-18,2024-11-18 13:18:50,13
27958,רשת 13,2024-11-18,2024-11-18 13:19:15,13
27959,רשת 13,2024-11-18,2024-11-18 13:20:25,13
27960,רשת 13,2024-11-18,2024-11-18 13:20:35,13
27961,רשת 13,2024-11-18,2024-11-18 13:20:41,13
27962,רשת 13,2024-11-18,2024-11-18 13:20:47,13
27963,רשת 13,2024-11-18,2024-11-18 13:21:06,13
27964,רשת 13,2024-11-18,2024-11-18 13:21:45,13
27965,רשת 13,2024-11-18,2024-11-18 13:22:33,13
27966,רשת 13,2024-11-18,2024-11-18 13:22:51,13
27967,רשת 13,2024-11-18,2024-11-18 13:23:26,13
27968,רשת 13,2024-11-18,2024-11-18 13:23:36,13
27969,רשת 13,2024-11-18,2024-11-18 13:23:56,13
27970,רשת 13,2024-11-18,2024-11-18 13:24:11,13
27971,רשת 13,2024-11-18,2024-11-18 13:24:26,13
27972,רשת 13,2024-11-18,2024-11-18 13:24:46,13
27973,רשת 13,2024-11-18,2024-11-18 13:25:01,13
27974,רשת 13,2024-11-18,2024-11-18 13:25:22,13
27975,רשת 13,2024-11-18,2024-11-18 13:26:15,13
27976,רשת 13,2024-11-18,2024-11-18 13:26:36,13
27977,רשת 13,2024-11-18,2024-11-18 13:27:14,13
27978,רשת 13,2024-11-18,2024-11-18 13:27:41,13
27979,רשת 13,2024-11-18,2024-11-18 13:27:51,13
27980,רשת 13,2024-11-18,2024-11-18 13:27:57,13
27981,רשת 13,2024-11-18,2024-11-18 14:04:50,14
27982,רשת 13,2024-11-18,2024-11-18 14:04:56,14
27983,רשת 13,2024-11-18,2024-11-18 14:05:38,14
27984,רשת 13,2024-11-18,2024-11-18 14:05:44,14
27985,רשת 13,2024-11-18,2024-11-18 14:33:31,14
27986,רשת 13,2024-11-18,2024-11-18 14:34:21,14
27987,רשת 13,2024-11-18,2024-11-18 14:35:00,14
27988,רשת 13,2024-11-18,2024-11-18 14:35:10,14
27989,רשת 13,2024-11-18,2024-11-18 14:35:16,14
27990,רשת 13,2024-11-18,2024-11-18 14:35:36,14
27991,רשת 13,2024-11-18,2024-11-18 14:35:56,14
27992,רשת 13,2024-11-18,2024-11-18 14:36:49,14
27993,רשת 13,2024-11-18,2024-11-18 14:37:37,14
27994,רשת 13,2024-11-18,2024-11-18 14:38:12,14
27995,רשת 13,2024-11-18,2024-11-18 14:38:26,14
27996,רשת 13,2024-11-18,2024-11-18 14:38:41,14
27997,רשת 13,2024-11-18,2024-11-18 14:39:01,14
27998,רשת 13,2024-11-18,2024-11-18 14:39:16,14
27999,רשת 13,2024-11-18,2024-11-18 14:39:34,14
28000,רשת 13,2024-11-18,2024-11-18 14:39:55,14
28001,רשת 13,2024-11-18,2024-11-18 14:40:10,14
28002,רשת 13,2024-11-18,2024-11-18 14:40:25,14
28003,רשת 13,2024-11-18,2024-11-18 14:40:50,14
28004,רשת 13,2024-11-18,2024-11-18 14:41:12,14
28005,רשת 13,2024-11-18,2024-11-18 14:41:38,14
28006,רשת 13,2024-11-18,2024-11-18 14:41:48,14
28007,רשת 13,2024-11-18,2024-11-18 15:53:32,15
28008,רשת 13,2024-11-18,2024-11-18 15:53:57,15
28009,רשת 13,2024-11-18,2024-11-18 15:54:46,15
28010,רשת 13,2024-11-18,2024-11-18 15:54:56,15
28011,רשת 13,2024-11-18,2024-11-18 15:55:15,15
28012,רשת 13,2024-11-18,2024-11-18 15:55:29,15
28013,רשת 13,2024-11-18,2024-11-18 15:55:44,15
28014,רשת 13,2024-11-18,2024-11-18 15:55:59,15
28015,רשת 13,2024-11-18,2024-11-18 15:56:31,15
28016,רשת 13,2024-11-18,2024-11-18 15:56:52,15
28017,רשת 13,2024-11-18,2024-11-18 15:57:30,15
28018,רשת 13,2024-11-18,2024-11-18 15:58:22,15
28019,רשת 13,2024-11-18,2024-11-18 15:58:28,15
28020,רשת 13,2024-11-18,2024-11-18 15:59:10,15
28021,רשת 13,2024-11-18,2024-11-18 15:59:16,15
28022,רשת 13,2024-11-18,2024-11-18 15:59:26,15
28023,רשת 13,2024-11-18,2024-11-18 15:59:36,15
28024,רשת 13,2024-11-18,2024-11-18 15:59:42,15
28025,רשת 13,2024-11-18,2024-11-18 16:31:15,16
28026,רשת 13,2024-11-18,2024-11-18 16:32:05,16
28027,רשת 13,2024-11-18,2024-11-18 16:32:47,16
28028,רשת 13,2024-11-18,2024-11-18 16:32:53,16
28029,רשת 13,2024-11-18,2024-11-18 16:33:01,16
28030,רשת 13,2024-11-18,2024-11-18 16:33:11,16
28031,רשת 13,2024-11-18,2024-11-18 16:33:17,16
28032,רשת 13,2024-11-18,2024-11-18 16:33:41,16
28033,רשת 13,2024-11-18,2024-11-18 16:34:06,16
28034,רשת 13,2024-11-18,2024-11-18 16:34:59,16
28035,רשת 13,2024-11-18,2024-11-18 16:35:14,16
28036,רשת 13,2024-11-18,2024-11-18 16:35:53,16
28037,רשת 13,2024-11-18,2024-11-18 16:36:19,16
28038,רשת 13,2024-11-18,2024-11-18 16:36:39,16
28039,רשת 13,2024-11-18,2024-11-18 16:36:54,16
28040,רשת 13,2024-11-18,2024-11-18 16:37:09,16
28041,רשת 13,2024-11-18,2024-11-18 16:37:24,16
28042,רשת 13,2024-11-18,2024-11-18 16:37:52,16
28043,רשת 13,2024-11-18,2024-11-18 16:38:27,16
28044,רשת 13,2024-11-18,2024-11-18 16:38:33,16
28045,רשת 13,2024-11-18,2024-11-18 16:38:55,16
28046,רשת 13,2024-11-18,2024-11-18 16:39:35,16
28047,רשת 13,2024-11-18,2024-11-18 16:39:41,16
28048,רשת 13,2024-11-18,2024-11-18 16:39:47,16
28049,רשת 13,2024-11-18,2024-11-18 16:40:30,16
28050,רשת 13,2024-11-18,2024-11-18 16:40:36,16
28051,רשת 13,2024-11-18,2024-11-18 16:40:42,16
28052,רשת 13,2024-11-18,2024-11-18 16:40:52,16
28053,רשת 13,2024-11-18,2024-11-18 16:41:00,16
28054,רשת 13,2024-11-18,2024-11-18 16:41:10,16
28055,רשת 13,2024-11-18,2024-11-18 16:41:18,16
28056,רשת 13,2024-11-18,2024-11-18 17:15:11,17
28057,רשת 13,2024-11-18,2024-11-18 17:15:36,17
28058,רשת 13,2024-11-18,2024-11-18 17:16:04,17
28059,רשת 13,2024-11-18,2024-11-18 17:16:10,17
28060,רשת 13,2024-11-18,2024-11-18 17:16:20,17
28061,רשת 13,2024-11-18,2024-11-18 17:16:26,17
28062,רשת 13,2024-11-18,2024-11-18 17:16:46,17
28063,רשת 13,2024-11-18,2024-11-18 17:17:21,17
28064,רשת 13,2024-11-18,2024-11-18 17:17:41,17
28065,רשת 13,2024-11-18,2024-11-18 17:17:56,17
28066,רשת 13,2024-11-18,2024-11-18 17:18:21,17
28067,רשת 13,2024-11-18,2024-11-18 17:18:56,17
28068,רשת 13,2024-11-18,2024-11-18 17:19:31,17
28069,רשת 13,2024-11-18,2024-11-18 17:20:02,17
28070,רשת 13,2024-11-18,2024-11-18 17:20:17,17
28071,רשת 13,2024-11-18,2024-11-18 17:20:37,17
28072,רשת 13,2024-11-18,2024-11-18 17:20:57,17
28073,רשת 13,2024-11-18,2024-11-18 17:21:12,17
28074,רשת 13,2024-11-18,2024-11-18 17:21:51,17
28075,רשת 13,2024-11-18,2024-11-18 17:22:12,17
28076,רשת 13,2024-11-18,2024-11-18 17:22:50,17
28077,רשת 13,2024-11-18,2024-11-18 17:23:17,17
28078,רשת 13,2024-11-18,2024-11-18 17:23:27,17
28079,רשת 13,2024-11-18,2024-11-18 17:23:33,17
28080,רשת 13,2024-11-18,2024-11-18 17:23:39,17
28081,רשת 13,2024-11-18,2024-11-18 17:23:49,17
28082,רשת 13,2024-11-18,2024-11-18 17:23:55,17
28083,רשת 13,2024-11-18,2024-11-18 17:24:01,17
28084,רשת 13,2024-11-18,2024-11-18 17:24:43,17
28085,רשת 13,2024-11-18,2024-11-18 17:24:49,17
28086,רשת 13,2024-11-18,2024-11-18 17:24:55,17
28087,רשת 13,2024-11-18,2024-11-18 17:53:10,17
28088,רשת 13,2024-11-18,2024-11-18 17:54:10,17
28089,רשת 13,2024-11-18,2024-11-18 18:31:25,18
28090,רשת 13,2024-11-18,2024-11-18 18:32:16,18
28091,רשת 13,2024-11-18,2024-11-18 18:32:45,18
28092,רשת 13,2024-11-18,2024-11-18 18:32:51,18
28093,רשת 13,2024-11-18,2024-11-18 18:32:57,18
28094,רשת 13,2024-11-18,2024-11-18 18:33:03,18
28095,רשת 13,2024-11-18,2024-11-18 18:33:13,18
28096,רשת 13,2024-11-18,2024-11-18 18:33:24,18
28097,רשת 13,2024-11-18,2024-11-18 18:33:37,18
28098,רשת 13,2024-11-18,2024-11-18 18:33:47,18
28099,רשת 13,2024-11-18,2024-11-18 18:34:02,18
28100,רשת 13,2024-11-18,2024-11-18 18:34:12,18
28101,רשת 13,2024-11-18,2024-11-18 18:34:24,18
28102,רשת 13,2024-11-18,2024-11-18 18:34:40,18
28103,רשת 13,2024-11-18,2024-11-18 18:35:33,18
28104,רשת 13,2024-11-18,2024-11-18 18:35:52,18
28105,רשת 13,2024-11-18,2024-11-18 18:36:07,18
28106,רשת 13,2024-11-18,2024-11-18 18:36:22,18
28107,רשת 13,2024-11-18,2024-11-18 18:36:38,18
28108,רשת 13,2024-11-18,2024-11-18 18:36:56,18
28109,רשת 13,2024-11-18,2024-11-18 18:37:31,18
28110,רשת 13,2024-11-18,2024-11-18 18:38:07,18
28111,רשת 13,2024-11-18,2024-11-18 18:38:33,18
28112,רשת 13,2024-11-18,2024-11-18 18:38:39,18
28113,רשת 13,2024-11-18,2024-11-18 18:38:45,18
28114,רשת 13,2024-11-18,2024-11-18 18:39:28,18
28115,רשת 13,2024-11-18,2024-11-18 18:39:34,18
28116,רשת 13,2024-11-18,2024-11-18 18:39:40,18
28117,רשת 13,2024-11-18,2024-11-18 18:39:51,18
28118,רשת 13,2024-11-18,2024-11-18 18:40:01,18
28119,רשת 13,2024-11-18,2024-11-18 18:40:07,18
28120,רשת 13,2024-11-18,2024-11-18 18:40:13,18
28121,רשת 13,2024-11-18,2024-11-18 18:40:19,18
28122,רשת 13,2024-11-18,2024-11-18 18:59:59,18
28123,רשת 13,2024-11-18,2024-11-18 19:00:24,19
28124,רשת 13,2024-11-18,2024-11-18 19:00:51,19
28125,רשת 13,2024-11-18,2024-11-18 19:00:57,19
28126,רשת 13,2024-11-18,2024-11-18 19:01:03,19
28127,רשת 13,2024-11-18,2024-11-18 19:01:09,19
28128,רשת 13,2024-11-18,2024-11-18 19:01:15,19
28129,רשת 13,2024-11-18,2024-11-18 19:01:21,19
28130,רשת 13,2024-11-18,2024-11-18 19:01:31,19
28131,רשת 13,2024-11-18,2024-11-18 19:01:43,19
28132,רשת 13,2024-11-18,2024-11-18 19:02:03,19
28133,רשת 13,2024-11-18,2024-11-18 19:02:35,19
28134,רשת 13,2024-11-18,2024-11-18 19:02:48,19
28135,רשת 13,2024-11-18,2024-11-18 19:03:23,19
28136,רשת 13,2024-11-18,2024-11-18 19:03:43,19
28137,רשת 13,2024-11-18,2024-11-18 19:04:02,19
28138,רשת 13,2024-11-18,2024-11-18 19:04:37,19
28139,רשת 13,2024-11-18,2024-11-18 19:04:52,19
28140,רשת 13,2024-11-18,2024-11-18 19:05:10,19
28141,רשת 13,2024-11-18,2024-11-18 19:05:31,19
28142,רשת 13,2024-11-18,2024-11-18 19:05:56,19
28143,רשת 13,2024-11-18,2024-11-18 19:06:11,19
28144,רשת 13,2024-11-18,2024-11-18 19:06:26,19
28145,רשת 13,2024-11-18,2024-11-18 19:06:46,19
28146,רשת 13,2024-11-18,2024-11-18 19:07:24,19
28147,רשת 13,2024-11-18,2024-11-18 19:08:14,19
28148,רשת 13,2024-11-18,2024-11-18 19:08:20,19
28149,רשת 13,2024-11-18,2024-11-18 19:08:30,19
28150,רשת 13,2024-11-18,2024-11-18 19:08:36,19
28151,רשת 13,2024-11-18,2024-11-18 19:08:42,19
28152,רשת 13,2024-11-18,2024-11-18 19:08:48,19
28153,רשת 13,2024-11-18,2024-11-18 19:08:54,19
28154,רשת 13,2024-11-18,2024-11-18 19:37:48,19
28155,רשת 13,2024-11-18,2024-11-18 19:51:20,19
28156,רשת 13,2024-11-18,2024-11-18 19:52:20,19
28157,רשת 13,2024-11-18,2024-11-18 19:53:05,19
28158,רשת 13,2024-11-18,2024-11-18 20:28:24,20
28159,רשת 13,2024-11-18,2024-11-18 20:38:02,20
28160,רשת 13,2024-11-18,2024-11-18 20:38:57,20
28161,רשת 13,2024-11-18,2024-11-18 20:39:03,20
28162,רשת 13,2024-11-18,2024-11-18 20:39:09,20
28163,רשת 13,2024-11-18,2024-11-18 20:39:15,20
28164,רשת 13,2024-11-18,2024-11-18 20:39:31,20
28165,רשת 13,2024-11-18,2024-11-18 20:40:09,20
28166,רשת 13,2024-11-18,2024-11-18 20:40:48,20
28167,רשת 13,2024-11-18,2024-11-18 20:41:23,20
28168,רשת 13,2024-11-18,2024-11-18 20:41:38,20
28169,רשת 13,2024-11-18,2024-11-18 20:41:48,20
28170,רשת 13,2024-11-18,2024-11-18 20:42:19,20
28171,רשת 13,2024-11-18,2024-11-18 20:42:43,20
28172,רשת 13,2024-11-18,2024-11-18 20:43:06,20
28173,רשת 13,2024-11-18,2024-11-18 20:43:34,20
28174,רשת 13,2024-11-18,2024-11-18 20:43:54,20
28175,רשת 13,2024-11-18,2024-11-18 20:44:15,20
28176,רשת 13,2024-11-18,2024-11-18 20:44:31,20
28177,רשת 13,2024-11-18,2024-11-18 20:45:01,20
28178,רשת 13,2024-11-18,2024-11-18 20:45:22,20
28179,רשת 13,2024-11-18,2024-11-18 21:14:39,21
28180,רשת 13,2024-11-18,2024-11-18 21:15:04,21
28181,רשת 13,2024-11-18,2024-11-18 21:15:32,21
28182,רשת 13,2024-11-18,2024-11-18 21:15:46,21
28183,רשת 13,2024-11-18,2024-11-18 21:16:10,21
28184,רשת 13,2024-11-18,2024-11-18 21:17:03,21
28185,רשת 13,2024-11-18,2024-11-18 21:17:20,21
28186,רשת 13,2024-11-18,2024-11-18 21:17:40,21
28187,רשת 13,2024-11-18,2024-11-18 21:17:55,21
28188,רשת 13,2024-11-18,2024-11-18 21:18:27,21
28189,רשת 13,2024-11-18,2024-11-18 21:18:48,21
28190,רשת 13,2024-11-18,2024-11-18 21:19:03,21
28191,רשת 13,2024-11-18,2024-11-18 21:19:23,21
28192,רשת 13,2024-11-18,2024-11-18 21:20:11,21
28193,רשת 13,2024-11-18,2024-11-18 21:20:51,21
28194,רשת 13,2024-11-18,2024-11-18 21:21:15,21
28195,רשת 13,2024-11-18,2024-11-18 21:39:28,21
28196,רשת 13,2024-11-18,2024-11-18 21:39:48,21
28197,רשת 13,2024-11-18,2024-11-18 21:40:51,21
28198,רשת 13,2024-11-18,2024-11-18 21:41:16,21
28199,רשת 13,2024-11-18,2024-11-18 21:41:56,21
28200,רשת 13,2024-11-18,2024-11-18 21:42:02,21
28201,רשת 13,2024-11-18,2024-11-18 21:42:52,21
28202,רשת 13,2024-11-18,2024-11-18 21:42:58,21
28203,רשת 13,2024-11-18,2024-11-18 22:22:43,22
28204,רשת 13,2024-11-18,2024-11-18 22:23:24,22
28205,רשת 13,2024-11-18,2024-11-18 22:23:30,22
28206,רשת 13,2024-11-18,2024-11-18 22:23:36,22
28207,רשת 13,2024-11-18,2024-11-18 22:23:42,22
28208,רשת 13,2024-11-18,2024-11-18 22:23:48,22
28209,רשת 13,2024-11-18,2024-11-18 22:23:54,22
28210,רשת 13,2024-11-18,2024-11-18 22:24:13,22
28211,רשת 13,2024-11-18,2024-11-18 22:24:48,22
28212,רשת 13,2024-11-18,2024-11-18 22:25:47,22
28213,רשת 13,2024-11-18,2024-11-18 22:26:50,22
28214,רשת 13,2024-11-18,2024-11-18 22:27:10,22
28215,רשת 13,2024-11-18,2024-11-18 22:27:36,22
28216,רשת 13,2024-11-18,2024-11-18 22:27:51,22
28217,רשת 13,2024-11-18,2024-11-18 22:28:03,22
28218,רשת 13,2024-11-18,2024-11-18 22:28:51,22
28219,רשת 13,2024-11-18,2024-11-18 22:29:12,22
28220,רשת 13,2024-11-18,2024-11-18 22:29:35,22
28221,רשת 13,2024-11-18,2024-11-18 22:30:13,22
28222,רשת 13,2024-11-18,2024-11-18 22:30:38,22
28223,רשת 13,2024-11-18,2024-11-18 22:30:53,22
28224,רשת 13,2024-11-18,2024-11-18 22:31:13,22
28225,רשת 13,2024-11-18,2024-11-18 22:31:52,22
28226,רשת 13,2024-11-18,2024-11-18 22:32:21,22
28227,רשת 13,2024-11-18,2024-11-18 22:33:07,22
28228,רשת 13,2024-11-18,2024-11-18 22:33:13,22
28229,רשת 13,2024-11-18,2024-11-18 22:33:19,22
28230,רשת 13,2024-11-18,2024-11-18 22:33:29,22
28231,רשת 13,2024-11-18,2024-11-18 22:33:35,22
28232,רשת 13,2024-11-18,2024-11-18 22:50:04,22
28233,רשת 13,2024-11-18,2024-11-18 22:50:27,22
28234,רשת 13,2024-11-18,2024-11-18 22:50:54,22
28235,רשת 13,2024-11-18,2024-11-18 22:51:00,22
28236,רשת 13,2024-11-18,2024-11-18 22:51:06,22
28237,רשת 13,2024-11-18,2024-11-18 22:51:12,22
28238,רשת 13,2024-11-18,2024-11-18 22:51:18,22
28239,רשת 13,2024-11-18,2024-11-18 22:51:37,22
28240,רשת 13,2024-11-18,2024-11-18 22:52:02,22
28241,רשת 13,2024-11-18,2024-11-18 22:52:27,22
28242,רשת 13,2024-11-18,2024-11-18 22:52:41,22
28243,רשת 13,2024-11-18,2024-11-18 22:53:01,22
28244,רשת 13,2024-11-18,2024-11-18 22:53:31,22
28245,רשת 13,2024-11-18,2024-11-18 22:53:46,22
28246,רשת 13,2024-11-18,2024-11-18 22:54:09,22
28247,רשת 13,2024-11-18,2024-11-18 22:54:29,22
28248,רשת 13,2024-11-18,2024-11-18 22:54:49,22
28249,רשת 13,2024-11-18,2024-11-18 22:55:07,22
28250,רשת 13,2024-11-18,2024-11-18 22:55:38,22
28251,רשת 13,2024-11-18,2024-11-18 22:56:13,22
28252,רשת 13,2024-11-18,2024-11-18 22:56:33,22
28253,רשת 13,2024-11-18,2024-11-18 22:56:53,22
28254,רשת 13,2024-11-18,2024-11-18 22:57:46,22
28255,רשת 13,2024-11-18,2024-11-18 22:58:12,22
28256,רשת 13,2024-11-18,2024-11-18 22:58:27,22
28257,רשת 13,2024-11-18,2024-11-18 22:58:55,22
28258,רשת 13,2024-11-18,2024-11-18 22:59:11,22
28259,רשת 13,2024-11-18,2024-11-18 22:59:37,22
28260,רשת 13,2024-11-18,2024-11-18 22:59:58,22
28261,רשת 13,2024-11-18,2024-11-18 23:09:03,23
28262,רשת 13,2024-11-18,2024-11-18 23:09:39,23
28263,רשת 13,2024-11-18,2024-11-18 23:09:45,23
28264,רשת 13,2024-11-18,2024-11-18 23:10:00,23
28265,רשת 13,2024-11-18,2024-11-18 23:10:14,23
28266,רשת 13,2024-11-18,2024-11-18 23:11:07,23
28267,רשת 13,2024-11-18,2024-11-18 23:11:26,23
28268,רשת 13,2024-11-18,2024-11-18 23:12:01,23
28269,רשת 13,2024-11-18,2024-11-18 23:12:21,23
28270,רשת 13,2024-11-18,2024-11-18 23:13:00,23
28271,רשת 13,2024-11-18,2024-11-18 23:13:15,23
28272,רשת 13,2024-11-18,2024-11-18 23:13:47,23
28273,רשת 13,2024-11-18,2024-11-18 23:13:57,23
28274,רשת 13,2024-11-18,2024-11-18 23:14:12,23
28275,רשת 13,2024-11-18,2024-11-18 23:14:50,23
28276,רשת 13,2024-11-18,2024-11-18 23:15:30,23
28277,רשת 13,2024-11-18,2024-11-18 23:15:51,23
28278,רשת 13,2024-11-18,2024-11-18 23:16:15,23
28279,רשת 13,2024-11-18,2024-11-18 23:17:01,23
28280,רשת 13,2024-11-18,2024-11-18 23:17:14,23
28281,רשת 13,2024-11-18,2024-11-18 23:17:20,23
28282,רשת 13,2024-11-18,2024-11-18 23:17:26,23
28283,רשת 13,2024-11-18,2024-11-18 23:18:30,23
28284,רשת 13,2024-11-18,2024-11-18 23:18:36,23
28285,רשת 13,2024-11-18,2024-11-18 23:18:42,23
28286,רשת 13,2024-11-18,2024-11-18 23:53:40,23
28287,רשת 13,2024-11-18,2024-11-18 23:54:33,23
28288,רשת 13,2024-11-18,2024-11-18 23:54:57,23
28289,רשת 13,2024-11-18,2024-11-18 23:55:32,23
28290,רשת 13,2024-11-18,2024-11-18 23:55:47,23
28291,רשת 13,2024-11-18,2024-11-18 23:56:02,23
28292,רשת 13,2024-11-18,2024-11-18 23:56:21,23
28293,רשת 13,2024-11-18,2024-11-18 23:56:56,23
28294,רשת 13,2024-11-18,2024-11-18 23:57:16,23
28295,רשת 13,2024-11-18,2024-11-18 23:57:44,23
28296,רשת 13,2024-11-18,2024-11-18 23:58:08,23
28297,רשת 13,2024-11-18,2024-11-18 23:58:32,23
28298,רשת 13,2024-11-18,2024-11-18 00:23:46,0
28299,רשת 13,2024-11-18,2024-11-18 00:24:34,0
28300,רשת 13,2024-11-18,2024-11-18 00:25:19,0
28301,רשת 13,2024-11-18,2024-11-18 00:25:25,0
28302,רשת 13,2024-11-18,2024-11-18 00:25:31,0
28303,רשת 13,2024-11-18,2024-11-18 00:25:54,0
28304,רשת 13,2024-11-18,2024-11-18 00:26:09,0
28305,רשת 13,2024-11-18,2024-11-18 00:26:34,0
28306,רשת 13,2024-11-18,2024-11-18 00:26:49,0
28307,רשת 13,2024-11-18,2024-11-18 00:27:09,0
28308,רשת 13,2024-11-18,2024-11-18 00:27:47,0
28309,רשת 13,2024-11-18,2024-11-18 00:28:22,0
28310,רשת 13,2024-11-18,2024-11-18 00:28:37,0
28311,רשת 13,2024-11-18,2024-11-18 00:29:05,0
28312,רשת 13,2024-11-18,2024-11-18 00:29:11,0
28313,רשת 13,2024-11-18,2024-11-18 00:30:25,0
28314,רשת 13,2024-11-18,2024-11-18 00:30:52,0
28315,רשת 13,2024-11-18,2024-11-18 00:30:59,0
28316,רשת 13,2024-11-18,2024-11-18 00:31:05,0
28317,רשת 13,2024-11-18,2024-11-18 00:31:46,0
28318,רשת 13,2024-11-18,2024-11-18 00:31:52,0
28319,רשת 13,2024-11-18,2024-11-18 00:31:58,0
28320,רשת 13,2024-11-18,2024-11-18 00:51:01,0
28321,רשת 13,2024-11-18,2024-11-18 00:51:41,0
28322,רשת 13,2024-11-18,2024-11-18 00:52:09,0
28323,רשת 13,2024-11-18,2024-11-18 00:52:15,0
28324,רשת 13,2024-11-18,2024-11-18 00:52:21,0
28325,רשת 13,2024-11-18,2024-11-18 00:52:47,0
28326,רשת 13,2024-11-18,2024-11-18 00:53:02,0
28327,רשת 13,2024-11-18,2024-11-18 00:53:17,0
28328,רשת 13,2024-11-18,2024-11-18 00:53:41,0
28329,רשת 13,2024-11-18,2024-11-18 00:54:18,0
28330,רשת 13,2024-11-18,2024-11-18 00:54:51,0
28331,רשת 13,2024-11-18,2024-11-18 01:37:15,1
28332,רשת 13,2024-11-18,2024-11-18 01:37:51,1
28333,רשת 13,2024-11-18,2024-11-18 01:38:33,1
28334,רשת 13,2024-11-18,2024-11-18 01:38:56,1
28335,רשת 13,2024-11-18,2024-11-18 01:39:21,1
28336,רשת 13,2024-11-18,2024-11-18 01:39:27,1
28337,רשת 13,2024-11-18,2024-11-18 01:40:04,1
28338,רשת 13,2024-11-18,2024-11-18 01:40:53,1
28339,רשת 13,2024-11-18,2024-11-18 01:49:41,1
28340,רשת 13,2024-11-18,2024-11-18 01:50:29,1
28341,רשת 13,2024-11-18,2024-11-18 01:51:06,1
29491,רשת 13,2024-11-19,2024-11-19 02:33:28,2
29492,רשת 13,2024-11-19,2024-11-19 02:34:09,2
29493,רשת 13,2024-11-19,2024-11-19 03:06:09,3
29494,רשת 13,2024-11-19,2024-11-19 03:06:49,3
29495,רשת 13,2024-11-19,2024-11-19 03:07:23,3
29496,רשת 13,2024-11-19,2024-11-19 03:33:52,3
29497,רשת 13,2024-11-19,2024-11-19 03:34:32,3
29498,רשת 13,2024-11-19,2024-11-19 03:35:09,3
29499,רשת 13,2024-11-19,2024-11-19 03:35:31,3
29500,רשת 13,2024-11-19,2024-11-19 03:55:49,3
29501,רשת 13,2024-11-19,2024-11-19 03:56:29,3
29502,רשת 13,2024-11-19,2024-11-19 03:57:06,3
29503,רשת 13,2024-11-19,2024-11-19 03:57:50,3
29504,רשת 13,2024-11-19,2024-11-19 03:58:38,3
29505,רשת 13,2024-11-19,2024-11-19 05:26:22,5
29506,רשת 13,2024-11-19,2024-11-19 05:27:02,5
29507,רשת 13,2024-11-19,2024-11-19 05:27:39,5
29508,רשת 13,2024-11-19,2024-11-19 05:52:27,5
29509,רשת 13,2024-11-19,2024-11-19 05:53:15,5
29510,רשת 13,2024-11-19,2024-11-19 06:14:48,6
29511,רשת 13,2024-11-19,2024-11-19 06:15:41,6
29512,רשת 13,2024-11-19,2024-11-19 06:15:49,6
29513,רשת 13,2024-11-19,2024-11-19 06:16:12,6
29514,רשת 13,2024-11-19,2024-11-19 06:16:45,6
29515,רשת 13,2024-11-19,2024-11-19 06:17:07,6
29516,רשת 13,2024-11-19,2024-11-19 06:17:48,6
29517,רשת 13,2024-11-19,2024-11-19 06:17:54,6
29518,רשת 13,2024-11-19,2024-11-19 06:18:35,6
29519,רשת 13,2024-11-19,2024-11-19 06:18:41,6
29520,רשת 13,2024-11-19,2024-11-19 06:18:52,6
29521,רשת 13,2024-11-19,2024-11-19 06:19:00,6
29522,רשת 13,2024-11-19,2024-11-19 07:11:16,7
29523,רשת 13,2024-11-19,2024-11-19 07:12:04,7
29524,רשת 13,2024-11-19,2024-11-19 07:12:49,7
29525,רשת 13,2024-11-19,2024-11-19 07:12:55,7
29526,רשת 13,2024-11-19,2024-11-19 07:13:01,7
29527,רשת 13,2024-11-19,2024-11-19 07:13:59,7
29528,רשת 13,2024-11-19,2024-11-19 07:14:05,7
29529,רשת 13,2024-11-19,2024-11-19 07:14:11,7
29530,רשת 13,2024-11-19,2024-11-19 07:14:22,7
29531,רשת 13,2024-11-19,2024-11-19 07:14:28,7
29532,רשת 13,2024-11-19,2024-11-19 07:14:34,7
29533,רשת 13,2024-11-19,2024-11-19 07:14:42,7
29534,רשת 13,2024-11-19,2024-11-19 07:14:48,7
29535,רשת 13,2024-11-19,2024-11-19 07:15:11,7
29536,רשת 13,2024-11-19,2024-11-19 07:15:41,7
29537,רשת 13,2024-11-19,2024-11-19 07:16:08,7
29538,רשת 13,2024-11-19,2024-11-19 07:16:23,7
29539,רשת 13,2024-11-19,2024-11-19 07:16:33,7
29540,רשת 13,2024-11-19,2024-11-19 07:17:11,7
29541,רשת 13,2024-11-19,2024-11-19 07:17:21,7
29542,רשת 13,2024-11-19,2024-11-19 07:17:41,7
29543,רשת 13,2024-11-19,2024-11-19 07:17:59,7
29544,רשת 13,2024-11-19,2024-11-19 07:18:05,7
29545,רשת 13,2024-11-19,2024-11-19 07:18:48,7
29546,רשת 13,2024-11-19,2024-11-19 07:18:54,7
29547,רשת 13,2024-11-19,2024-11-19 07:19:42,7
29548,רשת 13,2024-11-19,2024-11-19 07:20:11,7
29549,רשת 13,2024-11-19,2024-11-19 07:20:21,7
29550,רשת 13,2024-11-19,2024-11-19 07:20:29,7
29551,רשת 13,2024-11-19,2024-11-19 07:20:35,7
29552,רשת 13,2024-11-19,2024-11-19 07:38:35,7
29553,רשת 13,2024-11-19,2024-11-19 07:39:15,7
29554,רשת 13,2024-11-19,2024-11-19 07:39:54,7
29555,רשת 13,2024-11-19,2024-11-19 07:40:08,7
29556,רשת 13,2024-11-19,2024-11-19 07:40:23,7
29557,רשת 13,2024-11-19,2024-11-19 07:40:38,7
29558,רשת 13,2024-11-19,2024-11-19 07:40:53,7
29559,רשת 13,2024-11-19,2024-11-19 07:41:28,7
29560,רשת 13,2024-11-19,2024-11-19 07:41:52,7
29561,רשת 13,2024-11-19,2024-11-19 07:42:08,7
29562,רשת 13,2024-11-19,2024-11-19 07:42:23,7
29563,רשת 13,2024-11-19,2024-11-19 07:43:16,7
29564,רשת 13,2024-11-19,2024-11-19 07:43:51,7
29565,רשת 13,2024-11-19,2024-11-19 07:44:04,7
29566,רשת 13,2024-11-19,2024-11-19 07:44:19,7
29567,רשת 13,2024-11-19,2024-11-19 07:45:01,7
29568,רשת 13,2024-11-19,2024-11-19 07:45:35,7
29569,רשת 13,2024-11-19,2024-11-19 07:46:12,7
29570,רשת 13,2024-11-19,2024-11-19 07:46:46,7
29571,רשת 13,2024-11-19,2024-11-19 07:47:10,7
29572,רשת 13,2024-11-19,2024-11-19 07:47:16,7
29573,רשת 13,2024-11-19,2024-11-19 07:47:57,7
29574,רשת 13,2024-11-19,2024-11-19 07:48:03,7
29575,רשת 13,2024-11-19,2024-11-19 08:06:11,8
29576,רשת 13,2024-11-19,2024-11-19 08:06:17,8
29577,רשת 13,2024-11-19,2024-11-19 08:06:58,8
29578,רשת 13,2024-11-19,2024-11-19 08:07:04,8
29579,רשת 13,2024-11-19,2024-11-19 08:14:03,8
29580,רשת 13,2024-11-19,2024-11-19 08:14:24,8
29581,רשת 13,2024-11-19,2024-11-19 08:15:05,8
29582,רשת 13,2024-11-19,2024-11-19 08:15:11,8
29583,רשת 13,2024-11-19,2024-11-19 08:15:17,8
29584,רשת 13,2024-11-19,2024-11-19 08:16:16,8
29585,רשת 13,2024-11-19,2024-11-19 08:16:22,8
29586,רשת 13,2024-11-19,2024-11-19 08:16:28,8
29587,רשת 13,2024-11-19,2024-11-19 08:16:39,8
29588,רשת 13,2024-11-19,2024-11-19 08:16:45,8
29589,רשת 13,2024-11-19,2024-11-19 08:16:51,8
29590,רשת 13,2024-11-19,2024-11-19 08:16:59,8
29591,רשת 13,2024-11-19,2024-11-19 08:17:09,8
29592,רשת 13,2024-11-19,2024-11-19 08:17:20,8
29593,רשת 13,2024-11-19,2024-11-19 08:17:44,8
29594,רשת 13,2024-11-19,2024-11-19 08:18:09,8
29595,רשת 13,2024-11-19,2024-11-19 08:18:24,8
29596,רשת 13,2024-11-19,2024-11-19 08:18:39,8
29597,רשת 13,2024-11-19,2024-11-19 08:19:17,8
29598,רשת 13,2024-11-19,2024-11-19 08:19:38,8
29599,רשת 13,2024-11-19,2024-11-19 08:19:53,8
29600,רשת 13,2024-11-19,2024-11-19 08:20:08,8
29601,רשת 13,2024-11-19,2024-11-19 08:20:24,8
29602,רשת 13,2024-11-19,2024-11-19 08:21:07,8
29603,רשת 13,2024-11-19,2024-11-19 08:21:13,8
29604,רשת 13,2024-11-19,2024-11-19 08:21:35,8
29605,רשת 13,2024-11-19,2024-11-19 08:22:04,8
29606,רשת 13,2024-11-19,2024-11-19 08:22:14,8
29607,רשת 13,2024-11-19,2024-11-19 08:22:20,8
29608,רשת 13,2024-11-19,2024-11-19 08:22:28,8
29609,רשת 13,2024-11-19,2024-11-19 08:35:52,8
29610,רשת 13,2024-11-19,2024-11-19 08:36:33,8
29611,רשת 13,2024-11-19,2024-11-19 08:37:10,8
29612,רשת 13,2024-11-19,2024-11-19 08:37:34,8
29613,רשת 13,2024-11-19,2024-11-19 08:37:48,8
29614,רשת 13,2024-11-19,2024-11-19 08:38:03,8
29615,רשת 13,2024-11-19,2024-11-19 08:38:31,8
29616,רשת 13,2024-11-19,2024-11-19 08:39:06,8
29617,רשת 13,2024-11-19,2024-11-19 08:39:59,8
29618,רשת 13,2024-11-19,2024-11-19 08:41:02,8
29619,רשת 13,2024-11-19,2024-11-19 08:41:20,8
29620,רשת 13,2024-11-19,2024-11-19 08:41:33,8
29621,רשת 13,2024-11-19,2024-11-19 08:41:51,8
29622,רשת 13,2024-11-19,2024-11-19 08:42:06,8
29623,רשת 13,2024-11-19,2024-11-19 08:42:37,8
29624,רשת 13,2024-11-19,2024-11-19 08:43:14,8
29625,רשת 13,2024-11-19,2024-11-19 08:43:47,8
29626,רשת 13,2024-11-19,2024-11-19 09:05:39,9
29627,רשת 13,2024-11-19,2024-11-19 09:05:45,9
29628,רשת 13,2024-11-19,2024-11-19 09:05:51,9
29629,רשת 13,2024-11-19,2024-11-19 09:06:32,9
29630,רשת 13,2024-11-19,2024-11-19 09:06:38,9
29631,רשת 13,2024-11-19,2024-11-19 09:06:44,9
29632,רשת 13,2024-11-19,2024-11-19 09:11:48,9
29633,רשת 13,2024-11-19,2024-11-19 09:12:36,9
29634,רשת 13,2024-11-19,2024-11-19 09:13:22,9
29635,רשת 13,2024-11-19,2024-11-19 09:13:28,9
29636,רשת 13,2024-11-19,2024-11-19 09:13:36,9
29637,רשת 13,2024-11-19,2024-11-19 09:13:42,9
29638,רשת 13,2024-11-19,2024-11-19 09:13:52,9
29639,רשת 13,2024-11-19,2024-11-19 09:14:11,9
29640,רשת 13,2024-11-19,2024-11-19 09:14:17,9
29641,רשת 13,2024-11-19,2024-11-19 09:14:55,9
29642,רשת 13,2024-11-19,2024-11-19 09:15:10,9
29643,רשת 13,2024-11-19,2024-11-19 09:15:25,9
29644,רשת 13,2024-11-19,2024-11-19 09:15:40,9
29645,רשת 13,2024-11-19,2024-11-19 09:16:00,9
29646,רשת 13,2024-11-19,2024-11-19 09:16:38,9
29647,רשת 13,2024-11-19,2024-11-19 09:16:55,9
29648,רשת 13,2024-11-19,2024-11-19 09:17:10,9
29649,רשת 13,2024-11-19,2024-11-19 09:17:22,9
29650,רשת 13,2024-11-19,2024-11-19 09:17:37,9
29651,רשת 13,2024-11-19,2024-11-19 09:18:20,9
29652,רשת 13,2024-11-19,2024-11-19 09:18:26,9
29653,רשת 13,2024-11-19,2024-11-19 09:19:14,9
29654,רשת 13,2024-11-19,2024-11-19 09:20:04,9
29655,רשת 13,2024-11-19,2024-11-19 09:20:14,9
29656,רשת 13,2024-11-19,2024-11-19 09:20:20,9
29657,רשת 13,2024-11-19,2024-11-19 09:20:26,9
29658,רשת 13,2024-11-19,2024-11-19 09:52:19,9
29659,רשת 13,2024-11-19,2024-11-19 09:53:07,9
29660,רשת 13,2024-11-19,2024-11-19 09:53:58,9
29661,רשת 13,2024-11-19,2024-11-19 09:54:51,9
29662,רשת 13,2024-11-19,2024-11-19 09:55:26,9
29663,רשת 13,2024-11-19,2024-11-19 09:56:05,9
29664,רשת 13,2024-11-19,2024-11-19 09:56:25,9
29665,רשת 13,2024-11-19,2024-11-19 09:57:00,9
29666,רשת 13,2024-11-19,2024-11-19 09:57:10,9
29667,רשת 13,2024-11-19,2024-11-19 09:57:34,9
29668,רשת 13,2024-11-19,2024-11-19 09:57:52,9
29669,רשת 13,2024-11-19,2024-11-19 09:58:18,9
29670,רשת 13,2024-11-19,2024-11-19 09:58:45,9
29671,רשת 13,2024-11-19,2024-11-19 09:59:13,9
29672,רשת 13,2024-11-19,2024-11-19 09:59:19,9
29673,רשת 13,2024-11-19,2024-11-19 10:00:07,10
29674,רשת 13,2024-11-19,2024-11-19 10:06:19,10
29675,רשת 13,2024-11-19,2024-11-19 10:06:25,10
29676,רשת 13,2024-11-19,2024-11-19 10:06:31,10
29677,רשת 13,2024-11-19,2024-11-19 10:07:12,10
29678,רשת 13,2024-11-19,2024-11-19 10:07:18,10
29679,רשת 13,2024-11-19,2024-11-19 10:07:24,10
29680,רשת 13,2024-11-19,2024-11-19 10:22:48,10
29681,רשת 13,2024-11-19,2024-11-19 10:23:29,10
29682,רשת 13,2024-11-19,2024-11-19 10:23:57,10
29683,רשת 13,2024-11-19,2024-11-19 10:24:03,10
29684,רשת 13,2024-11-19,2024-11-19 10:24:09,10
29685,רשת 13,2024-11-19,2024-11-19 10:24:17,10
29686,רשת 13,2024-11-19,2024-11-19 10:24:43,10
29687,רשת 13,2024-11-19,2024-11-19 10:25:03,10
29688,רשת 13,2024-11-19,2024-11-19 10:25:17,10
29689,רשת 13,2024-11-19,2024-11-19 10:25:32,10
29690,רשת 13,2024-11-19,2024-11-19 10:26:07,10
29691,רשת 13,2024-11-19,2024-11-19 10:26:18,10
29692,רשת 13,2024-11-19,2024-11-19 10:26:33,10
29693,רשת 13,2024-11-19,2024-11-19 10:26:48,10
29694,רשת 13,2024-11-19,2024-11-19 10:27:27,10
29695,רשת 13,2024-11-19,2024-11-19 10:28:03,10
29696,רשת 13,2024-11-19,2024-11-19 10:28:25,10
29697,רשת 13,2024-11-19,2024-11-19 10:28:51,10
29698,רשת 13,2024-11-19,2024-11-19 10:29:01,10
29699,רשת 13,2024-11-19,2024-11-19 10:29:07,10
29700,רשת 13,2024-11-19,2024-11-19 10:54:06,10
29701,רשת 13,2024-11-19,2024-11-19 10:54:43,10
29702,רשת 13,2024-11-19,2024-11-19 10:55:10,10
29703,רשת 13,2024-11-19,2024-11-19 10:55:45,10
29704,רשת 13,2024-11-19,2024-11-19 10:56:00,10
29705,רשת 13,2024-11-19,2024-11-19 10:56:15,10
29706,רשת 13,2024-11-19,2024-11-19 10:56:30,10
29707,רשת 13,2024-11-19,2024-11-19 10:56:45,10
29708,רשת 13,2024-11-19,2024-11-19 10:57:03,10
29709,רשת 13,2024-11-19,2024-11-19 10:57:34,10
29710,רשת 13,2024-11-19,2024-11-19 10:58:14,10
29711,רשת 13,2024-11-19,2024-11-19 10:58:20,10
29712,רשת 13,2024-11-19,2024-11-19 10:59:08,10
29713,רשת 13,2024-11-19,2024-11-19 11:06:30,11
29714,רשת 13,2024-11-19,2024-11-19 11:06:37,11
29715,רשת 13,2024-11-19,2024-11-19 11:06:43,11
29716,רשת 13,2024-11-19,2024-11-19 11:07:24,11
29717,רשת 13,2024-11-19,2024-11-19 11:07:30,11
29718,רשת 13,2024-11-19,2024-11-19 11:07:36,11
29719,רשת 13,2024-11-19,2024-11-19 11:26:07,11
29720,רשת 13,2024-11-19,2024-11-19 11:26:47,11
29721,רשת 13,2024-11-19,2024-11-19 11:27:16,11
29722,רשת 13,2024-11-19,2024-11-19 11:27:22,11
29723,רשת 13,2024-11-19,2024-11-19 11:27:28,11
29724,רשת 13,2024-11-19,2024-11-19 11:27:34,11
29725,רשת 13,2024-11-19,2024-11-19 11:28:00,11
29726,רשת 13,2024-11-19,2024-11-19 11:28:19,11
29727,רשת 13,2024-11-19,2024-11-19 11:28:58,11
29728,רשת 13,2024-11-19,2024-11-19 11:29:16,11
29729,רשת 13,2024-11-19,2024-11-19 11:29:31,11
29730,רשת 13,2024-11-19,2024-11-19 11:29:45,11
29731,רשת 13,2024-11-19,2024-11-19 11:30:05,11
29732,רשת 13,2024-11-19,2024-11-19 11:30:20,11
29733,רשת 13,2024-11-19,2024-11-19 11:30:49,11
29734,רשת 13,2024-11-19,2024-11-19 11:31:26,11
29735,רשת 13,2024-11-19,2024-11-19 11:32:03,11
29736,רשת 13,2024-11-19,2024-11-19 11:32:29,11
29737,רשת 13,2024-11-19,2024-11-19 11:32:35,11
29738,רשת 13,2024-11-19,2024-11-19 11:32:45,11
29739,רשת 13,2024-11-19,2024-11-19 11:32:51,11
29740,רשת 13,2024-11-19,2024-11-19 11:32:57,11
29741,רשת 13,2024-11-19,2024-11-19 11:42:59,11
29742,רשת 13,2024-11-19,2024-11-19 11:43:47,11
29743,רשת 13,2024-11-19,2024-11-19 11:44:24,11
29744,רשת 13,2024-11-19,2024-11-19 11:45:17,11
29745,רשת 13,2024-11-19,2024-11-19 11:45:55,11
29746,רשת 13,2024-11-19,2024-11-19 11:46:15,11
29747,רשת 13,2024-11-19,2024-11-19 11:46:35,11
29748,רשת 13,2024-11-19,2024-11-19 11:46:45,11
29749,רשת 13,2024-11-19,2024-11-19 11:47:00,11
29750,רשת 13,2024-11-19,2024-11-19 11:47:27,11
29751,רשת 13,2024-11-19,2024-11-19 11:47:55,11
29752,רשת 13,2024-11-19,2024-11-19 11:48:01,11
29753,רשת 13,2024-11-19,2024-11-19 11:48:49,11
29754,רשת 13,2024-11-19,2024-11-19 12:04:17,12
29755,רשת 13,2024-11-19,2024-11-19 12:04:23,12
29756,רשת 13,2024-11-19,2024-11-19 12:04:29,12
29757,רשת 13,2024-11-19,2024-11-19 12:05:10,12
29758,רשת 13,2024-11-19,2024-11-19 12:05:16,12
29759,רשת 13,2024-11-19,2024-11-19 12:05:22,12
29760,רשת 13,2024-11-19,2024-11-19 12:30:32,12
29761,רשת 13,2024-11-19,2024-11-19 12:31:20,12
29762,רשת 13,2024-11-19,2024-11-19 12:32:05,12
29763,רשת 13,2024-11-19,2024-11-19 12:32:11,12
29764,רשת 13,2024-11-19,2024-11-19 12:32:17,12
29765,רשת 13,2024-11-19,2024-11-19 12:32:23,12
29766,רשת 13,2024-11-19,2024-11-19 12:32:29,12
29767,רשת 13,2024-11-19,2024-11-19 12:32:52,12
29768,רשת 13,2024-11-19,2024-11-19 12:33:45,12
29769,רשת 13,2024-11-19,2024-11-19 12:34:00,12
29770,רשת 13,2024-11-19,2024-11-19 12:34:20,12
29771,רשת 13,2024-11-19,2024-11-19 12:34:35,12
29772,רשת 13,2024-11-19,2024-11-19 12:35:10,12
29773,רשת 13,2024-11-19,2024-11-19 12:35:20,12
29774,רשת 13,2024-11-19,2024-11-19 12:35:41,12
29775,רשת 13,2024-11-19,2024-11-19 12:36:08,12
29776,רשת 13,2024-11-19,2024-11-19 12:36:26,12
29777,רשת 13,2024-11-19,2024-11-19 12:36:36,12
29778,רשת 13,2024-11-19,2024-11-19 12:37:09,12
29779,רשת 13,2024-11-19,2024-11-19 12:37:15,12
29780,רשת 13,2024-11-19,2024-11-19 12:38:03,12
29781,רשת 13,2024-11-19,2024-11-19 12:38:31,12
29782,רשת 13,2024-11-19,2024-11-19 12:38:37,12
29783,רשת 13,2024-11-19,2024-11-19 12:38:47,12
29784,רשת 13,2024-11-19,2024-11-19 12:38:53,12
29785,רשת 13,2024-11-19,2024-11-19 12:38:59,12
29786,רשת 13,2024-11-19,2024-11-19 12:49:28,12
29787,רשת 13,2024-11-19,2024-11-19 12:50:16,12
29788,רשת 13,2024-11-19,2024-11-19 12:51:01,12
29789,רשת 13,2024-11-19,2024-11-19 12:51:20,12
29790,רשת 13,2024-11-19,2024-11-19 13:03:54,13
29791,רשת 13,2024-11-19,2024-11-19 13:04:00,13
29792,רשת 13,2024-11-19,2024-11-19 13:04:06,13
29793,רשת 13,2024-11-19,2024-11-19 13:04:47,13
29794,רשת 13,2024-11-19,2024-11-19 13:04:53,13
29795,רשת 13,2024-11-19,2024-11-19 13:04:59,13
29796,רשת 13,2024-11-19,2024-11-19 13:14:31,13
29797,רשת 13,2024-11-19,2024-11-19 13:15:12,13
29798,רשת 13,2024-11-19,2024-11-19 13:15:40,13
29799,רשת 13,2024-11-19,2024-11-19 13:15:46,13
29800,רשת 13,2024-11-19,2024-11-19 13:15:52,13
29801,רשת 13,2024-11-19,2024-11-19 13:15:58,13
29802,רשת 13,2024-11-19,2024-11-19 13:16:24,13
29803,רשת 13,2024-11-19,2024-11-19 13:17:03,13
29804,רשת 13,2024-11-19,2024-11-19 13:17:18,13
29805,רשת 13,2024-11-19,2024-11-19 13:17:38,13
29806,רשת 13,2024-11-19,2024-11-19 13:17:53,13
29807,רשת 13,2024-11-19,2024-11-19 13:18:20,13
29808,רשת 13,2024-11-19,2024-11-19 13:18:40,13
29809,רשת 13,2024-11-19,2024-11-19 13:18:58,13
29810,רשת 13,2024-11-19,2024-11-19 13:19:32,13
29811,רשת 13,2024-11-19,2024-11-19 13:20:08,13
29812,רשת 13,2024-11-19,2024-11-19 13:20:42,13
29813,רשת 13,2024-11-19,2024-11-19 13:21:07,13
29814,רשת 13,2024-11-19,2024-11-19 13:21:17,13
29815,רשת 13,2024-11-19,2024-11-19 13:21:23,13
29816,רשת 13,2024-11-19,2024-11-19 13:46:23,13
29817,רשת 13,2024-11-19,2024-11-19 13:47:11,13
29818,רשת 13,2024-11-19,2024-11-19 13:47:56,13
29819,רשת 13,2024-11-19,2024-11-19 13:48:18,13
29820,רשת 13,2024-11-19,2024-11-19 13:48:48,13
29821,רשת 13,2024-11-19,2024-11-19 13:49:22,13
29822,רשת 13,2024-11-19,2024-11-19 13:50:02,13
29823,רשת 13,2024-11-19,2024-11-19 14:04:03,14
29824,רשת 13,2024-11-19,2024-11-19 14:04:09,14
29825,רשת 13,2024-11-19,2024-11-19 14:04:15,14
29826,רשת 13,2024-11-19,2024-11-19 14:04:56,14
29827,רשת 13,2024-11-19,2024-11-19 14:05:02,14
29828,רשת 13,2024-11-19,2024-11-19 14:05:08,14
29829,רשת 13,2024-11-19,2024-11-19 14:18:28,14
29830,רשת 13,2024-11-19,2024-11-19 14:19:04,14
29831,רשת 13,2024-11-19,2024-11-19 14:19:47,14
29832,רשת 13,2024-11-19,2024-11-19 14:19:53,14
29833,רשת 13,2024-11-19,2024-11-19 14:20:08,14
29834,רשת 13,2024-11-19,2024-11-19 14:20:43,14
29835,רשת 13,2024-11-19,2024-11-19 14:20:57,14
29836,רשת 13,2024-11-19,2024-11-19 14:21:17,14
29837,רשת 13,2024-11-19,2024-11-19 14:21:27,14
29838,רשת 13,2024-11-19,2024-11-19 14:21:42,14
29839,רשת 13,2024-11-19,2024-11-19 14:21:57,14
29840,רשת 13,2024-11-19,2024-11-19 14:22:12,14
29841,רשת 13,2024-11-19,2024-11-19 14:22:33,14
29842,רשת 13,2024-11-19,2024-11-19 14:23:05,14
29843,רשת 13,2024-11-19,2024-11-19 14:23:23,14
29844,רשת 13,2024-11-19,2024-11-19 14:23:43,14
29845,רשת 13,2024-11-19,2024-11-19 14:24:18,14
29846,רשת 13,2024-11-19,2024-11-19 14:24:48,14
29847,רשת 13,2024-11-19,2024-11-19 14:25:28,14
29848,רשת 13,2024-11-19,2024-11-19 14:25:34,14
29849,רשת 13,2024-11-19,2024-11-19 14:26:22,14
29850,רשת 13,2024-11-19,2024-11-19 14:27:00,14
29851,רשת 13,2024-11-19,2024-11-19 14:28:09,14
29852,רשת 13,2024-11-19,2024-11-19 14:28:19,14
29853,רשת 13,2024-11-19,2024-11-19 14:45:25,14
29854,רשת 13,2024-11-19,2024-11-19 14:46:13,14
29855,רשת 13,2024-11-19,2024-11-19 14:46:54,14
29856,רשת 13,2024-11-19,2024-11-19 14:47:58,14
29857,רשת 13,2024-11-19,2024-11-19 14:49:03,14
29858,רשת 13,2024-11-19,2024-11-19 14:49:51,14
29859,רשת 13,2024-11-19,2024-11-19 15:23:35,15
29860,רשת 13,2024-11-19,2024-11-19 15:24:23,15
29861,רשת 13,2024-11-19,2024-11-19 15:25:08,15
29862,רשת 13,2024-11-19,2024-11-19 15:25:14,15
29863,רשת 13,2024-11-19,2024-11-19 15:25:20,15
29864,רשת 13,2024-11-19,2024-11-19 15:25:30,15
29865,רשת 13,2024-11-19,2024-11-19 15:25:49,15
29866,רשת 13,2024-11-19,2024-11-19 15:26:31,15
29867,רשת 13,2024-11-19,2024-11-19 15:26:46,15
29868,רשת 13,2024-11-19,2024-11-19 15:27:06,15
29869,רשת 13,2024-11-19,2024-11-19 15:27:31,15
29870,רשת 13,2024-11-19,2024-11-19 15:27:45,15
29871,רשת 13,2024-11-19,2024-11-19 15:28:16,15
29872,רשת 13,2024-11-19,2024-11-19 15:28:22,15
29873,רשת 13,2024-11-19,2024-11-19 15:29:10,15
29874,רשת 13,2024-11-19,2024-11-19 15:29:59,15
29875,רשת 13,2024-11-19,2024-11-19 15:30:05,15
29876,רשת 13,2024-11-19,2024-11-19 15:30:11,15
29877,רשת 13,2024-11-19,2024-11-19 15:30:52,15
29878,רשת 13,2024-11-19,2024-11-19 15:30:58,15
29879,רשת 13,2024-11-19,2024-11-19 15:31:04,15
29880,רשת 13,2024-11-19,2024-11-19 15:31:14,15
29881,רשת 13,2024-11-19,2024-11-19 15:31:20,15
29882,רשת 13,2024-11-19,2024-11-19 15:31:30,15
29883,רשת 13,2024-11-19,2024-11-19 15:31:36,15
29884,רשת 13,2024-11-19,2024-11-19 16:31:49,16
29885,רשת 13,2024-11-19,2024-11-19 16:32:37,16
29886,רשת 13,2024-11-19,2024-11-19 16:33:19,16
29887,רשת 13,2024-11-19,2024-11-19 16:33:25,16
29888,רשת 13,2024-11-19,2024-11-19 16:33:35,16
29889,רשת 13,2024-11-19,2024-11-19 16:33:56,16
29890,רשת 13,2024-11-19,2024-11-19 16:34:16,16
29891,רשת 13,2024-11-19,2024-11-19 16:34:31,16
29892,רשת 13,2024-11-19,2024-11-19 16:34:46,16
29893,רשת 13,2024-11-19,2024-11-19 16:35:01,16
29894,רשת 13,2024-11-19,2024-11-19 16:35:39,16
29895,רשת 13,2024-11-19,2024-11-19 16:36:32,16
29896,רשת 13,2024-11-19,2024-11-19 16:37:07,16
29897,רשת 13,2024-11-19,2024-11-19 16:37:42,16
29898,רשת 13,2024-11-19,2024-11-19 16:38:11,16
29899,רשת 13,2024-11-19,2024-11-19 16:38:17,16
29900,רשת 13,2024-11-19,2024-11-19 16:39:05,16
29901,רשת 13,2024-11-19,2024-11-19 16:39:33,16
29902,רשת 13,2024-11-19,2024-11-19 16:39:39,16
29903,רשת 13,2024-11-19,2024-11-19 16:39:45,16
29904,רשת 13,2024-11-19,2024-11-19 16:40:26,16
29905,רשת 13,2024-11-19,2024-11-19 16:40:32,16
29906,רשת 13,2024-11-19,2024-11-19 16:40:38,16
29907,רשת 13,2024-11-19,2024-11-19 16:40:48,16
29908,רשת 13,2024-11-19,2024-11-19 16:40:58,16
29909,רשת 13,2024-11-19,2024-11-19 16:41:06,16
29910,רשת 13,2024-11-19,2024-11-19 17:12:55,17
29911,רשת 13,2024-11-19,2024-11-19 17:13:36,17
29912,רשת 13,2024-11-19,2024-11-19 17:13:42,17
29913,רשת 13,2024-11-19,2024-11-19 17:13:48,17
29914,רשת 13,2024-11-19,2024-11-19 17:13:56,17
29915,רשת 13,2024-11-19,2024-11-19 17:14:07,17
29916,רשת 13,2024-11-19,2024-11-19 17:14:25,17
29917,רשת 13,2024-11-19,2024-11-19 17:14:40,17
29918,רשת 13,2024-11-19,2024-11-19 17:14:56,17
29919,רשת 13,2024-11-19,2024-11-19 17:15:14,17
29920,רשת 13,2024-11-19,2024-11-19 17:15:49,17
29921,רשת 13,2024-11-19,2024-11-19 17:16:01,17
29922,רשת 13,2024-11-19,2024-11-19 17:16:39,17
29923,רשת 13,2024-11-19,2024-11-19 17:16:59,17
29924,רשת 13,2024-11-19,2024-11-19 17:17:14,17
29925,רשת 13,2024-11-19,2024-11-19 17:17:30,17
29926,רשת 13,2024-11-19,2024-11-19 17:17:58,17
29927,רשת 13,2024-11-19,2024-11-19 17:18:13,17
29928,רשת 13,2024-11-19,2024-11-19 17:18:58,17
29929,רשת 13,2024-11-19,2024-11-19 17:19:43,17
29930,רשת 13,2024-11-19,2024-11-19 17:20:28,17
29931,רשת 13,2024-11-19,2024-11-19 17:20:38,17
29932,רשת 13,2024-11-19,2024-11-19 17:20:44,17
29933,רשת 13,2024-11-19,2024-11-19 17:20:52,17
29934,רשת 13,2024-11-19,2024-11-19 17:21:02,17
29935,רשת 13,2024-11-19,2024-11-19 17:21:08,17
29936,רשת 13,2024-11-19,2024-11-19 17:21:14,17
29937,רשת 13,2024-11-19,2024-11-19 17:21:55,17
29938,רשת 13,2024-11-19,2024-11-19 17:22:01,17
29939,רשת 13,2024-11-19,2024-11-19 17:22:07,17
29940,רשת 13,2024-11-19,2024-11-19 17:22:18,17
29941,רשת 13,2024-11-19,2024-11-19 17:22:28,17
29942,רשת 13,2024-11-19,2024-11-19 17:22:34,17
29943,רשת 13,2024-11-19,2024-11-19 17:22:40,17
29944,רשת 13,2024-11-19,2024-11-19 17:53:19,17
29945,רשת 13,2024-11-19,2024-11-19 17:54:19,17
29946,רשת 13,2024-11-19,2024-11-19 18:32:57,18
29947,רשת 13,2024-11-19,2024-11-19 18:33:33,18
29948,רשת 13,2024-11-19,2024-11-19 18:34:00,18
29949,רשת 13,2024-11-19,2024-11-19 18:34:06,18
29950,רשת 13,2024-11-19,2024-11-19 18:34:12,18
29951,רשת 13,2024-11-19,2024-11-19 18:34:18,18
29952,רשת 13,2024-11-19,2024-11-19 18:34:24,18
29953,רשת 13,2024-11-19,2024-11-19 18:34:30,18
29954,רשת 13,2024-11-19,2024-11-19 18:34:38,18
29955,רשת 13,2024-11-19,2024-11-19 18:34:48,18
29956,רשת 13,2024-11-19,2024-11-19 18:34:59,18
29957,רשת 13,2024-11-19,2024-11-19 18:35:17,18
29958,רשת 13,2024-11-19,2024-11-19 18:35:32,18
29959,רשת 13,2024-11-19,2024-11-19 18:35:47,18
29960,רשת 13,2024-11-19,2024-11-19 18:36:05,18
29961,רשת 13,2024-11-19,2024-11-19 18:36:20,18
29962,רשת 13,2024-11-19,2024-11-19 18:36:36,18
29963,רשת 13,2024-11-19,2024-11-19 18:37:29,18
29964,רשת 13,2024-11-19,2024-11-19 18:37:44,18
29965,רשת 13,2024-11-19,2024-11-19 18:38:01,18
29966,רשת 13,2024-11-19,2024-11-19 18:38:39,18
29967,רשת 13,2024-11-19,2024-11-19 18:39:17,18
29968,רשת 13,2024-11-19,2024-11-19 18:40:05,18
29969,רשת 13,2024-11-19,2024-11-19 18:40:28,18
29970,רשת 13,2024-11-19,2024-11-19 18:40:34,18
29971,רשת 13,2024-11-19,2024-11-19 18:40:40,18
29972,רשת 13,2024-11-19,2024-11-19 18:41:21,18
29973,רשת 13,2024-11-19,2024-11-19 18:41:27,18
29974,רשת 13,2024-11-19,2024-11-19 18:41:33,18
29975,רשת 13,2024-11-19,2024-11-19 18:41:44,18
29976,רשת 13,2024-11-19,2024-11-19 18:41:50,18
29977,רשת 13,2024-11-19,2024-11-19 18:42:00,18
29978,רשת 13,2024-11-19,2024-11-19 18:42:06,18
29979,רשת 13,2024-11-19,2024-11-19 18:42:14,18
29980,רשת 13,2024-11-19,2024-11-19 18:42:20,18
29981,רשת 13,2024-11-19,2024-11-19 18:59:38,18
29982,רשת 13,2024-11-19,2024-11-19 19:00:19,19
29983,רשת 13,2024-11-19,2024-11-19 19:00:25,19
29984,רשת 13,2024-11-19,2024-11-19 19:00:31,19
29985,רשת 13,2024-11-19,2024-11-19 19:00:37,19
29986,רשת 13,2024-11-19,2024-11-19 19:00:43,19
29987,רשת 13,2024-11-19,2024-11-19 19:00:51,19
29988,רשת 13,2024-11-19,2024-11-19 19:00:57,19
29989,רשת 13,2024-11-19,2024-11-19 19:01:03,19
29990,רשת 13,2024-11-19,2024-11-19 19:01:09,19
29991,רשת 13,2024-11-19,2024-11-19 19:01:32,19
29992,רשת 13,2024-11-19,2024-11-19 19:02:35,19
29993,רשת 13,2024-11-19,2024-11-19 19:02:50,19
29994,רשת 13,2024-11-19,2024-11-19 19:03:08,19
29995,רשת 13,2024-11-19,2024-11-19 19:03:23,19
29996,רשת 13,2024-11-19,2024-11-19 19:03:58,19
29997,רשת 13,2024-11-19,2024-11-19 19:04:18,19
29998,רשת 13,2024-11-19,2024-11-19 19:04:33,19
29999,רשת 13,2024-11-19,2024-11-19 19:04:49,19
30000,רשת 13,2024-11-19,2024-11-19 19:05:25,19
30001,רשת 13,2024-11-19,2024-11-19 19:05:49,19
30002,רשת 13,2024-11-19,2024-11-19 19:06:33,19
30003,רשת 13,2024-11-19,2024-11-19 19:06:57,19
30004,רשת 13,2024-11-19,2024-11-19 19:07:07,19
30005,רשת 13,2024-11-19,2024-11-19 19:07:13,19
30006,רשת 13,2024-11-19,2024-11-19 19:07:19,19
30007,רשת 13,2024-11-19,2024-11-19 19:07:25,19
30008,רשת 13,2024-11-19,2024-11-19 19:07:31,19
30009,רשת 13,2024-11-19,2024-11-19 19:07:37,19
30010,רשת 13,2024-11-19,2024-11-19 19:07:43,19
30011,רשת 13,2024-11-19,2024-11-19 19:40:35,19
30012,רשת 13,2024-11-19,2024-11-19 19:50:56,19
30013,רשת 13,2024-11-19,2024-11-19 19:51:36,19
30014,רשת 13,2024-11-19,2024-11-19 19:52:41,19
30015,רשת 13,2024-11-19,2024-11-19 20:37:43,20
30016,רשת 13,2024-11-19,2024-11-19 20:38:23,20
30017,רשת 13,2024-11-19,2024-11-19 20:38:29,20
30018,רשת 13,2024-11-19,2024-11-19 20:38:37,20
30019,רשת 13,2024-11-19,2024-11-19 20:38:47,20
30020,רשת 13,2024-11-19,2024-11-19 20:38:53,20
30021,רשת 13,2024-11-19,2024-11-19 20:38:59,20
30022,רשת 13,2024-11-19,2024-11-19 20:39:10,20
30023,רשת 13,2024-11-19,2024-11-19 20:39:45,20
30024,רשת 13,2024-11-19,2024-11-19 20:40:05,20
30025,רשת 13,2024-11-19,2024-11-19 20:40:29,20
30026,רשת 13,2024-11-19,2024-11-19 20:41:00,20
30027,רשת 13,2024-11-19,2024-11-19 20:41:18,20
30028,רשת 13,2024-11-19,2024-11-19 20:41:30,20
30029,רשת 13,2024-11-19,2024-11-19 20:41:48,20
30030,רשת 13,2024-11-19,2024-11-19 20:42:03,20
30031,רשת 13,2024-11-19,2024-11-19 20:42:13,20
30032,רשת 13,2024-11-19,2024-11-19 20:42:34,20
30033,רשת 13,2024-11-19,2024-11-19 20:43:01,20
30034,רשת 13,2024-11-19,2024-11-19 20:43:29,20
30035,רשת 13,2024-11-19,2024-11-19 20:43:43,20
30036,רשת 13,2024-11-19,2024-11-19 20:44:00,20
30037,רשת 13,2024-11-19,2024-11-19 20:44:15,20
30038,רשת 13,2024-11-19,2024-11-19 20:44:48,20
30039,רשת 13,2024-11-19,2024-11-19 20:45:33,20
30040,רשת 13,2024-11-19,2024-11-19 21:04:16,21
30041,רשת 13,2024-11-19,2024-11-19 21:04:43,21
30042,רשת 13,2024-11-19,2024-11-19 21:05:00,21
30043,רשת 13,2024-11-19,2024-11-19 21:05:25,21
30044,רשת 13,2024-11-19,2024-11-19 21:05:39,21
30045,רשת 13,2024-11-19,2024-11-19 21:05:54,21
30046,רשת 13,2024-11-19,2024-11-19 21:06:47,21
30047,רשת 13,2024-11-19,2024-11-19 21:07:07,21
30048,רשת 13,2024-11-19,2024-11-19 21:07:22,21
30049,רשת 13,2024-11-19,2024-11-19 21:08:01,21
30050,רשת 13,2024-11-19,2024-11-19 21:08:21,21
30051,רשת 13,2024-11-19,2024-11-19 21:08:41,21
30052,רשת 13,2024-11-19,2024-11-19 21:08:57,21
30053,רשת 13,2024-11-19,2024-11-19 21:09:12,21
30054,רשת 13,2024-11-19,2024-11-19 21:09:30,21
30055,רשת 13,2024-11-19,2024-11-19 21:09:57,21
30056,רשת 13,2024-11-19,2024-11-19 21:10:30,21
30057,רשת 13,2024-11-19,2024-11-19 21:10:56,21
30058,רשת 13,2024-11-19,2024-11-19 21:11:29,21
30059,רשת 13,2024-11-19,2024-11-19 21:29:54,21
30060,רשת 13,2024-11-19,2024-11-19 21:30:00,21
30061,רשת 13,2024-11-19,2024-11-19 21:30:42,21
30062,רשת 13,2024-11-19,2024-11-19 21:30:48,21
30063,רשת 13,2024-11-19,2024-11-19 21:55:53,21
30064,רשת 13,2024-11-19,2024-11-19 21:56:45,21
30065,רשת 13,2024-11-19,2024-11-19 21:56:51,21
30066,רשת 13,2024-11-19,2024-11-19 21:56:57,21
30067,רשת 13,2024-11-19,2024-11-19 21:57:03,21
30068,רשת 13,2024-11-19,2024-11-19 21:57:09,21
30069,רשת 13,2024-11-19,2024-11-19 21:57:17,21
30070,רשת 13,2024-11-19,2024-11-19 21:57:27,21
30071,רשת 13,2024-11-19,2024-11-19 21:57:33,21
30072,רשת 13,2024-11-19,2024-11-19 21:57:45,21
30073,רשת 13,2024-11-19,2024-11-19 21:58:05,21
30074,רשת 13,2024-11-19,2024-11-19 21:58:20,21
30075,רשת 13,2024-11-19,2024-11-19 21:58:35,21
30076,רשת 13,2024-11-19,2024-11-19 21:58:53,21
30077,רשת 13,2024-11-19,2024-11-19 21:59:19,21
30078,רשת 13,2024-11-19,2024-11-19 22:00:12,22
30079,רשת 13,2024-11-19,2024-11-19 22:00:32,22
30080,רשת 13,2024-11-19,2024-11-19 22:00:42,22
30081,רשת 13,2024-11-19,2024-11-19 22:00:57,22
30082,רשת 13,2024-11-19,2024-11-19 22:01:35,22
30083,רשת 13,2024-11-19,2024-11-19 22:02:03,22
30084,רשת 13,2024-11-19,2024-11-19 22:02:33,22
30085,רשת 13,2024-11-19,2024-11-19 22:03:08,22
30086,רשת 13,2024-11-19,2024-11-19 22:03:25,22
30087,רשת 13,2024-11-19,2024-11-19 22:03:41,22
30088,רשת 13,2024-11-19,2024-11-19 22:03:56,22
30089,רשת 13,2024-11-19,2024-11-19 22:04:17,22
30090,רשת 13,2024-11-19,2024-11-19 22:04:35,22
30091,רשת 13,2024-11-19,2024-11-19 22:05:05,22
30092,רשת 13,2024-11-19,2024-11-19 22:06:04,22
30093,רשת 13,2024-11-19,2024-11-19 22:06:27,22
30094,רשת 13,2024-11-19,2024-11-19 22:06:49,22
30095,רשת 13,2024-11-19,2024-11-19 22:07:13,22
30096,רשת 13,2024-11-19,2024-11-19 22:07:19,22
30097,רשת 13,2024-11-19,2024-11-19 22:07:25,22
30098,רשת 13,2024-11-19,2024-11-19 22:07:35,22
30099,רשת 13,2024-11-19,2024-11-19 22:07:41,22
30100,רשת 13,2024-11-19,2024-11-19 22:07:47,22
30101,רשת 13,2024-11-19,2024-11-19 22:07:53,22
30102,רשת 13,2024-11-19,2024-11-19 22:25:37,22
30103,רשת 13,2024-11-19,2024-11-19 22:26:24,22
30104,רשת 13,2024-11-19,2024-11-19 22:26:33,22
30105,רשת 13,2024-11-19,2024-11-19 22:26:51,22
30106,רשת 13,2024-11-19,2024-11-19 22:27:06,22
30107,רשת 13,2024-11-19,2024-11-19 22:27:31,22
30108,רשת 13,2024-11-19,2024-11-19 22:27:49,22
30109,רשת 13,2024-11-19,2024-11-19 22:28:24,22
30110,רשת 13,2024-11-19,2024-11-19 22:28:59,22
30111,רשת 13,2024-11-19,2024-11-19 22:29:14,22
30112,רשת 13,2024-11-19,2024-11-19 22:29:44,22
30113,רשת 13,2024-11-19,2024-11-19 22:30:08,22
30114,רשת 13,2024-11-19,2024-11-19 22:30:24,22
30115,רשת 13,2024-11-19,2024-11-19 22:30:53,22
30116,רשת 13,2024-11-19,2024-11-19 22:31:18,22
30117,רשת 13,2024-11-19,2024-11-19 22:31:40,22
30118,רשת 13,2024-11-19,2024-11-19 22:32:02,22
30119,רשת 13,2024-11-19,2024-11-19 23:05:21,23
30120,רשת 13,2024-11-19,2024-11-19 23:06:07,23
30121,רשת 13,2024-11-19,2024-11-19 23:06:13,23
30122,רשת 13,2024-11-19,2024-11-19 23:06:37,23
30123,רשת 13,2024-11-19,2024-11-19 23:07:12,23
30124,רשת 13,2024-11-19,2024-11-19 23:07:47,23
30125,רשת 13,2024-11-19,2024-11-19 23:08:40,23
30126,רשת 13,2024-11-19,2024-11-19 23:08:55,23
30127,רשת 13,2024-11-19,2024-11-19 23:09:30,23
30128,רשת 13,2024-11-19,2024-11-19 23:09:45,23
30129,רשת 13,2024-11-19,2024-11-19 23:10:00,23
30130,רשת 13,2024-11-19,2024-11-19 23:10:24,23
30131,רשת 13,2024-11-19,2024-11-19 23:10:34,23
30132,רשת 13,2024-11-19,2024-11-19 23:11:01,23
30133,רשת 13,2024-11-19,2024-11-19 23:11:21,23
30134,רשת 13,2024-11-19,2024-11-19 23:11:38,23
30135,רשת 13,2024-11-19,2024-11-19 23:12:21,23
30136,רשת 13,2024-11-19,2024-11-19 23:13:11,23
30137,רשת 13,2024-11-19,2024-11-19 23:13:17,23
30138,רשת 13,2024-11-19,2024-11-19 23:14:18,23
30139,רשת 13,2024-11-19,2024-11-19 23:14:24,23
30140,רשת 13,2024-11-19,2024-11-19 23:42:55,23
30141,רשת 13,2024-11-19,2024-11-19 23:43:36,23
30142,רשת 13,2024-11-19,2024-11-19 23:44:21,23
30143,רשת 13,2024-11-19,2024-11-19 23:44:31,23
30144,רשת 13,2024-11-19,2024-11-19 23:44:37,23
30145,רשת 13,2024-11-19,2024-11-19 23:44:59,23
30146,רשת 13,2024-11-19,2024-11-19 23:45:17,23
30147,רשת 13,2024-11-19,2024-11-19 23:45:35,23
30148,רשת 13,2024-11-19,2024-11-19 23:45:54,23
30149,רשת 13,2024-11-19,2024-11-19 23:46:09,23
30150,רשת 13,2024-11-19,2024-11-19 23:46:25,23
30151,רשת 13,2024-11-19,2024-11-19 23:46:40,23
30152,רשת 13,2024-11-19,2024-11-19 23:47:33,23
30153,רשת 13,2024-11-19,2024-11-19 23:48:03,23
30154,רשת 13,2024-11-19,2024-11-19 23:48:15,23
30155,רשת 13,2024-11-19,2024-11-19 23:48:30,23
30156,רשת 13,2024-11-19,2024-11-19 23:49:06,23
30157,רשת 13,2024-11-19,2024-11-19 23:49:41,23
30158,רשת 13,2024-11-19,2024-11-19 23:50:29,23
30159,רשת 13,2024-11-19,2024-11-19 00:15:40,0
30160,רשת 13,2024-11-19,2024-11-19 00:16:27,0
30161,רשת 13,2024-11-19,2024-11-19 00:17:04,0
30162,רשת 13,2024-11-19,2024-11-19 00:17:10,0
30163,רשת 13,2024-11-19,2024-11-19 00:17:16,0
30164,רשת 13,2024-11-19,2024-11-19 00:17:22,0
30165,רשת 13,2024-11-19,2024-11-19 00:17:45,0
30166,רשת 13,2024-11-19,2024-11-19 00:18:20,0
30167,רשת 13,2024-11-19,2024-11-19 00:18:35,0
30168,רשת 13,2024-11-19,2024-11-19 00:18:50,0
30169,רשת 13,2024-11-19,2024-11-19 00:19:02,0
30170,רשת 13,2024-11-19,2024-11-19 00:19:22,0
30171,רשת 13,2024-11-19,2024-11-19 00:19:37,0
30172,רשת 13,2024-11-19,2024-11-19 00:20:06,0
30173,רשת 13,2024-11-19,2024-11-19 00:20:49,0
30174,רשת 13,2024-11-19,2024-11-19 00:21:50,0
30175,רשת 13,2024-11-19,2024-11-19 00:23:08,0
30176,רשת 13,2024-11-19,2024-11-19 00:23:14,0
30177,רשת 13,2024-11-19,2024-11-19 00:23:20,0
30178,רשת 13,2024-11-19,2024-11-19 00:23:57,0
30179,רשת 13,2024-11-19,2024-11-19 00:24:03,0
30180,רשת 13,2024-11-19,2024-11-19 00:24:09,0
30181,רשת 13,2024-11-19,2024-11-19 00:24:19,0
30182,רשת 13,2024-11-19,2024-11-19 00:24:29,0
30183,רשת 13,2024-11-19,2024-11-19 00:24:35,0
30184,רשת 13,2024-11-19,2024-11-19 00:33:52,0
30185,רשת 13,2024-11-19,2024-11-19 00:34:11,0
30186,רשת 13,2024-11-19,2024-11-19 00:35:32,0
30187,רשת 13,2024-11-19,2024-11-19 00:35:47,0
30188,רשת 13,2024-11-19,2024-11-19 00:36:15,0
30189,רשת 13,2024-11-19,2024-11-19 00:36:21,0
30190,רשת 13,2024-11-19,2024-11-19 00:36:58,0
30191,רשת 13,2024-11-19,2024-11-19 00:37:19,0
30192,רשת 13,2024-11-19,2024-11-19 01:11:24,1
30193,רשת 13,2024-11-19,2024-11-19 01:12:05,1
30194,רשת 13,2024-11-19,2024-11-19 01:13:09,1
30195,רשת 13,2024-11-19,2024-11-19 01:14:23,1
30196,רשת 13,2024-11-19,2024-11-19 01:30:32,1
30197,רשת 13,2024-11-19,2024-11-19 01:31:12,1
30198,רשת 13,2024-11-19,2024-11-19 01:32:26,1
30199,רשת 13,2024-11-19,2024-11-19 01:33:01,1
30200,רשת 13,2024-11-19,2024-11-19 01:34:16,1
30201,רשת 13,2024-11-19,2024-11-19 01:44:01,1
30202,רשת 13,2024-11-19,2024-11-19 01:44:47,1
30203,רשת 13,2024-11-19,2024-11-19 01:45:28,1
30204,רשת 13,2024-11-19,2024-11-19 01:45:52,1
31364,רשת 13,2024-11-20,2024-11-20 02:19:41,2
31365,רשת 13,2024-11-20,2024-11-20 02:20:22,2
31366,רשת 13,2024-11-20,2024-11-20 02:21:02,2
31367,רשת 13,2024-11-20,2024-11-20 02:22:16,2
31368,רשת 13,2024-11-20,2024-11-20 02:42:57,2
31369,רשת 13,2024-11-20,2024-11-20 02:43:38,2
31370,רשת 13,2024-11-20,2024-11-20 02:43:59,2
31371,רשת 13,2024-11-20,2024-11-20 02:45:13,2
31372,רשת 13,2024-11-20,2024-11-20 03:07:28,3
31373,רשת 13,2024-11-20,2024-11-20 03:07:47,3
31374,רשת 13,2024-11-20,2024-11-20 03:08:25,3
31375,רשת 13,2024-11-20,2024-11-20 03:09:00,3
31376,רשת 13,2024-11-20,2024-11-20 03:10:14,3
31377,רשת 13,2024-11-20,2024-11-20 03:30:18,3
31378,רשת 13,2024-11-20,2024-11-20 03:30:58,3
31379,רשת 13,2024-11-20,2024-11-20 03:31:39,3
31380,רשת 13,2024-11-20,2024-11-20 03:32:16,3
31381,רשת 13,2024-11-20,2024-11-20 05:17:26,5
31382,רשת 13,2024-11-20,2024-11-20 05:18:06,5
31383,רשת 13,2024-11-20,2024-11-20 05:18:28,5
31384,רשת 13,2024-11-20,2024-11-20 06:12:32,6
31385,רשת 13,2024-11-20,2024-11-20 06:12:40,6
31386,רשת 13,2024-11-20,2024-11-20 06:12:50,6
31387,רשת 13,2024-11-20,2024-11-20 06:13:30,6
31388,רשת 13,2024-11-20,2024-11-20 06:13:52,6
31389,רשת 13,2024-11-20,2024-11-20 06:14:43,6
31390,רשת 13,2024-11-20,2024-11-20 06:14:49,6
31391,רשת 13,2024-11-20,2024-11-20 06:15:26,6
31392,רשת 13,2024-11-20,2024-11-20 06:15:32,6
31393,רשת 13,2024-11-20,2024-11-20 06:15:43,6
31394,רשת 13,2024-11-20,2024-11-20 06:15:51,6
31395,רשת 13,2024-11-20,2024-11-20 07:10:54,7
31396,רשת 13,2024-11-20,2024-11-20 07:11:41,7
31397,רשת 13,2024-11-20,2024-11-20 07:12:18,7
31398,רשת 13,2024-11-20,2024-11-20 07:12:24,7
31399,רשת 13,2024-11-20,2024-11-20 07:13:25,7
31400,רשת 13,2024-11-20,2024-11-20 07:13:31,7
31401,רשת 13,2024-11-20,2024-11-20 07:13:42,7
31402,רשת 13,2024-11-20,2024-11-20 07:13:48,7
31403,רשת 13,2024-11-20,2024-11-20 07:13:56,7
31404,רשת 13,2024-11-20,2024-11-20 07:14:06,7
31405,רשת 13,2024-11-20,2024-11-20 07:14:25,7
31406,רשת 13,2024-11-20,2024-11-20 07:14:42,7
31407,רשת 13,2024-11-20,2024-11-20 07:15:07,7
31408,רשת 13,2024-11-20,2024-11-20 07:15:34,7
31409,רשת 13,2024-11-20,2024-11-20 07:16:09,7
31410,רשת 13,2024-11-20,2024-11-20 07:16:24,7
31411,רשת 13,2024-11-20,2024-11-20 07:16:42,7
31412,רשת 13,2024-11-20,2024-11-20 07:17:02,7
31413,רשת 13,2024-11-20,2024-11-20 07:17:33,7
31414,רשת 13,2024-11-20,2024-11-20 07:18:16,7
31415,רשת 13,2024-11-20,2024-11-20 07:19:16,7
31416,רשת 13,2024-11-20,2024-11-20 07:36:06,7
31417,רשת 13,2024-11-20,2024-11-20 07:36:25,7
31418,רשת 13,2024-11-20,2024-11-20 07:37:34,7
31419,רשת 13,2024-11-20,2024-11-20 07:37:40,7
31420,רשת 13,2024-11-20,2024-11-20 07:37:46,7
31421,רשת 13,2024-11-20,2024-11-20 07:37:54,7
31422,רשת 13,2024-11-20,2024-11-20 07:38:16,7
31423,רשת 13,2024-11-20,2024-11-20 07:38:30,7
31424,רשת 13,2024-11-20,2024-11-20 07:38:42,7
31425,רשת 13,2024-11-20,2024-11-20 07:39:02,7
31426,רשת 13,2024-11-20,2024-11-20 07:39:08,7
31427,רשת 13,2024-11-20,2024-11-20 07:39:23,7
31428,רשת 13,2024-11-20,2024-11-20 07:39:47,7
31429,רשת 13,2024-11-20,2024-11-20 07:40:02,7
31430,רשת 13,2024-11-20,2024-11-20 07:40:22,7
31431,רשת 13,2024-11-20,2024-11-20 07:40:32,7
31432,רשת 13,2024-11-20,2024-11-20 07:40:50,7
31433,רשת 13,2024-11-20,2024-11-20 07:41:05,7
31434,רשת 13,2024-11-20,2024-11-20 07:41:20,7
31435,רשת 13,2024-11-20,2024-11-20 07:41:54,7
31436,רשת 13,2024-11-20,2024-11-20 07:42:30,7
31437,רשת 13,2024-11-20,2024-11-20 07:42:52,7
31438,רשת 13,2024-11-20,2024-11-20 07:43:44,7
31439,רשת 13,2024-11-20,2024-11-20 07:43:50,7
31440,רשת 13,2024-11-20,2024-11-20 07:44:27,7
31441,רשת 13,2024-11-20,2024-11-20 07:44:33,7
31442,רשת 13,2024-11-20,2024-11-20 07:44:44,7
31443,רשת 13,2024-11-20,2024-11-20 07:44:54,7
31444,רשת 13,2024-11-20,2024-11-20 07:45:00,7
31445,רשת 13,2024-11-20,2024-11-20 08:08:16,8
31446,רשת 13,2024-11-20,2024-11-20 08:08:22,8
31447,רשת 13,2024-11-20,2024-11-20 08:08:59,8
31448,רשת 13,2024-11-20,2024-11-20 08:09:05,8
31449,רשת 13,2024-11-20,2024-11-20 08:19:49,8
31450,רשת 13,2024-11-20,2024-11-20 08:20:30,8
31451,רשת 13,2024-11-20,2024-11-20 08:21:15,8
31452,רשת 13,2024-11-20,2024-11-20 08:21:21,8
31453,רשת 13,2024-11-20,2024-11-20 08:22:22,8
31454,רשת 13,2024-11-20,2024-11-20 08:22:28,8
31455,רשת 13,2024-11-20,2024-11-20 08:22:39,8
31456,רשת 13,2024-11-20,2024-11-20 08:22:45,8
31457,רשת 13,2024-11-20,2024-11-20 08:22:53,8
31458,רשת 13,2024-11-20,2024-11-20 08:23:13,8
31459,רשת 13,2024-11-20,2024-11-20 08:23:26,8
31460,רשת 13,2024-11-20,2024-11-20 08:23:40,8
31461,רשת 13,2024-11-20,2024-11-20 08:24:00,8
31462,רשת 13,2024-11-20,2024-11-20 08:24:06,8
31463,רשת 13,2024-11-20,2024-11-20 08:24:59,8
31464,רשת 13,2024-11-20,2024-11-20 08:25:09,8
31465,רשת 13,2024-11-20,2024-11-20 08:25:33,8
31466,רשת 13,2024-11-20,2024-11-20 08:26:27,8
31467,רשת 13,2024-11-20,2024-11-20 08:27:02,8
31468,רשת 13,2024-11-20,2024-11-20 08:27:24,8
31469,רשת 13,2024-11-20,2024-11-20 08:40:20,8
31470,רשת 13,2024-11-20,2024-11-20 08:41:06,8
31471,רשת 13,2024-11-20,2024-11-20 08:41:49,8
31472,רשת 13,2024-11-20,2024-11-20 08:41:55,8
31473,רשת 13,2024-11-20,2024-11-20 08:42:03,8
31474,רשת 13,2024-11-20,2024-11-20 08:42:26,8
31475,רשת 13,2024-11-20,2024-11-20 08:42:59,8
31476,רשת 13,2024-11-20,2024-11-20 08:43:16,8
31477,רשת 13,2024-11-20,2024-11-20 08:43:31,8
31478,רשת 13,2024-11-20,2024-11-20 08:43:49,8
31479,רשת 13,2024-11-20,2024-11-20 08:44:07,8
31480,רשת 13,2024-11-20,2024-11-20 08:44:42,8
31481,רשת 13,2024-11-20,2024-11-20 08:44:57,8
31482,רשת 13,2024-11-20,2024-11-20 08:45:32,8
31483,רשת 13,2024-11-20,2024-11-20 08:45:47,8
31484,רשת 13,2024-11-20,2024-11-20 08:46:25,8
31485,רשת 13,2024-11-20,2024-11-20 08:47:08,8
31486,רשת 13,2024-11-20,2024-11-20 08:47:55,8
31487,רשת 13,2024-11-20,2024-11-20 08:48:48,8
31488,רשת 13,2024-11-20,2024-11-20 08:48:58,8
31489,רשת 13,2024-11-20,2024-11-20 08:49:04,8
31490,רשת 13,2024-11-20,2024-11-20 09:07:39,9
31491,רשת 13,2024-11-20,2024-11-20 09:07:45,9
31492,רשת 13,2024-11-20,2024-11-20 09:07:51,9
31493,רשת 13,2024-11-20,2024-11-20 09:08:28,9
31494,רשת 13,2024-11-20,2024-11-20 09:08:34,9
31495,רשת 13,2024-11-20,2024-11-20 09:08:40,9
31496,רשת 13,2024-11-20,2024-11-20 09:11:11,9
31497,רשת 13,2024-11-20,2024-11-20 09:11:31,9
31498,רשת 13,2024-11-20,2024-11-20 09:12:20,9
31499,רשת 13,2024-11-20,2024-11-20 09:12:28,9
31500,רשת 13,2024-11-20,2024-11-20 09:12:38,9
31501,רשת 13,2024-11-20,2024-11-20 09:12:59,9
31502,רשת 13,2024-11-20,2024-11-20 09:13:09,9
31503,רשת 13,2024-11-20,2024-11-20 09:13:24,9
31504,רשת 13,2024-11-20,2024-11-20 09:13:53,9
31505,רשת 13,2024-11-20,2024-11-20 09:14:08,9
31506,רשת 13,2024-11-20,2024-11-20 09:14:43,9
31507,רשת 13,2024-11-20,2024-11-20 09:15:01,9
31508,רשת 13,2024-11-20,2024-11-20 09:15:19,9
31509,רשת 13,2024-11-20,2024-11-20 09:15:36,9
31510,רשת 13,2024-11-20,2024-11-20 09:16:00,9
31511,רשת 13,2024-11-20,2024-11-20 09:16:13,9
31512,רשת 13,2024-11-20,2024-11-20 09:17:03,9
31513,רשת 13,2024-11-20,2024-11-20 09:17:40,9
31514,רשת 13,2024-11-20,2024-11-20 09:18:01,9
31515,רשת 13,2024-11-20,2024-11-20 09:18:54,9
31516,רשת 13,2024-11-20,2024-11-20 09:19:00,9
31517,רשת 13,2024-11-20,2024-11-20 09:19:08,9
31518,רשת 13,2024-11-20,2024-11-20 09:51:04,9
31519,רשת 13,2024-11-20,2024-11-20 09:51:44,9
31520,רשת 13,2024-11-20,2024-11-20 09:52:11,9
31521,רשת 13,2024-11-20,2024-11-20 09:52:17,9
31522,רשת 13,2024-11-20,2024-11-20 09:52:37,9
31523,רשת 13,2024-11-20,2024-11-20 09:52:52,9
31524,רשת 13,2024-11-20,2024-11-20 09:53:10,9
31525,רשת 13,2024-11-20,2024-11-20 09:54:03,9
31526,רשת 13,2024-11-20,2024-11-20 09:54:38,9
31527,רשת 13,2024-11-20,2024-11-20 09:54:53,9
31528,רשת 13,2024-11-20,2024-11-20 09:55:03,9
31529,רשת 13,2024-11-20,2024-11-20 09:55:29,9
31530,רשת 13,2024-11-20,2024-11-20 09:55:56,9
31531,רשת 13,2024-11-20,2024-11-20 09:56:27,9
31532,רשת 13,2024-11-20,2024-11-20 09:56:55,9
31533,רשת 13,2024-11-20,2024-11-20 09:57:38,9
31534,רשת 13,2024-11-20,2024-11-20 09:58:26,9
31535,רשת 13,2024-11-20,2024-11-20 10:05:45,10
31536,רשת 13,2024-11-20,2024-11-20 10:05:51,10
31537,רשת 13,2024-11-20,2024-11-20 10:05:57,10
31538,רשת 13,2024-11-20,2024-11-20 10:06:34,10
31539,רשת 13,2024-11-20,2024-11-20 10:06:40,10
31540,רשת 13,2024-11-20,2024-11-20 10:06:46,10
31541,רשת 13,2024-11-20,2024-11-20 10:25:39,10
31542,רשת 13,2024-11-20,2024-11-20 10:26:25,10
31543,רשת 13,2024-11-20,2024-11-20 10:26:52,10
31544,רשת 13,2024-11-20,2024-11-20 10:27:00,10
31545,רשת 13,2024-11-20,2024-11-20 10:27:10,10
31546,רשת 13,2024-11-20,2024-11-20 10:27:29,10
31547,רשת 13,2024-11-20,2024-11-20 10:27:39,10
31548,רשת 13,2024-11-20,2024-11-20 10:27:54,10
31549,רשת 13,2024-11-20,2024-11-20 10:28:14,10
31550,רשת 13,2024-11-20,2024-11-20 10:28:42,10
31551,רשת 13,2024-11-20,2024-11-20 10:28:57,10
31552,רשת 13,2024-11-20,2024-11-20 10:29:27,10
31553,רשת 13,2024-11-20,2024-11-20 10:29:42,10
31554,רשת 13,2024-11-20,2024-11-20 10:30:01,10
31555,רשת 13,2024-11-20,2024-11-20 10:30:21,10
31556,רשת 13,2024-11-20,2024-11-20 10:30:38,10
31557,רשת 13,2024-11-20,2024-11-20 10:31:06,10
31558,רשת 13,2024-11-20,2024-11-20 10:31:49,10
31559,רשת 13,2024-11-20,2024-11-20 10:32:49,10
31560,רשת 13,2024-11-20,2024-11-20 10:44:38,10
31561,רשת 13,2024-11-20,2024-11-20 10:44:57,10
31562,רשת 13,2024-11-20,2024-11-20 10:46:07,10
31563,רשת 13,2024-11-20,2024-11-20 10:46:13,10
31564,רשת 13,2024-11-20,2024-11-20 10:46:39,10
31565,רשת 13,2024-11-20,2024-11-20 10:46:59,10
31566,רשת 13,2024-11-20,2024-11-20 10:47:26,10
31567,רשת 13,2024-11-20,2024-11-20 10:47:41,10
31568,רשת 13,2024-11-20,2024-11-20 10:48:16,10
31569,רשת 13,2024-11-20,2024-11-20 10:48:46,10
31570,רשת 13,2024-11-20,2024-11-20 10:49:04,10
31571,רשת 13,2024-11-20,2024-11-20 10:49:39,10
31572,רשת 13,2024-11-20,2024-11-20 10:50:17,10
31573,רשת 13,2024-11-20,2024-11-20 10:50:54,10
31574,רשת 13,2024-11-20,2024-11-20 10:51:15,10
31575,רשת 13,2024-11-20,2024-11-20 11:08:00,11
31576,רשת 13,2024-11-20,2024-11-20 11:08:06,11
31577,רשת 13,2024-11-20,2024-11-20 11:08:12,11
31578,רשת 13,2024-11-20,2024-11-20 11:08:49,11
31579,רשת 13,2024-11-20,2024-11-20 11:08:55,11
31580,רשת 13,2024-11-20,2024-11-20 11:09:01,11
31581,רשת 13,2024-11-20,2024-11-20 11:36:17,11
31582,רשת 13,2024-11-20,2024-11-20 11:36:37,11
31583,רשת 13,2024-11-20,2024-11-20 11:37:46,11
31584,רשת 13,2024-11-20,2024-11-20 11:37:52,11
31585,רשת 13,2024-11-20,2024-11-20 11:37:58,11
31586,רשת 13,2024-11-20,2024-11-20 11:38:04,11
31587,רשת 13,2024-11-20,2024-11-20 11:38:30,11
31588,רשת 13,2024-11-20,2024-11-20 11:39:29,11
31589,רשת 13,2024-11-20,2024-11-20 11:40:22,11
31590,רשת 13,2024-11-20,2024-11-20 11:40:49,11
31591,רשת 13,2024-11-20,2024-11-20 11:41:09,11
31592,רשת 13,2024-11-20,2024-11-20 11:41:44,11
31593,רשת 13,2024-11-20,2024-11-20 11:41:54,11
31594,רשת 13,2024-11-20,2024-11-20 11:42:14,11
31595,רשת 13,2024-11-20,2024-11-20 11:42:32,11
31596,רשת 13,2024-11-20,2024-11-20 11:42:47,11
31597,רשת 13,2024-11-20,2024-11-20 11:43:17,11
31598,רשת 13,2024-11-20,2024-11-20 11:43:54,11
31599,רשת 13,2024-11-20,2024-11-20 11:44:16,11
31600,רשת 13,2024-11-20,2024-11-20 11:44:43,11
31601,רשת 13,2024-11-20,2024-11-20 11:44:49,11
31602,רשת 13,2024-11-20,2024-11-20 11:44:55,11
31603,רשת 13,2024-11-20,2024-11-20 11:45:05,11
31604,רשת 13,2024-11-20,2024-11-20 11:45:11,11
31605,רשת 13,2024-11-20,2024-11-20 12:06:13,12
31606,רשת 13,2024-11-20,2024-11-20 12:06:19,12
31607,רשת 13,2024-11-20,2024-11-20 12:06:25,12
31608,רשת 13,2024-11-20,2024-11-20 12:07:01,12
31609,רשת 13,2024-11-20,2024-11-20 12:07:08,12
31610,רשת 13,2024-11-20,2024-11-20 12:07:14,12
31611,רשת 13,2024-11-20,2024-11-20 12:25:18,12
31612,רשת 13,2024-11-20,2024-11-20 12:26:03,12
31613,רשת 13,2024-11-20,2024-11-20 12:26:09,12
31614,רשת 13,2024-11-20,2024-11-20 12:26:15,12
31615,רשת 13,2024-11-20,2024-11-20 12:26:21,12
31616,רשת 13,2024-11-20,2024-11-20 12:26:27,12
31617,רשת 13,2024-11-20,2024-11-20 12:26:33,12
31618,רשת 13,2024-11-20,2024-11-20 12:26:57,12
31619,רשת 13,2024-11-20,2024-11-20 12:27:50,12
31620,רשת 13,2024-11-20,2024-11-20 12:28:04,12
31621,רשת 13,2024-11-20,2024-11-20 12:28:19,12
31622,רשת 13,2024-11-20,2024-11-20 12:28:37,12
31623,רשת 13,2024-11-20,2024-11-20 12:29:16,12
31624,רשת 13,2024-11-20,2024-11-20 12:29:31,12
31625,רשת 13,2024-11-20,2024-11-20 12:30:06,12
31626,רשת 13,2024-11-20,2024-11-20 12:30:18,12
31627,רשת 13,2024-11-20,2024-11-20 12:30:45,12
31628,רשת 13,2024-11-20,2024-11-20 12:31:02,12
31629,רשת 13,2024-11-20,2024-11-20 12:48:47,12
31630,רשת 13,2024-11-20,2024-11-20 12:49:11,12
31631,רשת 13,2024-11-20,2024-11-20 12:49:37,12
31632,רשת 13,2024-11-20,2024-11-20 12:49:43,12
31633,רשת 13,2024-11-20,2024-11-20 12:49:49,12
31634,רשת 13,2024-11-20,2024-11-20 12:49:59,12
31635,רשת 13,2024-11-20,2024-11-20 12:50:05,12
31636,רשת 13,2024-11-20,2024-11-20 13:06:53,13
31637,רשת 13,2024-11-20,2024-11-20 13:06:59,13
31638,רשת 13,2024-11-20,2024-11-20 13:07:05,13
31639,רשת 13,2024-11-20,2024-11-20 13:07:42,13
31640,רשת 13,2024-11-20,2024-11-20 13:07:48,13
31641,רשת 13,2024-11-20,2024-11-20 13:07:54,13
31642,רשת 13,2024-11-20,2024-11-20 13:13:06,13
31643,רשת 13,2024-11-20,2024-11-20 13:13:25,13
31644,רשת 13,2024-11-20,2024-11-20 13:13:53,13
31645,רשת 13,2024-11-20,2024-11-20 13:13:59,13
31646,רשת 13,2024-11-20,2024-11-20 13:14:05,13
31647,רשת 13,2024-11-20,2024-11-20 13:14:11,13
31648,רשת 13,2024-11-20,2024-11-20 13:14:17,13
31649,רשת 13,2024-11-20,2024-11-20 13:14:43,13
31650,רשת 13,2024-11-20,2024-11-20 13:14:57,13
31651,רשת 13,2024-11-20,2024-11-20 13:15:07,13
31652,רשת 13,2024-11-20,2024-11-20 13:15:34,13
31653,רשת 13,2024-11-20,2024-11-20 13:15:52,13
31654,רשת 13,2024-11-20,2024-11-20 13:16:07,13
31655,רשת 13,2024-11-20,2024-11-20 13:16:24,13
31656,רשת 13,2024-11-20,2024-11-20 13:16:55,13
31657,רשת 13,2024-11-20,2024-11-20 13:17:32,13
31658,רשת 13,2024-11-20,2024-11-20 13:17:56,13
31659,רשת 13,2024-11-20,2024-11-20 13:18:43,13
31660,רשת 13,2024-11-20,2024-11-20 13:19:36,13
31661,רשת 13,2024-11-20,2024-11-20 13:19:46,13
31662,רשת 13,2024-11-20,2024-11-20 13:19:52,13
31663,רשת 13,2024-11-20,2024-11-20 13:19:58,13
31664,רשת 13,2024-11-20,2024-11-20 14:06:09,14
31665,רשת 13,2024-11-20,2024-11-20 14:06:15,14
31666,רשת 13,2024-11-20,2024-11-20 14:06:21,14
31667,רשת 13,2024-11-20,2024-11-20 14:06:58,14
31668,רשת 13,2024-11-20,2024-11-20 14:07:04,14
31669,רשת 13,2024-11-20,2024-11-20 14:07:10,14
31670,רשת 13,2024-11-20,2024-11-20 14:37:43,14
31671,רשת 13,2024-11-20,2024-11-20 14:38:02,14
31672,רשת 13,2024-11-20,2024-11-20 14:38:29,14
31673,רשת 13,2024-11-20,2024-11-20 14:38:35,14
31674,רשת 13,2024-11-20,2024-11-20 14:38:41,14
31675,רשת 13,2024-11-20,2024-11-20 14:38:51,14
31676,רשת 13,2024-11-20,2024-11-20 14:39:13,14
31677,רשת 13,2024-11-20,2024-11-20 14:40:06,14
31678,רשת 13,2024-11-20,2024-11-20 14:40:20,14
31679,רשת 13,2024-11-20,2024-11-20 14:40:40,14
31680,רשת 13,2024-11-20,2024-11-20 14:41:15,14
31681,רשת 13,2024-11-20,2024-11-20 14:41:54,14
31682,רשת 13,2024-11-20,2024-11-20 14:42:29,14
31683,רשת 13,2024-11-20,2024-11-20 14:42:47,14
31684,רשת 13,2024-11-20,2024-11-20 14:43:07,14
31685,רשת 13,2024-11-20,2024-11-20 14:43:22,14
31686,רשת 13,2024-11-20,2024-11-20 14:43:49,14
31687,רשת 13,2024-11-20,2024-11-20 14:44:09,14
31688,רשת 13,2024-11-20,2024-11-20 14:44:38,14
31689,רשת 13,2024-11-20,2024-11-20 14:45:05,14
31690,רשת 13,2024-11-20,2024-11-20 14:45:11,14
31691,רשת 13,2024-11-20,2024-11-20 14:45:21,14
31692,רשת 13,2024-11-20,2024-11-20 14:45:27,14
31693,רשת 13,2024-11-20,2024-11-20 15:52:16,15
31694,רשת 13,2024-11-20,2024-11-20 15:52:57,15
31695,רשת 13,2024-11-20,2024-11-20 15:53:42,15
31696,רשת 13,2024-11-20,2024-11-20 15:53:48,15
31697,רשת 13,2024-11-20,2024-11-20 15:53:58,15
31698,רשת 13,2024-11-20,2024-11-20 15:54:18,15
31699,רשת 13,2024-11-20,2024-11-20 15:54:33,15
31700,רשת 13,2024-11-20,2024-11-20 15:54:48,15
31701,רשת 13,2024-11-20,2024-11-20 15:55:19,15
31702,רשת 13,2024-11-20,2024-11-20 15:56:02,15
31703,רשת 13,2024-11-20,2024-11-20 15:56:50,15
31704,רשת 13,2024-11-20,2024-11-20 15:58:05,15
31705,רשת 13,2024-11-20,2024-11-20 15:58:11,15
31706,רשת 13,2024-11-20,2024-11-20 15:58:17,15
31707,רשת 13,2024-11-20,2024-11-20 15:58:54,15
31708,רשת 13,2024-11-20,2024-11-20 15:59:00,15
31709,רשת 13,2024-11-20,2024-11-20 15:59:06,15
31710,רשת 13,2024-11-20,2024-11-20 15:59:16,15
31711,רשת 13,2024-11-20,2024-11-20 15:59:26,15
31712,רשת 13,2024-11-20,2024-11-20 15:59:32,15
31713,רשת 13,2024-11-20,2024-11-20 16:27:10,16
31714,רשת 13,2024-11-20,2024-11-20 16:27:29,16
31715,רשת 13,2024-11-20,2024-11-20 16:27:55,16
31716,רשת 13,2024-11-20,2024-11-20 16:28:03,16
31717,רשת 13,2024-11-20,2024-11-20 16:28:09,16
31718,רשת 13,2024-11-20,2024-11-20 16:28:19,16
31719,רשת 13,2024-11-20,2024-11-20 16:28:37,16
31720,רשת 13,2024-11-20,2024-11-20 16:29:30,16
31721,רשת 13,2024-11-20,2024-11-20 16:29:55,16
31722,רשת 13,2024-11-20,2024-11-20 16:30:15,16
31723,רשת 13,2024-11-20,2024-11-20 16:30:50,16
31724,רשת 13,2024-11-20,2024-11-20 16:31:18,16
31725,רשת 13,2024-11-20,2024-11-20 16:31:36,16
31726,רשת 13,2024-11-20,2024-11-20 16:31:51,16
31727,רשת 13,2024-11-20,2024-11-20 16:32:06,16
31728,רשת 13,2024-11-20,2024-11-20 16:32:37,16
31729,רשת 13,2024-11-20,2024-11-20 16:33:06,16
31730,רשת 13,2024-11-20,2024-11-20 16:33:26,16
31731,רשת 13,2024-11-20,2024-11-20 16:33:41,16
31732,רשת 13,2024-11-20,2024-11-20 16:34:02,16
31733,רשת 13,2024-11-20,2024-11-20 16:34:24,16
31734,רשת 13,2024-11-20,2024-11-20 16:34:50,16
31735,רשת 13,2024-11-20,2024-11-20 16:34:56,16
31736,רשת 13,2024-11-20,2024-11-20 16:35:02,16
31737,רשת 13,2024-11-20,2024-11-20 16:35:39,16
31738,רשת 13,2024-11-20,2024-11-20 16:35:45,16
31739,רשת 13,2024-11-20,2024-11-20 16:35:51,16
31740,רשת 13,2024-11-20,2024-11-20 16:36:01,16
31741,רשת 13,2024-11-20,2024-11-20 16:36:09,16
31742,רשת 13,2024-11-20,2024-11-20 16:36:19,16
31743,רשת 13,2024-11-20,2024-11-20 17:15:18,17
31744,רשת 13,2024-11-20,2024-11-20 17:15:37,17
31745,רשת 13,2024-11-20,2024-11-20 17:16:03,17
31746,רשת 13,2024-11-20,2024-11-20 17:16:09,17
31747,רשת 13,2024-11-20,2024-11-20 17:16:15,17
31748,רשת 13,2024-11-20,2024-11-20 17:16:23,17
31749,רשת 13,2024-11-20,2024-11-20 17:16:43,17
31750,רשת 13,2024-11-20,2024-11-20 17:17:01,17
31751,רשת 13,2024-11-20,2024-11-20 17:17:28,17
31752,רשת 13,2024-11-20,2024-11-20 17:17:43,17
31753,רשת 13,2024-11-20,2024-11-20 17:17:58,17
31754,רשת 13,2024-11-20,2024-11-20 17:18:33,17
31755,רשת 13,2024-11-20,2024-11-20 17:18:48,17
31756,רשת 13,2024-11-20,2024-11-20 17:19:26,17
31757,רשת 13,2024-11-20,2024-11-20 17:19:38,17
31758,רשת 13,2024-11-20,2024-11-20 17:19:56,17
31759,רשת 13,2024-11-20,2024-11-20 17:20:16,17
31760,רשת 13,2024-11-20,2024-11-20 17:20:53,17
31761,רשת 13,2024-11-20,2024-11-20 17:21:46,17
31762,רשת 13,2024-11-20,2024-11-20 17:21:52,17
31763,רשת 13,2024-11-20,2024-11-20 17:22:02,17
31764,רשת 13,2024-11-20,2024-11-20 17:22:08,17
31765,רשת 13,2024-11-20,2024-11-20 17:22:18,17
31766,רשת 13,2024-11-20,2024-11-20 17:22:24,17
31767,רשת 13,2024-11-20,2024-11-20 17:22:30,17
31768,רשת 13,2024-11-20,2024-11-20 17:23:07,17
31769,רשת 13,2024-11-20,2024-11-20 17:23:13,17
31770,רשת 13,2024-11-20,2024-11-20 17:23:19,17
31771,רשת 13,2024-11-20,2024-11-20 17:23:30,17
31772,רשת 13,2024-11-20,2024-11-20 17:23:38,17
31773,רשת 13,2024-11-20,2024-11-20 17:23:44,17
31774,רשת 13,2024-11-20,2024-11-20 17:23:54,17
31775,רשת 13,2024-11-20,2024-11-20 17:53:43,17
31776,רשת 13,2024-11-20,2024-11-20 17:54:43,17
31777,רשת 13,2024-11-20,2024-11-20 18:28:24,18
31778,רשת 13,2024-11-20,2024-11-20 18:29:09,18
31779,רשת 13,2024-11-20,2024-11-20 18:29:15,18
31780,רשת 13,2024-11-20,2024-11-20 18:29:21,18
31781,רשת 13,2024-11-20,2024-11-20 18:29:27,18
31782,רשת 13,2024-11-20,2024-11-20 18:29:33,18
31783,רשת 13,2024-11-20,2024-11-20 18:29:39,18
31784,רשת 13,2024-11-20,2024-11-20 18:29:47,18
31785,רשת 13,2024-11-20,2024-11-20 18:29:57,18
31786,רשת 13,2024-11-20,2024-11-20 18:30:17,18
31787,רשת 13,2024-11-20,2024-11-20 18:30:32,18
31788,רשת 13,2024-11-20,2024-11-20 18:30:52,18
31789,רשת 13,2024-11-20,2024-11-20 18:31:10,18
31790,רשת 13,2024-11-20,2024-11-20 18:31:48,18
31791,רשת 13,2024-11-20,2024-11-20 18:31:58,18
31792,רשת 13,2024-11-20,2024-11-20 18:32:37,18
31793,רשת 13,2024-11-20,2024-11-20 18:32:52,18
31794,רשת 13,2024-11-20,2024-11-20 18:33:07,18
31795,רשת 13,2024-11-20,2024-11-20 18:33:25,18
31796,רשת 13,2024-11-20,2024-11-20 18:33:47,18
31797,רשת 13,2024-11-20,2024-11-20 18:35:02,18
31798,רשת 13,2024-11-20,2024-11-20 18:35:08,18
31799,רשת 13,2024-11-20,2024-11-20 18:35:14,18
31800,רשת 13,2024-11-20,2024-11-20 18:35:51,18
31801,רשת 13,2024-11-20,2024-11-20 18:35:57,18
31802,רשת 13,2024-11-20,2024-11-20 18:36:03,18
31803,רשת 13,2024-11-20,2024-11-20 18:36:14,18
31804,רשת 13,2024-11-20,2024-11-20 18:36:22,18
31805,רשת 13,2024-11-20,2024-11-20 18:36:32,18
31806,רשת 13,2024-11-20,2024-11-20 18:36:38,18
31807,רשת 13,2024-11-20,2024-11-20 18:36:44,18
31808,רשת 13,2024-11-20,2024-11-20 18:36:50,18
31809,רשת 13,2024-11-20,2024-11-20 18:36:56,18
31810,רשת 13,2024-11-20,2024-11-20 18:59:46,18
31811,רשת 13,2024-11-20,2024-11-20 19:00:05,19
31812,רשת 13,2024-11-20,2024-11-20 19:00:32,19
31813,רשת 13,2024-11-20,2024-11-20 19:00:38,19
31814,רשת 13,2024-11-20,2024-11-20 19:00:44,19
31815,רשת 13,2024-11-20,2024-11-20 19:00:50,19
31816,רשת 13,2024-11-20,2024-11-20 19:00:56,19
31817,רשת 13,2024-11-20,2024-11-20 19:01:02,19
31818,רשת 13,2024-11-20,2024-11-20 19:01:08,19
31819,רשת 13,2024-11-20,2024-11-20 19:01:18,19
31820,רשת 13,2024-11-20,2024-11-20 19:01:24,19
31821,רשת 13,2024-11-20,2024-11-20 19:01:32,19
31822,רשת 13,2024-11-20,2024-11-20 19:01:38,19
31823,רשת 13,2024-11-20,2024-11-20 19:01:58,19
31824,רשת 13,2024-11-20,2024-11-20 19:02:16,19
31825,רשת 13,2024-11-20,2024-11-20 19:02:51,19
31826,רשת 13,2024-11-20,2024-11-20 19:03:08,19
31827,רשת 13,2024-11-20,2024-11-20 19:03:33,19
31828,רשת 13,2024-11-20,2024-11-20 19:03:48,19
31829,רשת 13,2024-11-20,2024-11-20 19:04:06,19
31830,רשת 13,2024-11-20,2024-11-20 19:04:21,19
31831,רשת 13,2024-11-20,2024-11-20 19:04:41,19
31832,רשת 13,2024-11-20,2024-11-20 19:04:56,19
31833,רשת 13,2024-11-20,2024-11-20 19:05:21,19
31834,רשת 13,2024-11-20,2024-11-20 19:05:58,19
31835,רשת 13,2024-11-20,2024-11-20 19:06:50,19
31836,רשת 13,2024-11-20,2024-11-20 19:06:56,19
31837,רשת 13,2024-11-20,2024-11-20 19:07:06,19
31838,רשת 13,2024-11-20,2024-11-20 19:07:12,19
31839,רשת 13,2024-11-20,2024-11-20 19:07:18,19
31840,רשת 13,2024-11-20,2024-11-20 19:07:24,19
31841,רשת 13,2024-11-20,2024-11-20 19:07:30,19
31842,רשת 13,2024-11-20,2024-11-20 19:07:36,19
31843,רשת 13,2024-11-20,2024-11-20 19:07:42,19
31844,רשת 13,2024-11-20,2024-11-20 19:45:34,19
31845,רשת 13,2024-11-20,2024-11-20 19:51:56,19
31846,רשת 13,2024-11-20,2024-11-20 19:52:56,19
31847,רשת 13,2024-11-20,2024-11-20 19:53:49,19
31848,רשת 13,2024-11-20,2024-11-20 20:30:01,20
31849,רשת 13,2024-11-20,2024-11-20 20:41:08,20
31850,רשת 13,2024-11-20,2024-11-20 20:41:31,20
31851,רשת 13,2024-11-20,2024-11-20 20:41:37,20
31852,רשת 13,2024-11-20,2024-11-20 20:41:43,20
31853,רשת 13,2024-11-20,2024-11-20 20:41:49,20
31854,רשת 13,2024-11-20,2024-11-20 20:42:11,20
31855,רשת 13,2024-11-20,2024-11-20 20:42:55,20
31856,רשת 13,2024-11-20,2024-11-20 20:43:07,20
31857,רשת 13,2024-11-20,2024-11-20 20:43:21,20
31858,רשת 13,2024-11-20,2024-11-20 20:43:56,20
31859,רשת 13,2024-11-20,2024-11-20 20:44:24,20
31860,רשת 13,2024-11-20,2024-11-20 20:44:51,20
31861,רשת 13,2024-11-20,2024-11-20 20:45:08,20
31862,רשת 13,2024-11-20,2024-11-20 20:45:26,20
31863,רשת 13,2024-11-20,2024-11-20 20:45:41,20
31864,רשת 13,2024-11-20,2024-11-20 20:45:47,20
31865,רשת 13,2024-11-20,2024-11-20 20:46:02,20
31866,רשת 13,2024-11-20,2024-11-20 20:46:50,20
31867,רשת 13,2024-11-20,2024-11-20 21:04:04,21
31868,רשת 13,2024-11-20,2024-11-20 21:04:27,21
31869,רשת 13,2024-11-20,2024-11-20 21:04:33,21
31870,רשת 13,2024-11-20,2024-11-20 21:04:39,21
31871,רשת 13,2024-11-20,2024-11-20 21:04:45,21
31872,רשת 13,2024-11-20,2024-11-20 21:05:07,21
31873,רשת 13,2024-11-20,2024-11-20 21:05:55,21
31874,רשת 13,2024-11-20,2024-11-20 21:06:12,21
31875,רשת 13,2024-11-20,2024-11-20 21:06:27,21
31876,רשת 13,2024-11-20,2024-11-20 21:06:58,21
31877,רשת 13,2024-11-20,2024-11-20 21:07:10,21
31878,רשת 13,2024-11-20,2024-11-20 21:07:28,21
31879,רשת 13,2024-11-20,2024-11-20 21:07:43,21
31880,רשת 13,2024-11-20,2024-11-20 21:07:53,21
31881,רשת 13,2024-11-20,2024-11-20 21:08:21,21
31882,רשת 13,2024-11-20,2024-11-20 21:08:41,21
31883,רשת 13,2024-11-20,2024-11-20 21:09:07,21
31884,רשת 13,2024-11-20,2024-11-20 21:09:27,21
31885,רשת 13,2024-11-20,2024-11-20 21:10:14,21
31886,רשת 13,2024-11-20,2024-11-20 21:29:34,21
31887,רשת 13,2024-11-20,2024-11-20 21:29:49,21
31888,רשת 13,2024-11-20,2024-11-20 21:30:04,21
31889,רשת 13,2024-11-20,2024-11-20 21:30:44,21
31890,רשת 13,2024-11-20,2024-11-20 21:32:02,21
31891,רשת 13,2024-11-20,2024-11-20 21:32:43,21
31892,רשת 13,2024-11-20,2024-11-20 22:10:47,22
31893,רשת 13,2024-11-20,2024-11-20 22:11:26,22
31894,רשת 13,2024-11-20,2024-11-20 22:11:32,22
31895,רשת 13,2024-11-20,2024-11-20 22:11:38,22
31896,רשת 13,2024-11-20,2024-11-20 22:11:44,22
31897,רשת 13,2024-11-20,2024-11-20 22:11:50,22
31898,רשת 13,2024-11-20,2024-11-20 22:11:56,22
31899,רשת 13,2024-11-20,2024-11-20 22:12:02,22
31900,רשת 13,2024-11-20,2024-11-20 22:12:08,22
31901,רשת 13,2024-11-20,2024-11-20 22:12:18,22
31902,רשת 13,2024-11-20,2024-11-20 22:12:33,22
31903,רשת 13,2024-11-20,2024-11-20 22:12:45,22
31904,רשת 13,2024-11-20,2024-11-20 22:13:29,22
31905,רשת 13,2024-11-20,2024-11-20 22:14:17,22
31906,רשת 13,2024-11-20,2024-11-20 22:14:35,22
31907,רשת 13,2024-11-20,2024-11-20 22:15:05,22
31908,רשת 13,2024-11-20,2024-11-20 22:15:20,22
31909,רשת 13,2024-11-20,2024-11-20 22:15:35,22
31910,רשת 13,2024-11-20,2024-11-20 22:15:50,22
31911,רשת 13,2024-11-20,2024-11-20 22:16:05,22
31912,רשת 13,2024-11-20,2024-11-20 22:16:32,22
31913,רשת 13,2024-11-20,2024-11-20 22:16:50,22
31914,רשת 13,2024-11-20,2024-11-20 22:17:05,22
31915,רשת 13,2024-11-20,2024-11-20 22:17:20,22
31916,רשת 13,2024-11-20,2024-11-20 22:17:45,22
31917,רשת 13,2024-11-20,2024-11-20 22:18:16,22
31918,רשת 13,2024-11-20,2024-11-20 22:18:31,22
31919,רשת 13,2024-11-20,2024-11-20 22:18:57,22
31920,רשת 13,2024-11-20,2024-11-20 22:19:21,22
31921,רשת 13,2024-11-20,2024-11-20 22:20:14,22
31922,רשת 13,2024-11-20,2024-11-20 22:20:20,22
31923,רשת 13,2024-11-20,2024-11-20 22:20:26,22
31924,רשת 13,2024-11-20,2024-11-20 22:20:32,22
31925,רשת 13,2024-11-20,2024-11-20 22:20:38,22
31926,רשת 13,2024-11-20,2024-11-20 22:20:46,22
31927,רשת 13,2024-11-20,2024-11-20 22:20:52,22
31928,רשת 13,2024-11-20,2024-11-20 22:20:58,22
31929,רשת 13,2024-11-20,2024-11-20 22:39:40,22
31930,רשת 13,2024-11-20,2024-11-20 22:40:41,22
31931,רשת 13,2024-11-20,2024-11-20 22:41:14,22
31932,רשת 13,2024-11-20,2024-11-20 22:41:20,22
31933,רשת 13,2024-11-20,2024-11-20 22:41:26,22
31934,רשת 13,2024-11-20,2024-11-20 22:41:32,22
31935,רשת 13,2024-11-20,2024-11-20 22:41:38,22
31936,רשת 13,2024-11-20,2024-11-20 22:41:44,22
31937,רשת 13,2024-11-20,2024-11-20 22:41:50,22
31938,רשת 13,2024-11-20,2024-11-20 22:41:56,22
31939,רשת 13,2024-11-20,2024-11-20 22:42:20,22
31940,רשת 13,2024-11-20,2024-11-20 22:42:40,22
31941,רשת 13,2024-11-20,2024-11-20 22:43:28,22
31942,רשת 13,2024-11-20,2024-11-20 22:43:58,22
31943,רשת 13,2024-11-20,2024-11-20 22:44:33,22
31944,רשת 13,2024-11-20,2024-11-20 22:44:51,22
31945,רשת 13,2024-11-20,2024-11-20 22:45:06,22
31946,רשת 13,2024-11-20,2024-11-20 22:45:21,22
31947,רשת 13,2024-11-20,2024-11-20 22:45:46,22
31948,רשת 13,2024-11-20,2024-11-20 22:46:00,22
31949,רשת 13,2024-11-20,2024-11-20 22:46:15,22
31950,רשת 13,2024-11-20,2024-11-20 22:46:44,22
31951,רשת 13,2024-11-20,2024-11-20 22:46:59,22
31952,רשת 13,2024-11-20,2024-11-20 22:47:14,22
31953,רשת 13,2024-11-20,2024-11-20 22:47:31,22
31954,רשת 13,2024-11-20,2024-11-20 22:47:49,22
31955,רשת 13,2024-11-20,2024-11-20 22:48:06,22
31956,רשת 13,2024-11-20,2024-11-20 22:48:35,22
31957,רשת 13,2024-11-20,2024-11-20 22:48:57,22
31958,רשת 13,2024-11-20,2024-11-20 22:53:20,22
31959,רשת 13,2024-11-20,2024-11-20 23:04:17,23
31960,רשת 13,2024-11-20,2024-11-20 23:04:44,23
31961,רשת 13,2024-11-20,2024-11-20 23:04:54,23
31962,רשת 13,2024-11-20,2024-11-20 23:05:05,23
31963,רשת 13,2024-11-20,2024-11-20 23:05:45,23
31964,רשת 13,2024-11-20,2024-11-20 23:05:59,23
31965,רשת 13,2024-11-20,2024-11-20 23:06:37,23
31966,רשת 13,2024-11-20,2024-11-20 23:07:12,23
31967,רשת 13,2024-11-20,2024-11-20 23:08:05,23
31968,רשת 13,2024-11-20,2024-11-20 23:08:49,23
31969,רשת 13,2024-11-20,2024-11-20 23:09:01,23
31970,רשת 13,2024-11-20,2024-11-20 23:09:11,23
31971,רשת 13,2024-11-20,2024-11-20 23:09:49,23
31972,רשת 13,2024-11-20,2024-11-20 23:10:24,23
31973,רשת 13,2024-11-20,2024-11-20 23:10:39,23
31974,רשת 13,2024-11-20,2024-11-20 23:10:54,23
31975,רשת 13,2024-11-20,2024-11-20 23:11:12,23
31976,רשת 13,2024-11-20,2024-11-20 23:11:34,23
31977,רשת 13,2024-11-20,2024-11-20 23:11:55,23
31978,רשת 13,2024-11-20,2024-11-20 23:12:34,23
31979,רשת 13,2024-11-20,2024-11-20 23:12:48,23
31980,רשת 13,2024-11-20,2024-11-20 23:12:54,23
31981,רשת 13,2024-11-20,2024-11-20 23:13:00,23
31982,רשת 13,2024-11-20,2024-11-20 23:14:00,23
31983,רשת 13,2024-11-20,2024-11-20 23:14:06,23
31984,רשת 13,2024-11-20,2024-11-20 23:14:12,23
31985,רשת 13,2024-11-20,2024-11-20 23:52:18,23
31986,רשת 13,2024-11-20,2024-11-20 23:53:05,23
31987,רשת 13,2024-11-20,2024-11-20 23:53:16,23
31988,רשת 13,2024-11-20,2024-11-20 23:53:22,23
31989,רשת 13,2024-11-20,2024-11-20 23:53:28,23
31990,רשת 13,2024-11-20,2024-11-20 23:53:36,23
31991,רשת 13,2024-11-20,2024-11-20 23:53:42,23
31992,רשת 13,2024-11-20,2024-11-20 23:54:02,23
31993,רשת 13,2024-11-20,2024-11-20 23:54:17,23
31994,רשת 13,2024-11-20,2024-11-20 23:54:32,23
31995,רשת 13,2024-11-20,2024-11-20 23:55:01,23
31996,רשת 13,2024-11-20,2024-11-20 23:55:16,23
31997,רשת 13,2024-11-20,2024-11-20 23:55:28,23
31998,רשת 13,2024-11-20,2024-11-20 23:55:45,23
31999,רשת 13,2024-11-20,2024-11-20 23:56:04,23
32000,רשת 13,2024-11-20,2024-11-20 23:56:26,23
32001,רשת 13,2024-11-20,2024-11-20 23:56:50,23
32002,רשת 13,2024-11-20,2024-11-20 23:56:56,23
32003,רשת 13,2024-11-20,2024-11-20 23:57:06,23
32004,רשת 13,2024-11-20,2024-11-20 00:20:17,0
32005,רשת 13,2024-11-20,2024-11-20 00:20:50,0
32006,רשת 13,2024-11-20,2024-11-20 00:21:35,0
32007,רשת 13,2024-11-20,2024-11-20 00:21:41,0
32008,רשת 13,2024-11-20,2024-11-20 00:21:47,0
32009,רשת 13,2024-11-20,2024-11-20 00:21:57,0
32010,רשת 13,2024-11-20,2024-11-20 00:22:16,0
32011,רשת 13,2024-11-20,2024-11-20 00:22:31,0
32012,רשת 13,2024-11-20,2024-11-20 00:22:46,0
32013,רשת 13,2024-11-20,2024-11-20 00:23:21,0
32014,רשת 13,2024-11-20,2024-11-20 00:23:31,0
32015,רשת 13,2024-11-20,2024-11-20 00:23:46,0
32016,רשת 13,2024-11-20,2024-11-20 00:24:14,0
32017,רשת 13,2024-11-20,2024-11-20 00:24:29,0
32018,רשת 13,2024-11-20,2024-11-20 00:24:59,0
32019,רשת 13,2024-11-20,2024-11-20 00:25:14,0
32020,רשת 13,2024-11-20,2024-11-20 00:25:43,0
32021,רשת 13,2024-11-20,2024-11-20 00:25:49,0
32022,רשת 13,2024-11-20,2024-11-20 00:26:37,0
32023,רשת 13,2024-11-20,2024-11-20 00:27:52,0
32024,רשת 13,2024-11-20,2024-11-20 00:27:58,0
32025,רשת 13,2024-11-20,2024-11-20 00:28:04,0
32026,רשת 13,2024-11-20,2024-11-20 00:28:40,0
32027,רשת 13,2024-11-20,2024-11-20 00:28:46,0
32028,רשת 13,2024-11-20,2024-11-20 00:28:52,0
32029,רשת 13,2024-11-20,2024-11-20 00:29:02,0
32030,רשת 13,2024-11-20,2024-11-20 00:29:08,0
32031,רשת 13,2024-11-20,2024-11-20 00:29:14,0
32032,רשת 13,2024-11-20,2024-11-20 00:29:20,0
32033,רשת 13,2024-11-20,2024-11-20 00:45:34,0
32034,רשת 13,2024-11-20,2024-11-20 00:46:17,0
32035,רשת 13,2024-11-20,2024-11-20 00:46:45,0
32036,רשת 13,2024-11-20,2024-11-20 00:47:09,0
32037,רשת 13,2024-11-20,2024-11-20 00:47:57,0
32038,רשת 13,2024-11-20,2024-11-20 00:48:12,0
32039,רשת 13,2024-11-20,2024-11-20 00:48:43,0
32040,רשת 13,2024-11-20,2024-11-20 00:49:48,0
32041,רשת 13,2024-11-20,2024-11-20 00:50:05,0
32042,רשת 13,2024-11-20,2024-11-20 00:51:19,0
32043,רשת 13,2024-11-20,2024-11-20 00:52:09,0
32044,רשת 13,2024-11-20,2024-11-20 01:23:31,1
32045,רשת 13,2024-11-20,2024-11-20 01:23:53,1
32046,רשת 13,2024-11-20,2024-11-20 01:24:44,1
32047,רשת 13,2024-11-20,2024-11-20 01:25:08,1
32048,רשת 13,2024-11-20,2024-11-20 01:26:13,1
32049,רשת 13,2024-11-20,2024-11-20 01:26:19,1
32050,רשת 13,2024-11-20,2024-11-20 01:27:06,1
32051,רשת 13,2024-11-20,2024-11-20 01:28:24,1
33344,רשת 13,2024-11-21,2024-11-21 02:17:55,2
33345,רשת 13,2024-11-21,2024-11-21 02:18:14,2
33346,רשת 13,2024-11-21,2024-11-21 02:18:48,2
33347,רשת 13,2024-11-21,2024-11-21 02:18:54,2
33348,רשת 13,2024-11-21,2024-11-21 02:19:59,2
33349,רשת 13,2024-11-21,2024-11-21 02:20:45,2
33350,רשת 13,2024-11-21,2024-11-21 02:21:33,2
33351,רשת 13,2024-11-21,2024-11-21 02:52:36,2
33352,רשת 13,2024-11-21,2024-11-21 02:53:23,2
33353,רשת 13,2024-11-21,2024-11-21 02:53:46,2
33354,רשת 13,2024-11-21,2024-11-21 02:54:21,2
33355,רשת 13,2024-11-21,2024-11-21 02:55:09,2
33356,רשת 13,2024-11-21,2024-11-21 02:56:09,2
33357,רשת 13,2024-11-21,2024-11-21 02:56:52,2
33358,רשת 13,2024-11-21,2024-11-21 02:57:40,2
33359,רשת 13,2024-11-21,2024-11-21 03:38:27,3
33360,רשת 13,2024-11-21,2024-11-21 03:38:46,3
33361,רשת 13,2024-11-21,2024-11-21 03:39:20,3
33362,רשת 13,2024-11-21,2024-11-21 03:39:26,3
33363,רשת 13,2024-11-21,2024-11-21 03:40:00,3
33364,רשת 13,2024-11-21,2024-11-21 03:40:46,3
33365,רשת 13,2024-11-21,2024-11-21 03:41:34,3
33366,רשת 13,2024-11-21,2024-11-21 05:18:57,5
33367,רשת 13,2024-11-21,2024-11-21 05:19:43,5
33368,רשת 13,2024-11-21,2024-11-21 05:20:06,5
33369,רשת 13,2024-11-21,2024-11-21 05:20:41,5
33370,רשת 13,2024-11-21,2024-11-21 05:21:41,5
33371,רשת 13,2024-11-21,2024-11-21 05:22:23,5
33372,רשת 13,2024-11-21,2024-11-21 05:23:11,5
33373,רשת 13,2024-11-21,2024-11-21 05:34:59,5
33374,רשת 13,2024-11-21,2024-11-21 05:35:46,5
33375,רשת 13,2024-11-21,2024-11-21 05:36:21,5
33376,רשת 13,2024-11-21,2024-11-21 05:37:03,5
33377,רשת 13,2024-11-21,2024-11-21 05:37:51,5
33378,רשת 13,2024-11-21,2024-11-21 05:43:16,5
33379,רשת 13,2024-11-21,2024-11-21 05:44:02,5
33380,רשת 13,2024-11-21,2024-11-21 05:45:13,5
33381,רשת 13,2024-11-21,2024-11-21 06:15:38,6
33382,רשת 13,2024-11-21,2024-11-21 06:15:48,6
33383,רשת 13,2024-11-21,2024-11-21 06:15:58,6
33384,רשת 13,2024-11-21,2024-11-21 06:16:08,6
33385,רשת 13,2024-11-21,2024-11-21 06:16:55,6
33386,רשת 13,2024-11-21,2024-11-21 06:17:36,6
33387,רשת 13,2024-11-21,2024-11-21 06:18:23,6
33388,רשת 13,2024-11-21,2024-11-21 06:18:59,6
33389,רשת 13,2024-11-21,2024-11-21 06:19:10,6
33390,רשת 13,2024-11-21,2024-11-21 06:19:20,6
33391,רשת 13,2024-11-21,2024-11-21 06:19:30,6
33392,רשת 13,2024-11-21,2024-11-21 07:09:56,7
33393,רשת 13,2024-11-21,2024-11-21 07:10:43,7
33394,רשת 13,2024-11-21,2024-11-21 07:11:28,7
33395,רשת 13,2024-11-21,2024-11-21 07:11:34,7
33396,רשת 13,2024-11-21,2024-11-21 07:11:40,7
33397,רשת 13,2024-11-21,2024-11-21 07:12:48,7
33398,רשת 13,2024-11-21,2024-11-21 07:12:54,7
33399,רשת 13,2024-11-21,2024-11-21 07:13:00,7
33400,רשת 13,2024-11-21,2024-11-21 07:13:11,7
33401,רשת 13,2024-11-21,2024-11-21 07:13:17,7
33402,רשת 13,2024-11-21,2024-11-21 07:13:27,7
33403,רשת 13,2024-11-21,2024-11-21 07:13:33,7
33404,רשת 13,2024-11-21,2024-11-21 07:13:39,7
33405,רשת 13,2024-11-21,2024-11-21 07:13:49,7
33406,רשת 13,2024-11-21,2024-11-21 07:14:12,7
33407,רשת 13,2024-11-21,2024-11-21 07:14:27,7
33408,רשת 13,2024-11-21,2024-11-21 07:14:33,7
33409,רשת 13,2024-11-21,2024-11-21 07:15:11,7
33410,רשת 13,2024-11-21,2024-11-21 07:15:59,7
33411,רשת 13,2024-11-21,2024-11-21 07:16:16,7
33412,רשת 13,2024-11-21,2024-11-21 07:16:42,7
33413,רשת 13,2024-11-21,2024-11-21 07:16:48,7
33414,רשת 13,2024-11-21,2024-11-21 07:17:36,7
33415,רשת 13,2024-11-21,2024-11-21 07:35:06,7
33416,רשת 13,2024-11-21,2024-11-21 07:35:49,7
33417,רשת 13,2024-11-21,2024-11-21 07:36:16,7
33418,רשת 13,2024-11-21,2024-11-21 07:36:22,7
33419,רשת 13,2024-11-21,2024-11-21 07:36:28,7
33420,רשת 13,2024-11-21,2024-11-21 07:36:34,7
33421,רשת 13,2024-11-21,2024-11-21 07:36:40,7
33422,רשת 13,2024-11-21,2024-11-21 07:36:46,7
33423,רשת 13,2024-11-21,2024-11-21 07:37:06,7
33424,רשת 13,2024-11-21,2024-11-21 07:37:21,7
33425,רשת 13,2024-11-21,2024-11-21 07:37:49,7
33426,רשת 13,2024-11-21,2024-11-21 07:38:13,7
33427,רשת 13,2024-11-21,2024-11-21 07:38:25,7
33428,רשת 13,2024-11-21,2024-11-21 07:38:40,7
33429,רשת 13,2024-11-21,2024-11-21 07:38:57,7
33430,רשת 13,2024-11-21,2024-11-21 07:39:15,7
33431,רשת 13,2024-11-21,2024-11-21 07:39:46,7
33432,רשת 13,2024-11-21,2024-11-21 07:40:01,7
33433,רשת 13,2024-11-21,2024-11-21 07:40:35,7
33434,רשת 13,2024-11-21,2024-11-21 07:40:52,7
33435,רשת 13,2024-11-21,2024-11-21 07:41:14,7
33436,רשת 13,2024-11-21,2024-11-21 07:42:04,7
33437,רשת 13,2024-11-21,2024-11-21 07:42:41,7
33438,רשת 13,2024-11-21,2024-11-21 07:42:52,7
33439,רשת 13,2024-11-21,2024-11-21 07:43:02,7
33440,רשת 13,2024-11-21,2024-11-21 07:43:12,7
33441,רשת 13,2024-11-21,2024-11-21 07:43:18,7
33442,רשת 13,2024-11-21,2024-11-21 07:43:24,7
33443,רשת 13,2024-11-21,2024-11-21 07:43:34,7
33444,רשת 13,2024-11-21,2024-11-21 08:07:05,8
33445,רשת 13,2024-11-21,2024-11-21 08:07:42,8
33446,רשת 13,2024-11-21,2024-11-21 08:21:07,8
33447,רשת 13,2024-11-21,2024-11-21 08:21:40,8
33448,רשת 13,2024-11-21,2024-11-21 08:22:22,8
33449,רשת 13,2024-11-21,2024-11-21 08:22:28,8
33450,רשת 13,2024-11-21,2024-11-21 08:22:34,8
33451,רשת 13,2024-11-21,2024-11-21 08:23:42,8
33452,רשת 13,2024-11-21,2024-11-21 08:23:48,8
33453,רשת 13,2024-11-21,2024-11-21 08:23:54,8
33454,רשת 13,2024-11-21,2024-11-21 08:24:05,8
33455,רשת 13,2024-11-21,2024-11-21 08:24:15,8
33456,רשת 13,2024-11-21,2024-11-21 08:24:21,8
33457,רשת 13,2024-11-21,2024-11-21 08:24:27,8
33458,רשת 13,2024-11-21,2024-11-21 08:24:33,8
33459,רשת 13,2024-11-21,2024-11-21 08:24:43,8
33460,רשת 13,2024-11-21,2024-11-21 08:24:58,8
33461,רשת 13,2024-11-21,2024-11-21 08:25:13,8
33462,רשת 13,2024-11-21,2024-11-21 08:25:28,8
33463,רשת 13,2024-11-21,2024-11-21 08:25:40,8
33464,רשת 13,2024-11-21,2024-11-21 08:25:55,8
33465,רשת 13,2024-11-21,2024-11-21 08:26:09,8
33466,רשת 13,2024-11-21,2024-11-21 08:26:21,8
33467,רשת 13,2024-11-21,2024-11-21 08:26:59,8
33468,רשת 13,2024-11-21,2024-11-21 08:27:14,8
33469,רשת 13,2024-11-21,2024-11-21 08:27:32,8
33470,רשת 13,2024-11-21,2024-11-21 08:28:04,8
33471,רשת 13,2024-11-21,2024-11-21 08:28:10,8
33472,רשת 13,2024-11-21,2024-11-21 08:28:57,8
33473,רשת 13,2024-11-21,2024-11-21 08:43:52,8
33474,רשת 13,2024-11-21,2024-11-21 08:44:11,8
33475,רשת 13,2024-11-21,2024-11-21 08:44:38,8
33476,רשת 13,2024-11-21,2024-11-21 08:44:44,8
33477,רשת 13,2024-11-21,2024-11-21 08:44:58,8
33478,רשת 13,2024-11-21,2024-11-21 08:45:33,8
33479,רשת 13,2024-11-21,2024-11-21 08:45:53,8
33480,רשת 13,2024-11-21,2024-11-21 08:46:28,8
33481,רשת 13,2024-11-21,2024-11-21 08:47:00,8
33482,רשת 13,2024-11-21,2024-11-21 08:47:15,8
33483,רשת 13,2024-11-21,2024-11-21 08:47:30,8
33484,רשת 13,2024-11-21,2024-11-21 08:47:54,8
33485,רשת 13,2024-11-21,2024-11-21 08:48:24,8
33486,רשת 13,2024-11-21,2024-11-21 08:48:49,8
33487,רשת 13,2024-11-21,2024-11-21 08:49:31,8
33488,רשת 13,2024-11-21,2024-11-21 08:49:37,8
33489,רשת 13,2024-11-21,2024-11-21 08:50:25,8
33490,רשת 13,2024-11-21,2024-11-21 08:51:30,8
33491,רשת 13,2024-11-21,2024-11-21 08:51:40,8
33492,רשת 13,2024-11-21,2024-11-21 08:51:50,8
33493,רשת 13,2024-11-21,2024-11-21 08:51:56,8
33494,רשת 13,2024-11-21,2024-11-21 08:52:06,8
33495,רשת 13,2024-11-21,2024-11-21 09:06:21,9
33496,רשת 13,2024-11-21,2024-11-21 09:06:27,9
33497,רשת 13,2024-11-21,2024-11-21 09:06:33,9
33498,רשת 13,2024-11-21,2024-11-21 09:06:39,9
33499,רשת 13,2024-11-21,2024-11-21 09:07:16,9
33500,רשת 13,2024-11-21,2024-11-21 09:07:22,9
33501,רשת 13,2024-11-21,2024-11-21 09:07:28,9
33502,רשת 13,2024-11-21,2024-11-21 09:07:34,9
33503,רשת 13,2024-11-21,2024-11-21 09:14:23,9
33504,רשת 13,2024-11-21,2024-11-21 09:15:10,9
33505,רשת 13,2024-11-21,2024-11-21 09:15:37,9
33506,רשת 13,2024-11-21,2024-11-21 09:15:47,9
33507,רשת 13,2024-11-21,2024-11-21 09:15:53,9
33508,רשת 13,2024-11-21,2024-11-21 09:16:03,9
33509,רשת 13,2024-11-21,2024-11-21 09:16:18,9
33510,רשת 13,2024-11-21,2024-11-21 09:16:38,9
33511,רשת 13,2024-11-21,2024-11-21 09:16:56,9
33512,רשת 13,2024-11-21,2024-11-21 09:17:26,9
33513,רשת 13,2024-11-21,2024-11-21 09:17:56,9
33514,רשת 13,2024-11-21,2024-11-21 09:18:13,9
33515,רשת 13,2024-11-21,2024-11-21 09:18:31,9
33516,רשת 13,2024-11-21,2024-11-21 09:18:46,9
33517,רשת 13,2024-11-21,2024-11-21 09:19:01,9
33518,רשת 13,2024-11-21,2024-11-21 09:19:16,9
33519,רשת 13,2024-11-21,2024-11-21 09:19:31,9
33520,רשת 13,2024-11-21,2024-11-21 09:19:45,9
33521,רשת 13,2024-11-21,2024-11-21 09:20:05,9
33522,רשת 13,2024-11-21,2024-11-21 09:20:15,9
33523,רשת 13,2024-11-21,2024-11-21 09:21:01,9
33524,רשת 13,2024-11-21,2024-11-21 09:21:49,9
33525,רשת 13,2024-11-21,2024-11-21 09:22:41,9
33526,רשת 13,2024-11-21,2024-11-21 09:22:51,9
33527,רשת 13,2024-11-21,2024-11-21 09:23:01,9
33528,רשת 13,2024-11-21,2024-11-21 09:23:07,9
33529,רשת 13,2024-11-21,2024-11-21 09:23:13,9
33530,רשת 13,2024-11-21,2024-11-21 09:52:03,9
33531,רשת 13,2024-11-21,2024-11-21 09:52:46,9
33532,רשת 13,2024-11-21,2024-11-21 09:53:29,9
33533,רשת 13,2024-11-21,2024-11-21 09:53:35,9
33534,רשת 13,2024-11-21,2024-11-21 09:53:41,9
33535,רשת 13,2024-11-21,2024-11-21 09:53:47,9
33536,רשת 13,2024-11-21,2024-11-21 09:53:58,9
33537,רשת 13,2024-11-21,2024-11-21 09:54:38,9
33538,רשת 13,2024-11-21,2024-11-21 09:54:52,9
33539,רשת 13,2024-11-21,2024-11-21 09:55:20,9
33540,רשת 13,2024-11-21,2024-11-21 09:55:35,9
33541,רשת 13,2024-11-21,2024-11-21 09:56:10,9
33542,רשת 13,2024-11-21,2024-11-21 09:56:40,9
33543,רשת 13,2024-11-21,2024-11-21 09:57:00,9
33544,רשת 13,2024-11-21,2024-11-21 09:57:26,9
33545,רשת 13,2024-11-21,2024-11-21 09:57:50,9
33546,רשת 13,2024-11-21,2024-11-21 09:58:54,9
33547,רשת 13,2024-11-21,2024-11-21 09:59:00,9
33548,רשת 13,2024-11-21,2024-11-21 09:59:22,9
33549,רשת 13,2024-11-21,2024-11-21 10:05:47,10
33550,רשת 13,2024-11-21,2024-11-21 10:05:53,10
33551,רשת 13,2024-11-21,2024-11-21 10:05:59,10
33552,רשת 13,2024-11-21,2024-11-21 10:06:05,10
33553,רשת 13,2024-11-21,2024-11-21 10:06:41,10
33554,רשת 13,2024-11-21,2024-11-21 10:06:47,10
33555,רשת 13,2024-11-21,2024-11-21 10:06:53,10
33556,רשת 13,2024-11-21,2024-11-21 10:06:59,10
33557,רשת 13,2024-11-21,2024-11-21 10:29:40,10
33558,רשת 13,2024-11-21,2024-11-21 10:30:26,10
33559,רשת 13,2024-11-21,2024-11-21 10:30:56,10
33560,רשת 13,2024-11-21,2024-11-21 10:31:06,10
33561,רשת 13,2024-11-21,2024-11-21 10:31:16,10
33562,רשת 13,2024-11-21,2024-11-21 10:31:22,10
33563,רשת 13,2024-11-21,2024-11-21 10:31:37,10
33564,רשת 13,2024-11-21,2024-11-21 10:32:21,10
33565,רשת 13,2024-11-21,2024-11-21 10:32:36,10
33566,רשת 13,2024-11-21,2024-11-21 10:32:46,10
33567,רשת 13,2024-11-21,2024-11-21 10:33:01,10
33568,רשת 13,2024-11-21,2024-11-21 10:33:16,10
33569,רשת 13,2024-11-21,2024-11-21 10:33:37,10
33570,רשת 13,2024-11-21,2024-11-21 10:33:43,10
33571,רשת 13,2024-11-21,2024-11-21 10:34:31,10
33572,רשת 13,2024-11-21,2024-11-21 10:35:47,10
33573,רשת 13,2024-11-21,2024-11-21 10:35:57,10
33574,רשת 13,2024-11-21,2024-11-21 10:54:37,10
33575,רשת 13,2024-11-21,2024-11-21 10:55:20,10
33576,רשת 13,2024-11-21,2024-11-21 10:55:48,10
33577,רשת 13,2024-11-21,2024-11-21 10:56:08,10
33578,רשת 13,2024-11-21,2024-11-21 10:56:25,10
33579,רשת 13,2024-11-21,2024-11-21 10:57:13,10
33580,רשת 13,2024-11-21,2024-11-21 10:57:43,10
33581,רשת 13,2024-11-21,2024-11-21 10:57:58,10
33582,רשת 13,2024-11-21,2024-11-21 10:58:18,10
33583,רשת 13,2024-11-21,2024-11-21 10:58:33,10
33584,רשת 13,2024-11-21,2024-11-21 10:59:02,10
33585,רשת 13,2024-11-21,2024-11-21 10:59:19,10
33586,רשת 13,2024-11-21,2024-11-21 11:00:07,11
33587,רשת 13,2024-11-21,2024-11-21 11:05:11,11
33588,רשת 13,2024-11-21,2024-11-21 11:05:17,11
33589,רשת 13,2024-11-21,2024-11-21 11:05:23,11
33590,רשת 13,2024-11-21,2024-11-21 11:05:29,11
33591,רשת 13,2024-11-21,2024-11-21 11:06:05,11
33592,רשת 13,2024-11-21,2024-11-21 11:06:11,11
33593,רשת 13,2024-11-21,2024-11-21 11:06:17,11
33594,רשת 13,2024-11-21,2024-11-21 11:06:23,11
33595,רשת 13,2024-11-21,2024-11-21 11:37:19,11
33596,רשת 13,2024-11-21,2024-11-21 11:37:53,11
33597,רשת 13,2024-11-21,2024-11-21 11:38:20,11
33598,רשת 13,2024-11-21,2024-11-21 11:38:26,11
33599,רשת 13,2024-11-21,2024-11-21 11:38:32,11
33600,רשת 13,2024-11-21,2024-11-21 11:38:38,11
33601,רשת 13,2024-11-21,2024-11-21 11:38:44,11
33602,רשת 13,2024-11-21,2024-11-21 11:38:50,11
33603,רשת 13,2024-11-21,2024-11-21 11:39:13,11
33604,רשת 13,2024-11-21,2024-11-21 11:39:23,11
33605,רשת 13,2024-11-21,2024-11-21 11:39:43,11
33606,רשת 13,2024-11-21,2024-11-21 11:40:21,11
33607,רשת 13,2024-11-21,2024-11-21 11:40:47,11
33608,רשת 13,2024-11-21,2024-11-21 11:41:04,11
33609,רשת 13,2024-11-21,2024-11-21 11:41:24,11
33610,רשת 13,2024-11-21,2024-11-21 11:41:44,11
33611,רשת 13,2024-11-21,2024-11-21 11:42:02,11
33612,רשת 13,2024-11-21,2024-11-21 11:42:14,11
33613,רשת 13,2024-11-21,2024-11-21 11:42:39,11
33614,רשת 13,2024-11-21,2024-11-21 11:42:54,11
33615,רשת 13,2024-11-21,2024-11-21 11:43:34,11
33616,רשת 13,2024-11-21,2024-11-21 11:44:18,11
33617,רשת 13,2024-11-21,2024-11-21 11:44:24,11
33618,רשת 13,2024-11-21,2024-11-21 11:44:51,11
33619,רשת 13,2024-11-21,2024-11-21 11:45:01,11
33620,רשת 13,2024-11-21,2024-11-21 11:45:07,11
33621,רשת 13,2024-11-21,2024-11-21 11:45:13,11
33622,רשת 13,2024-11-21,2024-11-21 11:45:19,11
33623,רשת 13,2024-11-21,2024-11-21 11:45:25,11
33624,רשת 13,2024-11-21,2024-11-21 12:04:42,12
33625,רשת 13,2024-11-21,2024-11-21 12:04:48,12
33626,רשת 13,2024-11-21,2024-11-21 12:04:54,12
33627,רשת 13,2024-11-21,2024-11-21 12:05:00,12
33628,רשת 13,2024-11-21,2024-11-21 12:05:36,12
33629,רשת 13,2024-11-21,2024-11-21 12:05:42,12
33630,רשת 13,2024-11-21,2024-11-21 12:05:48,12
33631,רשת 13,2024-11-21,2024-11-21 12:05:54,12
33632,רשת 13,2024-11-21,2024-11-21 12:24:00,12
33633,רשת 13,2024-11-21,2024-11-21 12:24:46,12
33634,רשת 13,2024-11-21,2024-11-21 12:25:31,12
33635,רשת 13,2024-11-21,2024-11-21 12:25:37,12
33636,רשת 13,2024-11-21,2024-11-21 12:25:43,12
33637,רשת 13,2024-11-21,2024-11-21 12:25:49,12
33638,רשת 13,2024-11-21,2024-11-21 12:25:55,12
33639,רשת 13,2024-11-21,2024-11-21 12:26:05,12
33640,רשת 13,2024-11-21,2024-11-21 12:26:27,12
33641,רשת 13,2024-11-21,2024-11-21 12:26:39,12
33642,רשת 13,2024-11-21,2024-11-21 12:26:54,12
33643,רשת 13,2024-11-21,2024-11-21 12:27:09,12
33644,רשת 13,2024-11-21,2024-11-21 12:27:29,12
33645,רשת 13,2024-11-21,2024-11-21 12:27:44,12
33646,רשת 13,2024-11-21,2024-11-21 12:28:14,12
33647,רשת 13,2024-11-21,2024-11-21 12:28:34,12
33648,רשת 13,2024-11-21,2024-11-21 12:28:49,12
33649,רשת 13,2024-11-21,2024-11-21 12:29:07,12
33650,רשת 13,2024-11-21,2024-11-21 12:29:42,12
33651,רשת 13,2024-11-21,2024-11-21 12:29:48,12
33652,רשת 13,2024-11-21,2024-11-21 12:29:58,12
33653,רשת 13,2024-11-21,2024-11-21 12:30:04,12
33654,רשת 13,2024-11-21,2024-11-21 12:30:10,12
33655,רשת 13,2024-11-21,2024-11-21 12:30:16,12
33656,רשת 13,2024-11-21,2024-11-21 13:05:47,13
33657,רשת 13,2024-11-21,2024-11-21 13:05:53,13
33658,רשת 13,2024-11-21,2024-11-21 13:05:59,13
33659,רשת 13,2024-11-21,2024-11-21 13:06:05,13
33660,רשת 13,2024-11-21,2024-11-21 13:06:41,13
33661,רשת 13,2024-11-21,2024-11-21 13:06:47,13
33662,רשת 13,2024-11-21,2024-11-21 13:06:53,13
33663,רשת 13,2024-11-21,2024-11-21 13:06:59,13
33664,רשת 13,2024-11-21,2024-11-21 13:29:24,13
33665,רשת 13,2024-11-21,2024-11-21 13:30:07,13
33666,רשת 13,2024-11-21,2024-11-21 13:30:44,13
33667,רשת 13,2024-11-21,2024-11-21 13:30:50,13
33668,רשת 13,2024-11-21,2024-11-21 13:31:00,13
33669,רשת 13,2024-11-21,2024-11-21 13:31:06,13
33670,רשת 13,2024-11-21,2024-11-21 13:31:12,13
33671,רשת 13,2024-11-21,2024-11-21 13:31:34,13
33672,רשת 13,2024-11-21,2024-11-21 13:31:46,13
33673,רשת 13,2024-11-21,2024-11-21 13:32:01,13
33674,רשת 13,2024-11-21,2024-11-21 13:33:00,13
33675,רשת 13,2024-11-21,2024-11-21 13:33:20,13
33676,רשת 13,2024-11-21,2024-11-21 13:33:38,13
33677,רשת 13,2024-11-21,2024-11-21 13:33:58,13
33678,רשת 13,2024-11-21,2024-11-21 13:34:29,13
33679,רשת 13,2024-11-21,2024-11-21 13:35:04,13
33680,רשת 13,2024-11-21,2024-11-21 13:35:52,13
33681,רשת 13,2024-11-21,2024-11-21 13:37:01,13
33682,רשת 13,2024-11-21,2024-11-21 13:37:07,13
33683,רשת 13,2024-11-21,2024-11-21 13:37:17,13
33684,רשת 13,2024-11-21,2024-11-21 13:37:23,13
33685,רשת 13,2024-11-21,2024-11-21 14:04:26,14
33686,רשת 13,2024-11-21,2024-11-21 14:04:32,14
33687,רשת 13,2024-11-21,2024-11-21 14:04:38,14
33688,רשת 13,2024-11-21,2024-11-21 14:04:44,14
33689,רשת 13,2024-11-21,2024-11-21 14:05:20,14
33690,רשת 13,2024-11-21,2024-11-21 14:05:26,14
33691,רשת 13,2024-11-21,2024-11-21 14:05:32,14
33692,רשת 13,2024-11-21,2024-11-21 14:05:38,14
33693,רשת 13,2024-11-21,2024-11-21 14:30:28,14
33694,רשת 13,2024-11-21,2024-11-21 14:31:14,14
33695,רשת 13,2024-11-21,2024-11-21 14:31:57,14
33696,רשת 13,2024-11-21,2024-11-21 14:32:03,14
33697,רשת 13,2024-11-21,2024-11-21 14:32:09,14
33698,רשת 13,2024-11-21,2024-11-21 14:32:15,14
33699,רשת 13,2024-11-21,2024-11-21 14:32:25,14
33700,רשת 13,2024-11-21,2024-11-21 14:32:47,14
33701,רשת 13,2024-11-21,2024-11-21 14:32:59,14
33702,רשת 13,2024-11-21,2024-11-21 14:33:39,14
33703,רשת 13,2024-11-21,2024-11-21 14:34:14,14
33704,רשת 13,2024-11-21,2024-11-21 14:34:29,14
33705,רשת 13,2024-11-21,2024-11-21 14:35:04,14
33706,רשת 13,2024-11-21,2024-11-21 14:35:14,14
33707,רשת 13,2024-11-21,2024-11-21 14:35:34,14
33708,רשת 13,2024-11-21,2024-11-21 14:35:49,14
33709,רשת 13,2024-11-21,2024-11-21 14:36:04,14
33710,רשת 13,2024-11-21,2024-11-21 14:36:22,14
33711,רשת 13,2024-11-21,2024-11-21 14:36:56,14
33712,רשת 13,2024-11-21,2024-11-21 14:37:15,14
33713,רשת 13,2024-11-21,2024-11-21 14:37:50,14
33714,רשת 13,2024-11-21,2024-11-21 14:49:11,14
33715,רשת 13,2024-11-21,2024-11-21 14:50:15,14
33716,רשת 13,2024-11-21,2024-11-21 14:50:58,14
33717,רשת 13,2024-11-21,2024-11-21 14:51:32,14
33718,רשת 13,2024-11-21,2024-11-21 14:52:26,14
33719,רשת 13,2024-11-21,2024-11-21 14:52:36,14
33720,רשת 13,2024-11-21,2024-11-21 14:52:42,14
33721,רשת 13,2024-11-21,2024-11-21 14:52:48,14
33722,רשת 13,2024-11-21,2024-11-21 15:50:17,15
33723,רשת 13,2024-11-21,2024-11-21 15:51:00,15
33724,רשת 13,2024-11-21,2024-11-21 15:51:27,15
33725,רשת 13,2024-11-21,2024-11-21 15:51:33,15
33726,רשת 13,2024-11-21,2024-11-21 15:51:39,15
33727,רשת 13,2024-11-21,2024-11-21 15:51:49,15
33728,רשת 13,2024-11-21,2024-11-21 15:51:55,15
33729,רשת 13,2024-11-21,2024-11-21 15:52:01,15
33730,רשת 13,2024-11-21,2024-11-21 15:52:21,15
33731,רשת 13,2024-11-21,2024-11-21 15:52:50,15
33732,רשת 13,2024-11-21,2024-11-21 15:53:34,15
33733,רשת 13,2024-11-21,2024-11-21 15:53:49,15
33734,רשת 13,2024-11-21,2024-11-21 15:54:04,15
33735,רשת 13,2024-11-21,2024-11-21 15:54:22,15
33736,רשת 13,2024-11-21,2024-11-21 15:54:37,15
33737,רשת 13,2024-11-21,2024-11-21 15:55:18,15
33738,רשת 13,2024-11-21,2024-11-21 15:55:35,15
33739,רשת 13,2024-11-21,2024-11-21 15:56:23,15
33740,רשת 13,2024-11-21,2024-11-21 15:57:13,15
33741,רשת 13,2024-11-21,2024-11-21 15:57:19,15
33742,רשת 13,2024-11-21,2024-11-21 15:57:25,15
33743,רשת 13,2024-11-21,2024-11-21 15:57:31,15
33744,רשת 13,2024-11-21,2024-11-21 15:58:08,15
33745,רשת 13,2024-11-21,2024-11-21 15:58:14,15
33746,רשת 13,2024-11-21,2024-11-21 15:58:20,15
33747,רשת 13,2024-11-21,2024-11-21 15:58:26,15
33748,רשת 13,2024-11-21,2024-11-21 15:58:36,15
33749,רשת 13,2024-11-21,2024-11-21 15:58:46,15
33750,רשת 13,2024-11-21,2024-11-21 15:58:52,15
33751,רשת 13,2024-11-21,2024-11-21 15:58:58,15
33752,רשת 13,2024-11-21,2024-11-21 16:32:15,16
33753,רשת 13,2024-11-21,2024-11-21 16:32:48,16
33754,רשת 13,2024-11-21,2024-11-21 16:33:26,16
33755,רשת 13,2024-11-21,2024-11-21 16:33:36,16
33756,רשת 13,2024-11-21,2024-11-21 16:33:42,16
33757,רשת 13,2024-11-21,2024-11-21 16:33:52,16
33758,רשת 13,2024-11-21,2024-11-21 16:33:58,16
33759,רשת 13,2024-11-21,2024-11-21 16:34:21,16
33760,רשת 13,2024-11-21,2024-11-21 16:34:41,16
33761,רשת 13,2024-11-21,2024-11-21 16:34:56,16
33762,רשת 13,2024-11-21,2024-11-21 16:35:11,16
33763,רשת 13,2024-11-21,2024-11-21 16:35:55,16
33764,רשת 13,2024-11-21,2024-11-21 16:36:25,16
33765,רשת 13,2024-11-21,2024-11-21 16:36:55,16
33766,רשת 13,2024-11-21,2024-11-21 16:37:15,16
33767,רשת 13,2024-11-21,2024-11-21 16:37:35,16
33768,רשת 13,2024-11-21,2024-11-21 16:38:01,16
33769,רשת 13,2024-11-21,2024-11-21 16:38:07,16
33770,רשת 13,2024-11-21,2024-11-21 16:38:54,16
33771,רשת 13,2024-11-21,2024-11-21 16:39:46,16
33772,רשת 13,2024-11-21,2024-11-21 16:39:52,16
33773,רשת 13,2024-11-21,2024-11-21 16:39:58,16
33774,רשת 13,2024-11-21,2024-11-21 16:40:04,16
33775,רשת 13,2024-11-21,2024-11-21 16:40:40,16
33776,רשת 13,2024-11-21,2024-11-21 16:40:46,16
33777,רשת 13,2024-11-21,2024-11-21 16:40:52,16
33778,רשת 13,2024-11-21,2024-11-21 16:40:58,16
33779,רשת 13,2024-11-21,2024-11-21 16:41:08,16
33780,רשת 13,2024-11-21,2024-11-21 16:41:18,16
33781,רשת 13,2024-11-21,2024-11-21 16:41:28,16
33782,רשת 13,2024-11-21,2024-11-21 16:41:34,16
33783,רשת 13,2024-11-21,2024-11-21 16:41:44,16
33784,רשת 13,2024-11-21,2024-11-21 17:19:11,17
33785,רשת 13,2024-11-21,2024-11-21 17:19:30,17
33786,רשת 13,2024-11-21,2024-11-21 17:20:16,17
33787,רשת 13,2024-11-21,2024-11-21 17:20:22,17
33788,רשת 13,2024-11-21,2024-11-21 17:20:32,17
33789,רשת 13,2024-11-21,2024-11-21 17:20:38,17
33790,רשת 13,2024-11-21,2024-11-21 17:20:44,17
33791,רשת 13,2024-11-21,2024-11-21 17:20:50,17
33792,רשת 13,2024-11-21,2024-11-21 17:20:56,17
33793,רשת 13,2024-11-21,2024-11-21 17:21:02,17
33794,רשת 13,2024-11-21,2024-11-21 17:21:23,17
33795,רשת 13,2024-11-21,2024-11-21 17:21:50,17
33796,רשת 13,2024-11-21,2024-11-21 17:22:02,17
33797,רשת 13,2024-11-21,2024-11-21 17:22:17,17
33798,רשת 13,2024-11-21,2024-11-21 17:22:32,17
33799,רשת 13,2024-11-21,2024-11-21 17:22:50,17
33800,רשת 13,2024-11-21,2024-11-21 17:23:07,17
33801,רשת 13,2024-11-21,2024-11-21 17:23:22,17
33802,רשת 13,2024-11-21,2024-11-21 17:23:37,17
33803,רשת 13,2024-11-21,2024-11-21 17:24:15,17
33804,רשת 13,2024-11-21,2024-11-21 17:24:45,17
33805,רשת 13,2024-11-21,2024-11-21 17:25:07,17
33806,רשת 13,2024-11-21,2024-11-21 17:26:00,17
33807,רשת 13,2024-11-21,2024-11-21 17:26:10,17
33808,רשת 13,2024-11-21,2024-11-21 17:26:20,17
33809,רשת 13,2024-11-21,2024-11-21 17:26:26,17
33810,רשת 13,2024-11-21,2024-11-21 17:26:32,17
33811,רשת 13,2024-11-21,2024-11-21 17:26:42,17
33812,רשת 13,2024-11-21,2024-11-21 17:26:48,17
33813,רשת 13,2024-11-21,2024-11-21 17:26:58,17
33814,רשת 13,2024-11-21,2024-11-21 17:27:04,17
33815,רשת 13,2024-11-21,2024-11-21 17:27:10,17
33816,רשת 13,2024-11-21,2024-11-21 17:27:16,17
33817,רשת 13,2024-11-21,2024-11-21 17:27:52,17
33818,רשת 13,2024-11-21,2024-11-21 17:27:58,17
33819,רשת 13,2024-11-21,2024-11-21 17:28:04,17
33820,רשת 13,2024-11-21,2024-11-21 17:28:10,17
33821,רשת 13,2024-11-21,2024-11-21 17:28:21,17
33822,רשת 13,2024-11-21,2024-11-21 17:28:27,17
33823,רשת 13,2024-11-21,2024-11-21 17:28:37,17
33824,רשת 13,2024-11-21,2024-11-21 17:28:43,17
33825,רשת 13,2024-11-21,2024-11-21 17:28:49,17
33826,רשת 13,2024-11-21,2024-11-21 17:28:55,17
33827,רשת 13,2024-11-21,2024-11-21 17:29:01,17
33828,רשת 13,2024-11-21,2024-11-21 17:53:13,17
33829,רשת 13,2024-11-21,2024-11-21 17:54:13,17
33830,רשת 13,2024-11-21,2024-11-21 18:32:14,18
33831,רשת 13,2024-11-21,2024-11-21 18:32:48,18
33832,רשת 13,2024-11-21,2024-11-21 18:33:15,18
33833,רשת 13,2024-11-21,2024-11-21 18:33:21,18
33834,רשת 13,2024-11-21,2024-11-21 18:33:27,18
33835,רשת 13,2024-11-21,2024-11-21 18:33:33,18
33836,רשת 13,2024-11-21,2024-11-21 18:33:40,18
33837,רשת 13,2024-11-21,2024-11-21 18:33:46,18
33838,רשת 13,2024-11-21,2024-11-21 18:33:52,18
33839,רשת 13,2024-11-21,2024-11-21 18:33:58,18
33840,רשת 13,2024-11-21,2024-11-21 18:34:08,18
33841,רשת 13,2024-11-21,2024-11-21 18:34:14,18
33842,רשת 13,2024-11-21,2024-11-21 18:34:38,18
33843,רשת 13,2024-11-21,2024-11-21 18:34:56,18
33844,רשת 13,2024-11-21,2024-11-21 18:35:06,18
33845,רשת 13,2024-11-21,2024-11-21 18:35:21,18
33846,רשת 13,2024-11-21,2024-11-21 18:35:36,18
33847,רשת 13,2024-11-21,2024-11-21 18:36:16,18
33848,רשת 13,2024-11-21,2024-11-21 18:36:36,18
33849,רשת 13,2024-11-21,2024-11-21 18:36:46,18
33850,רשת 13,2024-11-21,2024-11-21 18:37:01,18
33851,רשת 13,2024-11-21,2024-11-21 18:37:39,18
33852,רשת 13,2024-11-21,2024-11-21 18:37:54,18
33853,רשת 13,2024-11-21,2024-11-21 18:38:09,18
33854,רשת 13,2024-11-21,2024-11-21 18:38:35,18
33855,רשת 13,2024-11-21,2024-11-21 18:38:53,18
33856,רשת 13,2024-11-21,2024-11-21 18:39:17,18
33857,רשת 13,2024-11-21,2024-11-21 18:39:37,18
33858,רשת 13,2024-11-21,2024-11-21 18:40:27,18
33859,רשת 13,2024-11-21,2024-11-21 18:40:33,18
33860,רשת 13,2024-11-21,2024-11-21 18:40:39,18
33861,רשת 13,2024-11-21,2024-11-21 18:40:45,18
33862,רשת 13,2024-11-21,2024-11-21 18:41:22,18
33863,רשת 13,2024-11-21,2024-11-21 18:41:28,18
33864,רשת 13,2024-11-21,2024-11-21 18:41:34,18
33865,רשת 13,2024-11-21,2024-11-21 18:41:40,18
33866,רשת 13,2024-11-21,2024-11-21 18:41:51,18
33867,רשת 13,2024-11-21,2024-11-21 18:41:58,18
33868,רשת 13,2024-11-21,2024-11-21 18:42:08,18
33869,רשת 13,2024-11-21,2024-11-21 18:42:14,18
33870,רשת 13,2024-11-21,2024-11-21 18:42:20,18
33871,רשת 13,2024-11-21,2024-11-21 18:42:26,18
33872,רשת 13,2024-11-21,2024-11-21 18:42:32,18
33873,רשת 13,2024-11-21,2024-11-21 18:42:38,18
33874,רשת 13,2024-11-21,2024-11-21 18:42:48,18
33875,רשת 13,2024-11-21,2024-11-21 19:00:33,19
33876,רשת 13,2024-11-21,2024-11-21 19:01:11,19
33877,רשת 13,2024-11-21,2024-11-21 19:01:17,19
33878,רשת 13,2024-11-21,2024-11-21 19:01:23,19
33879,רשת 13,2024-11-21,2024-11-21 19:01:29,19
33880,רשת 13,2024-11-21,2024-11-21 19:01:39,19
33881,רשת 13,2024-11-21,2024-11-21 19:01:45,19
33882,רשת 13,2024-11-21,2024-11-21 19:01:51,19
33883,רשת 13,2024-11-21,2024-11-21 19:01:57,19
33884,רשת 13,2024-11-21,2024-11-21 19:02:03,19
33885,רשת 13,2024-11-21,2024-11-21 19:02:09,19
33886,רשת 13,2024-11-21,2024-11-21 19:02:15,19
33887,רשת 13,2024-11-21,2024-11-21 19:02:25,19
33888,רשת 13,2024-11-21,2024-11-21 19:02:45,19
33889,רשת 13,2024-11-21,2024-11-21 19:03:16,19
33890,רשת 13,2024-11-21,2024-11-21 19:03:34,19
33891,רשת 13,2024-11-21,2024-11-21 19:04:22,19
33892,רשת 13,2024-11-21,2024-11-21 19:04:51,19
33893,רשת 13,2024-11-21,2024-11-21 19:05:39,19
33894,רשת 13,2024-11-21,2024-11-21 19:06:32,19
33895,רשת 13,2024-11-21,2024-11-21 19:06:42,19
33896,רשת 13,2024-11-21,2024-11-21 19:06:48,19
33897,רשת 13,2024-11-21,2024-11-21 19:06:54,19
33898,רשת 13,2024-11-21,2024-11-21 19:07:00,19
33899,רשת 13,2024-11-21,2024-11-21 19:07:06,19
33900,רשת 13,2024-11-21,2024-11-21 19:07:12,19
33901,רשת 13,2024-11-21,2024-11-21 19:07:18,19
33902,רשת 13,2024-11-21,2024-11-21 19:07:24,19
33903,רשת 13,2024-11-21,2024-11-21 19:07:30,19
33904,רשת 13,2024-11-21,2024-11-21 19:40:39,19
33905,רשת 13,2024-11-21,2024-11-21 19:50:33,19
33906,רשת 13,2024-11-21,2024-11-21 19:51:13,19
33907,רשת 13,2024-11-21,2024-11-21 19:52:18,19
33908,רשת 13,2024-11-21,2024-11-21 20:50:45,20
33909,רשת 13,2024-11-21,2024-11-21 20:51:22,20
33910,רשת 13,2024-11-21,2024-11-21 20:51:28,20
33911,רשת 13,2024-11-21,2024-11-21 20:51:38,20
33912,רשת 13,2024-11-21,2024-11-21 20:51:44,20
33913,רשת 13,2024-11-21,2024-11-21 20:51:50,20
33914,רשת 13,2024-11-21,2024-11-21 20:52:06,20
33915,רשת 13,2024-11-21,2024-11-21 20:52:50,20
33916,רשת 13,2024-11-21,2024-11-21 20:53:25,20
33917,רשת 13,2024-11-21,2024-11-21 20:54:13,20
33918,רשת 13,2024-11-21,2024-11-21 20:54:39,20
33919,רשת 13,2024-11-21,2024-11-21 20:54:54,20
33920,רשת 13,2024-11-21,2024-11-21 20:55:09,20
33921,רשת 13,2024-11-21,2024-11-21 20:55:15,20
33922,רשת 13,2024-11-21,2024-11-21 20:55:32,20
33923,רשת 13,2024-11-21,2024-11-21 20:55:54,20
33924,רשת 13,2024-11-21,2024-11-21 20:56:00,20
33925,רשת 13,2024-11-21,2024-11-21 20:56:41,20
33926,רשת 13,2024-11-21,2024-11-21 20:57:08,20
33927,רשת 13,2024-11-21,2024-11-21 20:57:14,20
33928,רשת 13,2024-11-21,2024-11-21 21:17:23,21
33929,רשת 13,2024-11-21,2024-11-21 21:17:49,21
33930,רשת 13,2024-11-21,2024-11-21 21:17:55,21
33931,רשת 13,2024-11-21,2024-11-21 21:18:01,21
33932,רשת 13,2024-11-21,2024-11-21 21:18:13,21
33933,רשת 13,2024-11-21,2024-11-21 21:18:33,21
33934,רשת 13,2024-11-21,2024-11-21 21:19:03,21
33935,רשת 13,2024-11-21,2024-11-21 21:19:13,21
33936,רשת 13,2024-11-21,2024-11-21 21:19:45,21
33937,רשת 13,2024-11-21,2024-11-21 21:20:00,21
33938,רשת 13,2024-11-21,2024-11-21 21:20:15,21
33939,רשת 13,2024-11-21,2024-11-21 21:20:50,21
33940,רשת 13,2024-11-21,2024-11-21 21:21:00,21
33941,רשת 13,2024-11-21,2024-11-21 21:21:22,21
33942,רשת 13,2024-11-21,2024-11-21 21:21:53,21
33943,רשת 13,2024-11-21,2024-11-21 21:22:11,21
33944,רשת 13,2024-11-21,2024-11-21 21:23:06,21
33945,רשת 13,2024-11-21,2024-11-21 21:36:16,21
33946,רשת 13,2024-11-21,2024-11-21 21:37:29,21
33947,רשת 13,2024-11-21,2024-11-21 22:01:30,22
33948,רשת 13,2024-11-21,2024-11-21 22:02:22,22
33949,רשת 13,2024-11-21,2024-11-21 22:02:28,22
33950,רשת 13,2024-11-21,2024-11-21 22:02:34,22
33951,רשת 13,2024-11-21,2024-11-21 22:02:41,22
33952,רשת 13,2024-11-21,2024-11-21 22:02:47,22
33953,רשת 13,2024-11-21,2024-11-21 22:02:53,22
33954,רשת 13,2024-11-21,2024-11-21 22:03:13,22
33955,רשת 13,2024-11-21,2024-11-21 22:04:01,22
33956,רשת 13,2024-11-21,2024-11-21 22:04:13,22
33957,רשת 13,2024-11-21,2024-11-21 22:04:48,22
33958,רשת 13,2024-11-21,2024-11-21 22:05:26,22
33959,רשת 13,2024-11-21,2024-11-21 22:05:46,22
33960,רשת 13,2024-11-21,2024-11-21 22:06:01,22
33961,רשת 13,2024-11-21,2024-11-21 22:06:11,22
33962,רשת 13,2024-11-21,2024-11-21 22:06:26,22
33963,רשת 13,2024-11-21,2024-11-21 22:06:41,22
33964,רשת 13,2024-11-21,2024-11-21 22:06:56,22
33965,רשת 13,2024-11-21,2024-11-21 22:07:13,22
33966,רשת 13,2024-11-21,2024-11-21 22:07:42,22
33967,רשת 13,2024-11-21,2024-11-21 22:08:02,22
33968,רשת 13,2024-11-21,2024-11-21 22:08:37,22
33969,רשת 13,2024-11-21,2024-11-21 22:08:52,22
33970,רשת 13,2024-11-21,2024-11-21 22:09:10,22
33971,רשת 13,2024-11-21,2024-11-21 22:09:35,22
33972,רשת 13,2024-11-21,2024-11-21 22:09:53,22
33973,רשת 13,2024-11-21,2024-11-21 22:10:08,22
33974,רשת 13,2024-11-21,2024-11-21 22:10:30,22
33975,רשת 13,2024-11-21,2024-11-21 22:11:02,22
33976,רשת 13,2024-11-21,2024-11-21 22:11:24,22
33977,רשת 13,2024-11-21,2024-11-21 22:11:51,22
33978,רשת 13,2024-11-21,2024-11-21 22:11:57,22
33979,רשת 13,2024-11-21,2024-11-21 22:12:03,22
33980,רשת 13,2024-11-21,2024-11-21 22:12:13,22
33981,רשת 13,2024-11-21,2024-11-21 22:12:19,22
33982,רשת 13,2024-11-21,2024-11-21 22:29:55,22
33983,רשת 13,2024-11-21,2024-11-21 22:30:21,22
33984,רשת 13,2024-11-21,2024-11-21 22:31:09,22
33985,רשת 13,2024-11-21,2024-11-21 22:31:34,22
33986,רשת 13,2024-11-21,2024-11-21 22:31:40,22
33987,רשת 13,2024-11-21,2024-11-21 22:31:46,22
33988,רשת 13,2024-11-21,2024-11-21 22:31:52,22
33989,רשת 13,2024-11-21,2024-11-21 22:31:58,22
33990,רשת 13,2024-11-21,2024-11-21 22:32:04,22
33991,רשת 13,2024-11-21,2024-11-21 22:32:10,22
33992,רשת 13,2024-11-21,2024-11-21 22:32:25,22
33993,רשת 13,2024-11-21,2024-11-21 22:32:39,22
33994,רשת 13,2024-11-21,2024-11-21 22:32:54,22
33995,רשת 13,2024-11-21,2024-11-21 22:33:12,22
33996,רשת 13,2024-11-21,2024-11-21 22:34:00,22
33997,רשת 13,2024-11-21,2024-11-21 22:34:12,22
33998,רשת 13,2024-11-21,2024-11-21 22:34:32,22
33999,רשת 13,2024-11-21,2024-11-21 22:34:57,22
34000,רשת 13,2024-11-21,2024-11-21 22:35:12,22
34001,רשת 13,2024-11-21,2024-11-21 22:35:30,22
34002,רשת 13,2024-11-21,2024-11-21 22:35:55,22
34003,רשת 13,2024-11-21,2024-11-21 22:36:16,22
34004,רשת 13,2024-11-21,2024-11-21 23:08:48,23
34005,רשת 13,2024-11-21,2024-11-21 23:09:17,23
34006,רשת 13,2024-11-21,2024-11-21 23:09:23,23
34007,רשת 13,2024-11-21,2024-11-21 23:09:29,23
34008,רשת 13,2024-11-21,2024-11-21 23:09:44,23
34009,רשת 13,2024-11-21,2024-11-21 23:10:14,23
34010,רשת 13,2024-11-21,2024-11-21 23:10:28,23
34011,רשת 13,2024-11-21,2024-11-21 23:11:12,23
34012,רשת 13,2024-11-21,2024-11-21 23:11:40,23
34013,רשת 13,2024-11-21,2024-11-21 23:11:55,23
34014,רשת 13,2024-11-21,2024-11-21 23:12:05,23
34015,רשת 13,2024-11-21,2024-11-21 23:12:15,23
34016,רשת 13,2024-11-21,2024-11-21 23:12:33,23
34017,רשת 13,2024-11-21,2024-11-21 23:12:53,23
34018,רשת 13,2024-11-21,2024-11-21 23:13:11,23
34019,רשת 13,2024-11-21,2024-11-21 23:13:46,23
34020,רשת 13,2024-11-21,2024-11-21 23:14:01,23
34021,רשת 13,2024-11-21,2024-11-21 23:14:31,23
34022,רשת 13,2024-11-21,2024-11-21 23:14:47,23
34023,רשת 13,2024-11-21,2024-11-21 23:15:13,23
34024,רשת 13,2024-11-21,2024-11-21 23:15:19,23
34025,רשת 13,2024-11-21,2024-11-21 23:15:25,23
34026,רשת 13,2024-11-21,2024-11-21 23:16:35,23
34027,רשת 13,2024-11-21,2024-11-21 23:16:41,23
34028,רשת 13,2024-11-21,2024-11-21 23:16:47,23
34029,רשת 13,2024-11-21,2024-11-21 23:42:07,23
34030,רשת 13,2024-11-21,2024-11-21 23:43:17,23
34031,רשת 13,2024-11-21,2024-11-21 23:43:28,23
34032,רשת 13,2024-11-21,2024-11-21 23:43:38,23
34033,רשת 13,2024-11-21,2024-11-21 23:43:44,23
34034,רשת 13,2024-11-21,2024-11-21 23:43:50,23
34035,רשת 13,2024-11-21,2024-11-21 23:44:00,23
34036,רשת 13,2024-11-21,2024-11-21 23:44:23,23
34037,רשת 13,2024-11-21,2024-11-21 23:44:50,23
34038,רשת 13,2024-11-21,2024-11-21 23:45:08,23
34039,רשת 13,2024-11-21,2024-11-21 23:45:30,23
34040,רשת 13,2024-11-21,2024-11-21 23:45:50,23
34041,רשת 13,2024-11-21,2024-11-21 23:46:00,23
34042,רשת 13,2024-11-21,2024-11-21 23:46:18,23
34043,רשת 13,2024-11-21,2024-11-21 23:46:53,23
34044,רשת 13,2024-11-21,2024-11-21 23:47:05,23
34045,רשת 13,2024-11-21,2024-11-21 23:47:20,23
34046,רשת 13,2024-11-21,2024-11-21 23:47:35,23
34047,רשת 13,2024-11-21,2024-11-21 23:48:21,23
34048,רשת 13,2024-11-21,2024-11-21 23:48:57,23
34049,רשת 13,2024-11-21,2024-11-21 23:49:35,23
34050,רשת 13,2024-11-21,2024-11-21 23:50:53,23
34051,רשת 13,2024-11-21,2024-11-21 23:50:59,23
34052,רשת 13,2024-11-21,2024-11-21 23:51:05,23
34053,רשת 13,2024-11-21,2024-11-21 00:12:02,0
34054,רשת 13,2024-11-21,2024-11-21 00:12:45,0
34055,רשת 13,2024-11-21,2024-11-21 00:13:11,0
34056,רשת 13,2024-11-21,2024-11-21 00:13:17,0
34057,רשת 13,2024-11-21,2024-11-21 00:13:23,0
34058,רשת 13,2024-11-21,2024-11-21 00:13:29,0
34059,רשת 13,2024-11-21,2024-11-21 00:13:47,0
34060,רשת 13,2024-11-21,2024-11-21 00:14:09,0
34061,רשת 13,2024-11-21,2024-11-21 00:14:24,0
34062,רשת 13,2024-11-21,2024-11-21 00:14:44,0
34063,רשת 13,2024-11-21,2024-11-21 00:14:59,0
34064,רשת 13,2024-11-21,2024-11-21 00:15:43,0
34065,רשת 13,2024-11-21,2024-11-21 00:15:53,0
34066,רשת 13,2024-11-21,2024-11-21 00:16:24,0
34067,רשת 13,2024-11-21,2024-11-21 00:17:06,0
34068,רשת 13,2024-11-21,2024-11-21 00:17:54,0
34069,רשת 13,2024-11-21,2024-11-21 00:18:36,0
34070,רשת 13,2024-11-21,2024-11-21 00:18:42,0
34071,רשת 13,2024-11-21,2024-11-21 00:18:48,0
34072,רשת 13,2024-11-21,2024-11-21 00:18:54,0
34073,רשת 13,2024-11-21,2024-11-21 00:19:30,0
34074,רשת 13,2024-11-21,2024-11-21 00:19:36,0
34075,רשת 13,2024-11-21,2024-11-21 00:19:42,0
34076,רשת 13,2024-11-21,2024-11-21 00:19:48,0
34077,רשת 13,2024-11-21,2024-11-21 00:44:42,0
34078,רשת 13,2024-11-21,2024-11-21 00:45:53,0
34079,רשת 13,2024-11-21,2024-11-21 00:46:03,0
34080,רשת 13,2024-11-21,2024-11-21 00:46:13,0
34081,רשת 13,2024-11-21,2024-11-21 00:46:32,0
34082,רשת 13,2024-11-21,2024-11-21 00:46:59,0
34083,רשת 13,2024-11-21,2024-11-21 00:47:14,0
34084,רשת 13,2024-11-21,2024-11-21 00:47:43,0
34085,רשת 13,2024-11-21,2024-11-21 00:48:29,0
34086,רשת 13,2024-11-21,2024-11-21 00:48:53,0
34087,רשת 13,2024-11-21,2024-11-21 00:50:07,0
34088,רשת 13,2024-11-21,2024-11-21 00:50:58,0
34089,רשת 13,2024-11-21,2024-11-21 01:54:01,1
34090,רשת 13,2024-11-21,2024-11-21 01:54:11,1
34091,רשת 13,2024-11-21,2024-11-21 01:54:17,1
34092,רשת 13,2024-11-21,2024-11-21 01:55:28,1
34093,רשת 13,2024-11-21,2024-11-21 01:56:11,1
34094,רשת 13,2024-11-21,2024-11-21 01:57:25,1
34095,רשת 13,2024-11-21,2024-11-21 01:58:16,1
34096,רשת 13,2024-11-21,2024-11-21 01:58:26,1
35031,רשת 13,2024-11-22,2024-11-22 02:45:19,2
35032,רשת 13,2024-11-22,2024-11-22 02:46:33,2
35033,רשת 13,2024-11-22,2024-11-22 02:47:16,2
35034,רשת 13,2024-11-22,2024-11-22 02:48:27,2
35035,רשת 13,2024-11-22,2024-11-22 02:49:09,2
35036,רשת 13,2024-11-22,2024-11-22 03:22:10,3
35037,רשת 13,2024-11-22,2024-11-22 03:22:33,3
35038,רשת 13,2024-11-22,2024-11-22 03:23:16,3
35039,רשת 13,2024-11-22,2024-11-22 05:23:41,5
35040,רשת 13,2024-11-22,2024-11-22 06:12:58,6
35041,רשת 13,2024-11-22,2024-11-22 06:13:05,6
35042,רשת 13,2024-11-22,2024-11-22 06:13:15,6
35043,רשת 13,2024-11-22,2024-11-22 06:13:22,6
35044,רשת 13,2024-11-22,2024-11-22 06:14:32,6
35045,רשת 13,2024-11-22,2024-11-22 06:14:38,6
35046,רשת 13,2024-11-22,2024-11-22 06:15:21,6
35047,רשת 13,2024-11-22,2024-11-22 06:15:57,6
35048,רשת 13,2024-11-22,2024-11-22 06:16:08,6
35049,רשת 13,2024-11-22,2024-11-22 06:16:18,6
35050,רשת 13,2024-11-22,2024-11-22 06:16:28,6
35051,רשת 13,2024-11-22,2024-11-22 07:17:19,7
35052,רשת 13,2024-11-22,2024-11-22 07:18:02,7
35053,רשת 13,2024-11-22,2024-11-22 07:18:29,7
35054,רשת 13,2024-11-22,2024-11-22 07:18:35,7
35055,רשת 13,2024-11-22,2024-11-22 07:18:42,7
35056,רשת 13,2024-11-22,2024-11-22 07:18:52,7
35057,רשת 13,2024-11-22,2024-11-22 07:18:58,7
35058,רשת 13,2024-11-22,2024-11-22 07:19:17,7
35059,רשת 13,2024-11-22,2024-11-22 07:20:20,7
35060,רשת 13,2024-11-22,2024-11-22 07:20:35,7
35061,רשת 13,2024-11-22,2024-11-22 07:21:02,7
35062,רשת 13,2024-11-22,2024-11-22 07:21:20,7
35063,רשת 13,2024-11-22,2024-11-22 07:21:35,7
35064,רשת 13,2024-11-22,2024-11-22 07:22:07,7
35065,רשת 13,2024-11-22,2024-11-22 07:22:44,7
35066,רשת 13,2024-11-22,2024-11-22 07:23:28,7
35067,רשת 13,2024-11-22,2024-11-22 07:23:55,7
35068,רשת 13,2024-11-22,2024-11-22 07:24:05,7
35069,רשת 13,2024-11-22,2024-11-22 07:24:11,7
35070,רשת 13,2024-11-22,2024-11-22 07:24:17,7
35071,רשת 13,2024-11-22,2024-11-22 07:44:39,7
35072,רשת 13,2024-11-22,2024-11-22 07:45:50,7
35073,רשת 13,2024-11-22,2024-11-22 07:46:01,7
35074,רשת 13,2024-11-22,2024-11-22 07:46:11,7
35075,רשת 13,2024-11-22,2024-11-22 07:46:17,7
35076,רשת 13,2024-11-22,2024-11-22 07:46:23,7
35077,רשת 13,2024-11-22,2024-11-22 07:46:29,7
35078,רשת 13,2024-11-22,2024-11-22 07:46:52,7
35079,רשת 13,2024-11-22,2024-11-22 07:47:07,7
35080,רשת 13,2024-11-22,2024-11-22 07:47:22,7
35081,רשת 13,2024-11-22,2024-11-22 07:47:42,7
35082,רשת 13,2024-11-22,2024-11-22 07:47:57,7
35083,רשת 13,2024-11-22,2024-11-22 07:48:21,7
35084,רשת 13,2024-11-22,2024-11-22 07:48:31,7
35085,רשת 13,2024-11-22,2024-11-22 07:48:55,7
35086,רשת 13,2024-11-22,2024-11-22 07:49:41,7
35087,רשת 13,2024-11-22,2024-11-22 07:50:29,7
35088,רשת 13,2024-11-22,2024-11-22 07:50:59,7
35089,רשת 13,2024-11-22,2024-11-22 07:51:36,7
35090,רשת 13,2024-11-22,2024-11-22 08:07:43,8
35091,רשת 13,2024-11-22,2024-11-22 08:08:19,8
35092,רשת 13,2024-11-22,2024-11-22 08:16:43,8
35093,רשת 13,2024-11-22,2024-11-22 08:17:26,8
35094,רשת 13,2024-11-22,2024-11-22 08:17:53,8
35095,רשת 13,2024-11-22,2024-11-22 08:18:00,8
35096,רשת 13,2024-11-22,2024-11-22 08:18:10,8
35097,רשת 13,2024-11-22,2024-11-22 08:18:16,8
35098,רשת 13,2024-11-22,2024-11-22 08:18:22,8
35099,רשת 13,2024-11-22,2024-11-22 08:18:43,8
35100,רשת 13,2024-11-22,2024-11-22 08:19:10,8
35101,רשת 13,2024-11-22,2024-11-22 08:19:45,8
35102,רשת 13,2024-11-22,2024-11-22 08:20:00,8
35103,רשת 13,2024-11-22,2024-11-22 08:20:48,8
35104,רשת 13,2024-11-22,2024-11-22 08:21:03,8
35105,רשת 13,2024-11-22,2024-11-22 08:21:27,8
35106,רשת 13,2024-11-22,2024-11-22 08:21:42,8
35107,רשת 13,2024-11-22,2024-11-22 08:22:12,8
35108,רשת 13,2024-11-22,2024-11-22 08:22:56,8
35109,רשת 13,2024-11-22,2024-11-22 08:23:18,8
35110,רשת 13,2024-11-22,2024-11-22 08:23:45,8
35111,רשת 13,2024-11-22,2024-11-22 08:23:55,8
35112,רשת 13,2024-11-22,2024-11-22 08:24:05,8
35113,רשת 13,2024-11-22,2024-11-22 08:24:11,8
35114,רשת 13,2024-11-22,2024-11-22 08:24:21,8
35115,רשת 13,2024-11-22,2024-11-22 08:42:26,8
35116,רשת 13,2024-11-22,2024-11-22 08:43:37,8
35117,רשת 13,2024-11-22,2024-11-22 08:43:56,8
35118,רשת 13,2024-11-22,2024-11-22 08:44:27,8
35119,רשת 13,2024-11-22,2024-11-22 08:44:37,8
35120,רשת 13,2024-11-22,2024-11-22 08:44:47,8
35121,רשת 13,2024-11-22,2024-11-22 08:45:02,8
35122,רשת 13,2024-11-22,2024-11-22 08:45:17,8
35123,רשת 13,2024-11-22,2024-11-22 08:46:01,8
35124,רשת 13,2024-11-22,2024-11-22 08:46:21,8
35125,רשת 13,2024-11-22,2024-11-22 08:46:31,8
35126,רשת 13,2024-11-22,2024-11-22 08:47:01,8
35127,רשת 13,2024-11-22,2024-11-22 08:47:16,8
35128,רשת 13,2024-11-22,2024-11-22 08:47:38,8
35129,רשת 13,2024-11-22,2024-11-22 08:47:53,8
35130,רשת 13,2024-11-22,2024-11-22 08:48:20,8
35131,רשת 13,2024-11-22,2024-11-22 08:48:55,8
35132,רשת 13,2024-11-22,2024-11-22 08:49:36,8
35133,רשת 13,2024-11-22,2024-11-22 09:06:02,9
35134,רשת 13,2024-11-22,2024-11-22 09:06:08,9
35135,רשת 13,2024-11-22,2024-11-22 09:06:14,9
35136,רשת 13,2024-11-22,2024-11-22 09:06:20,9
35137,רשת 13,2024-11-22,2024-11-22 09:06:57,9
35138,רשת 13,2024-11-22,2024-11-22 09:07:03,9
35139,רשת 13,2024-11-22,2024-11-22 09:07:09,9
35140,רשת 13,2024-11-22,2024-11-22 09:07:15,9
35141,רשת 13,2024-11-22,2024-11-22 09:17:07,9
35142,רשת 13,2024-11-22,2024-11-22 09:17:50,9
35143,רשת 13,2024-11-22,2024-11-22 09:18:18,9
35144,רשת 13,2024-11-22,2024-11-22 09:18:25,9
35145,רשת 13,2024-11-22,2024-11-22 09:18:31,9
35146,רשת 13,2024-11-22,2024-11-22 09:18:37,9
35147,רשת 13,2024-11-22,2024-11-22 09:18:47,9
35148,רשת 13,2024-11-22,2024-11-22 09:19:05,9
35149,רשת 13,2024-11-22,2024-11-22 09:19:58,9
35150,רשת 13,2024-11-22,2024-11-22 09:20:26,9
35151,רשת 13,2024-11-22,2024-11-22 09:21:14,9
35152,רשת 13,2024-11-22,2024-11-22 09:21:49,9
35153,רשת 13,2024-11-22,2024-11-22 09:22:33,9
35154,רשת 13,2024-11-22,2024-11-22 09:22:48,9
35155,רשת 13,2024-11-22,2024-11-22 09:23:18,9
35156,רשת 13,2024-11-22,2024-11-22 09:24:04,9
35157,רשת 13,2024-11-22,2024-11-22 09:24:26,9
35158,רשת 13,2024-11-22,2024-11-22 09:25:05,9
35159,רשת 13,2024-11-22,2024-11-22 09:25:11,9
35160,רשת 13,2024-11-22,2024-11-22 09:25:21,9
35161,רשת 13,2024-11-22,2024-11-22 09:25:31,9
35162,רשת 13,2024-11-22,2024-11-22 09:34:55,9
35163,רשת 13,2024-11-22,2024-11-22 09:36:06,9
35164,רשת 13,2024-11-22,2024-11-22 09:36:25,9
35165,רשת 13,2024-11-22,2024-11-22 09:36:39,9
35166,רשת 13,2024-11-22,2024-11-22 09:37:19,9
35167,רשת 13,2024-11-22,2024-11-22 09:37:31,9
35168,רשת 13,2024-11-22,2024-11-22 09:37:46,9
35169,רשת 13,2024-11-22,2024-11-22 09:37:56,9
35170,רשת 13,2024-11-22,2024-11-22 09:38:16,9
35171,רשת 13,2024-11-22,2024-11-22 09:38:34,9
35172,רשת 13,2024-11-22,2024-11-22 09:38:51,9
35173,רשת 13,2024-11-22,2024-11-22 09:39:06,9
35174,רשת 13,2024-11-22,2024-11-22 09:39:24,9
35175,רשת 13,2024-11-22,2024-11-22 09:39:39,9
35176,רשת 13,2024-11-22,2024-11-22 09:40:01,9
35177,רשת 13,2024-11-22,2024-11-22 09:40:16,9
35178,רשת 13,2024-11-22,2024-11-22 09:40:54,9
35179,רשת 13,2024-11-22,2024-11-22 09:41:40,9
35180,רשת 13,2024-11-22,2024-11-22 09:42:18,9
35181,רשת 13,2024-11-22,2024-11-22 10:06:31,10
35182,רשת 13,2024-11-22,2024-11-22 10:06:37,10
35183,רשת 13,2024-11-22,2024-11-22 10:06:43,10
35184,רשת 13,2024-11-22,2024-11-22 10:06:49,10
35185,רשת 13,2024-11-22,2024-11-22 10:07:26,10
35186,רשת 13,2024-11-22,2024-11-22 10:07:32,10
35187,רשת 13,2024-11-22,2024-11-22 10:07:38,10
35188,רשת 13,2024-11-22,2024-11-22 10:07:44,10
35189,רשת 13,2024-11-22,2024-11-22 10:32:45,10
35190,רשת 13,2024-11-22,2024-11-22 10:33:28,10
35191,רשת 13,2024-11-22,2024-11-22 10:33:55,10
35192,רשת 13,2024-11-22,2024-11-22 10:34:01,10
35193,רשת 13,2024-11-22,2024-11-22 10:34:08,10
35194,רשת 13,2024-11-22,2024-11-22 10:34:14,10
35195,רשת 13,2024-11-22,2024-11-22 10:34:24,10
35196,רשת 13,2024-11-22,2024-11-22 10:34:47,10
35197,רשת 13,2024-11-22,2024-11-22 10:35:04,10
35198,רשת 13,2024-11-22,2024-11-22 10:35:19,10
35199,רשת 13,2024-11-22,2024-11-22 10:35:34,10
35200,רשת 13,2024-11-22,2024-11-22 10:35:54,10
35201,רשת 13,2024-11-22,2024-11-22 10:36:14,10
35202,רשת 13,2024-11-22,2024-11-22 10:36:24,10
35203,רשת 13,2024-11-22,2024-11-22 10:36:44,10
35204,רשת 13,2024-11-22,2024-11-22 10:37:19,10
35205,רשת 13,2024-11-22,2024-11-22 10:37:34,10
35206,רשת 13,2024-11-22,2024-11-22 10:37:52,10
35207,רשת 13,2024-11-22,2024-11-22 10:38:07,10
35208,רשת 13,2024-11-22,2024-11-22 10:38:22,10
35209,רשת 13,2024-11-22,2024-11-22 10:38:32,10
35210,רשת 13,2024-11-22,2024-11-22 10:39:00,10
35211,רשת 13,2024-11-22,2024-11-22 10:39:36,10
35212,רשת 13,2024-11-22,2024-11-22 10:39:58,10
35213,רשת 13,2024-11-22,2024-11-22 10:41:03,10
35214,רשת 13,2024-11-22,2024-11-22 10:41:09,10
35215,רשת 13,2024-11-22,2024-11-22 10:41:19,10
35216,רשת 13,2024-11-22,2024-11-22 10:41:25,10
35217,רשת 13,2024-11-22,2024-11-22 11:05:14,11
35218,רשת 13,2024-11-22,2024-11-22 11:05:20,11
35219,רשת 13,2024-11-22,2024-11-22 11:05:26,11
35220,רשת 13,2024-11-22,2024-11-22 11:05:32,11
35221,רשת 13,2024-11-22,2024-11-22 11:06:08,11
35222,רשת 13,2024-11-22,2024-11-22 11:06:14,11
35223,רשת 13,2024-11-22,2024-11-22 11:06:20,11
35224,רשת 13,2024-11-22,2024-11-22 11:06:26,11
35225,רשת 13,2024-11-22,2024-11-22 11:26:15,11
35226,רשת 13,2024-11-22,2024-11-22 11:27:25,11
35227,רשת 13,2024-11-22,2024-11-22 11:27:36,11
35228,רשת 13,2024-11-22,2024-11-22 11:27:42,11
35229,רשת 13,2024-11-22,2024-11-22 11:27:48,11
35230,רשת 13,2024-11-22,2024-11-22 11:27:54,11
35231,רשת 13,2024-11-22,2024-11-22 11:28:04,11
35232,רשת 13,2024-11-22,2024-11-22 11:28:23,11
35233,רשת 13,2024-11-22,2024-11-22 11:29:07,11
35234,רשת 13,2024-11-22,2024-11-22 11:29:22,11
35235,רשת 13,2024-11-22,2024-11-22 11:29:39,11
35236,רשת 13,2024-11-22,2024-11-22 11:29:54,11
35237,רשת 13,2024-11-22,2024-11-22 11:30:47,11
35238,רשת 13,2024-11-22,2024-11-22 11:30:59,11
35239,רשת 13,2024-11-22,2024-11-22 11:31:09,11
35240,רשת 13,2024-11-22,2024-11-22 11:31:29,11
35241,רשת 13,2024-11-22,2024-11-22 11:31:49,11
35242,רשת 13,2024-11-22,2024-11-22 11:32:07,11
35243,רשת 13,2024-11-22,2024-11-22 11:32:27,11
35244,רשת 13,2024-11-22,2024-11-22 11:32:44,11
35245,רשת 13,2024-11-22,2024-11-22 11:33:11,11
35246,רשת 13,2024-11-22,2024-11-22 11:33:31,11
35247,רשת 13,2024-11-22,2024-11-22 11:34:09,11
35248,רשת 13,2024-11-22,2024-11-22 11:35:02,11
35249,רשת 13,2024-11-22,2024-11-22 11:35:08,11
35250,רשת 13,2024-11-22,2024-11-22 11:35:18,11
35251,רשת 13,2024-11-22,2024-11-22 11:35:24,11
35252,רשת 13,2024-11-22,2024-11-22 12:06:11,12
35253,רשת 13,2024-11-22,2024-11-22 12:06:17,12
35254,רשת 13,2024-11-22,2024-11-22 12:06:23,12
35255,רשת 13,2024-11-22,2024-11-22 12:06:29,12
35256,רשת 13,2024-11-22,2024-11-22 12:07:05,12
35257,רשת 13,2024-11-22,2024-11-22 12:07:11,12
35258,רשת 13,2024-11-22,2024-11-22 12:07:17,12
35259,רשת 13,2024-11-22,2024-11-22 12:07:23,12
35260,רשת 13,2024-11-22,2024-11-22 12:33:27,12
35261,רשת 13,2024-11-22,2024-11-22 12:34:10,12
35262,רשת 13,2024-11-22,2024-11-22 12:34:36,12
35263,רשת 13,2024-11-22,2024-11-22 12:34:46,12
35264,רשת 13,2024-11-22,2024-11-22 12:34:52,12
35265,רשת 13,2024-11-22,2024-11-22 12:35:10,12
35266,רשת 13,2024-11-22,2024-11-22 12:35:54,12
35267,רשת 13,2024-11-22,2024-11-22 12:36:09,12
35268,רשת 13,2024-11-22,2024-11-22 12:36:24,12
35269,רשת 13,2024-11-22,2024-11-22 12:36:52,12
35270,רשת 13,2024-11-22,2024-11-22 12:37:09,12
35271,רשת 13,2024-11-22,2024-11-22 12:37:49,12
35272,רשת 13,2024-11-22,2024-11-22 12:38:01,12
35273,רשת 13,2024-11-22,2024-11-22 12:38:11,12
35274,רשת 13,2024-11-22,2024-11-22 12:38:26,12
35275,רשת 13,2024-11-22,2024-11-22 12:38:36,12
35276,רשת 13,2024-11-22,2024-11-22 12:39:09,12
35277,רשת 13,2024-11-22,2024-11-22 12:39:31,12
35278,רשת 13,2024-11-22,2024-11-22 12:40:12,12
35279,רשת 13,2024-11-22,2024-11-22 12:40:22,12
35280,רשת 13,2024-11-22,2024-11-22 12:40:28,12
35281,רשת 13,2024-11-22,2024-11-22 12:40:34,12
35282,רשת 13,2024-11-22,2024-11-22 12:50:56,12
35283,רשת 13,2024-11-22,2024-11-22 12:51:33,12
35284,רשת 13,2024-11-22,2024-11-22 12:51:55,12
35285,רשת 13,2024-11-22,2024-11-22 13:06:01,13
35286,רשת 13,2024-11-22,2024-11-22 13:06:07,13
35287,רשת 13,2024-11-22,2024-11-22 13:06:13,13
35288,רשת 13,2024-11-22,2024-11-22 13:06:19,13
35289,רשת 13,2024-11-22,2024-11-22 13:06:56,13
35290,רשת 13,2024-11-22,2024-11-22 13:07:02,13
35291,רשת 13,2024-11-22,2024-11-22 13:07:08,13
35292,רשת 13,2024-11-22,2024-11-22 13:07:14,13
35293,רשת 13,2024-11-22,2024-11-22 13:17:34,13
35294,רשת 13,2024-11-22,2024-11-22 13:18:17,13
35295,רשת 13,2024-11-22,2024-11-22 13:19:03,13
35296,רשת 13,2024-11-22,2024-11-22 13:19:40,13
35297,רשת 13,2024-11-22,2024-11-22 13:42:51,13
35298,רשת 13,2024-11-22,2024-11-22 13:44:02,13
35299,רשת 13,2024-11-22,2024-11-22 13:44:12,13
35300,רשת 13,2024-11-22,2024-11-22 13:44:22,13
35301,רשת 13,2024-11-22,2024-11-22 13:44:28,13
35302,רשת 13,2024-11-22,2024-11-22 13:44:47,13
35303,רשת 13,2024-11-22,2024-11-22 13:45:05,13
35304,רשת 13,2024-11-22,2024-11-22 13:45:25,13
35305,רשת 13,2024-11-22,2024-11-22 13:45:35,13
35306,רשת 13,2024-11-22,2024-11-22 13:46:07,13
35307,רשת 13,2024-11-22,2024-11-22 13:46:53,13
35308,רשת 13,2024-11-22,2024-11-22 13:47:18,13
35309,רשת 13,2024-11-22,2024-11-22 13:47:44,13
35310,רשת 13,2024-11-22,2024-11-22 13:47:54,13
35311,רשת 13,2024-11-22,2024-11-22 13:48:00,13
35312,רשת 13,2024-11-22,2024-11-22 14:04:14,14
35313,רשת 13,2024-11-22,2024-11-22 14:04:20,14
35314,רשת 13,2024-11-22,2024-11-22 14:04:26,14
35315,רשת 13,2024-11-22,2024-11-22 14:04:32,14
35316,רשת 13,2024-11-22,2024-11-22 14:05:08,14
35317,רשת 13,2024-11-22,2024-11-22 14:05:14,14
35318,רשת 13,2024-11-22,2024-11-22 14:05:20,14
35319,רשת 13,2024-11-22,2024-11-22 14:05:26,14
35320,רשת 13,2024-11-22,2024-11-22 14:43:37,14
35321,רשת 13,2024-11-22,2024-11-22 14:44:48,14
35322,רשת 13,2024-11-22,2024-11-22 14:44:59,14
35323,רשת 13,2024-11-22,2024-11-22 14:45:05,14
35324,רשת 13,2024-11-22,2024-11-22 14:45:11,14
35325,רשת 13,2024-11-22,2024-11-22 14:45:21,14
35326,רשת 13,2024-11-22,2024-11-22 14:46:04,14
35327,רשת 13,2024-11-22,2024-11-22 14:46:42,14
35328,רשת 13,2024-11-22,2024-11-22 14:46:50,14
35329,רשת 13,2024-11-22,2024-11-22 14:47:30,14
35330,רשת 13,2024-11-22,2024-11-22 14:48:00,14
35331,רשת 13,2024-11-22,2024-11-22 14:48:15,14
35332,רשת 13,2024-11-22,2024-11-22 14:48:33,14
35333,רשת 13,2024-11-22,2024-11-22 14:48:48,14
35334,רשת 13,2024-11-22,2024-11-22 14:48:58,14
35335,רשת 13,2024-11-22,2024-11-22 14:49:18,14
35336,רשת 13,2024-11-22,2024-11-22 14:49:44,14
35337,רשת 13,2024-11-22,2024-11-22 14:50:32,14
35338,רשת 13,2024-11-22,2024-11-22 14:50:54,14
35339,רשת 13,2024-11-22,2024-11-22 14:51:21,14
35340,רשת 13,2024-11-22,2024-11-22 14:51:31,14
35341,רשת 13,2024-11-22,2024-11-22 14:51:37,14
35342,רשת 13,2024-11-22,2024-11-22 15:29:16,15
35343,רשת 13,2024-11-22,2024-11-22 15:30:27,15
35344,רשת 13,2024-11-22,2024-11-22 15:30:38,15
35345,רשת 13,2024-11-22,2024-11-22 15:30:48,15
35346,רשת 13,2024-11-22,2024-11-22 15:30:54,15
35347,רשת 13,2024-11-22,2024-11-22 15:31:00,15
35348,רשת 13,2024-11-22,2024-11-22 15:32:24,15
35349,רשת 13,2024-11-22,2024-11-22 15:32:53,15
35350,רשת 13,2024-11-22,2024-11-22 15:33:01,15
35351,רשת 13,2024-11-22,2024-11-22 15:33:09,15
35352,רשת 13,2024-11-22,2024-11-22 15:33:24,15
35353,רשת 13,2024-11-22,2024-11-22 15:33:34,15
35354,רשת 13,2024-11-22,2024-11-22 15:33:49,15
35355,רשת 13,2024-11-22,2024-11-22 15:34:24,15
35356,רשת 13,2024-11-22,2024-11-22 15:34:43,15
35357,רשת 13,2024-11-22,2024-11-22 15:35:28,15
35358,רשת 13,2024-11-22,2024-11-22 15:35:34,15
35359,רשת 13,2024-11-22,2024-11-22 15:35:40,15
35360,רשת 13,2024-11-22,2024-11-22 15:35:46,15
35361,רשת 13,2024-11-22,2024-11-22 15:36:23,15
35362,רשת 13,2024-11-22,2024-11-22 15:36:29,15
35363,רשת 13,2024-11-22,2024-11-22 15:36:35,15
35364,רשת 13,2024-11-22,2024-11-22 15:36:41,15
35365,רשת 13,2024-11-22,2024-11-22 15:36:52,15
35366,רשת 13,2024-11-22,2024-11-22 15:37:02,15
35367,רשת 13,2024-11-22,2024-11-22 15:37:08,15
35368,רשת 13,2024-11-22,2024-11-22 16:33:54,16
35369,רשת 13,2024-11-22,2024-11-22 16:35:05,16
35370,רשת 13,2024-11-22,2024-11-22 16:35:16,16
35371,רשת 13,2024-11-22,2024-11-22 16:35:26,16
35372,רשת 13,2024-11-22,2024-11-22 16:35:36,16
35373,רשת 13,2024-11-22,2024-11-22 16:35:42,16
35374,רשת 13,2024-11-22,2024-11-22 16:35:48,16
35375,רשת 13,2024-11-22,2024-11-22 16:35:58,16
35376,רשת 13,2024-11-22,2024-11-22 16:36:56,16
35377,רשת 13,2024-11-22,2024-11-22 16:37:18,16
35378,רשת 13,2024-11-22,2024-11-22 16:37:38,16
35379,רשת 13,2024-11-22,2024-11-22 16:37:56,16
35380,רשת 13,2024-11-22,2024-11-22 16:38:14,16
35381,רשת 13,2024-11-22,2024-11-22 16:38:34,16
35382,רשת 13,2024-11-22,2024-11-22 16:38:49,16
35383,רשת 13,2024-11-22,2024-11-22 16:39:35,16
35384,רשת 13,2024-11-22,2024-11-22 16:39:56,16
35385,רשת 13,2024-11-22,2024-11-22 16:40:23,16
35386,רשת 13,2024-11-22,2024-11-22 16:40:29,16
35387,רשת 13,2024-11-22,2024-11-22 16:40:35,16
35388,רשת 13,2024-11-22,2024-11-22 16:40:41,16
35389,רשת 13,2024-11-22,2024-11-22 16:41:19,16
35390,רשת 13,2024-11-22,2024-11-22 16:41:25,16
35391,רשת 13,2024-11-22,2024-11-22 16:41:31,16
35392,רשת 13,2024-11-22,2024-11-22 16:41:37,16
35393,רשת 13,2024-11-22,2024-11-22 16:41:48,16
35394,רשת 13,2024-11-22,2024-11-22 16:41:55,16
35395,רשת 13,2024-11-22,2024-11-22 16:42:05,16
35396,רשת 13,2024-11-22,2024-11-22 16:42:11,16
35397,רשת 13,2024-11-22,2024-11-22 16:42:18,16
35398,רשת 13,2024-11-22,2024-11-22 17:05:08,17
35399,רשת 13,2024-11-22,2024-11-22 17:05:14,17
35400,רשת 13,2024-11-22,2024-11-22 17:05:20,17
35401,רשת 13,2024-11-22,2024-11-22 17:05:26,17
35402,רשת 13,2024-11-22,2024-11-22 17:06:02,17
35403,רשת 13,2024-11-22,2024-11-22 17:06:09,17
35404,רשת 13,2024-11-22,2024-11-22 17:06:15,17
35405,רשת 13,2024-11-22,2024-11-22 17:06:21,17
35406,רשת 13,2024-11-22,2024-11-22 17:33:31,17
35407,רשת 13,2024-11-22,2024-11-22 17:34:42,17
35408,רשת 13,2024-11-22,2024-11-22 17:34:48,17
35409,רשת 13,2024-11-22,2024-11-22 17:35:35,17
35410,רשת 13,2024-11-22,2024-11-22 17:35:41,17
35411,רשת 13,2024-11-22,2024-11-22 17:35:51,17
35412,רשת 13,2024-11-22,2024-11-22 17:35:57,17
35413,רשת 13,2024-11-22,2024-11-22 17:36:03,17
35414,רשת 13,2024-11-22,2024-11-22 17:36:13,17
35415,רשת 13,2024-11-22,2024-11-22 17:36:19,17
35416,רשת 13,2024-11-22,2024-11-22 17:36:43,17
35417,רשת 13,2024-11-22,2024-11-22 17:37:03,17
35418,רשת 13,2024-11-22,2024-11-22 17:37:25,17
35419,רשת 13,2024-11-22,2024-11-22 17:37:52,17
35420,רשת 13,2024-11-22,2024-11-22 17:38:07,17
35421,רשת 13,2024-11-22,2024-11-22 17:38:22,17
35422,רשת 13,2024-11-22,2024-11-22 17:38:32,17
35423,רשת 13,2024-11-22,2024-11-22 17:38:44,17
35424,רשת 13,2024-11-22,2024-11-22 17:39:13,17
35425,רשת 13,2024-11-22,2024-11-22 17:39:35,17
35426,רשת 13,2024-11-22,2024-11-22 17:39:53,17
35427,רשת 13,2024-11-22,2024-11-22 17:40:15,17
35428,רשת 13,2024-11-22,2024-11-22 17:40:33,17
35429,רשת 13,2024-11-22,2024-11-22 17:40:40,17
35430,רשת 13,2024-11-22,2024-11-22 17:40:46,17
35431,רשת 13,2024-11-22,2024-11-22 17:40:56,17
35432,רשת 13,2024-11-22,2024-11-22 17:41:03,17
35433,רשת 13,2024-11-22,2024-11-22 17:41:09,17
35434,רשת 13,2024-11-22,2024-11-22 17:41:15,17
35435,רשת 13,2024-11-22,2024-11-22 18:29:17,18
35436,רשת 13,2024-11-22,2024-11-22 18:30:28,18
35437,רשת 13,2024-11-22,2024-11-22 18:30:39,18
35438,רשת 13,2024-11-22,2024-11-22 18:30:45,18
35439,רשת 13,2024-11-22,2024-11-22 18:30:55,18
35440,רשת 13,2024-11-22,2024-11-22 18:31:01,18
35441,רשת 13,2024-11-22,2024-11-22 18:31:11,18
35442,רשת 13,2024-11-22,2024-11-22 18:31:17,18
35443,רשת 13,2024-11-22,2024-11-22 18:31:27,18
35444,רשת 13,2024-11-22,2024-11-22 18:32:25,18
35445,רשת 13,2024-11-22,2024-11-22 18:32:47,18
35446,רשת 13,2024-11-22,2024-11-22 18:33:16,18
35447,רשת 13,2024-11-22,2024-11-22 18:33:31,18
35448,רשת 13,2024-11-22,2024-11-22 18:33:49,18
35449,רשת 13,2024-11-22,2024-11-22 18:34:09,18
35450,רשת 13,2024-11-22,2024-11-22 18:34:30,18
35451,רשת 13,2024-11-22,2024-11-22 18:34:45,18
35452,רשת 13,2024-11-22,2024-11-22 18:34:55,18
35453,רשת 13,2024-11-22,2024-11-22 18:35:10,18
35454,רשת 13,2024-11-22,2024-11-22 18:35:25,18
35455,רשת 13,2024-11-22,2024-11-22 18:35:53,18
35456,רשת 13,2024-11-22,2024-11-22 18:36:15,18
35457,רשת 13,2024-11-22,2024-11-22 18:37:07,18
35458,רשת 13,2024-11-22,2024-11-22 18:37:13,18
35459,רשת 13,2024-11-22,2024-11-22 18:37:19,18
35460,רשת 13,2024-11-22,2024-11-22 18:37:25,18
35461,רשת 13,2024-11-22,2024-11-22 18:38:02,18
35462,רשת 13,2024-11-22,2024-11-22 18:38:09,18
35463,רשת 13,2024-11-22,2024-11-22 18:38:15,18
35464,רשת 13,2024-11-22,2024-11-22 18:38:21,18
35465,רשת 13,2024-11-22,2024-11-22 18:38:32,18
35466,רשת 13,2024-11-22,2024-11-22 18:38:42,18
35467,רשת 13,2024-11-22,2024-11-22 18:38:49,18
35468,רשת 13,2024-11-22,2024-11-22 18:38:55,18
35469,רשת 13,2024-11-22,2024-11-22 18:39:01,18
35470,רשת 13,2024-11-22,2024-11-22 18:39:07,18
35471,רשת 13,2024-11-22,2024-11-22 19:27:09,19
35472,רשת 13,2024-11-22,2024-11-22 19:28:20,19
35473,רשת 13,2024-11-22,2024-11-22 19:28:31,19
35474,רשת 13,2024-11-22,2024-11-22 19:28:41,19
35475,רשת 13,2024-11-22,2024-11-22 19:28:47,19
35476,רשת 13,2024-11-22,2024-11-22 19:28:53,19
35477,רשת 13,2024-11-22,2024-11-22 19:29:03,19
35478,רשת 13,2024-11-22,2024-11-22 19:29:13,19
35479,רשת 13,2024-11-22,2024-11-22 19:29:19,19
35480,רשת 13,2024-11-22,2024-11-22 19:30:17,19
35481,רשת 13,2024-11-22,2024-11-22 19:30:39,19
35482,רשת 13,2024-11-22,2024-11-22 19:31:07,19
35483,רשת 13,2024-11-22,2024-11-22 19:31:36,19
35484,רשת 13,2024-11-22,2024-11-22 19:31:58,19
35485,רשת 13,2024-11-22,2024-11-22 19:32:49,19
35486,רשת 13,2024-11-22,2024-11-22 19:32:59,19
35487,רשת 13,2024-11-22,2024-11-22 19:33:05,19
35488,רשת 13,2024-11-22,2024-11-22 19:33:11,19
35489,רשת 13,2024-11-22,2024-11-22 19:33:17,19
35490,רשת 13,2024-11-22,2024-11-22 20:40:15,20
35491,רשת 13,2024-11-22,2024-11-22 20:41:02,20
35492,רשת 13,2024-11-22,2024-11-22 20:41:09,20
35493,רשת 13,2024-11-22,2024-11-22 20:41:15,20
35494,רשת 13,2024-11-22,2024-11-22 20:41:21,20
35495,רשת 13,2024-11-22,2024-11-22 20:41:27,20
35496,רשת 13,2024-11-22,2024-11-22 20:41:33,20
35497,רשת 13,2024-11-22,2024-11-22 20:41:54,20
35498,רשת 13,2024-11-22,2024-11-22 20:42:11,20
35499,רשת 13,2024-11-22,2024-11-22 20:42:26,20
35500,רשת 13,2024-11-22,2024-11-22 20:42:38,20
35501,רשת 13,2024-11-22,2024-11-22 20:42:56,20
35502,רשת 13,2024-11-22,2024-11-22 20:43:20,20
35503,רשת 13,2024-11-22,2024-11-22 20:43:35,20
35504,רשת 13,2024-11-22,2024-11-22 20:43:50,20
35505,רשת 13,2024-11-22,2024-11-22 20:44:10,20
35506,רשת 13,2024-11-22,2024-11-22 20:44:25,20
35507,רשת 13,2024-11-22,2024-11-22 20:44:47,20
35508,רשת 13,2024-11-22,2024-11-22 20:45:27,20
35509,רשת 13,2024-11-22,2024-11-22 20:45:50,20
35510,רשת 13,2024-11-22,2024-11-22 21:00:18,21
35511,רשת 13,2024-11-22,2024-11-22 21:00:52,21
35512,רשת 13,2024-11-22,2024-11-22 21:01:22,21
35513,רשת 13,2024-11-22,2024-11-22 21:01:37,21
35514,רשת 13,2024-11-22,2024-11-22 21:02:21,21
35515,רשת 13,2024-11-22,2024-11-22 21:02:36,21
35516,רשת 13,2024-11-22,2024-11-22 21:02:46,21
35517,רשת 13,2024-11-22,2024-11-22 21:03:04,21
35518,רשת 13,2024-11-22,2024-11-22 21:03:19,21
35519,רשת 13,2024-11-22,2024-11-22 21:03:54,21
35520,רשת 13,2024-11-22,2024-11-22 21:04:16,21
35521,רשת 13,2024-11-22,2024-11-22 21:04:39,21
35522,רשת 13,2024-11-22,2024-11-22 21:05:01,21
35523,רשת 13,2024-11-22,2024-11-22 21:33:36,21
35524,רשת 13,2024-11-22,2024-11-22 21:34:15,21
35525,רשת 13,2024-11-22,2024-11-22 21:57:40,21
35526,רשת 13,2024-11-22,2024-11-22 21:57:44,21
35527,רשת 13,2024-11-22,2024-11-22 21:58:36,21
35528,רשת 13,2024-11-22,2024-11-22 21:58:46,21
35529,רשת 13,2024-11-22,2024-11-22 21:58:52,21
35530,רשת 13,2024-11-22,2024-11-22 21:59:02,21
35531,רשת 13,2024-11-22,2024-11-22 21:59:08,21
35532,רשת 13,2024-11-22,2024-11-22 21:59:33,21
35533,רשת 13,2024-11-22,2024-11-22 22:00:32,22
35534,רשת 13,2024-11-22,2024-11-22 22:00:44,22
35535,רשת 13,2024-11-22,2024-11-22 22:00:59,22
35536,רשת 13,2024-11-22,2024-11-22 22:01:14,22
35537,רשת 13,2024-11-22,2024-11-22 22:01:44,22
35538,רשת 13,2024-11-22,2024-11-22 22:02:19,22
35539,רשת 13,2024-11-22,2024-11-22 22:02:43,22
35540,רשת 13,2024-11-22,2024-11-22 22:03:11,22
35541,רשת 13,2024-11-22,2024-11-22 22:04:05,22
35542,רשת 13,2024-11-22,2024-11-22 22:04:53,22
35543,רשת 13,2024-11-22,2024-11-22 22:20:51,22
35544,רשת 13,2024-11-22,2024-11-22 22:21:43,22
35545,רשת 13,2024-11-22,2024-11-22 22:21:49,22
35546,רשת 13,2024-11-22,2024-11-22 22:21:55,22
35547,רשת 13,2024-11-22,2024-11-22 22:22:01,22
35548,רשת 13,2024-11-22,2024-11-22 22:22:16,22
35549,רשת 13,2024-11-22,2024-11-22 22:22:36,22
35550,רשת 13,2024-11-22,2024-11-22 22:22:46,22
35551,רשת 13,2024-11-22,2024-11-22 22:23:03,22
35552,רשת 13,2024-11-22,2024-11-22 22:23:18,22
35553,רשת 13,2024-11-22,2024-11-22 22:23:47,22
35554,רשת 13,2024-11-22,2024-11-22 22:23:57,22
35555,רשת 13,2024-11-22,2024-11-22 22:24:21,22
35556,רשת 13,2024-11-22,2024-11-22 22:24:36,22
35557,רשת 13,2024-11-22,2024-11-22 22:24:54,22
35558,רשת 13,2024-11-22,2024-11-22 22:25:12,22
35559,רשת 13,2024-11-22,2024-11-22 22:25:27,22
35560,רשת 13,2024-11-22,2024-11-22 22:25:49,22
35561,רשת 13,2024-11-22,2024-11-22 22:26:09,22
35562,רשת 13,2024-11-22,2024-11-22 22:26:31,22
35563,רשת 13,2024-11-22,2024-11-22 23:11:34,23
35564,רשת 13,2024-11-22,2024-11-22 23:11:40,23
35565,רשת 13,2024-11-22,2024-11-22 23:11:46,23
35566,רשת 13,2024-11-22,2024-11-22 23:12:10,23
35567,רשת 13,2024-11-22,2024-11-22 23:12:54,23
35568,רשת 13,2024-11-22,2024-11-22 23:13:24,23
35569,רשת 13,2024-11-22,2024-11-22 23:13:59,23
35570,רשת 13,2024-11-22,2024-11-22 23:14:17,23
35571,רשת 13,2024-11-22,2024-11-22 23:14:27,23
35572,רשת 13,2024-11-22,2024-11-22 23:14:47,23
35573,רשת 13,2024-11-22,2024-11-22 23:15:16,23
35574,רשת 13,2024-11-22,2024-11-22 23:15:31,23
35575,רשת 13,2024-11-22,2024-11-22 23:16:19,23
35576,רשת 13,2024-11-22,2024-11-22 23:49:53,23
35577,רשת 13,2024-11-22,2024-11-22 23:51:09,23
35578,רשת 13,2024-11-22,2024-11-22 23:51:16,23
35579,רשת 13,2024-11-22,2024-11-22 23:51:26,23
35580,רשת 13,2024-11-22,2024-11-22 23:51:49,23
35581,רשת 13,2024-11-22,2024-11-22 23:52:11,23
35582,רשת 13,2024-11-22,2024-11-22 23:52:39,23
35583,רשת 13,2024-11-22,2024-11-22 23:52:54,23
35584,רשת 13,2024-11-22,2024-11-22 23:53:29,23
35585,רשת 13,2024-11-22,2024-11-22 23:54:05,23
35586,רשת 13,2024-11-22,2024-11-22 23:55:19,23
35587,רשת 13,2024-11-22,2024-11-22 23:56:05,23
35588,רשת 13,2024-11-22,2024-11-22 23:56:15,23
35589,רשת 13,2024-11-22,2024-11-22 00:23:49,0
35590,רשת 13,2024-11-22,2024-11-22 00:24:42,0
35591,רשת 13,2024-11-22,2024-11-22 00:25:07,0
35592,רשת 13,2024-11-22,2024-11-22 00:25:29,0
35593,רשת 13,2024-11-22,2024-11-22 00:25:39,0
35594,רשת 13,2024-11-22,2024-11-22 00:25:54,0
35595,רשת 13,2024-11-22,2024-11-22 00:26:14,0
35596,רשת 13,2024-11-22,2024-11-22 00:26:43,0
35597,רשת 13,2024-11-22,2024-11-22 00:27:29,0
35598,רשת 13,2024-11-22,2024-11-22 00:28:43,0
35599,רשת 13,2024-11-22,2024-11-22 00:29:57,0
35600,רשת 13,2024-11-22,2024-11-22 00:30:03,0
35601,רשת 13,2024-11-22,2024-11-22 00:30:09,0
35602,רשת 13,2024-11-22,2024-11-22 00:30:15,0
35603,רשת 13,2024-11-22,2024-11-22 00:30:51,0
35604,רשת 13,2024-11-22,2024-11-22 00:30:57,0
35605,רשת 13,2024-11-22,2024-11-22 00:31:03,0
35606,רשת 13,2024-11-22,2024-11-22 00:31:09,0
35607,רשת 13,2024-11-22,2024-11-22 00:31:20,0
35608,רשת 13,2024-11-22,2024-11-22 00:49:38,0
35609,רשת 13,2024-11-22,2024-11-22 00:51:05,0
35610,רשת 13,2024-11-22,2024-11-22 00:51:20,0
35611,רשת 13,2024-11-22,2024-11-22 00:51:40,0
35612,רשת 13,2024-11-22,2024-11-22 00:51:54,0
35613,רשת 13,2024-11-22,2024-11-22 00:53:08,0
35614,רשת 13,2024-11-22,2024-11-22 01:28:52,1
35615,רשת 13,2024-11-22,2024-11-22 01:30:08,1
35616,רשת 13,2024-11-22,2024-11-22 01:30:33,1
35617,רשת 13,2024-11-22,2024-11-22 01:31:32,1
35618,רשת 13,2024-11-22,2024-11-22 01:32:08,1
35619,רשת 13,2024-11-22,2024-11-22 01:33:22,1
36560,רשת 13,2024-11-23,2024-11-23 02:25:14,2
36561,רשת 13,2024-11-23,2024-11-23 02:26:02,2
36562,רשת 13,2024-11-23,2024-11-23 02:26:50,2
36563,רשת 13,2024-11-23,2024-11-23 02:27:38,2
36564,רשת 13,2024-11-23,2024-11-23 02:28:15,2
36565,רשת 13,2024-11-23,2024-11-23 03:30:12,3
36566,רשת 13,2024-11-23,2024-11-23 03:30:50,3
36567,רשת 13,2024-11-23,2024-11-23 03:31:36,3
36568,רשת 13,2024-11-23,2024-11-23 03:32:24,3
36569,רשת 13,2024-11-23,2024-11-23 03:32:44,3
36570,רשת 13,2024-11-23,2024-11-23 04:07:31,4
36571,רשת 13,2024-11-23,2024-11-23 04:08:09,4
36572,רשת 13,2024-11-23,2024-11-23 04:08:57,4
36573,רשת 13,2024-11-23,2024-11-23 04:09:33,4
36574,רשת 13,2024-11-23,2024-11-23 04:10:18,4
36575,רשת 13,2024-11-23,2024-11-23 04:10:36,4
36576,רשת 13,2024-11-23,2024-11-23 05:35:03,5
36577,רשת 13,2024-11-23,2024-11-23 05:35:51,5
36578,רשת 13,2024-11-23,2024-11-23 05:36:28,5
36579,רשת 13,2024-11-23,2024-11-23 05:36:52,5
36580,רשת 13,2024-11-23,2024-11-23 06:16:26,6
36581,רשת 13,2024-11-23,2024-11-23 06:17:27,6
36582,רשת 13,2024-11-23,2024-11-23 06:17:48,6
36583,רשת 13,2024-11-23,2024-11-23 06:18:04,6
36584,רשת 13,2024-11-23,2024-11-23 06:18:26,6
36585,רשת 13,2024-11-23,2024-11-23 06:19:11,6
36586,רשת 13,2024-11-23,2024-11-23 06:19:17,6
36587,רשת 13,2024-11-23,2024-11-23 06:19:52,6
36588,רשת 13,2024-11-23,2024-11-23 06:19:58,6
36589,רשת 13,2024-11-23,2024-11-23 06:54:26,6
36590,רשת 13,2024-11-23,2024-11-23 06:55:14,6
36591,רשת 13,2024-11-23,2024-11-23 06:56:01,6
36592,רשת 13,2024-11-23,2024-11-23 06:56:19,6
36593,רשת 13,2024-11-23,2024-11-23 06:56:41,6
36594,רשת 13,2024-11-23,2024-11-23 07:17:52,7
36595,רשת 13,2024-11-23,2024-11-23 07:18:56,7
36596,רשת 13,2024-11-23,2024-11-23 07:19:02,7
36597,רשת 13,2024-11-23,2024-11-23 07:19:38,7
36598,רשת 13,2024-11-23,2024-11-23 07:19:44,7
36599,רשת 13,2024-11-23,2024-11-23 07:52:58,7
36600,רשת 13,2024-11-23,2024-11-23 08:12:03,8
36601,רשת 13,2024-11-23,2024-11-23 08:12:56,8
36602,רשת 13,2024-11-23,2024-11-23 08:13:02,8
36603,רשת 13,2024-11-23,2024-11-23 08:13:08,8
36604,רשת 13,2024-11-23,2024-11-23 08:13:18,8
36605,רשת 13,2024-11-23,2024-11-23 08:13:38,8
36606,רשת 13,2024-11-23,2024-11-23 08:13:59,8
36607,רשת 13,2024-11-23,2024-11-23 08:14:14,8
36608,רשת 13,2024-11-23,2024-11-23 08:14:43,8
36609,רשת 13,2024-11-23,2024-11-23 08:15:03,8
36610,רשת 13,2024-11-23,2024-11-23 08:15:33,8
36611,רשת 13,2024-11-23,2024-11-23 08:15:45,8
36612,רשת 13,2024-11-23,2024-11-23 08:16:16,8
36613,רשת 13,2024-11-23,2024-11-23 08:16:32,8
36614,רשת 13,2024-11-23,2024-11-23 08:17:20,8
36615,רשת 13,2024-11-23,2024-11-23 08:17:42,8
36616,רשת 13,2024-11-23,2024-11-23 08:18:47,8
36617,רשת 13,2024-11-23,2024-11-23 08:18:57,8
36618,רשת 13,2024-11-23,2024-11-23 08:19:03,8
36619,רשת 13,2024-11-23,2024-11-23 08:19:13,8
36620,רשת 13,2024-11-23,2024-11-23 08:19:19,8
36621,רשת 13,2024-11-23,2024-11-23 08:19:54,8
36622,רשת 13,2024-11-23,2024-11-23 08:20:00,8
36623,רשת 13,2024-11-23,2024-11-23 08:20:10,8
36624,רשת 13,2024-11-23,2024-11-23 08:20:16,8
36625,רשת 13,2024-11-23,2024-11-23 08:20:22,8
36626,רשת 13,2024-11-23,2024-11-23 08:35:08,8
36627,רשת 13,2024-11-23,2024-11-23 08:36:19,8
36628,רשת 13,2024-11-23,2024-11-23 08:36:55,8
36629,רשת 13,2024-11-23,2024-11-23 08:37:41,8
36630,רשת 13,2024-11-23,2024-11-23 08:38:00,8
36631,רשת 13,2024-11-23,2024-11-23 08:38:48,8
36632,רשת 13,2024-11-23,2024-11-23 08:58:58,8
36633,רשת 13,2024-11-23,2024-11-23 09:00:03,9
36634,רשת 13,2024-11-23,2024-11-23 09:00:28,9
36635,רשת 13,2024-11-23,2024-11-23 09:00:56,9
36636,רשת 13,2024-11-23,2024-11-23 09:01:31,9
36637,רשת 13,2024-11-23,2024-11-23 09:01:46,9
36638,רשת 13,2024-11-23,2024-11-23 09:02:04,9
36639,רשת 13,2024-11-23,2024-11-23 09:02:22,9
36640,רשת 13,2024-11-23,2024-11-23 09:02:52,9
36641,רשת 13,2024-11-23,2024-11-23 09:03:08,9
36642,רשת 13,2024-11-23,2024-11-23 09:04:01,9
36643,רשת 13,2024-11-23,2024-11-23 09:04:07,9
36644,רשת 13,2024-11-23,2024-11-23 09:04:13,9
36645,רשת 13,2024-11-23,2024-11-23 09:04:19,9
36646,רשת 13,2024-11-23,2024-11-23 09:04:54,9
36647,רשת 13,2024-11-23,2024-11-23 09:05:00,9
36648,רשת 13,2024-11-23,2024-11-23 09:05:06,9
36649,רשת 13,2024-11-23,2024-11-23 09:05:12,9
36650,רשת 13,2024-11-23,2024-11-23 09:05:23,9
36651,רשת 13,2024-11-23,2024-11-23 09:05:33,9
36652,רשת 13,2024-11-23,2024-11-23 09:47:32,9
36653,רשת 13,2024-11-23,2024-11-23 09:48:42,9
36654,רשת 13,2024-11-23,2024-11-23 09:49:19,9
36655,רשת 13,2024-11-23,2024-11-23 09:50:05,9
36656,רשת 13,2024-11-23,2024-11-23 09:50:23,9
36657,רשת 13,2024-11-23,2024-11-23 09:51:11,9
36658,רשת 13,2024-11-23,2024-11-23 10:04:39,10
36659,רשת 13,2024-11-23,2024-11-23 10:05:29,10
36660,רשת 13,2024-11-23,2024-11-23 10:05:39,10
36661,רשת 13,2024-11-23,2024-11-23 10:05:49,10
36662,רשת 13,2024-11-23,2024-11-23 10:05:55,10
36663,רשת 13,2024-11-23,2024-11-23 10:06:19,10
36664,רשת 13,2024-11-23,2024-11-23 10:06:39,10
36665,רשת 13,2024-11-23,2024-11-23 10:06:54,10
36666,רשת 13,2024-11-23,2024-11-23 10:07:09,10
36667,רשת 13,2024-11-23,2024-11-23 10:07:29,10
36668,רשת 13,2024-11-23,2024-11-23 10:07:41,10
36669,רשת 13,2024-11-23,2024-11-23 10:07:53,10
36670,רשת 13,2024-11-23,2024-11-23 10:08:15,10
36671,רשת 13,2024-11-23,2024-11-23 10:08:53,10
36672,רשת 13,2024-11-23,2024-11-23 10:09:03,10
36673,רשת 13,2024-11-23,2024-11-23 10:09:13,10
36674,רשת 13,2024-11-23,2024-11-23 10:09:19,10
36675,רשת 13,2024-11-23,2024-11-23 10:25:04,10
36676,רשת 13,2024-11-23,2024-11-23 10:26:07,10
36677,רשת 13,2024-11-23,2024-11-23 10:26:22,10
36678,רשת 13,2024-11-23,2024-11-23 10:26:40,10
36679,רשת 13,2024-11-23,2024-11-23 10:26:54,10
36680,רשת 13,2024-11-23,2024-11-23 10:27:14,10
36681,רשת 13,2024-11-23,2024-11-23 10:27:34,10
36682,רשת 13,2024-11-23,2024-11-23 10:28:04,10
36683,רשת 13,2024-11-23,2024-11-23 10:28:49,10
36684,רשת 13,2024-11-23,2024-11-23 10:28:55,10
36685,רשת 13,2024-11-23,2024-11-23 10:29:01,10
36686,רשת 13,2024-11-23,2024-11-23 10:29:07,10
36687,רשת 13,2024-11-23,2024-11-23 10:29:42,10
36688,רשת 13,2024-11-23,2024-11-23 10:29:48,10
36689,רשת 13,2024-11-23,2024-11-23 10:29:54,10
36690,רשת 13,2024-11-23,2024-11-23 10:30:00,10
36691,רשת 13,2024-11-23,2024-11-23 10:45:37,10
36692,רשת 13,2024-11-23,2024-11-23 10:46:48,10
36693,רשת 13,2024-11-23,2024-11-23 10:47:25,10
36694,רשת 13,2024-11-23,2024-11-23 10:48:11,10
36695,רשת 13,2024-11-23,2024-11-23 10:48:29,10
36696,רשת 13,2024-11-23,2024-11-23 10:49:17,10
36697,רשת 13,2024-11-23,2024-11-23 11:16:57,11
36698,רשת 13,2024-11-23,2024-11-23 11:17:50,11
36699,רשת 13,2024-11-23,2024-11-23 11:18:00,11
36700,רשת 13,2024-11-23,2024-11-23 11:18:10,11
36701,רשת 13,2024-11-23,2024-11-23 11:18:16,11
36702,רשת 13,2024-11-23,2024-11-23 11:18:22,11
36703,רשת 13,2024-11-23,2024-11-23 11:18:47,11
36704,רשת 13,2024-11-23,2024-11-23 11:19:07,11
36705,רשת 13,2024-11-23,2024-11-23 11:20:06,11
36706,רשת 13,2024-11-23,2024-11-23 11:20:36,11
36707,רשת 13,2024-11-23,2024-11-23 11:20:56,11
36708,רשת 13,2024-11-23,2024-11-23 11:21:13,11
36709,רשת 13,2024-11-23,2024-11-23 11:21:27,11
36710,רשת 13,2024-11-23,2024-11-23 11:21:35,11
36711,רשת 13,2024-11-23,2024-11-23 11:21:55,11
36712,רשת 13,2024-11-23,2024-11-23 11:22:03,11
36713,רשת 13,2024-11-23,2024-11-23 11:22:21,11
36714,רשת 13,2024-11-23,2024-11-23 11:22:29,11
36715,רשת 13,2024-11-23,2024-11-23 11:22:58,11
36716,רשת 13,2024-11-23,2024-11-23 11:23:14,11
36717,רשת 13,2024-11-23,2024-11-23 11:23:40,11
36718,רשת 13,2024-11-23,2024-11-23 11:23:46,11
36719,רשת 13,2024-11-23,2024-11-23 11:23:52,11
36720,רשת 13,2024-11-23,2024-11-23 11:23:58,11
36721,רשת 13,2024-11-23,2024-11-23 11:24:34,11
36722,רשת 13,2024-11-23,2024-11-23 11:24:40,11
36723,רשת 13,2024-11-23,2024-11-23 11:24:46,11
36724,רשת 13,2024-11-23,2024-11-23 11:24:52,11
36725,רשת 13,2024-11-23,2024-11-23 11:25:03,11
36726,רשת 13,2024-11-23,2024-11-23 11:25:13,11
36727,רשת 13,2024-11-23,2024-11-23 11:25:23,11
36728,רשת 13,2024-11-23,2024-11-23 11:25:29,11
36729,רשת 13,2024-11-23,2024-11-23 11:25:39,11
36730,רשת 13,2024-11-23,2024-11-23 12:03:21,12
36731,רשת 13,2024-11-23,2024-11-23 12:04:36,12
36732,רשת 13,2024-11-23,2024-11-23 12:04:42,12
36733,רשת 13,2024-11-23,2024-11-23 12:04:52,12
36734,רשת 13,2024-11-23,2024-11-23 12:05:02,12
36735,רשת 13,2024-11-23,2024-11-23 12:05:08,12
36736,רשת 13,2024-11-23,2024-11-23 12:05:34,12
36737,רשת 13,2024-11-23,2024-11-23 12:05:55,12
36738,רשת 13,2024-11-23,2024-11-23 12:06:25,12
36739,רשת 13,2024-11-23,2024-11-23 12:06:40,12
36740,רשת 13,2024-11-23,2024-11-23 12:07:09,12
36741,רשת 13,2024-11-23,2024-11-23 12:07:29,12
36742,רשת 13,2024-11-23,2024-11-23 12:07:41,12
36743,רשת 13,2024-11-23,2024-11-23 12:07:56,12
36744,רשת 13,2024-11-23,2024-11-23 12:08:16,12
36745,רשת 13,2024-11-23,2024-11-23 12:08:34,12
36746,רשת 13,2024-11-23,2024-11-23 12:08:49,12
36747,רשת 13,2024-11-23,2024-11-23 12:09:09,12
36748,רשת 13,2024-11-23,2024-11-23 12:09:31,12
36749,רשת 13,2024-11-23,2024-11-23 12:09:53,12
36750,רשת 13,2024-11-23,2024-11-23 12:09:59,12
36751,רשת 13,2024-11-23,2024-11-23 12:10:05,12
36752,רשת 13,2024-11-23,2024-11-23 12:10:11,12
36753,רשת 13,2024-11-23,2024-11-23 12:10:46,12
36754,רשת 13,2024-11-23,2024-11-23 12:10:52,12
36755,רשת 13,2024-11-23,2024-11-23 12:10:58,12
36756,רשת 13,2024-11-23,2024-11-23 12:11:04,12
36757,רשת 13,2024-11-23,2024-11-23 12:11:15,12
36758,רשת 13,2024-11-23,2024-11-23 12:11:25,12
36759,רשת 13,2024-11-23,2024-11-23 12:11:35,12
36760,רשת 13,2024-11-23,2024-11-23 12:11:41,12
36761,רשת 13,2024-11-23,2024-11-23 12:49:20,12
36762,רשת 13,2024-11-23,2024-11-23 13:16:38,13
36763,רשת 13,2024-11-23,2024-11-23 13:17:53,13
36764,רשת 13,2024-11-23,2024-11-23 13:18:03,13
36765,רשת 13,2024-11-23,2024-11-23 13:18:09,13
36766,רשת 13,2024-11-23,2024-11-23 13:18:15,13
36767,רשת 13,2024-11-23,2024-11-23 13:18:41,13
36768,רשת 13,2024-11-23,2024-11-23 13:18:55,13
36769,רשת 13,2024-11-23,2024-11-23 13:19:13,13
36770,רשת 13,2024-11-23,2024-11-23 13:19:33,13
36771,רשת 13,2024-11-23,2024-11-23 13:19:43,13
36772,רשת 13,2024-11-23,2024-11-23 13:19:53,13
36773,רשת 13,2024-11-23,2024-11-23 13:20:11,13
36774,רשת 13,2024-11-23,2024-11-23 13:20:43,13
36775,רשת 13,2024-11-23,2024-11-23 13:20:59,13
36776,רשת 13,2024-11-23,2024-11-23 13:21:36,13
36777,רשת 13,2024-11-23,2024-11-23 13:22:24,13
36778,רשת 13,2024-11-23,2024-11-23 13:23:16,13
36779,רשת 13,2024-11-23,2024-11-23 13:23:22,13
36780,רשת 13,2024-11-23,2024-11-23 13:23:28,13
36781,רשת 13,2024-11-23,2024-11-23 13:23:34,13
36782,רשת 13,2024-11-23,2024-11-23 13:24:10,13
36783,רשת 13,2024-11-23,2024-11-23 13:24:16,13
36784,רשת 13,2024-11-23,2024-11-23 13:24:22,13
36785,רשת 13,2024-11-23,2024-11-23 13:24:28,13
36786,רשת 13,2024-11-23,2024-11-23 13:45:21,13
36787,רשת 13,2024-11-23,2024-11-23 13:46:31,13
36788,רשת 13,2024-11-23,2024-11-23 13:47:08,13
36789,רשת 13,2024-11-23,2024-11-23 13:47:54,13
36790,רשת 13,2024-11-23,2024-11-23 13:48:12,13
36791,רשת 13,2024-11-23,2024-11-23 13:49:00,13
36792,רשת 13,2024-11-23,2024-11-23 14:04:05,14
36793,רשת 13,2024-11-23,2024-11-23 14:19:39,14
36794,רשת 13,2024-11-23,2024-11-23 14:20:50,14
36795,רשת 13,2024-11-23,2024-11-23 14:21:00,14
36796,רשת 13,2024-11-23,2024-11-23 14:21:10,14
36797,רשת 13,2024-11-23,2024-11-23 14:21:16,14
36798,רשת 13,2024-11-23,2024-11-23 14:21:22,14
36799,רשת 13,2024-11-23,2024-11-23 14:22:49,14
36800,רשת 13,2024-11-23,2024-11-23 14:23:09,14
36801,רשת 13,2024-11-23,2024-11-23 14:23:27,14
36802,רשת 13,2024-11-23,2024-11-23 14:23:42,14
36803,רשת 13,2024-11-23,2024-11-23 14:24:02,14
36804,רשת 13,2024-11-23,2024-11-23 14:24:17,14
36805,רשת 13,2024-11-23,2024-11-23 14:24:33,14
36806,רשת 13,2024-11-23,2024-11-23 14:24:55,14
36807,רשת 13,2024-11-23,2024-11-23 14:25:33,14
36808,רשת 13,2024-11-23,2024-11-23 14:25:39,14
36809,רשת 13,2024-11-23,2024-11-23 14:25:45,14
36810,רשת 13,2024-11-23,2024-11-23 14:25:51,14
36811,רשת 13,2024-11-23,2024-11-23 14:26:27,14
36812,רשת 13,2024-11-23,2024-11-23 14:26:33,14
36813,רשת 13,2024-11-23,2024-11-23 14:26:39,14
36814,רשת 13,2024-11-23,2024-11-23 14:26:45,14
36815,רשת 13,2024-11-23,2024-11-23 14:26:56,14
36816,רשת 13,2024-11-23,2024-11-23 14:27:06,14
36817,רשת 13,2024-11-23,2024-11-23 14:27:12,14
36818,רשת 13,2024-11-23,2024-11-23 14:52:43,14
36819,רשת 13,2024-11-23,2024-11-23 14:53:01,14
36820,רשת 13,2024-11-23,2024-11-23 15:02:44,15
36821,רשת 13,2024-11-23,2024-11-23 15:03:55,15
36822,רשת 13,2024-11-23,2024-11-23 15:04:06,15
36823,רשת 13,2024-11-23,2024-11-23 15:04:16,15
36824,רשת 13,2024-11-23,2024-11-23 15:04:26,15
36825,רשת 13,2024-11-23,2024-11-23 15:04:32,15
36826,רשת 13,2024-11-23,2024-11-23 15:04:38,15
36827,רשת 13,2024-11-23,2024-11-23 15:04:48,15
36828,רשת 13,2024-11-23,2024-11-23 15:05:51,15
36829,רשת 13,2024-11-23,2024-11-23 15:06:05,15
36830,רשת 13,2024-11-23,2024-11-23 15:06:32,15
36831,רשת 13,2024-11-23,2024-11-23 15:06:47,15
36832,רשת 13,2024-11-23,2024-11-23 15:07:02,15
36833,רשת 13,2024-11-23,2024-11-23 15:07:12,15
36834,רשת 13,2024-11-23,2024-11-23 15:07:57,15
36835,רשת 13,2024-11-23,2024-11-23 15:08:17,15
36836,רשת 13,2024-11-23,2024-11-23 15:08:23,15
36837,רשת 13,2024-11-23,2024-11-23 15:08:29,15
36838,רשת 13,2024-11-23,2024-11-23 15:08:35,15
36839,רשת 13,2024-11-23,2024-11-23 15:09:11,15
36840,רשת 13,2024-11-23,2024-11-23 15:09:17,15
36841,רשת 13,2024-11-23,2024-11-23 15:09:23,15
36842,רשת 13,2024-11-23,2024-11-23 15:09:29,15
36843,רשת 13,2024-11-23,2024-11-23 15:09:40,15
36844,רשת 13,2024-11-23,2024-11-23 15:09:50,15
36845,רשת 13,2024-11-23,2024-11-23 15:10:00,15
36846,רשת 13,2024-11-23,2024-11-23 15:10:06,15
36847,רשת 13,2024-11-23,2024-11-23 15:15:45,15
36848,רשת 13,2024-11-23,2024-11-23 15:16:55,15
36849,רשת 13,2024-11-23,2024-11-23 15:17:32,15
36850,רשת 13,2024-11-23,2024-11-23 15:18:18,15
36851,רשת 13,2024-11-23,2024-11-23 15:18:36,15
36852,רשת 13,2024-11-23,2024-11-23 15:19:24,15
36853,רשת 13,2024-11-23,2024-11-23 16:10:34,16
36854,רשת 13,2024-11-23,2024-11-23 16:11:45,16
36855,רשת 13,2024-11-23,2024-11-23 16:11:56,16
36856,רשת 13,2024-11-23,2024-11-23 16:12:02,16
36857,רשת 13,2024-11-23,2024-11-23 16:12:12,16
36858,רשת 13,2024-11-23,2024-11-23 16:12:22,16
36859,רשת 13,2024-11-23,2024-11-23 16:12:28,16
36860,רשת 13,2024-11-23,2024-11-23 16:12:38,16
36861,רשת 13,2024-11-23,2024-11-23 16:14:05,16
36862,רשת 13,2024-11-23,2024-11-23 16:14:35,16
36863,רשת 13,2024-11-23,2024-11-23 16:14:47,16
36864,רשת 13,2024-11-23,2024-11-23 16:15:14,16
36865,רשת 13,2024-11-23,2024-11-23 16:15:32,16
36866,רשת 13,2024-11-23,2024-11-23 16:16:07,16
36867,רשת 13,2024-11-23,2024-11-23 16:16:25,16
36868,רשת 13,2024-11-23,2024-11-23 16:16:35,16
36869,רשת 13,2024-11-23,2024-11-23 16:16:50,16
36870,רשת 13,2024-11-23,2024-11-23 16:17:05,16
36871,רשת 13,2024-11-23,2024-11-23 16:17:20,16
36872,רשת 13,2024-11-23,2024-11-23 16:17:40,16
36873,רשת 13,2024-11-23,2024-11-23 16:18:40,16
36874,רשת 13,2024-11-23,2024-11-23 16:19:06,16
36875,רשת 13,2024-11-23,2024-11-23 16:19:12,16
36876,רשת 13,2024-11-23,2024-11-23 16:19:18,16
36877,רשת 13,2024-11-23,2024-11-23 16:19:24,16
36878,רשת 13,2024-11-23,2024-11-23 16:20:00,16
36879,רשת 13,2024-11-23,2024-11-23 16:20:06,16
36880,רשת 13,2024-11-23,2024-11-23 16:20:12,16
36881,רשת 13,2024-11-23,2024-11-23 16:20:18,16
36882,רשת 13,2024-11-23,2024-11-23 16:20:29,16
36883,רשת 13,2024-11-23,2024-11-23 16:20:39,16
36884,רשת 13,2024-11-23,2024-11-23 16:20:45,16
36885,רשת 13,2024-11-23,2024-11-23 16:20:51,16
36886,רשת 13,2024-11-23,2024-11-23 16:32:04,16
36887,רשת 13,2024-11-23,2024-11-23 16:32:50,16
36888,רשת 13,2024-11-23,2024-11-23 16:33:08,16
36889,רשת 13,2024-11-23,2024-11-23 16:33:56,16
36890,רשת 13,2024-11-23,2024-11-23 17:09:43,17
36891,רשת 13,2024-11-23,2024-11-23 17:09:49,17
36892,רשת 13,2024-11-23,2024-11-23 17:09:55,17
36893,רשת 13,2024-11-23,2024-11-23 17:10:01,17
36894,רשת 13,2024-11-23,2024-11-23 17:10:37,17
36895,רשת 13,2024-11-23,2024-11-23 17:10:43,17
36896,רשת 13,2024-11-23,2024-11-23 17:10:49,17
36897,רשת 13,2024-11-23,2024-11-23 17:10:55,17
36898,רשת 13,2024-11-23,2024-11-23 17:30:18,17
36899,רשת 13,2024-11-23,2024-11-23 17:31:29,17
36900,רשת 13,2024-11-23,2024-11-23 17:31:40,17
36901,רשת 13,2024-11-23,2024-11-23 17:31:50,17
36902,רשת 13,2024-11-23,2024-11-23 17:32:00,17
36903,רשת 13,2024-11-23,2024-11-23 17:32:06,17
36904,רשת 13,2024-11-23,2024-11-23 17:32:16,17
36905,רשת 13,2024-11-23,2024-11-23 17:33:41,17
36906,רשת 13,2024-11-23,2024-11-23 17:34:09,17
36907,רשת 13,2024-11-23,2024-11-23 17:34:31,17
36908,רשת 13,2024-11-23,2024-11-23 17:34:41,17
36909,רשת 13,2024-11-23,2024-11-23 17:35:01,17
36910,רשת 13,2024-11-23,2024-11-23 17:35:16,17
36911,רשת 13,2024-11-23,2024-11-23 17:35:31,17
36912,רשת 13,2024-11-23,2024-11-23 17:35:49,17
36913,רשת 13,2024-11-23,2024-11-23 17:35:59,17
36914,רשת 13,2024-11-23,2024-11-23 17:36:31,17
36915,רשת 13,2024-11-23,2024-11-23 17:37:08,17
36916,רשת 13,2024-11-23,2024-11-23 17:37:56,17
36917,רשת 13,2024-11-23,2024-11-23 17:38:49,17
36918,רשת 13,2024-11-23,2024-11-23 17:38:59,17
36919,רשת 13,2024-11-23,2024-11-23 17:39:05,17
36920,רשת 13,2024-11-23,2024-11-23 17:39:11,17
36921,רשת 13,2024-11-23,2024-11-23 17:39:17,17
36922,רשת 13,2024-11-23,2024-11-23 17:46:28,17
36923,רשת 13,2024-11-23,2024-11-23 17:47:39,17
36924,רשת 13,2024-11-23,2024-11-23 17:48:16,17
36925,רשת 13,2024-11-23,2024-11-23 17:48:34,17
36926,רשת 13,2024-11-23,2024-11-23 17:49:22,17
36927,רשת 13,2024-11-23,2024-11-23 17:50:08,17
36928,רשת 13,2024-11-23,2024-11-23 17:51:01,17
36929,רשת 13,2024-11-23,2024-11-23 17:51:11,17
36930,רשת 13,2024-11-23,2024-11-23 17:51:17,17
36931,רשת 13,2024-11-23,2024-11-23 17:51:27,17
36932,רשת 13,2024-11-23,2024-11-23 17:59:31,17
36933,רשת 13,2024-11-23,2024-11-23 18:00:24,18
36934,רשת 13,2024-11-23,2024-11-23 18:01:35,18
36935,רשת 13,2024-11-23,2024-11-23 18:01:45,18
36936,רשת 13,2024-11-23,2024-11-23 18:01:55,18
36937,רשת 13,2024-11-23,2024-11-23 18:02:01,18
36938,רשת 13,2024-11-23,2024-11-23 18:02:07,18
36939,רשת 13,2024-11-23,2024-11-23 18:02:13,18
36940,רשת 13,2024-11-23,2024-11-23 18:02:28,18
36941,רשת 13,2024-11-23,2024-11-23 18:02:49,18
36942,רשת 13,2024-11-23,2024-11-23 18:03:11,18
36943,רשת 13,2024-11-23,2024-11-23 18:03:38,18
36944,רשת 13,2024-11-23,2024-11-23 18:03:58,18
36945,רשת 13,2024-11-23,2024-11-23 18:04:18,18
36946,רשת 13,2024-11-23,2024-11-23 18:04:28,18
36947,רשת 13,2024-11-23,2024-11-23 18:04:43,18
36948,רשת 13,2024-11-23,2024-11-23 18:05:15,18
36949,רשת 13,2024-11-23,2024-11-23 18:05:37,18
36950,רשת 13,2024-11-23,2024-11-23 18:06:28,18
36951,רשת 13,2024-11-23,2024-11-23 18:06:34,18
36952,רשת 13,2024-11-23,2024-11-23 18:06:40,18
36953,רשת 13,2024-11-23,2024-11-23 18:06:46,18
36954,רשת 13,2024-11-23,2024-11-23 18:07:00,18
36955,רשת 13,2024-11-23,2024-11-23 18:07:06,18
36956,רשת 13,2024-11-23,2024-11-23 18:07:12,18
36957,רשת 13,2024-11-23,2024-11-23 18:07:18,18
36958,רשת 13,2024-11-23,2024-11-23 18:07:54,18
36959,רשת 13,2024-11-23,2024-11-23 18:08:00,18
36960,רשת 13,2024-11-23,2024-11-23 18:08:06,18
36961,רשת 13,2024-11-23,2024-11-23 18:08:12,18
36962,רשת 13,2024-11-23,2024-11-23 18:08:22,18
36963,רשת 13,2024-11-23,2024-11-23 18:08:28,18
36964,רשת 13,2024-11-23,2024-11-23 18:08:38,18
36965,רשת 13,2024-11-23,2024-11-23 18:08:48,18
36966,רשת 13,2024-11-23,2024-11-23 18:08:54,18
36967,רשת 13,2024-11-23,2024-11-23 19:24:29,19
36968,רשת 13,2024-11-23,2024-11-23 19:25:40,19
36969,רשת 13,2024-11-23,2024-11-23 19:25:50,19
36970,רשת 13,2024-11-23,2024-11-23 19:25:56,19
36971,רשת 13,2024-11-23,2024-11-23 19:26:02,19
36972,רשת 13,2024-11-23,2024-11-23 19:26:12,19
36973,רשת 13,2024-11-23,2024-11-23 19:26:22,19
36974,רשת 13,2024-11-23,2024-11-23 19:26:29,19
36975,רשת 13,2024-11-23,2024-11-23 19:26:35,19
36976,רשת 13,2024-11-23,2024-11-23 19:26:41,19
36977,רשת 13,2024-11-23,2024-11-23 19:26:51,19
36978,רשת 13,2024-11-23,2024-11-23 19:28:07,19
36979,רשת 13,2024-11-23,2024-11-23 19:28:29,19
36980,רשת 13,2024-11-23,2024-11-23 19:28:44,19
36981,רשת 13,2024-11-23,2024-11-23 19:28:56,19
36982,רשת 13,2024-11-23,2024-11-23 19:29:17,19
36983,רשת 13,2024-11-23,2024-11-23 19:29:27,19
36984,רשת 13,2024-11-23,2024-11-23 19:29:57,19
36985,רשת 13,2024-11-23,2024-11-23 19:30:43,19
36986,רשת 13,2024-11-23,2024-11-23 19:31:09,19
36987,רשת 13,2024-11-23,2024-11-23 19:31:19,19
36988,רשת 13,2024-11-23,2024-11-23 19:31:25,19
36989,רשת 13,2024-11-23,2024-11-23 19:31:31,19
36990,רשת 13,2024-11-23,2024-11-23 19:31:37,19
36991,רשת 13,2024-11-23,2024-11-23 19:31:43,19
36992,רשת 13,2024-11-23,2024-11-23 19:31:49,19
36993,רשת 13,2024-11-23,2024-11-23 19:31:55,19
36994,רשת 13,2024-11-23,2024-11-23 19:48:48,19
36995,רשת 13,2024-11-23,2024-11-23 19:49:48,19
36996,רשת 13,2024-11-23,2024-11-23 19:50:33,19
36997,רשת 13,2024-11-23,2024-11-23 20:20:52,20
36998,רשת 13,2024-11-23,2024-11-23 20:33:27,20
36999,רשת 13,2024-11-23,2024-11-23 20:34:19,20
37000,רשת 13,2024-11-23,2024-11-23 20:34:29,20
37001,רשת 13,2024-11-23,2024-11-23 20:34:35,20
37002,רשת 13,2024-11-23,2024-11-23 20:34:45,20
37003,רשת 13,2024-11-23,2024-11-23 20:35:10,20
37004,רשת 13,2024-11-23,2024-11-23 20:35:27,20
37005,רשת 13,2024-11-23,2024-11-23 20:35:39,20
37006,רשת 13,2024-11-23,2024-11-23 20:36:04,20
37007,רשת 13,2024-11-23,2024-11-23 20:36:21,20
37008,רשת 13,2024-11-23,2024-11-23 20:36:41,20
37009,רשת 13,2024-11-23,2024-11-23 20:37:03,20
37010,רשת 13,2024-11-23,2024-11-23 20:37:13,20
37011,רשת 13,2024-11-23,2024-11-23 20:37:46,20
37012,רשת 13,2024-11-23,2024-11-23 20:38:01,20
37013,רשת 13,2024-11-23,2024-11-23 20:38:16,20
37014,רשת 13,2024-11-23,2024-11-23 20:38:31,20
37015,רשת 13,2024-11-23,2024-11-23 20:38:43,20
37016,רשת 13,2024-11-23,2024-11-23 20:39:29,20
37017,רשת 13,2024-11-23,2024-11-23 20:39:51,20
37018,רשת 13,2024-11-23,2024-11-23 20:57:17,20
37019,רשת 13,2024-11-23,2024-11-23 20:58:07,20
37020,רשת 13,2024-11-23,2024-11-23 20:58:13,20
37021,רשת 13,2024-11-23,2024-11-23 20:58:29,20
37022,רשת 13,2024-11-23,2024-11-23 20:58:58,20
37023,רשת 13,2024-11-23,2024-11-23 20:59:13,20
37024,רשת 13,2024-11-23,2024-11-23 20:59:43,20
37025,רשת 13,2024-11-23,2024-11-23 21:00:03,21
37026,רשת 13,2024-11-23,2024-11-23 21:00:18,21
37027,רשת 13,2024-11-23,2024-11-23 21:00:28,21
37028,רשת 13,2024-11-23,2024-11-23 21:00:40,21
37029,רשת 13,2024-11-23,2024-11-23 21:01:11,21
37030,רשת 13,2024-11-23,2024-11-23 21:01:49,21
37031,רשת 13,2024-11-23,2024-11-23 21:02:04,21
37032,רשת 13,2024-11-23,2024-11-23 21:02:24,21
37033,רשת 13,2024-11-23,2024-11-23 21:02:42,21
37034,רשת 13,2024-11-23,2024-11-23 21:02:52,21
37035,רשת 13,2024-11-23,2024-11-23 21:03:07,21
37036,רשת 13,2024-11-23,2024-11-23 21:03:19,21
37037,רשת 13,2024-11-23,2024-11-23 21:03:58,21
37038,רשת 13,2024-11-23,2024-11-23 21:04:46,21
37039,רשת 13,2024-11-23,2024-11-23 21:22:48,21
37040,רשת 13,2024-11-23,2024-11-23 21:22:54,21
37041,רשת 13,2024-11-23,2024-11-23 21:23:42,21
37042,רשת 13,2024-11-23,2024-11-23 21:23:48,21
37043,רשת 13,2024-11-23,2024-11-23 22:01:57,22
37044,רשת 13,2024-11-23,2024-11-23 22:21:30,22
37045,רשת 13,2024-11-23,2024-11-23 22:22:50,22
37046,רשת 13,2024-11-23,2024-11-23 22:22:56,22
37047,רשת 13,2024-11-23,2024-11-23 22:23:02,22
37048,רשת 13,2024-11-23,2024-11-23 22:23:08,22
37049,רשת 13,2024-11-23,2024-11-23 22:23:14,22
37050,רשת 13,2024-11-23,2024-11-23 22:23:20,22
37051,רשת 13,2024-11-23,2024-11-23 22:23:26,22
37052,רשת 13,2024-11-23,2024-11-23 22:23:32,22
37053,רשת 13,2024-11-23,2024-11-23 22:23:38,22
37054,רשת 13,2024-11-23,2024-11-23 22:23:44,22
37055,רשת 13,2024-11-23,2024-11-23 22:23:59,22
37056,רשת 13,2024-11-23,2024-11-23 22:24:52,22
37057,רשת 13,2024-11-23,2024-11-23 22:25:55,22
37058,רשת 13,2024-11-23,2024-11-23 22:26:12,22
37059,רשת 13,2024-11-23,2024-11-23 22:26:33,22
37060,רשת 13,2024-11-23,2024-11-23 22:27:03,22
37061,רשת 13,2024-11-23,2024-11-23 22:27:20,22
37062,רשת 13,2024-11-23,2024-11-23 22:27:35,22
37063,רשת 13,2024-11-23,2024-11-23 22:27:45,22
37064,רשת 13,2024-11-23,2024-11-23 22:28:00,22
37065,רשת 13,2024-11-23,2024-11-23 22:28:12,22
37066,רשת 13,2024-11-23,2024-11-23 22:28:27,22
37067,רשת 13,2024-11-23,2024-11-23 22:28:39,22
37068,רשת 13,2024-11-23,2024-11-23 22:28:59,22
37069,רשת 13,2024-11-23,2024-11-23 22:29:22,22
37070,רשת 13,2024-11-23,2024-11-23 22:29:32,22
37071,רשת 13,2024-11-23,2024-11-23 22:29:47,22
37072,רשת 13,2024-11-23,2024-11-23 22:30:17,22
37073,רשת 13,2024-11-23,2024-11-23 22:30:32,22
37074,רשת 13,2024-11-23,2024-11-23 22:30:50,22
37075,רשת 13,2024-11-23,2024-11-23 22:31:02,22
37076,רשת 13,2024-11-23,2024-11-23 22:31:32,22
37077,רשת 13,2024-11-23,2024-11-23 22:31:47,22
37078,רשת 13,2024-11-23,2024-11-23 22:32:02,22
37079,רשת 13,2024-11-23,2024-11-23 22:32:45,22
37080,רשת 13,2024-11-23,2024-11-23 22:32:51,22
37081,רשת 13,2024-11-23,2024-11-23 22:32:57,22
37082,רשת 13,2024-11-23,2024-11-23 22:33:03,22
37083,רשת 13,2024-11-23,2024-11-23 22:33:09,22
37084,רשת 13,2024-11-23,2024-11-23 22:33:15,22
37085,רשת 13,2024-11-23,2024-11-23 22:33:21,22
37086,רשת 13,2024-11-23,2024-11-23 22:33:27,22
37087,רשת 13,2024-11-23,2024-11-23 22:33:33,22
37088,רשת 13,2024-11-23,2024-11-23 22:33:39,22
37089,רשת 13,2024-11-23,2024-11-23 22:33:45,22
37090,רשת 13,2024-11-23,2024-11-23 22:43:30,22
37091,רשת 13,2024-11-23,2024-11-23 22:48:23,22
37092,רשת 13,2024-11-23,2024-11-23 22:48:59,22
37093,רשת 13,2024-11-23,2024-11-23 22:49:05,22
37094,רשת 13,2024-11-23,2024-11-23 22:49:25,22
37095,רשת 13,2024-11-23,2024-11-23 22:49:31,22
37096,רשת 13,2024-11-23,2024-11-23 22:49:37,22
37097,רשת 13,2024-11-23,2024-11-23 22:49:43,22
37098,רשת 13,2024-11-23,2024-11-23 22:49:49,22
37099,רשת 13,2024-11-23,2024-11-23 22:49:55,22
37100,רשת 13,2024-11-23,2024-11-23 22:50:05,22
37101,רשת 13,2024-11-23,2024-11-23 22:50:11,22
37102,רשת 13,2024-11-23,2024-11-23 22:50:17,22
37103,רשת 13,2024-11-23,2024-11-23 22:50:27,22
37104,רשת 13,2024-11-23,2024-11-23 22:50:38,22
37105,רשת 13,2024-11-23,2024-11-23 22:51:41,22
37106,רשת 13,2024-11-23,2024-11-23 22:52:02,22
37107,רשת 13,2024-11-23,2024-11-23 22:52:32,22
37108,רשת 13,2024-11-23,2024-11-23 22:53:01,22
37109,רשת 13,2024-11-23,2024-11-23 22:53:45,22
37110,רשת 13,2024-11-23,2024-11-23 22:53:57,22
37111,רשת 13,2024-11-23,2024-11-23 22:54:32,22
37112,רשת 13,2024-11-23,2024-11-23 22:54:47,22
37113,רשת 13,2024-11-23,2024-11-23 22:55:02,22
37114,רשת 13,2024-11-23,2024-11-23 22:55:15,22
37115,רשת 13,2024-11-23,2024-11-23 22:55:25,22
37116,רשת 13,2024-11-23,2024-11-23 22:55:42,22
37117,רשת 13,2024-11-23,2024-11-23 22:56:04,22
37118,רשת 13,2024-11-23,2024-11-23 22:56:10,22
37119,רשת 13,2024-11-23,2024-11-23 22:56:25,22
37120,רשת 13,2024-11-23,2024-11-23 22:56:46,22
37121,רשת 13,2024-11-23,2024-11-23 22:57:19,22
37122,רשת 13,2024-11-23,2024-11-23 22:57:41,22
37123,רשת 13,2024-11-23,2024-11-23 22:58:24,22
37124,רשת 13,2024-11-23,2024-11-23 22:58:30,22
37125,רשת 13,2024-11-23,2024-11-23 22:58:36,22
37126,רשת 13,2024-11-23,2024-11-23 22:58:42,22
37127,רשת 13,2024-11-23,2024-11-23 22:58:48,22
37128,רשת 13,2024-11-23,2024-11-23 22:58:54,22
37129,רשת 13,2024-11-23,2024-11-23 22:59:00,22
37130,רשת 13,2024-11-23,2024-11-23 22:59:06,22
37131,רשת 13,2024-11-23,2024-11-23 22:59:12,22
37132,רשת 13,2024-11-23,2024-11-23 22:59:18,22
37133,רשת 13,2024-11-23,2024-11-23 23:10:43,23
37134,רשת 13,2024-11-23,2024-11-23 23:11:01,23
37135,רשת 13,2024-11-23,2024-11-23 23:11:23,23
37136,רשת 13,2024-11-23,2024-11-23 23:11:36,23
37137,רשת 13,2024-11-23,2024-11-23 23:11:42,23
37138,רשת 13,2024-11-23,2024-11-23 23:12:06,23
37139,רשת 13,2024-11-23,2024-11-23 23:12:18,23
37140,רשת 13,2024-11-23,2024-11-23 23:12:38,23
37141,רשת 13,2024-11-23,2024-11-23 23:12:44,23
37142,רשת 13,2024-11-23,2024-11-23 23:12:50,23
37143,רשת 13,2024-11-23,2024-11-23 23:12:56,23
37144,רשת 13,2024-11-23,2024-11-23 23:13:13,23
37145,רשת 13,2024-11-23,2024-11-23 23:13:19,23
37146,רשת 13,2024-11-23,2024-11-23 23:13:26,23
37147,רשת 13,2024-11-23,2024-11-23 23:13:38,23
37148,רשת 13,2024-11-23,2024-11-23 23:14:27,23
37149,רשת 13,2024-11-23,2024-11-23 23:14:37,23
37150,רשת 13,2024-11-23,2024-11-23 23:14:58,23
37151,רשת 13,2024-11-23,2024-11-23 23:40:08,23
37152,רשת 13,2024-11-23,2024-11-23 23:40:44,23
37153,רשת 13,2024-11-23,2024-11-23 23:40:56,23
37154,רשת 13,2024-11-23,2024-11-23 23:41:02,23
37155,רשת 13,2024-11-23,2024-11-23 23:41:12,23
37156,רשת 13,2024-11-23,2024-11-23 23:41:18,23
37157,רשת 13,2024-11-23,2024-11-23 23:41:24,23
37158,רשת 13,2024-11-23,2024-11-23 23:41:30,23
37159,רשת 13,2024-11-23,2024-11-23 23:41:36,23
37160,רשת 13,2024-11-23,2024-11-23 23:41:59,23
37161,רשת 13,2024-11-23,2024-11-23 23:42:11,23
37162,רשת 13,2024-11-23,2024-11-23 23:42:17,23
37163,רשת 13,2024-11-23,2024-11-23 23:42:39,23
37164,רשת 13,2024-11-23,2024-11-23 23:43:04,23
37165,רשת 13,2024-11-23,2024-11-23 23:43:19,23
37166,רשת 13,2024-11-23,2024-11-23 23:43:29,23
37167,רשת 13,2024-11-23,2024-11-23 23:43:49,23
37168,רשת 13,2024-11-23,2024-11-23 23:44:01,23
37169,רשת 13,2024-11-23,2024-11-23 23:44:07,23
37170,רשת 13,2024-11-23,2024-11-23 23:44:27,23
37171,רשת 13,2024-11-23,2024-11-23 23:44:48,23
37172,רשת 13,2024-11-23,2024-11-23 23:45:03,23
37173,רשת 13,2024-11-23,2024-11-23 23:45:10,23
37174,רשת 13,2024-11-23,2024-11-23 23:45:39,23
37175,רשת 13,2024-11-23,2024-11-23 23:46:16,23
37176,רשת 13,2024-11-23,2024-11-23 23:47:14,23
37177,רשת 13,2024-11-23,2024-11-23 23:47:24,23
37178,רשת 13,2024-11-23,2024-11-23 23:47:30,23
37179,רשת 13,2024-11-23,2024-11-23 23:47:36,23
37180,רשת 13,2024-11-23,2024-11-23 23:47:42,23
37181,רשת 13,2024-11-23,2024-11-23 00:10:24,0
37182,רשת 13,2024-11-23,2024-11-23 00:10:30,0
37183,רשת 13,2024-11-23,2024-11-23 00:10:36,0
37184,רשת 13,2024-11-23,2024-11-23 00:10:42,0
37185,רשת 13,2024-11-23,2024-11-23 00:11:26,0
37186,רשת 13,2024-11-23,2024-11-23 00:11:32,0
37187,רשת 13,2024-11-23,2024-11-23 00:11:38,0
37188,רשת 13,2024-11-23,2024-11-23 00:11:44,0
37189,רשת 13,2024-11-23,2024-11-23 00:12:01,0
37190,רשת 13,2024-11-23,2024-11-23 00:12:37,0
37191,רשת 13,2024-11-23,2024-11-23 00:12:47,0
37192,רשת 13,2024-11-23,2024-11-23 00:12:53,0
37193,רשת 13,2024-11-23,2024-11-23 00:12:59,0
37194,רשת 13,2024-11-23,2024-11-23 00:13:20,0
37195,רשת 13,2024-11-23,2024-11-23 00:13:43,0
37196,רשת 13,2024-11-23,2024-11-23 00:14:03,0
37197,רשת 13,2024-11-23,2024-11-23 00:14:25,0
37198,רשת 13,2024-11-23,2024-11-23 00:14:54,0
37199,רשת 13,2024-11-23,2024-11-23 00:15:09,0
37200,רשת 13,2024-11-23,2024-11-23 00:15:29,0
37201,רשת 13,2024-11-23,2024-11-23 00:15:39,0
37202,רשת 13,2024-11-23,2024-11-23 00:15:54,0
37203,רשת 13,2024-11-23,2024-11-23 00:16:24,0
37204,רשת 13,2024-11-23,2024-11-23 00:16:39,0
37205,רשת 13,2024-11-23,2024-11-23 00:16:59,0
37206,רשת 13,2024-11-23,2024-11-23 00:17:43,0
37207,רשת 13,2024-11-23,2024-11-23 00:18:42,0
37208,רשת 13,2024-11-23,2024-11-23 00:18:52,0
37209,רשת 13,2024-11-23,2024-11-23 00:18:58,0
37210,רשת 13,2024-11-23,2024-11-23 00:36:54,0
37211,רשת 13,2024-11-23,2024-11-23 00:37:35,0
37212,רשת 13,2024-11-23,2024-11-23 00:37:50,0
37213,רשת 13,2024-11-23,2024-11-23 00:38:19,0
37214,רשת 13,2024-11-23,2024-11-23 00:39:07,0
37215,רשת 13,2024-11-23,2024-11-23 00:39:44,0
37216,רשת 13,2024-11-23,2024-11-23 01:02:25,1
37217,רשת 13,2024-11-23,2024-11-23 01:03:01,1
37218,רשת 13,2024-11-23,2024-11-23 01:03:55,1
37219,רשת 13,2024-11-23,2024-11-23 01:04:32,1
37220,רשת 13,2024-11-23,2024-11-23 01:05:20,1
37221,רשת 13,2024-11-23,2024-11-23 01:56:15,1
37222,רשת 13,2024-11-23,2024-11-23 01:56:21,1
37223,רשת 13,2024-11-23,2024-11-23 01:56:31,1
37224,רשת 13,2024-11-23,2024-11-23 01:57:07,1
37225,רשת 13,2024-11-23,2024-11-23 01:57:13,1
37226,רשת 13,2024-11-23,2024-11-23 01:57:27,1
37227,רשת 13,2024-11-23,2024-11-23 01:58:11,1
37228,רשת 13,2024-11-23,2024-11-23 01:59:29,1
37229,רשת 13,2024-11-23,2024-11-23 01:59:35,1
38461,רשת 13,2024-11-24,2024-11-24 02:33:28,2
38462,רשת 13,2024-11-24,2024-11-24 02:34:04,2
38463,רשת 13,2024-11-24,2024-11-24 02:34:52,2
38464,רשת 13,2024-11-24,2024-11-24 02:35:24,2
38465,רשת 13,2024-11-24,2024-11-24 02:36:01,2
38466,רשת 13,2024-11-24,2024-11-24 03:12:54,3
38467,רשת 13,2024-11-24,2024-11-24 03:13:30,3
38468,רשת 13,2024-11-24,2024-11-24 03:14:18,3
38469,רשת 13,2024-11-24,2024-11-24 03:14:24,3
38470,רשת 13,2024-11-24,2024-11-24 03:14:49,3
38471,רשת 13,2024-11-24,2024-11-24 03:36:28,3
38472,רשת 13,2024-11-24,2024-11-24 03:37:04,3
38473,רשת 13,2024-11-24,2024-11-24 03:37:11,3
38474,רשת 13,2024-11-24,2024-11-24 03:37:46,3
38475,רשת 13,2024-11-24,2024-11-24 03:38:35,3
38476,רשת 13,2024-11-24,2024-11-24 05:16:32,5
38477,רשת 13,2024-11-24,2024-11-24 05:17:08,5
38478,רשת 13,2024-11-24,2024-11-24 05:17:56,5
38479,רשת 13,2024-11-24,2024-11-24 05:18:17,5
38480,רשת 13,2024-11-24,2024-11-24 05:18:52,5
38481,רשת 13,2024-11-24,2024-11-24 06:11:07,6
38482,רשת 13,2024-11-24,2024-11-24 06:11:17,6
38483,רשת 13,2024-11-24,2024-11-24 06:11:27,6
38484,רשת 13,2024-11-24,2024-11-24 06:11:37,6
38485,רשת 13,2024-11-24,2024-11-24 06:12:13,6
38486,רשת 13,2024-11-24,2024-11-24 06:12:50,6
38487,רשת 13,2024-11-24,2024-11-24 06:13:16,6
38488,רשת 13,2024-11-24,2024-11-24 06:14:00,6
38489,רשת 13,2024-11-24,2024-11-24 06:14:11,6
38490,רשת 13,2024-11-24,2024-11-24 06:14:21,6
38491,רשת 13,2024-11-24,2024-11-24 06:14:31,6
38492,רשת 13,2024-11-24,2024-11-24 07:11:41,7
38493,רשת 13,2024-11-24,2024-11-24 07:12:17,7
38494,רשת 13,2024-11-24,2024-11-24 07:12:28,7
38495,רשת 13,2024-11-24,2024-11-24 07:12:34,7
38496,רשת 13,2024-11-24,2024-11-24 07:13:38,7
38497,רשת 13,2024-11-24,2024-11-24 07:13:44,7
38498,רשת 13,2024-11-24,2024-11-24 07:13:55,7
38499,רשת 13,2024-11-24,2024-11-24 07:14:01,7
38500,רשת 13,2024-11-24,2024-11-24 07:14:07,7
38501,רשת 13,2024-11-24,2024-11-24 07:14:17,7
38502,רשת 13,2024-11-24,2024-11-24 07:14:27,7
38503,רשת 13,2024-11-24,2024-11-24 07:14:33,7
38504,רשת 13,2024-11-24,2024-11-24 07:14:39,7
38505,רשת 13,2024-11-24,2024-11-24 07:15:02,7
38506,רשת 13,2024-11-24,2024-11-24 07:15:24,7
38507,רשת 13,2024-11-24,2024-11-24 07:15:36,7
38508,רשת 13,2024-11-24,2024-11-24 07:15:53,7
38509,רשת 13,2024-11-24,2024-11-24 07:16:23,7
38510,רשת 13,2024-11-24,2024-11-24 07:16:35,7
38511,רשת 13,2024-11-24,2024-11-24 07:16:50,7
38512,רשת 13,2024-11-24,2024-11-24 07:16:56,7
38513,רשת 13,2024-11-24,2024-11-24 07:17:06,7
38514,רשת 13,2024-11-24,2024-11-24 07:17:18,7
38515,רשת 13,2024-11-24,2024-11-24 07:17:36,7
38516,רשת 13,2024-11-24,2024-11-24 07:18:08,7
38517,רשת 13,2024-11-24,2024-11-24 07:18:45,7
38518,רשת 13,2024-11-24,2024-11-24 07:44:28,7
38519,רשת 13,2024-11-24,2024-11-24 07:45:04,7
38520,רשת 13,2024-11-24,2024-11-24 07:45:24,7
38521,רשת 13,2024-11-24,2024-11-24 07:45:48,7
38522,רשת 13,2024-11-24,2024-11-24 07:46:21,7
38523,רשת 13,2024-11-24,2024-11-24 07:46:36,7
38524,רשת 13,2024-11-24,2024-11-24 07:46:51,7
38525,רשת 13,2024-11-24,2024-11-24 07:47:12,7
38526,רשת 13,2024-11-24,2024-11-24 07:47:27,7
38527,רשת 13,2024-11-24,2024-11-24 07:47:39,7
38528,רשת 13,2024-11-24,2024-11-24 07:47:54,7
38529,רשת 13,2024-11-24,2024-11-24 07:48:09,7
38530,רשת 13,2024-11-24,2024-11-24 07:48:26,7
38531,רשת 13,2024-11-24,2024-11-24 07:48:33,7
38532,רשת 13,2024-11-24,2024-11-24 07:48:50,7
38533,רשת 13,2024-11-24,2024-11-24 07:49:34,7
38534,רשת 13,2024-11-24,2024-11-24 07:50:32,7
38535,רשת 13,2024-11-24,2024-11-24 07:51:16,7
38536,רשת 13,2024-11-24,2024-11-24 07:51:27,7
38537,רשת 13,2024-11-24,2024-11-24 07:51:37,7
38538,רשת 13,2024-11-24,2024-11-24 07:51:47,7
38539,רשת 13,2024-11-24,2024-11-24 07:51:53,7
38540,רשת 13,2024-11-24,2024-11-24 07:51:59,7
38541,רשת 13,2024-11-24,2024-11-24 07:52:05,7
38542,רשת 13,2024-11-24,2024-11-24 07:52:15,7
38543,רשת 13,2024-11-24,2024-11-24 08:05:39,8
38544,רשת 13,2024-11-24,2024-11-24 08:06:22,8
38545,רשת 13,2024-11-24,2024-11-24 08:11:20,8
38546,רשת 13,2024-11-24,2024-11-24 08:11:56,8
38547,רשת 13,2024-11-24,2024-11-24 08:12:06,8
38548,רשת 13,2024-11-24,2024-11-24 08:12:12,8
38549,רשת 13,2024-11-24,2024-11-24 08:13:16,8
38550,רשת 13,2024-11-24,2024-11-24 08:13:22,8
38551,רשת 13,2024-11-24,2024-11-24 08:13:33,8
38552,רשת 13,2024-11-24,2024-11-24 08:13:39,8
38553,רשת 13,2024-11-24,2024-11-24 08:13:49,8
38554,רשת 13,2024-11-24,2024-11-24 08:13:59,8
38555,רשת 13,2024-11-24,2024-11-24 08:14:05,8
38556,רשת 13,2024-11-24,2024-11-24 08:14:20,8
38557,רשת 13,2024-11-24,2024-11-24 08:14:49,8
38558,רשת 13,2024-11-24,2024-11-24 08:15:06,8
38559,רשת 13,2024-11-24,2024-11-24 08:15:23,8
38560,רשת 13,2024-11-24,2024-11-24 08:15:38,8
38561,רשת 13,2024-11-24,2024-11-24 08:15:53,8
38562,רשת 13,2024-11-24,2024-11-24 08:16:16,8
38563,רשת 13,2024-11-24,2024-11-24 08:16:28,8
38564,רשת 13,2024-11-24,2024-11-24 08:16:43,8
38565,רשת 13,2024-11-24,2024-11-24 08:16:58,8
38566,רשת 13,2024-11-24,2024-11-24 08:17:08,8
38567,רשת 13,2024-11-24,2024-11-24 08:17:20,8
38568,רשת 13,2024-11-24,2024-11-24 08:17:44,8
38569,רשת 13,2024-11-24,2024-11-24 08:18:21,8
38570,רשת 13,2024-11-24,2024-11-24 08:34:06,8
38571,רשת 13,2024-11-24,2024-11-24 08:34:42,8
38572,רשת 13,2024-11-24,2024-11-24 08:34:53,8
38573,רשת 13,2024-11-24,2024-11-24 08:34:59,8
38574,רשת 13,2024-11-24,2024-11-24 08:35:05,8
38575,רשת 13,2024-11-24,2024-11-24 08:35:15,8
38576,רשת 13,2024-11-24,2024-11-24 08:35:21,8
38577,רשת 13,2024-11-24,2024-11-24 08:35:31,8
38578,רשת 13,2024-11-24,2024-11-24 08:35:55,8
38579,רשת 13,2024-11-24,2024-11-24 08:36:08,8
38580,רשת 13,2024-11-24,2024-11-24 08:36:23,8
38581,רשת 13,2024-11-24,2024-11-24 08:36:40,8
38582,רשת 13,2024-11-24,2024-11-24 08:37:15,8
38583,רשת 13,2024-11-24,2024-11-24 08:37:35,8
38584,רשת 13,2024-11-24,2024-11-24 08:37:55,8
38585,רשת 13,2024-11-24,2024-11-24 08:38:15,8
38586,רשת 13,2024-11-24,2024-11-24 08:38:27,8
38587,רשת 13,2024-11-24,2024-11-24 08:38:45,8
38588,רשת 13,2024-11-24,2024-11-24 08:38:51,8
38589,רשת 13,2024-11-24,2024-11-24 08:38:57,8
38590,רשת 13,2024-11-24,2024-11-24 08:39:09,8
38591,רשת 13,2024-11-24,2024-11-24 08:39:24,8
38592,רשת 13,2024-11-24,2024-11-24 08:39:49,8
38593,רשת 13,2024-11-24,2024-11-24 08:40:06,8
38594,רשת 13,2024-11-24,2024-11-24 08:40:55,8
38595,רשת 13,2024-11-24,2024-11-24 09:08:23,9
38596,רשת 13,2024-11-24,2024-11-24 09:08:30,9
38597,רשת 13,2024-11-24,2024-11-24 09:08:36,9
38598,רשת 13,2024-11-24,2024-11-24 09:09:20,9
38599,רשת 13,2024-11-24,2024-11-24 09:09:26,9
38600,רשת 13,2024-11-24,2024-11-24 09:09:32,9
38601,רשת 13,2024-11-24,2024-11-24 09:12:11,9
38602,רשת 13,2024-11-24,2024-11-24 09:12:47,9
38603,רשת 13,2024-11-24,2024-11-24 09:13:00,9
38604,רשת 13,2024-11-24,2024-11-24 09:13:10,9
38605,רשת 13,2024-11-24,2024-11-24 09:13:16,9
38606,רשת 13,2024-11-24,2024-11-24 09:13:22,9
38607,רשת 13,2024-11-24,2024-11-24 09:13:32,9
38608,רשת 13,2024-11-24,2024-11-24 09:13:55,9
38609,רשת 13,2024-11-24,2024-11-24 09:14:12,9
38610,רשת 13,2024-11-24,2024-11-24 09:14:42,9
38611,רשת 13,2024-11-24,2024-11-24 09:15:04,9
38612,רשת 13,2024-11-24,2024-11-24 09:15:19,9
38613,רשת 13,2024-11-24,2024-11-24 09:15:31,9
38614,רשת 13,2024-11-24,2024-11-24 09:15:51,9
38615,רשת 13,2024-11-24,2024-11-24 09:15:57,9
38616,רשת 13,2024-11-24,2024-11-24 09:16:17,9
38617,רשת 13,2024-11-24,2024-11-24 09:16:54,9
38618,רשת 13,2024-11-24,2024-11-24 09:17:47,9
38619,רשת 13,2024-11-24,2024-11-24 09:17:57,9
38620,רשת 13,2024-11-24,2024-11-24 09:18:07,9
38621,רשת 13,2024-11-24,2024-11-24 09:18:13,9
38622,רשת 13,2024-11-24,2024-11-24 09:18:23,9
38623,רשת 13,2024-11-24,2024-11-24 09:55:53,9
38624,רשת 13,2024-11-24,2024-11-24 09:56:29,9
38625,רשת 13,2024-11-24,2024-11-24 09:56:50,9
38626,רשת 13,2024-11-24,2024-11-24 09:56:56,9
38627,רשת 13,2024-11-24,2024-11-24 09:57:02,9
38628,רשת 13,2024-11-24,2024-11-24 09:57:17,9
38629,רשת 13,2024-11-24,2024-11-24 09:57:32,9
38630,רשת 13,2024-11-24,2024-11-24 09:57:52,9
38631,רשת 13,2024-11-24,2024-11-24 09:58:07,9
38632,רשת 13,2024-11-24,2024-11-24 09:58:22,9
38633,רשת 13,2024-11-24,2024-11-24 09:58:52,9
38634,רשת 13,2024-11-24,2024-11-24 09:59:02,9
38635,רשת 13,2024-11-24,2024-11-24 09:59:17,9
38636,רשת 13,2024-11-24,2024-11-24 09:59:52,9
38637,רשת 13,2024-11-24,2024-11-24 10:00:29,10
38638,רשת 13,2024-11-24,2024-11-24 10:07:36,10
38639,רשת 13,2024-11-24,2024-11-24 10:07:42,10
38640,רשת 13,2024-11-24,2024-11-24 10:07:48,10
38641,רשת 13,2024-11-24,2024-11-24 10:08:32,10
38642,רשת 13,2024-11-24,2024-11-24 10:08:38,10
38643,רשת 13,2024-11-24,2024-11-24 10:08:44,10
38644,רשת 13,2024-11-24,2024-11-24 10:29:11,10
38645,רשת 13,2024-11-24,2024-11-24 10:29:47,10
38646,רשת 13,2024-11-24,2024-11-24 10:29:58,10
38647,רשת 13,2024-11-24,2024-11-24 10:30:08,10
38648,רשת 13,2024-11-24,2024-11-24 10:30:18,10
38649,רשת 13,2024-11-24,2024-11-24 10:30:24,10
38650,רשת 13,2024-11-24,2024-11-24 10:30:49,10
38651,רשת 13,2024-11-24,2024-11-24 10:30:55,10
38652,רשת 13,2024-11-24,2024-11-24 10:31:25,10
38653,רשת 13,2024-11-24,2024-11-24 10:31:35,10
38654,רשת 13,2024-11-24,2024-11-24 10:31:53,10
38655,רשת 13,2024-11-24,2024-11-24 10:32:05,10
38656,רשת 13,2024-11-24,2024-11-24 10:32:11,10
38657,רשת 13,2024-11-24,2024-11-24 10:32:33,10
38658,רשת 13,2024-11-24,2024-11-24 10:33:21,10
38659,רשת 13,2024-11-24,2024-11-24 10:55:10,10
38660,רשת 13,2024-11-24,2024-11-24 10:55:46,10
38661,רשת 13,2024-11-24,2024-11-24 10:55:59,10
38662,רשת 13,2024-11-24,2024-11-24 10:56:16,10
38663,רשת 13,2024-11-24,2024-11-24 10:56:31,10
38664,רשת 13,2024-11-24,2024-11-24 10:56:48,10
38665,רשת 13,2024-11-24,2024-11-24 10:56:54,10
38666,רשת 13,2024-11-24,2024-11-24 10:57:09,10
38667,רשת 13,2024-11-24,2024-11-24 10:57:24,10
38668,רשת 13,2024-11-24,2024-11-24 10:57:30,10
38669,רשת 13,2024-11-24,2024-11-24 10:58:07,10
38670,רשת 13,2024-11-24,2024-11-24 10:58:44,10
38671,רשת 13,2024-11-24,2024-11-24 10:59:37,10
38672,רשת 13,2024-11-24,2024-11-24 10:59:47,10
38673,רשת 13,2024-11-24,2024-11-24 10:59:53,10
38674,רשת 13,2024-11-24,2024-11-24 10:59:59,10
38675,רשת 13,2024-11-24,2024-11-24 11:05:33,11
38676,רשת 13,2024-11-24,2024-11-24 11:05:39,11
38677,רשת 13,2024-11-24,2024-11-24 11:05:45,11
38678,רשת 13,2024-11-24,2024-11-24 11:06:29,11
38679,רשת 13,2024-11-24,2024-11-24 11:06:35,11
38680,רשת 13,2024-11-24,2024-11-24 11:06:41,11
38681,רשת 13,2024-11-24,2024-11-24 11:29:00,11
38682,רשת 13,2024-11-24,2024-11-24 11:29:36,11
38683,רשת 13,2024-11-24,2024-11-24 11:29:47,11
38684,רשת 13,2024-11-24,2024-11-24 11:29:53,11
38685,רשת 13,2024-11-24,2024-11-24 11:29:59,11
38686,רשת 13,2024-11-24,2024-11-24 11:30:05,11
38687,רשת 13,2024-11-24,2024-11-24 11:30:11,11
38688,רשת 13,2024-11-24,2024-11-24 11:30:35,11
38689,רשת 13,2024-11-24,2024-11-24 11:31:05,11
38690,רשת 13,2024-11-24,2024-11-24 11:31:20,11
38691,רשת 13,2024-11-24,2024-11-24 11:31:37,11
38692,רשת 13,2024-11-24,2024-11-24 11:31:52,11
38693,רשת 13,2024-11-24,2024-11-24 11:32:04,11
38694,רשת 13,2024-11-24,2024-11-24 11:32:14,11
38695,רשת 13,2024-11-24,2024-11-24 11:32:34,11
38696,רשת 13,2024-11-24,2024-11-24 11:32:51,11
38697,רשת 13,2024-11-24,2024-11-24 11:33:15,11
38698,רשת 13,2024-11-24,2024-11-24 11:33:33,11
38699,רשת 13,2024-11-24,2024-11-24 11:33:39,11
38700,רשת 13,2024-11-24,2024-11-24 11:33:45,11
38701,רשת 13,2024-11-24,2024-11-24 11:34:02,11
38702,רשת 13,2024-11-24,2024-11-24 11:34:28,11
38703,רשת 13,2024-11-24,2024-11-24 11:35:13,11
38704,רשת 13,2024-11-24,2024-11-24 11:36:12,11
38705,רשת 13,2024-11-24,2024-11-24 11:36:18,11
38706,רשת 13,2024-11-24,2024-11-24 11:36:28,11
38707,רשת 13,2024-11-24,2024-11-24 11:36:34,11
38708,רשת 13,2024-11-24,2024-11-24 11:36:40,11
38709,רשת 13,2024-11-24,2024-11-24 11:36:46,11
38710,רשת 13,2024-11-24,2024-11-24 12:05:42,12
38711,רשת 13,2024-11-24,2024-11-24 12:05:48,12
38712,רשת 13,2024-11-24,2024-11-24 12:05:54,12
38713,רשת 13,2024-11-24,2024-11-24 12:06:38,12
38714,רשת 13,2024-11-24,2024-11-24 12:06:44,12
38715,רשת 13,2024-11-24,2024-11-24 12:06:50,12
38716,רשת 13,2024-11-24,2024-11-24 12:32:56,12
38717,רשת 13,2024-11-24,2024-11-24 12:33:21,12
38718,רשת 13,2024-11-24,2024-11-24 12:33:27,12
38719,רשת 13,2024-11-24,2024-11-24 12:33:33,12
38720,רשת 13,2024-11-24,2024-11-24 12:33:39,12
38721,רשת 13,2024-11-24,2024-11-24 12:33:45,12
38722,רשת 13,2024-11-24,2024-11-24 12:33:55,12
38723,רשת 13,2024-11-24,2024-11-24 12:34:06,12
38724,רשת 13,2024-11-24,2024-11-24 12:34:31,12
38725,רשת 13,2024-11-24,2024-11-24 12:34:46,12
38726,רשת 13,2024-11-24,2024-11-24 12:34:53,12
38727,רשת 13,2024-11-24,2024-11-24 12:35:11,12
38728,רשת 13,2024-11-24,2024-11-24 12:35:26,12
38729,רשת 13,2024-11-24,2024-11-24 12:35:36,12
38730,רשת 13,2024-11-24,2024-11-24 12:35:51,12
38731,רשת 13,2024-11-24,2024-11-24 12:35:57,12
38732,רשת 13,2024-11-24,2024-11-24 12:36:23,12
38733,רשת 13,2024-11-24,2024-11-24 12:36:29,12
38734,רשת 13,2024-11-24,2024-11-24 12:36:39,12
38735,רשת 13,2024-11-24,2024-11-24 12:36:45,12
38736,רשת 13,2024-11-24,2024-11-24 14:01:55,14
38737,רשת 13,2024-11-24,2024-11-24 14:02:01,14
38738,רשת 13,2024-11-24,2024-11-24 14:02:07,14
38739,רשת 13,2024-11-24,2024-11-24 14:02:51,14
38740,רשת 13,2024-11-24,2024-11-24 14:02:57,14
38741,רשת 13,2024-11-24,2024-11-24 14:03:03,14
38742,רשת 13,2024-11-24,2024-11-24 14:03:09,14
38743,רשת 13,2024-11-24,2024-11-24 14:03:34,14
38744,רשת 13,2024-11-24,2024-11-24 14:03:40,14
38745,רשת 13,2024-11-24,2024-11-24 14:03:46,14
38746,רשת 13,2024-11-24,2024-11-24 14:03:52,14
38747,רשת 13,2024-11-24,2024-11-24 14:04:02,14
38748,רשת 13,2024-11-24,2024-11-24 14:04:21,14
38749,רשת 13,2024-11-24,2024-11-24 14:04:38,14
38750,רשת 13,2024-11-24,2024-11-24 14:04:55,14
38751,רשת 13,2024-11-24,2024-11-24 14:05:02,14
38752,רשת 13,2024-11-24,2024-11-24 14:05:22,14
38753,רשת 13,2024-11-24,2024-11-24 14:05:32,14
38754,רשת 13,2024-11-24,2024-11-24 14:05:47,14
38755,רשת 13,2024-11-24,2024-11-24 14:06:05,14
38756,רשת 13,2024-11-24,2024-11-24 14:06:15,14
38757,רשת 13,2024-11-24,2024-11-24 14:06:46,14
38758,רשת 13,2024-11-24,2024-11-24 14:07:27,14
38759,רשת 13,2024-11-24,2024-11-24 14:07:33,14
38760,רשת 13,2024-11-24,2024-11-24 14:07:43,14
38761,רשת 13,2024-11-24,2024-11-24 14:42:44,14
38762,רשת 13,2024-11-24,2024-11-24 14:43:25,14
38763,רשת 13,2024-11-24,2024-11-24 14:43:31,14
38764,רשת 13,2024-11-24,2024-11-24 14:43:37,14
38765,רשת 13,2024-11-24,2024-11-24 14:43:47,14
38766,רשת 13,2024-11-24,2024-11-24 14:43:53,14
38767,רשת 13,2024-11-24,2024-11-24 14:43:59,14
38768,רשת 13,2024-11-24,2024-11-24 14:44:19,14
38769,רשת 13,2024-11-24,2024-11-24 14:44:49,14
38770,רשת 13,2024-11-24,2024-11-24 14:45:09,14
38771,רשת 13,2024-11-24,2024-11-24 14:45:26,14
38772,רשת 13,2024-11-24,2024-11-24 14:45:41,14
38773,רשת 13,2024-11-24,2024-11-24 14:45:56,14
38774,רשת 13,2024-11-24,2024-11-24 14:46:14,14
38775,רשת 13,2024-11-24,2024-11-24 14:46:21,14
38776,רשת 13,2024-11-24,2024-11-24 14:47:19,14
38777,רשת 13,2024-11-24,2024-11-24 14:47:25,14
38778,רשת 13,2024-11-24,2024-11-24 14:47:35,14
38779,רשת 13,2024-11-24,2024-11-24 14:47:41,14
38780,רשת 13,2024-11-24,2024-11-24 14:47:51,14
38781,רשת 13,2024-11-24,2024-11-24 14:47:57,14
38782,רשת 13,2024-11-24,2024-11-24 14:48:03,14
38783,רשת 13,2024-11-24,2024-11-24 14:48:47,14
38784,רשת 13,2024-11-24,2024-11-24 14:48:53,14
38785,רשת 13,2024-11-24,2024-11-24 14:48:59,14
38786,רשת 13,2024-11-24,2024-11-24 15:52:52,15
38787,רשת 13,2024-11-24,2024-11-24 15:53:28,15
38788,רשת 13,2024-11-24,2024-11-24 15:53:40,15
38789,רשת 13,2024-11-24,2024-11-24 15:53:46,15
38790,רשת 13,2024-11-24,2024-11-24 15:53:56,15
38791,רשת 13,2024-11-24,2024-11-24 15:54:02,15
38792,רשת 13,2024-11-24,2024-11-24 15:54:21,15
38793,רשת 13,2024-11-24,2024-11-24 15:54:38,15
38794,רשת 13,2024-11-24,2024-11-24 15:55:01,15
38795,רשת 13,2024-11-24,2024-11-24 15:55:08,15
38796,רשת 13,2024-11-24,2024-11-24 15:55:23,15
38797,רשת 13,2024-11-24,2024-11-24 15:55:29,15
38798,רשת 13,2024-11-24,2024-11-24 15:55:44,15
38799,רשת 13,2024-11-24,2024-11-24 15:56:04,15
38800,רשת 13,2024-11-24,2024-11-24 15:56:41,15
38801,רשת 13,2024-11-24,2024-11-24 15:57:39,15
38802,רשת 13,2024-11-24,2024-11-24 15:57:45,15
38803,רשת 13,2024-11-24,2024-11-24 15:57:51,15
38804,רשת 13,2024-11-24,2024-11-24 15:58:35,15
38805,רשת 13,2024-11-24,2024-11-24 15:58:41,15
38806,רשת 13,2024-11-24,2024-11-24 15:58:47,15
38807,רשת 13,2024-11-24,2024-11-24 15:58:57,15
38808,רשת 13,2024-11-24,2024-11-24 15:59:07,15
38809,רשת 13,2024-11-24,2024-11-24 15:59:13,15
38810,רשת 13,2024-11-24,2024-11-24 15:59:19,15
38811,רשת 13,2024-11-24,2024-11-24 15:59:25,15
38812,רשת 13,2024-11-24,2024-11-24 16:35:06,16
38813,רשת 13,2024-11-24,2024-11-24 16:35:42,16
38814,רשת 13,2024-11-24,2024-11-24 16:35:54,16
38815,רשת 13,2024-11-24,2024-11-24 16:36:00,16
38816,רשת 13,2024-11-24,2024-11-24 16:36:10,16
38817,רשת 13,2024-11-24,2024-11-24 16:36:16,16
38818,רשת 13,2024-11-24,2024-11-24 16:36:22,16
38819,רשת 13,2024-11-24,2024-11-24 16:36:32,16
38820,רשת 13,2024-11-24,2024-11-24 16:36:55,16
38821,רשת 13,2024-11-24,2024-11-24 16:37:12,16
38822,רשת 13,2024-11-24,2024-11-24 16:37:34,16
38823,רשת 13,2024-11-24,2024-11-24 16:38:04,16
38824,רשת 13,2024-11-24,2024-11-24 16:38:24,16
38825,רשת 13,2024-11-24,2024-11-24 16:38:36,16
38826,רשת 13,2024-11-24,2024-11-24 16:38:51,16
38827,רשת 13,2024-11-24,2024-11-24 16:38:58,16
38828,רשת 13,2024-11-24,2024-11-24 16:39:16,16
38829,רשת 13,2024-11-24,2024-11-24 16:39:31,16
38830,רשת 13,2024-11-24,2024-11-24 16:39:37,16
38831,רשת 13,2024-11-24,2024-11-24 16:39:49,16
38832,רשת 13,2024-11-24,2024-11-24 16:39:55,16
38833,רשת 13,2024-11-24,2024-11-24 16:40:30,16
38834,רשת 13,2024-11-24,2024-11-24 16:41:07,16
38835,רשת 13,2024-11-24,2024-11-24 16:41:59,16
38836,רשת 13,2024-11-24,2024-11-24 16:42:05,16
38837,רשת 13,2024-11-24,2024-11-24 16:42:11,16
38838,רשת 13,2024-11-24,2024-11-24 16:42:55,16
38839,רשת 13,2024-11-24,2024-11-24 16:43:01,16
38840,רשת 13,2024-11-24,2024-11-24 16:43:07,16
38841,רשת 13,2024-11-24,2024-11-24 16:43:17,16
38842,רשת 13,2024-11-24,2024-11-24 16:43:27,16
38843,רשת 13,2024-11-24,2024-11-24 16:43:33,16
38844,רשת 13,2024-11-24,2024-11-24 16:43:43,16
38845,רשת 13,2024-11-24,2024-11-24 16:43:49,16
38846,רשת 13,2024-11-24,2024-11-24 17:19:26,17
38847,רשת 13,2024-11-24,2024-11-24 17:20:02,17
38848,רשת 13,2024-11-24,2024-11-24 17:20:13,17
38849,רשת 13,2024-11-24,2024-11-24 17:20:19,17
38850,רשת 13,2024-11-24,2024-11-24 17:20:25,17
38851,רשת 13,2024-11-24,2024-11-24 17:20:35,17
38852,רשת 13,2024-11-24,2024-11-24 17:20:41,17
38853,רשת 13,2024-11-24,2024-11-24 17:20:47,17
38854,רשת 13,2024-11-24,2024-11-24 17:21:11,17
38855,רשת 13,2024-11-24,2024-11-24 17:21:26,17
38856,רשת 13,2024-11-24,2024-11-24 17:21:32,17
38857,רשת 13,2024-11-24,2024-11-24 17:21:49,17
38858,רשת 13,2024-11-24,2024-11-24 17:22:21,17
38859,רשת 13,2024-11-24,2024-11-24 17:22:51,17
38860,רשת 13,2024-11-24,2024-11-24 17:23:26,17
38861,רשת 13,2024-11-24,2024-11-24 17:23:46,17
38862,רשת 13,2024-11-24,2024-11-24 17:24:10,17
38863,רשת 13,2024-11-24,2024-11-24 17:24:25,17
38864,רשת 13,2024-11-24,2024-11-24 17:24:40,17
38865,רשת 13,2024-11-24,2024-11-24 17:24:50,17
38866,רשת 13,2024-11-24,2024-11-24 17:25:05,17
38867,רשת 13,2024-11-24,2024-11-24 17:25:27,17
38868,רשת 13,2024-11-24,2024-11-24 17:25:50,17
38869,רשת 13,2024-11-24,2024-11-24 17:26:34,17
38870,רשת 13,2024-11-24,2024-11-24 17:27:14,17
38871,רשת 13,2024-11-24,2024-11-24 17:27:20,17
38872,רשת 13,2024-11-24,2024-11-24 17:27:26,17
38873,רשת 13,2024-11-24,2024-11-24 17:27:32,17
38874,רשת 13,2024-11-24,2024-11-24 17:27:42,17
38875,רשת 13,2024-11-24,2024-11-24 17:27:48,17
38876,רשת 13,2024-11-24,2024-11-24 17:27:58,17
38877,רשת 13,2024-11-24,2024-11-24 17:28:04,17
38878,רשת 13,2024-11-24,2024-11-24 17:28:10,17
38879,רשת 13,2024-11-24,2024-11-24 17:28:54,17
38880,רשת 13,2024-11-24,2024-11-24 17:29:00,17
38881,רשת 13,2024-11-24,2024-11-24 17:29:06,17
38882,רשת 13,2024-11-24,2024-11-24 17:29:17,17
38883,רשת 13,2024-11-24,2024-11-24 17:29:23,17
38884,רשת 13,2024-11-24,2024-11-24 17:29:33,17
38885,רשת 13,2024-11-24,2024-11-24 17:29:43,17
38886,רשת 13,2024-11-24,2024-11-24 17:29:49,17
38887,רשת 13,2024-11-24,2024-11-24 17:29:55,17
38888,רשת 13,2024-11-24,2024-11-24 17:52:39,17
38889,רשת 13,2024-11-24,2024-11-24 17:53:39,17
38890,רשת 13,2024-11-24,2024-11-24 18:29:39,18
38891,רשת 13,2024-11-24,2024-11-24 18:30:00,18
38892,רשת 13,2024-11-24,2024-11-24 18:30:13,18
38893,רשת 13,2024-11-24,2024-11-24 18:30:19,18
38894,רשת 13,2024-11-24,2024-11-24 18:30:25,18
38895,רשת 13,2024-11-24,2024-11-24 18:30:31,18
38896,רשת 13,2024-11-24,2024-11-24 18:30:41,18
38897,רשת 13,2024-11-24,2024-11-24 18:30:47,18
38898,רשת 13,2024-11-24,2024-11-24 18:30:57,18
38899,רשת 13,2024-11-24,2024-11-24 18:31:03,18
38900,רשת 13,2024-11-24,2024-11-24 18:31:09,18
38901,רשת 13,2024-11-24,2024-11-24 18:31:15,18
38902,רשת 13,2024-11-24,2024-11-24 18:31:21,18
38903,רשת 13,2024-11-24,2024-11-24 18:31:27,18
38904,רשת 13,2024-11-24,2024-11-24 18:31:42,18
38905,רשת 13,2024-11-24,2024-11-24 18:31:54,18
38906,רשת 13,2024-11-24,2024-11-24 18:32:19,18
38907,רשת 13,2024-11-24,2024-11-24 18:32:37,18
38908,רשת 13,2024-11-24,2024-11-24 18:33:07,18
38909,רשת 13,2024-11-24,2024-11-24 18:33:13,18
38910,רשת 13,2024-11-24,2024-11-24 18:33:28,18
38911,רשת 13,2024-11-24,2024-11-24 18:33:45,18
38912,רשת 13,2024-11-24,2024-11-24 18:34:00,18
38913,רשת 13,2024-11-24,2024-11-24 18:34:29,18
38914,רשת 13,2024-11-24,2024-11-24 18:34:49,18
38915,רשת 13,2024-11-24,2024-11-24 18:35:04,18
38916,רשת 13,2024-11-24,2024-11-24 18:35:22,18
38917,רשת 13,2024-11-24,2024-11-24 18:35:54,18
38918,רשת 13,2024-11-24,2024-11-24 18:36:09,18
38919,רשת 13,2024-11-24,2024-11-24 18:36:16,18
38920,רשת 13,2024-11-24,2024-11-24 18:36:31,18
38921,רשת 13,2024-11-24,2024-11-24 18:36:37,18
38922,רשת 13,2024-11-24,2024-11-24 18:37:07,18
38923,רשת 13,2024-11-24,2024-11-24 18:37:13,18
38924,רשת 13,2024-11-24,2024-11-24 18:37:19,18
38925,רשת 13,2024-11-24,2024-11-24 18:38:03,18
38926,רשת 13,2024-11-24,2024-11-24 18:38:09,18
38927,רשת 13,2024-11-24,2024-11-24 18:38:15,18
38928,רשת 13,2024-11-24,2024-11-24 18:38:26,18
38929,רשת 13,2024-11-24,2024-11-24 18:38:32,18
38930,רשת 13,2024-11-24,2024-11-24 18:38:38,18
38931,רשת 13,2024-11-24,2024-11-24 18:38:44,18
38932,רשת 13,2024-11-24,2024-11-24 18:38:54,18
38933,רשת 13,2024-11-24,2024-11-24 18:39:00,18
38934,רשת 13,2024-11-24,2024-11-24 18:39:10,18
38935,רשת 13,2024-11-24,2024-11-24 18:39:16,18
38936,רשת 13,2024-11-24,2024-11-24 18:39:22,18
38937,רשת 13,2024-11-24,2024-11-24 18:39:32,18
38938,רשת 13,2024-11-24,2024-11-24 18:39:38,18
38939,רשת 13,2024-11-24,2024-11-24 18:59:54,18
38940,רשת 13,2024-11-24,2024-11-24 19:00:35,19
38941,רשת 13,2024-11-24,2024-11-24 19:00:41,19
38942,רשת 13,2024-11-24,2024-11-24 19:00:47,19
38943,רשת 13,2024-11-24,2024-11-24 19:00:53,19
38944,רשת 13,2024-11-24,2024-11-24 19:01:03,19
38945,רשת 13,2024-11-24,2024-11-24 19:01:13,19
38946,רשת 13,2024-11-24,2024-11-24 19:01:19,19
38947,רשת 13,2024-11-24,2024-11-24 19:01:25,19
38948,רשת 13,2024-11-24,2024-11-24 19:01:48,19
38949,רשת 13,2024-11-24,2024-11-24 19:02:00,19
38950,רשת 13,2024-11-24,2024-11-24 19:02:07,19
38951,רשת 13,2024-11-24,2024-11-24 19:02:22,19
38952,רשת 13,2024-11-24,2024-11-24 19:02:40,19
38953,רשת 13,2024-11-24,2024-11-24 19:03:11,19
38954,רשת 13,2024-11-24,2024-11-24 19:03:34,19
38955,רשת 13,2024-11-24,2024-11-24 19:03:44,19
38956,רשת 13,2024-11-24,2024-11-24 19:03:59,19
38957,רשת 13,2024-11-24,2024-11-24 19:04:11,19
38958,רשת 13,2024-11-24,2024-11-24 19:04:17,19
38959,רשת 13,2024-11-24,2024-11-24 19:04:46,19
38960,רשת 13,2024-11-24,2024-11-24 19:04:52,19
38961,רשת 13,2024-11-24,2024-11-24 19:05:28,19
38962,רשת 13,2024-11-24,2024-11-24 19:06:04,19
38963,רשת 13,2024-11-24,2024-11-24 19:06:57,19
38964,רשת 13,2024-11-24,2024-11-24 19:07:07,19
38965,רשת 13,2024-11-24,2024-11-24 19:07:13,19
38966,רשת 13,2024-11-24,2024-11-24 19:07:19,19
38967,רשת 13,2024-11-24,2024-11-24 19:07:25,19
38968,רשת 13,2024-11-24,2024-11-24 19:07:31,19
38969,רשת 13,2024-11-24,2024-11-24 19:40:25,19
38970,רשת 13,2024-11-24,2024-11-24 19:51:24,19
38971,רשת 13,2024-11-24,2024-11-24 19:52:04,19
38972,רשת 13,2024-11-24,2024-11-24 19:53:09,19
38973,רשת 13,2024-11-24,2024-11-24 20:34:16,20
38974,רשת 13,2024-11-24,2024-11-24 20:34:56,20
38975,רשת 13,2024-11-24,2024-11-24 20:35:02,20
38976,רשת 13,2024-11-24,2024-11-24 20:35:08,20
38977,רשת 13,2024-11-24,2024-11-24 20:35:18,20
38978,רשת 13,2024-11-24,2024-11-24 20:35:28,20
38979,רשת 13,2024-11-24,2024-11-24 20:35:34,20
38980,רשת 13,2024-11-24,2024-11-24 20:35:58,20
38981,רשת 13,2024-11-24,2024-11-24 20:36:19,20
38982,רשת 13,2024-11-24,2024-11-24 20:36:36,20
38983,רשת 13,2024-11-24,2024-11-24 20:36:47,20
38984,רשת 13,2024-11-24,2024-11-24 20:37:16,20
38985,רשת 13,2024-11-24,2024-11-24 20:37:31,20
38986,רשת 13,2024-11-24,2024-11-24 20:37:51,20
38987,רשת 13,2024-11-24,2024-11-24 20:38:11,20
38988,רשת 13,2024-11-24,2024-11-24 20:38:23,20
38989,רשת 13,2024-11-24,2024-11-24 20:38:41,20
38990,רשת 13,2024-11-24,2024-11-24 20:39:03,20
38991,רשת 13,2024-11-24,2024-11-24 20:39:13,20
38992,רשת 13,2024-11-24,2024-11-24 20:39:31,20
38993,רשת 13,2024-11-24,2024-11-24 20:40:28,20
38994,רשת 13,2024-11-24,2024-11-24 20:40:35,20
38995,רשת 13,2024-11-24,2024-11-24 20:40:47,20
38996,רשת 13,2024-11-24,2024-11-24 20:40:53,20
38997,רשת 13,2024-11-24,2024-11-24 20:41:23,20
38998,רשת 13,2024-11-24,2024-11-24 20:41:49,20
38999,רשת 13,2024-11-24,2024-11-24 20:42:12,20
39000,רשת 13,2024-11-24,2024-11-24 21:04:24,21
39001,רשת 13,2024-11-24,2024-11-24 21:04:49,21
39002,רשת 13,2024-11-24,2024-11-24 21:04:55,21
39003,רשת 13,2024-11-24,2024-11-24 21:05:01,21
39004,רשת 13,2024-11-24,2024-11-24 21:05:20,21
39005,רשת 13,2024-11-24,2024-11-24 21:06:01,21
39006,רשת 13,2024-11-24,2024-11-24 21:06:21,21
39007,רשת 13,2024-11-24,2024-11-24 21:06:38,21
39008,רשת 13,2024-11-24,2024-11-24 21:07:11,21
39009,רשת 13,2024-11-24,2024-11-24 21:07:31,21
39010,רשת 13,2024-11-24,2024-11-24 21:07:55,21
39011,רשת 13,2024-11-24,2024-11-24 21:08:05,21
39012,רשת 13,2024-11-24,2024-11-24 21:08:17,21
39013,רשת 13,2024-11-24,2024-11-24 21:08:27,21
39014,רשת 13,2024-11-24,2024-11-24 21:08:34,21
39015,רשת 13,2024-11-24,2024-11-24 21:08:49,21
39016,רשת 13,2024-11-24,2024-11-24 21:09:04,21
39017,רשת 13,2024-11-24,2024-11-24 21:09:14,21
39018,רשת 13,2024-11-24,2024-11-24 21:10:16,21
39019,רשת 13,2024-11-24,2024-11-24 21:10:22,21
39020,רשת 13,2024-11-24,2024-11-24 21:10:34,21
39021,רשת 13,2024-11-24,2024-11-24 21:10:49,21
39022,רשת 13,2024-11-24,2024-11-24 21:10:55,21
39023,רשת 13,2024-11-24,2024-11-24 21:11:57,21
39024,רשת 13,2024-11-24,2024-11-24 21:26:35,21
39025,רשת 13,2024-11-24,2024-11-24 21:27:38,21
39026,רשת 13,2024-11-24,2024-11-24 22:06:13,22
39027,רשת 13,2024-11-24,2024-11-24 22:21:40,22
39028,רשת 13,2024-11-24,2024-11-24 22:22:07,22
39029,רשת 13,2024-11-24,2024-11-24 22:22:13,22
39030,רשת 13,2024-11-24,2024-11-24 22:22:19,22
39031,רשת 13,2024-11-24,2024-11-24 22:22:25,22
39032,רשת 13,2024-11-24,2024-11-24 22:22:31,22
39033,רשת 13,2024-11-24,2024-11-24 22:22:41,22
39034,רשת 13,2024-11-24,2024-11-24 22:22:47,22
39035,רשת 13,2024-11-24,2024-11-24 22:22:53,22
39036,רשת 13,2024-11-24,2024-11-24 22:22:59,22
39037,רשת 13,2024-11-24,2024-11-24 22:23:05,22
39038,רשת 13,2024-11-24,2024-11-24 22:23:22,22
39039,רשת 13,2024-11-24,2024-11-24 22:23:41,22
39040,רשת 13,2024-11-24,2024-11-24 22:24:21,22
39041,רשת 13,2024-11-24,2024-11-24 22:24:42,22
39042,רשת 13,2024-11-24,2024-11-24 22:25:11,22
39043,רשת 13,2024-11-24,2024-11-24 22:25:32,22
39044,רשת 13,2024-11-24,2024-11-24 22:25:52,22
39045,רשת 13,2024-11-24,2024-11-24 22:26:04,22
39046,רשת 13,2024-11-24,2024-11-24 22:26:14,22
39047,רשת 13,2024-11-24,2024-11-24 22:26:29,22
39048,רשת 13,2024-11-24,2024-11-24 22:27:01,22
39049,רשת 13,2024-11-24,2024-11-24 22:27:16,22
39050,רשת 13,2024-11-24,2024-11-24 22:27:28,22
39051,רשת 13,2024-11-24,2024-11-24 22:27:39,22
39052,רשת 13,2024-11-24,2024-11-24 22:28:10,22
39053,רשת 13,2024-11-24,2024-11-24 22:28:20,22
39054,רשת 13,2024-11-24,2024-11-24 22:28:27,22
39055,רשת 13,2024-11-24,2024-11-24 22:28:42,22
39056,רשת 13,2024-11-24,2024-11-24 22:29:39,22
39057,רשת 13,2024-11-24,2024-11-24 22:29:57,22
39058,רשת 13,2024-11-24,2024-11-24 22:30:12,22
39059,רשת 13,2024-11-24,2024-11-24 22:30:27,22
39060,רשת 13,2024-11-24,2024-11-24 22:30:44,22
39061,רשת 13,2024-11-24,2024-11-24 22:31:02,22
39062,רשת 13,2024-11-24,2024-11-24 22:31:08,22
39063,רשת 13,2024-11-24,2024-11-24 22:31:25,22
39064,רשת 13,2024-11-24,2024-11-24 22:32:17,22
39065,רשת 13,2024-11-24,2024-11-24 22:32:23,22
39066,רשת 13,2024-11-24,2024-11-24 22:32:29,22
39067,רשת 13,2024-11-24,2024-11-24 22:32:35,22
39068,רשת 13,2024-11-24,2024-11-24 22:32:41,22
39069,רשת 13,2024-11-24,2024-11-24 22:32:47,22
39070,רשת 13,2024-11-24,2024-11-24 22:32:53,22
39071,רשת 13,2024-11-24,2024-11-24 22:32:59,22
39072,רשת 13,2024-11-24,2024-11-24 22:33:05,22
39073,רשת 13,2024-11-24,2024-11-24 22:33:11,22
39074,רשת 13,2024-11-24,2024-11-24 22:43:36,22
39075,רשת 13,2024-11-24,2024-11-24 22:50:59,22
39076,רשת 13,2024-11-24,2024-11-24 22:51:44,22
39077,רשת 13,2024-11-24,2024-11-24 22:51:50,22
39078,רשת 13,2024-11-24,2024-11-24 22:52:21,22
39079,רשת 13,2024-11-24,2024-11-24 22:52:27,22
39080,רשת 13,2024-11-24,2024-11-24 22:52:33,22
39081,רשת 13,2024-11-24,2024-11-24 22:52:40,22
39082,רשת 13,2024-11-24,2024-11-24 22:52:46,22
39083,רשת 13,2024-11-24,2024-11-24 22:52:52,22
39084,רשת 13,2024-11-24,2024-11-24 22:52:58,22
39085,רשת 13,2024-11-24,2024-11-24 22:53:04,22
39086,רשת 13,2024-11-24,2024-11-24 22:53:10,22
39087,רשת 13,2024-11-24,2024-11-24 22:53:21,22
39088,רשת 13,2024-11-24,2024-11-24 22:53:36,22
39089,רשת 13,2024-11-24,2024-11-24 22:53:51,22
39090,רשת 13,2024-11-24,2024-11-24 22:54:06,22
39091,רשת 13,2024-11-24,2024-11-24 22:54:27,22
39092,רשת 13,2024-11-24,2024-11-24 22:54:39,22
39093,רשת 13,2024-11-24,2024-11-24 22:55:09,22
39094,רשת 13,2024-11-24,2024-11-24 22:55:30,22
39095,רשת 13,2024-11-24,2024-11-24 22:55:47,22
39096,רשת 13,2024-11-24,2024-11-24 22:55:58,22
39097,רשת 13,2024-11-24,2024-11-24 22:56:19,22
39098,רשת 13,2024-11-24,2024-11-24 22:56:41,22
39099,רשת 13,2024-11-24,2024-11-24 22:57:02,22
39100,רשת 13,2024-11-24,2024-11-24 22:57:32,22
39101,רשת 13,2024-11-24,2024-11-24 22:57:47,22
39102,רשת 13,2024-11-24,2024-11-24 22:57:57,22
39103,רשת 13,2024-11-24,2024-11-24 22:58:15,22
39104,רשת 13,2024-11-24,2024-11-24 22:58:30,22
39105,רשת 13,2024-11-24,2024-11-24 22:58:36,22
39106,רשת 13,2024-11-24,2024-11-24 22:59:28,22
39107,רשת 13,2024-11-24,2024-11-24 22:59:34,22
39108,רשת 13,2024-11-24,2024-11-24 22:59:40,22
39109,רשת 13,2024-11-24,2024-11-24 22:59:46,22
39110,רשת 13,2024-11-24,2024-11-24 22:59:52,22
39111,רשת 13,2024-11-24,2024-11-24 22:59:58,22
39112,רשת 13,2024-11-24,2024-11-24 23:00:04,23
39113,רשת 13,2024-11-24,2024-11-24 23:00:10,23
39114,רשת 13,2024-11-24,2024-11-24 23:00:16,23
39115,רשת 13,2024-11-24,2024-11-24 23:00:24,23
39116,רשת 13,2024-11-24,2024-11-24 23:08:13,23
39117,רשת 13,2024-11-24,2024-11-24 23:08:34,23
39118,רשת 13,2024-11-24,2024-11-24 23:09:11,23
39119,רשת 13,2024-11-24,2024-11-24 23:09:38,23
39120,רשת 13,2024-11-24,2024-11-24 23:09:44,23
39121,רשת 13,2024-11-24,2024-11-24 23:09:54,23
39122,רשת 13,2024-11-24,2024-11-24 23:10:14,23
39123,רשת 13,2024-11-24,2024-11-24 23:10:26,23
39124,רשת 13,2024-11-24,2024-11-24 23:10:44,23
39125,רשת 13,2024-11-24,2024-11-24 23:10:59,23
39126,רשת 13,2024-11-24,2024-11-24 23:11:05,23
39127,רשת 13,2024-11-24,2024-11-24 23:11:25,23
39128,רשת 13,2024-11-24,2024-11-24 23:11:37,23
39129,רשת 13,2024-11-24,2024-11-24 23:11:43,23
39130,רשת 13,2024-11-24,2024-11-24 23:12:00,23
39131,רשת 13,2024-11-24,2024-11-24 23:12:17,23
39132,רשת 13,2024-11-24,2024-11-24 23:12:40,23
39133,רשת 13,2024-11-24,2024-11-24 23:13:04,23
39134,רשת 13,2024-11-24,2024-11-24 23:13:14,23
39135,רשת 13,2024-11-24,2024-11-24 23:13:24,23
39136,רשת 13,2024-11-24,2024-11-24 23:13:30,23
39137,רשת 13,2024-11-24,2024-11-24 23:14:39,23
39138,רשת 13,2024-11-24,2024-11-24 23:14:45,23
39139,רשת 13,2024-11-24,2024-11-24 23:50:20,23
39140,רשת 13,2024-11-24,2024-11-24 23:51:05,23
39141,רשת 13,2024-11-24,2024-11-24 23:51:33,23
39142,רשת 13,2024-11-24,2024-11-24 23:51:39,23
39143,רשת 13,2024-11-24,2024-11-24 23:51:45,23
39144,רשת 13,2024-11-24,2024-11-24 23:51:51,23
39145,רשת 13,2024-11-24,2024-11-24 23:51:58,23
39146,רשת 13,2024-11-24,2024-11-24 23:52:08,23
39147,רשת 13,2024-11-24,2024-11-24 23:52:14,23
39148,רשת 13,2024-11-24,2024-11-24 23:52:24,23
39149,רשת 13,2024-11-24,2024-11-24 23:52:30,23
39150,רשת 13,2024-11-24,2024-11-24 23:52:36,23
39151,רשת 13,2024-11-24,2024-11-24 23:53:00,23
39152,רשת 13,2024-11-24,2024-11-24 23:53:41,23
39153,רשת 13,2024-11-24,2024-11-24 23:54:01,23
39154,רשת 13,2024-11-24,2024-11-24 23:54:22,23
39155,רשת 13,2024-11-24,2024-11-24 23:54:37,23
39156,רשת 13,2024-11-24,2024-11-24 23:54:43,23
39157,רשת 13,2024-11-24,2024-11-24 23:55:15,23
39158,רשת 13,2024-11-24,2024-11-24 23:55:35,23
39159,רשת 13,2024-11-24,2024-11-24 23:55:47,23
39160,רשת 13,2024-11-24,2024-11-24 23:55:54,23
39161,רשת 13,2024-11-24,2024-11-24 23:56:14,23
39162,רשת 13,2024-11-24,2024-11-24 23:56:36,23
39163,רשת 13,2024-11-24,2024-11-24 23:56:42,23
39164,רשת 13,2024-11-24,2024-11-24 23:57:04,23
39165,רשת 13,2024-11-24,2024-11-24 23:57:16,23
39166,רשת 13,2024-11-24,2024-11-24 23:57:22,23
39167,רשת 13,2024-11-24,2024-11-24 23:57:37,23
39168,רשת 13,2024-11-24,2024-11-24 23:58:00,23
39169,רשת 13,2024-11-24,2024-11-24 23:58:22,23
39170,רשת 13,2024-11-24,2024-11-24 23:58:48,23
39171,רשת 13,2024-11-24,2024-11-24 23:58:58,23
39172,רשת 13,2024-11-24,2024-11-24 23:59:04,23
39173,רשת 13,2024-11-24,2024-11-24 23:59:10,23
39174,רשת 13,2024-11-24,2024-11-24 23:59:16,23
39175,רשת 13,2024-11-24,2024-11-24 23:59:22,23
39176,רשת 13,2024-11-24,2024-11-24 23:59:28,23
39177,רשת 13,2024-11-24,2024-11-24 23:59:34,23
39178,רשת 13,2024-11-24,2024-11-24 00:11:26,0
39179,רשת 13,2024-11-24,2024-11-24 00:12:02,0
39180,רשת 13,2024-11-24,2024-11-24 00:12:28,0
39181,רשת 13,2024-11-24,2024-11-24 00:12:34,0
39182,רשת 13,2024-11-24,2024-11-24 00:12:40,0
39183,רשת 13,2024-11-24,2024-11-24 00:13:04,0
39184,רשת 13,2024-11-24,2024-11-24 00:13:24,0
39185,רשת 13,2024-11-24,2024-11-24 00:13:35,0
39186,רשת 13,2024-11-24,2024-11-24 00:14:32,0
39187,רשת 13,2024-11-24,2024-11-24 00:14:52,0
39188,רשת 13,2024-11-24,2024-11-24 00:15:07,0
39189,רשת 13,2024-11-24,2024-11-24 00:15:38,0
39190,רשת 13,2024-11-24,2024-11-24 00:15:44,0
39191,רשת 13,2024-11-24,2024-11-24 00:16:19,0
39192,רשת 13,2024-11-24,2024-11-24 00:17:09,0
39193,רשת 13,2024-11-24,2024-11-24 00:17:15,0
39194,רשת 13,2024-11-24,2024-11-24 00:17:21,0
39195,רשת 13,2024-11-24,2024-11-24 00:18:03,0
39196,רשת 13,2024-11-24,2024-11-24 00:18:10,0
39197,רשת 13,2024-11-24,2024-11-24 00:18:16,0
39198,רשת 13,2024-11-24,2024-11-24 00:18:26,0
39199,רשת 13,2024-11-24,2024-11-24 00:18:36,0
39200,רשת 13,2024-11-24,2024-11-24 00:18:42,0
39201,רשת 13,2024-11-24,2024-11-24 00:39:09,0
39202,רשת 13,2024-11-24,2024-11-24 00:39:54,0
39203,רשת 13,2024-11-24,2024-11-24 00:40:22,0
39204,רשת 13,2024-11-24,2024-11-24 00:40:44,0
39205,רשת 13,2024-11-24,2024-11-24 00:41:04,0
39206,רשת 13,2024-11-24,2024-11-24 00:41:12,0
39207,רשת 13,2024-11-24,2024-11-24 00:56:55,0
39208,רשת 13,2024-11-24,2024-11-24 00:57:16,0
39209,רשת 13,2024-11-24,2024-11-24 01:19:11,1
39210,רשת 13,2024-11-24,2024-11-24 01:19:21,1
39211,רשת 13,2024-11-24,2024-11-24 01:19:27,1
39212,רשת 13,2024-11-24,2024-11-24 01:20:04,1
39213,רשת 13,2024-11-24,2024-11-24 01:20:39,1
39214,רשת 13,2024-11-24,2024-11-24 01:21:28,1
40420,רשת 13,2024-11-25,2024-11-25 02:32:25,2
40421,רשת 13,2024-11-25,2024-11-25 02:33:10,2
40422,רשת 13,2024-11-25,2024-11-25 02:33:33,2
40423,רשת 13,2024-11-25,2024-11-25 02:33:41,2
40424,רשת 13,2024-11-25,2024-11-25 02:34:55,2
40425,רשת 13,2024-11-25,2024-11-25 03:05:48,3
40426,רשת 13,2024-11-25,2024-11-25 03:06:08,3
40427,רשת 13,2024-11-25,2024-11-25 03:06:14,3
40428,רשת 13,2024-11-25,2024-11-25 03:06:37,3
40429,רשת 13,2024-11-25,2024-11-25 03:47:25,3
40430,רשת 13,2024-11-25,2024-11-25 03:48:02,3
40431,רשת 13,2024-11-25,2024-11-25 03:48:47,3
40432,רשת 13,2024-11-25,2024-11-25 03:49:10,3
40433,רשת 13,2024-11-25,2024-11-25 05:21:01,5
40434,רשת 13,2024-11-25,2024-11-25 05:21:38,5
40435,רשת 13,2024-11-25,2024-11-25 05:22:26,5
40436,רשת 13,2024-11-25,2024-11-25 05:34:19,5
40437,רשת 13,2024-11-25,2024-11-25 05:34:56,5
40438,רשת 13,2024-11-25,2024-11-25 05:35:41,5
40439,רשת 13,2024-11-25,2024-11-25 05:36:29,5
40440,רשת 13,2024-11-25,2024-11-25 05:37:19,5
40441,רשת 13,2024-11-25,2024-11-25 05:48:14,5
40442,רשת 13,2024-11-25,2024-11-25 05:48:59,5
40443,רשת 13,2024-11-25,2024-11-25 05:49:47,5
40444,רשת 13,2024-11-25,2024-11-25 05:50:47,5
40445,רשת 13,2024-11-25,2024-11-25 05:51:23,5
40446,רשת 13,2024-11-25,2024-11-25 06:14:16,6
40447,רשת 13,2024-11-25,2024-11-25 06:14:26,6
40448,רשת 13,2024-11-25,2024-11-25 06:14:36,6
40449,רשת 13,2024-11-25,2024-11-25 06:14:44,6
40450,רשת 13,2024-11-25,2024-11-25 06:14:54,6
40451,רשת 13,2024-11-25,2024-11-25 06:15:04,6
40452,רשת 13,2024-11-25,2024-11-25 06:15:14,6
40453,רשת 13,2024-11-25,2024-11-25 06:15:22,6
40454,רשת 13,2024-11-25,2024-11-25 06:15:59,6
40455,רשת 13,2024-11-25,2024-11-25 06:16:21,6
40456,רשת 13,2024-11-25,2024-11-25 06:17:00,6
40457,רשת 13,2024-11-25,2024-11-25 06:17:43,6
40458,רשת 13,2024-11-25,2024-11-25 06:17:54,6
40459,רשת 13,2024-11-25,2024-11-25 06:18:04,6
40460,רשת 13,2024-11-25,2024-11-25 06:18:14,6
40461,רשת 13,2024-11-25,2024-11-25 06:18:22,6
40462,רשת 13,2024-11-25,2024-11-25 06:18:32,6
40463,רשת 13,2024-11-25,2024-11-25 06:18:42,6
40464,רשת 13,2024-11-25,2024-11-25 06:18:52,6
40465,רשת 13,2024-11-25,2024-11-25 07:13:07,7
40466,רשת 13,2024-11-25,2024-11-25 07:13:44,7
40467,רשת 13,2024-11-25,2024-11-25 07:14:10,7
40468,רשת 13,2024-11-25,2024-11-25 07:14:16,7
40469,רשת 13,2024-11-25,2024-11-25 07:15:25,7
40470,רשת 13,2024-11-25,2024-11-25 07:15:31,7
40471,רשת 13,2024-11-25,2024-11-25 07:15:42,7
40472,רשת 13,2024-11-25,2024-11-25 07:15:52,7
40473,רשת 13,2024-11-25,2024-11-25 07:15:58,7
40474,רשת 13,2024-11-25,2024-11-25 07:16:04,7
40475,רשת 13,2024-11-25,2024-11-25 07:16:26,7
40476,רשת 13,2024-11-25,2024-11-25 07:16:36,7
40477,רשת 13,2024-11-25,2024-11-25 07:16:57,7
40478,רשת 13,2024-11-25,2024-11-25 07:17:14,7
40479,רשת 13,2024-11-25,2024-11-25 07:17:45,7
40480,רשת 13,2024-11-25,2024-11-25 07:18:00,7
40481,רשת 13,2024-11-25,2024-11-25 07:18:17,7
40482,רשת 13,2024-11-25,2024-11-25 07:18:32,7
40483,רשת 13,2024-11-25,2024-11-25 07:18:43,7
40484,רשת 13,2024-11-25,2024-11-25 07:18:58,7
40485,רשת 13,2024-11-25,2024-11-25 07:19:04,7
40486,רשת 13,2024-11-25,2024-11-25 07:19:28,7
40487,רשת 13,2024-11-25,2024-11-25 07:20:05,7
40488,רשת 13,2024-11-25,2024-11-25 07:20:11,7
40489,רשת 13,2024-11-25,2024-11-25 07:20:46,7
40490,רשת 13,2024-11-25,2024-11-25 07:21:36,7
40491,רשת 13,2024-11-25,2024-11-25 07:21:46,7
40492,רשת 13,2024-11-25,2024-11-25 07:21:56,7
40493,רשת 13,2024-11-25,2024-11-25 07:22:02,7
40494,רשת 13,2024-11-25,2024-11-25 07:37:31,7
40495,רשת 13,2024-11-25,2024-11-25 07:38:16,7
40496,רשת 13,2024-11-25,2024-11-25 07:38:44,7
40497,רשת 13,2024-11-25,2024-11-25 07:38:54,7
40498,רשת 13,2024-11-25,2024-11-25 07:39:00,7
40499,רשת 13,2024-11-25,2024-11-25 07:39:06,7
40500,רשת 13,2024-11-25,2024-11-25 07:39:19,7
40501,רשת 13,2024-11-25,2024-11-25 07:39:48,7
40502,רשת 13,2024-11-25,2024-11-25 07:40:03,7
40503,רשת 13,2024-11-25,2024-11-25 07:40:18,7
40504,רשת 13,2024-11-25,2024-11-25 07:40:40,7
40505,רשת 13,2024-11-25,2024-11-25 07:41:15,7
40506,רשת 13,2024-11-25,2024-11-25 07:41:35,7
40507,רשת 13,2024-11-25,2024-11-25 07:41:50,7
40508,רשת 13,2024-11-25,2024-11-25 07:42:14,7
40509,רשת 13,2024-11-25,2024-11-25 07:42:44,7
40510,רשת 13,2024-11-25,2024-11-25 07:42:59,7
40511,רשת 13,2024-11-25,2024-11-25 07:43:06,7
40512,רשת 13,2024-11-25,2024-11-25 07:43:12,7
40513,רשת 13,2024-11-25,2024-11-25 07:43:42,7
40514,רשת 13,2024-11-25,2024-11-25 07:43:50,7
40515,רשת 13,2024-11-25,2024-11-25 07:44:38,7
40516,רשת 13,2024-11-25,2024-11-25 07:45:03,7
40517,רשת 13,2024-11-25,2024-11-25 07:45:46,7
40518,רשת 13,2024-11-25,2024-11-25 07:45:57,7
40519,רשת 13,2024-11-25,2024-11-25 07:46:07,7
40520,רשת 13,2024-11-25,2024-11-25 07:46:13,7
40521,רשת 13,2024-11-25,2024-11-25 07:46:23,7
40522,רשת 13,2024-11-25,2024-11-25 07:46:29,7
40523,רשת 13,2024-11-25,2024-11-25 08:05:24,8
40524,רשת 13,2024-11-25,2024-11-25 08:06:07,8
40525,רשת 13,2024-11-25,2024-11-25 08:11:28,8
40526,רשת 13,2024-11-25,2024-11-25 08:11:49,8
40527,רשת 13,2024-11-25,2024-11-25 08:12:15,8
40528,רשת 13,2024-11-25,2024-11-25 08:12:21,8
40529,רשת 13,2024-11-25,2024-11-25 08:13:30,8
40530,רשת 13,2024-11-25,2024-11-25 08:13:36,8
40531,רשת 13,2024-11-25,2024-11-25 08:13:47,8
40532,רשת 13,2024-11-25,2024-11-25 08:13:57,8
40533,רשת 13,2024-11-25,2024-11-25 08:14:03,8
40534,רשת 13,2024-11-25,2024-11-25 08:14:09,8
40535,רשת 13,2024-11-25,2024-11-25 08:14:22,8
40536,רשת 13,2024-11-25,2024-11-25 08:14:33,8
40537,רשת 13,2024-11-25,2024-11-25 08:14:50,8
40538,רשת 13,2024-11-25,2024-11-25 08:15:05,8
40539,רשת 13,2024-11-25,2024-11-25 08:15:20,8
40540,רשת 13,2024-11-25,2024-11-25 08:15:44,8
40541,רשת 13,2024-11-25,2024-11-25 08:16:01,8
40542,רשת 13,2024-11-25,2024-11-25 08:16:21,8
40543,רשת 13,2024-11-25,2024-11-25 08:16:27,8
40544,רשת 13,2024-11-25,2024-11-25 08:16:42,8
40545,רשת 13,2024-11-25,2024-11-25 08:17:04,8
40546,רשת 13,2024-11-25,2024-11-25 08:17:43,8
40547,רשת 13,2024-11-25,2024-11-25 08:17:49,8
40548,רשת 13,2024-11-25,2024-11-25 08:18:12,8
40549,רשת 13,2024-11-25,2024-11-25 08:18:36,8
40550,רשת 13,2024-11-25,2024-11-25 08:18:46,8
40551,רשת 13,2024-11-25,2024-11-25 08:18:56,8
40552,רשת 13,2024-11-25,2024-11-25 08:19:02,8
40553,רשת 13,2024-11-25,2024-11-25 08:39:56,8
40554,רשת 13,2024-11-25,2024-11-25 08:40:41,8
40555,רשת 13,2024-11-25,2024-11-25 08:41:09,8
40556,רשת 13,2024-11-25,2024-11-25 08:41:19,8
40557,רשת 13,2024-11-25,2024-11-25 08:41:29,8
40558,רשת 13,2024-11-25,2024-11-25 08:41:35,8
40559,רשת 13,2024-11-25,2024-11-25 08:41:48,8
40560,רשת 13,2024-11-25,2024-11-25 08:42:08,8
40561,רשת 13,2024-11-25,2024-11-25 08:42:29,8
40562,רשת 13,2024-11-25,2024-11-25 08:42:44,8
40563,רשת 13,2024-11-25,2024-11-25 08:43:41,8
40564,רשת 13,2024-11-25,2024-11-25 08:43:52,8
40565,רשת 13,2024-11-25,2024-11-25 08:44:17,8
40566,רשת 13,2024-11-25,2024-11-25 08:44:23,8
40567,רשת 13,2024-11-25,2024-11-25 08:44:38,8
40568,רשת 13,2024-11-25,2024-11-25 08:45:24,8
40569,רשת 13,2024-11-25,2024-11-25 08:45:32,8
40570,רשת 13,2024-11-25,2024-11-25 08:46:20,8
40571,רשת 13,2024-11-25,2024-11-25 08:47:02,8
40572,רשת 13,2024-11-25,2024-11-25 08:47:12,8
40573,רשת 13,2024-11-25,2024-11-25 08:47:18,8
40574,רשת 13,2024-11-25,2024-11-25 09:06:23,9
40575,רשת 13,2024-11-25,2024-11-25 09:06:29,9
40576,רשת 13,2024-11-25,2024-11-25 09:06:35,9
40577,רשת 13,2024-11-25,2024-11-25 09:07:18,9
40578,רשת 13,2024-11-25,2024-11-25 09:07:24,9
40579,רשת 13,2024-11-25,2024-11-25 09:07:30,9
40580,רשת 13,2024-11-25,2024-11-25 09:16:15,9
40581,רשת 13,2024-11-25,2024-11-25 09:16:52,9
40582,רשת 13,2024-11-25,2024-11-25 09:17:19,9
40583,רשת 13,2024-11-25,2024-11-25 09:17:29,9
40584,רשת 13,2024-11-25,2024-11-25 09:17:39,9
40585,רשת 13,2024-11-25,2024-11-25 09:17:45,9
40586,רשת 13,2024-11-25,2024-11-25 09:17:51,9
40587,רשת 13,2024-11-25,2024-11-25 09:18:04,9
40588,רשת 13,2024-11-25,2024-11-25 09:18:25,9
40589,רשת 13,2024-11-25,2024-11-25 09:18:38,9
40590,רשת 13,2024-11-25,2024-11-25 09:19:08,9
40591,רשת 13,2024-11-25,2024-11-25 09:19:23,9
40592,רשת 13,2024-11-25,2024-11-25 09:19:38,9
40593,רשת 13,2024-11-25,2024-11-25 09:19:58,9
40594,רשת 13,2024-11-25,2024-11-25 09:20:08,9
40595,רשת 13,2024-11-25,2024-11-25 09:20:23,9
40596,רשת 13,2024-11-25,2024-11-25 09:20:45,9
40597,רשת 13,2024-11-25,2024-11-25 09:20:51,9
40598,רשת 13,2024-11-25,2024-11-25 09:20:57,9
40599,רשת 13,2024-11-25,2024-11-25 09:21:30,9
40600,רשת 13,2024-11-25,2024-11-25 09:21:36,9
40601,רשת 13,2024-11-25,2024-11-25 09:22:11,9
40602,רשת 13,2024-11-25,2024-11-25 09:23:01,9
40603,רשת 13,2024-11-25,2024-11-25 09:23:11,9
40604,רשת 13,2024-11-25,2024-11-25 09:23:17,9
40605,רשת 13,2024-11-25,2024-11-25 09:23:27,9
40606,רשת 13,2024-11-25,2024-11-25 09:52:34,9
40607,רשת 13,2024-11-25,2024-11-25 09:53:19,9
40608,רשת 13,2024-11-25,2024-11-25 09:53:47,9
40609,רשת 13,2024-11-25,2024-11-25 09:53:57,9
40610,רשת 13,2024-11-25,2024-11-25 09:54:03,9
40611,רשת 13,2024-11-25,2024-11-25 09:54:13,9
40612,רשת 13,2024-11-25,2024-11-25 09:54:26,9
40613,רשת 13,2024-11-25,2024-11-25 09:54:47,9
40614,רשת 13,2024-11-25,2024-11-25 09:54:58,9
40615,רשת 13,2024-11-25,2024-11-25 09:55:18,9
40616,רשת 13,2024-11-25,2024-11-25 09:56:15,9
40617,רשת 13,2024-11-25,2024-11-25 09:56:39,9
40618,רשת 13,2024-11-25,2024-11-25 09:56:54,9
40619,רשת 13,2024-11-25,2024-11-25 09:57:00,9
40620,רשת 13,2024-11-25,2024-11-25 09:57:23,9
40621,רשת 13,2024-11-25,2024-11-25 09:57:40,9
40622,רשת 13,2024-11-25,2024-11-25 09:57:47,9
40623,רשת 13,2024-11-25,2024-11-25 09:58:21,9
40624,רשת 13,2024-11-25,2024-11-25 09:58:29,9
40625,רשת 13,2024-11-25,2024-11-25 09:58:51,9
40626,רשת 13,2024-11-25,2024-11-25 09:59:17,9
40627,רשת 13,2024-11-25,2024-11-25 09:59:27,9
40628,רשת 13,2024-11-25,2024-11-25 09:59:33,9
40629,רשת 13,2024-11-25,2024-11-25 09:59:43,9
40630,רשת 13,2024-11-25,2024-11-25 10:06:10,10
40631,רשת 13,2024-11-25,2024-11-25 10:06:16,10
40632,רשת 13,2024-11-25,2024-11-25 10:06:22,10
40633,רשת 13,2024-11-25,2024-11-25 10:07:05,10
40634,רשת 13,2024-11-25,2024-11-25 10:07:11,10
40635,רשת 13,2024-11-25,2024-11-25 10:07:17,10
40636,רשת 13,2024-11-25,2024-11-25 10:24:57,10
40637,רשת 13,2024-11-25,2024-11-25 10:25:33,10
40638,רשת 13,2024-11-25,2024-11-25 10:26:00,10
40639,רשת 13,2024-11-25,2024-11-25 10:26:10,10
40640,רשת 13,2024-11-25,2024-11-25 10:26:16,10
40641,רשת 13,2024-11-25,2024-11-25 10:26:22,10
40642,רשת 13,2024-11-25,2024-11-25 10:26:28,10
40643,רשת 13,2024-11-25,2024-11-25 10:26:38,10
40644,רשת 13,2024-11-25,2024-11-25 10:26:51,10
40645,רשת 13,2024-11-25,2024-11-25 10:27:12,10
40646,רשת 13,2024-11-25,2024-11-25 10:27:23,10
40647,רשת 13,2024-11-25,2024-11-25 10:27:38,10
40648,רשת 13,2024-11-25,2024-11-25 10:27:45,10
40649,רשת 13,2024-11-25,2024-11-25 10:27:58,10
40650,רשת 13,2024-11-25,2024-11-25 10:28:18,10
40651,רשת 13,2024-11-25,2024-11-25 10:28:28,10
40652,רשת 13,2024-11-25,2024-11-25 10:28:43,10
40653,רשת 13,2024-11-25,2024-11-25 10:29:00,10
40654,רשת 13,2024-11-25,2024-11-25 10:29:15,10
40655,רשת 13,2024-11-25,2024-11-25 10:29:30,10
40656,רשת 13,2024-11-25,2024-11-25 10:29:45,10
40657,רשת 13,2024-11-25,2024-11-25 10:30:42,10
40658,רשת 13,2024-11-25,2024-11-25 10:30:48,10
40659,רשת 13,2024-11-25,2024-11-25 10:31:42,10
40660,רשת 13,2024-11-25,2024-11-25 10:32:06,10
40661,רשת 13,2024-11-25,2024-11-25 10:32:16,10
40662,רשת 13,2024-11-25,2024-11-25 10:32:26,10
40663,רשת 13,2024-11-25,2024-11-25 10:32:32,10
40664,רשת 13,2024-11-25,2024-11-25 11:04:37,11
40665,רשת 13,2024-11-25,2024-11-25 11:04:43,11
40666,רשת 13,2024-11-25,2024-11-25 11:04:49,11
40667,רשת 13,2024-11-25,2024-11-25 11:05:32,11
40668,רשת 13,2024-11-25,2024-11-25 11:05:38,11
40669,רשת 13,2024-11-25,2024-11-25 11:05:44,11
40670,רשת 13,2024-11-25,2024-11-25 11:33:12,11
40671,רשת 13,2024-11-25,2024-11-25 11:33:57,11
40672,רשת 13,2024-11-25,2024-11-25 11:34:25,11
40673,רשת 13,2024-11-25,2024-11-25 11:34:31,11
40674,רשת 13,2024-11-25,2024-11-25 11:34:37,11
40675,רשת 13,2024-11-25,2024-11-25 11:34:47,11
40676,רשת 13,2024-11-25,2024-11-25 11:34:53,11
40677,רשת 13,2024-11-25,2024-11-25 11:35:14,11
40678,רשת 13,2024-11-25,2024-11-25 11:35:34,11
40679,רשת 13,2024-11-25,2024-11-25 11:35:47,11
40680,רשת 13,2024-11-25,2024-11-25 11:36:04,11
40681,רשת 13,2024-11-25,2024-11-25 11:36:15,11
40682,רשת 13,2024-11-25,2024-11-25 11:36:35,11
40683,רשת 13,2024-11-25,2024-11-25 11:36:45,11
40684,רשת 13,2024-11-25,2024-11-25 11:36:55,11
40685,רשת 13,2024-11-25,2024-11-25 11:37:10,11
40686,רשת 13,2024-11-25,2024-11-25 11:37:17,11
40687,רשת 13,2024-11-25,2024-11-25 11:37:38,11
40688,רשת 13,2024-11-25,2024-11-25 11:37:53,11
40689,רשת 13,2024-11-25,2024-11-25 11:38:08,11
40690,רשת 13,2024-11-25,2024-11-25 11:38:14,11
40691,רשת 13,2024-11-25,2024-11-25 11:38:59,11
40692,רשת 13,2024-11-25,2024-11-25 11:39:07,11
40693,רשת 13,2024-11-25,2024-11-25 11:39:55,11
40694,רשת 13,2024-11-25,2024-11-25 11:40:37,11
40695,רשת 13,2024-11-25,2024-11-25 11:40:47,11
40696,רשת 13,2024-11-25,2024-11-25 11:40:53,11
40697,רשת 13,2024-11-25,2024-11-25 11:40:59,11
40698,רשת 13,2024-11-25,2024-11-25 11:41:05,11
40699,רשת 13,2024-11-25,2024-11-25 12:04:35,12
40700,רשת 13,2024-11-25,2024-11-25 12:04:41,12
40701,רשת 13,2024-11-25,2024-11-25 12:04:47,12
40702,רשת 13,2024-11-25,2024-11-25 12:05:29,12
40703,רשת 13,2024-11-25,2024-11-25 12:05:35,12
40704,רשת 13,2024-11-25,2024-11-25 12:05:41,12
40705,רשת 13,2024-11-25,2024-11-25 12:22:56,12
40706,רשת 13,2024-11-25,2024-11-25 12:23:32,12
40707,רשת 13,2024-11-25,2024-11-25 12:23:58,12
40708,רשת 13,2024-11-25,2024-11-25 12:24:04,12
40709,רשת 13,2024-11-25,2024-11-25 12:24:10,12
40710,רשת 13,2024-11-25,2024-11-25 12:24:20,12
40711,רשת 13,2024-11-25,2024-11-25 12:24:26,12
40712,רשת 13,2024-11-25,2024-11-25 12:24:46,12
40713,רשת 13,2024-11-25,2024-11-25 12:25:06,12
40714,רשת 13,2024-11-25,2024-11-25 12:25:17,12
40715,רשת 13,2024-11-25,2024-11-25 12:25:47,12
40716,רשת 13,2024-11-25,2024-11-25 12:25:59,12
40717,רשת 13,2024-11-25,2024-11-25 12:26:34,12
40718,רשת 13,2024-11-25,2024-11-25 12:26:51,12
40719,רשת 13,2024-11-25,2024-11-25 12:27:06,12
40720,רשת 13,2024-11-25,2024-11-25 12:27:21,12
40721,רשת 13,2024-11-25,2024-11-25 12:27:27,12
40722,רשת 13,2024-11-25,2024-11-25 12:27:33,12
40723,רשת 13,2024-11-25,2024-11-25 12:27:48,12
40724,רשת 13,2024-11-25,2024-11-25 12:28:03,12
40725,רשת 13,2024-11-25,2024-11-25 12:28:28,12
40726,רשת 13,2024-11-25,2024-11-25 12:29:00,12
40727,רשת 13,2024-11-25,2024-11-25 12:29:06,12
40728,רשת 13,2024-11-25,2024-11-25 12:29:29,12
40729,רשת 13,2024-11-25,2024-11-25 12:30:18,12
40730,רשת 13,2024-11-25,2024-11-25 12:30:24,12
40731,רשת 13,2024-11-25,2024-11-25 12:30:34,12
40732,רשת 13,2024-11-25,2024-11-25 12:30:40,12
40733,רשת 13,2024-11-25,2024-11-25 12:30:46,12
40734,רשת 13,2024-11-25,2024-11-25 12:50:37,12
40735,רשת 13,2024-11-25,2024-11-25 12:51:13,12
40736,רשת 13,2024-11-25,2024-11-25 12:51:58,12
40737,רשת 13,2024-11-25,2024-11-25 12:52:36,12
40738,רשת 13,2024-11-25,2024-11-25 13:13:01,13
40739,רשת 13,2024-11-25,2024-11-25 13:13:20,13
40740,רשת 13,2024-11-25,2024-11-25 13:14:19,13
40741,רשת 13,2024-11-25,2024-11-25 13:14:25,13
40742,רשת 13,2024-11-25,2024-11-25 13:14:35,13
40743,רשת 13,2024-11-25,2024-11-25 13:14:41,13
40744,רשת 13,2024-11-25,2024-11-25 13:14:47,13
40745,רשת 13,2024-11-25,2024-11-25 13:14:53,13
40746,רשת 13,2024-11-25,2024-11-25 13:15:14,13
40747,רשת 13,2024-11-25,2024-11-25 13:15:37,13
40748,רשת 13,2024-11-25,2024-11-25 13:15:43,13
40749,רשת 13,2024-11-25,2024-11-25 13:16:00,13
40750,רשת 13,2024-11-25,2024-11-25 13:16:10,13
40751,רשת 13,2024-11-25,2024-11-25 13:16:25,13
40752,רשת 13,2024-11-25,2024-11-25 13:16:53,13
40753,רשת 13,2024-11-25,2024-11-25 13:17:01,13
40754,רשת 13,2024-11-25,2024-11-25 13:17:49,13
40755,רשת 13,2024-11-25,2024-11-25 13:18:30,13
40756,רשת 13,2024-11-25,2024-11-25 13:18:36,13
40757,רשת 13,2024-11-25,2024-11-25 13:18:46,13
40758,רשת 13,2024-11-25,2024-11-25 13:18:52,13
40759,רשת 13,2024-11-25,2024-11-25 13:18:58,13
40760,רשת 13,2024-11-25,2024-11-25 13:29:53,13
40761,רשת 13,2024-11-25,2024-11-25 13:30:30,13
40762,רשת 13,2024-11-25,2024-11-25 13:31:15,13
40763,רשת 13,2024-11-25,2024-11-25 13:31:47,13
40764,רשת 13,2024-11-25,2024-11-25 13:32:52,13
40765,רשת 13,2024-11-25,2024-11-25 13:33:22,13
40766,רשת 13,2024-11-25,2024-11-25 13:34:20,13
40767,רשת 13,2024-11-25,2024-11-25 13:34:26,13
40768,רשת 13,2024-11-25,2024-11-25 13:34:32,13
40769,רשת 13,2024-11-25,2024-11-25 13:35:15,13
40770,רשת 13,2024-11-25,2024-11-25 13:35:21,13
40771,רשת 13,2024-11-25,2024-11-25 13:35:27,13
40772,רשת 13,2024-11-25,2024-11-25 13:44:03,13
40773,רשת 13,2024-11-25,2024-11-25 13:44:40,13
40774,רשת 13,2024-11-25,2024-11-25 13:45:25,13
40775,רשת 13,2024-11-25,2024-11-25 13:46:25,13
40776,רשת 13,2024-11-25,2024-11-25 13:47:00,13
40777,רשת 13,2024-11-25,2024-11-25 14:12:20,14
40778,רשת 13,2024-11-25,2024-11-25 14:12:57,14
40779,רשת 13,2024-11-25,2024-11-25 14:13:50,14
40780,רשת 13,2024-11-25,2024-11-25 14:13:56,14
40781,רשת 13,2024-11-25,2024-11-25 14:14:06,14
40782,רשת 13,2024-11-25,2024-11-25 14:14:12,14
40783,רשת 13,2024-11-25,2024-11-25 14:14:32,14
40784,רשת 13,2024-11-25,2024-11-25 14:14:38,14
40785,רשת 13,2024-11-25,2024-11-25 14:14:55,14
40786,רשת 13,2024-11-25,2024-11-25 14:15:10,14
40787,רשת 13,2024-11-25,2024-11-25 14:15:16,14
40788,רשת 13,2024-11-25,2024-11-25 14:15:36,14
40789,רשת 13,2024-11-25,2024-11-25 14:15:53,14
40790,רשת 13,2024-11-25,2024-11-25 14:16:03,14
40791,רשת 13,2024-11-25,2024-11-25 14:16:18,14
40792,רשת 13,2024-11-25,2024-11-25 14:16:55,14
40793,רשת 13,2024-11-25,2024-11-25 14:17:01,14
40794,רשת 13,2024-11-25,2024-11-25 14:17:55,14
40795,רשת 13,2024-11-25,2024-11-25 14:18:44,14
40796,רשת 13,2024-11-25,2024-11-25 14:18:50,14
40797,רשת 13,2024-11-25,2024-11-25 14:18:56,14
40798,רשת 13,2024-11-25,2024-11-25 14:19:39,14
40799,רשת 13,2024-11-25,2024-11-25 14:19:45,14
40800,רשת 13,2024-11-25,2024-11-25 14:19:51,14
40801,רשת 13,2024-11-25,2024-11-25 14:20:02,14
40802,רשת 13,2024-11-25,2024-11-25 14:20:12,14
40803,רשת 13,2024-11-25,2024-11-25 14:20:18,14
40804,רשת 13,2024-11-25,2024-11-25 14:20:24,14
40805,רשת 13,2024-11-25,2024-11-25 14:39:19,14
40806,רשת 13,2024-11-25,2024-11-25 14:40:04,14
40807,רשת 13,2024-11-25,2024-11-25 14:40:58,14
40808,רשת 13,2024-11-25,2024-11-25 14:41:32,14
40809,רשת 13,2024-11-25,2024-11-25 14:42:06,14
40810,רשת 13,2024-11-25,2024-11-25 14:42:40,14
40811,רשת 13,2024-11-25,2024-11-25 14:42:48,14
40812,רשת 13,2024-11-25,2024-11-25 14:50:26,14
40813,רשת 13,2024-11-25,2024-11-25 14:51:03,14
40814,רשת 13,2024-11-25,2024-11-25 14:51:48,14
40815,רשת 13,2024-11-25,2024-11-25 14:52:18,14
40816,רשת 13,2024-11-25,2024-11-25 14:52:56,14
40817,רשת 13,2024-11-25,2024-11-25 14:53:31,14
40818,רשת 13,2024-11-25,2024-11-25 15:52:18,15
40819,רשת 13,2024-11-25,2024-11-25 15:53:03,15
40820,רשת 13,2024-11-25,2024-11-25 15:53:30,15
40821,רשת 13,2024-11-25,2024-11-25 15:53:40,15
40822,רשת 13,2024-11-25,2024-11-25 15:53:46,15
40823,רשת 13,2024-11-25,2024-11-25 15:53:52,15
40824,רשת 13,2024-11-25,2024-11-25 15:54:13,15
40825,רשת 13,2024-11-25,2024-11-25 15:54:35,15
40826,רשת 13,2024-11-25,2024-11-25 15:55:16,15
40827,רשת 13,2024-11-25,2024-11-25 15:55:23,15
40828,רשת 13,2024-11-25,2024-11-25 15:55:38,15
40829,רשת 13,2024-11-25,2024-11-25 15:55:44,15
40830,רשת 13,2024-11-25,2024-11-25 15:55:50,15
40831,רשת 13,2024-11-25,2024-11-25 15:56:21,15
40832,רשת 13,2024-11-25,2024-11-25 15:56:29,15
40833,רשת 13,2024-11-25,2024-11-25 15:57:17,15
40834,רשת 13,2024-11-25,2024-11-25 15:57:58,15
40835,רשת 13,2024-11-25,2024-11-25 15:58:04,15
40836,רשת 13,2024-11-25,2024-11-25 15:58:14,15
40837,רשת 13,2024-11-25,2024-11-25 15:58:20,15
40838,רשת 13,2024-11-25,2024-11-25 15:58:30,15
40839,רשת 13,2024-11-25,2024-11-25 15:58:36,15
40840,רשת 13,2024-11-25,2024-11-25 15:58:42,15
40841,רשת 13,2024-11-25,2024-11-25 15:59:24,15
40842,רשת 13,2024-11-25,2024-11-25 15:59:30,15
40843,רשת 13,2024-11-25,2024-11-25 15:59:36,15
40844,רשת 13,2024-11-25,2024-11-25 15:59:46,15
40845,רשת 13,2024-11-25,2024-11-25 15:59:52,15
40846,רשת 13,2024-11-25,2024-11-25 15:59:58,15
40847,רשת 13,2024-11-25,2024-11-25 16:27:02,16
40848,רשת 13,2024-11-25,2024-11-25 16:27:38,16
40849,רשת 13,2024-11-25,2024-11-25 16:28:04,16
40850,רשת 13,2024-11-25,2024-11-25 16:28:14,16
40851,רשת 13,2024-11-25,2024-11-25 16:28:24,16
40852,רשת 13,2024-11-25,2024-11-25 16:28:32,16
40853,רשת 13,2024-11-25,2024-11-25 16:28:38,16
40854,רשת 13,2024-11-25,2024-11-25 16:28:48,16
40855,רשת 13,2024-11-25,2024-11-25 16:28:58,16
40856,רשת 13,2024-11-25,2024-11-25 16:29:21,16
40857,רשת 13,2024-11-25,2024-11-25 16:29:45,16
40858,רשת 13,2024-11-25,2024-11-25 16:29:52,16
40859,רשת 13,2024-11-25,2024-11-25 16:30:09,16
40860,רשת 13,2024-11-25,2024-11-25 16:30:24,16
40861,רשת 13,2024-11-25,2024-11-25 16:30:36,16
40862,רשת 13,2024-11-25,2024-11-25 16:30:49,16
40863,רשת 13,2024-11-25,2024-11-25 16:31:04,16
40864,רשת 13,2024-11-25,2024-11-25 16:31:34,16
40865,רשת 13,2024-11-25,2024-11-25 16:31:44,16
40866,רשת 13,2024-11-25,2024-11-25 16:31:59,16
40867,רשת 13,2024-11-25,2024-11-25 16:32:05,16
40868,רשת 13,2024-11-25,2024-11-25 16:32:20,16
40869,רשת 13,2024-11-25,2024-11-25 16:32:31,16
40870,רשת 13,2024-11-25,2024-11-25 16:32:37,16
40871,רשת 13,2024-11-25,2024-11-25 16:33:12,16
40872,רשת 13,2024-11-25,2024-11-25 16:34:01,16
40873,רשת 13,2024-11-25,2024-11-25 16:34:11,16
40874,רשת 13,2024-11-25,2024-11-25 16:34:17,16
40875,רשת 13,2024-11-25,2024-11-25 16:34:29,16
40876,רשת 13,2024-11-25,2024-11-25 16:34:35,16
40877,רשת 13,2024-11-25,2024-11-25 16:34:41,16
40878,רשת 13,2024-11-25,2024-11-25 16:35:23,16
40879,רשת 13,2024-11-25,2024-11-25 16:35:29,16
40880,רשת 13,2024-11-25,2024-11-25 16:35:35,16
40881,רשת 13,2024-11-25,2024-11-25 16:35:45,16
40882,רשת 13,2024-11-25,2024-11-25 16:35:55,16
40883,רשת 13,2024-11-25,2024-11-25 16:36:01,16
40884,רשת 13,2024-11-25,2024-11-25 17:17:41,17
40885,רשת 13,2024-11-25,2024-11-25 17:18:00,17
40886,רשת 13,2024-11-25,2024-11-25 17:18:28,17
40887,רשת 13,2024-11-25,2024-11-25 17:18:38,17
40888,רשת 13,2024-11-25,2024-11-25 17:18:48,17
40889,רשת 13,2024-11-25,2024-11-25 17:18:56,17
40890,רשת 13,2024-11-25,2024-11-25 17:19:02,17
40891,רשת 13,2024-11-25,2024-11-25 17:19:12,17
40892,רשת 13,2024-11-25,2024-11-25 17:19:18,17
40893,רשת 13,2024-11-25,2024-11-25 17:19:24,17
40894,רשת 13,2024-11-25,2024-11-25 17:19:37,17
40895,רשת 13,2024-11-25,2024-11-25 17:20:18,17
40896,רשת 13,2024-11-25,2024-11-25 17:20:33,17
40897,רשת 13,2024-11-25,2024-11-25 17:20:48,17
40898,רשת 13,2024-11-25,2024-11-25 17:21:03,17
40899,רשת 13,2024-11-25,2024-11-25 17:21:18,17
40900,רשת 13,2024-11-25,2024-11-25 17:21:38,17
40901,רשת 13,2024-11-25,2024-11-25 17:21:53,17
40902,רשת 13,2024-11-25,2024-11-25 17:22:08,17
40903,רשת 13,2024-11-25,2024-11-25 17:22:23,17
40904,רשת 13,2024-11-25,2024-11-25 17:22:38,17
40905,רשת 13,2024-11-25,2024-11-25 17:22:44,17
40906,רשת 13,2024-11-25,2024-11-25 17:23:05,17
40907,רשת 13,2024-11-25,2024-11-25 17:23:53,17
40908,רשת 13,2024-11-25,2024-11-25 17:24:50,17
40909,רשת 13,2024-11-25,2024-11-25 17:25:00,17
40910,רשת 13,2024-11-25,2024-11-25 17:25:20,17
40911,רשת 13,2024-11-25,2024-11-25 17:25:35,17
40912,רשת 13,2024-11-25,2024-11-25 17:25:57,17
40913,רשת 13,2024-11-25,2024-11-25 17:26:03,17
40914,רשת 13,2024-11-25,2024-11-25 17:26:31,17
40915,רשת 13,2024-11-25,2024-11-25 17:26:53,17
40916,רשת 13,2024-11-25,2024-11-25 17:27:18,17
40917,רשת 13,2024-11-25,2024-11-25 17:27:28,17
40918,רשת 13,2024-11-25,2024-11-25 17:27:34,17
40919,רשת 13,2024-11-25,2024-11-25 17:27:40,17
40920,רשת 13,2024-11-25,2024-11-25 17:27:50,17
40921,רשת 13,2024-11-25,2024-11-25 17:27:56,17
40922,רשת 13,2024-11-25,2024-11-25 17:28:02,17
40923,רשת 13,2024-11-25,2024-11-25 17:28:08,17
40924,רשת 13,2024-11-25,2024-11-25 17:28:20,17
40925,רשת 13,2024-11-25,2024-11-25 17:28:26,17
40926,רשת 13,2024-11-25,2024-11-25 17:28:32,17
40927,רשת 13,2024-11-25,2024-11-25 17:29:15,17
40928,רשת 13,2024-11-25,2024-11-25 17:29:21,17
40929,רשת 13,2024-11-25,2024-11-25 17:29:27,17
40930,רשת 13,2024-11-25,2024-11-25 17:29:38,17
40931,רשת 13,2024-11-25,2024-11-25 17:29:48,17
40932,רשת 13,2024-11-25,2024-11-25 17:29:54,17
40933,רשת 13,2024-11-25,2024-11-25 17:30:00,17
40934,רשת 13,2024-11-25,2024-11-25 17:30:06,17
40935,רשת 13,2024-11-25,2024-11-25 17:30:12,17
40936,רשת 13,2024-11-25,2024-11-25 17:30:20,17
40937,רשת 13,2024-11-25,2024-11-25 17:54:12,17
40938,רשת 13,2024-11-25,2024-11-25 17:55:12,17
40939,רשת 13,2024-11-25,2024-11-25 18:35:59,18
40940,רשת 13,2024-11-25,2024-11-25 18:36:25,18
40941,רשת 13,2024-11-25,2024-11-25 18:36:31,18
40942,רשת 13,2024-11-25,2024-11-25 18:36:41,18
40943,רשת 13,2024-11-25,2024-11-25 18:36:47,18
40944,רשת 13,2024-11-25,2024-11-25 18:36:53,18
40945,רשת 13,2024-11-25,2024-11-25 18:37:01,18
40946,רשת 13,2024-11-25,2024-11-25 18:37:07,18
40947,רשת 13,2024-11-25,2024-11-25 18:37:13,18
40948,רשת 13,2024-11-25,2024-11-25 18:37:23,18
40949,רשת 13,2024-11-25,2024-11-25 18:37:29,18
40950,רשת 13,2024-11-25,2024-11-25 18:37:42,18
40951,רשת 13,2024-11-25,2024-11-25 18:38:06,18
40952,רשת 13,2024-11-25,2024-11-25 18:38:28,18
40953,רשת 13,2024-11-25,2024-11-25 18:38:35,18
40954,רשת 13,2024-11-25,2024-11-25 18:39:04,18
40955,רשת 13,2024-11-25,2024-11-25 18:39:25,18
40956,רשת 13,2024-11-25,2024-11-25 18:39:35,18
40957,רשת 13,2024-11-25,2024-11-25 18:40:32,18
40958,רשת 13,2024-11-25,2024-11-25 18:40:47,18
40959,רשת 13,2024-11-25,2024-11-25 18:40:53,18
40960,רשת 13,2024-11-25,2024-11-25 18:41:13,18
40961,רשת 13,2024-11-25,2024-11-25 18:41:26,18
40962,רשת 13,2024-11-25,2024-11-25 18:41:41,18
40963,רשת 13,2024-11-25,2024-11-25 18:41:56,18
40964,רשת 13,2024-11-25,2024-11-25 18:43:03,18
40965,רשת 13,2024-11-25,2024-11-25 18:43:27,18
40966,רשת 13,2024-11-25,2024-11-25 18:43:37,18
40967,רשת 13,2024-11-25,2024-11-25 18:43:43,18
40968,רשת 13,2024-11-25,2024-11-25 18:43:53,18
40969,רשת 13,2024-11-25,2024-11-25 18:43:59,18
40970,רשת 13,2024-11-25,2024-11-25 18:44:05,18
40971,רשת 13,2024-11-25,2024-11-25 18:44:11,18
40972,רשת 13,2024-11-25,2024-11-25 18:44:17,18
40973,רשת 13,2024-11-25,2024-11-25 18:44:23,18
40974,רשת 13,2024-11-25,2024-11-25 18:44:35,18
40975,רשת 13,2024-11-25,2024-11-25 18:44:41,18
40976,רשת 13,2024-11-25,2024-11-25 18:44:47,18
40977,רשת 13,2024-11-25,2024-11-25 18:45:30,18
40978,רשת 13,2024-11-25,2024-11-25 18:45:36,18
40979,רשת 13,2024-11-25,2024-11-25 18:45:42,18
40980,רשת 13,2024-11-25,2024-11-25 18:45:53,18
40981,רשת 13,2024-11-25,2024-11-25 18:46:03,18
40982,רשת 13,2024-11-25,2024-11-25 18:46:13,18
40983,רשת 13,2024-11-25,2024-11-25 18:46:19,18
40984,רשת 13,2024-11-25,2024-11-25 18:46:25,18
40985,רשת 13,2024-11-25,2024-11-25 18:46:31,18
40986,רשת 13,2024-11-25,2024-11-25 18:46:37,18
40987,רשת 13,2024-11-25,2024-11-25 18:46:43,18
40988,רשת 13,2024-11-25,2024-11-25 18:46:49,18
40989,רשת 13,2024-11-25,2024-11-25 18:59:11,18
40990,רשת 13,2024-11-25,2024-11-25 18:59:56,18
40991,רשת 13,2024-11-25,2024-11-25 19:00:24,19
40992,רשת 13,2024-11-25,2024-11-25 19:00:30,19
40993,רשת 13,2024-11-25,2024-11-25 19:00:36,19
40994,רשת 13,2024-11-25,2024-11-25 19:00:46,19
40995,רשת 13,2024-11-25,2024-11-25 19:00:52,19
40996,רשת 13,2024-11-25,2024-11-25 19:00:58,19
40997,רשת 13,2024-11-25,2024-11-25 19:01:04,19
40998,רשת 13,2024-11-25,2024-11-25 19:01:14,19
40999,רשת 13,2024-11-25,2024-11-25 19:01:20,19
41000,רשת 13,2024-11-25,2024-11-25 19:01:26,19
41001,רשת 13,2024-11-25,2024-11-25 19:01:48,19
41002,רשת 13,2024-11-25,2024-11-25 19:02:29,19
41003,רשת 13,2024-11-25,2024-11-25 19:02:52,19
41004,רשת 13,2024-11-25,2024-11-25 19:03:14,19
41005,רשת 13,2024-11-25,2024-11-25 19:03:21,19
41006,רשת 13,2024-11-25,2024-11-25 19:03:42,19
41007,רשת 13,2024-11-25,2024-11-25 19:04:05,19
41008,רשת 13,2024-11-25,2024-11-25 19:04:56,19
41009,רשת 13,2024-11-25,2024-11-25 19:05:11,19
41010,רשת 13,2024-11-25,2024-11-25 19:05:26,19
41011,רשת 13,2024-11-25,2024-11-25 19:05:41,19
41012,רשת 13,2024-11-25,2024-11-25 19:06:03,19
41013,רשת 13,2024-11-25,2024-11-25 19:06:11,19
41014,רשת 13,2024-11-25,2024-11-25 19:06:59,19
41015,רשת 13,2024-11-25,2024-11-25 19:07:41,19
41016,רשת 13,2024-11-25,2024-11-25 19:07:51,19
41017,רשת 13,2024-11-25,2024-11-25 19:08:01,19
41018,רשת 13,2024-11-25,2024-11-25 19:08:07,19
41019,רשת 13,2024-11-25,2024-11-25 19:08:13,19
41020,רשת 13,2024-11-25,2024-11-25 19:08:19,19
41021,רשת 13,2024-11-25,2024-11-25 19:08:25,19
41022,רשת 13,2024-11-25,2024-11-25 19:08:31,19
41023,רשת 13,2024-11-25,2024-11-25 19:08:37,19
41024,רשת 13,2024-11-25,2024-11-25 19:45:46,19
41025,רשת 13,2024-11-25,2024-11-25 19:51:01,19
41026,רשת 13,2024-11-25,2024-11-25 19:52:01,19
41027,רשת 13,2024-11-25,2024-11-25 19:53:06,19
41028,רשת 13,2024-11-25,2024-11-25 20:29:24,20
41029,רשת 13,2024-11-25,2024-11-25 20:45:18,20
41030,רשת 13,2024-11-25,2024-11-25 20:45:43,20
41031,רשת 13,2024-11-25,2024-11-25 20:45:49,20
41032,רשת 13,2024-11-25,2024-11-25 20:45:55,20
41033,רשת 13,2024-11-25,2024-11-25 20:46:05,20
41034,רשת 13,2024-11-25,2024-11-25 20:46:11,20
41035,רשת 13,2024-11-25,2024-11-25 20:46:17,20
41036,רשת 13,2024-11-25,2024-11-25 20:46:23,20
41037,רשת 13,2024-11-25,2024-11-25 20:46:29,20
41038,רשת 13,2024-11-25,2024-11-25 20:46:42,20
41039,רשת 13,2024-11-25,2024-11-25 20:46:59,20
41040,רשת 13,2024-11-25,2024-11-25 20:47:20,20
41041,רשת 13,2024-11-25,2024-11-25 20:47:31,20
41042,רשת 13,2024-11-25,2024-11-25 20:48:22,20
41043,רשת 13,2024-11-25,2024-11-25 20:48:42,20
41044,רשת 13,2024-11-25,2024-11-25 20:49:12,20
41045,רשת 13,2024-11-25,2024-11-25 20:49:27,20
41046,רשת 13,2024-11-25,2024-11-25 20:49:44,20
41047,רשת 13,2024-11-25,2024-11-25 20:50:04,20
41048,רשת 13,2024-11-25,2024-11-25 20:50:34,20
41049,רשת 13,2024-11-25,2024-11-25 20:50:40,20
41050,רשת 13,2024-11-25,2024-11-25 20:50:55,20
41051,רשת 13,2024-11-25,2024-11-25 20:51:10,20
41052,רשת 13,2024-11-25,2024-11-25 20:51:45,20
41053,רשת 13,2024-11-25,2024-11-25 20:52:08,20
41054,רשת 13,2024-11-25,2024-11-25 21:11:06,21
41055,רשת 13,2024-11-25,2024-11-25 21:11:47,21
41056,רשת 13,2024-11-25,2024-11-25 21:11:53,21
41057,רשת 13,2024-11-25,2024-11-25 21:12:03,21
41058,רשת 13,2024-11-25,2024-11-25 21:12:09,21
41059,רשת 13,2024-11-25,2024-11-25 21:12:15,21
41060,רשת 13,2024-11-25,2024-11-25 21:12:21,21
41061,רשת 13,2024-11-25,2024-11-25 21:12:43,21
41062,רשת 13,2024-11-25,2024-11-25 21:13:12,21
41063,רשת 13,2024-11-25,2024-11-25 21:13:23,21
41064,רשת 13,2024-11-25,2024-11-25 21:13:47,21
41065,רשת 13,2024-11-25,2024-11-25 21:14:02,21
41066,רשת 13,2024-11-25,2024-11-25 21:14:19,21
41067,רשת 13,2024-11-25,2024-11-25 21:14:36,21
41068,רשת 13,2024-11-25,2024-11-25 21:14:48,21
41069,רשת 13,2024-11-25,2024-11-25 21:15:03,21
41070,רשת 13,2024-11-25,2024-11-25 21:15:33,21
41071,רשת 13,2024-11-25,2024-11-25 21:15:44,21
41072,רשת 13,2024-11-25,2024-11-25 21:15:59,21
41073,רשת 13,2024-11-25,2024-11-25 21:16:06,21
41074,רשת 13,2024-11-25,2024-11-25 21:16:28,21
41075,רשת 13,2024-11-25,2024-11-25 21:16:38,21
41076,רשת 13,2024-11-25,2024-11-25 21:16:44,21
41077,רשת 13,2024-11-25,2024-11-25 21:17:30,21
41078,רשת 13,2024-11-25,2024-11-25 21:18:18,21
41079,רשת 13,2024-11-25,2024-11-25 21:31:43,21
41080,רשת 13,2024-11-25,2024-11-25 21:32:24,21
41081,רשת 13,2024-11-25,2024-11-25 21:33:12,21
41082,רשת 13,2024-11-25,2024-11-25 22:11:11,22
41083,רשת 13,2024-11-25,2024-11-25 22:11:56,22
41084,רשת 13,2024-11-25,2024-11-25 22:12:23,22
41085,רשת 13,2024-11-25,2024-11-25 22:12:29,22
41086,רשת 13,2024-11-25,2024-11-25 22:12:35,22
41087,רשת 13,2024-11-25,2024-11-25 22:12:41,22
41088,רשת 13,2024-11-25,2024-11-25 22:12:47,22
41089,רשת 13,2024-11-25,2024-11-25 22:12:57,22
41090,רשת 13,2024-11-25,2024-11-25 22:13:03,22
41091,רשת 13,2024-11-25,2024-11-25 22:13:09,22
41092,רשת 13,2024-11-25,2024-11-25 22:13:26,22
41093,רשת 13,2024-11-25,2024-11-25 22:13:37,22
41094,רשת 13,2024-11-25,2024-11-25 22:14:18,22
41095,רשת 13,2024-11-25,2024-11-25 22:14:48,22
41096,רשת 13,2024-11-25,2024-11-25 22:15:05,22
41097,רשת 13,2024-11-25,2024-11-25 22:15:20,22
41098,רשת 13,2024-11-25,2024-11-25 22:15:39,22
41099,רשת 13,2024-11-25,2024-11-25 22:15:54,22
41100,רשת 13,2024-11-25,2024-11-25 22:16:14,22
41101,רשת 13,2024-11-25,2024-11-25 22:16:31,22
41102,רשת 13,2024-11-25,2024-11-25 22:16:46,22
41103,רשת 13,2024-11-25,2024-11-25 22:17:08,22
41104,רשת 13,2024-11-25,2024-11-25 22:17:19,22
41105,רשת 13,2024-11-25,2024-11-25 22:17:29,22
41106,רשת 13,2024-11-25,2024-11-25 22:17:35,22
41107,רשת 13,2024-11-25,2024-11-25 22:17:41,22
41108,רשת 13,2024-11-25,2024-11-25 22:18:30,22
41109,רשת 13,2024-11-25,2024-11-25 22:18:58,22
41110,רשת 13,2024-11-25,2024-11-25 22:19:04,22
41111,רשת 13,2024-11-25,2024-11-25 22:19:10,22
41112,רשת 13,2024-11-25,2024-11-25 22:19:20,22
41113,רשת 13,2024-11-25,2024-11-25 22:19:26,22
41114,רשת 13,2024-11-25,2024-11-25 22:19:32,22
41115,רשת 13,2024-11-25,2024-11-25 22:19:38,22
41116,רשת 13,2024-11-25,2024-11-25 22:19:44,22
41117,רשת 13,2024-11-25,2024-11-25 22:42:06,22
41118,רשת 13,2024-11-25,2024-11-25 22:42:31,22
41119,רשת 13,2024-11-25,2024-11-25 22:43:24,22
41120,רשת 13,2024-11-25,2024-11-25 22:43:30,22
41121,רשת 13,2024-11-25,2024-11-25 22:43:36,22
41122,רשת 13,2024-11-25,2024-11-25 22:43:42,22
41123,רשת 13,2024-11-25,2024-11-25 22:43:52,22
41124,רשת 13,2024-11-25,2024-11-25 22:43:58,22
41125,רשת 13,2024-11-25,2024-11-25 22:44:08,22
41126,רשת 13,2024-11-25,2024-11-25 22:44:25,22
41127,רשת 13,2024-11-25,2024-11-25 22:45:06,22
41128,רשת 13,2024-11-25,2024-11-25 22:45:17,22
41129,רשת 13,2024-11-25,2024-11-25 22:45:38,22
41130,רשת 13,2024-11-25,2024-11-25 22:46:02,22
41131,רשת 13,2024-11-25,2024-11-25 22:46:17,22
41132,רשת 13,2024-11-25,2024-11-25 22:46:47,22
41133,רשת 13,2024-11-25,2024-11-25 22:46:58,22
41134,רשת 13,2024-11-25,2024-11-25 22:47:28,22
41135,רשת 13,2024-11-25,2024-11-25 22:47:43,22
41136,רשת 13,2024-11-25,2024-11-25 22:47:49,22
41137,רשת 13,2024-11-25,2024-11-25 22:48:40,22
41138,רשת 13,2024-11-25,2024-11-25 22:48:51,22
41139,רשת 13,2024-11-25,2024-11-25 22:49:13,22
41140,רשת 13,2024-11-25,2024-11-25 22:49:20,22
41141,רשת 13,2024-11-25,2024-11-25 22:49:35,22
41142,רשת 13,2024-11-25,2024-11-25 22:50:05,22
41143,רשת 13,2024-11-25,2024-11-25 22:50:28,22
41144,רשת 13,2024-11-25,2024-11-25 22:50:52,22
41145,רשת 13,2024-11-25,2024-11-25 22:50:58,22
41146,רשת 13,2024-11-25,2024-11-25 22:51:04,22
41147,רשת 13,2024-11-25,2024-11-25 22:51:10,22
41148,רשת 13,2024-11-25,2024-11-25 22:51:16,22
41149,רשת 13,2024-11-25,2024-11-25 22:51:26,22
41150,רשת 13,2024-11-25,2024-11-25 23:06:47,23
41151,רשת 13,2024-11-25,2024-11-25 23:07:08,23
41152,רשת 13,2024-11-25,2024-11-25 23:07:53,23
41153,רשת 13,2024-11-25,2024-11-25 23:08:21,23
41154,רשת 13,2024-11-25,2024-11-25 23:08:31,23
41155,רשת 13,2024-11-25,2024-11-25 23:08:42,23
41156,רשת 13,2024-11-25,2024-11-25 23:08:48,23
41157,רשת 13,2024-11-25,2024-11-25 23:09:03,23
41158,רשת 13,2024-11-25,2024-11-25 23:09:14,23
41159,רשת 13,2024-11-25,2024-11-25 23:09:34,23
41160,רשת 13,2024-11-25,2024-11-25 23:09:49,23
41161,רשת 13,2024-11-25,2024-11-25 23:10:04,23
41162,רשת 13,2024-11-25,2024-11-25 23:10:34,23
41163,רשת 13,2024-11-25,2024-11-25 23:10:45,23
41164,רשת 13,2024-11-25,2024-11-25 23:11:07,23
41165,רשת 13,2024-11-25,2024-11-25 23:11:34,23
41166,רשת 13,2024-11-25,2024-11-25 23:11:44,23
41167,רשת 13,2024-11-25,2024-11-25 23:11:50,23
41168,רשת 13,2024-11-25,2024-11-25 23:12:54,23
41169,רשת 13,2024-11-25,2024-11-25 23:13:00,23
41170,רשת 13,2024-11-25,2024-11-25 23:54:29,23
41171,רשת 13,2024-11-25,2024-11-25 23:55:16,23
41172,רשת 13,2024-11-25,2024-11-25 23:55:22,23
41173,רשת 13,2024-11-25,2024-11-25 23:55:28,23
41174,רשת 13,2024-11-25,2024-11-25 23:55:34,23
41175,רשת 13,2024-11-25,2024-11-25 23:55:44,23
41176,רשת 13,2024-11-25,2024-11-25 23:55:50,23
41177,רשת 13,2024-11-25,2024-11-25 23:56:00,23
41178,רשת 13,2024-11-25,2024-11-25 23:56:06,23
41179,רשת 13,2024-11-25,2024-11-25 23:56:14,23
41180,רשת 13,2024-11-25,2024-11-25 23:56:25,23
41181,רשת 13,2024-11-25,2024-11-25 23:56:36,23
41182,רשת 13,2024-11-25,2024-11-25 23:56:47,23
41183,רשת 13,2024-11-25,2024-11-25 23:56:54,23
41184,רשת 13,2024-11-25,2024-11-25 23:57:16,23
41185,רשת 13,2024-11-25,2024-11-25 23:57:37,23
41186,רשת 13,2024-11-25,2024-11-25 23:57:43,23
41187,רשת 13,2024-11-25,2024-11-25 23:57:54,23
41188,רשת 13,2024-11-25,2024-11-25 23:58:19,23
41189,רשת 13,2024-11-25,2024-11-25 23:58:25,23
41190,רשת 13,2024-11-25,2024-11-25 23:58:58,23
41191,רשת 13,2024-11-25,2024-11-25 23:59:08,23
41192,רשת 13,2024-11-25,2024-11-25 23:59:18,23
41193,רשת 13,2024-11-25,2024-11-25 23:59:24,23
41194,רשת 13,2024-11-25,2024-11-25 23:59:30,23
41195,רשת 13,2024-11-25,2024-11-25 23:59:36,23
41196,רשת 13,2024-11-25,2024-11-25 23:59:44,23
41197,רשת 13,2024-11-25,2024-11-25 23:59:50,23
41198,רשת 13,2024-11-25,2024-11-25 00:14:17,0
41199,רשת 13,2024-11-25,2024-11-25 00:15:02,0
41200,רשת 13,2024-11-25,2024-11-25 00:15:28,0
41201,רשת 13,2024-11-25,2024-11-25 00:15:38,0
41202,רשת 13,2024-11-25,2024-11-25 00:15:44,0
41203,רשת 13,2024-11-25,2024-11-25 00:15:50,0
41204,רשת 13,2024-11-25,2024-11-25 00:15:56,0
41205,רשת 13,2024-11-25,2024-11-25 00:16:02,0
41206,רשת 13,2024-11-25,2024-11-25 00:16:21,0
41207,רשת 13,2024-11-25,2024-11-25 00:17:02,0
41208,רשת 13,2024-11-25,2024-11-25 00:17:25,0
41209,רשת 13,2024-11-25,2024-11-25 00:17:47,0
41210,רשת 13,2024-11-25,2024-11-25 00:18:02,0
41211,רשת 13,2024-11-25,2024-11-25 00:18:08,0
41212,רשת 13,2024-11-25,2024-11-25 00:18:18,0
41213,רשת 13,2024-11-25,2024-11-25 00:18:40,0
41214,רשת 13,2024-11-25,2024-11-25 00:18:50,0
41215,רשת 13,2024-11-25,2024-11-25 00:19:41,0
41216,רשת 13,2024-11-25,2024-11-25 00:20:08,0
41217,רשת 13,2024-11-25,2024-11-25 00:20:14,0
41218,רשת 13,2024-11-25,2024-11-25 00:20:55,0
41219,רשת 13,2024-11-25,2024-11-25 00:21:40,0
41220,רשת 13,2024-11-25,2024-11-25 00:21:46,0
41221,רשת 13,2024-11-25,2024-11-25 00:21:52,0
41222,רשת 13,2024-11-25,2024-11-25 00:22:33,0
41223,רשת 13,2024-11-25,2024-11-25 00:22:39,0
41224,רשת 13,2024-11-25,2024-11-25 00:22:45,0
41225,רשת 13,2024-11-25,2024-11-25 00:22:55,0
41226,רשת 13,2024-11-25,2024-11-25 00:23:05,0
41227,רשת 13,2024-11-25,2024-11-25 00:23:11,0
41228,רשת 13,2024-11-25,2024-11-25 00:23:17,0
41229,רשת 13,2024-11-25,2024-11-25 01:16:24,1
41230,רשת 13,2024-11-25,2024-11-25 01:16:34,1
41231,רשת 13,2024-11-25,2024-11-25 01:16:40,1
41232,רשת 13,2024-11-25,2024-11-25 01:17:22,1
41233,רשת 13,2024-11-25,2024-11-25 01:17:57,1
41234,רשת 13,2024-11-25,2024-11-25 01:18:03,1
41235,רשת 13,2024-11-25,2024-11-25 01:18:28,1
41236,רשת 13,2024-11-25,2024-11-25 01:18:34,1
42522,רשת 13,2024-11-26,2024-11-26 02:10:43,2
42523,רשת 13,2024-11-26,2024-11-26 02:11:28,2
42524,רשת 13,2024-11-26,2024-11-26 02:11:50,2
42525,רשת 13,2024-11-26,2024-11-26 02:11:56,2
42526,רשת 13,2024-11-26,2024-11-26 02:12:36,2
42527,רשת 13,2024-11-26,2024-11-26 02:41:00,2
42528,רשת 13,2024-11-26,2024-11-26 02:41:42,2
42529,רשת 13,2024-11-26,2024-11-26 02:42:17,2
42530,רשת 13,2024-11-26,2024-11-26 02:42:23,2
42531,רשת 13,2024-11-26,2024-11-26 03:24:44,3
42532,רשת 13,2024-11-26,2024-11-26 03:25:26,3
42533,רשת 13,2024-11-26,2024-11-26 03:25:32,3
42534,רשת 13,2024-11-26,2024-11-26 03:26:20,3
42535,רשת 13,2024-11-26,2024-11-26 03:27:00,3
42536,רשת 13,2024-11-26,2024-11-26 05:19:16,5
42537,רשת 13,2024-11-26,2024-11-26 05:20:01,5
42538,רשת 13,2024-11-26,2024-11-26 05:20:24,5
42539,רשת 13,2024-11-26,2024-11-26 05:20:30,5
42540,רשת 13,2024-11-26,2024-11-26 05:42:20,5
42541,רשת 13,2024-11-26,2024-11-26 05:43:05,5
42542,רשת 13,2024-11-26,2024-11-26 05:43:47,5
42543,רשת 13,2024-11-26,2024-11-26 06:14:07,6
42544,רשת 13,2024-11-26,2024-11-26 06:14:17,6
42545,רשת 13,2024-11-26,2024-11-26 06:14:27,6
42546,רשת 13,2024-11-26,2024-11-26 06:14:35,6
42547,רשת 13,2024-11-26,2024-11-26 06:14:45,6
42548,רשת 13,2024-11-26,2024-11-26 06:14:55,6
42549,רשת 13,2024-11-26,2024-11-26 06:15:05,6
42550,רשת 13,2024-11-26,2024-11-26 06:15:13,6
42551,רשת 13,2024-11-26,2024-11-26 06:15:58,6
42552,רשת 13,2024-11-26,2024-11-26 06:16:20,6
42553,רשת 13,2024-11-26,2024-11-26 06:16:47,6
42554,רשת 13,2024-11-26,2024-11-26 06:16:53,6
42555,רשת 13,2024-11-26,2024-11-26 06:17:33,6
42556,רשת 13,2024-11-26,2024-11-26 06:17:39,6
42557,רשת 13,2024-11-26,2024-11-26 06:17:50,6
42558,רשת 13,2024-11-26,2024-11-26 06:18:00,6
42559,רשת 13,2024-11-26,2024-11-26 06:18:10,6
42560,רשת 13,2024-11-26,2024-11-26 06:18:18,6
42561,רשת 13,2024-11-26,2024-11-26 06:18:28,6
42562,רשת 13,2024-11-26,2024-11-26 06:18:38,6
42563,רשת 13,2024-11-26,2024-11-26 06:18:48,6
42564,רשת 13,2024-11-26,2024-11-26 07:12:19,7
42565,רשת 13,2024-11-26,2024-11-26 07:13:04,7
42566,רשת 13,2024-11-26,2024-11-26 07:13:30,7
42567,רשת 13,2024-11-26,2024-11-26 07:13:36,7
42568,רשת 13,2024-11-26,2024-11-26 07:14:34,7
42569,רשת 13,2024-11-26,2024-11-26 07:14:40,7
42570,רשת 13,2024-11-26,2024-11-26 07:14:51,7
42571,רשת 13,2024-11-26,2024-11-26 07:14:57,7
42572,רשת 13,2024-11-26,2024-11-26 07:15:07,7
42573,רשת 13,2024-11-26,2024-11-26 07:15:17,7
42574,רשת 13,2024-11-26,2024-11-26 07:15:23,7
42575,רשת 13,2024-11-26,2024-11-26 07:15:44,7
42576,רשת 13,2024-11-26,2024-11-26 07:15:55,7
42577,רשת 13,2024-11-26,2024-11-26 07:16:06,7
42578,רשת 13,2024-11-26,2024-11-26 07:16:21,7
42579,רשת 13,2024-11-26,2024-11-26 07:16:33,7
42580,רשת 13,2024-11-26,2024-11-26 07:17:02,7
42581,רשת 13,2024-11-26,2024-11-26 07:17:17,7
42582,רשת 13,2024-11-26,2024-11-26 07:17:32,7
42583,רשת 13,2024-11-26,2024-11-26 07:17:38,7
42584,רשת 13,2024-11-26,2024-11-26 07:17:55,7
42585,רשת 13,2024-11-26,2024-11-26 07:18:16,7
42586,רשת 13,2024-11-26,2024-11-26 07:18:56,7
42587,רשת 13,2024-11-26,2024-11-26 07:19:31,7
42588,רשת 13,2024-11-26,2024-11-26 07:20:18,7
42589,רשת 13,2024-11-26,2024-11-26 07:20:28,7
42590,רשת 13,2024-11-26,2024-11-26 07:20:34,7
42591,רשת 13,2024-11-26,2024-11-26 07:20:40,7
42592,רשת 13,2024-11-26,2024-11-26 07:20:48,7
42593,רשת 13,2024-11-26,2024-11-26 07:38:53,7
42594,רשת 13,2024-11-26,2024-11-26 07:39:35,7
42595,רשת 13,2024-11-26,2024-11-26 07:40:15,7
42596,רשת 13,2024-11-26,2024-11-26 07:40:25,7
42597,רשת 13,2024-11-26,2024-11-26 07:40:35,7
42598,רשת 13,2024-11-26,2024-11-26 07:40:41,7
42599,רשת 13,2024-11-26,2024-11-26 07:41:03,7
42600,רשת 13,2024-11-26,2024-11-26 07:41:44,7
42601,רשת 13,2024-11-26,2024-11-26 07:41:55,7
42602,רשת 13,2024-11-26,2024-11-26 07:42:28,7
42603,רשת 13,2024-11-26,2024-11-26 07:42:52,7
42604,רשת 13,2024-11-26,2024-11-26 07:43:09,7
42605,רשת 13,2024-11-26,2024-11-26 07:43:24,7
42606,רשת 13,2024-11-26,2024-11-26 07:43:45,7
42607,רשת 13,2024-11-26,2024-11-26 07:44:20,7
42608,רשת 13,2024-11-26,2024-11-26 07:44:37,7
42609,רשת 13,2024-11-26,2024-11-26 07:44:52,7
42610,רשת 13,2024-11-26,2024-11-26 07:45:11,7
42611,רשת 13,2024-11-26,2024-11-26 07:45:17,7
42612,רשת 13,2024-11-26,2024-11-26 07:46:05,7
42613,רשת 13,2024-11-26,2024-11-26 07:46:28,7
42614,רשת 13,2024-11-26,2024-11-26 07:46:34,7
42615,רשת 13,2024-11-26,2024-11-26 07:47:14,7
42616,רשת 13,2024-11-26,2024-11-26 07:47:20,7
42617,רשת 13,2024-11-26,2024-11-26 07:47:31,7
42618,רשת 13,2024-11-26,2024-11-26 07:47:41,7
42619,רשת 13,2024-11-26,2024-11-26 07:47:47,7
42620,רשת 13,2024-11-26,2024-11-26 07:47:53,7
42621,רשת 13,2024-11-26,2024-11-26 08:04:19,8
42622,רשת 13,2024-11-26,2024-11-26 08:04:25,8
42623,רשת 13,2024-11-26,2024-11-26 08:05:05,8
42624,רשת 13,2024-11-26,2024-11-26 08:05:11,8
42625,רשת 13,2024-11-26,2024-11-26 08:12:50,8
42626,רשת 13,2024-11-26,2024-11-26 08:13:35,8
42627,רשת 13,2024-11-26,2024-11-26 08:14:01,8
42628,רשת 13,2024-11-26,2024-11-26 08:14:07,8
42629,רשת 13,2024-11-26,2024-11-26 08:15:05,8
42630,רשת 13,2024-11-26,2024-11-26 08:15:11,8
42631,רשת 13,2024-11-26,2024-11-26 08:15:22,8
42632,רשת 13,2024-11-26,2024-11-26 08:15:32,8
42633,רשת 13,2024-11-26,2024-11-26 08:15:38,8
42634,רשת 13,2024-11-26,2024-11-26 08:15:44,8
42635,רשת 13,2024-11-26,2024-11-26 08:16:05,8
42636,רשת 13,2024-11-26,2024-11-26 08:16:27,8
42637,רשת 13,2024-11-26,2024-11-26 08:16:33,8
42638,רשת 13,2024-11-26,2024-11-26 08:16:48,8
42639,רשת 13,2024-11-26,2024-11-26 08:17:03,8
42640,רשת 13,2024-11-26,2024-11-26 08:17:24,8
42641,רשת 13,2024-11-26,2024-11-26 08:17:35,8
42642,רשת 13,2024-11-26,2024-11-26 08:17:50,8
42643,רשת 13,2024-11-26,2024-11-26 08:18:19,8
42644,רשת 13,2024-11-26,2024-11-26 08:18:25,8
42645,רשת 13,2024-11-26,2024-11-26 08:19:05,8
42646,רשת 13,2024-11-26,2024-11-26 08:19:32,8
42647,רשת 13,2024-11-26,2024-11-26 08:19:42,8
42648,רשת 13,2024-11-26,2024-11-26 08:19:52,8
42649,רשת 13,2024-11-26,2024-11-26 08:19:58,8
42650,רשת 13,2024-11-26,2024-11-26 08:34:19,8
42651,רשת 13,2024-11-26,2024-11-26 08:35:01,8
42652,רשת 13,2024-11-26,2024-11-26 08:35:29,8
42653,רשת 13,2024-11-26,2024-11-26 08:35:39,8
42654,רשת 13,2024-11-26,2024-11-26 08:35:45,8
42655,רשת 13,2024-11-26,2024-11-26 08:35:58,8
42656,רשת 13,2024-11-26,2024-11-26 08:36:05,8
42657,רשת 13,2024-11-26,2024-11-26 08:36:18,8
42658,רשת 13,2024-11-26,2024-11-26 08:36:38,8
42659,רשת 13,2024-11-26,2024-11-26 08:37:08,8
42660,רשת 13,2024-11-26,2024-11-26 08:37:59,8
42661,רשת 13,2024-11-26,2024-11-26 08:38:16,8
42662,רשת 13,2024-11-26,2024-11-26 08:38:31,8
42663,רשת 13,2024-11-26,2024-11-26 08:38:48,8
42664,רשת 13,2024-11-26,2024-11-26 08:39:19,8
42665,רשת 13,2024-11-26,2024-11-26 08:39:25,8
42666,רשת 13,2024-11-26,2024-11-26 08:40:13,8
42667,רשת 13,2024-11-26,2024-11-26 08:41:03,8
42668,רשת 13,2024-11-26,2024-11-26 08:41:13,8
42669,רשת 13,2024-11-26,2024-11-26 08:41:19,8
42670,רשת 13,2024-11-26,2024-11-26 08:41:29,8
42671,רשת 13,2024-11-26,2024-11-26 09:06:24,9
42672,רשת 13,2024-11-26,2024-11-26 09:06:30,9
42673,רשת 13,2024-11-26,2024-11-26 09:07:10,9
42674,רשת 13,2024-11-26,2024-11-26 09:07:16,9
42675,רשת 13,2024-11-26,2024-11-26 09:16:59,9
42676,רשת 13,2024-11-26,2024-11-26 09:17:49,9
42677,רשת 13,2024-11-26,2024-11-26 09:17:59,9
42678,רשת 13,2024-11-26,2024-11-26 09:18:05,9
42679,רשת 13,2024-11-26,2024-11-26 09:18:11,9
42680,רשת 13,2024-11-26,2024-11-26 09:18:24,9
42681,רשת 13,2024-11-26,2024-11-26 09:18:30,9
42682,רשת 13,2024-11-26,2024-11-26 09:18:43,9
42683,רשת 13,2024-11-26,2024-11-26 09:18:58,9
42684,רשת 13,2024-11-26,2024-11-26 09:19:19,9
42685,רשת 13,2024-11-26,2024-11-26 09:19:34,9
42686,רשת 13,2024-11-26,2024-11-26 09:19:54,9
42687,רשת 13,2024-11-26,2024-11-26 09:20:35,9
42688,רשת 13,2024-11-26,2024-11-26 09:20:46,9
42689,רשת 13,2024-11-26,2024-11-26 09:21:08,9
42690,רשת 13,2024-11-26,2024-11-26 09:21:19,9
42691,רשת 13,2024-11-26,2024-11-26 09:21:40,9
42692,רשת 13,2024-11-26,2024-11-26 09:22:04,9
42693,רשת 13,2024-11-26,2024-11-26 09:22:10,9
42694,רשת 13,2024-11-26,2024-11-26 09:23:04,9
42695,רשת 13,2024-11-26,2024-11-26 09:23:31,9
42696,רשת 13,2024-11-26,2024-11-26 09:23:41,9
42697,רשת 13,2024-11-26,2024-11-26 09:23:51,9
42698,רשת 13,2024-11-26,2024-11-26 09:23:57,9
42699,רשת 13,2024-11-26,2024-11-26 09:52:13,9
42700,רשת 13,2024-11-26,2024-11-26 09:52:58,9
42701,רשת 13,2024-11-26,2024-11-26 09:53:25,9
42702,רשת 13,2024-11-26,2024-11-26 09:53:35,9
42703,רשת 13,2024-11-26,2024-11-26 09:53:41,9
42704,רשת 13,2024-11-26,2024-11-26 09:53:51,9
42705,רשת 13,2024-11-26,2024-11-26 09:54:12,9
42706,רשת 13,2024-11-26,2024-11-26 09:54:32,9
42707,רשת 13,2024-11-26,2024-11-26 09:54:53,9
42708,רשת 13,2024-11-26,2024-11-26 09:55:15,9
42709,רשת 13,2024-11-26,2024-11-26 09:55:30,9
42710,רשת 13,2024-11-26,2024-11-26 09:55:42,9
42711,רשת 13,2024-11-26,2024-11-26 09:56:02,9
42712,רשת 13,2024-11-26,2024-11-26 09:56:17,9
42713,רשת 13,2024-11-26,2024-11-26 09:56:37,9
42714,רשת 13,2024-11-26,2024-11-26 09:57:28,9
42715,רשת 13,2024-11-26,2024-11-26 09:57:34,9
42716,רשת 13,2024-11-26,2024-11-26 09:57:54,9
42717,רשת 13,2024-11-26,2024-11-26 09:58:39,9
42718,רשת 13,2024-11-26,2024-11-26 09:58:49,9
42719,רשת 13,2024-11-26,2024-11-26 09:58:55,9
42720,רשת 13,2024-11-26,2024-11-26 09:59:01,9
42721,רשת 13,2024-11-26,2024-11-26 10:04:02,10
42722,רשת 13,2024-11-26,2024-11-26 10:04:08,10
42723,רשת 13,2024-11-26,2024-11-26 10:04:48,10
42724,רשת 13,2024-11-26,2024-11-26 10:04:54,10
42725,רשת 13,2024-11-26,2024-11-26 10:33:22,10
42726,רשת 13,2024-11-26,2024-11-26 10:34:04,10
42727,רשת 13,2024-11-26,2024-11-26 10:34:44,10
42728,רשת 13,2024-11-26,2024-11-26 10:34:54,10
42729,רשת 13,2024-11-26,2024-11-26 10:35:04,10
42730,רשת 13,2024-11-26,2024-11-26 10:35:12,10
42731,רשת 13,2024-11-26,2024-11-26 10:35:32,10
42732,רשת 13,2024-11-26,2024-11-26 10:35:53,10
42733,רשת 13,2024-11-26,2024-11-26 10:36:15,10
42734,רשת 13,2024-11-26,2024-11-26 10:36:28,10
42735,רשת 13,2024-11-26,2024-11-26 10:36:39,10
42736,רשת 13,2024-11-26,2024-11-26 10:36:51,10
42737,רשת 13,2024-11-26,2024-11-26 10:37:08,10
42738,רשת 13,2024-11-26,2024-11-26 10:37:23,10
42739,רשת 13,2024-11-26,2024-11-26 10:37:38,10
42740,רשת 13,2024-11-26,2024-11-26 10:38:26,10
42741,רשת 13,2024-11-26,2024-11-26 10:38:43,10
42742,רשת 13,2024-11-26,2024-11-26 10:38:58,10
42743,רשת 13,2024-11-26,2024-11-26 10:39:04,10
42744,רשת 13,2024-11-26,2024-11-26 10:39:19,10
42745,רשת 13,2024-11-26,2024-11-26 10:39:25,10
42746,רשת 13,2024-11-26,2024-11-26 10:39:42,10
42747,רשת 13,2024-11-26,2024-11-26 10:40:15,10
42748,רשת 13,2024-11-26,2024-11-26 10:40:21,10
42749,רשת 13,2024-11-26,2024-11-26 10:41:09,10
42750,רשת 13,2024-11-26,2024-11-26 10:41:33,10
42751,רשת 13,2024-11-26,2024-11-26 10:41:43,10
42752,רשת 13,2024-11-26,2024-11-26 10:41:53,10
42753,רשת 13,2024-11-26,2024-11-26 10:41:59,10
42754,רשת 13,2024-11-26,2024-11-26 10:42:05,10
42755,רשת 13,2024-11-26,2024-11-26 11:05:45,11
42756,רשת 13,2024-11-26,2024-11-26 11:05:51,11
42757,רשת 13,2024-11-26,2024-11-26 11:06:31,11
42758,רשת 13,2024-11-26,2024-11-26 11:06:37,11
42759,רשת 13,2024-11-26,2024-11-26 11:36:11,11
42760,רשת 13,2024-11-26,2024-11-26 11:36:56,11
42761,רשת 13,2024-11-26,2024-11-26 11:37:23,11
42762,רשת 13,2024-11-26,2024-11-26 11:37:29,11
42763,רשת 13,2024-11-26,2024-11-26 11:37:35,11
42764,רשת 13,2024-11-26,2024-11-26 11:37:41,11
42765,רשת 13,2024-11-26,2024-11-26 11:37:51,11
42766,רשת 13,2024-11-26,2024-11-26 11:37:57,11
42767,רשת 13,2024-11-26,2024-11-26 11:38:16,11
42768,רשת 13,2024-11-26,2024-11-26 11:38:41,11
42769,רשת 13,2024-11-26,2024-11-26 11:38:47,11
42770,רשת 13,2024-11-26,2024-11-26 11:39:00,11
42771,רשת 13,2024-11-26,2024-11-26 11:39:30,11
42772,רשת 13,2024-11-26,2024-11-26 11:39:42,11
42773,רשת 13,2024-11-26,2024-11-26 11:39:57,11
42774,רשת 13,2024-11-26,2024-11-26 11:40:14,11
42775,רשת 13,2024-11-26,2024-11-26 11:40:20,11
42776,רשת 13,2024-11-26,2024-11-26 11:40:35,11
42777,רשת 13,2024-11-26,2024-11-26 11:40:46,11
42778,רשת 13,2024-11-26,2024-11-26 11:41:03,11
42779,רשת 13,2024-11-26,2024-11-26 11:41:18,11
42780,רשת 13,2024-11-26,2024-11-26 11:41:24,11
42781,רשת 13,2024-11-26,2024-11-26 11:41:41,11
42782,רשת 13,2024-11-26,2024-11-26 11:42:16,11
42783,רשת 13,2024-11-26,2024-11-26 11:42:22,11
42784,רשת 13,2024-11-26,2024-11-26 11:43:02,11
42785,רשת 13,2024-11-26,2024-11-26 11:43:29,11
42786,רשת 13,2024-11-26,2024-11-26 11:43:35,11
42787,רשת 13,2024-11-26,2024-11-26 11:43:41,11
42788,רשת 13,2024-11-26,2024-11-26 11:43:51,11
42789,רשת 13,2024-11-26,2024-11-26 11:43:57,11
42790,רשת 13,2024-11-26,2024-11-26 11:44:03,11
42791,רשת 13,2024-11-26,2024-11-26 12:06:06,12
42792,רשת 13,2024-11-26,2024-11-26 12:06:12,12
42793,רשת 13,2024-11-26,2024-11-26 12:06:52,12
42794,רשת 13,2024-11-26,2024-11-26 12:06:58,12
42795,רשת 13,2024-11-26,2024-11-26 12:31:46,12
42796,רשת 13,2024-11-26,2024-11-26 12:32:27,12
42797,רשת 13,2024-11-26,2024-11-26 12:32:54,12
42798,רשת 13,2024-11-26,2024-11-26 12:33:00,12
42799,רשת 13,2024-11-26,2024-11-26 12:33:06,12
42800,רשת 13,2024-11-26,2024-11-26 12:33:12,12
42801,רשת 13,2024-11-26,2024-11-26 12:33:22,12
42802,רשת 13,2024-11-26,2024-11-26 12:33:33,12
42803,רשת 13,2024-11-26,2024-11-26 12:33:55,12
42804,רשת 13,2024-11-26,2024-11-26 12:34:10,12
42805,רשת 13,2024-11-26,2024-11-26 12:34:23,12
42806,רשת 13,2024-11-26,2024-11-26 12:34:40,12
42807,רשת 13,2024-11-26,2024-11-26 12:34:55,12
42808,רשת 13,2024-11-26,2024-11-26 12:35:10,12
42809,רשת 13,2024-11-26,2024-11-26 12:35:30,12
42810,רשת 13,2024-11-26,2024-11-26 12:35:41,12
42811,רשת 13,2024-11-26,2024-11-26 12:35:56,12
42812,רשת 13,2024-11-26,2024-11-26 12:36:02,12
42813,רשת 13,2024-11-26,2024-11-26 12:36:19,12
42814,רשת 13,2024-11-26,2024-11-26 12:36:42,12
42815,רשת 13,2024-11-26,2024-11-26 12:36:48,12
42816,רשת 13,2024-11-26,2024-11-26 12:37:36,12
42817,רשת 13,2024-11-26,2024-11-26 12:38:25,12
42818,רשת 13,2024-11-26,2024-11-26 12:38:31,12
42819,רשת 13,2024-11-26,2024-11-26 12:38:41,12
42820,רשת 13,2024-11-26,2024-11-26 12:38:47,12
42821,רשת 13,2024-11-26,2024-11-26 12:38:53,12
42822,רשת 13,2024-11-26,2024-11-26 12:38:59,12
42823,רשת 13,2024-11-26,2024-11-26 13:02:27,13
42824,רשת 13,2024-11-26,2024-11-26 13:03:07,13
42825,רשת 13,2024-11-26,2024-11-26 13:03:49,13
42826,רשת 13,2024-11-26,2024-11-26 13:04:54,13
42827,רשת 13,2024-11-26,2024-11-26 13:05:54,13
42828,רשת 13,2024-11-26,2024-11-26 13:06:48,13
42829,רשת 13,2024-11-26,2024-11-26 13:25:27,13
42830,רשת 13,2024-11-26,2024-11-26 13:26:12,13
42831,רשת 13,2024-11-26,2024-11-26 13:26:38,13
42832,רשת 13,2024-11-26,2024-11-26 13:26:44,13
42833,רשת 13,2024-11-26,2024-11-26 13:26:50,13
42834,רשת 13,2024-11-26,2024-11-26 13:27:00,13
42835,רשת 13,2024-11-26,2024-11-26 13:27:06,13
42836,רשת 13,2024-11-26,2024-11-26 13:27:12,13
42837,רשת 13,2024-11-26,2024-11-26 13:27:23,13
42838,רשת 13,2024-11-26,2024-11-26 13:27:30,13
42839,רשת 13,2024-11-26,2024-11-26 13:27:45,13
42840,רשת 13,2024-11-26,2024-11-26 13:28:00,13
42841,רשת 13,2024-11-26,2024-11-26 13:28:17,13
42842,רשת 13,2024-11-26,2024-11-26 13:28:32,13
42843,רשת 13,2024-11-26,2024-11-26 13:28:49,13
42844,רשת 13,2024-11-26,2024-11-26 13:29:02,13
42845,רשת 13,2024-11-26,2024-11-26 13:29:55,13
42846,רשת 13,2024-11-26,2024-11-26 13:30:01,13
42847,רשת 13,2024-11-26,2024-11-26 13:30:55,13
42848,רשת 13,2024-11-26,2024-11-26 13:31:43,13
42849,רשת 13,2024-11-26,2024-11-26 13:31:49,13
42850,רשת 13,2024-11-26,2024-11-26 13:31:55,13
42851,רשת 13,2024-11-26,2024-11-26 13:32:05,13
42852,רשת 13,2024-11-26,2024-11-26 13:32:11,13
42853,רשת 13,2024-11-26,2024-11-26 13:32:21,13
42854,רשת 13,2024-11-26,2024-11-26 13:32:27,13
42855,רשת 13,2024-11-26,2024-11-26 13:33:07,13
42856,רשת 13,2024-11-26,2024-11-26 13:33:13,13
42857,רשת 13,2024-11-26,2024-11-26 13:47:55,13
42858,רשת 13,2024-11-26,2024-11-26 13:48:40,13
42859,רשת 13,2024-11-26,2024-11-26 13:49:22,13
42860,רשת 13,2024-11-26,2024-11-26 13:50:27,13
42861,רשת 13,2024-11-26,2024-11-26 13:51:13,13
42862,רשת 13,2024-11-26,2024-11-26 13:51:19,13
42863,רשת 13,2024-11-26,2024-11-26 13:51:25,13
42864,רשת 13,2024-11-26,2024-11-26 13:51:31,13
42865,רשת 13,2024-11-26,2024-11-26 14:02:52,14
42866,רשת 13,2024-11-26,2024-11-26 14:03:33,14
42867,רשת 13,2024-11-26,2024-11-26 14:04:14,14
42868,רשת 13,2024-11-26,2024-11-26 14:05:08,14
42869,רשת 13,2024-11-26,2024-11-26 14:31:02,14
42870,רשת 13,2024-11-26,2024-11-26 14:31:47,14
42871,רשת 13,2024-11-26,2024-11-26 14:32:41,14
42872,רשת 13,2024-11-26,2024-11-26 14:32:47,14
42873,רשת 13,2024-11-26,2024-11-26 14:32:57,14
42874,רשת 13,2024-11-26,2024-11-26 14:33:03,14
42875,רשת 13,2024-11-26,2024-11-26 14:33:22,14
42876,רשת 13,2024-11-26,2024-11-26 14:33:44,14
42877,רשת 13,2024-11-26,2024-11-26 14:34:06,14
42878,רשת 13,2024-11-26,2024-11-26 14:34:13,14
42879,רשת 13,2024-11-26,2024-11-26 14:34:24,14
42880,רשת 13,2024-11-26,2024-11-26 14:34:39,14
42881,רשת 13,2024-11-26,2024-11-26 14:34:54,14
42882,רשת 13,2024-11-26,2024-11-26 14:35:09,14
42883,רשת 13,2024-11-26,2024-11-26 14:35:40,14
42884,רשת 13,2024-11-26,2024-11-26 14:36:20,14
42885,רשת 13,2024-11-26,2024-11-26 14:36:55,14
42886,רשת 13,2024-11-26,2024-11-26 14:37:43,14
42887,רשת 13,2024-11-26,2024-11-26 14:37:49,14
42888,רשת 13,2024-11-26,2024-11-26 14:37:59,14
42889,רשת 13,2024-11-26,2024-11-26 14:38:05,14
42890,רשת 13,2024-11-26,2024-11-26 14:38:15,14
42891,רשת 13,2024-11-26,2024-11-26 14:38:21,14
42892,רשת 13,2024-11-26,2024-11-26 14:39:01,14
42893,רשת 13,2024-11-26,2024-11-26 14:39:07,14
42894,רשת 13,2024-11-26,2024-11-26 14:50:53,14
42895,רשת 13,2024-11-26,2024-11-26 14:51:38,14
42896,רשת 13,2024-11-26,2024-11-26 14:52:20,14
42897,רשת 13,2024-11-26,2024-11-26 14:53:00,14
42898,רשת 13,2024-11-26,2024-11-26 14:54:00,14
42899,רשת 13,2024-11-26,2024-11-26 14:54:06,14
42900,רשת 13,2024-11-26,2024-11-26 14:54:12,14
42901,רשת 13,2024-11-26,2024-11-26 15:51:18,15
42902,רשת 13,2024-11-26,2024-11-26 15:52:00,15
42903,רשת 13,2024-11-26,2024-11-26 15:52:39,15
42904,רשת 13,2024-11-26,2024-11-26 15:52:45,15
42905,רשת 13,2024-11-26,2024-11-26 15:52:51,15
42906,רשת 13,2024-11-26,2024-11-26 15:53:01,15
42907,רשת 13,2024-11-26,2024-11-26 15:53:07,15
42908,רשת 13,2024-11-26,2024-11-26 15:53:27,15
42909,רשת 13,2024-11-26,2024-11-26 15:53:49,15
42910,רשת 13,2024-11-26,2024-11-26 15:54:12,15
42911,רשת 13,2024-11-26,2024-11-26 15:54:19,15
42912,רשת 13,2024-11-26,2024-11-26 15:55:10,15
42913,רשת 13,2024-11-26,2024-11-26 15:55:51,15
42914,רשת 13,2024-11-26,2024-11-26 15:56:08,15
42915,רשת 13,2024-11-26,2024-11-26 15:56:23,15
42916,רשת 13,2024-11-26,2024-11-26 15:56:38,15
42917,רשת 13,2024-11-26,2024-11-26 15:56:57,15
42918,רשת 13,2024-11-26,2024-11-26 15:57:03,15
42919,רשת 13,2024-11-26,2024-11-26 15:57:51,15
42920,רשת 13,2024-11-26,2024-11-26 15:58:14,15
42921,רשת 13,2024-11-26,2024-11-26 15:58:20,15
42922,רשת 13,2024-11-26,2024-11-26 15:59:00,15
42923,רשת 13,2024-11-26,2024-11-26 15:59:06,15
42924,רשת 13,2024-11-26,2024-11-26 15:59:16,15
42925,רשת 13,2024-11-26,2024-11-26 15:59:22,15
42926,רשת 13,2024-11-26,2024-11-26 15:59:32,15
42927,רשת 13,2024-11-26,2024-11-26 15:59:38,15
42928,רשת 13,2024-11-26,2024-11-26 15:59:44,15
42929,רשת 13,2024-11-26,2024-11-26 16:29:13,16
42930,רשת 13,2024-11-26,2024-11-26 16:30:02,16
42931,רשת 13,2024-11-26,2024-11-26 16:30:12,16
42932,רשת 13,2024-11-26,2024-11-26 16:30:18,16
42933,רשת 13,2024-11-26,2024-11-26 16:30:24,16
42934,רשת 13,2024-11-26,2024-11-26 16:30:32,16
42935,רשת 13,2024-11-26,2024-11-26 16:30:42,16
42936,רשת 13,2024-11-26,2024-11-26 16:30:52,16
42937,רשת 13,2024-11-26,2024-11-26 16:30:58,16
42938,רשת 13,2024-11-26,2024-11-26 16:31:19,16
42939,רשת 13,2024-11-26,2024-11-26 16:31:41,16
42940,רשת 13,2024-11-26,2024-11-26 16:32:01,16
42941,רשת 13,2024-11-26,2024-11-26 16:32:23,16
42942,רשת 13,2024-11-26,2024-11-26 16:33:11,16
42943,רשת 13,2024-11-26,2024-11-26 16:33:17,16
42944,רשת 13,2024-11-26,2024-11-26 16:33:32,16
42945,רשת 13,2024-11-26,2024-11-26 16:33:49,16
42946,רשת 13,2024-11-26,2024-11-26 16:33:55,16
42947,רשת 13,2024-11-26,2024-11-26 16:34:06,16
42948,רשת 13,2024-11-26,2024-11-26 16:34:21,16
42949,רשת 13,2024-11-26,2024-11-26 16:34:28,16
42950,רשת 13,2024-11-26,2024-11-26 16:35:03,16
42951,רשת 13,2024-11-26,2024-11-26 16:35:09,16
42952,רשת 13,2024-11-26,2024-11-26 16:35:49,16
42953,רשת 13,2024-11-26,2024-11-26 16:36:15,16
42954,רשת 13,2024-11-26,2024-11-26 16:36:21,16
42955,רשת 13,2024-11-26,2024-11-26 16:37:01,16
42956,רשת 13,2024-11-26,2024-11-26 16:37:07,16
42957,רשת 13,2024-11-26,2024-11-26 16:37:17,16
42958,רשת 13,2024-11-26,2024-11-26 16:37:27,16
42959,רשת 13,2024-11-26,2024-11-26 16:37:33,16
42960,רשת 13,2024-11-26,2024-11-26 16:37:41,16
42961,רשת 13,2024-11-26,2024-11-26 16:37:51,16
42962,רשת 13,2024-11-26,2024-11-26 16:38:01,16
42963,רשת 13,2024-11-26,2024-11-26 16:38:07,16
42964,רשת 13,2024-11-26,2024-11-26 17:11:08,17
42965,רשת 13,2024-11-26,2024-11-26 17:11:50,17
42966,רשת 13,2024-11-26,2024-11-26 17:12:18,17
42967,רשת 13,2024-11-26,2024-11-26 17:12:24,17
42968,רשת 13,2024-11-26,2024-11-26 17:12:34,17
42969,רשת 13,2024-11-26,2024-11-26 17:12:40,17
42970,רשת 13,2024-11-26,2024-11-26 17:12:48,17
42971,רשת 13,2024-11-26,2024-11-26 17:12:54,17
42972,רשת 13,2024-11-26,2024-11-26 17:13:04,17
42973,רשת 13,2024-11-26,2024-11-26 17:13:10,17
42974,רשת 13,2024-11-26,2024-11-26 17:13:23,17
42975,רשת 13,2024-11-26,2024-11-26 17:13:38,17
42976,רשת 13,2024-11-26,2024-11-26 17:13:53,17
42977,רשת 13,2024-11-26,2024-11-26 17:14:04,17
42978,רשת 13,2024-11-26,2024-11-26 17:14:25,17
42979,רשת 13,2024-11-26,2024-11-26 17:14:38,17
42980,רשת 13,2024-11-26,2024-11-26 17:14:53,17
42981,רשת 13,2024-11-26,2024-11-26 17:15:15,17
42982,רשת 13,2024-11-26,2024-11-26 17:15:35,17
42983,רשת 13,2024-11-26,2024-11-26 17:15:41,17
42984,רשת 13,2024-11-26,2024-11-26 17:15:52,17
42985,רשת 13,2024-11-26,2024-11-26 17:16:07,17
42986,רשת 13,2024-11-26,2024-11-26 17:16:13,17
42987,רשת 13,2024-11-26,2024-11-26 17:17:01,17
42988,רשת 13,2024-11-26,2024-11-26 17:17:16,17
42989,רשת 13,2024-11-26,2024-11-26 17:18:07,17
42990,רשת 13,2024-11-26,2024-11-26 17:18:14,17
42991,רשת 13,2024-11-26,2024-11-26 17:19:11,17
42992,רשת 13,2024-11-26,2024-11-26 17:19:17,17
42993,רשת 13,2024-11-26,2024-11-26 17:19:39,17
42994,רשת 13,2024-11-26,2024-11-26 17:20:03,17
42995,רשת 13,2024-11-26,2024-11-26 17:20:13,17
42996,רשת 13,2024-11-26,2024-11-26 17:20:23,17
42997,רשת 13,2024-11-26,2024-11-26 17:20:29,17
42998,רשת 13,2024-11-26,2024-11-26 17:20:35,17
42999,רשת 13,2024-11-26,2024-11-26 17:20:41,17
43000,רשת 13,2024-11-26,2024-11-26 17:20:53,17
43001,רשת 13,2024-11-26,2024-11-26 17:20:59,17
43002,רשת 13,2024-11-26,2024-11-26 17:21:39,17
43003,רשת 13,2024-11-26,2024-11-26 17:21:45,17
43004,רשת 13,2024-11-26,2024-11-26 17:21:56,17
43005,רשת 13,2024-11-26,2024-11-26 17:22:06,17
43006,רשת 13,2024-11-26,2024-11-26 17:22:12,17
43007,רשת 13,2024-11-26,2024-11-26 17:22:22,17
43008,רשת 13,2024-11-26,2024-11-26 17:22:28,17
43009,רשת 13,2024-11-26,2024-11-26 17:22:34,17
43010,רשת 13,2024-11-26,2024-11-26 17:22:40,17
43011,רשת 13,2024-11-26,2024-11-26 17:53:31,17
43012,רשת 13,2024-11-26,2024-11-26 17:54:11,17
43013,רשת 13,2024-11-26,2024-11-26 18:31:24,18
43014,רשת 13,2024-11-26,2024-11-26 18:31:43,18
43015,רשת 13,2024-11-26,2024-11-26 18:32:10,18
43016,רשת 13,2024-11-26,2024-11-26 18:32:16,18
43017,רשת 13,2024-11-26,2024-11-26 18:32:22,18
43018,רשת 13,2024-11-26,2024-11-26 18:32:28,18
43019,רשת 13,2024-11-26,2024-11-26 18:32:34,18
43020,רשת 13,2024-11-26,2024-11-26 18:32:44,18
43021,רשת 13,2024-11-26,2024-11-26 18:32:50,18
43022,רשת 13,2024-11-26,2024-11-26 18:32:56,18
43023,רשת 13,2024-11-26,2024-11-26 18:33:02,18
43024,רשת 13,2024-11-26,2024-11-26 18:33:15,18
43025,רשת 13,2024-11-26,2024-11-26 18:33:37,18
43026,רשת 13,2024-11-26,2024-11-26 18:33:43,18
43027,רשת 13,2024-11-26,2024-11-26 18:34:34,18
43028,רשת 13,2024-11-26,2024-11-26 18:35:36,18
43029,רשת 13,2024-11-26,2024-11-26 18:35:53,18
43030,רשת 13,2024-11-26,2024-11-26 18:36:18,18
43031,רשת 13,2024-11-26,2024-11-26 18:36:24,18
43032,רשת 13,2024-11-26,2024-11-26 18:36:45,18
43033,רשת 13,2024-11-26,2024-11-26 18:37:05,18
43034,רשת 13,2024-11-26,2024-11-26 18:37:20,18
43035,רשת 13,2024-11-26,2024-11-26 18:37:35,18
43036,רשת 13,2024-11-26,2024-11-26 18:37:55,18
43037,רשת 13,2024-11-26,2024-11-26 18:38:01,18
43038,רשת 13,2024-11-26,2024-11-26 18:38:24,18
43039,רשת 13,2024-11-26,2024-11-26 18:38:51,18
43040,רשת 13,2024-11-26,2024-11-26 18:39:01,18
43041,רשת 13,2024-11-26,2024-11-26 18:39:07,18
43042,רשת 13,2024-11-26,2024-11-26 18:39:13,18
43043,רשת 13,2024-11-26,2024-11-26 18:39:19,18
43044,רשת 13,2024-11-26,2024-11-26 18:39:25,18
43045,רשת 13,2024-11-26,2024-11-26 18:39:35,18
43046,רשת 13,2024-11-26,2024-11-26 18:39:41,18
43047,רשת 13,2024-11-26,2024-11-26 18:39:53,18
43048,רשת 13,2024-11-26,2024-11-26 18:39:59,18
43049,רשת 13,2024-11-26,2024-11-26 18:40:39,18
43050,רשת 13,2024-11-26,2024-11-26 18:40:45,18
43051,רשת 13,2024-11-26,2024-11-26 18:40:56,18
43052,רשת 13,2024-11-26,2024-11-26 18:41:06,18
43053,רשת 13,2024-11-26,2024-11-26 18:41:16,18
43054,רשת 13,2024-11-26,2024-11-26 18:41:22,18
43055,רשת 13,2024-11-26,2024-11-26 18:41:30,18
43056,רשת 13,2024-11-26,2024-11-26 18:41:36,18
43057,רשת 13,2024-11-26,2024-11-26 18:41:46,18
43058,רשת 13,2024-11-26,2024-11-26 18:41:52,18
43059,רשת 13,2024-11-26,2024-11-26 18:41:58,18
43060,רשת 13,2024-11-26,2024-11-26 18:59:46,18
43061,רשת 13,2024-11-26,2024-11-26 19:00:31,19
43062,רשת 13,2024-11-26,2024-11-26 19:00:58,19
43063,רשת 13,2024-11-26,2024-11-26 19:01:04,19
43064,רשת 13,2024-11-26,2024-11-26 19:01:14,19
43065,רשת 13,2024-11-26,2024-11-26 19:01:24,19
43066,רשת 13,2024-11-26,2024-11-26 19:01:30,19
43067,רשת 13,2024-11-26,2024-11-26 19:01:36,19
43068,רשת 13,2024-11-26,2024-11-26 19:01:42,19
43069,רשת 13,2024-11-26,2024-11-26 19:01:48,19
43070,רשת 13,2024-11-26,2024-11-26 19:01:54,19
43071,רשת 13,2024-11-26,2024-11-26 19:02:15,19
43072,רשת 13,2024-11-26,2024-11-26 19:02:30,19
43073,רשת 13,2024-11-26,2024-11-26 19:03:11,19
43074,רשת 13,2024-11-26,2024-11-26 19:03:33,19
43075,רשת 13,2024-11-26,2024-11-26 19:03:54,19
43076,רשת 13,2024-11-26,2024-11-26 19:04:09,19
43077,רשת 13,2024-11-26,2024-11-26 19:04:15,19
43078,רשת 13,2024-11-26,2024-11-26 19:04:30,19
43079,רשת 13,2024-11-26,2024-11-26 19:04:47,19
43080,רשת 13,2024-11-26,2024-11-26 19:05:02,19
43081,רשת 13,2024-11-26,2024-11-26 19:05:32,19
43082,רשת 13,2024-11-26,2024-11-26 19:05:47,19
43083,רשת 13,2024-11-26,2024-11-26 19:06:04,19
43084,רשת 13,2024-11-26,2024-11-26 19:06:10,19
43085,רשת 13,2024-11-26,2024-11-26 19:06:21,19
43086,רשת 13,2024-11-26,2024-11-26 19:06:44,19
43087,רשת 13,2024-11-26,2024-11-26 19:07:25,19
43088,רשת 13,2024-11-26,2024-11-26 19:08:00,19
43089,רשת 13,2024-11-26,2024-11-26 19:08:47,19
43090,רשת 13,2024-11-26,2024-11-26 19:08:57,19
43091,רשת 13,2024-11-26,2024-11-26 19:09:07,19
43092,רשת 13,2024-11-26,2024-11-26 19:09:13,19
43093,רשת 13,2024-11-26,2024-11-26 19:09:19,19
43094,רשת 13,2024-11-26,2024-11-26 19:09:25,19
43095,רשת 13,2024-11-26,2024-11-26 19:09:31,19
43096,רשת 13,2024-11-26,2024-11-26 19:09:37,19
43097,רשת 13,2024-11-26,2024-11-26 19:09:43,19
43098,רשת 13,2024-11-26,2024-11-26 19:38:26,19
43099,רשת 13,2024-11-26,2024-11-26 19:51:05,19
43100,רשת 13,2024-11-26,2024-11-26 19:52:05,19
43101,רשת 13,2024-11-26,2024-11-26 19:52:50,19
43102,רשת 13,2024-11-26,2024-11-26 20:32:56,20
43103,רשת 13,2024-11-26,2024-11-26 20:41:13,20
43104,רשת 13,2024-11-26,2024-11-26 20:42:02,20
43105,רשת 13,2024-11-26,2024-11-26 20:42:08,20
43106,רשת 13,2024-11-26,2024-11-26 20:42:14,20
43107,רשת 13,2024-11-26,2024-11-26 20:42:24,20
43108,רשת 13,2024-11-26,2024-11-26 20:42:30,20
43109,רשת 13,2024-11-26,2024-11-26 20:42:40,20
43110,רשת 13,2024-11-26,2024-11-26 20:43:01,20
43111,רשת 13,2024-11-26,2024-11-26 20:43:29,20
43112,רשת 13,2024-11-26,2024-11-26 20:43:40,20
43113,רשת 13,2024-11-26,2024-11-26 20:44:01,20
43114,רשת 13,2024-11-26,2024-11-26 20:44:34,20
43115,רשת 13,2024-11-26,2024-11-26 20:44:49,20
43116,רשת 13,2024-11-26,2024-11-26 20:45:06,20
43117,רשת 13,2024-11-26,2024-11-26 20:45:21,20
43118,רשת 13,2024-11-26,2024-11-26 20:45:38,20
43119,רשת 13,2024-11-26,2024-11-26 20:45:48,20
43120,רשת 13,2024-11-26,2024-11-26 20:46:03,20
43121,רשת 13,2024-11-26,2024-11-26 20:46:15,20
43122,רשת 13,2024-11-26,2024-11-26 20:46:37,20
43123,רשת 13,2024-11-26,2024-11-26 20:46:52,20
43124,רשת 13,2024-11-26,2024-11-26 20:47:14,20
43125,רשת 13,2024-11-26,2024-11-26 20:47:44,20
43126,רשת 13,2024-11-26,2024-11-26 20:47:59,20
43127,רשת 13,2024-11-26,2024-11-26 20:48:05,20
43128,רשת 13,2024-11-26,2024-11-26 20:48:34,20
43129,רשת 13,2024-11-26,2024-11-26 20:48:57,20
43130,רשת 13,2024-11-26,2024-11-26 21:03:20,21
43131,רשת 13,2024-11-26,2024-11-26 21:03:43,21
43132,רשת 13,2024-11-26,2024-11-26 21:03:49,21
43133,רשת 13,2024-11-26,2024-11-26 21:03:59,21
43134,רשת 13,2024-11-26,2024-11-26 21:04:05,21
43135,רשת 13,2024-11-26,2024-11-26 21:04:11,21
43136,רשת 13,2024-11-26,2024-11-26 21:04:19,21
43137,רשת 13,2024-11-26,2024-11-26 21:04:29,21
43138,רשת 13,2024-11-26,2024-11-26 21:04:40,21
43139,רשת 13,2024-11-26,2024-11-26 21:05:01,21
43140,רשת 13,2024-11-26,2024-11-26 21:05:21,21
43141,רשת 13,2024-11-26,2024-11-26 21:05:32,21
43142,רשת 13,2024-11-26,2024-11-26 21:06:23,21
43143,רשת 13,2024-11-26,2024-11-26 21:06:29,21
43144,רשת 13,2024-11-26,2024-11-26 21:06:51,21
43145,רשת 13,2024-11-26,2024-11-26 21:07:32,21
43146,רשת 13,2024-11-26,2024-11-26 21:07:38,21
43147,רשת 13,2024-11-26,2024-11-26 21:08:06,21
43148,רשת 13,2024-11-26,2024-11-26 21:08:17,21
43149,רשת 13,2024-11-26,2024-11-26 21:08:28,21
43150,רשת 13,2024-11-26,2024-11-26 21:08:43,21
43151,רשת 13,2024-11-26,2024-11-26 21:09:05,21
43152,רשת 13,2024-11-26,2024-11-26 21:09:22,21
43153,רשת 13,2024-11-26,2024-11-26 21:09:29,21
43154,רשת 13,2024-11-26,2024-11-26 21:10:04,21
43155,רשת 13,2024-11-26,2024-11-26 21:10:26,21
43156,רשת 13,2024-11-26,2024-11-26 21:22:09,21
43157,רשת 13,2024-11-26,2024-11-26 21:22:15,21
43158,רשת 13,2024-11-26,2024-11-26 21:22:39,21
43159,רשת 13,2024-11-26,2024-11-26 21:22:52,21
43160,רשת 13,2024-11-26,2024-11-26 21:23:20,21
43161,רשת 13,2024-11-26,2024-11-26 21:23:40,21
43162,רשת 13,2024-11-26,2024-11-26 21:24:09,21
43163,רשת 13,2024-11-26,2024-11-26 21:24:36,21
43164,רשת 13,2024-11-26,2024-11-26 21:24:43,21
43165,רשת 13,2024-11-26,2024-11-26 21:25:06,21
43166,רשת 13,2024-11-26,2024-11-26 21:25:21,21
43167,רשת 13,2024-11-26,2024-11-26 21:25:27,21
43168,רשת 13,2024-11-26,2024-11-26 21:25:42,21
43169,רשת 13,2024-11-26,2024-11-26 21:25:48,21
43170,רשת 13,2024-11-26,2024-11-26 21:26:47,21
43171,רשת 13,2024-11-26,2024-11-26 21:26:57,21
43172,רשת 13,2024-11-26,2024-11-26 21:56:31,21
43173,רשת 13,2024-11-26,2024-11-26 21:56:37,21
43174,רשת 13,2024-11-26,2024-11-26 21:57:30,21
43175,רשת 13,2024-11-26,2024-11-26 21:57:36,21
43176,רשת 13,2024-11-26,2024-11-26 22:25:43,22
43177,רשת 13,2024-11-26,2024-11-26 22:40:39,22
43178,רשת 13,2024-11-26,2024-11-26 22:58:10,22
43179,רשת 13,2024-11-26,2024-11-26 22:58:16,22
43180,רשת 13,2024-11-26,2024-11-26 22:58:22,22
43181,רשת 13,2024-11-26,2024-11-26 22:58:28,22
43182,רשת 13,2024-11-26,2024-11-26 22:58:34,22
43183,רשת 13,2024-11-26,2024-11-26 22:58:42,22
43184,רשת 13,2024-11-26,2024-11-26 22:58:48,22
43185,רשת 13,2024-11-26,2024-11-26 22:58:54,22
43186,רשת 13,2024-11-26,2024-11-26 22:59:00,22
43187,רשת 13,2024-11-26,2024-11-26 22:59:06,22
43188,רשת 13,2024-11-26,2024-11-26 22:59:12,22
43189,רשת 13,2024-11-26,2024-11-26 22:59:18,22
43190,רשת 13,2024-11-26,2024-11-26 22:59:24,22
43191,רשת 13,2024-11-26,2024-11-26 23:10:13,23
43192,רשת 13,2024-11-26,2024-11-26 23:10:18,23
43193,רשת 13,2024-11-26,2024-11-26 23:10:51,23
43194,רשת 13,2024-11-26,2024-11-26 23:10:57,23
43195,רשת 13,2024-11-26,2024-11-26 23:11:03,23
43196,רשת 13,2024-11-26,2024-11-26 23:11:13,23
43197,רשת 13,2024-11-26,2024-11-26 23:11:19,23
43198,רשת 13,2024-11-26,2024-11-26 23:11:27,23
43199,רשת 13,2024-11-26,2024-11-26 23:11:33,23
43200,רשת 13,2024-11-26,2024-11-26 23:11:48,23
43201,רשת 13,2024-11-26,2024-11-26 23:12:29,23
43202,רשת 13,2024-11-26,2024-11-26 23:12:59,23
43203,רשת 13,2024-11-26,2024-11-26 23:13:26,23
43204,רשת 13,2024-11-26,2024-11-26 23:13:41,23
43205,רשת 13,2024-11-26,2024-11-26 23:14:01,23
43206,רשת 13,2024-11-26,2024-11-26 23:14:31,23
43207,רשת 13,2024-11-26,2024-11-26 23:15:01,23
43208,רשת 13,2024-11-26,2024-11-26 23:15:22,23
43209,רשת 13,2024-11-26,2024-11-26 23:15:42,23
43210,רשת 13,2024-11-26,2024-11-26 23:15:53,23
43211,רשת 13,2024-11-26,2024-11-26 23:16:21,23
43212,רשת 13,2024-11-26,2024-11-26 23:16:27,23
43213,רשת 13,2024-11-26,2024-11-26 23:17:18,23
43214,רשת 13,2024-11-26,2024-11-26 23:17:24,23
43215,רשת 13,2024-11-26,2024-11-26 23:17:39,23
43216,רשת 13,2024-11-26,2024-11-26 23:17:50,23
43217,רשת 13,2024-11-26,2024-11-26 23:18:07,23
43218,רשת 13,2024-11-26,2024-11-26 23:18:27,23
43219,רשת 13,2024-11-26,2024-11-26 23:18:33,23
43220,רשת 13,2024-11-26,2024-11-26 23:18:39,23
43221,רשת 13,2024-11-26,2024-11-26 23:18:45,23
43222,רשת 13,2024-11-26,2024-11-26 23:18:51,23
43223,רשת 13,2024-11-26,2024-11-26 23:19:14,23
43224,רשת 13,2024-11-26,2024-11-26 23:53:50,23
43225,רשת 13,2024-11-26,2024-11-26 23:54:11,23
43226,רשת 13,2024-11-26,2024-11-26 23:54:37,23
43227,רשת 13,2024-11-26,2024-11-26 23:54:43,23
43228,רשת 13,2024-11-26,2024-11-26 23:55:48,23
43229,רשת 13,2024-11-26,2024-11-26 23:55:54,23
43230,רשת 13,2024-11-26,2024-11-26 23:56:05,23
43231,רשת 13,2024-11-26,2024-11-26 23:56:11,23
43232,רשת 13,2024-11-26,2024-11-26 23:56:17,23
43233,רשת 13,2024-11-26,2024-11-26 23:56:23,23
43234,רשת 13,2024-11-26,2024-11-26 23:56:33,23
43235,רשת 13,2024-11-26,2024-11-26 23:56:43,23
43236,רשת 13,2024-11-26,2024-11-26 23:56:49,23
43237,רשת 13,2024-11-26,2024-11-26 23:57:11,23
43238,רשת 13,2024-11-26,2024-11-26 23:57:33,23
43239,רשת 13,2024-11-26,2024-11-26 23:57:40,23
43240,רשת 13,2024-11-26,2024-11-26 23:58:03,23
43241,רשת 13,2024-11-26,2024-11-26 23:58:18,23
43242,רשת 13,2024-11-26,2024-11-26 23:58:34,23
43243,רשת 13,2024-11-26,2024-11-26 23:58:44,23
43244,רשת 13,2024-11-26,2024-11-26 23:58:50,23
43245,רשת 13,2024-11-26,2024-11-26 23:58:56,23
43246,רשת 13,2024-11-26,2024-11-26 23:59:06,23
43247,רשת 13,2024-11-26,2024-11-26 23:59:12,23
43248,רשת 13,2024-11-26,2024-11-26 23:59:20,23
43249,רשת 13,2024-11-26,2024-11-26 23:59:26,23
43250,רשת 13,2024-11-26,2024-11-26 23:59:49,23
43251,רשת 13,2024-11-26,2024-11-26 00:24:29,0
43252,רשת 13,2024-11-26,2024-11-26 00:25:43,0
43253,רשת 13,2024-11-26,2024-11-26 00:25:53,0
43254,רשת 13,2024-11-26,2024-11-26 00:25:59,0
43255,רשת 13,2024-11-26,2024-11-26 00:26:05,0
43256,רשת 13,2024-11-26,2024-11-26 00:26:11,0
43257,רשת 13,2024-11-26,2024-11-26 00:26:21,0
43258,רשת 13,2024-11-26,2024-11-26 00:26:40,0
43259,רשת 13,2024-11-26,2024-11-26 00:27:08,0
43260,רשת 13,2024-11-26,2024-11-26 00:27:59,0
43261,רשת 13,2024-11-26,2024-11-26 00:28:21,0
43262,רשת 13,2024-11-26,2024-11-26 00:28:50,0
43263,רשת 13,2024-11-26,2024-11-26 00:29:05,0
43264,רשת 13,2024-11-26,2024-11-26 00:30:06,0
43265,רשת 13,2024-11-26,2024-11-26 00:30:12,0
43266,רשת 13,2024-11-26,2024-11-26 00:30:46,0
43267,רשת 13,2024-11-26,2024-11-26 00:30:52,0
43268,רשת 13,2024-11-26,2024-11-26 00:31:02,0
43269,רשת 13,2024-11-26,2024-11-26 00:31:12,0
43270,רשת 13,2024-11-26,2024-11-26 00:31:18,0
43271,רשת 13,2024-11-26,2024-11-26 00:31:24,0
43272,רשת 13,2024-11-26,2024-11-26 00:31:30,0
43273,רשת 13,2024-11-26,2024-11-26 00:31:36,0
43274,רשת 13,2024-11-26,2024-11-26 00:52:28,0
43275,רשת 13,2024-11-26,2024-11-26 00:52:54,0
43276,רשת 13,2024-11-26,2024-11-26 00:53:04,0
43277,רשת 13,2024-11-26,2024-11-26 00:53:39,0
43278,רשת 13,2024-11-26,2024-11-26 01:28:42,1
43279,רשת 13,2024-11-26,2024-11-26 01:28:52,1
43280,רשת 13,2024-11-26,2024-11-26 01:28:58,1
43281,רשת 13,2024-11-26,2024-11-26 01:30:12,1
43282,רשת 13,2024-11-26,2024-11-26 01:30:18,1
43283,רשת 13,2024-11-26,2024-11-26 01:31:16,1
43284,רשת 13,2024-11-26,2024-11-26 01:31:26,1
44581,רשת 13,2024-11-27,2024-11-27 02:59:47,2
44582,רשת 13,2024-11-27,2024-11-27 03:00:09,3
44583,רשת 13,2024-11-27,2024-11-27 05:23:56,5
44584,רשת 13,2024-11-27,2024-11-27 05:24:18,5
44585,רשת 13,2024-11-27,2024-11-27 05:44:35,5
44586,רשת 13,2024-11-27,2024-11-27 05:45:17,5
44587,רשת 13,2024-11-27,2024-11-27 06:13:58,6
44588,רשת 13,2024-11-27,2024-11-27 06:14:08,6
44589,רשת 13,2024-11-27,2024-11-27 06:14:18,6
44590,רשת 13,2024-11-27,2024-11-27 06:14:26,6
44591,רשת 13,2024-11-27,2024-11-27 06:14:36,6
44592,רשת 13,2024-11-27,2024-11-27 06:14:46,6
44593,רשת 13,2024-11-27,2024-11-27 06:14:56,6
44594,רשת 13,2024-11-27,2024-11-27 06:15:04,6
44595,רשת 13,2024-11-27,2024-11-27 06:15:45,6
44596,רשת 13,2024-11-27,2024-11-27 06:16:25,6
44597,רשת 13,2024-11-27,2024-11-27 06:16:31,6
44598,רשת 13,2024-11-27,2024-11-27 06:17:05,6
44599,רשת 13,2024-11-27,2024-11-27 06:17:11,6
44600,רשת 13,2024-11-27,2024-11-27 06:17:22,6
44601,רשת 13,2024-11-27,2024-11-27 06:17:32,6
44602,רשת 13,2024-11-27,2024-11-27 06:17:42,6
44603,רשת 13,2024-11-27,2024-11-27 06:17:50,6
44604,רשת 13,2024-11-27,2024-11-27 06:18:00,6
44605,רשת 13,2024-11-27,2024-11-27 06:18:10,6
44606,רשת 13,2024-11-27,2024-11-27 06:18:20,6
44607,רשת 13,2024-11-27,2024-11-27 07:11:26,7
44608,רשת 13,2024-11-27,2024-11-27 07:12:14,7
44609,רשת 13,2024-11-27,2024-11-27 07:12:24,7
44610,רשת 13,2024-11-27,2024-11-27 07:13:28,7
44611,רשת 13,2024-11-27,2024-11-27 07:13:39,7
44612,רשת 13,2024-11-27,2024-11-27 07:13:45,7
44613,רשת 13,2024-11-27,2024-11-27 07:13:55,7
44614,רשת 13,2024-11-27,2024-11-27 07:14:01,7
44615,רשת 13,2024-11-27,2024-11-27 07:14:11,7
44616,רשת 13,2024-11-27,2024-11-27 07:14:17,7
44617,רשת 13,2024-11-27,2024-11-27 07:14:38,7
44618,רשת 13,2024-11-27,2024-11-27 07:14:50,7
44619,רשת 13,2024-11-27,2024-11-27 07:15:21,7
44620,רשת 13,2024-11-27,2024-11-27 07:15:41,7
44621,רשת 13,2024-11-27,2024-11-27 07:16:10,7
44622,רשת 13,2024-11-27,2024-11-27 07:16:22,7
44623,רשת 13,2024-11-27,2024-11-27 07:16:37,7
44624,רשת 13,2024-11-27,2024-11-27 07:16:54,7
44625,רשת 13,2024-11-27,2024-11-27 07:17:06,7
44626,רשת 13,2024-11-27,2024-11-27 07:17:34,7
44627,רשת 13,2024-11-27,2024-11-27 07:17:40,7
44628,רשת 13,2024-11-27,2024-11-27 07:18:06,7
44629,רשת 13,2024-11-27,2024-11-27 07:18:16,7
44630,רשת 13,2024-11-27,2024-11-27 07:18:26,7
44631,רשת 13,2024-11-27,2024-11-27 07:18:32,7
44632,רשת 13,2024-11-27,2024-11-27 07:18:38,7
44633,רשת 13,2024-11-27,2024-11-27 07:18:46,7
44634,רשת 13,2024-11-27,2024-11-27 07:18:52,7
44635,רשת 13,2024-11-27,2024-11-27 07:19:27,7
44636,רשת 13,2024-11-27,2024-11-27 07:40:55,7
44637,רשת 13,2024-11-27,2024-11-27 07:41:36,7
44638,רשת 13,2024-11-27,2024-11-27 07:42:03,7
44639,רשת 13,2024-11-27,2024-11-27 07:42:09,7
44640,רשת 13,2024-11-27,2024-11-27 07:42:15,7
44641,רשת 13,2024-11-27,2024-11-27 07:42:25,7
44642,רשת 13,2024-11-27,2024-11-27 07:42:31,7
44643,רשת 13,2024-11-27,2024-11-27 07:42:37,7
44644,רשת 13,2024-11-27,2024-11-27 07:42:59,7
44645,רשת 13,2024-11-27,2024-11-27 07:43:10,7
44646,רשת 13,2024-11-27,2024-11-27 07:43:31,7
44647,רשת 13,2024-11-27,2024-11-27 07:43:55,7
44648,רשת 13,2024-11-27,2024-11-27 07:44:02,7
44649,רשת 13,2024-11-27,2024-11-27 07:44:32,7
44650,רשת 13,2024-11-27,2024-11-27 07:44:52,7
44651,רשת 13,2024-11-27,2024-11-27 07:45:05,7
44652,רשת 13,2024-11-27,2024-11-27 07:45:26,7
44653,רשת 13,2024-11-27,2024-11-27 07:45:32,7
44654,רשת 13,2024-11-27,2024-11-27 07:45:50,7
44655,רשת 13,2024-11-27,2024-11-27 07:46:11,7
44656,רשת 13,2024-11-27,2024-11-27 07:46:17,7
44657,רשת 13,2024-11-27,2024-11-27 07:46:49,7
44658,רשת 13,2024-11-27,2024-11-27 07:46:55,7
44659,רשת 13,2024-11-27,2024-11-27 07:47:29,7
44660,רשת 13,2024-11-27,2024-11-27 07:47:35,7
44661,רשת 13,2024-11-27,2024-11-27 07:47:46,7
44662,רשת 13,2024-11-27,2024-11-27 07:47:56,7
44663,רשת 13,2024-11-27,2024-11-27 07:48:02,7
44664,רשת 13,2024-11-27,2024-11-27 07:48:08,7
44665,רשת 13,2024-11-27,2024-11-27 07:48:16,7
44666,רשת 13,2024-11-27,2024-11-27 07:48:22,7
44667,רשת 13,2024-11-27,2024-11-27 07:48:57,7
44668,רשת 13,2024-11-27,2024-11-27 07:49:43,7
44669,רשת 13,2024-11-27,2024-11-27 08:07:45,8
44670,רשת 13,2024-11-27,2024-11-27 08:07:51,8
44671,רשת 13,2024-11-27,2024-11-27 08:08:25,8
44672,רשת 13,2024-11-27,2024-11-27 08:08:31,8
44673,רשת 13,2024-11-27,2024-11-27 08:11:29,8
44674,רשת 13,2024-11-27,2024-11-27 08:11:51,8
44675,רשת 13,2024-11-27,2024-11-27 08:12:00,8
44676,רשת 13,2024-11-27,2024-11-27 08:13:04,8
44677,רשת 13,2024-11-27,2024-11-27 08:13:15,8
44678,רשת 13,2024-11-27,2024-11-27 08:13:25,8
44679,רשת 13,2024-11-27,2024-11-27 08:13:35,8
44680,רשת 13,2024-11-27,2024-11-27 08:13:41,8
44681,רשת 13,2024-11-27,2024-11-27 08:14:02,8
44682,רשת 13,2024-11-27,2024-11-27 08:14:14,8
44683,רשת 13,2024-11-27,2024-11-27 08:14:21,8
44684,רשת 13,2024-11-27,2024-11-27 08:14:48,8
44685,רשת 13,2024-11-27,2024-11-27 08:15:05,8
44686,רשת 13,2024-11-27,2024-11-27 08:15:20,8
44687,רשת 13,2024-11-27,2024-11-27 08:15:32,8
44688,רשת 13,2024-11-27,2024-11-27 08:16:34,8
44689,רשת 13,2024-11-27,2024-11-27 08:16:44,8
44690,רשת 13,2024-11-27,2024-11-27 08:16:54,8
44691,רשת 13,2024-11-27,2024-11-27 08:17:00,8
44692,רשת 13,2024-11-27,2024-11-27 08:17:08,8
44693,רשת 13,2024-11-27,2024-11-27 08:17:43,8
44694,רשת 13,2024-11-27,2024-11-27 08:18:37,8
44695,רשת 13,2024-11-27,2024-11-27 08:36:26,8
44696,רשת 13,2024-11-27,2024-11-27 08:37:08,8
44697,רשת 13,2024-11-27,2024-11-27 08:37:35,8
44698,רשת 13,2024-11-27,2024-11-27 08:37:45,8
44699,רשת 13,2024-11-27,2024-11-27 08:37:51,8
44700,רשת 13,2024-11-27,2024-11-27 08:37:57,8
44701,רשת 13,2024-11-27,2024-11-27 08:38:19,8
44702,רשת 13,2024-11-27,2024-11-27 08:38:25,8
44703,רשת 13,2024-11-27,2024-11-27 08:38:55,8
44704,רשת 13,2024-11-27,2024-11-27 08:39:10,8
44705,רשת 13,2024-11-27,2024-11-27 08:40:01,8
44706,רשת 13,2024-11-27,2024-11-27 08:40:16,8
44707,רשת 13,2024-11-27,2024-11-27 08:40:36,8
44708,רשת 13,2024-11-27,2024-11-27 08:40:57,8
44709,רשת 13,2024-11-27,2024-11-27 08:41:33,8
44710,רשת 13,2024-11-27,2024-11-27 08:41:43,8
44711,רשת 13,2024-11-27,2024-11-27 08:41:49,8
44712,רשת 13,2024-11-27,2024-11-27 08:41:55,8
44713,רשת 13,2024-11-27,2024-11-27 08:42:03,8
44714,רשת 13,2024-11-27,2024-11-27 08:42:38,8
44715,רשת 13,2024-11-27,2024-11-27 08:42:57,8
44716,רשת 13,2024-11-27,2024-11-27 09:08:29,9
44717,רשת 13,2024-11-27,2024-11-27 09:08:35,9
44718,רשת 13,2024-11-27,2024-11-27 09:09:09,9
44719,רשת 13,2024-11-27,2024-11-27 09:09:15,9
44720,רשת 13,2024-11-27,2024-11-27 09:16:56,9
44721,רשת 13,2024-11-27,2024-11-27 09:17:44,9
44722,רשת 13,2024-11-27,2024-11-27 09:17:55,9
44723,רשת 13,2024-11-27,2024-11-27 09:18:05,9
44724,רשת 13,2024-11-27,2024-11-27 09:18:11,9
44725,רשת 13,2024-11-27,2024-11-27 09:18:32,9
44726,רשת 13,2024-11-27,2024-11-27 09:18:38,9
44727,רשת 13,2024-11-27,2024-11-27 09:18:59,9
44728,רשת 13,2024-11-27,2024-11-27 09:19:12,9
44729,רשת 13,2024-11-27,2024-11-27 09:19:39,9
44730,רשת 13,2024-11-27,2024-11-27 09:19:54,9
44731,רשת 13,2024-11-27,2024-11-27 09:20:24,9
44732,רשת 13,2024-11-27,2024-11-27 09:20:39,9
44733,רשת 13,2024-11-27,2024-11-27 09:20:45,9
44734,רשת 13,2024-11-27,2024-11-27 09:21:13,9
44735,רשת 13,2024-11-27,2024-11-27 09:21:20,9
44736,רשת 13,2024-11-27,2024-11-27 09:22:01,9
44737,רשת 13,2024-11-27,2024-11-27 09:22:11,9
44738,רשת 13,2024-11-27,2024-11-27 09:22:21,9
44739,רשת 13,2024-11-27,2024-11-27 09:22:27,9
44740,רשת 13,2024-11-27,2024-11-27 09:22:35,9
44741,רשת 13,2024-11-27,2024-11-27 09:23:10,9
44742,רשת 13,2024-11-27,2024-11-27 09:48:55,9
44743,רשת 13,2024-11-27,2024-11-27 09:49:37,9
44744,רשת 13,2024-11-27,2024-11-27 09:50:04,9
44745,רשת 13,2024-11-27,2024-11-27 09:50:14,9
44746,רשת 13,2024-11-27,2024-11-27 09:50:24,9
44747,רשת 13,2024-11-27,2024-11-27 09:50:46,9
44748,רשת 13,2024-11-27,2024-11-27 09:51:11,9
44749,רשת 13,2024-11-27,2024-11-27 09:51:32,9
44750,רשת 13,2024-11-27,2024-11-27 09:51:38,9
44751,רשת 13,2024-11-27,2024-11-27 09:51:53,9
44752,רשת 13,2024-11-27,2024-11-27 09:52:14,9
44753,רשת 13,2024-11-27,2024-11-27 09:52:25,9
44754,רשת 13,2024-11-27,2024-11-27 09:52:45,9
44755,רשת 13,2024-11-27,2024-11-27 09:52:57,9
44756,רשת 13,2024-11-27,2024-11-27 09:53:03,9
44757,רשת 13,2024-11-27,2024-11-27 09:53:32,9
44758,רשת 13,2024-11-27,2024-11-27 09:53:42,9
44759,רשת 13,2024-11-27,2024-11-27 09:53:48,9
44760,רשת 13,2024-11-27,2024-11-27 09:53:56,9
44761,רשת 13,2024-11-27,2024-11-27 09:54:31,9
44762,רשת 13,2024-11-27,2024-11-27 09:55:16,9
44763,רשת 13,2024-11-27,2024-11-27 10:06:29,10
44764,רשת 13,2024-11-27,2024-11-27 10:06:35,10
44765,רשת 13,2024-11-27,2024-11-27 10:07:09,10
44766,רשת 13,2024-11-27,2024-11-27 10:07:15,10
44767,רשת 13,2024-11-27,2024-11-27 10:37:34,10
44768,רשת 13,2024-11-27,2024-11-27 10:38:22,10
44769,רשת 13,2024-11-27,2024-11-27 10:38:33,10
44770,רשת 13,2024-11-27,2024-11-27 10:38:43,10
44771,רשת 13,2024-11-27,2024-11-27 10:38:49,10
44772,רשת 13,2024-11-27,2024-11-27 10:38:59,10
44773,רשת 13,2024-11-27,2024-11-27 10:39:05,10
44774,רשת 13,2024-11-27,2024-11-27 10:39:26,10
44775,רשת 13,2024-11-27,2024-11-27 10:39:48,10
44776,רשת 13,2024-11-27,2024-11-27 10:40:15,10
44777,רשת 13,2024-11-27,2024-11-27 10:40:28,10
44778,רשת 13,2024-11-27,2024-11-27 10:40:35,10
44779,רשת 13,2024-11-27,2024-11-27 10:40:50,10
44780,רשת 13,2024-11-27,2024-11-27 10:40:56,10
44781,רשת 13,2024-11-27,2024-11-27 10:41:37,10
44782,רשת 13,2024-11-27,2024-11-27 10:41:43,10
44783,רשת 13,2024-11-27,2024-11-27 10:42:20,10
44784,רשת 13,2024-11-27,2024-11-27 10:42:54,10
44785,רשת 13,2024-11-27,2024-11-27 10:43:48,10
44786,רשת 13,2024-11-27,2024-11-27 10:54:17,10
44787,רשת 13,2024-11-27,2024-11-27 10:54:59,10
44788,רשת 13,2024-11-27,2024-11-27 10:55:35,10
44789,רשת 13,2024-11-27,2024-11-27 10:55:50,10
44790,רשת 13,2024-11-27,2024-11-27 10:55:56,10
44791,רשת 13,2024-11-27,2024-11-27 10:56:17,10
44792,רשת 13,2024-11-27,2024-11-27 10:56:47,10
44793,רשת 13,2024-11-27,2024-11-27 10:56:59,10
44794,רשת 13,2024-11-27,2024-11-27 10:57:09,10
44795,רשת 13,2024-11-27,2024-11-27 10:57:24,10
44796,רשת 13,2024-11-27,2024-11-27 10:57:39,10
44797,רשת 13,2024-11-27,2024-11-27 10:58:15,10
44798,רשת 13,2024-11-27,2024-11-27 10:58:25,10
44799,רשת 13,2024-11-27,2024-11-27 10:58:35,10
44800,רשת 13,2024-11-27,2024-11-27 10:58:41,10
44801,רשת 13,2024-11-27,2024-11-27 10:58:47,10
44802,רשת 13,2024-11-27,2024-11-27 10:58:55,10
44803,רשת 13,2024-11-27,2024-11-27 10:59:01,10
44804,רשת 13,2024-11-27,2024-11-27 10:59:36,10
44805,רשת 13,2024-11-27,2024-11-27 10:59:55,10
44806,רשת 13,2024-11-27,2024-11-27 11:06:58,11
44807,רשת 13,2024-11-27,2024-11-27 11:07:04,11
44808,רשת 13,2024-11-27,2024-11-27 11:07:38,11
44809,רשת 13,2024-11-27,2024-11-27 11:07:44,11
44810,רשת 13,2024-11-27,2024-11-27 11:33:18,11
44811,רשת 13,2024-11-27,2024-11-27 11:34:06,11
44812,רשת 13,2024-11-27,2024-11-27 11:34:17,11
44813,רשת 13,2024-11-27,2024-11-27 11:34:23,11
44814,רשת 13,2024-11-27,2024-11-27 11:34:29,11
44815,רשת 13,2024-11-27,2024-11-27 11:34:35,11
44816,רשת 13,2024-11-27,2024-11-27 11:34:45,11
44817,רשת 13,2024-11-27,2024-11-27 11:34:51,11
44818,רשת 13,2024-11-27,2024-11-27 11:35:10,11
44819,רשת 13,2024-11-27,2024-11-27 11:35:17,11
44820,רשת 13,2024-11-27,2024-11-27 11:35:44,11
44821,רשת 13,2024-11-27,2024-11-27 11:35:57,11
44822,רשת 13,2024-11-27,2024-11-27 11:36:12,11
44823,רשת 13,2024-11-27,2024-11-27 11:36:18,11
44824,רשת 13,2024-11-27,2024-11-27 11:36:24,11
44825,רשת 13,2024-11-27,2024-11-27 11:36:39,11
44826,רשת 13,2024-11-27,2024-11-27 11:37:00,11
44827,רשת 13,2024-11-27,2024-11-27 11:37:06,11
44828,רשת 13,2024-11-27,2024-11-27 11:37:37,11
44829,רשת 13,2024-11-27,2024-11-27 11:37:43,11
44830,רשת 13,2024-11-27,2024-11-27 11:37:53,11
44831,רשת 13,2024-11-27,2024-11-27 11:37:59,11
44832,רשת 13,2024-11-27,2024-11-27 11:38:05,11
44833,רשת 13,2024-11-27,2024-11-27 11:38:11,11
44834,רשת 13,2024-11-27,2024-11-27 11:38:17,11
44835,רשת 13,2024-11-27,2024-11-27 11:38:23,11
44836,רשת 13,2024-11-27,2024-11-27 11:39:03,11
44837,רשת 13,2024-11-27,2024-11-27 11:39:38,11
44838,רשת 13,2024-11-27,2024-11-27 12:05:53,12
44839,רשת 13,2024-11-27,2024-11-27 12:05:59,12
44840,רשת 13,2024-11-27,2024-11-27 12:06:33,12
44841,רשת 13,2024-11-27,2024-11-27 12:06:39,12
44842,רשת 13,2024-11-27,2024-11-27 12:22:22,12
44843,רשת 13,2024-11-27,2024-11-27 12:22:44,12
44844,רשת 13,2024-11-27,2024-11-27 12:23:10,12
44845,רשת 13,2024-11-27,2024-11-27 12:23:16,12
44846,רשת 13,2024-11-27,2024-11-27 12:23:22,12
44847,רשת 13,2024-11-27,2024-11-27 12:23:28,12
44848,רשת 13,2024-11-27,2024-11-27 12:23:34,12
44849,רשת 13,2024-11-27,2024-11-27 12:23:45,12
44850,רשת 13,2024-11-27,2024-11-27 12:23:52,12
44851,רשת 13,2024-11-27,2024-11-27 12:24:07,12
44852,רשת 13,2024-11-27,2024-11-27 12:24:27,12
44853,רשת 13,2024-11-27,2024-11-27 12:24:33,12
44854,רשת 13,2024-11-27,2024-11-27 12:24:48,12
44855,רשת 13,2024-11-27,2024-11-27 12:25:24,12
44856,רשת 13,2024-11-27,2024-11-27 12:25:34,12
44857,רשת 13,2024-11-27,2024-11-27 12:25:40,12
44858,רשת 13,2024-11-27,2024-11-27 12:25:46,12
44859,רשת 13,2024-11-27,2024-11-27 12:25:52,12
44860,רשת 13,2024-11-27,2024-11-27 12:25:58,12
44861,רשת 13,2024-11-27,2024-11-27 12:47:11,12
44862,רשת 13,2024-11-27,2024-11-27 12:47:33,12
44863,רשת 13,2024-11-27,2024-11-27 12:47:59,12
44864,רשת 13,2024-11-27,2024-11-27 12:48:05,12
44865,רשת 13,2024-11-27,2024-11-27 12:48:11,12
44866,רשת 13,2024-11-27,2024-11-27 12:48:17,12
44867,רשת 13,2024-11-27,2024-11-27 12:48:27,12
44868,רשת 13,2024-11-27,2024-11-27 13:06:41,13
44869,רשת 13,2024-11-27,2024-11-27 13:06:47,13
44870,רשת 13,2024-11-27,2024-11-27 13:07:21,13
44871,רשת 13,2024-11-27,2024-11-27 13:07:27,13
44872,רשת 13,2024-11-27,2024-11-27 13:20:46,13
44873,רשת 13,2024-11-27,2024-11-27 13:21:34,13
44874,רשת 13,2024-11-27,2024-11-27 13:22:19,13
44875,רשת 13,2024-11-27,2024-11-27 13:22:32,13
44876,רשת 13,2024-11-27,2024-11-27 13:22:38,13
44877,רשת 13,2024-11-27,2024-11-27 13:22:44,13
44878,רשת 13,2024-11-27,2024-11-27 13:22:54,13
44879,רשת 13,2024-11-27,2024-11-27 13:23:13,13
44880,רשת 13,2024-11-27,2024-11-27 13:23:20,13
44881,רשת 13,2024-11-27,2024-11-27 13:23:37,13
44882,רשת 13,2024-11-27,2024-11-27 13:23:50,13
44883,רשת 13,2024-11-27,2024-11-27 13:24:05,13
44884,רשת 13,2024-11-27,2024-11-27 13:24:11,13
44885,רשת 13,2024-11-27,2024-11-27 13:24:26,13
44886,רשת 13,2024-11-27,2024-11-27 13:25:14,13
44887,רשת 13,2024-11-27,2024-11-27 13:25:24,13
44888,רשת 13,2024-11-27,2024-11-27 13:25:30,13
44889,רשת 13,2024-11-27,2024-11-27 13:25:36,13
44890,רשת 13,2024-11-27,2024-11-27 13:25:42,13
44891,רשת 13,2024-11-27,2024-11-27 13:26:17,13
44892,רשת 13,2024-11-27,2024-11-27 13:26:58,13
44893,רשת 13,2024-11-27,2024-11-27 13:27:32,13
44894,רשת 13,2024-11-27,2024-11-27 13:28:26,13
44895,רשת 13,2024-11-27,2024-11-27 13:38:28,13
44896,רשת 13,2024-11-27,2024-11-27 13:39:10,13
44897,רשת 13,2024-11-27,2024-11-27 13:40:04,13
44898,רשת 13,2024-11-27,2024-11-27 13:40:44,13
44899,רשת 13,2024-11-27,2024-11-27 13:41:19,13
44900,רשת 13,2024-11-27,2024-11-27 13:41:58,13
44901,רשת 13,2024-11-27,2024-11-27 13:42:04,13
44902,רשת 13,2024-11-27,2024-11-27 13:42:10,13
44903,רשת 13,2024-11-27,2024-11-27 14:05:44,14
44904,רשת 13,2024-11-27,2024-11-27 14:05:50,14
44905,רשת 13,2024-11-27,2024-11-27 14:06:24,14
44906,רשת 13,2024-11-27,2024-11-27 14:06:30,14
44907,רשת 13,2024-11-27,2024-11-27 14:25:37,14
44908,רשת 13,2024-11-27,2024-11-27 14:26:18,14
44909,רשת 13,2024-11-27,2024-11-27 14:26:45,14
44910,רשת 13,2024-11-27,2024-11-27 14:26:51,14
44911,רשת 13,2024-11-27,2024-11-27 14:26:57,14
44912,רשת 13,2024-11-27,2024-11-27 14:27:03,14
44913,רשת 13,2024-11-27,2024-11-27 14:27:13,14
44914,רשת 13,2024-11-27,2024-11-27 14:27:33,14
44915,רשת 13,2024-11-27,2024-11-27 14:27:40,14
44916,רשת 13,2024-11-27,2024-11-27 14:28:00,14
44917,רשת 13,2024-11-27,2024-11-27 14:28:15,14
44918,רשת 13,2024-11-27,2024-11-27 14:28:28,14
44919,רשת 13,2024-11-27,2024-11-27 14:28:34,14
44920,רשת 13,2024-11-27,2024-11-27 14:28:50,14
44921,רשת 13,2024-11-27,2024-11-27 14:28:56,14
44922,רשת 13,2024-11-27,2024-11-27 14:29:02,14
44923,רשת 13,2024-11-27,2024-11-27 14:29:08,14
44924,רשת 13,2024-11-27,2024-11-27 14:29:14,14
44925,רשת 13,2024-11-27,2024-11-27 14:29:49,14
44926,רשת 13,2024-11-27,2024-11-27 14:30:34,14
44927,רשת 13,2024-11-27,2024-11-27 14:44:02,14
44928,רשת 13,2024-11-27,2024-11-27 14:44:37,14
44929,רשת 13,2024-11-27,2024-11-27 14:45:24,14
44930,רשת 13,2024-11-27,2024-11-27 14:45:30,14
44931,רשת 13,2024-11-27,2024-11-27 14:45:36,14
44932,רשת 13,2024-11-27,2024-11-27 14:45:46,14
44933,רשת 13,2024-11-27,2024-11-27 15:51:18,15
44934,רשת 13,2024-11-27,2024-11-27 15:52:00,15
44935,רשת 13,2024-11-27,2024-11-27 15:52:26,15
44936,רשת 13,2024-11-27,2024-11-27 15:52:32,15
44937,רשת 13,2024-11-27,2024-11-27 15:52:38,15
44938,רשת 13,2024-11-27,2024-11-27 15:52:48,15
44939,רשת 13,2024-11-27,2024-11-27 15:52:54,15
44940,רשת 13,2024-11-27,2024-11-27 15:53:13,15
44941,רשת 13,2024-11-27,2024-11-27 15:53:37,15
44942,רשת 13,2024-11-27,2024-11-27 15:53:44,15
44943,רשת 13,2024-11-27,2024-11-27 15:54:11,15
44944,רשת 13,2024-11-27,2024-11-27 15:54:17,15
44945,רשת 13,2024-11-27,2024-11-27 15:54:38,15
44946,רשת 13,2024-11-27,2024-11-27 15:55:20,15
44947,רשת 13,2024-11-27,2024-11-27 15:55:26,15
44948,רשת 13,2024-11-27,2024-11-27 15:55:36,15
44949,רשת 13,2024-11-27,2024-11-27 15:55:42,15
44950,רשת 13,2024-11-27,2024-11-27 15:55:48,15
44951,רשת 13,2024-11-27,2024-11-27 15:55:58,15
44952,רשת 13,2024-11-27,2024-11-27 15:56:04,15
44953,רשת 13,2024-11-27,2024-11-27 15:56:38,15
44954,רשת 13,2024-11-27,2024-11-27 15:56:44,15
44955,רשת 13,2024-11-27,2024-11-27 15:56:54,15
44956,רשת 13,2024-11-27,2024-11-27 15:57:00,15
44957,רשת 13,2024-11-27,2024-11-27 15:57:06,15
44958,רשת 13,2024-11-27,2024-11-27 15:57:12,15
44959,רשת 13,2024-11-27,2024-11-27 15:57:18,15
44960,רשת 13,2024-11-27,2024-11-27 15:57:53,15
44961,רשת 13,2024-11-27,2024-11-27 15:58:12,15
44962,רשת 13,2024-11-27,2024-11-27 16:34:38,16
44963,רשת 13,2024-11-27,2024-11-27 16:35:23,16
44964,רשת 13,2024-11-27,2024-11-27 16:35:33,16
44965,רשת 13,2024-11-27,2024-11-27 16:35:39,16
44966,רשת 13,2024-11-27,2024-11-27 16:35:47,16
44967,רשת 13,2024-11-27,2024-11-27 16:35:53,16
44968,רשת 13,2024-11-27,2024-11-27 16:36:03,16
44969,רשת 13,2024-11-27,2024-11-27 16:36:13,16
44970,רשת 13,2024-11-27,2024-11-27 16:36:19,16
44971,רשת 13,2024-11-27,2024-11-27 16:36:43,16
44972,רשת 13,2024-11-27,2024-11-27 16:37:06,16
44973,רשת 13,2024-11-27,2024-11-27 16:37:12,16
44974,רשת 13,2024-11-27,2024-11-27 16:38:03,16
44975,רשת 13,2024-11-27,2024-11-27 16:38:14,16
44976,רשת 13,2024-11-27,2024-11-27 16:38:27,16
44977,רשת 13,2024-11-27,2024-11-27 16:38:57,16
44978,רשת 13,2024-11-27,2024-11-27 16:39:38,16
44979,רשת 13,2024-11-27,2024-11-27 16:40:06,16
44980,רשת 13,2024-11-27,2024-11-27 16:40:17,16
44981,רשת 13,2024-11-27,2024-11-27 16:40:32,16
44982,רשת 13,2024-11-27,2024-11-27 16:40:56,16
44983,רשת 13,2024-11-27,2024-11-27 16:41:06,16
44984,רשת 13,2024-11-27,2024-11-27 16:41:12,16
44985,רשת 13,2024-11-27,2024-11-27 16:41:18,16
44986,רשת 13,2024-11-27,2024-11-27 16:41:30,16
44987,רשת 13,2024-11-27,2024-11-27 16:41:36,16
44988,רשת 13,2024-11-27,2024-11-27 16:42:11,16
44989,רשת 13,2024-11-27,2024-11-27 16:42:17,16
44990,רשת 13,2024-11-27,2024-11-27 16:42:27,16
44991,רשת 13,2024-11-27,2024-11-27 16:42:37,16
44992,רשת 13,2024-11-27,2024-11-27 16:42:43,16
44993,רשת 13,2024-11-27,2024-11-27 16:42:53,16
44994,רשת 13,2024-11-27,2024-11-27 16:43:01,16
44995,רשת 13,2024-11-27,2024-11-27 16:43:20,16
44996,רשת 13,2024-11-27,2024-11-27 17:19:50,17
44997,רשת 13,2024-11-27,2024-11-27 17:20:43,17
44998,רשת 13,2024-11-27,2024-11-27 17:20:53,17
44999,רשת 13,2024-11-27,2024-11-27 17:20:59,17
45000,רשת 13,2024-11-27,2024-11-27 17:21:07,17
45001,רשת 13,2024-11-27,2024-11-27 17:21:17,17
45002,רשת 13,2024-11-27,2024-11-27 17:21:27,17
45003,רשת 13,2024-11-27,2024-11-27 17:21:33,17
45004,רשת 13,2024-11-27,2024-11-27 17:21:39,17
45005,רשת 13,2024-11-27,2024-11-27 17:22:00,17
45006,רשת 13,2024-11-27,2024-11-27 17:22:15,17
45007,רשת 13,2024-11-27,2024-11-27 17:22:33,17
45008,רשת 13,2024-11-27,2024-11-27 17:22:48,17
45009,רשת 13,2024-11-27,2024-11-27 17:22:54,17
45010,רשת 13,2024-11-27,2024-11-27 17:23:00,17
45011,רשת 13,2024-11-27,2024-11-27 17:23:30,17
45012,רשת 13,2024-11-27,2024-11-27 17:23:45,17
45013,רשת 13,2024-11-27,2024-11-27 17:24:10,17
45014,רשת 13,2024-11-27,2024-11-27 17:24:31,17
45015,רשת 13,2024-11-27,2024-11-27 17:24:42,17
45016,רשת 13,2024-11-27,2024-11-27 17:24:48,17
45017,רשת 13,2024-11-27,2024-11-27 17:25:39,17
45018,רשת 13,2024-11-27,2024-11-27 17:25:46,17
45019,רשת 13,2024-11-27,2024-11-27 17:26:34,17
45020,רשת 13,2024-11-27,2024-11-27 17:26:40,17
45021,רשת 13,2024-11-27,2024-11-27 17:26:50,17
45022,רשת 13,2024-11-27,2024-11-27 17:27:00,17
45023,רשת 13,2024-11-27,2024-11-27 17:27:06,17
45024,רשת 13,2024-11-27,2024-11-27 17:27:12,17
45025,רשת 13,2024-11-27,2024-11-27 17:27:24,17
45026,רשת 13,2024-11-27,2024-11-27 17:27:30,17
45027,רשת 13,2024-11-27,2024-11-27 17:28:04,17
45028,רשת 13,2024-11-27,2024-11-27 17:28:10,17
45029,רשת 13,2024-11-27,2024-11-27 17:28:21,17
45030,רשת 13,2024-11-27,2024-11-27 17:28:31,17
45031,רשת 13,2024-11-27,2024-11-27 17:28:37,17
45032,רשת 13,2024-11-27,2024-11-27 17:28:43,17
45033,רשת 13,2024-11-27,2024-11-27 17:28:49,17
45034,רשת 13,2024-11-27,2024-11-27 17:28:55,17
45035,רשת 13,2024-11-27,2024-11-27 17:29:03,17
45036,רשת 13,2024-11-27,2024-11-27 17:29:22,17
45037,רשת 13,2024-11-27,2024-11-27 17:53:16,17
45038,רשת 13,2024-11-27,2024-11-27 17:54:16,17
45039,רשת 13,2024-11-27,2024-11-27 18:24:59,18
45040,רשת 13,2024-11-27,2024-11-27 18:25:46,18
45041,רשת 13,2024-11-27,2024-11-27 18:25:52,18
45042,רשת 13,2024-11-27,2024-11-27 18:26:02,18
45043,רשת 13,2024-11-27,2024-11-27 18:26:08,18
45044,רשת 13,2024-11-27,2024-11-27 18:26:18,18
45045,רשת 13,2024-11-27,2024-11-27 18:26:26,18
45046,רשת 13,2024-11-27,2024-11-27 18:26:32,18
45047,רשת 13,2024-11-27,2024-11-27 18:26:42,18
45048,רשת 13,2024-11-27,2024-11-27 18:26:48,18
45049,רשת 13,2024-11-27,2024-11-27 18:27:11,18
45050,רשת 13,2024-11-27,2024-11-27 18:27:23,18
45051,רשת 13,2024-11-27,2024-11-27 18:27:46,18
45052,רשת 13,2024-11-27,2024-11-27 18:28:04,18
45053,רשת 13,2024-11-27,2024-11-27 18:28:15,18
45054,רשת 13,2024-11-27,2024-11-27 18:28:28,18
45055,רשת 13,2024-11-27,2024-11-27 18:28:34,18
45056,רשת 13,2024-11-27,2024-11-27 18:28:55,18
45057,רשת 13,2024-11-27,2024-11-27 18:29:07,18
45058,רשת 13,2024-11-27,2024-11-27 18:29:22,18
45059,רשת 13,2024-11-27,2024-11-27 18:29:29,18
45060,רשת 13,2024-11-27,2024-11-27 18:29:44,18
45061,רשת 13,2024-11-27,2024-11-27 18:29:56,18
45062,רשת 13,2024-11-27,2024-11-27 18:30:02,18
45063,רשת 13,2024-11-27,2024-11-27 18:30:39,18
45064,רשת 13,2024-11-27,2024-11-27 18:31:09,18
45065,רשת 13,2024-11-27,2024-11-27 18:31:19,18
45066,רשת 13,2024-11-27,2024-11-27 18:31:25,18
45067,רשת 13,2024-11-27,2024-11-27 18:31:31,18
45068,רשת 13,2024-11-27,2024-11-27 18:31:37,18
45069,רשת 13,2024-11-27,2024-11-27 18:31:43,18
45070,רשת 13,2024-11-27,2024-11-27 18:31:49,18
45071,רשת 13,2024-11-27,2024-11-27 18:32:03,18
45072,רשת 13,2024-11-27,2024-11-27 18:32:09,18
45073,רשת 13,2024-11-27,2024-11-27 18:32:43,18
45074,רשת 13,2024-11-27,2024-11-27 18:32:49,18
45075,רשת 13,2024-11-27,2024-11-27 18:33:00,18
45076,רשת 13,2024-11-27,2024-11-27 18:33:08,18
45077,רשת 13,2024-11-27,2024-11-27 18:33:18,18
45078,רשת 13,2024-11-27,2024-11-27 18:33:24,18
45079,רשת 13,2024-11-27,2024-11-27 18:33:30,18
45080,רשת 13,2024-11-27,2024-11-27 18:33:36,18
45081,רשת 13,2024-11-27,2024-11-27 18:33:44,18
45082,רשת 13,2024-11-27,2024-11-27 18:33:50,18
45083,רשת 13,2024-11-27,2024-11-27 18:33:56,18
45084,רשת 13,2024-11-27,2024-11-27 18:34:37,18
45085,רשת 13,2024-11-27,2024-11-27 18:34:56,18
45086,רשת 13,2024-11-27,2024-11-27 18:59:51,18
45087,רשת 13,2024-11-27,2024-11-27 19:00:38,19
45088,רשת 13,2024-11-27,2024-11-27 19:00:44,19
45089,רשת 13,2024-11-27,2024-11-27 19:00:50,19
45090,רשת 13,2024-11-27,2024-11-27 19:00:56,19
45091,רשת 13,2024-11-27,2024-11-27 19:01:06,19
45092,רשת 13,2024-11-27,2024-11-27 19:01:12,19
45093,רשת 13,2024-11-27,2024-11-27 19:01:22,19
45094,רשת 13,2024-11-27,2024-11-27 19:01:28,19
45095,רשת 13,2024-11-27,2024-11-27 19:01:34,19
45096,רשת 13,2024-11-27,2024-11-27 19:01:40,19
45097,רשת 13,2024-11-27,2024-11-27 19:01:46,19
45098,רשת 13,2024-11-27,2024-11-27 19:01:52,19
45099,רשת 13,2024-11-27,2024-11-27 19:02:13,19
45100,רשת 13,2024-11-27,2024-11-27 19:02:46,19
45101,רשת 13,2024-11-27,2024-11-27 19:03:01,19
45102,רשת 13,2024-11-27,2024-11-27 19:03:13,19
45103,רשת 13,2024-11-27,2024-11-27 19:03:19,19
45104,רשת 13,2024-11-27,2024-11-27 19:03:56,19
45105,רשת 13,2024-11-27,2024-11-27 19:04:17,19
45106,רשת 13,2024-11-27,2024-11-27 19:04:29,19
45107,רשת 13,2024-11-27,2024-11-27 19:04:57,19
45108,רשת 13,2024-11-27,2024-11-27 19:05:04,19
45109,רשת 13,2024-11-27,2024-11-27 19:05:19,19
45110,רשת 13,2024-11-27,2024-11-27 19:05:31,19
45111,רשת 13,2024-11-27,2024-11-27 19:05:37,19
45112,רשת 13,2024-11-27,2024-11-27 19:06:07,19
45113,רשת 13,2024-11-27,2024-11-27 19:06:17,19
45114,רשת 13,2024-11-27,2024-11-27 19:06:23,19
45115,רשת 13,2024-11-27,2024-11-27 19:06:29,19
45116,רשת 13,2024-11-27,2024-11-27 19:06:39,19
45117,רשת 13,2024-11-27,2024-11-27 19:06:45,19
45118,רשת 13,2024-11-27,2024-11-27 19:06:51,19
45119,רשת 13,2024-11-27,2024-11-27 19:06:57,19
45120,רשת 13,2024-11-27,2024-11-27 19:07:05,19
45121,רשת 13,2024-11-27,2024-11-27 19:07:11,19
45122,רשת 13,2024-11-27,2024-11-27 19:07:17,19
45123,רשת 13,2024-11-27,2024-11-27 19:07:57,19
45124,רשת 13,2024-11-27,2024-11-27 19:08:16,19
45125,רשת 13,2024-11-27,2024-11-27 19:36:16,19
45126,רשת 13,2024-11-27,2024-11-27 19:51:11,19
45127,רשת 13,2024-11-27,2024-11-27 19:51:51,19
45128,רשת 13,2024-11-27,2024-11-27 19:52:56,19
45129,רשת 13,2024-11-27,2024-11-27 20:44:03,20
45130,רשת 13,2024-11-27,2024-11-27 20:44:45,20
45131,רשת 13,2024-11-27,2024-11-27 20:45:11,20
45132,רשת 13,2024-11-27,2024-11-27 20:45:17,20
45133,רשת 13,2024-11-27,2024-11-27 20:45:23,20
45134,רשת 13,2024-11-27,2024-11-27 20:45:33,20
45135,רשת 13,2024-11-27,2024-11-27 20:45:39,20
45136,רשת 13,2024-11-27,2024-11-27 20:45:45,20
45137,רשת 13,2024-11-27,2024-11-27 20:45:51,20
45138,רשת 13,2024-11-27,2024-11-27 20:45:59,20
45139,רשת 13,2024-11-27,2024-11-27 20:46:10,20
45140,רשת 13,2024-11-27,2024-11-27 20:46:38,20
45141,רשת 13,2024-11-27,2024-11-27 20:47:00,20
45142,רשת 13,2024-11-27,2024-11-27 20:47:13,20
45143,רשת 13,2024-11-27,2024-11-27 20:47:43,20
45144,רשת 13,2024-11-27,2024-11-27 20:48:13,20
45145,רשת 13,2024-11-27,2024-11-27 20:48:28,20
45146,רשת 13,2024-11-27,2024-11-27 20:48:43,20
45147,רשת 13,2024-11-27,2024-11-27 20:48:49,20
45148,רשת 13,2024-11-27,2024-11-27 20:49:04,20
45149,רשת 13,2024-11-27,2024-11-27 20:49:26,20
45150,רשת 13,2024-11-27,2024-11-27 20:49:32,20
45151,רשת 13,2024-11-27,2024-11-27 20:49:59,20
45152,רשת 13,2024-11-27,2024-11-27 20:50:17,20
45153,רשת 13,2024-11-27,2024-11-27 20:50:29,20
45154,רשת 13,2024-11-27,2024-11-27 20:51:20,20
45155,רשת 13,2024-11-27,2024-11-27 20:51:32,20
45156,רשת 13,2024-11-27,2024-11-27 20:51:44,20
45157,רשת 13,2024-11-27,2024-11-27 21:08:53,21
45158,רשת 13,2024-11-27,2024-11-27 21:09:15,21
45159,רשת 13,2024-11-27,2024-11-27 21:09:42,21
45160,רשת 13,2024-11-27,2024-11-27 21:09:48,21
45161,רשת 13,2024-11-27,2024-11-27 21:09:54,21
45162,רשת 13,2024-11-27,2024-11-27 21:10:04,21
45163,רשת 13,2024-11-27,2024-11-27 21:10:10,21
45164,רשת 13,2024-11-27,2024-11-27 21:10:16,21
45165,רשת 13,2024-11-27,2024-11-27 21:10:22,21
45166,רשת 13,2024-11-27,2024-11-27 21:10:44,21
45167,רשת 13,2024-11-27,2024-11-27 21:11:41,21
45168,רשת 13,2024-11-27,2024-11-27 21:12:02,21
45169,רשת 13,2024-11-27,2024-11-27 21:12:13,21
45170,רשת 13,2024-11-27,2024-11-27 21:12:28,21
45171,רשת 13,2024-11-27,2024-11-27 21:12:43,21
45172,רשת 13,2024-11-27,2024-11-27 21:13:00,21
45173,רשת 13,2024-11-27,2024-11-27 21:13:17,21
45174,רשת 13,2024-11-27,2024-11-27 21:13:29,21
45175,רשת 13,2024-11-27,2024-11-27 21:13:35,21
45176,רשת 13,2024-11-27,2024-11-27 21:13:46,21
45177,רשת 13,2024-11-27,2024-11-27 21:14:08,21
45178,רשת 13,2024-11-27,2024-11-27 21:14:18,21
45179,רשת 13,2024-11-27,2024-11-27 21:14:24,21
45180,רשת 13,2024-11-27,2024-11-27 21:14:39,21
45181,רשת 13,2024-11-27,2024-11-27 21:14:54,21
45182,רשת 13,2024-11-27,2024-11-27 21:15:06,21
45183,רשת 13,2024-11-27,2024-11-27 21:15:23,21
45184,רשת 13,2024-11-27,2024-11-27 21:15:29,21
45185,רשת 13,2024-11-27,2024-11-27 21:15:40,21
45186,רשת 13,2024-11-27,2024-11-27 21:15:58,21
45187,רשת 13,2024-11-27,2024-11-27 21:16:24,21
45188,רשת 13,2024-11-27,2024-11-27 21:32:51,21
45189,רשת 13,2024-11-27,2024-11-27 21:32:57,21
45190,רשת 13,2024-11-27,2024-11-27 21:34:13,21
45191,רשת 13,2024-11-27,2024-11-27 21:34:19,21
45192,רשת 13,2024-11-27,2024-11-27 22:09:10,22
45193,רשת 13,2024-11-27,2024-11-27 22:10:09,22
45194,רשת 13,2024-11-27,2024-11-27 22:10:15,22
45195,רשת 13,2024-11-27,2024-11-27 22:10:21,22
45196,רשת 13,2024-11-27,2024-11-27 22:10:31,22
45197,רשת 13,2024-11-27,2024-11-27 22:10:37,22
45198,רשת 13,2024-11-27,2024-11-27 22:10:43,22
45199,רשת 13,2024-11-27,2024-11-27 22:10:49,22
45200,רשת 13,2024-11-27,2024-11-27 22:10:59,22
45201,רשת 13,2024-11-27,2024-11-27 22:11:05,22
45202,רשת 13,2024-11-27,2024-11-27 22:11:27,22
45203,רשת 13,2024-11-27,2024-11-27 22:11:38,22
45204,רשת 13,2024-11-27,2024-11-27 22:12:35,22
45205,רשת 13,2024-11-27,2024-11-27 22:13:03,22
45206,רשת 13,2024-11-27,2024-11-27 22:13:32,22
45207,רשת 13,2024-11-27,2024-11-27 22:13:47,22
45208,רשת 13,2024-11-27,2024-11-27 22:13:59,22
45209,רשת 13,2024-11-27,2024-11-27 22:14:14,22
45210,רשת 13,2024-11-27,2024-11-27 22:14:29,22
45211,רשת 13,2024-11-27,2024-11-27 22:14:44,22
45212,רשת 13,2024-11-27,2024-11-27 22:14:56,22
45213,רשת 13,2024-11-27,2024-11-27 22:15:14,22
45214,רשת 13,2024-11-27,2024-11-27 22:15:26,22
45215,רשת 13,2024-11-27,2024-11-27 22:15:32,22
45216,רשת 13,2024-11-27,2024-11-27 22:16:09,22
45217,רשת 13,2024-11-27,2024-11-27 22:16:31,22
45218,רשת 13,2024-11-27,2024-11-27 22:17:03,22
45219,רשת 13,2024-11-27,2024-11-27 22:17:09,22
45220,רשת 13,2024-11-27,2024-11-27 22:17:15,22
45221,רשת 13,2024-11-27,2024-11-27 22:17:25,22
45222,רשת 13,2024-11-27,2024-11-27 22:17:31,22
45223,רשת 13,2024-11-27,2024-11-27 22:17:37,22
45224,רשת 13,2024-11-27,2024-11-27 22:17:43,22
45225,רשת 13,2024-11-27,2024-11-27 22:17:49,22
45226,רשת 13,2024-11-27,2024-11-27 22:18:34,22
45227,רשת 13,2024-11-27,2024-11-27 22:36:49,22
45228,רשת 13,2024-11-27,2024-11-27 22:38:08,22
45229,רשת 13,2024-11-27,2024-11-27 22:38:14,22
45230,רשת 13,2024-11-27,2024-11-27 22:38:20,22
45231,רשת 13,2024-11-27,2024-11-27 22:38:30,22
45232,רשת 13,2024-11-27,2024-11-27 22:38:36,22
45233,רשת 13,2024-11-27,2024-11-27 22:38:42,22
45234,רשת 13,2024-11-27,2024-11-27 22:38:52,22
45235,רשת 13,2024-11-27,2024-11-27 22:38:58,22
45236,רשת 13,2024-11-27,2024-11-27 22:39:06,22
45237,רשת 13,2024-11-27,2024-11-27 22:39:26,22
45238,רשת 13,2024-11-27,2024-11-27 22:39:51,22
45239,רשת 13,2024-11-27,2024-11-27 22:40:02,22
45240,רשת 13,2024-11-27,2024-11-27 22:40:32,22
45241,רשת 13,2024-11-27,2024-11-27 22:40:47,22
45242,רשת 13,2024-11-27,2024-11-27 22:41:44,22
45243,רשת 13,2024-11-27,2024-11-27 22:42:05,22
45244,רשת 13,2024-11-27,2024-11-27 22:42:32,22
45245,רשת 13,2024-11-27,2024-11-27 22:42:52,22
45246,רשת 13,2024-11-27,2024-11-27 22:42:58,22
45247,רשת 13,2024-11-27,2024-11-27 22:43:13,22
45248,רשת 13,2024-11-27,2024-11-27 22:43:20,22
45249,רשת 13,2024-11-27,2024-11-27 22:43:35,22
45250,רשת 13,2024-11-27,2024-11-27 22:43:46,22
45251,רשת 13,2024-11-27,2024-11-27 22:44:27,22
45252,רשת 13,2024-11-27,2024-11-27 22:44:45,22
45253,רשת 13,2024-11-27,2024-11-27 22:45:02,22
45254,רשת 13,2024-11-27,2024-11-27 22:45:23,22
45255,רשת 13,2024-11-27,2024-11-27 22:45:29,22
45256,רשת 13,2024-11-27,2024-11-27 22:45:39,22
45257,רשת 13,2024-11-27,2024-11-27 22:45:46,22
45258,רשת 13,2024-11-27,2024-11-27 22:45:52,22
45259,רשת 13,2024-11-27,2024-11-27 22:45:58,22
45260,רשת 13,2024-11-27,2024-11-27 22:46:04,22
45261,רשת 13,2024-11-27,2024-11-27 22:46:10,22
45262,רשת 13,2024-11-27,2024-11-27 22:46:16,22
45263,רשת 13,2024-11-27,2024-11-27 22:46:34,22
45264,רשת 13,2024-11-27,2024-11-27 22:53:55,22
45265,רשת 13,2024-11-27,2024-11-27 23:06:50,23
45266,רשת 13,2024-11-27,2024-11-27 23:07:09,23
45267,רשת 13,2024-11-27,2024-11-27 23:07:49,23
45268,רשת 13,2024-11-27,2024-11-27 23:07:55,23
45269,רשת 13,2024-11-27,2024-11-27 23:08:01,23
45270,רשת 13,2024-11-27,2024-11-27 23:08:21,23
45271,רשת 13,2024-11-27,2024-11-27 23:08:36,23
45272,רשת 13,2024-11-27,2024-11-27 23:08:42,23
45273,רשת 13,2024-11-27,2024-11-27 23:08:54,23
45274,רשת 13,2024-11-27,2024-11-27 23:09:01,23
45275,רשת 13,2024-11-27,2024-11-27 23:09:16,23
45276,רשת 13,2024-11-27,2024-11-27 23:09:36,23
45277,רשת 13,2024-11-27,2024-11-27 23:10:04,23
45278,רשת 13,2024-11-27,2024-11-27 23:10:10,23
45279,רשת 13,2024-11-27,2024-11-27 23:10:16,23
45280,רשת 13,2024-11-27,2024-11-27 23:10:49,23
45281,רשת 13,2024-11-27,2024-11-27 23:10:59,23
45282,רשת 13,2024-11-27,2024-11-27 23:11:09,23
45283,רשת 13,2024-11-27,2024-11-27 23:11:15,23
45284,רשת 13,2024-11-27,2024-11-27 23:12:23,23
45285,רשת 13,2024-11-27,2024-11-27 23:12:29,23
45286,רשת 13,2024-11-27,2024-11-27 23:12:35,23
45287,רשת 13,2024-11-27,2024-11-27 23:13:20,23
45288,רשת 13,2024-11-27,2024-11-27 23:39:39,23
45289,רשת 13,2024-11-27,2024-11-27 23:40:32,23
45290,רשת 13,2024-11-27,2024-11-27 23:40:38,23
45291,רשת 13,2024-11-27,2024-11-27 23:40:44,23
45292,רשת 13,2024-11-27,2024-11-27 23:40:50,23
45293,רשת 13,2024-11-27,2024-11-27 23:41:00,23
45294,רשת 13,2024-11-27,2024-11-27 23:41:10,23
45295,רשת 13,2024-11-27,2024-11-27 23:41:16,23
45296,רשת 13,2024-11-27,2024-11-27 23:41:22,23
45297,רשת 13,2024-11-27,2024-11-27 23:41:28,23
45298,רשת 13,2024-11-27,2024-11-27 23:41:41,23
45299,רשת 13,2024-11-27,2024-11-27 23:41:53,23
45300,רשת 13,2024-11-27,2024-11-27 23:42:08,23
45301,רשת 13,2024-11-27,2024-11-27 23:42:26,23
45302,רשת 13,2024-11-27,2024-11-27 23:42:41,23
45303,רשת 13,2024-11-27,2024-11-27 23:43:38,23
45304,רשת 13,2024-11-27,2024-11-27 23:43:48,23
45305,רשת 13,2024-11-27,2024-11-27 23:44:09,23
45306,רשת 13,2024-11-27,2024-11-27 23:44:21,23
45307,רשת 13,2024-11-27,2024-11-27 23:44:43,23
45308,רשת 13,2024-11-27,2024-11-27 23:44:49,23
45309,רשת 13,2024-11-27,2024-11-27 23:45:01,23
45310,רשת 13,2024-11-27,2024-11-27 23:45:52,23
45311,רשת 13,2024-11-27,2024-11-27 23:46:07,23
45312,רשת 13,2024-11-27,2024-11-27 23:46:13,23
45313,רשת 13,2024-11-27,2024-11-27 23:46:25,23
45314,רשת 13,2024-11-27,2024-11-27 23:46:32,23
45315,רשת 13,2024-11-27,2024-11-27 23:47:15,23
45316,רשת 13,2024-11-27,2024-11-27 23:47:25,23
45317,רשת 13,2024-11-27,2024-11-27 23:47:35,23
45318,רשת 13,2024-11-27,2024-11-27 23:47:41,23
45319,רשת 13,2024-11-27,2024-11-27 23:47:47,23
45320,רשת 13,2024-11-27,2024-11-27 23:47:53,23
45321,רשת 13,2024-11-27,2024-11-27 23:47:59,23
45322,רשת 13,2024-11-27,2024-11-27 23:48:05,23
45323,רשת 13,2024-11-27,2024-11-27 23:48:13,23
45324,רשת 13,2024-11-27,2024-11-27 23:48:47,23
45325,רשת 13,2024-11-27,2024-11-27 00:11:38,0
45326,רשת 13,2024-11-27,2024-11-27 00:12:32,0
45327,רשת 13,2024-11-27,2024-11-27 00:12:44,0
45328,רשת 13,2024-11-27,2024-11-27 00:12:50,0
45329,רשת 13,2024-11-27,2024-11-27 00:12:56,0
45330,רשת 13,2024-11-27,2024-11-27 00:13:20,0
45331,רשת 13,2024-11-27,2024-11-27 00:13:35,0
45332,רשת 13,2024-11-27,2024-11-27 00:13:52,0
45333,רשת 13,2024-11-27,2024-11-27 00:14:12,0
45334,רשת 13,2024-11-27,2024-11-27 00:14:23,0
45335,רשת 13,2024-11-27,2024-11-27 00:14:52,0
45336,רשת 13,2024-11-27,2024-11-27 00:15:26,0
45337,רשת 13,2024-11-27,2024-11-27 00:15:32,0
45338,רשת 13,2024-11-27,2024-11-27 00:16:07,0
45339,רשת 13,2024-11-27,2024-11-27 00:16:13,0
45340,רשת 13,2024-11-27,2024-11-27 00:16:23,0
45341,רשת 13,2024-11-27,2024-11-27 00:16:29,0
45342,רשת 13,2024-11-27,2024-11-27 00:16:35,0
45343,רשת 13,2024-11-27,2024-11-27 00:16:52,0
45344,רשת 13,2024-11-27,2024-11-27 00:18:06,0
45345,רשת 13,2024-11-27,2024-11-27 00:39:15,0
45346,רשת 13,2024-11-27,2024-11-27 00:40:29,0
45347,רשת 13,2024-11-27,2024-11-27 00:40:39,0
45348,רשת 13,2024-11-27,2024-11-27 00:41:03,0
45349,רשת 13,2024-11-27,2024-11-27 00:41:54,0
45350,רשת 13,2024-11-27,2024-11-27 00:42:09,0
45351,רשת 13,2024-11-27,2024-11-27 00:42:24,0
45352,רשת 13,2024-11-27,2024-11-27 00:42:49,0
45353,רשת 13,2024-11-27,2024-11-27 00:43:24,0
45354,רשת 13,2024-11-27,2024-11-27 00:44:18,0
45355,רשת 13,2024-11-27,2024-11-27 01:20:41,1
45356,רשת 13,2024-11-27,2024-11-27 01:20:47,1
45357,רשת 13,2024-11-27,2024-11-27 01:20:57,1
45358,רשת 13,2024-11-27,2024-11-27 01:21:51,1
45359,רשת 13,2024-11-27,2024-11-27 01:21:59,1
45360,רשת 13,2024-11-27,2024-11-27 01:22:34,1
45361,רשת 13,2024-11-27,2024-11-27 01:23:39,1
45362,רשת 13,2024-11-27,2024-11-27 01:24:27,1
45363,רשת 13,2024-11-27,2024-11-27 01:25:16,1
45364,רשת 13,2024-11-27,2024-11-27 01:26:30,1
45365,רשת 13,2024-11-27,2024-11-27 01:27:19,1
45366,רשת 13,2024-11-27,2024-11-27 01:27:29,1
45367,רשת 13,2024-11-27,2024-11-27 01:52:32,1
45368,רשת 13,2024-11-27,2024-11-27 01:53:46,1
45369,רשת 13,2024-11-27,2024-11-27 01:53:52,1
45370,רשת 13,2024-11-27,2024-11-27 01:54:27,1
45371,רשת 13,2024-11-27,2024-11-27 01:55:01,1
45372,רשת 13,2024-11-27,2024-11-27 01:56:06,1
45373,רשת 13,2024-11-27,2024-11-27 01:56:55,1
45374,רשת 13,2024-11-27,2024-11-27 01:57:49,1
46723,רשת 13,2024-11-28,2024-11-28 02:19:47,2
46724,רשת 13,2024-11-28,2024-11-28 02:20:41,2
46725,רשת 13,2024-11-28,2024-11-28 02:20:49,2
46726,רשת 13,2024-11-28,2024-11-28 02:21:06,2
46727,רשת 13,2024-11-28,2024-11-28 02:22:11,2
46728,רשת 13,2024-11-28,2024-11-28 02:23:00,2
46729,רשת 13,2024-11-28,2024-11-28 02:23:30,2
46730,רשת 13,2024-11-28,2024-11-28 02:24:44,2
46731,רשת 13,2024-11-28,2024-11-28 03:10:56,3
46732,רשת 13,2024-11-28,2024-11-28 03:12:10,3
46733,רשת 13,2024-11-28,2024-11-28 03:12:45,3
46734,רשת 13,2024-11-28,2024-11-28 03:13:50,3
46735,רשת 13,2024-11-28,2024-11-28 03:14:39,3
46736,רשת 13,2024-11-28,2024-11-28 03:15:33,3
46737,רשת 13,2024-11-28,2024-11-28 03:26:41,3
46738,רשת 13,2024-11-28,2024-11-28 03:27:35,3
46739,רשת 13,2024-11-28,2024-11-28 03:27:43,3
46740,רשת 13,2024-11-28,2024-11-28 03:27:57,3
46741,רשת 13,2024-11-28,2024-11-28 03:29:11,3
46742,רשת 13,2024-11-28,2024-11-28 05:14:12,5
46743,רשת 13,2024-11-28,2024-11-28 05:15:26,5
46744,רשת 13,2024-11-28,2024-11-28 05:16:01,5
46745,רשת 13,2024-11-28,2024-11-28 05:17:06,5
46746,רשת 13,2024-11-28,2024-11-28 05:17:55,5
46747,רשת 13,2024-11-28,2024-11-28 05:18:49,5
46748,רשת 13,2024-11-28,2024-11-28 05:48:02,5
46749,רשת 13,2024-11-28,2024-11-28 05:48:56,5
46750,רשת 13,2024-11-28,2024-11-28 05:49:03,5
46751,רשת 13,2024-11-28,2024-11-28 05:49:18,5
46752,רשת 13,2024-11-28,2024-11-28 05:50:06,5
46753,רשת 13,2024-11-28,2024-11-28 06:14:22,6
46754,רשת 13,2024-11-28,2024-11-28 06:14:30,6
46755,רשת 13,2024-11-28,2024-11-28 06:14:40,6
46756,רשת 13,2024-11-28,2024-11-28 06:14:50,6
46757,רשת 13,2024-11-28,2024-11-28 06:15:44,6
46758,רשת 13,2024-11-28,2024-11-28 06:16:03,6
46759,רשת 13,2024-11-28,2024-11-28 06:16:55,6
46760,רשת 13,2024-11-28,2024-11-28 06:17:01,6
46761,רשת 13,2024-11-28,2024-11-28 06:17:37,6
46762,רשת 13,2024-11-28,2024-11-28 06:17:43,6
46763,רשת 13,2024-11-28,2024-11-28 06:17:54,6
46764,רשת 13,2024-11-28,2024-11-28 06:18:02,6
46765,רשת 13,2024-11-28,2024-11-28 06:18:12,6
46766,רשת 13,2024-11-28,2024-11-28 07:10:44,7
46767,רשת 13,2024-11-28,2024-11-28 07:11:38,7
46768,רשת 13,2024-11-28,2024-11-28 07:11:50,7
46769,רשת 13,2024-11-28,2024-11-28 07:12:52,7
46770,רשת 13,2024-11-28,2024-11-28 07:13:03,7
46771,רשת 13,2024-11-28,2024-11-28 07:13:11,7
46772,רשת 13,2024-11-28,2024-11-28 07:13:17,7
46773,רשת 13,2024-11-28,2024-11-28 07:13:27,7
46774,רשת 13,2024-11-28,2024-11-28 07:13:33,7
46775,רשת 13,2024-11-28,2024-11-28 07:13:56,7
46776,רשת 13,2024-11-28,2024-11-28 07:14:21,7
46777,רשת 13,2024-11-28,2024-11-28 07:14:42,7
46778,רשת 13,2024-11-28,2024-11-28 07:14:54,7
46779,רשת 13,2024-11-28,2024-11-28 07:15:00,7
46780,רשת 13,2024-11-28,2024-11-28 07:15:15,7
46781,רשת 13,2024-11-28,2024-11-28 07:15:28,7
46782,רשת 13,2024-11-28,2024-11-28 07:15:48,7
46783,רשת 13,2024-11-28,2024-11-28 07:16:15,7
46784,רשת 13,2024-11-28,2024-11-28 07:16:23,7
46785,רשת 13,2024-11-28,2024-11-28 07:16:29,7
46786,רשת 13,2024-11-28,2024-11-28 07:16:35,7
46787,רשת 13,2024-11-28,2024-11-28 07:16:41,7
46788,רשת 13,2024-11-28,2024-11-28 07:16:51,7
46789,רשת 13,2024-11-28,2024-11-28 07:16:57,7
46790,רשת 13,2024-11-28,2024-11-28 07:17:12,7
46791,רשת 13,2024-11-28,2024-11-28 07:18:00,7
46792,רשת 13,2024-11-28,2024-11-28 07:37:39,7
46793,רשת 13,2024-11-28,2024-11-28 07:38:27,7
46794,רשת 13,2024-11-28,2024-11-28 07:38:38,7
46795,רשת 13,2024-11-28,2024-11-28 07:38:46,7
46796,רשת 13,2024-11-28,2024-11-28 07:38:52,7
46797,רשת 13,2024-11-28,2024-11-28 07:38:58,7
46798,רשת 13,2024-11-28,2024-11-28 07:39:08,7
46799,רשת 13,2024-11-28,2024-11-28 07:39:33,7
46800,רשת 13,2024-11-28,2024-11-28 07:39:44,7
46801,רשת 13,2024-11-28,2024-11-28 07:40:46,7
46802,רשת 13,2024-11-28,2024-11-28 07:41:01,7
46803,רשת 13,2024-11-28,2024-11-28 07:41:13,7
46804,רשת 13,2024-11-28,2024-11-28 07:41:19,7
46805,רשת 13,2024-11-28,2024-11-28 07:41:47,7
46806,רשת 13,2024-11-28,2024-11-28 07:41:58,7
46807,רשת 13,2024-11-28,2024-11-28 07:42:13,7
46808,רשת 13,2024-11-28,2024-11-28 07:42:19,7
46809,רשת 13,2024-11-28,2024-11-28 07:42:30,7
46810,רשת 13,2024-11-28,2024-11-28 07:42:47,7
46811,רשת 13,2024-11-28,2024-11-28 07:43:23,7
46812,רשת 13,2024-11-28,2024-11-28 07:43:29,7
46813,רשת 13,2024-11-28,2024-11-28 07:44:04,7
46814,רשת 13,2024-11-28,2024-11-28 07:44:10,7
46815,רשת 13,2024-11-28,2024-11-28 07:44:16,7
46816,רשת 13,2024-11-28,2024-11-28 07:44:51,7
46817,רשת 13,2024-11-28,2024-11-28 07:45:14,7
46818,רשת 13,2024-11-28,2024-11-28 08:05:45,8
46819,רשת 13,2024-11-28,2024-11-28 08:05:51,8
46820,רשת 13,2024-11-28,2024-11-28 08:06:26,8
46821,רשת 13,2024-11-28,2024-11-28 08:06:32,8
46822,רשת 13,2024-11-28,2024-11-28 08:12:09,8
46823,רשת 13,2024-11-28,2024-11-28 08:13:03,8
46824,רשת 13,2024-11-28,2024-11-28 08:13:15,8
46825,רשת 13,2024-11-28,2024-11-28 08:14:17,8
46826,רשת 13,2024-11-28,2024-11-28 08:14:28,8
46827,רשת 13,2024-11-28,2024-11-28 08:14:34,8
46828,רשת 13,2024-11-28,2024-11-28 08:14:42,8
46829,רשת 13,2024-11-28,2024-11-28 08:14:52,8
46830,רשת 13,2024-11-28,2024-11-28 08:14:58,8
46831,רשת 13,2024-11-28,2024-11-28 08:15:13,8
46832,רשת 13,2024-11-28,2024-11-28 08:15:34,8
46833,רשת 13,2024-11-28,2024-11-28 08:15:54,8
46834,רשת 13,2024-11-28,2024-11-28 08:16:09,8
46835,רשת 13,2024-11-28,2024-11-28 08:16:40,8
46836,רשת 13,2024-11-28,2024-11-28 08:16:55,8
46837,רשת 13,2024-11-28,2024-11-28 08:17:06,8
46838,רשת 13,2024-11-28,2024-11-28 08:17:18,8
46839,רשת 13,2024-11-28,2024-11-28 08:17:33,8
46840,רשת 13,2024-11-28,2024-11-28 08:17:48,8
46841,רשת 13,2024-11-28,2024-11-28 08:17:55,8
46842,רשת 13,2024-11-28,2024-11-28 08:18:06,8
46843,רשת 13,2024-11-28,2024-11-28 08:18:57,8
46844,רשת 13,2024-11-28,2024-11-28 08:19:05,8
46845,רשת 13,2024-11-28,2024-11-28 08:19:15,8
46846,רשת 13,2024-11-28,2024-11-28 08:19:21,8
46847,רשת 13,2024-11-28,2024-11-28 08:19:27,8
46848,רשת 13,2024-11-28,2024-11-28 08:19:37,8
46849,רשת 13,2024-11-28,2024-11-28 08:20:12,8
46850,רשת 13,2024-11-28,2024-11-28 08:21:00,8
46851,רשת 13,2024-11-28,2024-11-28 08:39:33,8
46852,רשת 13,2024-11-28,2024-11-28 08:40:21,8
46853,רשת 13,2024-11-28,2024-11-28 08:40:32,8
46854,רשת 13,2024-11-28,2024-11-28 08:40:40,8
46855,רשת 13,2024-11-28,2024-11-28 08:40:46,8
46856,רשת 13,2024-11-28,2024-11-28 08:40:52,8
46857,רשת 13,2024-11-28,2024-11-28 08:40:58,8
46858,רשת 13,2024-11-28,2024-11-28 08:41:13,8
46859,רשת 13,2024-11-28,2024-11-28 08:42:10,8
46860,רשת 13,2024-11-28,2024-11-28 08:42:21,8
46861,רשת 13,2024-11-28,2024-11-28 08:42:33,8
46862,רשת 13,2024-11-28,2024-11-28 08:42:39,8
46863,רשת 13,2024-11-28,2024-11-28 08:42:54,8
46864,רשת 13,2024-11-28,2024-11-28 08:43:07,8
46865,רשת 13,2024-11-28,2024-11-28 08:43:29,8
46866,רשת 13,2024-11-28,2024-11-28 08:43:46,8
46867,רשת 13,2024-11-28,2024-11-28 08:44:16,8
46868,רשת 13,2024-11-28,2024-11-28 08:44:43,8
46869,רשת 13,2024-11-28,2024-11-28 08:45:24,8
46870,רשת 13,2024-11-28,2024-11-28 08:45:30,8
46871,רשת 13,2024-11-28,2024-11-28 08:46:07,8
46872,רשת 13,2024-11-28,2024-11-28 08:46:41,8
46873,רשת 13,2024-11-28,2024-11-28 08:47:16,8
46874,רשת 13,2024-11-28,2024-11-28 08:47:39,8
46875,רשת 13,2024-11-28,2024-11-28 09:07:06,9
46876,רשת 13,2024-11-28,2024-11-28 09:07:12,9
46877,רשת 13,2024-11-28,2024-11-28 09:07:48,9
46878,רשת 13,2024-11-28,2024-11-28 09:07:54,9
46879,רשת 13,2024-11-28,2024-11-28 09:12:27,9
46880,רשת 13,2024-11-28,2024-11-28 09:13:21,9
46881,רשת 13,2024-11-28,2024-11-28 09:13:34,9
46882,רשת 13,2024-11-28,2024-11-28 09:13:42,9
46883,רשת 13,2024-11-28,2024-11-28 09:13:52,9
46884,רשת 13,2024-11-28,2024-11-28 09:13:58,9
46885,רשת 13,2024-11-28,2024-11-28 09:14:04,9
46886,רשת 13,2024-11-28,2024-11-28 09:14:19,9
46887,רשת 13,2024-11-28,2024-11-28 09:14:40,9
46888,רשת 13,2024-11-28,2024-11-28 09:14:55,9
46889,רשת 13,2024-11-28,2024-11-28 09:15:15,9
46890,רשת 13,2024-11-28,2024-11-28 09:15:25,9
46891,רשת 13,2024-11-28,2024-11-28 09:15:42,9
46892,רשת 13,2024-11-28,2024-11-28 09:15:57,9
46893,רשת 13,2024-11-28,2024-11-28 09:16:19,9
46894,רשת 13,2024-11-28,2024-11-28 09:16:25,9
46895,רשת 13,2024-11-28,2024-11-28 09:16:45,9
46896,רשת 13,2024-11-28,2024-11-28 09:17:13,9
46897,רשת 13,2024-11-28,2024-11-28 09:17:24,9
46898,רשת 13,2024-11-28,2024-11-28 09:17:30,9
46899,רשת 13,2024-11-28,2024-11-28 09:18:15,9
46900,רשת 13,2024-11-28,2024-11-28 09:18:23,9
46901,רשת 13,2024-11-28,2024-11-28 09:18:33,9
46902,רשת 13,2024-11-28,2024-11-28 09:18:39,9
46903,רשת 13,2024-11-28,2024-11-28 09:18:49,9
46904,רשת 13,2024-11-28,2024-11-28 09:19:04,9
46905,רשת 13,2024-11-28,2024-11-28 09:19:52,9
46906,רשת 13,2024-11-28,2024-11-28 09:52:55,9
46907,רשת 13,2024-11-28,2024-11-28 09:53:43,9
46908,רשת 13,2024-11-28,2024-11-28 09:53:54,9
46909,רשת 13,2024-11-28,2024-11-28 09:54:02,9
46910,רשת 13,2024-11-28,2024-11-28 09:54:08,9
46911,רשת 13,2024-11-28,2024-11-28 09:54:14,9
46912,רשת 13,2024-11-28,2024-11-28 09:54:29,9
46913,רשת 13,2024-11-28,2024-11-28 09:55:26,9
46914,רשת 13,2024-11-28,2024-11-28 09:55:47,9
46915,רשת 13,2024-11-28,2024-11-28 09:55:53,9
46916,רשת 13,2024-11-28,2024-11-28 09:56:08,9
46917,רשת 13,2024-11-28,2024-11-28 09:56:18,9
46918,רשת 13,2024-11-28,2024-11-28 09:56:40,9
46919,רשת 13,2024-11-28,2024-11-28 09:56:53,9
46920,רשת 13,2024-11-28,2024-11-28 09:57:23,9
46921,רשת 13,2024-11-28,2024-11-28 09:58:14,9
46922,רשת 13,2024-11-28,2024-11-28 09:58:41,9
46923,רשת 13,2024-11-28,2024-11-28 09:59:16,9
46924,רשת 13,2024-11-28,2024-11-28 09:59:39,9
46925,רשת 13,2024-11-28,2024-11-28 10:06:23,10
46926,רשת 13,2024-11-28,2024-11-28 10:06:29,10
46927,רשת 13,2024-11-28,2024-11-28 10:07:04,10
46928,רשת 13,2024-11-28,2024-11-28 10:07:10,10
46929,רשת 13,2024-11-28,2024-11-28 10:25:16,10
46930,רשת 13,2024-11-28,2024-11-28 10:25:39,10
46931,רשת 13,2024-11-28,2024-11-28 10:25:52,10
46932,רשת 13,2024-11-28,2024-11-28 10:26:00,10
46933,רשת 13,2024-11-28,2024-11-28 10:26:10,10
46934,רשת 13,2024-11-28,2024-11-28 10:26:16,10
46935,רשת 13,2024-11-28,2024-11-28 10:26:31,10
46936,רשת 13,2024-11-28,2024-11-28 10:26:37,10
46937,רשת 13,2024-11-28,2024-11-28 10:26:58,10
46938,רשת 13,2024-11-28,2024-11-28 10:27:25,10
46939,רשת 13,2024-11-28,2024-11-28 10:27:47,10
46940,רשת 13,2024-11-28,2024-11-28 10:28:02,10
46941,רשת 13,2024-11-28,2024-11-28 10:28:40,10
46942,רשת 13,2024-11-28,2024-11-28 10:28:48,10
46943,רשת 13,2024-11-28,2024-11-28 10:28:54,10
46944,רשת 13,2024-11-28,2024-11-28 10:29:04,10
46945,רשת 13,2024-11-28,2024-11-28 10:29:14,10
46946,רשת 13,2024-11-28,2024-11-28 10:29:31,10
46947,רשת 13,2024-11-28,2024-11-28 10:29:53,10
46948,רשת 13,2024-11-28,2024-11-28 10:55:35,10
46949,רשת 13,2024-11-28,2024-11-28 10:56:23,10
46950,רשת 13,2024-11-28,2024-11-28 10:56:34,10
46951,רשת 13,2024-11-28,2024-11-28 10:56:40,10
46952,רשת 13,2024-11-28,2024-11-28 10:56:55,10
46953,רשת 13,2024-11-28,2024-11-28 10:57:16,10
46954,רשת 13,2024-11-28,2024-11-28 10:57:38,10
46955,רשת 13,2024-11-28,2024-11-28 10:57:51,10
46956,רשת 13,2024-11-28,2024-11-28 10:58:19,10
46957,רשת 13,2024-11-28,2024-11-28 10:58:54,10
46958,רשת 13,2024-11-28,2024-11-28 10:59:17,10
46959,רשת 13,2024-11-28,2024-11-28 11:05:01,11
46960,רשת 13,2024-11-28,2024-11-28 11:05:07,11
46961,רשת 13,2024-11-28,2024-11-28 11:05:42,11
46962,רשת 13,2024-11-28,2024-11-28 11:05:48,11
46963,רשת 13,2024-11-28,2024-11-28 11:20:59,11
46964,רשת 13,2024-11-28,2024-11-28 11:21:53,11
46965,רשת 13,2024-11-28,2024-11-28 11:22:06,11
46966,רשת 13,2024-11-28,2024-11-28 11:22:12,11
46967,רשת 13,2024-11-28,2024-11-28 11:22:18,11
46968,רשת 13,2024-11-28,2024-11-28 11:22:24,11
46969,רשת 13,2024-11-28,2024-11-28 11:22:34,11
46970,רשת 13,2024-11-28,2024-11-28 11:22:40,11
46971,רשת 13,2024-11-28,2024-11-28 11:23:00,11
46972,רשת 13,2024-11-28,2024-11-28 11:23:07,11
46973,רשת 13,2024-11-28,2024-11-28 11:23:18,11
46974,רשת 13,2024-11-28,2024-11-28 11:23:38,11
46975,רשת 13,2024-11-28,2024-11-28 11:23:53,11
46976,רשת 13,2024-11-28,2024-11-28 11:24:15,11
46977,רשת 13,2024-11-28,2024-11-28 11:24:22,11
46978,רשת 13,2024-11-28,2024-11-28 11:24:35,11
46979,רשת 13,2024-11-28,2024-11-28 11:24:50,11
46980,רשת 13,2024-11-28,2024-11-28 11:25:27,11
46981,רשת 13,2024-11-28,2024-11-28 11:25:33,11
46982,רשת 13,2024-11-28,2024-11-28 11:25:43,11
46983,רשת 13,2024-11-28,2024-11-28 11:25:49,11
46984,רשת 13,2024-11-28,2024-11-28 11:25:55,11
46985,רשת 13,2024-11-28,2024-11-28 11:26:01,11
46986,רשת 13,2024-11-28,2024-11-28 11:26:07,11
46987,רשת 13,2024-11-28,2024-11-28 11:26:13,11
46988,רשת 13,2024-11-28,2024-11-28 11:26:28,11
46989,רשת 13,2024-11-28,2024-11-28 11:27:16,11
46990,רשת 13,2024-11-28,2024-11-28 11:42:48,11
46991,רשת 13,2024-11-28,2024-11-28 11:43:36,11
46992,רשת 13,2024-11-28,2024-11-28 11:43:47,11
46993,רשת 13,2024-11-28,2024-11-28 11:43:53,11
46994,רשת 13,2024-11-28,2024-11-28 11:43:59,11
46995,רשת 13,2024-11-28,2024-11-28 11:44:05,11
46996,רשת 13,2024-11-28,2024-11-28 11:44:11,11
46997,רשת 13,2024-11-28,2024-11-28 11:44:17,11
46998,רשת 13,2024-11-28,2024-11-28 11:44:37,11
46999,רשת 13,2024-11-28,2024-11-28 11:45:34,11
47000,רשת 13,2024-11-28,2024-11-28 11:45:49,11
47001,רשת 13,2024-11-28,2024-11-28 11:46:16,11
47002,רשת 13,2024-11-28,2024-11-28 11:46:38,11
47003,רשת 13,2024-11-28,2024-11-28 11:46:53,11
47004,רשת 13,2024-11-28,2024-11-28 11:47:23,11
47005,רשת 13,2024-11-28,2024-11-28 11:48:00,11
47006,רשת 13,2024-11-28,2024-11-28 11:48:35,11
47007,רשת 13,2024-11-28,2024-11-28 11:48:58,11
47008,רשת 13,2024-11-28,2024-11-28 12:06:09,12
47009,רשת 13,2024-11-28,2024-11-28 12:06:15,12
47010,רשת 13,2024-11-28,2024-11-28 12:06:50,12
47011,רשת 13,2024-11-28,2024-11-28 12:06:56,12
47012,רשת 13,2024-11-28,2024-11-28 12:34:40,12
47013,רשת 13,2024-11-28,2024-11-28 12:35:34,12
47014,רשת 13,2024-11-28,2024-11-28 12:35:46,12
47015,רשת 13,2024-11-28,2024-11-28 12:35:52,12
47016,רשת 13,2024-11-28,2024-11-28 12:35:58,12
47017,רשת 13,2024-11-28,2024-11-28 12:36:04,12
47018,רשת 13,2024-11-28,2024-11-28 12:36:14,12
47019,רשת 13,2024-11-28,2024-11-28 12:36:33,12
47020,רשת 13,2024-11-28,2024-11-28 12:36:39,12
47021,רשת 13,2024-11-28,2024-11-28 12:36:54,12
47022,רשת 13,2024-11-28,2024-11-28 12:37:14,12
47023,רשת 13,2024-11-28,2024-11-28 12:37:41,12
47024,רשת 13,2024-11-28,2024-11-28 12:37:56,12
47025,רשת 13,2024-11-28,2024-11-28 12:38:18,12
47026,רשת 13,2024-11-28,2024-11-28 12:38:35,12
47027,רשת 13,2024-11-28,2024-11-28 12:38:42,12
47028,רשת 13,2024-11-28,2024-11-28 12:38:55,12
47029,רשת 13,2024-11-28,2024-11-28 12:39:52,12
47030,רשת 13,2024-11-28,2024-11-28 12:39:58,12
47031,רשת 13,2024-11-28,2024-11-28 12:40:04,12
47032,רשת 13,2024-11-28,2024-11-28 12:40:10,12
47033,רשת 13,2024-11-28,2024-11-28 12:40:16,12
47034,רשת 13,2024-11-28,2024-11-28 12:40:22,12
47035,רשת 13,2024-11-28,2024-11-28 12:40:39,12
47036,רשת 13,2024-11-28,2024-11-28 12:52:07,12
47037,רשת 13,2024-11-28,2024-11-28 12:52:55,12
47038,רשת 13,2024-11-28,2024-11-28 12:53:05,12
47039,רשת 13,2024-11-28,2024-11-28 12:53:15,12
47040,רשת 13,2024-11-28,2024-11-28 12:53:21,12
47041,רשת 13,2024-11-28,2024-11-28 12:53:27,12
47042,רשת 13,2024-11-28,2024-11-28 12:53:33,12
47043,רשת 13,2024-11-28,2024-11-28 12:53:39,12
47044,רשת 13,2024-11-28,2024-11-28 12:54:14,12
47045,רשת 13,2024-11-28,2024-11-28 12:55:08,12
47046,רשת 13,2024-11-28,2024-11-28 13:06:05,13
47047,רשת 13,2024-11-28,2024-11-28 13:06:11,13
47048,רשת 13,2024-11-28,2024-11-28 13:06:46,13
47049,רשת 13,2024-11-28,2024-11-28 13:06:52,13
47050,רשת 13,2024-11-28,2024-11-28 13:19:54,13
47051,רשת 13,2024-11-28,2024-11-28 13:20:52,13
47052,רשת 13,2024-11-28,2024-11-28 13:20:58,13
47053,רשת 13,2024-11-28,2024-11-28 13:21:04,13
47054,רשת 13,2024-11-28,2024-11-28 13:21:10,13
47055,רשת 13,2024-11-28,2024-11-28 13:21:32,13
47056,רשת 13,2024-11-28,2024-11-28 13:21:57,13
47057,רשת 13,2024-11-28,2024-11-28 13:22:19,13
47058,רשת 13,2024-11-28,2024-11-28 13:22:34,13
47059,רשת 13,2024-11-28,2024-11-28 13:22:47,13
47060,רשת 13,2024-11-28,2024-11-28 13:23:21,13
47061,רשת 13,2024-11-28,2024-11-28 13:23:27,13
47062,רשת 13,2024-11-28,2024-11-28 13:23:33,13
47063,רשת 13,2024-11-28,2024-11-28 13:23:39,13
47064,רשת 13,2024-11-28,2024-11-28 13:23:45,13
47065,רשת 13,2024-11-28,2024-11-28 13:24:00,13
47066,רשת 13,2024-11-28,2024-11-28 13:32:49,13
47067,רשת 13,2024-11-28,2024-11-28 13:32:55,13
47068,רשת 13,2024-11-28,2024-11-28 13:33:05,13
47069,רשת 13,2024-11-28,2024-11-28 13:33:11,13
47070,רשת 13,2024-11-28,2024-11-28 13:33:17,13
47071,רשת 13,2024-11-28,2024-11-28 13:33:23,13
47072,רשת 13,2024-11-28,2024-11-28 13:33:42,13
47073,רשת 13,2024-11-28,2024-11-28 13:34:05,13
47074,רשת 13,2024-11-28,2024-11-28 14:04:10,14
47075,רשת 13,2024-11-28,2024-11-28 14:04:16,14
47076,רשת 13,2024-11-28,2024-11-28 14:04:51,14
47077,רשת 13,2024-11-28,2024-11-28 14:04:57,14
47078,רשת 13,2024-11-28,2024-11-28 14:32:38,14
47079,רשת 13,2024-11-28,2024-11-28 14:33:32,14
47080,רשת 13,2024-11-28,2024-11-28 14:33:46,14
47081,רשת 13,2024-11-28,2024-11-28 14:33:52,14
47082,רשת 13,2024-11-28,2024-11-28 14:33:58,14
47083,רשת 13,2024-11-28,2024-11-28 14:34:08,14
47084,רשת 13,2024-11-28,2024-11-28 14:34:14,14
47085,רשת 13,2024-11-28,2024-11-28 14:34:33,14
47086,רשת 13,2024-11-28,2024-11-28 14:35:30,14
47087,רשת 13,2024-11-28,2024-11-28 14:35:45,14
47088,רשת 13,2024-11-28,2024-11-28 14:36:12,14
47089,רשת 13,2024-11-28,2024-11-28 14:36:18,14
47090,רשת 13,2024-11-28,2024-11-28 14:36:33,14
47091,רשת 13,2024-11-28,2024-11-28 14:36:48,14
47092,רשת 13,2024-11-28,2024-11-28 14:37:39,14
47093,רשת 13,2024-11-28,2024-11-28 14:37:45,14
47094,רשת 13,2024-11-28,2024-11-28 14:37:55,14
47095,רשת 13,2024-11-28,2024-11-28 14:38:01,14
47096,רשת 13,2024-11-28,2024-11-28 14:38:07,14
47097,רשת 13,2024-11-28,2024-11-28 14:38:42,14
47098,רשת 13,2024-11-28,2024-11-28 14:39:30,14
47099,רשת 13,2024-11-28,2024-11-28 14:47:23,14
47100,רשת 13,2024-11-28,2024-11-28 14:48:11,14
47101,רשת 13,2024-11-28,2024-11-28 14:48:46,14
47102,רשת 13,2024-11-28,2024-11-28 14:49:01,14
47103,רשת 13,2024-11-28,2024-11-28 14:50:06,14
47104,רשת 13,2024-11-28,2024-11-28 14:50:40,14
47105,רשת 13,2024-11-28,2024-11-28 14:51:15,14
47106,רשת 13,2024-11-28,2024-11-28 14:52:09,14
47107,רשת 13,2024-11-28,2024-11-28 15:52:16,15
47108,רשת 13,2024-11-28,2024-11-28 15:53:08,15
47109,רשת 13,2024-11-28,2024-11-28 15:53:14,15
47110,רשת 13,2024-11-28,2024-11-28 15:53:20,15
47111,רשת 13,2024-11-28,2024-11-28 15:53:26,15
47112,רשת 13,2024-11-28,2024-11-28 15:53:49,15
47113,רשת 13,2024-11-28,2024-11-28 15:54:13,15
47114,רשת 13,2024-11-28,2024-11-28 15:54:20,15
47115,רשת 13,2024-11-28,2024-11-28 15:54:35,15
47116,רשת 13,2024-11-28,2024-11-28 15:54:46,15
47117,רשת 13,2024-11-28,2024-11-28 15:54:52,15
47118,רשת 13,2024-11-28,2024-11-28 15:55:52,15
47119,רשת 13,2024-11-28,2024-11-28 15:55:58,15
47120,רשת 13,2024-11-28,2024-11-28 15:56:04,15
47121,רשת 13,2024-11-28,2024-11-28 15:56:14,15
47122,רשת 13,2024-11-28,2024-11-28 15:56:24,15
47123,רשת 13,2024-11-28,2024-11-28 15:56:30,15
47124,רשת 13,2024-11-28,2024-11-28 15:57:06,15
47125,רשת 13,2024-11-28,2024-11-28 15:57:12,15
47126,רשת 13,2024-11-28,2024-11-28 15:57:22,15
47127,רשת 13,2024-11-28,2024-11-28 15:57:28,15
47128,רשת 13,2024-11-28,2024-11-28 15:57:34,15
47129,רשת 13,2024-11-28,2024-11-28 15:57:40,15
47130,רשת 13,2024-11-28,2024-11-28 15:58:25,15
47131,רשת 13,2024-11-28,2024-11-28 16:35:52,16
47132,רשת 13,2024-11-28,2024-11-28 16:36:50,16
47133,רשת 13,2024-11-28,2024-11-28 16:36:58,16
47134,רשת 13,2024-11-28,2024-11-28 16:37:04,16
47135,רשת 13,2024-11-28,2024-11-28 16:37:10,16
47136,רשת 13,2024-11-28,2024-11-28 16:37:20,16
47137,רשת 13,2024-11-28,2024-11-28 16:37:26,16
47138,רשת 13,2024-11-28,2024-11-28 16:37:50,16
47139,רשת 13,2024-11-28,2024-11-28 16:38:15,16
47140,רשת 13,2024-11-28,2024-11-28 16:38:21,16
47141,רשת 13,2024-11-28,2024-11-28 16:38:42,16
47142,רשת 13,2024-11-28,2024-11-28 16:38:57,16
47143,רשת 13,2024-11-28,2024-11-28 16:39:10,16
47144,רשת 13,2024-11-28,2024-11-28 16:39:31,16
47145,רשת 13,2024-11-28,2024-11-28 16:39:37,16
47146,רשת 13,2024-11-28,2024-11-28 16:40:05,16
47147,רשת 13,2024-11-28,2024-11-28 16:40:20,16
47148,רשת 13,2024-11-28,2024-11-28 16:40:26,16
47149,רשת 13,2024-11-28,2024-11-28 16:40:41,16
47150,רשת 13,2024-11-28,2024-11-28 16:41:06,16
47151,רשת 13,2024-11-28,2024-11-28 16:41:14,16
47152,רשת 13,2024-11-28,2024-11-28 16:41:24,16
47153,רשת 13,2024-11-28,2024-11-28 16:41:30,16
47154,רשת 13,2024-11-28,2024-11-28 16:41:36,16
47155,רשת 13,2024-11-28,2024-11-28 16:41:50,16
47156,רשת 13,2024-11-28,2024-11-28 16:41:56,16
47157,רשת 13,2024-11-28,2024-11-28 16:42:31,16
47158,רשת 13,2024-11-28,2024-11-28 16:42:37,16
47159,רשת 13,2024-11-28,2024-11-28 16:42:47,16
47160,רשת 13,2024-11-28,2024-11-28 16:42:55,16
47161,רשת 13,2024-11-28,2024-11-28 16:43:01,16
47162,רשת 13,2024-11-28,2024-11-28 16:43:07,16
47163,רשת 13,2024-11-28,2024-11-28 16:43:13,16
47164,רשת 13,2024-11-28,2024-11-28 16:43:23,16
47165,רשת 13,2024-11-28,2024-11-28 16:43:56,16
47166,רשת 13,2024-11-28,2024-11-28 17:12:42,17
47167,רשת 13,2024-11-28,2024-11-28 17:13:35,17
47168,רשת 13,2024-11-28,2024-11-28 17:13:41,17
47169,רשת 13,2024-11-28,2024-11-28 17:13:47,17
47170,רשת 13,2024-11-28,2024-11-28 17:13:57,17
47171,רשת 13,2024-11-28,2024-11-28 17:14:07,17
47172,רשת 13,2024-11-28,2024-11-28 17:14:13,17
47173,רשת 13,2024-11-28,2024-11-28 17:14:34,17
47174,רשת 13,2024-11-28,2024-11-28 17:14:56,17
47175,רשת 13,2024-11-28,2024-11-28 17:15:11,17
47176,רשת 13,2024-11-28,2024-11-28 17:15:22,17
47177,רשת 13,2024-11-28,2024-11-28 17:15:28,17
47178,רשת 13,2024-11-28,2024-11-28 17:16:25,17
47179,רשת 13,2024-11-28,2024-11-28 17:16:55,17
47180,רשת 13,2024-11-28,2024-11-28 17:17:10,17
47181,רשת 13,2024-11-28,2024-11-28 17:18:01,17
47182,רשת 13,2024-11-28,2024-11-28 17:18:16,17
47183,רשת 13,2024-11-28,2024-11-28 17:18:34,17
47184,רשת 13,2024-11-28,2024-11-28 17:18:45,17
47185,רשת 13,2024-11-28,2024-11-28 17:19:00,17
47186,רשת 13,2024-11-28,2024-11-28 17:19:22,17
47187,רשת 13,2024-11-28,2024-11-28 17:20:10,17
47188,רשת 13,2024-11-28,2024-11-28 17:20:20,17
47189,רשת 13,2024-11-28,2024-11-28 17:20:26,17
47190,רשת 13,2024-11-28,2024-11-28 17:20:32,17
47191,רשת 13,2024-11-28,2024-11-28 17:20:38,17
47192,רשת 13,2024-11-28,2024-11-28 17:20:50,17
47193,רשת 13,2024-11-28,2024-11-28 17:20:56,17
47194,רשת 13,2024-11-28,2024-11-28 17:21:31,17
47195,רשת 13,2024-11-28,2024-11-28 17:21:37,17
47196,רשת 13,2024-11-28,2024-11-28 17:21:48,17
47197,רשת 13,2024-11-28,2024-11-28 17:21:58,17
47198,רשת 13,2024-11-28,2024-11-28 17:22:08,17
47199,רשת 13,2024-11-28,2024-11-28 17:22:14,17
47200,רשת 13,2024-11-28,2024-11-28 17:22:20,17
47201,רשת 13,2024-11-28,2024-11-28 17:22:26,17
47202,רשת 13,2024-11-28,2024-11-28 17:22:34,17
47203,רשת 13,2024-11-28,2024-11-28 17:53:01,17
47204,רשת 13,2024-11-28,2024-11-28 17:53:41,17
47205,רשת 13,2024-11-28,2024-11-28 18:29:41,18
47206,רשת 13,2024-11-28,2024-11-28 18:30:21,18
47207,רשת 13,2024-11-28,2024-11-28 18:30:27,18
47208,רשת 13,2024-11-28,2024-11-28 18:30:33,18
47209,רשת 13,2024-11-28,2024-11-28 18:30:39,18
47210,רשת 13,2024-11-28,2024-11-28 18:30:49,18
47211,רשת 13,2024-11-28,2024-11-28 18:30:55,18
47212,רשת 13,2024-11-28,2024-11-28 18:31:01,18
47213,רשת 13,2024-11-28,2024-11-28 18:31:23,18
47214,רשת 13,2024-11-28,2024-11-28 18:31:51,18
47215,רשת 13,2024-11-28,2024-11-28 18:32:03,18
47216,רשת 13,2024-11-28,2024-11-28 18:32:21,18
47217,רשת 13,2024-11-28,2024-11-28 18:32:36,18
47218,רשת 13,2024-11-28,2024-11-28 18:32:53,18
47219,רשת 13,2024-11-28,2024-11-28 18:33:04,18
47220,רשת 13,2024-11-28,2024-11-28 18:33:16,18
47221,רשת 13,2024-11-28,2024-11-28 18:33:31,18
47222,רשת 13,2024-11-28,2024-11-28 18:33:52,18
47223,רשת 13,2024-11-28,2024-11-28 18:34:04,18
47224,רשת 13,2024-11-28,2024-11-28 18:34:41,18
47225,רשת 13,2024-11-28,2024-11-28 18:34:48,18
47226,רשת 13,2024-11-28,2024-11-28 18:35:00,18
47227,רשת 13,2024-11-28,2024-11-28 18:35:11,18
47228,רשת 13,2024-11-28,2024-11-28 18:35:26,18
47229,רשת 13,2024-11-28,2024-11-28 18:35:32,18
47230,רשת 13,2024-11-28,2024-11-28 18:36:15,18
47231,רשת 13,2024-11-28,2024-11-28 18:36:25,18
47232,רשת 13,2024-11-28,2024-11-28 18:36:31,18
47233,רשת 13,2024-11-28,2024-11-28 18:36:37,18
47234,רשת 13,2024-11-28,2024-11-28 18:36:47,18
47235,רשת 13,2024-11-28,2024-11-28 18:36:53,18
47236,רשת 13,2024-11-28,2024-11-28 18:36:59,18
47237,רשת 13,2024-11-28,2024-11-28 18:37:11,18
47238,רשת 13,2024-11-28,2024-11-28 18:37:17,18
47239,רשת 13,2024-11-28,2024-11-28 18:37:53,18
47240,רשת 13,2024-11-28,2024-11-28 18:37:59,18
47241,רשת 13,2024-11-28,2024-11-28 18:38:10,18
47242,רשת 13,2024-11-28,2024-11-28 18:38:20,18
47243,רשת 13,2024-11-28,2024-11-28 18:38:26,18
47244,רשת 13,2024-11-28,2024-11-28 18:38:36,18
47245,רשת 13,2024-11-28,2024-11-28 18:38:42,18
47246,רשת 13,2024-11-28,2024-11-28 18:38:48,18
47247,רשת 13,2024-11-28,2024-11-28 18:38:56,18
47248,רשת 13,2024-11-28,2024-11-28 18:39:02,18
47249,רשת 13,2024-11-28,2024-11-28 19:00:14,19
47250,רשת 13,2024-11-28,2024-11-28 19:01:07,19
47251,רשת 13,2024-11-28,2024-11-28 19:01:13,19
47252,רשת 13,2024-11-28,2024-11-28 19:01:19,19
47253,רשת 13,2024-11-28,2024-11-28 19:01:25,19
47254,רשת 13,2024-11-28,2024-11-28 19:01:33,19
47255,רשת 13,2024-11-28,2024-11-28 19:01:39,19
47256,רשת 13,2024-11-28,2024-11-28 19:01:49,19
47257,רשת 13,2024-11-28,2024-11-28 19:01:55,19
47258,רשת 13,2024-11-28,2024-11-28 19:02:01,19
47259,רשת 13,2024-11-28,2024-11-28 19:02:07,19
47260,רשת 13,2024-11-28,2024-11-28 19:02:30,19
47261,רשת 13,2024-11-28,2024-11-28 19:02:45,19
47262,רשת 13,2024-11-28,2024-11-28 19:03:07,19
47263,רשת 13,2024-11-28,2024-11-28 19:03:19,19
47264,רשת 13,2024-11-28,2024-11-28 19:03:36,19
47265,רשת 13,2024-11-28,2024-11-28 19:04:06,19
47266,רשת 13,2024-11-28,2024-11-28 19:04:18,19
47267,רשת 13,2024-11-28,2024-11-28 19:04:39,19
47268,רשת 13,2024-11-28,2024-11-28 19:04:50,19
47269,רשת 13,2024-11-28,2024-11-28 19:05:27,19
47270,רשת 13,2024-11-28,2024-11-28 19:05:39,19
47271,רשת 13,2024-11-28,2024-11-28 19:05:54,19
47272,רשת 13,2024-11-28,2024-11-28 19:06:00,19
47273,רשת 13,2024-11-28,2024-11-28 19:06:12,19
47274,רשת 13,2024-11-28,2024-11-28 19:06:27,19
47275,רשת 13,2024-11-28,2024-11-28 19:06:55,19
47276,רשת 13,2024-11-28,2024-11-28 19:07:01,19
47277,רשת 13,2024-11-28,2024-11-28 19:07:09,19
47278,רשת 13,2024-11-28,2024-11-28 19:07:19,19
47279,רשת 13,2024-11-28,2024-11-28 19:07:25,19
47280,רשת 13,2024-11-28,2024-11-28 19:07:31,19
47281,רשת 13,2024-11-28,2024-11-28 19:07:37,19
47282,רשת 13,2024-11-28,2024-11-28 19:07:43,19
47283,רשת 13,2024-11-28,2024-11-28 19:07:53,19
47284,רשת 13,2024-11-28,2024-11-28 19:07:59,19
47285,רשת 13,2024-11-28,2024-11-28 19:08:44,19
47286,רשת 13,2024-11-28,2024-11-28 19:33:40,19
47287,רשת 13,2024-11-28,2024-11-28 19:51:13,19
47288,רשת 13,2024-11-28,2024-11-28 19:52:04,19
47289,רשת 13,2024-11-28,2024-11-28 19:52:52,19
47290,רשת 13,2024-11-28,2024-11-28 19:53:57,19
47291,רשת 13,2024-11-28,2024-11-28 20:45:55,20
47292,רשת 13,2024-11-28,2024-11-28 20:46:34,20
47293,רשת 13,2024-11-28,2024-11-28 20:46:40,20
47294,רשת 13,2024-11-28,2024-11-28 20:46:46,20
47295,רשת 13,2024-11-28,2024-11-28 20:46:52,20
47296,רשת 13,2024-11-28,2024-11-28 20:47:00,20
47297,רשת 13,2024-11-28,2024-11-28 20:47:06,20
47298,רשת 13,2024-11-28,2024-11-28 20:47:12,20
47299,רשת 13,2024-11-28,2024-11-28 20:47:35,20
47300,רשת 13,2024-11-28,2024-11-28 20:47:56,20
47301,רשת 13,2024-11-28,2024-11-28 20:48:53,20
47302,רשת 13,2024-11-28,2024-11-28 20:49:05,20
47303,רשת 13,2024-11-28,2024-11-28 20:49:56,20
47304,רשת 13,2024-11-28,2024-11-28 20:50:11,20
47305,רשת 13,2024-11-28,2024-11-28 20:50:17,20
47306,רשת 13,2024-11-28,2024-11-28 20:50:32,20
47307,רשת 13,2024-11-28,2024-11-28 20:50:47,20
47308,רשת 13,2024-11-28,2024-11-28 20:51:09,20
47309,רשת 13,2024-11-28,2024-11-28 20:51:21,20
47310,רשת 13,2024-11-28,2024-11-28 20:51:39,20
47311,רשת 13,2024-11-28,2024-11-28 20:51:45,20
47312,רשת 13,2024-11-28,2024-11-28 20:52:00,20
47313,רשת 13,2024-11-28,2024-11-28 20:52:07,20
47314,רשת 13,2024-11-28,2024-11-28 20:52:37,20
47315,רשת 13,2024-11-28,2024-11-28 20:52:57,20
47316,רשת 13,2024-11-28,2024-11-28 20:53:42,20
47317,רשת 13,2024-11-28,2024-11-28 21:12:57,21
47318,רשת 13,2024-11-28,2024-11-28 21:13:49,21
47319,רשת 13,2024-11-28,2024-11-28 21:13:55,21
47320,רשת 13,2024-11-28,2024-11-28 21:14:01,21
47321,רשת 13,2024-11-28,2024-11-28 21:14:09,21
47322,רשת 13,2024-11-28,2024-11-28 21:14:15,21
47323,רשת 13,2024-11-28,2024-11-28 21:14:21,21
47324,רשת 13,2024-11-28,2024-11-28 21:14:31,21
47325,רשת 13,2024-11-28,2024-11-28 21:14:55,21
47326,רשת 13,2024-11-28,2024-11-28 21:15:28,21
47327,רשת 13,2024-11-28,2024-11-28 21:15:43,21
47328,רשת 13,2024-11-28,2024-11-28 21:16:06,21
47329,רשת 13,2024-11-28,2024-11-28 21:16:21,21
47330,רשת 13,2024-11-28,2024-11-28 21:16:33,21
47331,רשת 13,2024-11-28,2024-11-28 21:17:03,21
47332,רשת 13,2024-11-28,2024-11-28 21:17:09,21
47333,רשת 13,2024-11-28,2024-11-28 21:17:39,21
47334,רשת 13,2024-11-28,2024-11-28 21:18:01,21
47335,רשת 13,2024-11-28,2024-11-28 21:18:16,21
47336,רשת 13,2024-11-28,2024-11-28 21:18:23,21
47337,רשת 13,2024-11-28,2024-11-28 21:18:38,21
47338,רשת 13,2024-11-28,2024-11-28 21:18:56,21
47339,רשת 13,2024-11-28,2024-11-28 21:19:24,21
47340,רשת 13,2024-11-28,2024-11-28 21:19:36,21
47341,רשת 13,2024-11-28,2024-11-28 21:19:46,21
47342,רשת 13,2024-11-28,2024-11-28 21:19:57,21
47343,רשת 13,2024-11-28,2024-11-28 21:20:30,21
47344,רשת 13,2024-11-28,2024-11-28 21:32:34,21
47345,רשת 13,2024-11-28,2024-11-28 21:32:40,21
47346,רשת 13,2024-11-28,2024-11-28 21:33:28,21
47347,רשת 13,2024-11-28,2024-11-28 21:33:34,21
47348,רשת 13,2024-11-28,2024-11-28 22:10:29,22
47349,רשת 13,2024-11-28,2024-11-28 22:17:41,22
47350,רשת 13,2024-11-28,2024-11-28 22:18:17,22
47351,רשת 13,2024-11-28,2024-11-28 22:18:22,22
47352,רשת 13,2024-11-28,2024-11-28 22:18:59,22
47353,רשת 13,2024-11-28,2024-11-28 22:19:23,22
47354,רשת 13,2024-11-28,2024-11-28 22:19:29,22
47355,רשת 13,2024-11-28,2024-11-28 22:19:35,22
47356,רשת 13,2024-11-28,2024-11-28 22:19:41,22
47357,רשת 13,2024-11-28,2024-11-28 22:19:49,22
47358,רשת 13,2024-11-28,2024-11-28 22:19:55,22
47359,רשת 13,2024-11-28,2024-11-28 22:20:01,22
47360,רשת 13,2024-11-28,2024-11-28 22:20:07,22
47361,רשת 13,2024-11-28,2024-11-28 22:20:30,22
47362,רשת 13,2024-11-28,2024-11-28 22:20:41,22
47363,רשת 13,2024-11-28,2024-11-28 22:20:52,22
47364,רשת 13,2024-11-28,2024-11-28 22:21:20,22
47365,רשת 13,2024-11-28,2024-11-28 22:21:47,22
47366,רשת 13,2024-11-28,2024-11-28 22:22:44,22
47367,רשת 13,2024-11-28,2024-11-28 22:22:59,22
47368,רשת 13,2024-11-28,2024-11-28 22:23:16,22
47369,רשת 13,2024-11-28,2024-11-28 22:23:29,22
47370,רשת 13,2024-11-28,2024-11-28 22:23:49,22
47371,רשת 13,2024-11-28,2024-11-28 22:24:00,22
47372,רשת 13,2024-11-28,2024-11-28 22:24:30,22
47373,רשת 13,2024-11-28,2024-11-28 22:24:45,22
47374,רשת 13,2024-11-28,2024-11-28 22:24:51,22
47375,רשת 13,2024-11-28,2024-11-28 22:25:06,22
47376,רשת 13,2024-11-28,2024-11-28 22:25:18,22
47377,רשת 13,2024-11-28,2024-11-28 22:25:55,22
47378,רשת 13,2024-11-28,2024-11-28 22:26:10,22
47379,רשת 13,2024-11-28,2024-11-28 22:26:32,22
47380,רשת 13,2024-11-28,2024-11-28 22:26:54,22
47381,רשת 13,2024-11-28,2024-11-28 22:27:18,22
47382,רשת 13,2024-11-28,2024-11-28 22:27:25,22
47383,רשת 13,2024-11-28,2024-11-28 22:27:37,22
47384,רשת 13,2024-11-28,2024-11-28 22:27:52,22
47385,רשת 13,2024-11-28,2024-11-28 22:27:58,22
47386,רשת 13,2024-11-28,2024-11-28 22:28:13,22
47387,רשת 13,2024-11-28,2024-11-28 22:28:31,22
47388,רשת 13,2024-11-28,2024-11-28 22:28:46,22
47389,רשת 13,2024-11-28,2024-11-28 22:28:53,22
47390,רשת 13,2024-11-28,2024-11-28 22:29:33,22
47391,רשת 13,2024-11-28,2024-11-28 22:29:41,22
47392,רשת 13,2024-11-28,2024-11-28 22:29:47,22
47393,רשת 13,2024-11-28,2024-11-28 22:29:53,22
47394,רשת 13,2024-11-28,2024-11-28 22:29:59,22
47395,רשת 13,2024-11-28,2024-11-28 22:30:09,22
47396,רשת 13,2024-11-28,2024-11-28 22:30:15,22
47397,רשת 13,2024-11-28,2024-11-28 22:30:21,22
47398,רשת 13,2024-11-28,2024-11-28 22:30:29,22
47399,רשת 13,2024-11-28,2024-11-28 23:05:50,23
47400,רשת 13,2024-11-28,2024-11-28 23:06:35,23
47401,רשת 13,2024-11-28,2024-11-28 23:06:55,23
47402,רשת 13,2024-11-28,2024-11-28 23:07:01,23
47403,רשת 13,2024-11-28,2024-11-28 23:07:07,23
47404,רשת 13,2024-11-28,2024-11-28 23:07:28,23
47405,רשת 13,2024-11-28,2024-11-28 23:08:25,23
47406,רשת 13,2024-11-28,2024-11-28 23:08:37,23
47407,רשת 13,2024-11-28,2024-11-28 23:08:52,23
47408,רשת 13,2024-11-28,2024-11-28 23:09:19,23
47409,רשת 13,2024-11-28,2024-11-28 23:09:32,23
47410,רשת 13,2024-11-28,2024-11-28 23:09:39,23
47411,רשת 13,2024-11-28,2024-11-28 23:09:50,23
47412,רשת 13,2024-11-28,2024-11-28 23:10:07,23
47413,רשת 13,2024-11-28,2024-11-28 23:10:14,23
47414,רשת 13,2024-11-28,2024-11-28 23:10:36,23
47415,רשת 13,2024-11-28,2024-11-28 23:10:48,23
47416,רשת 13,2024-11-28,2024-11-28 23:10:59,23
47417,רשת 13,2024-11-28,2024-11-28 23:11:05,23
47418,רשת 13,2024-11-28,2024-11-28 23:11:22,23
47419,רשת 13,2024-11-28,2024-11-28 23:11:47,23
47420,רשת 13,2024-11-28,2024-11-28 23:11:53,23
47421,רשת 13,2024-11-28,2024-11-28 23:12:03,23
47422,רשת 13,2024-11-28,2024-11-28 23:12:13,23
47423,רשת 13,2024-11-28,2024-11-28 23:13:18,23
47424,רשת 13,2024-11-28,2024-11-28 23:13:24,23
47425,רשת 13,2024-11-28,2024-11-28 23:13:58,23
47426,רשת 13,2024-11-28,2024-11-28 23:36:35,23
47427,רשת 13,2024-11-28,2024-11-28 23:37:24,23
47428,רשת 13,2024-11-28,2024-11-28 23:37:30,23
47429,רשת 13,2024-11-28,2024-11-28 23:37:36,23
47430,רשת 13,2024-11-28,2024-11-28 23:37:42,23
47431,רשת 13,2024-11-28,2024-11-28 23:37:50,23
47432,רשת 13,2024-11-28,2024-11-28 23:38:00,23
47433,רשת 13,2024-11-28,2024-11-28 23:38:06,23
47434,רשת 13,2024-11-28,2024-11-28 23:38:29,23
47435,רשת 13,2024-11-28,2024-11-28 23:38:35,23
47436,רשת 13,2024-11-28,2024-11-28 23:38:47,23
47437,רשת 13,2024-11-28,2024-11-28 23:39:05,23
47438,רשת 13,2024-11-28,2024-11-28 23:39:20,23
47439,רשת 13,2024-11-28,2024-11-28 23:39:50,23
47440,רשת 13,2024-11-28,2024-11-28 23:40:02,23
47441,רשת 13,2024-11-28,2024-11-28 23:40:23,23
47442,רשת 13,2024-11-28,2024-11-28 23:40:45,23
47443,רשת 13,2024-11-28,2024-11-28 23:40:57,23
47444,רשת 13,2024-11-28,2024-11-28 23:41:48,23
47445,רשת 13,2024-11-28,2024-11-28 23:42:00,23
47446,רשת 13,2024-11-28,2024-11-28 23:42:15,23
47447,רשת 13,2024-11-28,2024-11-28 23:42:21,23
47448,רשת 13,2024-11-28,2024-11-28 23:42:33,23
47449,רשת 13,2024-11-28,2024-11-28 23:42:55,23
47450,רשת 13,2024-11-28,2024-11-28 23:43:38,23
47451,רשת 13,2024-11-28,2024-11-28 23:43:48,23
47452,רשת 13,2024-11-28,2024-11-28 23:43:54,23
47453,רשת 13,2024-11-28,2024-11-28 23:44:00,23
47454,רשת 13,2024-11-28,2024-11-28 23:44:06,23
47455,רשת 13,2024-11-28,2024-11-28 23:44:12,23
47456,רשת 13,2024-11-28,2024-11-28 23:44:18,23
47457,רשת 13,2024-11-28,2024-11-28 23:44:26,23
47458,רשת 13,2024-11-28,2024-11-28 23:44:49,23
47459,רשת 13,2024-11-28,2024-11-28 00:06:28,0
47460,רשת 13,2024-11-28,2024-11-28 00:07:05,0
47461,רשת 13,2024-11-28,2024-11-28 00:07:11,0
47462,רשת 13,2024-11-28,2024-11-28 00:07:17,0
47463,רשת 13,2024-11-28,2024-11-28 00:07:23,0
47464,רשת 13,2024-11-28,2024-11-28 00:07:43,0
47465,רשת 13,2024-11-28,2024-11-28 00:08:20,0
47466,רשת 13,2024-11-28,2024-11-28 00:08:31,0
47467,רשת 13,2024-11-28,2024-11-28 00:08:46,0
47468,רשת 13,2024-11-28,2024-11-28 00:09:01,0
47469,רשת 13,2024-11-28,2024-11-28 00:09:34,0
47470,רשת 13,2024-11-28,2024-11-28 00:09:40,0
47471,רשת 13,2024-11-28,2024-11-28 00:10:15,0
47472,רשת 13,2024-11-28,2024-11-28 00:10:21,0
47473,רשת 13,2024-11-28,2024-11-28 00:10:31,0
47474,רשת 13,2024-11-28,2024-11-28 00:10:37,0
47475,רשת 13,2024-11-28,2024-11-28 00:10:43,0
47476,רשת 13,2024-11-28,2024-11-28 00:10:49,0
47477,רשת 13,2024-11-28,2024-11-28 00:10:57,0
47478,רשת 13,2024-11-28,2024-11-28 00:11:30,0
47479,רשת 13,2024-11-28,2024-11-28 00:33:22,0
47480,רשת 13,2024-11-28,2024-11-28 00:34:11,0
47481,רשת 13,2024-11-28,2024-11-28 00:34:34,0
47482,רשת 13,2024-11-28,2024-11-28 00:34:58,0
47483,רשת 13,2024-11-28,2024-11-28 00:35:08,0
47484,רשת 13,2024-11-28,2024-11-28 00:35:16,0
47485,רשת 13,2024-11-28,2024-11-28 00:35:57,0
47486,רשת 13,2024-11-28,2024-11-28 01:21:41,1
47487,רשת 13,2024-11-28,2024-11-28 01:22:19,1
47488,רשת 13,2024-11-28,2024-11-28 01:22:29,1
47489,רשת 13,2024-11-28,2024-11-28 01:22:49,1
47490,רשת 13,2024-11-28,2024-11-28 01:23:27,1
47491,רשת 13,2024-11-28,2024-11-28 01:23:37,1
47492,רשת 13,2024-11-28,2024-11-28 01:24:26,1
47493,רשת 13,2024-11-28,2024-11-28 01:24:34,1
47494,רשת 13,2024-11-28,2024-11-28 01:25:07,1
47495,רשת 13,2024-11-28,2024-11-28 01:36:16,1
47496,רשת 13,2024-11-28,2024-11-28 01:37:06,1
47497,רשת 13,2024-11-28,2024-11-28 01:37:16,1
47498,רשת 13,2024-11-28,2024-11-28 01:37:22,1
47499,רשת 13,2024-11-28,2024-11-28 01:38:27,1
47500,רשת 13,2024-11-28,2024-11-28 01:39:16,1
47501,רשת 13,2024-11-28,2024-11-28 01:39:24,1
47502,רשת 13,2024-11-28,2024-11-28 01:40:05,1
48389,רשת 13,2024-11-29,2024-11-29 02:07:42,2
48390,רשת 13,2024-11-29,2024-11-29 02:08:27,2
48391,רשת 13,2024-11-29,2024-11-29 02:08:35,2
48392,רשת 13,2024-11-29,2024-11-29 02:09:40,2
48393,רשת 13,2024-11-29,2024-11-29 02:10:40,2
48394,רשת 13,2024-11-29,2024-11-29 02:11:29,2
48395,רשת 13,2024-11-29,2024-11-29 02:12:10,2
48396,רשת 13,2024-11-29,2024-11-29 02:56:58,2
48397,רשת 13,2024-11-29,2024-11-29 02:57:43,2
48398,רשת 13,2024-11-29,2024-11-29 02:57:51,2
48399,רשת 13,2024-11-29,2024-11-29 02:58:24,2
48400,רשת 13,2024-11-29,2024-11-29 02:58:58,2
48401,רשת 13,2024-11-29,2024-11-29 02:59:17,2
48402,רשת 13,2024-11-29,2024-11-29 03:00:06,3
48403,רשת 13,2024-11-29,2024-11-29 03:00:47,3
48404,רשת 13,2024-11-29,2024-11-29 03:28:15,3
48405,רשת 13,2024-11-29,2024-11-29 03:28:48,3
48406,רשת 13,2024-11-29,2024-11-29 03:28:55,3
48407,רשת 13,2024-11-29,2024-11-29 03:29:10,3
48408,רשת 13,2024-11-29,2024-11-29 03:30:00,3
48409,רשת 13,2024-11-29,2024-11-29 03:30:33,3
48410,רשת 13,2024-11-29,2024-11-29 03:46:04,3
48411,רשת 13,2024-11-29,2024-11-29 03:46:49,3
48412,רשת 13,2024-11-29,2024-11-29 03:47:24,3
48413,רשת 13,2024-11-29,2024-11-29 03:48:13,3
48414,רשת 13,2024-11-29,2024-11-29 03:48:51,3
48415,רשת 13,2024-11-29,2024-11-29 05:20:38,5
48416,רשת 13,2024-11-29,2024-11-29 05:21:11,5
48417,רשת 13,2024-11-29,2024-11-29 05:21:19,5
48418,רשת 13,2024-11-29,2024-11-29 05:22:08,5
48419,רשת 13,2024-11-29,2024-11-29 05:22:42,5
48420,רשת 13,2024-11-29,2024-11-29 05:23:16,5
48421,רשת 13,2024-11-29,2024-11-29 06:15:34,6
48422,רשת 13,2024-11-29,2024-11-29 06:15:42,6
48423,רשת 13,2024-11-29,2024-11-29 06:15:52,6
48424,רשת 13,2024-11-29,2024-11-29 06:16:00,6
48425,רשת 13,2024-11-29,2024-11-29 06:16:33,6
48426,רשת 13,2024-11-29,2024-11-29 06:17:22,6
48427,רשת 13,2024-11-29,2024-11-29 06:17:57,6
48428,רשת 13,2024-11-29,2024-11-29 06:18:08,6
48429,רשת 13,2024-11-29,2024-11-29 06:18:16,6
48430,רשת 13,2024-11-29,2024-11-29 06:18:26,6
48431,רשת 13,2024-11-29,2024-11-29 07:21:59,7
48432,רשת 13,2024-11-29,2024-11-29 07:22:49,7
48433,רשת 13,2024-11-29,2024-11-29 07:22:55,7
48434,רשת 13,2024-11-29,2024-11-29 07:23:01,7
48435,רשת 13,2024-11-29,2024-11-29 07:23:09,7
48436,רשת 13,2024-11-29,2024-11-29 07:23:19,7
48437,רשת 13,2024-11-29,2024-11-29 07:23:40,7
48438,רשת 13,2024-11-29,2024-11-29 07:23:51,7
48439,רשת 13,2024-11-29,2024-11-29 07:24:06,7
48440,רשת 13,2024-11-29,2024-11-29 07:24:27,7
48441,רשת 13,2024-11-29,2024-11-29 07:24:38,7
48442,רשת 13,2024-11-29,2024-11-29 07:24:53,7
48443,רשת 13,2024-11-29,2024-11-29 07:25:04,7
48444,רשת 13,2024-11-29,2024-11-29 07:25:32,7
48445,רשת 13,2024-11-29,2024-11-29 07:25:47,7
48446,רשת 13,2024-11-29,2024-11-29 07:26:37,7
48447,רשת 13,2024-11-29,2024-11-29 07:26:45,7
48448,רשת 13,2024-11-29,2024-11-29 07:26:51,7
48449,רשת 13,2024-11-29,2024-11-29 07:26:57,7
48450,רשת 13,2024-11-29,2024-11-29 07:27:05,7
48451,רשת 13,2024-11-29,2024-11-29 07:27:13,7
48452,רשת 13,2024-11-29,2024-11-29 07:27:39,7
48453,רשת 13,2024-11-29,2024-11-29 07:43:19,7
48454,רשת 13,2024-11-29,2024-11-29 07:43:57,7
48455,רשת 13,2024-11-29,2024-11-29 07:44:05,7
48456,רשת 13,2024-11-29,2024-11-29 07:44:11,7
48457,רשת 13,2024-11-29,2024-11-29 07:44:21,7
48458,רשת 13,2024-11-29,2024-11-29 07:44:27,7
48459,רשת 13,2024-11-29,2024-11-29 07:44:49,7
48460,רשת 13,2024-11-29,2024-11-29 07:45:00,7
48461,רשת 13,2024-11-29,2024-11-29 07:45:15,7
48462,רשת 13,2024-11-29,2024-11-29 07:45:37,7
48463,רשת 13,2024-11-29,2024-11-29 07:45:58,7
48464,רשת 13,2024-11-29,2024-11-29 07:46:13,7
48465,רשת 13,2024-11-29,2024-11-29 07:46:30,7
48466,רשת 13,2024-11-29,2024-11-29 07:47:11,7
48467,רשת 13,2024-11-29,2024-11-29 07:47:46,7
48468,רשת 13,2024-11-29,2024-11-29 07:47:52,7
48469,רשת 13,2024-11-29,2024-11-29 07:48:00,7
48470,רשת 13,2024-11-29,2024-11-29 07:48:34,7
48471,רשת 13,2024-11-29,2024-11-29 08:06:31,8
48472,רשת 13,2024-11-29,2024-11-29 08:07:06,8
48473,רשת 13,2024-11-29,2024-11-29 08:20:58,8
48474,רשת 13,2024-11-29,2024-11-29 08:21:48,8
48475,רשת 13,2024-11-29,2024-11-29 08:21:56,8
48476,רשת 13,2024-11-29,2024-11-29 08:22:02,8
48477,רשת 13,2024-11-29,2024-11-29 08:22:12,8
48478,רשת 13,2024-11-29,2024-11-29 08:22:33,8
48479,רשת 13,2024-11-29,2024-11-29 08:22:48,8
48480,רשת 13,2024-11-29,2024-11-29 08:23:03,8
48481,רשת 13,2024-11-29,2024-11-29 08:23:14,8
48482,רשת 13,2024-11-29,2024-11-29 08:23:35,8
48483,רשת 13,2024-11-29,2024-11-29 08:24:03,8
48484,רשת 13,2024-11-29,2024-11-29 08:24:33,8
48485,רשת 13,2024-11-29,2024-11-29 08:24:58,8
48486,רשת 13,2024-11-29,2024-11-29 08:25:06,8
48487,רשת 13,2024-11-29,2024-11-29 08:25:12,8
48488,רשת 13,2024-11-29,2024-11-29 08:25:22,8
48489,רשת 13,2024-11-29,2024-11-29 08:25:28,8
48490,רשת 13,2024-11-29,2024-11-29 08:25:36,8
48491,רשת 13,2024-11-29,2024-11-29 08:25:44,8
48492,רשת 13,2024-11-29,2024-11-29 08:26:25,8
48493,רשת 13,2024-11-29,2024-11-29 08:45:08,8
48494,רשת 13,2024-11-29,2024-11-29 08:45:46,8
48495,רשת 13,2024-11-29,2024-11-29 08:45:54,8
48496,רשת 13,2024-11-29,2024-11-29 08:46:00,8
48497,רשת 13,2024-11-29,2024-11-29 08:46:06,8
48498,רשת 13,2024-11-29,2024-11-29 08:46:12,8
48499,רשת 13,2024-11-29,2024-11-29 08:46:34,8
48500,רשת 13,2024-11-29,2024-11-29 08:46:59,8
48501,רשת 13,2024-11-29,2024-11-29 08:47:14,8
48502,רשת 13,2024-11-29,2024-11-29 08:47:35,8
48503,רשת 13,2024-11-29,2024-11-29 08:47:50,8
48504,רשת 13,2024-11-29,2024-11-29 08:48:01,8
48505,רשת 13,2024-11-29,2024-11-29 08:48:52,8
48506,רשת 13,2024-11-29,2024-11-29 08:49:09,8
48507,רשת 13,2024-11-29,2024-11-29 08:49:49,8
48508,רשת 13,2024-11-29,2024-11-29 08:49:57,8
48509,רשת 13,2024-11-29,2024-11-29 08:50:43,8
48510,רשת 13,2024-11-29,2024-11-29 09:04:03,9
48511,רשת 13,2024-11-29,2024-11-29 09:04:09,9
48512,רשת 13,2024-11-29,2024-11-29 09:04:45,9
48513,רשת 13,2024-11-29,2024-11-29 09:04:51,9
48514,רשת 13,2024-11-29,2024-11-29 09:22:33,9
48515,רשת 13,2024-11-29,2024-11-29 09:23:23,9
48516,רשת 13,2024-11-29,2024-11-29 09:23:31,9
48517,רשת 13,2024-11-29,2024-11-29 09:23:37,9
48518,רשת 13,2024-11-29,2024-11-29 09:23:47,9
48519,רשת 13,2024-11-29,2024-11-29 09:24:08,9
48520,רשת 13,2024-11-29,2024-11-29 09:24:23,9
48521,רשת 13,2024-11-29,2024-11-29 09:24:38,9
48522,רשת 13,2024-11-29,2024-11-29 09:25:05,9
48523,רשת 13,2024-11-29,2024-11-29 09:25:26,9
48524,רשת 13,2024-11-29,2024-11-29 09:25:48,9
48525,רשת 13,2024-11-29,2024-11-29 09:26:05,9
48526,רשת 13,2024-11-29,2024-11-29 09:26:44,9
48527,רשת 13,2024-11-29,2024-11-29 09:26:52,9
48528,רשת 13,2024-11-29,2024-11-29 09:26:58,9
48529,רשת 13,2024-11-29,2024-11-29 09:27:04,9
48530,רשת 13,2024-11-29,2024-11-29 09:27:12,9
48531,רשת 13,2024-11-29,2024-11-29 09:27:47,9
48532,רשת 13,2024-11-29,2024-11-29 09:28:25,9
48533,רשת 13,2024-11-29,2024-11-29 09:42:32,9
48534,רשת 13,2024-11-29,2024-11-29 09:43:22,9
48535,רשת 13,2024-11-29,2024-11-29 09:43:30,9
48536,רשת 13,2024-11-29,2024-11-29 09:43:36,9
48537,רשת 13,2024-11-29,2024-11-29 09:43:46,9
48538,רשת 13,2024-11-29,2024-11-29 09:44:07,9
48539,רשת 13,2024-11-29,2024-11-29 09:44:29,9
48540,רשת 13,2024-11-29,2024-11-29 09:44:57,9
48541,רשת 13,2024-11-29,2024-11-29 09:45:18,9
48542,רשת 13,2024-11-29,2024-11-29 09:45:48,9
48543,רשת 13,2024-11-29,2024-11-29 09:46:25,9
48544,רשת 13,2024-11-29,2024-11-29 09:47:07,9
48545,רשת 13,2024-11-29,2024-11-29 09:47:15,9
48546,רשת 13,2024-11-29,2024-11-29 09:47:40,9
48547,רשת 13,2024-11-29,2024-11-29 10:05:16,10
48548,רשת 13,2024-11-29,2024-11-29 10:05:22,10
48549,רשת 13,2024-11-29,2024-11-29 10:05:57,10
48550,רשת 13,2024-11-29,2024-11-29 10:06:03,10
48551,רשת 13,2024-11-29,2024-11-29 10:37:49,10
48552,רשת 13,2024-11-29,2024-11-29 10:38:27,10
48553,רשת 13,2024-11-29,2024-11-29 10:38:35,10
48554,רשת 13,2024-11-29,2024-11-29 10:38:41,10
48555,רשת 13,2024-11-29,2024-11-29 10:38:51,10
48556,רשת 13,2024-11-29,2024-11-29 10:39:13,10
48557,רשת 13,2024-11-29,2024-11-29 10:39:35,10
48558,רשת 13,2024-11-29,2024-11-29 10:39:46,10
48559,רשת 13,2024-11-29,2024-11-29 10:40:13,10
48560,רשת 13,2024-11-29,2024-11-29 10:40:24,10
48561,רשת 13,2024-11-29,2024-11-29 10:40:34,10
48562,רשת 13,2024-11-29,2024-11-29 10:40:51,10
48563,רשת 13,2024-11-29,2024-11-29 10:41:06,10
48564,רשת 13,2024-11-29,2024-11-29 10:41:34,10
48565,רשת 13,2024-11-29,2024-11-29 10:41:42,10
48566,רשת 13,2024-11-29,2024-11-29 10:42:16,10
48567,רשת 13,2024-11-29,2024-11-29 10:55:15,10
48568,רשת 13,2024-11-29,2024-11-29 10:56:05,10
48569,רשת 13,2024-11-29,2024-11-29 10:56:11,10
48570,רשת 13,2024-11-29,2024-11-29 10:56:17,10
48571,רשת 13,2024-11-29,2024-11-29 10:56:27,10
48572,רשת 13,2024-11-29,2024-11-29 10:56:46,10
48573,רשת 13,2024-11-29,2024-11-29 10:57:11,10
48574,רשת 13,2024-11-29,2024-11-29 10:57:26,10
48575,רשת 13,2024-11-29,2024-11-29 10:57:37,10
48576,רשת 13,2024-11-29,2024-11-29 10:57:52,10
48577,רשת 13,2024-11-29,2024-11-29 10:58:22,10
48578,רשת 13,2024-11-29,2024-11-29 10:58:49,10
48579,רשת 13,2024-11-29,2024-11-29 10:59:14,10
48580,רשת 13,2024-11-29,2024-11-29 10:59:20,10
48581,רשת 13,2024-11-29,2024-11-29 11:07:14,11
48582,רשת 13,2024-11-29,2024-11-29 11:07:20,11
48583,רשת 13,2024-11-29,2024-11-29 11:07:55,11
48584,רשת 13,2024-11-29,2024-11-29 11:08:01,11
48585,רשת 13,2024-11-29,2024-11-29 11:26:25,11
48586,רשת 13,2024-11-29,2024-11-29 11:27:03,11
48587,רשת 13,2024-11-29,2024-11-29 11:27:09,11
48588,רשת 13,2024-11-29,2024-11-29 11:27:15,11
48589,רשת 13,2024-11-29,2024-11-29 11:27:25,11
48590,רשת 13,2024-11-29,2024-11-29 11:27:45,11
48591,רשת 13,2024-11-29,2024-11-29 11:28:07,11
48592,רשת 13,2024-11-29,2024-11-29 11:28:35,11
48593,רשת 13,2024-11-29,2024-11-29 11:28:50,11
48594,רשת 13,2024-11-29,2024-11-29 11:29:17,11
48595,רשת 13,2024-11-29,2024-11-29 11:29:32,11
48596,רשת 13,2024-11-29,2024-11-29 11:29:43,11
48597,רשת 13,2024-11-29,2024-11-29 11:30:00,11
48598,רשת 13,2024-11-29,2024-11-29 11:30:33,11
48599,רשת 13,2024-11-29,2024-11-29 11:30:39,11
48600,רשת 13,2024-11-29,2024-11-29 11:30:45,11
48601,רשת 13,2024-11-29,2024-11-29 11:30:55,11
48602,רשת 13,2024-11-29,2024-11-29 11:31:01,11
48603,רשת 13,2024-11-29,2024-11-29 11:31:07,11
48604,רשת 13,2024-11-29,2024-11-29 11:31:15,11
48605,רשת 13,2024-11-29,2024-11-29 11:32:01,11
48606,רשת 13,2024-11-29,2024-11-29 12:05:31,12
48607,רשת 13,2024-11-29,2024-11-29 12:05:37,12
48608,רשת 13,2024-11-29,2024-11-29 12:06:12,12
48609,רשת 13,2024-11-29,2024-11-29 12:06:18,12
48610,רשת 13,2024-11-29,2024-11-29 13:34:09,13
48611,רשת 13,2024-11-29,2024-11-29 13:34:54,13
48612,רשת 13,2024-11-29,2024-11-29 13:35:39,13
48613,רשת 13,2024-11-29,2024-11-29 13:35:45,13
48614,רשת 13,2024-11-29,2024-11-29 13:35:51,13
48615,רשת 13,2024-11-29,2024-11-29 13:35:57,13
48616,רשת 13,2024-11-29,2024-11-29 13:36:03,13
48617,רשת 13,2024-11-29,2024-11-29 13:36:09,13
48618,רשת 13,2024-11-29,2024-11-29 13:36:33,13
48619,רשת 13,2024-11-29,2024-11-29 13:36:55,13
48620,רשת 13,2024-11-29,2024-11-29 13:37:10,13
48621,רשת 13,2024-11-29,2024-11-29 13:37:25,13
48622,רשת 13,2024-11-29,2024-11-29 13:37:40,13
48623,רשת 13,2024-11-29,2024-11-29 13:38:25,13
48624,רשת 13,2024-11-29,2024-11-29 13:38:31,13
48625,רשת 13,2024-11-29,2024-11-29 13:38:37,13
48626,רשת 13,2024-11-29,2024-11-29 13:38:43,13
48627,רשת 13,2024-11-29,2024-11-29 13:38:49,13
48628,רשת 13,2024-11-29,2024-11-29 13:38:55,13
48629,רשת 13,2024-11-29,2024-11-29 13:39:05,13
48630,רשת 13,2024-11-29,2024-11-29 13:39:30,13
48631,רשת 13,2024-11-29,2024-11-29 13:40:04,13
48632,רשת 13,2024-11-29,2024-11-29 13:52:30,13
48633,רשת 13,2024-11-29,2024-11-29 13:53:15,13
48634,רשת 13,2024-11-29,2024-11-29 13:53:54,13
48635,רשת 13,2024-11-29,2024-11-29 13:54:39,13
48636,רשת 13,2024-11-29,2024-11-29 13:54:51,13
48637,רשת 13,2024-11-29,2024-11-29 13:54:57,13
48638,רשת 13,2024-11-29,2024-11-29 13:55:03,13
48639,רשת 13,2024-11-29,2024-11-29 13:55:09,13
48640,רשת 13,2024-11-29,2024-11-29 13:55:19,13
48641,רשת 13,2024-11-29,2024-11-29 13:55:39,13
48642,רשת 13,2024-11-29,2024-11-29 13:56:01,13
48643,רשת 13,2024-11-29,2024-11-29 13:56:16,13
48644,רשת 13,2024-11-29,2024-11-29 13:56:26,13
48645,רשת 13,2024-11-29,2024-11-29 13:56:43,13
48646,רשת 13,2024-11-29,2024-11-29 13:57:16,13
48647,רשת 13,2024-11-29,2024-11-29 13:57:22,13
48648,רשת 13,2024-11-29,2024-11-29 13:57:57,13
48649,רשת 13,2024-11-29,2024-11-29 13:58:03,13
48650,רשת 13,2024-11-29,2024-11-29 13:58:09,13
48651,רשת 13,2024-11-29,2024-11-29 13:58:42,13
48652,רשת 13,2024-11-29,2024-11-29 13:59:25,13
48653,רשת 13,2024-11-29,2024-11-29 14:37:57,14
48654,רשת 13,2024-11-29,2024-11-29 14:39:08,14
48655,רשת 13,2024-11-29,2024-11-29 14:39:14,14
48656,רשת 13,2024-11-29,2024-11-29 14:39:59,14
48657,רשת 13,2024-11-29,2024-11-29 14:40:07,14
48658,רשת 13,2024-11-29,2024-11-29 14:40:53,14
48659,רשת 13,2024-11-29,2024-11-29 14:40:59,14
48660,רשת 13,2024-11-29,2024-11-29 14:41:05,14
48661,רשת 13,2024-11-29,2024-11-29 14:41:11,14
48662,רשת 13,2024-11-29,2024-11-29 14:41:21,14
48663,רשת 13,2024-11-29,2024-11-29 14:41:27,14
48664,רשת 13,2024-11-29,2024-11-29 14:41:33,14
48665,רשת 13,2024-11-29,2024-11-29 14:41:41,14
48666,רשת 13,2024-11-29,2024-11-29 14:41:49,14
48667,רשת 13,2024-11-29,2024-11-29 14:42:04,14
48668,רשת 13,2024-11-29,2024-11-29 14:42:24,14
48669,רשת 13,2024-11-29,2024-11-29 14:42:51,14
48670,רשת 13,2024-11-29,2024-11-29 14:43:19,14
48671,רשת 13,2024-11-29,2024-11-29 14:43:27,14
48672,רשת 13,2024-11-29,2024-11-29 14:44:04,14
48673,רשת 13,2024-11-29,2024-11-29 14:44:37,14
48674,רשת 13,2024-11-29,2024-11-29 14:44:43,14
48675,רשת 13,2024-11-29,2024-11-29 14:45:18,14
48676,רשת 13,2024-11-29,2024-11-29 14:45:24,14
48677,רשת 13,2024-11-29,2024-11-29 14:45:35,14
48678,רשת 13,2024-11-29,2024-11-29 14:45:41,14
48679,רשת 13,2024-11-29,2024-11-29 14:45:47,14
48680,רשת 13,2024-11-29,2024-11-29 14:45:57,14
48681,רשת 13,2024-11-29,2024-11-29 14:46:03,14
48682,רשת 13,2024-11-29,2024-11-29 14:46:09,14
48683,רשת 13,2024-11-29,2024-11-29 14:46:15,14
48684,רשת 13,2024-11-29,2024-11-29 15:23:04,15
48685,רשת 13,2024-11-29,2024-11-29 15:24:15,15
48686,רשת 13,2024-11-29,2024-11-29 15:24:21,15
48687,רשת 13,2024-11-29,2024-11-29 15:25:07,15
48688,רשת 13,2024-11-29,2024-11-29 15:25:52,15
48689,רשת 13,2024-11-29,2024-11-29 15:26:05,15
48690,רשת 13,2024-11-29,2024-11-29 15:26:11,15
48691,רשת 13,2024-11-29,2024-11-29 15:26:17,15
48692,רשת 13,2024-11-29,2024-11-29 15:26:41,15
48693,רשת 13,2024-11-29,2024-11-29 15:27:03,15
48694,רשת 13,2024-11-29,2024-11-29 15:27:28,15
48695,רשת 13,2024-11-29,2024-11-29 15:28:29,15
48696,רשת 13,2024-11-29,2024-11-29 15:28:35,15
48697,רשת 13,2024-11-29,2024-11-29 15:28:41,15
48698,רשת 13,2024-11-29,2024-11-29 15:28:51,15
48699,רשת 13,2024-11-29,2024-11-29 15:29:02,15
48700,רשת 13,2024-11-29,2024-11-29 15:29:08,15
48701,רשת 13,2024-11-29,2024-11-29 15:29:44,15
48702,רשת 13,2024-11-29,2024-11-29 15:29:50,15
48703,רשת 13,2024-11-29,2024-11-29 15:30:01,15
48704,רשת 13,2024-11-29,2024-11-29 15:30:07,15
48705,רשת 13,2024-11-29,2024-11-29 15:30:13,15
48706,רשת 13,2024-11-29,2024-11-29 15:30:19,15
48707,רשת 13,2024-11-29,2024-11-29 15:30:52,15
48708,רשת 13,2024-11-29,2024-11-29 15:31:09,15
48709,רשת 13,2024-11-29,2024-11-29 16:28:28,16
48710,רשת 13,2024-11-29,2024-11-29 16:29:39,16
48711,רשת 13,2024-11-29,2024-11-29 16:29:50,16
48712,רשת 13,2024-11-29,2024-11-29 16:29:58,16
48713,רשת 13,2024-11-29,2024-11-29 16:30:04,16
48714,רשת 13,2024-11-29,2024-11-29 16:30:14,16
48715,רשת 13,2024-11-29,2024-11-29 16:30:20,16
48716,רשת 13,2024-11-29,2024-11-29 16:30:41,16
48717,רשת 13,2024-11-29,2024-11-29 16:31:03,16
48718,רשת 13,2024-11-29,2024-11-29 16:31:26,16
48719,רשת 13,2024-11-29,2024-11-29 16:31:37,16
48720,רשת 13,2024-11-29,2024-11-29 16:31:52,16
48721,רשת 13,2024-11-29,2024-11-29 16:32:07,16
48722,רשת 13,2024-11-29,2024-11-29 16:32:18,16
48723,רשת 13,2024-11-29,2024-11-29 16:32:48,16
48724,רשת 13,2024-11-29,2024-11-29 16:32:56,16
48725,רשת 13,2024-11-29,2024-11-29 16:33:06,16
48726,רשת 13,2024-11-29,2024-11-29 16:33:12,16
48727,רשת 13,2024-11-29,2024-11-29 16:33:24,16
48728,רשת 13,2024-11-29,2024-11-29 16:33:30,16
48729,רשת 13,2024-11-29,2024-11-29 16:34:05,16
48730,רשת 13,2024-11-29,2024-11-29 16:34:11,16
48731,רשת 13,2024-11-29,2024-11-29 16:34:22,16
48732,רשת 13,2024-11-29,2024-11-29 16:34:30,16
48733,רשת 13,2024-11-29,2024-11-29 16:34:36,16
48734,רשת 13,2024-11-29,2024-11-29 16:34:42,16
48735,רשת 13,2024-11-29,2024-11-29 17:05:32,17
48736,רשת 13,2024-11-29,2024-11-29 17:05:38,17
48737,רשת 13,2024-11-29,2024-11-29 17:06:13,17
48738,רשת 13,2024-11-29,2024-11-29 17:06:19,17
48739,רשת 13,2024-11-29,2024-11-29 17:34:03,17
48740,רשת 13,2024-11-29,2024-11-29 17:35:14,17
48741,רשת 13,2024-11-29,2024-11-29 17:35:20,17
48742,רשת 13,2024-11-29,2024-11-29 17:35:57,17
48743,רשת 13,2024-11-29,2024-11-29 17:36:05,17
48744,רשת 13,2024-11-29,2024-11-29 17:36:11,17
48745,רשת 13,2024-11-29,2024-11-29 17:36:21,17
48746,רשת 13,2024-11-29,2024-11-29 17:36:43,17
48747,רשת 13,2024-11-29,2024-11-29 17:36:55,17
48748,רשת 13,2024-11-29,2024-11-29 17:37:22,17
48749,רשת 13,2024-11-29,2024-11-29 17:37:44,17
48750,רשת 13,2024-11-29,2024-11-29 17:37:56,17
48751,רשת 13,2024-11-29,2024-11-29 17:38:11,17
48752,רשת 13,2024-11-29,2024-11-29 17:38:40,17
48753,רשת 13,2024-11-29,2024-11-29 17:38:48,17
48754,רשת 13,2024-11-29,2024-11-29 17:38:54,17
48755,רשת 13,2024-11-29,2024-11-29 17:39:00,17
48756,רשת 13,2024-11-29,2024-11-29 17:39:08,17
48757,רשת 13,2024-11-29,2024-11-29 17:39:14,17
48758,רשת 13,2024-11-29,2024-11-29 17:39:22,17
48759,רשת 13,2024-11-29,2024-11-29 17:39:32,17
48760,רשת 13,2024-11-29,2024-11-29 17:39:40,17
48761,רשת 13,2024-11-29,2024-11-29 17:39:57,17
48762,רשת 13,2024-11-29,2024-11-29 17:40:43,17
48763,רשת 13,2024-11-29,2024-11-29 17:41:04,17
48764,רשת 13,2024-11-29,2024-11-29 18:25:40,18
48765,רשת 13,2024-11-29,2024-11-29 18:26:30,18
48766,רשת 13,2024-11-29,2024-11-29 18:27:41,18
48767,רשת 13,2024-11-29,2024-11-29 18:27:52,18
48768,רשת 13,2024-11-29,2024-11-29 18:28:00,18
48769,רשת 13,2024-11-29,2024-11-29 18:28:06,18
48770,רשת 13,2024-11-29,2024-11-29 18:28:16,18
48771,רשת 13,2024-11-29,2024-11-29 18:28:37,18
48772,רשת 13,2024-11-29,2024-11-29 18:28:49,18
48773,רשת 13,2024-11-29,2024-11-29 18:29:04,18
48774,רשת 13,2024-11-29,2024-11-29 18:29:16,18
48775,רשת 13,2024-11-29,2024-11-29 18:29:31,18
48776,רשת 13,2024-11-29,2024-11-29 18:29:59,18
48777,רשת 13,2024-11-29,2024-11-29 18:30:11,18
48778,רשת 13,2024-11-29,2024-11-29 18:30:39,18
48779,רשת 13,2024-11-29,2024-11-29 18:30:51,18
48780,רשת 13,2024-11-29,2024-11-29 18:31:06,18
48781,רשת 13,2024-11-29,2024-11-29 18:31:37,18
48782,רשת 13,2024-11-29,2024-11-29 18:31:45,18
48783,רשת 13,2024-11-29,2024-11-29 18:31:55,18
48784,רשת 13,2024-11-29,2024-11-29 18:32:07,18
48785,רשת 13,2024-11-29,2024-11-29 18:32:13,18
48786,רשת 13,2024-11-29,2024-11-29 18:32:48,18
48787,רשת 13,2024-11-29,2024-11-29 18:32:54,18
48788,רשת 13,2024-11-29,2024-11-29 18:33:05,18
48789,רשת 13,2024-11-29,2024-11-29 18:33:13,18
48790,רשת 13,2024-11-29,2024-11-29 18:33:19,18
48791,רשת 13,2024-11-29,2024-11-29 18:33:25,18
48792,רשת 13,2024-11-29,2024-11-29 18:33:33,18
48793,רשת 13,2024-11-29,2024-11-29 18:52:05,18
48794,רשת 13,2024-11-29,2024-11-29 19:30:16,19
48795,רשת 13,2024-11-29,2024-11-29 19:31:06,19
48796,רשת 13,2024-11-29,2024-11-29 19:32:17,19
48797,רשת 13,2024-11-29,2024-11-29 19:32:28,19
48798,רשת 13,2024-11-29,2024-11-29 19:32:36,19
48799,רשת 13,2024-11-29,2024-11-29 19:32:42,19
48800,רשת 13,2024-11-29,2024-11-29 19:32:48,19
48801,רשת 13,2024-11-29,2024-11-29 19:32:58,19
48802,רשת 13,2024-11-29,2024-11-29 19:33:19,19
48803,רשת 13,2024-11-29,2024-11-29 19:33:41,19
48804,רשת 13,2024-11-29,2024-11-29 19:33:53,19
48805,רשת 13,2024-11-29,2024-11-29 19:34:17,19
48806,רשת 13,2024-11-29,2024-11-29 19:34:29,19
48807,רשת 13,2024-11-29,2024-11-29 19:34:51,19
48808,רשת 13,2024-11-29,2024-11-29 19:35:06,19
48809,רשת 13,2024-11-29,2024-11-29 19:35:18,19
48810,רשת 13,2024-11-29,2024-11-29 19:35:33,19
48811,רשת 13,2024-11-29,2024-11-29 19:35:48,19
48812,רשת 13,2024-11-29,2024-11-29 19:36:10,19
48813,רשת 13,2024-11-29,2024-11-29 19:36:42,19
48814,רשת 13,2024-11-29,2024-11-29 19:36:50,19
48815,רשת 13,2024-11-29,2024-11-29 19:36:56,19
48816,רשת 13,2024-11-29,2024-11-29 19:37:06,19
48817,רשת 13,2024-11-29,2024-11-29 19:37:12,19
48818,רשת 13,2024-11-29,2024-11-29 19:37:20,19
48819,רשת 13,2024-11-29,2024-11-29 19:46:39,19
48820,רשת 13,2024-11-29,2024-11-29 19:53:46,19
48821,רשת 13,2024-11-29,2024-11-29 21:09:41,21
48822,רשת 13,2024-11-29,2024-11-29 21:10:04,21
48823,רשת 13,2024-11-29,2024-11-29 21:10:12,21
48824,רשת 13,2024-11-29,2024-11-29 21:10:18,21
48825,רשת 13,2024-11-29,2024-11-29 21:10:24,21
48826,רשת 13,2024-11-29,2024-11-29 21:10:46,21
48827,רשת 13,2024-11-29,2024-11-29 21:11:08,21
48828,רשת 13,2024-11-29,2024-11-29 21:11:23,21
48829,רשת 13,2024-11-29,2024-11-29 21:11:34,21
48830,רשת 13,2024-11-29,2024-11-29 21:11:49,21
48831,רשת 13,2024-11-29,2024-11-29 21:12:09,21
48832,רשת 13,2024-11-29,2024-11-29 21:12:36,21
48833,רשת 13,2024-11-29,2024-11-29 21:12:53,21
48834,רשת 13,2024-11-29,2024-11-29 21:13:15,21
48835,רשת 13,2024-11-29,2024-11-29 21:13:30,21
48836,רשת 13,2024-11-29,2024-11-29 21:13:41,21
48837,רשת 13,2024-11-29,2024-11-29 21:13:56,21
48838,רשת 13,2024-11-29,2024-11-29 21:14:18,21
48839,רשת 13,2024-11-29,2024-11-29 21:14:33,21
48840,רשת 13,2024-11-29,2024-11-29 21:15:00,21
48841,רשת 13,2024-11-29,2024-11-29 21:15:22,21
48842,רשת 13,2024-11-29,2024-11-29 21:15:50,21
48843,רשת 13,2024-11-29,2024-11-29 21:15:58,21
48844,רשת 13,2024-11-29,2024-11-29 21:16:04,21
48845,רשת 13,2024-11-29,2024-11-29 21:16:10,21
48846,רשת 13,2024-11-29,2024-11-29 21:16:16,21
48847,רשת 13,2024-11-29,2024-11-29 21:16:26,21
48848,רשת 13,2024-11-29,2024-11-29 21:16:34,21
48849,רשת 13,2024-11-29,2024-11-29 21:17:15,21
48850,רשת 13,2024-11-29,2024-11-29 21:25:29,21
48851,רשת 13,2024-11-29,2024-11-29 21:26:56,21
48852,רשת 13,2024-11-29,2024-11-29 21:27:29,21
48853,רשת 13,2024-11-29,2024-11-29 21:52:02,21
48854,רשת 13,2024-11-29,2024-11-29 21:52:06,21
48855,רשת 13,2024-11-29,2024-11-29 21:53:05,21
48856,רשת 13,2024-11-29,2024-11-29 21:53:27,21
48857,רשת 13,2024-11-29,2024-11-29 21:53:55,21
48858,רשת 13,2024-11-29,2024-11-29 21:54:10,21
48859,רשת 13,2024-11-29,2024-11-29 21:54:32,21
48860,רשת 13,2024-11-29,2024-11-29 21:55:06,21
48861,רשת 13,2024-11-29,2024-11-29 21:55:14,21
48862,רשת 13,2024-11-29,2024-11-29 21:55:20,21
48863,רשת 13,2024-11-29,2024-11-29 21:55:30,21
48864,רשת 13,2024-11-29,2024-11-29 21:55:36,21
48865,רשת 13,2024-11-29,2024-11-29 21:55:42,21
48866,רשת 13,2024-11-29,2024-11-29 21:55:50,21
48867,רשת 13,2024-11-29,2024-11-29 21:55:56,21
48868,רשת 13,2024-11-29,2024-11-29 22:17:26,22
48869,רשת 13,2024-11-29,2024-11-29 22:18:16,22
48870,רשת 13,2024-11-29,2024-11-29 22:18:24,22
48871,רשת 13,2024-11-29,2024-11-29 22:18:30,22
48872,רשת 13,2024-11-29,2024-11-29 22:18:36,22
48873,רשת 13,2024-11-29,2024-11-29 22:18:42,22
48874,רשת 13,2024-11-29,2024-11-29 22:18:48,22
48875,רשת 13,2024-11-29,2024-11-29 22:18:58,22
48876,רשת 13,2024-11-29,2024-11-29 22:19:20,22
48877,רשת 13,2024-11-29,2024-11-29 22:19:31,22
48878,רשת 13,2024-11-29,2024-11-29 22:19:46,22
48879,רשת 13,2024-11-29,2024-11-29 22:20:14,22
48880,רשת 13,2024-11-29,2024-11-29 22:20:29,22
48881,רשת 13,2024-11-29,2024-11-29 22:20:51,22
48882,רשת 13,2024-11-29,2024-11-29 22:21:06,22
48883,רשת 13,2024-11-29,2024-11-29 22:21:33,22
48884,רשת 13,2024-11-29,2024-11-29 22:22:06,22
48885,רשת 13,2024-11-29,2024-11-29 22:22:14,22
48886,רשת 13,2024-11-29,2024-11-29 22:23:00,22
48887,רשת 13,2024-11-29,2024-11-29 23:06:59,23
48888,רשת 13,2024-11-29,2024-11-29 23:07:46,23
48889,רשת 13,2024-11-29,2024-11-29 23:07:52,23
48890,רשת 13,2024-11-29,2024-11-29 23:08:16,23
48891,רשת 13,2024-11-29,2024-11-29 23:08:41,23
48892,רשת 13,2024-11-29,2024-11-29 23:08:56,23
48893,רשת 13,2024-11-29,2024-11-29 23:09:16,23
48894,רשת 13,2024-11-29,2024-11-29 23:09:27,23
48895,רשת 13,2024-11-29,2024-11-29 23:09:42,23
48896,רשת 13,2024-11-29,2024-11-29 23:10:04,23
48897,רשת 13,2024-11-29,2024-11-29 23:10:15,23
48898,רשת 13,2024-11-29,2024-11-29 23:10:39,23
48899,רשת 13,2024-11-29,2024-11-29 23:10:45,23
48900,רשת 13,2024-11-29,2024-11-29 23:10:55,23
48901,רשת 13,2024-11-29,2024-11-29 23:11:28,23
48902,רשת 13,2024-11-29,2024-11-29 23:12:09,23
48903,רשת 13,2024-11-29,2024-11-29 23:24:48,23
48904,רשת 13,2024-11-29,2024-11-29 23:25:37,23
48905,רשת 13,2024-11-29,2024-11-29 23:25:45,23
48906,רשת 13,2024-11-29,2024-11-29 23:25:51,23
48907,רשת 13,2024-11-29,2024-11-29 23:25:57,23
48908,רשת 13,2024-11-29,2024-11-29 23:26:07,23
48909,רשת 13,2024-11-29,2024-11-29 23:26:29,23
48910,רשת 13,2024-11-29,2024-11-29 23:26:51,23
48911,רשת 13,2024-11-29,2024-11-29 23:27:06,23
48912,רשת 13,2024-11-29,2024-11-29 23:27:21,23
48913,רשת 13,2024-11-29,2024-11-29 23:27:36,23
48914,רשת 13,2024-11-29,2024-11-29 23:28:00,23
48915,רשת 13,2024-11-29,2024-11-29 23:28:06,23
48916,רשת 13,2024-11-29,2024-11-29 23:28:16,23
48917,רשת 13,2024-11-29,2024-11-29 23:28:22,23
48918,רשת 13,2024-11-29,2024-11-29 23:28:28,23
48919,רשת 13,2024-11-29,2024-11-29 23:29:14,23
48920,רשת 13,2024-11-29,2024-11-29 00:09:53,0
48921,רשת 13,2024-11-29,2024-11-29 00:10:42,0
48922,רשת 13,2024-11-29,2024-11-29 00:10:48,0
48923,רשת 13,2024-11-29,2024-11-29 00:10:54,0
48924,רשת 13,2024-11-29,2024-11-29 00:11:18,0
48925,רשת 13,2024-11-29,2024-11-29 00:11:40,0
48926,רשת 13,2024-11-29,2024-11-29 00:11:51,0
48927,רשת 13,2024-11-29,2024-11-29 00:12:11,0
48928,רשת 13,2024-11-29,2024-11-29 00:12:35,0
48929,רשת 13,2024-11-29,2024-11-29 00:12:41,0
48930,רשת 13,2024-11-29,2024-11-29 00:13:14,0
48931,רשת 13,2024-11-29,2024-11-29 00:13:20,0
48932,רשת 13,2024-11-29,2024-11-29 00:13:32,0
48933,רשת 13,2024-11-29,2024-11-29 00:13:38,0
48934,רשת 13,2024-11-29,2024-11-29 00:13:48,0
48935,רשת 13,2024-11-29,2024-11-29 00:14:23,0
48936,רשת 13,2024-11-29,2024-11-29 00:15:01,0
48937,רשת 13,2024-11-29,2024-11-29 00:32:59,0
48938,רשת 13,2024-11-29,2024-11-29 00:33:58,0
48939,רשת 13,2024-11-29,2024-11-29 00:34:13,0
48940,רשת 13,2024-11-29,2024-11-29 00:34:33,0
48941,רשת 13,2024-11-29,2024-11-29 00:34:39,0
48942,רשת 13,2024-11-29,2024-11-29 00:35:25,0
48943,רשת 13,2024-11-29,2024-11-29 00:35:55,0
48944,רשת 13,2024-11-29,2024-11-29 01:06:02,1
48945,רשת 13,2024-11-29,2024-11-29 01:06:08,1
48946,רשת 13,2024-11-29,2024-11-29 01:06:18,1
48947,רשת 13,2024-11-29,2024-11-29 01:07:03,1
48948,רשת 13,2024-11-29,2024-11-29 01:07:46,1
48949,רשת 13,2024-11-29,2024-11-29 01:08:27,1
48950,רשת 13,2024-11-29,2024-11-29 01:08:45,1
48951,רשת 13,2024-11-29,2024-11-29 01:09:35,1
48952,רשת 13,2024-11-29,2024-11-29 01:09:41,1
48953,רשת 13,2024-11-29,2024-11-29 01:27:32,1
48954,רשת 13,2024-11-29,2024-11-29 01:27:52,1
48955,רשת 13,2024-11-29,2024-11-29 01:28:09,1
48956,רשת 13,2024-11-29,2024-11-29 01:28:57,1
48957,רשת 13,2024-11-29,2024-11-29 01:29:30,1
49713,רשת 13,2024-11-30,2024-11-30 02:26:53,2
49714,רשת 13,2024-11-30,2024-11-30 02:27:38,2
49715,רשת 13,2024-11-30,2024-11-30 02:28:19,2
49716,רשת 13,2024-11-30,2024-11-30 02:28:57,2
49717,רשת 13,2024-11-30,2024-11-30 02:29:40,2
49718,רשת 13,2024-11-30,2024-11-30 02:51:32,2
49719,רשת 13,2024-11-30,2024-11-30 02:52:17,2
49720,רשת 13,2024-11-30,2024-11-30 02:52:50,2
49721,רשת 13,2024-11-30,2024-11-30 02:53:40,2
49722,רשת 13,2024-11-30,2024-11-30 02:54:23,2
49723,רשת 13,2024-11-30,2024-11-30 05:25:14,5
49724,רשת 13,2024-11-30,2024-11-30 05:26:00,5
49725,רשת 13,2024-11-30,2024-11-30 05:26:43,5
49726,רשת 13,2024-11-30,2024-11-30 05:27:32,5
49727,רשת 13,2024-11-30,2024-11-30 06:12:28,6
49728,רשת 13,2024-11-30,2024-11-30 06:13:13,6
49729,רשת 13,2024-11-30,2024-11-30 06:13:21,6
49730,רשת 13,2024-11-30,2024-11-30 06:13:36,6
49731,רשת 13,2024-11-30,2024-11-30 06:14:22,6
49732,רשת 13,2024-11-30,2024-11-30 06:14:47,6
49733,רשת 13,2024-11-30,2024-11-30 06:15:20,6
49734,רשת 13,2024-11-30,2024-11-30 06:42:20,6
49735,רשת 13,2024-11-30,2024-11-30 06:43:03,6
49736,רשת 13,2024-11-30,2024-11-30 06:43:36,6
49737,רשת 13,2024-11-30,2024-11-30 06:44:17,6
49738,רשת 13,2024-11-30,2024-11-30 07:06:42,7
49739,רשת 13,2024-11-30,2024-11-30 07:07:27,7
49740,רשת 13,2024-11-30,2024-11-30 07:07:33,7
49741,רשת 13,2024-11-30,2024-11-30 07:07:50,7
49742,רשת 13,2024-11-30,2024-11-30 07:08:36,7
49743,רשת 13,2024-11-30,2024-11-30 07:09:01,7
49744,רשת 13,2024-11-30,2024-11-30 07:09:34,7
49745,רשת 13,2024-11-30,2024-11-30 07:26:28,7
49746,רשת 13,2024-11-30,2024-11-30 07:27:11,7
49747,רשת 13,2024-11-30,2024-11-30 07:27:46,7
49748,רשת 13,2024-11-30,2024-11-30 07:28:25,7
49749,רשת 13,2024-11-30,2024-11-30 07:59:24,7
49750,רשת 13,2024-11-30,2024-11-30 08:00:09,8
49751,רשת 13,2024-11-30,2024-11-30 08:00:25,8
49752,רשת 13,2024-11-30,2024-11-30 08:00:31,8
49753,רשת 13,2024-11-30,2024-11-30 08:01:16,8
49754,רשת 13,2024-11-30,2024-11-30 08:37:01,8
49755,רשת 13,2024-11-30,2024-11-30 08:37:50,8
49756,רשת 13,2024-11-30,2024-11-30 08:37:56,8
49757,רשת 13,2024-11-30,2024-11-30 08:38:02,8
49758,רשת 13,2024-11-30,2024-11-30 08:38:12,8
49759,רשת 13,2024-11-30,2024-11-30 08:38:32,8
49760,רשת 13,2024-11-30,2024-11-30 08:38:56,8
49761,רשת 13,2024-11-30,2024-11-30 08:39:23,8
49762,רשת 13,2024-11-30,2024-11-30 08:39:38,8
49763,רשת 13,2024-11-30,2024-11-30 08:39:58,8
49764,רשת 13,2024-11-30,2024-11-30 08:40:24,8
49765,רשת 13,2024-11-30,2024-11-30 08:40:30,8
49766,רשת 13,2024-11-30,2024-11-30 08:40:36,8
49767,רשת 13,2024-11-30,2024-11-30 08:40:50,8
49768,רשת 13,2024-11-30,2024-11-30 08:41:23,8
49769,רשת 13,2024-11-30,2024-11-30 08:41:33,8
49770,רשת 13,2024-11-30,2024-11-30 08:41:39,8
49771,רשת 13,2024-11-30,2024-11-30 08:41:45,8
49772,רשת 13,2024-11-30,2024-11-30 08:41:51,8
49773,רשת 13,2024-11-30,2024-11-30 08:41:57,8
49774,רשת 13,2024-11-30,2024-11-30 08:42:43,8
49775,רשת 13,2024-11-30,2024-11-30 09:06:25,9
49776,רשת 13,2024-11-30,2024-11-30 09:07:12,9
49777,רשת 13,2024-11-30,2024-11-30 09:07:18,9
49778,רשת 13,2024-11-30,2024-11-30 09:07:42,9
49779,רשת 13,2024-11-30,2024-11-30 09:08:10,9
49780,רשת 13,2024-11-30,2024-11-30 09:08:35,9
49781,רשת 13,2024-11-30,2024-11-30 09:08:55,9
49782,רשת 13,2024-11-30,2024-11-30 09:09:22,9
49783,רשת 13,2024-11-30,2024-11-30 09:09:39,9
49784,רשת 13,2024-11-30,2024-11-30 09:10:14,9
49785,רשת 13,2024-11-30,2024-11-30 09:10:53,9
49786,רשת 13,2024-11-30,2024-11-30 09:38:46,9
49787,רשת 13,2024-11-30,2024-11-30 09:39:31,9
49788,רשת 13,2024-11-30,2024-11-30 09:39:37,9
49789,רשת 13,2024-11-30,2024-11-30 09:40:23,9
49790,רשת 13,2024-11-30,2024-11-30 09:40:48,9
49791,רשת 13,2024-11-30,2024-11-30 09:40:54,9
49792,רשת 13,2024-11-30,2024-11-30 09:41:27,9
49793,רשת 13,2024-11-30,2024-11-30 09:41:33,9
49794,רשת 13,2024-11-30,2024-11-30 10:25:19,10
49795,רשת 13,2024-11-30,2024-11-30 10:26:06,10
49796,רשת 13,2024-11-30,2024-11-30 10:26:14,10
49797,רשת 13,2024-11-30,2024-11-30 10:26:20,10
49798,רשת 13,2024-11-30,2024-11-30 10:26:30,10
49799,רשת 13,2024-11-30,2024-11-30 10:26:52,10
49800,רשת 13,2024-11-30,2024-11-30 10:27:14,10
49801,רשת 13,2024-11-30,2024-11-30 10:27:29,10
49802,רשת 13,2024-11-30,2024-11-30 10:27:56,10
49803,רשת 13,2024-11-30,2024-11-30 10:28:13,10
49804,רשת 13,2024-11-30,2024-11-30 10:28:39,10
49805,רשת 13,2024-11-30,2024-11-30 10:28:47,10
49806,רשת 13,2024-11-30,2024-11-30 10:28:57,10
49807,רשת 13,2024-11-30,2024-11-30 10:29:09,10
49808,רשת 13,2024-11-30,2024-11-30 10:29:15,10
49809,רשת 13,2024-11-30,2024-11-30 10:29:49,10
49810,רשת 13,2024-11-30,2024-11-30 10:29:55,10
49811,רשת 13,2024-11-30,2024-11-30 10:30:05,10
49812,רשת 13,2024-11-30,2024-11-30 10:30:13,10
49813,רשת 13,2024-11-30,2024-11-30 10:30:23,10
49814,רשת 13,2024-11-30,2024-11-30 10:30:31,10
49815,רשת 13,2024-11-30,2024-11-30 10:31:04,10
49816,רשת 13,2024-11-30,2024-11-30 10:31:19,10
49817,רשת 13,2024-11-30,2024-11-30 10:32:00,10
49818,רשת 13,2024-11-30,2024-11-30 10:32:46,10
49819,רשת 13,2024-11-30,2024-11-30 11:43:02,11
49820,רשת 13,2024-11-30,2024-11-30 11:43:52,11
49821,רשת 13,2024-11-30,2024-11-30 11:44:00,11
49822,רשת 13,2024-11-30,2024-11-30 11:44:06,11
49823,רשת 13,2024-11-30,2024-11-30 11:44:12,11
49824,רשת 13,2024-11-30,2024-11-30 11:44:22,11
49825,רשת 13,2024-11-30,2024-11-30 11:44:44,11
49826,רשת 13,2024-11-30,2024-11-30 11:45:12,11
49827,רשת 13,2024-11-30,2024-11-30 11:45:27,11
49828,רשת 13,2024-11-30,2024-11-30 11:45:50,11
49829,רשת 13,2024-11-30,2024-11-30 11:46:17,11
49830,רשת 13,2024-11-30,2024-11-30 11:46:34,11
49831,רשת 13,2024-11-30,2024-11-30 11:46:51,11
49832,רשת 13,2024-11-30,2024-11-30 11:47:22,11
49833,רשת 13,2024-11-30,2024-11-30 11:47:28,11
49834,רשת 13,2024-11-30,2024-11-30 11:48:01,11
49835,רשת 13,2024-11-30,2024-11-30 11:48:07,11
49836,רשת 13,2024-11-30,2024-11-30 11:48:18,11
49837,רשת 13,2024-11-30,2024-11-30 11:48:26,11
49838,רשת 13,2024-11-30,2024-11-30 11:48:32,11
49839,רשת 13,2024-11-30,2024-11-30 11:48:38,11
49840,רשת 13,2024-11-30,2024-11-30 11:48:48,11
49841,רשת 13,2024-11-30,2024-11-30 11:48:56,11
49842,רשת 13,2024-11-30,2024-11-30 11:49:45,11
49843,רשת 13,2024-11-30,2024-11-30 11:50:03,11
49844,רשת 13,2024-11-30,2024-11-30 11:50:11,11
49845,רשת 13,2024-11-30,2024-11-30 11:50:56,11
49846,רשת 13,2024-11-30,2024-11-30 12:27:50,12
49847,רשת 13,2024-11-30,2024-11-30 12:28:40,12
49848,רשת 13,2024-11-30,2024-11-30 12:28:48,12
49849,רשת 13,2024-11-30,2024-11-30 12:28:54,12
49850,רשת 13,2024-11-30,2024-11-30 12:29:04,12
49851,רשת 13,2024-11-30,2024-11-30 12:29:26,12
49852,רשת 13,2024-11-30,2024-11-30 12:29:34,12
49853,רשת 13,2024-11-30,2024-11-30 12:29:42,12
49854,רשת 13,2024-11-30,2024-11-30 12:29:57,12
49855,רשת 13,2024-11-30,2024-11-30 12:30:12,12
49856,רשת 13,2024-11-30,2024-11-30 12:30:29,12
49857,רשת 13,2024-11-30,2024-11-30 12:30:56,12
49858,רשת 13,2024-11-30,2024-11-30 12:31:16,12
49859,רשת 13,2024-11-30,2024-11-30 12:31:33,12
49860,רשת 13,2024-11-30,2024-11-30 12:32:05,12
49861,רשת 13,2024-11-30,2024-11-30 12:32:13,12
49862,רשת 13,2024-11-30,2024-11-30 12:32:19,12
49863,רשת 13,2024-11-30,2024-11-30 12:32:31,12
49864,רשת 13,2024-11-30,2024-11-30 12:32:37,12
49865,רשת 13,2024-11-30,2024-11-30 12:33:10,12
49866,רשת 13,2024-11-30,2024-11-30 12:33:16,12
49867,רשת 13,2024-11-30,2024-11-30 12:33:27,12
49868,רשת 13,2024-11-30,2024-11-30 12:33:35,12
49869,רשת 13,2024-11-30,2024-11-30 12:33:41,12
49870,רשת 13,2024-11-30,2024-11-30 12:33:51,12
49871,רשת 13,2024-11-30,2024-11-30 12:33:59,12
49872,רשת 13,2024-11-30,2024-11-30 12:34:48,12
49873,רשת 13,2024-11-30,2024-11-30 12:35:04,12
49874,רשת 13,2024-11-30,2024-11-30 12:35:12,12
49875,רשת 13,2024-11-30,2024-11-30 12:35:57,12
49876,רשת 13,2024-11-30,2024-11-30 13:02:59,13
49877,רשת 13,2024-11-30,2024-11-30 13:04:04,13
49878,רשת 13,2024-11-30,2024-11-30 13:05:04,13
49879,רשת 13,2024-11-30,2024-11-30 13:05:21,13
49880,רשת 13,2024-11-30,2024-11-30 13:05:27,13
49881,רשת 13,2024-11-30,2024-11-30 13:06:13,13
49882,רשת 13,2024-11-30,2024-11-30 13:27:50,13
49883,רשת 13,2024-11-30,2024-11-30 13:28:37,13
49884,רשת 13,2024-11-30,2024-11-30 13:28:45,13
49885,רשת 13,2024-11-30,2024-11-30 13:28:51,13
49886,רשת 13,2024-11-30,2024-11-30 13:28:57,13
49887,רשת 13,2024-11-30,2024-11-30 13:29:07,13
49888,רשת 13,2024-11-30,2024-11-30 13:29:29,13
49889,רשת 13,2024-11-30,2024-11-30 13:29:51,13
49890,רשת 13,2024-11-30,2024-11-30 13:30:08,13
49891,רשת 13,2024-11-30,2024-11-30 13:30:23,13
49892,רשת 13,2024-11-30,2024-11-30 13:30:59,13
49893,רשת 13,2024-11-30,2024-11-30 13:31:05,13
49894,רשת 13,2024-11-30,2024-11-30 13:31:38,13
49895,רשת 13,2024-11-30,2024-11-30 13:31:44,13
49896,רשת 13,2024-11-30,2024-11-30 13:31:54,13
49897,רשת 13,2024-11-30,2024-11-30 13:32:02,13
49898,רשת 13,2024-11-30,2024-11-30 13:32:08,13
49899,רשת 13,2024-11-30,2024-11-30 13:32:18,13
49900,רשת 13,2024-11-30,2024-11-30 13:32:24,13
49901,רשת 13,2024-11-30,2024-11-30 13:32:30,13
49902,רשת 13,2024-11-30,2024-11-30 13:32:38,13
49903,רשת 13,2024-11-30,2024-11-30 13:33:27,13
49904,רשת 13,2024-11-30,2024-11-30 13:34:32,13
49905,רשת 13,2024-11-30,2024-11-30 13:34:50,13
49906,רשת 13,2024-11-30,2024-11-30 13:35:23,13
49907,רשת 13,2024-11-30,2024-11-30 13:36:04,13
49908,רשת 13,2024-11-30,2024-11-30 13:36:50,13
49909,רשת 13,2024-11-30,2024-11-30 13:42:07,13
49910,רשת 13,2024-11-30,2024-11-30 13:42:52,13
49911,רשת 13,2024-11-30,2024-11-30 13:43:07,13
49912,רשת 13,2024-11-30,2024-11-30 13:44:12,13
49913,רשת 13,2024-11-30,2024-11-30 13:45:01,13
49914,רשת 13,2024-11-30,2024-11-30 13:45:47,13
49915,רשת 13,2024-11-30,2024-11-30 13:46:30,13
49916,רשת 13,2024-11-30,2024-11-30 14:20:38,14
49917,רשת 13,2024-11-30,2024-11-30 14:21:49,14
49918,רשת 13,2024-11-30,2024-11-30 14:21:55,14
49919,רשת 13,2024-11-30,2024-11-30 14:22:54,14
49920,רשת 13,2024-11-30,2024-11-30 14:23:16,14
49921,רשת 13,2024-11-30,2024-11-30 14:23:31,14
49922,רשת 13,2024-11-30,2024-11-30 14:23:51,14
49923,רשת 13,2024-11-30,2024-11-30 14:24:18,14
49924,רשת 13,2024-11-30,2024-11-30 14:24:50,14
49925,רשת 13,2024-11-30,2024-11-30 14:24:58,14
49926,רשת 13,2024-11-30,2024-11-30 14:25:04,14
49927,רשת 13,2024-11-30,2024-11-30 14:25:14,14
49928,רשת 13,2024-11-30,2024-11-30 14:25:26,14
49929,רשת 13,2024-11-30,2024-11-30 14:25:32,14
49930,רשת 13,2024-11-30,2024-11-30 14:26:05,14
49931,רשת 13,2024-11-30,2024-11-30 14:26:11,14
49932,רשת 13,2024-11-30,2024-11-30 14:26:22,14
49933,רשת 13,2024-11-30,2024-11-30 14:26:32,14
49934,רשת 13,2024-11-30,2024-11-30 14:26:38,14
49935,רשת 13,2024-11-30,2024-11-30 14:27:27,14
49936,רשת 13,2024-11-30,2024-11-30 14:28:05,14
49937,רשת 13,2024-11-30,2024-11-30 14:28:23,14
49938,רשת 13,2024-11-30,2024-11-30 14:28:29,14
49939,רשת 13,2024-11-30,2024-11-30 14:29:14,14
49940,רשת 13,2024-11-30,2024-11-30 15:30:39,15
49941,רשת 13,2024-11-30,2024-11-30 15:31:50,15
49942,רשת 13,2024-11-30,2024-11-30 15:32:02,15
49943,רשת 13,2024-11-30,2024-11-30 15:32:10,15
49944,רשת 13,2024-11-30,2024-11-30 15:32:16,15
49945,רשת 13,2024-11-30,2024-11-30 15:32:22,15
49946,רשת 13,2024-11-30,2024-11-30 15:32:32,15
49947,רשת 13,2024-11-30,2024-11-30 15:32:40,15
49948,רשת 13,2024-11-30,2024-11-30 15:33:37,15
49949,רשת 13,2024-11-30,2024-11-30 15:33:52,15
49950,רשת 13,2024-11-30,2024-11-30 15:34:14,15
49951,רשת 13,2024-11-30,2024-11-30 15:34:25,15
49952,רשת 13,2024-11-30,2024-11-30 15:34:40,15
49953,רשת 13,2024-11-30,2024-11-30 15:35:07,15
49954,רשת 13,2024-11-30,2024-11-30 15:35:18,15
49955,רשת 13,2024-11-30,2024-11-30 15:35:42,15
49956,רשת 13,2024-11-30,2024-11-30 15:35:48,15
49957,רשת 13,2024-11-30,2024-11-30 15:36:21,15
49958,רשת 13,2024-11-30,2024-11-30 15:36:27,15
49959,רשת 13,2024-11-30,2024-11-30 15:36:39,15
49960,רשת 13,2024-11-30,2024-11-30 15:36:47,15
49961,רשת 13,2024-11-30,2024-11-30 15:36:53,15
49962,רשת 13,2024-11-30,2024-11-30 15:37:03,15
49963,רשת 13,2024-11-30,2024-11-30 15:37:11,15
49964,רשת 13,2024-11-30,2024-11-30 15:38:01,15
49965,רשת 13,2024-11-30,2024-11-30 15:39:01,15
49966,רשת 13,2024-11-30,2024-11-30 15:39:16,15
49967,רשת 13,2024-11-30,2024-11-30 15:39:51,15
49968,רשת 13,2024-11-30,2024-11-30 15:40:29,15
49969,רשת 13,2024-11-30,2024-11-30 15:41:15,15
49970,רשת 13,2024-11-30,2024-11-30 16:30:29,16
49971,רשת 13,2024-11-30,2024-11-30 16:31:40,16
49972,רשת 13,2024-11-30,2024-11-30 16:31:52,16
49973,רשת 13,2024-11-30,2024-11-30 16:32:00,16
49974,רשת 13,2024-11-30,2024-11-30 16:32:06,16
49975,רשת 13,2024-11-30,2024-11-30 16:32:16,16
49976,רשת 13,2024-11-30,2024-11-30 16:32:24,16
49977,רשת 13,2024-11-30,2024-11-30 16:33:23,16
49978,רשת 13,2024-11-30,2024-11-30 16:33:38,16
49979,רשת 13,2024-11-30,2024-11-30 16:34:00,16
49980,רשת 13,2024-11-30,2024-11-30 16:34:27,16
49981,רשת 13,2024-11-30,2024-11-30 16:34:55,16
49982,רשת 13,2024-11-30,2024-11-30 16:35:10,16
49983,רשת 13,2024-11-30,2024-11-30 16:35:21,16
49984,רשת 13,2024-11-30,2024-11-30 16:35:36,16
49985,רשת 13,2024-11-30,2024-11-30 16:35:56,16
49986,רשת 13,2024-11-30,2024-11-30 16:36:02,16
49987,רשת 13,2024-11-30,2024-11-30 16:36:35,16
49988,רשת 13,2024-11-30,2024-11-30 16:36:41,16
49989,רשת 13,2024-11-30,2024-11-30 16:36:53,16
49990,רשת 13,2024-11-30,2024-11-30 16:37:01,16
49991,רשת 13,2024-11-30,2024-11-30 16:37:07,16
49992,רשת 13,2024-11-30,2024-11-30 16:37:17,16
49993,רשת 13,2024-11-30,2024-11-30 16:37:23,16
49994,רשת 13,2024-11-30,2024-11-30 16:37:31,16
49995,רשת 13,2024-11-30,2024-11-30 16:38:36,16
49996,רשת 13,2024-11-30,2024-11-30 16:39:36,16
49997,רשת 13,2024-11-30,2024-11-30 16:40:26,16
49998,רשת 13,2024-11-30,2024-11-30 16:40:43,16
49999,רשת 13,2024-11-30,2024-11-30 16:40:49,16
50000,רשת 13,2024-11-30,2024-11-30 16:41:35,16
50001,רשת 13,2024-11-30,2024-11-30 17:08:59,17
50002,רשת 13,2024-11-30,2024-11-30 17:09:05,17
50003,רשת 13,2024-11-30,2024-11-30 17:09:38,17
50004,רשת 13,2024-11-30,2024-11-30 17:09:44,17
50005,רשת 13,2024-11-30,2024-11-30 17:26:55,17
50006,רשת 13,2024-11-30,2024-11-30 17:28:06,17
50007,רשת 13,2024-11-30,2024-11-30 17:28:18,17
50008,רשת 13,2024-11-30,2024-11-30 17:28:26,17
50009,רשת 13,2024-11-30,2024-11-30 17:28:32,17
50010,רשת 13,2024-11-30,2024-11-30 17:28:40,17
50011,רשת 13,2024-11-30,2024-11-30 17:28:50,17
50012,רשת 13,2024-11-30,2024-11-30 17:28:58,17
50013,רשת 13,2024-11-30,2024-11-30 17:29:08,17
50014,רשת 13,2024-11-30,2024-11-30 17:29:16,17
50015,רשת 13,2024-11-30,2024-11-30 17:30:13,17
50016,רשת 13,2024-11-30,2024-11-30 17:30:25,17
50017,רשת 13,2024-11-30,2024-11-30 17:30:42,17
50018,רשת 13,2024-11-30,2024-11-30 17:31:10,17
50019,רשת 13,2024-11-30,2024-11-30 17:31:25,17
50020,רשת 13,2024-11-30,2024-11-30 17:31:36,17
50021,רשת 13,2024-11-30,2024-11-30 17:31:59,17
50022,רשת 13,2024-11-30,2024-11-30 17:32:07,17
50023,רשת 13,2024-11-30,2024-11-30 17:32:13,17
50024,רשת 13,2024-11-30,2024-11-30 17:32:21,17
50025,רשת 13,2024-11-30,2024-11-30 17:32:31,17
50026,רשת 13,2024-11-30,2024-11-30 17:32:39,17
50027,רשת 13,2024-11-30,2024-11-30 17:32:49,17
50028,רשת 13,2024-11-30,2024-11-30 17:32:57,17
50029,רשת 13,2024-11-30,2024-11-30 17:33:46,17
50030,רשת 13,2024-11-30,2024-11-30 17:34:51,17
50031,רשת 13,2024-11-30,2024-11-30 17:35:07,17
50032,רשת 13,2024-11-30,2024-11-30 17:35:40,17
50033,רשת 13,2024-11-30,2024-11-30 17:36:21,17
50034,רשת 13,2024-11-30,2024-11-30 17:37:07,17
50035,רשת 13,2024-11-30,2024-11-30 17:45:27,17
50036,רשת 13,2024-11-30,2024-11-30 17:46:12,17
50037,רשת 13,2024-11-30,2024-11-30 17:46:57,17
50038,רשת 13,2024-11-30,2024-11-30 17:47:38,17
50039,רשת 13,2024-11-30,2024-11-30 17:47:56,17
50040,רשת 13,2024-11-30,2024-11-30 17:48:30,17
50041,רשת 13,2024-11-30,2024-11-30 17:48:45,17
50042,רשת 13,2024-11-30,2024-11-30 17:49:23,17
50043,רשת 13,2024-11-30,2024-11-30 17:49:58,17
50044,רשת 13,2024-11-30,2024-11-30 18:41:45,18
50045,רשת 13,2024-11-30,2024-11-30 18:42:56,18
50046,רשת 13,2024-11-30,2024-11-30 18:43:06,18
50047,רשת 13,2024-11-30,2024-11-30 18:43:14,18
50048,רשת 13,2024-11-30,2024-11-30 18:43:20,18
50049,רשת 13,2024-11-30,2024-11-30 18:43:26,18
50050,רשת 13,2024-11-30,2024-11-30 18:43:34,18
50051,רשת 13,2024-11-30,2024-11-30 18:44:24,18
50052,רשת 13,2024-11-30,2024-11-30 18:44:36,18
50053,רשת 13,2024-11-30,2024-11-30 18:44:57,18
50054,רשת 13,2024-11-30,2024-11-30 18:45:14,18
50055,רשת 13,2024-11-30,2024-11-30 18:45:25,18
50056,רשת 13,2024-11-30,2024-11-30 18:45:40,18
50057,רשת 13,2024-11-30,2024-11-30 18:46:08,18
50058,רשת 13,2024-11-30,2024-11-30 18:46:19,18
50059,רשת 13,2024-11-30,2024-11-30 18:46:40,18
50060,רשת 13,2024-11-30,2024-11-30 18:46:48,18
50061,רשת 13,2024-11-30,2024-11-30 18:46:58,18
50062,רשת 13,2024-11-30,2024-11-30 18:47:04,18
50063,רשת 13,2024-11-30,2024-11-30 18:47:16,18
50064,רשת 13,2024-11-30,2024-11-30 18:47:22,18
50065,רשת 13,2024-11-30,2024-11-30 18:47:55,18
50066,רשת 13,2024-11-30,2024-11-30 18:48:01,18
50067,רשת 13,2024-11-30,2024-11-30 18:48:11,18
50068,רשת 13,2024-11-30,2024-11-30 18:48:19,18
50069,רשת 13,2024-11-30,2024-11-30 18:48:29,18
50070,רשת 13,2024-11-30,2024-11-30 18:48:35,18
50071,רשת 13,2024-11-30,2024-11-30 18:48:43,18
50072,רשת 13,2024-11-30,2024-11-30 18:58:21,18
50073,רשת 13,2024-11-30,2024-11-30 19:02:25,19
50074,רשת 13,2024-11-30,2024-11-30 19:03:36,19
50075,רשת 13,2024-11-30,2024-11-30 19:03:46,19
50076,רשת 13,2024-11-30,2024-11-30 19:03:52,19
50077,רשת 13,2024-11-30,2024-11-30 19:03:58,19
50078,רשת 13,2024-11-30,2024-11-30 19:04:04,19
50079,רשת 13,2024-11-30,2024-11-30 19:04:12,19
50080,רשת 13,2024-11-30,2024-11-30 19:04:18,19
50081,רשת 13,2024-11-30,2024-11-30 19:04:28,19
50082,רשת 13,2024-11-30,2024-11-30 19:04:36,19
50083,רשת 13,2024-11-30,2024-11-30 19:05:26,19
50084,רשת 13,2024-11-30,2024-11-30 19:05:38,19
50085,רשת 13,2024-11-30,2024-11-30 19:06:00,19
50086,רשת 13,2024-11-30,2024-11-30 19:06:12,19
50087,רשת 13,2024-11-30,2024-11-30 19:06:35,19
50088,רשת 13,2024-11-30,2024-11-30 19:06:56,19
50089,רשת 13,2024-11-30,2024-11-30 19:07:17,19
50090,רשת 13,2024-11-30,2024-11-30 19:07:23,19
50091,רשת 13,2024-11-30,2024-11-30 19:07:31,19
50092,רשת 13,2024-11-30,2024-11-30 19:07:37,19
50093,רשת 13,2024-11-30,2024-11-30 19:07:43,19
50094,רשת 13,2024-11-30,2024-11-30 19:07:49,19
50095,רשת 13,2024-11-30,2024-11-30 19:07:59,19
50096,רשת 13,2024-11-30,2024-11-30 19:08:07,19
50097,רשת 13,2024-11-30,2024-11-30 19:08:13,19
50098,רשת 13,2024-11-30,2024-11-30 19:08:54,19
50099,רשת 13,2024-11-30,2024-11-30 19:25:33,19
50100,רשת 13,2024-11-30,2024-11-30 19:51:54,19
50101,רשת 13,2024-11-30,2024-11-30 19:52:45,19
50102,רשת 13,2024-11-30,2024-11-30 19:53:50,19
50103,רשת 13,2024-11-30,2024-11-30 20:45:25,20
50104,רשת 13,2024-11-30,2024-11-30 20:46:14,20
50105,רשת 13,2024-11-30,2024-11-30 20:46:22,20
50106,רשת 13,2024-11-30,2024-11-30 20:46:28,20
50107,רשת 13,2024-11-30,2024-11-30 20:46:38,20
50108,רשת 13,2024-11-30,2024-11-30 20:47:00,20
50109,רשת 13,2024-11-30,2024-11-30 20:47:11,20
50110,רשת 13,2024-11-30,2024-11-30 20:47:47,20
50111,רשת 13,2024-11-30,2024-11-30 20:48:10,20
50112,רשת 13,2024-11-30,2024-11-30 20:48:41,20
50113,רשת 13,2024-11-30,2024-11-30 20:48:56,20
50114,רשת 13,2024-11-30,2024-11-30 20:49:11,20
50115,רשת 13,2024-11-30,2024-11-30 20:49:41,20
50116,רשת 13,2024-11-30,2024-11-30 20:50:08,20
50117,רשת 13,2024-11-30,2024-11-30 20:50:44,20
50118,רשת 13,2024-11-30,2024-11-30 21:07:37,21
50119,רשת 13,2024-11-30,2024-11-30 21:08:26,21
50120,רשת 13,2024-11-30,2024-11-30 21:08:34,21
50121,רשת 13,2024-11-30,2024-11-30 21:08:40,21
50122,רשת 13,2024-11-30,2024-11-30 21:08:46,21
50123,רשת 13,2024-11-30,2024-11-30 21:08:56,21
50124,רשת 13,2024-11-30,2024-11-30 21:09:18,21
50125,רשת 13,2024-11-30,2024-11-30 21:10:11,21
50126,רשת 13,2024-11-30,2024-11-30 21:10:34,21
50127,רשת 13,2024-11-30,2024-11-30 21:11:25,21
50128,רשת 13,2024-11-30,2024-11-30 21:11:40,21
50129,רשת 13,2024-11-30,2024-11-30 21:12:00,21
50130,רשת 13,2024-11-30,2024-11-30 21:12:37,21
50131,רשת 13,2024-11-30,2024-11-30 21:13:19,21
50132,רשת 13,2024-11-30,2024-11-30 21:13:55,21
50133,רשת 13,2024-11-30,2024-11-30 21:29:01,21
50134,רשת 13,2024-11-30,2024-11-30 21:29:36,21
50135,רשת 13,2024-11-30,2024-11-30 22:02:09,22
50136,רשת 13,2024-11-30,2024-11-30 22:09:21,22
50137,רשת 13,2024-11-30,2024-11-30 22:10:10,22
50138,רשת 13,2024-11-30,2024-11-30 22:10:16,22
50139,רשת 13,2024-11-30,2024-11-30 22:10:22,22
50140,רשת 13,2024-11-30,2024-11-30 22:10:28,22
50141,רשת 13,2024-11-30,2024-11-30 22:10:36,22
50142,רשת 13,2024-11-30,2024-11-30 22:10:42,22
50143,רשת 13,2024-11-30,2024-11-30 22:10:48,22
50144,רשת 13,2024-11-30,2024-11-30 22:10:54,22
50145,רשת 13,2024-11-30,2024-11-30 22:11:00,22
50146,רשת 13,2024-11-30,2024-11-30 22:11:15,22
50147,רשת 13,2024-11-30,2024-11-30 22:11:51,22
50148,רשת 13,2024-11-30,2024-11-30 22:12:12,22
50149,רשת 13,2024-11-30,2024-11-30 22:12:34,22
50150,רשת 13,2024-11-30,2024-11-30 22:12:49,22
50151,רשת 13,2024-11-30,2024-11-30 22:13:42,22
50152,רשת 13,2024-11-30,2024-11-30 22:13:57,22
50153,רשת 13,2024-11-30,2024-11-30 22:14:08,22
50154,רשת 13,2024-11-30,2024-11-30 22:14:23,22
50155,רשת 13,2024-11-30,2024-11-30 22:15:12,22
50156,רשת 13,2024-11-30,2024-11-30 22:16:03,22
50157,רשת 13,2024-11-30,2024-11-30 22:16:24,22
50158,רשת 13,2024-11-30,2024-11-30 22:16:41,22
50159,רשת 13,2024-11-30,2024-11-30 22:16:56,22
50160,רשת 13,2024-11-30,2024-11-30 22:17:07,22
50161,רשת 13,2024-11-30,2024-11-30 22:17:44,22
50162,רשת 13,2024-11-30,2024-11-30 22:17:59,22
50163,רשת 13,2024-11-30,2024-11-30 22:18:33,22
50164,רשת 13,2024-11-30,2024-11-30 22:18:39,22
50165,רשת 13,2024-11-30,2024-11-30 22:18:45,22
50166,רשת 13,2024-11-30,2024-11-30 22:18:51,22
50167,רשת 13,2024-11-30,2024-11-30 22:18:57,22
50168,רשת 13,2024-11-30,2024-11-30 22:19:03,22
50169,רשת 13,2024-11-30,2024-11-30 22:19:09,22
50170,רשת 13,2024-11-30,2024-11-30 22:19:15,22
50171,רשת 13,2024-11-30,2024-11-30 22:19:21,22
50172,רשת 13,2024-11-30,2024-11-30 22:34:13,22
50173,רשת 13,2024-11-30,2024-11-30 22:42:41,22
50174,רשת 13,2024-11-30,2024-11-30 22:43:25,22
50175,רשת 13,2024-11-30,2024-11-30 22:43:30,22
50176,רשת 13,2024-11-30,2024-11-30 22:43:47,22
50177,רשת 13,2024-11-30,2024-11-30 22:44:14,22
50178,רשת 13,2024-11-30,2024-11-30 22:44:20,22
50179,רשת 13,2024-11-30,2024-11-30 22:44:26,22
50180,רשת 13,2024-11-30,2024-11-30 22:44:32,22
50181,רשת 13,2024-11-30,2024-11-30 22:44:38,22
50182,רשת 13,2024-11-30,2024-11-30 22:44:46,22
50183,רשת 13,2024-11-30,2024-11-30 22:44:52,22
50184,רשת 13,2024-11-30,2024-11-30 22:44:58,22
50185,רשת 13,2024-11-30,2024-11-30 22:45:04,22
50186,רשת 13,2024-11-30,2024-11-30 22:45:14,22
50187,רשת 13,2024-11-30,2024-11-30 22:45:29,22
50188,רשת 13,2024-11-30,2024-11-30 22:45:44,22
50189,רשת 13,2024-11-30,2024-11-30 22:46:21,22
50190,רשת 13,2024-11-30,2024-11-30 22:46:49,22
50191,רשת 13,2024-11-30,2024-11-30 22:47:10,22
50192,רשת 13,2024-11-30,2024-11-30 22:47:27,22
50193,רשת 13,2024-11-30,2024-11-30 22:47:42,22
50194,רשת 13,2024-11-30,2024-11-30 22:47:57,22
50195,רשת 13,2024-11-30,2024-11-30 22:48:27,22
50196,רשת 13,2024-11-30,2024-11-30 22:48:42,22
50197,רשת 13,2024-11-30,2024-11-30 22:49:10,22
50198,רשת 13,2024-11-30,2024-11-30 22:49:16,22
50199,רשת 13,2024-11-30,2024-11-30 22:49:22,22
50200,רשת 13,2024-11-30,2024-11-30 22:49:28,22
50201,רשת 13,2024-11-30,2024-11-30 22:49:34,22
50202,רשת 13,2024-11-30,2024-11-30 22:49:44,22
50203,רשת 13,2024-11-30,2024-11-30 22:49:50,22
50204,רשת 13,2024-11-30,2024-11-30 22:49:56,22
50205,רשת 13,2024-11-30,2024-11-30 22:50:02,22
50206,רשת 13,2024-11-30,2024-11-30 22:50:08,22
50207,רשת 13,2024-11-30,2024-11-30 23:06:53,23
50208,רשת 13,2024-11-30,2024-11-30 23:07:10,23
50209,רשת 13,2024-11-30,2024-11-30 23:07:56,23
50210,רשת 13,2024-11-30,2024-11-30 23:08:22,23
50211,רשת 13,2024-11-30,2024-11-30 23:08:33,23
50212,רשת 13,2024-11-30,2024-11-30 23:09:09,23
50213,רשת 13,2024-11-30,2024-11-30 23:10:02,23
50214,רשת 13,2024-11-30,2024-11-30 23:10:25,23
50215,רשת 13,2024-11-30,2024-11-30 23:10:46,23
50216,רשת 13,2024-11-30,2024-11-30 23:11:03,23
50217,רשת 13,2024-11-30,2024-11-30 23:11:31,23
50218,רשת 13,2024-11-30,2024-11-30 23:11:46,23
50219,רשת 13,2024-11-30,2024-11-30 23:12:01,23
50220,רשת 13,2024-11-30,2024-11-30 23:12:12,23
50221,רשת 13,2024-11-30,2024-11-30 23:12:27,23
50222,רשת 13,2024-11-30,2024-11-30 23:12:42,23
50223,רשת 13,2024-11-30,2024-11-30 23:13:02,23
50224,רשת 13,2024-11-30,2024-11-30 23:13:13,23
50225,רשת 13,2024-11-30,2024-11-30 23:13:28,23
50226,רשת 13,2024-11-30,2024-11-30 23:14:02,23
50227,רשת 13,2024-11-30,2024-11-30 23:14:08,23
50228,רשת 13,2024-11-30,2024-11-30 23:14:18,23
50229,רשת 13,2024-11-30,2024-11-30 23:14:26,23
50230,רשת 13,2024-11-30,2024-11-30 23:33:03,23
50231,רשת 13,2024-11-30,2024-11-30 23:33:46,23
50232,רשת 13,2024-11-30,2024-11-30 23:33:58,23
50233,רשת 13,2024-11-30,2024-11-30 23:34:06,23
50234,רשת 13,2024-11-30,2024-11-30 23:34:16,23
50235,רשת 13,2024-11-30,2024-11-30 23:34:22,23
50236,רשת 13,2024-11-30,2024-11-30 23:34:44,23
50237,רשת 13,2024-11-30,2024-11-30 23:34:59,23
50238,רשת 13,2024-11-30,2024-11-30 23:35:21,23
50239,רשת 13,2024-11-30,2024-11-30 23:36:12,23
50240,רשת 13,2024-11-30,2024-11-30 23:36:27,23
50241,רשת 13,2024-11-30,2024-11-30 23:36:38,23
50242,רשת 13,2024-11-30,2024-11-30 23:36:59,23
50243,רשת 13,2024-11-30,2024-11-30 23:37:23,23
50244,רשת 13,2024-11-30,2024-11-30 23:37:29,23
50245,רשת 13,2024-11-30,2024-11-30 23:37:35,23
50246,רשת 13,2024-11-30,2024-11-30 23:37:45,23
50247,רשת 13,2024-11-30,2024-11-30 23:37:51,23
50248,רשת 13,2024-11-30,2024-11-30 23:38:27,23
50249,רשת 13,2024-11-30,2024-11-30 23:39:13,23
50250,רשת 13,2024-11-30,2024-11-30 00:02:29,0
50251,רשת 13,2024-11-30,2024-11-30 00:02:35,0
50252,רשת 13,2024-11-30,2024-11-30 00:03:07,0
50253,רשת 13,2024-11-30,2024-11-30 00:03:13,0
50254,רשת 13,2024-11-30,2024-11-30 00:39:56,0
50255,רשת 13,2024-11-30,2024-11-30 00:40:40,0
50256,רשת 13,2024-11-30,2024-11-30 00:40:51,0
50257,רשת 13,2024-11-30,2024-11-30 00:40:57,0
50258,רשת 13,2024-11-30,2024-11-30 00:41:03,0
50259,רשת 13,2024-11-30,2024-11-30 00:41:27,0
50260,רשת 13,2024-11-30,2024-11-30 00:42:18,0
50261,רשת 13,2024-11-30,2024-11-30 00:42:55,0
50262,רשת 13,2024-11-30,2024-11-30 00:43:25,0
50263,רשת 13,2024-11-30,2024-11-30 00:43:40,0
50264,רשת 13,2024-11-30,2024-11-30 00:44:16,0
50265,רשת 13,2024-11-30,2024-11-30 00:44:31,0
50266,רשת 13,2024-11-30,2024-11-30 00:45:01,0
50267,רשת 13,2024-11-30,2024-11-30 00:45:07,0
50268,רשת 13,2024-11-30,2024-11-30 00:45:17,0
50269,רשת 13,2024-11-30,2024-11-30 00:45:23,0
50270,רשת 13,2024-11-30,2024-11-30 00:45:57,0
50271,רשת 13,2024-11-30,2024-11-30 00:46:35,0
50272,רשת 13,2024-11-30,2024-11-30 01:26:55,1
50273,רשת 13,2024-11-30,2024-11-30 01:27:01,1
50274,רשת 13,2024-11-30,2024-11-30 01:27:11,1
50275,רשת 13,2024-11-30,2024-11-30 01:27:54,1
50276,רשת 13,2024-11-30,2024-11-30 01:28:02,1
50277,רשת 13,2024-11-30,2024-11-30 01:28:38,1
50278,רשת 13,2024-11-30,2024-11-30 01:29:23,1
50279,רשת 13,2024-11-30,2024-11-30 01:29:48,1
50280,רשת 13,2024-11-30,2024-11-30 01:29:54,1
