{
  "method": "measured_detrended_pooled",
  "metadata": {
    "source_data": "data\\reference",
    "daily_input_dir": "data\\daily_input",
    "channels": 36,
    "total_breaks_measured": 5696,
    "negative_cells": 35,
    "before_after_window_minutes": 3,
    "detrended": true,
    "pooled": true,
    "pooling_method": "empirical_bayes",
    "between_cell_variance_tau2": 0.0004271136239380401,
    "pooled_within_variance": 0.03916639953017183,
    "learned_pseudo_count": 91.70018780729309,
    "series_layer_active": false,
    "series_gate_holdout": {
      "genre_rmse": 0.18983579994884628,
      "series_rmse": 0.2108623550363191,
      "n_test": 1139
    },
    "series_gate_reason": "series RMSE (0.21086) does not beat genre RMSE (0.18984) by the required 2% margin (actual improvement -11.1%); series layer omitted",
    "series_layer": false,
    "series_count": 0,
    "computed_at": "2026-06-17T17:26:29.439092+00:00",
    "source_fingerprints": {
      "data/reference/Spots.xlsx": "a540fe3bee3f6cb1a20ce5001e2489b07f1b7d7783e4c1cf0cd1d4a5b8cd1607",
      "data/reference/Programmes.xlsx": "00e23da271e8193387813cab852753a49605e11d87dce27b8f673a638a477ea3",
      "data/reference/Dayparts.xlsx": "77f69dd25143bf804736e1617021a4df1b3fa6b94a749ec07b90fc19c79f49e0"
    }
  },
  "coefficients": {
    "News_first_long": -0.031708837400069245,
    "News_first_short": -0.021171601727114298,
    "News_first_standard": -0.04240028023726472,
    "News_last_long": -0.04797080781394347,
    "News_last_short": -0.00893202112178948,
    "News_last_standard": -0.05034739607673999,
    "News_middle_long": -0.05115895482579513,
    "News_middle_short": -0.019993878921116592,
    "News_middle_standard": -0.04305705948880001,
    "Other_first_long": -0.04941024311789477,
    "Other_first_short": -0.030114076281816837,
    "Other_first_standard": -0.02687565413157944,
    "Other_last_long": -0.044297389139140164,
    "Other_last_short": 0.0,
    "Other_last_standard": -0.03082530528514449,
    "Other_middle_long": -0.029224502287096055,
    "Other_middle_short": -0.013143746076266893,
    "Other_middle_standard": -0.026020397747431256,
    "PrimeShow1_first_long": -0.030421019431838392,
    "PrimeShow1_first_short": -0.014834236366579434,
    "PrimeShow1_first_standard": -0.014712916185287916,
    "PrimeShow1_last_long": -0.024914905542000487,
    "PrimeShow1_last_short": -0.017400807855020184,
    "PrimeShow1_last_standard": -0.005219270230633732,
    "PrimeShow1_middle_long": -0.028005247055129634,
    "PrimeShow1_middle_short": -0.017964699220016533,
    "PrimeShow1_middle_standard": -0.02063572713596007,
    "PrimeShow2_first_long": -0.024508261055340652,
    "PrimeShow2_first_short": -0.044029818912769136,
    "PrimeShow2_first_standard": -0.01529787298439178,
    "PrimeShow2_last_long": -0.015364517240123776,
    "PrimeShow2_last_short": -0.014951434952026221,
    "PrimeShow2_last_standard": -0.011063285345961793,
    "PrimeShow2_middle_long": -0.03386442205454565,
    "PrimeShow2_middle_short": -0.004920641271982884,
    "PrimeShow2_middle_standard": -0.0204851088991429
  },
  "detail": {
    "News_first_long": {
      "channel_name": "News_first_long",
      "coefficient": -0.031708837400069245,
      "raw_delta": -0.031708837400069245,
      "n": 41,
      "ci_low": -0.06394577506065102,
      "ci_high": 0.001638313880668596
    },
    "News_first_short": {
      "channel_name": "News_first_short",
      "coefficient": -0.021171601727114298,
      "raw_delta": -0.021171601727114298,
      "n": 136,
      "ci_low": -0.046091892703764015,
      "ci_high": 0.004399717265348269
    },
    "News_first_standard": {
      "channel_name": "News_first_standard",
      "coefficient": -0.04240028023726472,
      "raw_delta": -0.04240028023726472,
      "n": 64,
      "ci_low": -0.07184700340422501,
      "ci_high": -0.012019325851472917
    },
    "News_last_long": {
      "channel_name": "News_last_long",
      "coefficient": -0.04797080781394347,
      "raw_delta": -0.04797080781394347,
      "n": 122,
      "ci_low": -0.07298501394063184,
      "ci_high": -0.02228162823207047
    },
    "News_last_short": {
      "channel_name": "News_last_short",
      "coefficient": -0.00893202112178948,
      "raw_delta": -0.00893202112178948,
      "n": 419,
      "ci_low": -0.025822147008008223,
      "ci_high": 0.008250942824313379
    },
    "News_last_standard": {
      "channel_name": "News_last_standard",
      "coefficient": -0.05034739607673999,
      "raw_delta": -0.05034739607673999,
      "n": 85,
      "ci_low": -0.07777061693479381,
      "ci_high": -0.022108724034805904
    },
    "News_middle_long": {
      "channel_name": "News_middle_long",
      "coefficient": -0.05115895482579513,
      "raw_delta": -0.05115895482579513,
      "n": 174,
      "ci_low": -0.07353288007847636,
      "ci_high": -0.028244705453187358
    },
    "News_middle_short": {
      "channel_name": "News_middle_short",
      "coefficient": -0.019993878921116592,
      "raw_delta": -0.019993878921116592,
      "n": 168,
      "ci_low": -0.043366392149775446,
      "ci_high": 0.0039496725505445696
    },
    "News_middle_standard": {
      "channel_name": "News_middle_standard",
      "coefficient": -0.04305705948880001,
      "raw_delta": -0.04305705948880001,
      "n": 87,
      "ci_low": -0.07053672420854074,
      "ci_high": -0.014764956028576193
    },
    "Other_first_long": {
      "channel_name": "Other_first_long",
      "coefficient": -0.04941024311789477,
      "raw_delta": -0.04941024311789477,
      "n": 529,
      "ci_low": -0.06411305728562611,
      "ci_high": -0.034476447263610766
    },
    "Other_first_short": {
      "channel_name": "Other_first_short",
      "coefficient": -0.030114076281816837,
      "raw_delta": -0.030114076281816837,
      "n": 369,
      "ci_low": -0.047511881518249144,
      "ci_high": -0.012398488995223889
    },
    "Other_first_standard": {
      "channel_name": "Other_first_standard",
      "coefficient": -0.02687565413157944,
      "raw_delta": -0.02687565413157944,
      "n": 295,
      "ci_low": -0.04591872750601067,
      "ci_high": -0.007452488773374122
    },
    "Other_last_long": {
      "channel_name": "Other_last_long",
      "coefficient": -0.044297389139140164,
      "raw_delta": -0.044297389139140164,
      "n": 236,
      "ci_low": -0.06460310451647444,
      "ci_high": -0.02355087469674988
    },
    "Other_last_short": {
      "channel_name": "Other_last_short",
      "coefficient": 0.0,
      "raw_delta": 0.005031559648857042,
      "n": 514,
      "ci_low": -0.010703566652205732,
      "ci_high": 0.0210169589635123
    },
    "Other_last_standard": {
      "channel_name": "Other_last_standard",
      "coefficient": -0.03082530528514449,
      "raw_delta": -0.03082530528514449,
      "n": 308,
      "ci_low": -0.049481983406871266,
      "ci_high": -0.011802435642098263
    },
    "Other_middle_long": {
      "channel_name": "Other_middle_long",
      "coefficient": -0.029224502287096055,
      "raw_delta": -0.029224502287096055,
      "n": 527,
      "ci_low": -0.044263647712245446,
      "ci_high": -0.013948705933500394
    },
    "Other_middle_short": {
      "channel_name": "Other_middle_short",
      "coefficient": -0.013143746076266893,
      "raw_delta": -0.013143746076266893,
      "n": 456,
      "ci_low": -0.02938729377214644,
      "ci_high": 0.0033716431482215814
    },
    "Other_middle_standard": {
      "channel_name": "Other_middle_standard",
      "coefficient": -0.026020397747431256,
      "raw_delta": -0.026020397747431256,
      "n": 358,
      "ci_low": -0.04370276899035175,
      "ci_high": -0.008011071408716597
    },
    "PrimeShow1_first_long": {
      "channel_name": "PrimeShow1_first_long",
      "coefficient": -0.030421019431838392,
      "raw_delta": -0.030421019431838392,
      "n": 41,
      "ci_low": -0.06270083191061904,
      "ci_high": 0.002970483240575028
    },