{
  "method": "measured_detrended_pooled",
  "metadata": {
    "source_data": "data\\reference",
    "daily_input_dir": "data\\daily_input",
    "channels": 36,
    "total_breaks_measured": 5211,
    "negative_cells": 35,
    "before_after_window_minutes": 3,
    "detrended": true,
    "pooled": true,
    "pooling_method": "empirical_bayes",
    "between_cell_variance_tau2": 0.0004926944327372254,
    "pooled_within_variance": 0.03880161428388591,
    "learned_pseudo_count": 78.75391257887512
  },
  "coefficients": {
    "News_first_long": -0.03133286287521775,
    "News_first_short": -0.020389982790027128,
    "News_first_standard": -0.04418697372323521,
    "News_last_long": -0.04987816421991831,
    "News_last_short": -0.010017124837009117,
    "News_last_standard": -0.05065286263625901,
    "News_middle_long": -0.05285710186736481,
    "News_middle_short": -0.019904419863890577,
    "News_middle_standard": -0.045392861906027204,
    "Other_first_long": -0.052934706095006945,
    "Other_first_short": -0.0345755507362856,
    "Other_first_standard": -0.034592105444557264,
    "Other_last_long": -0.04332619696813067,
    "Other_last_short": 0.0,
    "Other_last_standard": -0.024985306461245083,
    "Other_middle_long": -0.0294707891843331,
    "Other_middle_short": -0.015836986315214907,
    "Other_middle_standard": -0.029968297921690867,
    "PrimeShow1_first_long": -0.03329485421691136,
    "PrimeShow1_first_short": -0.01448800862613664,
    "PrimeShow1_first_standard": -0.013466376014954595,
    "PrimeShow1_last_long": -0.02522602004684449,
    "PrimeShow1_last_short": -0.014736273132125999,
    "PrimeShow1_last_standard": -0.0048558200053084866,
    "PrimeShow1_middle_long": -0.027202886767614953,
    "PrimeShow1_middle_short": -0.017457179916846255,
    "PrimeShow1_middle_standard": -0.020548896259370952,
    "PrimeShow2_first_long": -0.02238266170445513,
    "PrimeShow2_first_short": -0.0404643029881645,
    "PrimeShow2_first_standard": -0.013423629623572464,
    "PrimeShow2_last_long": -0.014428372373879395,
    "PrimeShow2_last_short": -0.009921194247029863,
    "PrimeShow2_last_standard": -0.009470722825361877,
    "PrimeShow2_middle_long": -0.03518692528149492,
    "PrimeShow2_middle_short": -0.00354976947997776,
    "PrimeShow2_middle_standard": -0.020420006598900753
  },
  "detail": {
    "News_first_long": {
      "channel_name": "News_first_long",
      "coefficient": -0.03133286287521775,
      "raw_delta": -0.03133286287521775,
      "n": 39,
      "ci_low": -0.06535879231654818,
      "ci_high": 0.003931792041545146
    },
    "News_first_short": {
      "channel_name": "News_first_short",
      "coefficient": -0.020389982790027128,
      "raw_delta": -0.020389982790027128,
      "n": 133,
      "ci_low": -0.04610998037113234,
      "ci_high": 0.006023510122782572
    },
    "News_first_standard": {
      "channel_name": "News_first_standard",
      "coefficient": -0.04418697372323521,
      "raw_delta": -0.04418697372323521,
      "n": 64,
      "ci_low": -0.07470355555480002,
      "ci_high": -0.01266394496077261
    },
    "News_last_long": {
      "channel_name": "News_last_long",
      "coefficient": -0.04987816421991831,
      "raw_delta": -0.04987816421991831,
      "n": 119,
      "ci_low": -0.0756850030943016,
      "ci_high": -0.02335079940479201
    },
    "News_last_short": {
      "channel_name": "News_last_short",
      "coefficient": -0.010017124837009117,
      "raw_delta": -0.010017124837009117,
      "n": 409,
      "ci_low": -0.027193928128026346,
      "ci_high": 0.007462968677855564
    },
    "News_last_standard": {
      "channel_name": "News_last_standard",
      "coefficient": -0.05065286263625901,
      "raw_delta": -0.05065286263625901,
      "n": 81,
      "ci_low": -0.07931782815602706,
      "ci_high": -0.021095428169684016
    },
    "News_middle_long": {
      "channel_name": "News_middle_long",
      "coefficient": -0.05285710186736481,
      "raw_delta": -0.05285710186736481,
      "n": 172,
      "ci_low": -0.0757238703718236,
      "ci_high": -0.029424605129670267
    },
    "News_middle_short": {
      "channel_name": "News_middle_short",
      "coefficient": -0.019904419863890577,
      "raw_delta": -0.019904419863890577,
      "n": 165,
      "ci_low": -0.043901561955516866,
      "ci_high": 0.004695027184685063
    },
    "News_middle_standard": {
      "channel_name": "News_middle_standard",
      "coefficient": -0.045392861906027204,
      "raw_delta": -0.045392861906027204,
      "n": 86,
      "ci_low": -0.07377938605256684,
      "ci_high": -0.01613635630907717
    },
    "Other_first_long": {
      "channel_name": "Other_first_long",
      "coefficient": -0.052934706095006945,
      "raw_delta": -0.052934706095006945,
      "n": 481,
      "ci_low": -0.06828020744205088,
      "ci_high": -0.037336463083062155
    },
    "Other_first_short": {
      "channel_name": "Other_first_short",
      "coefficient": -0.0345755507362856,
      "raw_delta": -0.0345755507362856,
      "n": 336,
      "ci_low": -0.05273113677750252,
      "ci_high": -0.016071990305433825
    },
    "Other_first_standard": {
      "channel_name": "Other_first_standard",
      "coefficient": -0.034592105444557264,
      "raw_delta": -0.034592105444557264,
      "n": 253,
      "ci_low": -0.05487633385809998,
      "ci_high": -0.013872537257953677
    },
    "Other_last_long": {
      "channel_name": "Other_last_long",
      "coefficient": -0.04332619696813067,
      "raw_delta": -0.04332619696813067,
      "n": 220,
      "ci_low": -0.06450007601178476,
      "ci_high": -0.021673073466771164
    },
    "Other_last_short": {
      "channel_name": "Other_last_short",
      "coefficient": 0.0,
      "raw_delta": 0.010126771171881543,
      "n": 464,
      "ci_low": -0.006493322449575123,
      "ci_high": 0.027024897662394354
    },
    "Other_last_standard": {
      "channel_name": "Other_last_standard",
      "coefficient": -0.024985306461245083,
      "raw_delta": -0.024985306461245083,
      "n": 259,
      "ci_low": -0.045289885462738266,
      "ci_high": -0.0042488938359636075
    },
    "Other_middle_long": {
      "channel_name": "Other_middle_long",
      "coefficient": -0.0294707891843331,
      "raw_delta": -0.0294707891843331,
      "n": 472,
      "ci_low": -0.04532367109008073,
      "ci_high": -0.013354662179584587
    },
    "Other_middle_short": {
      "channel_name": "Other_middle_short",
      "coefficient": -0.015836986315214907,
      "raw_delta": -0.015836986315214907,
      "n": 387,
      "ci_low": -0.03330888497662776,
      "ci_high": 0.0019506980590182632
    },
    "Other_middle_standard": {
      "channel_name": "Other_middle_standard",
      "coefficient": -0.029968297921690867,
      "raw_delta": -0.029968297921690867,
      "n": 289,
      "ci_low": -0.04933333880735258,
      "ci_high": -0.010208791947674323
    },
    "PrimeShow1_first_long": {
      "channel_name": "PrimeShow1_first_long",
      "coefficient": -0.03329485421691136,
      "raw_delta": -0.03329485421691136,
      "n": 36,
      "ci_low": -0.0676893479238081,
      "ci_high": 0.0023685096833263586
    },
    "PrimeShow1_first_short": {
      "channel_name": "PrimeShow1_first_short",
      "coefficient": -0.01448800862613664,
      "raw_delta": -0.01448800862613664,
      "n": 91,
      "ci_low": -0.04336214474774713,
      "ci_high": 0.015257633606372556
    },
    "PrimeShow1_first_standard": {
      "channel_name": "PrimeShow1_first_standard",
      "coefficient": -0.013466376014954595,
      "raw_delta": -0.013466376014954595,
      "n": 51,
      "ci_low": -0.04649137004698001,
      "ci_high": 0.020702446396336782
    },
    "PrimeShow1_last_long": {
      "channel_name": "PrimeShow1_last_long",
      "coefficient": -0.02522602004684449,
      "raw_delta": -0.02522602004684449,
      "n": 18,
      "ci_low": -0.06297092516554981,
      "ci_high": 0.0140393051961476
    },